code;titre;traduction;paragraphes;fichier
47-0412;La Foi Est l'Assurance;SHEKINAH;106;47-0412 - La Foi Est l'Assurance.txt
47-1100;Communion;SHEKINAH;1;47-1100 - Communion.txt
47-1102;L'Ange de Dieu (L'Ange et Sa Commission);SHEKINAH;51;47-1102 - L'Ange de Dieu (L'Ange et Sa Commission).txt
47-1123;Les Enfants d’Israël (Les enfants dans le désert);SHEKINAH;5;47-1123 - Les Enfants d’Israël (Les enfants dans le désert).txt
47-1207;Expériences #1;SHEKINAH;97;47-1207 - Expériences #1.txt
47-1221;Expériences #2;SHEKINAH;24;47-1221 - Expériences #2.txt
48-0000;Ligne De Prière;SHEKINAH;27;48-0000 - Ligne De Prière.txt
48-0302;Expériences;SHEKINAH;147;48-0302 - Expériences.txt
48-0304;L'Ange De Dieu;SHEKINAH;61;48-0304 - L'Ange De Dieu.txt
48-0305;Sur Ta Parole, Seigneur;SHEKINAH;50;48-0305 - Sur Ta Parole, Seigneur.txt
49-0718;Je N'ai Point Été Désobéissant À La Vision Céleste;SHEKINAH;33;49-0718 - Je N'ai Point Été Désobéissant À La Vision Céleste.txt
49-1225;La Divinité De Jésus-Christ;SHEKINAH;148;49-1225 - La Divinité De Jésus-Christ.txt
50-0100;Les Maladies et les Afflictions;SHEKINAH;177;50-0100 - Les Maladies et les Afflictions.txt
50-0110;La Commission De Moise, (L'explication De Deux Signes);SHEKINAH;53;50-0110 - La Commission De Moise, (L'explication De Deux Signes).txt
50-0115;Crois-Tu Cela?;SHEKINAH;67;50-0115 - Crois-Tu Cela.txt
50-0200;Nous N’avons Point Ici-Bas De Cité Permanente;SHEKINAH;70;50-0200 - Nous N’avons Point Ici-Bas De Cité Permanente.txt
50-0227;Dieu Dans Son Peuple;SHEKINAH;35;50-0227 - Dieu Dans Son Peuple.txt
50-0300;Les Dons Et Les Appels Sont Sans Repentir;SHEKINAH;36;50-0300 - Les Dons Et Les Appels Sont Sans Repentir.txt
50-0405;Expectative;SHEKINAH;87;50-0405 - Expectative.txt
50-0409;Service De Baptême;SHEKINAH;8;50-0409 - Service De Baptême.txt
50-0711;Le Ministère Expliqué;SHEKINAH;55;50-0711 - Le Ministère Expliqué.txt
50-0713;Obéis À La Voix De l’Ange;SHEKINAH;10;50-0713 - Obéis À La Voix De l’Ange.txt
50-0714;Sur Ta Parole;SHEKINAH;46;50-0714 - Sur Ta Parole.txt
50-0715;Conduit Par l'Esprit;SHEKINAH;33;50-0715 - Conduit Par l'Esprit.txt
50-0716;Crois-Tu Cela?;SHEKINAH;91;50-0716 - Crois-Tu Cela.txt
50-0808;La Guérison Et Ce Qu'est La Maladie;SHEKINAH;24;50-0808 - La Guérison Et Ce Qu'est La Maladie.txt
50-0810;Expectative;SHEKINAH;5;50-0810 - Expectative.txt
50-0811;La Piscine De Bethesda;SHEKINAH;35;50-0811 - La Piscine De Bethesda.txt
50-0813A;La Resurrection de Lazare;SHEKINAH;59;50-0813A - La Resurrection de Lazare.txt
50-0813E;Dieu Se Révèle À Son Peuple;SHEKINAH;70;50-0813E - Dieu Se Révèle À Son Peuple.txt
50-0814;Témoignage;SHEKINAH;49;50-0814 - Témoignage.txt
50-0815;L'Attitude Et Qui Est Dieu?;SHEKINAH;60;50-0815 - L'Attitude Et Qui Est Dieu.txt
50-0816;Regarder À l’Invisible;SHEKINAH;46;50-0816 - Regarder À l’Invisible.txt
50-0818;Il En Sera Comme Il M’a Été Dit;SHEKINAH;67;50-0818 - Il En Sera Comme Il M’a Été Dit.txt
50-0819;Montre-Nous Le Père Et Cela Nous Suffit;SHEKINAH;71;50-0819 - Montre-Nous Le Père Et Cela Nous Suffit.txt
50-0820A;Histoire De Ma Vie;SHEKINAH;132;50-0820A - Histoire De Ma Vie.txt
50-0820E;Croyez-Vous Que Je Puisse Faire Cela?;SHEKINAH;79;50-0820E - Croyez-Vous Que Je Puisse Faire Cela.txt
50-0821;L’Ange Et La Commission;SHEKINAH;73;50-0821 - L’Ange Et La Commission.txt
50-0822;La Foi Sans Les Œuvres Est Morte;SHEKINAH;68;50-0822 - La Foi Sans Les Œuvres Est Morte.txt
50-0823;Témoignage;SHEKINAH;66;50-0823 - Témoignage.txt
50-0824;Et À Qui Le Bras De L'Éternel A-T-Il Été Révélé ?;SHEKINAH;46;50-0824 - Et À Qui Le Bras De L'Éternel A-T-Il Été Révélé.txt
50-0827A;Enfant Prodigue;SHEKINAH;55;50-0827A - Enfant Prodigue.txt
50-0827E;Prends La Verge Et Convoque l’Assemblée;SHEKINAH;5;50-0827E - Prends La Verge Et Convoque l’Assemblée.txt
51-0413;Les Œuvres Que Je Fais Rendent Témoignage De Moi;SHEKINAH;53;51-0413 - Les Œuvres Que Je Fais Rendent Témoignage De Moi.txt
51-0414;L'Ange Et Les Trois Pulls;SHEKINAH;43;51-0414 - L'Ange Et Les Trois Pulls.txt
51-0415A;Histoire De Ma Vie;SHEKINAH;126;51-0415A - Histoire De Ma Vie.txt
51-0415E;L'Heure Est Venue;SHEKINAH;53;51-0415E - L'Heure Est Venue.txt
51-0501;Exhortation Sur La Guérison Divine;SHEKINAH;73;51-0501 - Exhortation Sur La Guérison Divine.txt
51-0502;L'Ange de l’Éternel;SHEKINAH;72;51-0502 - L'Ange de l’Éternel.txt
51-0503;Je Serai Avec Toi, Comme J’ai Été Avec Moïse;SHEKINAH;56;51-0503 - Je Serai Avec Toi, Comme J’ai Été Avec Moïse.txt
51-0505;Ma Commission;SHEKINAH;91;51-0505 - Ma Commission.txt
51-0506A;Crois-Tu Cela?;SHEKINAH;54;51-0506A - Crois-Tu Cela.txt
51-0506E;Sur Ta Parole;SHEKINAH;53;51-0506E - Sur Ta Parole.txt
51-0507;Expectative;SHEKINAH;45;51-0507 - Expectative.txt
51-0508;La Foi Est Une Ferme Assurance;SHEKINAH;86;51-0508 - La Foi Est Une Ferme Assurance.txt
51-0509;Témoignage;SHEKINAH;97;51-0509 - Témoignage.txt
51-0714;Expectative;SHEKINAH;71;51-0714 - Expectative.txt
51-0717;La Manifestation De l’Esprit;SHEKINAH;74;51-0717 - La Manifestation De l’Esprit.txt
51-0718;L’Ange Du Seigneur;SHEKINAH;59;51-0718 - L’Ange Du Seigneur.txt
51-0719;Qui A Cru À Ce Qui Nous Était Annoncé?;SHEKINAH;59;51-0719 - Qui A Cru À Ce Qui Nous Était Annoncé.txt
51-0720;L’Ange De Dieu;SHEKINAH;57;51-0720 - L’Ange De Dieu.txt
51-0721;La Vie Des Demons Et Les Visions;SHEKINAH;40;51-0721 - La Vie Des Demons Et Les Visions.txt
51-0722A;Histoire De Ma Vie;SHEKINAH;105;51-0722A - Histoire De Ma Vie.txt
51-0722E;Le Second Miracle;SHEKINAH;20;51-0722E - Le Second Miracle.txt
51-0727;La Seule Vraie Église Vivante;SHEKINAH;91;51-0727 - La Seule Vraie Église Vivante.txt
51-0728;Trois Témoins;SHEKINAH;80;51-0728 - Trois Témoins.txt
51-0729A;La Résurrection De Lazare;SHEKINAH;100;51-0729A - La Résurrection De Lazare.txt
51-0729E;Le Second Miracle;SHEKINAH;88;51-0729E - Le Second Miracle.txt
51-0923;Les Principes De La Guérison Divine;SHEKINAH;104;51-0923 - Les Principes De La Guérison Divine.txt
51-0928;Par Ta Parole;SHEKINAH;71;51-0928 - Par Ta Parole.txt
51-0929;Notre Espoir Repose En Dieu;SHEKINAH;63;51-0929 - Notre Espoir Repose En Dieu.txt
51-0930A;Que Pensez-Vous Du Christ?;SHEKINAH;126;51-0930A - Que Pensez-Vous Du Christ.txt
51-0930E;Expectative;SHEKINAH;81;51-0930E - Expectative.txt
51-1003;Crois-Tu Cela?;SHEKINAH;76;51-1003 - Crois-Tu Cela.txt
52-0224;Croire En Dieu;SHEKINAH;183;52-0224 - Croire En Dieu.txt
52-0713A;Les Premières Expériences Spirituelles;SHEKINAH;67;52-0713A - Les Premières Expériences Spirituelles.txt
52-0713E;Dieu Rend Témoignage À Ses Dons;SHEKINAH;90;52-0713E - Dieu Rend Témoignage À Ses Dons.txt
52-0715;La Foi Dans Le Fils De Dieu;SHEKINAH;76;52-0715 - La Foi Dans Le Fils De Dieu.txt
52-0716;Tu Connais Toutes Choses;SHEKINAH;74;52-0716 - Tu Connais Toutes Choses.txt
52-0717;Amène Les Gens À Croire;SHEKINAH;72;52-0717 - Amène Les Gens À Croire.txt
52-0718;C'Est Par Egard Pour Lui Seul;SHEKINAH;56;52-0718 - C'Est Par Egard Pour Lui Seul.txt
52-0719;Faites Dans Cette Vallée Des Fosses;SHEKINAH;37;52-0719 - Faites Dans Cette Vallée Des Fosses.txt
52-0720A;Histoire De Ma Vie;SHEKINAH;165;52-0720A - Histoire De Ma Vie.txt
52-0720E;Qui A Cru À Ce Qui Nous Était Annoncé?;SHEKINAH;49;52-0720E - Qui A Cru À Ce Qui Nous Était Annoncé.txt
52-0725;La Foi (Un Rapport Sur Le Voyage En Afrique);SHEKINAH;87;52-0725 - La Foi (Un Rapport Sur Le Voyage En Afrique).txt
52-0726;Les Expériences;SHEKINAH;79;52-0726 - Les Expériences.txt
52-0727;Être Conduit Par Le Saint-Esprit;SHEKINAH;46;52-0727 - Être Conduit Par Le Saint-Esprit.txt
52-0809;La Profondeur Appelle La Profondeur;SHEKINAH;24;52-0809 - La Profondeur Appelle La Profondeur.txt
52-0810A;Je Suis La Résurrection Et La Vie;SHEKINAH;61;52-0810A - Je Suis La Résurrection Et La Vie.txt
52-0810E;Jésus-Christ Est Le Même Hier, Aujourd’hui Et Éternellement;SHEKINAH;69;52-0810E - Jésus-Christ Est Le Même Hier, Aujourd’hui Et Éternellement.txt
52-0816;Comment La Foi Agit;SHEKINAH;74;52-0816 - Comment La Foi Agit.txt
52-0817A;Expectative;SHEKINAH;47;52-0817A - Expectative.txt
52-0817E;Vous Croyez Maintenant?;SHEKINAH;76;52-0817E - Vous Croyez Maintenant.txt
52-0900;La Voie De Dieu Qui A Eté Frayée Pour Nous;SHEKINAH;247;52-0900 - La Voie De Dieu Qui A Eté Frayée Pour Nous.txt
52-1027;Jésus-Christ Est Le Même Hier, Aujourd’hui Et Éternellement;SHEKINAH;45;52-1027 - Jésus-Christ Est Le Même Hier, Aujourd’hui Et Éternellement.txt
53-0215;Jésus-Christ est le même hier, aujourd'hui, et éternellement;SHEKINAH;36;53-0215 - Jésus-Christ est le même hier, aujourd'hui, et éternellement.txt
53-0215E;Une Ligne de Prière;SHEKINAH;24;53-0215E - Une Ligne de Prière.txt
53-0216;Mon Ange Marchera Devant Toi;SHEKINAH;43;53-0216 - Mon Ange Marchera Devant Toi.txt
53-0217;Crois Seulement (Expectative);SHEKINAH;10;53-0217 - Crois Seulement (Expectative).txt
53-0218;Toutes Choses Sont Possible A Celui Qui Croit (Une Ligne De Prière);SHEKINAH;24;53-0218 - Toutes Choses Sont Possible A Celui Qui Croit (Une Ligne De Prière).txt
53-0219;Accepter Le Don De Dieu (Les Oeuvres Que Je Fais Rendent Témoignage);SHEKINAH;19;53-0219 - Accepter Le Don De Dieu (Les Oeuvres Que Je Fais Rendent Témoignage).txt
53-0325;Israël En Egypte;SHEKINAH;31;53-0325 - Israël En Egypte.txt
53-0326;Israël À La Mer Rouge, 1è Partie;SHEKINAH;189;53-0326 - Israël À La Mer Rouge, 1è Partie.txt
53-0327;Israël A La Mer Rouge #2;SHEKINAH;234;53-0327 - Israël A La Mer Rouge #2.txt
53-0328;Israël À Kadès-Barnéa (Israël Devant Le Serpent D’airain);SHEKINAH;243;53-0328 - Israël À Kadès-Barnéa (Israël Devant Le Serpent D’airain).txt
53-0329;Israël dans sa patrie;SHEKINAH;135;53-0329 - Israël dans sa patrie.txt
53-0403;La Cruauté Du Péché Et La Peine Que Cela A Coutée Pour Delivrer Nos Vies Du Péché;SHEKINAH;219;53-0403 - La Cruauté Du Péché Et La Peine Que Cela A Coutée Pour Delivrer Nos Vi.txt
53-0405E;Les Témoins;SHEKINAH;267;53-0405E - Les Témoins.txt
53-0405M;Prière;SHEKINAH;1;53-0405M - Prière.txt
53-0405S;Allez Dire À Mes Disciples;SHEKINAH;315;53-0405S - Allez Dire À Mes Disciples.txt
53-0500;Ligne De Prière;SHEKINAH;18;53-0500 - Ligne De Prière.txt
53-0506;Jésus-Christ Est Le Même Hier, Aujourd’hui Et Eternellement;SHEKINAH;44;53-0506 - Jésus-Christ Est Le Même Hier, Aujourd’hui Et Eternellement.txt
53-0507;Expectative;SHEKINAH;68;53-0507 - Expectative.txt
53-0508;Dieu Commissionnant Moïse;SHEKINAH;94;53-0508 - Dieu Commissionnant Moïse.txt
53-0509;La Colonne de Feu;SHEKINAH;87;53-0509 - La Colonne de Feu.txt
53-0510;Témoignage;SHEKINAH;62;53-0510 - Témoignage.txt
53-0511;Nous L’avons Trouvé, Viens Et Vois;SHEKINAH;39;53-0511 - Nous L’avons Trouvé, Viens Et Vois.txt
53-0512;Parle À Ce Rocher;SHEKINAH;72;53-0512 - Parle À Ce Rocher.txt
53-0513;La Voie À Laquelle Dieu A Pourvue;SHEKINAH;49;53-0513 - La Voie À Laquelle Dieu A Pourvue.txt
53-0531;À La Recherche De Jésus;SHEKINAH;55;53-0531 - À La Recherche De Jésus.txt
53-0600;Ligne De Prière;SHEKINAH;1;53-0600 - Ligne De Prière.txt
53-0601;Faîtes Ce Qu’il Vous Dira;SHEKINAH;41;53-0601 - Faîtes Ce Qu’il Vous Dira.txt
53-0602;L’autorité de la Parole;SHEKINAH;5;53-0602 - L’autorité de la Parole.txt
53-0603;Dieu Commissionnant Moïse;SHEKINAH;55;53-0603 - Dieu Commissionnant Moïse.txt
53-0604;L’Ange Du Seigneur;SHEKINAH;57;53-0604 - L’Ange Du Seigneur.txt
53-0605;Le Début De La Renommée De Jésus;SHEKINAH;50;53-0605 - Le Début De La Renommée De Jésus.txt
53-0606;Une Bannière;SHEKINAH;54;53-0606 - Une Bannière.txt
53-0607A;Le Ministère De Christ;SHEKINAH;73;53-0607A - Le Ministère De Christ.txt
53-0607E;Un Témoignage;SHEKINAH;47;53-0607E - Un Témoignage.txt
53-0608A;Démonologie, domaine physique;SHEKINAH;109;53-0608A - Démonologie, domaine physique.txt
53-0608E;Sur Ta Parole;SHEKINAH;38;53-0608E - Sur Ta Parole.txt
53-0609A;Démonologie, domaine religieux;SHEKINAH;243;53-0609A - Démonologie, domaine religieux.txt
53-0609E;Faites Dans Cette Vallée Des Fosses, Des Fosses;SHEKINAH;41;53-0609E - Faites Dans Cette Vallée Des Fosses, Des Fosses.txt
53-0610;Jésus-Christ Est Le Même Hier, Aujourd'hui Et Éternellement;SHEKINAH;87;53-0610 - Jésus-Christ Est Le Même Hier, Aujourd'hui Et Éternellement.txt
53-0611;Montre-Nous Le Père Et Cela Nous Suffit;SHEKINAH;113;53-0611 - Montre-Nous Le Père Et Cela Nous Suffit.txt
53-0612;Le Gazam, La Sauterelle, Le Jélek Et Le Hazil;SHEKINAH;10;53-0612 - Le Gazam, La Sauterelle, Le Jélek Et Le Hazil.txt
53-0613;La Voie À Laquelle Dieu A Pourvue;SHEKINAH;14;53-0613 - La Voie À Laquelle Dieu A Pourvue.txt
53-0614;Je vois que Tu es Prophete;SHEKINAH;66;53-0614 - Je vois que Tu es Prophete.txt
53-0614A;Combattre Ardemment Pour La Foi Qui A Eté Transmise Aux Saints Une Fois Pour Toutes;SHEKINAH;40;53-0614A - Combattre Ardemment Pour La Foi Qui A Eté Transmise Aux Saints Une Foi.txt
53-0729;Questions Et Réponses Sur La Genèse;SHEKINAH;285;53-0729 - Questions Et Réponses Sur La Genèse.txt
53-0800;Le Prophète du  20e Siècle;SHEKINAH;20;53-0800 - Le Prophète du 20e Siècle.txt
53-0829;Le Témoignage De Jésus-Christ;SHEKINAH;88;53-0829 - Le Témoignage De Jésus-Christ.txt
53-0830A;Pourquoi Je Suis Un Saint Exalté;SHEKINAH;84;53-0830A - Pourquoi Je Suis Un Saint Exalté.txt
53-0830E;Viens, et vois;SHEKINAH;51;53-0830E - Viens, et vois.txt
53-0831;Dieu Parla À Moïse;SHEKINAH;84;53-0831 - Dieu Parla À Moïse.txt
53-0901;Seigneur, Je Crois;SHEKINAH;50;53-0901 - Seigneur, Je Crois.txt
53-0902;Le Témoignage;SHEKINAH;87;53-0902 - Le Témoignage.txt
53-0903;L’Expectative;SHEKINAH;66;53-0903 - L’Expectative.txt
53-0904;La Guérison;SHEKINAH;63;53-0904 - La Guérison.txt
53-0905;La Foi Sans Les Oeuvres Est Morte;SHEKINAH;81;53-0905 - La Foi Sans Les Oeuvres Est Morte.txt
53-0906A;Crois-Tu Cela?;SHEKINAH;105;53-0906A - Crois-Tu Cela.txt
53-0906E;Jésus-Christ, Le Vivant;SHEKINAH;75;53-0906E - Jésus-Christ, Le Vivant.txt
53-0907A;Seigneur, Montre-Nous Le Père, Et Cela Nous Suffit;SHEKINAH;107;53-0907A - Seigneur, Montre-Nous Le Père, Et Cela Nous Suffit.txt
53-0907E;Une Ligne De Guérison;SHEKINAH;52;53-0907E - Une Ligne De Guérison.txt
53-1018;Élie;SHEKINAH;72;53-1018 - Élie.txt
53-1100;Ligne De Prière;SHEKINAH;14;53-1100 - Ligne De Prière.txt
53-1103;Prendre Dieu au mot;SHEKINAH;14;53-1103 - Prendre Dieu au mot.txt
53-1104;La Profondeur Appelle La Profondeur;SHEKINAH;45;53-1104 - La Profondeur Appelle La Profondeur.txt
53-1106;Vous Croyez Maintenant?;SHEKINAH;74;53-1106 - Vous Croyez Maintenant.txt
53-1107A;Jésus-Christ Est Le Même Hier, Aujourd’hui Et Éternellement;SHEKINAH;81;53-1107A - Jésus-Christ Est Le Même Hier, Aujourd’hui Et Éternellement.txt
53-1108A;Histoire De Ma Vie;SHEKINAH;99;53-1108A - Histoire De Ma Vie.txt
53-1108E;L’Expectative;SHEKINAH;55;53-1108E - L’Expectative.txt
53-1109;Comment L’Ange Est Venu Vers Moi;SHEKINAH;75;53-1109 - Comment L’Ange Est Venu Vers Moi.txt
53-1110;Je Restaurerai;SHEKINAH;73;53-1110 - Je Restaurerai.txt
53-1111;La Préparation;SHEKINAH;112;53-1111 - La Préparation.txt
53-1112;La Démonologie;SHEKINAH;66;53-1112 - La Démonologie.txt
53-1114;Compte Rendu Du Voyage En Afrique;SHEKINAH;87;53-1114 - Compte Rendu Du Voyage En Afrique.txt
53-1115E;Un Plus Grand Témoignage;SHEKINAH;59;53-1115E - Un Plus Grand Témoignage.txt
53-1115M;Parle Au Rocher;SHEKINAH;97;53-1115M - Parle Au Rocher.txt
53-1118;Une Ligne De Prière;SHEKINAH;87;53-1118 - Une Ligne De Prière.txt
53-1120;La Démonologie;SHEKINAH;49;53-1120 - La Démonologie.txt
53-1121;Le Serpent D’Airain;SHEKINAH;52;53-1121 - Le Serpent D’Airain.txt
53-1122;La Résurrection De Lazare;SHEKINAH;95;53-1122 - La Résurrection De Lazare.txt
53-1127;Ligne De Prière;SHEKINAH;14;53-1127 - Ligne De Prière.txt
53-1129A;La Foi Qui A Eté Transmise Aux Saints Une Fois Pour Toutes;SHEKINAH;141;53-1129A - La Foi Qui A Eté Transmise Aux Saints Une Fois Pour Toutes.txt
53-1129E;Le Témoignage;SHEKINAH;93;53-1129E - Le Témoignage.txt
53-1130;L'Eternel n'a-t-il parlé qu'à Moise ?;SHEKINAH;78;53-1130 - L'Eternel n'a-t-il parlé qu'à Moise.txt
53-1201;La Voie À Laquelle Dieu A Pourvue;SHEKINAH;95;53-1201 - La Voie À Laquelle Dieu A Pourvue.txt
53-1203;Le Témoignage;SHEKINAH;90;53-1203 - Le Témoignage.txt
53-1204;Sur Ta Parole;SHEKINAH;87;53-1204 - Sur Ta Parole.txt
53-1205;La Résurrection;SHEKINAH;111;53-1205 - La Résurrection.txt
53-1206A;Histoire De Ma Vie;SHEKINAH;10;53-1206A - Histoire De Ma Vie.txt
53-1206E;Vous Croyez Maintenant?;SHEKINAH;95;53-1206E - Vous Croyez Maintenant.txt
53-1212;L’homme Intérieur;SHEKINAH;98;53-1212 - L’homme Intérieur.txt
53-1213E;Les Exploits de la Foi;SHEKINAH;99;53-1213E - Les Exploits de la Foi.txt
53-1213M;Que Pensez-vous de Christ ?;SHEKINAH;58;53-1213M - Que Pensez-vous de Christ.txt
54-0103E;Questions Et Réponses #2;SHEKINAH;218;54-0103E - Questions Et Réponses #2.txt
54-0103M;Questions Et Réponses #1;SHEKINAH;277;54-0103M - Questions Et Réponses #1.txt
54-0216;Jaïrus Et La Guérison Divine;SHEKINAH;74;54-0216 - Jaïrus Et La Guérison Divine.txt
54-0217;Jésus Se Tenant Sur L’autorité De La Parole;SHEKINAH;80;54-0217 - Jésus Se Tenant Sur L’autorité De La Parole.txt
54-0220;L’Expectative;SHEKINAH;82;54-0220 - L’Expectative.txt
54-0221;Sur Ta Parole, Seigneur;SHEKINAH;55;54-0221 - Sur Ta Parole, Seigneur.txt
54-0228A;L’Expectative;SHEKINAH;103;54-0228A - L’Expectative.txt
54-0228E;Chercher Jésus;SHEKINAH;80;54-0228E - Chercher Jésus.txt
54-0301;L’Ange De L’Alliance;SHEKINAH;83;54-0301 - L’Ange De L’Alliance.txt
54-0302;La Résurrection de la fille de Jaïrus;SHEKINAH;71;54-0302 - La Résurrection de la fille de Jaïrus.txt
54-0303;Les Témoins;SHEKINAH;86;54-0303 - Les Témoins.txt
54-0304;ELIE ET ELISEE;SHEKINAH;76;54-0304 - ELIE ET ELISEE.txt
54-0305;LA VOIE POURVUE PAR DIEU POUR TRAITER LE PECHE;SHEKINAH;67;54-0305 - LA VOIE POURVUE PAR DIEU POUR TRAITER LE PECHE.txt
54-0306;L’ALLIANCE INCONDITIONNELLE;SHEKINAH;108;54-0306 - L’ALLIANCE INCONDITIONNELLE.txt
54-0307;LE TEMPS DE LA FIN;SHEKINAH;78;54-0307 - LE TEMPS DE LA FIN.txt
54-0307E;Vous Croyez Maintenant?;SHEKINAH;77;54-0307E - Vous Croyez Maintenant.txt
54-0314;Pourquoi Je Prie Pour Les Malades;SHEKINAH;85;54-0314 - Pourquoi Je Prie Pour Les Malades.txt
54-0320;LA FOI VIENT DE CE QU’ON ENTEND;SHEKINAH;110;54-0320 - LA FOI VIENT DE CE QU’ON ENTEND.txt
54-0321;Que Pensez-Vous Du Christ?;SHEKINAH;52;54-0321 - Que Pensez-Vous Du Christ.txt
54-0328;Messieurs, Nous Voudrions Voir Jésus;SHEKINAH;55;54-0328 - Messieurs, Nous Voudrions Voir Jésus.txt
54-0329;LA REDEMPTION PAR LA PUISSANCE (LA REDEMPTION PAR LE SANG);SHEKINAH;225;54-0329 - LA REDEMPTION PAR LA PUISSANCE (LA REDEMPTION PAR LE SANG).txt
54-0330;La Rédemption Dans Sa Totalité, Dans La Joie;SHEKINAH;236;54-0330 - La Rédemption Dans Sa Totalité, Dans La Joie.txt
54-0331;La Résurrection De La Fille De Jaïrus;SHEKINAH;69;54-0331 - La Résurrection De La Fille De Jaïrus.txt
54-0401;La Préparation De Dieu;SHEKINAH;97;54-0401 - La Préparation De Dieu.txt
54-0402;Aveugle Bartimée;SHEKINAH;46;54-0402 - Aveugle Bartimée.txt
54-0403;La Main De l’Éternel Fut Sur Élisée;SHEKINAH;78;54-0403 - La Main De l’Éternel Fut Sur Élisée.txt
54-0404E;Dieu A Une Voie À Laquelle Il A Pourvue;SHEKINAH;195;54-0404E - Dieu A Une Voie À Laquelle Il A Pourvue.txt
54-0404M;Combattre Ardemment Pour La Foi;SHEKINAH;68;54-0404M - Combattre Ardemment Pour La Foi.txt
54-0411;Ta Foi T’a Sauvé;SHEKINAH;32;54-0411 - Ta Foi T’a Sauvé.txt
54-0509;Invasion des Etats-Unis;SHEKINAH;267;54-0509 - Invasion des Etats-Unis.txt
54-0512;LES SEPT AGES DE L'EGLISE;SHEKINAH;165;54-0512 - LES SEPT AGES DE L'EGLISE.txt
54-0513;La Marque De La Bête;SHEKINAH;279;54-0513 - La Marque De La Bête.txt
54-0514;LE SCEAU DE DIEU;SHEKINAH;305;54-0514 - LE SCEAU DE DIEU.txt
54-0515;QUESTIONS ET REPONSES (SUR L’IMAGE DE LA BETE);SHEKINAH;365;54-0515 - QUESTIONS ET REPONSES (SUR L’IMAGE DE LA BETE).txt
54-0516;Questions Et Réponses;SHEKINAH;104;54-0516 - Questions Et Réponses.txt
54-0619;Une Ligne De Prière;SHEKINAH;39;54-0619 - Une Ligne De Prière.txt
54-0620;Je Restaurerai;SHEKINAH;43;54-0620 - Je Restaurerai.txt
54-0620E;La Guérison Divine;SHEKINAH;83;54-0620E - La Guérison Divine.txt
54-0624;La Profondeur Appelle La Profondeur;SHEKINAH;65;54-0624 - La Profondeur Appelle La Profondeur.txt
54-0718A;Le Grand Réveil Imminent Et L’effusion Du Saint-Esprit;SHEKINAH;62;54-0718A - Le Grand Réveil Imminent Et L’effusion Du Saint-Esprit.txt
54-0718E;Voir Jésus;SHEKINAH;85;54-0718E - Voir Jésus.txt
54-0719A;La Voie À Laquelle Dieu A Pourvue Pour La Guérison;SHEKINAH;13;54-0719A - La Voie À Laquelle Dieu A Pourvue Pour La Guérison.txt
54-0719E;Dieu A Pourvu À La Guérison Pour Cette Génération;SHEKINAH;72;54-0719E - Dieu A Pourvu À La Guérison Pour Cette Génération.txt
54-0720A;Le Fou De Gadara;SHEKINAH;105;54-0720A - Le Fou De Gadara.txt
54-0720E;C’est Moi, N’ayez Pas Peur!;SHEKINAH;56;54-0720E - C’est Moi, N’ayez Pas Peur!.txt
54-0721;Ayez bon courage;SHEKINAH;12;54-0721 - Ayez bon courage.txt
54-0722;FAITES TOUT CE QU'IL VOUS DIRA;SHEKINAH;62;54-0722 - FAITES TOUT CE QU'IL VOUS DIRA.txt
54-0723;LE PROPHETE ELISEE;SHEKINAH;80;54-0723 - LE PROPHETE ELISEE.txt
54-0724;Une Expérience Personnelle Avec Dieu;SHEKINAH;75;54-0724 - Une Expérience Personnelle Avec Dieu.txt
54-0725;Vous Croyez Maintenant?;SHEKINAH;53;54-0725 - Vous Croyez Maintenant.txt
54-0803;Jaïrus;SHEKINAH;90;54-0803 - Jaïrus.txt
54-0804;Siméon;SHEKINAH;124;54-0804 - Siméon.txt
54-0809A;JE RESTAURERAI;SHEKINAH;55;54-0809A - JE RESTAURERAI.txt
54-0809E;LA MANIFESTATION DE TA RESURRECTION AUX GENS D'AUJOURD'HUI;SHEKINAH;54;54-0809E - LA MANIFESTATION DE TA RESURRECTION AUX GENS D'AUJOURD'HUI.txt
54-0810;UNE LIGNE DE PRIÈRE;SHEKINAH;16;54-0810 - UNE LIGNE DE PRIÈRE.txt
54-0811;Montre-Nous Le Père;SHEKINAH;66;54-0811 - Montre-Nous Le Père.txt
54-0812;Ligne De Prière;SHEKINAH;16;54-0812 - Ligne De Prière.txt
54-0813;Jésus-Christ Est Le Même Hier, Aujourd’hui, Et Éternellement;SHEKINAH;42;54-0813 - Jésus-Christ Est Le Même Hier, Aujourd’hui, Et Éternellement.txt
54-0814;L’Alliance Inconditionnelle Que Dieu A Traitée Avec Le Peuple;SHEKINAH;68;54-0814 - L’Alliance Inconditionnelle Que Dieu A Traitée Avec Le Peuple.txt
54-0824;Jésus-Christ Est Le Même Hier, Aujourd’hui Et Eternellement;SHEKINAH;42;54-0824 - Jésus-Christ Est Le Même Hier, Aujourd’hui Et Eternellement.txt
54-0825;Nous L'avons Trouvé (Jésus-Christ, Le Même Hier, Aujourdhui Et Éternellement);SHEKINAH;44;54-0825 - Nous L'avons Trouvé (Jésus-Christ, Le Même Hier, Aujourdhui Et Éternel.txt
54-0829A;Je Vous Restaurerai, Dit L’Éternel;SHEKINAH;69;54-0829A - Je Vous Restaurerai, Dit L’Éternel.txt
54-0829E;Jésus-Christ Est Le Même Hier, Aujourd’hui Et Éternellement;SHEKINAH;74;54-0829E - Jésus-Christ Est Le Même Hier, Aujourd’hui Et Éternellement.txt
54-0900;Ayez Foi En Dieu;SHEKINAH;49;54-0900 - Ayez Foi En Dieu.txt
54-0902;Témoignage Sur l’Afrique Du Sud;SHEKINAH;96;54-0902 - Témoignage Sur l’Afrique Du Sud.txt
54-1003E;L'Année De Jubilé;SHEKINAH;199;54-1003E - L'Année De Jubilé.txt
54-1003M;La Parole Faite Chair;SHEKINAH;275;54-1003M - La Parole Faite Chair.txt
54-1006;La Loi Ou La Grace;SHEKINAH;186;54-1006 - La Loi Ou La Grace.txt
54-1024;Le Péché Impardonnable;SHEKINAH;271;54-1024 - Le Péché Impardonnable.txt
54-1114;La Rédemption Par Le Jugement;SHEKINAH;57;54-1114 - La Rédemption Par Le Jugement.txt
54-1203;La Loi Qui Possède Une Ombre;SHEKINAH;83;54-1203 - La Loi Qui Possède Une Ombre.txt
54-1204;Dieu amène son église à la perfection;SHEKINAH;96;54-1204 - Dieu amène son église à la perfection.txt
54-1205;Nous Voudrions Voir Jésus;SHEKINAH;42;54-1205 - Nous Voudrions Voir Jésus.txt
54-1206;L’Expectative;SHEKINAH;81;54-1206 - L’Expectative.txt
54-1207;Sur Ta Parole, Seigneur, Je Jetterai Le Filet;SHEKINAH;117;54-1207 - Sur Ta Parole, Seigneur, Je Jetterai Le Filet.txt
54-1212;Il Jura Par Lui-Même;SHEKINAH;294;54-1212 - Il Jura Par Lui-Même.txt
54-1219E;Les Actes Du Saint-Esprit;SHEKINAH;179;54-1219E - Les Actes Du Saint-Esprit.txt
54-1219M;La Guérison Divine;SHEKINAH;234;54-1219M - La Guérison Divine.txt
54-1231;La Vie Eternelle Et Comment La Recevoir;SHEKINAH;218;54-1231 - La Vie Eternelle Et Comment La Recevoir.txt
55-0109E;Le Début Et La Fin De La Dispensation Des Gentils;SHEKINAH;170;55-0109E - Le Début Et La Fin De La Dispensation Des Gentils.txt
55-0109M;Melchisédek, le grand prince et roi;SHEKINAH;210;55-0109M - Melchisédek, le grand prince et roi.txt
55-0113;LE FONDEMENT FONDAMENTAL POUR LA FOI;SHEKINAH;88;55-0113 - LE FONDEMENT FONDAMENTAL POUR LA FOI.txt
55-0114;Docteur Moïse;SHEKINAH;58;55-0114 - Docteur Moïse.txt
55-0115;La Loi;SHEKINAH;57;55-0115 - La Loi.txt
55-0116A;Notre position en Christ;SHEKINAH;53;55-0116A - Notre position en Christ.txt
55-0116E;Jésus-Christ Est Le Même Hier, Aujourd'hui Et Eternellement;SHEKINAH;96;55-0116E - Jésus-Christ Est Le Même Hier, Aujourd'hui Et Eternellement.txt
55-0117;Comment L’ange Vint Vers Moi, Et Sa Commission;SHEKINAH;307;55-0117 - Comment L’ange Vint Vers Moi, Et Sa Commission.txt
55-0118;David, Le Vaillant Guerrier (Elu, Appelé, Oint Et Placé);SHEKINAH;68;55-0118 - David, Le Vaillant Guerrier (Elu, Appelé, Oint Et Placé).txt
55-0119;Josué, ce vaillant guerrier;SHEKINAH;53;55-0119 - Josué, ce vaillant guerrier.txt
55-0120;LES 7 NOMS COMPOSES DE JEHOVAH;SHEKINAH;97;55-0120 - LES 7 NOMS COMPOSES DE JEHOVAH.txt
55-0121;LES EAUX DE SEPARATION  (La mort apporte la vie);SHEKINAH;47;55-0121 - LES EAUX DE SEPARATION (La mort apporte la vie).txt
55-0122;Moise, Le Grand Serviteur;SHEKINAH;53;55-0122 - Moise, Le Grand Serviteur.txt
55-0123A;L'Approche Vers Dieu (L'Approche Divine);SHEKINAH;99;55-0123A - L'Approche Vers Dieu (L'Approche Divine).txt
55-0123E;Combattre  Ardemment Pour La Foi;SHEKINAH;51;55-0123E - Combattre Ardemment Pour La Foi.txt
55-0220A;La Seconde Venue;SHEKINAH;64;55-0220A - La Seconde Venue.txt
55-0220E;Combattre Pour La Foi;SHEKINAH;97;55-0220E - Combattre Pour La Foi.txt
55-0221;Christ;SHEKINAH;93;55-0221 - Christ.txt
55-0222;Jéhovah-Jiré;SHEKINAH;82;55-0222 - Jéhovah-Jiré.txt
55-0223;JOB, SERVITEUR DE DIEU;SHEKINAH;99;55-0223 - JOB, SERVITEUR DE DIEU.txt
55-0224;L'EAU DU ROCHER;SHEKINAH;63;55-0224 - L'EAU DU ROCHER.txt
55-0225;JESUS GLORIFIE;SHEKINAH;76;55-0225 - JESUS GLORIFIE.txt
55-0227A;La Position D'un Croyant En Christ;SHEKINAH;66;55-0227A - La Position D'un Croyant En Christ.txt
55-0227E;La  Guérison De La Fille De Jaïrus;SHEKINAH;120;55-0227E - La Guérison De La Fille De Jaïrus.txt
55-0228;La Séparation D’avec L’Incrédulité;SHEKINAH;91;55-0228 - La Séparation D’avec L’Incrédulité.txt
55-0301;ELIE  (ELISEE ET LA SUNAMITE);SHEKINAH;79;55-0301 - ELIE (ELISEE ET LA SUNAMITE).txt
55-0302;Le  Rideau Du Temps;SHEKINAH;95;55-0302 - Le Rideau Du Temps.txt
55-0311;Le Sceau De L'Antichrist (La Marque De L'Antichrist);SHEKINAH;89;55-0311 - Le Sceau De L'Antichrist (La Marque De L'Antichrist).txt
55-0312;La Marque De Christ;SHEKINAH;60;55-0312 - La Marque De Christ.txt
55-0400;L’Aveugle Bartimée;SHEKINAH;109;55-0400 - L’Aveugle Bartimée.txt
55-0403;La Communion Par La Rédemption;SHEKINAH;88;55-0403 - La Communion Par La Rédemption.txt
55-0410E;Une Prière;SHEKINAH;3;55-0410E - Une Prière.txt
55-0410M;LA PREUVE DE SA RESURRECTION;SHEKINAH;196;55-0410M - LA PREUVE DE SA RESURRECTION.txt
55-0410S;Mon Rédempteur Est Vivant;SHEKINAH;169;55-0410S - Mon Rédempteur Est Vivant.txt
55-0501A;La Communion;SHEKINAH;76;55-0501A - La Communion.txt
55-0501E;La Foi Transmise Aux Saints Une Fois Pour Toutes;SHEKINAH;81;55-0501E - La Foi Transmise Aux Saints Une Fois Pour Toutes.txt
55-0522;L'Arche, Un Type De Christ;SHEKINAH;212;55-0522 - L'Arche, Un Type De Christ.txt
55-0603;Jésus-Christ Est Le Même Hier, Aujourd’hui Et Eternellement;SHEKINAH;68;55-0603 - Jésus-Christ Est Le Même Hier, Aujourd’hui Et Eternellement.txt
55-0604;Jaïrus, Le Croyant En Secret;SHEKINAH;87;55-0604 - Jaïrus, Le Croyant En Secret.txt
55-0605;La Communion Par La Réconciliation Du Sang;SHEKINAH;62;55-0605 - La Communion Par La Réconciliation Du Sang.txt
55-0606;LES EAUX DE SEPARATION;SHEKINAH;57;55-0606 - LES EAUX DE SEPARATION.txt
55-0607;La  Vraie Vigne Et La Fausse Vigne;SHEKINAH;94;55-0607 - La Vraie Vigne Et La Fausse Vigne.txt
55-0608;Abraham;SHEKINAH;94;55-0608 - Abraham.txt
55-0609;UN TEMOIGNAGE PLUS GRAND QUE CELUI DE JEAN;SHEKINAH;54;55-0609 - UN TEMOIGNAGE PLUS GRAND QUE CELUI DE JEAN.txt
55-0610;Vous Croyez Maintenant;SHEKINAH;53;55-0610 - Vous Croyez Maintenant.txt
55-0611;Qu'y a-t-il Dans Ta Main?;SHEKINAH;103;55-0611 - Qu'y a-t-il Dans Ta Main.txt
55-0612;La Présence Du Seigneur Jésus;SHEKINAH;93;55-0612 - La Présence Du Seigneur Jésus.txt
55-0620;Combattre Pour La Foi;SHEKINAH;34;55-0620 - Combattre Pour La Foi.txt
55-0621;Le Noble Romain;SHEKINAH;40;55-0621 - Le Noble Romain.txt
55-0624;Abraham;SHEKINAH;24;55-0624 - Abraham.txt
55-0625;Montre-Nous Le Père, Et Cela Nous Suffit;SHEKINAH;52;55-0625 - Montre-Nous Le Père, Et Cela Nous Suffit.txt
55-0626A;L'Histoire De Ma Vie;SHEKINAH;2;55-0626A - L'Histoire De Ma Vie.txt
55-0626E;Je Restaurerai;SHEKINAH;46;55-0626E - Je Restaurerai.txt
55-0724;Les Esprits Séducteurs;SHEKINAH;182;55-0724 - Les Esprits Séducteurs.txt
55-0731;Le Son Confus;SHEKINAH;252;55-0731 - Le Son Confus.txt
55-0806;JESUS-CHRIST EST LE MEME HIER, AUJOURD'HUI ET ETERNELLEMENT;SHEKINAH;94;55-0806 - JESUS-CHRIST EST LE MEME HIER, AUJOURD'HUI ET ETERNELLEMENT.txt
55-0807A;L'ORGUEIL  (Jésus mal accueilli);SHEKINAH;76;55-0807A - L'ORGUEIL (Jésus mal accueilli).txt
55-0807E;La Conduite De L’Esprit De Dieu;SHEKINAH;73;55-0807E - La Conduite De L’Esprit De Dieu.txt
55-0813;La Communion Fraternelle;SHEKINAH;39;55-0813 - La Communion Fraternelle.txt
55-0815;Combattre Ardemment;SHEKINAH;60;55-0815 - Combattre Ardemment.txt
55-0817;Jehovah Jiré;SHEKINAH;34;55-0817 - Jehovah Jiré.txt
55-0818;L'Aveugle Bartimée;SHEKINAH;43;55-0818 - L'Aveugle Bartimée.txt
55-0819;Conduit Par Le Saint-Esprit;SHEKINAH;47;55-0819 - Conduit Par Le Saint-Esprit.txt
55-0826;William Branham Prêche;SHEKINAH;35;55-0826 - William Branham Prêche.txt
55-0828A;Christ N’Est Pas Le Bienvenu;SHEKINAH;48;55-0828A - Christ N’Est Pas Le Bienvenu.txt
55-0828E;Monsieur, Nous Voudrions Voir Jésus;SHEKINAH;47;55-0828E - Monsieur, Nous Voudrions Voir Jésus.txt
55-0911;Christ N’est Pas Le Bienvenu;SHEKINAH;325;55-0911 - Christ N’est Pas Le Bienvenu.txt
55-0930;Une Ligne De Prière;SHEKINAH;87;55-0930 - Une Ligne De Prière.txt
55-1001;Expectative;SHEKINAH;116;55-1001 - Expectative.txt
55-1002;Le Christ N'est Pas Le Bienvenu;SHEKINAH;68;55-1002 - Le Christ N'est Pas Le Bienvenu.txt
55-1003;La Foi En Action;SHEKINAH;96;55-1003 - La Foi En Action.txt
55-1004;Venez Et Plaidons (Les Dons Et Les Appels Sont Sans Repentance);SHEKINAH;108;55-1004 - Venez Et Plaidons (Les Dons Et Les Appels Sont Sans Repentance).txt
55-1005;Le Livre D'Exode, 1ère Partie (Exode, Livre De Rédemption) (La Puissance de Démon);SHEKINAH;58;55-1005 - Le Livre D'Exode, 1ère Partie (Exode, Livre De Rédemption) (La Puissan.txt
55-1006A;Une Vie cachée;SHEKINAH;48;55-1006A - Une Vie cachée.txt
55-1006E;Le Livre D'Exode, 2e Partie  (Exode, La Colonne De Feu);SHEKINAH;77;55-1006E - Le Livre D'Exode, 2e Partie (Exode, La Colonne De Feu).txt
55-1007;La Puissance De La Décision;SHEKINAH;106;55-1007 - La Puissance De La Décision.txt
55-1008;Les Résultats De La Décision;SHEKINAH;81;55-1008 - Les Résultats De La Décision.txt
55-1009;Comment Communier (La Communion Avec Dieu);SHEKINAH;83;55-1009 - Comment Communier (La Communion Avec Dieu).txt
55-1110;Une Vie Cachée En Christ;SHEKINAH;70;55-1110 - Une Vie Cachée En Christ.txt
55-1111;Là Où, Je Pense, Les Pentecôtistes Ont Failli;SHEKINAH;105;55-1111 - Là Où, Je Pense, Les Pentecôtistes Ont Failli.txt
55-1113;Jésus-Christ Est Le Même Hier, Aujourd’hui Et Eternellement;SHEKINAH;97;55-1113 - Jésus-Christ Est Le Même Hier, Aujourd’hui Et Eternellement.txt
55-1114;Puis Jésus Vint À L’Heure La Plus Sombre;SHEKINAH;116;55-1114 - Puis Jésus Vint À L’Heure La Plus Sombre.txt
55-1115;L’Aveugle Bartimée;SHEKINAH;85;55-1115 - L’Aveugle Bartimée.txt
55-1116;L’Appel d’Abraham;SHEKINAH;59;55-1116 - L’Appel d’Abraham.txt
55-1117;Jéhovah-Jiré;SHEKINAH;88;55-1117 - Jéhovah-Jiré.txt
55-1118;La Foi d’Abraham;SHEKINAH;82;55-1118 - La Foi d’Abraham.txt
55-1119;Rédempteur, Rédemption;SHEKINAH;92;55-1119 - Rédempteur, Rédemption.txt
55-1120;QU'Y A-T-IL DANS TA MAIN?;SHEKINAH;104;55-1120 - QU'Y A-T-IL DANS TA MAIN.txt
56-0101;Pourquoi les gens sont si ballotés?  (Le Voile Intérieur);SHEKINAH;233;56-0101 - Pourquoi les gens sont si ballotés- (Le Voile Intérieur).txt
56-0108;Dieu A Une Voie À Laquelle Il A Pourvue;SHEKINAH;86;56-0108 - Dieu A Une Voie À Laquelle Il A Pourvue.txt
56-0115;La Jonction Du Temps;SHEKINAH;82;56-0115 - La Jonction Du Temps.txt
56-0120;La Réconciliation Par La Communion  Avec Dieu;SHEKINAH;85;56-0120 - La Réconciliation Par La Communion Avec Dieu.txt
56-0121;Le Voile Intérieur;SHEKINAH;116;56-0121 - Le Voile Intérieur.txt
56-0122;Les Cinq Jonctions Du Temps;SHEKINAH;120;56-0122 - Les Cinq Jonctions Du Temps.txt
56-0128;L’INSPIRATION SPIRITUELLE;SHEKINAH;82;56-0128 - L’INSPIRATION SPIRITUELLE.txt
56-0129;LE SURNATUREL (L'ATMOSPHÈRE SPIRITUELLE);SHEKINAH;65;56-0129 - LE SURNATUREL (L'ATMOSPHÈRE SPIRITUELLE).txt
56-0200;Combattre Pour La Foi;SHEKINAH;66;56-0200 - Combattre Pour La Foi.txt
56-0212;La Communion;SHEKINAH;69;56-0212 - La Communion.txt
56-0213;Une Vie cachée avec Christ;SHEKINAH;82;56-0213 - Une Vie cachée avec Christ.txt
56-0218E;Le Pire Pécheur De La Ville;SHEKINAH;101;56-0218E - Le Pire Pécheur De La Ville.txt
56-0218M;QUAND L'AMOUR S'ELANCE;SHEKINAH;38;56-0218M - QUAND L'AMOUR S'ELANCE.txt
56-0219;Être Conduit Par Le Saint-Esprit;SHEKINAH;105;56-0219 - Être Conduit Par Le Saint-Esprit.txt
56-0223;L’Alliance De Dieu Avec Abraham Et Sa Postérité;SHEKINAH;93;56-0223 - L’Alliance De Dieu Avec Abraham Et Sa Postérité.txt
56-0224;Jéhovah-Jiré;SHEKINAH;70;56-0224 - Jéhovah-Jiré.txt
56-0225;Jésus-Christ Est Le Même Hier, Aujourd’hui Et Eternellement;SHEKINAH;104;56-0225 - Jésus-Christ Est Le Même Hier, Aujourd’hui Et Eternellement.txt
56-0304;FAIRE L'ISSUE;SHEKINAH;83;56-0304 - FAIRE L'ISSUE.txt
56-0311A;La Vraie Et La Fausse Vignes;SHEKINAH;43;56-0311A - La Vraie Et La Fausse Vignes.txt
56-0311E;Dieu Utilisant Son Don;SHEKINAH;67;56-0311E - Dieu Utilisant Son Don.txt
56-0401M;Le Puissant Conquérant;SHEKINAH;98;56-0401M - Le Puissant Conquérant.txt
56-0401S;Le Lever Du Soleil De Pâques;SHEKINAH;8;56-0401S - Le Lever Du Soleil De Pâques.txt
56-0403;Le Berger De La Bergerie;SHEKINAH;63;56-0403 - Le Berger De La Bergerie.txt
56-0404;L’Infaillibilité De La Parole Parlée De Dieu;SHEKINAH;78;56-0404 - L’Infaillibilité De La Parole Parlée De Dieu.txt
56-0405;La Résurrection De Jésus;SHEKINAH;71;56-0405 - La Résurrection De Jésus.txt
56-0406;La Parole Infaillible De Dieu;SHEKINAH;85;56-0406 - La Parole Infaillible De Dieu.txt
56-0407;L’Aveugle Bartimée;SHEKINAH;85;56-0407 - L’Aveugle Bartimée.txt
56-0408A;Qu’est-ce qu’une vision?;SHEKINAH;200;56-0408A - Qu’est-ce qu’une vision.txt
56-0408E;Le Temps Est Proche;SHEKINAH;70;56-0408E - Le Temps Est Proche.txt
56-0414;L’Aveugle Bartimée;SHEKINAH;77;56-0414 - L’Aveugle Bartimée.txt
56-0415;La Profondeur Appelant La Profondeur;SHEKINAH;79;56-0415 - La Profondeur Appelant La Profondeur.txt
56-0419;Combattre Ardemment Pour La Foi Qui A Été Transmise Aux Saints Une Fois Pour Toutes;SHEKINAH;68;56-0419 - Combattre Ardemment Pour La Foi Qui A Été Transmise Aux Saints Une Foi.txt
56-0420;Quand Leurs Yeux S'ouvrirent;SHEKINAH;72;56-0420 - Quand Leurs Yeux S'ouvrirent.txt
56-0421;Ce Que Sont Les Visions;SHEKINAH;79;56-0421 - Ce Que Sont Les Visions.txt
56-0422;Montre-Nous Le Père Et Cela Nous Suffit;SHEKINAH;79;56-0422 - Montre-Nous Le Père Et Cela Nous Suffit.txt
56-0426;Jésus-Christ Est Le Même Hier, Aujourd’hui Et Eternellement;SHEKINAH;80;56-0426 - Jésus-Christ Est Le Même Hier, Aujourd’hui Et Eternellement.txt
56-0427;La Foi;SHEKINAH;101;56-0427 - La Foi.txt
56-0428;Alliance De Dieu Avec Abraham;SHEKINAH;102;56-0428 - Alliance De Dieu Avec Abraham.txt
56-0429;Jéhovah-Jiré;SHEKINAH;102;56-0429 - Jéhovah-Jiré.txt
56-0513;L'ENSEIGNEMENT SUR MOISE;SHEKINAH;1;56-0513 - L'ENSEIGNEMENT SUR MOISE.txt
56-0527;À Kadès-Barnéa;SHEKINAH;77;56-0527 - À Kadès-Barnéa.txt
56-0603;Le Livre De Vie De L'Agneau;SHEKINAH;84;56-0603 - Le Livre De Vie De L'Agneau.txt
56-0610;LA PERFECTION;SHEKINAH;1;56-0610 - LA PERFECTION.txt
56-0611;ECOUTEZ-LE;SHEKINAH;54;56-0611 - ECOUTEZ-LE.txt
56-0612;C'est La Vie Qui Guérit;SHEKINAH;105;56-0612 - C'est La Vie Qui Guérit.txt
56-0613;Jéhovah-Jiré;SHEKINAH;82;56-0613 - Jéhovah-Jiré.txt
56-0614;Dieu A Pourvu À Un Agneau;SHEKINAH;53;56-0614 - Dieu A Pourvu À Un Agneau.txt
56-0615;Un Exode;SHEKINAH;86;56-0615 - Un Exode.txt
56-0617;Apocalypse, Livre De Symboles;SHEKINAH;145;56-0617 - Apocalypse, Livre De Symboles.txt
56-0621;La Loi Qui Possède Une Ombre;SHEKINAH;61;56-0621 - La Loi Qui Possède Une Ombre.txt
56-0715;La Marque De La Bête;SHEKINAH;71;56-0715 - La Marque De La Bête.txt
56-0722;Tout Est Possible À Celui Qui Croit;SHEKINAH;35;56-0722 - Tout Est Possible À Celui Qui Croit.txt
56-0723;Conduit Par L’Esprit De Dieu;SHEKINAH;89;56-0723 - Conduit Par L’Esprit De Dieu.txt
56-0726;Amour;SHEKINAH;89;56-0726 - Amour.txt
56-0728;Remplir Des Fosses La Vallée;SHEKINAH;60;56-0728 - Remplir Des Fosses La Vallée.txt
56-0731;La Résurrection De La Fille De Jaïrus;SHEKINAH;102;56-0731 - La Résurrection De La Fille De Jaïrus.txt
56-0801;La Flèche De Délivrance De La Part De Dieu Tirée À L'Aide D'un Arc;SHEKINAH;76;56-0801 - La Flèche De Délivrance De La Part De Dieu Tirée À L'Aide D'un Arc.txt
56-0805;L'Église Et Sa Condition;SHEKINAH;191;56-0805 - L'Église Et Sa Condition.txt
56-0814;L'Amour Divin Et La Grâce Souveraine (Quand L’amour S'élance);SHEKINAH;97;56-0814 - L'Amour Divin Et La Grâce Souveraine (Quand L’amour S'élance).txt
56-0815;La Foi;SHEKINAH;111;56-0815 - La Foi.txt
56-0816;LES OPERATIONS DU SAINT-ESPRIT;SHEKINAH;108;56-0816 - LES OPERATIONS DU SAINT-ESPRIT.txt
56-0826;Amour Divin;SHEKINAH;52;56-0826 - Amour Divin.txt
56-0902;Ecriture Sur La Muraille;SHEKINAH;94;56-0902 - Ecriture Sur La Muraille.txt
56-0916;Le Jubilé D'azusa;SHEKINAH;35;56-0916 - Le Jubilé D'azusa.txt
56-0917;L'Agneau Et La Colombe;SHEKINAH;40;56-0917 - L'Agneau Et La Colombe.txt
56-0923;L'Adoption Spirituelle;SHEKINAH;201;56-0923 - L'Adoption Spirituelle.txt
56-0930;Ecoutez-Le;SHEKINAH;56;56-0930 - Ecoutez-Le.txt
56-0930E;Les Témoins;SHEKINAH;82;56-0930E - Les Témoins.txt
56-1001;Le Ministère Expliqué;SHEKINAH;90;56-1001 - Le Ministère Expliqué.txt
56-1002A;Père, L’Heure Est Venue;SHEKINAH;65;56-1002A - Père, L’Heure Est Venue.txt
56-1002E;LE PROPHETE ELISEE;SHEKINAH;86;56-1002E - LE PROPHETE ELISEE.txt
56-1004;Un Souper De Noces;SHEKINAH;81;56-1004 - Un Souper De Noces.txt
56-1005;LA Jézabel Au Visage Fardé;SHEKINAH;84;56-1005 - LA Jézabel Au Visage Fardé.txt
56-1125E;Un Prophète Qui Rougit;SHEKINAH;40;56-1125E - Un Prophète Qui Rougit.txt
56-1125M;Une Robe D'occasion;SHEKINAH;133;56-1125M - Une Robe D'occasion.txt
56-1206;Une Robe D'Occasion;SHEKINAH;118;56-1206 - Une Robe D'Occasion.txt
56-1207;Les Dons;SHEKINAH;83;56-1207 - Les Dons.txt
56-1208;Abraham;SHEKINAH;100;56-1208 - Abraham.txt
56-1209A;Dieu Faisant Sa Promesse;SHEKINAH;85;56-1209A - Dieu Faisant Sa Promesse.txt
56-1209E;Jéhovah-Jiré;SHEKINAH;113;56-1209E - Jéhovah-Jiré.txt
56-1215;ECOUTEZ-LE;SHEKINAH;108;56-1215 - ECOUTEZ-LE.txt
56-1230;JOSEPH RENCONTRE SES FRERES (JOSEPH, LE FAISEUR DE SONGES);SHEKINAH;77;56-1230 - JOSEPH RENCONTRE SES FRERES (JOSEPH, LE FAISEUR DE SONGES).txt
57-0104;Messieurs, Nous Voudrions Voir Jésus;SHEKINAH;75;57-0104 - Messieurs, Nous Voudrions Voir Jésus.txt
57-0105;Ecoutez-Le;SHEKINAH;129;57-0105 - Ecoutez-Le.txt
57-0106;Jéhovah-Jiré;SHEKINAH;82;57-0106 - Jéhovah-Jiré.txt
57-0113;QUE FAUT-IL POUR MENER UNE VIE CHRETIENNE ?;SHEKINAH;58;57-0113 - QUE FAUT-IL POUR MENER UNE VIE CHRETIENNE.txt
57-0114;La Preuve Infaillible De La Résurrection;SHEKINAH;123;57-0114 - La Preuve Infaillible De La Résurrection.txt
57-0115;Dieu Tient Sa Parole;SHEKINAH;104;57-0115 - Dieu Tient Sa Parole.txt
57-0120E;Dieu Tient Sa Parole;SHEKINAH;83;57-0120E - Dieu Tient Sa Parole.txt
57-0120M;L’Imitation Du Christianisme;SHEKINAH;83;57-0120M - L’Imitation Du Christianisme.txt
57-0125;Ecoutez-Le;SHEKINAH;79;57-0125 - Ecoutez-Le.txt
57-0126B;Le Rapport Du Voyage En Inde;SHEKINAH;87;57-0126B - Le Rapport Du Voyage En Inde.txt
57-0126E;QUAND L’AMOUR DIVIN S’ELANCE, LA GRACE SOUVERAINE INTERVIENT;SHEKINAH;202;57-0126E - QUAND L’AMOUR DIVIN S’ELANCE, LA GRACE SOUVERAINE INTERVIENT.txt
57-0127A;L'Imitation Du Christianisme;SHEKINAH;72;57-0127A - L'Imitation Du Christianisme.txt
57-0127E;L’Aveugle Bartimée;SHEKINAH;90;57-0127E - L’Aveugle Bartimée.txt
57-0226;Messieurs, Nous Voudrions Voir Jésus;SHEKINAH;86;57-0226 - Messieurs, Nous Voudrions Voir Jésus.txt
57-0228;Il Y A Ici Plus Que Salomon;SHEKINAH;88;57-0228 - Il Y A Ici Plus Que Salomon.txt
57-0301;Aveugle Bartimée;SHEKINAH;70;57-0301 - Aveugle Bartimée.txt
57-0302;Et Puis Jésus Vint;SHEKINAH;78;57-0302 - Et Puis Jésus Vint.txt
57-0303A;Pourquoi Beaucoup De Chrétiens Trouvent-Ils Si Difficile De Mener La Vie Chrétienne?;SHEKINAH;75;57-0303A - Pourquoi Beaucoup De Chrétiens Trouvent-Ils Si Difficile De Mener La V.txt
57-0303E;Que Pensez-Vous De Christ?;SHEKINAH;70;57-0303E - Que Pensez-Vous De Christ.txt
57-0305;Amour Divin;SHEKINAH;82;57-0305 - Amour Divin.txt
57-0306;Dieu Tient Sa Parole;SHEKINAH;69;57-0306 - Dieu Tient Sa Parole.txt
57-0307;Dieu Tient Sa Parole;SHEKINAH;84;57-0307 - Dieu Tient Sa Parole.txt
57-0308;LE BON BERGER DES BREBIS;SHEKINAH;67;57-0308 - LE BON BERGER DES BREBIS.txt
57-0309B;Je Restaurerai;SHEKINAH;40;57-0309B - Je Restaurerai.txt
57-0309E;Jéhovah-Jiré;SHEKINAH;71;57-0309E - Jéhovah-Jiré.txt
57-0310A;Laver Les Pieds De Jésus;SHEKINAH;61;57-0310A - Laver Les Pieds De Jésus.txt
57-0310E;Ecoutez-Le;SHEKINAH;85;57-0310E - Ecoutez-Le.txt
57-0317;Ecoutez-Le;SHEKINAH;55;57-0317 - Ecoutez-Le.txt
57-0322;Ecoutez-Le;SHEKINAH;98;57-0322 - Ecoutez-Le.txt
57-0323;Dieu Dans Sa Parole;SHEKINAH;81;57-0323 - Dieu Dans Sa Parole.txt
57-0324;Pourquoi Certaines Personnes Ne Peuvent Pas Conserver La Victoire;SHEKINAH;91;57-0324 - Pourquoi Certaines Personnes Ne Peuvent Pas Conserver La Victoire.txt
57-0325;L’Agneau Et La Colombe;SHEKINAH;103;57-0325 - L’Agneau Et La Colombe.txt
57-0326;Jéhovah-Jiré;SHEKINAH;131;57-0326 - Jéhovah-Jiré.txt
57-0407E;Puis Jésus Vint;SHEKINAH;56;57-0407E - Puis Jésus Vint.txt
57-0407M;Dieu Tient Sa Parole;SHEKINAH;9;57-0407M - Dieu Tient Sa Parole.txt
57-0414;Corinthiens, livre de correction;SHEKINAH;167;57-0414 - Corinthiens, livre de correction.txt
57-0417;La Seconde venue du seigneur;SHEKINAH;108;57-0417 - La Seconde venue du seigneur.txt
57-0418;La Communion;SHEKINAH;51;57-0418 - La Communion.txt
57-0419;La Perfection (soyez donc parfaits);SHEKINAH;117;57-0419 - La Perfection (soyez donc parfaits).txt
57-0420;L'ENSEVELISSEMENT;SHEKINAH;132;57-0420 - L'ENSEVELISSEMENT.txt
57-0421E;Et Leurs Yeux S’Ouvrirent,  Et Ils Le Reconnurent;SHEKINAH;138;57-0421E - Et Leurs Yeux S’Ouvrirent, Et Ils Le Reconnurent.txt
57-0421M;LE GRAND ET PUISSANT CONQUÉRANT  (LE PUISSANT CONQUÉRANT);SHEKINAH;64;57-0421M - LE GRAND ET PUISSANT CONQUÉRANT (LE PUISSANT CONQUÉRANT).txt
57-0516;Nous Voudrions Voir Jésus;SHEKINAH;69;57-0516 - Nous Voudrions Voir Jésus.txt
57-0517;La Reine De Séba;SHEKINAH;40;57-0517 - La Reine De Séba.txt
57-0518;TENEZ-VOUS TRANQUILLES;SHEKINAH;108;57-0518 - TENEZ-VOUS TRANQUILLES.txt
57-0519A;Ecoutez-Le;SHEKINAH;88;57-0519A - Ecoutez-Le.txt
57-0519E;L’Amour;SHEKINAH;115;57-0519E - L’Amour.txt
57-0602;La Vie;SHEKINAH;75;57-0602 - La Vie.txt
57-0610;La Foi Qui A Eté Transmise Aux Saints Une Fois Pour Toutes;SHEKINAH;98;57-0610 - La Foi Qui A Eté Transmise Aux Saints Une Fois Pour Toutes.txt
57-0613A;Dieu Tient Sa Parole;SHEKINAH;127;57-0613A - Dieu Tient Sa Parole.txt
57-0613E;Avoir Soif De La Vie;SHEKINAH;110;57-0613E - Avoir Soif De La Vie.txt
57-0614;La Reine du midi;SHEKINAH;45;57-0614 - La Reine du midi.txt
57-0623;Croire Du Coeur;SHEKINAH;74;57-0623 - Croire Du Coeur.txt
57-0629;TENEZ-VOUS LA, ET VOYEZ LA DELIVRANCE DE L’ETERNEL;SHEKINAH;54;57-0629 - TENEZ-VOUS LA, ET VOYEZ LA DELIVRANCE DE L’ETERNEL.txt
57-0630;Avoir Soif De La Vie;SHEKINAH;54;57-0630 - Avoir Soif De La Vie.txt
57-0705;L’Aigle Dans Son Nid;SHEKINAH;13;57-0705 - L’Aigle Dans Son Nid.txt
57-0714;Pareil À L’Aigle Qui Éveille Sa Couvée;SHEKINAH;178;57-0714 - Pareil À L’Aigle Qui Éveille Sa Couvée.txt
57-0725;Ecoutez-Le;SHEKINAH;68;57-0725 - Ecoutez-Le.txt
57-0727;Il Devait Passer Par Là;SHEKINAH;47;57-0727 - Il Devait Passer Par Là.txt
57-0728;AVOIR SOIF DE LA VIE;SHEKINAH;108;57-0728 - AVOIR SOIF DE LA VIE.txt
57-0804A;La Grande Commission;SHEKINAH;83;57-0804A - La Grande Commission.txt
57-0804E;Messieurs, Nous Voudrions Voir Jésus;SHEKINAH;73;57-0804E - Messieurs, Nous Voudrions Voir Jésus.txt
57-0805;Dieu Manifestant Ses Dons;SHEKINAH;95;57-0805 - Dieu Manifestant Ses Dons.txt
57-0806;Dieu Projetant Son Amour (Quand L’Amour S'élance);SHEKINAH;71;57-0806 - Dieu Projetant Son Amour (Quand L’Amour S'élance).txt
57-0807;Ecoutez-Le;SHEKINAH;87;57-0807 - Ecoutez-Le.txt
57-0808;Le Puissant Conquérant;SHEKINAH;89;57-0808 - Le Puissant Conquérant.txt
57-0809;L’Aveugle Bartimée;SHEKINAH;89;57-0809 - L’Aveugle Bartimée.txt
57-0810;JEHOVAH-JIRE;SHEKINAH;92;57-0810 - JEHOVAH-JIRE.txt
57-0811A;LE PLUS GRAND DON DANS LA BIBLE;SHEKINAH;68;57-0811A - LE PLUS GRAND DON DANS LA BIBLE.txt
57-0811E;L’Expectative Et La Conduite De L’Esprit;SHEKINAH;72;57-0811E - L’Expectative Et La Conduite De L’Esprit.txt
57-0818;Les Mémoriaux de Dieu éprouvés au fil du temps;SHEKINAH;162;57-0818 - Les Mémoriaux de Dieu éprouvés au fil du temps.txt
57-0821;Hébreux chapitre Un;SHEKINAH;190;57-0821 - Hébreux chapitre Un.txt
57-0825E;Hébreux Chapitre Deux #2;SHEKINAH;57;57-0825E - Hébreux Chapitre Deux #2.txt
57-0825M;Hébreux Chapitre Deux #1;SHEKINAH;93;57-0825M - Hébreux Chapitre Deux #1.txt
57-0828;Hébreux Chapitre Deux #3;SHEKINAH;91;57-0828 - Hébreux Chapitre Deux #3.txt
57-0901E;Hébreux Chapitre Quatre;SHEKINAH;264;57-0901E - Hébreux Chapitre Quatre.txt
57-0901M;Hébreux Chapitre Trois;SHEKINAH;216;57-0901M - Hébreux Chapitre Trois.txt
57-0908E;Hébreux Chapitre Six #2;SHEKINAH;288;57-0908E - Hébreux Chapitre Six #2.txt
57-0908M;Hébreux Chapitres Cinq et Six #1;SHEKINAH;216;57-0908M - Hébreux Chapitres Cinq et Six #1.txt
57-0915E;Hébreux Chapitre Sept #1;SHEKINAH;237;57-0915E - Hébreux Chapitre Sept #1.txt
57-0915M;Hébreux Chapitre Six #3 et Hébreux chapitre Sept #1;SHEKINAH;207;57-0915M - Hébreux Chapitre Six #3 et Hébreux chapitre Sept #1.txt
57-0922E;Hébreux Chapitre Sept #2;SHEKINAH;222;57-0922E - Hébreux Chapitre Sept #2.txt
57-0922M;Jésus-Christ Est Le Même Hier, Aujourd’hui Et Éternellement;SHEKINAH;40;57-0922M - Jésus-Christ Est Le Même Hier, Aujourd’hui Et Éternellement.txt
57-0925;Questions Et Réponses Sur Les Hébreux, 1ère Partie;SHEKINAH;302;57-0925 - Questions Et Réponses Sur Les Hébreux, 1ère Partie.txt
57-1002;Questions Et Réponses Sur Les Hébreux, IIè Partie;SHEKINAH;249;57-1002 - Questions Et Réponses Sur Les Hébreux, IIè Partie.txt
57-1006;Questions Et Réponses Sur Les Hébreux, IIIè Partie;SHEKINAH;364;57-1006 - Questions Et Réponses Sur Les Hébreux, IIIè Partie.txt
57-1208;Je Me Tiens A La Porte, Et Je Frappe;SHEKINAH;76;57-1208 - Je Me Tiens A La Porte, Et Je Frappe.txt
57-1211;Messieurs, Nous Voudrions Voir Jésus;SHEKINAH;104;57-1211 - Messieurs, Nous Voudrions Voir Jésus.txt
57-1212;La Porte De La Porte;SHEKINAH;85;57-1212 - La Porte De La Porte.txt
57-1213;ET PUIS JESUS VINT;SHEKINAH;93;57-1213 - ET PUIS JESUS VINT.txt
57-1215;PARLE A CETTE MONTAGNE;SHEKINAH;47;57-1215 - PARLE A CETTE MONTAGNE.txt
57-1222;LA GRANDE LUMIERE BRILLANTE;SHEKINAH;10;57-1222 - LA GRANDE LUMIERE BRILLANTE.txt
57-1229;La Foi;SHEKINAH;70;57-1229 - La Foi.txt
58-0105;Ayez Foi En Dieu;SHEKINAH;51;58-0105 - Ayez Foi En Dieu.txt
58-0107;La Reine de Séba;SHEKINAH;81;58-0107 - La Reine de Séba.txt
58-0108;L'Ecriture sur la muraille;SHEKINAH;153;58-0108 - L'Ecriture sur la muraille.txt
58-0109;Les Appelés À Sortir;SHEKINAH;59;58-0109 - Les Appelés À Sortir.txt
58-0110;Le Puissant Conquérant;SHEKINAH;63;58-0110 - Le Puissant Conquérant.txt
58-0112A;Pour Accomplir Ses Prodiges;SHEKINAH;47;58-0112A - Pour Accomplir Ses Prodiges.txt
58-0112E;La Porte Du Coeur;SHEKINAH;59;58-0112E - La Porte Du Coeur.txt
58-0125;La Reine Du Midi;SHEKINAH;71;58-0125 - La Reine Du Midi.txt
58-0126;Ecoutez-Le;SHEKINAH;73;58-0126 - Ecoutez-Le.txt
58-0127;Jéhovah-Jiré;SHEKINAH;69;58-0127 - Jéhovah-Jiré.txt
58-0128;L'Harmonie De L'Unité (La Tour De Babel);SHEKINAH;135;58-0128 - L'Harmonie De L'Unité (La Tour De Babel).txt
58-0130;Écriture Sur La Muraille;SHEKINAH;64;58-0130 - Écriture Sur La Muraille.txt
58-0202;Hâte-toi de te sauver là;SHEKINAH;107;58-0202 - Hâte-toi de te sauver là.txt
58-0207;Jésus-Christ Est Le Même Hier, Aujourd’hui Et Eternellement;SHEKINAH;86;58-0207 - Jésus-Christ Est Le Même Hier, Aujourd’hui Et Eternellement.txt
58-0208;La Reine de Séba;SHEKINAH;104;58-0208 - La Reine de Séba.txt
58-0209A;Ecoutez-Le;SHEKINAH;61;58-0209A - Ecoutez-Le.txt
58-0209E;La Porte À L’Intérieur De La Porte;SHEKINAH;107;58-0209E - La Porte À L’Intérieur De La Porte.txt
58-0214;Jésus-Christ Est Le Même Hier, Aujourd’hui Et Eternellement;SHEKINAH;72;58-0214 - Jésus-Christ Est Le Même Hier, Aujourd’hui Et Eternellement.txt
58-0223;Jésus-Christ Est Le Même Hier, Aujourd’hui Et Éternellement;SHEKINAH;81;58-0223 - Jésus-Christ Est Le Même Hier, Aujourd’hui Et Éternellement.txt
58-0225;L'Oeil De Dieu;SHEKINAH;37;58-0225 - L'Oeil De Dieu.txt
58-0228;Ta Bonté;SHEKINAH;80;58-0228 - Ta Bonté.txt
58-0301B;La Grande commission - La Révélation spirituelle (l'atmosphère spirituelle);SHEKINAH;71;58-0301B - La Grande commission - La Révélation spirituelle (l'atmosphère spiritu.txt
58-0301E;Ecoutez-Le;SHEKINAH;64;58-0301E - Ecoutez-Le.txt
58-0302;La Porte Du Coeur;SHEKINAH;76;58-0302 - La Porte Du Coeur.txt
58-0309E;L'église S'en Ira-T-Elle Avant La Tribulation? (Hâte-Toi Et Viens Ici, Car Je Ne Puis Rien Faire, jusqu’à Ce Que Tu Y Sois Arrivé);SHEKINAH;164;58-0309E - L'église S'en Ira-T-Elle Avant La Tribulation- (Hâte-Toi Et Viens Ici,.txt
58-0309M;Ecriture Sur La Muraille;SHEKINAH;70;58-0309M - Ecriture Sur La Muraille.txt
58-0312;Jésus-Christ Est Le Même Hier, Aujourd’hui Et Eternellement;SHEKINAH;86;58-0312 - Jésus-Christ Est Le Même Hier, Aujourd’hui Et Eternellement.txt
58-0313;La Reine De Séba;SHEKINAH;79;58-0313 - La Reine De Séba.txt
58-0314;L'Amour;SHEKINAH;81;58-0314 - L'Amour.txt
58-0315;La Foi;SHEKINAH;145;58-0315 - La Foi.txt
58-0316A;Pareil À L’aigle Qui Éveille Sa Couvée;SHEKINAH;80;58-0316A - Pareil À L’aigle Qui Éveille Sa Couvée.txt
58-0316E;La Porte Du Coeur;SHEKINAH;127;58-0316E - La Porte Du Coeur.txt
58-0323;Jésus-Christ Est Le Même Hier, Aujourd’hui Et Éternellement;SHEKINAH;80;58-0323 - Jésus-Christ Est Le Même Hier, Aujourd’hui Et Éternellement.txt
58-0324;Ecoutez-Le;SHEKINAH;82;58-0324 - Ecoutez-Le.txt
58-0325;La Foi Par L’Expérience;SHEKINAH;67;58-0325 - La Foi Par L’Expérience.txt
58-0326;Unis sous une seule tête;SHEKINAH;17;58-0326 - Unis sous une seule tête.txt
58-0328;Dieu Tient Sa Parole;SHEKINAH;134;58-0328 - Dieu Tient Sa Parole.txt
58-0329;Le Puissant conquérant;SHEKINAH;47;58-0329 - Le Puissant conquérant.txt
58-0330A;Entretien Sur L'Oeuvre Missionnaire;SHEKINAH;173;58-0330A - Entretien Sur L'Oeuvre Missionnaire.txt
58-0330E;Christ Frappe À La Porte;SHEKINAH;70;58-0330E - Christ Frappe À La Porte.txt
58-0406E;Évidence De La Résurrection;SHEKINAH;44;58-0406E - Évidence De La Résurrection.txt
58-0406S;Je Sais Que Mon Rédempteur Est Vivant;SHEKINAH;68;58-0406S - Je Sais Que Mon Rédempteur Est Vivant.txt
58-0500;L’Aigle Qui Éveille Sa Couvée;SHEKINAH;61;58-0500 - L’Aigle Qui Éveille Sa Couvée.txt
58-0501;Nous Voudrions Voir Jésus;SHEKINAH;62;58-0501 - Nous Voudrions Voir Jésus.txt
58-0503;La Reine De Séba;SHEKINAH;89;58-0503 - La Reine De Séba.txt
58-0508;Expectative;SHEKINAH;74;58-0508 - Expectative.txt
58-0510;Ayez foi en Dieu;SHEKINAH;87;58-0510 - Ayez foi en Dieu.txt
58-0512;LA VIE (Avoir soif de la Vie);SHEKINAH;85;58-0512 - LA VIE (Avoir soif de la Vie).txt
58-0515;Jésus-Christ Est Le Même Hier, Aujourd’hui Et Éternellement;SHEKINAH;70;58-0515 - Jésus-Christ Est Le Même Hier, Aujourd’hui Et Éternellement.txt
58-0517;ZACHEE;SHEKINAH;51;58-0517 - ZACHEE.txt
58-0517E;Le Péché D'Incrédulité;SHEKINAH;52;58-0517E - Le Péché D'Incrédulité.txt
58-0518;UNE FOI EPROUVEE PRODUIT DES RESULTATS;SHEKINAH;70;58-0518 - UNE FOI EPROUVEE PRODUIT DES RESULTATS.txt
58-0519;LA VIE;SHEKINAH;86;58-0519 - LA VIE.txt
58-0520;LE SIGNE DU TEMPS;SHEKINAH;152;58-0520 - LE SIGNE DU TEMPS.txt
58-0521;Voici, Je Me Tiens À La Porte Et Je Frappe;SHEKINAH;76;58-0521 - Voici, Je Me Tiens À La Porte Et Je Frappe.txt
58-0523;Nous Voudrions Voir Jésus;SHEKINAH;79;58-0523 - Nous Voudrions Voir Jésus.txt
58-0524;Jésus De Nazareth Passe;SHEKINAH;86;58-0524 - Jésus De Nazareth Passe.txt
58-0528;Le Signe Du Messie;SHEKINAH;102;58-0528 - Le Signe Du Messie.txt
58-0529;Jésus À La Porte;SHEKINAH;75;58-0529 - Jésus À La Porte.txt
58-0530;LA FOI EPROUVEE AU FIL DU TEMPS;SHEKINAH;79;58-0530 - LA FOI EPROUVEE AU FIL DU TEMPS.txt
58-0609;MESSAGE A L’EGLISE DE LAODICEE;SHEKINAH;47;58-0609 - MESSAGE A L’EGLISE DE LAODICEE.txt
58-0610;LE PUISSANT CONQUERANT;SHEKINAH;51;58-0610 - LE PUISSANT CONQUERANT.txt
58-0611;AVOIR SOIF DE LA VIE;SHEKINAH;87;58-0611 - AVOIR SOIF DE LA VIE.txt
58-0612;Nous Voudrions Voir Jésus;SHEKINAH;85;58-0612 - Nous Voudrions Voir Jésus.txt
58-0613;La Reine Du Midi;SHEKINAH;84;58-0613 - La Reine Du Midi.txt
58-0617;Voici, Je Me Tiens À La Porte Et Je Frappe;SHEKINAH;73;58-0617 - Voici, Je Me Tiens À La Porte Et Je Frappe.txt
58-0618;Écriture Sur La Muraille;SHEKINAH;64;58-0618 - Écriture Sur La Muraille.txt
58-0619B;Vous devez naitre de nouveau;SHEKINAH;116;58-0619B - Vous devez naitre de nouveau.txt
58-0619E;Pouvons-Nous Voir Jésus?;SHEKINAH;73;58-0619E - Pouvons-Nous Voir Jésus.txt
58-0620;La Reine Du Midi;SHEKINAH;76;58-0620 - La Reine Du Midi.txt
58-0625;Il Y A Ici Plus Que Salomon;SHEKINAH;90;58-0625 - Il Y A Ici Plus Que Salomon.txt
58-0720E;L'Ordination des diacres;SHEKINAH;43;58-0720E - L'Ordination des diacres.txt
58-0720M;C’est Par La Foi Que Moïse;SHEKINAH;54;58-0720M - C’est Par La Foi Que Moïse.txt
58-0927;POURQUOI NOUS NE SOMMES PAS UNE DENOMINATION?;SHEKINAH;292;58-0927 - POURQUOI NOUS NE SOMMES PAS UNE DENOMINATION.txt
58-0928E;La Semence Du Serpent;SHEKINAH;341;58-0928E - La Semence Du Serpent.txt
58-0928M;Le Baptême Du Saint-Esprit - Le Saint-Esprit Expliqué Ou Le Nom De Jésus;SHEKINAH;215;58-0928M - Le Baptême Du Saint-Esprit - Le Saint-Esprit Expliqué Ou Le Nom De Jés.txt
58-1001;Le Faire Sortir De L’Histoire;SHEKINAH;52;58-1001 - Le Faire Sortir De L’Histoire.txt
58-1002;Mais Au Commencement, Il N’En Était Pas Ainsi;SHEKINAH;72;58-1002 - Mais Au Commencement, Il N’En Était Pas Ainsi.txt
58-1003;Regarder À L’Invisible;SHEKINAH;86;58-1003 - Regarder À L’Invisible.txt
58-1004;La Foi, C'est Notre Victoire;SHEKINAH;150;58-1004 - La Foi, C'est Notre Victoire.txt
58-1005E;Un Homme Appelé De Dieu;SHEKINAH;266;58-1005E - Un Homme Appelé De Dieu.txt
58-1005M;Ecouter sa voix;SHEKINAH;104;58-1005M - Ecouter sa voix.txt
58-1007;L'Ordre de l'Eglise;SHEKINAH;67;58-1007 - L'Ordre de l'Eglise.txt
58-1012;Le Départ Secret Et Soudain de l'Eglise;SHEKINAH;173;58-1012 - Le Départ Secret Et Soudain de l'Eglise.txt
58-1130;Sentinelle, qu'en est-il de la nuit ?;SHEKINAH;212;58-1130 - Sentinelle, qu'en est-il de la nuit.txt
58-1221E;L'Unité d'un seul Dieu dans une seule Eglise;SHEKINAH;169;58-1221E - L'Unité d'un seul Dieu dans une seule Eglise.txt
58-1221M;Où Est-Il, Le Roi Des Juifs?;SHEKINAH;105;58-1221M - Où Est-Il, Le Roi Des Juifs.txt
58-1228;Pourquoi La Petite Bethléhem?;SHEKINAH;151;58-1228 - Pourquoi La Petite Bethléhem.txt
59-0125;Soyez Certain De Dieu;SHEKINAH;142;59-0125 - Soyez Certain De Dieu.txt
59-0208;L’Aveugle Bartimée;SHEKINAH;34;59-0208 - L’Aveugle Bartimée.txt
59-0211;Siméon et Anne;SHEKINAH;36;59-0211 - Siméon et Anne.txt
59-0301E;Que Fais-Tu Ici?;SHEKINAH;141;59-0301E - Que Fais-Tu Ici.txt
59-0301M;Étroite Est La Porte;SHEKINAH;216;59-0301M - Étroite Est La Porte.txt
59-0329E;Le Signe Du Messie;SHEKINAH;125;59-0329E - Le Signe Du Messie.txt
59-0329M;Le Baptême D'Eau (Service De Baptême À Pâques);SHEKINAH;57;59-0329M - Le Baptême D'Eau (Service De Baptême À Pâques).txt
59-0329S;Vivant, Mourant, Enseveli, Ressuscitant, Revenant;SHEKINAH;66;59-0329S - Vivant, Mourant, Enseveli, Ressuscitant, Revenant.txt
59-0403;Vivant, Mourant, Enseveli, Ressuscitant, Revenant;SHEKINAH;53;59-0403 - Vivant, Mourant, Enseveli, Ressuscitant, Revenant.txt
59-0404;Quelles sont les œuvres de Dieu ?;SHEKINAH;51;59-0404 - Quelles sont les œuvres de Dieu.txt
59-0405A;Au commencement, il n'en était pas ainsi;SHEKINAH;31;59-0405A - Au commencement, il n'en était pas ainsi.txt
59-0405E;La Reine De Séba;SHEKINAH;71;59-0405E - La Reine De Séba.txt
59-0406;Le Nouveau ministère de William;SHEKINAH;125;59-0406 - Le Nouveau ministère de William.txt
59-0407;Conduit Par L'Esprit;SHEKINAH;75;59-0407 - Conduit Par L'Esprit.txt
59-0408;L’Aveugle Bartimée;SHEKINAH;55;59-0408 - L’Aveugle Bartimée.txt
59-0409;La Foi De Marie;SHEKINAH;72;59-0409 - La Foi De Marie.txt
59-0410;Regarder À L’Invisible;SHEKINAH;67;59-0410 - Regarder À L’Invisible.txt
59-0411B;Témoignage;SHEKINAH;16;59-0411B - Témoignage.txt
59-0411E;Observant Son Étoile;SHEKINAH;39;59-0411E - Observant Son Étoile.txt
59-0412A;Soyez Certain De Dieu;SHEKINAH;41;59-0412A - Soyez Certain De Dieu.txt
59-0412E;Qu’Entends-Tu, Élie?;SHEKINAH;86;59-0412E - Qu’Entends-Tu, Élie.txt
59-0414;Avoir Soif De La Vie;SHEKINAH;60;59-0414 - Avoir Soif De La Vie.txt
59-0415A;La Voie À Laquelle Dieu A Pourvue;SHEKINAH;71;59-0415A - La Voie À Laquelle Dieu A Pourvue.txt
59-0415E;La Foi D’Abraham;SHEKINAH;102;59-0415E - La Foi D’Abraham.txt
59-0416;El-shaddaï;SHEKINAH;86;59-0416 - El-shaddaï.txt
59-0417;Jéhovah-Jiré;SHEKINAH;85;59-0417 - Jéhovah-Jiré.txt
59-0418;Un Temps De Décision;SHEKINAH;95;59-0418 - Un Temps De Décision.txt
59-0419A;Histoire De Ma Vie;SHEKINAH;306;59-0419A - Histoire De Ma Vie.txt
59-0419E;Montre-Nous Le Père Et Cela Nous Suffit;SHEKINAH;91;59-0419E - Montre-Nous Le Père Et Cela Nous Suffit.txt
59-0422;Nous Voudrions Voir Jésus;SHEKINAH;85;59-0422 - Nous Voudrions Voir Jésus.txt
59-0423;La Postérité D'Abraham;SHEKINAH;60;59-0423 - La Postérité D'Abraham.txt
59-0424A;Le Fidèle Abraham;SHEKINAH;158;59-0424A - Le Fidèle Abraham.txt
59-0424E;Ecoutez-Le;SHEKINAH;92;59-0424E - Ecoutez-Le.txt
59-0510E;Qui Est Celui-Ci?;SHEKINAH;51;59-0510E - Qui Est Celui-Ci.txt
59-0510M;La Fête Des Mères;SHEKINAH;105;59-0510M - La Fête Des Mères.txt
59-0525;Les Images de Christ;SHEKINAH;66;59-0525 - Les Images de Christ.txt
59-0609;Qu’Entends-Tu, Élie?;SHEKINAH;174;59-0609 - Qu’Entends-Tu, Élie.txt
59-0610;Quand j'ai réfléchi à mes voies;SHEKINAH;109;59-0610 - Quand j'ai réfléchi à mes voies.txt
59-0611;Le Temps De Décision;SHEKINAH;111;59-0611 - Le Temps De Décision.txt
59-0612;Tous Les Jours De Notre Vie;SHEKINAH;87;59-0612 - Tous Les Jours De Notre Vie.txt
59-0613;Avoir Soif De La Vie;SHEKINAH;48;59-0613 - Avoir Soif De La Vie.txt
59-0614;Du Baume En Galaad;SHEKINAH;81;59-0614 - Du Baume En Galaad.txt
59-0628E;Questions Et Réponses;SHEKINAH;200;59-0628E - Questions Et Réponses.txt
59-0628M;Une Église Séduite Par Le Monde;SHEKINAH;114;59-0628M - Une Église Séduite Par Le Monde.txt
59-0702;Où est partie ta force, Samson?;SHEKINAH;36;59-0702 - Où est partie ta force, Samson.txt
59-0706;Réfléchissons À Nos Voies;SHEKINAH;46;59-0706 - Réfléchissons À Nos Voies.txt
59-0707;Du baume en Galaad;SHEKINAH;68;59-0707 - Du baume en Galaad.txt
59-0708E;Soyez Certain De Dieu;SHEKINAH;85;59-0708E - Soyez Certain De Dieu.txt
59-0708M;La Dédicace D'Une Eglise;SHEKINAH;117;59-0708M - La Dédicace D'Une Eglise.txt
59-0712;Une Délivrance totale;SHEKINAH;105;59-0712 - Une Délivrance totale.txt
59-0802;Sans argent, sans rien payer (Le Salut sans rien payer);SHEKINAH;141;59-0802 - Sans argent, sans rien payer (Le Salut sans rien payer).txt
59-0810;La Réaction À Une Action;SHEKINAH;63;59-0810 - La Réaction À Une Action.txt
59-0811;C’est Moi, N’ayez Pas Peur;SHEKINAH;66;59-0811 - C’est Moi, N’ayez Pas Peur.txt
59-0812;Discerner le corps du seigneur;SHEKINAH;124;59-0812 - Discerner le corps du seigneur.txt
59-0813;Pourquoi ?  (Du Baume en Galaad);SHEKINAH;148;59-0813 - Pourquoi - (Du Baume en Galaad).txt
59-0814;Quand J’ai Réfléchi À Mes Voies;SHEKINAH;94;59-0814 - Quand J’ai Réfléchi À Mes Voies.txt
59-0815;Pareil À L’Aigle Qui Éveille Sa Couvée;SHEKINAH;92;59-0815 - Pareil À L’Aigle Qui Éveille Sa Couvée.txt
59-0823;Le Gazam, La Sauterelle, Le Jélek Et Le Hasil;SHEKINAH;126;59-0823 - Le Gazam, La Sauterelle, Le Jélek Et Le Hasil.txt
59-0920;Planter la vigne et où la planter;SHEKINAH;8;59-0920 - Planter la vigne et où la planter.txt
59-1001;Qu'êtes-Vous Allés Voir? (Qu'êtes-Vous Venus Entendre?);SHEKINAH;61;59-1001 - Qu'êtes-Vous Allés Voir- (Qu'êtes-Vous Venus Entendre-).txt
59-1004E;Pourquoi Crier? Parle! (Attitude Envers L’Oint De Dieu);SHEKINAH;77;59-1004E - Pourquoi Crier- Parle! (Attitude Envers L’Oint De Dieu).txt
59-1004M;Qui Est Celui-Ci?;SHEKINAH;77;59-1004M - Qui Est Celui-Ci.txt
59-1108;Posséder Les Portes De L’Ennemi;SHEKINAH;144;59-1108 - Posséder Les Portes De L’Ennemi.txt
59-1115;Mon Nouveau Ministère;SHEKINAH;96;59-1115 - Mon Nouveau Ministère.txt
59-1120;Un Prophète Comme Moïse;SHEKINAH;67;59-1120 - Un Prophète Comme Moïse.txt
59-1121;Ta Postérité Possédera La Porte De Son Ennemi;SHEKINAH;55;59-1121 - Ta Postérité Possédera La Porte De Son Ennemi.txt
59-1122;Qui est celui-ci ?;SHEKINAH;62;59-1122 - Qui est celui-ci.txt
59-1123;Parle à cette montagne;SHEKINAH;181;59-1123 - Parle à cette montagne.txt
59-1124;Du Baume En Galaad;SHEKINAH;57;59-1124 - Du Baume En Galaad.txt
59-1125;Au Commencement, Il N’en Était Pas Ainsi;SHEKINAH;78;59-1125 - Au Commencement, Il N’en Était Pas Ainsi.txt
59-1126;Le Jéhovah des miracles;SHEKINAH;73;59-1126 - Le Jéhovah des miracles.txt
59-1127;L'Aveugle Bartimée;SHEKINAH;76;59-1127 - L'Aveugle Bartimée.txt
59-1128;La Porte Du Coeur;SHEKINAH;66;59-1128 - La Porte Du Coeur.txt
59-1129;Voir Dieu;SHEKINAH;276;59-1129 - Voir Dieu.txt
59-1216;Qu’Est-Ce Que Le Saint-Esprit?;SHEKINAH;144;59-1216 - Qu’Est-Ce Que Le Saint-Esprit.txt
59-1217;Pourquoi Le Saint-Esprit A-T-Il Eté Donné?;SHEKINAH;174;59-1217 - Pourquoi Le Saint-Esprit A-T-Il Eté Donné.txt
59-1219;Questions et réponses sur le Saint-Esprit;SHEKINAH;217;59-1219 - Questions et réponses sur le Saint-Esprit.txt
59-1220E;Identifié À Christ;SHEKINAH;123;59-1220E - Identifié À Christ.txt
59-1220M;Conférence avec Dieu;SHEKINAH;91;59-1220M - Conférence avec Dieu.txt
59-1223;Questions Et Réponses;SHEKINAH;182;59-1223 - Questions Et Réponses.txt
59-1227E;Un Super sens;SHEKINAH;194;59-1227E - Un Super sens.txt
59-1227M;Un Super signe;SHEKINAH;176;59-1227M - Un Super signe.txt
59-1231;Et dès ce moment-là;SHEKINAH;106;59-1231 - Et dès ce moment-là.txt
60-0108;Une Conférence avec Dieu;SHEKINAH;47;60-0108 - Une Conférence avec Dieu.txt
60-0109;Messieurs, Nous Voudrions Voir Jésus;SHEKINAH;87;60-0109 - Messieurs, Nous Voudrions Voir Jésus.txt
60-0110;La Reine De Séba;SHEKINAH;96;60-0110 - La Reine De Séba.txt
60-0210;Témoignage de William Branham;SHEKINAH;42;60-0210 - Témoignage de William Branham.txt
60-0210E;Et Dès Ce Moment-Là;SHEKINAH;122;60-0210E - Et Dès Ce Moment-Là.txt
60-0221;Entendre, reconnaître et agir sur la Parole de Dieu;SHEKINAH;275;60-0221 - Entendre, reconnaître et agir sur la Parole de Dieu.txt
60-0228;Les Conférences;SHEKINAH;64;60-0228 - Les Conférences.txt
60-0229;La Tempête approche;SHEKINAH;54;60-0229 - La Tempête approche.txt
60-0301;Il prend soin de vous;SHEKINAH;168;60-0301 - Il prend soin de vous.txt
60-0302;Dès ce moment;SHEKINAH;74;60-0302 - Dès ce moment.txt
60-0303;La Pluie de la première et de l'arrière saison;SHEKINAH;140;60-0303 - La Pluie de la première et de l'arrière saison.txt
60-0304;Avoir soif de la vie;SHEKINAH;174;60-0304 - Avoir soif de la vie.txt
60-0305;N’ayez Pas Peur, C’est Moi;SHEKINAH;80;60-0305 - N’ayez Pas Peur, C’est Moi.txt
60-0306;Il N’en Était Pas Ainsi Au Commencement;SHEKINAH;66;60-0306 - Il N’en Était Pas Ainsi Au Commencement.txt
60-0308;Le Discernement De L'Esprit (L’Esprit Parle Par Le Prophète);SHEKINAH;112;60-0308 - Le Discernement De L'Esprit (L’Esprit Parle Par Le Prophète).txt
60-0309;Pourquoi?;SHEKINAH;76;60-0309 - Pourquoi.txt
60-0310;Elie et l'offrande de farine;SHEKINAH;147;60-0310 - Elie et l'offrande de farine.txt
60-0311;La Foi de marie;SHEKINAH;77;60-0311 - La Foi de marie.txt
60-0312;La Porte Du Coeur;SHEKINAH;61;60-0312 - La Porte Du Coeur.txt
60-0313;Ecoutez-Le;SHEKINAH;86;60-0313 - Ecoutez-Le.txt
60-0326;Le Dieu immuable;SHEKINAH;85;60-0326 - Le Dieu immuable.txt
60-0328;Y a-t-il quelque chose qui soit trop difficile pour le seigneur ?;SHEKINAH;38;60-0328 - Y a-t-il quelque chose qui soit trop difficile pour le seigneur.txt
60-0329;C'est Moi, N'ayez Pas Peur;SHEKINAH;60;60-0329 - C'est Moi, N'ayez Pas Peur.txt
60-0330;L'Aveugle Bartimée;SHEKINAH;132;60-0330 - L'Aveugle Bartimée.txt
60-0331;Dès Ce Moment;SHEKINAH;50;60-0331 - Dès Ce Moment.txt
60-0401E;La Reine De Séba;SHEKINAH;84;60-0401E - La Reine De Séba.txt
60-0401M;Pourquoi ?;SHEKINAH;29;60-0401M - Pourquoi.txt
60-0402;Crois-tu cela ?;SHEKINAH;55;60-0402 - Crois-tu cela.txt
60-0403;Pareil À L’Aigle Qui Éveille;SHEKINAH;299;60-0403 - Pareil À L’Aigle Qui Éveille.txt
60-0417M;Allez dire! Courir sans un message;SHEKINAH;314;60-0417M - Allez dire! Courir sans un message.txt
60-0417S;Je sais;SHEKINAH;109;60-0417S - Je sais.txt
60-0515E;L'Epitre Aux Ephésiens Est Comparable Au Livre De Josué;SHEKINAH;153;60-0515E - L'Epitre Aux Ephésiens Est Comparable Au Livre De Josué.txt
60-0515M;Le Roi rejeté;SHEKINAH;150;60-0515M - Le Roi rejeté.txt
60-0518;Les Fils De Dieu Manifestés;SHEKINAH;234;60-0518 - Les Fils De Dieu Manifestés.txt
60-0522E;L'Adoption;SHEKINAH;230;60-0522E - L'Adoption.txt
60-0522M;L'Adoption (La Position En Christ);SHEKINAH;223;60-0522M - L'Adoption (La Position En Christ).txt
60-0604;À Qui Irons-Nous?;SHEKINAH;81;60-0604 - À Qui Irons-Nous.txt
60-0606;À Qui Irions-Nous?;SHEKINAH;93;60-0606 - À Qui Irions-Nous.txt
60-0607;Entendre, reconnaitre et agir;SHEKINAH;77;60-0607 - Entendre, reconnaitre et agir.txt
60-0608;Tenir Des Conférences;SHEKINAH;99;60-0608 - Tenir Des Conférences.txt
60-0609;N’Ayez Pas Peur;SHEKINAH;83;60-0609 - N’Ayez Pas Peur.txt
60-0610;Le Roi Rejeté;SHEKINAH;100;60-0610 - Le Roi Rejeté.txt
60-0611B;La Communion;SHEKINAH;61;60-0611B - La Communion.txt
60-0611E;La Foi, C'est Le Sixième Sens;SHEKINAH;226;60-0611E - La Foi, C'est Le Sixième Sens.txt
60-0612;Parle À Ce Rocher;SHEKINAH;65;60-0612 - Parle À Ce Rocher.txt
60-0626;Les Réalités Infaillibles Du Dieu Vivant;SHEKINAH;267;60-0626 - Les Réalités Infaillibles Du Dieu Vivant.txt
60-0630;L'Approche À Laquelle Dieu A Pourvue Pour Communier;SHEKINAH;91;60-0630 - L'Approche À Laquelle Dieu A Pourvue Pour Communier.txt
60-0708;Messieurs, Nous Voudrions Voir Jésus;SHEKINAH;103;60-0708 - Messieurs, Nous Voudrions Voir Jésus.txt
60-0709;Approche À Laquelle Dieu A Pourvue Pour La Communion;SHEKINAH;103;60-0709 - Approche À Laquelle Dieu A Pourvue Pour La Communion.txt
60-0710;La Reine De Séba;SHEKINAH;120;60-0710 - La Reine De Séba.txt
60-0711;La Porte dans la porte;SHEKINAH;78;60-0711 - La Porte dans la porte.txt
60-0712;Ecoutez-le (adoption);SHEKINAH;104;60-0712 - Ecoutez-le (adoption).txt
60-0713;L'Aveugle Bartimée;SHEKINAH;115;60-0713 - L'Aveugle Bartimée.txt
60-0716;Dès ce moment;SHEKINAH;133;60-0716 - Dès ce moment.txt
60-0717;N’Ayez Pas Peur;SHEKINAH;120;60-0717 - N’Ayez Pas Peur.txt
60-0720;C’Est Moi;SHEKINAH;78;60-0720 - C’Est Moi.txt
60-0722;Sentinelle, Que Dis-Tu De La Nuit?;SHEKINAH;95;60-0722 - Sentinelle, Que Dis-Tu De La Nuit.txt
60-0723;Parle à ce rocher et il donnera ses eaux;SHEKINAH;68;60-0723 - Parle à ce rocher et il donnera ses eaux.txt
60-0724;La Parole immuable de Dieu (Dieu tient sa parole);SHEKINAH;108;60-0724 - La Parole immuable de Dieu (Dieu tient sa parole).txt
60-0729;Ce qu’il faut pour triompher de toute incrédulité: notre Foi;SHEKINAH;91;60-0729 - Ce qu’il faut pour triompher de toute incrédulité- notre Foi.txt
60-0731;Montre-Nous Le Père Et Cela Nous Suffit;SHEKINAH;101;60-0731 - Montre-Nous Le Père Et Cela Nous Suffit.txt
60-0802;Jéhovah-Jiré 2  (El-Shaddaï);SHEKINAH;93;60-0802 - Jéhovah-Jiré 2 (El-Shaddaï).txt
60-0803;Jéhovah-Jiré 3  (Abraham);SHEKINAH;85;60-0803 - Jéhovah-Jiré 3 (Abraham).txt
60-0804;Pareil À L’Aigle Qui Éveille Sa Couvée;SHEKINAH;93;60-0804 - Pareil À L’Aigle Qui Éveille Sa Couvée.txt
60-0805;L’Agneau Et La Colombe;SHEKINAH;102;60-0805 - L’Agneau Et La Colombe.txt
60-0806;Ecoutez-Le;SHEKINAH;77;60-0806 - Ecoutez-Le.txt
60-0807;Débat sur le parler en langues;SHEKINAH;32;60-0807 - Débat sur le parler en langues.txt
60-0911E;Les Cinq identifications précises de la vraie Eglise du Dieu vivant;SHEKINAH;187;60-0911E - Les Cinq identifications précises de la vraie Eglise du Dieu vivant.txt
60-0911M;Je Serai Avec Toi Comme J'ai Eté Avec Moïse;SHEKINAH;149;60-0911M - Je Serai Avec Toi Comme J'ai Eté Avec Moïse.txt
60-0924;Les Condoléances à la famille Stadsklev;SHEKINAH;22;60-0924 - Les Condoléances à la famille Stadsklev.txt
60-0925;Ce Jour-Là Sur Le Calvaire;SHEKINAH;131;60-0925 - Ce Jour-Là Sur Le Calvaire.txt
60-0930;Les Visions de William Branham;SHEKINAH;44;60-0930 - Les Visions de William Branham.txt
60-1002;Le Parent Rédempteur;SHEKINAH;249;60-1002 - Le Parent Rédempteur.txt
60-1113;La Condamnation par représentation;SHEKINAH;250;60-1113 - La Condamnation par représentation.txt
60-1124;C’est Moi;SHEKINAH;38;60-1124 - C’est Moi.txt
60-1125;Une Conférence;SHEKINAH;84;60-1125 - Une Conférence.txt
60-1126;Pourquoi?;SHEKINAH;93;60-1126 - Pourquoi.txt
60-1127E;La Reine Du Midi;SHEKINAH;114;60-1127E - La Reine Du Midi.txt
60-1127M;Il N’En Était Pas Ainsi Au Commencement;SHEKINAH;53;60-1127M - Il N’En Était Pas Ainsi Au Commencement.txt
60-1204E;La Vision de Patmos (La Vision de Patmos de Jean);SHEKINAH;158;60-1204E - La Vision de Patmos (La Vision de Patmos de Jean).txt
60-1204M;La Révélation de Jésus-Christ;SHEKINAH;415;60-1204M - La Révélation de Jésus-Christ.txt
60-1205;L'Age de l'Eglise d'Ephese;SHEKINAH;299;60-1205 - L'Age de l'Eglise d'Ephese.txt
60-1206;L'Age de l'Eglise de Smyrne;SHEKINAH;206;60-1206 - L'Age de l'Eglise de Smyrne.txt
60-1207;L'Age de l'Eglise de Pergame;SHEKINAH;278;60-1207 - L'Age de l'Eglise de Pergame.txt
60-1208;L'Age de l'Eglise de Thyatire;SHEKINAH;252;60-1208 - L'Age de l'Eglise de Thyatire.txt
60-1209;L'Age de l'Eglise de Sardes;SHEKINAH;215;60-1209 - L'Age de l'Eglise de Sardes.txt
60-1210;L'Age de l'Eglise de Philadelphie;SHEKINAH;139;60-1210 - L'Age de l'Eglise de Philadelphie.txt
60-1211E;L'Age de l'Eglise de Laodicée;SHEKINAH;322;60-1211E - L'Age de l'Eglise de Laodicée.txt
60-1211M;Les Dix Vierges;SHEKINAH;357;60-1211M - Les Dix Vierges.txt
60-1218;Le Son Confus;SHEKINAH;517;60-1218 - Le Son Confus.txt
60-1225;Le Don Enveloppé De Dieu;SHEKINAH;162;60-1225 - Le Don Enveloppé De Dieu.txt
60-1231;Apocalypse chapitre Quatre #1;SHEKINAH;128;60-1231 - Apocalypse chapitre Quatre #1.txt
61-0101;Les Vingt-quatre Anciens (Apocalypse chapitre Quatre #2);SHEKINAH;324;61-0101 - Les Vingt-quatre Anciens (Apocalypse chapitre Quatre #2).txt
61-0108;Le Trône (Apocalypse chapitre Quatre #3);SHEKINAH;387;61-0108 - Le Trône (Apocalypse chapitre Quatre #3).txt
61-0112;Questions Et Réponses;SHEKINAH;542;61-0112 - Questions Et Réponses.txt
61-0117;Le Messie;SHEKINAH;93;61-0117 - Le Messie.txt
61-0118;Jésus-Christ Est Le Même Hier, Aujourd’hui Et Éternellement;SHEKINAH;97;61-0118 - Jésus-Christ Est Le Même Hier, Aujourd’hui Et Éternellement.txt
61-0119E;La Reine de Séba;SHEKINAH;173;61-0119E - La Reine de Séba.txt
61-0119M;Les Choses N'étaient Pas Ainsi Au Commencement (Il N’en Etait Pas Ainsi Au Commencement);SHEKINAH;46;61-0119M - Les Choses N'étaient Pas Ainsi Au Commencement (Il N’en Etait Pas Ains.txt
61-0121;La Foi de marie;SHEKINAH;67;61-0121 - La Foi de marie.txt
61-0122;Pareil À L'Aigle Qui Eveille Sa Couvée;SHEKINAH;95;61-0122 - Pareil À L'Aigle Qui Eveille Sa Couvée.txt
61-0123;N’Ayez Pas Peur, C’est Moi;SHEKINAH;83;61-0123 - N’Ayez Pas Peur, C’est Moi.txt
61-0124;Aveugle Bartimée;SHEKINAH;102;61-0124 - Aveugle Bartimée.txt
61-0125;Pourquoi?;SHEKINAH;97;61-0125 - Pourquoi.txt
61-0128;Pourquoi?;SHEKINAH;95;61-0128 - Pourquoi.txt
61-0129;Se tourner vers le nord;SHEKINAH;57;61-0129 - Se tourner vers le nord.txt
61-0205E;Jésus-Christ Est Le Même Hier, Aujourd’hui Et Éternellement;SHEKINAH;103;61-0205E - Jésus-Christ Est Le Même Hier, Aujourd’hui Et Éternellement.txt
61-0205M;Expectative;SHEKINAH;57;61-0205M - Expectative.txt
61-0207;Expectative;SHEKINAH;77;61-0207 - Expectative.txt
61-0208;Messieurs, Nous Voudrions Voir Jésus;SHEKINAH;108;61-0208 - Messieurs, Nous Voudrions Voir Jésus.txt
61-0209;Jéhovah-Jiré;SHEKINAH;91;61-0209 - Jéhovah-Jiré.txt
61-0210;L’Alliance confirmée d’Abraham;SHEKINAH;210;61-0210 - L’Alliance confirmée d’Abraham.txt
61-0211;Abraham;SHEKINAH;92;61-0211 - Abraham.txt
61-0212E;C’est Moi, N’ayez Pas Peur;SHEKINAH;93;61-0212E - C’est Moi, N’ayez Pas Peur.txt
61-0212M;Jéhovah-Jiré (Le Fidèle Abraham);SHEKINAH;61;61-0212M - Jéhovah-Jiré (Le Fidèle Abraham).txt
61-0213;Et Ta Postérité Possédera La Porte De Ses Ennemis;SHEKINAH;73;61-0213 - Et Ta Postérité Possédera La Porte De Ses Ennemis.txt
61-0214;La Base De La Communion;SHEKINAH;67;61-0214 - La Base De La Communion.txt
61-0215;Fils De David, Aie Pitié De Moi (Aveugle Bartimée);SHEKINAH;90;61-0215 - Fils De David, Aie Pitié De Moi (Aveugle Bartimée).txt
61-0216;Le Sceau de Dieu;SHEKINAH;96;61-0216 - Le Sceau de Dieu.txt
61-0217;La Marque de la bête;SHEKINAH;85;61-0217 - La Marque de la bête.txt
61-0218;Du Baume En Galaad;SHEKINAH;89;61-0218 - Du Baume En Galaad.txt
61-0219;La Reine De Séba;SHEKINAH;98;61-0219 - La Reine De Séba.txt
61-0224;N'Ayez Pas Peur;SHEKINAH;119;61-0224 - N'Ayez Pas Peur.txt
61-0226;Jéhovah-Jiré;SHEKINAH;100;61-0226 - Jéhovah-Jiré.txt
61-0305;Au-Delà Du Rideau Du Temps;SHEKINAH;76;61-0305 - Au-Delà Du Rideau Du Temps.txt
61-0308;L'Expectative;SHEKINAH;93;61-0308 - L'Expectative.txt
61-0311;N’Ayez Pas Peur;SHEKINAH;122;61-0311 - N’Ayez Pas Peur.txt
61-0312;Jéhovah-Jiré;SHEKINAH;124;61-0312 - Jéhovah-Jiré.txt
61-0315;Un Son confus;SHEKINAH;223;61-0315 - Un Son confus.txt
61-0316;L'Eglise Choisissant La Loi Au Lieu De La Grâce;SHEKINAH;78;61-0316 - L'Eglise Choisissant La Loi Au Lieu De La Grâce.txt
61-0317;L'Alliance De Grâce D'Abraham;SHEKINAH;79;61-0317 - L'Alliance De Grâce D'Abraham.txt
61-0318;L'Alliance Confirmée D'Abraham;SHEKINAH;177;61-0318 - L'Alliance Confirmée D'Abraham.txt
61-0319;La Religion de Jézabel;SHEKINAH;164;61-0319 - La Religion de Jézabel.txt
61-0402;Le Véritable sceau de pâques;SHEKINAH;238;61-0402 - Le Véritable sceau de pâques.txt
61-0409;Messieurs, Nous Voudrions Voir Jésus;SHEKINAH;82;61-0409 - Messieurs, Nous Voudrions Voir Jésus.txt
61-0410;Les Conférences;SHEKINAH;101;61-0410 - Les Conférences.txt
61-0411;Mais Il N’En Était Pas Ainsi Au Commencement;SHEKINAH;114;61-0411 - Mais Il N’En Était Pas Ainsi Au Commencement.txt
61-0412;Il Y A Ici Plus Que Salomon;SHEKINAH;126;61-0412 - Il Y A Ici Plus Que Salomon.txt
61-0413;Pourquoi?;SHEKINAH;122;61-0413 - Pourquoi.txt
61-0414;N’Ayez Pas Peur, C’est Moi;SHEKINAH;83;61-0414 - N’Ayez Pas Peur, C’est Moi.txt
61-0415B;Dès Ce Moment;SHEKINAH;81;61-0415B - Dès Ce Moment.txt
61-0415E;Le Son confus;SHEKINAH;101;61-0415E - Le Son confus.txt
61-0416;Abraham Et Sa Postérité Après Lui;SHEKINAH;104;61-0416 - Abraham Et Sa Postérité Après Lui.txt
61-0423;Abraham Et Sa Postérité Après Lui;SHEKINAH;97;61-0423 - Abraham Et Sa Postérité Après Lui.txt
61-0424;Le Plus Grand Flash D'information De L'histoire (Venez, Croyez Et Allez);SHEKINAH;191;61-0424 - Le Plus Grand Flash D'information De L'histoire (Venez, Croyez Et Alle.txt
61-0425B;La Divinité Expliquée;SHEKINAH;301;61-0425B - La Divinité Expliquée.txt
61-0425E;La Béatitude oubliée;SHEKINAH;130;61-0425E - La Béatitude oubliée.txt
61-0426;Le Prophète Michée;SHEKINAH;87;61-0426 - Le Prophète Michée.txt
61-0427;Crois Seulement;SHEKINAH;71;61-0427 - Crois Seulement.txt
61-0428;Entrer Dans L’Esprit;SHEKINAH;114;61-0428 - Entrer Dans L’Esprit.txt
61-0429B;Un des hommes les plus méchants de la ville (Jésus aux pieds sales);SHEKINAH;114;61-0429B - Un des hommes les plus méchants de la ville (Jésus aux pieds sales).txt
61-0429E;Un Son confus;SHEKINAH;98;61-0429E - Un Son confus.txt
61-0430;Un Super Signe;SHEKINAH;144;61-0430 - Un Super Signe.txt
61-0515;Il Y A Ici Plus Que Salomon;SHEKINAH;103;61-0515 - Il Y A Ici Plus Que Salomon.txt
61-0516A;Jésus-Christ Est Le Même Hier, Aujourd’hui Et Eternellement;SHEKINAH;95;61-0516A - Jésus-Christ Est Le Même Hier, Aujourd’hui Et Eternellement.txt
61-0516M;La Voie À Laquelle Dieu A Pourvue;SHEKINAH;57;61-0516M - La Voie À Laquelle Dieu A Pourvue.txt
61-0517;C’est Moi;SHEKINAH;92;61-0517 - C’est Moi.txt
61-0519;Messieurs, Nous Voudrions Voir Jésus;SHEKINAH;94;61-0519 - Messieurs, Nous Voudrions Voir Jésus.txt
61-0520;Dès Ce Moment;SHEKINAH;95;61-0520 - Dès Ce Moment.txt
61-0521;Montre-nous le Père;SHEKINAH;110;61-0521 - Montre-nous le Père.txt
61-0611;Apocalypse chapitre Cinq #1 (Le Serpent écrasé);SHEKINAH;185;61-0611 - Apocalypse chapitre Cinq #1 (Le Serpent écrasé).txt
61-0618;Apocalypse chapitre Cinq #2;SHEKINAH;257;61-0618 - Apocalypse chapitre Cinq #2.txt
61-0723E;Dieu Mal Compris;SHEKINAH;267;61-0723E - Dieu Mal Compris.txt
61-0723M;L'Eau toujours présente du rocher;SHEKINAH;233;61-0723M - L'Eau toujours présente du rocher.txt
61-0730E;Les Six buts de la visite de Gabriel à Daniel;SHEKINAH;157;61-0730E - Les Six buts de la visite de Gabriel à Daniel.txt
61-0730M;Les Instructions de Gabriel à Daniel;SHEKINAH;169;61-0730M - Les Instructions de Gabriel à Daniel.txt
61-0806;La Soixante-dixième semaine de Daniel;SHEKINAH;230;61-0806 - La Soixante-dixième semaine de Daniel.txt
61-0808;Ta famille (Crois au Seigneur, suivi des questions);SHEKINAH;108;61-0808 - Ta famille (Crois au Seigneur, suivi des questions).txt
61-0813;La Foi;SHEKINAH;24;61-0813 - La Foi.txt
61-0827;Le Message de grâce;SHEKINAH;277;61-0827 - Le Message de grâce.txt
61-0903;QUE VOTRE LUMIERE LUISE AINSI DEVANT LES HOMMES (LE PANNEAU PUBLICITAIRE DE DIEU);SHEKINAH;71;61-0903 - QUE VOTRE LUMIERE LUISE AINSI DEVANT LES HOMMES (LE PANNEAU PUBLICITAI.txt
61-1001E;Le Consolateur;SHEKINAH;203;61-1001E - Le Consolateur.txt
61-1001M;Il est convenable que nous accomplissions toute justice;SHEKINAH;241;61-1001M - Il est convenable que nous accomplissions toute justice.txt
61-1015E;Le Respect;SHEKINAH;229;61-1015E - Le Respect.txt
61-1015M;Questions et Réponses;SHEKINAH;270;61-1015M - Questions et Réponses.txt
61-1105;Le Témoignage D'un Vrai Témoin;SHEKINAH;228;61-1105 - Le Témoignage D'un Vrai Témoin.txt
61-1112;Un Vrai Signe Passé Inaperçu;SHEKINAH;241;61-1112 - Un Vrai Signe Passé Inaperçu.txt
61-1119;La Force Parfaite Par La Faiblesse Parfaite;SHEKINAH;399;61-1119 - La Force Parfaite Par La Faiblesse Parfaite.txt
61-1210;Un Paradoxe;SHEKINAH;317;61-1210 - Un Paradoxe.txt
61-1217;Le Christianisme Contre L'Idolâtrie;SHEKINAH;289;61-1217 - Le Christianisme Contre L'Idolâtrie.txt
61-1224;Messieurs, Nous Voudrions Voir Jésus (Message De Noël);SHEKINAH;217;61-1224 - Messieurs, Nous Voudrions Voir Jésus (Message De Noël).txt
61-1231E;Si Dieu Est Avec Nous, Où Sont Alors Tous Les Prodiges? (Message De Nouvel An);SHEKINAH;296;61-1231E - Si Dieu Est Avec Nous, Où Sont Alors Tous Les Prodiges- (Message De No.txt
61-1231M;Vous Devez Naitre De Nouveau;SHEKINAH;207;61-1231M - Vous Devez Naitre De Nouveau.txt
62-0117;Présumer;SHEKINAH;529;62-0117 - Présumer.txt
62-0118;Convaincu, puis concerné;SHEKINAH;176;62-0118 - Convaincu, puis concerné.txt
62-0119;Une Bannière;SHEKINAH;97;62-0119 - Une Bannière.txt
62-0120;Le Dieu immuable agissant de façon inattendue (Le Dieu immuable);SHEKINAH;117;62-0120 - Le Dieu immuable agissant de façon inattendue (Le Dieu immuable).txt
62-0121E;Les Noces de l'agneau;SHEKINAH;132;62-0121E - Les Noces de l'agneau.txt
62-0121M;Et Ta Postérité Possédera La Porte De Son Ennemi;SHEKINAH;107;62-0121M - Et Ta Postérité Possédera La Porte De Son Ennemi.txt
62-0122;La Confirmation De La Commission;SHEKINAH;153;62-0122 - La Confirmation De La Commission.txt
62-0123;Abandonnant tout;SHEKINAH;153;62-0123 - Abandonnant tout.txt
62-0124;N'Est-Ce Pas Moi Qui T'envoie?;SHEKINAH;158;62-0124 - N'Est-Ce Pas Moi Qui T'envoie.txt
62-0127;L'Homme Le Plus Méchant Que Je Connaisse;SHEKINAH;130;62-0127 - L'Homme Le Plus Méchant Que Je Connaisse.txt
62-0128A;Un Paradoxe;SHEKINAH;112;62-0128A - Un Paradoxe.txt
62-0128M;L'Incrédulité N'Arrête Pas Dieu;SHEKINAH;71;62-0128M - L'Incrédulité N'Arrête Pas Dieu.txt
62-0129;Le Ministère expliqué;SHEKINAH;52;62-0129 - Le Ministère expliqué.txt
62-0204;La Communion;SHEKINAH;137;62-0204 - La Communion.txt
62-0211;L'Unité (L'unité avec Dieu);SHEKINAH;243;62-0211 - L'Unité (L'unité avec Dieu).txt
62-0218;La Persévérance;SHEKINAH;336;62-0218 - La Persévérance.txt
62-0311;La Plus Grande Bataille Jamais Livrée;SHEKINAH;197;62-0311 - La Plus Grande Bataille Jamais Livrée.txt
62-0313;Les Expressions (funérailles de la soeur Bell);SHEKINAH;29;62-0313 - Les Expressions (funérailles de la soeur Bell).txt
62-0318E;La Parole parlée est la semence originelle #2;SHEKINAH;1;62-0318E - La Parole parlée est la semence originelle #2.txt
62-0318M;La Parole parlée est la semence originelle #1;SHEKINAH;28;62-0318M - La Parole parlée est la semence originelle #1.txt
62-0319;Le Signe de la semence du temps de la fin;SHEKINAH;157;62-0319 - Le Signe de la semence du temps de la fin.txt
62-0401;La Sagesse contre La Foi;SHEKINAH;370;62-0401 - La Sagesse contre La Foi.txt
62-0407;Les Signes de sa venue;SHEKINAH;152;62-0407 - Les Signes de sa venue.txt
62-0408;Présumer;SHEKINAH;85;62-0408 - Présumer.txt
62-0422;La Restitution De L'Arbre-Épouse;SHEKINAH;381;62-0422 - La Restitution De L'Arbre-Épouse.txt
62-0506;Possédant Toutes Choses;SHEKINAH;146;62-0506 - Possédant Toutes Choses.txt
62-0513E;Laisser échapper la pression;SHEKINAH;149;62-0513E - Laisser échapper la pression.txt
62-0513M;La Manière D'un Vrai Prophète;SHEKINAH;285;62-0513M - La Manière D'un Vrai Prophète.txt
62-0518;Laisser Échapper La Pression;SHEKINAH;123;62-0518 - Laisser Échapper La Pression.txt
62-0519;La Communion;SHEKINAH;65;62-0519 - La Communion.txt
62-0520;La Persévérance;SHEKINAH;93;62-0520 - La Persévérance.txt
62-0521;Convaincu, et puis concerné;SHEKINAH;143;62-0521 - Convaincu, et puis concerné.txt
62-0527;Questions Et Réponses;SHEKINAH;270;62-0527 - Questions Et Réponses.txt
62-0531;Conflit entre Dieu et Satan;SHEKINAH;270;62-0531 - Conflit entre Dieu et Satan.txt
62-0601;Se Ranger Du Côté De Jésus;SHEKINAH;282;62-0601 - Se Ranger Du Côté De Jésus.txt
62-0603;L'Evangélisation au temps de la fin;SHEKINAH;30;62-0603 - L'Evangélisation au temps de la fin.txt
62-0607;Se revêtir de toutes les armes de Dieu;SHEKINAH;120;62-0607 - Se revêtir de toutes les armes de Dieu.txt
62-0608;La Persévérance;SHEKINAH;132;62-0608 - La Persévérance.txt
62-0609B;Montre nous le Père et cela nous suffit (Voir Dieu);SHEKINAH;40;62-0609B - Montre nous le Père et cela nous suffit (Voir Dieu).txt
62-0609E;Laisser Échapper La Pression;SHEKINAH;80;62-0609E - Laisser Échapper La Pression.txt
62-0610E;Concerné et convaincu;SHEKINAH;182;62-0610E - Concerné et convaincu.txt
62-0610M;Présumer;SHEKINAH;108;62-0610M - Présumer.txt
62-0611;C'est Moi, N'ayez Pas Peur;SHEKINAH;101;62-0611 - C'est Moi, N'ayez Pas Peur.txt
62-0612;Voici, Un Plus Grand Que Salomon Est Ici;SHEKINAH;115;62-0612 - Voici, Un Plus Grand Que Salomon Est Ici.txt
62-0620;N’Ayez Pas Peur;SHEKINAH;106;62-0620 - N’Ayez Pas Peur.txt
62-0621B;Le Sentier de la vie;SHEKINAH;119;62-0621B - Le Sentier de la vie.txt
62-0621E;Confirmation et évidence;SHEKINAH;87;62-0621E - Confirmation et évidence.txt
62-0622B;Laisser Échapper La Pression;SHEKINAH;44;62-0622B - Laisser Échapper La Pression.txt
62-0622E;Pourquoi?;SHEKINAH;78;62-0622E - Pourquoi.txt
62-0623;Être Persévérant;SHEKINAH;133;62-0623 - Être Persévérant.txt
62-0624;Un Super signe;SHEKINAH;94;62-0624 - Un Super signe.txt
62-0627;Nous Voudrions Voir Jésus;SHEKINAH;114;62-0627 - Nous Voudrions Voir Jésus.txt
62-0628;Il Y A Ici Plus Que Salomon;SHEKINAH;134;62-0628 - Il Y A Ici Plus Que Salomon.txt
62-0629;N’Ayez Pas Peur, C’est Moi;SHEKINAH;104;62-0629 - N’Ayez Pas Peur, C’est Moi.txt
62-0630B;Au Commencement, Il N'en Était Pas Ainsi;SHEKINAH;72;62-0630B - Au Commencement, Il N'en Était Pas Ainsi.txt
62-0630E;L’Homme Le Plus Méchant De Santa Maria;SHEKINAH;98;62-0630E - L’Homme Le Plus Méchant De Santa Maria.txt
62-0701;Se Revêtir De Toutes Les Armes De Dieu;SHEKINAH;176;62-0701 - Se Revêtir De Toutes Les Armes De Dieu.txt
62-0704;Nous Voudrions Voir Jésus;SHEKINAH;254;62-0704 - Nous Voudrions Voir Jésus.txt
62-0705;Jéhovah-Jiré #1;SHEKINAH;232;62-0705 - Jéhovah-Jiré #1.txt
62-0706;Jéhovah-Jiré #2;SHEKINAH;222;62-0706 - Jéhovah-Jiré #2.txt
62-0707;Jéhovah-Jiré #3;SHEKINAH;230;62-0707 - Jéhovah-Jiré #3.txt
62-0708;Un Super Signe;SHEKINAH;245;62-0708 - Un Super Signe.txt
62-0711;Ecoutez-Le;SHEKINAH;99;62-0711 - Ecoutez-Le.txt
62-0712;Nous Voudrions Voir Jésus;SHEKINAH;117;62-0712 - Nous Voudrions Voir Jésus.txt
62-0713;Dès ce moment;SHEKINAH;211;62-0713 - Dès ce moment.txt
62-0714;Le Son Confus;SHEKINAH;131;62-0714 - Le Son Confus.txt
62-0715;Voici, Il Y A Ici Le Plus Grand D’eux Tous;SHEKINAH;122;62-0715 - Voici, Il Y A Ici Le Plus Grand D’eux Tous.txt
62-0718;Jésus-Christ Est Le Même Hier, Aujourd’hui Et Éternellement;SHEKINAH;119;62-0718 - Jésus-Christ Est Le Même Hier, Aujourd’hui Et Éternellement.txt
62-0719B;La Vie;SHEKINAH;59;62-0719B - La Vie.txt
62-0719E;Persévérant;SHEKINAH;114;62-0719E - Persévérant.txt
62-0720;Un Témoignage En Mer;SHEKINAH;101;62-0720 - Un Témoignage En Mer.txt
62-0721;Voici, Un Plus Grand Que Salomon Est Ici;SHEKINAH;92;62-0721 - Voici, Un Plus Grand Que Salomon Est Ici.txt
62-0722;Montre-nous le père, et cela suffit;SHEKINAH;84;62-0722 - Montre-nous le père, et cela suffit.txt
62-0724;Monsieur, nous voudrions voir Jésus;SHEKINAH;103;62-0724 - Monsieur, nous voudrions voir Jésus.txt
62-0725;Il Y A Ici Plus Que Salomon;SHEKINAH;102;62-0725 - Il Y A Ici Plus Que Salomon.txt
62-0726;Un Témoignage En Mer;SHEKINAH;103;62-0726 - Un Témoignage En Mer.txt
62-0727;Nous Voudrions Voir Jésus;SHEKINAH;102;62-0727 - Nous Voudrions Voir Jésus.txt
62-0728;Dieu A Pourvu À Une Voie;SHEKINAH;94;62-0728 - Dieu A Pourvu À Une Voie.txt
62-0729;Être Persévérant;SHEKINAH;102;62-0729 - Être Persévérant.txt
62-0908;L'État Présent De Mon Ministère;SHEKINAH;148;62-0908 - L'État Présent De Mon Ministère.txt
62-0909E;Dans Sa Présence;SHEKINAH;117;62-0909E - Dans Sa Présence.txt
62-0909M;Le Compte À Rebours;SHEKINAH;26;62-0909M - Le Compte À Rebours.txt
62-1007;La Clé pour la porte;SHEKINAH;150;62-1007 - La Clé pour la porte.txt
62-1013;L’Influence D’Un Autre;SHEKINAH;203;62-1013 - L’Influence D’Un Autre.txt
62-1014E;Un Guide;SHEKINAH;173;62-1014E - Un Guide.txt
62-1014M;La Stature D’Un Homme Parfait;SHEKINAH;335;62-1014M - La Stature D’Un Homme Parfait.txt
62-1030X;Une Vision de la part du Seigneur;SHEKINAH;5;62-1030X - Une Vision de la part du Seigneur.txt
62-1104E;L'Ordination D'un Ministre;SHEKINAH;37;62-1104E - L'Ordination D'un Ministre.txt
62-1104M;Les Noms Blasphématoires;SHEKINAH;240;62-1104M - Les Noms Blasphématoires.txt
62-1111E;Pourquoi je suis contre la religion organisée;SHEKINAH;256;62-1111E - Pourquoi je suis contre la religion organisée.txt
62-1111M;La Dédicace;SHEKINAH;48;62-1111M - La Dédicace.txt
62-1122;Le Retour et le jubile;SHEKINAH;92;62-1122 - Le Retour et le jubile.txt
62-1123;Le Chemin Du Retour;SHEKINAH;128;62-1123 - Le Chemin Du Retour.txt
62-1124B;Les Investissements;SHEKINAH;75;62-1124B - Les Investissements.txt
62-1124E;Toutes choses;SHEKINAH;67;62-1124E - Toutes choses.txt
62-1125E;Le Compte À Rebours;SHEKINAH;70;62-1125E - Le Compte À Rebours.txt
62-1125M;Convaincu Puis Concerné (Où Demeure-T-Il?);SHEKINAH;173;62-1125M - Convaincu Puis Concerné (Où Demeure-T-Il-).txt
62-1209;Se souvenir du seigneur;SHEKINAH;85;62-1209 - Se souvenir du seigneur.txt
62-1216;La Dislocation du monde;SHEKINAH;59;62-1216 - La Dislocation du monde.txt
62-1223;L'Opprobre À Cause De La Parole;SHEKINAH;209;62-1223 - L'Opprobre À Cause De La Parole.txt
62-1230E;Monsieur, Est-Ce Le Signe De La Fin?;SHEKINAH;247;62-1230E - Monsieur, Est-Ce Le Signe De La Fin.txt
62-1230M;L'Absolu;SHEKINAH;276;62-1230M - L'Absolu.txt
62-1231;Le Combat;SHEKINAH;73;62-1231 - Le Combat.txt
63-0112;L'Influence;SHEKINAH;99;63-0112 - L'Influence.txt
63-0113E;Persévérance;SHEKINAH;230;63-0113E - Persévérance.txt
63-0113M;Laisser échapper la pression;SHEKINAH;78;63-0113M - Laisser échapper la pression.txt
63-0114;Une Trompette qui rend un son confus;SHEKINAH;285;63-0114 - Une Trompette qui rend un son confus.txt
63-0115;Accepter La Voie À Laquelle Dieu A Pourvue Au Temps De La Fin;SHEKINAH;303;63-0115 - Accepter La Voie À Laquelle Dieu A Pourvue Au Temps De La Fin.txt
63-0116;Le Messager du soir (Le Messager du temps de la fin);SHEKINAH;321;63-0116 - Le Messager du soir (Le Messager du temps de la fin).txt
63-0117;Réveiller Jésus;SHEKINAH;295;63-0117 - Réveiller Jésus.txt
63-0118;L'Esprit de vérité;SHEKINAH;111;63-0118 - L'Esprit de vérité.txt
63-0119;La Manière D'un Vrai Prophète;SHEKINAH;330;63-0119 - La Manière D'un Vrai Prophète.txt
63-0120E;Encore une fois seulement, Seigneur;SHEKINAH;165;63-0120E - Encore une fois seulement, Seigneur.txt
63-0120M;La Voix de Dieu en ces derniers jours;SHEKINAH;124;63-0120M - La Voix de Dieu en ces derniers jours.txt
63-0121;Zachée, l'homme d'affaires;SHEKINAH;73;63-0121 - Zachée, l'homme d'affaires.txt
63-0122;Se souvenir du Seigneur;SHEKINAH;94;63-0122 - Se souvenir du Seigneur.txt
63-0123;Identification;SHEKINAH;319;63-0123 - Identification.txt
63-0126;Les Investissements;SHEKINAH;375;63-0126 - Les Investissements.txt
63-0127;Un Absolu;SHEKINAH;108;63-0127 - Un Absolu.txt
63-0223;Une Porte Dans Une Porte;SHEKINAH;260;63-0223 - Une Porte Dans Une Porte.txt
63-0304;Un Absolu;SHEKINAH;56;63-0304 - Un Absolu.txt
63-0317E;La Brèche Entre Les Sept Âges De L’Église Et Les Sept Sceaux;SHEKINAH;330;63-0317E - La Brèche Entre Les Sept Âges De L’Église Et Les Sept Sceaux.txt
63-0317M;Dieu Se Cache, Puis Se Révèle Dans La Simplicité;SHEKINAH;440;63-0317M - Dieu Se Cache, Puis Se Révèle Dans La Simplicité.txt
63-0318;Le Premier Sceau;SHEKINAH;420;63-0318 - Le Premier Sceau.txt
63-0319;Le Deuxième Sceau;SHEKINAH;360;63-0319 - Le Deuxième Sceau.txt
63-0320;Le Troisième Sceau;SHEKINAH;354;63-0320 - Le Troisième Sceau.txt
63-0321;Le Quatrième Sceau;SHEKINAH;397;63-0321 - Le Quatrième Sceau.txt
63-0322;Le Cinquième Sceau;SHEKINAH;472;63-0322 - Le Cinquième Sceau.txt
63-0323;Le Sixième Sceau;SHEKINAH;475;63-0323 - Le Sixième Sceau.txt
63-0324E;Le Septième Sceau;SHEKINAH;412;63-0324E - Le Septième Sceau.txt
63-0324M;Questions Et Réponses Sur Les Sceaux;SHEKINAH;416;63-0324M - Questions Et Réponses Sur Les Sceaux.txt
63-0412E;Dieu se cache dans la simplicité;SHEKINAH;375;63-0412E - Dieu se cache dans la simplicité.txt
63-0412M;La Dislocation Du Monde;SHEKINAH;266;63-0412M - La Dislocation Du Monde.txt
63-0421;Jour V, jour de victoire;SHEKINAH;116;63-0421 - Jour V, jour de victoire.txt
63-0428;Regarde;SHEKINAH;319;63-0428 - Regarde.txt
63-0601;Viens, suis-moi;SHEKINAH;46;63-0601 - Viens, suis-moi.txt
63-0604;Jésus-Christ Est Le Même Hier, Aujourd’hui Et Éternellement;SHEKINAH;286;63-0604 - Jésus-Christ Est Le Même Hier, Aujourd’hui Et Éternellement.txt
63-0605;Il Y A Ici Plus Que Salomon;SHEKINAH;400;63-0605 - Il Y A Ici Plus Que Salomon.txt
63-0606;Montre-nous le Père (Dieu rendu manifeste);SHEKINAH;112;63-0606 - Montre-nous le Père (Dieu rendu manifeste).txt
63-0607;N'Ayez Pas Peur;SHEKINAH;119;63-0607 - N'Ayez Pas Peur.txt
63-0608;Les Conférences;SHEKINAH;115;63-0608 - Les Conférences.txt
63-0623E;Le Signal rouge, signe de sa venue;SHEKINAH;209;63-0623E - Le Signal rouge, signe de sa venue.txt
63-0623M;Se tenir à la brèche;SHEKINAH;182;63-0623M - Se tenir à la brèche.txt
63-0626;Pourquoi?;SHEKINAH;211;63-0626 - Pourquoi.txt
63-0627;Jésus-Christ Est Le Même Hier, Aujourd’hui Et Éternellement;SHEKINAH;352;63-0627 - Jésus-Christ Est Le Même Hier, Aujourd’hui Et Éternellement.txt
63-0628E;Il y a ici plus que Salomon;SHEKINAH;78;63-0628E - Il y a ici plus que Salomon.txt
63-0628M;Ô Seigneur, Encore Une Fois  (L’État Présent De L’Église);SHEKINAH;234;63-0628M - Ô Seigneur, Encore Une Fois (L’État Présent De L’Église).txt
63-0630E;Votre vie est-elle digne de l'évangile?;SHEKINAH;301;63-0630E - Votre vie est-elle digne de l'évangile.txt
63-0630M;Le Troisième exode;SHEKINAH;139;63-0630M - Le Troisième exode.txt
63-0707E;La Communion;SHEKINAH;14;63-0707E - La Communion.txt
63-0707M;L’Accusation;SHEKINAH;391;63-0707M - L’Accusation.txt
63-0714E;Humilie-toi;SHEKINAH;55;63-0714E - Humilie-toi.txt
63-0714M;Pourquoi Crier?  Parle!;SHEKINAH;330;63-0714M - Pourquoi Crier- Parle!.txt
63-0717;Paul, Prisonnier de Christ;SHEKINAH;163;63-0717 - Paul, Prisonnier de Christ.txt
63-0721;Il prend soin. Et vous ?;SHEKINAH;216;63-0721 - Il prend soin. Et vous.txt
63-0724;Dieu Ne Fait Pas Venir Un Homme En Jugement Sans L'avoir Premièrement Averti (Avertissement, Puis Jugement);SHEKINAH;241;63-0724 - Dieu Ne Fait Pas Venir Un Homme En Jugement Sans L'avoir Premièrement.txt
63-0728;Christ Est Le Mystère De Dieu Révélé;SHEKINAH;642;63-0728 - Christ Est Le Mystère De Dieu Révélé.txt
63-0731;Il Y A Une Seule Voie À Laquelle Dieu A Pourvue Pour Tout;SHEKINAH;257;63-0731 - Il Y A Une Seule Voie À Laquelle Dieu A Pourvue Pour Tout.txt
63-0801;Un Paradoxe;SHEKINAH;206;63-0801 - Un Paradoxe.txt
63-0802;Persévérant;SHEKINAH;256;63-0802 - Persévérant.txt
63-0803B;Les Investissements;SHEKINAH;255;63-0803B - Les Investissements.txt
63-0803E;Influence;SHEKINAH;207;63-0803E - Influence.txt
63-0804A;Encore une fois;SHEKINAH;132;63-0804A - Encore une fois.txt
63-0804E;Appeler Jésus Sur La Scène;SHEKINAH;187;63-0804E - Appeler Jésus Sur La Scène.txt
63-0818;Le Temps De L’Union Et Son Signe;SHEKINAH;139;63-0818 - Le Temps De L’Union Et Son Signe.txt
63-0825E;La Foi Parfaite;SHEKINAH;226;63-0825E - La Foi Parfaite.txt
63-0825M;Comment puis-je vaincre?;SHEKINAH;196;63-0825M - Comment puis-je vaincre.txt
63-0901E;Poussé à bout;SHEKINAH;197;63-0901E - Poussé à bout.txt
63-0901M;Le Signe;SHEKINAH;455;63-0901M - Le Signe.txt
63-1028;Etre pardonné;SHEKINAH;85;63-1028 - Etre pardonné.txt
63-1103;Allez réveiller Jésus;SHEKINAH;313;63-1103 - Allez réveiller Jésus.txt
63-1110E;Celui Qui Est En Vous;SHEKINAH;42;63-1110E - Celui Qui Est En Vous.txt
63-1110M;Les Âmes Qui Sont Maintenant En Prison;SHEKINAH;418;63-1110M - Les Âmes Qui Sont Maintenant En Prison.txt
63-1112;Monsieur, Nous Voudrions Voir Jésus;SHEKINAH;300;63-1112 - Monsieur, Nous Voudrions Voir Jésus.txt
63-1113;Le Signe de ce temps;SHEKINAH;293;63-1113 - Le Signe de ce temps.txt
63-1114;Influence;SHEKINAH;235;63-1114 - Influence.txt
63-1115;La Dislocation du monde;SHEKINAH;235;63-1115 - La Dislocation du monde.txt
63-1116B;Les Investissements;SHEKINAH;246;63-1116B - Les Investissements.txt
63-1116E;La Persévérance;SHEKINAH;335;63-1116E - La Persévérance.txt
63-1117;Encore une fois;SHEKINAH;220;63-1117 - Encore une fois.txt
63-1118;Les Funérailles de Garnett Peake;SHEKINAH;47;63-1118 - Les Funérailles de Garnett Peake.txt
63-1124E;Trois sortes de croyants;SHEKINAH;216;63-1124E - Trois sortes de croyants.txt
63-1124M;Que ferai-je de Jésus appelé Christ?;SHEKINAH;227;63-1124M - Que ferai-je de Jésus appelé Christ.txt
63-1127;Le Monde se disloque une fois de plus;SHEKINAH;235;63-1127 - Le Monde se disloque une fois de plus.txt
63-1128E;Le Signe;SHEKINAH;230;63-1128E - Le Signe.txt
63-1128M;Le Témoignage;SHEKINAH;166;63-1128M - Le Témoignage.txt
63-1129;Le Super Signe;SHEKINAH;60;63-1129 - Le Super Signe.txt
63-1130B;L'Influence;SHEKINAH;199;63-1130B - L'Influence.txt
63-1130E;Allez Réveiller Jésus;SHEKINAH;275;63-1130E - Allez Réveiller Jésus.txt
63-1201E;Encore Une Fois Seulement, Seigneur;SHEKINAH;154;63-1201E - Encore Une Fois Seulement, Seigneur.txt
63-1201M;Un Absolu;SHEKINAH;172;63-1201M - Un Absolu.txt
63-1201X;Cérémonie De Mariage;SHEKINAH;7;63-1201X - Cérémonie De Mariage.txt
63-1214;Pourquoi la petite Bethlehem?;SHEKINAH;188;63-1214 - Pourquoi la petite Bethlehem.txt
63-1216;Nous avons vu son étoile en orient, et nous sommes venus pour l'adorer;SHEKINAH;214;63-1216 - Nous avons vu son étoile en orient, et nous sommes venus pour l'adorer.txt
63-1222;Les Dons de Dieu trouvent toujours leurs places;SHEKINAH;154;63-1222 - Les Dons de Dieu trouvent toujours leurs places.txt
63-1226;L'Ordre De L'Église;SHEKINAH;208;63-1226 - L'Ordre De L'Église.txt
63-1229E;Tournez Les Regards Vers Jésus;SHEKINAH;268;63-1229E - Tournez Les Regards Vers Jésus.txt
63-1229M;Il y a ici un homme qui peut allumer la lumière;SHEKINAH;298;63-1229M - Il y a ici un homme qui peut allumer la lumière.txt
64-0112;Shalom;SHEKINAH;268;64-0112 - Shalom.txt
64-0119;Shalom;SHEKINAH;256;64-0119 - Shalom.txt
64-0120;Ses paroles infaillibles de promesse;SHEKINAH;232;64-0120 - Ses paroles infaillibles de promesse.txt
64-0121;La Parole De Dieu Exige Une Séparation Totale D’avec L’Incrédulité;SHEKINAH;266;64-0121 - La Parole De Dieu Exige Une Séparation Totale D’avec L’Incrédulité.txt
64-0122;Tournez Le Regard Vers Jésus;SHEKINAH;184;64-0122 - Tournez Le Regard Vers Jésus.txt
64-0125;Allumer La Lumière;SHEKINAH;173;64-0125 - Allumer La Lumière.txt
64-0126;Que Ferons-Nous De Ce Jésus Qu’on Appelle Christ?;SHEKINAH;176;64-0126 - Que Ferons-Nous De Ce Jésus Qu’on Appelle Christ.txt
64-0205;Dieu est son propre interprète;SHEKINAH;78;64-0205 - Dieu est son propre interprète.txt
64-0206B;Un Paradoxe;SHEKINAH;284;64-0206B - Un Paradoxe.txt
64-0206E;La Voie À Laquelle Dieu A Pourvue Pour Aujourd’hui;SHEKINAH;158;64-0206E - La Voie À Laquelle Dieu A Pourvue Pour Aujourd’hui.txt
64-0207;Le Patriarche Abraham;SHEKINAH;198;64-0207 - Le Patriarche Abraham.txt
64-0208;Le Signe;SHEKINAH;244;64-0208 - Le Signe.txt
64-0209;Le Compte À Rebours;SHEKINAH;203;64-0209 - Le Compte À Rebours.txt
64-0212;Quand leurs yeux s’ouvrirent, ils Le reconnurent;SHEKINAH;210;64-0212 - Quand leurs yeux s’ouvrirent, ils Le reconnurent.txt
64-0213;Puis Jésus Vint Et Appela;SHEKINAH;209;64-0213 - Puis Jésus Vint Et Appela.txt
64-0214;La Voix du signe;SHEKINAH;234;64-0214 - La Voix du signe.txt
64-0215;Les Influences;SHEKINAH;205;64-0215 - Les Influences.txt
64-0216;L'Identification;SHEKINAH;55;64-0216 - L'Identification.txt
64-0304;Messieurs, Nous Voudrions Voir Jésus;SHEKINAH;177;64-0304 - Messieurs, Nous Voudrions Voir Jésus.txt
64-0305;Persévérant;SHEKINAH;300;64-0305 - Persévérant.txt
64-0306;Il Y A Maintenant Ici Plus Que Salomon;SHEKINAH;226;64-0306 - Il Y A Maintenant Ici Plus Que Salomon.txt
64-0307;Témoignage en mer;SHEKINAH;205;64-0307 - Témoignage en mer.txt
64-0308;Le Signe;SHEKINAH;216;64-0308 - Le Signe.txt
64-0311;Dieu Est Identifié Par Ses Caractéristiques;SHEKINAH;195;64-0311 - Dieu Est Identifié Par Ses Caractéristiques.txt
64-0312;Quand Leurs Yeux S'ouvrirent, Ils Le Reconnurent;SHEKINAH;243;64-0312 - Quand Leurs Yeux S'ouvrirent, Ils Le Reconnurent.txt
64-0313;La Voix Du Signe;SHEKINAH;122;64-0313 - La Voix Du Signe.txt
64-0314;Les Investissements;SHEKINAH;57;64-0314 - Les Investissements.txt
64-0315;Influence;SHEKINAH;333;64-0315 - Influence.txt
64-0318;Messieurs, Nous Voudrions Voir Jésus;SHEKINAH;255;64-0318 - Messieurs, Nous Voudrions Voir Jésus.txt
64-0319;Appeler Jésus Sur La Scène;SHEKINAH;68;64-0319 - Appeler Jésus Sur La Scène.txt
64-0320;Dieu Identifié Par Ses Caractéristiques;SHEKINAH;106;64-0320 - Dieu Identifié Par Ses Caractéristiques.txt
64-0321B;Il devait passer par ici (Il doit passer par ici);SHEKINAH;46;64-0321B - Il devait passer par ici (Il doit passer par ici).txt
64-0321E;La Voix Du Signe;SHEKINAH;351;64-0321E - La Voix Du Signe.txt
64-0322;Posséder La Porte De L’Ennemi Après Le Test;SHEKINAH;192;64-0322 - Posséder La Porte De L’Ennemi Après Le Test.txt
64-0401;Christ Identifié Dans Tous Les Âges;SHEKINAH;293;64-0401 - Christ Identifié Dans Tous Les Âges.txt
64-0402;Jéhovah-Jiré #1;SHEKINAH;221;64-0402 - Jéhovah-Jiré #1.txt
64-0403;Jéhovah-Jiré #2;SHEKINAH;213;64-0403 - Jéhovah-Jiré #2.txt
64-0404;Jéhovah-Jiré #3;SHEKINAH;234;64-0404 - Jéhovah-Jiré #3.txt
64-0405;Un Procès;SHEKINAH;57;64-0405 - Un Procès.txt
64-0409;Christ identifie dans tous les âges;SHEKINAH;138;64-0409 - Christ identifie dans tous les âges.txt
64-0410;Les Signes scripturaires du temps;SHEKINAH;80;64-0410 - Les Signes scripturaires du temps.txt
64-0411;L'Amnésie spirituelle;SHEKINAH;81;64-0411 - L'Amnésie spirituelle.txt
64-0412;Un Procès;SHEKINAH;288;64-0412 - Un Procès.txt
64-0415;Christ Identifié Le Même Dans Toutes Les Générations;SHEKINAH;295;64-0415 - Christ Identifié Le Même Dans Toutes Les Générations.txt
64-0416;Alors, quand leurs yeux s’ouvrirent, ils Le reconnurent;SHEKINAH;258;64-0416 - Alors, quand leurs yeux s’ouvrirent, ils Le reconnurent.txt
64-0417;Puis Jésus Vint Et Appela;SHEKINAH;271;64-0417 - Puis Jésus Vint Et Appela.txt
64-0418B;Un Paradoxe;SHEKINAH;119;64-0418B - Un Paradoxe.txt
64-0418E;Jésus Ne Manque A Aucun De Ses Rendez-Vous;SHEKINAH;105;64-0418E - Jésus Ne Manque A Aucun De Ses Rendez-Vous.txt
64-0419;Le Procès;SHEKINAH;104;64-0419 - Le Procès.txt
64-0427;Un Procès;SHEKINAH;100;64-0427 - Un Procès.txt
64-0500;Lettre Audio A Lee Vayle;SHEKINAH;113;64-0500 - Lettre Audio A Lee Vayle.txt
64-0531;Un Drôle de personnage;SHEKINAH;45;64-0531 - Un Drôle de personnage.txt
64-0614E;Un Drôle de personnage;SHEKINAH;147;64-0614E - Un Drôle de personnage.txt
64-0614M;Dieu Dévoilé;SHEKINAH;384;64-0614M - Dieu Dévoilé.txt
64-0617;Le Christ identifié dans tous les âges;SHEKINAH;207;64-0617 - Le Christ identifié dans tous les âges.txt
64-0618;La Présence de Dieu non reconnue;SHEKINAH;237;64-0618 - La Présence de Dieu non reconnue.txt
64-0619;Être Persévérant;SHEKINAH;242;64-0619 - Être Persévérant.txt
64-0620B;Qui Est Jésus?;SHEKINAH;174;64-0620B - Qui Est Jésus.txt
64-0620E;Dieu A Pourvu À Un Agneau;SHEKINAH;63;64-0620E - Dieu A Pourvu À Un Agneau.txt
64-0621;Le Procès;SHEKINAH;233;64-0621 - Le Procès.txt
64-0629;Le Dieu Puissant Dévoilé Devant Nous;SHEKINAH;242;64-0629 - Le Dieu Puissant Dévoilé Devant Nous.txt
64-0705;Le Chef-D’œuvre;SHEKINAH;219;64-0705 - Le Chef-D’œuvre.txt
64-0705X;Entretien Privé (Entretien Avec La Soeur Bruce);SHEKINAH;3;64-0705X - Entretien Privé (Entretien Avec La Soeur Bruce).txt
64-0719E;Sortir du camp;SHEKINAH;170;64-0719E - Sortir du camp.txt
64-0719M;La Fête Des Trompettes;SHEKINAH;236;64-0719M - La Fête Des Trompettes.txt
64-0726E;Des Citernes Crevassées;SHEKINAH;163;64-0726E - Des Citernes Crevassées.txt
64-0726M;Reconnaître Votre Jour Et Son Message;SHEKINAH;232;64-0726M - Reconnaître Votre Jour Et Son Message.txt
64-0802;La Demeure Future De L’Époux Céleste Et De L’Épouse Terrestre;SHEKINAH;354;64-0802 - La Demeure Future De L’Époux Céleste Et De L’Épouse Terrestre.txt
64-0816;Confirmant Sa Parole;SHEKINAH;296;64-0816 - Confirmant Sa Parole.txt
64-0823E;Questions Et Réponses N°2;SHEKINAH;293;64-0823E - Questions Et Réponses N°2.txt
64-0823M;Questions Et Réponses N°1;SHEKINAH;309;64-0823M - Questions Et Réponses N°1.txt
64-0830E;Questions Et Reponses N°4;SHEKINAH;211;64-0830E - Questions Et Reponses N°4.txt
64-0830M;Questions Et Réponses N°3;SHEKINAH;207;64-0830M - Questions Et Réponses N°3.txt
64-1205;Le Chef-d'oeuvre identifie de Dieu;SHEKINAH;99;64-1205 - Le Chef-d'oeuvre identifie de Dieu.txt
64-1212;Le Temps de la moisson;SHEKINAH;383;64-1212 - Le Temps de la moisson.txt
64-1221;Pourquoi Il Fallait Que Ça Soit Les Bergers;SHEKINAH;291;64-1221 - Pourquoi Il Fallait Que Ça Soit Les Bergers.txt
64-1227;Qui Dites-Vous Que C’est?;SHEKINAH;238;64-1227 - Qui Dites-Vous Que C’est.txt
65-0116;Cérémonie De Mariage;SHEKINAH;6;65-0116 - Cérémonie De Mariage.txt
65-0117;Un Paradoxe;SHEKINAH;182;65-0117 - Un Paradoxe.txt
65-0118;La Semence De Discorde;SHEKINAH;164;65-0118 - La Semence De Discorde.txt
65-0119;Le Dieu Qui Est Riche En Miséricorde;SHEKINAH;224;65-0119 - Le Dieu Qui Est Riche En Miséricorde.txt
65-0120;Ne T'Appuie Pas Sur Ton Intelligence;SHEKINAH;244;65-0120 - Ne T'Appuie Pas Sur Ton Intelligence.txt
65-0123;Des Citernes Crevassées;SHEKINAH;216;65-0123 - Des Citernes Crevassées.txt
65-0124;Les Douleurs De L'Enfantement;SHEKINAH;182;65-0124 - Les Douleurs De L'Enfantement.txt
65-0125;Aujourd'hui Cette Écriture Est Accomplie;SHEKINAH;36;65-0125 - Aujourd'hui Cette Écriture Est Accomplie.txt
65-0206;Les Portes dans la porte;SHEKINAH;202;65-0206 - Les Portes dans la porte.txt
65-0217;Un Homme Qui Fuit Loin De La Présence De Dieu;SHEKINAH;175;65-0217 - Un Homme Qui Fuit Loin De La Présence De Dieu.txt
65-0218;La Semence N'hérite Pas Avec La Balle;SHEKINAH;105;65-0218 - La Semence N'hérite Pas Avec La Balle.txt
65-0219;Aujourd'hui Cette Ecriture Est Accomplie;SHEKINAH;259;65-0219 - Aujourd'hui Cette Ecriture Est Accomplie.txt
65-0220;Le Lieu D'Adoration Que Dieu A Choisi;SHEKINAH;135;65-0220 - Le Lieu D'Adoration Que Dieu A Choisi.txt
65-0220X;Une Cérémonie De Mariage;SHEKINAH;5;65-0220X - Une Cérémonie De Mariage.txt
65-0221E;Qui Est Ce Melchisédek?;SHEKINAH;197;65-0221E - Qui Est Ce Melchisédek.txt
65-0221M;Le Mariage Et Le Divorce;SHEKINAH;221;65-0221M - Le Mariage Et Le Divorce.txt
65-0410;Le Sceau De Pâques;SHEKINAH;259;65-0410 - Le Sceau De Pâques.txt
65-0418E;Dieu Change-t-il De Pensée Au Sujet De Sa Parole?;SHEKINAH;200;65-0418E - Dieu Change-t-il De Pensée Au Sujet De Sa Parole.txt
65-0418M;C'est Le Lever Du Soleil (La Puissance Vivifiante);SHEKINAH;363;65-0418M - C'est Le Lever Du Soleil (La Puissance Vivifiante).txt
65-0424;Un sur un million;SHEKINAH;95;65-0424 - Un sur un million.txt
65-0425;Le Lieu D'adoration Auquel Dieu A Pourvu;SHEKINAH;256;65-0425 - Le Lieu D'adoration Auquel Dieu A Pourvu.txt
65-0426;Dieu Confirmant Sa Parole;SHEKINAH;231;65-0426 - Dieu Confirmant Sa Parole.txt
65-0427;Dieu change-t-il sa pensée au sujet de sa parole ?;SHEKINAH;136;65-0427 - Dieu change-t-il sa pensée au sujet de sa parole.txt
65-0429B;La Semence n'hérite pas avec la balle;SHEKINAH;127;65-0429B - La Semence n'hérite pas avec la balle.txt
65-0429E;Le Choix D'Une Épouse;SHEKINAH;20;65-0429E - Le Choix D'Une Épouse.txt
65-0527;La Dernière Visite A L'Afrique Du Sud;SHEKINAH;2;65-0527 - La Dernière Visite A L'Afrique Du Sud.txt
65-0711;Honteux de Lui;SHEKINAH;131;65-0711 - Honteux de Lui.txt
65-0718E;La Nourriture Spirituelle Au Temps Convenable;SHEKINAH;225;65-0718E - La Nourriture Spirituelle Au Temps Convenable.txt
65-0718M;Rendre Un Service À Dieu En Dehors De Sa Volonté;SHEKINAH;207;65-0718M - Rendre Un Service À Dieu En Dehors De Sa Volonté.txt
65-0725E;Quelle Est L’attraction Sur La Montagne?;SHEKINAH;208;65-0725E - Quelle Est L’attraction Sur La Montagne.txt
65-0725M;Les Oints Du Temps De La Fin;SHEKINAH;287;65-0725M - Les Oints Du Temps De La Fin.txt
65-0801E;Les Événements Rendus Clairs Par La Prophétie;SHEKINAH;167;65-0801E - Les Événements Rendus Clairs Par La Prophétie.txt
65-0801M;Le Dieu De Cet Âge Mauvais;SHEKINAH;207;65-0801M - Le Dieu De Cet Âge Mauvais.txt
65-0815;Et Tu Ne Le Sais Pas;SHEKINAH;122;65-0815 - Et Tu Ne Le Sais Pas.txt
65-0822E;Le Filtre D'un Homme Qui Réfléchit;SHEKINAH;213;65-0822E - Le Filtre D'un Homme Qui Réfléchit.txt
65-0822M;Christ Est Révélé Dans Sa Propre Parole;SHEKINAH;177;65-0822M - Christ Est Révélé Dans Sa Propre Parole.txt
65-0829;L'Eden De Satan;SHEKINAH;119;65-0829 - L'Eden De Satan.txt
65-0911;La Puissance de Dieu pour la transformation;SHEKINAH;189;65-0911 - La Puissance de Dieu pour la transformation.txt
65-0919;La Soif;SHEKINAH;262;65-0919 - La Soif.txt
65-1031A;Être Conduit (Suis-Moi);SHEKINAH;115;65-1031A - Être Conduit (Suis-Moi).txt
65-1031M;La Puissance De Transformation;SHEKINAH;332;65-1031M - La Puissance De Transformation.txt
65-1121;Quelle Maison Me Bâtirez-Vous?;SHEKINAH;46;65-1121 - Quelle Maison Me Bâtirez-Vous.txt
65-1125;L'Union Invisible De L'Epouse De Christ;SHEKINAH;306;65-1125 - L'Union Invisible De L'Epouse De Christ.txt
65-1126;Les Oeuvres Sont L'expression De La Foi;SHEKINAH;352;65-1126 - Les Oeuvres Sont L'expression De La Foi.txt
65-1127B;Essayer De Rendre Un Service À Dieu, Sans Que Ce Soit La Volonté De Dieu;SHEKINAH;353;65-1127B - Essayer De Rendre Un Service À Dieu, Sans Que Ce Soit La Volonté De Di.txt
65-1127E;J'ai Entendu, Mais Maintenant Je Vois;SHEKINAH;243;65-1127E - J'ai Entendu, Mais Maintenant Je Vois.txt
65-1128E;Sur Les Ailes D'une Colombe Blanche Comme La Neige;SHEKINAH;313;65-1128E - Sur Les Ailes D'une Colombe Blanche Comme La Neige.txt
65-1128M;Le Seul Lieu D'Adoration Auquel Dieu A Pourvu;SHEKINAH;292;65-1128M - Le Seul Lieu D'Adoration Auquel Dieu A Pourvu.txt
65-1204;L'Enlèvement;SHEKINAH;213;65-1204 - L'Enlèvement.txt
65-1205;Les Choses Qui Doivent Arriver;SHEKINAH;163;65-1205 - Les Choses Qui Doivent Arriver.txt
65-1206;Les Evénements modernes rendus clairs par la prophétie;SHEKINAH;331;65-1206 - Les Evénements modernes rendus clairs par la prophétie.txt
65-1207;Être conduit;SHEKINAH;38;65-1207 - Être conduit.txt
65-1212;La Communion;SHEKINAH;78;65-1212 - La Communion.txt
