zone;fichier;code;date;titre;traduction;paragraphes;mots;remarque
ZONE_1;03_47-0412_a_50-0819_35x.txt;47-0412;12 avr. 1947;La Foi Est l'Assurance;Shekinah;106;18884;
ZONE_1;03_47-0412_a_50-0819_35x.txt;47-0412;12 avr. 1947;La foi est une ferme assurance;VGR;277;18619;
ZONE_1;03_47-0412_a_50-0819_35x.txt;47-1100;nov. 1947;Communion;Shekinah;1;431;
ZONE_1;03_47-0412_a_50-0819_35x.txt;47-1102;2 nov. 1947;L'Ange de Dieu (L'Ange et Sa Commission);Shekinah;51;11137;
ZONE_1;03_47-0412_a_50-0819_35x.txt;47-1123;23 nov. 1947;Les Enfants d’Israël (Les enfants dans le désert);Shekinah;5;13198;
ZONE_1;03_47-0412_a_50-0819_35x.txt;47-1207;7 déc. 1947;Expériences #1;Shekinah;97;23017;
ZONE_1;03_47-0412_a_50-0819_35x.txt;47-1221;21 déc. 1947;Expériences #2;Shekinah;24;4676;
ZONE_1;03_47-0412_a_50-0819_35x.txt;48-0000;1948;Ligne De Prière;Shekinah;27;3283;
ZONE_1;03_47-0412_a_50-0819_35x.txt;48-0302;2 mars 1948;Expériences;Shekinah;147;31073;
ZONE_1;03_47-0412_a_50-0819_35x.txt;48-0304;4 mars 1948;L'Ange De Dieu;Shekinah;61;11959;
ZONE_1;03_47-0412_a_50-0819_35x.txt;48-0305;5 mars 1948;Sur Ta Parole, Seigneur;Shekinah;50;9913;
ZONE_1;03_47-0412_a_50-0819_35x.txt;49-0718;18 juil. 1949;Je N'ai Point Été Désobéissant À La Vision Céleste;Shekinah;33;6511;
ZONE_1;03_47-0412_a_50-0819_35x.txt;49-1225;25 déc. 1949;La Divinité De Jésus-Christ;Shekinah;148;10965;
ZONE_1;03_47-0412_a_50-0819_35x.txt;49-1225;25 déc. 1949;La Divinité de Jésus-Christ;VGR;148;10869;
ZONE_1;03_47-0412_a_50-0819_35x.txt;50-0100;janv. 1950;Les Maladies et les Afflictions;Shekinah;177;11162;
ZONE_1;03_47-0412_a_50-0819_35x.txt;50-0100;janv. 1950;Les maladies et les afflictions;VGR;177;11036;
ZONE_1;03_47-0412_a_50-0819_35x.txt;50-0110;10 janv. 1950;La Commission De Moise, (L'explication De Deux Signes);Shekinah;53;8956;
ZONE_1;03_47-0412_a_50-0819_35x.txt;50-0115;15 janv. 1950;Crois-Tu Cela?;Shekinah;67;10926;
ZONE_1;03_47-0412_a_50-0819_35x.txt;50-0200;févr. 1950;Nous N’avons Point Ici-Bas De Cité Permanente;Shekinah;70;16865;
ZONE_1;03_47-0412_a_50-0819_35x.txt;50-0227;27 févr. 1950;Dieu Dans Son Peuple;Shekinah;35;6328;
ZONE_1;03_47-0412_a_50-0819_35x.txt;50-0300;mars 1950;Les Dons Et Les Appels Sont Sans Repentir;Shekinah;36;6741;
ZONE_1;03_47-0412_a_50-0819_35x.txt;50-0405;5 avr. 1950;Expectative;Shekinah;87;15585;
ZONE_1;03_47-0412_a_50-0819_35x.txt;50-0409;9 avr. 1950;Service De Baptême;Shekinah;8;2471;
ZONE_1;03_47-0412_a_50-0819_35x.txt;50-0711;11 juil. 1950;Le Ministère Expliqué;Shekinah;55;9642;
ZONE_1;03_47-0412_a_50-0819_35x.txt;50-0713;13 juil. 1950;Obéis À La Voix De l’Ange;Shekinah;10;7779;
ZONE_1;03_47-0412_a_50-0819_35x.txt;50-0714;14 juil. 1950;Sur Ta Parole;Shekinah;46;8129;
ZONE_1;03_47-0412_a_50-0819_35x.txt;50-0715;15 juil. 1950;Conduit Par l'Esprit;Shekinah;33;7122;
ZONE_1;03_47-0412_a_50-0819_35x.txt;50-0716;16 juil. 1950;Crois-Tu Cela?;Shekinah;91;16048;
ZONE_1;03_47-0412_a_50-0819_35x.txt;50-0808;8 août 1950;La Guérison Et Ce Qu'est La Maladie;Shekinah;24;4382;
ZONE_1;03_47-0412_a_50-0819_35x.txt;50-0810;10 août 1950;Expectative;Shekinah;5;14288;
ZONE_1;03_47-0412_a_50-0819_35x.txt;50-0811;11 août 1950;La Piscine De Bethesda;Shekinah;35;8052;
ZONE_1;03_47-0412_a_50-0819_35x.txt;50-0813A;13 août 1950, après-midi;La Resurrection de Lazare;Shekinah;59;9891;
ZONE_1;03_47-0412_a_50-0819_35x.txt;50-0813E;13 août 1950, soir;Dieu Se Révèle À Son Peuple;Shekinah;70;13850;
ZONE_1;03_47-0412_a_50-0819_35x.txt;50-0814;14 août 1950;Témoignage;Shekinah;49;9877;
ZONE_1;03_47-0412_a_50-0819_35x.txt;50-0815;15 août 1950;L'Attitude Et Qui Est Dieu?;Shekinah;60;11549;
ZONE_1;03_47-0412_a_50-0819_35x.txt;50-0816;16 août 1950;Regarder À l’Invisible;Shekinah;46;9388;
ZONE_1;03_47-0412_a_50-0819_35x.txt;50-0818;18 août 1950;Il En Sera Comme Il M’a Été Dit;Shekinah;67;14789;
ZONE_1;03_47-0412_a_50-0819_35x.txt;50-0819;19 août 1950;Montre-Nous Le Père Et Cela Nous Suffit;Shekinah;71;13659;
ZONE_1;04_50-0820A_a_51-0729A_32x.txt;50-0820A;20 août 1950, après-midi;Histoire De Ma Vie;Shekinah;132;27509;
ZONE_1;04_50-0820A_a_51-0729A_32x.txt;50-0820E;20 août 1950, soir;Croyez-Vous Que Je Puisse Faire Cela?;Shekinah;79;14979;
ZONE_1;04_50-0820A_a_51-0729A_32x.txt;50-0821;21 août 1950;L’Ange Et La Commission;Shekinah;73;13290;
ZONE_1;04_50-0820A_a_51-0729A_32x.txt;50-0822;22 août 1950;La Foi Sans Les Œuvres Est Morte;Shekinah;68;13976;
ZONE_1;04_50-0820A_a_51-0729A_32x.txt;50-0823;23 août 1950;Témoignage;Shekinah;66;12380;
ZONE_1;04_50-0820A_a_51-0729A_32x.txt;50-0824;24 août 1950;Et À Qui Le Bras De L'Éternel A-T-Il Été Révélé ?;Shekinah;46;8192;
ZONE_1;04_50-0820A_a_51-0729A_32x.txt;50-0827A;27 août 1950, après-midi;Enfant Prodigue;Shekinah;55;11038;
ZONE_1;04_50-0820A_a_51-0729A_32x.txt;50-0827E;27 août 1950, soir;Prends La Verge Et Convoque l’Assemblée;Shekinah;5;9027;
ZONE_1;04_50-0820A_a_51-0729A_32x.txt;51-0413;13 avr. 1951;Les Œuvres Que Je Fais Rendent Témoignage De Moi;Shekinah;53;11551;
ZONE_1;04_50-0820A_a_51-0729A_32x.txt;51-0414;14 avr. 1951;L'Ange Et Les Trois Pulls;Shekinah;43;8760;
ZONE_1;04_50-0820A_a_51-0729A_32x.txt;51-0415A;15 avr. 1951, après-midi;Histoire De Ma Vie;Shekinah;126;23039;
ZONE_1;04_50-0820A_a_51-0729A_32x.txt;51-0415E;15 avr. 1951, soir;L'Heure Est Venue;Shekinah;53;10235;
ZONE_1;04_50-0820A_a_51-0729A_32x.txt;51-0501;1 mai 1951;Exhortation Sur La Guérison Divine;Shekinah;73;13037;
ZONE_1;04_50-0820A_a_51-0729A_32x.txt;51-0502;2 mai 1951;L'Ange de l’Éternel;Shekinah;72;15326;
ZONE_1;04_50-0820A_a_51-0729A_32x.txt;51-0503;3 mai 1951;Je Serai Avec Toi, Comme J’ai Été Avec Moïse;Shekinah;56;11806;
ZONE_1;04_50-0820A_a_51-0729A_32x.txt;51-0503;3 mai 1951;Comme J’ai été avec Moïse;VGR;215;12094;
ZONE_1;04_50-0820A_a_51-0729A_32x.txt;51-0505;5 mai 1951;Ma Commission;Shekinah;91;16679;
ZONE_1;04_50-0820A_a_51-0729A_32x.txt;51-0506A;6 mai 1951, après-midi;Crois-Tu Cela?;Shekinah;54;10376;
ZONE_1;04_50-0820A_a_51-0729A_32x.txt;51-0506E;6 mai 1951, soir;Sur Ta Parole;Shekinah;53;8547;
ZONE_1;04_50-0820A_a_51-0729A_32x.txt;51-0507;7 mai 1951;Expectative;Shekinah;45;8042;
ZONE_1;04_50-0820A_a_51-0729A_32x.txt;51-0508;8 mai 1951;La Foi Est Une Ferme Assurance;Shekinah;86;11126;
ZONE_1;04_50-0820A_a_51-0729A_32x.txt;51-0509;9 mai 1951;Témoignage;Shekinah;97;16983;
ZONE_1;04_50-0820A_a_51-0729A_32x.txt;51-0714;14 juil. 1951;Expectative;Shekinah;71;13806;
ZONE_1;04_50-0820A_a_51-0729A_32x.txt;51-0717;17 juil. 1951;La Manifestation De l’Esprit;Shekinah;74;14732;
ZONE_1;04_50-0820A_a_51-0729A_32x.txt;51-0718;18 juil. 1951;L’Ange Du Seigneur;Shekinah;59;10578;
ZONE_1;04_50-0820A_a_51-0729A_32x.txt;51-0719;19 juil. 1951;Qui A Cru À Ce Qui Nous Était Annoncé?;Shekinah;59;11766;
ZONE_1;04_50-0820A_a_51-0729A_32x.txt;51-0720;20 juil. 1951;L’Ange De Dieu;Shekinah;57;11562;
ZONE_1;04_50-0820A_a_51-0729A_32x.txt;51-0721;21 juil. 1951;La Vie Des Demons Et Les Visions;Shekinah;40;8012;
ZONE_1;04_50-0820A_a_51-0729A_32x.txt;51-0722A;22 juil. 1951, après-midi;Histoire De Ma Vie;Shekinah;105;24759;
ZONE_1;04_50-0820A_a_51-0729A_32x.txt;51-0722E;22 juil. 1951, soir;Le Second Miracle;Shekinah;20;4311;
ZONE_1;04_50-0820A_a_51-0729A_32x.txt;51-0727;27 juil. 1951;La Seule Vraie Église Vivante;Shekinah;91;16486;
ZONE_1;04_50-0820A_a_51-0729A_32x.txt;51-0728;28 juil. 1951;Trois Témoins;Shekinah;80;17874;
ZONE_1;04_50-0820A_a_51-0729A_32x.txt;51-0729A;29 juil. 1951, après-midi;La Résurrection De Lazare;Shekinah;100;18299;
ZONE_1;05_51-0729E_a_52-0817E_26x.txt;51-0729E;29 juil. 1951, soir;Le Second Miracle;Shekinah;88;20121;
ZONE_1;05_51-0729E_a_52-0817E_26x.txt;51-0923;23 sept. 1951;Les Principes De La Guérison Divine;Shekinah;104;21809;
ZONE_1;05_51-0729E_a_52-0817E_26x.txt;51-0923;23 sept. 1951;Les principes de la guérison Divine;VGR;311;22849;
ZONE_1;05_51-0729E_a_52-0817E_26x.txt;51-0928;28 sept. 1951;Par Ta Parole;Shekinah;71;15642;
ZONE_1;05_51-0729E_a_52-0817E_26x.txt;51-0929;29 sept. 1951;Notre Espoir Repose En Dieu;Shekinah;63;12914;
ZONE_1;05_51-0729E_a_52-0817E_26x.txt;51-0930A;30 sept. 1951, après-midi;Que Pensez-Vous Du Christ?;Shekinah;126;4985;
ZONE_1;05_51-0729E_a_52-0817E_26x.txt;51-0930E;30 sept. 1951, soir;Expectative;Shekinah;81;16471;
ZONE_1;05_51-0729E_a_52-0817E_26x.txt;51-1003;3 oct. 1951;Crois-Tu Cela?;Shekinah;76;18300;
ZONE_1;05_51-0729E_a_52-0817E_26x.txt;52-0224;24 févr. 1952;Croire En Dieu;Shekinah;183;16524;
ZONE_1;05_51-0729E_a_52-0817E_26x.txt;52-0224;24 févr. 1952;Croire Dieu;VGR;243;16457;
ZONE_1;05_51-0729E_a_52-0817E_26x.txt;52-0713A;13 juil. 1952, après-midi;Les Premières Expériences Spirituelles;Shekinah;67;25417;
ZONE_1;05_51-0729E_a_52-0817E_26x.txt;52-0713E;13 juil. 1952, soir;Dieu Rend Témoignage À Ses Dons;Shekinah;90;15253;
ZONE_1;05_51-0729E_a_52-0817E_26x.txt;52-0715;15 juil. 1952;La Foi Dans Le Fils De Dieu;Shekinah;76;16412;
ZONE_1;05_51-0729E_a_52-0817E_26x.txt;52-0716;16 juil. 1952;Tu Connais Toutes Choses;Shekinah;74;13590;
ZONE_1;05_51-0729E_a_52-0817E_26x.txt;52-0717;17 juil. 1952;Amène Les Gens À Croire;Shekinah;72;15234;
ZONE_1;05_51-0729E_a_52-0817E_26x.txt;52-0718;18 juil. 1952;C'Est Par Egard Pour Lui Seul;Shekinah;56;10248;
ZONE_1;05_51-0729E_a_52-0817E_26x.txt;52-0719;19 juil. 1952;Faites Dans Cette Vallée Des Fosses;Shekinah;37;9688;
ZONE_1;05_51-0729E_a_52-0817E_26x.txt;52-0720A;20 juil. 1952, après-midi;Histoire De Ma Vie;Shekinah;165;30468;
ZONE_1;05_51-0729E_a_52-0817E_26x.txt;52-0720E;20 juil. 1952, soir;Qui A Cru À Ce Qui Nous Était Annoncé?;Shekinah;49;9906;
ZONE_1;05_51-0729E_a_52-0817E_26x.txt;52-0725;25 juil. 1952;La Foi (Un Rapport Sur Le Voyage En Afrique);Shekinah;87;14723;
ZONE_1;05_51-0729E_a_52-0817E_26x.txt;52-0726;26 juil. 1952;Les Expériences;Shekinah;79;15831;
ZONE_1;05_51-0729E_a_52-0817E_26x.txt;52-0727;27 juil. 1952;Être Conduit Par Le Saint-Esprit;Shekinah;46;9471;
ZONE_1;05_51-0729E_a_52-0817E_26x.txt;52-0809;9 août 1952;La Profondeur Appelle La Profondeur;Shekinah;24;5848;
ZONE_1;05_51-0729E_a_52-0817E_26x.txt;52-0810A;10 août 1952, après-midi;Je Suis La Résurrection Et La Vie;Shekinah;61;11857;
ZONE_1;05_51-0729E_a_52-0817E_26x.txt;52-0810E;10 août 1952, soir;Jésus-Christ Est Le Même Hier, Aujourd’hui Et Éternellement;Shekinah;69;14046;
ZONE_1;05_51-0729E_a_52-0817E_26x.txt;52-0816;16 août 1952;Comment La Foi Agit;Shekinah;74;13802;
ZONE_1;05_51-0729E_a_52-0817E_26x.txt;52-0817A;17 août 1952, après-midi;Expectative;Shekinah;47;12561;
ZONE_1;05_51-0729E_a_52-0817E_26x.txt;52-0817E;17 août 1952, soir;Vous Croyez Maintenant?;Shekinah;76;14680;
ZONE_1;06_52-0900_a_53-0607E_36x.txt;52-0900;sept. 1952;La Voie De Dieu Qui A Eté Frayée Pour Nous;Shekinah;247;12429;
ZONE_1;06_52-0900_a_53-0607E_36x.txt;52-0900;sept. 1952;La voie de Dieu qui a été préparée pour nous;VGR;248;12878;
ZONE_1;06_52-0900_a_53-0607E_36x.txt;52-1027;27 oct. 1952;Jésus-Christ Est Le Même Hier, Aujourd’hui Et Éternellement;Shekinah;45;9432;
ZONE_1;06_52-0900_a_53-0607E_36x.txt;53-0215;15 févr. 1953;Jésus-Christ est le même hier, aujourd'hui, et éternellement;Shekinah;36;7798;
ZONE_1;06_52-0900_a_53-0607E_36x.txt;53-0215E;15 févr. 1953, soir;Une Ligne de Prière;Shekinah;24;5745;
ZONE_1;06_52-0900_a_53-0607E_36x.txt;53-0216;16 févr. 1953;Mon Ange Marchera Devant Toi;Shekinah;43;9524;
ZONE_1;06_52-0900_a_53-0607E_36x.txt;53-0216;16 févr. 1953;Mon Ange marchera devant toi;VGR;123;9555;
ZONE_1;06_52-0900_a_53-0607E_36x.txt;53-0217;17 févr. 1953;Crois Seulement (Expectative);Shekinah;10;1852;
ZONE_1;06_52-0900_a_53-0607E_36x.txt;53-0218;18 févr. 1953;Toutes Choses Sont Possible A Celui Qui Croit (Une Ligne De Prière);Shekinah;24;5745;
ZONE_1;06_52-0900_a_53-0607E_36x.txt;53-0219;19 févr. 1953;Accepter Le Don De Dieu (Les Oeuvres Que Je Fais Rendent Témoignage);Shekinah;19;4193;
ZONE_1;06_52-0900_a_53-0607E_36x.txt;53-0325;25 mars 1953;Israël En Egypte;Shekinah;31;17755;
ZONE_1;06_52-0900_a_53-0607E_36x.txt;53-0326;26 mars 1953;Israël À La Mer Rouge, 1è Partie;Shekinah;189;14932;
ZONE_1;06_52-0900_a_53-0607E_36x.txt;53-0327;27 mars 1953;Israël A La Mer Rouge #2;Shekinah;234;15415;
ZONE_1;06_52-0900_a_53-0607E_36x.txt;53-0328;28 mars 1953;Israël À Kadès-Barnéa (Israël Devant Le Serpent D’airain);Shekinah;243;16320;
ZONE_1;06_52-0900_a_53-0607E_36x.txt;53-0329;29 mars 1953;Israël dans sa patrie;Shekinah;135;9914;
ZONE_1;06_52-0900_a_53-0607E_36x.txt;53-0403;3 avr. 1953;La Cruauté Du Péché Et La Peine Que Cela A Coutée Pour Delivrer Nos Vies Du Péché;Shekinah;219;12749;
ZONE_1;06_52-0900_a_53-0607E_36x.txt;53-0403;3 avr. 1953;La cruauté du péché, et la peine qu’il en a coûté pour éliminer le péché de notre vie;VGR;221;13079;
ZONE_1;06_52-0900_a_53-0607E_36x.txt;53-0405E;5 avr. 1953, soir;Les Témoins;Shekinah;267;14277;
ZONE_1;06_52-0900_a_53-0607E_36x.txt;53-0405M;5 avr. 1953, matin;Prière;Shekinah;1;261;
ZONE_1;06_52-0900_a_53-0607E_36x.txt;53-0405S;5 avr. 1953, aube;Allez Dire À Mes Disciples;Shekinah;315;18743;
ZONE_1;06_52-0900_a_53-0607E_36x.txt;53-0500;mai 1953;Ligne De Prière;Shekinah;18;7835;
ZONE_1;06_52-0900_a_53-0607E_36x.txt;53-0506;6 mai 1953;Jésus-Christ Est Le Même Hier, Aujourd’hui Et Eternellement;Shekinah;44;11173;
ZONE_1;06_52-0900_a_53-0607E_36x.txt;53-0507;7 mai 1953;Expectative;Shekinah;68;13219;
ZONE_1;06_52-0900_a_53-0607E_36x.txt;53-0508;8 mai 1953;Dieu Commissionnant Moïse;Shekinah;94;18132;
ZONE_1;06_52-0900_a_53-0607E_36x.txt;53-0509;9 mai 1953;La Colonne de Feu;Shekinah;87;16679;
ZONE_1;06_52-0900_a_53-0607E_36x.txt;53-0510;10 mai 1953;Témoignage;Shekinah;62;9992;
ZONE_1;06_52-0900_a_53-0607E_36x.txt;53-0511;11 mai 1953;Nous L’avons Trouvé, Viens Et Vois;Shekinah;39;6894;
ZONE_1;06_52-0900_a_53-0607E_36x.txt;53-0512;12 mai 1953;Parle À Ce Rocher;Shekinah;72;11967;
ZONE_1;06_52-0900_a_53-0607E_36x.txt;53-0513;13 mai 1953;La Voie À Laquelle Dieu A Pourvue;Shekinah;49;9049;
ZONE_1;06_52-0900_a_53-0607E_36x.txt;53-0531;31 mai 1953;À La Recherche De Jésus;Shekinah;55;12197;
ZONE_1;06_52-0900_a_53-0607E_36x.txt;53-0600;juin 1953;Ligne De Prière;Shekinah;1;496;
ZONE_1;06_52-0900_a_53-0607E_36x.txt;53-0601;1 juin 1953;Faîtes Ce Qu’il Vous Dira;Shekinah;41;8609;
ZONE_1;06_52-0900_a_53-0607E_36x.txt;53-0602;2 juin 1953;L’autorité de la Parole;Shekinah;5;7662;
ZONE_1;06_52-0900_a_53-0607E_36x.txt;53-0603;3 juin 1953;Dieu Commissionnant Moïse;Shekinah;55;12351;
ZONE_1;06_52-0900_a_53-0607E_36x.txt;53-0603;3 juin 1953;Dieu a commissionné Moïse;VGR;167;13026;
ZONE_1;06_52-0900_a_53-0607E_36x.txt;53-0604;4 juin 1953;L’Ange Du Seigneur;Shekinah;57;13029;
ZONE_1;06_52-0900_a_53-0607E_36x.txt;53-0605;5 juin 1953;Le Début De La Renommée De Jésus;Shekinah;50;12154;
ZONE_1;06_52-0900_a_53-0607E_36x.txt;53-0606;6 juin 1953;Une Bannière;Shekinah;54;11932;
ZONE_1;06_52-0900_a_53-0607E_36x.txt;53-0607A;7 juin 1953, après-midi;Le Ministère De Christ;Shekinah;73;13393;
ZONE_1;06_52-0900_a_53-0607E_36x.txt;53-0607E;7 juin 1953, soir;Un Témoignage;Shekinah;47;12001;
ZONE_1;07_53-0608A_a_53-1106_30x.txt;53-0608A;8 juin 1953, après-midi;Démonologie, domaine physique;Shekinah;109;11526;
ZONE_1;07_53-0608A_a_53-1106_30x.txt;53-0608A;8 juin 1953, après-midi;Démonologie, Domaine physique;VGR;109;11347;
ZONE_1;07_53-0608A_a_53-1106_30x.txt;53-0608E;8 juin 1953, soir;Sur Ta Parole;Shekinah;38;7144;
ZONE_1;07_53-0608A_a_53-1106_30x.txt;53-0609A;9 juin 1953, après-midi;Démonologie, domaine religieux;Shekinah;243;21980;
ZONE_1;07_53-0608A_a_53-1106_30x.txt;53-0609A;9 juin 1953, après-midi;Démonologie, Domaine religieux;VGR;243;21240;
ZONE_1;07_53-0608A_a_53-1106_30x.txt;53-0609E;9 juin 1953, soir;Faites Dans Cette Vallée Des Fosses, Des Fosses;Shekinah;41;9346;
ZONE_1;07_53-0608A_a_53-1106_30x.txt;53-0610;10 juin 1953;Jésus-Christ Est Le Même Hier, Aujourd'hui Et Éternellement;Shekinah;87;7469;
ZONE_1;07_53-0608A_a_53-1106_30x.txt;53-0611;11 juin 1953;Montre-Nous Le Père Et Cela Nous Suffit;Shekinah;113;22676;
ZONE_1;07_53-0608A_a_53-1106_30x.txt;53-0612;12 juin 1953;Le Gazam, La Sauterelle, Le Jélek Et Le Hazil;Shekinah;10;21908;
ZONE_1;07_53-0608A_a_53-1106_30x.txt;53-0613;13 juin 1953;La Voie À Laquelle Dieu A Pourvue;Shekinah;14;20577;
ZONE_1;07_53-0608A_a_53-1106_30x.txt;53-0614;14 juin 1953;Je vois que Tu es Prophete;Shekinah;66;11594;
ZONE_1;07_53-0608A_a_53-1106_30x.txt;53-0614A;14 juin 1953, après-midi;Combattre Ardemment Pour La Foi Qui A Eté Transmise Aux Saints Une Fois Pour Toutes;Shekinah;40;14416;
ZONE_1;07_53-0608A_a_53-1106_30x.txt;53-0729;29 juil. 1953;Questions Et Réponses Sur La Genèse;Shekinah;285;20661;
ZONE_1;07_53-0608A_a_53-1106_30x.txt;53-0729;29 juil. 1953;Questions et réponses sur la Genèse;VGR;285;21995;
ZONE_1;07_53-0608A_a_53-1106_30x.txt;53-0800;août 1953;Le Prophète du  20e Siècle;Shekinah;20;3318;
ZONE_1;07_53-0608A_a_53-1106_30x.txt;53-0829;29 août 1953;Le Témoignage De Jésus-Christ;Shekinah;88;13321;
ZONE_1;07_53-0608A_a_53-1106_30x.txt;53-0830A;30 août 1953, après-midi;Pourquoi Je Suis Un Saint Exalté;Shekinah;84;12773;
ZONE_1;07_53-0608A_a_53-1106_30x.txt;53-0830E;30 août 1953, soir;Viens, et vois;Shekinah;51;8618;
ZONE_1;07_53-0608A_a_53-1106_30x.txt;53-0831;31 août 1953;Dieu Parla À Moïse;Shekinah;84;12962;
ZONE_1;07_53-0608A_a_53-1106_30x.txt;53-0901;1 sept. 1953;Seigneur, Je Crois;Shekinah;50;8387;
ZONE_1;07_53-0608A_a_53-1106_30x.txt;53-0902;2 sept. 1953;Le Témoignage;Shekinah;87;17628;
ZONE_1;07_53-0608A_a_53-1106_30x.txt;53-0903;3 sept. 1953;L’Expectative;Shekinah;66;10370;
ZONE_1;07_53-0608A_a_53-1106_30x.txt;53-0904;4 sept. 1953;La Guérison;Shekinah;63;12200;
ZONE_1;07_53-0608A_a_53-1106_30x.txt;53-0905;5 sept. 1953;La Foi Sans Les Oeuvres Est Morte;Shekinah;81;12468;
ZONE_1;07_53-0608A_a_53-1106_30x.txt;53-0906A;6 sept. 1953, après-midi;Crois-Tu Cela?;Shekinah;105;17702;
ZONE_1;07_53-0608A_a_53-1106_30x.txt;53-0906E;6 sept. 1953, soir;Jésus-Christ, Le Vivant;Shekinah;75;11065;
ZONE_1;07_53-0608A_a_53-1106_30x.txt;53-0907A;7 sept. 1953, après-midi;Seigneur, Montre-Nous Le Père, Et Cela Nous Suffit;Shekinah;107;19064;
ZONE_1;07_53-0608A_a_53-1106_30x.txt;53-0907E;7 sept. 1953, soir;Une Ligne De Guérison;Shekinah;52;8489;
ZONE_1;07_53-0608A_a_53-1106_30x.txt;53-1018;18 oct. 1953;Élie;Shekinah;72;16618;
ZONE_1;07_53-0608A_a_53-1106_30x.txt;53-1100;nov. 1953;Ligne De Prière;Shekinah;14;4502;
ZONE_1;07_53-0608A_a_53-1106_30x.txt;53-1103;3 nov. 1953;Prendre Dieu au mot;Shekinah;14;5357;
ZONE_1;07_53-0608A_a_53-1106_30x.txt;53-1104;4 nov. 1953;La Profondeur Appelle La Profondeur;Shekinah;45;10933;
ZONE_1;07_53-0608A_a_53-1106_30x.txt;53-1106;6 nov. 1953;Vous Croyez Maintenant?;Shekinah;74;13936;
ZONE_1;08_53-1107A_a_54-0103E_28x.txt;53-1107A;7 nov. 1953, après-midi;Jésus-Christ Est Le Même Hier, Aujourd’hui Et Éternellement;Shekinah;81;5135;
ZONE_1;08_53-1107A_a_54-0103E_28x.txt;53-1108A;8 nov. 1953, après-midi;Histoire De Ma Vie;Shekinah;99;18252;
ZONE_1;08_53-1107A_a_54-0103E_28x.txt;53-1108E;8 nov. 1953, soir;L’Expectative;Shekinah;55;10390;
ZONE_1;08_53-1107A_a_54-0103E_28x.txt;53-1109;9 nov. 1953;Comment L’Ange Est Venu Vers Moi;Shekinah;75;15415;
ZONE_1;08_53-1107A_a_54-0103E_28x.txt;53-1110;10 nov. 1953;Je Restaurerai;Shekinah;73;13599;
ZONE_1;08_53-1107A_a_54-0103E_28x.txt;53-1111;11 nov. 1953;La Préparation;Shekinah;112;18355;
ZONE_1;08_53-1107A_a_54-0103E_28x.txt;53-1112;12 nov. 1953;La Démonologie;Shekinah;66;15906;
ZONE_1;08_53-1107A_a_54-0103E_28x.txt;53-1114;14 nov. 1953;Compte Rendu Du Voyage En Afrique;Shekinah;87;21003;
ZONE_1;08_53-1107A_a_54-0103E_28x.txt;53-1115E;15 nov. 1953, soir;Un Plus Grand Témoignage;Shekinah;59;13213;
ZONE_1;08_53-1107A_a_54-0103E_28x.txt;53-1115M;15 nov. 1953, matin;Parle Au Rocher;Shekinah;97;16988;
ZONE_1;08_53-1107A_a_54-0103E_28x.txt;53-1118;18 nov. 1953;Une Ligne De Prière;Shekinah;87;4509;
ZONE_1;08_53-1107A_a_54-0103E_28x.txt;53-1120;20 nov. 1953;La Démonologie;Shekinah;49;10621;
ZONE_1;08_53-1107A_a_54-0103E_28x.txt;53-1121;21 nov. 1953;Le Serpent D’Airain;Shekinah;52;13449;
ZONE_1;08_53-1107A_a_54-0103E_28x.txt;53-1122;22 nov. 1953;La Résurrection De Lazare;Shekinah;95;17502;
ZONE_1;08_53-1107A_a_54-0103E_28x.txt;53-1127;27 nov. 1953;Ligne De Prière;Shekinah;14;3401;
ZONE_1;08_53-1107A_a_54-0103E_28x.txt;53-1129A;29 nov. 1953, après-midi;La Foi Qui A Eté Transmise Aux Saints Une Fois Pour Toutes;Shekinah;141;25802;
ZONE_1;08_53-1107A_a_54-0103E_28x.txt;53-1129E;29 nov. 1953, soir;Le Témoignage;Shekinah;93;17337;
ZONE_1;08_53-1107A_a_54-0103E_28x.txt;53-1130;30 nov. 1953;L'Eternel n'a-t-il parlé qu'à Moise ?;Shekinah;78;14882;
ZONE_1;08_53-1107A_a_54-0103E_28x.txt;53-1201;1 déc. 1953;La Voie À Laquelle Dieu A Pourvue;Shekinah;95;17571;
ZONE_1;08_53-1107A_a_54-0103E_28x.txt;53-1203;3 déc. 1953;Le Témoignage;Shekinah;90;18370;
ZONE_1;08_53-1107A_a_54-0103E_28x.txt;53-1204;4 déc. 1953;Sur Ta Parole;Shekinah;87;16284;
ZONE_1;08_53-1107A_a_54-0103E_28x.txt;53-1205;5 déc. 1953;La Résurrection;Shekinah;111;21690;
ZONE_1;08_53-1107A_a_54-0103E_28x.txt;53-1206A;6 déc. 1953, après-midi;Histoire De Ma Vie;Shekinah;10;2720;
ZONE_1;08_53-1107A_a_54-0103E_28x.txt;53-1206E;6 déc. 1953, soir;Vous Croyez Maintenant?;Shekinah;95;18274;
ZONE_1;08_53-1107A_a_54-0103E_28x.txt;53-1212;12 déc. 1953;L’homme Intérieur;Shekinah;98;18137;
ZONE_1;08_53-1107A_a_54-0103E_28x.txt;53-1213E;13 déc. 1953, soir;Les Exploits de la Foi;Shekinah;99;16805;
ZONE_1;08_53-1107A_a_54-0103E_28x.txt;53-1213M;13 déc. 1953, matin;Que Pensez-vous de Christ ?;Shekinah;58;10808;
ZONE_1;08_53-1107A_a_54-0103E_28x.txt;54-0103E;3 janv. 1954, soir;Questions Et Réponses #2;Shekinah;218;19520;
ZONE_1;08_53-1107A_a_54-0103E_28x.txt;54-0103E;3 janv. 1954, soir;Questions et réponses #2;VGR;217;20647;
ZONE_1;09_54-0103M_a_54-0403_25x.txt;54-0103M;3 janv. 1954, matin;Questions Et Réponses #1;Shekinah;277;19735;
ZONE_1;09_54-0103M_a_54-0403_25x.txt;54-0103M;3 janv. 1954, matin;Questions et réponses #1;VGR;268;20221;
ZONE_1;09_54-0103M_a_54-0403_25x.txt;54-0216;16 févr. 1954;Jaïrus Et La Guérison Divine;Shekinah;74;17478;
ZONE_1;09_54-0103M_a_54-0403_25x.txt;54-0217;17 févr. 1954;Jésus Se Tenant Sur L’autorité De La Parole;Shekinah;80;14917;
ZONE_1;09_54-0103M_a_54-0403_25x.txt;54-0220;20 févr. 1954;L’Expectative;Shekinah;82;15298;
ZONE_1;09_54-0103M_a_54-0403_25x.txt;54-0221;21 févr. 1954;Sur Ta Parole, Seigneur;Shekinah;55;12725;
ZONE_1;09_54-0103M_a_54-0403_25x.txt;54-0228A;28 févr. 1954, après-midi;L’Expectative;Shekinah;103;17004;
ZONE_1;09_54-0103M_a_54-0403_25x.txt;54-0228E;28 févr. 1954, soir;Chercher Jésus;Shekinah;80;14712;
ZONE_1;09_54-0103M_a_54-0403_25x.txt;54-0301;1 mars 1954;L’Ange De L’Alliance;Shekinah;83;13953;
ZONE_1;09_54-0103M_a_54-0403_25x.txt;54-0302;2 mars 1954;La Résurrection de la fille de Jaïrus;Shekinah;71;15042;
ZONE_1;09_54-0103M_a_54-0403_25x.txt;54-0303;3 mars 1954;Les Témoins;Shekinah;86;14449;
ZONE_1;09_54-0103M_a_54-0403_25x.txt;54-0304;4 mars 1954;ELIE ET ELISEE;Shekinah;76;12859;
ZONE_1;09_54-0103M_a_54-0403_25x.txt;54-0305;5 mars 1954;LA VOIE POURVUE PAR DIEU POUR TRAITER LE PECHE;Shekinah;67;11190;
ZONE_1;09_54-0103M_a_54-0403_25x.txt;54-0306;6 mars 1954;L’ALLIANCE INCONDITIONNELLE;Shekinah;108;19138;
ZONE_1;09_54-0103M_a_54-0403_25x.txt;54-0307;7 mars 1954;LE TEMPS DE LA FIN;Shekinah;78;12946;
ZONE_1;09_54-0103M_a_54-0403_25x.txt;54-0307E;7 mars 1954, soir;Vous Croyez Maintenant?;Shekinah;77;13959;
ZONE_1;09_54-0103M_a_54-0403_25x.txt;54-0314;14 mars 1954;Pourquoi Je Prie Pour Les Malades;Shekinah;85;16117;
ZONE_1;09_54-0103M_a_54-0403_25x.txt;54-0320;20 mars 1954;LA FOI VIENT DE CE QU’ON ENTEND;Shekinah;110;18125;
ZONE_1;09_54-0103M_a_54-0403_25x.txt;54-0321;21 mars 1954;Que Pensez-Vous Du Christ?;Shekinah;52;10700;
ZONE_1;09_54-0103M_a_54-0403_25x.txt;54-0328;28 mars 1954;Messieurs, Nous Voudrions Voir Jésus;Shekinah;55;12632;
ZONE_1;09_54-0103M_a_54-0403_25x.txt;54-0329;29 mars 1954;LA REDEMPTION PAR LA PUISSANCE (LA REDEMPTION PAR LE SANG);Shekinah;225;15241;
ZONE_1;09_54-0103M_a_54-0403_25x.txt;54-0329;29 mars 1954;La rédemption par la puissance;VGR;225;14607;
ZONE_1;09_54-0103M_a_54-0403_25x.txt;54-0330;30 mars 1954;La Rédemption Dans Sa Totalité, Dans La Joie;Shekinah;236;14753;
ZONE_1;09_54-0103M_a_54-0403_25x.txt;54-0330;30 mars 1954;La rédemption dans sa totalité, dans la joie;VGR;236;14997;
ZONE_1;09_54-0103M_a_54-0403_25x.txt;54-0331;31 mars 1954;La Résurrection De La Fille De Jaïrus;Shekinah;69;16089;
ZONE_1;09_54-0103M_a_54-0403_25x.txt;54-0401;1 avr. 1954;La Préparation De Dieu;Shekinah;97;20437;
ZONE_1;09_54-0103M_a_54-0403_25x.txt;54-0402;2 avr. 1954;Aveugle Bartimée;Shekinah;46;11586;
ZONE_1;09_54-0103M_a_54-0403_25x.txt;54-0403;3 avr. 1954;La Main De l’Éternel Fut Sur Élisée;Shekinah;78;15022;
ZONE_1;10_54-0404E_a_54-0720E_19x.txt;54-0404E;4 avr. 1954, soir;Dieu A Une Voie À Laquelle Il A Pourvue;Shekinah;195;16019;
ZONE_1;10_54-0404E_a_54-0720E_19x.txt;54-0404E;4 avr. 1954, soir;Dieu a pourvu d’un moyen;VGR;270;16580;
ZONE_1;10_54-0404E_a_54-0720E_19x.txt;54-0404M;4 avr. 1954, matin;Combattre Ardemment Pour La Foi;Shekinah;68;17406;
ZONE_1;10_54-0404E_a_54-0720E_19x.txt;54-0411;11 avr. 1954;Ta Foi T’a Sauvé;Shekinah;32;6826;
ZONE_1;10_54-0404E_a_54-0720E_19x.txt;54-0509;9 mai 1954;Invasion des Etats-Unis;Shekinah;267;17185;
ZONE_1;10_54-0404E_a_54-0720E_19x.txt;54-0509;9 mai 1954;L’invasion des États-Unis;VGR;267;17534;
ZONE_1;10_54-0404E_a_54-0720E_19x.txt;54-0512;12 mai 1954;LES SEPT AGES DE L'EGLISE;Shekinah;165;17523;
ZONE_1;10_54-0404E_a_54-0720E_19x.txt;54-0512;12 mai 1954;Les Sept Âges de l’Église;VGR;285;18129;
ZONE_1;10_54-0404E_a_54-0720E_19x.txt;54-0513;13 mai 1954;La Marque De La Bête;Shekinah;279;18795;
ZONE_1;10_54-0404E_a_54-0720E_19x.txt;54-0513;13 mai 1954;La marque de la bête;VGR;279;19202;
ZONE_1;10_54-0404E_a_54-0720E_19x.txt;54-0514;14 mai 1954;LE SCEAU DE DIEU;Shekinah;305;21720;
ZONE_1;10_54-0404E_a_54-0720E_19x.txt;54-0514;14 mai 1954;Le Sceau de Dieu;VGR;305;20737;
ZONE_1;10_54-0404E_a_54-0720E_19x.txt;54-0515;15 mai 1954;QUESTIONS ET REPONSES (SUR L’IMAGE DE LA BETE);Shekinah;365;25932;
ZONE_1;10_54-0404E_a_54-0720E_19x.txt;54-0515;15 mai 1954;Questions et réponses;VGR;365;29631;
ZONE_1;10_54-0404E_a_54-0720E_19x.txt;54-0516;16 mai 1954;Questions Et Réponses;Shekinah;104;21270;
ZONE_1;10_54-0404E_a_54-0720E_19x.txt;54-0516;16 mai 1954;Questions et réponses (la loi qui possède une ombre);VGR;165;22324;
ZONE_1;10_54-0404E_a_54-0720E_19x.txt;54-0619;19 juin 1954;Une Ligne De Prière;Shekinah;39;8663;
ZONE_1;10_54-0404E_a_54-0720E_19x.txt;54-0620;20 juin 1954;Je Restaurerai;Shekinah;43;10955;
ZONE_1;10_54-0404E_a_54-0720E_19x.txt;54-0620E;20 juin 1954, soir;La Guérison Divine;Shekinah;83;18488;
ZONE_1;10_54-0404E_a_54-0720E_19x.txt;54-0624;24 juin 1954;La Profondeur Appelle La Profondeur;Shekinah;65;10801;
ZONE_1;10_54-0404E_a_54-0720E_19x.txt;54-0718A;18 juil. 1954, après-midi;Le Grand Réveil Imminent Et L’effusion Du Saint-Esprit;Shekinah;62;11778;
ZONE_1;10_54-0404E_a_54-0720E_19x.txt;54-0718E;18 juil. 1954, soir;Voir Jésus;Shekinah;85;14623;
ZONE_1;10_54-0404E_a_54-0720E_19x.txt;54-0719A;19 juil. 1954, après-midi;La Voie À Laquelle Dieu A Pourvue Pour La Guérison;Shekinah;13;14800;
ZONE_1;10_54-0404E_a_54-0720E_19x.txt;54-0719E;19 juil. 1954, soir;Dieu A Pourvu À La Guérison Pour Cette Génération;Shekinah;72;15347;
ZONE_1;10_54-0404E_a_54-0720E_19x.txt;54-0720A;20 juil. 1954, après-midi;Le Fou De Gadara;Shekinah;105;17189;
ZONE_1;10_54-0404E_a_54-0720E_19x.txt;54-0720E;20 juil. 1954, soir;C’est Moi, N’ayez Pas Peur!;Shekinah;56;10254;
ZONE_1;11_54-0721_a_54-0810_10x.txt;54-0721;21 juil. 1954;Ayez bon courage;Shekinah;12;8114;
ZONE_1;11_54-0721_a_54-0810_10x.txt;54-0722;22 juil. 1954;FAITES TOUT CE QU'IL VOUS DIRA;Shekinah;62;13714;
ZONE_1;11_54-0721_a_54-0810_10x.txt;54-0723;23 juil. 1954;LE PROPHETE ELISEE;Shekinah;80;16554;
ZONE_1;11_54-0721_a_54-0810_10x.txt;54-0724;24 juil. 1954;Une Expérience Personnelle Avec Dieu;Shekinah;75;14268;
ZONE_1;11_54-0721_a_54-0810_10x.txt;54-0725;25 juil. 1954;Vous Croyez Maintenant?;Shekinah;53;8631;
ZONE_1;11_54-0721_a_54-0810_10x.txt;54-0803;3 août 1954;Jaïrus;Shekinah;90;5370;
ZONE_1;11_54-0721_a_54-0810_10x.txt;54-0804;4 août 1954;Siméon;Shekinah;124;7259;
ZONE_1;11_54-0721_a_54-0810_10x.txt;54-0809A;9 août 1954, après-midi;JE RESTAURERAI;Shekinah;55;10454;
ZONE_1;11_54-0721_a_54-0810_10x.txt;54-0809E;9 août 1954, soir;LA MANIFESTATION DE TA RESURRECTION AUX GENS D'AUJOURD'HUI;Shekinah;54;9281;
ZONE_1;11_54-0721_a_54-0810_10x.txt;54-0810;10 août 1954;UNE LIGNE DE PRIÈRE;Shekinah;16;3569;
ZONE_2;03_54-0811_a_54-1219E_22x.txt;54-0811;11 août 1954;Montre-Nous Le Père;Shekinah;66;11823;
ZONE_2;03_54-0811_a_54-1219E_22x.txt;54-0812;12 août 1954;Ligne De Prière;Shekinah;16;3351;
ZONE_2;03_54-0811_a_54-1219E_22x.txt;54-0813;13 août 1954;Jésus-Christ Est Le Même Hier, Aujourd’hui, Et Éternellement;Shekinah;42;8546;
ZONE_2;03_54-0811_a_54-1219E_22x.txt;54-0814;14 août 1954;L’Alliance Inconditionnelle Que Dieu A Traitée Avec Le Peuple;Shekinah;68;13185;
ZONE_2;03_54-0811_a_54-1219E_22x.txt;54-0824;24 août 1954;Jésus-Christ Est Le Même Hier, Aujourd’hui Et Eternellement;Shekinah;42;9239;
ZONE_2;03_54-0811_a_54-1219E_22x.txt;54-0825;25 août 1954;Nous L'avons Trouvé (Jésus-Christ, Le Même Hier, Aujourdhui Et Éternellement);Shekinah;44;7193;
ZONE_2;03_54-0811_a_54-1219E_22x.txt;54-0829A;29 août 1954, après-midi;Je Vous Restaurerai, Dit L’Éternel;Shekinah;69;17287;
ZONE_2;03_54-0811_a_54-1219E_22x.txt;54-0829E;29 août 1954, soir;Jésus-Christ Est Le Même Hier, Aujourd’hui Et Éternellement;Shekinah;74;3721;
ZONE_2;03_54-0811_a_54-1219E_22x.txt;54-0900;sept. 1954;Ayez Foi En Dieu;Shekinah;49;10855;
ZONE_2;03_54-0811_a_54-1219E_22x.txt;54-0902;2 sept. 1954;Témoignage Sur l’Afrique Du Sud;Shekinah;96;16668;
ZONE_2;03_54-0811_a_54-1219E_22x.txt;54-1003E;3 oct. 1954, soir;L'Année De Jubilé;Shekinah;199;14464;
ZONE_2;03_54-0811_a_54-1219E_22x.txt;54-1003M;3 oct. 1954, matin;La Parole Faite Chair;Shekinah;275;19049;
ZONE_2;03_54-0811_a_54-1219E_22x.txt;54-1003M;3 oct. 1954, matin;La Parole s’est faite chair (compte rendu du voyage en Inde);VGR;275;20234;
ZONE_2;03_54-0811_a_54-1219E_22x.txt;54-1006;6 oct. 1954;La Loi Ou La Grace;Shekinah;186;14528;
ZONE_2;03_54-0811_a_54-1219E_22x.txt;54-1006;6 oct. 1954;La loi ou la grâce;VGR;186;14573;
ZONE_2;03_54-0811_a_54-1219E_22x.txt;54-1024;24 oct. 1954;Le Péché Impardonnable;Shekinah;271;19046;
ZONE_2;03_54-0811_a_54-1219E_22x.txt;54-1024;24 oct. 1954;Le péché impardonnable;VGR;271;19759;
ZONE_2;03_54-0811_a_54-1219E_22x.txt;54-1114;14 nov. 1954;La Rédemption Par Le Jugement;Shekinah;57;13760;
ZONE_2;03_54-0811_a_54-1219E_22x.txt;54-1114;14 nov. 1954;La rédemption par le jugement;VGR;195;13809;
ZONE_2;03_54-0811_a_54-1219E_22x.txt;54-1203;3 déc. 1954;La Loi Qui Possède Une Ombre;Shekinah;83;15241;
ZONE_2;03_54-0811_a_54-1219E_22x.txt;54-1204;4 déc. 1954;Dieu amène son église à la perfection;Shekinah;96;18613;
ZONE_2;03_54-0811_a_54-1219E_22x.txt;54-1205;5 déc. 1954;Nous Voudrions Voir Jésus;Shekinah;42;14971;
ZONE_2;03_54-0811_a_54-1219E_22x.txt;54-1206;6 déc. 1954;L’Expectative;Shekinah;81;17907;
ZONE_2;03_54-0811_a_54-1219E_22x.txt;54-1207;7 déc. 1954;Sur Ta Parole, Seigneur, Je Jetterai Le Filet;Shekinah;117;19297;
ZONE_2;03_54-0811_a_54-1219E_22x.txt;54-1212;12 déc. 1954;Il Jura Par Lui-Même;Shekinah;294;19848;
ZONE_2;03_54-0811_a_54-1219E_22x.txt;54-1212;12 déc. 1954;Il jura par Lui-même;VGR;295;20179;
ZONE_2;03_54-0811_a_54-1219E_22x.txt;54-1219E;19 déc. 1954, soir;Les Actes Du Saint-Esprit;Shekinah;179;13644;
ZONE_2;03_54-0811_a_54-1219E_22x.txt;54-1219E;19 déc. 1954, soir;Les actes du Saint-Esprit;VGR;179;13286;
ZONE_2;04_54-1219M_a_55-0227E_26x.txt;54-1219M;19 déc. 1954, matin;La Guérison Divine;Shekinah;234;20277;
ZONE_2;04_54-1219M_a_55-0227E_26x.txt;54-1219M;19 déc. 1954, matin;La guérison Divine;VGR;312;21076;
ZONE_2;04_54-1219M_a_55-0227E_26x.txt;54-1231;31 déc. 1954;La Vie Eternelle Et Comment La Recevoir;Shekinah;218;13619;
ZONE_2;04_54-1219M_a_55-0227E_26x.txt;55-0109E;9 janv. 1955, soir;Le Début Et La Fin De La Dispensation Des Gentils;Shekinah;170;9141;
ZONE_2;04_54-1219M_a_55-0227E_26x.txt;55-0109E;9 janv. 1955, soir;Le début et la fin de la dispensation des nations;VGR;170;9594;
ZONE_2;04_54-1219M_a_55-0227E_26x.txt;55-0109M;9 janv. 1955, matin;Melchisédek, le grand prince et roi;Shekinah;210;12850;
ZONE_2;04_54-1219M_a_55-0227E_26x.txt;55-0109M;9 janv. 1955, matin;Melchisédek, le grand Prince et Roi;VGR;210;13100;
ZONE_2;04_54-1219M_a_55-0227E_26x.txt;55-0113;13 janv. 1955;LE FONDEMENT FONDAMENTAL POUR LA FOI;Shekinah;88;14759;
ZONE_2;04_54-1219M_a_55-0227E_26x.txt;55-0114;14 janv. 1955;Docteur Moïse;Shekinah;58;7587;
ZONE_2;04_54-1219M_a_55-0227E_26x.txt;55-0114;14 janv. 1955;Le docteur Moïse;VGR;145;10441;
ZONE_2;04_54-1219M_a_55-0227E_26x.txt;55-0115;15 janv. 1955;La Loi;Shekinah;57;12326;
ZONE_2;04_54-1219M_a_55-0227E_26x.txt;55-0116A;16 janv. 1955, après-midi;Notre position en Christ;Shekinah;53;7484;
ZONE_2;04_54-1219M_a_55-0227E_26x.txt;55-0116E;16 janv. 1955, soir;Jésus-Christ Est Le Même Hier, Aujourd'hui Et Eternellement;Shekinah;96;12266;
ZONE_2;04_54-1219M_a_55-0227E_26x.txt;55-0117;17 janv. 1955;Comment L’ange Vint Vers Moi, Et Sa Commission;Shekinah;307;19316;
ZONE_2;04_54-1219M_a_55-0227E_26x.txt;55-0117;17 janv. 1955;Comment l’Ange est venu à moi, et Sa commission;VGR;307;20192;
ZONE_2;04_54-1219M_a_55-0227E_26x.txt;55-0118;18 janv. 1955;David, Le Vaillant Guerrier (Elu, Appelé, Oint Et Placé);Shekinah;68;13230;
ZONE_2;04_54-1219M_a_55-0227E_26x.txt;55-0119;19 janv. 1955;Josué, ce vaillant guerrier;Shekinah;53;10754;
ZONE_2;04_54-1219M_a_55-0227E_26x.txt;55-0120;20 janv. 1955;LES 7 NOMS COMPOSES DE JEHOVAH;Shekinah;97;19991;
ZONE_2;04_54-1219M_a_55-0227E_26x.txt;55-0121;21 janv. 1955;LES EAUX DE SEPARATION  (La mort apporte la vie);Shekinah;47;9830;
ZONE_2;04_54-1219M_a_55-0227E_26x.txt;55-0122;22 janv. 1955;Moise, Le Grand Serviteur;Shekinah;53;8871;
ZONE_2;04_54-1219M_a_55-0227E_26x.txt;55-0123A;23 janv. 1955, après-midi;L'Approche Vers Dieu (L'Approche Divine);Shekinah;99;14257;
ZONE_2;04_54-1219M_a_55-0227E_26x.txt;55-0123E;23 janv. 1955, soir;Combattre  Ardemment Pour La Foi;Shekinah;51;13364;
ZONE_2;04_54-1219M_a_55-0227E_26x.txt;55-0220A;20 févr. 1955, après-midi;La Seconde Venue;Shekinah;64;13739;
ZONE_2;04_54-1219M_a_55-0227E_26x.txt;55-0220E;20 févr. 1955, soir;Combattre Pour La Foi;Shekinah;97;16353;
ZONE_2;04_54-1219M_a_55-0227E_26x.txt;55-0221;21 févr. 1955;Christ;Shekinah;93;15588;
ZONE_2;04_54-1219M_a_55-0227E_26x.txt;55-0222;22 févr. 1955;Jéhovah-Jiré;Shekinah;82;14726;
ZONE_2;04_54-1219M_a_55-0227E_26x.txt;55-0223;23 févr. 1955;JOB, SERVITEUR DE DIEU;Shekinah;99;18918;
ZONE_2;04_54-1219M_a_55-0227E_26x.txt;55-0224;24 févr. 1955;L'EAU DU ROCHER;Shekinah;63;11900;
ZONE_2;04_54-1219M_a_55-0227E_26x.txt;55-0225;25 févr. 1955;JESUS GLORIFIE;Shekinah;76;15787;
ZONE_2;04_54-1219M_a_55-0227E_26x.txt;55-0227A;27 févr. 1955, après-midi;La Position D'un Croyant En Christ;Shekinah;66;13548;
ZONE_2;04_54-1219M_a_55-0227E_26x.txt;55-0227E;27 févr. 1955, soir;La  Guérison De La Fille De Jaïrus;Shekinah;120;20912;
ZONE_2;05_55-0228_a_55-0620_24x.txt;55-0228;28 févr. 1955;La Séparation D’avec L’Incrédulité;Shekinah;91;18013;
ZONE_2;05_55-0228_a_55-0620_24x.txt;55-0301;1 mars 1955;ELIE  (ELISEE ET LA SUNAMITE);Shekinah;79;20106;
ZONE_2;05_55-0228_a_55-0620_24x.txt;55-0302;2 mars 1955;Le  Rideau Du Temps;Shekinah;95;19738;
ZONE_2;05_55-0228_a_55-0620_24x.txt;55-0311;11 mars 1955;Le Sceau De L'Antichrist (La Marque De L'Antichrist);Shekinah;89;17304;
ZONE_2;05_55-0228_a_55-0620_24x.txt;55-0312;12 mars 1955;La Marque De Christ;Shekinah;60;12224;
ZONE_2;05_55-0228_a_55-0620_24x.txt;55-0400;avr. 1955;L’Aveugle Bartimée;Shekinah;109;6669;
ZONE_2;05_55-0228_a_55-0620_24x.txt;55-0403;3 avr. 1955;La Communion Par La Rédemption;Shekinah;88;19624;
ZONE_2;05_55-0228_a_55-0620_24x.txt;55-0403;3 avr. 1955;La communion par la rédemption;VGR;266;20803;
ZONE_2;05_55-0228_a_55-0620_24x.txt;55-0410E;10 avr. 1955, soir;Une Prière;Shekinah;3;446;
ZONE_2;05_55-0228_a_55-0620_24x.txt;55-0410M;10 avr. 1955, matin;LA PREUVE DE SA RESURRECTION;Shekinah;196;19616;
ZONE_2;05_55-0228_a_55-0620_24x.txt;55-0410M;10 avr. 1955, matin;La preuve de Sa résurrection;VGR;344;19859;
ZONE_2;05_55-0228_a_55-0620_24x.txt;55-0410S;10 avr. 1955, aube;Mon Rédempteur Est Vivant;Shekinah;169;10216;
ZONE_2;05_55-0228_a_55-0620_24x.txt;55-0501A;1 mai 1955, après-midi;La Communion;Shekinah;76;13340;
ZONE_2;05_55-0228_a_55-0620_24x.txt;55-0501A;1 mai 1955, après-midi;En communion;VGR;146;13691;
ZONE_2;05_55-0228_a_55-0620_24x.txt;55-0501E;1 mai 1955, soir;La Foi Transmise Aux Saints Une Fois Pour Toutes;Shekinah;81;16590;
ZONE_2;05_55-0228_a_55-0620_24x.txt;55-0522;22 mai 1955;L'Arche, Un Type De Christ;Shekinah;212;13583;
ZONE_2;05_55-0228_a_55-0620_24x.txt;55-0522;22 mai 1955;L’Arche;VGR;177;13867;
ZONE_2;05_55-0228_a_55-0620_24x.txt;55-0603;3 juin 1955;Jésus-Christ Est Le Même Hier, Aujourd’hui Et Eternellement;Shekinah;68;12371;
ZONE_2;05_55-0228_a_55-0620_24x.txt;55-0604;4 juin 1955;Jaïrus, Le Croyant En Secret;Shekinah;87;17506;
ZONE_2;05_55-0228_a_55-0620_24x.txt;55-0605;5 juin 1955;La Communion Par La Réconciliation Du Sang;Shekinah;62;12136;
ZONE_2;05_55-0228_a_55-0620_24x.txt;55-0606;6 juin 1955;LES EAUX DE SEPARATION;Shekinah;57;13900;
ZONE_2;05_55-0228_a_55-0620_24x.txt;55-0607;7 juin 1955;La  Vraie Vigne Et La Fausse Vigne;Shekinah;94;19255;
ZONE_2;05_55-0228_a_55-0620_24x.txt;55-0608;8 juin 1955;Abraham;Shekinah;94;19588;
ZONE_2;05_55-0228_a_55-0620_24x.txt;55-0609;9 juin 1955;UN TEMOIGNAGE PLUS GRAND QUE CELUI DE JEAN;Shekinah;54;11356;
ZONE_2;05_55-0228_a_55-0620_24x.txt;55-0610;10 juin 1955;Vous Croyez Maintenant;Shekinah;53;10870;
ZONE_2;05_55-0228_a_55-0620_24x.txt;55-0611;11 juin 1955;Qu'y a-t-il Dans Ta Main?;Shekinah;103;20746;
ZONE_2;05_55-0228_a_55-0620_24x.txt;55-0611;11 juin 1955;Qu’y a-t-il dans ta main?;VGR;253;20841;
ZONE_2;05_55-0228_a_55-0620_24x.txt;55-0612;12 juin 1955;La Présence Du Seigneur Jésus;Shekinah;93;22858;
ZONE_2;05_55-0228_a_55-0620_24x.txt;55-0620;20 juin 1955;Combattre Pour La Foi;Shekinah;34;6274;
ZONE_2;06_55-0621_a_55-1009_30x.txt;55-0621;21 juin 1955;Le Noble Romain;Shekinah;40;7523;
ZONE_2;06_55-0621_a_55-1009_30x.txt;55-0624;24 juin 1955;Abraham;Shekinah;24;3266;
ZONE_2;06_55-0621_a_55-1009_30x.txt;55-0625;25 juin 1955;Montre-Nous Le Père, Et Cela Nous Suffit;Shekinah;52;9077;
ZONE_2;06_55-0621_a_55-1009_30x.txt;55-0626A;26 juin 1955, après-midi;L'Histoire De Ma Vie;Shekinah;2;2611;
ZONE_2;06_55-0621_a_55-1009_30x.txt;55-0626E;26 juin 1955, soir;Je Restaurerai;Shekinah;46;7532;
ZONE_2;06_55-0621_a_55-1009_30x.txt;55-0724;24 juil. 1955;Les Esprits Séducteurs;Shekinah;182;19436;
ZONE_2;06_55-0621_a_55-1009_30x.txt;55-0724;24 juil. 1955;Les esprits séducteurs;VGR;182;19161;
ZONE_2;06_55-0621_a_55-1009_30x.txt;55-0731;31 juil. 1955;Le Son Confus;Shekinah;252;15900;
ZONE_2;06_55-0621_a_55-1009_30x.txt;55-0806;6 août 1955;JESUS-CHRIST EST LE MEME HIER, AUJOURD'HUI ET ETERNELLEMENT;Shekinah;94;20899;
ZONE_2;06_55-0621_a_55-1009_30x.txt;55-0807A;7 août 1955, après-midi;L'ORGUEIL  (Jésus mal accueilli);Shekinah;76;15758;
ZONE_2;06_55-0621_a_55-1009_30x.txt;55-0807E;7 août 1955, soir;La Conduite De L’Esprit De Dieu;Shekinah;73;15908;
ZONE_2;06_55-0621_a_55-1009_30x.txt;55-0813;13 août 1955;La Communion Fraternelle;Shekinah;39;8683;
ZONE_2;06_55-0621_a_55-1009_30x.txt;55-0815;15 août 1955;Combattre Ardemment;Shekinah;60;9301;
ZONE_2;06_55-0621_a_55-1009_30x.txt;55-0817;17 août 1955;Jehovah Jiré;Shekinah;34;4834;
ZONE_2;06_55-0621_a_55-1009_30x.txt;55-0818;18 août 1955;L'Aveugle Bartimée;Shekinah;43;7596;
ZONE_2;06_55-0621_a_55-1009_30x.txt;55-0819;19 août 1955;Conduit Par Le Saint-Esprit;Shekinah;47;10290;
ZONE_2;06_55-0621_a_55-1009_30x.txt;55-0826;26 août 1955;William Branham Prêche;Shekinah;35;6542;
ZONE_2;06_55-0621_a_55-1009_30x.txt;55-0826;26 août 1955;Le même Jésus ce soir;VGR;35;6859;
ZONE_2;06_55-0621_a_55-1009_30x.txt;55-0828A;28 août 1955, après-midi;Christ N’Est Pas Le Bienvenu;Shekinah;48;9292;
ZONE_2;06_55-0621_a_55-1009_30x.txt;55-0828A;28 août 1955, après-midi;Le Christ sans bienvenue;VGR;48;9311;
ZONE_2;06_55-0621_a_55-1009_30x.txt;55-0828E;28 août 1955, soir;Monsieur, Nous Voudrions Voir Jésus;Shekinah;47;9804;
ZONE_2;06_55-0621_a_55-1009_30x.txt;55-0828E;28 août 1955, soir;Monsieur, nous voudrions voir Jésus;VGR;47;9571;
ZONE_2;06_55-0621_a_55-1009_30x.txt;55-0911;11 sept. 1955;Christ N’est Pas Le Bienvenu;Shekinah;325;21556;
ZONE_2;06_55-0621_a_55-1009_30x.txt;55-0911;11 sept. 1955;Le Christ sans bienvenue;VGR;265;22727;
ZONE_2;06_55-0621_a_55-1009_30x.txt;55-0930;30 sept. 1955;Une Ligne De Prière;Shekinah;87;3871;
ZONE_2;06_55-0621_a_55-1009_30x.txt;55-1001;1 oct. 1955;Expectative;Shekinah;116;23729;
ZONE_2;06_55-0621_a_55-1009_30x.txt;55-1002;2 oct. 1955;Le Christ N'est Pas Le Bienvenu;Shekinah;68;11252;
ZONE_2;06_55-0621_a_55-1009_30x.txt;55-1003;3 oct. 1955;La Foi En Action;Shekinah;96;16847;
ZONE_2;06_55-0621_a_55-1009_30x.txt;55-1004;4 oct. 1955;Venez Et Plaidons (Les Dons Et Les Appels Sont Sans Repentance);Shekinah;108;18146;
ZONE_2;06_55-0621_a_55-1009_30x.txt;55-1005;5 oct. 1955;Le Livre D'Exode, 1ère Partie (Exode, Livre De Rédemption) (La Puissance de Démon);Shekinah;58;10247;
ZONE_2;06_55-0621_a_55-1009_30x.txt;55-1006A;6 oct. 1955, après-midi;Une Vie cachée;Shekinah;48;8756;
ZONE_2;06_55-0621_a_55-1009_30x.txt;55-1006E;6 oct. 1955, soir;Le Livre D'Exode, 2e Partie  (Exode, La Colonne De Feu);Shekinah;77;17592;
ZONE_2;06_55-0621_a_55-1009_30x.txt;55-1007;7 oct. 1955;La Puissance De La Décision;Shekinah;106;18792;
ZONE_2;06_55-0621_a_55-1009_30x.txt;55-1008;8 oct. 1955;Les Résultats De La Décision;Shekinah;81;21732;
ZONE_2;06_55-0621_a_55-1009_30x.txt;55-1009;9 oct. 1955;Comment Communier (La Communion Avec Dieu);Shekinah;83;15818;
ZONE_2;07_55-1110_a_56-0218E_22x.txt;55-1110;10 nov. 1955;Une Vie Cachée En Christ;Shekinah;70;13622;
ZONE_2;07_55-1110_a_56-0218E_22x.txt;55-1111;11 nov. 1955;Là Où, Je Pense, Les Pentecôtistes Ont Failli;Shekinah;105;19805;
ZONE_2;07_55-1110_a_56-0218E_22x.txt;55-1113;13 nov. 1955;Jésus-Christ Est Le Même Hier, Aujourd’hui Et Eternellement;Shekinah;97;18237;
ZONE_2;07_55-1110_a_56-0218E_22x.txt;55-1114;14 nov. 1955;Puis Jésus Vint À L’Heure La Plus Sombre;Shekinah;116;17846;
ZONE_2;07_55-1110_a_56-0218E_22x.txt;55-1115;15 nov. 1955;L’Aveugle Bartimée;Shekinah;85;17247;
ZONE_2;07_55-1110_a_56-0218E_22x.txt;55-1116;16 nov. 1955;L’Appel d’Abraham;Shekinah;59;14415;
ZONE_2;07_55-1110_a_56-0218E_22x.txt;55-1117;17 nov. 1955;Jéhovah-Jiré;Shekinah;88;16100;
ZONE_2;07_55-1110_a_56-0218E_22x.txt;55-1118;18 nov. 1955;La Foi d’Abraham;Shekinah;82;16579;
ZONE_2;07_55-1110_a_56-0218E_22x.txt;55-1119;19 nov. 1955;Rédempteur, Rédemption;Shekinah;92;18932;
ZONE_2;07_55-1110_a_56-0218E_22x.txt;55-1120;20 nov. 1955;QU'Y A-T-IL DANS TA MAIN?;Shekinah;104;20906;
ZONE_2;07_55-1110_a_56-0218E_22x.txt;56-0101;1 janv. 1956;Pourquoi les gens sont si ballotés?  (Le Voile Intérieur);Shekinah;233;19035;
ZONE_2;07_55-1110_a_56-0218E_22x.txt;56-0101;1 janv. 1956;Pourquoi les gens sont-ils si ballottés?;VGR;291;21809;
ZONE_2;07_55-1110_a_56-0218E_22x.txt;56-0108;8 janv. 1956;Dieu A Une Voie À Laquelle Il A Pourvue;Shekinah;86;21652;
ZONE_2;07_55-1110_a_56-0218E_22x.txt;56-0115;15 janv. 1956;La Jonction Du Temps;Shekinah;82;16169;
ZONE_2;07_55-1110_a_56-0218E_22x.txt;56-0115;15 janv. 1956;Au carrefour du temps;VGR;256;17578;
ZONE_2;07_55-1110_a_56-0218E_22x.txt;56-0120;20 janv. 1956;La Réconciliation Par La Communion  Avec Dieu;Shekinah;85;15244;
ZONE_2;07_55-1110_a_56-0218E_22x.txt;56-0121;21 janv. 1956;Le Voile Intérieur;Shekinah;116;23197;
ZONE_2;07_55-1110_a_56-0218E_22x.txt;56-0122;22 janv. 1956;Les Cinq Jonctions Du Temps;Shekinah;120;23520;
ZONE_2;07_55-1110_a_56-0218E_22x.txt;56-0122;22 janv. 1956;Au carrefour du temps;VGR;321;23423;
ZONE_2;07_55-1110_a_56-0218E_22x.txt;56-0128;28 janv. 1956;L’INSPIRATION SPIRITUELLE;Shekinah;82;17579;
ZONE_2;07_55-1110_a_56-0218E_22x.txt;56-0129;29 janv. 1956;LE SURNATUREL (L'ATMOSPHÈRE SPIRITUELLE);Shekinah;65;13886;
ZONE_2;07_55-1110_a_56-0218E_22x.txt;56-0200;févr. 1956;Combattre Pour La Foi;Shekinah;66;14452;
ZONE_2;07_55-1110_a_56-0218E_22x.txt;56-0212;12 févr. 1956;La Communion;Shekinah;69;12222;
ZONE_2;07_55-1110_a_56-0218E_22x.txt;56-0213;13 févr. 1956;Une Vie cachée avec Christ;Shekinah;82;14206;
ZONE_2;07_55-1110_a_56-0218E_22x.txt;56-0218E;18 févr. 1956, soir;Le Pire Pécheur De La Ville;Shekinah;101;15363;
ZONE_2;08_56-0218M_a_56-0429_27x.txt;56-0218M;18 févr. 1956, matin;QUAND L'AMOUR S'ELANCE;Shekinah;38;8077;
ZONE_2;08_56-0218M_a_56-0429_27x.txt;56-0219;19 févr. 1956;Être Conduit Par Le Saint-Esprit;Shekinah;105;18208;
ZONE_2;08_56-0218M_a_56-0429_27x.txt;56-0223;23 févr. 1956;L’Alliance De Dieu Avec Abraham Et Sa Postérité;Shekinah;93;14780;
ZONE_2;08_56-0218M_a_56-0429_27x.txt;56-0224;24 févr. 1956;Jéhovah-Jiré;Shekinah;70;13917;
ZONE_2;08_56-0218M_a_56-0429_27x.txt;56-0225;25 févr. 1956;Jésus-Christ Est Le Même Hier, Aujourd’hui Et Eternellement;Shekinah;104;19844;
ZONE_2;08_56-0218M_a_56-0429_27x.txt;56-0304;4 mars 1956;FAIRE L'ISSUE;Shekinah;83;11463;
ZONE_2;08_56-0218M_a_56-0429_27x.txt;56-0311A;11 mars 1956, après-midi;La Vraie Et La Fausse Vignes;Shekinah;43;7403;
ZONE_2;08_56-0218M_a_56-0429_27x.txt;56-0311E;11 mars 1956, soir;Dieu Utilisant Son Don;Shekinah;67;14665;
ZONE_2;08_56-0218M_a_56-0429_27x.txt;56-0401M;1 avr. 1956, matin;Le Puissant Conquérant;Shekinah;98;18302;
ZONE_2;08_56-0218M_a_56-0429_27x.txt;56-0401M;1 avr. 1956, matin;Le puissant Vainqueur;VGR;230;19045;
ZONE_2;08_56-0218M_a_56-0429_27x.txt;56-0401S;1 avr. 1956, aube;Le Lever Du Soleil De Pâques;Shekinah;8;1024;
ZONE_2;08_56-0218M_a_56-0429_27x.txt;56-0403;3 avr. 1956;Le Berger De La Bergerie;Shekinah;63;14609;
ZONE_2;08_56-0218M_a_56-0429_27x.txt;56-0404;4 avr. 1956;L’Infaillibilité De La Parole Parlée De Dieu;Shekinah;78;14387;
ZONE_2;08_56-0218M_a_56-0429_27x.txt;56-0405;5 avr. 1956;La Résurrection De Jésus;Shekinah;71;16945;
ZONE_2;08_56-0218M_a_56-0429_27x.txt;56-0406;6 avr. 1956;La Parole Infaillible De Dieu;Shekinah;85;17195;
ZONE_2;08_56-0218M_a_56-0429_27x.txt;56-0407;7 avr. 1956;L’Aveugle Bartimée;Shekinah;85;17897;
ZONE_2;08_56-0218M_a_56-0429_27x.txt;56-0408A;8 avr. 1956, après-midi;Qu’est-ce qu’une vision?;Shekinah;200;13169;
ZONE_2;08_56-0218M_a_56-0429_27x.txt;56-0408A;8 avr. 1956, après-midi;Qu'est-ce qu'une vision?;VGR;161;13283;
ZONE_2;08_56-0218M_a_56-0429_27x.txt;56-0408E;8 avr. 1956, soir;Le Temps Est Proche;Shekinah;70;13563;
ZONE_2;08_56-0218M_a_56-0429_27x.txt;56-0414;14 avr. 1956;L’Aveugle Bartimée;Shekinah;77;16126;
ZONE_2;08_56-0218M_a_56-0429_27x.txt;56-0415;15 avr. 1956;La Profondeur Appelant La Profondeur;Shekinah;79;17610;
ZONE_2;08_56-0218M_a_56-0429_27x.txt;56-0419;19 avr. 1956;Combattre Ardemment Pour La Foi Qui A Été Transmise Aux Saints Une Fois Pour Toutes;Shekinah;68;16841;
ZONE_2;08_56-0218M_a_56-0429_27x.txt;56-0420;20 avr. 1956;Quand Leurs Yeux S'ouvrirent;Shekinah;72;15458;
ZONE_2;08_56-0218M_a_56-0429_27x.txt;56-0421;21 avr. 1956;Ce Que Sont Les Visions;Shekinah;79;19933;
ZONE_2;08_56-0218M_a_56-0429_27x.txt;56-0422;22 avr. 1956;Montre-Nous Le Père Et Cela Nous Suffit;Shekinah;79;19933;
ZONE_2;08_56-0218M_a_56-0429_27x.txt;56-0426;26 avr. 1956;Jésus-Christ Est Le Même Hier, Aujourd’hui Et Eternellement;Shekinah;80;14669;
ZONE_2;08_56-0218M_a_56-0429_27x.txt;56-0427;27 avr. 1956;La Foi;Shekinah;101;20747;
ZONE_2;08_56-0218M_a_56-0429_27x.txt;56-0428;28 avr. 1956;Alliance De Dieu Avec Abraham;Shekinah;102;18004;
ZONE_2;08_56-0218M_a_56-0429_27x.txt;56-0429;29 avr. 1956;Jéhovah-Jiré;Shekinah;102;18004;
ZONE_2;09_56-0513_a_56-0805_19x.txt;56-0513;13 mai 1956;L'ENSEIGNEMENT SUR MOISE;Shekinah;1;22990;
ZONE_2;09_56-0513_a_56-0805_19x.txt;56-0513;13 mai 1956;Un enseignement sur Moïse;VGR;327;21237;
ZONE_2;09_56-0513_a_56-0805_19x.txt;56-0527;27 mai 1956;À Kadès-Barnéa;Shekinah;77;12986;
ZONE_2;09_56-0513_a_56-0805_19x.txt;56-0527;27 mai 1956;À Kadès-Barnéa;VGR;170;13111;
ZONE_2;09_56-0513_a_56-0805_19x.txt;56-0603;3 juin 1956;Le Livre De Vie De L'Agneau;Shekinah;84;16697;
ZONE_2;09_56-0513_a_56-0805_19x.txt;56-0610;10 juin 1956;LA PERFECTION;Shekinah;1;14873;
ZONE_2;09_56-0513_a_56-0805_19x.txt;56-0610;10 juin 1956;La perfection;VGR;211;14871;
ZONE_2;09_56-0513_a_56-0805_19x.txt;56-0611;11 juin 1956;ECOUTEZ-LE;Shekinah;54;12313;
ZONE_2;09_56-0513_a_56-0805_19x.txt;56-0612;12 juin 1956;C'est La Vie Qui Guérit;Shekinah;105;20725;
ZONE_2;09_56-0513_a_56-0805_19x.txt;56-0613;13 juin 1956;Jéhovah-Jiré;Shekinah;82;19103;
ZONE_2;09_56-0513_a_56-0805_19x.txt;56-0614;14 juin 1956;Dieu A Pourvu À Un Agneau;Shekinah;53;13627;
ZONE_2;09_56-0513_a_56-0805_19x.txt;56-0615;15 juin 1956;Un Exode;Shekinah;86;18139;
ZONE_2;09_56-0513_a_56-0805_19x.txt;56-0617;17 juin 1956;Apocalypse, Livre De Symboles;Shekinah;145;14452;
ZONE_2;09_56-0513_a_56-0805_19x.txt;56-0617;17 juin 1956;Apocalypse, Livre de symboles;VGR;145;15061;
ZONE_2;09_56-0513_a_56-0805_19x.txt;56-0621;21 juin 1956;La Loi Qui Possède Une Ombre;Shekinah;61;13142;
ZONE_2;09_56-0513_a_56-0805_19x.txt;56-0715;15 juil. 1956;La Marque De La Bête;Shekinah;71;15401;
ZONE_2;09_56-0513_a_56-0805_19x.txt;56-0715;15 juil. 1956;La marque de la bête;VGR;216;16684;
ZONE_2;09_56-0513_a_56-0805_19x.txt;56-0722;22 juil. 1956;Tout Est Possible À Celui Qui Croit;Shekinah;35;6699;
ZONE_2;09_56-0513_a_56-0805_19x.txt;56-0723;23 juil. 1956;Conduit Par L’Esprit De Dieu;Shekinah;89;13847;
ZONE_2;09_56-0513_a_56-0805_19x.txt;56-0723;23 juil. 1956;Conduits par l’Esprit de Dieu;VGR;169;14173;
ZONE_2;09_56-0513_a_56-0805_19x.txt;56-0726;26 juil. 1956;Amour;Shekinah;89;20574;
ZONE_2;09_56-0513_a_56-0805_19x.txt;56-0728;28 juil. 1956;Remplir Des Fosses La Vallée;Shekinah;60;11916;
ZONE_2;09_56-0513_a_56-0805_19x.txt;56-0728;28 juil. 1956;Remplir la vallée de fosses;VGR;148;12534;
ZONE_2;09_56-0513_a_56-0805_19x.txt;56-0731;31 juil. 1956;La Résurrection De La Fille De Jaïrus;Shekinah;102;20742;
ZONE_2;09_56-0513_a_56-0805_19x.txt;56-0801;1 août 1956;La Flèche De Délivrance De La Part De Dieu Tirée À L'Aide D'un Arc;Shekinah;76;16342;
ZONE_2;09_56-0513_a_56-0805_19x.txt;56-0801;1 août 1956;La flèche de délivrance de la part de Dieu tirée d’un arc;VGR;195;16593;
ZONE_2;09_56-0513_a_56-0805_19x.txt;56-0805;5 août 1956;L'Église Et Sa Condition;Shekinah;191;18880;
ZONE_2;09_56-0513_a_56-0805_19x.txt;56-0805;5 août 1956;L’Église et sa condition;VGR;191;18180;
ZONE_2;10_56-0814_a_56-1215_23x.txt;56-0814;14 août 1956;L'Amour Divin Et La Grâce Souveraine (Quand L’amour S'élance);Shekinah;97;22114;
ZONE_2;10_56-0814_a_56-1215_23x.txt;56-0815;15 août 1956;La Foi;Shekinah;111;19943;
ZONE_2;10_56-0814_a_56-1215_23x.txt;56-0816;16 août 1956;LES OPERATIONS DU SAINT-ESPRIT;Shekinah;108;19381;
ZONE_2;10_56-0814_a_56-1215_23x.txt;56-0826;26 août 1956;Amour Divin;Shekinah;52;11874;
ZONE_2;10_56-0814_a_56-1215_23x.txt;56-0826;26 août 1956;L’amour Divin;VGR;174;11970;
ZONE_2;10_56-0814_a_56-1215_23x.txt;56-0902;2 sept. 1956;Ecriture Sur La Muraille;Shekinah;94;16763;
ZONE_2;10_56-0814_a_56-1215_23x.txt;56-0916;16 sept. 1956;Le Jubilé D'azusa;Shekinah;35;6926;
ZONE_2;10_56-0814_a_56-1215_23x.txt;56-0917;17 sept. 1956;L'Agneau Et La Colombe;Shekinah;40;6525;
ZONE_2;10_56-0814_a_56-1215_23x.txt;56-0923;23 sept. 1956;L'Adoption Spirituelle;Shekinah;201;14219;
ZONE_2;10_56-0814_a_56-1215_23x.txt;56-0930;30 sept. 1956;Ecoutez-Le;Shekinah;56;11148;
ZONE_2;10_56-0814_a_56-1215_23x.txt;56-0930E;30 sept. 1956, soir;Les Témoins;Shekinah;82;17446;
ZONE_2;10_56-0814_a_56-1215_23x.txt;56-1001;1 oct. 1956;Le Ministère Expliqué;Shekinah;90;14343;
ZONE_2;10_56-0814_a_56-1215_23x.txt;56-1001;1 oct. 1956;Le ministère expliqué;VGR;186;14564;
ZONE_2;10_56-0814_a_56-1215_23x.txt;56-1002A;2 oct. 1956, après-midi;Père, L’Heure Est Venue;Shekinah;65;13138;
ZONE_2;10_56-0814_a_56-1215_23x.txt;56-1002E;2 oct. 1956, soir;LE PROPHETE ELISEE;Shekinah;86;20393;
ZONE_2;10_56-0814_a_56-1215_23x.txt;56-1002E;2 oct. 1956, soir;Élisée, le prophète;VGR;261;21901;
ZONE_2;10_56-0814_a_56-1215_23x.txt;56-1004;4 oct. 1956;Un Souper De Noces;Shekinah;81;18617;
ZONE_2;10_56-0814_a_56-1215_23x.txt;56-1005;5 oct. 1956;LA Jézabel Au Visage Fardé;Shekinah;84;19499;
ZONE_2;10_56-0814_a_56-1215_23x.txt;56-1125E;25 nov. 1956, soir;Un Prophète Qui Rougit;Shekinah;40;9191;
ZONE_2;10_56-0814_a_56-1215_23x.txt;56-1125E;25 nov. 1956, soir;Un prophète qui rougit;VGR;121;9374;
ZONE_2;10_56-0814_a_56-1215_23x.txt;56-1125M;25 nov. 1956, matin;Une Robe D'occasion;Shekinah;133;10222;
ZONE_2;10_56-0814_a_56-1215_23x.txt;56-1125M;25 nov. 1956, matin;Un manteau de seconde main;VGR;133;10480;
ZONE_2;10_56-0814_a_56-1215_23x.txt;56-1206;6 déc. 1956;Une Robe D'Occasion;Shekinah;118;21219;
ZONE_2;10_56-0814_a_56-1215_23x.txt;56-1207;7 déc. 1956;Les Dons;Shekinah;83;17002;
ZONE_2;10_56-0814_a_56-1215_23x.txt;56-1208;8 déc. 1956;Abraham;Shekinah;100;20596;
ZONE_2;10_56-0814_a_56-1215_23x.txt;56-1209A;9 déc. 1956, après-midi;Dieu Faisant Sa Promesse;Shekinah;85;14347;
ZONE_2;10_56-0814_a_56-1215_23x.txt;56-1209E;9 déc. 1956, soir;Jéhovah-Jiré;Shekinah;113;18953;
ZONE_2;10_56-0814_a_56-1215_23x.txt;56-1215;15 déc. 1956;ECOUTEZ-LE;Shekinah;108;21509;
ZONE_2;11_56-1230_a_57-0309E_26x.txt;56-1230;30 déc. 1956;JOSEPH RENCONTRE SES FRERES (JOSEPH, LE FAISEUR DE SONGES);Shekinah;77;14147;
ZONE_2;11_56-1230_a_57-0309E_26x.txt;56-1230;30 déc. 1956;Joseph à la rencontre de ses frères;VGR;193;14561;
ZONE_2;11_56-1230_a_57-0309E_26x.txt;57-0104;4 janv. 1957;Messieurs, Nous Voudrions Voir Jésus;Shekinah;75;17743;
ZONE_2;11_56-1230_a_57-0309E_26x.txt;57-0105;5 janv. 1957;Ecoutez-Le;Shekinah;129;18288;
ZONE_2;11_56-1230_a_57-0309E_26x.txt;57-0106;6 janv. 1957;Jéhovah-Jiré;Shekinah;82;17565;
ZONE_2;11_56-1230_a_57-0309E_26x.txt;57-0113;13 janv. 1957;QUE FAUT-IL POUR MENER UNE VIE CHRETIENNE ?;Shekinah;58;11693;
ZONE_2;11_56-1230_a_57-0309E_26x.txt;57-0114;14 janv. 1957;La Preuve Infaillible De La Résurrection;Shekinah;123;20773;
ZONE_2;11_56-1230_a_57-0309E_26x.txt;57-0115;15 janv. 1957;Dieu Tient Sa Parole;Shekinah;104;22007;
ZONE_2;11_56-1230_a_57-0309E_26x.txt;57-0120E;20 janv. 1957, soir;Dieu Tient Sa Parole;Shekinah;83;15240;
ZONE_2;11_56-1230_a_57-0309E_26x.txt;57-0120E;20 janv. 1957, soir;Dieu tient Sa Parole;VGR;235;15729;
ZONE_2;11_56-1230_a_57-0309E_26x.txt;57-0120M;20 janv. 1957, matin;L’Imitation Du Christianisme;Shekinah;83;16253;
ZONE_2;11_56-1230_a_57-0309E_26x.txt;57-0120M;20 janv. 1957, matin;L’imitation du Christianisme;VGR;228;16319;
ZONE_2;11_56-1230_a_57-0309E_26x.txt;57-0125;25 janv. 1957;Ecoutez-Le;Shekinah;79;15129;
ZONE_2;11_56-1230_a_57-0309E_26x.txt;57-0126B;26 janv. 1957, B;Le Rapport Du Voyage En Inde;Shekinah;87;18220;
ZONE_2;11_56-1230_a_57-0309E_26x.txt;57-0126E;26 janv. 1957, soir;QUAND L’AMOUR DIVIN S’ELANCE, LA GRACE SOUVERAINE INTERVIENT;Shekinah;202;15535;
ZONE_2;11_56-1230_a_57-0309E_26x.txt;57-0127A;27 janv. 1957, après-midi;L'Imitation Du Christianisme;Shekinah;72;14997;
ZONE_2;11_56-1230_a_57-0309E_26x.txt;57-0127E;27 janv. 1957, soir;L’Aveugle Bartimée;Shekinah;90;17990;
ZONE_2;11_56-1230_a_57-0309E_26x.txt;57-0226;26 févr. 1957;Messieurs, Nous Voudrions Voir Jésus;Shekinah;86;16947;
ZONE_2;11_56-1230_a_57-0309E_26x.txt;57-0228;28 févr. 1957;Il Y A Ici Plus Que Salomon;Shekinah;88;9497;
ZONE_2;11_56-1230_a_57-0309E_26x.txt;57-0301;1 mars 1957;Aveugle Bartimée;Shekinah;70;13889;
ZONE_2;11_56-1230_a_57-0309E_26x.txt;57-0302;2 mars 1957;Et Puis Jésus Vint;Shekinah;78;14816;
ZONE_2;11_56-1230_a_57-0309E_26x.txt;57-0303A;3 mars 1957, après-midi;Pourquoi Beaucoup De Chrétiens Trouvent-Ils Si Difficile De Mener La Vie Chrétienne?;Shekinah;75;12971;
ZONE_2;11_56-1230_a_57-0309E_26x.txt;57-0303E;3 mars 1957, soir;Que Pensez-Vous De Christ?;Shekinah;70;11202;
ZONE_2;11_56-1230_a_57-0309E_26x.txt;57-0305;5 mars 1957;Amour Divin;Shekinah;82;16365;
ZONE_2;11_56-1230_a_57-0309E_26x.txt;57-0306;6 mars 1957;Dieu Tient Sa Parole;Shekinah;69;12888;
ZONE_2;11_56-1230_a_57-0309E_26x.txt;57-0307;7 mars 1957;Dieu Tient Sa Parole;Shekinah;84;15868;
ZONE_2;11_56-1230_a_57-0309E_26x.txt;57-0308;8 mars 1957;LE BON BERGER DES BREBIS;Shekinah;67;13389;
ZONE_2;11_56-1230_a_57-0309E_26x.txt;57-0309B;9 mars 1957, B;Je Restaurerai;Shekinah;40;7414;
ZONE_2;11_56-1230_a_57-0309E_26x.txt;57-0309E;9 mars 1957, soir;Jéhovah-Jiré;Shekinah;71;13928;
ZONE_2;12_57-0310A_a_57-0519A_22x.txt;57-0310A;10 mars 1957, après-midi;Laver Les Pieds De Jésus;Shekinah;61;12742;
ZONE_2;12_57-0310A_a_57-0519A_22x.txt;57-0310E;10 mars 1957, soir;Ecoutez-Le;Shekinah;85;14364;
ZONE_2;12_57-0310A_a_57-0519A_22x.txt;57-0317;17 mars 1957;Ecoutez-Le;Shekinah;55;3439;
ZONE_2;12_57-0310A_a_57-0519A_22x.txt;57-0322;22 mars 1957;Ecoutez-Le;Shekinah;98;14229;
ZONE_2;12_57-0310A_a_57-0519A_22x.txt;57-0323;23 mars 1957;Dieu Dans Sa Parole;Shekinah;81;15410;
ZONE_2;12_57-0310A_a_57-0519A_22x.txt;57-0324;24 mars 1957;Pourquoi Certaines Personnes Ne Peuvent Pas Conserver La Victoire;Shekinah;91;16716;
ZONE_2;12_57-0310A_a_57-0519A_22x.txt;57-0325;25 mars 1957;L’Agneau Et La Colombe;Shekinah;103;15896;
ZONE_2;12_57-0310A_a_57-0519A_22x.txt;57-0326;26 mars 1957;Jéhovah-Jiré;Shekinah;131;18215;
ZONE_2;12_57-0310A_a_57-0519A_22x.txt;57-0407E;7 avr. 1957, soir;Puis Jésus Vint;Shekinah;56;11287;
ZONE_2;12_57-0310A_a_57-0519A_22x.txt;57-0407E;7 avr. 1957, soir;Alors Jésus vint;VGR;188;11752;
ZONE_2;12_57-0310A_a_57-0519A_22x.txt;57-0407M;7 avr. 1957, matin;Dieu Tient Sa Parole;Shekinah;9;18542;
ZONE_2;12_57-0310A_a_57-0519A_22x.txt;57-0407M;7 avr. 1957, matin;Dieu tient Sa Parole;VGR;290;19109;
ZONE_2;12_57-0310A_a_57-0519A_22x.txt;57-0414;14 avr. 1957;Corinthiens, livre de correction;Shekinah;167;11685;
ZONE_2;12_57-0310A_a_57-0519A_22x.txt;57-0417;17 avr. 1957;La Seconde venue du seigneur;Shekinah;108;9738;
ZONE_2;12_57-0310A_a_57-0519A_22x.txt;57-0417;17 avr. 1957;La seconde Venue du Seigneur;VGR;102;10007;
ZONE_2;12_57-0310A_a_57-0519A_22x.txt;57-0418;18 avr. 1957;La Communion;Shekinah;51;7547;
ZONE_2;12_57-0310A_a_57-0519A_22x.txt;57-0418;18 avr. 1957;La communion;VGR;98;7652;
ZONE_2;12_57-0310A_a_57-0519A_22x.txt;57-0419;19 avr. 1957;La Perfection (soyez donc parfaits);Shekinah;117;9471;
ZONE_2;12_57-0310A_a_57-0519A_22x.txt;57-0419;19 avr. 1957;La perfection;VGR;117;9278;
ZONE_2;12_57-0310A_a_57-0519A_22x.txt;57-0420;20 avr. 1957;L'ENSEVELISSEMENT;Shekinah;132;8988;
ZONE_2;12_57-0310A_a_57-0519A_22x.txt;57-0420;20 avr. 1957;La mise au tombeau;VGR;132;9029;
ZONE_2;12_57-0310A_a_57-0519A_22x.txt;57-0421E;21 avr. 1957, soir;Et Leurs Yeux S’Ouvrirent,  Et Ils Le Reconnurent;Shekinah;138;10017;
ZONE_2;12_57-0310A_a_57-0519A_22x.txt;57-0421E;21 avr. 1957, soir;Alors leurs yeux s’ouvrirent, et ils Le reconnurent;VGR;138;10009;
ZONE_2;12_57-0310A_a_57-0519A_22x.txt;57-0421M;21 avr. 1957, matin;LE GRAND ET PUISSANT CONQUÉRANT  (LE PUISSANT CONQUÉRANT);Shekinah;64;8489;
ZONE_2;12_57-0310A_a_57-0519A_22x.txt;57-0421S;21 avr. 1957, aube;Le grand et puissant Vainqueur;VGR;94;8310;
ZONE_2;12_57-0310A_a_57-0519A_22x.txt;57-0516;16 mai 1957;Nous Voudrions Voir Jésus;Shekinah;69;16092;
ZONE_2;12_57-0310A_a_57-0519A_22x.txt;57-0517;17 mai 1957;La Reine De Séba;Shekinah;40;9885;
ZONE_2;12_57-0310A_a_57-0519A_22x.txt;57-0518;18 mai 1957;TENEZ-VOUS TRANQUILLES;Shekinah;108;21434;
ZONE_2;12_57-0310A_a_57-0519A_22x.txt;57-0519A;19 mai 1957, après-midi;Ecoutez-Le;Shekinah;88;17402;
ZONE_3;03_57-0519E_a_57-0828_29x.txt;57-0519E;19 mai 1957, soir;L’Amour;Shekinah;115;21243;
ZONE_3;03_57-0519E_a_57-0828_29x.txt;57-0602;2 juin 1957;La Vie;Shekinah;75;13538;
ZONE_3;03_57-0519E_a_57-0828_29x.txt;57-0610;10 juin 1957;La Foi Qui A Eté Transmise Aux Saints Une Fois Pour Toutes;Shekinah;98;17758;
ZONE_3;03_57-0519E_a_57-0828_29x.txt;57-0613A;13 juin 1957, après-midi;Dieu Tient Sa Parole;Shekinah;127;8161;
ZONE_3;03_57-0519E_a_57-0828_29x.txt;57-0613E;13 juin 1957, soir;Avoir Soif De La Vie;Shekinah;110;18790;
ZONE_3;03_57-0519E_a_57-0828_29x.txt;57-0614;14 juin 1957;La Reine du midi;Shekinah;45;6425;
ZONE_3;03_57-0519E_a_57-0828_29x.txt;57-0623;23 juin 1957;Croire Du Coeur;Shekinah;74;11721;
ZONE_3;03_57-0519E_a_57-0828_29x.txt;57-0629;29 juin 1957;TENEZ-VOUS LA, ET VOYEZ LA DELIVRANCE DE L’ETERNEL;Shekinah;54;9314;
ZONE_3;03_57-0519E_a_57-0828_29x.txt;57-0630;30 juin 1957;Avoir Soif De La Vie;Shekinah;54;10516;
ZONE_3;03_57-0519E_a_57-0828_29x.txt;57-0705;5 juil. 1957;L’Aigle Dans Son Nid;Shekinah;13;9880;
ZONE_3;03_57-0519E_a_57-0828_29x.txt;57-0714;14 juil. 1957;Pareil À L’Aigle Qui Éveille Sa Couvée;Shekinah;178;10868;
ZONE_3;03_57-0519E_a_57-0828_29x.txt;57-0725;25 juil. 1957;Ecoutez-Le;Shekinah;68;16494;
ZONE_3;03_57-0519E_a_57-0828_29x.txt;57-0727;27 juil. 1957;Il Devait Passer Par Là;Shekinah;47;9548;
ZONE_3;03_57-0519E_a_57-0828_29x.txt;57-0728;28 juil. 1957;AVOIR SOIF DE LA VIE;Shekinah;108;16298;
ZONE_3;03_57-0519E_a_57-0828_29x.txt;57-0804A;4 août 1957, après-midi;La Grande Commission;Shekinah;83;11819;
ZONE_3;03_57-0519E_a_57-0828_29x.txt;57-0804E;4 août 1957, soir;Messieurs, Nous Voudrions Voir Jésus;Shekinah;73;14149;
ZONE_3;03_57-0519E_a_57-0828_29x.txt;57-0805;5 août 1957;Dieu Manifestant Ses Dons;Shekinah;95;14349;
ZONE_3;03_57-0519E_a_57-0828_29x.txt;57-0806;6 août 1957;Dieu Projetant Son Amour (Quand L’Amour S'élance);Shekinah;71;13831;
ZONE_3;03_57-0519E_a_57-0828_29x.txt;57-0807;7 août 1957;Ecoutez-Le;Shekinah;87;14603;
ZONE_3;03_57-0519E_a_57-0828_29x.txt;57-0808;8 août 1957;Le Puissant Conquérant;Shekinah;89;15770;
ZONE_3;03_57-0519E_a_57-0828_29x.txt;57-0809;9 août 1957;L’Aveugle Bartimée;Shekinah;89;13519;
ZONE_3;03_57-0519E_a_57-0828_29x.txt;57-0810;10 août 1957;JEHOVAH-JIRE;Shekinah;92;19830;
ZONE_3;03_57-0519E_a_57-0828_29x.txt;57-0811A;11 août 1957, après-midi;LE PLUS GRAND DON DANS LA BIBLE;Shekinah;68;11490;
ZONE_3;03_57-0519E_a_57-0828_29x.txt;57-0811E;11 août 1957, soir;L’Expectative Et La Conduite De L’Esprit;Shekinah;72;13213;
ZONE_3;03_57-0519E_a_57-0828_29x.txt;57-0818;18 août 1957;Les Mémoriaux de Dieu éprouvés au fil du temps;Shekinah;162;11161;
ZONE_3;03_57-0519E_a_57-0828_29x.txt;57-0818;18 août 1957;Les mémoriaux de Dieu ont fait leurs preuves;VGR;162;11172;
ZONE_3;03_57-0519E_a_57-0828_29x.txt;57-0821;21 août 1957;Hébreux chapitre Un;Shekinah;190;13911;
ZONE_3;03_57-0519E_a_57-0828_29x.txt;57-0821;21 août 1957;Hébreux, chapitre un;VGR;190;14025;
ZONE_3;03_57-0519E_a_57-0828_29x.txt;57-0825E;25 août 1957, soir;Hébreux Chapitre Deux #2;Shekinah;57;8999;
ZONE_3;03_57-0519E_a_57-0828_29x.txt;57-0825E;25 août 1957, soir;Hébreux, chapitre deux #2;VGR;123;9212;
ZONE_3;03_57-0519E_a_57-0828_29x.txt;57-0825M;25 août 1957, matin;Hébreux Chapitre Deux #1;Shekinah;93;6755;
ZONE_3;03_57-0519E_a_57-0828_29x.txt;57-0825M;25 août 1957, matin;Hébreux, chapitre deux #1;VGR;92;6956;
ZONE_3;03_57-0519E_a_57-0828_29x.txt;57-0828;28 août 1957;Hébreux Chapitre Deux #3;Shekinah;91;6653;
ZONE_3;03_57-0519E_a_57-0828_29x.txt;57-0828;28 août 1957;Hébreux, chapitre deux #3;VGR;91;6806;
ZONE_3;04_57-0901E_a_57-1212_14x.txt;57-0901E;1 sept. 1957, soir;Hébreux Chapitre Quatre;Shekinah;264;19045;
ZONE_3;04_57-0901E_a_57-1212_14x.txt;57-0901E;1 sept. 1957, soir;Hébreux, chapitre quatre;VGR;264;19293;
ZONE_3;04_57-0901E_a_57-1212_14x.txt;57-0901M;1 sept. 1957, matin;Hébreux Chapitre Trois;Shekinah;216;15481;
ZONE_3;04_57-0901E_a_57-1212_14x.txt;57-0901M;1 sept. 1957, matin;Hébreux, chapitre trois;VGR;215;15751;
ZONE_3;04_57-0901E_a_57-1212_14x.txt;57-0908E;8 sept. 1957, soir;Hébreux Chapitre Six #2;Shekinah;288;19418;
ZONE_3;04_57-0901E_a_57-1212_14x.txt;57-0908E;8 sept. 1957, soir;Hébreux, chapitre six #2;VGR;287;19697;
ZONE_3;04_57-0901E_a_57-1212_14x.txt;57-0908M;8 sept. 1957, matin;Hébreux Chapitres Cinq et Six #1;Shekinah;216;16499;
ZONE_3;04_57-0901E_a_57-1212_14x.txt;57-0908M;8 sept. 1957, matin;Hébreux, chapitres cinq et six #1;VGR;215;16790;
ZONE_3;04_57-0901E_a_57-1212_14x.txt;57-0915E;15 sept. 1957, soir;Hébreux Chapitre Sept #1;Shekinah;237;20047;
ZONE_3;04_57-0901E_a_57-1212_14x.txt;57-0915E;15 sept. 1957, soir;Hébreux, chapitre sept #1;VGR;237;20081;
ZONE_3;04_57-0901E_a_57-1212_14x.txt;57-0915M;15 sept. 1957, matin;Hébreux Chapitre Six #3 et Hébreux chapitre Sept #1;Shekinah;207;15632;
ZONE_3;04_57-0901E_a_57-1212_14x.txt;57-0915M;15 sept. 1957, matin;Hébreux, chapitre six #3;VGR;206;15923;
ZONE_3;04_57-0901E_a_57-1212_14x.txt;57-0922E;22 sept. 1957, soir;Hébreux Chapitre Sept #2;Shekinah;222;16890;
ZONE_3;04_57-0901E_a_57-1212_14x.txt;57-0922E;22 sept. 1957, soir;Hébreux, chapitre sept #2;VGR;222;16455;
ZONE_3;04_57-0901E_a_57-1212_14x.txt;57-0922M;22 sept. 1957, matin;Jésus-Christ Est Le Même Hier, Aujourd’hui Et Éternellement;Shekinah;40;9841;
ZONE_3;04_57-0901E_a_57-1212_14x.txt;57-0925;25 sept. 1957;Questions Et Réponses Sur Les Hébreux, 1ère Partie;Shekinah;302;20094;
ZONE_3;04_57-0901E_a_57-1212_14x.txt;57-0925;25 sept. 1957;Questions et réponses sur Hébreux, 1re partie;VGR;302;20871;
ZONE_3;04_57-0901E_a_57-1212_14x.txt;57-1002;2 oct. 1957;Questions Et Réponses Sur Les Hébreux, IIè Partie;Shekinah;249;17803;
ZONE_3;04_57-0901E_a_57-1212_14x.txt;57-1002;2 oct. 1957;Questions et réponses sur Hébreux, 2e partie;VGR;250;18208;
ZONE_3;04_57-0901E_a_57-1212_14x.txt;57-1006;6 oct. 1957;Questions Et Réponses Sur Les Hébreux, IIIè Partie;Shekinah;364;23936;
ZONE_3;04_57-0901E_a_57-1212_14x.txt;57-1006;6 oct. 1957;Questions et réponses sur Hébreux, 3e partie;VGR;380;24968;
ZONE_3;04_57-0901E_a_57-1212_14x.txt;57-1208;8 déc. 1957;Je Me Tiens A La Porte, Et Je Frappe;Shekinah;76;13908;
ZONE_3;04_57-0901E_a_57-1212_14x.txt;57-1208;8 déc. 1957;Je me tiens à la porte, et Je frappe;VGR;197;14778;
ZONE_3;04_57-0901E_a_57-1212_14x.txt;57-1211;11 déc. 1957;Messieurs, Nous Voudrions Voir Jésus;Shekinah;104;17611;
ZONE_3;04_57-0901E_a_57-1212_14x.txt;57-1212;12 déc. 1957;La Porte De La Porte;Shekinah;85;14608;
ZONE_3;05_57-1213_a_58-0309M_30x.txt;57-1213;13 déc. 1957;ET PUIS JESUS VINT;Shekinah;93;16262;
ZONE_3;05_57-1213_a_58-0309M_30x.txt;57-1215;15 déc. 1957;PARLE A CETTE MONTAGNE;Shekinah;47;9610;
ZONE_3;05_57-1213_a_58-0309M_30x.txt;57-1222;22 déc. 1957;LA GRANDE LUMIERE BRILLANTE;Shekinah;10;11925;
ZONE_3;05_57-1213_a_58-0309M_30x.txt;57-1229;29 déc. 1957;La Foi;Shekinah;70;12135;
ZONE_3;05_57-1213_a_58-0309M_30x.txt;57-1229;29 déc. 1957;La foi;VGR;186;12655;
ZONE_3;05_57-1213_a_58-0309M_30x.txt;58-0105;5 janv. 1958;Ayez Foi En Dieu;Shekinah;51;9889;
ZONE_3;05_57-1213_a_58-0309M_30x.txt;58-0107;7 janv. 1958;La Reine de Séba;Shekinah;81;14273;
ZONE_3;05_57-1213_a_58-0309M_30x.txt;58-0108;8 janv. 1958;L'Ecriture sur la muraille;Shekinah;153;9763;
ZONE_3;05_57-1213_a_58-0309M_30x.txt;58-0108;8 janv. 1958;L’écriture sur la muraille;VGR;153;10010;
ZONE_3;05_57-1213_a_58-0309M_30x.txt;58-0109;9 janv. 1958;Les Appelés À Sortir;Shekinah;59;10839;
ZONE_3;05_57-1213_a_58-0309M_30x.txt;58-0110;10 janv. 1958;Le Puissant Conquérant;Shekinah;63;11378;
ZONE_3;05_57-1213_a_58-0309M_30x.txt;58-0112A;12 janv. 1958, après-midi;Pour Accomplir Ses Prodiges;Shekinah;47;8811;
ZONE_3;05_57-1213_a_58-0309M_30x.txt;58-0112E;12 janv. 1958, soir;La Porte Du Coeur;Shekinah;59;10489;
ZONE_3;05_57-1213_a_58-0309M_30x.txt;58-0125;25 janv. 1958;La Reine Du Midi;Shekinah;71;12179;
ZONE_3;05_57-1213_a_58-0309M_30x.txt;58-0126;26 janv. 1958;Ecoutez-Le;Shekinah;73;14185;
ZONE_3;05_57-1213_a_58-0309M_30x.txt;58-0127;27 janv. 1958;Jéhovah-Jiré;Shekinah;69;13106;
ZONE_3;05_57-1213_a_58-0309M_30x.txt;58-0128;28 janv. 1958;L'Harmonie De L'Unité (La Tour De Babel);Shekinah;135;13541;
ZONE_3;05_57-1213_a_58-0309M_30x.txt;58-0130;30 janv. 1958;Écriture Sur La Muraille;Shekinah;64;13530;
ZONE_3;05_57-1213_a_58-0309M_30x.txt;58-0202;2 févr. 1958;Hâte-toi de te sauver là;Shekinah;107;10012;
ZONE_3;05_57-1213_a_58-0309M_30x.txt;58-0202;2 févr. 1958;Hâte-toi de te réfugier ici;VGR;144;9683;
ZONE_3;05_57-1213_a_58-0309M_30x.txt;58-0207;7 févr. 1958;Jésus-Christ Est Le Même Hier, Aujourd’hui Et Eternellement;Shekinah;86;16930;
ZONE_3;05_57-1213_a_58-0309M_30x.txt;58-0208;8 févr. 1958;La Reine de Séba;Shekinah;104;16018;
ZONE_3;05_57-1213_a_58-0309M_30x.txt;58-0209A;9 févr. 1958, après-midi;Ecoutez-Le;Shekinah;61;13282;
ZONE_3;05_57-1213_a_58-0309M_30x.txt;58-0209E;9 févr. 1958, soir;La Porte À L’Intérieur De La Porte;Shekinah;107;15898;
ZONE_3;05_57-1213_a_58-0309M_30x.txt;58-0214;14 févr. 1958;Jésus-Christ Est Le Même Hier, Aujourd’hui Et Eternellement;Shekinah;72;12597;
ZONE_3;05_57-1213_a_58-0309M_30x.txt;58-0223;23 févr. 1958;Jésus-Christ Est Le Même Hier, Aujourd’hui Et Éternellement;Shekinah;81;14843;
ZONE_3;05_57-1213_a_58-0309M_30x.txt;58-0225;25 févr. 1958;L'Oeil De Dieu;Shekinah;37;7132;
ZONE_3;05_57-1213_a_58-0309M_30x.txt;58-0225;25 févr. 1958;L’œil de Dieu;VGR;117;7062;
ZONE_3;05_57-1213_a_58-0309M_30x.txt;58-0228;28 févr. 1958;Ta Bonté;Shekinah;80;13386;
ZONE_3;05_57-1213_a_58-0309M_30x.txt;58-0301B;1 mars 1958, B;La Grande commission - La Révélation spirituelle (l'atmosphère spirituelle);Shekinah;71;13741;
ZONE_3;05_57-1213_a_58-0309M_30x.txt;58-0301E;1 mars 1958, soir;Ecoutez-Le;Shekinah;64;14912;
ZONE_3;05_57-1213_a_58-0309M_30x.txt;58-0302;2 mars 1958;La Porte Du Coeur;Shekinah;76;14723;
ZONE_3;05_57-1213_a_58-0309M_30x.txt;58-0309E;9 mars 1958, soir;L'église S'en Ira-T-Elle Avant La Tribulation? (Hâte-Toi Et Viens Ici, Car Je Ne Puis Rien Faire, jusqu’à Ce Que Tu Y Sois Arrivé);Shekinah;164;12563;
ZONE_3;05_57-1213_a_58-0309M_30x.txt;58-0309M;9 mars 1958, matin;Ecriture Sur La Muraille;Shekinah;70;11650;
ZONE_3;05_57-1213_a_58-0309M_30x.txt;58-0309M;9 mars 1958, matin;L’écriture sur la muraille;VGR;183;12074;
ZONE_3;06_58-0312_a_58-0529_33x.txt;58-0312;12 mars 1958;Jésus-Christ Est Le Même Hier, Aujourd’hui Et Eternellement;Shekinah;86;15731;
ZONE_3;06_58-0312_a_58-0529_33x.txt;58-0313;13 mars 1958;La Reine De Séba;Shekinah;79;13971;
ZONE_3;06_58-0312_a_58-0529_33x.txt;58-0314;14 mars 1958;L'Amour;Shekinah;81;12939;
ZONE_3;06_58-0312_a_58-0529_33x.txt;58-0315;15 mars 1958;La Foi;Shekinah;145;12006;
ZONE_3;06_58-0312_a_58-0529_33x.txt;58-0316A;16 mars 1958, après-midi;Pareil À L’aigle Qui Éveille Sa Couvée;Shekinah;80;14663;
ZONE_3;06_58-0312_a_58-0529_33x.txt;58-0316E;16 mars 1958, soir;La Porte Du Coeur;Shekinah;127;19261;
ZONE_3;06_58-0312_a_58-0529_33x.txt;58-0323;23 mars 1958;Jésus-Christ Est Le Même Hier, Aujourd’hui Et Éternellement;Shekinah;80;13769;
ZONE_3;06_58-0312_a_58-0529_33x.txt;58-0324;24 mars 1958;Ecoutez-Le;Shekinah;82;14605;
ZONE_3;06_58-0312_a_58-0529_33x.txt;58-0325;25 mars 1958;La Foi Par L’Expérience;Shekinah;67;12484;
ZONE_3;06_58-0312_a_58-0529_33x.txt;58-0326;26 mars 1958;Unis sous une seule tête;Shekinah;17;12472;
ZONE_3;06_58-0312_a_58-0529_33x.txt;58-0328;28 mars 1958;Dieu Tient Sa Parole;Shekinah;134;6773;
ZONE_3;06_58-0312_a_58-0529_33x.txt;58-0329;29 mars 1958;Le Puissant conquérant;Shekinah;47;10249;
ZONE_3;06_58-0312_a_58-0529_33x.txt;58-0330A;30 mars 1958, après-midi;Entretien Sur L'Oeuvre Missionnaire;Shekinah;173;14526;
ZONE_3;06_58-0312_a_58-0529_33x.txt;58-0330E;30 mars 1958, soir;Christ Frappe À La Porte;Shekinah;70;12868;
ZONE_3;06_58-0312_a_58-0529_33x.txt;58-0406E;6 avr. 1958, soir;Évidence De La Résurrection;Shekinah;44;12549;
ZONE_3;06_58-0312_a_58-0529_33x.txt;58-0406S;6 avr. 1958, aube;Je Sais Que Mon Rédempteur Est Vivant;Shekinah;68;9904;
ZONE_3;06_58-0312_a_58-0529_33x.txt;58-0406S;6 avr. 1958, aube;Je sais que mon Rédempteur est vivant;VGR;134;10294;
ZONE_3;06_58-0312_a_58-0529_33x.txt;58-0500;mai 1958;L’Aigle Qui Éveille Sa Couvée;Shekinah;61;10710;
ZONE_3;06_58-0312_a_58-0529_33x.txt;58-0501;1 mai 1958;Nous Voudrions Voir Jésus;Shekinah;62;12174;
ZONE_3;06_58-0312_a_58-0529_33x.txt;58-0503;3 mai 1958;La Reine De Séba;Shekinah;89;14476;
ZONE_3;06_58-0312_a_58-0529_33x.txt;58-0508;8 mai 1958;Expectative;Shekinah;74;11814;
ZONE_3;06_58-0312_a_58-0529_33x.txt;58-0510;10 mai 1958;Ayez foi en Dieu;Shekinah;87;15099;
ZONE_3;06_58-0312_a_58-0529_33x.txt;58-0512;12 mai 1958;LA VIE (Avoir soif de la Vie);Shekinah;85;16661;
ZONE_3;06_58-0312_a_58-0529_33x.txt;58-0515;15 mai 1958;Jésus-Christ Est Le Même Hier, Aujourd’hui Et Éternellement;Shekinah;70;13568;
ZONE_3;06_58-0312_a_58-0529_33x.txt;58-0517;17 mai 1958;ZACHEE;Shekinah;51;9712;
ZONE_3;06_58-0312_a_58-0529_33x.txt;58-0517E;17 mai 1958, soir;Le Péché D'Incrédulité;Shekinah;52;12270;
ZONE_3;06_58-0312_a_58-0529_33x.txt;58-0518;18 mai 1958;UNE FOI EPROUVEE PRODUIT DES RESULTATS;Shekinah;70;15810;
ZONE_3;06_58-0312_a_58-0529_33x.txt;58-0519;19 mai 1958;LA VIE;Shekinah;86;15496;
ZONE_3;06_58-0312_a_58-0529_33x.txt;58-0520;20 mai 1958;LE SIGNE DU TEMPS;Shekinah;152;13476;
ZONE_3;06_58-0312_a_58-0529_33x.txt;58-0521;21 mai 1958;Voici, Je Me Tiens À La Porte Et Je Frappe;Shekinah;76;16661;
ZONE_3;06_58-0312_a_58-0529_33x.txt;58-0523;23 mai 1958;Nous Voudrions Voir Jésus;Shekinah;79;13054;
ZONE_3;06_58-0312_a_58-0529_33x.txt;58-0524;24 mai 1958;Jésus De Nazareth Passe;Shekinah;86;14209;
ZONE_3;06_58-0312_a_58-0529_33x.txt;58-0528;28 mai 1958;Le Signe Du Messie;Shekinah;102;6130;
ZONE_3;06_58-0312_a_58-0529_33x.txt;58-0529;29 mai 1958;Jésus À La Porte;Shekinah;75;12621;
ZONE_3;07_58-0530_a_58-1005E_22x.txt;58-0530;30 mai 1958;LA FOI EPROUVEE AU FIL DU TEMPS;Shekinah;79;15713;
ZONE_3;07_58-0530_a_58-1005E_22x.txt;58-0609;9 juin 1958;MESSAGE A L’EGLISE DE LAODICEE;Shekinah;47;9382;
ZONE_3;07_58-0530_a_58-1005E_22x.txt;58-0610;10 juin 1958;LE PUISSANT CONQUERANT;Shekinah;51;9562;
ZONE_3;07_58-0530_a_58-1005E_22x.txt;58-0611;11 juin 1958;AVOIR SOIF DE LA VIE;Shekinah;87;16401;
ZONE_3;07_58-0530_a_58-1005E_22x.txt;58-0612;12 juin 1958;Nous Voudrions Voir Jésus;Shekinah;85;17304;
ZONE_3;07_58-0530_a_58-1005E_22x.txt;58-0613;13 juin 1958;La Reine Du Midi;Shekinah;84;17953;
ZONE_3;07_58-0530_a_58-1005E_22x.txt;58-0617;17 juin 1958;Voici, Je Me Tiens À La Porte Et Je Frappe;Shekinah;73;11380;
ZONE_3;07_58-0530_a_58-1005E_22x.txt;58-0618;18 juin 1958;Écriture Sur La Muraille;Shekinah;64;10722;
ZONE_3;07_58-0530_a_58-1005E_22x.txt;58-0619B;19 juin 1958, B;Vous devez naitre de nouveau;Shekinah;116;10140;
ZONE_3;07_58-0530_a_58-1005E_22x.txt;58-0619E;19 juin 1958, soir;Pouvons-Nous Voir Jésus?;Shekinah;73;15857;
ZONE_3;07_58-0530_a_58-1005E_22x.txt;58-0620;20 juin 1958;La Reine Du Midi;Shekinah;76;15785;
ZONE_3;07_58-0530_a_58-1005E_22x.txt;58-0625;25 juin 1958;Il Y A Ici Plus Que Salomon;Shekinah;90;20453;
ZONE_3;07_58-0530_a_58-1005E_22x.txt;58-0720E;20 juil. 1958, soir;L'Ordination des diacres;Shekinah;43;3192;
ZONE_3;07_58-0530_a_58-1005E_22x.txt;58-0720E;20 juil. 1958, soir;Mise en place des diacres;VGR;43;3399;
ZONE_3;07_58-0530_a_58-1005E_22x.txt;58-0720M;20 juil. 1958, matin;C’est Par La Foi Que Moïse;Shekinah;54;9856;
ZONE_3;07_58-0530_a_58-1005E_22x.txt;58-0720M;20 juil. 1958, matin;Par la foi, Moïse;VGR;147;10162;
ZONE_3;07_58-0530_a_58-1005E_22x.txt;58-0927;27 sept. 1958;POURQUOI NOUS NE SOMMES PAS UNE DENOMINATION?;Shekinah;292;30144;
ZONE_3;07_58-0530_a_58-1005E_22x.txt;58-0927;27 sept. 1958;Pourquoi ne sommes-nous pas une dénomination?;VGR;292;31042;
ZONE_3;07_58-0530_a_58-1005E_22x.txt;58-0928E;28 sept. 1958, soir;La Semence Du Serpent;Shekinah;341;21566;
ZONE_3;07_58-0530_a_58-1005E_22x.txt;58-0928E;28 sept. 1958, soir;La semence du serpent;VGR;341;22013;
ZONE_3;07_58-0530_a_58-1005E_22x.txt;58-0928M;28 sept. 1958, matin;Le Baptême Du Saint-Esprit - Le Saint-Esprit Expliqué Ou Le Nom De Jésus;Shekinah;215;22016;
ZONE_3;07_58-0530_a_58-1005E_22x.txt;58-1001;1 oct. 1958;Le Faire Sortir De L’Histoire;Shekinah;52;10189;
ZONE_3;07_58-0530_a_58-1005E_22x.txt;58-1001;1 oct. 1958;Le faire sortir de l’histoire;VGR;121;10231;
ZONE_3;07_58-0530_a_58-1005E_22x.txt;58-1002;2 oct. 1958;Mais Au Commencement, Il N’En Était Pas Ainsi;Shekinah;72;11245;
ZONE_3;07_58-0530_a_58-1005E_22x.txt;58-1003;3 oct. 1958;Regarder À L’Invisible;Shekinah;86;14697;
ZONE_3;07_58-0530_a_58-1005E_22x.txt;58-1003;3 oct. 1958;Regarder à l’Invisible;VGR;220;15293;
ZONE_3;07_58-0530_a_58-1005E_22x.txt;58-1004;4 oct. 1958;La Foi, C'est Notre Victoire;Shekinah;150;14547;
ZONE_3;07_58-0530_a_58-1005E_22x.txt;58-1005E;5 oct. 1958, soir;Un Homme Appelé De Dieu;Shekinah;266;18068;
ZONE_3;07_58-0530_a_58-1005E_22x.txt;58-1005E;5 oct. 1958, soir;Un homme appelé de Dieu;VGR;266;18906;
ZONE_3;08_58-1005M_a_59-0412E_28x.txt;58-1005M;5 oct. 1958, matin;Ecouter sa voix;Shekinah;104;15975;
ZONE_3;08_58-1005M_a_59-0412E_28x.txt;58-1005M;5 oct. 1958, matin;Écoutez Sa Voix;VGR;221;16703;
ZONE_3;08_58-1005M_a_59-0412E_28x.txt;58-1007;7 oct. 1958;L'Ordre de l'Eglise;Shekinah;67;4896;
ZONE_3;08_58-1005M_a_59-0412E_28x.txt;58-1007;7 oct. 1958;L’ordre de l’Église;VGR;67;5161;
ZONE_3;08_58-1005M_a_59-0412E_28x.txt;58-1012;12 oct. 1958;Le Départ Secret Et Soudain de l'Eglise;Shekinah;173;11090;
ZONE_3;08_58-1005M_a_59-0412E_28x.txt;58-1130;30 nov. 1958;Sentinelle, qu'en est-il de la nuit ?;Shekinah;212;14207;
ZONE_3;08_58-1005M_a_59-0412E_28x.txt;58-1130;30 nov. 1958;Sentinelle, que dis-tu de la nuit?;VGR;212;14381;
ZONE_3;08_58-1005M_a_59-0412E_28x.txt;58-1221E;21 déc. 1958, soir;L'Unité d'un seul Dieu dans une seule Eglise;Shekinah;169;13369;
ZONE_3;08_58-1005M_a_59-0412E_28x.txt;58-1221E;21 déc. 1958, soir;L’unité d’un seul Dieu dans la seule Église;VGR;169;13601;
ZONE_3;08_58-1005M_a_59-0412E_28x.txt;58-1221M;21 déc. 1958, matin;Où Est-Il, Le Roi Des Juifs?;Shekinah;105;16012;
ZONE_3;08_58-1005M_a_59-0412E_28x.txt;58-1228;28 déc. 1958;Pourquoi La Petite Bethléhem?;Shekinah;151;12328;
ZONE_3;08_58-1005M_a_59-0412E_28x.txt;58-1228;28 déc. 1958;Pourquoi la petite Bethléhem?;VGR;151;12399;
ZONE_3;08_58-1005M_a_59-0412E_28x.txt;59-0125;25 janv. 1959;Soyez Certain De Dieu;Shekinah;142;9647;
ZONE_3;08_58-1005M_a_59-0412E_28x.txt;59-0125;25 janv. 1959;Soyez certains de Dieu;VGR;142;9822;
ZONE_3;08_58-1005M_a_59-0412E_28x.txt;59-0208;8 févr. 1959;L’Aveugle Bartimée;Shekinah;34;5140;
ZONE_3;08_58-1005M_a_59-0412E_28x.txt;59-0211;11 févr. 1959;Siméon et Anne;Shekinah;36;5290;
ZONE_3;08_58-1005M_a_59-0412E_28x.txt;59-0301E;1 mars 1959, soir;Que Fais-Tu Ici?;Shekinah;141;10288;
ZONE_3;08_58-1005M_a_59-0412E_28x.txt;59-0301E;1 mars 1959, soir;Que fais-tu ici?;VGR;163;10729;
ZONE_3;08_58-1005M_a_59-0412E_28x.txt;59-0301M;1 mars 1959, matin;Étroite Est La Porte;Shekinah;216;17248;
ZONE_3;08_58-1005M_a_59-0412E_28x.txt;59-0301M;1 mars 1959, matin;Étroite est la porte;VGR;216;17373;
ZONE_3;08_58-1005M_a_59-0412E_28x.txt;59-0329E;29 mars 1959, soir;Le Signe Du Messie;Shekinah;125;8374;
ZONE_3;08_58-1005M_a_59-0412E_28x.txt;59-0329E;29 mars 1959, soir;Le signe du Messie;VGR;126;8356;
ZONE_3;08_58-1005M_a_59-0412E_28x.txt;59-0329M;29 mars 1959, matin;Le Baptême D'Eau (Service De Baptême À Pâques);Shekinah;57;15436;
ZONE_3;08_58-1005M_a_59-0412E_28x.txt;59-0329M;29 mars 1959, matin;Le baptême d’eau;VGR;174;14574;
ZONE_3;08_58-1005M_a_59-0412E_28x.txt;59-0329S;29 mars 1959, aube;Vivant, Mourant, Enseveli, Ressuscitant, Revenant;Shekinah;66;6396;
ZONE_3;08_58-1005M_a_59-0412E_28x.txt;59-0329S;29 mars 1959, aube;Vivant, mourant, enseveli, ressuscitant, revenant;VGR;72;7297;
ZONE_3;08_58-1005M_a_59-0412E_28x.txt;59-0403;3 avr. 1959;Vivant, Mourant, Enseveli, Ressuscitant, Revenant;Shekinah;53;10967;
ZONE_3;08_58-1005M_a_59-0412E_28x.txt;59-0404;4 avr. 1959;Quelles sont les œuvres de Dieu ?;Shekinah;51;9292;
ZONE_3;08_58-1005M_a_59-0412E_28x.txt;59-0404;4 avr. 1959;Quelles sont les œuvres de Dieu?;VGR;129;9241;
ZONE_3;08_58-1005M_a_59-0412E_28x.txt;59-0405A;5 avr. 1959, après-midi;Au commencement, il n'en était pas ainsi;Shekinah;31;5306;
ZONE_3;08_58-1005M_a_59-0412E_28x.txt;59-0405E;5 avr. 1959, soir;La Reine De Séba;Shekinah;71;11576;
ZONE_3;08_58-1005M_a_59-0412E_28x.txt;59-0406;6 avr. 1959;Le Nouveau ministère de William;Shekinah;125;11109;
ZONE_3;08_58-1005M_a_59-0412E_28x.txt;59-0407;7 avr. 1959;Conduit Par L'Esprit;Shekinah;75;14870;
ZONE_3;08_58-1005M_a_59-0412E_28x.txt;59-0408;8 avr. 1959;L’Aveugle Bartimée;Shekinah;55;11087;
ZONE_3;08_58-1005M_a_59-0412E_28x.txt;59-0409;9 avr. 1959;La Foi De Marie;Shekinah;72;10086;
ZONE_3;08_58-1005M_a_59-0412E_28x.txt;59-0410;10 avr. 1959;Regarder À L’Invisible;Shekinah;67;12175;
ZONE_3;08_58-1005M_a_59-0412E_28x.txt;59-0411B;11 avr. 1959, B;Témoignage;Shekinah;16;3026;
ZONE_3;08_58-1005M_a_59-0412E_28x.txt;59-0411E;11 avr. 1959, soir;Observant Son Étoile;Shekinah;39;7478;
ZONE_3;08_58-1005M_a_59-0412E_28x.txt;59-0412A;12 avr. 1959, après-midi;Soyez Certain De Dieu;Shekinah;41;7388;
ZONE_3;08_58-1005M_a_59-0412E_28x.txt;59-0412E;12 avr. 1959, soir;Qu’Entends-Tu, Élie?;Shekinah;86;15109;
ZONE_3;09_59-0414_a_59-0702_24x.txt;59-0414;14 avr. 1959;Avoir Soif De La Vie;Shekinah;60;10138;
ZONE_3;09_59-0414_a_59-0702_24x.txt;59-0415A;15 avr. 1959, après-midi;La Voie À Laquelle Dieu A Pourvue;Shekinah;71;12971;
ZONE_3;09_59-0414_a_59-0702_24x.txt;59-0415E;15 avr. 1959, soir;La Foi D’Abraham;Shekinah;102;14323;
ZONE_3;09_59-0414_a_59-0702_24x.txt;59-0416;16 avr. 1959;El-shaddaï;Shekinah;86;13830;
ZONE_3;09_59-0414_a_59-0702_24x.txt;59-0417;17 avr. 1959;Jéhovah-Jiré;Shekinah;85;14822;
ZONE_3;09_59-0414_a_59-0702_24x.txt;59-0418;18 avr. 1959;Un Temps De Décision;Shekinah;95;17298;
ZONE_3;09_59-0414_a_59-0702_24x.txt;59-0418;18 avr. 1959;Un temps de décision;VGR;233;18293;
ZONE_3;09_59-0414_a_59-0702_24x.txt;59-0419A;19 avr. 1959, après-midi;Histoire De Ma Vie;Shekinah;306;22616;
ZONE_3;09_59-0414_a_59-0702_24x.txt;59-0419A;19 avr. 1959, après-midi;L’histoire de ma vie;VGR;47;23088;
ZONE_3;09_59-0414_a_59-0702_24x.txt;59-0419E;19 avr. 1959, soir;Montre-Nous Le Père Et Cela Nous Suffit;Shekinah;91;18054;
ZONE_3;09_59-0414_a_59-0702_24x.txt;59-0422;22 avr. 1959;Nous Voudrions Voir Jésus;Shekinah;85;16930;
ZONE_3;09_59-0414_a_59-0702_24x.txt;59-0423;23 avr. 1959;La Postérité D'Abraham;Shekinah;60;11124;
ZONE_3;09_59-0414_a_59-0702_24x.txt;59-0424A;24 avr. 1959, après-midi;Le Fidèle Abraham;Shekinah;158;11087;
ZONE_3;09_59-0414_a_59-0702_24x.txt;59-0424E;24 avr. 1959, soir;Ecoutez-Le;Shekinah;92;16772;
ZONE_3;09_59-0414_a_59-0702_24x.txt;59-0510E;10 mai 1959, soir;Qui Est Celui-Ci?;Shekinah;51;8908;
ZONE_3;09_59-0414_a_59-0702_24x.txt;59-0510E;10 mai 1959, soir;Qui est Celui-ci?;VGR;139;9367;
ZONE_3;09_59-0414_a_59-0702_24x.txt;59-0510M;10 mai 1959, matin;La Fête Des Mères;Shekinah;105;7339;
ZONE_3;09_59-0414_a_59-0702_24x.txt;59-0510M;10 mai 1959, matin;La fête des Mères;VGR;105;7763;
ZONE_3;09_59-0414_a_59-0702_24x.txt;59-0525;25 mai 1959;Les Images de Christ;Shekinah;66;13555;
ZONE_3;09_59-0414_a_59-0702_24x.txt;59-0525;25 mai 1959;Des images de Christ;VGR;191;13443;
ZONE_3;09_59-0414_a_59-0702_24x.txt;59-0609;9 juin 1959;Qu’Entends-Tu, Élie?;Shekinah;174;12929;
ZONE_3;09_59-0414_a_59-0702_24x.txt;59-0609;9 juin 1959;Qu’entends-tu, Élie?;VGR;170;13093;
ZONE_3;09_59-0414_a_59-0702_24x.txt;59-0610;10 juin 1959;Quand j'ai réfléchi à mes voies;Shekinah;109;8366;
ZONE_3;09_59-0414_a_59-0702_24x.txt;59-0611;11 juin 1959;Le Temps De Décision;Shekinah;111;7508;
ZONE_3;09_59-0414_a_59-0702_24x.txt;59-0612;12 juin 1959;Tous Les Jours De Notre Vie;Shekinah;87;16605;
ZONE_3;09_59-0414_a_59-0702_24x.txt;59-0613;13 juin 1959;Avoir Soif De La Vie;Shekinah;48;9528;
ZONE_3;09_59-0414_a_59-0702_24x.txt;59-0614;14 juin 1959;Du Baume En Galaad;Shekinah;81;14626;
ZONE_3;09_59-0414_a_59-0702_24x.txt;59-0628E;28 juin 1959, soir;Questions Et Réponses;Shekinah;200;19876;
ZONE_3;09_59-0414_a_59-0702_24x.txt;59-0628E;28 juin 1959, soir;Questions et réponses;VGR;199;22273;
ZONE_3;09_59-0414_a_59-0702_24x.txt;59-0628M;28 juin 1959, matin;Une Église Séduite Par Le Monde;Shekinah;114;10623;
ZONE_3;09_59-0414_a_59-0702_24x.txt;59-0628M;28 juin 1959, matin;Une Église séduite par le monde;VGR;115;10796;
ZONE_3;09_59-0414_a_59-0702_24x.txt;59-0702;2 juil. 1959;Où est partie ta force, Samson?;Shekinah;36;8976;
ZONE_3;10_59-0706_a_59-1127_27x.txt;59-0706;6 juil. 1959;Réfléchissons À Nos Voies;Shekinah;46;9253;
ZONE_3;10_59-0706_a_59-1127_27x.txt;59-0707;7 juil. 1959;Du baume en Galaad;Shekinah;68;15128;
ZONE_3;10_59-0706_a_59-1127_27x.txt;59-0708E;8 juil. 1959, soir;Soyez Certain De Dieu;Shekinah;85;16479;
ZONE_3;10_59-0706_a_59-1127_27x.txt;59-0708M;8 juil. 1959, matin;La Dédicace D'Une Eglise;Shekinah;117;9272;
ZONE_3;10_59-0706_a_59-1127_27x.txt;59-0712;12 juil. 1959;Une Délivrance totale;Shekinah;105;10756;
ZONE_3;10_59-0706_a_59-1127_27x.txt;59-0712;12 juil. 1959;Une délivrance totale;VGR;105;11004;
ZONE_3;10_59-0706_a_59-1127_27x.txt;59-0802;2 août 1959;Sans argent, sans rien payer (Le Salut sans rien payer);Shekinah;141;9831;
ZONE_3;10_59-0706_a_59-1127_27x.txt;59-0802;2 août 1959;Sans argent, sans rien payer;VGR;141;10065;
ZONE_3;10_59-0706_a_59-1127_27x.txt;59-0810;10 août 1959;La Réaction À Une Action;Shekinah;63;12090;
ZONE_3;10_59-0706_a_59-1127_27x.txt;59-0811;11 août 1959;C’est Moi, N’ayez Pas Peur;Shekinah;66;11400;
ZONE_3;10_59-0706_a_59-1127_27x.txt;59-0812;12 août 1959;Discerner le corps du seigneur;Shekinah;124;10367;
ZONE_3;10_59-0706_a_59-1127_27x.txt;59-0812;12 août 1959;Discerner le Corps du Seigneur;VGR;182;10447;
ZONE_3;10_59-0706_a_59-1127_27x.txt;59-0813;13 août 1959;Pourquoi ?  (Du Baume en Galaad);Shekinah;148;11215;
ZONE_3;10_59-0706_a_59-1127_27x.txt;59-0814;14 août 1959;Quand J’ai Réfléchi À Mes Voies;Shekinah;94;15730;
ZONE_3;10_59-0706_a_59-1127_27x.txt;59-0815;15 août 1959;Pareil À L’Aigle Qui Éveille Sa Couvée;Shekinah;92;20157;
ZONE_3;10_59-0706_a_59-1127_27x.txt;59-0823;23 août 1959;Le Gazam, La Sauterelle, Le Jélek Et Le Hasil;Shekinah;126;19081;
ZONE_3;10_59-0706_a_59-1127_27x.txt;59-0920;20 sept. 1959;Planter la vigne et où la planter;Shekinah;8;15050;
ZONE_3;10_59-0706_a_59-1127_27x.txt;59-0920;20 sept. 1959;Planter le cep et où le planter;VGR;221;14602;
ZONE_3;10_59-0706_a_59-1127_27x.txt;59-1001;1 oct. 1959;Qu'êtes-Vous Allés Voir? (Qu'êtes-Vous Venus Entendre?);Shekinah;61;13078;
ZONE_3;10_59-0706_a_59-1127_27x.txt;59-1001;1 oct. 1959;Qu’êtes-vous allés voir?;VGR;159;12800;
ZONE_3;10_59-0706_a_59-1127_27x.txt;59-1004E;4 oct. 1959, soir;Pourquoi Crier? Parle! (Attitude Envers L’Oint De Dieu);Shekinah;77;14523;
ZONE_3;10_59-0706_a_59-1127_27x.txt;59-1004M;4 oct. 1959, matin;Qui Est Celui-Ci?;Shekinah;77;14559;
ZONE_3;10_59-0706_a_59-1127_27x.txt;59-1108;8 nov. 1959;Posséder Les Portes De L’Ennemi;Shekinah;144;13126;
ZONE_3;10_59-0706_a_59-1127_27x.txt;59-1108;8 nov. 1959;Possédant les portes de l’ennemi;VGR;144;13082;
ZONE_3;10_59-0706_a_59-1127_27x.txt;59-1115;15 nov. 1959;Mon Nouveau Ministère;Shekinah;96;18508;
ZONE_3;10_59-0706_a_59-1127_27x.txt;59-1120;20 nov. 1959;Un Prophète Comme Moïse;Shekinah;67;12464;
ZONE_3;10_59-0706_a_59-1127_27x.txt;59-1121;21 nov. 1959;Ta Postérité Possédera La Porte De Son Ennemi;Shekinah;55;8513;
ZONE_3;10_59-0706_a_59-1127_27x.txt;59-1122;22 nov. 1959;Qui est celui-ci ?;Shekinah;62;12295;
ZONE_3;10_59-0706_a_59-1127_27x.txt;59-1123;23 nov. 1959;Parle à cette montagne;Shekinah;181;18452;
ZONE_3;10_59-0706_a_59-1127_27x.txt;59-1124;24 nov. 1959;Du Baume En Galaad;Shekinah;57;12328;
ZONE_3;10_59-0706_a_59-1127_27x.txt;59-1125;25 nov. 1959;Au Commencement, Il N’en Était Pas Ainsi;Shekinah;78;15468;
ZONE_3;10_59-0706_a_59-1127_27x.txt;59-1126;26 nov. 1959;Le Jéhovah des miracles;Shekinah;73;15037;
ZONE_3;10_59-0706_a_59-1127_27x.txt;59-1127;27 nov. 1959;L'Aveugle Bartimée;Shekinah;76;14847;
ZONE_3;11_59-1128_a_60-0301_20x.txt;59-1128;28 nov. 1959;La Porte Du Coeur;Shekinah;66;11747;
ZONE_3;11_59-1128_a_60-0301_20x.txt;59-1129;29 nov. 1959;Voir Dieu;Shekinah;276;22060;
ZONE_3;11_59-1128_a_60-0301_20x.txt;59-1216;16 déc. 1959;Qu’Est-Ce Que Le Saint-Esprit?;Shekinah;144;15192;
ZONE_3;11_59-1128_a_60-0301_20x.txt;59-1216;16 déc. 1959;Qu’est-ce que le Saint-Esprit?;VGR;144;15855;
ZONE_3;11_59-1128_a_60-0301_20x.txt;59-1217;17 déc. 1959;Pourquoi Le Saint-Esprit A-T-Il Eté Donné?;Shekinah;174;19817;
ZONE_3;11_59-1128_a_60-0301_20x.txt;59-1217;17 déc. 1959;Pourquoi le Saint-Esprit a-t-Il été donné?;VGR;174;20556;
ZONE_3;11_59-1128_a_60-0301_20x.txt;59-1219;19 déc. 1959;Questions et réponses sur le Saint-Esprit;Shekinah;217;26120;
ZONE_3;11_59-1128_a_60-0301_20x.txt;59-1219;19 déc. 1959;Questions et réponses sur le Saint-Esprit;VGR;217;27077;
ZONE_3;11_59-1128_a_60-0301_20x.txt;59-1220E;20 déc. 1959, soir;Identifié À Christ;Shekinah;123;13250;
ZONE_3;11_59-1128_a_60-0301_20x.txt;59-1220E;20 déc. 1959, soir;S’identifier à Christ;VGR;130;13953;
ZONE_3;11_59-1128_a_60-0301_20x.txt;59-1220M;20 déc. 1959, matin;Conférence avec Dieu;Shekinah;91;19496;
ZONE_3;11_59-1128_a_60-0301_20x.txt;59-1223;23 déc. 1959;Questions Et Réponses;Shekinah;182;20780;
ZONE_3;11_59-1128_a_60-0301_20x.txt;59-1223;23 déc. 1959;Questions et réponses;VGR;182;21223;
ZONE_3;11_59-1128_a_60-0301_20x.txt;59-1227E;27 déc. 1959, soir;Un Super sens;Shekinah;194;13053;
ZONE_3;11_59-1128_a_60-0301_20x.txt;59-1227E;27 déc. 1959, soir;Un super-sens;VGR;194;12943;
ZONE_3;11_59-1128_a_60-0301_20x.txt;59-1227M;27 déc. 1959, matin;Un Super signe;Shekinah;176;13504;
ZONE_3;11_59-1128_a_60-0301_20x.txt;59-1231;31 déc. 1959;Et dès ce moment-là;Shekinah;106;7950;
ZONE_3;11_59-1128_a_60-0301_20x.txt;59-1231;31 déc. 1959;Et dès ce moment;VGR;106;8025;
ZONE_3;11_59-1128_a_60-0301_20x.txt;60-0108;8 janv. 1960;Une Conférence avec Dieu;Shekinah;47;9883;
ZONE_3;11_59-1128_a_60-0301_20x.txt;60-0109;9 janv. 1960;Messieurs, Nous Voudrions Voir Jésus;Shekinah;87;18345;
ZONE_3;11_59-1128_a_60-0301_20x.txt;60-0110;10 janv. 1960;La Reine De Séba;Shekinah;96;18382;
ZONE_3;11_59-1128_a_60-0301_20x.txt;60-0210;10 févr. 1960;Témoignage de William Branham;Shekinah;42;10584;
ZONE_3;11_59-1128_a_60-0301_20x.txt;60-0210E;10 févr. 1960, soir;Et Dès Ce Moment-Là;Shekinah;122;6207;
ZONE_3;11_59-1128_a_60-0301_20x.txt;60-0221;21 févr. 1960;Entendre, reconnaître et agir sur la Parole de Dieu;Shekinah;275;19378;
ZONE_3;11_59-1128_a_60-0301_20x.txt;60-0221;21 févr. 1960;Entendre, reconnaître, agir selon la Parole de Dieu;VGR;277;19773;
ZONE_3;11_59-1128_a_60-0301_20x.txt;60-0228;28 févr. 1960;Les Conférences;Shekinah;64;11631;
ZONE_3;11_59-1128_a_60-0301_20x.txt;60-0229;29 févr. 1960;La Tempête approche;Shekinah;54;12135;
ZONE_3;11_59-1128_a_60-0301_20x.txt;60-0301;1 mars 1960;Il prend soin de vous;Shekinah;168;11964;
ZONE_3;12_60-0302_a_60-0329_14x.txt;60-0302;2 mars 1960;Dès ce moment;Shekinah;74;16179;
ZONE_3;12_60-0302_a_60-0329_14x.txt;60-0303;3 mars 1960;La Pluie de la première et de l'arrière saison;Shekinah;140;12240;
ZONE_3;12_60-0302_a_60-0329_14x.txt;60-0304;4 mars 1960;Avoir soif de la vie;Shekinah;174;16553;
ZONE_3;12_60-0302_a_60-0329_14x.txt;60-0305;5 mars 1960;N’ayez Pas Peur, C’est Moi;Shekinah;80;14987;
ZONE_3;12_60-0302_a_60-0329_14x.txt;60-0306;6 mars 1960;Il N’en Était Pas Ainsi Au Commencement;Shekinah;66;11313;
ZONE_3;12_60-0302_a_60-0329_14x.txt;60-0308;8 mars 1960;Le Discernement De L'Esprit (L’Esprit Parle Par Le Prophète);Shekinah;112;10548;
ZONE_3;12_60-0302_a_60-0329_14x.txt;60-0308;8 mars 1960;Le discernement de l’esprit;VGR;112;10450;
ZONE_3;12_60-0302_a_60-0329_14x.txt;60-0309;9 mars 1960;Pourquoi?;Shekinah;76;14656;
ZONE_3;12_60-0302_a_60-0329_14x.txt;60-0310;10 mars 1960;Elie et l'offrande de farine;Shekinah;147;12949;
ZONE_3;12_60-0302_a_60-0329_14x.txt;60-0310;10 mars 1960;Élie et l’offrande de farine;VGR;147;13420;
ZONE_3;12_60-0302_a_60-0329_14x.txt;60-0311;11 mars 1960;La Foi de marie;Shekinah;77;13841;
ZONE_3;12_60-0302_a_60-0329_14x.txt;60-0312;12 mars 1960;La Porte Du Coeur;Shekinah;61;13152;
ZONE_3;12_60-0302_a_60-0329_14x.txt;60-0313;13 mars 1960;Ecoutez-Le;Shekinah;86;15298;
ZONE_3;12_60-0302_a_60-0329_14x.txt;60-0326;26 mars 1960;Le Dieu immuable;Shekinah;85;8529;
ZONE_3;12_60-0302_a_60-0329_14x.txt;60-0328;28 mars 1960;Y a-t-il quelque chose qui soit trop difficile pour le seigneur ?;Shekinah;38;8514;
ZONE_3;12_60-0302_a_60-0329_14x.txt;60-0329;29 mars 1960;C'est Moi, N'ayez Pas Peur;Shekinah;60;12065;
ZONE_4;03_60-0330_a_60-0609_18x.txt;60-0330;30 mars 1960;L'Aveugle Bartimée;Shekinah;132;11762;
ZONE_4;03_60-0330_a_60-0609_18x.txt;60-0331;31 mars 1960;Dès Ce Moment;Shekinah;50;11240;
ZONE_4;03_60-0330_a_60-0609_18x.txt;60-0401E;1 avr. 1960, soir;La Reine De Séba;Shekinah;84;13923;
ZONE_4;03_60-0330_a_60-0609_18x.txt;60-0401M;1 avr. 1960, matin;Pourquoi ?;Shekinah;29;5308;
ZONE_4;03_60-0330_a_60-0609_18x.txt;60-0402;2 avr. 1960;Crois-tu cela ?;Shekinah;55;11255;
ZONE_4;03_60-0330_a_60-0609_18x.txt;60-0402;2 avr. 1960;Crois-tu cela?;VGR;162;11258;
ZONE_4;03_60-0330_a_60-0609_18x.txt;60-0403;3 avr. 1960;Pareil À L’Aigle Qui Éveille;Shekinah;299;18777;
ZONE_4;03_60-0330_a_60-0609_18x.txt;60-0417M;17 avr. 1960, matin;Allez dire! Courir sans un message;Shekinah;314;19091;
ZONE_4;03_60-0330_a_60-0609_18x.txt;60-0417M;17 avr. 1960, matin;Allez dire;VGR;314;19155;
ZONE_4;03_60-0330_a_60-0609_18x.txt;60-0417S;17 avr. 1960, aube;Je sais;Shekinah;109;8662;
ZONE_4;03_60-0330_a_60-0609_18x.txt;60-0417S;17 avr. 1960, aube;Je sais;VGR;109;8820;
ZONE_4;03_60-0330_a_60-0609_18x.txt;60-0515E;15 mai 1960, soir;L'Epitre Aux Ephésiens Est Comparable Au Livre De Josué;Shekinah;153;16946;
ZONE_4;03_60-0330_a_60-0609_18x.txt;60-0515E;15 mai 1960, soir;L’adoption #1;VGR;139;13154;
ZONE_4;03_60-0330_a_60-0609_18x.txt;60-0515M;15 mai 1960, matin;Le Roi rejeté;Shekinah;150;16069;
ZONE_4;03_60-0330_a_60-0609_18x.txt;60-0515M;15 mai 1960, matin;Le Roi rejeté;VGR;173;14631;
ZONE_4;03_60-0330_a_60-0609_18x.txt;60-0518;18 mai 1960;Les Fils De Dieu Manifestés;Shekinah;234;21786;
ZONE_4;03_60-0330_a_60-0609_18x.txt;60-0518;18 mai 1960;L’adoption #2;VGR;234;21705;
ZONE_4;03_60-0330_a_60-0609_18x.txt;60-0522E;22 mai 1960, soir;L'Adoption;Shekinah;230;22602;
ZONE_4;03_60-0330_a_60-0609_18x.txt;60-0522E;22 mai 1960, soir;L’adoption #4;VGR;230;22565;
ZONE_4;03_60-0330_a_60-0609_18x.txt;60-0522M;22 mai 1960, matin;L'Adoption (La Position En Christ);Shekinah;223;20055;
ZONE_4;03_60-0330_a_60-0609_18x.txt;60-0522M;22 mai 1960, matin;L’adoption #3;VGR;223;19955;
ZONE_4;03_60-0330_a_60-0609_18x.txt;60-0604;4 juin 1960;À Qui Irons-Nous?;Shekinah;81;17281;
ZONE_4;03_60-0330_a_60-0609_18x.txt;60-0604;4 juin 1960;À qui irions-nous?;VGR;302;17630;
ZONE_4;03_60-0330_a_60-0609_18x.txt;60-0606;6 juin 1960;À Qui Irions-Nous?;Shekinah;93;16428;
ZONE_4;03_60-0330_a_60-0609_18x.txt;60-0607;7 juin 1960;Entendre, reconnaitre et agir;Shekinah;77;16142;
ZONE_4;03_60-0330_a_60-0609_18x.txt;60-0608;8 juin 1960;Tenir Des Conférences;Shekinah;99;21222;
ZONE_4;03_60-0330_a_60-0609_18x.txt;60-0609;9 juin 1960;N’Ayez Pas Peur;Shekinah;83;15475;
ZONE_4;04_60-0610_a_60-0803_22x.txt;60-0610;10 juin 1960;Le Roi Rejeté;Shekinah;100;17283;
ZONE_4;04_60-0610_a_60-0803_22x.txt;60-0611B;11 juin 1960, B;La Communion;Shekinah;61;12546;
ZONE_4;04_60-0610_a_60-0803_22x.txt;60-0611E;11 juin 1960, soir;La Foi, C'est Le Sixième Sens;Shekinah;226;15286;
ZONE_4;04_60-0610_a_60-0803_22x.txt;60-0612;12 juin 1960;Parle À Ce Rocher;Shekinah;65;12004;
ZONE_4;04_60-0610_a_60-0803_22x.txt;60-0626;26 juin 1960;Les Réalités Infaillibles Du Dieu Vivant;Shekinah;267;18615;
ZONE_4;04_60-0610_a_60-0803_22x.txt;60-0626;26 juin 1960;Les réalités infaillibles du Dieu vivant;VGR;262;19081;
ZONE_4;04_60-0610_a_60-0803_22x.txt;60-0630;30 juin 1960;L'Approche À Laquelle Dieu A Pourvue Pour Communier;Shekinah;91;11036;
ZONE_4;04_60-0610_a_60-0803_22x.txt;60-0708;8 juil. 1960;Messieurs, Nous Voudrions Voir Jésus;Shekinah;103;19023;
ZONE_4;04_60-0610_a_60-0803_22x.txt;60-0709;9 juil. 1960;Approche À Laquelle Dieu A Pourvue Pour La Communion;Shekinah;103;18116;
ZONE_4;04_60-0610_a_60-0803_22x.txt;60-0710;10 juil. 1960;La Reine De Séba;Shekinah;120;21973;
ZONE_4;04_60-0610_a_60-0803_22x.txt;60-0711;11 juil. 1960;La Porte dans la porte;Shekinah;78;16044;
ZONE_4;04_60-0610_a_60-0803_22x.txt;60-0712;12 juil. 1960;Ecoutez-le (adoption);Shekinah;104;18826;
ZONE_4;04_60-0610_a_60-0803_22x.txt;60-0713;13 juil. 1960;L'Aveugle Bartimée;Shekinah;115;23173;
ZONE_4;04_60-0610_a_60-0803_22x.txt;60-0716;16 juil. 1960;Dès ce moment;Shekinah;133;26384;
ZONE_4;04_60-0610_a_60-0803_22x.txt;60-0717;17 juil. 1960;N’Ayez Pas Peur;Shekinah;120;22451;
ZONE_4;04_60-0610_a_60-0803_22x.txt;60-0720;20 juil. 1960;C’Est Moi;Shekinah;78;20917;
ZONE_4;04_60-0610_a_60-0803_22x.txt;60-0722;22 juil. 1960;Sentinelle, Que Dis-Tu De La Nuit?;Shekinah;95;17780;
ZONE_4;04_60-0610_a_60-0803_22x.txt;60-0723;23 juil. 1960;Parle à ce rocher et il donnera ses eaux;Shekinah;68;14613;
ZONE_4;04_60-0610_a_60-0803_22x.txt;60-0724;24 juil. 1960;La Parole immuable de Dieu (Dieu tient sa parole);Shekinah;108;23798;
ZONE_4;04_60-0610_a_60-0803_22x.txt;60-0729;29 juil. 1960;Ce qu’il faut pour triompher de toute incrédulité: notre Foi;Shekinah;91;18978;
ZONE_4;04_60-0610_a_60-0803_22x.txt;60-0731;31 juil. 1960;Montre-Nous Le Père Et Cela Nous Suffit;Shekinah;101;22393;
ZONE_4;04_60-0610_a_60-0803_22x.txt;60-0802;2 août 1960;Jéhovah-Jiré 2  (El-Shaddaï);Shekinah;93;19922;
ZONE_4;04_60-0610_a_60-0803_22x.txt;60-0803;3 août 1960;Jéhovah-Jiré 3  (Abraham);Shekinah;85;18759;
ZONE_4;05_60-0804_a_60-1204M_18x.txt;60-0804;4 août 1960;Pareil À L’Aigle Qui Éveille Sa Couvée;Shekinah;93;18577;
ZONE_4;05_60-0804_a_60-1204M_18x.txt;60-0805;5 août 1960;L’Agneau Et La Colombe;Shekinah;102;18762;
ZONE_4;05_60-0804_a_60-1204M_18x.txt;60-0806;6 août 1960;Ecoutez-Le;Shekinah;77;13293;
ZONE_4;05_60-0804_a_60-1204M_18x.txt;60-0807;7 août 1960;Débat sur le parler en langues;Shekinah;32;7144;
ZONE_4;05_60-0804_a_60-1204M_18x.txt;60-0911E;11 sept. 1960, soir;Les Cinq identifications précises de la vraie Eglise du Dieu vivant;Shekinah;187;17123;
ZONE_4;05_60-0804_a_60-1204M_18x.txt;60-0911E;11 sept. 1960, soir;Cinq identifications précises de la véritable Église du Dieu vivant;VGR;187;19026;
ZONE_4;05_60-0804_a_60-1204M_18x.txt;60-0911M;11 sept. 1960, matin;Je Serai Avec Toi Comme J'ai Eté Avec Moïse;Shekinah;149;21882;
ZONE_4;05_60-0804_a_60-1204M_18x.txt;60-0911M;11 sept. 1960, matin;Je serai avec toi, comme J’ai été avec Moïse;VGR;277;22400;
ZONE_4;05_60-0804_a_60-1204M_18x.txt;60-0924;24 sept. 1960;Les Condoléances à la famille Stadsklev;Shekinah;22;3982;
ZONE_4;05_60-0804_a_60-1204M_18x.txt;60-0925;25 sept. 1960;Ce Jour-Là Sur Le Calvaire;Shekinah;131;10879;
ZONE_4;05_60-0804_a_60-1204M_18x.txt;60-0925;25 sept. 1960;Ce jour-là sur le Calvaire;VGR;224;16050;
ZONE_4;05_60-0804_a_60-1204M_18x.txt;60-0930;30 sept. 1960;Les Visions de William Branham;Shekinah;44;8139;
ZONE_4;05_60-0804_a_60-1204M_18x.txt;60-0930;30 sept. 1960;Des visions de William Branham;VGR;119;8147;
ZONE_4;05_60-0804_a_60-1204M_18x.txt;60-1002;2 oct. 1960;Le Parent Rédempteur;Shekinah;249;18867;
ZONE_4;05_60-0804_a_60-1204M_18x.txt;60-1113;13 nov. 1960;La Condamnation par représentation;Shekinah;250;21499;
ZONE_4;05_60-0804_a_60-1204M_18x.txt;60-1113;13 nov. 1960;La condamnation par représentation;VGR;310;21085;
ZONE_4;05_60-0804_a_60-1204M_18x.txt;60-1124;24 nov. 1960;C’est Moi;Shekinah;38;8768;
ZONE_4;05_60-0804_a_60-1204M_18x.txt;60-1125;25 nov. 1960;Une Conférence;Shekinah;84;16112;
ZONE_4;05_60-0804_a_60-1204M_18x.txt;60-1126;26 nov. 1960;Pourquoi?;Shekinah;93;17934;
ZONE_4;05_60-0804_a_60-1204M_18x.txt;60-1127E;27 nov. 1960, soir;La Reine Du Midi;Shekinah;114;18880;
ZONE_4;05_60-0804_a_60-1204M_18x.txt;60-1127M;27 nov. 1960, matin;Il N’En Était Pas Ainsi Au Commencement;Shekinah;53;8625;
ZONE_4;05_60-0804_a_60-1204M_18x.txt;60-1204E;4 déc. 1960, soir;La Vision de Patmos (La Vision de Patmos de Jean);Shekinah;158;26837;
ZONE_4;05_60-0804_a_60-1204M_18x.txt;60-1204E;4 déc. 1960, soir;La vision de Patmos;VGR;269;26820;
ZONE_4;05_60-0804_a_60-1204M_18x.txt;60-1204M;4 déc. 1960, matin;La Révélation de Jésus-Christ;Shekinah;415;25346;
ZONE_4;05_60-0804_a_60-1204M_18x.txt;60-1204M;4 déc. 1960, matin;La Révélation de Jésus-Christ;VGR;402;24886;
ZONE_4;06_60-1205_a_60-1218_9x.txt;60-1205;5 déc. 1960;L'Age de l'Eglise d'Ephese;Shekinah;299;24354;
ZONE_4;06_60-1205_a_60-1218_9x.txt;60-1205;5 déc. 1960;L’Âge de l’Église d’Éphèse;VGR;264;23653;
ZONE_4;06_60-1205_a_60-1218_9x.txt;60-1206;6 déc. 1960;L'Age de l'Eglise de Smyrne;Shekinah;206;18201;
ZONE_4;06_60-1205_a_60-1218_9x.txt;60-1206;6 déc. 1960;L’Âge de l’Église de Smyrne;VGR;184;18440;
ZONE_4;06_60-1205_a_60-1218_9x.txt;60-1207;7 déc. 1960;L'Age de l'Eglise de Pergame;Shekinah;278;24949;
ZONE_4;06_60-1205_a_60-1218_9x.txt;60-1207;7 déc. 1960;L’Âge de L’Église de Pergame;VGR;299;25012;
ZONE_4;06_60-1205_a_60-1218_9x.txt;60-1208;8 déc. 1960;L'Age de l'Eglise de Thyatire;Shekinah;252;17075;
ZONE_4;06_60-1205_a_60-1218_9x.txt;60-1208;8 déc. 1960;L’Âge de l’Église de Thyatire;VGR;225;17560;
ZONE_4;06_60-1205_a_60-1218_9x.txt;60-1209;9 déc. 1960;L'Age de l'Eglise de Sardes;Shekinah;215;19265;
ZONE_4;06_60-1205_a_60-1218_9x.txt;60-1209;9 déc. 1960;L’Âge de l’Église de Sardes;VGR;202;19143;
ZONE_4;06_60-1205_a_60-1218_9x.txt;60-1210;10 déc. 1960;L'Age de l'Eglise de Philadelphie;Shekinah;139;22132;
ZONE_4;06_60-1205_a_60-1218_9x.txt;60-1210;10 déc. 1960;L’Âge de l’Église de Philadelphie;VGR;272;21742;
ZONE_4;06_60-1205_a_60-1218_9x.txt;60-1211E;11 déc. 1960, soir;L'Age de l'Eglise de Laodicée;Shekinah;322;25094;
ZONE_4;06_60-1205_a_60-1218_9x.txt;60-1211E;11 déc. 1960, soir;L’Âge de l’Église de Laodicée;VGR;315;25144;
ZONE_4;06_60-1205_a_60-1218_9x.txt;60-1211M;11 déc. 1960, matin;Les Dix Vierges;Shekinah;357;29470;
ZONE_4;06_60-1205_a_60-1218_9x.txt;60-1211M;11 déc. 1960, matin;Les dix vierges et les cent quarante-quatre mille Juifs;VGR;358;30054;
ZONE_4;06_60-1205_a_60-1218_9x.txt;60-1218;18 déc. 1960;Le Son Confus;Shekinah;517;34842;RÉINTÉGRÉ (absent avant)
ZONE_4;06_60-1205_a_60-1218_9x.txt;60-1218;18 déc. 1960;Le son confus;VGR;517;36390;RÉINTÉGRÉ (absent avant)
ZONE_4;07_60-1225_a_61-0128_15x.txt;60-1225;25 déc. 1960;Le Don Enveloppé De Dieu;Shekinah;162;19308;
ZONE_4;07_60-1225_a_61-0128_15x.txt;60-1225;25 déc. 1960;Le Cadeau enveloppé de Dieu;VGR;227;19883;
ZONE_4;07_60-1225_a_61-0128_15x.txt;60-1231;31 déc. 1960;Apocalypse chapitre Quatre #1;Shekinah;128;14916;
ZONE_4;07_60-1225_a_61-0128_15x.txt;60-1231;31 déc. 1960;Apocalypse, chapitre quatre, 1re partie;VGR;200;15474;
ZONE_4;07_60-1225_a_61-0128_15x.txt;61-0101;1 janv. 1961;Les Vingt-quatre Anciens (Apocalypse chapitre Quatre #2);Shekinah;324;25402;
ZONE_4;07_60-1225_a_61-0128_15x.txt;61-0101;1 janv. 1961;Apocalypse, chapitre quatre, 2e partie;VGR;317;25534;
ZONE_4;07_60-1225_a_61-0128_15x.txt;61-0108;8 janv. 1961;Le Trône (Apocalypse chapitre Quatre #3);Shekinah;387;32031;
ZONE_4;07_60-1225_a_61-0128_15x.txt;61-0108;8 janv. 1961;Apocalypse, chapitre quatre, 3e partie;VGR;381;31154;
ZONE_4;07_60-1225_a_61-0128_15x.txt;61-0112;12 janv. 1961;Questions Et Réponses;Shekinah;542;38195;RÉINTÉGRÉ (absent avant)
ZONE_4;07_60-1225_a_61-0128_15x.txt;61-0112;12 janv. 1961;Questions et réponses;VGR;542;40189;RÉINTÉGRÉ (absent avant)
ZONE_4;07_60-1225_a_61-0128_15x.txt;61-0117;17 janv. 1961;Le Messie;Shekinah;93;18829;
ZONE_4;07_60-1225_a_61-0128_15x.txt;61-0118;18 janv. 1961;Jésus-Christ Est Le Même Hier, Aujourd’hui Et Éternellement;Shekinah;97;19653;
ZONE_4;07_60-1225_a_61-0128_15x.txt;61-0119E;19 janv. 1961, soir;La Reine de Séba;Shekinah;173;22203;
ZONE_4;07_60-1225_a_61-0128_15x.txt;61-0119M;19 janv. 1961, matin;Les Choses N'étaient Pas Ainsi Au Commencement (Il N’en Etait Pas Ainsi Au Commencement);Shekinah;46;3843;
ZONE_4;07_60-1225_a_61-0128_15x.txt;61-0119M;19 janv. 1961, matin;Des choses qui n’étaient pas ainsi au commencement;VGR;52;3952;
ZONE_4;07_60-1225_a_61-0128_15x.txt;61-0121;21 janv. 1961;La Foi de marie;Shekinah;67;14858;
ZONE_4;07_60-1225_a_61-0128_15x.txt;61-0122;22 janv. 1961;Pareil À L'Aigle Qui Eveille Sa Couvée;Shekinah;95;18717;
ZONE_4;07_60-1225_a_61-0128_15x.txt;61-0123;23 janv. 1961;N’Ayez Pas Peur, C’est Moi;Shekinah;83;18956;
ZONE_4;07_60-1225_a_61-0128_15x.txt;61-0124;24 janv. 1961;Aveugle Bartimée;Shekinah;102;18412;
ZONE_4;07_60-1225_a_61-0128_15x.txt;61-0125;25 janv. 1961;Pourquoi?;Shekinah;97;17405;
ZONE_4;07_60-1225_a_61-0128_15x.txt;61-0128;28 janv. 1961;Pourquoi?;Shekinah;95;18310;
ZONE_4;08_61-0129_a_61-0315_24x.txt;61-0129;29 janv. 1961;Se tourner vers le nord;Shekinah;57;10313;
ZONE_4;08_61-0129_a_61-0315_24x.txt;61-0205E;5 févr. 1961, soir;Jésus-Christ Est Le Même Hier, Aujourd’hui Et Éternellement;Shekinah;103;20293;
ZONE_4;08_61-0129_a_61-0315_24x.txt;61-0205M;5 févr. 1961, matin;Expectative;Shekinah;57;14128;
ZONE_4;08_61-0129_a_61-0315_24x.txt;61-0207;7 févr. 1961;Expectative;Shekinah;77;17843;
ZONE_4;08_61-0129_a_61-0315_24x.txt;61-0208;8 févr. 1961;Messieurs, Nous Voudrions Voir Jésus;Shekinah;108;20337;
ZONE_4;08_61-0129_a_61-0315_24x.txt;61-0209;9 févr. 1961;Jéhovah-Jiré;Shekinah;91;19991;
ZONE_4;08_61-0129_a_61-0315_24x.txt;61-0210;10 févr. 1961;L’Alliance confirmée d’Abraham;Shekinah;210;19356;
ZONE_4;08_61-0129_a_61-0315_24x.txt;61-0211;11 févr. 1961;Abraham;Shekinah;92;19795;
ZONE_4;08_61-0129_a_61-0315_24x.txt;61-0212E;12 févr. 1961, soir;C’est Moi, N’ayez Pas Peur;Shekinah;93;17220;
ZONE_4;08_61-0129_a_61-0315_24x.txt;61-0212M;12 févr. 1961, matin;Jéhovah-Jiré (Le Fidèle Abraham);Shekinah;61;12159;
ZONE_4;08_61-0129_a_61-0315_24x.txt;61-0213;13 févr. 1961;Et Ta Postérité Possédera La Porte De Ses Ennemis;Shekinah;73;16029;
ZONE_4;08_61-0129_a_61-0315_24x.txt;61-0214;14 févr. 1961;La Base De La Communion;Shekinah;67;14893;
ZONE_4;08_61-0129_a_61-0315_24x.txt;61-0215;15 févr. 1961;Fils De David, Aie Pitié De Moi (Aveugle Bartimée);Shekinah;90;20994;
ZONE_4;08_61-0129_a_61-0315_24x.txt;61-0216;16 févr. 1961;Le Sceau de Dieu;Shekinah;96;22220;
ZONE_4;08_61-0129_a_61-0315_24x.txt;61-0217;17 févr. 1961;La Marque de la bête;Shekinah;85;18803;
ZONE_4;08_61-0129_a_61-0315_24x.txt;61-0218;18 févr. 1961;Du Baume En Galaad;Shekinah;89;20460;
ZONE_4;08_61-0129_a_61-0315_24x.txt;61-0219;19 févr. 1961;La Reine De Séba;Shekinah;98;21131;
ZONE_4;08_61-0129_a_61-0315_24x.txt;61-0224;24 févr. 1961;N'Ayez Pas Peur;Shekinah;119;19559;
ZONE_4;08_61-0129_a_61-0315_24x.txt;61-0226;26 févr. 1961;Jéhovah-Jiré;Shekinah;100;16748;
ZONE_4;08_61-0129_a_61-0315_24x.txt;61-0305;5 mars 1961;Au-Delà Du Rideau Du Temps;Shekinah;76;8190;
ZONE_4;08_61-0129_a_61-0315_24x.txt;61-0305;5 mars 1961;Au-delà du rideau du temps;VGR;124;8866;
ZONE_4;08_61-0129_a_61-0315_24x.txt;61-0308;8 mars 1961;L'Expectative;Shekinah;93;19678;
ZONE_4;08_61-0129_a_61-0315_24x.txt;61-0311;11 mars 1961;N’Ayez Pas Peur;Shekinah;122;23896;
ZONE_4;08_61-0129_a_61-0315_24x.txt;61-0312;12 mars 1961;Jéhovah-Jiré;Shekinah;124;19963;
ZONE_4;08_61-0129_a_61-0315_24x.txt;61-0315;15 mars 1961;Un Son confus;Shekinah;223;20538;
ZONE_4;09_61-0316_a_61-0429B_22x.txt;61-0316;16 mars 1961;L'Eglise Choisissant La Loi Au Lieu De La Grâce;Shekinah;78;17078;
ZONE_4;09_61-0316_a_61-0429B_22x.txt;61-0317;17 mars 1961;L'Alliance De Grâce D'Abraham;Shekinah;79;18746;
ZONE_4;09_61-0316_a_61-0429B_22x.txt;61-0318;18 mars 1961;L'Alliance Confirmée D'Abraham;Shekinah;177;19536;
ZONE_4;09_61-0316_a_61-0429B_22x.txt;61-0319;19 mars 1961;La Religion de Jézabel;Shekinah;164;16505;
ZONE_4;09_61-0316_a_61-0429B_22x.txt;61-0319;19 mars 1961;La religion de Jézabel;VGR;176;17203;
ZONE_4;09_61-0316_a_61-0429B_22x.txt;61-0402;2 avr. 1961;Le Véritable sceau de pâques;Shekinah;238;20419;
ZONE_4;09_61-0316_a_61-0429B_22x.txt;61-0409;9 avr. 1961;Messieurs, Nous Voudrions Voir Jésus;Shekinah;82;18436;
ZONE_4;09_61-0316_a_61-0429B_22x.txt;61-0410;10 avr. 1961;Les Conférences;Shekinah;101;16342;
ZONE_4;09_61-0316_a_61-0429B_22x.txt;61-0411;11 avr. 1961;Mais Il N’En Était Pas Ainsi Au Commencement;Shekinah;114;20972;
ZONE_4;09_61-0316_a_61-0429B_22x.txt;61-0412;12 avr. 1961;Il Y A Ici Plus Que Salomon;Shekinah;126;20705;
ZONE_4;09_61-0316_a_61-0429B_22x.txt;61-0413;13 avr. 1961;Pourquoi?;Shekinah;122;23802;
ZONE_4;09_61-0316_a_61-0429B_22x.txt;61-0414;14 avr. 1961;N’Ayez Pas Peur, C’est Moi;Shekinah;83;17342;
ZONE_4;09_61-0316_a_61-0429B_22x.txt;61-0415B;15 avr. 1961, B;Dès Ce Moment;Shekinah;81;10659;
ZONE_4;09_61-0316_a_61-0429B_22x.txt;61-0415E;15 avr. 1961, soir;Le Son confus;Shekinah;101;19725;
ZONE_4;09_61-0316_a_61-0429B_22x.txt;61-0416;16 avr. 1961;Abraham Et Sa Postérité Après Lui;Shekinah;104;21081;
ZONE_4;09_61-0316_a_61-0429B_22x.txt;61-0423;23 avr. 1961;Abraham Et Sa Postérité Après Lui;Shekinah;97;17673;
ZONE_4;09_61-0316_a_61-0429B_22x.txt;61-0424;24 avr. 1961;Le Plus Grand Flash D'information De L'histoire (Venez, Croyez Et Allez);Shekinah;191;16853;
ZONE_4;09_61-0316_a_61-0429B_22x.txt;61-0425B;25 avr. 1961, B;La Divinité Expliquée;Shekinah;301;21105;
ZONE_4;09_61-0316_a_61-0429B_22x.txt;61-0425B;25 avr. 1961, B;La Divinité expliquée;VGR;337;20287;
ZONE_4;09_61-0316_a_61-0429B_22x.txt;61-0425E;25 avr. 1961, soir;La Béatitude oubliée;Shekinah;130;11742;
ZONE_4;09_61-0316_a_61-0429B_22x.txt;61-0426;26 avr. 1961;Le Prophète Michée;Shekinah;87;18967;
ZONE_4;09_61-0316_a_61-0429B_22x.txt;61-0427;27 avr. 1961;Crois Seulement;Shekinah;71;17419;
ZONE_4;09_61-0316_a_61-0429B_22x.txt;61-0428;28 avr. 1961;Entrer Dans L’Esprit;Shekinah;114;20319;
ZONE_4;09_61-0316_a_61-0429B_22x.txt;61-0429B;29 avr. 1961, B;Un des hommes les plus méchants de la ville (Jésus aux pieds sales);Shekinah;114;10808;
ZONE_4;10_61-0429E_a_61-0806_16x.txt;61-0429E;29 avr. 1961, soir;Un Son confus;Shekinah;98;16391;
ZONE_4;10_61-0429E_a_61-0806_16x.txt;61-0430;30 avr. 1961;Un Super Signe;Shekinah;144;10024;
ZONE_4;10_61-0429E_a_61-0806_16x.txt;61-0515;15 mai 1961;Il Y A Ici Plus Que Salomon;Shekinah;103;23120;
ZONE_4;10_61-0429E_a_61-0806_16x.txt;61-0516A;16 mai 1961, après-midi;Jésus-Christ Est Le Même Hier, Aujourd’hui Et Eternellement;Shekinah;95;17581;
ZONE_4;10_61-0429E_a_61-0806_16x.txt;61-0516M;16 mai 1961, matin;La Voie À Laquelle Dieu A Pourvue;Shekinah;57;8564;
ZONE_4;10_61-0429E_a_61-0806_16x.txt;61-0517;17 mai 1961;C’est Moi;Shekinah;92;18215;
ZONE_4;10_61-0429E_a_61-0806_16x.txt;61-0519;19 mai 1961;Messieurs, Nous Voudrions Voir Jésus;Shekinah;94;16135;
ZONE_4;10_61-0429E_a_61-0806_16x.txt;61-0520;20 mai 1961;Dès Ce Moment;Shekinah;95;16959;
ZONE_4;10_61-0429E_a_61-0806_16x.txt;61-0521;21 mai 1961;Montre-nous le Père;Shekinah;110;19641;
ZONE_4;10_61-0429E_a_61-0806_16x.txt;61-0611;11 juin 1961;Apocalypse chapitre Cinq #1 (Le Serpent écrasé);Shekinah;185;13314;
ZONE_4;10_61-0429E_a_61-0806_16x.txt;61-0611;11 juin 1961;Apocalypse, chapitre cinq, 1re partie;VGR;179;13561;
ZONE_4;10_61-0429E_a_61-0806_16x.txt;61-0618;18 juin 1961;Apocalypse chapitre Cinq #2;Shekinah;257;20917;
ZONE_4;10_61-0429E_a_61-0806_16x.txt;61-0618;18 juin 1961;Apocalypse, chapitre cinq, 2e partie;VGR;254;21557;
ZONE_4;10_61-0429E_a_61-0806_16x.txt;61-0723E;23 juil. 1961, soir;Dieu Mal Compris;Shekinah;267;21096;
ZONE_4;10_61-0429E_a_61-0806_16x.txt;61-0723E;23 juil. 1961, soir;Dieu mal compris;VGR;267;20904;
ZONE_4;10_61-0429E_a_61-0806_16x.txt;61-0723M;23 juil. 1961, matin;L'Eau toujours présente du rocher;Shekinah;233;18000;
ZONE_4;10_61-0429E_a_61-0806_16x.txt;61-0723M;23 juil. 1961, matin;L’Eau toujours présente du Rocher;VGR;235;18418;
ZONE_4;10_61-0429E_a_61-0806_16x.txt;61-0730E;30 juil. 1961, soir;Les Six buts de la visite de Gabriel à Daniel;Shekinah;157;17441;
ZONE_4;10_61-0429E_a_61-0806_16x.txt;61-0730E;30 juil. 1961, soir;Les six buts de la visite de Gabriel à Daniel;VGR;156;17626;
ZONE_4;10_61-0429E_a_61-0806_16x.txt;61-0730M;30 juil. 1961, matin;Les Instructions de Gabriel à Daniel;Shekinah;169;17891;
ZONE_4;10_61-0429E_a_61-0806_16x.txt;61-0730M;30 juil. 1961, matin;Les instructions de Gabriel à Daniel;VGR;169;18109;
ZONE_4;10_61-0429E_a_61-0806_16x.txt;61-0806;6 août 1961;La Soixante-dixième semaine de Daniel;Shekinah;230;24378;
ZONE_4;10_61-0429E_a_61-0806_16x.txt;61-0806;6 août 1961;La soixante-dixième semaine de Daniel;VGR;230;24413;
ZONE_4;11_61-0808_a_61-1231E_15x.txt;61-0808;8 août 1961;Ta famille (Crois au Seigneur, suivi des questions);Shekinah;108;22472;
ZONE_4;11_61-0808_a_61-1231E_15x.txt;61-0808;8 août 1961;Ta famille;VGR;282;21536;
ZONE_4;11_61-0808_a_61-1231E_15x.txt;61-0813;13 août 1961;La Foi;Shekinah;24;4938;
ZONE_4;11_61-0808_a_61-1231E_15x.txt;61-0813;13 août 1961;La foi;VGR;78;5184;
ZONE_4;11_61-0808_a_61-1231E_15x.txt;61-0827;27 août 1961;Le Message de grâce;Shekinah;277;22764;
ZONE_4;11_61-0808_a_61-1231E_15x.txt;61-0903;3 sept. 1961;QUE VOTRE LUMIERE LUISE AINSI DEVANT LES HOMMES (LE PANNEAU PUBLICITAIRE DE DIEU);Shekinah;71;12513;
ZONE_4;11_61-0808_a_61-1231E_15x.txt;61-1001E;1 oct. 1961, soir;Le Consolateur;Shekinah;203;14377;
ZONE_4;11_61-0808_a_61-1231E_15x.txt;61-1001M;1 oct. 1961, matin;Il est convenable que nous accomplissions toute justice;Shekinah;241;16474;
ZONE_4;11_61-0808_a_61-1231E_15x.txt;61-1015E;15 oct. 1961, soir;Le Respect;Shekinah;229;17562;
ZONE_4;11_61-0808_a_61-1231E_15x.txt;61-1015E;15 oct. 1961, soir;Le respect;VGR;229;17126;
ZONE_4;11_61-0808_a_61-1231E_15x.txt;61-1015M;15 oct. 1961, matin;Questions et Réponses;Shekinah;270;24047;
ZONE_4;11_61-0808_a_61-1231E_15x.txt;61-1015M;15 oct. 1961, matin;Questions et réponses;VGR;270;25378;
ZONE_4;11_61-0808_a_61-1231E_15x.txt;61-1105;5 nov. 1961;Le Témoignage D'un Vrai Témoin;Shekinah;228;18489;
ZONE_4;11_61-0808_a_61-1231E_15x.txt;61-1112;12 nov. 1961;Un Vrai Signe Passé Inaperçu;Shekinah;241;25873;
ZONE_4;11_61-0808_a_61-1231E_15x.txt;61-1112;12 nov. 1961;Un vrai signe dont on ne tient pas compte;VGR;309;28118;
ZONE_4;11_61-0808_a_61-1231E_15x.txt;61-1119;19 nov. 1961;La Force Parfaite Par La Faiblesse Parfaite;Shekinah;399;26757;
ZONE_4;11_61-0808_a_61-1231E_15x.txt;61-1119;19 nov. 1961;La force parfaite par la faiblesse parfaite;VGR;400;26830;
ZONE_4;11_61-0808_a_61-1231E_15x.txt;61-1210;10 déc. 1961;Un Paradoxe;Shekinah;317;24140;
ZONE_4;11_61-0808_a_61-1231E_15x.txt;61-1217;17 déc. 1961;Le Christianisme Contre L'Idolâtrie;Shekinah;289;21395;
ZONE_4;11_61-0808_a_61-1231E_15x.txt;61-1217;17 déc. 1961;Le Christianisme contre l’idolâtrie;VGR;289;21592;
ZONE_4;11_61-0808_a_61-1231E_15x.txt;61-1224;24 déc. 1961;Messieurs, Nous Voudrions Voir Jésus (Message De Noël);Shekinah;217;18259;
ZONE_4;11_61-0808_a_61-1231E_15x.txt;61-1231E;31 déc. 1961, soir;Si Dieu Est Avec Nous, Où Sont Alors Tous Les Prodiges? (Message De Nouvel An);Shekinah;296;18955;
ZONE_4;12_61-1231M_a_62-0218_17x.txt;61-1231M;31 déc. 1961, matin;Vous Devez Naitre De Nouveau;Shekinah;207;25314;
ZONE_4;12_61-1231M_a_62-0218_17x.txt;61-1231M;31 déc. 1961, matin;Il faut que vous naissiez de nouveau;VGR;207;26639;
ZONE_4;12_61-1231M_a_62-0218_17x.txt;62-0117;17 janv. 1962;Présumer;Shekinah;529;32222;
ZONE_4;12_61-1231M_a_62-0218_17x.txt;62-0118;18 janv. 1962;Convaincu, puis concerné;Shekinah;176;22763;
ZONE_4;12_61-1231M_a_62-0218_17x.txt;62-0119;19 janv. 1962;Une Bannière;Shekinah;97;16292;
ZONE_4;12_61-1231M_a_62-0218_17x.txt;62-0120;20 janv. 1962;Le Dieu immuable agissant de façon inattendue (Le Dieu immuable);Shekinah;117;18634;
ZONE_4;12_61-1231M_a_62-0218_17x.txt;62-0121E;21 janv. 1962, soir;Les Noces de l'agneau;Shekinah;132;21397;
ZONE_4;12_61-1231M_a_62-0218_17x.txt;62-0121E;21 janv. 1962, soir;Les noces de l’Agneau;VGR;307;20992;
ZONE_4;12_61-1231M_a_62-0218_17x.txt;62-0121M;21 janv. 1962, matin;Et Ta Postérité Possédera La Porte De Son Ennemi;Shekinah;107;16950;
ZONE_4;12_61-1231M_a_62-0218_17x.txt;62-0121M;21 janv. 1962, matin;Et ta postérité possédera la porte de son ennemi;VGR;272;18094;
ZONE_4;12_61-1231M_a_62-0218_17x.txt;62-0122;22 janv. 1962;La Confirmation De La Commission;Shekinah;153;21699;
ZONE_4;12_61-1231M_a_62-0218_17x.txt;62-0122;22 janv. 1962;La confirmation de la commission;VGR;407;22974;
ZONE_4;12_61-1231M_a_62-0218_17x.txt;62-0123;23 janv. 1962;Abandonnant tout;Shekinah;153;23056;
ZONE_4;12_61-1231M_a_62-0218_17x.txt;62-0124;24 janv. 1962;N'Est-Ce Pas Moi Qui T'envoie?;Shekinah;158;24908;
ZONE_4;12_61-1231M_a_62-0218_17x.txt;62-0127;27 janv. 1962;L'Homme Le Plus Méchant Que Je Connaisse;Shekinah;130;16216;
ZONE_4;12_61-1231M_a_62-0218_17x.txt;62-0128A;28 janv. 1962, après-midi;Un Paradoxe;Shekinah;112;17351;
ZONE_4;12_61-1231M_a_62-0218_17x.txt;62-0128M;28 janv. 1962, matin;L'Incrédulité N'Arrête Pas Dieu;Shekinah;71;9760;
ZONE_4;12_61-1231M_a_62-0218_17x.txt;62-0129;29 janv. 1962;Le Ministère expliqué;Shekinah;52;4833;
ZONE_4;12_61-1231M_a_62-0218_17x.txt;62-0204;4 févr. 1962;La Communion;Shekinah;137;13420;
ZONE_4;12_61-1231M_a_62-0218_17x.txt;62-0204;4 févr. 1962;La communion;VGR;137;13616;
ZONE_4;12_61-1231M_a_62-0218_17x.txt;62-0211;11 févr. 1962;L'Unité (L'unité avec Dieu);Shekinah;243;22731;
ZONE_4;12_61-1231M_a_62-0218_17x.txt;62-0218;18 févr. 1962;La Persévérance;Shekinah;336;31352;
ZONE_4;13_62-0311_a_62-0513E_11x.txt;62-0311;11 mars 1962;La Plus Grande Bataille Jamais Livrée;Shekinah;197;29297;
ZONE_4;13_62-0311_a_62-0513E_11x.txt;62-0311;11 mars 1962;La plus grande bataille jamais livrée;VGR;492;30987;
ZONE_4;13_62-0311_a_62-0513E_11x.txt;62-0313;13 mars 1962;Les Expressions (funérailles de la soeur Bell);Shekinah;29;5716;
ZONE_4;13_62-0311_a_62-0513E_11x.txt;62-0313;13 mars 1962;Expressions;VGR;74;5787;
ZONE_4;13_62-0311_a_62-0513E_11x.txt;62-0318E;18 mars 1962, soir;La Parole parlée est la semence originelle #2;Shekinah;1;33983;
ZONE_4;13_62-0311_a_62-0513E_11x.txt;62-0318M;18 mars 1962, matin;La Parole parlée est la semence originelle #1;Shekinah;28;30192;
ZONE_4;13_62-0311_a_62-0513E_11x.txt;62-0318M;18 mars 1962, matin;La Parole parlée est la Semence originelle (1ʳᵉ partie);VGR;466;62138;
ZONE_4;13_62-0311_a_62-0513E_11x.txt;62-0319;19 mars 1962;Le Signe de la semence du temps de la fin;Shekinah;157;15817;
ZONE_4;13_62-0311_a_62-0513E_11x.txt;62-0401;1 avr. 1962;La Sagesse contre La Foi;Shekinah;370;34302;RÉINTÉGRÉ (absent avant)
ZONE_4;13_62-0311_a_62-0513E_11x.txt;62-0407;7 avr. 1962;Les Signes de sa venue;Shekinah;152;27750;
ZONE_4;13_62-0311_a_62-0513E_11x.txt;62-0408;8 avr. 1962;Présumer;Shekinah;85;18803;
ZONE_4;13_62-0311_a_62-0513E_11x.txt;62-0422;22 avr. 1962;La Restitution De L'Arbre-Épouse;Shekinah;381;40127;RÉINTÉGRÉ (absent avant)
ZONE_4;13_62-0311_a_62-0513E_11x.txt;62-0422;22 avr. 1962;La restauration de l’Arbre-Épouse;VGR;640;39607;RÉINTÉGRÉ (absent avant)
ZONE_4;13_62-0311_a_62-0513E_11x.txt;62-0506;6 mai 1962;Possédant Toutes Choses;Shekinah;146;15712;
ZONE_4;13_62-0311_a_62-0513E_11x.txt;62-0506;6 mai 1962;Nous possédons toutes choses;VGR;146;15589;
ZONE_4;13_62-0311_a_62-0513E_11x.txt;62-0513E;13 mai 1962, soir;Laisser échapper la pression;Shekinah;149;12337;
ZONE_4;14_62-0513M_a_62-0612_17x.txt;62-0513M;13 mai 1962, matin;La Manière D'un Vrai Prophète;Shekinah;285;22980;
ZONE_4;14_62-0513M_a_62-0612_17x.txt;62-0513M;13 mai 1962, matin;La voie d’un vrai prophète de Dieu;VGR;363;24437;
ZONE_4;14_62-0513M_a_62-0612_17x.txt;62-0518;18 mai 1962;Laisser Échapper La Pression;Shekinah;123;21201;
ZONE_4;14_62-0513M_a_62-0612_17x.txt;62-0519;19 mai 1962;La Communion;Shekinah;65;11751;
ZONE_4;14_62-0513M_a_62-0612_17x.txt;62-0520;20 mai 1962;La Persévérance;Shekinah;93;18913;
ZONE_4;14_62-0513M_a_62-0612_17x.txt;62-0521;21 mai 1962;Convaincu, et puis concerné;Shekinah;143;14471;
ZONE_4;14_62-0513M_a_62-0612_17x.txt;62-0527;27 mai 1962;Questions Et Réponses;Shekinah;270;20764;
ZONE_4;14_62-0513M_a_62-0612_17x.txt;62-0527;27 mai 1962;Questions et réponses;VGR;270;22025;
ZONE_4;14_62-0513M_a_62-0612_17x.txt;62-0531;31 mai 1962;Conflit entre Dieu et Satan;Shekinah;270;17476;
ZONE_4;14_62-0513M_a_62-0612_17x.txt;62-0531;31 mai 1962;Le conflit entre Dieu et Satan;VGR;270;17998;
ZONE_4;14_62-0513M_a_62-0612_17x.txt;62-0601;1 juin 1962;Se Ranger Du Côté De Jésus;Shekinah;282;27145;
ZONE_4;14_62-0513M_a_62-0612_17x.txt;62-0601;1 juin 1962;Se ranger du côté de Jésus;VGR;284;27742;
ZONE_4;14_62-0513M_a_62-0612_17x.txt;62-0603;3 juin 1962;L'Evangélisation au temps de la fin;Shekinah;30;25145;
ZONE_4;14_62-0513M_a_62-0612_17x.txt;62-0607;7 juin 1962;Se revêtir de toutes les armes de Dieu;Shekinah;120;23588;
ZONE_4;14_62-0513M_a_62-0612_17x.txt;62-0608;8 juin 1962;La Persévérance;Shekinah;132;23634;
ZONE_4;14_62-0513M_a_62-0612_17x.txt;62-0609B;9 juin 1962, B;Montre nous le Père et cela nous suffit (Voir Dieu);Shekinah;40;9664;
ZONE_4;14_62-0513M_a_62-0612_17x.txt;62-0609E;9 juin 1962, soir;Laisser Échapper La Pression;Shekinah;80;15899;
ZONE_4;14_62-0513M_a_62-0612_17x.txt;62-0610E;10 juin 1962, soir;Concerné et convaincu;Shekinah;182;13655;
ZONE_4;14_62-0513M_a_62-0612_17x.txt;62-0610E;10 juin 1962, soir;Convaincu, puis intéressé;VGR;219;14437;
ZONE_4;14_62-0513M_a_62-0612_17x.txt;62-0610M;10 juin 1962, matin;Présumer;Shekinah;108;20390;
ZONE_4;14_62-0513M_a_62-0612_17x.txt;62-0611;11 juin 1962;C'est Moi, N'ayez Pas Peur;Shekinah;101;17892;
ZONE_4;14_62-0513M_a_62-0612_17x.txt;62-0612;12 juin 1962;Voici, Un Plus Grand Que Salomon Est Ici;Shekinah;115;18173;
ZONE_4;15_62-0620_a_62-0719B_25x.txt;62-0620;20 juin 1962;N’Ayez Pas Peur;Shekinah;106;17932;
ZONE_4;15_62-0620_a_62-0719B_25x.txt;62-0621B;21 juin 1962, B;Le Sentier de la vie;Shekinah;119;15512;
ZONE_4;15_62-0620_a_62-0719B_25x.txt;62-0621E;21 juin 1962, soir;Confirmation et évidence;Shekinah;87;10197;
ZONE_4;15_62-0620_a_62-0719B_25x.txt;62-0622B;22 juin 1962, B;Laisser Échapper La Pression;Shekinah;44;6817;
ZONE_4;15_62-0620_a_62-0719B_25x.txt;62-0622E;22 juin 1962, soir;Pourquoi?;Shekinah;78;11655;
ZONE_4;15_62-0620_a_62-0719B_25x.txt;62-0623;23 juin 1962;Être Persévérant;Shekinah;133;21570;
ZONE_4;15_62-0620_a_62-0719B_25x.txt;62-0624;24 juin 1962;Un Super signe;Shekinah;94;15504;
ZONE_4;15_62-0620_a_62-0719B_25x.txt;62-0627;27 juin 1962;Nous Voudrions Voir Jésus;Shekinah;114;18600;
ZONE_4;15_62-0620_a_62-0719B_25x.txt;62-0628;28 juin 1962;Il Y A Ici Plus Que Salomon;Shekinah;134;21509;
ZONE_4;15_62-0620_a_62-0719B_25x.txt;62-0629;29 juin 1962;N’Ayez Pas Peur, C’est Moi;Shekinah;104;17087;
ZONE_4;15_62-0620_a_62-0719B_25x.txt;62-0630B;30 juin 1962, B;Au Commencement, Il N'en Était Pas Ainsi;Shekinah;72;11188;
ZONE_4;15_62-0620_a_62-0719B_25x.txt;62-0630E;30 juin 1962, soir;L’Homme Le Plus Méchant De Santa Maria;Shekinah;98;14699;
ZONE_4;15_62-0620_a_62-0719B_25x.txt;62-0701;1 juil. 1962;Se Revêtir De Toutes Les Armes De Dieu;Shekinah;176;19509;
ZONE_4;15_62-0620_a_62-0719B_25x.txt;62-0704;4 juil. 1962;Nous Voudrions Voir Jésus;Shekinah;254;18562;
ZONE_4;15_62-0620_a_62-0719B_25x.txt;62-0705;5 juil. 1962;Jéhovah-Jiré #1;Shekinah;232;18578;
ZONE_4;15_62-0620_a_62-0719B_25x.txt;62-0706;6 juil. 1962;Jéhovah-Jiré #2;Shekinah;222;16595;
ZONE_4;15_62-0620_a_62-0719B_25x.txt;62-0707;7 juil. 1962;Jéhovah-Jiré #3;Shekinah;230;16981;
ZONE_4;15_62-0620_a_62-0719B_25x.txt;62-0708;8 juil. 1962;Un Super Signe;Shekinah;245;18186;
ZONE_4;15_62-0620_a_62-0719B_25x.txt;62-0711;11 juil. 1962;Ecoutez-Le;Shekinah;99;16780;
ZONE_4;15_62-0620_a_62-0719B_25x.txt;62-0712;12 juil. 1962;Nous Voudrions Voir Jésus;Shekinah;117;20840;
ZONE_4;15_62-0620_a_62-0719B_25x.txt;62-0713;13 juil. 1962;Dès ce moment;Shekinah;211;22966;
ZONE_4;15_62-0620_a_62-0719B_25x.txt;62-0714;14 juil. 1962;Le Son Confus;Shekinah;131;23875;
ZONE_4;15_62-0620_a_62-0719B_25x.txt;62-0715;15 juil. 1962;Voici, Il Y A Ici Le Plus Grand D’eux Tous;Shekinah;122;21916;
ZONE_4;15_62-0620_a_62-0719B_25x.txt;62-0718;18 juil. 1962;Jésus-Christ Est Le Même Hier, Aujourd’hui Et Éternellement;Shekinah;119;20243;
ZONE_4;15_62-0620_a_62-0719B_25x.txt;62-0719B;19 juil. 1962, B;La Vie;Shekinah;59;11059;
ZONE_4;16_62-0719E_a_62-1014E_16x.txt;62-0719E;19 juil. 1962, soir;Persévérant;Shekinah;114;21811;
ZONE_4;16_62-0719E_a_62-1014E_16x.txt;62-0720;20 juil. 1962;Un Témoignage En Mer;Shekinah;101;18640;
ZONE_4;16_62-0719E_a_62-1014E_16x.txt;62-0721;21 juil. 1962;Voici, Un Plus Grand Que Salomon Est Ici;Shekinah;92;18167;
ZONE_4;16_62-0719E_a_62-1014E_16x.txt;62-0722;22 juil. 1962;Montre-nous le père, et cela suffit;Shekinah;84;17359;
ZONE_4;16_62-0719E_a_62-1014E_16x.txt;62-0724;24 juil. 1962;Monsieur, nous voudrions voir Jésus;Shekinah;103;22703;
ZONE_4;16_62-0719E_a_62-1014E_16x.txt;62-0725;25 juil. 1962;Il Y A Ici Plus Que Salomon;Shekinah;102;21576;
ZONE_4;16_62-0719E_a_62-1014E_16x.txt;62-0726;26 juil. 1962;Un Témoignage En Mer;Shekinah;103;19939;
ZONE_4;16_62-0719E_a_62-1014E_16x.txt;62-0727;27 juil. 1962;Nous Voudrions Voir Jésus;Shekinah;102;19939;
ZONE_4;16_62-0719E_a_62-1014E_16x.txt;62-0728;28 juil. 1962;Dieu A Pourvu À Une Voie;Shekinah;94;16668;
ZONE_4;16_62-0719E_a_62-1014E_16x.txt;62-0729;29 juil. 1962;Être Persévérant;Shekinah;102;19612;
ZONE_4;16_62-0719E_a_62-1014E_16x.txt;62-0908;8 sept. 1962;L'État Présent De Mon Ministère;Shekinah;148;16436;
ZONE_4;16_62-0719E_a_62-1014E_16x.txt;62-0908;8 sept. 1962;L'étape actuelle de mon ministère;VGR;148;16718;
ZONE_4;16_62-0719E_a_62-1014E_16x.txt;62-0909E;9 sept. 1962, soir;Dans Sa Présence;Shekinah;117;14080;
ZONE_4;16_62-0719E_a_62-1014E_16x.txt;62-0909E;9 sept. 1962, soir;Dans Sa Présence;VGR;110;14623;
ZONE_4;16_62-0719E_a_62-1014E_16x.txt;62-0909M;9 sept. 1962, matin;Le Compte À Rebours;Shekinah;26;15240;
ZONE_4;16_62-0719E_a_62-1014E_16x.txt;62-0909M;9 sept. 1962, matin;Compte à rebours;VGR;129;16169;
ZONE_4;16_62-0719E_a_62-1014E_16x.txt;62-1007;7 oct. 1962;La Clé pour la porte;Shekinah;150;14434;
ZONE_4;16_62-0719E_a_62-1014E_16x.txt;62-1007;7 oct. 1962;La clé de la Porte;VGR;151;14241;
ZONE_4;16_62-0719E_a_62-1014E_16x.txt;62-1013;13 oct. 1962;L’Influence D’Un Autre;Shekinah;203;18088;
ZONE_4;16_62-0719E_a_62-1014E_16x.txt;62-1013;13 oct. 1962;L’influence d’un autre;VGR;204;18858;
ZONE_4;16_62-0719E_a_62-1014E_16x.txt;62-1014E;14 oct. 1962, soir;Un Guide;Shekinah;173;18411;
ZONE_4;16_62-0719E_a_62-1014E_16x.txt;62-1014E;14 oct. 1962, soir;Un Guide;VGR;173;18794;
ZONE_5;03_62-1014M_a_62-1230E_16x.txt;62-1014M;14 oct. 1962, matin;La Stature D’Un Homme Parfait;Shekinah;335;30067;
ZONE_5;03_62-1014M_a_62-1230E_16x.txt;62-1014M;14 oct. 1962, matin;La stature d’un homme parfait;VGR;453;30573;
ZONE_5;03_62-1014M_a_62-1230E_16x.txt;62-1030X;30 oct. 1962, X;Une Vision de la part du Seigneur;Shekinah;5;456;
ZONE_5;03_62-1014M_a_62-1230E_16x.txt;62-1104E;4 nov. 1962, soir;L'Ordination D'un Ministre;Shekinah;37;7596;
ZONE_5;03_62-1014M_a_62-1230E_16x.txt;62-1104E;4 nov. 1962, soir;Ordination;VGR;105;7849;
ZONE_5;03_62-1014M_a_62-1230E_16x.txt;62-1104M;4 nov. 1962, matin;Les Noms Blasphématoires;Shekinah;240;20115;
ZONE_5;03_62-1014M_a_62-1230E_16x.txt;62-1104M;4 nov. 1962, matin;Des noms blasphématoires;VGR;329;21112;
ZONE_5;03_62-1014M_a_62-1230E_16x.txt;62-1111E;11 nov. 1962, soir;Pourquoi je suis contre la religion organisée;Shekinah;256;27057;
ZONE_5;03_62-1014M_a_62-1230E_16x.txt;62-1111E;11 nov. 1962, soir;Pourquoi je suis contre la religion organisée;VGR;270;26551;
ZONE_5;03_62-1014M_a_62-1230E_16x.txt;62-1111M;11 nov. 1962, matin;La Dédicace;Shekinah;48;8072;
ZONE_5;03_62-1014M_a_62-1230E_16x.txt;62-1122;22 nov. 1962;Le Retour et le jubile;Shekinah;92;16370;
ZONE_5;03_62-1014M_a_62-1230E_16x.txt;62-1123;23 nov. 1962;Le Chemin Du Retour;Shekinah;128;24396;
ZONE_5;03_62-1014M_a_62-1230E_16x.txt;62-1124B;24 nov. 1962, B;Les Investissements;Shekinah;75;14710;
ZONE_5;03_62-1014M_a_62-1230E_16x.txt;62-1124B;24 nov. 1962, B;Des investissements;VGR;146;15389;
ZONE_5;03_62-1014M_a_62-1230E_16x.txt;62-1124E;24 nov. 1962, soir;Toutes choses;Shekinah;67;14194;
ZONE_5;03_62-1014M_a_62-1230E_16x.txt;62-1125E;25 nov. 1962, soir;Le Compte À Rebours;Shekinah;70;12646;
ZONE_5;03_62-1014M_a_62-1230E_16x.txt;62-1125M;25 nov. 1962, matin;Convaincu Puis Concerné (Où Demeure-T-Il?);Shekinah;173;17680;
ZONE_5;03_62-1014M_a_62-1230E_16x.txt;62-1209;9 déc. 1962;Se souvenir du seigneur;Shekinah;85;10416;
ZONE_5;03_62-1014M_a_62-1230E_16x.txt;62-1209;9 déc. 1962;Se souvenir du Seigneur;VGR;105;10581;
ZONE_5;03_62-1014M_a_62-1230E_16x.txt;62-1216;16 déc. 1962;La Dislocation du monde;Shekinah;59;22596;
ZONE_5;03_62-1014M_a_62-1230E_16x.txt;62-1223;23 déc. 1962;L'Opprobre À Cause De La Parole;Shekinah;209;19066;
ZONE_5;03_62-1014M_a_62-1230E_16x.txt;62-1223;23 déc. 1962;L’opprobre à cause de la Parole;VGR;310;19194;
ZONE_5;03_62-1014M_a_62-1230E_16x.txt;62-1230E;30 déc. 1962, soir;Monsieur, Est-Ce Le Signe De La Fin?;Shekinah;247;27387;
ZONE_5;03_62-1014M_a_62-1230E_16x.txt;62-1230E;30 déc. 1962, soir;Monsieur, est-ce le signe de la fin?;VGR;454;28507;
ZONE_5;04_62-1230M_a_63-0121_14x.txt;62-1230M;30 déc. 1962, matin;L'Absolu;Shekinah;276;25742;
ZONE_5;04_62-1230M_a_63-0121_14x.txt;62-1230M;30 déc. 1962, matin;L’Absolu;VGR;409;25719;
ZONE_5;04_62-1230M_a_63-0121_14x.txt;62-1231;31 déc. 1962;Le Combat;Shekinah;73;8442;
ZONE_5;04_62-1230M_a_63-0121_14x.txt;62-1231;31 déc. 1962;Le combat;VGR;73;8515;
ZONE_5;04_62-1230M_a_63-0121_14x.txt;63-0112;12 janv. 1963;L'Influence;Shekinah;99;20079;
ZONE_5;04_62-1230M_a_63-0121_14x.txt;63-0113E;13 janv. 1963, soir;Persévérance;Shekinah;230;15902;
ZONE_5;04_62-1230M_a_63-0121_14x.txt;63-0113E;13 janv. 1963, soir;La persévérance;VGR;230;15714;
ZONE_5;04_62-1230M_a_63-0121_14x.txt;63-0113M;13 janv. 1963, matin;Laisser échapper la pression;Shekinah;78;13045;
ZONE_5;04_62-1230M_a_63-0121_14x.txt;63-0113M;13 janv. 1963, matin;Relâcher la pression;VGR;170;12988;
ZONE_5;04_62-1230M_a_63-0121_14x.txt;63-0114;14 janv. 1963;Une Trompette qui rend un son confus;Shekinah;285;18153;
ZONE_5;04_62-1230M_a_63-0121_14x.txt;63-0114;14 janv. 1963;Une trompette rend un son confus;VGR;285;17575;
ZONE_5;04_62-1230M_a_63-0121_14x.txt;63-0115;15 janv. 1963;Accepter La Voie À Laquelle Dieu A Pourvue Au Temps De La Fin;Shekinah;303;18937;
ZONE_5;04_62-1230M_a_63-0121_14x.txt;63-0115;15 janv. 1963;Accepter la voie pourvue par Dieu au temps de la fin;VGR;303;19559;
ZONE_5;04_62-1230M_a_63-0121_14x.txt;63-0116;16 janv. 1963;Le Messager du soir (Le Messager du temps de la fin);Shekinah;321;23197;
ZONE_5;04_62-1230M_a_63-0121_14x.txt;63-0116;16 janv. 1963;Le messager du soir;VGR;323;23040;
ZONE_5;04_62-1230M_a_63-0121_14x.txt;63-0117;17 janv. 1963;Réveiller Jésus;Shekinah;295;18374;
ZONE_5;04_62-1230M_a_63-0121_14x.txt;63-0118;18 janv. 1963;L'Esprit de vérité;Shekinah;111;20035;
ZONE_5;04_62-1230M_a_63-0121_14x.txt;63-0118;18 janv. 1963;L’Esprit de Vérité;VGR;343;19370;
ZONE_5;04_62-1230M_a_63-0121_14x.txt;63-0119;19 janv. 1963;La Manière D'un Vrai Prophète;Shekinah;330;21153;
ZONE_5;04_62-1230M_a_63-0121_14x.txt;63-0120E;20 janv. 1963, soir;Encore une fois seulement, Seigneur;Shekinah;165;16039;
ZONE_5;04_62-1230M_a_63-0121_14x.txt;63-0120M;20 janv. 1963, matin;La Voix de Dieu en ces derniers jours;Shekinah;124;11268;
ZONE_5;04_62-1230M_a_63-0121_14x.txt;63-0120M;20 janv. 1963, matin;La Voix de Dieu en ces derniers jours;VGR;124;11233;
ZONE_5;04_62-1230M_a_63-0121_14x.txt;63-0121;21 janv. 1963;Zachée, l'homme d'affaires;Shekinah;73;13749;
ZONE_5;04_62-1230M_a_63-0121_14x.txt;63-0121;21 janv. 1963;Zachée, l’homme d’affaires;VGR;245;14231;
ZONE_5;05_63-0122_a_63-0320_11x.txt;63-0122;22 janv. 1963;Se souvenir du Seigneur;Shekinah;94;17364;
ZONE_5;05_63-0122_a_63-0320_11x.txt;63-0122;22 janv. 1963;Se souvenir du Seigneur;VGR;280;17541;
ZONE_5;05_63-0122_a_63-0320_11x.txt;63-0123;23 janv. 1963;Identification;Shekinah;319;21800;
ZONE_5;05_63-0122_a_63-0320_11x.txt;63-0123;23 janv. 1963;Identification;VGR;319;21458;
ZONE_5;05_63-0122_a_63-0320_11x.txt;63-0126;26 janv. 1963;Les Investissements;Shekinah;375;21923;
ZONE_5;05_63-0122_a_63-0320_11x.txt;63-0127;27 janv. 1963;Un Absolu;Shekinah;108;22692;
ZONE_5;05_63-0122_a_63-0320_11x.txt;63-0223;23 févr. 1963;Une Porte Dans Une Porte;Shekinah;260;18066;
ZONE_5;05_63-0122_a_63-0320_11x.txt;63-0223;23 févr. 1963;Une porte à l’intérieur d’une porte;VGR;260;18362;
ZONE_5;05_63-0122_a_63-0320_11x.txt;63-0304;4 mars 1963;Un Absolu;Shekinah;56;9097;
ZONE_5;05_63-0122_a_63-0320_11x.txt;63-0304;4 mars 1963;Un Absolu;VGR;130;9047;
ZONE_5;05_63-0122_a_63-0320_11x.txt;63-0317E;17 mars 1963, soir;La Brèche Entre Les Sept Âges De L’Église Et Les Sept Sceaux;Shekinah;330;22338;
ZONE_5;05_63-0122_a_63-0320_11x.txt;63-0317E;17 mars 1963, soir;La brèche entre les Sept Âges de l’Église et les Sept Sceaux;VGR;330;23149;
ZONE_5;05_63-0122_a_63-0320_11x.txt;63-0317M;17 mars 1963, matin;Dieu Se Cache, Puis Se Révèle Dans La Simplicité;Shekinah;440;29748;
ZONE_5;05_63-0122_a_63-0320_11x.txt;63-0317M;17 mars 1963, matin;Dieu Se cache et Se révèle dans la simplicité;VGR;440;31202;
ZONE_5;05_63-0122_a_63-0320_11x.txt;63-0318;18 mars 1963;Le Premier Sceau;Shekinah;420;27244;
ZONE_5;05_63-0122_a_63-0320_11x.txt;63-0318;18 mars 1963;Le Premier Sceau;VGR;420;28034;
ZONE_5;05_63-0122_a_63-0320_11x.txt;63-0319;19 mars 1963;Le Deuxième Sceau;Shekinah;360;22000;
ZONE_5;05_63-0122_a_63-0320_11x.txt;63-0319;19 mars 1963;Le Deuxième Sceau;VGR;361;22847;
ZONE_5;05_63-0122_a_63-0320_11x.txt;63-0320;20 mars 1963;Le Troisième Sceau;Shekinah;354;22026;
ZONE_5;05_63-0122_a_63-0320_11x.txt;63-0320;20 mars 1963;Le Troisième Sceau;VGR;354;23044;
ZONE_5;06_63-0321_a_63-0605_12x.txt;63-0321;21 mars 1963;Le Quatrième Sceau;Shekinah;397;23956;
ZONE_5;06_63-0321_a_63-0605_12x.txt;63-0321;21 mars 1963;Le Quatrième Sceau;VGR;397;24600;
ZONE_5;06_63-0321_a_63-0605_12x.txt;63-0322;22 mars 1963;Le Cinquième Sceau;Shekinah;472;26851;
ZONE_5;06_63-0321_a_63-0605_12x.txt;63-0322;22 mars 1963;Le Cinquième Sceau;VGR;472;27654;
ZONE_5;06_63-0321_a_63-0605_12x.txt;63-0323;23 mars 1963;Le Sixième Sceau;Shekinah;475;27194;
ZONE_5;06_63-0321_a_63-0605_12x.txt;63-0323;23 mars 1963;Le Sixième Sceau;VGR;475;28213;
ZONE_5;06_63-0321_a_63-0605_12x.txt;63-0324E;24 mars 1963, soir;Le Septième Sceau;Shekinah;412;24786;
ZONE_5;06_63-0321_a_63-0605_12x.txt;63-0324E;24 mars 1963, soir;Le Septième Sceau;VGR;415;25756;
ZONE_5;06_63-0321_a_63-0605_12x.txt;63-0324M;24 mars 1963, matin;Questions Et Réponses Sur Les Sceaux;Shekinah;416;31000;
ZONE_5;06_63-0321_a_63-0605_12x.txt;63-0324M;24 mars 1963, matin;Questions et réponses sur les Sceaux;VGR;427;32268;
ZONE_5;06_63-0321_a_63-0605_12x.txt;63-0412E;12 avr. 1963, soir;Dieu se cache dans la simplicité;Shekinah;375;26514;
ZONE_5;06_63-0321_a_63-0605_12x.txt;63-0412M;12 avr. 1963, matin;La Dislocation Du Monde;Shekinah;266;18882;
ZONE_5;06_63-0321_a_63-0605_12x.txt;63-0421;21 avr. 1963;Jour V, jour de victoire;Shekinah;116;21606;
ZONE_5;06_63-0321_a_63-0605_12x.txt;63-0421;21 avr. 1963;Jour de Victoire;VGR;333;21862;
ZONE_5;06_63-0321_a_63-0605_12x.txt;63-0428;28 avr. 1963;Regarde;Shekinah;319;19986;
ZONE_5;06_63-0321_a_63-0605_12x.txt;63-0601;1 juin 1963;Viens, suis-moi;Shekinah;46;8052;
ZONE_5;06_63-0321_a_63-0605_12x.txt;63-0601;1 juin 1963;Viens, suis-Moi;VGR;124;8035;
ZONE_5;06_63-0321_a_63-0605_12x.txt;63-0604;4 juin 1963;Jésus-Christ Est Le Même Hier, Aujourd’hui Et Éternellement;Shekinah;286;17346;
ZONE_5;06_63-0321_a_63-0605_12x.txt;63-0605;5 juin 1963;Il Y A Ici Plus Que Salomon;Shekinah;400;25215;
ZONE_5;07_63-0606_a_63-0707E_13x.txt;63-0606;6 juin 1963;Montre-nous le Père (Dieu rendu manifeste);Shekinah;112;20808;
ZONE_5;07_63-0606_a_63-0707E_13x.txt;63-0607;7 juin 1963;N'Ayez Pas Peur;Shekinah;119;25256;
ZONE_5;07_63-0606_a_63-0707E_13x.txt;63-0608;8 juin 1963;Les Conférences;Shekinah;115;22518;
ZONE_5;07_63-0606_a_63-0707E_13x.txt;63-0608;8 juin 1963;Conférences;VGR;339;21987;
ZONE_5;07_63-0606_a_63-0707E_13x.txt;63-0623E;23 juin 1963, soir;Le Signal rouge, signe de sa venue;Shekinah;209;22416;
ZONE_5;07_63-0606_a_63-0707E_13x.txt;63-0623E;23 juin 1963, soir;Le feu rouge clignotant, signe de Sa Venue;VGR;211;22578;
ZONE_5;07_63-0606_a_63-0707E_13x.txt;63-0623M;23 juin 1963, matin;Se tenir à la brèche;Shekinah;182;21014;
ZONE_5;07_63-0606_a_63-0707E_13x.txt;63-0623M;23 juin 1963, matin;Se tenir dans la brèche;VGR;179;21050;
ZONE_5;07_63-0606_a_63-0707E_13x.txt;63-0626;26 juin 1963;Pourquoi?;Shekinah;211;15668;
ZONE_5;07_63-0606_a_63-0707E_13x.txt;63-0627;27 juin 1963;Jésus-Christ Est Le Même Hier, Aujourd’hui Et Éternellement;Shekinah;352;21702;
ZONE_5;07_63-0606_a_63-0707E_13x.txt;63-0628E;28 juin 1963, soir;Il y a ici plus que Salomon;Shekinah;78;21132;
ZONE_5;07_63-0606_a_63-0707E_13x.txt;63-0628M;28 juin 1963, matin;Ô Seigneur, Encore Une Fois  (L’État Présent De L’Église);Shekinah;234;14250;
ZONE_5;07_63-0606_a_63-0707E_13x.txt;63-0628M;28 juin 1963, matin;Ô Seigneur, une seule fois encore;VGR;234;14993;
ZONE_5;07_63-0606_a_63-0707E_13x.txt;63-0630E;30 juin 1963, soir;Votre vie est-elle digne de l'évangile?;Shekinah;301;29522;
ZONE_5;07_63-0606_a_63-0707E_13x.txt;63-0630E;30 juin 1963, soir;Votre vie est-elle digne de l’Évangile?;VGR;301;29428;
ZONE_5;07_63-0606_a_63-0707E_13x.txt;63-0630M;30 juin 1963, matin;Le Troisième exode;Shekinah;139;21744;
ZONE_5;07_63-0606_a_63-0707E_13x.txt;63-0630M;30 juin 1963, matin;Le troisième exode;VGR;318;21678;
ZONE_5;07_63-0606_a_63-0707E_13x.txt;63-0707;7 juil. 1963;L’Accusation;VGR;394;29114;
ZONE_5;07_63-0606_a_63-0707E_13x.txt;63-0707E;7 juil. 1963, soir;La Communion;Shekinah;14;2620;
ZONE_5;08_63-0707M_a_63-0804E_14x.txt;63-0707M;7 juil. 1963, matin;L’Accusation;Shekinah;391;28515;
ZONE_5;08_63-0707M_a_63-0804E_14x.txt;63-0707M;7 juil. 1963, matin;L’accusation;VGR;394;29150;
ZONE_5;08_63-0707M_a_63-0804E_14x.txt;63-0714E;14 juil. 1963, soir;Humilie-toi;Shekinah;55;7853;
ZONE_5;08_63-0707M_a_63-0804E_14x.txt;63-0714E;14 juil. 1963, soir;Humilie-toi;VGR;108;7650;
ZONE_5;08_63-0707M_a_63-0804E_14x.txt;63-0714M;14 juil. 1963, matin;Pourquoi Crier?  Parle!;Shekinah;330;24506;
ZONE_5;08_63-0707M_a_63-0804E_14x.txt;63-0714M;14 juil. 1963, matin;Pourquoi crier? Parle!;VGR;223;22878;
ZONE_5;08_63-0707M_a_63-0804E_14x.txt;63-0717;17 juil. 1963;Paul, Prisonnier de Christ;Shekinah;163;14630;
ZONE_5;08_63-0707M_a_63-0804E_14x.txt;63-0717;17 juil. 1963;Prisonnier;VGR;206;14335;
ZONE_5;08_63-0707M_a_63-0804E_14x.txt;63-0721;21 juil. 1963;Il prend soin. Et vous ?;Shekinah;216;25245;
ZONE_5;08_63-0707M_a_63-0804E_14x.txt;63-0724;24 juil. 1963;Dieu Ne Fait Pas Venir Un Homme En Jugement Sans L'avoir Premièrement Averti (Avertissement, Puis Jugement);Shekinah;241;20074;
ZONE_5;08_63-0707M_a_63-0804E_14x.txt;63-0724;24 juil. 1963;Dieu n’appelle pas l’homme en jugement sans l’avoir d’abord averti;VGR;242;19466;
ZONE_5;08_63-0707M_a_63-0804E_14x.txt;63-0728;28 juil. 1963;Christ Est Le Mystère De Dieu Révélé;Shekinah;642;42407;RÉINTÉGRÉ (absent avant)
ZONE_5;08_63-0707M_a_63-0804E_14x.txt;63-0728;28 juil. 1963;Christ est le mystère de Dieu révélé;VGR;641;43131;RÉINTÉGRÉ (absent avant)
ZONE_5;08_63-0707M_a_63-0804E_14x.txt;63-0731;31 juil. 1963;Il Y A Une Seule Voie À Laquelle Dieu A Pourvue Pour Tout;Shekinah;257;18031;
ZONE_5;08_63-0707M_a_63-0804E_14x.txt;63-0801;1 août 1963;Un Paradoxe;Shekinah;206;15134;
ZONE_5;08_63-0707M_a_63-0804E_14x.txt;63-0802;2 août 1963;Persévérant;Shekinah;256;17036;
ZONE_5;08_63-0707M_a_63-0804E_14x.txt;63-0803B;3 août 1963, B;Les Investissements;Shekinah;255;17689;
ZONE_5;08_63-0707M_a_63-0804E_14x.txt;63-0803B;3 août 1963, B;Des investissements;VGR;256;18472;
ZONE_5;08_63-0707M_a_63-0804E_14x.txt;63-0803E;3 août 1963, soir;Influence;Shekinah;207;14309;
ZONE_5;08_63-0707M_a_63-0804E_14x.txt;63-0804A;4 août 1963, après-midi;Encore une fois;Shekinah;132;8716;
ZONE_5;08_63-0707M_a_63-0804E_14x.txt;63-0804A;4 août 1963, après-midi;Une fois encore;VGR;132;8763;
ZONE_5;08_63-0707M_a_63-0804E_14x.txt;63-0804E;4 août 1963, soir;Appeler Jésus Sur La Scène;Shekinah;187;12224;
ZONE_5;09_63-0818_a_63-1114_12x.txt;63-0818;18 août 1963;Le Temps De L’Union Et Son Signe;Shekinah;139;14246;
ZONE_5;09_63-0818_a_63-1114_12x.txt;63-0818;18 août 1963;Le temps de l’union et son signe;VGR;139;14279;
ZONE_5;09_63-0818_a_63-1114_12x.txt;63-0825E;25 août 1963, soir;La Foi Parfaite;Shekinah;226;16362;
ZONE_5;09_63-0818_a_63-1114_12x.txt;63-0825E;25 août 1963, soir;La Foi parfaite;VGR;226;17922;
ZONE_5;09_63-0818_a_63-1114_12x.txt;63-0825M;25 août 1963, matin;Comment puis-je vaincre?;Shekinah;196;20430;
ZONE_5;09_63-0818_a_63-1114_12x.txt;63-0825M;25 août 1963, matin;Comment puis-je vaincre?;VGR;197;19993;
ZONE_5;09_63-0818_a_63-1114_12x.txt;63-0901E;1 sept. 1963, soir;Poussé à bout;Shekinah;197;21920;
ZONE_5;09_63-0818_a_63-1114_12x.txt;63-0901M;1 sept. 1963, matin;Le Signe;Shekinah;455;28649;
ZONE_5;09_63-0818_a_63-1114_12x.txt;63-0901M;1 sept. 1963, matin;Le Signe;VGR;455;29177;
ZONE_5;09_63-0818_a_63-1114_12x.txt;63-1028;28 oct. 1963;Etre pardonné;Shekinah;85;16025;
ZONE_5;09_63-0818_a_63-1114_12x.txt;63-1028;28 oct. 1963;Le pardon;VGR;211;16279;
ZONE_5;09_63-0818_a_63-1114_12x.txt;63-1103;3 nov. 1963;Allez réveiller Jésus;Shekinah;313;22209;
ZONE_5;09_63-0818_a_63-1114_12x.txt;63-1103;3 nov. 1963;Allez réveiller Jésus;VGR;313;22020;
ZONE_5;09_63-0818_a_63-1114_12x.txt;63-1110E;10 nov. 1963, soir;Celui Qui Est En Vous;Shekinah;42;23558;
ZONE_5;09_63-0818_a_63-1114_12x.txt;63-1110E;10 nov. 1963, soir;Celui qui est en vous;VGR;263;24430;
ZONE_5;09_63-0818_a_63-1114_12x.txt;63-1110M;10 nov. 1963, matin;Les Âmes Qui Sont Maintenant En Prison;Shekinah;418;28414;
ZONE_5;09_63-0818_a_63-1114_12x.txt;63-1110M;10 nov. 1963, matin;Des âmes qui sont maintenant en prison;VGR;418;29729;
ZONE_5;09_63-0818_a_63-1114_12x.txt;63-1112;12 nov. 1963;Monsieur, Nous Voudrions Voir Jésus;Shekinah;300;19847;
ZONE_5;09_63-0818_a_63-1114_12x.txt;63-1113;13 nov. 1963;Le Signe de ce temps;Shekinah;293;20762;
ZONE_5;09_63-0818_a_63-1114_12x.txt;63-1114;14 nov. 1963;Influence;Shekinah;235;17669;
ZONE_5;09_63-0818_a_63-1114_12x.txt;63-1114;14 nov. 1963;L’influence;VGR;235;17571;
ZONE_5;10_63-1115_a_63-1222_19x.txt;63-1115;15 nov. 1963;La Dislocation du monde;Shekinah;235;19081;
ZONE_5;10_63-1115_a_63-1222_19x.txt;63-1116B;16 nov. 1963, B;Les Investissements;Shekinah;246;16838;
ZONE_5;10_63-1115_a_63-1222_19x.txt;63-1116E;16 nov. 1963, soir;La Persévérance;Shekinah;335;22852;
ZONE_5;10_63-1115_a_63-1222_19x.txt;63-1117;17 nov. 1963;Encore une fois;Shekinah;220;16210;
ZONE_5;10_63-1115_a_63-1222_19x.txt;63-1118;18 nov. 1963;Les Funérailles de Garnett Peake;Shekinah;47;8043;
ZONE_5;10_63-1115_a_63-1222_19x.txt;63-1118;18 nov. 1963;Je suis la Résurrection et la Vie;VGR;104;7950;
ZONE_5;10_63-1115_a_63-1222_19x.txt;63-1124E;24 nov. 1963, soir;Trois sortes de croyants;Shekinah;216;22062;
ZONE_5;10_63-1115_a_63-1222_19x.txt;63-1124E;24 nov. 1963, soir;Trois sortes de croyants;VGR;334;22383;
ZONE_5;10_63-1115_a_63-1222_19x.txt;63-1124M;24 nov. 1963, matin;Que ferai-je de Jésus appelé Christ?;Shekinah;227;25204;
ZONE_5;10_63-1115_a_63-1222_19x.txt;63-1124M;24 nov. 1963, matin;Que ferai-je de Jésus, qu’on appelle Christ?;VGR;228;24274;
ZONE_5;10_63-1115_a_63-1222_19x.txt;63-1127;27 nov. 1963;Le Monde se disloque une fois de plus;Shekinah;235;18987;
ZONE_5;10_63-1115_a_63-1222_19x.txt;63-1128E;28 nov. 1963, soir;Le Signe;Shekinah;230;17459;
ZONE_5;10_63-1115_a_63-1222_19x.txt;63-1128M;28 nov. 1963, matin;Le Témoignage;Shekinah;166;13128;
ZONE_5;10_63-1115_a_63-1222_19x.txt;63-1129;29 nov. 1963;Le Super Signe;Shekinah;60;15194;
ZONE_5;10_63-1115_a_63-1222_19x.txt;63-1129;29 nov. 1963;Le super-signe;VGR;233;15842;
ZONE_5;10_63-1115_a_63-1222_19x.txt;63-1130B;30 nov. 1963, B;L'Influence;Shekinah;199;15748;
ZONE_5;10_63-1115_a_63-1222_19x.txt;63-1130B;30 nov. 1963, B;L’influence;VGR;201;15640;
ZONE_5;10_63-1115_a_63-1222_19x.txt;63-1130E;30 nov. 1963, soir;Allez Réveiller Jésus;Shekinah;275;18580;
ZONE_5;10_63-1115_a_63-1222_19x.txt;63-1201E;1 déc. 1963, soir;Encore Une Fois Seulement, Seigneur;Shekinah;154;12238;
ZONE_5;10_63-1115_a_63-1222_19x.txt;63-1201M;1 déc. 1963, matin;Un Absolu;Shekinah;172;14032;
ZONE_5;10_63-1115_a_63-1222_19x.txt;63-1201M;1 déc. 1963, matin;Un Absolu;VGR;172;14075;
ZONE_5;10_63-1115_a_63-1222_19x.txt;63-1201X;1 déc. 1963, X;Cérémonie De Mariage;Shekinah;7;1079;
ZONE_5;10_63-1115_a_63-1222_19x.txt;63-1214;14 déc. 1963;Pourquoi la petite Bethlehem?;Shekinah;188;20083;
ZONE_5;10_63-1115_a_63-1222_19x.txt;63-1214;14 déc. 1963;Pourquoi la petite Bethléhem;VGR;189;19196;
ZONE_5;10_63-1115_a_63-1222_19x.txt;63-1216;16 déc. 1963;Nous avons vu son étoile en orient, et nous sommes venus pour l'adorer;Shekinah;214;17334;
ZONE_5;10_63-1115_a_63-1222_19x.txt;63-1222;22 déc. 1963;Les Dons de Dieu trouvent toujours leurs places;Shekinah;154;16974;
ZONE_5;11_63-1226_a_64-0209_16x.txt;63-1226;26 déc. 1963;L'Ordre De L'Église;Shekinah;208;22390;
ZONE_5;11_63-1226_a_64-0209_16x.txt;63-1226;26 déc. 1963;L’ordre de l’Église;VGR;208;21984;
ZONE_5;11_63-1226_a_64-0209_16x.txt;63-1229E;29 déc. 1963, soir;Tournez Les Regards Vers Jésus;Shekinah;268;24053;
ZONE_5;11_63-1226_a_64-0209_16x.txt;63-1229E;29 déc. 1963, soir;Tournez les regards vers Jésus;VGR;441;25490;
ZONE_5;11_63-1226_a_64-0209_16x.txt;63-1229M;29 déc. 1963, matin;Il y a ici un homme qui peut allumer la lumière;Shekinah;298;26889;
ZONE_5;11_63-1226_a_64-0209_16x.txt;63-1229M;29 déc. 1963, matin;Il y a ici un Homme qui peut allumer la lumière;VGR;299;27537;
ZONE_5;11_63-1226_a_64-0209_16x.txt;64-0112;12 janv. 1964;Shalom;Shekinah;268;23734;
ZONE_5;11_63-1226_a_64-0209_16x.txt;64-0112;12 janv. 1964;Shalom;VGR;280;23788;
ZONE_5;11_63-1226_a_64-0209_16x.txt;64-0119;19 janv. 1964;Shalom;Shekinah;256;17923;
ZONE_5;11_63-1226_a_64-0209_16x.txt;64-0120;20 janv. 1964;Ses paroles infaillibles de promesse;Shekinah;232;14378;
ZONE_5;11_63-1226_a_64-0209_16x.txt;64-0121;21 janv. 1964;La Parole De Dieu Exige Une Séparation Totale D’avec L’Incrédulité;Shekinah;266;15448;
ZONE_5;11_63-1226_a_64-0209_16x.txt;64-0122;22 janv. 1964;Tournez Le Regard Vers Jésus;Shekinah;184;15451;
ZONE_5;11_63-1226_a_64-0209_16x.txt;64-0125;25 janv. 1964;Allumer La Lumière;Shekinah;173;11944;
ZONE_5;11_63-1226_a_64-0209_16x.txt;64-0125;25 janv. 1964;Allumer la Lumière;VGR;173;12471;
ZONE_5;11_63-1226_a_64-0209_16x.txt;64-0126;26 janv. 1964;Que Ferons-Nous De Ce Jésus Qu’on Appelle Christ?;Shekinah;176;11230;
ZONE_5;11_63-1226_a_64-0209_16x.txt;64-0126;26 janv. 1964;Que ferons-nous de ce Jésus qu’on appelle Christ?;VGR;176;11564;
ZONE_5;11_63-1226_a_64-0209_16x.txt;64-0205;5 févr. 1964;Dieu est son propre interprète;Shekinah;78;10303;
ZONE_5;11_63-1226_a_64-0209_16x.txt;64-0205;5 févr. 1964;Dieu est Son propre Interprète;VGR;164;10377;
ZONE_5;11_63-1226_a_64-0209_16x.txt;64-0206B;6 févr. 1964, B;Un Paradoxe;Shekinah;284;18881;
ZONE_5;11_63-1226_a_64-0209_16x.txt;64-0206E;6 févr. 1964, soir;La Voie À Laquelle Dieu A Pourvue Pour Aujourd’hui;Shekinah;158;10950;
ZONE_5;11_63-1226_a_64-0209_16x.txt;64-0206E;6 févr. 1964, soir;La Voie pourvue par Dieu pour aujourd’hui;VGR;158;11224;
ZONE_5;11_63-1226_a_64-0209_16x.txt;64-0207;7 févr. 1964;Le Patriarche Abraham;Shekinah;198;11827;
ZONE_5;11_63-1226_a_64-0209_16x.txt;64-0207;7 févr. 1964;Le patriarche Abraham;VGR;197;12447;
ZONE_5;11_63-1226_a_64-0209_16x.txt;64-0208;8 févr. 1964;Le Signe;Shekinah;244;16193;
ZONE_5;11_63-1226_a_64-0209_16x.txt;64-0208;8 févr. 1964;Le Signe;VGR;244;16099;
ZONE_5;11_63-1226_a_64-0209_16x.txt;64-0209;9 févr. 1964;Le Compte À Rebours;Shekinah;203;13520;
ZONE_5;12_64-0212_a_64-0319_17x.txt;64-0212;12 févr. 1964;Quand leurs yeux s’ouvrirent, ils Le reconnurent;Shekinah;210;15657;
ZONE_5;12_64-0212_a_64-0319_17x.txt;64-0212;12 févr. 1964;Lorsque leurs yeux s’ouvrirent, ils Le reconnurent;VGR;210;15752;
ZONE_5;12_64-0212_a_64-0319_17x.txt;64-0213;13 févr. 1964;Puis Jésus Vint Et Appela;Shekinah;209;12980;
ZONE_5;12_64-0212_a_64-0319_17x.txt;64-0213;13 févr. 1964;Alors Jésus vint, et Il appela;VGR;209;13304;
ZONE_5;12_64-0212_a_64-0319_17x.txt;64-0214;14 févr. 1964;La Voix du signe;Shekinah;234;16006;
ZONE_5;12_64-0212_a_64-0319_17x.txt;64-0215;15 févr. 1964;Les Influences;Shekinah;205;13763;
ZONE_5;12_64-0212_a_64-0319_17x.txt;64-0215;15 févr. 1964;Les influences;VGR;205;13449;
ZONE_5;12_64-0212_a_64-0319_17x.txt;64-0216;16 févr. 1964;L'Identification;Shekinah;55;18138;
ZONE_5;12_64-0212_a_64-0319_17x.txt;64-0304;4 mars 1964;Messieurs, Nous Voudrions Voir Jésus;Shekinah;177;11448;
ZONE_5;12_64-0212_a_64-0319_17x.txt;64-0304;4 mars 1964;Messieurs, nous voudrions voir Jésus;VGR;177;11789;
ZONE_5;12_64-0212_a_64-0319_17x.txt;64-0305;5 mars 1964;Persévérant;Shekinah;300;17553;
ZONE_5;12_64-0212_a_64-0319_17x.txt;64-0305;5 mars 1964;Persévérer;VGR;300;18069;
ZONE_5;12_64-0212_a_64-0319_17x.txt;64-0306;6 mars 1964;Il Y A Maintenant Ici Plus Que Salomon;Shekinah;226;16150;
ZONE_5;12_64-0212_a_64-0319_17x.txt;64-0306;6 mars 1964;Il y a maintenant ici plus que Salomon;VGR;226;16557;
ZONE_5;12_64-0212_a_64-0319_17x.txt;64-0307;7 mars 1964;Témoignage en mer;Shekinah;205;15984;
ZONE_5;12_64-0212_a_64-0319_17x.txt;64-0307;7 mars 1964;Témoignage en mer;VGR;205;15654;
ZONE_5;12_64-0212_a_64-0319_17x.txt;64-0308;8 mars 1964;Le Signe;Shekinah;216;15831;
ZONE_5;12_64-0212_a_64-0319_17x.txt;64-0308;8 mars 1964;Le Signe;VGR;216;15507;
ZONE_5;12_64-0212_a_64-0319_17x.txt;64-0311;11 mars 1964;Dieu Est Identifié Par Ses Caractéristiques;Shekinah;195;13706;
ZONE_5;12_64-0212_a_64-0319_17x.txt;64-0311;11 mars 1964;Dieu est identifié par Ses caractéristiques;VGR;195;13797;
ZONE_5;12_64-0212_a_64-0319_17x.txt;64-0312;12 mars 1964;Quand Leurs Yeux S'ouvrirent, Ils Le Reconnurent;Shekinah;243;15695;
ZONE_5;12_64-0212_a_64-0319_17x.txt;64-0313;13 mars 1964;La Voix Du Signe;Shekinah;122;14045;
ZONE_5;12_64-0212_a_64-0319_17x.txt;64-0313;13 mars 1964;La voix du signe;VGR;238;14478;
ZONE_5;12_64-0212_a_64-0319_17x.txt;64-0314;14 mars 1964;Les Investissements;Shekinah;57;12444;
ZONE_5;12_64-0212_a_64-0319_17x.txt;64-0315;15 mars 1964;Influence;Shekinah;333;19384;
ZONE_5;12_64-0212_a_64-0319_17x.txt;64-0315;15 mars 1964;L’influence;VGR;333;20070;
ZONE_5;12_64-0212_a_64-0319_17x.txt;64-0318;18 mars 1964;Messieurs, Nous Voudrions Voir Jésus;Shekinah;255;14908;
ZONE_5;12_64-0212_a_64-0319_17x.txt;64-0318;18 mars 1964;Monsieur, nous voudrions voir Jésus;VGR;255;15380;
ZONE_5;12_64-0212_a_64-0319_17x.txt;64-0319;19 mars 1964;Appeler Jésus Sur La Scène;Shekinah;68;12984;
ZONE_5;13_64-0320_a_64-0416_15x.txt;64-0320;20 mars 1964;Dieu Identifié Par Ses Caractéristiques;Shekinah;106;14238;
ZONE_5;13_64-0320_a_64-0416_15x.txt;64-0320;20 mars 1964;Dieu S’identifie par Ses caractéristiques;VGR;256;14814;
ZONE_5;13_64-0320_a_64-0416_15x.txt;64-0321B;21 mars 1964, B;Il devait passer par ici (Il doit passer par ici);Shekinah;46;10570;
ZONE_5;13_64-0320_a_64-0416_15x.txt;64-0321B;21 mars 1964, B;Il devait passer par ici;VGR;161;10557;
ZONE_5;13_64-0320_a_64-0416_15x.txt;64-0321E;21 mars 1964, soir;La Voix Du Signe;Shekinah;351;19636;
ZONE_5;13_64-0320_a_64-0416_15x.txt;64-0321E;21 mars 1964, soir;La Voix du signe;VGR;351;20738;
ZONE_5;13_64-0320_a_64-0416_15x.txt;64-0322;22 mars 1964;Posséder La Porte De L’Ennemi Après Le Test;Shekinah;192;11188;
ZONE_5;13_64-0320_a_64-0416_15x.txt;64-0322;22 mars 1964;Posséder la porte de l’ennemi après l’épreuve;VGR;192;11399;
ZONE_5;13_64-0320_a_64-0416_15x.txt;64-0401;1 avr. 1964;Christ Identifié Dans Tous Les Âges;Shekinah;293;19116;
ZONE_5;13_64-0320_a_64-0416_15x.txt;64-0402;2 avr. 1964;Jéhovah-Jiré #1;Shekinah;221;14707;
ZONE_5;13_64-0320_a_64-0416_15x.txt;64-0402;2 avr. 1964;Jéhovah-Jiré #1;VGR;221;15316;
ZONE_5;13_64-0320_a_64-0416_15x.txt;64-0403;3 avr. 1964;Jéhovah-Jiré #2;Shekinah;213;15958;
ZONE_5;13_64-0320_a_64-0416_15x.txt;64-0403;3 avr. 1964;Jéhovah-Jiré #2;VGR;302;19271;
ZONE_5;13_64-0320_a_64-0416_15x.txt;64-0404;4 avr. 1964;Jéhovah-Jiré #3;Shekinah;234;16915;
ZONE_5;13_64-0320_a_64-0416_15x.txt;64-0404;4 avr. 1964;Jéhovah-Jiré #3;VGR;338;21996;
ZONE_5;13_64-0320_a_64-0416_15x.txt;64-0405;5 avr. 1964;Un Procès;Shekinah;57;12499;
ZONE_5;13_64-0320_a_64-0416_15x.txt;64-0405;5 avr. 1964;Un procès;VGR;184;12087;
ZONE_5;13_64-0320_a_64-0416_15x.txt;64-0409;9 avr. 1964;Christ identifie dans tous les âges;Shekinah;138;17887;
ZONE_5;13_64-0320_a_64-0416_15x.txt;64-0409;9 avr. 1964;L’identification de Christ dans tous les âges;VGR;260;17826;
ZONE_5;13_64-0320_a_64-0416_15x.txt;64-0410;10 avr. 1964;Les Signes scripturaires du temps;Shekinah;80;16064;
ZONE_5;13_64-0320_a_64-0416_15x.txt;64-0411;11 avr. 1964;L'Amnésie spirituelle;Shekinah;81;15018;
ZONE_5;13_64-0320_a_64-0416_15x.txt;64-0411;11 avr. 1964;L’amnésie spirituelle;VGR;226;14572;
ZONE_5;13_64-0320_a_64-0416_15x.txt;64-0412;12 avr. 1964;Un Procès;Shekinah;288;17959;
ZONE_5;13_64-0320_a_64-0416_15x.txt;64-0415;15 avr. 1964;Christ Identifié Le Même Dans Toutes Les Générations;Shekinah;295;18395;
ZONE_5;13_64-0320_a_64-0416_15x.txt;64-0415;15 avr. 1964;Christ identifié le même dans toutes les générations;VGR;295;19048;
ZONE_5;13_64-0320_a_64-0416_15x.txt;64-0416;16 avr. 1964;Alors, quand leurs yeux s’ouvrirent, ils Le reconnurent;Shekinah;258;17082;
ZONE_5;13_64-0320_a_64-0416_15x.txt;64-0416;16 avr. 1964;Et lorsque leurs yeux s’ouvrirent, ils le reconnurent;VGR;258;17214;
ZONE_5;14_64-0417_a_64-0621_15x.txt;64-0417;17 avr. 1964;Puis Jésus Vint Et Appela;Shekinah;271;17400;
ZONE_5;14_64-0417_a_64-0621_15x.txt;64-0417;17 avr. 1964;Alors Jésus vint, et Il appela;VGR;271;17858;
ZONE_5;14_64-0417_a_64-0621_15x.txt;64-0418B;18 avr. 1964, B;Un Paradoxe;Shekinah;119;22171;
ZONE_5;14_64-0417_a_64-0621_15x.txt;64-0418B;18 avr. 1964, B;Un paradoxe;VGR;329;22524;
ZONE_5;14_64-0417_a_64-0621_15x.txt;64-0418E;18 avr. 1964, soir;Jésus Ne Manque A Aucun De Ses Rendez-Vous;Shekinah;105;19862;
ZONE_5;14_64-0417_a_64-0621_15x.txt;64-0419;19 avr. 1964;Le Procès;Shekinah;104;11491;
ZONE_5;14_64-0417_a_64-0621_15x.txt;64-0419;19 avr. 1964;Le procès;VGR;105;11848;
ZONE_5;14_64-0417_a_64-0621_15x.txt;64-0427;27 avr. 1964;Un Procès;Shekinah;100;19211;
ZONE_5;14_64-0417_a_64-0621_15x.txt;64-0427;27 avr. 1964;Un procès;VGR;294;19715;
ZONE_5;14_64-0417_a_64-0621_15x.txt;64-0500;mai 1964;Lettre Audio A Lee Vayle;Shekinah;113;24828;
ZONE_5;14_64-0417_a_64-0621_15x.txt;64-0531;31 mai 1964;Un Drôle de personnage;Shekinah;45;8178;
ZONE_5;14_64-0417_a_64-0621_15x.txt;64-0531;31 mai 1964;Le drôle d’oiseau;VGR;109;7922;
ZONE_5;14_64-0417_a_64-0621_15x.txt;64-0614E;14 juin 1964, soir;Un Drôle de personnage;Shekinah;147;14503;
ZONE_5;14_64-0417_a_64-0621_15x.txt;64-0614E;14 juin 1964, soir;Le drôle d’oiseau;VGR;147;14259;
ZONE_5;14_64-0417_a_64-0621_15x.txt;64-0614M;14 juin 1964, matin;Dieu Dévoilé;Shekinah;384;29254;
ZONE_5;14_64-0417_a_64-0621_15x.txt;64-0614M;14 juin 1964, matin;Dieu dévoilé;VGR;384;29870;
ZONE_5;14_64-0417_a_64-0621_15x.txt;64-0617;17 juin 1964;Le Christ identifié dans tous les âges;Shekinah;207;13970;
ZONE_5;14_64-0417_a_64-0621_15x.txt;64-0617;17 juin 1964;Le Christ identifié de tous les âges;VGR;207;13634;
ZONE_5;14_64-0417_a_64-0621_15x.txt;64-0618;18 juin 1964;La Présence de Dieu non reconnue;Shekinah;237;16166;
ZONE_5;14_64-0417_a_64-0621_15x.txt;64-0618;18 juin 1964;La Présence de Dieu qui n’est pas reconnue;VGR;237;16332;
ZONE_5;14_64-0417_a_64-0621_15x.txt;64-0619;19 juin 1964;Être Persévérant;Shekinah;242;17528;
ZONE_5;14_64-0417_a_64-0621_15x.txt;64-0619;19 juin 1964;Persévérer;VGR;254;19710;
ZONE_5;14_64-0417_a_64-0621_15x.txt;64-0620B;20 juin 1964, B;Qui Est Jésus?;Shekinah;174;12147;
ZONE_5;14_64-0417_a_64-0621_15x.txt;64-0620E;20 juin 1964, soir;Dieu A Pourvu À Un Agneau;Shekinah;63;11903;
ZONE_5;14_64-0417_a_64-0621_15x.txt;64-0620E;20 juin 1964, soir;Dieu a pourvu d’un Agneau;VGR;200;12414;
ZONE_5;14_64-0417_a_64-0621_15x.txt;64-0621;21 juin 1964;Le Procès;Shekinah;233;15792;
ZONE_5;15_64-0629_a_64-0823E_10x.txt;64-0629;29 juin 1964;Le Dieu Puissant Dévoilé Devant Nous;Shekinah;242;14742;
ZONE_5;15_64-0629_a_64-0823E_10x.txt;64-0629;29 juin 1964;Le Dieu Puissant dévoilé devant nous;VGR;242;14605;
ZONE_5;15_64-0629_a_64-0823E_10x.txt;64-0705;5 juil. 1964;Le Chef-D’œuvre;Shekinah;219;19930;
ZONE_5;15_64-0629_a_64-0823E_10x.txt;64-0705;5 juil. 1964;Le Chef-d’œuvre;VGR;219;20382;
ZONE_5;15_64-0629_a_64-0823E_10x.txt;64-0705X;5 juil. 1964, X;Entretien Privé (Entretien Avec La Soeur Bruce);Shekinah;3;1046;
ZONE_5;15_64-0629_a_64-0823E_10x.txt;64-0705X;5 juil. 1964, X;Entretien privé;VGR;5;1106;
ZONE_5;15_64-0629_a_64-0823E_10x.txt;64-0719E;19 juil. 1964, soir;Sortir du camp;Shekinah;170;14996;
ZONE_5;15_64-0629_a_64-0823E_10x.txt;64-0719E;19 juil. 1964, soir;Sortir du camp;VGR;171;15054;
ZONE_5;15_64-0629_a_64-0823E_10x.txt;64-0719M;19 juil. 1964, matin;La Fête Des Trompettes;Shekinah;236;21650;
ZONE_5;15_64-0629_a_64-0823E_10x.txt;64-0719M;19 juil. 1964, matin;La fête des Trompettes;VGR;325;21790;
ZONE_5;15_64-0629_a_64-0823E_10x.txt;64-0726E;26 juil. 1964, soir;Des Citernes Crevassées;Shekinah;163;16350;
ZONE_5;15_64-0629_a_64-0823E_10x.txt;64-0726E;26 juil. 1964, soir;Des citernes crevassées;VGR;163;16060;
ZONE_5;15_64-0629_a_64-0823E_10x.txt;64-0726M;26 juil. 1964, matin;Reconnaître Votre Jour Et Son Message;Shekinah;232;21822;
ZONE_5;15_64-0629_a_64-0823E_10x.txt;64-0726M;26 juil. 1964, matin;Reconnaître votre jour et son Message;VGR;237;22502;
ZONE_5;15_64-0629_a_64-0823E_10x.txt;64-0802;2 août 1964;La Demeure Future De L’Époux Céleste Et De L’Épouse Terrestre;Shekinah;354;33765;
ZONE_5;15_64-0629_a_64-0823E_10x.txt;64-0802;2 août 1964;La Demeure future de l’Époux Céleste et de l’Épouse terrestre;VGR;572;34474;
ZONE_5;15_64-0629_a_64-0823E_10x.txt;64-0816;16 août 1964;Confirmant Sa Parole;Shekinah;296;30630;
ZONE_5;15_64-0629_a_64-0823E_10x.txt;64-0816;16 août 1964;Prouvant Sa Parole;VGR;296;30476;
ZONE_5;15_64-0629_a_64-0823E_10x.txt;64-0823E;23 août 1964, soir;Questions Et Réponses N°2;Shekinah;293;29588;
ZONE_5;15_64-0629_a_64-0823E_10x.txt;64-0823E;23 août 1964, soir;Questions et réponses #2;VGR;293;30606;
ZONE_5;16_64-0823M_a_65-0119_11x.txt;64-0823M;23 août 1964, matin;Questions Et Réponses N°1;Shekinah;309;33205;
ZONE_5;16_64-0823M_a_65-0119_11x.txt;64-0823M;23 août 1964, matin;Questions et réponses #1;VGR;309;34482;
ZONE_5;16_64-0823M_a_65-0119_11x.txt;64-0830E;30 août 1964, soir;Questions Et Reponses N°4;Shekinah;211;20613;
ZONE_5;16_64-0823M_a_65-0119_11x.txt;64-0830E;30 août 1964, soir;Questions et réponses #4;VGR;211;21175;
ZONE_5;16_64-0823M_a_65-0119_11x.txt;64-0830M;30 août 1964, matin;Questions Et Réponses N°3;Shekinah;207;37328;RÉINTÉGRÉ (absent avant)
ZONE_5;16_64-0823M_a_65-0119_11x.txt;64-0830M;30 août 1964, matin;Questions et réponses #3;VGR;358;38482;RÉINTÉGRÉ (absent avant)
ZONE_5;16_64-0823M_a_65-0119_11x.txt;64-1205;5 déc. 1964;Le Chef-d'oeuvre identifie de Dieu;Shekinah;99;16504;
ZONE_5;16_64-0823M_a_65-0119_11x.txt;64-1205;5 déc. 1964;Le chef-d’œuvre de Dieu identifié;VGR;233;16715;
ZONE_5;16_64-0823M_a_65-0119_11x.txt;64-1212;12 déc. 1964;Le Temps de la moisson;Shekinah;383;29782;
ZONE_5;16_64-0823M_a_65-0119_11x.txt;64-1221;21 déc. 1964;Pourquoi Il Fallait Que Ça Soit Les Bergers;Shekinah;291;25116;
ZONE_5;16_64-0823M_a_65-0119_11x.txt;64-1221;21 déc. 1964;Pourquoi un Berger;VGR;291;25219;
ZONE_5;16_64-0823M_a_65-0119_11x.txt;64-1227;27 déc. 1964;Qui Dites-Vous Que C’est?;Shekinah;238;21376;
ZONE_5;16_64-0823M_a_65-0119_11x.txt;64-1227;27 déc. 1964;Qui dites-vous que C’est?;VGR;238;21544;
ZONE_5;16_64-0823M_a_65-0119_11x.txt;65-0116;16 janv. 1965;Cérémonie De Mariage;Shekinah;6;1184;
ZONE_5;16_64-0823M_a_65-0119_11x.txt;65-0117;17 janv. 1965;Un Paradoxe;Shekinah;182;15970;
ZONE_5;16_64-0823M_a_65-0119_11x.txt;65-0118;18 janv. 1965;La Semence De Discorde;Shekinah;164;14621;
ZONE_5;16_64-0823M_a_65-0119_11x.txt;65-0118;18 janv. 1965;La semence de discorde;VGR;164;14772;
ZONE_5;16_64-0823M_a_65-0119_11x.txt;65-0119;19 janv. 1965;Le Dieu Qui Est Riche En Miséricorde;Shekinah;224;15422;
ZONE_5;16_64-0823M_a_65-0119_11x.txt;65-0119;19 janv. 1965;Le Dieu qui est riche en miséricorde;VGR;224;15986;
ZONE_5;17_65-0120_a_65-0410_13x.txt;65-0120;20 janv. 1965;Ne T'Appuie Pas Sur Ton Intelligence;Shekinah;244;19056;
ZONE_5;17_65-0120_a_65-0410_13x.txt;65-0120;20 janv. 1965;Ne t’appuie pas sur ton intelligence;VGR;257;19828;
ZONE_5;17_65-0120_a_65-0410_13x.txt;65-0123;23 janv. 1965;Des Citernes Crevassées;Shekinah;216;15574;
ZONE_5;17_65-0120_a_65-0410_13x.txt;65-0123;23 janv. 1965;Des citernes crevassées;VGR;218;15536;
ZONE_5;17_65-0120_a_65-0410_13x.txt;65-0124;24 janv. 1965;Les Douleurs De L'Enfantement;Shekinah;182;18749;
ZONE_5;17_65-0120_a_65-0410_13x.txt;65-0124;24 janv. 1965;Les douleurs de l’enfantement;VGR;280;19128;
ZONE_5;17_65-0120_a_65-0410_13x.txt;65-0125;25 janv. 1965;Aujourd'hui Cette Écriture Est Accomplie;Shekinah;36;4517;
ZONE_5;17_65-0120_a_65-0410_13x.txt;65-0125;25 janv. 1965;Aujourd’hui cette Écriture est accomplie;VGR;59;4522;
ZONE_5;17_65-0120_a_65-0410_13x.txt;65-0206;6 févr. 1965;Les Portes dans la porte;Shekinah;202;21816;
ZONE_5;17_65-0120_a_65-0410_13x.txt;65-0206;6 févr. 1965;Des portes à l’intérieur de la porte;VGR;303;21845;
ZONE_5;17_65-0120_a_65-0410_13x.txt;65-0217;17 févr. 1965;Un Homme Qui Fuit Loin De La Présence De Dieu;Shekinah;175;17258;
ZONE_5;17_65-0120_a_65-0410_13x.txt;65-0217;17 févr. 1965;Un homme qui fuit la face de l’Éternel;VGR;175;17190;
ZONE_5;17_65-0120_a_65-0410_13x.txt;65-0218;18 févr. 1965;La Semence N'hérite Pas Avec La Balle;Shekinah;105;15567;
ZONE_5;17_65-0120_a_65-0410_13x.txt;65-0218;18 févr. 1965;La Semence n’hérite pas avec la balle;VGR;175;16070;
ZONE_5;17_65-0120_a_65-0410_13x.txt;65-0219;19 févr. 1965;Aujourd'hui Cette Ecriture Est Accomplie;Shekinah;259;14485;
ZONE_5;17_65-0120_a_65-0410_13x.txt;65-0219;19 févr. 1965;Aujourd’hui cette Écriture est accomplie;VGR;259;15135;
ZONE_5;17_65-0120_a_65-0410_13x.txt;65-0220;20 févr. 1965;Le Lieu D'Adoration Que Dieu A Choisi;Shekinah;135;14226;
ZONE_5;17_65-0120_a_65-0410_13x.txt;65-0220;20 févr. 1965;Le lieu d’adoration que Dieu a choisi;VGR;135;14513;
ZONE_5;17_65-0120_a_65-0410_13x.txt;65-0220X;20 févr. 1965, X;Une Cérémonie De Mariage;Shekinah;5;1080;
ZONE_5;17_65-0120_a_65-0410_13x.txt;65-0221E;21 févr. 1965, soir;Qui Est Ce Melchisédek?;Shekinah;197;17248;
ZONE_5;17_65-0120_a_65-0410_13x.txt;65-0221E;21 févr. 1965, soir;Qui est ce Melchisédek?;VGR;197;16937;
ZONE_5;17_65-0120_a_65-0410_13x.txt;65-0221M;21 févr. 1965, matin;Le Mariage Et Le Divorce;Shekinah;221;23378;
ZONE_5;17_65-0120_a_65-0410_13x.txt;65-0221M;21 févr. 1965, matin;Le mariage et le divorce;VGR;326;23929;
ZONE_5;17_65-0120_a_65-0410_13x.txt;65-0410;10 avr. 1965;Le Sceau De Pâques;Shekinah;259;23531;
ZONE_5;17_65-0120_a_65-0410_13x.txt;65-0410;10 avr. 1965;Le Sceau de Pâques;VGR;333;24203;
ZONE_5;18_65-0418E_a_65-0725E_13x.txt;65-0418E;18 avr. 1965, soir;Dieu Change-t-il De Pensée Au Sujet De Sa Parole?;Shekinah;200;20040;
ZONE_5;18_65-0418E_a_65-0725E_13x.txt;65-0418E;18 avr. 1965, soir;Arrive-t-il à Dieu de changer d'avis à propos de Sa Parole?;VGR;200;21083;
ZONE_5;18_65-0418E_a_65-0725E_13x.txt;65-0418M;18 avr. 1965, matin;C'est Le Lever Du Soleil (La Puissance Vivifiante);Shekinah;363;24012;
ZONE_5;18_65-0418E_a_65-0725E_13x.txt;65-0418M;18 avr. 1965, matin;C’est le lever du soleil;VGR;363;24787;
ZONE_5;18_65-0418E_a_65-0725E_13x.txt;65-0424;24 avr. 1965;Un sur un million;Shekinah;95;7880;
ZONE_5;18_65-0418E_a_65-0725E_13x.txt;65-0424;24 avr. 1965;Un sur un million;VGR;95;8266;
ZONE_5;18_65-0418E_a_65-0725E_13x.txt;65-0425;25 avr. 1965;Le Lieu D'adoration Auquel Dieu A Pourvu;Shekinah;256;17858;
ZONE_5;18_65-0418E_a_65-0725E_13x.txt;65-0425;25 avr. 1965;Le lieu d’adoration que Dieu a donné;VGR;256;18282;
ZONE_5;18_65-0418E_a_65-0725E_13x.txt;65-0426;26 avr. 1965;Dieu Confirmant Sa Parole;Shekinah;231;22221;
ZONE_5;18_65-0418E_a_65-0725E_13x.txt;65-0426;26 avr. 1965;Prouvant Sa Parole;VGR;377;23020;
ZONE_5;18_65-0418E_a_65-0725E_13x.txt;65-0427;27 avr. 1965;Dieu change-t-il sa pensée au sujet de sa parole ?;Shekinah;136;16996;
ZONE_5;18_65-0418E_a_65-0725E_13x.txt;65-0427;27 avr. 1965;Dieu change-t-Il d’avis?;VGR;281;16983;
ZONE_5;18_65-0418E_a_65-0725E_13x.txt;65-0429B;29 avr. 1965, B;La Semence n'hérite pas avec la balle;Shekinah;127;10303;
ZONE_5;18_65-0418E_a_65-0725E_13x.txt;65-0429B;29 avr. 1965, B;La semence n’héritera pas avec la balle;VGR;144;10224;
ZONE_5;18_65-0418E_a_65-0725E_13x.txt;65-0429E;29 avr. 1965, soir;Le Choix D'Une Épouse;Shekinah;20;17183;
ZONE_5;18_65-0418E_a_65-0725E_13x.txt;65-0429E;29 avr. 1965, soir;Le choix d’une Épouse;VGR;245;17737;
ZONE_5;18_65-0418E_a_65-0725E_13x.txt;65-0527;27 mai 1965;La Dernière Visite A L'Afrique Du Sud;Shekinah;2;383;
ZONE_5;18_65-0418E_a_65-0725E_13x.txt;65-0711;11 juil. 1965;Honteux de Lui;Shekinah;131;18408;
ZONE_5;18_65-0418E_a_65-0725E_13x.txt;65-0711;11 juil. 1965;Honteux;VGR;246;18488;
ZONE_5;18_65-0418E_a_65-0725E_13x.txt;65-0718E;18 juil. 1965, soir;La Nourriture Spirituelle Au Temps Convenable;Shekinah;225;15440;
ZONE_5;18_65-0418E_a_65-0725E_13x.txt;65-0718E;18 juil. 1965, soir;La Nourriture spirituelle au temps convenable;VGR;225;15977;
ZONE_5;18_65-0418E_a_65-0725E_13x.txt;65-0718M;18 juil. 1965, matin;Rendre Un Service À Dieu En Dehors De Sa Volonté;Shekinah;207;20190;
ZONE_5;18_65-0418E_a_65-0725E_13x.txt;65-0718M;18 juil. 1965, matin;Essayer de rendre un service à Dieu sans que cela soit la volonté de Dieu;VGR;207;19811;
ZONE_5;18_65-0418E_a_65-0725E_13x.txt;65-0725E;25 juil. 1965, soir;Quelle Est L’attraction Sur La Montagne?;Shekinah;208;15351;
ZONE_5;18_65-0418E_a_65-0725E_13x.txt;65-0725E;25 juil. 1965, soir;Quelle est l’attraction sur la montagne?;VGR;208;16068;
ZONE_5;19_65-0725M_a_65-1031A_10x.txt;65-0725M;25 juil. 1965, matin;Les Oints Du Temps De La Fin;Shekinah;287;30596;
ZONE_5;19_65-0725M_a_65-1031A_10x.txt;65-0725M;25 juil. 1965, matin;Les oints du temps de la fin;VGR;287;31221;
ZONE_5;19_65-0725M_a_65-1031A_10x.txt;65-0801E;1 août 1965, soir;Les Événements Rendus Clairs Par La Prophétie;Shekinah;167;16690;
ZONE_5;19_65-0725M_a_65-1031A_10x.txt;65-0801E;1 août 1965, soir;Les événements rendus clairs par la prophétie;VGR;167;17341;
ZONE_5;19_65-0725M_a_65-1031A_10x.txt;65-0801M;1 août 1965, matin;Le Dieu De Cet Âge Mauvais;Shekinah;207;25250;
ZONE_5;19_65-0725M_a_65-1031A_10x.txt;65-0801M;1 août 1965, matin;Le dieu de cet âge mauvais;VGR;207;25433;
ZONE_5;19_65-0725M_a_65-1031A_10x.txt;65-0815;15 août 1965;Et Tu Ne Le Sais Pas;Shekinah;122;19254;
ZONE_5;19_65-0725M_a_65-1031A_10x.txt;65-0815;15 août 1965;Et tu ne le sais pas;VGR;294;19827;
ZONE_5;19_65-0725M_a_65-1031A_10x.txt;65-0822E;22 août 1965, soir;Le Filtre D'un Homme Qui Réfléchit;Shekinah;213;18472;
ZONE_5;19_65-0725M_a_65-1031A_10x.txt;65-0822E;22 août 1965, soir;Le Filtre d’un homme qui réfléchit;VGR;213;19617;
ZONE_5;19_65-0725M_a_65-1031A_10x.txt;65-0822M;22 août 1965, matin;Christ Est Révélé Dans Sa Propre Parole;Shekinah;177;22002;
ZONE_5;19_65-0725M_a_65-1031A_10x.txt;65-0822M;22 août 1965, matin;Christ est révélé dans Sa propre Parole;VGR;177;22427;
ZONE_5;19_65-0725M_a_65-1031A_10x.txt;65-0829;29 août 1965;L'Eden De Satan;Shekinah;119;14537;
ZONE_5;19_65-0725M_a_65-1031A_10x.txt;65-0829;29 août 1965;L’Éden de Satan;VGR;204;14735;
ZONE_5;19_65-0725M_a_65-1031A_10x.txt;65-0911;11 sept. 1965;La Puissance de Dieu pour la transformation;Shekinah;189;21120;
ZONE_5;19_65-0725M_a_65-1031A_10x.txt;65-0911;11 sept. 1965;La puissance de Dieu pour transformer;VGR;283;21435;
ZONE_5;19_65-0725M_a_65-1031A_10x.txt;65-0919;19 sept. 1965;La Soif;Shekinah;262;21304;
ZONE_5;19_65-0725M_a_65-1031A_10x.txt;65-0919;19 sept. 1965;Soif;VGR;262;21531;
ZONE_5;19_65-0725M_a_65-1031A_10x.txt;65-1031A;31 oct. 1965, après-midi;Être Conduit (Suis-Moi);Shekinah;115;11010;
ZONE_5;19_65-0725M_a_65-1031A_10x.txt;65-1031A;31 oct. 1965, après-midi;Être conduit;VGR;149;11429;
ZONE_5;20_65-1031M_a_65-1205_10x.txt;65-1031M;31 oct. 1965, matin;La Puissance De Transformation;Shekinah;332;24085;
ZONE_5;20_65-1031M_a_65-1205_10x.txt;65-1031M;31 oct. 1965, matin;La puissance de transformation;VGR;332;24089;
ZONE_5;20_65-1031M_a_65-1205_10x.txt;65-1121;21 nov. 1965;Quelle Maison Me Bâtirez-Vous?;Shekinah;46;4130;
ZONE_5;20_65-1031M_a_65-1205_10x.txt;65-1121;21 nov. 1965;Quelle maison Me bâtirez-vous?;VGR;46;4341;
ZONE_5;20_65-1031M_a_65-1205_10x.txt;65-1125;25 nov. 1965;L'Union Invisible De L'Epouse De Christ;Shekinah;306;25300;
ZONE_5;20_65-1031M_a_65-1205_10x.txt;65-1125;25 nov. 1965;L’union invisible de l’Épouse de Christ;VGR;392;28170;
ZONE_5;20_65-1031M_a_65-1205_10x.txt;65-1126;26 nov. 1965;Les Oeuvres Sont L'expression De La Foi;Shekinah;352;24062;
ZONE_5;20_65-1031M_a_65-1205_10x.txt;65-1126;26 nov. 1965;Les œuvres sont la foi exprimée;VGR;352;24169;
ZONE_5;20_65-1031M_a_65-1205_10x.txt;65-1127B;27 nov. 1965, B;Essayer De Rendre Un Service À Dieu, Sans Que Ce Soit La Volonté De Dieu;Shekinah;353;26043;
ZONE_5;20_65-1031M_a_65-1205_10x.txt;65-1127B;27 nov. 1965, B;Essayer de rendre un service à Dieu, sans que ce soit la volonté de Dieu;VGR;353;26812;
ZONE_5;20_65-1031M_a_65-1205_10x.txt;65-1127E;27 nov. 1965, soir;J'ai Entendu, Mais Maintenant Je Vois;Shekinah;243;19000;
ZONE_5;20_65-1031M_a_65-1205_10x.txt;65-1127E;27 nov. 1965, soir;J’avais entendu, mais maintenant j’ai vu;VGR;243;20356;
ZONE_5;20_65-1031M_a_65-1205_10x.txt;65-1128E;28 nov. 1965, soir;Sur Les Ailes D'une Colombe Blanche Comme La Neige;Shekinah;313;18625;
ZONE_5;20_65-1031M_a_65-1205_10x.txt;65-1128E;28 nov. 1965, soir;Sur les ailes d’une colombe blanche comme la neige;VGR;313;19730;
ZONE_5;20_65-1031M_a_65-1205_10x.txt;65-1128M;28 nov. 1965, matin;Le Seul Lieu D'Adoration Auquel Dieu A Pourvu;Shekinah;292;20170;
ZONE_5;20_65-1031M_a_65-1205_10x.txt;65-1128M;28 nov. 1965, matin;Le seul lieu d’adoration que Dieu a donné;VGR;292;19821;
ZONE_5;20_65-1031M_a_65-1205_10x.txt;65-1204;4 déc. 1965;L'Enlèvement;Shekinah;213;19803;
ZONE_5;20_65-1031M_a_65-1205_10x.txt;65-1204;4 déc. 1965;L’Enlèvement;VGR;213;20088;
ZONE_5;20_65-1031M_a_65-1205_10x.txt;65-1205;5 déc. 1965;Les Choses Qui Doivent Arriver;Shekinah;163;23898;
ZONE_5;20_65-1031M_a_65-1205_10x.txt;65-1205;5 déc. 1965;Les choses qui sont à venir;VGR;164;24248;
ZONE_5;21_65-1206_a_65-1212_3x.txt;65-1206;6 déc. 1965;Les Evénements modernes rendus clairs par la prophétie;Shekinah;331;22765;
ZONE_5;21_65-1206_a_65-1212_3x.txt;65-1206;6 déc. 1965;Les événements modernes sont rendus clairs par la prophétie;VGR;331;23316;
ZONE_5;21_65-1206_a_65-1212_3x.txt;65-1207;7 déc. 1965;Être conduit;Shekinah;38;21948;
ZONE_5;21_65-1206_a_65-1212_3x.txt;65-1207;7 déc. 1965;Être conduit;VGR;342;22742;
ZONE_5;21_65-1206_a_65-1212_3x.txt;65-1212;12 déc. 1965;La Communion;Shekinah;78;6198;
ZONE_5;21_65-1206_a_65-1212_3x.txt;65-1212;12 déc. 1965;La communion;VGR;78;6121;
