code;traduction;paragraphe;marqueur;ecritures_rattachees
53-0729;SKN;1;Maintenant, si quelqu'un a des questions qu'il voudrait remettre, eh bien, faites-les parvenir ici, qu'un enfant les apporte, ou faites comme vous voudrez. Ou, peut-être, si nous arrivons au bout de..;Genese 1:26, Genese 2:7, Genese 1:26, Genese 2:7, Genese 1:26, Genese 2:7
53-0729;SKN;9;Bon, premièrement, c'est Genèse 1:26 ou plutôt 1:26 à 28, c'est là que la - la personne avec le... Ils demandaient ce que cela pourrait bien être. Ce que - ce que cette question... je veux dire qu'ils;Genese 1:26, Genese 2:7, Genese 1:26, Genese 2:7, Genese 1:26, Genese 2:7
53-0729;SKN;15;"Eh bien, maintenant, si vous considérez attentivement Genèse 1:26... Maintenant prenons d'abord la première partie. Dieu dit : ""Faisons"". Maintenant ""faisons"", nous, c'est un... ""Faisons l'homme à Not";Genese 1:26
53-0729;SKN;21;Maintenant, si Dieu a créé l'homme à Son image et à Sa ressemblance, quel genre d'homme créa-t-Il? Un homme-esprit. Maintenant, si vous remarquez bien, après qu'Il eut fait toute la création et créé u;Jean 1:0
53-0729;SKN;29;Mais suivez maintenant, pendant que nous sommes en train d'observer, toute l'église, maintenant. Nous sommes debout sur une grande rampe observant ce que Dieu fait. Et nous en arriverons directement à;Jean 1:0, Genese 1:0
53-0729;SKN;43;Il mit toutes ces choses ensemble, et fit...?... Il fit toutes les autres choses, tout le genre animal, les oiseaux, les abeilles, les singes, et les autres choses, Il plaça tout cela ici sur la terre;Genese 2:0, Genese 2:7, Genese 1:26, Genese 1:26, Ephesiens 1:0
53-0729;SKN;51;Mais, nous nous écartons sans doute de cette question, cependant je ne veux pas trop m'écarter de cette question. Mais, vous voyez, c'est là qu'Il fit Son premier homme, lequel était à Son image.;Genese 1:26, Ephesiens 1:0
53-0729;SKN;74;Bon, maintenant je pense que cela pourrait expliquer la chose, à propos de l'homme et de la femme. Bon, une femme est... Laissez-moi donc expliquer ceci convenablement, afin que vous puissiez comprend;Genese 1:26, Genese 2:7
53-0729;SKN;94;Bon, maintenant il faut que nous... je ne... la personne qui a écrit ceci est probablement ici. Maintenant, lorsque Dieu... Dans la première question ici : Dieu a-t-Il fait l'homme et la femme de Genè;Genese 2:18
53-0729;SKN;100;Maintenant, vous vous souvenez quand cela est arrivé, il y a quelques semaines ici à Jeffersonville, c'était ce prêtre catholique irlandais d'ici. C'est un jeune homme et il allait... il avait une fil;(aucune ref proche)
53-0729;SKN;106;"Mais maintenant : ""Où Caïn avait-il trouvé son épouse?"" Bon, c'est le - l'analyse de cette question, maintenant. ""Et Caïn était-il allé chercher sa femme auprès de l'homme et de la femme qui avaient é";(aucune ref proche)
53-0729;SKN;115;Oh! comme nous pourrions rester des heures sur ces questions, sur une de ces questions, mais je ne prendrais pas les autres. Mais remarquez, ici c'est... Combien aimeraient savoir ce que nous croyons ;(aucune ref proche)
53-0729;SKN;127;Bon, maintenant, cher ami, qui que ce soit qui a demandé ceci, c'est une très bonne question. C'est une vieille question qui, aujourd'hui fait l'objet des discussions parmi des milliers d'étudiants, m;Ephesiens 4:30, Esaie 28:0
53-0729;SKN;134;Laissez-moi vous fixer là-dessus maintenant, et vous montrer le jour que vous devez respecter. Y a-t-il donc un passage de l'Ecriture? Je voudrais poser cette question dans votre intérêt. Y a-t-il un ;Ephesiens 4:30, Esaie 28:0
53-0729;SKN;142;Ce - c'est ma dernière question, juste ici. Et, frère, voyez si Frère Neville en a là. Je sais que certaines d'entre elles sont courtes, aussi nous ne voulons pas vous garder trop longtemps. Eh bien, ;Hebreux 9:0, Hebreux 4:0
53-0729;SKN;170;C'est assez fort, n'est-ce pas? Très bien. J'espère que cela répond à la question. Le Saint-Esprit est...;(aucune ref proche)
53-0729;SKN;219;"Oui, oui. Plusieurs passages de l'Ecriture le disent, sœur, frère, qui que ce soit. Par exemple, Joël dit : ""Ce qu'a laissé le gazam, le hasil l'a dévoré"", et ainsi de suite, cet arbre. Et Jésus Lui-m";Apocalypse 11:0
53-0729;SKN;226;Encore une déclaration, puis j'ai une petite, une courte question ici, et ce sera tout. Je pense que celle-ci est une prière.;Matthieu 24:29, Matthieu 24:0
54-0103E;SKN;2;Et nous sommes heureux d'essayer de consacrer encore quelques moments, ce soir, à répondre à une ou deux questions. Nous... Ce matin, j'ai pris un peu plus de votre temps, mais j'espère que vous en av;(aucune ref proche)
54-0103E;SKN;8;Ce sont vraiment de bonnes questions. Et je vous dis, mes amis, que n'eussent été le réveil et les choses qui sont en cours, j'aurais consacré environ une semaine à ces enseignements Bibliques sans mé;(aucune ref proche)
54-0103E;SKN;14;C'est une très bonne question. Et cela va-mérite beaucoup de considération, car chacun a intérêt à savoir où il sera à la fin de cette vie. Chaque personne est intéressée. Bien, maintenant,-quant à mo;(aucune ref proche)
54-0103E;SKN;20;Et l'homme doit avoir un conducteur, et le conducteur, c'est le Saint-Esprit. Et le Saint-Esprit a établi dans l'église, premièrement les apôtres, après cela, les prophètes et ainsi de suite. Il n'y a;(aucune ref proche)
54-0103E;SKN;26;Maintenant, Dieu doit tenir Sa Parole. Il ne peut pas ne pas tenir Sa Parole, parce qu'Il est Dieu. Ainsi, Il ne le peut donc pas. Alors, Il ... Vous êtes séparé de Dieu. Le... Et alors, vous êtes né ;(aucune ref proche)
54-0103E;SKN;46;Si Dieu a condamné le péché au point de faire qu'il coûte un tel prix, qu'en sera-t-il si ces esprits méchants pouvaient encore être relâchés? Nous aurons une autre chose comme celle que nous avons co;Jean 17:17, Matthieu 10:0
54-0103E;SKN;79;"Nous savons là où cela se trouve : Exode 4:24. C'est une bonne question. Eh bien, ici, nous la lirons maintenant même, juste un instant. Exode 4 : 24 : ""Pendant le voyage, le Seigneur l'attaqua et vou";Exode 4:24, Esaie 4:1
54-0103E;SKN;85;"Et Séphora est allée circoncire l'enfant. Elle dit: ""Moïse, tu es très-très préoccupé par ton voyage et tout le reste, mais ton propre garçon n'a pas été circoncis."" Je me demande bien souvent si... D";Esaie 4:1
54-0103E;SKN;111;Très bien. C'en est une bonne. Ça, c'est important pour toute l'église. Dieu veut que vous veniez à l'église... Maintenant, c'est juste une question, juste une question directe. Elle n'est pas Scriptu;(aucune ref proche)
54-0103E;SKN;121;Deux ou trois messages, pas plus de trois, seront ainsi donnés à la même occasion. Quoi que ce soit (voyez?), cela doit être mis en ordre. En premier lieu... Ensuite, une autre église, une autre chose;2 Timothee 2:16
54-0103E;SKN;130;Ainsi, les dames qui ont des cheveux qui n'arrivent qu'aux épaules-c'est toujours des cheveux courts. Eh bien, je ne dis pas que cela vous enverrait en enfer ou que ça vous amènerait au ciel. Cela n'a;2 Timothee 2:16
54-0103E;SKN;141;Quand je vois quelque chose... Bien des fois, je fais des choses qui sont mauvaises. Je pourrais sortir, et quelqu'un peut dire une chose ou une autre et je pourrais dire une petite plaisanterie à ce ;(aucune ref proche)
54-0103E;SKN;164;En fin de compte, voici donc ce qu'il en est : nous provenons tous d'un seul arbre. C'est vrai. Et par la chute d'Eve, nous avons tous été maudits. Mais par la résurrection de Jésus-Christ, nous avons;Genese 44:49
54-0103E;SKN;171;"Mais maintenant : ""Je ne crois pas..."". Mais premièrement: ""Je ne puis croire que Dieu envoie les guerres comme des jugements."" Eh bien donc, mon ami, il y a juste une chose qui cloche dans votre croy";(aucune ref proche)
54-0103E;SKN;183;"Il n'y a pas longtemps ici, je parlais... Il est possible que ça soit un Témoin de Jéhovah. Cet homme est venu me demander : ""Frère Branham, voulez-vous me dire que vous croyez qu'il existe un enfer q";(aucune ref proche)
54-0103E;SKN;189;"Vous dites : ""Pourquoi (Qu'est-ce qui fait que cette semence...) elle ressemble tout à fait à celle-ci... produire une autre espèce de vie?"" C'est parce que cette espèce de vie se trouve en elle.";(aucune ref proche)
54-0103E;SKN;205;Que le Seigneur vous bénisse. Je regrette de vous avoir retenu jusque tard comme ceci. Je le fais rarement, mais je ne vous embête pas tellement. Ainsi, je peux ne pas avoir répondu à ces questions se;(aucune ref proche)
54-0103E;SKN;212;Et maintenant Père, nous nous rendons compte que la communion fut premièrement servie en Egypte. Et ces gens qui ont pris la communion, l'agneau et le pain quand ils sortaient, ils ont voyagé pendant ;(aucune ref proche)
54-0103M;SKN;16;Eh bien, ce matin, nous ne voulons pas prendre trop de notre temps avec ces questions. J'y répondrai au mieux de ma connaissance. Maintenant, mes amis, je peux faire bien des fautes sur ces choses. Je;(aucune ref proche)
54-0103M;SKN;24;Bien, certaines de ces questions que j'ai ici, je les traiterai à partir de... certaines avec les différents passages des Ecritures auxquels elles-auxquels elles se rapportent. Et maintenant, nous all;Marc 16:0
54-0103M;SKN;48;Je ne sais pas si on a une... pour ce qui est de rétrograder-je ne sais pas-j'aurais souhaité qu'on me pose-me pose cette question. Mais pour ce qui est de rétrograder, rappelez-vous, vous rétrogradez;Luc 21:24, Matthieu 2:0
54-0103M;SKN;63;"Jésus a dit là-bas, lorsqu'Il chassait les démons... Nous ne sortons donc pas de cette question; juste pour un moment. Mais Jésus a dit, lorsqu'Il chassait les démons, Il a dit : ""Vos fils, par qui le";Apocalypse 11:0, Apocalypse 11:0
54-0103M;SKN;74;Ça fait un choc, n'est-ce pas, de savoir que nous avons un temps limité. C'est Dieu qui l'a dit! La dispensation des nations a été introduite par le roi Nebucadnetsar. Oh! comme c'est remarquable! Com;(aucune ref proche)
54-0103M;SKN;112;[Espace vide sur la bande - N.D.E.] Eh bien, c'est mon humble avis, cher ami, qui a posé cette question, c'est mon humble avis à ce sujet. 10. Qui étaient ces géants en ces jours-là?;(aucune ref proche)
54-0103M;SKN;137;"Aujourd'hui, j'avais une autre question; il est dit : ""Frère Bill, pourquoi la Bible dit-elle qu'Eve a dit : 'J'ai formé un fils avec l'aide de l'Eternel.'"" C'est tout à fait vrai. Il devait venir de ";(aucune ref proche)
54-0103M;SKN;148;"C'était cela la question de cette personne. Très bien. Je crois que ce n'étaient pas des anges. Voyez, c'étaient des êtres, des ""fils de Dieu"", comme l'Ecriture le dit. Non pas des anges, mais des fil";(aucune ref proche)
54-0103M;SKN;157;"Il a dit : ""Et après, je suis allé à une autre réunion et ils m'ont dit que je n'avais pas encore été sanctifié; ils m'ont dit que je devais être sanctifié et me sentir heureux, et crier, éprouver suf";(aucune ref proche)
54-0103M;SKN;172;Maintenant, je veux vous poser une question. Je vais vous poser cette question (maintenant nous terminerons aussi vite que possible). Qu'arriverait-il aujourd'hui si le Saint-Esprit parcourait Jeffers;(aucune ref proche)
54-0103M;SKN;187;Rapidement, Exode... Oh! nous ne prendrons jamais cela, à moins de le reporter. Je vais prendre ces questions très rapidement maintenant, je sais que je prends beaucoup de votre temps. Vous me support;Apocalypse 6:0
54-0103M;SKN;193;Ensuite nous aborderons l'autre partie qui est au verso, il y a une autre question là-dessus. Remarquez ces choses.;Apocalypse 6:0, Ezechiel 9:0
54-0103M;SKN;205;Maintenant, nous devons donc nous dépêcher pour terminer cela, parce que nous avons deux ou trois questions de plus. Et je vais me dépêcher autant que possible, sans chercher à aller au-delà de ces qu;Ezechiel 9:0, Ephesiens 4:30
54-0103M;SKN;212;"Maintenant je dois aborder un autre passage de l'Ecriture ici pour vous le montrer. Jésus a parlé des gens qui... Il a dit : ""Certains sont venus à une certaine heure, d'autres à une autre heure, ensu";(aucune ref proche)
54-0103M;SKN;224;"J'ai dit : ""Mr. Bohanon, premièrement, vous vous êtes trompé en appelant Cela l'Epouse."" J'ai dit : ""Les Juifs se tiendront sur le Mont Sinaï, les cent quarante-quatre mille. L'Epouse, c'est évident, ";(aucune ref proche)
54-0103M;SKN;238;Voyez, si vous pouvez lire ça, frère. Je... C'est quelque peu mélangé, il a effacé cela une ou deux fois. Je vais chercher une autre question. S'il vous plaît, je vous en prie... [Frère Neville lit la;(aucune ref proche)
54-0103M;SKN;250;Que le Seigneur vous bénisse! Amen. Je vais garder celles-ci. Dieu voulant, je reviendrai sur ces questions (voyez-vous), peut-être ce soir, et j'y répondrai ce soir, ou lorsque frère... Nous allons n;(aucune ref proche)
54-0103M;SKN;270;Maintenant observez. Pourquoi a-t-il été élevé? C'est afin qu'ils soient pardonnés de leur... de serpent... pardonnés de leurs péchés et guéris de leurs morsures de serpent. Est-ce vrai? Et tous ceux ;(aucune ref proche)
54-0515;SKN;1;"Maintenant Lui… Tout le monde fait un très bon inventaire là-dessus (Voyez?); notez cela. Je ne fais que répondre à cela au mieux de ma connaissance, par la Parole de Dieu. Voyez? Et si on ne répond p";(aucune ref proche)
54-0515;SKN;14;Il y a ici devant moi, des requêtes écrites, provenant de nombreux foyers, et de beaucoup de gens, des questions très profondes qui dépassent l’instruction ordinaire. Et nous avons besoin de ton assis;(aucune ref proche)
54-0515;SKN;22;Mais maintenant, il y a ici quelques questions. Eh bien, je ne sais par où commencer, il y en a juste un tas déposé ici. Les voici: 25. Quel rapport vouliez-vous établir entre l’Eglise protestante et ;(aucune ref proche)
54-0515;SKN;46;C’est – c’est une question similaire à celle-là, et la personne qui l’a posée a une bonne question. Qu’est-ce que fait maintenant, si… la Bible enseigne clairement que l’Eglise catholique est la – la ;(aucune ref proche)
54-0515;SKN;58;"Mais lorsque vous posez la question au prédicateur, il nous dira: «Eh bien, nous allons voir ce qu’a dit Moody à ce sujet; nous allons voir ce qu’a dit Wesley à ce sujet.» Peu m’importe ce qu’ils ont ";(aucune ref proche)
54-0515;SKN;71;"Et maintenant, laissez-moi toutefois, prendre encore celle-ci pendant que nous... Bien, quelqu’un m’a posé cette question aujourd’hui; on me l’a posée deux ou trois fois. 27. Frère Branham, parlant de";Ephesiens 1:13, Ephesiens 4:30
54-0515;SKN;85;Qu’est-ce qu’un sceau? Un sceau ne peut pas être apposé sur quelque chose avant que ça soit achevé. Les luthériens n’étaient pas scellés. Le jour de la dispensation de la grâce n’était pas achevé. Ils;Romains 5:1, Hebreux 13:12, Actes 1:8, Luc 24:49
54-0515;SKN;114;Pierre, quand il est allé prêcher, Pierre avait les clefs du Royaume. J’ai une question pour arriver à cela, dans quelques minutes. Il avait les clefs du Royaume. Il L’a ouvert à la maison de Corneill;(aucune ref proche)
54-0515;SKN;144;Très bien. Je… voici… Je ne parlerai pas de votre religion mon frère ou ma sœur, qui que vous soyez, vous qui avez posé la question. La science chrétienne, c’est de la psychologie. Et la guérison Divi;Apocalypse 7:0
54-0515;SKN;165;Voilà une petite question, qui nous ramène un tout petit peu en arrière. Je déteste dire cela, mais il y a quelqu’un qui l’a déposé ici: 34. Vous avez demandé pourquoi ce tabernacle n’a pas fait de pr;Matthieu 28:19, Matthieu 28:19
54-0515;SKN;176;Maintenant nous allons découvrir pourquoi, nous en arrivons à votre question, cher frère. Saint Jean… je veux dire Matthieu 28.19. Très bien, retournons-y. Ouvrez votre Bible, avec moi, pour pouvoir l;Matthieu 28:19, Matthieu 28:19, Actes 2:38
54-0515;SKN;203;Premièrement, c’est pour vous remettre dans la bonne voie au sujet de votre trinité: père, Fils, Saint-Esprit. [Frère Branham illustre cela avec trois objets. – N.D.E.] Maintenant, pour commencer, auc;Actes 2:38, Actes 7:48, Actes 10:49, Actes 19:5
54-0515;SKN;231;Maintenant écoutez, rapidement maintenant, pour que nous allions directement… Je n’aimerais pas vous retenir trop longtemps sur ces questions. Ecoutez, le jour où Jésus descendit de la Montagne de tra;(aucune ref proche)
54-0515;SKN;279;Oui, Jésus est venu pour glorifier le Père, regardez dans saint Jean au chapitre 14. Je suis juste sur le point de… J’ai… Veuillez attendre pour environ trois minutes de plus, nous en aurons fini, je ;Genese 2:0
54-0515;SKN;307;Et je ne suis pas un unitaire. Non, non. Vous les trinitaires, débarrassez-vous de cela. Je ne suis pas un unitaire. Non non. Je ne suis ni unitaire ni trinitaire. Je crois ce que la Bible dit: «C’est;1 Corinthiens 15:29
54-0515;SKN;318;"Eh bien, mes frères, il y a un – un groupe de gens qui croient cela, ils baptisent pour les morts, ce sont les mormons. Eh bien, j’ai été plusieurs fois dans leurs temples; ce sont des gens très bien.";(aucune ref proche)
54-0515;SKN;331;"Eh bien, il est dit, eh bien, je crois que la question suivante se trouvait là; la personne a demandé, disant: Lorsque le… lorsque vous faites un appel à l’autel?";(aucune ref proche)
54-0515;SKN;352;Et nous vous contraignons, mon cher frère chrétien ou ma chère sœur chrétienne à être baptisé au Nom de Jésus-Christ et à recevoir le Saint-Esprit. Si vous avez déjà reçu le Saint-Esprit après que vou;Galates 1:8, Galates 1:9
54-0515;SKN;361;Il ne demande pas si vous êtes un catholique ou pas. Il est question de savoir si votre cœur est affamé de Dieu: «Heureux ceux qui ont faim et soif de la justice, car ils seront rassasiés.» Est-ce vra;(aucune ref proche)
54-0516;SKN;5;Hier soir, en répondant aux questions, j’ai fait au mieux de ma connaissance. La personne qui voulait ce VICARIVS FILII DEI, on ne m’en a point donné une partie hier soir, afin que j’y réponde à cela ;(aucune ref proche)
54-0516;SKN;11;Maintenant, je crois, avec l’aide de Dieu... Eh bien, frère Neville et moi avons bien passé en revue beaucoup de points, passé en revue différentes choses, et examinant divers points, cherchant à déco;1 Jean 5:7
54-0516;SKN;20;J’ai dit: «Une heure après avoir quitté la chaire, je ne pourrais pas vous dire ce que je disais.» Voyez? Ce n’est pas moi, je ne sais pas. Voyez? C’est Lui qui coordonne cela, je ne sais pas. Voyez? ;1 Jean 5:7
54-0516;SKN;31;Maintenant, voilà une autre question: Hier soir, vous avez parlé de votre foi dans les dons de l’Esprit. Vous avez mentionné que vous, vous-même, vous aviez parlé en langues. Croyez-vous que le progra;(aucune ref proche)
54-0516;SKN;46;"Eh bien, voici le dernier passage là-dessus. Ecoutez, amis, écoutez ; regardez tous de ce côté-ci. Vous avez ces dons. Vous ne les avez pas mérités. C’est Dieu qui vous les a donnés avant la fondation";Apocalypse 12:0
54-0516;SKN;59;"Maintenant, observez ce qu’elle a fait. Et cela, maintenant, il s’arrête ; l’écrivain s’arrête. Maintenant, il est... il voit une autre scène apparaître. Maintenant, observez la femme ici prête à être";(aucune ref proche)
54-0516;SKN;81;Alors, l’adorateur sortait avec un coeur pur. L’adorateur... La loi qui possède une ombre, mais en Christ, cela–cela a été ôté. Il a ôté le premier afin qu’Il puisse ajouter le deuxième. Il ne pouvait;Romains 8:1
54-0516;SKN;96;Maintenant, changeons notre scène: Dix-neuf... quatre mille ans s’étaient écoulés, nous sommes à Jérusalem ce matin. J’entends du bruit. Qu’est-ce? Je regarde dehors. Le péché, et toute la terre baign;(aucune ref proche)
55-0807E;SKN;28;Le Saint-Esprit lui a parlé, disant: «Siméon, lève-toi.» «Pourquoi, Seigneur?» Non, non. Un homme de Dieu ne pose pas des questions à Dieu. Quand Dieu lui dit: «Lève-toi», il se lève. Il s’est levé. C;Esther 6:0
55-0807E;SKN;35;Et je suis allé poster ces lettres. Je descendais la route en chantant. Eh bien, tout d’un coup, vous savez, le Saint-Esprit a dit: «Arrête-toi.» Je me suis dit: «Qu’est-ce qui ne va pas?» Je me suis ;Jean 5:0
55-0807E;SKN;48;"Je suis désolé de vous avoir fait attendre si longtemps. Vous avez été très gentils et patients. J’aimerais vous demander une autre chose; nous allons vous faire venir à l’estrade, faire venir des gen";Jean 5:0
55-0807E;SKN;57;Croyez-vous? Si vous pouvez croire, vous pouvez être guéri. Ayez simplement foi. C’est tout ce dont vous avez besoin. Vous aimeriez guérir de cette maladie de gorge, vous assise là derrière, vers le p;(aucune ref proche)
57-0811E;SKN;9;Et maintenant, dans mon ministère, comme je vais prier pour les malades, mon intention, c’est de prêcher juste un tout petit peu, parce que je venais de terminer un long service de prédication cet apr;Jean 5:19
57-0811E;SKN;16;Plus tard, un jour, Il allait à Jéricho, et Il passa par la Samarie. Le Père Lui avait dit de passer par la Samarie. Il devait le faire. Il s’est assis au bord d’un puits, Il avait renvoyé Ses discipl;(aucune ref proche)
57-0811E;SKN;28;Que Dieu nous donne davantage de gens de haut calibre avec ce genre de témoignage. Et quelque chose en lui désirait ardemment et attendait impatiemment l’heure où il verrait cela et où ce serait rendu;(aucune ref proche)
57-0925;SKN;1;.... ? ... Comment pouvait-elle le faire sans Dieu? Cela aurait été quelque chose d'original, n'est-ce pas? Cela ne pouvait pas se faire sans le Seigneur. Je ne vais pas prêcher sur tout cela. Mais je;Apocalypse 11:0
57-0925;SKN;7;Maintenant nous avons quelques bonnes et passionnantes questions, juste des questions familières. Il y a un prédicateur là-derrière, dans la pièce au fond, maintenant même, qui m'avait posé la questio;Apocalypse 11:0, Matthieu 25:46
57-0925;SKN;16;Maintenant nous allons là... Maintenant, je vais essayer de les parcourir toutes, si possible. Et Frère Tony, par la grâce de Dieu, j'ai l'interprétation de votre songe et il était merveilleux. Je sui;Matthieu 25:46, Matthieu 25:46, Matthieu 25:46
57-0925;SKN;22;"Hier soir, un cher frère m'a posé une question disant : ""Frère Branham, Frère Seward a dit une fois qu'on - on ne pouvait vous coincer nulle part, voyez, que vous trouvez toujours un moyen pour vous t";Matthieu 25:46, Matthieu 25:46
57-0925;SKN;28;Les méchants iront au châtiment perpétuel (un certain espace de temps), mais les justes ont la Vie Eternelle. Vous ne trouvez jamais de châtiment éternel, cela n'est pas possible. Voyez, s'ils ont le ;Apocalypse 11:0, Ezechiel 9:0
57-0925;SKN;41;Oh! si nous avions le temps d'entrer en détail sur cette question! Ceci est arrivé... C'est là que Russell a été embrouillé. Russell a prophétisé, voyant cela venir. Il a prophétisé que ce serait la v;Ephesiens 4:30
57-0925;SKN;51;Maintenant souvenez-vous-en, le Saint-Esprit n'était pas enseigné comme étant le baptême du Saint-Esprit, sinon après la Première Guerre mondiale. Nous venons de célébrer notre - notre jubilé d'or, qu;(aucune ref proche)
57-0925;SKN;79;"Voilà vos 144.000, voilà vos serviteurs. Ainsi, ""les enfants du Royaume"", ici, mon cher, vous qui avez posé cette question, c'est un... vous qui avez posé cette question remarquable. Je pense que je l";(aucune ref proche)
57-0925;SKN;85;"Bon, je mets beaucoup trop de temps sur une question. Et quelqu'un se dit : ""Alors, vous n'aborderez pas la mienne."" Bien, nous allons nous dépêcher et voir si nous pouvons y arriver.";(aucune ref proche)
57-0925;SKN;96;"Alors, là, Dieu ne pouvait pas - pas dire : ""Je te prendrai, toi, et Je t'enverrai en enfer; et Je te prendrai, toi, et Je t'enverrai au ciel."" Dieu voulait que vous deux, vous alliez au Ciel. Mais pa";Actes 2:38, Matthieu 28:19, Actes 2:38, Matthieu 28:19, Actes 2:38, Matthieu 28:19
57-0925;SKN;119;Maintenant, mettons d'abord cette Ecriture à sa place. Je vous ai dit qu'il n'y a pas dans la Bible une Ecriture qui en contredise Une autre. Je voudrais que vous me l'ameniez. J'ai demandé cela penda;Matthieu 28:0
57-0925;SKN;126;Maintenant je voudrais vous poser une question. Ceci est le dernier chapitre de Matthieu. Je vous présente cela d'une manière simple pour que chacun de vous... les enfants, le comprennent.;Matthieu 28:0
57-0925;SKN;134;Maintenant, vous qui avez posé la question, je voudrais vous donner une petite illustration ici. Maintenant je vais placer trois choses ici, pour que vous compreniez clairement (je fais une illustrati;Matthieu 28:19
57-0925;SKN;153;Maintenant je veux poser une question : si vous aviez reçu ce baptême, en seriez-vous satisfait? Le même homme qui avait amené Jésus dans la rivière et qui avait baptisé Jésus-Christ, c'est ce même ho;Luc 16:16, Actes 2:0, Galates 1:8, Hebreux 11:1
57-0925;SKN;159;Maintenant trouvez un passage où quelqu'un ait jamais été baptisé d'une autre manière, et je retournerai ici et je vous montrerai où l'église catholique admet cela et dit de vous incliner devant cela.;Galates 1:8, Hebreux 11:1
57-0925;SKN;168;Voyez, cela devait venir par une révélation spirituelle. La chair et le sang n'ont jamais dit à Abel qu'il était dans l'erreur (plutôt à Caïn qu'il était en erreur), ils n'ont jamais dit à Abel que Ca;Hebreux 11:1, Matthieu 28:19, Genese 3:8
57-0925;SKN;175;Et maintenant fais attention, Pierre, tu as les clefs suspendues à ton côté et tu prêches. La question est posée, ce sont les premiers convertis de la nouvelle église, la première église chrétienne. M;Matthieu 28:19, Genese 3:8, Jean 6:0
57-0925;SKN;183;Mais je vais vous poser une question du point de vue naturel. Maintenant pour vous prouver qu'elle était l'arbre, chaque femme est un arbre fruitier. Combien savent cela? N'êtes vous pas le fruit de v;Jean 6:0
57-0925;SKN;224;"Et il y a même quelqu'un qui a posé une question disant : Bien, le fils... il a dit qu'elle allait... quand Caïn est né, elle a dit : ""J'ai enfanté un fils avec l'aide de l'Eternel."" Absolument, certa";(aucune ref proche)
57-0925;SKN;249;Bon, j'ai encore trois ou quatre bonnes questions, je les prendrai dimanche matin, le Seigneur voulant.;(aucune ref proche)
57-0925;SKN;258;"Il n'y a pas longtemps, un prêtre catholique était assis dans ma maison, et il a dit : ""Monsieur Branham, je viens vous poser une question."" J'ai dit : ""Allez-y, monsieur."" Il a dit : ""J'ai une lettre";(aucune ref proche)
57-0925;SKN;290;"Mais en ce qui me concerne, pour ma part, si vous me posez la question en disant : ""Frère Branham, devrais-je être rebaptisé?"" Je dirais ""Oui"", pour ma part.";(aucune ref proche)
57-0925;SKN;300;"Mais maintenant, souvenez-vous, écoutez l'émission du frère à 9 heures, samedi matin. Nous lui téléphonerons pour l'en informer. Ce sera au ""WLRP"", le ""Quator Neville"" à 9 heures, samedi matin. Nous a";(aucune ref proche)
57-1002;SKN;333;[Un homme demande si Dieu peut rétablir cette femme. - N.D.E.] Eh bien, je vous dirais, mon frère que ce - ce n'est pas impossible. Et b'est - ce n'est pas... C'est - c'est possible, et c'est aussi pr;(aucune ref proche)
57-1002;SKN;353;"Maintenant, je vous dirai la raison pour laquelle j'ai dit à frère Neville... Je pensais que peut-être Il avait un message pour ce soir. Il a dit : ""Non."" Il n'en avait pas. Et il me reste encore quel";Apocalypse 5:0, Apocalypse 11:0, Apocalypse 21:19, Esther 6:0, Genese 38:0, 1 Corinthiens 12:0
57-1002;SKN;360;Maintenant, pour répondre aux questions, je ne suis pas le meilleur du pays, vous savez! Mais, je répondrai simplement au mieux de ma connaissance.;1 Corinthiens 12:0, 1 Corinthiens 12:0, Actes 19:0
57-1002;SKN;370;"Eh bien, la question est... Répondons-y juste l'une après l'autre, il y a trois questions: ""Nous avons tous été baptisés dans un seul Esprit pour former le Corps de Christ."" C'est correct, I Corinthie";Actes 2:27, Psaumes 16:0, Jean 5:24
57-1002;SKN;377;"Et maintenant, premièrement, quand Jésus est mort... Quand vous mourez, votre corps meurt. Le mot ""mort"" signifie ""séparé"", être simplement séparé de ses bien-aimés. Mais ici, voyez, Il a dit ceci dan";Jean 5:24
57-1002;SKN;404;"La seule chose dont il était question, c'était ces gens qui disaient : ""Jean, ne me reconnais-tu pas? Je suis Georges qui me trouvais à tel endroit, et j'ai fait telle et telle chose. Tu te souviens d";Psaumes 16:10, Matthieu 27:0
57-1002;SKN;412;"Oui, remarquez! Eh bien, mon ami témoin de Jéhovah, j'aimerais vous poser une question à ce sujet. Voyez? Si le séjour des morts est un lieu... Hadès, Shéol, peu importe comment vous appelez cela; si ";Matthieu 27:0
57-1002;SKN;433;Maintenant, il nous reste à peu près sept minutes et environ quinze questions! 62. Pensez-vous qu'il soit juste pour les femmes de faire des oeuvres individuelles en dehors de l'église?;Actes 7:55, Ephesiens 1:20, Marc 14:62
57-1002;SKN;481;"Vous vous souvenez de mon histoire de l'autre soir, où j'ai eu la vision de cette femme de très mauvaise vie, qui se tenait là dans la pièce? Et je la condamnais, en disant : ""Ô, Dieu, pourquoi ne fai";(aucune ref proche)
57-1002;SKN;492;Et le - le serviteur de l'Éternel est monté là et a prêché à leur roi, au moment où ils étaient assis autour d'un grand foyer, à l'extérieur. J'en ai lu l'histoire il n'y a pas longtemps. Et un petit ;Esaie 9:6
57-1002;SKN;517;Maintenant écoutez. Le Seigneur Jésus a dit dans Matthieu 24, que les Juifs seraient écartés de la scène. Daniel avait dit, jadis, au temps des vieux prophètes, il avait dit que 70 semaines seraient e;Matthieu 24:0
57-1002;SKN;544;Vous devez observer la - la vierge endormie, la - l'église ordinaire, confessionnelle, voyez-vous. Vous devez considérer l'église... C'est-à-dire premièrement le Juif, le Juif premièrement, qui est ju;Apocalypse 5:0, Apocalypse 11:0, Apocalypse 21:0, Genese 38:0
57-1006;SKN;555;Eh bien, ce soir, nous - nous n'avons pas l'intention de rester sur ces questions au-delà de minuit, si nous le pouvons. Ainsi nous allons - nous allons directement les aborder très bientôt. C'est la ;(aucune ref proche)
57-1006;SKN;572;"Maintenant, ces questions sont la - la profondeur du coeur de quelqu'un; des choses qu'ils ont lues dans les Écritures et qu'ils ont trouvées, et ils ne - peut-être ne pouvant pas trouver satisfaction";(aucune ref proche)
57-1006;SKN;578;"Oh! je faisais une petite plaisanterie là-dessus ou autre chose, je disais: ""Oh! c'était la fille de sa belle-mère"", quelque chose comme cela, vous savez, ou - ou ""c'était madame Caïn"". Mais cela ne r";(aucune ref proche)
57-1006;SKN;590;Si vous remarquez bien aujourd'hui, maintenant (juste pour terminer cette question), cette lignée de Caïn existe encore, la lignée de Seth aussi existe encore. Toutes les deux ont continué malgré tout;Genese 5:16, Genese 1:0, Genese 2:0
57-1006;SKN;600;"Il n'y avait pas d'autres femmes sur terre, en dehors de celles qui devaient provenir d'Eve. Elle était la mère de tous les vivants, c'est-à-dire de tous ceux qui vivaient; elle était leur mère. C'est";Genese 5:16, Genese 1:0, Genese 2:0, 2 Pierre 2:4, 1 Pierre 3:19, 2 Pierre 2:4
57-1006;SKN;611;Que celui qui a une Bible veuille bien aller à ces passages des Écritures très vite, pendant que je les lis, si vous le voulez, et pour ainsi m'aider ici pendant que nous abordons cette question.;1 Pierre 3:19, 2 Pierre 2:4, 1 Pierre 3:19, Esther 2:0, 2 Pierre 4:0, Apocalypse 11:0
57-1006;SKN;618;Maintenant, si vous remarquez bien ici, je pense que ce prédicateur en a une autre sur le - quelque chose du même genre, on y répondra un peu plus tard.;2 Pierre 4:0, Apocalypse 11:0
57-1006;SKN;631;Voyez, dans votre corps, en vous... (Nous avons une autre question là-dessus, tout de suite, qui répondra mieux à cela.) Ainsi lorsque... Il y a en vous un esprit, un autre homme. Votre extérieur, c'e;(aucune ref proche)
57-1006;SKN;668;Passons vite aux autres questions que nous avons, celles qui iront donc là en Géorgie : 67. Qu'est-ce que les pierres dans le... représentent dans Apocalypse 21.19 et 20?;Apocalypse 21:19, Esther 21:19, Apocalypse 5:0, Apocalypse 5:0
57-1006;SKN;677;Maintenant, faites attention, si vous remarquez bien, ces pierres, eh bien, vous allez voir comment ces patriarches sont représentés dans quelque chose d'autre, juste dans une autre question. 68. Expl;Apocalypse 5:0, Apocalypse 5:0
57-1006;SKN;693;Très bien, maintenant le verset 4, ou plutôt la 4e question. 70. Que représentait le fil cramoisi de Genèse 38?;Genese 38:0, Genese 38:0
57-1006;SKN;710;Et lorsque Jésus-Christ naquit, Il racheta le monde entier. Certainement, Il l'a fait. Il était le Rédempteur de chaque créature qui ait jamais été créée sur la terre. Il était le Rédempteur. Et à... ;Apocalypse 11:0, Apocalypse 11:0, Apocalypse 11:0, Apocalypse 11:0
57-1006;SKN;742;Un jeune homme m'a posé une question ce matin au sujet des dons spirituels, au sujet du parler en langues (un jeune garçon très sincère. Je crois qu'il sera ministre un de ces jours) et au sujet de l';(aucune ref proche)
57-1006;SKN;751;Qu'est-ce que ça change tant que vous êtes baptisé? Si c'est dans un étang, et... Eh bien, Philippe était baptisé dans un étang... Lorsque l'eunuque fut baptisé... lorsque Philippe baptisa l'eunuque d;Galates 1:8
57-1006;SKN;758;Eh bien, nous en arrivons à la question que vous avez posée ici. Voyez? Très bien. Eh bien, ce n'est pas juste pour une - une dame de se couper les cheveux, selon la Bible. Eh bien, écoutez ici même e;Galates 1:8
57-1006;SKN;788;"Quelqu'un parmi vous a-t-il déjà lu cela? I Corinthiens, chapitre 11, verset 10. Si vous observez bien : ""l'autorité, l'autorité des anges"", I Corinthiens, en effet, les anges, c'est l'homme, le messa";(aucune ref proche)
57-1006;SKN;795;Et vous aussi, les mamans,... Voyez? Lorsque vous sortez, vêtues de ces pantalons et des vêtements de ce genre, vivant ainsi... et lorsque vous sortez dans la rue, et - et portant ces vêtements modern;(aucune ref proche)
57-1006;SKN;818;"Ainsi, ici les ""anges"" sont ""des hommes"". Si vous remarquez bien, Frère Palmer, c'est en lettre minuscule, les ""anges"". Et la Bible va plus loin... Il parle de l'homme et de sa femme (voyez?); c'est d";Genese 1:28, Genese 2:0, Psaumes 23:0
57-1006;SKN;830;Ecoutez, Il n'est jamais allé prendre de la poussière pour créer Eve, mais Il la créa à partir de la poussière originelle : Adam. Il préleva une côte de son côté et lui créa une aide, et c'était Eve. ;Psaumes 23:0
57-1006;SKN;847;Prenez donc un cure-dent (vous savez, la partie plate d'un cure-dent) et plongez-le dans votre poudre et remplissez cette chose de poudre, juste environ quatre ou cinq petites graines, et posez cela a;(aucune ref proche)
57-1006;SKN;867;Maintenant prions pendant que vous examinez vos fruits. Maintenant, Père Divin, il y a eu des questions ardues ici ce soir. Je pourrais ne pas avoir fait la chose correcte, mais au mieux de ma connais;(aucune ref proche)
57-1006;SKN;882;Que le Seigneur vous bénisse. Je regrette de vous avoir gardés comme ça. Je me demande simplement, juste avant la communion, s'il y a quelqu'un qui est venu pour qu'on prie pour lui, qui aimerait qu'o;(aucune ref proche)
57-1006;SKN;915;"Bien, un jour, je quitterai cet endroit. Je me demande : ""Quelle sera ma fin?"" Est-ce que c'est fini? Est-ce près? J'ai quarante-huit ans. Est-ce bientôt la fin? Je me demande ceci, si c'est le cas.";(aucune ref proche)
59-0628E;SKN;9;Eh bien, ce soir, c'est une soirée inhabituelle au tabernacle, parce que c'est une soirée de questions et réponses. Et d'habitude, cela se fait une fois l'an ou tous les deux ans. Et la raison pour la;(aucune ref proche)
59-0628E;SKN;18;Je vois notre soeur Wooten debout là, avec son petit bébé. Soeur, s'il a chaud et que vous n'ayez pas de chaise, je me demande si un de nos frères ne pourrait pas en prendre une de l'intérieur pour la;(aucune ref proche)
59-0628E;SKN;24;Il y a des visiteurs ici, Seigneur. Nous prions pour eux et pour leurs églises. Il y a des ministres ordonnés de l'Evangile-ordonnés de Dieu-assis là, ils sont de loin plus compétents que moi pour rép;(aucune ref proche)
59-0628E;SKN;32;Concernant ces entretiens privés, quand je suis sur un cas, je ne le lâche jamais avant que je n'entende Dieu me parler d'une façon ou d'une autre. Ça vient lentement. Si cela prend six mois ou un an,;Matthieu 7:6, Jean 17:17, Actes 19:0, Romains 4:0, Jean 5:0
59-0628E;SKN;42;Je ne pense donc pas que je m'affilierais à une assemblée qui ne croit pas au Plein Evangile de notre Seigneur Jésus-Christ, et qui ne croit pas qu'Il est le même hier, aujourd'hui et pour toujours. Q;Jean 17:17, Actes 19:0, Romains 4:0, Jean 5:0
59-0628E;SKN;49;Par conséquent, la vérité en est qu'un homme est sauvé, je crois, s'il regarde au Calvaire et meurt dans cette condition. Je crois certainement qu'il sera sauvé, je crois qu'il le sera si auparavant i;(aucune ref proche)
59-0628E;SKN;58;"Maintenant, la question qui est posée ici, c'est : ""Vous qui prenez-vous qui prenez le vin et les biscuits, la maladie et la mort sont sur vous."" Voyez, ce... Je pense que la question est de savoir si";Esaie 14:12, Luc 10:18
59-0628E;SKN;65;Une fois, je m'étais rendu dans une église où les gens prenaient du vieux pain, et où les pécheurs maudissent et font des histoires, des choses dégoûtantes, et ils coupaient ce vieux pain et le trempa;Esaie 14:12, Luc 10:18, Ezechiel 28:12, Apocalypse 12:0
59-0628E;SKN;74;Je crois qu'il y a une autre chose ici, Ezéchiel chapitre 28, le verset 12. Voyons ce qui est dit dans Ezéchiel 28:12. Et je suis sûr qu'en étudiant ceci, qu'en examinant cela, qu'en voyant ce que dit;Ezechiel 28:12, Apocalypse 12:0, Ezechiel 28:12
59-0628E;SKN;88;Voilà Lucifer. Autrefois, il a habité en Eden. Maintenant, nous allons revenir sur ce point dans une minute, Lucifer en Eden, parce que nous avons une question sur la semence du serpent ici quelque pa;Marc 16:0, Matthieu 25:1
59-0628E;SKN;96;Ainsi, Charlie et les autres, étaient là-bas le lendemain matin, et les fusils ne faisaient que détoner, touchant des écureuils, mais moi j'étais assis derrière un arbre, me frottant les mains, disant;Matthieu 25:1
59-0628E;SKN;102;"Le Saint-Esprit vient sur une seule base; c'est quand vous répondez aux exigences de Dieu. Si jamais vous Le recevez, vous viendrez sur la base de Dieu et non selon vos propres pensées à ce sujet. Sat";Matthieu 25:1
59-0628E;SKN;111;Maintenant, c'est là que vous, bien-aimés, chers nazaréens et autres, avez dévié. Voyez? Tous nous... Pourquoi faillissez-vous? Pourquoi la Pentecôte est-elle passée et vous a-t-elle laissés? C'est pa;Romains 8:0, Ephesiens 4:30
59-0628E;SKN;138;Il n'y a plus de péchés. La question du péché est réglée. C'est la raison pour laquelle le péché paraît si sale aux yeux du Chrétien. C'est la raison pour laquelle les femmes qui sont là et qui porten;Matthieu 28:19, Actes 19:0, Matthieu 1:18, Matthieu 28:19
59-0628E;SKN;152;Ainsi, Pierre eut la même révélation. Maintenant, nous avons une vue bien exercée, là-dessus. Nous atteignons le but. Voyons voir si les disciples ont pratiqué ce genre de tir. Chaque fois qu'ils se r;Matthieu 7:21, Galates 1:8, Apocalypse 13:8, Ephesiens 1:4, Apocalypse 13:8
59-0628E;SKN;158;"Eh bien, cela ne peut pas... Vous ne pouvez pas atteindre une cible ici et une autre là-bas. Père, Fils et Saint-Esprit; vous dites : ""Qu'ils aillent de l'avant, ils ont raison!"" Et le Nom de Jésus, o";Apocalypse 13:8, Ephesiens 1:4, Apocalypse 13:8, Genese 4:0
59-0628E;SKN;171;"On parle de tenir bon! Ce n'est pas : Est-ce que je tiens bon? C'est : Lui, a-t-Il tenu bon? Ce n'est pas ce que moi j'ai fait qui compte; c'est ce que Lui a fait. Ce n'est pas : je vais cesser de fum";Genese 4:0, Genese 3:8, 1 Jean 5:18, Matthieu 19:9, Romains 4:8, Matthieu 19:9
59-0628E;SKN;183;"Ce n'était pas la postérité du diable, c'était la postérité du serpent. Et le serpent avait une postérité; la Bible dit qu'il en avait une. Et elle existe encore aujourd'hui, la postérité du serpent. ";1 Jean 5:18, Matthieu 19:9, Romains 4:8, Matthieu 19:9, 1 Jean 5:0, 1 Jean 5:16
59-0628E;SKN;189;"Et si un homme épouse une femme qui a mené une vie impure avant qu'elle ne l'épouse, et qu'ensuite elle vienne vers lui, même s'ils sont mariés depuis longtemps et qu'elle vienne lui dire ensuite : ""C";1 Jean 5:0, 1 Jean 5:16
59-1219;SKN;4;"Eh bien, ma femme est la personne qui me corrige; vous comprenez, mes frères, de quoi je parle. Elle m'a dit que les gens qui étaient dans le fond hier soir ne m'entendaient pas, parce que je parlais ";Actes 19:5
59-1219;SKN;10;Maintenant, les Hommes d'affaires Chrétiens ont projeté une importante série de réunions, il s'agit d'être premièrement en Floride pour leur conférence, de là, nous irons à Kingston, puis à Haïti, ens;Actes 19:5
59-1219;SKN;24;"Maintenant, nous avons ici quelques questions très difficiles, et nous allons tout de suite nous y mettre. Quelqu'un a regardé tous ces livres que j'avais. J'ai dit : ""Eh bien, un homme intelligent n'";Jean 3:3, Jean 3:16, Actes 2:0, Jean 17:17, Luc 24:49
59-1219;SKN;31;Je voudrais, juste une minute...Cela ne ferait pas de mal. C'est enregistré. Et s'il arrivait qu'un ministre - ou quelqu'un d'autre, ne soit pas d'accord avec ce que j'ai l'intention de dire maintenan;Actes 2:0, Jean 17:17, Luc 24:49, Jean 14:0
59-1219;SKN;48;"Maintenant, remarquez. Jésus leur avait ordonné de monter à Jérusalem et d'y attendre. Le mot ""tarder"" [""tarry"" - N.D.T] signifie ""attendre"" [""wait"" - N.D.T.], il ne signifie pas prier, il signifie ""a";(aucune ref proche)
59-1219;SKN;55;"Or, ils avaient peur des Juifs. Eh bien, souvenez-vous de cela. Ils avaient peur des Juifs. Alors, tout à coup, il y eut un bruit comme celui d'un vent impétueux. Ce n'était pas un vent impétueux; c'é";(aucune ref proche)
59-1219;SKN;63;Maintenant, je voudrais vous poser une question. A quel moment la rumeur a-t-elle commencé? S'ils durent sortir de cette chambre haute pour descendre l'escalier et aller dans le parvis du palais - ou ;(aucune ref proche)
59-1219;SKN;74;Après que Wesley eut prêché la Sanctification, beaucoup de petites branches en sont sorties, telles que les méthodistes wesleyens, les nazaréens, et ainsi de suite, qui firent en sorte que le feu cont;1 Samuel 18:10
59-1219;SKN;86;Maintenant, si quelqu'un entendait cette bande, ou si quelqu'un ici est en désaccord, rappelez-vous, faites-le amicalement, frère, parce que je vous aime. La première question, ce soir, est celle-ci :;1 Samuel 18:10
59-1219;SKN;96;"Si la Bible dit que Jésus-Christ est le même hier, aujourd'hui et pour toujours, Sa puissance est encore la même; le Saint-Esprit est pour quiconque Le désire, qu'il vienne et s'en tienne à la Parole.";(aucune ref proche)
59-1219;SKN;103;Et le jeune homme en question s'est mis en ordre. Il est revenu. Nous découvrons dans II Corinthiens qu'il s'est vraiment mis en ordre avec Dieu.;(aucune ref proche)
59-1219;SKN;109;La prédestination ou la prescience de Dieu sait tout au sujet des petits bébés (vous voyez?), tout ce qu'ils devaient faire. Et Il savait qu'ils mourraient. Il le savait. Rien ne peut arriver sans que;(aucune ref proche)
59-1219;SKN;123;"Maintenant, cher ami, pour revenir à votre question qui dit : ""Je préférerais prononcer cinq mille - cinq mots dans - de façon que les gens puissent me comprendre, plutôt que cinq mille (ou peu import";(aucune ref proche)
59-1219;SKN;129;Or, il y a une différence entre une prophétie et un prophète. La prophétie va d'une personne à une autre, mais un prophète naît prophète dès son berceau. Il a le AINSI DIT LE SEIGNEUR! On n'a pas à le;(aucune ref proche)
59-1219;SKN;149;"Voilà l'église pentecôtiste en action. Les mauvais esprits n'ont aucune possibilité de s'y glisser, parce que c'est déjà... La Bible le dit avec précision : ""Que trois parlent, chacun à son tour, et q";Hebreux 6:4, Jean 5:24, Jean 6:0
59-1219;SKN;157;Dites la vérité. Le Père Noël est une invention catholique au sujet d'un certain Kriss Kringle dit Saint Nicolas, un vieux saint allemand catholique d'il y a longtemps, qui allait partout, faisant du ;Hebreux 6:4, Jean 5:24, Jean 6:0, Hebreux 10:0
59-1219;SKN;178;Maintenant, considérez ce qu'il dit. Maintenant, observez. Il y avait cette question-ci. Bon. Et puis, nous terminerons... Cette chose m'a tourmenté pendant des années.;(aucune ref proche)
59-1219;SKN;192;"Je dis : ""Je me demande ce que cela signifie?"" Seulement je... Or, je n'avais rien en tête pendant que j'étais là-bas. Je pensais simplement donc... Mais juste pendant que j'étais assis là, je me disa";Hebreux 6:0
59-1219;SKN;202;"Je vous en prie, ne croyez pas que je suis un radical. Si je l'ai été, je ne l'ai pas été intentionnellement. Si je... J'espère avoir répondu à ces questions; je l'ai fait au mieux de ma connaissance.";Hebreux 6:0
59-1223;SKN;1;"Vous avez quelque chose à prêcher? [Quelqu'un dit : ""Non, monsieur."" - N.D.E.] Qu'en est-il de Frère Beeler là-bas? [""Je ne sais pas.""] Frère Beeler, avez-vous un message pour ce soir? [Frère Beeler d";Hebreux 6:4, Hebreux 10:26, Romains 7:25
59-1223;SKN;9;"Ma soeur Dolorès disait : ""Bill, je... quand l'église était... quand il y a eu la puissance dans l'église, disait-elle, j'ai senti comme si je pouvais m'envoler. Et alors, quand tout le monde... le Sa";(aucune ref proche)
59-1223;SKN;15;Ainsi, en même temps, avec cette grande Eglise du Dieu vivant, courbons maintenant la tête juste un moment. Et que chacun de vous, à sa propre façon, prie Dieu pour qu'Il oigne ces tissus. Maintenant,;(aucune ref proche)
59-1223;SKN;22;Bien, maintenant, m'entendez-vous bien là au fond, très bien, là au fond, ce soir? C'est bien. Je pense que nous serons très heureux lorsque nous aurons une autre église ici, parce que ces petites cho;(aucune ref proche)
59-1223;SKN;30;Bien, Divin Père, nous abordons les questions maintenant. Nous venons très, très sincèrement. Et - et ces précieuses personnes, Seigneur, ont posé ces questions qui sont sur leurs coeurs, et il y en a;Apocalypse 22:0
59-1223;SKN;40;Bien, dans cet homme se trouvaient certains esprits qui furent chassés des pourceaux à Gadara. Certaines pauvres gens sont là dans des asiles de fous, se cognant la tête contre des murs capitonnés des;Apocalypse 22:0, Jean 5:24, Jean 6:0
59-1223;SKN;48;"Il y a un instant, nous avons eu cette question concernant la prédestination, elle est ici quelque part, et elle se rapporte à la même chose. Vous devenez une partie de Dieu; et si Dieu S'est divisé à";Jean 5:24, Jean 6:0
59-1223;SKN;65;Ce Saint-Esprit devrait être plus important pour vous que toute autre chose au monde : votre prestige, votre vie, votre travail, quoi que ce soit que vous avez! Vous ne devriez pas vous arrêter jusqu';(aucune ref proche)
59-1223;SKN;81;"Et je me disais : ""Je ne saurais jamais être Chrétien."" Mais laissez-moi vous dire que, ce soir-là, là sur l'avenue Ohio, quand le Saint-Esprit est venu en moi, cela a réglé la question de la colère. ";Romains 7:0, Romains 7:22
59-1223;SKN;92;"Je dois... J'ai oublié; j'y ai jeté un coup d'oeil l'autre jour, lorsque j'ai reçu cette question, mais j'oublie exactement ce que c'est. Répondons à la question de cette chère personne, si possible. ";Romains 7:0, Romains 7:22
59-1223;SKN;98;Je désire vous poser une question. Vous est-il souvent arrivé à vous qui êtes ici... à beaucoup d'entre vous de connaître des moments où vous - vous saviez bien que quelque chose allait arriver? Cela ;(aucune ref proche)
59-1223;SKN;109;Je vais vous dire ce que vous devriez faire. J'ai remarqué ceci : ma femme et moi... Je vais me dépêcher pour rentrer, parce qu'il ne me reste plus que quelques minutes, et j'ai ici quelques questions;Jeremie 1:4, Ephesiens 1:0
59-1223;SKN;128;Vous ne... L'église... Je ne crois pas que de ce côté de - de l'éternité vous vous rendez compte de ce que vous êtes, de la position que vous occupez, de là où Dieu vous a placés, vous qui êtes rempli;1 Jean 1:8, 1 Jean 1:8
59-1223;SKN;144;"Bien, vous étiez dans le monde et disiez : ""Oh! vous savez, le luxe, les beaux vêtements ou quelque belle chose, et il y a la religion à côté."" Voyez-vous? ""Oh! je vais à l'église, assurément. Je ne v";(aucune ref proche)
59-1223;SKN;171;La Semence de Dieu demeure en Lui. Le Saint-Esprit vient pour demeurer, non pas dans l'espace d'une réunion à une autre, mais pour l'éternité. Maintenant, si vous désirez noter cela, l'Ecriture à ce s;Ephesiens 4:30, Hebreux 4:0, Hebreux 6:0, Hebreux 10:26, Deuteronome 1:0
61-0112;SKN;3;"Et il n'y a rien - rien ici... quelquefois, la raison pour laquelle j'ai mentionné les ""hommes"", c'est que les hommes peuvent parfois, entre hommes, poser une question à laquelle on ne pourrait répond";(aucune ref proche)
61-0112;SKN;10;Eh bien, il n'y a pas de noms, quelques-unes portent des noms, mais je - je ne citerai pas les noms des gens. Car quelle que soit la question, je vais juste la lire. Il n'y en a que deux là-dedans qui;(aucune ref proche)
61-0112;SKN;16;"Et ces réponses ne sont pas infaillibles, voyez-vous; en effet, ce sont les Ecritures qui sont infaillibles, et autant que je sache, elles sont en accord avec les Ecritures. J'espère que c'est clair. ";(aucune ref proche)
61-0112;SKN;26;Maintenant, j'ai environ quatre questions ici, sur le... c'est sur un - c'est sur un bout de papier, et je les ai numérotées : une, deux, trois, quatre, cinq, six,... huit, dix, et ainsi de suite. Et ;(aucune ref proche)
61-0112;SKN;37;"S'il est - s'il brûle de le faire, vous savez, premièrement il se montre prétentieux. Il dira par exemple : ""Ô Dieu, donne-moi la puissance pour déplacer des montagnes; je T'assure que je ferai quelqu";(aucune ref proche)
61-0112;SKN;43;Maintenant, s'il y a une question là-dessus, une question à ce sujet, voyez-vous, quand l'appel d'un homme vient de Dieu, cela doit être dans son coeur. Et - et un autre frère... Oh, je sais qui a écr;(aucune ref proche)
61-0112;SKN;59;Voyez-vous ce que je veux dire? Vous pouvez voir, par la façon dont le Seigneur vous appelle, ce qu'est votre position dans le Corps. Y a-t-il une question? 110. TOUS CEUX QUI SONT REMPLIS DU SAINT-ES;(aucune ref proche)
61-0112;SKN;68;"Mais maintenant, à l'étape suivante, on devrait se poser cette question : ""Dois-je alors simplement rester sur place?"" Non! Non! Le maïs est arrivé à maturité. Voyez-vous? Commencez avec le grain. Com";(aucune ref proche)
61-0112;SKN;94;"Paul a dit : ""Les langues cesseront. Les prophéties prendront fin. Tous ces dons disparaîtront bientôt."" (Nous avons reçu cette question un peu en retard.) ""Mais quand ce qui est parfait sera venu, ce";Esaie 28:0
61-0112;SKN;100;Je veux vous poser une question, frères : Avez-vous déjà senti le Saint-Esprit vous secouer au point où vous n'arrivez plus à parler, vous restez simplement calme pendant un moment, vous restez simple;(aucune ref proche)
61-0112;SKN;114;"Nous avons eu une question à ce sujet ici. La raison pour laquelle je la gardais comme ceci, c'est parce que nous avons eu la même question : ""Sont-ils censés se taire?"" Vous voyez? C'est pourquoi dan";Actes 2:4
61-0112;SKN;122;"Y a-t-il une autre question maintenant? [Frère Roy Roberson dit : ""Bien, Frère Branham, je pense que nous avons vu cela arriver dans la ligne de prière avec cette fille espagnole."" - N.D.E.] Oui. Très";(aucune ref proche)
61-0112;SKN;132;Tout ce qu'Il désire, c11'est vrai. C'est tout à fait juste. Et, voyez donc de quoi il est rempli, alors vous saurez à ce moment-là si oui ou non vous avez le Saint-Esprit. Voyez-vous? Voyez simplemen;(aucune ref proche)
61-0112;SKN;141;"Maintenant, voyez-vous, ""les esprits des prophètes"". Nous - nous avons une autre question maintenant, laissons cela juste pour une minute. Voyez-vous? La manière vraiment correcte pour ces... pour l'o";(aucune ref proche)
61-0112;SKN;161;"Maintenant, premièrement Willard Collins dit : ""Cela vient du Seigneur."" Junie dit : ""Cela vient du Seigneur - Seigneur."" Ça fait deux sur trois. Ça va! On écrit cela sur une feuille, on annonce cela ";(aucune ref proche)
61-0112;SKN;169;"""N'avez-vous pas peur de commettre une erreur, Frère Branham, quand vous dites une telle chose à un homme?"" Et qu'en serait-il si depuis l'estrade, on disait à un homme qu'il a été infidèle à sa femme";(aucune ref proche)
61-0112;SKN;185;Premièrement, le Saint-Esprit commença à lui dire qui il était, ce qu'il avait fait, ce qui s'était passé dans sa vie, tout à ce sujet, voyez-vous, directement, lui disant tout. Banks est témoin. Il n;(aucune ref proche)
61-0112;SKN;208;Voici un - un champ plein de blé. Et dans ce champ sont plantés de la stramoine, des graterons, ou que sais-je encore, de l'ivraie. Eh bien, une sécheresse survient. Eh bien, la stramoine et le grater;Hebreux 6:0
61-0112;SKN;221;Bien, je pense que c'était l'essentiel. Eh bien - eh bien alors que je lis celle-ci maintenant, s'il y a une question... Y avait-t-il une autre question sur ceci? Le comprenons-nous tous? Comprenons-n;Hebreux 6:0, Actes 2:38, Matthieu 28:19
61-0112;SKN;274;Y a-t-il une question? Très bien, nous essayons de comprendre ce que Dieu dit, vous voyez. Eh bien, j'ai... Frère Stricker, je dirai ceci à ce sujet, quant à ceci, essayez de ne pas y penser, voyez. L;(aucune ref proche)
61-0112;SKN;290;"Maintenant, non, il s'agit de la - la personne qui donne le message. C'était ça votre question, je crois. ""La personne qui donne le message, pourra-t-elle... Est-ce que - est-ce que... La personne qui";Actes 19:0
61-0112;SKN;312;Ainsi, cherchons les dons de prophétie en plus des dons de parler en langues. Mais quand on parle en langues, vous voyez, il doit y avoir l'interprétation. Et alors, quand cela est interprété, c'est l;Matthieu 18:10, Matthieu 18:10
61-0112;SKN;343;Bon, voyons exactement maintenant ce qu'était sa question. Il est dit ceci : JE CROIS QUE TOUS LES MESSAGES... (c'est juste)... DEVRAIENT ETRE INTERPRETES, ET CELA PAR TROIS, CHACUN A SON TOUR.;(aucune ref proche)
61-0112;SKN;355;Très bien, et je pense... Maintenant, ceci est la dernière question avant que nous en arrivions à celles-ci. 120. FRERE BRANHAM, QUELQUES-UNES DE CES... PEUVENT - PEUVENT-ELLES... FRERE BRANHAM, QUELQ;(aucune ref proche)
61-0112;SKN;380;Non. Ce devrait être l'un après l'autre. Voyez-vous? Un donne... Un parle, puis donne l'interprétation. Voyez? Et ensuite si un autre parle, qu'il y ait une interprétation, car dans le cas contraire l;Luc 3:0
61-0112;SKN;388;Permettez-moi de rendre cela... Je sais que je - je ronge mon temps ici, et j'ai ces autres questions qui sont très bonnes. Je ne veux pas... Il est - il est dix heures passées maintenant, donc... et ;(aucune ref proche)
61-0112;SKN;431;Alors, si ceci est le véritable Message de Dieu qui prépare la Venue, celui de Jean-Baptiste, le même... par exemple la même chose, le Message d'Elie, on devrait le considérer de la même manière. Voye;Matthieu 3:0
61-0112;SKN;476;"Eh bien, voyons. J'imagine le ""... fait..."" Voyez si vous lisez cela comme moi. Lisez cela. [Un frère lit la question : ""Un prédicateur ou un chrétien fait-il bien en refusant de croire à la sécurité ";(aucune ref proche)
61-0112;SKN;485;Frère, eh bien, si vous revenez ici et que vous preniez l'ancien registre de cette église, vous découvrirez que j'ai été pasteur de cette église pendant 17 ans, et je prêchais chaque jour, je prêchais;(aucune ref proche)
61-0112;SKN;492;"Je dis : ""Monsieur, puis-je être excusé pour ce soir, ou bien voudriez-vous répondre à certaines de mes questions?"" Voyez-vous?";(aucune ref proche)
61-0112;SKN;514;"""Non, dit-il, nous le laisserons simplement tranquille et nous prierons pour lui, dit-il. Nous n'en avons pas encore perdu un seul. Ils reviennent toujours d'une manière ou d'une autre.""";(aucune ref proche)
61-0112;SKN;520;"Je suis content de vous voir tenir bon ainsi, il n'y a pas de désordre, pas de mécontentement, pas de confusion. Il n'y a pas eu de débat autour d'une question où l'on a dit : ""C'est faux, ceci est fa";(aucune ref proche)
61-0112;SKN;528;Frère Beeler, là-bas, est l'un de nos frères évangélistes. J'espère qu'un jour je pourrai tomber sur l'une de vos réunions quelque part, frère, j'espère que je pourrai exercer une influence, avoir que;(aucune ref proche)
61-0808;SKN;1;Je vous assure, cela pourrait… cela… Je sais que vous ne venez pas là pour m’écouter, moi. Voyez-vous ? En effet, personne ne pourrait effectuer d’aussi longues distances en véhicule pour écouter un p;Esther 21:0
61-0808;SKN;8;Maintenant, ce soir, je me suis dit, Père, que nous allons voir ce que les gens ont sur le coeur. Tu connais leurs coeurs. Et je Te prie, Père, de m’aider dans… à répondre à leurs questions, afin que ;(aucune ref proche)
61-0808;SKN;17;Et alors, tout à coup, quand le prisonnier ou plutôt le centurion romain, il devait avoir – devait avoir… Le garde qui était à la porte s’est certainement dit que cette nuit-là, pendant que Paul et Si;(aucune ref proche)
61-0808;SKN;31;Si donc je prie Dieu de sauver ces adolescents, et que je crois de tout mon coeur, Il le fera, voyez-vous, c’est de la même manière que Job s’en est tenu là. Vous dites : « Oh ! regardez-moi cet enfan;(aucune ref proche)
61-0808;SKN;41;Mais, rappelez-vous tout simplement, quand vous croyez en Lui, que vous avez foi en Lui et Lui faites confiance, ne – ne cherchez pas à vous efforcer à faire la chose. Restez simplement avec Lui et pl;(aucune ref proche)
61-0808;SKN;60;Très bien, en as-tu une autre là, mon fils Jimmy ? [Frère Jimmy lit la question suivante : « Nous comprenons que le monde fut créé par la foi. Voulez-vous expliquer la … ?… sur la foi ? » – N.D.E.] Un;Actes 2:0, Apocalypse 7:0
61-0808;SKN;67;Très bien, frère Jimmy. [Frère Jimmy lit la question suivante : « I Corinthiens 16.22, expliquez… » – N.D.E.] Voyons, I Corinthiens 16.22. Très bien, monsieur. Juste une minute. Ces – ces petites – ce;Actes 2:0, Apocalypse 7:0, Esther 22:0
61-0808;SKN;73;[Frère Jimmy lit la question suivante, portant sur les trois esprits impurs – N.D.E.] …qui sont sortis de l’Apocalypse, qui sont sortis de la bouche du faux prophète, du dragon et ainsi de suite. Eh b;Esther 22:0
61-0808;SKN;81;Et vous l’avez remarqué il y a un instant, pendant que je expliquais – j’expliquais cela, il y a un instant, la même chose, concernant ce Romain-là, voyez-vous, en disant : « Crois au Seigneur Jésus-C;(aucune ref proche)
61-1015M;SKN;1;... ces questions avant que je ne vienne à la chaire, mais frère Moore m’a appelé d’urgence et j’ai pensé que quelqu’un était très malade, mais il voulait simplement qu’on ait une réunion. J’ai donc e;(aucune ref proche)
61-1015M;SKN;7;Si donc je ne réponds pas à ces questions selon votre croyance... Eh bien, rappelez-vous toujours que c’est au mieux de ma connaissance. Et puis, quelquefois peut-être je – à ce propos, je n’aurai qu’;(aucune ref proche)
61-1015M;SKN;20;Et puis, je pense que si nous pouvons avoir ici une question, quelque chose d’autre qui y est aussi lié... Et rappelez-vous simplement que là où se trouve le péché, c’est exactement là qu’il y a la mo;(aucune ref proche)
61-1015M;SKN;27;Seigneur, aujourd’hui comme le sort tombe sur les réponses aux questions, nous sommes conscients que ces choses qui sont sur les coeurs des gens sont profondes et sincères. Ils n’ont pas posé des ques;Actes 2:38, Actes 2:38, Matthieu 28:19
61-1015M;SKN;37;Maintenant, dans ces questions que je... Certaines d’entre elles, je n’y ai même pas jeté un coup d’oeil. Il se peut que j’épelle lentement les mots pour découvrir ce que c’est. Ce n’est pas à cause d;Actes 2:38, Actes 2:38, Matthieu 28:19, Actes 19:5
61-1015M;SKN;48;Maintenant, la question suivante, c’est... Bien sûr, c’est tout à fait scripturaire. C’est la Vérité.;Actes 19:5, Hebreux 6:4, Hebreux 6:4, Hebreux 10:0, Hebreux 10:26, Hebreux 6:4
61-1015M;SKN;58;Bon, je crois sincèrement de tout mon coeur, que la réponse qu’il faut à cette question est que le baptême correct se fait au Nom de Jésus-Christ et que ceux qui ont été baptisés autrement et qui, san;Hebreux 6:4, Hebreux 6:4, Hebreux 10:0, Hebreux 10:26, Hebreux 6:4, Hebreux 10:0
61-1015M;SKN;65;Maintenant, pour relier ces deux Ecritures, et faire ressortir la question pour vous, prenons une Ecriture et une personne dans la Bible qui a fait cela, et alors nous pourrons comprendre.;Jean 21:15
61-1015M;SKN;79;"En d’autres termes, celui qui arrive à la justification s’en va dire: «Je pense que je vais prêcher la Parole.» Il est sauvé; et il dit : «J’en ai assez du péché.» Très bien. Alors il s’en va, et pour";Jean 21:15
61-1015M;SKN;85;Eh bien, c’est ce qu’Il voulait dire par «Pais Mes brebis». Si nous continuons là-dessus, nous ne pourrons jamais aborder les autres questions, car ça, c’est une bonne question pour moi. J’aime cela, ;(aucune ref proche)
61-1015M;SKN;93;Puis, ayant cessé de prier, je me suis appuyé comme ceci sur une chaise écoutant, et il a simplement continué de parler. Je me suis dit : «Eh bien, je me demande pourquoi personne ne lui répond.» Et j;(aucune ref proche)
61-1015M;SKN;105;Il a posé deux questions ici, c’est vrai. Cela – cela est vrai. Il n’est pas correct que les femmes soient des ministres et – et qu’elles parlent à l’église. C’est vrai, I Corinthiens chapitre 14.;(aucune ref proche)
61-1015M;SKN;124;Souvenez-vous, le corps... Je vais parler d’une façon voilée maintenant afin que vous qui êtes plus âgés compreniez. Ceci est un groupe mixte, et je suis votre frère, et c’est une question. Voyez?;(aucune ref proche)
61-1015M;SKN;142;Mais dès que je me suis mis en route, le Saint-Esprit m’a dit: «Ne fais pas cela.» Oh! c’est vraiment bien d’avoir le Saint-Esprit. «Ne fais pas cela.» Eh bien, juste à ce moment-là, je – j’ai dit : «;(aucune ref proche)
61-1015M;SKN;148;Si vous remarquez – si vous avez réellement reçu le Saint-Esprit, vous êtes sauvé éternellement. Je peux prouver cela par les Ecritures, et nous l’avons fait à maintes reprises. Mais, pour gagner le t;(aucune ref proche)
61-1015M;SKN;162;Mais les femmes, si elles possèdent un don... Eh bien, la façon juste, je crois, quand nous nous rassemblons, assez tôt... Lorsque notre église sera un petit peu mieux aménagée ... Et – et à propos, i;Matthieu 5:0
61-1015M;SKN;168;Eh bien, maintenant, mon frère, voici la seule manière pour vous de le faire. Eh bien, c’est un grand sujet, et un jour je – je veux que quand – quand l’église sera organisée et mise dans la position ;Matthieu 5:0
61-1015M;SKN;175;Eh bien, je pense que tous les crucifix sont les mêmes, si je ne suis pas... Je ferais mieux de vérifier cela. Mais il est écrit dessus : I-R-N-I, ce qui signifie : «Jésus de Nazareth, le Roi des Juif;(aucune ref proche)
61-1015M;SKN;182;Non, monsieur! Vous, soyez un chrétien où que vous soyez. Peu m’importe où vous êtes, vous pouvez toujours rester un chrétien. 163. Quel est, à votre avis, le meilleur moyen pour connaître la... Seign;Matthieu 16:9, Matthieu 16:9, Matthieu 16:10, Apocalypse 2:9
61-1015M;SKN;192;Oh! je vous assure, aussitôt que vous dites que vous avez le Saint-Esprit, Satan braque directement sur vous toutes les armes et tire sur vous. Revêtez-vous donc de toutes les armes, ensuite prenez le;Matthieu 16:9, Matthieu 16:9, Matthieu 16:10, Apocalypse 2:9, Apocalypse 2:0, Apocalypse 21:0
61-1015M;SKN;201;Maintenant, voyons, la dernière question ici était : «La nouvelle Jérusalem est-elle spirituelle? Non, non, la nouvelle Jérusalem que Jean a vue descendre du ciel d’auprès de Dieu, ce n’est donc pas l;Apocalypse 21:0
61-1015M;SKN;223;Combien aiment le Seigneur? Amen! Bon, après que nous avons eu ces questions, et il y en a qui sont tranchantes et tout, et peut-être qu’on y a répondu... Peut-être que je ne les ai pas traitées comme;(aucune ref proche)
61-1015M;SKN;229;Oh! Dieu, apparemment, quel refus catégorique! Et pas seulement cela, mais elle fut appelée chienne. Cependant au lieu d’être arrogante à cause de cela, mais avec beaucoup de douceur et d’humilité, el;(aucune ref proche)
61-1015M;SKN;244;"Et simplement nous – pensons un peu combien Il est grand, et ce qu’Il a fait pour nous. Qu’aurions-nous fait sans Lui? Pensons à la manière dont nous L’avons vu; rien de ce qu’Il nous a déjà dit au tr";(aucune ref proche)
62-0527;SKN;8;Je me suis donc dit qu’avant de partir, il me semble qu’il serait une bonne chose que l’on pose un peu quelques questions. Vous savez, vous découvrez ce qu’il y a dans les coeurs des gens, quand ils p;(aucune ref proche)
62-0527;SKN;16;Donne-nous ce soir la réponse à ces questions, afin que nous puissions satisfaire chaque coeur par Ta Parole. Car nous le demandons au Nom de Jésus. Amen.;(aucune ref proche)
62-0527;SKN;22;Bon, quand les gens ont posé ces questions, je me suis dit que cela pourrait me permettre d’appréhender vos – vos préoccupations. J’en ai eu deux. Alors que je franchissais la porte, Billy m’a dit qu’;(aucune ref proche)
62-0527;SKN;28;Maintenant, la première se trouve, je pense, dans 1 Corinthiens, au chapitre 7, verset 15. Nous allons donc essayer d’aller à cette Ecriture afin de voir à quoi cela ressemble, et voir si nous pouvons;(aucune ref proche)
62-0527;SKN;36;Maintenant, ici même ce serait comme si cela donnait... Et c’est ainsi que vous voyez des contradictions dans la Bible, mais il n’en est pas ainsi. Maintenant, ici, c’est comme si la personne voudrait;Genese 1:26
62-0527;SKN;46;Un croyant déjà réconcilié avec une conjointe vivante et qui se remarie, cela n’existe pas. Maintenant, en voici une autre. La deuxième est formulée comme suit: 170. Quel genre de corps le méchant aur;Genese 1:26, Genese 2:7, Genese 1:26, Genese 1:26, Genese 1:21
62-0527;SKN;55;Voyez-vous, Satan avait déjà séduit Eve. Naturellement, Adam la connut, mais elle avait déjà été séduite. Car bien avant, là-bas, il ... quand ils... avant qu’ils en arrivent... Quand ils en sont arri;Genese 1:26, Genese 1:21
62-0527;SKN;97;"Oh, là où Elle dit.. Les gens disent : «Elle se contredit.» Vous êtes en train de lire étant ici en bas; montez ici et lisez-La, alors, c’est tout à fait autre chose. Vous voyez? C’est vrai. Assurémen";(aucune ref proche)
62-0527;SKN;108;Je ne suis pas venu à l’église ce soir à cause d’une loi. Je me sens fatigué, je–je–je suis tendu, je suis bouleversé, je me demande bien ce qui arrivera, mon coeur brûle au point que j’ai des palpita;(aucune ref proche)
62-0527;SKN;124;Vous pouvez penser que vous êtes aussi attaché, frère, soeur, vous qui avez posé cette question. Vous pouvez penser que le diable vous a attaché là, mais il ment. Un jour, un Homme est venu sur la ter;(aucune ref proche)
62-0527;SKN;136;Et qu’importe que je vive ici ou que je sois enseveli là-bas? Car, si ma peine de mort a déjà été expiée, je serai là avant ceux qui sont en vie. C’est vrai. «Voici ce que je déclare... (II Thessaloni;(aucune ref proche)
62-0527;SKN;147;Si j’achetais un – un... L’autre jour, quelqu’un est venu et m’a écrit une note, il disait, une – une longue lettre, et il disait : «Frère Branham, je ne sais que faire.» Il a dit : «Ma femme et moi a;(aucune ref proche)
62-0527;SKN;164;Eh bien, il n’y a pas longtemps, quelqu’un m’a écrit et m’a posé une question, disant : «Si vous ne croyez pas que l’Eglise passera par la Tribulation, qu’en est-il d’Apocalypse 13, comment ont-ils va;Malachie 3:0, Malachie 3:0, Matthieu 11:0, Malachie 3:0, Malachie 4:0, Malachie 4:0
62-0527;SKN;181;Cela se passera-t-il comme à la venue de Jean où même les disciples élus n’ont pas pu reconnaître cela? Ils demandèrent : «Pourquoi les scribes disent-ils qu’il faut qu’Elie vienne premièrement?»;(aucune ref proche)
62-0527;SKN;193;Et je parlais à ma femme, j’ai dit : «Chérie, cela fait environ une année et quatre mois que je ne sais où aller.» J’ai dit : «Je n’en ai aucune idée.» Elle a dit... Nous parlions du déménagement. J’a;(aucune ref proche)
62-0527;SKN;225;Et je – je peux dire une chose, mais je suis très mal compris. Ou que je dise que c’est comme ceci, je... c’est comme ceci ou comme cela, quelqu’un saisit cela de travers. Et ce qui arrive, c’est que ;(aucune ref proche)
62-0527;SKN;231;Toutefois, le Seigneur voulant, juste avant que frère Boze ne vienne dimanche, je pourrais venir dimanche matin et parler sur ce sujet de l’Evangélisation du temps du soir, ou quelque chose de ce genr;(aucune ref proche)
62-0527;SKN;242;Puissions-nous nous préparer maintenant, Seigneur! Quel temps merveilleux ce sera quand nous nous préparerons à aller à Ta rencontre, Père! Puissions-nous préparer nos coeurs chaque jour! Et si vraime;(aucune ref proche)
63-0324M;SKN;5;Et ce–c’est un peu une heure de tension pour moi. Ça a été comme ça toute la semaine. Maintenant, ceci c’est mon... c’est le huitième jour que je passe dans une pièce. Et j’ai constaté qu’il y avait i;1 Corinthiens 12:0
63-0324M;SKN;29;Père céleste, nous sommes sur le point de dé-... d’ôter la fermeture de ce Livre, pour L’ouvrir, la partie physique, en–en essayant de retransmettre ce que Tu nous as dévoilé dans le domaine spirituel;Matthieu 25:0
63-0324M;SKN;35;De toutes les fois que j’ai été derrière la chaire, au tabernacle, je n’ai jamais, jamais, à aucun moment de mon ministère, oeuvré dans les sphères de Dieu et dans les sphères spirituelles comme cette;Matthieu 25:0
63-0324M;SKN;41;La plupart des questions qui sont posées se rapportent à ce côté de la trib-... ou, de l’Enlèvement de l’Eglise. Alors, vous voyez... Ce sont des questions qui concernent des choses qui vont venir et ;Matthieu 25:0
63-0324M;SKN;54;Mais, tant de gens situent toutes ces choses: le soleil qui s’obscurcit, la lune... Ils les ramènent loin là dans l’âge du christianisme. Ils ont tout simplement manqué de voir ces trois questions qui;Matthieu 24:0
63-0324M;SKN;61;Maintenant–maintenant, quant à celles-ci... Vous voyez, je–il va falloir que je me dépêche d’y répondre. En effet, vous voyez, chacune d’elles ferait l’objet d’un sermon de quatre semaines (Vous voyez;Matthieu 24:0
63-0324M;SKN;68;Maintenant, remarquez comment chacun de ces Sceaux... Ensuite j’en suis arrivé ici, et... ces trois questions qui ont été posées à Jésus-Christ: «Quel... quand ces choses arriveront-elles, quand est-c;Matthieu 24:0
63-0324M;SKN;75;Et puis on... D’une manière ou d’une autre lorsqu’on s’isole, c’est là que les mystères commencent à s’ouvrir. Alors, on voit aussi des choses qu’on n’ose pas dire aux gens. En effet, vous voyez, si o;(aucune ref proche)
63-0324M;SKN;81;Donc, celles-là seront une partie de l’Epouse. Ce sont elles qui vont la composer, vous voyez, toutes celles qui dorment. Et ne pouvons-nous pas absolument voir? [Panne du système d’enregistrement. Es;(aucune ref proche)
63-0324M;SKN;94;Si je suis en train de butter des pommes de terre, je vais continuer à les butter de toutes mes forces. Quand Il viendra, je lâcherai simplement la houe et je m’en irai. Vous vous souvenez de l’année ;Apocalypse 6:6
63-0324M;SKN;101;Donc, pour–pour ce qui est d’un passage de l’Ecriture, c’est sur ça que porte la question ici: «Y a-t-il une Ecriture?» Voyez? «Y a-t-il un passage de l’Ecriture?» Il n’y a pas un passage de l’Ecritur;Apocalypse 6:6
63-0324M;SKN;113;Il y a à peu près trois questions dans une seule, là. Mais, voici... Voici la première: [8 a]Est-il vrai que tous les Juifs qui sont nés, qui sont venus au monde depuis Christ, seront sauvés?;(aucune ref proche)
63-0324M;SKN;129;Absolument. C’est tout à fait exact. Très bien. Maintenant, s’il y a donc un... Maintenant, si je suis... Si je n’y ai pas répondu de manière satisfaisante pour vous, eh bien, peut-être que je–je pour;Genese 4:1, Matthieu 5:0
63-0324M;SKN;137;Alors, comment se fait-il que Caïn était un menteur, un meurtrier, et tout? D’où cela est-il venu? Posez-vous donc cette question. C’était la semence du serpent. Voyez? N’est-ce pas ce que dit la Bibl;Matthieu 5:0, Actes 2:38, Matthieu 28:19, Actes 2:0, Luc 24:49, Matthieu 28:19
63-0324M;SKN;154;Maintenant, j’aimerais vous poser une question. «Père», est-ce un nom? [L’assemblée dit: «Non.»–N.D.E.] «Fils», est-ce un nom? [«Non.»] Combien y a-t-il de pères ici? Lequel d’entre vous a pour nom «P;(aucune ref proche)
63-0324M;SKN;163;"Maintenant j’aimerais vous poser quelques questions. Maintenant, écoutez encore; vous–vous, dites-le. [Frère Branham montre du doigt chacun des trois objets dont il se sert pour illustrer.–N.D.E.] Qui";(aucune ref proche)
63-0324M;SKN;175;A l’époque où les pentecôtistes sont venus, ils ont formé le groupe des «Jésus Seul». Or, ça aussi, c’est faux. Comment Jésus pourrait-Il être Son propre Père? Voyez? Donc, ça règle cette question.;(aucune ref proche)
63-0324M;SKN;182;Mais ici, on fait clairement appel à une seule Personne, le Seigneur Jésus-Christ (Vous voyez?), l’Oint. Il n’y en a qu’Un seul. Eh bien, c’est exact. Ainsi, si vous voulez en savoir plus, écrivez une;(aucune ref proche)
63-0324M;SKN;190;Vous voyez, tout est en ordre. Tout fonctionne très précisément comme la grande horloge de Dieu (Vous voyez?), comme les aiguilles qui tournent. Votre nom y a été placé avant la fondation du monde, qu;(aucune ref proche)
63-0324M;SKN;258;"Il n’a pas dit: «Allez dire à Jean qu’il aurait dû avoir son doctorat avant d’aller dans le...» Voyez? S’il avait fait cela, il aurait été avec les autres; il aurait été de ceux qui rejetaient la chos";Malachie 3:0, Apocalypse 6:0, Apocalypse 5:9, Apocalypse 5:9, Apocalypse 6:11, Apocalypse 6:0
63-0324M;SKN;268;Lisons-le, pour que cette personne... Et ensuite, je vais essayer... Il m’en reste encore une demi-douzaine ici, et je pourrais les traiter en quelques minutes. Voyons. Apocalypse 5.9. Lisons donc un ;Apocalypse 5:9, Apocalypse 5:9, Apocalypse 6:11, Apocalypse 6:0, Apocalypse 6:0, Apocalypse 6:11
63-0324M;SKN;274;Mais Il était tellement décidé à ne pas me laisser commettre cette erreur qu’Il m’a fait revenir lire le reste de ce verset. Je... C’est comme si Quelque Chose m’avait envahi, comme une vague qui disa;Apocalypse 6:0, Apocalypse 6:11, Apocalypse 7:14, Apocalypse 6:6, 1 Corinthiens 11:24
63-0324M;SKN;282;Non. Celui–celui des Gentils qui aura été oint de cet esprit-là, pour appeler les Gentils à sortir, sera enlevé. En effet, vous voyez, l’Eglise entière aura été enlevée, tout aura été enlevé. Et ces d;Apocalypse 6:6, 1 Corinthiens 11:24
63-0324M;SKN;329;"Il était entré. Et Il leur a dit: «Liez-lui les pieds et les mains; jetez-le dehors, dans les ténèbres du dehors, où il y aura des pleurs, des gémissements et des grincements de dents.» Voyez? Il est ";Apocalypse 11:3, Malachie 4:0, 1 Rois 19:0, Malachie 3:0, Malachie 4:0
63-0324M;SKN;343;Satan a été relâché de sa prison, et il est allé rassembler tous les peuples, les méchants, pour les amener à cet endroit-là. Alors Dieu a fait pleuvoir du feu et du soufre, et ils ont été consumés, v;(aucune ref proche)
63-0324M;SKN;372;Et, ces autres prophètes, c’est difficile à dire, lorsqu’ils sortiront de la Judée là-bas, je ne sais pas où ils demeureront. Peut-être qu’ils camperont quelque part sur la colline, ou bien... Mais ce;(aucune ref proche)
63-0324M;SKN;378;Je vais poser une question. Comment se fait-il que quand... Jésus, dans Jean, chapitre 3, Il a dit: «Quand le Fils de l’homme sera... qui est maintenant dans le Ciel (Voyez?)... qui est maintenant dan;(aucune ref proche)
63-0324M;SKN;396;Par conséquent, il n’est question de la chair humaine que pour ce qui est d’accomplir l’acte, comme il en est du baptême, ou autre, avec la commission qui dit: «Voici les miracles qui accompagneront c;(aucune ref proche)
63-0324M;SKN;411;Ô Dieu, sur ce charmant petit couple, qui a mis au monde un des...?... Puissent-ils recevoir ce qu’ils demandent, Seigneur, au Nom de Jésus-Christ.;(aucune ref proche)
64-0823E;SKN;3;Il y avait environ trente ou quarante questions de plus. Je – je ne sais pas comment j’arriverai à les prendre. J’ai bien essayé, cet après-midi, de voir si je pouvais même les réduire à un nombre nor;(aucune ref proche)
64-0823E;SKN;21;Maintenant, que le Seigneur vous bénisse chacun. Nous allons tout de suite nous attaquer aux questions, et maintenant pendant environ... jusqu’à environ une heure quinze... Je ne saurai pas répondre à;(aucune ref proche)
64-0823E;SKN;27;Maintenant, comme nous commençons avec ces questions ce soir, j’en prendrai une ici et... Les appréciez-vous? Dites : «Amen!» [L’assemblée dit : «Amen!» – N.D.E.] Je pense que cela nous est profitable;(aucune ref proche)
64-0823E;SKN;33;Mais maintenant, regardez, laissez-moi juste vous demander... Laissez-moi dire ceci en réponse à cette question. Maintenant, êtes-vous prêts? Et pour vous qui écoutez la bande, voici la chose, soeur :;(aucune ref proche)
64-0823E;SKN;39;"Allez de l’avant et mariez-vous, voyez-vous? Continuez simplement comme si vous alliez vivre encore une centaine d’années ici sur terre. Allez tout simplement de l’avant; continuez à ne désirer que Ch";Jean 14:0
64-0823E;SKN;53;Il y a ici plusieurs questions sur : «Eh bien, est-ce que l’Epouse va...? Est-ce que ceci va...? L’Eglise et...» Voyez-vous? Vous – vous ne pouvez pas les séparer. L’Epouse, ce sont les Elus de Dieu. ;(aucune ref proche)
64-0823E;SKN;60;Un homme qui se marie devrait premièrement aborder cela avec beaucoup de prières. Vous ne devriez pas choisir une femme pour sa beauté extérieure, mais plutôt pour sa beauté intérieure, une femme qui ;(aucune ref proche)
64-0823E;SKN;69;"Une – une jeune fille est venue me voir; c’était une jeune fille Dunkard [membre d’une dénomination du groupe baptiste d’origine allemande – N.D.T], qui venait de recevoir le Saint-Esprit. Elle appart";(aucune ref proche)
64-0823E;SKN;76;Lorsque je suis allé à Saint-Angelo, à Rome (maintenant, pensez à ceci), au Vatican, à Rome, en Italie, ils avaient là, à Saint-Angelo, un écriteau disant : «Aux femmes américaines : Avant d’entrer da;(aucune ref proche)
64-0823E;SKN;82;«Est-ce que mon mari entendra la Parole, et que dois-je faire?» Comme je l’ai dit ce matin, soyez simplement salée! «Vous êtes le sel de la terre.» Votre mari verra votre manière de vivre chaste, et l;(aucune ref proche)
64-0823E;SKN;91;J’ai dit : «Mais un instant! Ce n’est pas contre Dieu que vous avez mal agi, mais vous êtes allée à l’encontre de vos vœux de mariage. Vous devez retourner vers votre mari et arranger cela d’abord.» E;(aucune ref proche)
64-0823E;SKN;97;Paul dit : «Quand je parlerais les langues des hommes et des anges, quand je donnerais mon corps pour être brûlé en sacrifice, quand je comprendrais tous les mystères de la Parole, quand je donnerais ;(aucune ref proche)
64-0823E;SKN;105;Et maintenant, quelle était cette autre question? Je deviens si tendu à propos de ces questions que j’oublie où on en était. L’une d’elles était si j’étais le Fils de l’homme, et... je pense que c'est;Hebreux 11:0
64-0823E;SKN;120;Or, cette pierre ne pourra pas s’ajuster là, au fondement de base ni au deuxième fondement ni au troisième fondement. Elle ne s’ajustera qu’au dernier fondement, quand l’édifice tout entier s’ajustera;Hebreux 11:0
64-0823E;SKN;146;Maintenant, «Naîtra-t-il des enfants dans le Millénium, ce règne de mille ans?» C’est la question que je me pose moi-même et dont je vous ai parlé l’autre jour. Je ne sais pas. Il semble tout à fait q;Matthieu 12:0
64-0823E;SKN;152;Oui! C’est – c’est mauvais pour n’importe quelle femme de se couper les cheveux. C’est juste une toute petite question. Avez-vous – avez-vous sommeil? Eh bien, nous – nous irons aussi vite que possibl;(aucune ref proche)
64-0823E;SKN;159;Une pauvre et brave petite femme commettra l’erreur d’épouser un alcoolique et – et ils se retrouveront dans cette situation, ou plutôt un pauvre homme qui aura épousé une prostituée sans le savoir, s;(aucune ref proche)
64-0823E;SKN;179;J’ai justement de bonnes questions ici, qui rejoignent celle-là : «Qui était cet homme en robe qui était entré et qui n’avait pas la robe de noces?», ainsi que toutes les questions qui se rattachent d;Hebreux 7:0
64-0823E;SKN;190;Non! Non! Ne vous mettez pas cela en tête, frère. Continuez à construire la maison. Continuez à faire tout ce que vous pouvez. Continuez simplement votre chemin jusqu’à ce que vous soyez appelé. Voyez;Matthieu 12:40
64-0823E;SKN;199;"Lisez les lois de l’Ancien Testament à ce sujet, voyez-vous? Dans la loi de l’Ancien Testament, si vous promettiez à une femme de l’épouser et que vous en épousiez une autre, vous commettiez adultère;";Matthieu 12:40, Jean 14:26
64-0823E;SKN;206;"Ainsi, le fait qu’il soit parlé de trois jours et trois nuits ne signifie pas qu’il devait en être exactement ainsi; c’est à un certain moment dans l’intervalle de ces trois jours et trois nuits. Il d";Jean 14:26, Matthieu 10:41
64-0823E;SKN;215;Pourrais-je dire à ma femme que je l’aime et – et avoir un rendez-vous avec une autre femme et courir çà et là, et ensuite lui dire sincèrement que je l’aime? Pensez-vous que ce serait un véritable am;Matthieu 10:41
64-0823E;SKN;221;Comme pour la femme sunamite, cela peut parfois vous être utile, voyez-vous? Ce fut le cas pour elle, voyez-vous? Observez les serviteurs de Dieu. Oh! la la! Maintenant, nous sommes... Il – Il me faut;(aucune ref proche)
64-0823E;SKN;228;Et j’en pense la même chose. Quand on vous voit là-dedans au milieu de toute cette fumée et ce chahut, et que l’on connaît votre témoignage... et tous les jurons et – et toutes les railleries qu’il y ;(aucune ref proche)
64-0823E;SKN;241;Cette grande Cité, qui se trouvera là (eh bien, voyez-vous, cela ne... Vous dites : «1500 miles [2413,5 km – N.D.T.] de haut?» C’est ce que la Bible dit. Or, ce ne sera pas 1500 miles à la verticale c;Esther 21:0
64-0823E;SKN;250;Ce n’est pas mon intention de répondre à ces questions, peut-être parfois d’une façon contraire. Si vous ne le croyez pas, c’est parfaitement en ordre. Je désire que vous m’aimiez quand même, parce qu;(aucune ref proche)
64-0823E;SKN;258;Or, il n’y a aucune loi indiquant d’observer un certain jour, parce que vous entrez dans le Sabbat de la paix quand vous entrez en Lui. J’ai là-dedans cette question à laquelle je répondrai de toute f;(aucune ref proche)
64-0823E;SKN;276;Seigneur Jésus, la fin d’un jour parfait... C’est comme quand nous nous tenons au sommet de la montagne et que nous regardons le soleil, quand les rayons rouges apparaissent là-bas, derrière les grand;(aucune ref proche)
64-0823E;SKN;285;Et, Père, au temps fixé par Toi... Je suis Ton serviteur. Si Tu désires que je continue ces questions la semaine prochaine, ou que je m’occupe de ces entrevues, révèle-le-moi, Seigneur, et fais-le-moi;(aucune ref proche)
64-0823M;SKN;4;Maintenant, nous sommes... Il y a tant à faire aujourd’hui. Je pensais, pendant que j’étais ici, que peut-être je prendrais quelques questions qui me permettraient de savoir ce qu’il y a sur le cœur d;(aucune ref proche)
64-0823M;SKN;11;Maintenant, que le Seigneur soit avec vous et vous bénisse abondamment. Et aussitôt que ce service sera terminé, j’irai chercher les autres questions et j’essaierai d’y répondre. J’inscris simplement ;(aucune ref proche)
64-0823M;SKN;26;Mais quand il vous arrive de sortir et de porter peut-être tel genre de blouse et de vous exhiber avec des courroies et différentes choses qui donnent une apparence impie et font que les hommes... réa;Matthieu 24:19, Matthieu 24:19, Matthieu 24:24
64-0823M;SKN;32;Maintenant, je les ai simplement empilées ici et je veillerai à ce qu’aux environs de midi moins cinq je puisse vous congédier. Et alors, revenez ce soir à 18h30'. La première question que j’ai, je cr;Matthieu 24:19, Matthieu 24:19, Matthieu 24:24
64-0823M;SKN;40;Et maintenant, voyez-vous ce qui est arrivé? Il dit alors : «Malheur à celles qui seront enceintes et à celles qui allaiteront en ces jours-là», voyez-vous, parce que lorsqu’il faudra fuir et courir..;Matthieu 24:24, Matthieu 24:26, Matthieu 24:28
64-0823M;SKN;46;"Maintenant, vous prédicateurs, je sais que cela va faire mal, mais je réponds à des questions; et je veux – je veux que vous compreniez cela, voyez-vous? Je vous dis simplement – simplement la Vérité ";Matthieu 24:26, Matthieu 24:28
64-0823M;SKN;52;Cela signifie qu’il y aura des antichrists, des anti-onctions, etc. Et que veut dire «anti»? «Anti» veut dire «contre». Ces mêmes créatures seront contre la Parole. Et elles seront dans le désert et d;Matthieu 24:28, Actes 10:47, Actes 22:16
64-0823M;SKN;58;Maintenant, la première chose qui arrive quand nous serons ressuscités... Ceux qui seront vivants resteront simplement encore... La résurrection arrivera premièrement, la résurrection de ceux qui dorm;Actes 10:47, Actes 22:16
64-0823M;SKN;64;Maintenant, pour commencer, cette question était : «Quand est-on sauvé?» Et la suivante – celle qui vient après : «Les péchés peuvent-ils être pardonnés en dehors du baptême d’eau, car Corneille avait;(aucune ref proche)
64-0823M;SKN;85;Maintenant, frères de la foi trinitaire, ceci n’est pas pour vous dénigrer, mes chers frères, je ne fais que répondre à des questions. Je ne fais qu’exprimer ce que j’en pense vraiment. Cette bande ar;Actes 19:0, Galates 1:8
64-0823M;SKN;98;Maintenant, il en est de même pour cette question-ci sur le baptême d’eau, voyez-vous? Dieu savait que ces gens allaient être baptisés au Nom de Jésus-Christ. Et Paul déclara qu’aucun homme, ni même u;Genese 6:4
64-0823M;SKN;107;Maintenant, cette – cette question sur la semence du serpent est là-dedans, ainsi nous allons... nous allons y arriver et je veux que vous gardiez ceci à l’esprit, voyez-vous? Ceci servira de base.;(aucune ref proche)
64-0823M;SKN;113;Et, voyez-vous, lorsqu’il vit Eve dans cette condition, il... Satan entra en lui et le fit... Voyez-vous, Adam n’avait pas encore découvert cela. Je – je ne sais pas comment le dire. Ce serait en ordr;(aucune ref proche)
64-0823M;SKN;121;C’est comme une dame me l’a aimablement écrit l’autre jour (c’est ici, dans une de ces questions) disant : «Frère Branham, vous n’êtes pas le Messie, n’est-ce pas?» J’ai répondu : «Non, Madame.» Elle ;(aucune ref proche)
64-0823M;SKN;136;Maintenant, je ne dis pas cela pour blesser vos sentiments, je ne fais que répondre à des questions. Vous m’avez posé sincèrement la question et je vous réponds sincèrement. Si vous trouvez la solutio;(aucune ref proche)
64-0823M;SKN;144;Bon, eh bien, maman, quand... Ma soeur, si votre mari veut que vous alliez à l’église méthodiste, allez-y. Vous n’aurez peut-être pas un pain entier, mais s’ils disent aussi qu’ils croient que Jésus-C;Luc 21:36
64-0823M;SKN;154;Jésus a dit : «Celui qui aime le monde (eh bien, le cosmos), ou les choses du monde, l’amour de Dieu n’est même pas en lui.» Il n’est pas amoureux du fiancé. Voyez-vous? C’est pourquoi elle doit en su;Luc 21:36, Jean 5:19
64-0823M;SKN;162;"Mais premièrement, vous voyez, c’est tout ce... Personne, Jésus Lui-même déclara : «Le Fils ne peut rien faire de Lui-même, Il ne fait que ce qu’Il voit faire au Père; et tout ce que le Père fait, Le ";Jean 5:19, 1 Timothee 2:9
64-0823M;SKN;172;Satan était l’ange le plus beau. Il était le chérubin le plus important. Regardez comment les femmes changent par rapport à ce qu’elles étaient auparavant. Combien se souviennent de Pearl... avoir lu ;1 Timothee 2:9
64-0823M;SKN;181;Maintenant, si pour vous je ne deviens simplement pas trop ordinaire, voyez-vous, cela devient juste quelque chose d’ordinaire. Vous y passez un jour et vous y repassez le jour suivant. Voyez? C’est –;Romains 26:0
64-0823M;SKN;193;Mais alors, observez l’âge pentecôtiste. Après qu’Il fut venu là, Il fit la promesse d'El Shaddaï, «Tète Mon sein». La question est : Peux-tu téter? Cela fut présenté aux pentecôtistes, voyez-vous? Po;(aucune ref proche)
64-0823M;SKN;199;L’un ou l’autre. Je prends Seigneur Jésus-Christ, voyez-vous parce que je pense qu’Il est notre Seigneur. Maintenant, le nom seul de Jésus, tel que certains de nos frères en font usage dans le baptême;(aucune ref proche)
64-0823M;SKN;208;Bien sûr que oui! Jésus l’a fait quand on n’était pas d’accord avec Lui. Allez-y. Nous remarquons qu’il est dit ici : «Devrions-nous aller à une autre église, celle qui n’est pas d’accord avec vous?» ;Marc 16:0
64-0823M;SKN;216;Merci, mon frère, du fait que vous me prenez pour votre – votre frère et je pense que c’est une très bonne question. Oui, mes amis, c’est une petite négligence. J’aimerais traiter de cela un peu plus ;Apocalypse 20:4
64-0823M;SKN;222;Maintenant, vous y êtes, à propos de la question d’il y a quelques instants. Vous voyez? Au jugement. Jésus... l’Église, l’Epouse est enlevée. Elle part dans la Gloire, est enlevée là-haut et est mari;Apocalypse 20:4
64-0823M;SKN;229;Eh bien, c’est probablement un garçon, à propos de son papa. Regardez, mon cher frère, vous êtes béni si vous prenez soin de votre papa, car votre papa a pris soin de vous quand vous ne pouviez pas pr;(aucune ref proche)
64-0823M;SKN;237;Et Junior se retourna pour regarder, et il me vit partir vers l’ouest, vers le soleil couchant, passant d’une montagne à une autre, très vite, devenant simplement... Et puis, ils se retournèrent pour ;(aucune ref proche)
64-0823M;SKN;243;Ne vous ai-je pas dit que si jamais un message était prêché, il le serait ici même dans ce Tabernacle, et que si je devais faire quoi que ce soit, je viendrais ici et vous le dirais premièrement, dire;(aucune ref proche)
64-0823M;SKN;250;Si je laissais ces gens rester là-bas et commencer à vivre d’aumônes, que va-t-il se passer? Et puis, c’est exactement ce que les dénominations et tous les autres attendent. «Ah, ah, je vous ai dit ce;(aucune ref proche)
64-0823M;SKN;258;Un prédicateur est venu me voir, l’autre jour, et m’a dit : «Frère Branham, ils commencent à pratiquer là-bas le culte le plus horrible que vous ayez jamais vu.» Il dit : «Chaque matin, ils sortent to;(aucune ref proche)
64-0823M;SKN;264;Maintenant, la Bible dit... Et si vous m’appelez prophète (je ne dis pas que je le suis, mais puisque vous m’appelez ainsi) souvenez-vous, je vous le dis au nom d’un prophète, voyez-vous?... au nom d’;(aucune ref proche)
64-0823M;SKN;272;Maintenant, tout ce que vous faites, Frère ou Soeur (c’est peut-être une personne jeune ou âgée, peu importe), vous avez dit... Elle n’arrive tout simplement pas à s’abandonner entièrement. Abandonnez;(aucune ref proche)
64-0823M;SKN;287;Selon mon opinion, si Dieu va juger l’église par le monde – c’est ce que dit l’église catholique... alors j’ai demandé à cet homme qui me questionnait... Il m’a dit : «Dieu jugera le monde par l’églis;(aucune ref proche)
64-0823M;SKN;300;Viens, c’est ce que nous voulons. Viens simplement, Père, nous attendons. Viens, Seigneur, prends-nous dans Tes bras. Pardonne-nous nos péchés. Il n’y a – il n’y a plus de justice dans ce monde. Une c;(aucune ref proche)
64-0823M;SKN;308;"Avez-vous faim? Très bien. J’ai faim de plus de questions. «L’homme ne vivra pas de pain seulement, mais de toute Parole qui sort de la bouche de Dieu.» Maintenant; je suis peut-être... certaines de c";(aucune ref proche)
64-0830E;SKN;2;Il a dit : «Frère Branham, les gens m’ont demandé si vous pouviez finir de répondre à ces questions.» Et je – je – je ne veux jamais me dérober à mon devoir. J’apprécie Frère Neville. Et peut-être que;(aucune ref proche)
64-0830E;SKN;9;Bien, passons maintenant aux questions aussi rapidement que possible et voyons si nous pouvons prendre le... Il y en a encore une autre ici quelque part. On y a mentionné «Numéro 3». Je crois que c’es;(aucune ref proche)
64-0830E;SKN;18;L’autre jour, il a été demandé dans une question : «Nous savons pourquoi vous êtes allé en Arizona pour la première fois, c’était pour ces Anges qui sont apparus. Pourquoi y êtes-vous retourné pour la;Romains 7:14
64-0830E;SKN;24;Si je devais prêcher ce soir, je prêcherais sur le sujet (je l’ai noté ici dans la Bible) : «La Vigne qui a été transplantée d’Egypte en Palestine». Combien parmi vous ont jamais su que Dieu avait dit;Romains 7:14
64-0830E;SKN;33;Je me souviens d’un Indien à Phœnix, en Arizona. Billy passait là, pour distribuer les cartes de prière. D’habitude, il se tient là et distribue les cartes de prière. Et ce sont les gens qui sont capa;(aucune ref proche)
64-0830E;SKN;40;C’était là-bas à Meridian, dans le Mississipi. Beaucoup d’entre vous, unitariens, Frère Bigby tenait – parrainait mes réunions, c’est un frère unitarien. Et un soir, lors d’une réunion, Billy Paul éta;(aucune ref proche)
64-0830E;SKN;47;Maintenant, si cette femme n’avait pas exécuté ce que Dieu lui avait ordonné, peut-être qu’elle aurait reçu une réprimande de l’Esprit, voyez-vous, et elle aurait désobéi à Dieu. Chaque fois, si vous ;Apocalypse 22:8
64-0830E;SKN;65;"Puis, il y a un Ange surnaturel qui vient d’en haut, de la part du Seigneur, un Messager comme Gabriel et – et Michaël, Absinthe [Frère Branham dit Woodworm ; en anglais, c’est «Wormwood» qui signifie";Malachie 4:0, Apocalypse 7:0, Malachie 4:0
64-0830E;SKN;81;Je crois peut-être que, si le Seigneur le permet, ceci est un petit groupe qui en fait partie. Peut-être qu’il y a un autre petit groupe en Asie, un là, en Allemagne, un autre là, ailleurs. Lorsque j’;Job 14:21, Job 14:0
64-0830E;SKN;87;Oui. Job 14, c’est : « Si un homme meurt, revivra-t-il?» Oh, si un homme meurt... Job parle de la résurrection (je pense que j’ai eu cette question l’autre matin, n’est-ce pas? Ou était-ce chez Charli;Job 14:0
64-0830E;SKN;93;Les incroyants passeront par la période de tribulation avec les vierges endormies, et tous les autres (incroyants et vierges endormies), et le reste d’Israël qui doit être retiré. 405. Frère Branham, ;(aucune ref proche)
64-0830E;SKN;103;Je bondis, le percuteur de mon fusil tiré en arrière, je dis : «Maintenant, lequel d’entre vous veut mourir le premier pour ne pas voir les autres?» Ils se mirent à crier. Je dis : «Ne criez pas, parc;(aucune ref proche)
64-0830E;SKN;111;Dieu a créé l’homme pour qu’il ait l’air d’un homme, qu’il agisse comme un homme et qu’il s’habille comme un homme. Il a créé la femme pour qu’elle fasse de même, qu’elle s’habille comme une femme, qu;Marc 16:0, 2 Timothee 4:0, Matthieu 24:28
64-0830E;SKN;117;Ainsi donc, si – s’il y avait quelque chose que je désirais faire, et que je me sentais conduit à le faire, je le ferais. Oui, monsieur! Il n’y a rien qui dit de ne pas le faire. Il n’y a rien, Sœur, ;Marc 16:0, 2 Timothee 4:0, Matthieu 24:28, Apocalypse 12:0
64-0830E;SKN;123;C’est au sujet du contrôle des naissances. Je – je... Laissez-moi vous en parler en – en privé (voyez-vous?), comme je l’ai dit ce matin. Premièrement, les cinq vierges folles seront-elles sauvées pen;Matthieu 24:28, Apocalypse 12:0, Marc 16:18
64-0830E;SKN;132;Mais laissez-moi vous dire ceci, en tant que frère Chrétien à un frère Chrétien : si vous avez un plant de tabac, vendez-le à quelqu’un d’autre et tentez votre chance dans le maïs. Je crois que ce ser;Apocalypse 12:0, Marc 16:18, Marc 16:0
64-0830E;SKN;138;"Parlez-lui avec amour. Je ne... Je crois que j’ai répondu à cela, mais je – je ne... N’essayez pas de forcer quelqu’un à accepter quelque chose. Soyez simplement salé; ils auront envie d’être comme vo";Marc 16:18, Marc 16:0, Apocalypse 10:0, Malachie 4:0
64-0830E;SKN;152;Je vous ai dit que j’y répondrai en privé. Vous qui avez ces questions, venez me voir en privé. Cher Frère Branham, nous avons un enseignant qui – vous savez que l’Ecriture dit... Oui, j’ai eu celle-l;Apocalypse 10:0, Malachie 4:0, Apocalypse 10:0, Malachie 4:0, Genese 6:3, Malachie 4:0
64-0830E;SKN;174;Eh bien, qu’est-ce que c’est? Maintenant, pour vous montrer qu’il s’agit du communisme et non de ces gens de couleur, c’est de cette façon que le communisme s’est toujours infiltré pour prendre le pou;(aucune ref proche)
64-0830E;SKN;182;Je – je n’aime pas parler du divorce. Cela – cela ... Il – je – je – je – j’en parlerai un peu plus tard. 428. Frère Branham, Frère (juste une minute. Ceci concerne l’un des ministres ici. Laissez-moi;(aucune ref proche)
64-0830E;SKN;190;En Christ. Oui! Dans le dernier jour, ils se rassembleront en Christ. N’oubliez pas cela maintenant. Nous avons un lieu de rassemblement, nous en avons un sans doute. 431. Nous sommes appelés... (Main;(aucune ref proche)
64-0830E;SKN;200;Je me souviens lorsqu’on a eu un jour d’une petite collecte publique pour réunir nos premiers sous. Et je me souviens que Hope se tenait là au coin. Elle était juste une jeune fille d’environ seize an;(aucune ref proche)
64-0830M;SKN;2;"Ceci est en quelque sorte un petit soulagement pour moi, juste un petit peu. J’ai eu des services ici derrière, des entrevues; je devais avoir des entrevues ou soit – ou – ou prendre les questions et ";(aucune ref proche)
64-0830M;SKN;10;Maintenant, prions encore. Seigneur Jésus, ces questions se trouvent ici devant nous, Père. Je ne puis y répondre, Seigneur. Je – je suis insuffisant pour ces questions, mais je sais que Tu es le Tout;(aucune ref proche)
64-0830M;SKN;24;"Maintenant, si je... Je pense que si vous jouez la bande... (Je ne sais pas qui a écrit ceci; il n’y est mentionné de nom, c’est juste un petit morceau de papier avec des écrits à l’encre bleue, tiré ";(aucune ref proche)
64-0830M;SKN;36;Ainsi – ainsi maintenant, je crois que cette personne est simplement... Je vais penser qu’elle est simplement nerveuse. S’il n’y a rien qui vous condamne, allez juste de l’avant et dites simplement : ;(aucune ref proche)
64-0830M;SKN;48;Or, ces dons sont dans le Saint-Esprit. Maintenant, si cette assemblée, ce matin, ce – juste une belle et confortable église pleine de... (les pièces annexes, bien entendu, sont remplies). Mais dans l;(aucune ref proche)
64-0830M;SKN;55;Maintenant, je ne voudrais pas embarrasser cette foule ni même moi-même vis-à-vis de vous. Mais je me demande, si je pouvais demander ce matin qui, dans cet auditoire ou parmi ces gens, a le Saint-Esp;Ezechiel 9:0
64-0830M;SKN;63;Maintenant, si j’enseignais cela de cette manière, les gens chercheraient à s’emparer de cela sans avoir ce que cette personne possède. Voyez-vous? Le Saint-Esprit parle effectivement en langues, mais;Ezechiel 9:0
64-0830M;SKN;69;Quoi donc? Permettez-moi de vous poser ici, juste une minute, une petite question déconcertante. Je pourrais demander : Combien ont le Saint-Esprit? Vous lèveriez tous la main. Je dirais : «Très bien,;Ezechiel 9:0
64-0830M;SKN;78;Je vais dire ceci : je viens de regarder quelqu’un il y a quelques minutes. Il me posait des questions l’autre jour au sujet d’un bon garçon. Nous faisions la chasse à l’écureuil. Ce matin-là, j’en av;(aucune ref proche)
64-0830M;SKN;86;Bon! Mais je voudrais... Si les gens disent : «Eh bien alors, Frère Branham, vous ne croyez pas que nous devrions parler en langues?» (voyez?) alors, vous avez carrément mal compris ce que je viens de;(aucune ref proche)
64-0830M;SKN;113;Mais vous voyez, Sa vie s’est partagée le jour de la Pentecôte. Lorsque cette Colonne de Feu descendit, Elle Se divisa en forme des langues et Se posa sur chacun d’eux, Dieu Se divisant parmi Son peup;(aucune ref proche)
64-0830M;SKN;121;"Ainsi, soeur ou frère, qui que vous soyez, ou plutôt frère, c’est ici, car il a posé la question au sujet de sa femme, soyez simplement salé; elle deviendra assoiffée, s’il y a quelque chose en elle q";(aucune ref proche)
64-0830M;SKN;127;"Et maintenant, souvenez-vous-en : allez à l’église quelque part, à un endroit. Si... Je – je pourrais mentionner une certaine église dénominationnelle, mais je n’aimerais pas le faire; en effet, cette";(aucune ref proche)
64-0830M;SKN;133;« Et qu’en est-il de mon frère et ma soeur qui sont catholiques? Merci. » Je vous demanderai, Madame C-o-r-n-i-l-s-e-n... Si la dame est ici, – voyez Billy Paul ce matin. Et – et sinon, eh bien, je va;(aucune ref proche)
64-0830M;SKN;142;Le temps n’est point fini avant que... Celui qui a posé la question doit être un post-millénariste ou quelque chose comme cela. Car (voyez-vous?) nous avons une période de mille ans après le départ de;(aucune ref proche)
64-0830M;SKN;150;Ainsi, c’est ce jour du Sabbat où l’Eglise n’aura plus à lutter contre le péché. Et Satan est lié pour un peu de temps, pour mille ans, parce que ses sujets sont tous en enfer, et ses... L’Eglise qui ;(aucune ref proche)
64-0830M;SKN;156;Voici la question qui fut posée l’autre jour : «Une annulation – annulation – une annulation était-elle la même chose qu’un divorce?» Voyez–vous? Lorsque vous me posez ces questions, mes amis, vous ne;(aucune ref proche)
64-0830M;SKN;167;Maintenant, ce n’est pas de cette manière que je vous parle très souvent, c’est parce que vous êtes mes enfants, comme je vous appelle. Je vous ai engendrés à Christ par l’Evangile. Et tandis que nous;(aucune ref proche)
64-0830M;SKN;174;Souvenez-vous, lorsque vous me demandez de vous dire quelque chose, et que je ne le reçois pas du Seigneur, je suis aussi déçu. Mais je ne vais pas être un hypocrite ou un menteur, je vais vous dire l;(aucune ref proche)
64-0830M;SKN;186;Et maintenant, mais couper les cheveux, je – je – je – je vous dirai ceci. Je ne puis – je – je n’ai aucune – aucune Ecriture pour dire que vous pouvez en couper une certaine partie et que vous ne pou;Apocalypse 11:3, Apocalypse 11:4, Zacharie 4:0, Zacharie 4:121, Apocalypse 11:0, Zacharie 4:0
64-0830M;SKN;193;C’est bien une question, ça. Non, soeur, frère, qui que vous soyez. Maintenant, ces questions ont simplement été déposées ici. J’ai dû déposer – les déposer, ou quelqu’un les a mises dans le paquet. F;Habacuc 2:14, Habacuc 2:1, Habacuc 2:0, Habacuc 2:1, Actes 9:0, Actes 20:0
64-0830M;SKN;206;Lisez la Parole et priez. Lisez la Parole de Dieu et priez. Je vais me dépêcher, et en prendre autant que je le peux. J’ai formulé une question, mais je l’ai posée (i–n–c) incorrectement. Je désire sa;Actes 9:0, Actes 20:0, Apocalypse 1:0, Apocalypse 11:0, Apocalypse 13:0, Apocalypse 20:0
53-0729;VGR;1;Bon, si quelqu’un a des questions à nous remettre, eh bien, allez-y, remettez-nous ça, qu’un enfant nous les apporte, ou comme vous voudrez. Ou, peut-être que si nous terminons… Ici je—j’en ai à peu p;Genese 1:26, Genese 2:7, Genese 1:26, Genese 2:7, Genese 1:26, Genese 2:7
53-0729;VGR;9;Maintenant, pour commencer, c’est Genèse 1.26, ou 1.26 à 28, le passage que la—la personne avait… ils ont demandé ce que c’était, ce que—ce que cette question… Je veux dire, ont posé cette question, p;Genese 1:26, Genese 2:7, Genese 1:26, Genese 2:7, Genese 1:26, Genese 2:7
53-0729;VGR;21;Alors, si Dieu a créé l’homme à Son image et à Sa ressemblance, quel genre d’homme a-t‑Il créé? Un homme esprit. Maintenant, si vous remarquez, après qu’Il a produit toute la création, et qu’Il a créé;Genese 5:0, Jean 1:0
53-0729;VGR;29;Mais regardez, maintenant, pendant que nous regardons, toute l’église, là. Nous sommes debout, appuyés sur une grande balustrade, nous observons ce que Dieu est en train de faire. Nous allons en venir;Jean 1:0, Genese 7:0, Genese 1:0
53-0729;VGR;37;"Or, quand la science se met à chercher ces missiles qui tombent — ça, ça ne sert pas à réfuter Dieu; au contraire, pour moi, ça confirme la chose. Vous voyez, ça rend la chose encore plus réelle. Bon,";Genese 7:0, Genese 1:0, Genese 2:0, Genese 2:7, Genese 1:26, Genese 9:0
53-0729;VGR;43;Il a rassemblé toutes ces choses, Il a fait…?… Il a fait toutes les autres choses, toute la vie animale, les oiseaux, les abeilles, les singes, et tout le reste, Il a placé tout ça ici, sur la terre. ;Genese 2:0, Genese 2:7, Genese 1:26, Genese 9:0, Genese 1:26, Ephesiens 1:0
53-0729;VGR;49;Alors, quand vous voyez une femme agir comme un homme, elle n’est pas à sa place, vous voyez, dès le départ. Voyez? Très bien. Elle est censée… Je trouve qu’il est vraiment dommage que les femmes n’ai;Genese 9:0, Genese 1:26, Ephesiens 1:0, Genese 11:0
53-0729;VGR;58;Et Dieu a aussi dit, ou, c’est Paul qui parlait, dans Galates, disant “qu’Il nous avait prédestinés et nous avait appelés en Lui, avant même que le monde ait été formé”. Réfléchissez à ça! Que Dieu… T;Ephesiens 1:0, Genese 11:0
53-0729;VGR;74;Bon, alors, je pense qu’avec ça, nous saisissons maintenant ce qu’il en est de cet homme et de cette femme. Or, la femme est, — je vais bien faire pénétrer ceci, maintenant, pour que vous le voyiez, v;Genese 13:0, Genese 1:26, Genese 2:7, Genese 15:0
53-0729;VGR;87;Mais maintenant, voici ce qui est glorieux. Au retour de Jésus, à la résurrection, ce ne sera pas ce corps-là. Ce corps-là, cet être surnaturel que Dieu a créé au commencement, c’est ce QUESTIONS ET R;Genese 15:0, Genese 2:0, Genese 2:18, Genese 2:18, Genese 17:0
53-0729;VGR;93;Maintenant, Genèse 2. Dites donc, il faut que je me dépêche, que je réponde à ces questions. (Tu as quelque chose? Tu en as? Tu en as reçu? Tu as celles-là, auxquelles il faut répondre?) Très bien, Ge;Genese 2:0, Genese 2:18, Genese 2:18, Genese 17:0
53-0729;VGR;100;Bon, vous vous rappelez quand c’est arrivé, il y a quelques semaines, ici à Jeff, le prêtre catholique irlandais, pas loin d’ici. C’était un jeune homme, et il allait…il avait une petite amie, ici. Et;Genese 19:0
53-0729;VGR;106;Mais, maintenant : “Où Caïn est-il allé chercher sa femme?” Donc, c’est la—l’analyse de cette question, là. “Caïn est-il allé vers sa femme, vers la création de l’homme et de la femme, pour y prendre ;Genese 19:0, Genese 21:0
53-0729;VGR;115;Oh, nous pourrions vraiment passer des heures sur ces questions, sur une seule d’entre elles, mais ce ne serait pas juste, il y a les autres. Mais remarquez, voici… Combien aimeraient savoir ce que no;Genese 21:0
53-0729;VGR;121;Paul a dit : “Bon, tenez, je sais que je prêche l’Évangile, ça— ça—ça, c’est mon devoir.” Je suis prédicateur, il est prédicateur, Frère Neville est prédicateur, mais… C’est notre devoir, ça, d’être p;Genese 21:0, Genese 23:0
53-0729;VGR;127;Bon, eh bien, mon cher ami, quelle que soit la personne qui a posé cette question, c’est une très bonne question. C’est une vieille question, qui fait l’objet de débats parmi des milliers de personnes;Genese 23:0, Ephesiens 4:30, Esaie 28:0
53-0729;VGR;134;Maintenant, si vous me permettez, je vais résoudre cette question pour vous, vous montrer quel jour nous devons observer. Or, y a-t‑il un passage de l’Écriture? Je vais poser cette question, pour vous;Ephesiens 4:30, Esaie 28:0, Genese 25:0
53-0729;VGR;142;Celle-ci—celle-ci est ma dernière question, ici. Et, frère, voyons si Frère Neville, celles qu’il a là. Je sais qu’il y en a quelques-unes qui sont courtes, alors nous ne vous retiendrons pas encore l;Genese 25:0, Hebreux 9:0, Hebreux 4:0, Genese 27:0
53-0729;VGR;152;Maintenant remarquez, maintenant dans Hébreux 4, il met la question du sabbat sur le tapis. Maintenant regardez : Craignons donc, tandis que la promesse d’entrer dans son repos subsiste encore…;Hebreux 4:0, Genese 27:0, Galates 1:8, Esaie 28:0, Genese 29:0
53-0729;VGR;165;Maintenant, si vous voulez savoir ce qu’est… Combien d’entre vous aimeraient savoir ce qu’est le Repos chrétien? Dites : “Amen.” [L’assemblée dit : “Amen.” — N.D.É.] Bon, vous pouvez le noter si vous ;Esaie 28:0, Genese 29:0, Genese 31:0
53-0729;VGR;179;Dans le tabernacle. Il y avait l’assemblée, le lieu saint, le Saint des saints. Voyez? QUESTIONS ET RÉPONSES SUR LA GENÈSE 31;Genese 31:0
53-0729;VGR;199;Ils ont dit : “Nous sommes les disciples de Jean. Nous savons! Notre prédicateur, c’est Apollos, un homme de loi qui s’est converti, l’homme le plus intelligent du pays.” QUESTIONS ET RÉPONSES SUR LA ;Genese 33:0
53-0729;VGR;217;J’entends venir une pluie abondante! On a des gens qui viennent tordre le sens de ces choses, mais nous y voilà, Dieu est en train de secouer le monde des nations par le baptême du Saint- Esprit, Il L;Genese 35:0, Apocalypse 11:0, Genese 37:0
53-0729;VGR;226;Encore une déclaration, et ensuite j’ai une toute petite question, ici, et c’est tout. Celle-ci, je pense que c’est une prière.;Genese 37:0, Genese 39:0, Matthieu 24:29, Matthieu 24:0
53-0729;VGR;240;Vous devez, soit me recevoir pleinement… Et c’est pour cette raison que je suis un prédicateur du plein Évangile, qui croit QUESTIONS ET RÉPONSES SUR LA GENÈSE 39 que tout ce que Dieu a dit est la Vér;Genese 39:0, Matthieu 24:29, Matthieu 24:0, Genese 41:0
53-0729;VGR;254;Il n’y a pas une église sur terre qui mène une vie aussi pure que les nazaréens, par les enseignements qu’ils reçoivent, les pèlerins de la sainteté, ces gens-là. Pas vrai? Ils croient fondamentalemen;Genese 41:0, Jean 5:7, Jacques 5:14, Zacharie 4:0
53-0729;VGR;271;Tenez, ils ont ça en plein… C’était à la télévision, l’autre soir. L’église méthodiste essaie d’unir les méthodistes et les baptistes, et les églises du Christ, toutes, elles essaient de s’unir au cat;Genese 43:0, Jean 17:17, Matthieu 10:0, Genese 45:0, Matthieu 24:0
53-0729;VGR;281;Et Jésus a dit : “Prenez garde!” Matthieu 24 de nouveau. “Les deux esprits seront tellement proches que cela séduirait même les Élus.” Pas vrai? Là où le patron a été posé. Frère, vous avez intérêt à ;Genese 45:0, Matthieu 24:0
54-0103E;VGR;2;Et c’est avec joie que nous allons essayer de prendre encore quelques instants ce soir, pour répondre à une ou deux questions. Nous avons pris pas mal de votre temps ce matin, mais j’espère que vous a;(aucune ref proche)
54-0103E;VGR;8;Ce sont vraiment de très bonnes questions. Et je vous le dis, mes amis, s’il n’y avait pas ces réunions de réveil et ces choses qui ont lieu en ce moment, j’aimerais consacrer environ une semaine 92 C;(aucune ref proche)
54-0103E;VGR;14;C’est une très bonne question. Et elle mérite que—qu’on y réfléchisse bien, parce que c’est une question qui intéresse tout homme : que sera-t‑il une fois cette vie-ci terminée? Cela intéresse tout ho;(aucune ref proche)
54-0103E;VGR;20;"Et l’homme aussi, il lui faut un chef; et le chef, c’est le Saint- Esprit. Et le Saint-Esprit établit dans l’Église, premièrement des apôtres, ensuite des prophètes, et ainsi de suite. Il n’y a pas lo";(aucune ref proche)
54-0103E;VGR;26;Or, Dieu doit tenir Sa Parole. Il ne peut rien faire d’autre que tenir Sa Parole, parce qu’Il est Dieu. Eh bien, alors, Il ne peut pas, alors, Il… Vous êtes séparé de Dieu. Et alors, vous êtes né dans;(aucune ref proche)
54-0103E;VGR;35;Or, à une certaine époque, les gens n’allaient pas dans la présence de Dieu au moment de leur mort, les justifiés. Ça, c’était dans l’Ancien Testament. Ils allaient dans un lieu appelé QUESTIONS ET RÉ;(aucune ref proche)
54-0103E;VGR;44;Or là, Dieu… Eh bien, la mort, ainsi—ainsi la mort perd complètement son aiguillon. Ce n’est pas étonnant que Paul ait pu se tenir là et dire : “Mort, où est ton aiguillon? Tombe, où est ta victoire?”;Jean 17:17, Matthieu 10:0
54-0103E;VGR;55;Oh, je—j’espère que vous ne vous fâcherez pas contre moi, ici, si je vous présente quelque chose de façon très claire. Voyez? Ne le faites pas. C’est que je—je dois le dire, parce que je, quelque chos;Jean 17:17, Matthieu 10:0
54-0103E;VGR;67;Bien. Mais, quand ils sont arrivés avec ces choses, bon, ils ont reçu une grande bénédiction, ils sont allés beaucoup plus loin que les luthériens ou que les—les méthodistes, que l’un et l’autre. Et m;Exode 4:24
54-0103E;VGR;78;Or, ces gens, ici… Bien sûr, à notre mort, si nous sommes en Jésus-Christ, nous allons retrouver ce grand Corps qui est là-bas : QUESTIONS ET RÉPONSES 105 Jésus-Christ. Si nous sommes des pécheurs, no;Exode 4:24, Esaie 4:1
54-0103E;VGR;85;Et Séphora est allé circoncire le bébé. Elle a dit : “Moïse, tu te préoccupes tellement—tellement de tout le reste, de ton voyage, mais ton propre fils n’a pas été circoncis.” Je me demande, bien des ;Esaie 4:1
54-0103E;VGR;98;Écoutez, mes amis Chrétiens. Il ne reste que quelques instants, permettez-moi de vous demander quelque chose. Nous avons des Billy Graham. Nous avons des Jack Shuler. Nous avons des mouvements religie;(aucune ref proche)
54-0103E;VGR;109;"J’ai crié, j’ai parcouru la nation, ici. Et Dieu a même ressuscité les morts. Et nous sommes allés dans des villes; des gens qui étaient dans des fauteuils roulants depuis des années se sont levés, et";(aucune ref proche)
54-0103E;VGR;117;"Par exemple, quelque chose comme ceci : Quelqu’un se lève, là, et parle en langues; quelqu’un d’autre interprète et dit : “AINSI DIT LE SAINT-ESPRIT, que telle personne aille imposer les mains à cette";(aucune ref proche)
54-0103E;VGR;130;Donc, les dames qui ont les cheveux jusqu’aux épaules, ça, c’est encore des cheveux courts. Bon, je ne dis pas que c’est ce qui vous enverrait en enfer ou vous emmènerait au Ciel. Ça n’a rien à voir. ;(aucune ref proche)
54-0103E;VGR;138;"Regardez. Prenez quelqu’un qui commence, aujourd’hui… J’ai remarqué que c’est mon cas, c’est dans ma nature, étant Irlandais; et, de toute manière, j’ai toujours beaucoup de salive quand il s’agit de ";(aucune ref proche)
54-0103E;VGR;151;Regardez. Bien longtemps avant, dans Daniel, Dieu avait parlé et avait déclaré qu’Il allait prêcher pendant trois ans et demi et que, pendant cette période-là, Il allait être retranché QUESTIONS ET RÉ;Genese 44:49
54-0103E;VGR;164;Donc, voici toute l’affaire : nous sommes tous issus d’un même arbre. C’est vrai. Et nous avons tous été maudits, à cause de la chute qu’il y a eu en Éden. Et nous sommes tous sauvés grâce à la résurr;Genese 44:49
54-0103E;VGR;171;Mais, alors : “Je ne crois pas,” mais d’abord, “je ne puis croire que Dieu envoie des guerres pour exercer un jugement.” Eh bien, mon ami, il n’y a qu’une chose qui cloche dans votre croyance, c’est q;(aucune ref proche)
54-0103E;VGR;179;Écoutez bien. Vous parlez d’enfants qui ont été abattus. Un instant, je vais vous montrer quelque chose ici, dans les Écritures, ce que—ce que dit la Bible ici, sur ces choses. Prenons ce passage, ici;(aucune ref proche)
54-0103E;VGR;190;De même, un homme ou une femme qui fait profession d’être Chrétien, mais qui ne mène pas cette sorte de vie par la grâce de QUESTIONS ET RÉPONSES 127 Dieu, c’est de la stramoine. Vous les reconnaîtrez;(aucune ref proche)
54-0103E;VGR;199;Je pense à saint Paul, là-bas sur l’île, après qu’il avait fait naufrage. Dieu lui avait donné une vision. Au bout de quatorze jours et quatorze nuits… Ils avaient perdu toute espérance d’être sauvés,;(aucune ref proche)
54-0103E;VGR;205;Que le Seigneur vous bénisse. Je suis désolé de vous retenir jusqu’à cette heure tardive. Il est très rare que je le fasse, mais je ne suis pas parmi vous très souvent. Alors, il se peut que je n’aie ;(aucune ref proche)
54-0103E;VGR;214;Et, pendant que nous avons la tête inclinée, je me demande (alors que le frère joue un peu, au piano) s’il y a ici une personne qui voudrait lever la main, pour dire : “Frère Bill, je—je, sincèrement…;(aucune ref proche)
54-0103M;VGR;12;Il y a un groupe de gens qui se sont moqués de lui là-bas, parce qu’il croit que Dieu va le guérir, après que le médecin, lui, a dit : “Il est malade. Eh bien, il ne peut pas, vous voyez, le caillot s;(aucune ref proche)
54-0103M;VGR;21;Père Céleste, fais briller sur nous Tes bénédictions maintenant, alors que je m’avance pour répondre à ces questions. Ô Dieu, voilà, il y en a quelques-unes ici, que je n’ai même pas encore regardées,;Marc 16:0
54-0103M;VGR;27;Souvenez-vous, je ne sais pas… Il n’y en a qu’une dont je sais qui l’a écrite, c’est celle que j’ai ici, l’homme me l’a remise lui-même. Et quelqu’un m’a posé une question là-bas, au fond, à laquelle ;Marc 16:0, Actes 19:5, Actes 2:0, Actes 10:49
54-0103M;VGR;39;Par contre, ce passage de l’Écriture auquel vous vous reportez, celui-là ne s’adressait pas à un individu, il s’adressait à une église. Vous voyez, l’église, ce que ces gens avaient fait : ils avaient;Actes 19:5, Actes 2:0, Actes 10:49, Actes 19:0, Luc 21:24, Matthieu 2:0
54-0103M;VGR;48;Je ne sais pas si quelqu’un en a mis une…sur le fait de rétrograder, je ne sais pas, j’aimerais bien que quelqu’un me pose—pose la question. Mais rétrograder : souvenez-vous, vous rétrogradez chaque j;Luc 21:24, Matthieu 2:0
54-0103M;VGR;54;Combien savent que l’Écriture a plus d’un sens, chacune de ses prophéties? Bien sûr que oui! Oui monsieur. Elle annoncera quelque chose, avec un sens très précis pour telle époque, et par la suite, ce;Matthieu 2:0
54-0103M;VGR;63;Jésus a dit, là-bas, quand Il chassait des démons. Je ne vais pas dévier de cette question, là, je ne prendrai qu’un instant. Mais Jésus a dit, quand Il chassait des démons, Il a dit : “Vos fils, par ;(aucune ref proche)
54-0103M;VGR;74;C’est bouleversant, n’est-ce pas, de savoir que nous avons un temps limité? Dieu l’a dit! La dispensation des nations a commencé avec le roi Nebucadnetsar. Oh, que c’est remarquable! Que je pourrais e;(aucune ref proche)
54-0103M;VGR;89;Ils sont allés chercher leurs meilleurs érudits. Ceux-ci ont dit : “Nous ne savons pas.” QUESTIONS ET RÉPONSES 61;Apocalypse 1:0
54-0103M;VGR;103;Ce ne sont que les Élus qui partent à ce moment-là. Ce ne sont que les Élus qui ont part au—au—au Millénium. Oh, dans ce cas, frère, quelle sorte de gens devrions-nous être? Je veux vivre la période d;(aucune ref proche)
54-0103M;VGR;112;[espace non enregistré sur la bande — N.D.É.] Maintenant, à mon humble avis, chère personne qui avez posé cette question, voici, à mon humble avis, ce qu’il en est de ceci : 10. Qui étaient les géants;(aucune ref proche)
54-0103M;VGR;128;Et Il a dit : “Serpent, voilà, tu n’auras plus de jambes, tu vois, tu ne marcheras plus debout. Et tu ne seras plus une bête, QUESTIONS ET RÉPONSES 67 maintenant tu seras un reptile. Et tu marcheras s;(aucune ref proche)
54-0103M;VGR;137;J’ai eu une autre question aujourd’hui, ils disaient : “Mais, Frère Bill, la Bible dit qu’Ève a dit : ‘J’ai acquis un fils de par l’Éternel.’” Tout à fait exact. Il fallait qu’il vienne de l’Éternel. ;(aucune ref proche)
54-0103M;VGR;148;"C’était ça la question de cette personne. Très bien. Je crois que ce n’étaient pas des anges. Vous voyez, c’étaient des êtres, des “fils de Dieu”, comme le dit l’Écriture. Non pas des anges; c’étaient";(aucune ref proche)
54-0103M;VGR;156;Il a dit : “Ensuite je suis allé à—à la réunion d’Oral Roberts.” Il a dit : “J’avais entendu parler de lui, et j’avais entendu dire qu’eux, ils étaient tous remplis de joie.” Il a dit : “Je suis allé ;(aucune ref proche)
54-0103M;VGR;169;"“Ce que je préférerais de mon église, c’est que les gens aient sur leur cœur un si grand fardeau pour la prière qu’ils restent ici, devant l’autel, qu’ils y soient jour et nuit, et tout; et dans leurs";(aucune ref proche)
54-0103M;VGR;177;On voyait les gens s’avancer dans l’église, et je voyais, alors que le piano commençait à jouer “Au pied de la sainte Croix”, les larmes coulaient, vous savez. [Frère Branham renifle. — N.D.É.] On ent;(aucune ref proche)
54-0103M;VGR;189;Un instant, là, pour que ce soit bien compris. La question, c’est : Est-ce que les cent quarante-quatre mille, dont nous sommes un reste…;Apocalypse 6:0
54-0103M;VGR;196;"Oh, quelle belle question, et combien peu de temps nous avons pour y répondre et ensuite prier pour les malades. Après cela, je vis quatre anges debout aux quatre coins de la terre; ils retenaient les";Ezechiel 9:0, Ephesiens 4:30
54-0103M;VGR;202;Maintenant, où est-ce que Mme Branham me sert? Dans la maison. Ça, c’est l’Épouse. Mme Neville, c’est là qu’elle demeure, dans la maison, pour te servir. C’est là qu’est l’Épouse — non pas les servite;Ezechiel 9:0, Ephesiens 4:30
54-0103M;VGR;212;Maintenant il faut que j’introduise un autre passage de l’Écriture ici, pour vous montrer ce qu’il en est. Jésus a parlé des gens qui, Il a dit : “Quelques-uns sont venus à une certaine heure, et à un;(aucune ref proche)
54-0103M;VGR;228;L’Évangile a été prêché. On n’entend plus pleurer, on n’entend plus gémir, on n’entend plus soupirer, réclamer à grands cris le baptême du Saint-Esprit. Ils aiment bien entrer, oui, on impose les main;(aucune ref proche)
54-0103M;VGR;238;Regarde si tu peux lire ça, frère. Je, c’était écrit un peu serré, et il a effacé à quelques reprises. Je vais en chercher une autre. S’il te plaît. [Frère Neville lit la question suivante. — N.D.É.] ;(aucune ref proche)
54-0103M;VGR;253;Nous avons pris beaucoup de temps. Je suis désolé, Frère Neville. Que Dieu te bénisse. Est-ce que vous aimez les questions? Moi oui. Oh, et celles-là, c’étaient de très bonnes questions, elles étaient;(aucune ref proche)
54-0103M;VGR;267;C’est pour cette raison que Dieu bénit mes efforts. Ce sont peut-être de bien piètres efforts, et certains d’entre eux, j’en ai honte, Dieu sait que j’en ai honte, et je me repens de ces efforts. Mais;(aucune ref proche)
54-0515;VGR;1;…ici, que j’ai simplement repliée. Ça disait : 24b. Passez-vous la journée à réfléchir pour trouver les choses que vous allez dire le soir? Ce serait toute une journée, ça, n’est-ce pas? Non, mon frèr;(aucune ref proche)
54-0515;VGR;14;Voici devant moi des demandes, qui ont été mises par écrit et qui proviennent de bien des foyers et de bien des personnes, elles sont là, des questions très profondes sur la Bible, qui exigent plus qu;(aucune ref proche)
54-0515;VGR;22;Mais, bon, ici il y a des questions. Or, je ne sais pas par où commencer, ici il y en a un paquet. Il est dit : 25. Vous avez mentionné que l’église protestante avait rapport avec l’église catholique,;(aucune ref proche)
54-0515;VGR;36;Or, ce type de femme-là, qu’est-ce que c’est? C’est une femme qui vit, qui commet l’adultère. Et les églises commettent des fornications spirituelles avec les—avec les gens. Voyez? Elles— elles… Ici, ;(aucune ref proche)
54-0515;VGR;46;C’est—c’est une question qui a un lien avec l’autre, et la personne qui demande ça pose là une bonne question. Ce qui fait, maintenant…si la Bible enseigne clairement que l’église catholique est la—la;(aucune ref proche)
54-0515;VGR;54;Les églises protestantes dénominationnelles sont l’image de la bête, parce qu’elles ont formé une dénomination exactement comme l’église catholique. Et jamais Dieu n’a ordonné à Son QUESTIONS ET RÉPON;(aucune ref proche)
54-0515;VGR;71;"Et maintenant, je vais répondre à ceci. Eh bien, nous allons y répondre tout de suite. C’est que quelqu’un m’a demandé ça aujourd’hui; on m’a demandé ça deux ou trois fois. QUESTIONS ET RÉPONSES 149 2";Ephesiens 1:13, Ephesiens 4:30
54-0515;VGR;83;Et Jésus a dit : “Ce dont a parlé le prophète Daniel — lorsque vous verrez l’abomination qui cause la désolation, établie en lieu saint”, ensuite Il a souligné cela, c’est entre parenthèses, “(que cel;Ephesiens 1:13, Ephesiens 4:30, Romains 5:1, Hebreux 13:12, Actes 1:8, Luc 24:49
54-0515;VGR;95;Au début, quand j’ai commencé, là, par la grâce de Dieu. Et vous ici, et mes secrétaires et ceux qui sont assis ici le savent : je pourrais être en contact avec au moins dix millions de personnes, dan;Actes 1:0, Actes 2:0
54-0515;VGR;107;C’est ce qu’Il avait dit, même chose, au moment où je baptisais juste ici, sur la rivière Ohio, beaucoup d’entre vous étaient là, il y a vingt-trois ans, sur la rivière Ohio. Cette Lumière, cet Ange, ;Actes 10:49
54-0515;VGR;113;"C’est exact; pas question de patienter, pas question d’attendre. La façon apostolique, Dieu n’a pas établi de règle fixe : quand le cœur est affamé, Dieu vous donnera la chose dont vous avez faim. Si ";(aucune ref proche)
54-0515;VGR;138;“Eh bien, qu’est-ce que vous allez nous enseigner?” Ils en savent plus sur la Bible que…certains des enfants de là-bas QUESTIONS ET RÉPONSES 159 en savent plus là-dessus que certains des docteurs d’ic;Apocalypse 7:0
54-0515;VGR;144;Très bien. Je, voici, je ne vais pas parler de votre religion, mon frère ou ma sœur, quelle que soit la personne qui a posé la question. La Science Chrétienne, c’est de la psychologie. Et la guérison ;Apocalypse 7:0
54-0515;VGR;159;Eh bien, ils ne se trouvent pas au-dessus, les mots latins— latins ne se trouvent pas au-dessus de la Cité du Vatican, ils se trouvent au-dessus du trône du pape, à l’endroit où il s’assied QUESTIONS ;Matthieu 28:19
54-0515;VGR;165;Voici une petite question, elle fait sursauter un peu. Ça me coûte de la lire, mais quelqu’un l’a mise ici : 34. Vous avez demandé pourquoi ce tabernacle ne progresse pas. Le pourquoi, c’est en raison;Matthieu 28:19, Matthieu 28:19
54-0515;VGR;176;"Maintenant, nous allons voir pourquoi; nous abordons votre question, mon cher frère. Jean…je veux dire, Matthieu 28.19. Très bien, retournons-y. Prenez-le dans votre Bible avec moi, pour que vous puis";Matthieu 28:19, Matthieu 28:19, Actes 2:38
54-0515;VGR;197;Présentons bien ceci, posons la question de façon très sensée et voyons ce que dit la Parole. Or ceci, c’est pour votre instruction, pour que vous connaissiez la Parole de Dieu.;Matthieu 28:19
54-0515;VGR;208;Vous voyez à quoi mènerait votre conception trithéiste? À classer Jésus comme un enfant illégitime. Certainement. C’est une erreur. Il n’y a aucune référence biblique pour ça. Alors, il vous faut adme;Actes 2:38, Actes 7:48, Actes 10:49, Actes 19:5, Actes 2:38
54-0515;VGR;217;Alors regardez, maintenant parlons des baptêmes. La toute première fois qu’il a été question de baptême dans le Nouveau Testament : Jean-Baptiste. Pas vrai? Je vais placer ceci ici, en haut. Vous voye;Actes 2:38, Actes 7:48, Actes 10:49, Actes 19:5, Actes 2:38
54-0515;VGR;231;Maintenant écoutez, rapidement là, pour que nous puissions sans tarder… Je ne veux pas prendre trop de votre temps en répondant à ces questions. Regardez, le jour où Jésus est descendu de la montagne ;(aucune ref proche)
54-0515;VGR;240;Il a dit : “Tu es Simon, et Je te donnerai les clés du Royaume des Cieux. Et ce que tu lieras sur cette terre, Je le lierai dans les Cieux. Ce que tu délieras sur cette terre, Je le délierai dans les ;(aucune ref proche)
54-0515;VGR;257;Vous ne Le saviez pas avant, vous Le savez maintenant! Ah! Tout est en ordre. C’est à vous de décider. C’est vrai. Mais un baptême trithéiste, trin, n’a jamais été reconnu comme QUESTIONS ET RÉPONSES ;(aucune ref proche)
54-0515;VGR;267;Frère, Dieu est réel! C’est vrai. Mais Dieu est un Esprit, Il ne se borne pas strictement au parler en langues, ou à ceci, cela ou autre chose. Je dis que tout homme qui… C’est ça le problème ici, dan;Matthieu 28:0, Genese 2:0
54-0515;VGR;277;Et Dieu a promis que nous allions partir dans l’Enlèvement, par élection! Et la Bible dit : “Et les autres morts ne revinrent point à la vie avant mille ans.” Pas vrai? Parce que seulement… Vous ne se;Matthieu 28:0, Genese 2:0
54-0515;VGR;298;"Il était un homme-Dieu. Il était un être trin, tout comme moi, tout comme vous; nous sommes âme, corps et esprit. Il était Père, Fils et Saint-Esprit : la Divinité de Dieu; voilà Qui Il était. Il étai";(aucune ref proche)
54-0515;VGR;307;Et je ne suis pas unitaire. Non monsieur. Vous, les trinitaires, débarrassez-vous de cette idée-là. Je ne suis pas unitaire. Non monsieur. Je ne suis ni unitaire ni trinitaire. Je crois ce que dit la ;(aucune ref proche)
54-0515;VGR;318;Bon, maintenant, frères, il y a un—un groupe de gens qui croit ça, qui baptise pour les morts, ce sont les mormons. Et j’ai été dans leurs temples, bien des fois, ce sont des gens très bien. Et il se ;(aucune ref proche)
54-0515;VGR;329;Mais vous ne pouvez pas parler en langues à moins d’avoir le don des langues. Et il ne fait aucun doute qu’il y a de nombreux dons de langues dans cette église en ce moment. Il y a de nombreux dons de;(aucune ref proche)
54-0515;VGR;344;"Bon, c’est exactement comme mon pied; l’un d’eux, qui dit : “Je m’en vais dans cette direction-ci”, l’autre, qui dit : “Je m’en vais dans cette direction-là.” Maintenant, qu’est-ce que vous allez fair";Galates 1:8, Galates 1:9
54-0515;VGR;352;Et nous vous contraignons, mon cher frère Chrétien ou ma chère sœur Chrétienne, à être baptisé au Nom de Jésus-Christ et à recevoir le Saint-Esprit. Si vous avez déjà reçu le Saint-Esprit, après avoir;Galates 1:8, Galates 1:9
54-0516;VGR;6;Hier soir, en répondant aux questions, j’ai fait de mon mieux. La personne qui posait une question au sujet de Vicarivs Filii Dei : elle ne m’a pas indiqué, hier soir, s’il fallait que j’y réponde ce ;(aucune ref proche)
54-0516;VGR;14;Nous croyons à l’autorité hiérarchique dans l’église. Et dans la Bible, l’autorité hiérarchique est établie par le Saint- Esprit. Le pasteur est toujours le chef de l’église, le pasteur l’est toujours;(aucune ref proche)
54-0516;VGR;21;Maintenant, pour être un—un pasteur ou un ministre comme il faut, vous devez surveiller votre assemblée. Si vous voyez l’ennemi entrer, alors allez là et dites : “Écoutez, un instant, là, voyez, eh bi;Jean 5:7
54-0516;VGR;27;Eh bien, dans cette personne qui a été appelée par Dieu, il y a des manifestations de dons… Bon, l’autre jour, un de mes très chers amis de Denver discutait de ceci avec moi, il vivait ici autrefois e;Jean 5:7
54-0516;VGR;34;Et après cela, Il a dit : “Eh bien, Pierre, Je sais toutes ces choses, mais tu n’es pas encore converti.” Voyez. “Il te manque encore quelque chose, Pierre. Tu n’es pas converti. Mais après que tu ser;Jean 5:7
54-0516;VGR;43;Remarquez. Alors, c’est mal de faire cela. Eh bien, c’est déjà un bébé, là. C’est une vie, puisque le premier germe de vie est en lui, et c’est la seule vie qui entrera en…cela laisse entrer d’autres ;(aucune ref proche)
54-0516;VGR;50;Mais ce wagon de marchandises serait bel et bien là, en route vers sa destination. Mais une fois que j’ai terminé le chargement, le tout est bien scellé et emballé comme il faut, alors les portes sont;(aucune ref proche)
54-0516;VGR;58;Bon, le Saint-Esprit a dit… Bon, la Bible dit que si… À ce sujet, que l’esprit du prophète, celui… Eh bien, un homme qui parle en langues prophétise. Ça, vous le savez, certainement. Ainsi, si un homm;(aucune ref proche)
54-0516;VGR;66;Bon, bien des gens nient le parler en langues. Ils disent que c’est du—du diable. Et vous, braves nazaréens, votre propre église, c’est là qu’elle a rétrogradé. C’est tout à fait vrai. Lorsque la lumi;(aucune ref proche)
54-0516;VGR;72;"Maintenant, voici ma dernière citation sur ce sujet. Écoutez, mes amis, écoutez; regardez tous par ici. Vous avez ces dons. Vous ne méritiez pas ces dons. Dieu vous les a donnés avant la fondation du ";Apocalypse 12:0
54-0516;VGR;81;"N’aimeriez-vous pas être comme ça? Avoir des paroles tellement assaisonnées qu’elles s’emparent du cœur des gens, et les saisissent, comme ça. Eh bien, vous pouvez être comme Lui; il vous suffit de Le";Apocalypse 12:0
54-0516;VGR;89;Maintenant, que font les étoiles? Les étoiles produisent une lumière mineure. Pas vrai? Eh bien, d’où leur vient cette lumière? QUESTIONS ET RÉPONSES (LA LOI QUI POSSÈDE UNE… 25 Si je pouvais aller là;(aucune ref proche)
54-0516;VGR;96;Eh bien, vous dites que le dragon avait quelque chose à voir avec les Juifs? Certainement. Ils ont dit : “Ce Jésus dit QUESTIONS ET RÉPONSES (LA LOI QUI POSSÈDE UNE… 27 que c’est Lui le Roi. Nous n’av;(aucune ref proche)
54-0516;VGR;108;Satan a dit : “Cette fois-ci, je vais l’avoir.” Il a dit : “Regarde là-bas, au sommet de…regarde tous ces royaumes là-bas. Voilà les États-Unis d’Amérique qui s’en viennent, une grande et puissante na;(aucune ref proche)
54-0516;VGR;115;Comment allez-vous y arriver? “Soyez parfaits comme votre Père a… et ceux qui offraient les sacrifices sous la loi ne pouvaient pas amener l’assistant à la perfection.” Pourquoi? Maintenant, regardez ;Romains 8:1
54-0516;VGR;121;Alors, celui qui rend ce culte sortait de là avec un cœur pur. Celui qui rend ce culte…la loi était une ombre, mais en Christ, cela—cela a été ôté. Il a ôté la première, pour pouvoir ajouter la deuxiè;Romains 8:1
54-0516;VGR;129;"Adam et Ève étaient là. Ève, une belle femme. Oh! la la! Je peux les voir là-bas : Adam, avec ses cheveux noirs en broussailles sur la tête; ces yeux brillants et étincelants qui se posent sur sa peti";(aucune ref proche)
54-0516;VGR;139;Mais le voici qui sort de là, avec du sang qui coule sur ses épaules viriles. Regardez la petite Ève, brossons un tableau. Cette jolie petite femme, la chérie d’Adam, sa femme bien-aimée, elle sort à ;(aucune ref proche)
54-0516;VGR;148;Maintenant, changeons de décor : Dix-neuf… Quatre mille ans ont passé, nous sommes à Jérusalem ce matin. J’entends un bruit, qu’est-ce que c’est? Je regarde dehors. Il y a le péché, et la terre entièr;(aucune ref proche)
54-0516;VGR;159;"Le sang des taureaux et des boucs ne pouvait pas ôter le péché; mais au temps convenable, Jésus-Christ vient et amène à la perfection, par le baptême du Saint-Esprit, celui qui rend le culte, pour qui";(aucune ref proche)
54-0516;VGR;165;Et que les hommes et les femmes avec qui nous entrerons en contact, puissions-nous le faire en toute sincérité. Puissions- nous parler des oracles de Dieu, Seigneur, sans vouloir imposer, mais avec sa;(aucune ref proche)
57-0925;VGR;1;Comment pourrait-elle le faire sans Dieu? Ce serait vraiment quelque chose, n’est-ce pas? Ce serait impossible sans le Seigneur. Je ne vais pas me reporter à tous ces ouvrages-là pour prêcher. Mais je;(aucune ref proche)
57-0925;VGR;7;Maintenant, nous avons de bonnes questions, stimulantes, des questions bien d’ici. Un prédicateur, là-bas, dans la pièce du fond, tout à l’heure, m’a posé cette question, il a dit : “Les deux prophète;Matthieu 25:46
57-0925;VGR;16;Maintenant nous y allons, là, je vais essayer de répondre à toutes ces questions, si j’y arrive. Et, Frère Tony, par la grâce de Dieu, j’ai reçu l’interprétation de ton songe, et c’était merveilleux. ;Matthieu 25:46, Matthieu 25:46, Matthieu 25:46
57-0925;VGR;23;J’ai dit : “Eh bien, en voici la raison : j’essaie toujours de réfléchir avant de faire quoi que ce soit. Voyez? Ainsi, si les gens me questionnent, je peux alors leur dire quelles étaient mes pensées;Matthieu 25:46, Matthieu 25:46, Apocalypse 11:0
57-0925;VGR;30;Vous voyez la différence? Les méchants ont le châtiment perpétuel, mais perpétuel, c’est “une période de temps”. Or, si ç’avait été pareil, il aurait été écrit : “Et ceux-ci iront au châtiment perpétu;Apocalypse 11:0, Ezechiel 9:0
57-0925;VGR;39;Si vous remarquez là, dans l’Apocalypse, il est dit : “Ils sont vierges.” Et ce sont des eunuques. Un eunuque, qu’est-ce que c’était? C’étaient… Les eunuques étaient les gardes du temple, qui gardaien;Ezechiel 9:0, Ephesiens 4:30
57-0925;VGR;51;Maintenant, souvenez-vous, ce n’est qu’après la Première Guerre mondiale qu’on a enseigné le Saint-Esprit en tant que baptême du Saint-Esprit. Nous venons de célébrer notre—notre jubilé, les quarante ;(aucune ref proche)
57-0925;VGR;70;Maintenant lisez la suite. C’est comme cet homme qui mangeait de la pastèque, il disait : “C’est bon, mais mangeons- en encore un peu.” Très bien, Dieu En a en abondance, ici. Maintenant remarquez bie;(aucune ref proche)
57-0925;VGR;79;Voilà vos cent quarante-quatre mille, voilà vos serviteurs. Donc, “les fils du Royaume”, ici, chère personne qui avez posé la question, ce sont…vous qui avez posé cette question remarquable. Je dois l;(aucune ref proche)
57-0925;VGR;85;Bon, je passe beaucoup de temps sur une seule question. Et quelqu’un va dire : “Mais, vous n’arrivez pas à la mienne.” Eh bien, on va se dépêcher et voir si on peut y arriver.;(aucune ref proche)
57-0925;VGR;93;Si nous avions le temps de prendre ici, dans Romains, le chapitre 8, vous pourriez le lire. Romains, chapitre 9, beaucoup d’autres endroits dans la Bible. Éphésiens, chapitre 1. Vous verrez que l’élec;Actes 2:38, Matthieu 28:19, Actes 2:38, Matthieu 28:19, Actes 2:38, Matthieu 28:19
57-0925;VGR;99;[Une sœur parle dans l’auditoire. — N.D.É.] Oui. [“Excusez- moi. Je voulais juste poser une question, et—et vous comprenez mal ce que je veux dire là.”] Oui, très bien, sœur. [“Je ne crois pas ça du t;Actes 2:38, Matthieu 28:19, Actes 2:38, Matthieu 28:19, Actes 2:38, Matthieu 28:19
57-0925;VGR;105;Et ceci donne des cheveux blancs aux professeurs. Mais C’est—C’est simple. Maintenant, je vais lire Matthieu 28.19, et vous, suivez-moi. Et ceux d’entre vous qui ont Actes 2.38, tenez- QUESTIONS ET RÉ;Actes 2:38, Matthieu 28:19, Actes 2:38, Matthieu 28:19, Actes 2:0, Actes 2:38
57-0925;VGR;113;Or, la toute première fois où il a été fait mention du baptême, c’est Jean-Baptiste qui en a parlé. Combien savent que c’est vrai? Très bien, je vais mettre ça ici, tout au bout, ici : Jean-Baptiste. ;Matthieu 28:19, Actes 2:38
57-0925;VGR;126;Maintenant, j’aimerais vous poser une question. Ici, c’est le dernier chapitre de Matthieu. Je vais présenter ça sous une forme simple, pour que chacun de vous, pour que les enfants Le comprennent.;Matthieu 28:0
57-0925;VGR;134;Maintenant, vous qui avez posé la question, je veux illustrer cela par un petit exemple, ici. Bon, je vais placer trois choses ici, pour que vous compreniez bien (pour illustrer), ces Bibles et ces li;Matthieu 28:19
57-0925;VGR;147;Maintenant, sondez les Écritures, et quand vous trouverez un endroit où une personne dans la Bible… (Maintenant, réfléchissez, là, ne laissez pas ceci vous échapper.) …où une personne, dans la Bible, ;Luc 16:16, Actes 2:0, Galates 1:8
57-0925;VGR;159;Maintenant trouvez un endroit où quelqu’un d’autre a déjà été baptisé autrement, et je vous montrerai du même coup l’endroit où l’église catholique admet cela, et déclare que vous vous y pliez. Elle d;Galates 1:8, Hebreux 11:1
57-0925;VGR;168;Vous voyez, il faut que Cela vienne par une révélation spirituelle. Ce ne sont pas la chair et le sang qui ont dit à Abel qu’il était dans l’erreur (que Caïn était dans l’erreur), qui ont dit à Abel q;Hebreux 11:1, Matthieu 28:19, Genese 3:8
57-0925;VGR;175;Attention, là, Pierre, tu as les clés accrochées à ta ceinture, et tu es en train de prêcher. La question surgit, les premiers convertis de la nouvelle Église, de l’Église chrétienne primitive. Mainte;Matthieu 28:19, Genese 3:8
57-0925;VGR;185;"Si un homme mange de la femme… Et regardez, en naissant de, par la femme, nous mourons tous; parce que nous sommes assujettis à la mort (pas vrai?), en naissant de la femme. En naissant de l’homme, no";(aucune ref proche)
57-0925;VGR;197;"Et voici une bande d’exaltés qui arrive, l’autre groupe : Israël; une petite bande de gens qui étaient sans dénomination, interdénominationnels. Et des gens qui, en plus, avaient fait les pires choses";(aucune ref proche)
57-0925;VGR;214;Fiou, quel prédicateur! Il ne…il ne savait même pas signer son nom, mais il connaissait Dieu. Ils ont dit “qu’ils le QUESTIONS ET RÉPONSES SUR HÉBREUX, 1RE PARTIE 229 reconnurent pour avoir été avec J;Genese 3:8
57-0925;VGR;224;Quelqu’un a même soulevé cette question, en disant : “Eh bien, le fils…il a dit qu’elle allait… À la naissance de Caïn, elle a dit ‘qu’elle avait acquis un fils de par l’Éternel’.” Absolument, bien sû;(aucune ref proche)
57-0925;VGR;242;Alors, vraiment, le texte donne lui-même l’explication, vous voyez, et démontre l’exactitude de la chose. Maintenant, voyons voir, j’avais…je ne sais pas si… Oui : QUESTIONS ET RÉPONSES SUR HÉBREUX, 1;(aucune ref proche)
57-0925;VGR;249;Maintenant, j’ai encore trois ou quatre bonnes questions. Je les prendrai dimanche matin, si le Seigneur le veut.;(aucune ref proche)
57-0925;VGR;256;Écoutez, j’ai un petit message pour vous : QUESTIONS ET RÉPONSES SUR HÉBREUX, 1RE PARTIE 235 Viens chercher, mon frère, ce bienfait Qui purifiera ton cœur, Toutes les cloches carillonneront Et ton âme;(aucune ref proche)
57-0925;VGR;277;Elle a dit : “Je préférerais la porter en terre.” QUESTIONS ET RÉPONSES SUR HÉBREUX, 1RE PARTIE 237;(aucune ref proche)
57-0925;VGR;293;J’ai dit : “Voilà le meilleur appât que le diable ait jamais eu. Pour commencer, vous êtes une jolie femme, et de partir comme ça, sur le champ de travail, vous serez un véritable appât et une cible p;(aucune ref proche)
57-0925;VGR;300;Mais là, souvenez-vous, écoutez l’émission de notre frère à neuf heures, samedi matin. Nous allons lui téléphoner pour le lui dire. Ce sera sur WLRP, le quatuor Neville, à neuf heures, samedi matin. N;(aucune ref proche)
57-1002;VGR;303;Je veux premièrement remercier chacun de vous qui aviez reçu le message de prier pour ma femme. Elle a été très, très malade. Nous ne savions pas ce que c’était, et nous ne savons pas ce qui s’est pas;(aucune ref proche)
57-1002;VGR;319;Une chose, quelqu’un pourrait se poser la question : l’autre soir… Je parlais à Frère Fleeman ici, dans la rue. Il est arrivé que quelqu’un dise : “Dès que le service est terminé, pourquoi est- ce que;(aucune ref proche)
57-1002;VGR;333;[Un homme demande si Dieu peut rétablir cette femme. — N.D.É.] Eh bien, je vous dirai ceci, frère : ce—ce n’est pas impossible. Et ce—ce n’est pas… C’est—c’est possible, et probable aussi. En effet, j;(aucune ref proche)
57-1002;VGR;353;Maintenant, je vais vous dire, la raison pour laquelle j’ai dit à Frère Neville… J’ai pensé qu’il avait peut-être un message pour ce soir. Il a dit : “Non”, qu’il n’en avait pas. Et j’ai quelques ques;Apocalypse 5:0, Apocalypse 21:19, Genese 38:0, Actes 19:0
57-1002;VGR;359;Nous Te prions, Père, de nous aider, alors que nous essayons de transmettre la Parole de Dieu aux gens, selon ce qu’ils demandent. Enlève toute maladie du milieu de nous. Nous avons besoin de Toi, Sei;Actes 19:0
57-1002;VGR;370;Maintenant la question est… Répondons-y une à la fois, il y a trois questions. “Nous avons tous été baptisés dans un seul Esprit pour former le Corps de Christ.” C’est exact, I Corinthiens 12 donne la;Actes 2:27, Psaumes 16:10, Jean 5:24
57-1002;VGR;376;Bon, Son esprit, si vous suivez les Écritures…eh bien, nous pourrions apporter beaucoup de passages. Mais, je me demande, qui a une Bible? Frère Stricker, tu as une Bible? Très bien. Frère Neville, tu;Actes 2:27, Psaumes 16:10, Jean 5:24
57-1002;VGR;405;L’arbre tombe du côté où il penche. Et l’état dans lequel vous mourez… C’est pour ça que je ne suis pas d’accord qu’on prie pour les morts, vous voyez, l’intercession des prières ou—ou, la communion d;Psaumes 16:10, Matthieu 27:0
57-1002;VGR;433;Maintenant il nous reste environ sept minutes, et une quinzaine de questions. 62. Pensez-vous que ce soit en ordre pour des femmes de faire, en dehors de l’église, un travail d’accompagnement spiritue;Actes 7:55, Ephesiens 1:20, Marc 14:62
57-1002;VGR;455;“Tout pouvoir dans les Cieux et sur la terre.” Où est ce… S’il y a là-haut un dieu autre que Lui, il n’a aucun pouvoir. Vous voyez, il ne pourrait pas y avoir d’autre Dieu. “Tous les pouvoirs des Cieu;(aucune ref proche)
57-1002;VGR;468;Mais qu’est-ce qui fait ça? Vous voyez, peut-être que vous pensez au moment où vous vous êtes avancés jusqu’à l’autel, vous et votre petit mari, vous avez déclaré là : nous nous prenons l’un l’autre, ;Jean 5:7, Jean 5:7
57-1002;VGR;475;Et ici nous pouvons supplier les gens, et mettre des annonces dans le journal et tout le reste, et louer les endroits les plus confortables pour qu’ils puissent s’asseoir, offrir le meilleur divertiss;Jean 5:7, Jean 5:7
57-1002;VGR;481;Vous vous souvenez de ce que je vous ai raconté l’autre soir, de la vision que j’avais eue, alors qu’il y avait cette femme qui se comportait très mal, là dans la pièce? Et j’étais en train de la cond;(aucune ref proche)
57-1002;VGR;492;"Et le—le serviteur du Seigneur est allé là-bas, et il prêchait à leur roi; ils étaient assis devant un grand foyer. J’ai lu cette histoire il n’y a pas longtemps. Et un petit oiseau est entré dans la ";Esaie 9:6
57-1002;VGR;517;Maintenant regardez bien. Il a été annoncé par notre Seigneur Jésus, dans Matthieu 24, que les Juifs seraient retirés de la scène. Daniel avait dit précédemment, dans les anciens prophètes, il avait d;Matthieu 24:0
57-1002;VGR;548;Écoutez bien ça. [Frère Branham répond aux huit questions suivantes dans la 3e partie, à partir du paragraphe 668, sous les numéros de question 67 à 74. — N.D.É.] : Où les pierres… Que représentent ce;Apocalypse 21:0, Genese 38:0
57-1006;VGR;555;Maintenant, ce soir, nous—nous n’avons pas l’intention de rester plus tard que minuit, si possible, sur ces questions. Donc nous allons—nous allons les aborder tout de suite. C’est la fin de ces quest;(aucune ref proche)
57-1006;VGR;572;"Bon, ces questions reflètent la—la profondeur du cœur de quelqu’un; c’est que ces gens, en lisant l’Écriture, ils trouvent ces choses, et ils ne…peut-être que ça ne les satisfait pas, alors ils nous l";(aucune ref proche)
57-1006;VGR;578;Oh, je tournais ça un peu en plaisanterie, quelque chose du genre, je disais : “Oh, c’était la fille de sa belle-mère”, ou quelque chose comme ça, vous savez, ou—ou : “C’était Mme Caïn.” Mais ça ne ré;(aucune ref proche)
57-1006;VGR;590;Si vous remarquez aujourd’hui, là (juste pour terminer cette question) : cette lignée de Caïn existe toujours, et la lignée de Seth existe toujours. Les deux se sont perpétuées, toujours pareilles. Le;Genese 5:16, Genese 1:0, Genese 2:0
57-1006;VGR;600;Il n’y avait pas d’autres femmes sur la terre, il fallait donc que ça vienne d’Ève. Elle était la mère de tous les vivants. C’est- à‑dire que, tous les gens qui vivaient, elle était leur mère. C’est p;Genese 5:16, Genese 1:0, Genese 2:0
57-1006;VGR;610;Maintenant voici une très belle question, la suivante ici : Dans II Pierre 2.4—2.4…;Apocalypse 11:0
57-1006;VGR;618;Maintenant, si vous remarquez ici, il me semble que ce prédicateur en a une autre sur…quelque chose dans le même ordre d’idées, on y répondra un peu plus tard.;Apocalypse 11:0
57-1006;VGR;631;Vous voyez, dans votre corps, à l’intérieur de vous… (Nous avons une autre question à ce sujet, après, pour y répondre mieux.) Donc, quand… À l’intérieur de vous il y a un esprit, un autre homme. L’ex;(aucune ref proche)
57-1006;VGR;668;Rapidement prenons les autres questions que nous avons, des questions maintenant qui vont partir en Géorgie : 67. Qu’est-ce que les pierres dans…représentent, dans Apocalypse 21.19 et 20?;Apocalypse 21:19, Apocalypse 5:0
57-1006;VGR;677;Maintenant observez, remarquez ces pierres, maintenant vous allez observer comment ces patriarches se reflètent encore dans autre chose, là, dans une autre question. 68. Expliquez—expliquez le quatriè;Apocalypse 5:0
57-1006;VGR;688;Si vous remarquez, ils avaient des yeux devant et derrière. Ils—ils… Partout où il allait, il reflétait. Ils voyaient partout où ils allaient. Et ça, c’est la puissance des Évangiles — quand il est pr;Genese 38:0
57-1006;VGR;710;Et quand Jésus-Christ est né, Il a racheté le monde entier. Certainement. Il était le Rédempteur de toutes les créatures jamais créées sur la terre. Il était le Rédempteur. Et là, toute rédemption se ;Apocalypse 11:0
57-1006;VGR;742;Ce matin, un jeune homme m’a questionné à propos des dons spirituels, à propos du parler en langues. Un jeune homme très sincère, je crois qu’il entrera bientôt dans le ministère. Et à propos de l’égl;(aucune ref proche)
57-1006;VGR;751;Qu’est-ce que ça change, pourvu que vous soyez baptisé? Si c’est dans un bassin d’eau et… Eh bien, Philippe a été baptisé dans un bassin d’eau…quand l’eunuque a été baptisé. Quand Philippe a baptisé l;Galates 1:8
57-1006;VGR;758;Maintenant nous en venons à la question que vous posez. Voyez? Très bien. Alors, effectivement, c’est mal pour une— une dame de se couper les cheveux, selon la Bible. Maintenant écoutez ici et voyez s;Galates 1:8
57-1006;VGR;788;Quelqu’un parmi vous est-il en train de le lire? I Corinthiens, chapitre 11 et le verset 10. Si vous remarquez : “autorité” (Pourquoi?) “à cause des anges”, I Corinthiens, parce que les anges, ce sont;(aucune ref proche)
57-1006;VGR;806;Maintenant si vous voulez argumenter à ce sujet, débattez- en avec Cela. Très bien, si vous voulez contester à ce sujet : “Oh, ça ne change rien, ça. Laissons-les faire. Voyons, pour moi ce n’est rien;(aucune ref proche)
57-1006;VGR;821;Je trouve cette question absolument charmante, j’aime vraiment ça. Maintenant regardons-la de plus près.;Genese 1:28, Genese 2:0, Psaumes 23:0
57-1006;VGR;830;Regardez, Il n’est jamais allé prendre de la terre pour former Ève, mais Il l’a formée avec la terre originale : Adam. Il a pris de son côté une côte, et lui a fait une aide, et c’était Ève. Elle a ét;Psaumes 23:0
57-1006;VGR;848;Alors, voilà. C’est comme ça que nous sommes ici, nous venons d’un être supérieur. Au commencement, nous étions à l’image de Dieu. Le voile et les ténèbres nous empêchent de le reconnaître maintenant.;(aucune ref proche)
57-1006;VGR;867;"Maintenant, Dieu notre Père, il y a eu des questions difficiles ici ce soir. Je n’ai peut-être pas fait la chose juste, mais j’ai fait de mon mieux; Tu connais mon cœur. Je Te prie, ô Dieu, d’accueill";(aucune ref proche)
57-1006;VGR;882;Que le Seigneur vous bénisse. Je suis désolé de vous retenir comme ça. C’est que je me demande, juste avant la communion, s’il y a quelqu’un qui est venu pour qu’on prie pour lui, qui voudrait qu’on p;(aucune ref proche)
57-1006;VGR;915;Or, un jour, je vais partir d’ici. Je me pose la question : “Quelle sera ma fin?” Est-ce terminé? Est-ce presque ça? J’ai quarante-huit ans. Est-ce presque terminé? Je me pose la question, si c’est ça;(aucune ref proche)
57-1006;VGR;931;Je me demande, votre nom ne serait-il pas West? Père, nous prions pour cette jeune femme. C’est une requête pour son père. Maintenant je Te prie de la lui accorder, parle au cœur de son père, Seigneur;(aucune ref proche)
59-0628E;VGR;9;Bon, et ce soir est un soir inhabituel au Tabernacle, parce que c’est un soir de questions et réponses. En général, nous avons ça une fois par an, ou par deux ans. Et la raison pour laquelle je fais ç;(aucune ref proche)
59-0628E;VGR;18;Je vois que notre Sœur Wooten est là, debout avec son bébé. S’il a chaud, sœur, et que vous n’avez pas de siège, je me demande si l’un de nos frères ne pourrait pas sortir un siège et le mettre là, pr;(aucune ref proche)
59-0628E;VGR;24;"Il y a des visiteurs ici, Seigneur; nous prions pour eux et pour leurs églises. Des ministres de l’Évangile qui ont été ordonnés, ordonnés par Dieu, sont assis parmi nous, et ils sont bien plus compét";(aucune ref proche)
59-0628E;VGR;32;Dans ces entretiens privés, quand nous prenons un cas, je ne le laisse jamais, tant que je n’ai pas reçu, d’une manière ou d’une autre, une réponse de Dieu. Ces choses demandent du temps. Que ça prenn;Matthieu 7:6, Jean 17:17, Actes 19:0, Romains 4:0, Jean 5:0
59-0628E;VGR;42;Donc je ne crois pas que je m’affilierais à une assemblée qui ne croit pas au plein Évangile du Seigneur Jésus-Christ, c’est- à‑dire où on ne croit pas qu’Il est le même hier, aujourd’hui et pour touj;Jean 17:17, Actes 19:0, Romains 4:0, Jean 5:0
59-0628E;VGR;49;"Par conséquent, la question est là : je crois qu’un homme est sauvé, s’il regarde vers le Calvaire et qu’il meurt dans cet état-là. Certainement, je crois qu’il sera sauvé; je crois qu’il y parviendra";(aucune ref proche)
59-0628E;VGR;58;Maintenant, la question qui a été posée ici : “Si nous prenons—si nous prenons du vin et des biscuits salés, la maladie et le sommeil tombent sur nous.” Vous voyez, c’est que, je crois que, la questio;Esaie 14:12, Luc 10:18
59-0628E;VGR;65;Une fois, je suis allé dans une église où ils ont pris une simple miche de pain — là où des pécheurs blasphémaient et se conduisaient n’importe comment, et dans la souillure — et ils ont coupé ce pain;Esaie 14:12, Luc 10:18, Ezechiel 28:12, Apocalypse 12:0
59-0628E;VGR;78;Vous vous souvenez, ce matin, là je vous ai montré dans les Écritures que l’église a fait fausse route en acceptant les organisations des hommes. De même, Israël a fait fausse route en rejetant Dieu c;Ezechiel 28:12, Marc 16:0
59-0628E;VGR;84;Vous dites : “Vous croyez que Dieu existe.” Bien sûr! Ces choses viennent du pays où se trouve Dieu. Et nous sommes pèlerins et étrangers, comme Abraham et Isaac. Eux, après avoir été seulement couver;Ezechiel 28:12, Marc 16:0
59-0628E;VGR;96;Donc, le lendemain matin, Charlie et les autres étaient là-bas, les carabines ne cessaient de crépiter, de toucher des écureuils, et moi, j’étais assis derrière un arbre, à me tordre les mains, en dis;Matthieu 25:1
59-0628E;VGR;102;Le Saint-Esprit ne vient qu’à un seul niveau : il faut avoir satisfait aux exigences de Dieu. Si vous Le recevez un jour, vous en serez venu là pour avoir atteint le niveau exigé par Dieu, et non celu;Matthieu 25:1
59-0628E;VGR;111;Maintenant, voilà où vous, chers et précieux nazaréens, et les autres aussi, vous avez passé à côté. Voyez? Nous tous… Pourquoi est-ce que vous échouez? Pourquoi est-ce que la pentecôte est partie et ;Romains 8:0, Ephesiens 4:30
59-0628E;VGR;117;Mais ils ont vu les gens qui entraient et qui disaient : “Gloire à Dieu, je L’ai reçu.” Eh bien, alors, c’est la même chose… Allons, ne dites pas que ce sont des pentecôtistes parce qu’ils ont sautill;Romains 8:0, Ephesiens 4:30, Jean 3:0
59-0628E;VGR;125;C’est comme la rencontre importante que nous avons ici, en ce moment, avec les impôts, ce litige, ils essaient de dire que nous ne sommes pas une église, alors que nous avons des droits constitutionne;Jean 3:0, Hebreux 10:0
59-0628E;VGR;133;Regardez bien. Je vais juste prendre ce crucifix un instant, si on peut le décrocher de là. Qui a été la victime expiatoire? Jésus-Christ. Comment entrons-nous en Christ? Qui est mort pour nous? Chris;Hebreux 10:0, Matthieu 28:19, Actes 19:0
59-0628E;VGR;142;Le Jour de la Pentecôte, Pierre a exigé que les hommes se repentent et soient baptisés au Nom de Jésus-Christ pour la rémission de leurs péchés. Et Père, Fils et Saint-Esprit, ce n’est pas un nom. Pèr;Matthieu 28:19, Actes 19:0, Matthieu 1:18, Matthieu 28:19, Matthieu 7:21, Galates 1:8
59-0628E;VGR;151;Et on Lui a donné quel Nom? Jésus. Très bien. Père, Fils, Saint-Esprit. Alors, le Père et le Saint-Esprit, c’est un seul et même Esprit. Cet Esprit, qu’est-ce que c’est? C’est l’Esprit de Dieu. Et c’e;Matthieu 7:21, Galates 1:8, Apocalypse 13:8, Ephesiens 1:4, Apocalypse 13:8
59-0628E;VGR;160;En sortant de là, Luther a apporté beaucoup de ces choses avec lui. Wesley a apporté le reste, et on s’y réfère toujours. Dans le catéchisme catholique, appelé La foi de nos pères, je crois, à la page;Apocalypse 13:8, Ephesiens 1:4, Apocalypse 13:8, Jean 14:12, Genese 4:1, Genese 3:8
59-0628E;VGR;171;Tenir bon, et comment! La question n’est pas de savoir si moi, je tiens bon, mais si Lui a tenu bon. Ce n’est pas ce que moi, j’ai fait, c’est ce que Lui a fait. Ce n’est pas “que j’ai arrêté de fumer;Jean 14:12, Genese 4:1, Genese 3:8, Jean 5:18, Matthieu 19:9, Romains 4:8
59-0628E;VGR;179;La Semence de la femme, la Semence de la femme, c’était Christ. Marie a donné naissance au Christ. Et la semence du serpent, qui était Caïn, s’est transmise jusqu’à Judas Iscariot. Là se trouvait Jésu;Jean 5:18, Matthieu 19:9, Romains 4:8, Matthieu 19:9, Jean 5:0, Jean 5:16
59-0628E;VGR;188;Et si un homme épouse une femme qui a eu une vie impure avant qu’elle se marie avec lui, et que par la suite elle vienne vers lui, — même s’ils sont mariés depuis très longtemps, — que par la suite el;Jean 5:0, Jean 5:16
59-0628E;VGR;195;Puisse Sa grâce être avec vous. Puisse-t‑Il vous guérir de votre maladie. Puisse-t‑Il vous donner le baptême du Saint- Esprit. Et maintenant je dirai ceci, sans le prendre à la légère, sans… Si j’ai o;(aucune ref proche)
59-1219;VGR;4;"Ma femme, c’est elle qui me corrige; vous savez, les frères, ce que je veux dire. Elle disait que les gens qui étaient au fond hier soir, ils ne m’entendaient pas, parce que je parlais dans ce machin.";Actes 19:5
59-1219;VGR;11;Mais le Seigneur semble me conduire à aller en Norvège. Je ne sais pas pourquoi. Vous connaissez le petit livre intitulé Un homme envoyé de Dieu? C’est la plus importante publication religieuse de tou;Actes 19:5
59-1219;VGR;20;Hattie Wright, l’autre jour, elle n’avait rien demandé. Elle était simplement assise là, mais elle a dit la chose juste, et cela a plu au Saint-Esprit. Et le Saint-Esprit, en retour, a parlé, Il a dit;Jean 3:0, Jean 3:16
59-1219;VGR;27;Et maintenant, Père, j’ai ici, en ma possession, plusieurs questions, qui ont été posées par des cœurs sincères, pour qui ces choses sont une préoccupation. Et de donner une réponse inexacte à l’une d;Jean 3:0, Jean 3:16, Jean 17:17, Luc 24:49
59-1219;VGR;34;"Maintenant remarquez! Quand le feu est venu, c’étaient des langues; quand ils parlaient, c’était un langage. Or, il y a une QUESTIONS ET RÉPONSES SUR LE SAINT-ESPRIT 407 énorme différence entre langue";Jean 17:17, Luc 24:49, Jean 14:0
59-1219;VGR;44;Dieu qui condescend, qui descend, alors qu’Il avait été au- dessus de l’homme. Celui-ci ne pouvait pas Le toucher, parce qu’il avait péché dans le jardin d’Éden et s’était séparé de sa communion avec ;Jean 14:0, Actes 1:0
59-1219;VGR;53;Bon, maintenant nous sommes dans Actes 1. Maintenant écoutez bien, là. Vous voyez la scène? À l’extérieur de l’édifice, le petit escalier qui montait, et ils sont allés dans cette petite chambre. En b;Actes 1:0
59-1219;VGR;59;"Ça s’est passé dans cette petite pièce où brûlaient ces petites lampes à huile. Imaginez-les assis là-haut. Et l’un d’eux dit : “Oh!” Il promenait ses regards partout dans le bâtiment; c’était partout";(aucune ref proche)
59-1219;VGR;65;“Comment les entendons-nous (ce n’était pas une langue inconnue), comment les entendons-nous chacun dans notre langue maternelle? Ces gens qui parlent ne sont-ils pas tous Galiléens?” Et peut-être qu’;(aucune ref proche)
59-1219;VGR;77;Mais regardez la chose en face. Faites-y face. Ils peuvent affronter les luthériens, les—les méthodistes le peuvent. Les pentecôtistes peuvent affronter les méthodistes. Je peux affronter les pentecôt;(aucune ref proche)
59-1219;VGR;85;Il s’agit d’une progression, d’entrer toujours plus en Dieu, dans une marche intime. Comment le savez-vous? Bon, eh bien, quand Luther a reçu la justification, il a appelé ça le Saint-Esprit. Ça l’éta;(aucune ref proche)
59-1219;VGR;91;Je voudrais vous lire quelque chose dans—dans un instant. J’ai une autre réflexion là-dessus ici. Voyez? Tous les esprits doivent être soumis à Dieu. Vous rappelez-vous la fois où Josaphat et Achab al;(aucune ref proche)
59-1219;VGR;99;Il est descendu, il est entré dans ces faux prophètes, formés par une école pour ce ministère, et il leur a fait prophétiser un mensonge. C’était un esprit de mensonge qui agissait selon la volonté de;(aucune ref proche)
59-1219;VGR;105;Maintenant, mon frère, ma sœur, ça, je ne saurais vous le dire. Je n’ai trouvé aucun passage là-dessus, nulle part dans la Bible. Mais je puis vous dire ce que je pense. Or ceci va vous fortifier, vou;(aucune ref proche)
59-1219;VGR;111;Ce n’est pas le fait d’avoir un bébé qui la sauve, mais c’est parce qu’elle élève ses enfants, qu’elle fait son devoir, au lieu d’élever des chats, des chiens et n’importe quoi d’autre, ce qui va pren;(aucune ref proche)
59-1219;VGR;122;Alors, quand ils parlent dans une langue inconnue, la Bible déclare qu’ils doivent se parler à eux, à eux-mêmes et à Dieu. Celui qui parle dans une langue inconnue s’édifie lui-même. Or là, il s’agit ;(aucune ref proche)
59-1219;VGR;129;Or, il y a une différence entre une prophétie et un prophète. La prophétie va de l’un à l’autre, mais un prophète est prophète de naissance, dès le berceau. Ils ont l’AINSI DIT LE SEIGNEUR! Eux, pas q;(aucune ref proche)
59-1219;VGR;138;Alors, après que vous êtes entrés comme ça, voilà le pasteur qui arrive. Il est rafraîchi. Il n’a pas à répondre à ceci, à cela et à autre chose. Il sort tout droit de la—la rosée de son ministère. Il;(aucune ref proche)
59-1219;VGR;147;Vous dites : “Je ne le peux pas.” La Bible dit que vous le pouvez. Voyez? Donc, ça—ça règle la question. Voyez? Qu’on se taise.;Hebreux 6:4, Jean 5:24, Jean 6:0
59-1219;VGR;156;Et le père Noël, c’est une histoire inventée. (J’espère que je ne blesse personne, je pense aux enfants.) Mais je vais vous dire une chose. Il n’y a pas longtemps — environ vingt-cinq ou trente ans — ;Hebreux 6:4, Jean 5:24, Jean 6:0, Hebreux 10:0
59-1219;VGR;162;Or, cette question est vraiment épineuse. Voyez? Maintenant il faut faire attention. Maintenant, souvenez-vous, ce que nous croyons et enseignons dans cette église, ce n’est pas que tous ceux qui vien;Jean 5:24, Jean 6:0, Hebreux 10:0
59-1219;VGR;171;Maintenant, je vais vous présenter ça un peu comme une parabole, pour m’assurer que vous le voyiez, que ça ne vous échappe pas. Il écrit donc à ces Juifs. Certains d’entre eux sont des croyants fronta;(aucune ref proche)
59-1219;VGR;178;"Maintenant, voyez-vous ce qu’il dit? Maintenant regardez bien. Il y avait cette question ici; ensuite nous allons terminer. C’est une chose qui m’a déchiré pendant des années.";Hebreux 6:0
59-1219;VGR;189;Eh bien, tout de suite après ça, un de mes bons amis, Frère Davis (vous savez), s’est mis à dire que j’étais une marionnette. Ça, c’est un jouet de fille, vous savez. Et alors, j’étais célibataire, et;Hebreux 6:0, Hebreux 6:0
59-1219;VGR;195;"La vision a disparu; et de nouveau je suis tombé sur ça : “Les chardons qui sont près d’être rejetés.” Et là j’ai saisi. Jésus a dit : “La pluie tombe sur les justes et sur les injustes.” Un homme peu";Hebreux 6:0
59-1219;VGR;202;"Je vous en prie, ne me prenez pas pour un extrémiste. Si je l’ai été, ce n’était pas mon intention. Si je… J’espère bien avoir répondu à ces questions; j’y ai répondu, pour autant que je sache.";Hebreux 6:0
59-1219;VGR;213;Toujours est-il que je suis allé à l’hôpital. Busty était là, étendu, le cancer s’était tellement répandu en lui que les médecins n’ont même pas voulu, ils n’ont rien fait, ils l’ont recousu, c’est to;(aucune ref proche)
59-1223;VGR;1;Tu as un sujet de prédication? [Quelqu’un dit : “Non, monsieur.” — N.D.É.] Et Frère Beeler, là? [“Lui, je ne sais pas.”] Frère Beeler, est-ce que tu as un message pour ce soir? [Frère Beeler dit : “No;Hebreux 6:4, Hebreux 10:26, Romains 7:25
59-1223;VGR;7;Et maintenant, je pensais que peut-être… J’avais l’intention de parler, et j’avais dit que j’allais parler ce soir, sur : Nous avons vu Son Étoile en Orient, et nous sommes venus pour QUESTIONS ET RÉP;(aucune ref proche)
59-1223;VGR;15;Alors, ensemble, avec cette glorieuse Église du Dieu vivant, inclinons maintenant la tête pendant un instant. Et que chacun de vous, à sa manière, prie que Dieu oigne ces tissus. Maintenant, je cite d;(aucune ref proche)
59-1223;VGR;22;Maintenant, vous qui êtes au fond, m’entendez-vous assez bien, là-bas, au fond, ce soir? Tant mieux. Je pense que nous serons vraiment heureux quand nous aurons une autre église ici, parce que ces pet;(aucune ref proche)
59-1223;VGR;29;Donc j’apprécie vos prières. Et, avec l’aide de Dieu et par Sa grâce : un très Joyeux Noël à chacun de vous. Souvenez-vous de ce que je dis souvent : il n’est pas question de père Noël, ceci c’est pou;Apocalypse 22:0
59-1223;VGR;40;Or, dans cet homme se trouvaient certains des esprits qui avaient été chassés des pourceaux à Gadara. Certains de ces pauvres gens sont là, dans l’asile d’aliénés, à se taper la tête contre les barrea;Apocalypse 22:0, Jean 5:24, Jean 6:0
59-1223;VGR;48;"Nous avons reçu la question ici, il y a quelques instants, ici, quelque part, sur la prédestination, ça rejoint la même chose. Vous devenez une partie de Dieu; et si Dieu, dans cette grande Colonne de";Jean 5:24, Jean 6:0
59-1223;VGR;55;Maintenant, remarquez. Nous allons quelque part par ici et nous nous procurons un beau gros grain de maïs. C’est le grain de maïs le plus parfait qu’il y ait dans le pays. Et je vais… Eh bien, grain o;(aucune ref proche)
59-1223;VGR;62;"Or, un droit d’aînesse, qu’est-ce que c’est? C’est un droit. Voilà ce que j’essaie de vous dire maintenant. Le Saint-Esprit est votre Droit d’aînesse; c’est votre Droit d’aînesse. C’est le droit que D";(aucune ref proche)
59-1223;VGR;72;"L’Esprit qui était sur Élie est venu sur Élisée, une double portion; sept cents ans plus tard ou huit cents ans plus tard, il est venu sur Jean-Baptiste, et l’a fait agir… Regardez comment Élie, regar";(aucune ref proche)
59-1223;VGR;81;Et je disais : “Je ne pourrai jamais être Chrétien.” Mais je vais vous dire une chose : ce soir-là, sur l’avenue Ohio, là- bas, quand le Saint-Esprit est entré en moi, cette question de tempérament co;Romains 7:0, Romains 7:22
59-1223;VGR;90;Alors, à ce moment-là, bien sûr, les démons sont sortis d’eux, puisque les pourceaux ont été tués. Cela leur a provoqué une QUESTIONS ET RÉPONSES 477 crise. Ils ont eu une crise, comme n’importe qui. ;Romains 7:0, Romains 7:22
59-1223;VGR;99;Donc, à l’intérieur, ce subconscient (voyez?), c’est là que votre pensée… Or, Jésus a dit : “Si un homme ne naît de nouveau.” (Bon, ce n’est pas celui-là que je voulais.) “En vérité, en vérité, Je te ;(aucune ref proche)
59-1223;VGR;109;Je vais vous dire ce qu’il faut faire. Voici ce que j’ai remarqué — ma femme et moi. Ensuite je vais me dépêcher de revenir à ceci, parce qu’il ne me reste que quelques minutes, et j’ai encore quelque;Jeremie 1:4, Ephesiens 1:0
59-1223;VGR;119;Oh! la la! N’auriez-vous pas aimé être assis là, à écouter certaines de ces choses? Eh bien, nous le sommes. Bien sûr! C’est le même Saint-Esprit. Il a dit là, qu’assis ensemble dans les lieux céleste;(aucune ref proche)
59-1223;VGR;128;Vous ne… L’église… Je ne crois pas que, de ce côté-ci de— de l’éternité, nous pourrons jamais nous rendre compte — de ce que vous êtes, de la position que vous avez, où Dieu vous a placés, vous qui êt;Jean 1:8, Jean 1:8
59-1223;VGR;138;Bon! Oh! la la! Regardez, ce jour-là, quand l’ennemi s’avançait contre David. Celui-ci a donné à chacun une ration QUESTIONS ET RÉPONSES 487 de vin et—et une—une portion de viande et du pain. Et—et qu;Jean 1:8, Jean 1:8
59-1223;VGR;144;Là, vous étiez dans le monde, vous disiez, oh, vous savez, le luxe, les beaux vêtements, ou quelque chose de joli. Et : “Bof!” La religion, on laisse ça de côté. Voyez? “Oh, je vais à l’église, bien s;(aucune ref proche)
59-1223;VGR;154;Ils étaient tous assis là, et tout à coup il vint du Ciel un bruit comme celui d’un vent impétueux. Il remplit toute la maison où ils étaient assis. Quelque chose a commencé à se produire. Ils sont so;Actes 2:0
59-1223;VGR;168;Vous dites : “Croyez-vous qu’on reçoit le Saint-Esprit de la même manière qu’eux l’ont fait, ici? Je lisais dans la Bible, ici, dans Actes 2, où il est dit qu’ils, que le Saint-Esprit a été répandu, e;Actes 2:0, Ephesiens 4:30, Hebreux 4:6, Hebreux 6:4, Hebreux 10:26, Deuteronome 1:0
59-1223;VGR;176;Qu’est-ce que vous faites? Qu’est-ce qu’on fait, en Canaan? Ils faisaient valoir leurs droits. Gloire! Ils faisaient valoir leurs droits. Et ils n’ont pas pu faire valoir leurs droits avant d’être QUE;(aucune ref proche)
59-1223;VGR;182;Vous dites : “Oh, minute, là, Frère Branham.” Un instant! C’est ce que fera l’esprit antichrist. Avez-vous remarqué les deux chefs qu’il y avait? Qui était Judas Iscariot? Le diable! La Bible dit qu’i;(aucune ref proche)
61-0112;VGR;3;Et ici, il n’y a rien—rien… Parfois, la raison pour laquelle je dis “les hommes”, c’est que parfois les hommes, entre hommes, peuvent poser une question à laquelle on ne pourrait pas répondre en prése;(aucune ref proche)
61-0112;VGR;10;Bon, les noms ne sont pas inscrits, sur quelques-unes le nom est inscrit, mais je—je ne donnerai pas le nom des gens, parce que, seulement—seulement la question, je vais juste lire la question. Il n’y;(aucune ref proche)
61-0112;VGR;17;Même si c’est la question de quelqu’un d’autre, pas nécessairement votre question à vous, mais même si c’est la question de quelqu’un d’autre, peut-être quelque chose qui ne vous était jamais venu à l;(aucune ref proche)
61-0112;VGR;26;Maintenant, j’ai environ quatre questions ici, qui sont sur, qui se trouvent sur un—qui se trouvent sur un bout de papier, et je les ai numérotées : un, deux, trois, quatre, cinq, six…huit, dix, et ai;(aucune ref proche)
61-0112;VGR;34;Dernièrement, la question m’a été posée par de très précieux frères, qui m’ont dit : “Maintenant que nous sommes entrés dans cette Voie, Frère Branham, maintenant que nous avons trouvé le QUESTIONS ET;(aucune ref proche)
61-0112;VGR;42;Mais, vous voyez, ce n’est pas Frère Branham qui vous adresse cet appel, c’est le Seigneur Jésus qui vous adresse cet appel. Voyez? Et, si c’est le Seigneur Jésus qui vous adresse cet appel, c’est Lui;(aucune ref proche)
61-0112;VGR;48;Voilà une bonne question, une très bonne question : “Comment…” C’est le genre de question qui pourrait se poser parmi bon nombre d’entre nous ici, ce soir : “Comment reconnaître légitimement?” Bon, je;(aucune ref proche)
61-0112;VGR;59;Vous voyez ce que je veux dire? Vous pouvez voir la voie dans laquelle le Seigneur vous a appelé, quelle est votre position dans le Corps. Y a-t‑il une question? 110. Est-ce que toutes les personnes r;(aucune ref proche)
61-0112;VGR;68;Mais maintenant, une fois que le stade avancé a été atteint, voici la question qui se pose : “Alors, dois-je simplement m’arrêter là?” Non! Non, le maïs parvient à maturité. Voyez? 510 CONDUITE, ORDRE;(aucune ref proche)
61-0112;VGR;75;Maintenant je continue à avancer, vers le Saint-Esprit. Voyez? Et quand je pénètre ici, je suis dans le Saint-Esprit, par un baptême. Pas vrai? Qu’est-ce que le Saint-Esprit produit? Il me donne la pu;(aucune ref proche)
61-0112;VGR;92;J’ai vu ceux qui exécutent la danse du serpent, dans le désert, alors qu’ils enroulent un grand serpent autour d’eux, et se promènent en parlant — le magicien sort, comme ça, et ils parlent en langues;Esaie 28:0
61-0112;VGR;100;Je voudrais vous poser une question, frères : avez-vous déjà senti le Saint-Esprit vous secouer tellement que vous n’arriviez quasiment plus à parler, vous restez assis là pendant un moment, assis là ;(aucune ref proche)
61-0112;VGR;114;On a cette question-là quelque part plus loin. C’est pour ça que je la retenais comme ceci, c’est qu’on a la même chose : “Doivent-ils se taire?” Vous voyez? C’est pour ça que j’avais limité ma répons;Actes 2:4
61-0112;VGR;122;Y a-t‑il une autre question, là? [Frère Roy Roberson dit : “Eh bien, Frère Branham, je crois que nous avons vu cela se produire dans une ligne de prière : cette jeune fille de langue espagnole.” — N.D;(aucune ref proche)
61-0112;VGR;132;De ce qu’Il veut, c’est exact. Tout à fait exact. Et là regardez de quoi il est rempli, alors vous saurez si c’est le Saint-Esprit ou pas que vous avez reçu, alors. Voyez? Il suffit de regarder de quo;(aucune ref proche)
61-0112;VGR;139;Mais à partir de ceci, je pourrais aller tout là-bas. Vous voyez ce que je veux dire? Je pourrais passer d’une extrémité à l’autre, QUESTIONS ET RÉPONSES 521 ou je pourrais peut-être aller au milieu, ;(aucune ref proche)
61-0112;VGR;151;Lorsque vous, les ministres, vous corrigez des gens au sujet d’un don, que vous les corrigez, que vous les corrigez par l’Écriture, et qu’ils s’offensent, souvenez-vous, ce n’était pas l’Esprit de Die;(aucune ref proche)
61-0112;VGR;163;Voyez, ça, c’est une réunion habituelle des saints. Je pense que c’était comme ça dans la Bible, parce que Paul a dit : “Si quelqu’un prophétise, et si quelque chose est prophétisé, si quelque chose…s;(aucune ref proche)
61-0112;VGR;169;“Avez-vous peur de faire une erreur, Frère Branham, de dire à un homme quelque chose comme ça?” Et sur l’estrade, de dire à un homme qu’il est infidèle à sa femme, qu’il a eu un bébé d’une autre femme;(aucune ref proche)
61-0112;VGR;176;Eh bien, l’écriteau, ce n’est pas pour ça. Mais cet homme, juste au moment où nous montions dans la voiture, et Frère Banks le sait, j’avais dû, pour une raison ou pour une autre, j’étais resté à atte;(aucune ref proche)
61-0112;VGR;190;Nous ne sommes pas restés là plus de dix minutes, n’est- ce pas, Frère Banks? À peu près, de sept à dix minutes. Nous sommes ressortis, nous avons repris la route, et en faisant route, lui et moi, et ;(aucune ref proche)
61-0112;VGR;205;Bon, par exemple, bien des gens disent : “Fiou! Frère, je sais que j’ai reçu le Saint-Esprit! Alléluia! Dieu soit loué!” Mais ils n’ont toujours pas le Saint-Esprit. Ils pourraient parler en langues, ;Hebreux 6:0
61-0112;VGR;211;Maintenant, nous en venons à une grande question, là, vous voyez, sur l’élection, vous voyez. Donc, c’est que, il faut qu’on soit cela. Vous le comprenez.;Hebreux 6:0, Actes 2:38, Matthieu 28:19
61-0112;VGR;218;Mais ce poisson était un poisson au commencement. Il a simplement été mis au service du Maître, c’est tout, mis dans un autre étang, où c’était mieux, plus clair. Mais Lui, Il continue à pêcher au fil;Hebreux 6:0, Actes 2:38, Matthieu 28:19
61-0112;VGR;231;“Mais, à quelle sorte d’église est-ce que je prêcherais, si j’enseignais ça, le Saint-Esprit et tout ce genre de chose? Voyons, ce que j’aurais, c’est des sièges vides. Mes méthodistes prendraient la ;Actes 2:38, Actes 2:4
61-0112;VGR;241;Paul a parlé, là aussi dans Corinthiens, le passage sur lequel portait votre question, il a dit : “Il y a les langues des anges, et il y a les langues des hommes.” Or, les langues des anges, c’est lor;Actes 2:4, Actes 2:4
61-0112;VGR;259;Et tout à coup j’ai entendu Quelqu’un près de la porte, qui parlait en langues étrangères. J’ai pensé… C’était en allemand. J’ai pensé : “Eh bien, cet homme est venu chercher…” J’ai arrêté, vous savez;(aucune ref proche)
61-0112;VGR;274;Y a-t‑il une question? Très bien, quant à chercher à savoir ce que Dieu est en train de dire, vous voyez. Maintenant, je—je dirais, Frère Stricker, là-dessus, par rapport à ça : ne cherche pas à réflé;(aucune ref proche)
61-0112;VGR;290;Donc, non — quant à la—la personne qui donne le message. C’est ça, votre question, je crois : “La personne qui donne le message, est-ce qu’elle, est-ce que—est-ce que la personne qui donne le message ;Actes 19:0
61-0112;VGR;302;Maintenant, si vous—vous regardez ici, il a dit : “Je désire que vous parliez tous en langues. Je—je souhaite que vous parliez tous, que tous parlent en langues, que vous soyez tellement remplis du Sa;Matthieu 18:10, Matthieu 18:10
61-0112;VGR;312;Donc, nous voulons les dons de prophétie plus les dons de parler en langues. Mais, pour le parler en langues, vous voyez, il faut qu’il y ait une interprétation. Et là, une fois interprété, c’est une ;Matthieu 18:10, Matthieu 18:10
61-0112;VGR;319;Maintenant : “Si cette tente où nous habitons sur la terre est détruite, nous en avons une autre qui nous attend déjà.” Pas vrai? C’est un corps.;(aucune ref proche)
61-0112;VGR;327;C’est ce que j’ai vu l’autre jour, dans cette vision, vous savez, quand je suis passé de l’autre côté. “Si cette tente où nous habitons sur la terre est détruite, nous en avons une autre.”;(aucune ref proche)
61-0112;VGR;343;Maintenant, voyons exactement quelle était sa question ici. Il disait que : QUESTIONS ET RÉPONSES 551 Je crois que tous les messages… (c’est exact) …doivent être interprétés — et trois, chacun à son t;(aucune ref proche)
61-0112;VGR;353;Rien que trois, chacun à son tour, ensuite—ensuite je dirais : “Allez-y, mettez-les par écrit, et posez-les là, sur la chaire.” Voyez? Ensuite, le lendemain soir, nous nous réunissons de nouveau. Voye;(aucune ref proche)
61-0112;VGR;364;Et ce soir-là, au moment où je me dirigeais vers le camion, j’ai été encerclé. Et voilà cette bande de femmes qui étaient là, comme une bande de poulets, vous savez : “Vous avez blasphémé le Saint-Esp;(aucune ref proche)
61-0112;VGR;379;Mais si c’est quelqu’un du dehors, et que le pasteur, avec respect, s’arrête là et attend un instant, alors il, probablement qu’il continuera tout simplement après, vous voyez. Donc, et si vous remarq;Luc 3:0
61-0112;VGR;388;Je vais présenter ça… Je sais que je—je suis à court de temps, là, et j’ai encore d’autres questions ici, qui sont vraiment très bonnes. Je ne veux pas… Il est—il est déjà vingt-deux heures passées, a;(aucune ref proche)
61-0112;VGR;396;[Un autre frère dit : “Ils lui ont demandé s’il était ce Prophète, et il a dit : ‘Je ne le suis pas.’” — N.D.É.] Oui. Bon. En effet, le Prophète en question, c’était Celui dont Moïse avait parlé. Vous;(aucune ref proche)
61-0112;VGR;414;Vous voyez, comme nous disons… Je dis toujours : “En bas c’est en haut.” Qui vous dit que ce n’est pas vrai, ça? Nous nous trouvons dans l’Éternité, alors il est possible que le pôle Sud soit en haut ;Malachie 4:0, Luc 3:14
61-0112;VGR;428;Et j’ai dit aux frères, bien des années en arrière, — je ne sais pas lequel d’entre nous est le plus âgé, — mais je leur ai dit ces QUESTIONS ET RÉPONSES 565 choses, que j’avais vu cette Lumière et de;Luc 3:14, Matthieu 3:0
61-0112;VGR;441;Il a dit : “Eh bien, je ne vois personne au monde qui ait déjà eu quoi que ce soit, dit les choses et fait les choses que tu fais, Billy.” Cela l’a beaucoup aidé, vous voyez. Il a dit : “Je vais dans ;Jean 13:0, Luc 1:17
61-0112;VGR;454;Oui. C’est exact. Charité bien ordonnée commence par soi- même, vous voyez. Nous—nous—nous subvenons à nos propres besoins, ici, parce que nous…ceci est l’église de Dieu, ou quelque, votre petite égli;Luc 1:17
61-0112;VGR;462;J’ai envoyé mon adjoint, vous voyez, Frère Neville. Je me rappelle le soir où c’est arrivé. Je dois rester près de la table de communion, vous voyez, même quand… Regardez un peu. Bon, je n’ai pas le t;(aucune ref proche)
61-0112;VGR;476;Maintenant, voyons un peu. J’imagine que ce “…fait…” Voyez si vous lisez la même chose que moi. Lisez-la. [Un frère lit la question : “Est-ce qu’un prédicateur ou n’importe quel Chrétien fait bien de ;(aucune ref proche)
61-0112;VGR;482;Là, il vaut mieux faire bien attention. Vous allez probablement vous mettre dans un beau pétrin, plus que jamais, vous voyez, et rendre l’autre pire que jamais. Dites : “Voici ce que je vous propose :;(aucune ref proche)
61-0112;VGR;489;C’est pour cette raison que j’ai quitté l’église baptiste, vous voyez, la toute première fois. Je n’y étais que depuis peu de temps, et ils—ils m’ont demandé d’ordonner des femmes prédicateurs. QUESTI;(aucune ref proche)
61-0112;VGR;500;Ensuite il m’a dit qu’il allait avoir un débat avec moi sur la question. Et j’ai dit : “Très bien, au moment qui vous conviendra.” Mais il—il ne l’a pas fait.;(aucune ref proche)
61-0112;VGR;506;Par exemple, si—si on surprenait Frère Neville, ou Frère Junior, ou Frère…un frère, ici, l’un des diacres ou des administrateurs, ou quelqu’un, à faire quelque chose de mal, je crois que ce qu’il faut;(aucune ref proche)
61-0112;VGR;514;“Non.” Il a dit : “Nous le laissons tranquille et nous prions pour lui.” Il a dit : “Nous n’en avons encore jamais perdu un seul. Ils reviennent toujours, d’une manière ou d’une autre.”;(aucune ref proche)
61-0112;VGR;520;Je suis heureux de voir que vous maintenez cette position- là : il n’y a pas de désordre, pas de mécontentement, pas de confusion. Pas de question où on contestait Cela, en disant : “C’est faux, Ceci ;(aucune ref proche)
61-0112;VGR;532;Merci, frère. Nous vous souhaitons la bienvenue dans notre communion. Et nos—nos références nous sont données d’en haut. Notre vie, c’est ça nos références. Voilà nos références. “Si Je ne fais pas le;(aucune ref proche)
61-0808;VGR;2;Et je suis vraiment reconnaissant d’avoir de tels amis, d’avoir des gens qui—qui apprécient vos—vos efforts, c’est ce que vous essayez de faire, lorsque—lorsque vous parcourez de si longs trajets en v;(aucune ref proche)
61-0808;VGR;9;Donc, j’ai pensé que ce soir, peut-être que je vais demander, j’ai dit à Frère Welch : “Qu’est-ce que tu…? Qu’allons-nous dire aux gens quand ils viendront? Penses-tu que…?” Nous nous sommes dit que s;(aucune ref proche)
61-0808;VGR;15;Maintenant, ce soir, je me suis dit, Père, que nous verrions ce qui est sur le cœur des gens. Tu connais leurs cœurs, et je Te prie, Père, de m’aider à répondre à leurs questions, afin qu’il soit bon ;(aucune ref proche)
61-0808;VGR;21;Il y a l’une de ces petites questions épineuses que j’ai pensé que j’aimerais aborder pendant un instant, à propos de Ta famille, comme je vois que chacun de vous a si bien mis sa maison en ordre, que;(aucune ref proche)
61-0808;VGR;37;Et là, tout à coup, lorsque le prisonnier romain, ou, le centenier a dû—a dû, celui qui faisait la garde à la porte, il a dû se dire, ce soir-là, quand Paul et Silas discutaient au sujet de l’Écriture;(aucune ref proche)
61-0808;VGR;45;Et donc, nous voyons que cet homme a dû être impressionné d’une manière ou d’une autre, par ces cantiques ou peu importe ce qu’ils faisaient là-dedans, pour se rendre compte qu’ils étaient des Chrétie;(aucune ref proche)
61-0808;VGR;55;Vous voyez, là, le Romain a dit : “Que faut-il que je fasse?” Il posait la question seulement pour lui-même, il a dit : “Que faut- il que je fasse?” Et il a répondu : “Crois au Seigneur Jésus-Christ, ;(aucune ref proche)
61-0808;VGR;81;Même s’il m’arrivait de partir avant qu’ils le soient, d’une manière ou d’une autre, avant qu’ils quittent ce monde, Dieu les contraindra à revenir sur le sentier, ça, je—je le crois, d’une façon ou d;(aucune ref proche)
61-0808;VGR;102;“Bon, voici pourquoi, voici ce que je veux”, je lui exposerais le problème et je lui présenterais la situation, je lui dirais : “Frère Welch, je suis en train de tenir une série de réunions par ici, j;(aucune ref proche)
61-0808;VGR;110;Et si tu lisais certaines de ces questions pour moi? Pourrais-tu les lire pour moi? Je—j’espère pouvoir bien les saisir. Je ne veux pas vous retenir trop longtemps, là, environ, peut-être environ dix ;(aucune ref proche)
61-0808;VGR;149;Très bien, en as-tu une autre là, Jimmy, fiston? [Si nous avons bien compris, c’est par la foi que le monde a été fait. Pourriez-vous, s’il vous plaît, expliquer un peu ce qu’est la foi?];(aucune ref proche)
61-0808;VGR;171;Seize, as-tu dit, fiston? [espace non enregistré sur la bande— N.D.É.] “…qu’il soit…” Oh, miséricorde, je ne sais pas si je suis capable de prononcer ce nom ou pas. A-n-a-t-h-è-m-e M-a-r-a- m-a-t-h-a.;Actes 2:0, Apocalypse 7:0
61-0808;VGR;178;Très bien, Frère Jimmy, peut-être que tu en as encore une autre? [Expliquez : “du sang jusqu’au mors du cheval”, dans l’Apocalypse.];Actes 2:0, Apocalypse 7:0
61-0808;VGR;193;Bien, tu en as une autre, n’est-ce pas? [Elle dit : “Quelle importance le fleuve d’Euphrate a-t-il dans la Bible, au plan spirituel?”];(aucune ref proche)
61-0808;VGR;201;Mais je tiens à dire que c’étaient de très, très bonnes questions, elles étaient toutes très bonnes. Et j’aimerais que s’il m’arrive d’avoir une autre soirée consacrée aux questions, ou quelque chose ;(aucune ref proche)
61-0808;VGR;212;Oh, mon frère, ma sœur, si seulement je pouvais—si seulement je pouvais expliquer d’une manière ou d’une autre ce qu’il en était ce matin-là, alors que j’étais couché là, à côté de ma petite femme, là;(aucune ref proche)
61-0808;VGR;222;Et quand je suis assis à la maison, je me dis : “Eh bien, je crois—je crois—je crois…” C’est comme l’autre jour, là-bas, je deviens tellement tendu, j’ai dit : “Je—je—je vais aller de l’avant, et teni;(aucune ref proche)
61-1015M;VGR;1;…ces questions avant de venir à la chaire, mais il y a Frère Moore qui a téléphoné de toute urgence, et j’ai pensé que quelqu’un était très malade, mais il voulait seulement avoir une réunion. Donc j’;(aucune ref proche)
61-1015M;VGR;7;Donc, si je n’y réponds pas conformément à vos convictions sur ces questions… Maintenant, souvenez-vous toujours que j’y QUESTIONS ET RÉPONSES 585 réponds de mon mieux. Et alors, parfois, peut-être qu;(aucune ref proche)
61-1015M;VGR;19;"Donc, je me suis dit que ce serait un bon petit sujet de réflexion. Ça m’est venu à l’esprit hier, pendant que je parlais à ces Chrétiens; je me suis dit que ce serait bien d’en faire part à QUESTIONS";(aucune ref proche)
61-1015M;VGR;27;Et aujourd’hui, comme nous devrons répondre à des questions, Seigneur, nous sommes conscients que celles-ci expriment des choses profondes et sincères qui tiennent à cœur à ces gens. Ils n’ont pas pos;Actes 2:38, Actes 2:38, Matthieu 28:19
61-1015M;VGR;37;Bon, en ce qui concerne ces questions, je… Il y en a quelques-unes que je n’ai même pas encore regardées. Il va peut- être falloir que j’aille doucement, pour déchiffrer les mots, voir ce que c’est. L;Actes 2:38, Actes 2:38, Matthieu 28:19, Actes 19:5
61-1015M;VGR;43;Par conséquent, pour pouvoir ne pas tenir compte de la Bible, l’église catholique croit que Dieu a donné à l’église le pouvoir d’apporter des changements ou de faire tout ce qu’elle veut. Voyez? Par c;Actes 19:5, Hebreux 6:4, Hebreux 10:26
61-1015M;VGR;51;Et l’autre jour à Chicago, j’ai demandé, devant trois cents ministres qui étaient là pour en débattre et pour me questionner là-dessus, je… Et le Seigneur m’avait dit, Il m’avait donné une vision et m;Hebreux 6:4, Hebreux 10:26, Hebreux 6:4, Hebreux 10:0, Hebreux 10:26, Hebreux 6:4
61-1015M;VGR;57;Souvenez-vous, lors de la venue du Seigneur Jésus, vous vous souvenez qu’Il a trouvé des gens qui marchaient dans toute la Lumière qu’ils avaient reçue, qui y marchaient? Vous vous souvenez de ce qui ;Hebreux 6:4, Hebreux 10:26, Hebreux 6:4, Hebreux 10:0, Hebreux 10:26, Hebreux 6:4
61-1015M;VGR;65;Maintenant, pour relier les deux, pour répondre à votre question, considérons, dans la Bible, un passage et une personne qui a fait ça, et alors nous verrons.;Jean 21:15
61-1015M;VGR;76;"Et eux sont restés là — pourquoi? Tous ces gens-là, ils regardaient aux circonstances, mais Josué et Caleb regardaient à ce que Dieu avait dit : “Je vous ai donné ce pays; allez en prendre possession.";Jean 21:15
61-1015M;VGR;85;Alors, voilà ce qu’Il a voulu dire par “Pais Mes brebis”. Si on s’arrête sur celle-là, on n’arrivera jamais à aborder les autres questions, parce que moi, celle-là, je trouve que c’est une bonne quest;(aucune ref proche)
61-1015M;VGR;93;"Et j’ai arrêté de prier, appuyé contre une chaise comme ceci, j’écoutais, et il a continué à parler. Je me suis dit : “Eh bien, je me demande pourquoi personne ne lui répond.” J’ai écouté; je me suis ";(aucune ref proche)
61-1015M;VGR;105;Il a posé deux questions ici. C’est vrai. C’est—c’est vrai. Il n’est pas permis aux femmes d’être ministres et—et de parler dans l’église. C’est exact : I Corinthiens, chapitre 14.;(aucune ref proche)
61-1015M;VGR;120;Non monsieur! Absolument pas! Non monsieur! Embrassez une seule femme, frère : votre femme (Voyez?), ou votre—votre enfant, ou… Voyez? “Est-ce en ordre pour…” Voyons si j’ai bien saisi! “Est-ce en ord;(aucune ref proche)
61-1015M;VGR;135;Des femmes, des jeunes femmes, arrivent, et les hommes embrassent ces femmes. Surtout ne faites pas ça! Surtout ne… Tenez-vous loin de là. Souvenez-vous‑en! Qu’elle soit jeune, célibataire, ou quoi qu;(aucune ref proche)
61-1015M;VGR;142;Mais, comme je partais, le Saint-Esprit m’a dit : “Ne fais surtout pas ça.” Oh, qu’il est bon d’avoir le Saint-Esprit. “Ne fais surtout pas ça.” 608 CONDUITE, ORDRE ET DOCTRINE DE L’ÉGLISE Eh bien, je;(aucune ref proche)
61-1015M;VGR;148;Si, à un moment donné, vous, si vous avez vraiment le Saint- Esprit, vous êtes sauvé pour l’Éternité. Je peux le prouver par les Écritures, et nous l’avons fait maintes et maintes fois. Mais, afin de ;(aucune ref proche)
61-1015M;VGR;156;Non, non! Les fondamentalistes, vous…les prétendus fondamentalistes, comme la prétendue église du Christ et les prétendus Chrétiens, le prétendu Christianisme. Aujourd’hui, du QUESTIONS ET RÉPONSES 61;Matthieu 5:0
61-1015M;VGR;162;Mais les femmes, si elles ont des dons… Bon, je crois que la manière correcte, quand nous nous réunirons bientôt, quand notre église sera un peu mieux établie… Et—et, soit dit en passant, il y a un no;Matthieu 5:0
61-1015M;VGR;168;Bon, eh bien, mon frère, voici quelle serait, pour vous, la seule manière de faire. Maintenant, ceci est un sujet très vaste et, un jour, je—je voudrais, si—si l’église arrive à s’organiser et à être ;Matthieu 5:0
61-1015M;VGR;176;Bon, eh bien, voici—voici un point délicat pour l’église en ce moment. Non, ce qui est correct, c’est que les dîmes aillent au ministre. C’est vrai! Dans la Bible, ils avaient une boîte qu’ils plaçaie;(aucune ref proche)
61-1015M;VGR;189;Eh bien, la vierge endormie sera sauvée, bien sûr. Elle sera sauvée, au jugement. Elle ne sera jamais l’Épouse, mais elle fait partie d’un groupe de gens sauvés qui passeront en jugement, qui QUESTION;Matthieu 16:9, Matthieu 16:9, Matthieu 16:10, Apocalypse 2:99, Apocalypse 21:0
61-1015M;VGR;195;Comme… Quand ils ont traversé la mer Rouge, Dieu a ouvert le passage et a fait en sorte que la mer Rouge s’ouvre, ils ont traversé, et en ressortant, de l’autre côté, dès qu’il n’a plus eu d’eau, ils ;Apocalypse 2:99, Apocalypse 21:0
61-1015M;VGR;201;"Maintenant, voyons un peu, la dernière question ici, c’était : “Est-ce que la nouvelle Jérusalem est spirituelle?” Non, non, la nouvelle Jérusalem, Jean l’a vue descendre du Ciel, d’auprès de Dieu; ce";Apocalypse 21:0
61-1015M;VGR;207;Regardez, dans l’arche, Dieu a lâché ce vieux corbeau, ou plutôt, Noé a lâché le corbeau. Or, qu’est-ce qu’il était? Il était un corbeau. Oh, certes, il s’était perché là, sur le même perchoir QUESTIO;(aucune ref proche)
61-1015M;VGR;219;Comment la nuit peut-elle rester là, quand le soleil fait briller à travers elle ses bénédictions? Où va la nuit? Elle n’existe plus. Qu’est-il arrivé à la nuit? Où est l’obscurité qu’il y avait dans ;(aucune ref proche)
61-1015M;VGR;227;Et quant à ces questions qui étaient dans le cœur des gens, nous voyons qu’ils se demandaient s’ils devaient faire ceci ou cela. Père, j’espère que, dans le cœur tendre de tous les Chrétiens, la répon;(aucune ref proche)
61-1015M;VGR;234;Maintenant, que ceux qui veulent qu’on prie pour eux, de ce côté-ci premièrement, se mettent en ligne ici le long du mur, pendant que Teddy joue pour nous Le grand Médecin est proche maintenant. Avanc;(aucune ref proche)
61-1015M;VGR;244;Et nous allons simplement, pendant un instant — simplement, pensons à Sa grandeur et à ce qu’Il a fait pour nous. Qu’aurions-nous pu faire sans Lui? Alors que nous L’avons vu, et qu’il n’y a pas une s;(aucune ref proche)
61-1015M;VGR;252;"Maintenant, j’espère, si c’est la volonté du Seigneur — je crois que Billy a un système, il envoie une carte à tout le monde. Et si QUESTIONS ET RÉPONSES 631 maman va mieux cette semaine; pour autant ";(aucune ref proche)
61-1015M;VGR;260;Il y a quelques jours, quand j’étais en voyage là-bas, à—à, sur la route de l’Alaska, quand j’allais faire une partie de chasse, j’étais là à me poser des questions : “Pourquoi? Pourquoi?” Regardez co;(aucune ref proche)
62-0527;VGR;4;Et je me suis dit, vous savez, il y a Frère Boze qui doit être ici dimanche soir prochain, je crois. Je… Tu leur as fait part de ça? Oui, c’est pour dimanche soir prochain. Il a un—un film qu’il désir;(aucune ref proche)
62-0527;VGR;11;Mais pour commencer, maintenant, inclinons la tête pour quelques mots de prière. Et pendant que nous avons la tête inclinée, je me demande s’il y aurait dans notre cœur quelque chose que nous voudrion;(aucune ref proche)
62-0527;VGR;22;Bon, alors je me suis dit que de demander de poser des questions, ça pourrait peut-être me donner un peu accès à votre— votre pensée. J’en ai reçu deux. Quand je suis arrivé, Billy m’a dit qu’il y en ;(aucune ref proche)
62-0527;VGR;28;Maintenant, la première, ça se trouve, je crois, dans I Corinthiens, au chapitre 7 et au verset 15. Donc, maintenant nous allons tâcher de prendre ce passage de l’Écriture pour voir ce que c’est, et v;(aucune ref proche)
62-0527;VGR;36;Alors ici, ça pourrait avoir l’air de donner… Et c’est comme ça que vous arrivez à voir des contradictions dans la Bible, mais il n’en est rien. Maintenant cette personne, ici, semble-t‑il, désire sav;Genese 1:26
62-0527;VGR;43;Mais, bon, de dire : “Je, Frère Branham, je me suis marié, et ma femme est non-croyante, et il y a ici une sœur avec laquelle je pourrais me marier. Je vais quitter celle-là et me marier avec celle-ci;Genese 1:26, Genese 2:7, Genese 1:26, Genese 1:26
62-0527;VGR;50;Maintenant, nous les adultes, nous savons ce que “connut” veut dire. Maintenant, la question porte sur la conjonction. Bon, si vous observez, mes amis, voyez, vous—vous ne pouvez tout simplement pas f;Genese 1:26, Genese 2:7, Genese 1:26, Genese 1:26
62-0527;VGR;56;Et Dieu a prononcé une malédiction sur eux, et toutes ces choses. Et ensuite Adam connut sa femme, voyez, après qu’elle avait déjà été séduite et était devenue enceinte. Au même titre que Dieu avait f;Genese 1:26
62-0527;VGR;72;Bon, mais, vous voyez, Dieu, quand Il a prononcé le jugement sur Adam et Ève, elle avait déjà commis ce péché avant, pour qu’Il puisse prononcer ce jugement. Et, écoutez, avez-vous déjà appris ça, que;(aucune ref proche)
62-0527;VGR;87;Il est mort, à tel point que la lune et les étoiles ont été couvertes de honte. Il est mort, à tel point que la terre a fait une dépression nerveuse. Elle a été tellement ébranlée que les rochers se s;(aucune ref proche)
62-0527;VGR;97;"Oh, là où Elle dit… Ils disent : “Elle Se contredit”; vous êtes ici, en bas, en train de lire. Montez ici et lisez-La, Elle est totalement différente à ce moment-là. Vous voyez? C’est vrai. Bien sûr. ";(aucune ref proche)
62-0527;VGR;109;Je ne suis pas fidèle à mon épouse parce que je crains qu’elle divorce d’avec moi. Je lui suis fidèle parce que je l’aime : il n’y a aucune autre femme au monde, il n’y a qu’elle. C’est pour cette rai;(aucune ref proche)
62-0527;VGR;124;Vous aussi, vous vous pensez peut-être attaché, mon frère, ma sœur, vous qui avez écrit cette question. Vous pensez peut-être que le diable vous a attaché là, en bas, mais il ment. Un jour un Homme es;(aucune ref proche)
62-0527;VGR;134;Nous l’attendons. Nous ne savons pas à quel moment ce sera. Je prends par la foi que c’est maintenant, et je veux porter le flambeau bien haut. Et écoutez, je… Saisissez ceci comme il faut! Je veux vi;(aucune ref proche)
62-0527;VGR;147;Si je me proposais d’acheter une—une… Quelqu’un est venu, et m’a écrit un mot l’autre jour, il disait, une—une longue lettre, et il disait : “Frère Branham, je ne sais pas quoi faire.” Il disait : “Mo;(aucune ref proche)
62-0527;VGR;159;Les statistiques indiquent que le message d’un homme dure trois ans, n’importe lequel d’entre eux, ensuite il vit sur sa réputation le reste du temps, jusqu’à ce que Dieu le rappelle à Lui. Bon, et ça;Malachie 3:0, Malachie 3:0, Matthieu 11:0, Malachie 3:0, Malachie 4:0, Malachie 4:0
62-0527;VGR;169;Vous voyez ce prophète qui broie du noir, là? Il savait que quelque chose allait se produire, mais il ne savait pas avec certitude où, voyez, voyez, au juste ce qui était en train de se produire. “Es-;Malachie 3:0, Malachie 4:0, Malachie 4:0
62-0527;VGR;178;Et alors, au retour de l’Église et de l’Épouse, l’Épouse et Christ marcheront sur les cendres de ces gens, dans le Millénium, quand la terre aura été purifiée par le feu. Et c’est là qu’ils régneront.;(aucune ref proche)
62-0527;VGR;185;Avant j’allais partout, je proclamais le Message haut et fort, et je voyais une personne ici, et une autre là, qui Le saisissaient. J’y retourne, je proclame le Message haut et fort, et les gens Le co;(aucune ref proche)
62-0527;VGR;193;Et là je parlais à ma femme, je disais : “Chérie, depuis environ un an et quatre mois, je ne sais plus trop de quel côté me tourner.” J’ai dit : “Je ne sais pas pourquoi.” Elle a dit… Nous parlions de;(aucune ref proche)
62-0527;VGR;208;J’ai dit : “Qui va me dire de me taire? Dieu seul.” J’ai dit : “Ce n’est pas étonnant que ces gens soient complexés, après avoir été traités de cette manière.” [espace non enregistré sur la bande — N.;(aucune ref proche)
62-0527;VGR;220;La nuit dernière, j’ai fait un rêve, j’ai rêvé que j’allais à une réunion, et jamais je n’ai vu un groupe de gens pareil! Ils étaient rassemblés dans une espèce de grand stade, à perte de vue. Quelqu’;(aucune ref proche)
62-0527;VGR;232;Je prie pour vous. Priez pour moi. Ne—ne vous contentez pas de dire : “Frère Branham, je le ferai.” Faites-le! Voyez? Je compte là-dessus. Je suis celui qui a besoin de prière : s’Il peut me pousser v;(aucune ref proche)
62-0527;VGR;238;Notre Père Céleste, c’est là notre…un petit cantique d’Amen. Nous aimons Ton enseignement, nous disons tous : “Amen!” Nous aimons l’Esprit : “Amen!” Nous croyons qu’Il vient : “Amen!” Chaque Parole qu;(aucune ref proche)
62-0527;VGR;250;Et nous sommes conscients, Seigneur, que nous, que quelque chose est sur le point d’arriver. Le monde le sait, ils chantent des chansons, et la télévision abonde en chansons et en plaisanteries folles;(aucune ref proche)
62-0527;VGR;259;Vous vous rappelez que nous avions coutume de chanter ces cantiques-là? Nous allons… Et il y a aussi celui-ci que nous QUESTIONS ET RÉPONSES 679 avions coutume de chanter, il y a de nombreuses années,;(aucune ref proche)
62-0527;VGR;268;"La Bible dit : “Après avoir chanté un cantique, ils partirent.” Revêts-toi du Nom de Jésus, Ô toi, enfant de tristesse; Il va te procurer la joie, Prends-le partout où tu vas. Précieux Nom, Nom, si do";(aucune ref proche)
63-0324M;VGR;1;[Un frère parle dans une autre langue. Un autre frère donne l’interprétation. L’assemblée prie à haute voix. — N.D.É.] Notre Père Céleste, nous sommes vraiment reconnaissants de ce moment où nous pouv;(aucune ref proche)
63-0324M;VGR;11;"Et vous savez que ces révélations et tout; il y a longtemps que je—je suis avec vous, vous voyez, et elles ont toujours été justes. Et maintenant pour le prouver doublement, qu’elles sont justes, elle";(aucune ref proche)
63-0324M;VGR;24;"Alors, surtout, n’interprétez rien. Si Dieu veut vous faire savoir quelque chose, Il vous l’enverra. Voyez? Alors, soyez vraiment, vraiment fermes, là. Ne bronchez pas; il s’est passé quelque chose. E";(aucune ref proche)
63-0324M;VGR;33;Maintenant, répondre à des questions, c’est toute une affaire. Alors, je—je, maintenant… En—en—en y répondant, la plupart, la plupart des questions, à part… Maintenant, chacune… Quelques-unes ne se ra;Matthieu 25:0
63-0324M;VGR;39;Et, maintenant, ce sont de très bonnes questions. J’apprécie, et de voir la sagesse et tout, dont les gens ont fait preuve. Maintenant, la première. Et je vais essayer d’y répondre. Et, QUESTIONS ET R;Matthieu 25:0
63-0324M;VGR;46;“Maintenant, la partie, ici, des cinq,” si c’est bien le sens de la question, à savoir, “y en avait-il seulement cinq?” Et nous avons beaucoup de questions, là, au sujet des—des sept mille, et tout. O;(aucune ref proche)
63-0324M;VGR;53;Mais, à la fin de l’âge, de la même façon que se sont terminés tous les autres, nous voyons que c’est là que le messager est envoyé. Et tout ce méli-mélo et toutes ces choses doivent être positionnées;(aucune ref proche)
63-0324M;VGR;61;Maintenant—maintenant, quant à celles-ci, vous voyez, je… Il va falloir que je me dépêche d’y répondre. En effet, vous voyez, chacune d’elles, c’est une prédication de quatre semaines, vous voyez, cha;Matthieu 24:0
63-0324M;VGR;68;Ensuite j’ai pris, ici, ces trois questions qui ont été posées à Jésus-Christ : “Quel, quand ces choses arriveront-elles, où ‘il ne restera pas pierre sur pierre’? Quand est-ce qu’il sera démoli, ce c;Matthieu 24:0
63-0324M;VGR;81;Donc, celles-là seront une partie de l’Épouse. Ce sont elles qui vont la composer, vous voyez, toutes celles qui dorment. Et ne pouvons-nous pas absolument voir… [Panne du système d’enregistrement. es;(aucune ref proche)
63-0324M;VGR;94;Si je suis en train de butter des pommes de terre, je vais continuer à les butter de toutes mes forces. Quand Il viendra, je lâcherai la bêche et je partirai, c’est tout. Vous vous souvenez de l’année;Apocalypse 6:6
63-0324M;VGR;110;Ça non plus, je ne l’ai pas su avant l’autre jour, quand j’étais assis là. Voyez? Donc, ça, c’est pour : “Qu’est-ce que l’huile et le vin…” C’était pour : “Ne fais point de mal.” Il s’agissait du cava;(aucune ref proche)
63-0324M;VGR;124;Vous dites : “Eh bien, ma foi est ancrée Là.” Et regardez quel genre de vie vous vivez. Vous voyez que vous n’êtes même pas digne d’être là. Vous n’êtes pas ancré comme il faut. Vous êtes ancré dans d;Genese 4:1
63-0324M;VGR;132;Bon, je vais simplement vous répondre par une question, mon frère, ou ma sœur. Et maintenant, souvenez-vous, je ne—ne vous vise pas, pas du tout. J’essaie de vous aider, voyez-vous. Je vous aime, et j;Matthieu 5:0
63-0324M;VGR;140;"Mais, là, quand il a tué Abel; et que Dieu lui a redonné Seth, c’était un type du juste, pour racheter; il est mort, ensuite il ressuscite. Et de là… Maintenant regardez bien. Non pas par la première ";Matthieu 5:0, Actes 2:38, Matthieu 28:19, Actes 2:0, Luc 24:49, Matthieu 28:19
63-0324M;VGR;148;Maintenant, si je pouvais donner la réponse exacte à ça, je pourrais vous dire ce qu’il en est d’Énoch, vous voyez. Mais je— je ne peux pas, vous voyez. Tout ce que je sais, c’est simplement que l’Écr;Actes 2:38, Matthieu 28:19, Actes 2:0, Luc 24:49, Matthieu 28:19
63-0324M;VGR;160;Or, c’est ça que vous faites, ici dans Matthieu. Vous en lisez seulement la dernière partie. Reprenez Matthieu au début, et QUESTIONS ET RÉPONSES SUR LES SCEAUX 471 lisez l’histoire. Ça, c’était le de;(aucune ref proche)
63-0324M;VGR;168;Quel est le Nom de Dieu? Quel est le Nom du Père, Fils, Saint- Esprit? [L’assemblée dit : “Jésus.” — N.D.É.] La Bible a dit que Son Nom, c’était “Jésus”. Et puis cet homme, ici, qui essayait de débatt;(aucune ref proche)
63-0324M;VGR;175;À l’époque où les pentecôtistes sont sortis, ils ont formé le groupe des “Jésus Seul”. Maintenant, ça aussi, c’est faux. Comment Jésus pourrait-Il être Son propre Père? Voyez? Donc, voilà qui règle ce;(aucune ref proche)
63-0324M;VGR;181;Il y a beaucoup de Branham, si vous voulez parler de moi personnellement, mais je suis—je suis le seul William Marrion Branham. Ça—ça, c’est moi. Mais il y a beaucoup d’autres William Branham, et tout;(aucune ref proche)
63-0324M;VGR;190;Vous voyez, il n’y a rien qui fait défaut. Tout fonctionne très précisément, comme la grande horloge de Dieu, vous voyez, comme les aiguilles qui courent sur le cadran. Votre nom y a été mis avant la ;(aucune ref proche)
63-0324M;VGR;204;Non. Ce n’est pas le même. Vous voyez, ce sont deux hommes différents. L’Élisée qui est venu sous forme d’Élie, ce n’était pas Élie. Et l’esprit d’Élie qui est venu sur un homme appelé Jean- Baptiste,;(aucune ref proche)
63-0324M;VGR;218;Les femmes pentecôtistes (elles vont et viennent), elles sont assises là, elles entendent et elles savent, par la Parole, que c’est mal. Vous pensez qu’elles vont s’Y plier? Non monsieur. Tous les QUE;Daniel 9:27, Apocalypse 11:0
63-0324M;VGR;227;"C’est comme, vous regardez dans la Bible, où il est dit : “Frappez, et on vous ouvrira; cherchez, vous trouverez; demandez, vous recevrez.” Maintenant, si vous remarquez, c’est “celui qui frappe”, qui";Apocalypse 11:0
63-0324M;VGR;236;Mais la Bible a dit, dans Malachie, au 4e cha-… ou au 3e chapitre : “J’enverrai Mon messager devant Ma face, pour préparer le chemin pour Moi.” Sept cent douze ans avant, Jean… Oh, le grand prophète É;(aucune ref proche)
63-0324M;VGR;251;— Continuez simplement comme vous faites, vous voyez. Mais il y en a Un au milieu de vous, que vous ne connaissez pas.” Il savait que c’était l’heure de son message. Il savait qu’il devait présenter c;Matthieu 11:0, Malachie 3:0
63-0324M;VGR;258;Il n’a pas dit : “Allez dire à Jean qu’il aurait dû passer son doctorat en philosophie, avant d’arriver.” Voyez? S’il avait fait 488 LA RÉVÉLATION DES SEPT SCEAUX ça, il aurait été avec tous les autre;Malachie 3:0, Apocalypse 6:0, Apocalypse 5:9, Apocalypse 5:0, Apocalypse 6:11, Apocalypse 6:0
63-0324M;VGR;265;Maintenant, si vous voulez toujours garder cette idée en tête, je voudrais que vous… Gardez cette idée en tête, et quand ceci arrivera, alors vous pourrez la modifier. Ramassez donc une de ces petites;Apocalypse 6:0, Apocalypse 5:9, Apocalypse 5:0, Apocalypse 6:11, Apocalypse 6:0, Apocalypse 6:0
63-0324M;VGR;271;C’est exact. Maintenant, qu’est-ce que vous dites de ça? Oh, si ce n’est pas la Présence du Saint-Esprit qui est ici, qu’est- ce que c’est? Il n’a pas permis… Vous voyez, je n’avais lu que la première;Apocalypse 6:11, Apocalypse 6:0, Apocalypse 6:0, Apocalypse 6:11, Apocalypse 7:14, Apocalypse 6:6
63-0324M;VGR;282;Non. Celui—celui des nations qui aura été oint de cet esprit- là, pour appeler les nations à sortir, il sera parti. En effet, vous voyez, l’Église tout entière, au complet, a été enlevée. Et ces deux ;Apocalypse 6:6
63-0324M;VGR;295;Mais regardez. Or, si aujourd’hui, or qu’en est-il, si aujourd’hui, la seule chose que nous puissions faire, ce serait de…? Si nous prenons les impôts (si cette déclaration est exacte), la monnaie, de;(aucune ref proche)
63-0324M;VGR;309;“J’irai L’entendre.” Il s’est rendu là-bas, vous voyez. Oui, Dieu—Dieu ne pourrait jamais l’atteindre. Et voilà qu’Il était là, et Il a dit… QUESTIONS ET RÉPONSES SUR LES SCEAUX 497 Ils ont dit : “Mai;Matthieu 22:11
63-0324M;VGR;321;Maintenant regardez bien. Pierre a dit : “Sais-Tu quoi? Je l’ai fréquenté, ce vieux bâtiment, pendant tout ce temps. Où QUESTIONS ET RÉPONSES SUR LES SCEAUX 499 donc est-ce que j’irais? Où est-ce que ;Matthieu 22:11, Apocalypse 11:3, Malachie 4:0, Malachie 3:0, Malachie 4:0
63-0324M;VGR;329;"Et Il leur a dit : “Liez-lui les pieds et les mains; jetez-le dehors, dans les ténèbres du dehors, où il y aura des pleurs, des gémissements et des grincements de dents.” Voyez? Il est allé dans la pé";Apocalypse 11:3, Malachie 4:0, Malachie 3:0, Malachie 4:0
63-0324M;VGR;343;Satan a été relâché de sa prison, et il est allé rassembler tous les peuples, les méchants, pour les amener à cet endroit-là. Alors Dieu a fait descendre du feu et du soufre du ciel, et ils ont été co;(aucune ref proche)
63-0324M;VGR;352;“Oh, oui monsieur,” il a dit, “cet homme-là, il a…” Il a dit : “Cet homme-là est le président de la ‘Mission Audio’”. J’ai dit : “La quoi?” Il a dit : “La ‘Mission Audio’.” J’ai dit : “Je ne comprends;Apocalypse 16:0, Apocalypse 18:8
63-0324M;VGR;366;Après! “Les autres morts ne revinrent point à la vie avant mille ans”, ceux qui ne sont pas partis avec l’Épouse. Voyons voir : 44. Vous avez dit bien des fois que le communisme a été suscité par Dieu;Apocalypse 16:0, Apocalypse 18:8, Malachie 4:5
63-0324M;VGR;372;Et, ces autres prophètes, c’est difficile à dire, quand ils sortiront de la Judée là-bas, je ne sais pas où ils demeureront. Peut-être qu’ils camperont quelque part sur la colline. Ou—ou, ce qu’ils vo;(aucune ref proche)
63-0324M;VGR;379;"Exactement comme le Saint-Esprit en moi; vous me regardez, moi, en train de prêcher, mais ce n’est pas moi. QUESTIONS ET RÉPONSES SUR LES SCEAUX 509 Ce n’est pas moi qui peux prononcer une parole à mê";(aucune ref proche)
63-0324M;VGR;392;Regardez, mes amis. Maintenant, permettez-moi de vous expliquer. Jésus-Christ a dit ceci : “Voici les signes qui accompagneront ceux qui auront cru.” Maintenant regardez bien. Il n’a pas dit : “S’ils ;(aucune ref proche)
63-0324M;VGR;404;Et l’Esprit de Dieu a touché cette jeune fille, qui était mennonite, ou amish, ou quelque chose. Son papa et les autres étaient assis là, avec le… leurs vêtements sur le dos, de mennonites ou quelque ;(aucune ref proche)
63-0324M;VGR;415;[On n’entend ici qu’une partie des paroles de Frère Branham, ce qui est insuffisant pour imprimer la pensée complète qui est exprimée. La ligne de prière se poursuit ici pendant deux minutes vingt sec;(aucune ref proche)
63-0324M;VGR;421;[Frère Billy Paul parle à Frère Branham. — N.D.É.] Billy Paul, toi qui as distribué tant de cartes de prière, maintenant reçois ta guérison, au Nom de Jésus-Christ. QUESTIONS ET RÉPONSES SUR LES SCEAU;(aucune ref proche)
64-0823E;VGR;3;Il y a une trentaine ou une quarantaine de questions de plus, alors je—je ne sais pas comment je pourrais arriver à les prendre toutes. J’ai bien essayé, cet après-midi, de voir si je pouvais arriver ;(aucune ref proche)
64-0823E;VGR;18;Je suis allé dans un endroit l’autre jour, où ils faisaient marcher ce, une espèce de vieux juke-box sale, toutes ces choses- là qui jouaient. Je n’ai même pas voulu y emmener ma famille. J’ai dit à l;(aucune ref proche)
64-0823E;VGR;25;Maintenant, souvenez-vous, chers amis, ce matin, j’ai fait une déclaration à propos de certaines des questions. Et je remarque que certaines de celles (oui!) que j’ai reçues même ce matin, ce sont enc;(aucune ref proche)
64-0823E;VGR;32;Je crois que ce matin, la question a été soulevée à propos de la coloration des cheveux, vous savez, à l’aide d’une—à l’aide d’une teinture. Or, je—je, ça, je—je ne peux rien dire à ce sujet. Je ne sa;(aucune ref proche)
64-0823E;VGR;39;"Allez de l’avant et mariez-vous. Voyez? Continuez tout simplement comme si vous alliez vivre encore cent ans sur cette terre. Continuez simplement à avancer; gardez votre cœur attaché à Christ, n’atta";Jean 14:0
64-0823E;VGR;46;Alors, vous voyez, ces sacrificateurs, c’étaient des hommes aimables, doux, compréhensifs. Pour ce qui est des fruits de l’Esprit, ils pouvaient manifester plus de fruits de l’Esprit que QUESTIONS ET ;Jean 14:0
64-0823E;VGR;53;Il y a beaucoup de questions, ici, sur : “Eh bien, est-ce que l’Épouse…?” “Est-ce que ceci…?” “L’église et…” Voyez? Vous—vous n’arrivez pas à faire la distinction. L’Épouse est l’Élue de Dieu. L’églis;(aucune ref proche)
64-0823E;VGR;62;Il a dit : “Écoute, Billy, il y a une chose que tu ne comprends pas dans l’achat du bétail.” Il a dit : “Je pense que tu devrais rester dans ton élément, la prédication.” Mais, a-t‑il dit : “Tu ne con;(aucune ref proche)
64-0823E;VGR;69;"Une—une jeune fille est venue à moi, c’était une jeune fille Dunkard qui venait de recevoir le Saint-Esprit. Elle faisait partie des Assemblées de Dieu; c’était à Fort Wayne, dans l’Indiana, où je me ";Tite 1:0
64-0823E;VGR;76;Quand je suis allé à Saint-Ange, à Rome (maintenant réfléchissez à ça), au Vatican, à Rome, en Italie, ils avaient accroché un écriteau, là, à Saint-Ange : “À l’intention des femmes américaines : Avan;Tite 1:0
64-0823E;VGR;82;“Est-ce que mon mari entendra la Parole, et que dois-je faire?” Comme je le disais ce matin, soyez salée, c’est tout : “Vous êtes le sel de la terre.” Votre mari verra votre manière de vivre chaste, e;(aucune ref proche)
64-0823E;VGR;91;J’ai dit : “Mais, une minute. Ce n’est pas contre Dieu que vous avez mal agi. Vous avez mal agi à l’égard de votre vœu de mariage. Il faut que vous retourniez voir votre mari, et que vous redressiez d;(aucune ref proche)
64-0823E;VGR;97;Paul a dit : “Quand je parlerais les langues des hommes et des anges, quand je livrerais mon corps pour être brûlé en sacrifice, quand j’aurais la science de tous les mystères de la Parole, quand je d;(aucune ref proche)
64-0823E;VGR;105;Et maintenant, quelle était cette autre question? Je deviens tellement absorbé dans ces points-là que j’oublie de quoi il s’agissait. L’une d’elles, c’était, “est-ce que j’étais le Fils de l’homme?”, ;Hebreux 11:0
64-0823E;VGR;111;Maintenant, au jour de la Pentecôte, Elle est descendue, cette Colonne de Feu, et Elle s’est séparée comme ça, et des langues de feu se sont posées sur chacun d’eux, non pas leurs langues, mais des la;Hebreux 11:0
64-0823E;VGR;120;Or, cette pierre ne pourrait pas s’ajuster en bas, sur le fondement de base, et elle ne s’ajustera pas non plus sur le deuxième fondement, ni sur le troisième fondement. Elle s’ajustera seulement sur ;Hebreux 11:0
64-0823E;VGR;134;Maintenant, Frère Junior Jackson avait le droit de ne pas être d’accord avec ça. Il veut que son église, les gens veulent tous parler en langues, et tout, dans l’auditoire. Ça, c’est le problème de Fr;Genese 6:0, Matthieu 24:0, Matthieu 12:0
64-0823E;VGR;146;Maintenant : “Y aura-t‑il des enfants qui naîtront pendant le Millénium, le règne de mille ans?” C’est la question que je me pose moi-même, comme je vous le disais l’autre jour. Je ne sais QUESTIONS E;Matthieu 12:0
64-0823E;VGR;152;Oui! Oui, c’est—c’est mal pour n’importe quelle femme de se couper les cheveux. Ça, c’est juste une petite question courte. Commencez-vous— commencez-vous à avoir sommeil? Eh bien, nous—nous allons fa;(aucune ref proche)
64-0823E;VGR;159;Une pauvre petite femme qui fait une erreur et épouse un alcoolique, et—et ça finit comme ça, ou un pauvre homme qui a épousé une prostituée sans le savoir, et les voilà liés, à cette femme-là ou à ce;(aucune ref proche)
64-0823E;VGR;165;"Je suppose—je suppose que c’est un homme; je—je l’espère. C’est qu’il y a des femmes qui font ça. Certainement. Une fois, j’étais dans l’autobus, à l’époque où j’étais garde-chasse de l’État ici. Je m";(aucune ref proche)
64-0823E;VGR;173;"Non! Vous voyez, tout sera terminé pour l’Église des nations, une fois que l’Épouse aura été enlevée de la terre. L’Esprit de Dieu quitte la terre : “Celui qui est souillé se souille encore; le QUESTI";Hebreux 7:0
64-0823E;VGR;179;J’ai de très belles questions ici, qui rejoignent celle-là : “Qui était cet homme qui était vêtu d’un habit, qui était entré sans avoir revêtu l’habit de noces?” Ainsi que toutes les questions qui se ;Hebreux 7:0
64-0823E;VGR;185;Oui monsieur! Je crois qu’il faut payer la dîme. C’est une des bénédictions de Dieu, une bénédiction qui a été prouvée comme QUESTIONS ET RÉPONSES 839 telle. Vous dites : “C’est de l’Ancien Testament,;(aucune ref proche)
64-0823E;VGR;197;Et de… Et vous, jeune femme, si vous avez promis à ce jeune homme de l’épouser, vous êtes tenue de le faire. Si vous en QUESTIONS ET RÉPONSES 841 épousez un autre, après avoir été tenue de faire ça, a;Matthieu 12:40, Jean 14:26
64-0823E;VGR;206;Alors, le fait qu’il soit parlé de trois jours et trois nuits, ça ne signifie pas qu’il fallait que ce soit exactement ça. C’est qu’à un certain moment, dans cet intervalle de trois jours et trois nui;Jean 14:26, Matthieu 10:41
64-0823E;VGR;214;"Quand je vous montre ce qui est censé arriver en notre jour : que le Fils de l’homme doit Se révéler, et ce qu’Il doit faire, et tous ces passages de l’Écriture qui se sont accomplis maintenant; ensui";Matthieu 10:41
64-0823E;VGR;221;Comme pour la Sunamite, ça pourrait vous être utile, un de ces jours. Voyez? Ça l’a été pour elle. Voyez? Observez les serviteurs de Dieu. Oh! la la! Maintenant, nous… Il me—me faut vraiment terminer ;(aucune ref proche)
64-0823E;VGR;228;Et je trouve que ça, c’est la même chose. Quand ils vous voient là-dedans, au milieu de toute cette fumée et de ce chahut, et qu’ils connaissent votre témoignage, et tous ces jurons, et—et se retrouve;(aucune ref proche)
64-0823E;VGR;241;Cette grande Ville, qui se trouvera là (maintenant, voyez- vous?), ce ne sera pas… Vous pensez : “Quinze cents milles [2400 km] de haut?” C’est ce que la Bible dit. Mais ce ne sera pas quinze cents mi;(aucune ref proche)
64-0823E;VGR;250;Ce n’est pas mon intention de répondre à ces questions, parfois d’une façon contraire. Si vous ne le croyez pas, c’est tout à fait en ordre. Je veux que vous m’aimiez quand même, parce que Dieu sait q;(aucune ref proche)
64-0823E;VGR;258;Or, il n’y a aucune loi qui dit qu’il faut observer un certain jour, puisque vous entrez dans le Sabbat, dans la paix, quand vous entrez en Lui. J’ai là-dedans cette question, à laquelle je répondrai ;(aucune ref proche)
64-0823E;VGR;273;Je pensais à ça, à la position que Dieu m’a fait atteindre maintenant, avec Son aide, et au fait qu’Il m’a fait connaître de grands hommes et m’a donné de faire le tour du monde. Et des gens de toutes;(aucune ref proche)
64-0823E;VGR;285;Et, Père, au temps fixé par Toi… Je suis Ton serviteur. Si Tu veux que je continue ces questions la semaine prochaine, ou que je m’occupe des entretiens, révèle-le‑moi, Seigneur, et fais- le‑moi savoi;(aucune ref proche)
64-0823M;VGR;4;"Maintenant, nous… Tant de choses à faire aujourd’hui; je m’étais dit que, pendant que j’étais ici, j’allais peut-être voir, par le moyen des questions, ce qui tient à cœur à mon église, aux différente";(aucune ref proche)
64-0823M;VGR;11;Maintenant, que le Seigneur soit avec vous et vous bénisse abondamment. Et, aussitôt après ce service, j’irai chercher les autres questions et j’essaierai d’y répondre. J’écris simplement sur elles qu;(aucune ref proche)
64-0823M;VGR;22;J’ai prêché à des gens, à des femmes, par dizaines de milliers, ils étaient complètement nus, vous voyez, des jeunes hommes et des jeunes femmes, et tout, mais ils ne savent pas qu’ils sont nus. Voyez;Matthieu 24:19, Matthieu 24:19
64-0823M;VGR;29;Nous Te demandons de nous aider maintenant, alors que nous essayons d’expliquer ces questions. Nous sommes incapables de faire ces choses par nous-mêmes, mais que Ton glorieux Esprit vienne, Seigneur,;Matthieu 24:19, Matthieu 24:19, Matthieu 24:24
64-0823M;VGR;36;"Maintenant, je pourrais m’attarder toute la matinée rien que sur ce point-là, pour l’éclaircir; mais je vais essayer de voir les grandes lignes autant que possible, jusqu’à ce que les gens aient saisi";Matthieu 24:24, Psaumes 23:0, Matthieu 24:26
64-0823M;VGR;46;"Maintenant, vous, les ministres, je sais que ça va faire mal, mais je réponds à des questions; et je veux—je veux que vous compreniez ça, vous voyez : tout ce que—tout ce que je fais, c’est vous dire ";Psaumes 23:0, Matthieu 24:26, Matthieu 24:28
64-0823M;VGR;52;Ça signifie qu’il y aura des antichrists, des anti-onctions, et ainsi de suite. Et anti-, qu’est-ce que c’est? Anti-, c’est “contre”. Ce sera ces mêmes créatures-là, contre la Parole. Et elles seront ;Matthieu 24:28, Actes 10:47, Actes 22:16
64-0823M;VGR;58;Maintenant, la première chose qui arrivera, quand nous serons ressuscités… Ceux qui sont vivants resteront encore là… La résurrection arrivera premièrement, la résurrection de ceux qui dorment. Il y a;Actes 10:47, Actes 22:16
64-0823M;VGR;64;Maintenant, la question ici, d’abord, c’était : “Quand est-on sauvé?” Et ensuite, ce qui suit : “Les péchés peuvent-ils être remis sans le baptême d’eau, puisque Corneille avait reçu le Saint- Esprit ;(aucune ref proche)
64-0823M;VGR;74;C’est ce qui me laisse perplexe aujourd’hui, en cette heure où nous vivons. Après que ce groupe de Romains ont, — et de Grecs, car c’est ce qu’ils étaient, — ont vu la manifestation d’une vision confi;(aucune ref proche)
64-0823M;VGR;85;Maintenant, frères de la foi trinitaire, je ne vous jette pas la pierre, mon cher frère, je ne fais que répondre à des questions. Je ne fais qu’exprimer mes pensées véritables à ce sujet. À un moment ;Actes 19:0, Galates 1:8
64-0823M;VGR;96;Voyez-vous, vous—vous êtes une personne double, trois personnes en une : l’âme, le corps et l’esprit. Or, je crois que vos sens extérieurs, votre—votre âme, non pas votre âme, mais votre conscience ex;Genese 6:4
64-0823M;VGR;102;"Je ne condamne pas l’autre personne, mais c’est simplement… Je pense que c’est ça. Ce n’est pas l’eau qui sauve l’homme, ça ne fait qu’indiquer qu’il a été sauvé; c’est une 752 CONDUITE, ORDRE ET DOCT";Genese 6:4
64-0823M;VGR;113;Et, vous voyez, quand il a vu Ève dans cet état-là, il, Satan est entré en lui, et il l’a poussé à… Vous voyez, Adam n’avait pas encore découvert ça. Je—je ne sais pas comment employer ces termes-là. ;(aucune ref proche)
64-0823M;VGR;121;Comme une dame m’a écrit si gentiment, l’autre jour (c’est ici, dans une des questions) : “Frère Branham, vous n’êtes pas le Messie, n’est-ce pas?” J’ai dit : “Non, madame.” Elle a dit : “Nous croyons;(aucune ref proche)
64-0823M;VGR;131;"J’ai dit : “Attends une minute! Nous avons fait tout notre possible pour bien l’élever; maintenant, remets-la dans les mains de Dieu, confie-la‑Lui.” Et j’ai dit : “Puis, quand elle fera quelque chose";(aucune ref proche)
64-0823M;VGR;138;"Eh bien, chère sœur… Elle n’a pas signé; mais peut-être que vous êtes en train d’écouter votre question; sinon, vous l’entendrez sur la bande. Allez-y avec votre mari, mais ne participez pas à—à ce qu";(aucune ref proche)
64-0823M;VGR;144;Maintenant, bon, maman, quand… Ma sœur, si votre mari tient à ce que vous alliez à l’église méthodiste, allez-y. Vous n’aurez peut-être pas un pain entier, mais si, au moins, ils disent qu’ils croient;Luc 21:36
64-0823M;VGR;154;Jésus a dit : “Celui qui aime le monde (c’est kosmos, là), ou les choses du monde, l’amour de Dieu n’est pas en lui.” Il n’est pas amoureux de l’Époux. Voyez? C’est pourquoi elle doit expier cette pei;Luc 21:36, Jean 5:19
64-0823M;VGR;163;J’ai regardé dans mon carnet quand j’ai reçu ceci, et j’ai mis un point d’interrogation. Bon, il devait y avoir un moment où j’allais, où je devrais faire attention, à l’endroit où se trouvent ces cèd;(aucune ref proche)
64-0823M;VGR;172;Satan était l’ange le plus beau. Il était le chérubin qui couvrait de son ombre. Regardez comme les femmes changent par rapport à ce qu’elles étaient autrefois. Combien se souviennent de Pearl, avoir ;(aucune ref proche)
64-0823M;VGR;181;Maintenant, si seulement je ne deviens pas trop ordinaire pour vous, vous voyez, que ça ne devient pas quelque chose d’ordinaire. Vous passez dans la ligne un jour, et vous y repassez le lendemain. Vo;Romains 26:0
64-0823M;VGR;192;Maintenant, remarquez. À propos de ceci, vous voyez, Abraham a vu… Or, la manière dont Il avait traité avec Abraham, c’est aussi de cette manière qu’Il a traité avec sa semence. Bon, un de ces jours, ;(aucune ref proche)
64-0823M;VGR;199;L’un ou l’autre. Moi, je prends Seigneur Jésus-Christ, vous voyez, parce que je pense qu’Il est notre Seigneur. Maintenant, seulement le Nom de Jésus, dans lequel certains de nos frères baptisent, ça,;(aucune ref proche)
64-0823M;VGR;208;Bien sûr, mais oui! Jésus l’a fait, alors qu’ils n’étaient pas d’accord avec Lui. Allez-y. Nous remarquons ici, il est dit : “Devrions-nous aller à une autre église, qui n’est pas d’accord avec vous?”;Marc 16:0
64-0823M;VGR;216;Merci, mon frère, de me considérer comme votre—votre frère, et je trouve que c’est une très bonne question. Oui, mes amis, c’est un point qu’on néglige un peu. J’aimerais traiter de ça un peu plus lon;Apocalypse 20:4
64-0823M;VGR;222;Alors, voilà, à propos de la question de tout à l’heure. Voyez? Au tribunal. Jésus, l’Église, l’Épouse, avait été enlevée, Elle était partie dans la Gloire, et là-haut Elle s’est mariée, puis Elle est;Apocalypse 20:4
64-0823M;VGR;232;Premièrement, je ne suis pas un Messie! Voyez? Le Messie, c’est Jésus-Christ, mais nous, nous sommes des “Messiets”, chacun de nous. Messie, Messie signifie “Celui qui est oint”. Et en Lui habitait co;(aucune ref proche)
64-0823M;VGR;242;“Eh bien, nous avons suivi Frère Branham jusqu’ici. Il était censé…” Et je suis tout ce qu’il y a de plus innocent de la chose. Ces chers et braves gens, ils—ils savent que je les aime, et malgré qu’i;(aucune ref proche)
64-0823M;VGR;250;Si je laisse ces gens rester là-bas et se mettre à vivre d’aumônes, qu’est-ce qui va arriver? Alors c’est exactement ce que les dénominations et tous les autres attendent. “Ah! ah! je vous avais bien ;(aucune ref proche)
64-0823M;VGR;258;Un ministre est venu me voir, l’autre jour, il disait : “Frère Branham, ils sont en train de former la secte la plus terrible que vous ayez jamais vue, là-bas.” Il disait : “Chacun d’eux, tous les mat;(aucune ref proche)
64-0823M;VGR;264;Maintenant, la Bible dit… Et, si vous m’appelez un prophète, — je ne me donne pas ce titre-là, mais si c’est comme ça que vous m’appelez, souvenez-vous, je vous dis, au nom d’un prophète, vous voyez, ;(aucune ref proche)
64-0823M;VGR;272;Maintenant, tout ce que vous avez à faire, frère ou sœur (c’est peut-être une personne jeune, ou bien âgée, peu importe), vous avez dit… Ils ne peuvent pas arriver à s’abandonner entièrement. Remettez;(aucune ref proche)
64-0823M;VGR;286;Et c’est là que ça a commencé, en plein là, à Rome, et c’est là qu’est le siège de la bête, et c’est de là qu’est venue la vieille mère prostituée. Et ses filles sont des prostituées, exactement comme;(aucune ref proche)
64-0823M;VGR;299;"En voyant ces pauvres frères et sœurs de couleur, là-bas, en ce moment; ils voulaient l’intégration. Dès qu’ils l’ont eue… C’est bien; ils devraient l’avoir; ce sont des frères et des sœurs. Bon, mais";(aucune ref proche)
64-0823M;VGR;305;J’ai écrit là, je l’ai écrit, pour que ce soit toujours devant moi : “Christ devant moi, pendant que je réponds à ces questions.” Croyez-vous que ce que j’ai dit venait du cœur? Tout venait du cœur, d;(aucune ref proche)
64-0830E;VGR;2;Il a dit : “Frère Branham, les gens m’ont demandé si tu pouvais finir de répondre à ces questions.” Je—je—je ne voudrais jamais me dérober à mon devoir. J’ai beaucoup d’estime pour Frère Neville. Alor;(aucune ref proche)
64-0830E;VGR;9;"Maintenant, passons au plus vite aux questions, là, et voyons si nous pouvons prendre… Il y en a encore une autre, ici quelque part. Il est dit : “Numéro 3.” Je crois que celle-ci, c’est une lettre; c";(aucune ref proche)
64-0830E;VGR;16;Maintenant, Apocalypse, chapitre 12… Mais, juste une chose : le Seigneur me révèle ou me parle, c’est que, je viens d’avoir toutes ces visions, vous voyez, alors c’est assez difficile de les empêcher ;Romains 7:14
64-0830E;VGR;24;Si j’avais prêché ce soir, j’aurais prêché sur le sujet, je l’ai noté ici dans la Bible : “La Vigne qui avait été transférée d’Égypte en Palestine.” Combien d’entre vous savent que Dieu a dit qu’Israë;Romains 7:14
64-0830E;VGR;33;Je me souviens de l’un d’eux, à Phoenix, en Arizona. Billy descendait distribuer des cartes de prière. Il se tenait là, simplement, et il distribuait des cartes de prière. Et les gens qui étaient capa;(aucune ref proche)
64-0830E;VGR;40;Ça s’est passé à Meridian, dans le Mississippi. Beaucoup d’entre vous, les unitaires, Frère Bigby tenait, parrainait mes réunions, c’est un frère unitaire. Et un soir de réunion, Billy Paul était allé;(aucune ref proche)
64-0830E;VGR;47;Maintenant, si cette femme n’avait pas exécuté ce que Dieu lui avait dit, peut-être qu’elle aurait alors reçu une réprimande 952 CONDUITE, ORDRE ET DOCTRINE DE L’ÉGLISE de l’Esprit, vous voyez, et ell;Apocalypse 22:8
64-0830E;VGR;58;"Celui-ci est un esprit mourant dans un corps mourant; mais, bon, vous ne pouvez pas être dans deux corps à la fois, par contre il peut y avoir deux natures en vous à la fois. Maintenant, la nature de ";Apocalypse 22:8
64-0830E;VGR;65;Puis il y a un Ange surnaturel, qui descend, de la part du Seigneur, un Messager, comme Gabriel, et—et Michel, Absinthe, et ainsi de suite, ce sont leurs noms. 386. Frère Branham, qu’est-ce qui ne va ;Malachie 4:0, Apocalypse 7:0, Malachie 4:0
64-0830E;VGR;71;Prenez exactement le contraire. Si vous voulez toujours imposer votre volonté, — un enfant gâté qui veut toujours n’en faire qu’à sa tête, — alors faites volte-face, prenez de tout votre cœur la direc;Malachie 4:0, Apocalypse 7:0, Malachie 4:0, Job 14:21
64-0830E;VGR;80;"Et je doute fort qu’il en sera ainsi, parce que la Bible dit : “De deux personnes qui seront dans un même lit, J’en prendrai une QUESTIONS ET RÉPONSES 959 et J’en laisserai une; et de deux qui seront ";Job 14:21, Job 14:0
64-0830E;VGR;86;Prédicateurs, ministre, pourquoi nous avons ces fardeaux… n’avons pas de fardeau pour les âmes perdues. Je crois que c’est— c’est un manque de réveil. Je crois que nous devrions encore essayer de prie;Job 14:21, Job 14:0
64-0830E;VGR;93;Les incroyants disparaîtront dans la période de la Tribulation, avec les vierges endormies, et tous les autres 962 CONDUITE, ORDRE ET DOCTRINE DE L’ÉGLISE (incroyants et vierges endormies), et le rest;(aucune ref proche)
64-0830E;VGR;103;"J’ai bondi devant eux, j’avais abaissé le chien de la carabine. J’ai dit : “Maintenant, lequel d’entre vous veut mourir le premier, pour ne pas voir les autres?” Ils se sont mis à hurler; j’ai dit : “";(aucune ref proche)
64-0830E;VGR;109;Bon, un homme, d’abord, le corps d’un homme n’est pas une tentation comme celui de la femme. Bon, l’homme, cette espèce de gros spécimen aux jambes poilues, aux genoux cagneux, à la grosse bedaine, et;Marc 16:0, Matthieu 24:28
64-0830E;VGR;117;Et donc, si—si c’était quelque chose que je désirais faire, et que j’avais à cœur de le faire, je le ferais. Oui monsieur! Il n’y a absolument rien qui l’interdit. Il n’y a absolument rien qui vous in;Marc 16:0, Matthieu 24:28
64-0830E;VGR;123;C’est au sujet du contrôle des naissances. Je—je… Je vais vous parler de ça en—en privé, vous voyez, comme je l’ai dit ce matin. Premièrement, les cinq vierges folles seront-elles sauvées pendant le… ;Matthieu 24:28, Marc 16:18
64-0830E;VGR;132;Mais je dirai ceci, en tant que frère chrétien qui s’adresse à un frère chrétien : Si vous avez un champ de tabac, vendez- le à quelqu’un d’autre, et tentez votre chance avec le maïs. Je crois que ce ;Marc 16:18, Marc 16:0
64-0830E;VGR;138;"Parlez-lui avec amour. Je ne… Je crois que j’ai répondu à ça, mais je—je… N’essayez pas d’imposer quelque chose à qui que ce soit. Soyez salés, c’est tout; ils auront envie d’être comme vous. Frères e";Marc 16:18, Marc 16:0, Apocalypse 10:0, Malachie 4:0
64-0830E;VGR;149;Bon, vous dites : “Eh bien, ces gens-là ont la foi.” Je ne dis pas qu’ils n’ont pas la foi — ils se brûlent avec un chalumeau à acétylène, et des choses du genre — mais, vous voyez, ce ne sont quand m;Apocalypse 10:0, Malachie 4:0, Apocalypse 10:0, Malachie 4:0, Genese 6:3, Malachie 4:0
64-0830E;VGR;159;Et, si vous remarquez, pour le confirmer, là, que ce n’est pas… La façon dont le Saint-Esprit a écrit cela par ce prophète, Il a dit : “Il ramènera, d’abord, le cœur des pères à leurs enfants.” Voyez?;(aucune ref proche)
64-0830E;VGR;171;Je vais vous prouver ce que j’avance. J’avais dit ça il y a environ deux ans. Regardez ce qui est en train de se produire en ce moment. Ils ont dit qu’ils luttaient pour l’intégration, et quand la loi;(aucune ref proche)
64-0830E;VGR;182;Je—je n’aime pas parler de ça, du divorce. Ça—ça… Ça, je— je—je vais en parler un peu plus tard. 428. Frère Branham, Frère (Une minute. Ceci concerne l’un des ministres d’ici. Je vais la lire d’abord.;(aucune ref proche)
64-0830E;VGR;190;"En Christ. Eh oui! Pour le dernier jour, ils se rassembleront en Christ. Ne l’oubliez pas, maintenant. Nous avons un lieu de rassemblement; nous l’avons, parfaitement. 431. On nous appelle… (Maintenan";(aucune ref proche)
64-0830E;VGR;200;Je me souviens quand ils ont fait une journée de vente d’insignes, pour ramasser nos premiers sous. Et je me souviens que Hope s’était placée au coin de la rue. Elle n’était qu’une jeune fille d’envir;(aucune ref proche)
64-0830E;VGR;209;"Le jour s’éteint à l’ouest, le ciel a béni la terre; la terre est bénie. Comme j’aime le coucher du soleil du soir, quand il descend, que les oiseaux lancent leur dernier appel. Et c’est ce qui doit a";(aucune ref proche)
64-0830M;VGR;2;"Ceci est un petit moment de répit pour moi, pendant quelques instants. J’ai eu les réunions, là-derrière, les entretiens; je devais avoir, soit des entretiens ou bien, ou—ou m’occuper des questions et";(aucune ref proche)
64-0830M;VGR;8;Le conseil que je donnerais à n’importe qui, c’est de ne jamais mener une vie nomade, vous voyez, à moins que ce ne soit un ministère qui vous appelle à être comme ça, parce que moi, je— je donnerais ;(aucune ref proche)
64-0830M;VGR;14;"Je connais ces questions, ce que Jésus a dit, ici : “Si un homme répudie sa femme et en épouse une autre, si ce n’est pour cause de fornication, il commet un adultère; quiconque épouse une femme répud";(aucune ref proche)
64-0830M;VGR;24;"Maintenant, si je… Je pense que si vous passez la bande… (Je ne sais pas qui a écrit ça; il n’y a aucune signature, seulement un petit morceau de papier écrit à l’encre bleue, tiré d’un petit carnet. ";(aucune ref proche)
64-0830M;VGR;34;Remarquez, mais je ne suis pas un politicien, je—je veux être un Chrétien. Voyez? Et ceci n’est pas un endroit pour la politique. Voyez? Toute la chose est fichue, de toute manière, cette voie-là, mai;(aucune ref proche)
64-0830M;VGR;42;Lorsque vous naissez en tant qu’humain, les traits naturels d’un être humain vous accompagnent. Vous ne vivrez pas dans QUESTIONS ET RÉPONSES 873 un arbre, et vous ne chercherez pas à voler avec des a;(aucune ref proche)
64-0830M;VGR;48;Or, ces dons sont dans le Saint-Esprit. Maintenant, si cette assemblée, ce matin, cette…juste une église bien confortable, pleine de… (Les pièces supplémentaires, bien entendu, elles sont pleines auss;(aucune ref proche)
64-0830M;VGR;55;Maintenant, je ne voudrais pas mettre cet auditoire dans l’embarras, ou même moi vis-à‑vis de vous. Mais je me demande — si je demandais ce matin qui, dans cet auditoire de gens, a le Saint-Esprit, pr;Ezechiel 9:0
64-0830M;VGR;70;Il a dit à l’Ange qui marquait du sceau (dans Ézéchiel 9, c’est exact), Il a dit : “Prends… Passe dans la ville et fais une marque sur ceux qui soupirent et qui gémissent à cause des abominations qui ;Ezechiel 9:0
64-0830M;VGR;82;"Alors, recevez Christ dans votre cœur; c’est ça le vrai… Christ et le Saint-Esprit, c’est la même chose. Le Saint-Esprit, Christ signifie “le Oint”. Le Saint-Esprit est cette Onction, et c’est vous qu";(aucune ref proche)
64-0830M;VGR;91;Mais que moi, la—la personne, William Branham, ou—ou que n’importe quel autre homme ou femme soit le Seigneur Jésus- Christ notre Sauveur, ça, c’est une erreur. Par contre, être oint QUESTIONS ET RÉPO;(aucune ref proche)
64-0830M;VGR;104;"Bon, ça, c’est votre sentier tracé, à la naissance; c’est ce que vous êtes, comme homme naturel ou comme femme naturelle. Mais, quand vous naissez de nouveau, là ce n’est pas la conscience extérieure.";(aucune ref proche)
64-0830M;VGR;113;Mais, vous voyez, Sa Vie s’est partagée le Jour de la Pentecôte. Quand cette Colonne de Feu est descendue, Elle s’est partagée, comme des langues séparées qui se sont posées sur chacun d’eux, Dieu S’e;(aucune ref proche)
64-0830M;VGR;121;"Alors, sœur, ou frère, qui que vous soyez, ou, il s’agit ici d’un frère, parce qu’il a posé la question au sujet de sa femme : soyez salé, c’est tout; elle aura soif, s’il y a quelque chose en elle qu";(aucune ref proche)
64-0830M;VGR;127;Et maintenant, souvenez-vous : allez à l’église quelque part, à un endroit. Si… Je—je pourrais nommer une certaine église dénominationnelle, mais je ne le ferai pas, parce que cette église, la seule c;(aucune ref proche)
64-0830M;VGR;133;“Et qu’en est-il de mon frère et de ma sœur catholiques? Merci.” Je vais vous dire, Mme C-o-r-n-i-l-s-e‑n… Si cette dame est ici, qu’elle aille voir Billy Paul ce matin. Et—et sinon, eh bien, je vais—;(aucune ref proche)
64-0830M;VGR;139;Vous vous souvenez, le jour où Il s’est tenu là, et qu’Il a dit : “Vous dites que vous avez mangé la manne dans le désert… QUESTIONS ET RÉPONSES 893 — Nos pères ont mangé la manne. — Et ils sont morts;(aucune ref proche)
64-0830M;VGR;150;Alors, c’est ce jour de Sabbat, où l’Église n’aura plus à lutter contre le péché. Satan est lié pour un peu de temps, pour mille ans, parce que ses sujets sont tous en enfer, et ses… L’Église qui se t;(aucune ref proche)
64-0830M;VGR;156;La question a été posée l’autre jour : “Une annulation— annulation—une annulation de mariage, est-ce la même chose qu’un divorce?” Voyez? Quand vous me posez ces questions-là, mes amis, vous ne savez ;(aucune ref proche)
64-0830M;VGR;167;Or, je ne vous parle pas comme ça très souvent, parce que, vous êtes mes enfants, comme je vous appelle. Je vous ai engendrés à Christ par l’Évangile. Et, pendant que nous sommes ici ensemble, qu’il y;(aucune ref proche)
64-0830M;VGR;174;Souvenez-vous, quand vous me demandez de vous dire quelque chose, et que je ne le reçois pas du Seigneur, moi aussi, je suis déçu. Mais je ne vais pas être un hypocrite ou un menteur, je vais vous dir;(aucune ref proche)
64-0830M;VGR;182;“Nous avons été mariés il y a vingt et un ans (oui)…le juge de paix.” Chère sœur, cher frère, une fois un représentant de commerce m’a raconté qu’il était entré dans une église (c’était un Chrétien), ;Apocalypse 11:3, Apocalypse 11:4, Zacharie 4:0, Zacharie 4:12, Apocalypse 11:0, Zacharie 4:0
64-0830M;VGR;189;Mon oncle avait une petite fille, là-bas à—à New York. Elle avait la plus belle des chevelures. D’un brun foncé, et elle portait des nattes. Autrefois ma mère pouvait…ses nattes lui allaient jusqu’ici;Apocalypse 11:3, Apocalypse 11:4, Zacharie 4:0, Zacharie 4:12, Apocalypse 11:0, Zacharie 4:0
64-0830M;VGR;196;Bon, eh bien, je—j’imagine que cette chère personne qui a demandé ceci, vous voyez, c’est quelqu’un qui m’aime, sinon elle n’aurait pas écrit ça. Voyez? Maintenant, je ne pourrais pas dire que mon… La;(aucune ref proche)
64-0830M;VGR;206;Lisez la Parole et priez. Lisez la Parole de Dieu et priez. Je vais me dépêcher, répondre au plus grand nombre possible. J’ai formulé une question mais l’ai posée de façon (i‑n‑c‑…) incorrecte. Je dés;(aucune ref proche)
64-0830M;VGR;214;C’est—c’est ce que signifie de mettre leurs cheveux ou de les enlever. Je pense que la personne peut s’être trompée, en pensant à ce sujet que ça signifiait qu’un—qu’un homme prophétise la tête couver;(aucune ref proche)
64-0830M;VGR;222;Juste l’autre jour, il a dit quelque chose. J’ai eu un appel dans une maison où je me trouvais, on disait qu’il avait donné une prophétie à une personne, il avait dit qu’un ivrogne allait, qu’un grand;Apocalypse 20:27, Actes 9:0, Actes 20:0, Actes 9:0
64-0830M;VGR;236;Pourquoi sera-t‑il délié? C’est pour aller rassembler son peuple, à la seconde résurrection, parce que Satan aussi doit comparaître en—en jugement. Voyez? Il doit être condamné. Oh! la la! voici un—un;Actes 9:0, Actes 20:0, Actes 9:0
64-0830M;VGR;248;Il ne s’agit pas de ce qui est à l’extérieur : la vue, le goût, le toucher, l’odorat et l’ouïe. Il ne s’agit pas de ça. Ça, ça doit passer par la mort, et ça mourra, mais la partie qui est à l’intérie;Apocalypse 20:7, Marc 13:27, Apocalypse 13:0, Apocalypse 20:0, Marc 13:27
64-0830M;VGR;257;Et, regardez, quand elle l’a vu, son cœur a été tellement rempli de joie. Elle ne savait pas avec qui elle allait se marier, mais c’était par la foi. Amen! Et—et—et, souvenez-vous, Jésus quittera le R;Apocalypse 20:7, Marc 13:27, Apocalypse 13:0, Apocalypse 20:0, Marc 13:27, Matthieu 10:0
64-0830M;VGR;263;Très bien. Je viens juste d’expliquer ça, n’est-ce pas, qu’il sera délié de sa prison à la fin des mille ans? Très bien, j’en ai une autre juste ici. Un instant. 366. Frère Branham, était-ce de Dieu, ;Matthieu 10:0, Jean 17:17
64-0830M;VGR;269;"Je me suis fait opérer, la fois où j’ai reçu ce coup de feu; j’ai été obligé d’aller à l’hôpital. Il y avait une brave petite infirmière là-bas, je l’appelais “Cornichons sucrés”, parce qu’elle avait ";Matthieu 10:0, Jean 17:17, Apocalypse 1:0, Jean 5:24
64-0830M;VGR;275;"Maintenant je n’ai pas le temps, là, de—de vous donner les références bibliques; vous n’aurez qu’à vérifier ça quand vous serez rentré, parce que je ne sais pas…ma mémoire. Il faudrait QUESTIONS ET RÉ";Jean 17:17, Apocalypse 1:0, Jean 5:24, Hebreux 13:12
64-0830M;VGR;284;Alors, Judas avait son nom là, dans le Livre de Vie (c’est tout à fait exact), mais il a été condamné, parce que, qu’est-ce qu’il a fait? Il a vendu son droit d’aînesse. Ésaü est né dans une famille q;Hebreux 13:12, Zacharie 4:0
64-0830M;VGR;293;"Bien sûr, les nazaréens… Il n’y a personne qui peut dire un mot contre ces gens religieux, qui sont des gens très bien; ils sont tout ce qu’il y a de plus gentils. Ceux de l’église de Dieu, les nazaré";Zacharie 4:0, Jean 14:0, Jean 14:12, Marc 16:0
64-0830M;VGR;299;Vous savez, frère, sœur, quelle que soit la personne qui a posé cette question. C’est très bien (voyez?), mais je crois que vous vous êtes un peu embrouillé dans ce que j’ai dit. Voyez? Bon, la… Quand;Jean 14:0, Jean 14:12, Marc 16:0
64-0830M;VGR;305;Très bien. Là il est question de vie impure. Plutôt que ça, un homme, un jeune homme, une jeune fille, ou qui que ce soit, quand ils sortent ensemble, et—et qu’ils savent qu’ils devraient se marier, q;(aucune ref proche)
64-0830M;VGR;311;Bon, attendez, je vais d’abord répondre à celle-ci. Voyons un peu. “Est-ce que—que…” Non. Cette question, c’est ceci : “Est-ce qu’il y aura des miracles accomplis par l’Épouse?” Oui monsieur! Ils s’ac;(aucune ref proche)
64-0830M;VGR;321;Maintenant, pour prouver ceci, je voudrais que vous preniez Jude, au, je crois que c’est au verset 17, ou au verset 14 de Jude, et il y est dit… Bon, maintenant, remarquez ceci. 932 CONDUITE, ORDRE ET;(aucune ref proche)
64-0830M;VGR;330;Je voudrais bien voir quelqu’un le placer là-dedans maintenant, et dire que ce n’était pas la semence du serpent. Ça n’a pas été reconnu dans les généalogies de Dieu, ni dans les généalogies de la rac;(aucune ref proche)
64-0830M;VGR;343;Et cet aigle l’observait, et il tournait le regard vers moi. J’ai pensé : “Oh, Seigneur, eh bien, pourquoi est-ce que Tu m’as arrêté pour une chose pareille?” Voyez? J’ai dit : “C’est que, Tu sais, mo;(aucune ref proche)
64-0830M;VGR;354;Maintenant, je dois encore voir une vingtaine d’entre vous cet après-midi. Maintenant, vous qui êtes sur…qui devez être vus en entretien cet après-midi, eh bien, voyez Billy, parce que je pense qu’on ;(aucune ref proche)
