livre;chapitre;verset_de;verset_a;traduction;code;paragraphe
1 Chroniques;2;15;15;SKN;60-1225;17
1 Chroniques;13;0;0;SKN;65-0718M;27
1 Chroniques;13;0;0;SKN;65-0718M;29
1 Chroniques;17;0;0;SKN;63-0317M;66
1 Corinthiens;11;23;32;SKN;59-0301E;137
1 Corinthiens;11;24;24;SKN;63-0324M;283
1 Corinthiens;12;0;0;SKN;50-0823;30
1 Corinthiens;12;0;0;SKN;50-0827E;5
1 Corinthiens;12;0;0;SKN;52-0717;13
1 Corinthiens;12;0;0;SKN;52-0900;187
1 Corinthiens;12;0;0;SKN;54-0301;29
1 Corinthiens;12;0;0;SKN;54-1219E;78
1 Corinthiens;12;0;0;SKN;56-0223;17
1 Corinthiens;12;0;0;SKN;56-0225;15
1 Corinthiens;12;0;0;SKN;56-0723;24
1 Corinthiens;12;0;0;SKN;56-1207;28
1 Corinthiens;12;0;0;SKN;57-0114;15
1 Corinthiens;12;0;0;SKN;57-0908M;113
1 Corinthiens;12;0;0;SKN;57-0908M;117
1 Corinthiens;12;0;0;SKN;57-1002;361
1 Corinthiens;12;0;0;SKN;57-1002;364
1 Corinthiens;12;0;0;SKN;58-0207;18
1 Corinthiens;12;0;0;SKN;58-0207;49
1 Corinthiens;12;0;0;SKN;58-0214;8
1 Corinthiens;12;0;0;SKN;58-0223;11
1 Corinthiens;12;0;0;SKN;58-0312;53
1 Corinthiens;12;0;0;SKN;59-0422;53
1 Corinthiens;12;0;0;SKN;59-0814;63
1 Corinthiens;12;0;0;SKN;59-0823;126
1 Corinthiens;12;0;0;SKN;59-1125;48
1 Corinthiens;12;0;0;SKN;59-1216;131
1 Corinthiens;12;0;0;SKN;60-0911E;141
1 Corinthiens;12;0;0;SKN;61-0118;69
1 Corinthiens;12;0;0;SKN;61-0414;12
1 Corinthiens;12;0;0;SKN;61-0515;6
1 Corinthiens;12;0;0;SKN;62-0609E;36
1 Corinthiens;12;0;0;SKN;62-1014M;266
1 Corinthiens;12;0;0;SKN;62-1104M;153
1 Corinthiens;12;0;0;SKN;63-0324M;7
1 Corinthiens;12;0;0;SKN;63-0728;180
1 Corinthiens;12;0;0;SKN;63-0901M;217
1 Corinthiens;12;0;0;SKN;63-0901M;262
1 Corinthiens;12;0;0;SKN;63-1128E;177
1 Corinthiens;12;0;0;SKN;64-0208;138
1 Corinthiens;12;0;0;SKN;64-0614M;242
1 Corinthiens;12;0;0;SKN;64-0614M;287
1 Corinthiens;12;13;13;SKN;59-1217;156
1 Corinthiens;13;0;0;SKN;54-0829A;4
1 Corinthiens;13;0;0;SKN;54-1205;14
1 Corinthiens;13;0;0;SKN;56-0406;61
1 Corinthiens;13;0;0;SKN;57-0309B;13
1 Corinthiens;13;0;0;SKN;57-0915E;193
1 Corinthiens;13;0;0;SKN;59-0301M;91
1 Corinthiens;13;0;0;SKN;59-0823;112
1 Corinthiens;13;0;0;SKN;61-0217;45
1 Corinthiens;13;0;0;SKN;63-0317M;248
1 Corinthiens;13;0;0;SKN;65-1127B;247
1 Corinthiens;13;14;14;SKN;61-0723E;40
1 Corinthiens;15;0;0;SKN;52-0713A;34
1 Corinthiens;15;0;0;SKN;52-0726;29
1 Corinthiens;15;0;0;SKN;60-0417M;165
1 Corinthiens;15;29;29;SKN;54-0515;317
1 Jean;1;0;0;SKN;60-0709;24
1 Jean;1;7;7;SKN;60-0709;24
1 Jean;1;8;10;SKN;59-1223;139
1 Jean;1;8;10;SKN;59-1223;140
1 Jean;2;0;0;SKN;59-1216;60
1 Jean;2;1;1;SKN;59-1216;60
1 Jean;2;12;12;SKN;59-1216;60
1 Jean;2;15;15;SKN;65-1125;130
1 Jean;3;0;0;SKN;59-0810;4
1 Jean;3;21;21;SKN;59-0706;35
1 Jean;3;21;21;SKN;63-0825E;66
1 Jean;4;0;0;SKN;50-0714;26
1 Jean;4;0;0;SKN;57-0908E;358
1 Jean;4;3;3;SKN;55-0311;21
1 Jean;4;5;5;SKN;65-0801M;58
1 Jean;5;0;0;SKN;59-0628E;189
1 Jean;5;1;1;SKN;53-1112;18
1 Jean;5;7;7;SKN;54-0516;23
1 Jean;5;7;7;SKN;57-0901E;125
1 Jean;5;7;7;SKN;57-1002;477
1 Jean;5;7;7;SKN;60-0611B;30
1 Jean;5;7;7;SKN;61-0217;58
1 Jean;5;7;7;SKN;61-0312;58
1 Jean;5;7;7;SKN;63-0116;60
1 Jean;5;7;7;SKN;63-0320;172
1 Jean;5;16;16;SKN;59-0628E;189
1 Jean;5;18;18;SKN;59-0628E;183
1 Jean;12;0;0;SKN;64-0705;114
1 Jean;16;7;7;SKN;59-1216;59
1 Pierre;1;0;0;SKN;62-1111E;212
1 Pierre;1;18;18;SKN;61-0611;148
1 Pierre;1;19;20;SKN;60-0515E;102
1 Pierre;3;0;0;SKN;61-0723E;53
1 Pierre;3;18;18;SKN;61-0723E;52
1 Pierre;3;19;19;SKN;57-1006;613
1 Pierre;3;19;19;SKN;57-1006;615
1 Pierre;5;8;10;SKN;62-0311;20
1 Rois;13;0;0;SKN;51-0722A;69
1 Rois;13;0;0;SKN;53-1114;33
1 Rois;17;0;0;SKN;63-0324M;369
1 Rois;19;0;0;SKN;59-0301E;22
1 Rois;19;0;0;SKN;63-0324M;330
1 Rois;19;1;12;SKN;59-0412E;1
1 Samuel;8;4;4;SKN;62-1111E;22
1 Samuel;18;10;10;SKN;59-1219;88
1 Thessaloniciens;4;16;16;SKN;65-0410;179
1 Thessaloniciens;5;21;21;SKN;64-0816;60
1 Timothee;2;9;9;SKN;64-0823M;172
1 Timothee;3;0;0;SKN;56-0120;65
1 Timothee;3;0;0;SKN;60-0710;68
1 Timothee;3;0;0;SKN;62-1104M;167
1 Timothee;3;16;16;SKN;54-0402;32
1 Timothee;3;16;16;SKN;57-0901E;131
1 Timothee;3;16;16;SKN;59-1217;20
1 Timothee;3;16;16;SKN;60-0608;48
1 Timothee;3;16;16;SKN;60-1002;165
1 Timothee;3;16;16;SKN;61-0212E;13
1 Timothee;3;16;16;SKN;61-0414;70
1 Timothee;3;16;16;SKN;62-0712;34
1 Timothee;3;16;16;SKN;63-0320;112
1 Timothee;3;16;16;SKN;64-0401;40
1 Timothee;3;16;16;SKN;64-0614M;79
1 Timothee;3;16;16;VGR;64-0112;8
2 Chroniques;18;12;12;SKN;54-0509;33
2 Chroniques;18;22;27;SKN;56-1002A;4
2 Chroniques;18;22;27;SKN;56-1002A;5
2 Chroniques;22;0;0;SKN;63-1128M;134
2 Chroniques;26;0;0;SKN;62-1013;63
2 Chroniques;26;0;0;SKN;64-0315;74
2 Chroniques;26;0;0;SKN;64-0315;82
2 Corinthiens;3;0;0;SKN;64-0614M;16
2 Corinthiens;5;17;17;SKN;54-0719E;3
2 Corinthiens;6;7;10;SKN;62-0506;36
2 Corinthiens;9;0;0;SKN;63-1128M;14
2 Pierre;1;0;0;SKN;62-1104M;61
2 Pierre;1;7;7;SKN;62-1124E;37
2 Pierre;2;4;2;SKN;57-1006;610
2 Pierre;2;4;4;SKN;57-1006;613
2 Pierre;3;0;0;SKN;64-0802;40
2 Pierre;4;0;0;SKN;57-1006;619
2 Samuel;6;14;14;SKN;63-0321;100
2 Thessaloniciens;2;3;3;SKN;63-0319;104
2 Thessaloniciens;2;3;3;SKN;63-0319;267
2 Thessaloniciens;2;7;7;SKN;63-0318;84
2 Thessaloniciens;2;9;9;SKN;63-0318;310
2 Timothee;2;0;0;SKN;60-1218;213
2 Timothee;2;4;4;SKN;62-0908;145
2 Timothee;2;16;16;SKN;54-0103E;136
2 Timothee;3;0;0;SKN;58-0109;20
2 Timothee;3;0;0;SKN;61-0117;35
2 Timothee;3;0;0;SKN;62-0401;290
2 Timothee;3;0;0;SKN;62-1111E;196
2 Timothee;3;0;0;SKN;63-0320;197
2 Timothee;3;0;0;SKN;63-0412M;102
2 Timothee;3;0;0;SKN;63-0707M;325
2 Timothee;3;0;0;SKN;63-1115;179
2 Timothee;3;0;0;SKN;63-1201E;58
2 Timothee;3;0;0;SKN;64-0726M;163
2 Timothee;3;0;0;SKN;64-0726M;165
2 Timothee;3;1;1;SKN;62-0603;30
2 Timothee;4;0;0;SKN;57-0120M;13
2 Timothee;4;0;0;SKN;57-0126B;57
2 Timothee;4;0;0;SKN;62-0908;13
2 Timothee;4;0;0;SKN;62-0908;14
2 Timothee;4;0;0;SKN;62-0908;145
2 Timothee;4;0;0;SKN;62-1104M;236
2 Timothee;4;0;0;SKN;64-0830E;122
2 Timothee;4;2;2;SKN;62-0908;13
Actes;1;0;0;SKN;50-0716;64
Actes;1;0;0;SKN;54-0515;101
Actes;1;0;0;SKN;60-0911E;77
Actes;1;0;0;VGR;54-0515;101
Actes;1;0;0;VGR;59-1219;53
Actes;1;0;0;VGR;60-0911E;77
Actes;1;8;8;SKN;53-0613;14
Actes;1;8;8;SKN;53-1111;14
Actes;1;8;8;SKN;54-0515;90
Actes;1;8;8;SKN;54-0724;8
Actes;1;8;8;SKN;56-1125M;114
Actes;1;8;8;SKN;57-0115;76
Actes;1;8;8;SKN;57-0725;16
Actes;1;8;8;SKN;58-0315;45
Actes;1;8;8;SKN;58-0510;39
Actes;1;8;8;SKN;59-1216;101
Actes;1;8;8;SKN;60-0911E;72
Actes;1;8;8;SKN;60-0911E;73
Actes;1;8;8;SKN;60-0911E;80
Actes;1;8;8;SKN;62-0120;46
Actes;1;8;8;SKN;62-0607;84
Actes;1;8;8;SKN;62-0909M;26
Actes;1;8;8;SKN;62-1007;141
Actes;1;8;8;SKN;62-1013;151
Actes;1;8;8;VGR;54-0515;90
Actes;1;8;8;VGR;56-1125M;114
Actes;1;8;8;VGR;59-1216;101
Actes;1;8;8;VGR;60-0911E;72
Actes;1;8;8;VGR;60-0911E;73
Actes;1;8;8;VGR;60-0911E;80
Actes;1;8;8;VGR;62-0909M;39
Actes;1;8;8;VGR;62-1007;141
Actes;1;8;8;VGR;62-1013;152
Actes;2;0;0;SKN;52-0716;30
Actes;2;0;0;SKN;53-1111;13
Actes;2;0;0;SKN;53-1112;2
Actes;2;0;0;SKN;54-0103M;42
Actes;2;0;0;SKN;54-0514;257
Actes;2;0;0;SKN;54-0515;102
Actes;2;0;0;SKN;54-0809A;49
Actes;2;0;0;SKN;54-1024;111
Actes;2;0;0;SKN;54-1231;68
Actes;2;0;0;SKN;55-0302;20
Actes;2;0;0;SKN;55-0625;38
Actes;2;0;0;SKN;55-0806;42
Actes;2;0;0;SKN;55-0815;31
Actes;2;0;0;SKN;55-1008;66
Actes;2;0;0;SKN;55-1113;63
Actes;2;0;0;SKN;56-0115;2
Actes;2;0;0;SKN;56-0121;56
Actes;2;0;0;SKN;56-0122;29
Actes;2;0;0;SKN;56-0403;47
Actes;2;0;0;SKN;56-0406;33
Actes;2;0;0;SKN;56-0419;42
Actes;2;0;0;SKN;56-1004;41
Actes;2;0;0;SKN;57-0115;78
Actes;2;0;0;SKN;57-0126B;52
Actes;2;0;0;SKN;57-0925;108
Actes;2;0;0;SKN;57-0925;158
Actes;2;0;0;SKN;57-0925;213
Actes;2;0;0;SKN;58-0316A;79
Actes;2;0;0;SKN;58-0523;38
Actes;2;0;0;SKN;58-0927;133
Actes;2;0;0;SKN;58-0927;187
Actes;2;0;0;SKN;58-0927;188
Actes;2;0;0;SKN;59-0418;35
Actes;2;0;0;SKN;59-1115;93
Actes;2;0;0;SKN;59-1216;97
Actes;2;0;0;SKN;59-1219;33
Actes;2;0;0;SKN;59-1223;168
Actes;2;0;0;SKN;60-0724;49
Actes;2;0;0;SKN;60-0807;13
Actes;2;0;0;SKN;60-0807;19
Actes;2;0;0;SKN;60-1125;52
Actes;2;0;0;SKN;60-1127M;23
Actes;2;0;0;SKN;60-1205;157
Actes;2;0;0;SKN;61-0209;33
Actes;2;0;0;SKN;61-0210;40
Actes;2;0;0;SKN;61-0318;58
Actes;2;0;0;SKN;61-0319;89
Actes;2;0;0;SKN;61-0410;37
Actes;2;0;0;SKN;61-0723E;54
Actes;2;0;0;SKN;61-0808;71
Actes;2;0;0;SKN;61-0813;16
Actes;2;0;0;SKN;61-0813;23
Actes;2;0;0;SKN;62-0407;125
Actes;2;0;0;SKN;62-0624;11
Actes;2;0;0;SKN;63-0123;208
Actes;2;0;0;SKN;63-0320;118
Actes;2;0;0;SKN;63-0320;119
Actes;2;0;0;SKN;63-0320;309
Actes;2;0;0;SKN;63-0324M;151
Actes;2;0;0;SKN;63-0608;111
Actes;2;0;0;SKN;63-0628E;78
Actes;2;0;0;SKN;63-0628M;231
Actes;2;0;0;SKN;63-0707M;164
Actes;2;0;0;SKN;63-0825E;154
Actes;2;0;0;SKN;63-1201M;24
Actes;2;0;0;SKN;64-0629;176
Actes;2;0;0;SKN;64-0629;199
Actes;2;0;0;SKN;64-1205;78
Actes;2;0;0;SKN;65-0123;81
Actes;2;0;0;VGR;54-0103M;42
Actes;2;0;0;VGR;54-0514;257
Actes;2;0;0;VGR;54-0515;102
Actes;2;0;0;VGR;54-1024;111
Actes;2;0;0;VGR;56-0115;7
Actes;2;0;0;VGR;56-0122;72
Actes;2;0;0;VGR;57-0925;108
Actes;2;0;0;VGR;57-0925;158
Actes;2;0;0;VGR;57-0925;213
Actes;2;0;0;VGR;58-0927;133
Actes;2;0;0;VGR;58-0927;187
Actes;2;0;0;VGR;58-0927;188
Actes;2;0;0;VGR;59-0418;84
Actes;2;0;0;VGR;59-1216;97
Actes;2;0;0;VGR;59-1223;168
Actes;2;0;0;VGR;60-1205;149
Actes;2;0;0;VGR;61-0319;91
Actes;2;0;0;VGR;61-0319;92
Actes;2;0;0;VGR;61-0723E;54
Actes;2;0;0;VGR;61-0808;181
Actes;2;0;0;VGR;61-0813;42
Actes;2;0;0;VGR;61-0813;72
Actes;2;0;0;VGR;63-0123;208
Actes;2;0;0;VGR;63-0320;118
Actes;2;0;0;VGR;63-0320;119
Actes;2;0;0;VGR;63-0320;309
Actes;2;0;0;VGR;63-0324M;151
Actes;2;0;0;VGR;63-0608;327
Actes;2;0;0;VGR;63-0628M;231
Actes;2;0;0;VGR;63-0707;164
Actes;2;0;0;VGR;63-0707M;164
Actes;2;0;0;VGR;63-0825E;154
Actes;2;0;0;VGR;63-1201M;24
Actes;2;0;0;VGR;64-0629;176
Actes;2;0;0;VGR;64-0629;199
Actes;2;0;0;VGR;64-1205;174
Actes;2;0;0;VGR;65-0123;82
Actes;2;4;4;SKN;53-1129A;86
Actes;2;4;4;SKN;55-0117;88
Actes;2;4;4;SKN;59-1220E;18
Actes;2;4;4;SKN;60-0807;9
Actes;2;4;4;SKN;60-0807;15
Actes;2;4;4;SKN;60-0807;19
Actes;2;4;4;SKN;60-0807;25
Actes;2;4;4;SKN;61-0112;117
Actes;2;4;4;SKN;61-0112;244
Actes;2;4;4;SKN;61-0112;253
Actes;2;4;4;SKN;61-0128;18
Actes;2;4;4;SKN;61-0316;35
Actes;2;4;4;SKN;61-0316;52
Actes;2;4;4;SKN;61-0316;53
Actes;2;4;4;SKN;61-0424;26
Actes;2;4;4;SKN;61-0424;82
Actes;2;4;4;SKN;61-0424;84
Actes;2;4;4;SKN;62-0728;28
Actes;2;4;4;SKN;65-0124;46
Actes;2;4;4;VGR;55-0117;88
Actes;2;4;4;VGR;59-1220E;18
Actes;2;4;4;VGR;61-0112;117
Actes;2;4;4;VGR;61-0112;244
Actes;2;4;4;VGR;61-0112;253
Actes;2;6;6;SKN;59-1220E;18
Actes;2;6;6;VGR;59-1220E;18
Actes;2;8;8;SKN;53-1111;14
Actes;2;17;17;SKN;65-1126;290
Actes;2;17;17;VGR;65-1126;290
Actes;2;22;22;SKN;52-0716;30
Actes;2;22;22;SKN;52-0726;64
Actes;2;24;24;SKN;53-1110;39
Actes;2;24;24;SKN;53-1115E;21
Actes;2;24;24;SKN;53-1129A;86
Actes;2;27;27;SKN;57-1002;376
Actes;2;27;27;VGR;57-1002;376
Actes;2;30;30;SKN;52-0810A;30
Actes;2;36;36;SKN;60-1204M;371
Actes;2;36;36;VGR;60-1204M;357
Actes;2;38;38;SKN;54-0303;17
Actes;2;38;38;SKN;54-0403;29
Actes;2;38;38;SKN;54-0515;183
Actes;2;38;38;SKN;54-0515;218
Actes;2;38;38;SKN;54-0515;219
Actes;2;38;38;SKN;54-1219E;35
Actes;2;38;38;SKN;54-1231;76
Actes;2;38;38;SKN;55-0117;88
Actes;2;38;38;SKN;55-0731;169
Actes;2;38;38;SKN;57-0127A;29
Actes;2;38;38;SKN;57-0825E;150
Actes;2;38;38;SKN;57-0925;103
Actes;2;38;38;SKN;57-0925;105
Actes;2;38;38;SKN;57-0925;107
Actes;2;38;38;SKN;57-0925;109
Actes;2;38;38;SKN;57-0925;115
Actes;2;38;38;SKN;58-0326;17
Actes;2;38;38;SKN;59-0628M;81
Actes;2;38;38;SKN;60-0626;91
Actes;2;38;38;SKN;60-0807;2
Actes;2;38;38;SKN;60-1126;85
Actes;2;38;38;SKN;60-1207;186
Actes;2;38;38;SKN;60-1218;403
Actes;2;38;38;SKN;60-1225;42
Actes;2;38;38;SKN;61-0108;234
Actes;2;38;38;SKN;61-0108;330
Actes;2;38;38;SKN;61-0108;338
Actes;2;38;38;SKN;61-0108;358
Actes;2;38;38;SKN;61-0112;224
Actes;2;38;38;SKN;61-0112;237
Actes;2;38;38;SKN;61-0117;44
Actes;2;38;38;SKN;61-0117;45
Actes;2;38;38;SKN;61-0119M;10
Actes;2;38;38;SKN;61-0315;218
Actes;2;38;38;SKN;61-0319;89
Actes;2;38;38;SKN;61-0425B;163
Actes;2;38;38;SKN;61-0425B;183
Actes;2;38;38;SKN;61-0425B;208
Actes;2;38;38;SKN;61-0611;77
Actes;2;38;38;SKN;61-0723E;37
Actes;2;38;38;SKN;61-1015M;37
Actes;2;38;38;SKN;61-1015M;39
Actes;2;38;38;SKN;61-1119;305
Actes;2;38;38;SKN;61-1119;313
Actes;2;38;38;SKN;62-0318E;1
Actes;2;38;38;SKN;62-0318M;28
Actes;2;38;38;SKN;62-0609E;48
Actes;2;38;38;SKN;62-0610M;16
Actes;2;38;38;SKN;62-0714;97
Actes;2;38;38;SKN;62-1014E;103
Actes;2;38;38;SKN;62-1014M;129
Actes;2;38;38;SKN;62-1111E;64
Actes;2;38;38;SKN;62-1111E;66
Actes;2;38;38;SKN;62-1123;72
Actes;2;38;38;SKN;62-1125M;101
Actes;2;38;38;SKN;63-0318;212
Actes;2;38;38;SKN;63-0320;136
Actes;2;38;38;SKN;63-0321;289
Actes;2;38;38;SKN;63-0324M;148
Actes;2;38;38;SKN;63-0421;99
Actes;2;38;38;SKN;63-0707M;122
Actes;2;38;38;SKN;63-1124E;146
Actes;2;38;38;SKN;63-1127;160
Actes;2;38;38;SKN;63-1201E;101
Actes;2;38;38;SKN;64-0427;67
Actes;2;38;38;SKN;65-0219;96
Actes;2;38;38;SKN;65-0221M;183
Actes;2;38;38;SKN;65-0711;82
Actes;2;38;38;SKN;65-1125;98
Actes;2;38;38;SKN;65-1125;99
Actes;2;38;38;SKN;65-1125;131
Actes;2;38;38;VGR;54-0515;183
Actes;2;38;38;VGR;54-0515;218
Actes;2;38;38;VGR;54-0515;219
Actes;2;38;38;VGR;54-1219E;35
Actes;2;38;38;VGR;55-0117;88
Actes;2;38;38;VGR;57-0825E;208
Actes;2;38;38;VGR;57-0925;103
Actes;2;38;38;VGR;57-0925;105
Actes;2;38;38;VGR;57-0925;107
Actes;2;38;38;VGR;57-0925;109
Actes;2;38;38;VGR;57-0925;115
Actes;2;38;38;VGR;59-0628M;81
Actes;2;38;38;VGR;60-0626;89
Actes;2;38;38;VGR;60-1207;183
Actes;2;38;38;VGR;60-1218;403
Actes;2;38;38;VGR;60-1225;57
Actes;2;38;38;VGR;61-0108;228
Actes;2;38;38;VGR;61-0108;325
Actes;2;38;38;VGR;61-0108;333
Actes;2;38;38;VGR;61-0108;350
Actes;2;38;38;VGR;61-0112;224
Actes;2;38;38;VGR;61-0112;237
Actes;2;38;38;VGR;61-0119M;10
Actes;2;38;38;VGR;61-0319;92
Actes;2;38;38;VGR;61-0425B;163
Actes;2;38;38;VGR;61-0425B;183
Actes;2;38;38;VGR;61-0425B;209
Actes;2;38;38;VGR;61-0611;76
Actes;2;38;38;VGR;61-0723E;37
Actes;2;38;38;VGR;61-1015M;37
Actes;2;38;38;VGR;61-1015M;39
Actes;2;38;38;VGR;61-1119;305
Actes;2;38;38;VGR;62-0318M;68
Actes;2;38;38;VGR;62-0318M;403
Actes;2;38;38;VGR;62-1014E;103
Actes;2;38;38;VGR;62-1014M;164
Actes;2;38;38;VGR;62-1111E;65
Actes;2;38;38;VGR;62-1111E;67
Actes;2;38;38;VGR;63-0318;212
Actes;2;38;38;VGR;63-0320;136
Actes;2;38;38;VGR;63-0321;289
Actes;2;38;38;VGR;63-0324M;148
Actes;2;38;38;VGR;63-0421;169
Actes;2;38;38;VGR;63-0707;122
Actes;2;38;38;VGR;63-0707M;122
Actes;2;38;38;VGR;63-1124E;222
Actes;2;38;38;VGR;64-0427;198
Actes;2;38;38;VGR;65-0219;96
Actes;2;38;38;VGR;65-0221M;263
Actes;2;38;38;VGR;65-0711;156
Actes;2;38;38;VGR;65-1125;131
Actes;2;38;38;VGR;65-1125;132
Actes;2;38;38;VGR;65-1125;175
Actes;2;38;39;SKN;57-0807;82
Actes;2;39;39;SKN;60-1218;417
Actes;3;0;0;SKN;61-0409;19
Actes;4;0;0;SKN;57-0114;64
Actes;4;0;0;SKN;58-0523;28
Actes;4;0;0;SKN;59-1217;169
Actes;4;0;0;SKN;60-0228;48
Actes;4;0;0;SKN;60-1125;56
Actes;4;0;0;SKN;61-0205M;5
Actes;4;0;0;SKN;61-0414;31
Actes;4;0;0;SKN;62-0601;273
Actes;4;0;0;SKN;62-0704;93
Actes;4;0;0;SKN;63-0116;315
Actes;4;0;0;SKN;63-0608;90
Actes;4;0;0;SKN;63-0626;42
Actes;4;0;0;SKN;64-0418B;63
Actes;4;0;0;SKN;64-0629;200
Actes;4;0;0;VGR;59-1217;169
Actes;4;0;0;VGR;62-0601;273
Actes;4;0;0;VGR;63-0116;317
Actes;4;0;0;VGR;63-0608;270
Actes;4;0;0;VGR;63-0608;271
Actes;4;0;0;VGR;63-0608;319
Actes;4;0;0;VGR;64-0418B;168
Actes;4;0;0;VGR;64-0629;200
Actes;4;32;32;SKN;62-0211;165
Actes;5;0;0;SKN;52-0715;25
Actes;5;9;9;SKN;61-1112;158
Actes;5;9;9;VGR;61-1112;158
Actes;5;19;19;SKN;60-1210;139
Actes;5;32;32;SKN;60-0911E;89
Actes;5;32;32;VGR;60-0911E;89
Actes;7;0;0;SKN;62-0724;65
Actes;7;0;0;SKN;62-1014M;52
Actes;7;0;0;VGR;62-1014M;67
Actes;7;38;38;SKN;60-0911E;31
Actes;7;38;38;VGR;60-0911E;31
Actes;7;44;49;SKN;62-1111M;14
Actes;7;48;48;SKN;54-0515;218
Actes;7;48;48;VGR;54-0515;218
Actes;7;49;49;SKN;61-1217;37
Actes;7;49;49;VGR;61-1217;37
Actes;7;55;55;SKN;57-1002;440
Actes;7;55;55;VGR;57-1002;440
Actes;8;0;0;SKN;60-0807;19
Actes;8;14;14;SKN;59-1216;124
Actes;8;14;14;VGR;59-1216;124
Actes;8;18;18;SKN;59-1220E;21
Actes;8;18;18;VGR;59-1220E;20
Actes;9;0;0;SKN;60-1210;139
Actes;9;0;0;SKN;64-0830M;207
Actes;9;0;0;VGR;60-1210;248
Actes;9;0;0;VGR;64-0830M;236
Actes;9;0;0;VGR;64-0830M;237
Actes;9;5;5;SKN;60-0522M;99
Actes;9;5;5;VGR;60-0522M;99
Actes;10;0;0;SKN;55-0620;15
Actes;10;0;0;SKN;61-0409;28
Actes;10;0;0;SKN;63-0113E;226
Actes;10;0;0;VGR;63-0113E;226
Actes;10;5;5;SKN;57-0825E;150
Actes;10;5;5;VGR;57-0825E;209
Actes;10;35;35;SKN;57-1222;10
Actes;10;35;35;SKN;58-0301B;14
Actes;10;35;35;SKN;60-1225;97
Actes;10;35;35;SKN;63-1216;132
Actes;10;35;35;VGR;60-1225;124
Actes;10;44;44;SKN;59-0329M;56
Actes;10;44;44;SKN;60-0807;9
Actes;10;44;44;VGR;59-0329M;64
Actes;10;47;47;SKN;64-0823M;62
Actes;10;47;47;VGR;64-0823M;62
Actes;10;48;48;SKN;62-0318E;1
Actes;10;48;48;VGR;62-0318M;404
Actes;10;49;49;SKN;53-0327;42
Actes;10;49;49;SKN;54-0103M;42
Actes;10;49;49;SKN;54-0515;112
Actes;10;49;49;SKN;54-0515;218
Actes;10;49;49;SKN;55-0117;88
Actes;10;49;49;SKN;55-0806;54
Actes;10;49;49;SKN;57-0825E;150
Actes;10;49;49;SKN;57-0925;111
Actes;10;49;49;SKN;58-0323;47
Actes;10;49;49;SKN;58-0523;38
Actes;10;49;49;SKN;58-0612;19
Actes;10;49;49;SKN;60-0807;9
Actes;10;49;49;SKN;60-0807;19
Actes;10;49;49;SKN;61-0118;60
Actes;10;49;49;SKN;61-0224;45
Actes;10;49;49;SKN;61-0425B;251
Actes;10;49;49;SKN;62-0704;122
Actes;10;49;49;SKN;62-0724;65
Actes;10;49;49;SKN;62-1014M;164
Actes;10;49;49;SKN;63-0604;90
Actes;10;49;49;SKN;63-0608;82
Actes;10;49;49;SKN;64-1212;171
Actes;10;49;49;SKN;65-0418M;177
Actes;10;49;49;SKN;65-0801M;199
Actes;10;49;49;VGR;54-0103M;42
Actes;10;49;49;VGR;54-0515;112
Actes;10;49;49;VGR;54-0515;218
Actes;10;49;49;VGR;55-0117;88
Actes;10;49;49;VGR;57-0825E;208
Actes;10;49;49;VGR;57-0925;111
Actes;10;49;49;VGR;61-0425B;252
Actes;10;49;49;VGR;62-1014M;214
Actes;10;49;49;VGR;63-0608;237
Actes;10;49;49;VGR;65-0418M;177
Actes;10;49;49;VGR;65-0801M;199
Actes;15;0;0;SKN;60-1210;139
Actes;15;0;0;SKN;63-0322;236
Actes;15;0;0;VGR;60-1210;262
Actes;15;0;0;VGR;63-0322;236
Actes;15;14;14;SKN;60-1210;139
Actes;15;14;14;SKN;61-0806;195
Actes;15;14;14;SKN;63-0322;236
Actes;15;14;14;VGR;60-1210;262
Actes;15;14;14;VGR;61-0806;195
Actes;15;14;14;VGR;63-0322;236
Actes;16;31;31;SKN;63-0901M;366
Actes;16;31;31;SKN;63-1128E;169
Actes;16;31;31;SKN;64-0208;128
Actes;16;31;31;SKN;64-0308;135
Actes;16;31;31;VGR;63-0901M;366
Actes;16;31;31;VGR;64-0208;128
Actes;16;31;31;VGR;64-0308;135
Actes;18;0;0;SKN;59-1217;61
Actes;18;0;0;VGR;59-1217;61
Actes;19;0;0;SKN;51-0509;56
Actes;19;0;0;SKN;51-0720;54
Actes;19;0;0;SKN;51-0722E;12
Actes;19;0;0;SKN;51-0727;58
Actes;19;0;0;SKN;51-0729E;26
Actes;19;0;0;SKN;51-0923;73
Actes;19;0;0;SKN;52-0713A;7
Actes;19;0;0;SKN;52-0900;172
Actes;19;0;0;SKN;53-0328;43
Actes;19;0;0;SKN;53-0531;31
Actes;19;0;0;SKN;53-0604;5
Actes;19;0;0;SKN;53-0608A;52
Actes;19;0;0;SKN;53-0613;14
Actes;19;0;0;SKN;53-0729;198
Actes;19;0;0;SKN;53-1104;24
Actes;19;0;0;SKN;53-1115E;30
Actes;19;0;0;SKN;53-1201;3
Actes;19;0;0;SKN;53-1205;102
Actes;19;0;0;SKN;54-0103M;44
Actes;19;0;0;SKN;54-0216;19
Actes;19;0;0;SKN;54-0402;2
Actes;19;0;0;SKN;54-1207;3
Actes;19;0;0;SKN;55-0612;5
Actes;19;0;0;SKN;55-1008;63
Actes;19;0;0;SKN;55-1120;31
Actes;19;0;0;SKN;56-0223;62
Actes;19;0;0;SKN;56-0414;3
Actes;19;0;0;SKN;56-0415;7
Actes;19;0;0;SKN;56-0815;29
Actes;19;0;0;SKN;56-1005;7
Actes;19;0;0;SKN;56-1207;9
Actes;19;0;0;SKN;56-1208;34
Actes;19;0;0;SKN;57-0115;11
Actes;19;0;0;SKN;57-0305;58
Actes;19;0;0;SKN;57-0518;1
Actes;19;0;0;SKN;57-0728;77
Actes;19;0;0;SKN;57-0825E;150
Actes;19;0;0;SKN;57-1002;366
Actes;19;0;0;SKN;58-0126;14
Actes;19;0;0;SKN;58-0209E;3
Actes;19;0;0;SKN;58-0316E;96
Actes;19;0;0;SKN;58-0330A;60
Actes;19;0;0;SKN;58-0330E;9
Actes;19;0;0;SKN;58-0510;66
Actes;19;0;0;SKN;58-1002;61
Actes;19;0;0;SKN;58-1005M;90
Actes;19;0;0;SKN;59-0329M;57
Actes;19;0;0;SKN;59-0415A;33
Actes;19;0;0;SKN;59-0424A;47
Actes;19;0;0;SKN;59-0424E;18
Actes;19;0;0;SKN;59-0628E;45
Actes;19;0;0;SKN;59-0628E;146
Actes;19;0;0;SKN;59-0707;42
Actes;19;0;0;SKN;59-0708E;4
Actes;19;0;0;SKN;59-1217;61
Actes;19;0;0;SKN;59-1220M;65
Actes;19;0;0;SKN;59-1227M;114
Actes;19;0;0;SKN;60-0403;16
Actes;19;0;0;SKN;60-0522M;110
Actes;19;0;0;SKN;60-0626;170
Actes;19;0;0;SKN;60-0713;1
Actes;19;0;0;SKN;60-0724;22
Actes;19;0;0;SKN;60-0731;52
Actes;19;0;0;SKN;60-0911E;139
Actes;19;0;0;SKN;60-1113;204
Actes;19;0;0;SKN;60-1127M;46
Actes;19;0;0;SKN;60-1204M;264
Actes;19;0;0;SKN;60-1205;103
Actes;19;0;0;SKN;61-0108;169
Actes;19;0;0;SKN;61-0112;301
Actes;19;0;0;SKN;61-0117;44
Actes;19;0;0;SKN;61-0128;45
Actes;19;0;0;SKN;61-0210;189
Actes;19;0;0;SKN;61-0217;55
Actes;19;0;0;SKN;61-0312;13
Actes;19;0;0;SKN;61-0521;11
Actes;19;0;0;SKN;62-0211;222
Actes;19;0;0;SKN;62-0318M;28
Actes;19;0;0;SKN;62-0422;171
Actes;19;0;0;SKN;62-0705;46
Actes;19;0;0;SKN;62-1007;139
Actes;19;0;0;SKN;63-0322;469
Actes;19;0;0;SKN;63-0608;82
Actes;19;0;0;SKN;63-0623E;197
Actes;19;0;0;SKN;63-0626;176
Actes;19;0;0;SKN;63-0628M;77
Actes;19;0;0;SKN;63-0803B;194
Actes;19;0;0;SKN;63-0901M;103
Actes;19;0;0;SKN;63-1116B;180
Actes;19;0;0;SKN;64-0719E;158
Actes;19;0;0;SKN;64-0719M;234
Actes;19;0;0;SKN;64-0823M;90
Actes;19;0;0;SKN;65-0418M;179
Actes;19;0;0;SKN;65-0418M;189
Actes;19;0;0;SKN;65-0725M;277
Actes;19;0;0;VGR;51-0923;191
Actes;19;0;0;VGR;52-0900;172
Actes;19;0;0;VGR;53-0608A;52
Actes;19;0;0;VGR;53-0729;198
Actes;19;0;0;VGR;54-0103M;44
Actes;19;0;0;VGR;57-1002;366
Actes;19;0;0;VGR;58-1005M;175
Actes;19;0;0;VGR;59-0329M;64
Actes;19;0;0;VGR;59-0628E;45
Actes;19;0;0;VGR;59-0628E;146
Actes;19;0;0;VGR;59-1217;61
Actes;19;0;0;VGR;60-0522M;110
Actes;19;0;0;VGR;60-0626;166
Actes;19;0;0;VGR;60-0911E;139
Actes;19;0;0;VGR;60-1113;240
Actes;19;0;0;VGR;60-1204M;258
Actes;19;0;0;VGR;60-1205;101
Actes;19;0;0;VGR;61-0108;166
Actes;19;0;0;VGR;61-0112;301
Actes;19;0;0;VGR;62-0318M;336
Actes;19;0;0;VGR;62-0422;258
Actes;19;0;0;VGR;62-1007;139
Actes;19;0;0;VGR;63-0322;469
Actes;19;0;0;VGR;63-0608;238
Actes;19;0;0;VGR;63-0623E;197
Actes;19;0;0;VGR;63-0628M;77
Actes;19;0;0;VGR;63-0803B;194
Actes;19;0;0;VGR;63-0901M;103
Actes;19;0;0;VGR;64-0719E;158
Actes;19;0;0;VGR;64-0719M;322
Actes;19;0;0;VGR;64-0823M;90
Actes;19;0;0;VGR;65-0418M;189
Actes;19;5;5;SKN;54-0103M;41
Actes;19;5;5;SKN;54-0515;218
Actes;19;5;5;SKN;58-0928M;135
Actes;19;5;5;SKN;59-1219;17
Actes;19;5;5;SKN;59-1227M;114
Actes;19;5;5;SKN;60-0807;9
Actes;19;5;5;SKN;60-1209;76
Actes;19;5;5;SKN;61-0415E;78
Actes;19;5;5;SKN;61-1015M;49
Actes;19;5;5;SKN;63-0623E;198
Actes;19;5;5;SKN;63-1124M;140
Actes;19;5;5;VGR;54-0103M;41
Actes;19;5;5;VGR;54-0515;218
Actes;19;5;5;VGR;59-1219;17
Actes;19;5;5;VGR;60-1209;75
Actes;19;5;5;VGR;61-1015M;49
Actes;19;5;5;VGR;63-0623E;198
Actes;19;5;5;VGR;63-1124M;140
Actes;19;6;6;SKN;60-0807;9
Actes;19;11;11;SKN;62-1014M;151
Actes;19;11;11;VGR;62-1014M;194
Actes;19;19;19;SKN;61-0426;63
Actes;19;58;58;SKN;59-0329M;57
Actes;20;0;0;SKN;62-0318E;1
Actes;20;0;0;SKN;64-0830M;207
Actes;20;0;0;VGR;62-0318M;403
Actes;20;0;0;VGR;64-0830M;236
Actes;20;24;24;SKN;63-0127;59
Actes;20;24;24;SKN;63-1201M;102
Actes;20;24;24;VGR;63-1201M;102
Actes;20;27;27;SKN;63-1229E;18
Actes;20;27;27;VGR;63-1229E;28
Actes;22;16;16;SKN;64-0823M;62
Actes;22;16;16;VGR;64-0823M;62
Actes;23;0;0;SKN;62-1230M;38
Actes;23;0;0;VGR;62-1230M;56
Actes;23;11;11;SKN;62-1230M;38
Actes;23;11;11;VGR;62-1230M;54
Actes;26;15;15;SKN;62-1230M;38
Actes;26;15;15;VGR;62-1230M;53
Actes;28;19;19;SKN;62-1014M;129
Actes;28;19;19;VGR;62-1014M;164
Amos;3;0;0;SKN;62-0513M;51
Amos;3;0;0;SKN;63-0319;331
Amos;3;0;0;VGR;63-0319;331
Amos;3;7;7;SKN;62-0319;26
Amos;3;7;7;SKN;63-0321;63
Amos;3;7;7;SKN;65-0718M;117
Amos;3;7;7;SKN;65-0718M;158
Amos;3;7;7;SKN;65-0718M;160
Amos;3;7;7;SKN;65-1126;337
Amos;3;7;7;SKN;65-1127B;210
Amos;3;7;7;SKN;65-1127B;251
Amos;3;7;7;SKN;65-1127E;91
Amos;3;7;7;SKN;65-1204;131
Amos;3;7;7;SKN;65-1206;52
Amos;3;7;7;VGR;63-0321;63
Amos;3;7;7;VGR;65-0718E;63
Amos;3;7;7;VGR;65-0718M;117
Amos;3;7;7;VGR;65-0718M;158
Amos;3;7;7;VGR;65-0718M;160
Amos;3;7;7;VGR;65-1126;337
Amos;3;7;7;VGR;65-1127B;210
Amos;3;7;7;VGR;65-1127B;251
Amos;3;7;7;VGR;65-1127E;91
Amos;3;7;7;VGR;65-1204;131
Amos;3;7;7;VGR;65-1206;52
Amos;8;11;11;SKN;55-0302;48
Apocalypse;1;0;0;SKN;51-0502;17
Apocalypse;1;0;0;SKN;53-0513;31
Apocalypse;1;0;0;SKN;53-0611;34
Apocalypse;1;0;0;SKN;53-1129A;91
Apocalypse;1;0;0;SKN;54-0103M;99
Apocalypse;1;0;0;SKN;54-0404E;108
Apocalypse;1;0;0;SKN;54-0811;10
Apocalypse;1;0;0;SKN;54-1212;54
Apocalypse;1;0;0;SKN;56-0121;78
Apocalypse;1;0;0;SKN;56-1230;49
Apocalypse;1;0;0;SKN;57-0125;39
Apocalypse;1;0;0;SKN;58-0927;180
Apocalypse;1;0;0;SKN;59-0423;6
Apocalypse;1;0;0;SKN;60-0712;84
Apocalypse;1;0;0;SKN;60-0731;31
Apocalypse;1;0;0;SKN;61-0108;128
Apocalypse;1;0;0;SKN;61-0122;14
Apocalypse;1;0;0;SKN;61-0515;89
Apocalypse;1;0;0;SKN;62-0722;42
Apocalypse;1;0;0;SKN;63-0317E;31
Apocalypse;1;0;0;SKN;63-1110M;157
Apocalypse;1;0;0;SKN;64-0830M;207
Apocalypse;1;0;0;SKN;64-1212;140
Apocalypse;1;0;0;SKN;65-0418M;19
Apocalypse;1;0;0;SKN;65-0725E;147
Apocalypse;1;0;0;SKN;65-0822E;30
Apocalypse;1;0;0;SKN;65-1127B;44
Apocalypse;1;0;0;SKN;65-1127E;209
Apocalypse;1;0;0;VGR;54-0103M;99
Apocalypse;1;0;0;VGR;54-0404E;108
Apocalypse;1;0;0;VGR;54-1212;54
Apocalypse;1;0;0;VGR;56-1230;123
Apocalypse;1;0;0;VGR;58-0927;180
Apocalypse;1;0;0;VGR;59-0510M;92
Apocalypse;1;0;0;VGR;60-1204M;26
Apocalypse;1;0;0;VGR;61-0108;128
Apocalypse;1;0;0;VGR;61-0723E;8
Apocalypse;1;0;0;VGR;63-0317E;31
Apocalypse;1;0;0;VGR;63-1110M;157
Apocalypse;1;0;0;VGR;64-0830M;279
Apocalypse;1;0;0;VGR;65-0418M;14
Apocalypse;1;0;0;VGR;65-0725E;147
Apocalypse;1;0;0;VGR;65-0822E;30
Apocalypse;1;0;0;VGR;65-1127B;44
Apocalypse;1;0;0;VGR;65-1127E;209
Apocalypse;1;1;1;SKN;65-0801E;14
Apocalypse;1;1;1;SKN;65-0822M;50
Apocalypse;1;1;1;VGR;65-0801E;14
Apocalypse;1;1;1;VGR;65-0822M;50
Apocalypse;1;1;10;SKN;60-1231;102
Apocalypse;1;3;3;SKN;61-0318;39
Apocalypse;1;7;7;SKN;51-0508;22
Apocalypse;1;7;7;SKN;62-0909E;28
Apocalypse;1;7;7;SKN;62-0909E;30
Apocalypse;1;7;7;VGR;62-0909E;28
Apocalypse;1;10;10;SKN;60-1231;102
Apocalypse;1;10;10;SKN;60-1231;108
Apocalypse;1;10;10;VGR;60-1231;98
Apocalypse;1;10;10;VGR;60-1231;104
Apocalypse;1;17;17;VGR;65-0410;21
Apocalypse;1;17;18;SKN;65-0410;14
Apocalypse;1;17;18;VGR;65-0410;21
Apocalypse;1;18;18;SKN;65-0418M;20
Apocalypse;1;18;18;VGR;65-0418M;20
Apocalypse;1;20;20;SKN;60-1225;105
Apocalypse;1;20;20;VGR;60-1225;130
Apocalypse;2;0;0;SKN;54-0220;35
Apocalypse;2;0;0;SKN;55-1006A;38
Apocalypse;2;0;0;SKN;61-1015M;198
Apocalypse;2;0;0;SKN;64-0802;354
Apocalypse;2;0;0;SKN;65-1206;213
Apocalypse;2;0;0;VGR;64-0802;427
Apocalypse;2;5;5;SKN;61-0108;202
Apocalypse;2;5;5;VGR;61-0108;195
Apocalypse;2;6;6;SKN;63-0319;263
Apocalypse;2;6;6;VGR;63-0319;263
Apocalypse;2;7;7;SKN;64-0802;354
Apocalypse;2;7;7;VGR;64-0802;427
Apocalypse;2;9;9;SKN;61-1015M;196
Apocalypse;2;10;10;SKN;61-0101;288
Apocalypse;2;10;10;VGR;61-0101;282
Apocalypse;2;13;13;SKN;60-1210;139
Apocalypse;2;13;13;VGR;60-1210;198
Apocalypse;2;17;17;SKN;60-1210;139
Apocalypse;2;17;17;VGR;60-1210;265
Apocalypse;2;18;18;SKN;63-0321;349
Apocalypse;2;18;18;VGR;63-0321;349
Apocalypse;2;18;20;SKN;63-0321;349
Apocalypse;2;20;20;SKN;58-0927;179
Apocalypse;2;20;20;SKN;61-0319;59
Apocalypse;2;20;20;VGR;58-0927;179
Apocalypse;2;20;20;VGR;61-0319;63
Apocalypse;2;22;22;SKN;63-0321;272
Apocalypse;2;22;22;VGR;63-0321;272
Apocalypse;2;99;99;VGR;61-1015M;196
Apocalypse;3;0;0;SKN;58-0928M;115
Apocalypse;3;0;0;SKN;58-1130;67
Apocalypse;3;0;0;SKN;59-1128;13
Apocalypse;3;0;0;SKN;60-1210;17
Apocalypse;3;0;0;SKN;60-1210;139
Apocalypse;3;0;0;SKN;61-0108;70
Apocalypse;3;0;0;SKN;61-1112;183
Apocalypse;3;0;0;SKN;61-1112;241
Apocalypse;3;0;0;SKN;62-1104M;174
Apocalypse;3;0;0;SKN;62-1124B;13
Apocalypse;3;0;0;SKN;62-1124B;15
Apocalypse;3;0;0;SKN;63-1116B;87
Apocalypse;3;0;0;SKN;63-1201E;53
Apocalypse;3;0;0;SKN;63-1229M;210
Apocalypse;3;0;0;SKN;64-0119;48
Apocalypse;3;0;0;SKN;64-0125;112
Apocalypse;3;0;0;SKN;64-0312;162
Apocalypse;3;0;0;SKN;64-0313;101
Apocalypse;3;0;0;SKN;64-0411;78
Apocalypse;3;0;0;SKN;64-0500;22
Apocalypse;3;0;0;SKN;64-0705;148
Apocalypse;3;0;0;SKN;64-0705;161
Apocalypse;3;0;0;SKN;64-0726M;57
Apocalypse;3;0;0;SKN;65-0219;141
Apocalypse;3;0;0;SKN;65-0429E;20
Apocalypse;3;0;0;SKN;65-0815;21
Apocalypse;3;0;0;SKN;65-0829;76
Apocalypse;3;0;0;SKN;65-0911;141
Apocalypse;3;0;0;SKN;65-1031M;218
Apocalypse;3;0;0;SKN;65-1031M;273
Apocalypse;3;0;0;SKN;65-1125;59
Apocalypse;3;0;0;SKN;65-1204;64
Apocalypse;3;0;0;SKN;65-1206;263
Apocalypse;3;0;0;SKN;65-1206;265
Apocalypse;3;0;0;VGR;58-1130;67
Apocalypse;3;0;0;VGR;60-1210;158
Apocalypse;3;0;0;VGR;61-0108;70
Apocalypse;3;0;0;VGR;61-0730M;41
Apocalypse;3;0;0;VGR;61-1112;183
Apocalypse;3;0;0;VGR;61-1112;245
Apocalypse;3;0;0;VGR;62-1124B;17
Apocalypse;3;0;0;VGR;62-1124B;22
Apocalypse;3;0;0;VGR;63-1229M;210
Apocalypse;3;0;0;VGR;64-0125;112
Apocalypse;3;0;0;VGR;64-0313;174
Apocalypse;3;0;0;VGR;64-0411;218
Apocalypse;3;0;0;VGR;64-0705;148
Apocalypse;3;0;0;VGR;64-0705;161
Apocalypse;3;0;0;VGR;64-0726M;57
Apocalypse;3;0;0;VGR;65-0219;141
Apocalypse;3;0;0;VGR;65-0815;33
Apocalypse;3;0;0;VGR;65-0829;132
Apocalypse;3;0;0;VGR;65-0911;204
Apocalypse;3;0;0;VGR;65-1031M;218
Apocalypse;3;0;0;VGR;65-1031M;273
Apocalypse;3;0;0;VGR;65-1204;64
Apocalypse;3;0;0;VGR;65-1206;263
Apocalypse;3;0;0;VGR;65-1206;265
Apocalypse;3;1;3;SKN;62-0407;93
Apocalypse;3;2;2;SKN;63-0322;165
Apocalypse;3;2;2;VGR;63-0322;165
Apocalypse;3;3;3;SKN;63-0322;180
Apocalypse;3;3;3;VGR;63-0322;180
Apocalypse;3;7;7;SKN;60-1210;17
Apocalypse;3;7;7;VGR;60-1210;17
Apocalypse;3;8;8;SKN;60-1231;94
Apocalypse;3;8;8;VGR;60-1231;90
Apocalypse;3;14;14;SKN;57-1208;6
Apocalypse;3;14;14;SKN;62-1230E;111
Apocalypse;3;14;14;SKN;65-0801M;46
Apocalypse;3;14;14;SKN;65-0829;15
Apocalypse;3;14;14;VGR;57-1208;12
Apocalypse;3;14;14;VGR;62-1230E;238
Apocalypse;3;14;14;VGR;65-0801M;46
Apocalypse;3;14;14;VGR;65-0829;19
Apocalypse;3;16;16;SKN;65-1128E;81
Apocalypse;3;16;16;VGR;65-1128E;81
Apocalypse;3;17;17;SKN;59-1128;13
Apocalypse;3;20;20;SKN;58-0529;12
Apocalypse;3;21;21;SKN;61-0101;288
Apocalypse;3;21;21;SKN;63-0825M;156
Apocalypse;3;21;21;VGR;61-0101;282
Apocalypse;3;21;21;VGR;63-0825M;156
Apocalypse;4;0;0;SKN;61-0108;50
Apocalypse;4;0;0;SKN;61-0108;116
Apocalypse;4;0;0;SKN;61-0108;259
Apocalypse;4;0;0;VGR;60-1204M;26
Apocalypse;4;0;0;VGR;61-0108;50
Apocalypse;4;0;0;VGR;61-0108;116
Apocalypse;4;0;0;VGR;61-0108;253
Apocalypse;4;1;1;SKN;61-0108;72
Apocalypse;4;1;1;VGR;61-0108;72
Apocalypse;4;2;2;SKN;60-1231;128
Apocalypse;4;2;2;VGR;60-1231;143
Apocalypse;4;7;7;SKN;65-0220;110
Apocalypse;4;7;7;VGR;65-0220;110
Apocalypse;5;0;0;SKN;57-1002;354
Apocalypse;5;0;0;SKN;57-1002;548
Apocalypse;5;0;0;SKN;57-1006;677
Apocalypse;5;0;0;SKN;57-1006;678
Apocalypse;5;0;0;SKN;61-0108;260
Apocalypse;5;0;0;SKN;63-0318;61
Apocalypse;5;0;0;VGR;57-1002;354
Apocalypse;5;0;0;VGR;57-1006;678
Apocalypse;5;0;0;VGR;61-0108;254
Apocalypse;5;0;0;VGR;63-0318;61
Apocalypse;5;0;0;VGR;63-0324M;270
Apocalypse;5;1;1;SKN;62-1230E;154
Apocalypse;5;1;1;VGR;62-1230E;302
Apocalypse;5;9;9;SKN;63-0324M;268
Apocalypse;5;9;9;SKN;63-0324M;270
Apocalypse;5;9;9;VGR;63-0324M;268
Apocalypse;6;0;0;SKN;54-0103M;194
Apocalypse;6;0;0;SKN;62-1230E;185
Apocalypse;6;0;0;SKN;63-0323;141
Apocalypse;6;0;0;SKN;63-0323;143
Apocalypse;6;0;0;SKN;63-0324M;267
Apocalypse;6;0;0;SKN;63-0324M;272
Apocalypse;6;0;0;SKN;63-0324M;274
Apocalypse;6;0;0;SKN;65-0117;68
Apocalypse;6;0;0;VGR;54-0103M;194
Apocalypse;6;0;0;VGR;62-1230E;345
Apocalypse;6;0;0;VGR;63-0323;141
Apocalypse;6;0;0;VGR;63-0323;143
Apocalypse;6;0;0;VGR;63-0324M;267
Apocalypse;6;0;0;VGR;63-0324M;272
Apocalypse;6;0;0;VGR;63-0324M;274
Apocalypse;6;1;1;SKN;61-0730M;71
Apocalypse;6;1;1;SKN;63-0323;157
Apocalypse;6;1;1;VGR;63-0323;157
Apocalypse;6;3;3;SKN;63-0323;160
Apocalypse;6;3;3;SKN;63-0323;161
Apocalypse;6;3;3;VGR;63-0323;160
Apocalypse;6;3;3;VGR;63-0323;161
Apocalypse;6;5;5;SKN;63-0323;164
Apocalypse;6;5;5;VGR;63-0323;164
Apocalypse;6;6;6;SKN;63-0324M;102
Apocalypse;6;6;6;SKN;63-0324M;282
Apocalypse;6;6;6;VGR;63-0324M;102
Apocalypse;6;6;6;VGR;63-0324M;282
Apocalypse;6;9;9;SKN;63-0323;177
Apocalypse;6;9;9;VGR;63-0323;177
Apocalypse;6;11;11;SKN;63-0324M;271
Apocalypse;6;11;11;SKN;63-0324M;279
Apocalypse;6;11;11;VGR;63-0324M;271
Apocalypse;6;11;11;VGR;63-0324M;279
Apocalypse;6;12;12;SKN;63-0323;180
Apocalypse;6;12;12;SKN;63-1115;52
Apocalypse;6;12;12;VGR;63-0323;180
Apocalypse;6;14;14;SKN;64-0802;184
Apocalypse;6;14;14;VGR;64-0802;184
Apocalypse;7;0;0;SKN;54-0514;239
Apocalypse;7;0;0;SKN;54-0515;153
Apocalypse;7;0;0;SKN;60-1204E;158
Apocalypse;7;0;0;SKN;60-1211M;59
Apocalypse;7;0;0;SKN;60-1211M;89
Apocalypse;7;0;0;SKN;61-0217;42
Apocalypse;7;0;0;SKN;61-0730M;117
Apocalypse;7;0;0;SKN;61-0808;71
Apocalypse;7;0;0;SKN;63-0324E;197
Apocalypse;7;0;0;SKN;63-0324E;199
Apocalypse;7;0;0;SKN;63-0324E;386
Apocalypse;7;0;0;SKN;63-0728;228
Apocalypse;7;0;0;SKN;64-0830E;77
Apocalypse;7;0;0;VGR;54-0514;239
Apocalypse;7;0;0;VGR;54-0515;153
Apocalypse;7;0;0;VGR;60-1204E;216
Apocalypse;7;0;0;VGR;60-1211M;56
Apocalypse;7;0;0;VGR;60-1211M;83
Apocalypse;7;0;0;VGR;61-0730M;117
Apocalypse;7;0;0;VGR;61-0808;182
Apocalypse;7;0;0;VGR;63-0324E;197
Apocalypse;7;0;0;VGR;63-0324E;199
Apocalypse;7;0;0;VGR;63-0324E;388
Apocalypse;7;0;0;VGR;63-0728;228
Apocalypse;7;0;0;VGR;64-0830E;77
Apocalypse;7;14;14;SKN;63-0324M;280
Apocalypse;7;14;14;VGR;63-0324M;280
Apocalypse;8;0;0;SKN;64-0719M;113
Apocalypse;8;0;0;VGR;64-0719M;150
Apocalypse;8;1;1;SKN;63-0324E;229
Apocalypse;8;7;7;SKN;64-0719M;108
Apocalypse;8;7;7;VGR;64-0719M;144
Apocalypse;9;0;0;SKN;60-1211M;250
Apocalypse;9;0;0;SKN;64-0719M;164
Apocalypse;9;0;0;VGR;64-0719M;226
Apocalypse;9;1;1;SKN;64-0719M;156
Apocalypse;9;1;1;VGR;64-0719M;212
Apocalypse;9;1;4;SKN;60-1211M;282
Apocalypse;9;13;13;SKN;64-0719M;119
Apocalypse;9;13;13;VGR;64-0719M;159
Apocalypse;10;0;0;SKN;61-0618;209
Apocalypse;10;0;0;SKN;61-0730M;63
Apocalypse;10;0;0;SKN;63-0112;4
Apocalypse;10;0;0;SKN;63-0112;69
Apocalypse;10;0;0;SKN;63-0116;74
Apocalypse;10;0;0;SKN;63-0317E;29
Apocalypse;10;0;0;SKN;63-0318;205
Apocalypse;10;0;0;SKN;63-0320;41
Apocalypse;10;0;0;SKN;63-0320;177
Apocalypse;10;0;0;SKN;63-0321;37
Apocalypse;10;0;0;SKN;63-0321;378
Apocalypse;10;0;0;SKN;63-0818;100
Apocalypse;10;0;0;SKN;64-0112;170
Apocalypse;10;0;0;SKN;64-0419;29
Apocalypse;10;0;0;SKN;64-0419;63
Apocalypse;10;0;0;SKN;64-0419;80
Apocalypse;10;0;0;SKN;64-0614M;336
Apocalypse;10;0;0;SKN;64-0614M;341
Apocalypse;10;0;0;SKN;64-0614M;342
Apocalypse;10;0;0;SKN;64-0621;76
Apocalypse;10;0;0;SKN;64-0705;167
Apocalypse;10;0;0;SKN;64-0719M;45
Apocalypse;10;0;0;SKN;64-0719M;176
Apocalypse;10;0;0;SKN;64-0719M;177
Apocalypse;10;0;0;SKN;64-0719M;191
Apocalypse;10;0;0;SKN;64-0830E;153
Apocalypse;10;0;0;SKN;64-0830E;154
Apocalypse;10;0;0;SKN;65-0117;68
Apocalypse;10;0;0;SKN;65-0117;70
Apocalypse;10;0;0;SKN;65-0218;101
Apocalypse;10;0;0;SKN;65-0219;165
Apocalypse;10;0;0;SKN;65-0221M;58
Apocalypse;10;0;0;SKN;65-0718M;147
Apocalypse;10;0;0;SKN;65-0718M;166
Apocalypse;10;0;0;SKN;65-0718M;178
Apocalypse;10;0;0;SKN;65-0725M;130
Apocalypse;10;0;0;SKN;65-0725M;261
Apocalypse;10;0;0;SKN;65-0801E;129
Apocalypse;10;0;0;SKN;65-0911;49
Apocalypse;10;0;0;SKN;65-0911;62
Apocalypse;10;0;0;SKN;65-0911;126
Apocalypse;10;0;0;SKN;65-1125;231
Apocalypse;10;0;0;SKN;65-1126;294
Apocalypse;10;0;0;SKN;65-1127B;301
Apocalypse;10;0;0;SKN;65-1127B;322
Apocalypse;10;0;0;SKN;65-1127E;201
Apocalypse;10;0;0;SKN;65-1204;75
Apocalypse;10;0;0;VGR;61-0618;206
Apocalypse;10;0;0;VGR;61-0730M;63
Apocalypse;10;0;0;VGR;63-0116;75
Apocalypse;10;0;0;VGR;63-0317E;29
Apocalypse;10;0;0;VGR;63-0318;205
Apocalypse;10;0;0;VGR;63-0320;41
Apocalypse;10;0;0;VGR;63-0320;177
Apocalypse;10;0;0;VGR;63-0320;197
Apocalypse;10;0;0;VGR;63-0321;37
Apocalypse;10;0;0;VGR;63-0321;378
Apocalypse;10;0;0;VGR;63-0818;100
Apocalypse;10;0;0;VGR;64-0112;170
Apocalypse;10;0;0;VGR;64-0419;29
Apocalypse;10;0;0;VGR;64-0419;63
Apocalypse;10;0;0;VGR;64-0419;80
Apocalypse;10;0;0;VGR;64-0614M;336
Apocalypse;10;0;0;VGR;64-0614M;341
Apocalypse;10;0;0;VGR;64-0614M;342
Apocalypse;10;0;0;VGR;64-0705;167
Apocalypse;10;0;0;VGR;64-0719M;58
Apocalypse;10;0;0;VGR;64-0719M;245
Apocalypse;10;0;0;VGR;64-0719M;264
Apocalypse;10;0;0;VGR;64-0830E;153
Apocalypse;10;0;0;VGR;64-0830E;154
Apocalypse;10;0;0;VGR;65-0218;101
Apocalypse;10;0;0;VGR;65-0219;165
Apocalypse;10;0;0;VGR;65-0221M;80
Apocalypse;10;0;0;VGR;65-0718M;147
Apocalypse;10;0;0;VGR;65-0718M;166
Apocalypse;10;0;0;VGR;65-0718M;178
Apocalypse;10;0;0;VGR;65-0725M;130
Apocalypse;10;0;0;VGR;65-0725M;261
Apocalypse;10;0;0;VGR;65-0911;77
Apocalypse;10;0;0;VGR;65-0911;91
Apocalypse;10;0;0;VGR;65-0911;185
Apocalypse;10;0;0;VGR;65-1125;299
Apocalypse;10;0;0;VGR;65-1126;294
Apocalypse;10;0;0;VGR;65-1127B;301
Apocalypse;10;0;0;VGR;65-1127E;201
Apocalypse;10;0;0;VGR;65-1204;75
Apocalypse;10;1;1;SKN;63-0318;68
Apocalypse;10;1;1;SKN;63-0324E;384
Apocalypse;10;1;1;SKN;64-0719M;45
Apocalypse;10;1;1;SKN;64-0719M;99
Apocalypse;10;1;1;SKN;65-0725E;148
Apocalypse;10;1;1;SKN;65-0725M;260
Apocalypse;10;1;1;SKN;65-0822M;158
Apocalypse;10;1;1;SKN;65-0822M;162
Apocalypse;10;1;1;VGR;63-0317E;220
Apocalypse;10;1;1;VGR;63-0318;68
Apocalypse;10;1;1;VGR;63-0322;193
Apocalypse;10;1;1;VGR;63-0322;211
Apocalypse;10;1;1;VGR;63-0324E;386
Apocalypse;10;1;1;VGR;64-0719M;58
Apocalypse;10;1;1;VGR;64-0719M;128
Apocalypse;10;1;1;VGR;65-0725M;260
Apocalypse;10;1;1;VGR;65-0822M;158
Apocalypse;10;1;1;VGR;65-0822M;162
Apocalypse;10;1;7;SKN;63-0318;68
Apocalypse;10;1;7;SKN;63-0319;182
Apocalypse;10;1;7;SKN;63-0321;46
Apocalypse;10;1;7;SKN;63-0322;193
Apocalypse;10;1;7;SKN;63-0322;211
Apocalypse;10;1;7;SKN;63-0324E;304
Apocalypse;10;1;7;SKN;63-0412M;171
Apocalypse;10;1;7;SKN;65-0221E;30
Apocalypse;10;1;7;VGR;63-0319;76
Apocalypse;10;1;7;VGR;63-0319;183
Apocalypse;10;1;7;VGR;63-0321;46
Apocalypse;10;1;7;VGR;63-0324E;304
Apocalypse;10;1;7;VGR;65-0221E;30
Apocalypse;10;6;6;SKN;63-0317E;223
Apocalypse;10;6;6;VGR;63-0317E;223
Apocalypse;10;7;7;SKN;63-0321;151
Apocalypse;10;7;7;SKN;63-0321;351
Apocalypse;10;7;7;SKN;63-0322;320
Apocalypse;10;7;7;SKN;63-1110M;156
Apocalypse;10;7;7;SKN;65-1126;311
Apocalypse;10;7;7;SKN;65-1204;75
Apocalypse;10;7;7;SKN;65-1204;107
Apocalypse;10;7;7;SKN;65-1206;320
Apocalypse;10;7;7;VGR;63-0321;151
Apocalypse;10;7;7;VGR;63-0321;351
Apocalypse;10;7;7;VGR;63-0322;320
Apocalypse;10;7;7;VGR;63-1110M;156
Apocalypse;10;7;7;VGR;65-1204;75
Apocalypse;10;7;7;VGR;65-1204;107
Apocalypse;10;7;7;VGR;65-1206;320
Apocalypse;10;17;17;SKN;63-0320;197
Apocalypse;11;0;0;SKN;53-0729;224
Apocalypse;11;0;0;SKN;54-0103M;69
Apocalypse;11;0;0;SKN;54-0103M;70
Apocalypse;11;0;0;SKN;56-0115;13
Apocalypse;11;0;0;SKN;57-0821;27
Apocalypse;11;0;0;SKN;57-0925;7
Apocalypse;11;0;0;SKN;57-0925;38
Apocalypse;11;0;0;SKN;57-1002;354
Apocalypse;11;0;0;SKN;57-1002;548
Apocalypse;11;0;0;SKN;57-1006;624
Apocalypse;11;0;0;SKN;57-1006;710
Apocalypse;11;0;0;SKN;57-1006;712
Apocalypse;11;0;0;SKN;57-1006;716
Apocalypse;11;0;0;SKN;57-1006;725
Apocalypse;11;0;0;SKN;59-1216;93
Apocalypse;11;0;0;SKN;60-1204M;312
Apocalypse;11;0;0;SKN;60-1211M;113
Apocalypse;11;0;0;SKN;60-1211M;136
Apocalypse;11;0;0;SKN;61-0117;74
Apocalypse;11;0;0;SKN;61-0118;66
Apocalypse;11;0;0;SKN;61-0318;38
Apocalypse;11;0;0;SKN;61-0806;150
Apocalypse;11;0;0;SKN;61-0806;168
Apocalypse;11;0;0;SKN;62-0718;52
Apocalypse;11;0;0;SKN;63-0116;130
Apocalypse;11;0;0;SKN;63-0322;302
Apocalypse;11;0;0;SKN;63-0322;335
Apocalypse;11;0;0;SKN;63-0323;306
Apocalypse;11;0;0;SKN;63-0324E;107
Apocalypse;11;0;0;SKN;63-0324M;227
Apocalypse;11;0;0;SKN;64-0719M;191
Apocalypse;11;0;0;SKN;64-0719M;199
Apocalypse;11;0;0;SKN;64-0726M;67
Apocalypse;11;0;0;SKN;64-0802;354
Apocalypse;11;0;0;SKN;64-0830M;191
Apocalypse;11;0;0;SKN;64-0830M;207
Apocalypse;11;0;0;VGR;53-0729;224
Apocalypse;11;0;0;VGR;56-0115;33
Apocalypse;11;0;0;VGR;57-0821;27
Apocalypse;11;0;0;VGR;57-0925;38
Apocalypse;11;0;0;VGR;57-1006;624
Apocalypse;11;0;0;VGR;57-1006;712
Apocalypse;11;0;0;VGR;59-1216;93
Apocalypse;11;0;0;VGR;60-1204M;301
Apocalypse;11;0;0;VGR;60-1211M;107
Apocalypse;11;0;0;VGR;61-0806;150
Apocalypse;11;0;0;VGR;61-0806;168
Apocalypse;11;0;0;VGR;63-0322;302
Apocalypse;11;0;0;VGR;63-0322;335
Apocalypse;11;0;0;VGR;63-0323;306
Apocalypse;11;0;0;VGR;63-0324E;107
Apocalypse;11;0;0;VGR;63-0324M;227
Apocalypse;11;0;0;VGR;64-0719M;274
Apocalypse;11;0;0;VGR;64-0726M;67
Apocalypse;11;0;0;VGR;64-0802;484
Apocalypse;11;0;0;VGR;64-0830M;191
Apocalypse;11;3;3;SKN;61-0806;221
Apocalypse;11;3;3;SKN;63-0324M;329
Apocalypse;11;3;3;VGR;61-0806;221
Apocalypse;11;3;3;VGR;63-0324M;329
Apocalypse;11;3;12;SKN;64-0830M;190
Apocalypse;11;3;12;VGR;64-0830M;190
Apocalypse;11;4;4;SKN;64-0830M;190
Apocalypse;11;4;4;VGR;64-0830M;190
Apocalypse;11;10;10;VGR;60-1231;98
Apocalypse;11;11;11;SKN;65-1204;180
Apocalypse;11;13;13;SKN;61-0108;252
Apocalypse;11;13;13;SKN;61-0108;258
Apocalypse;11;13;13;VGR;61-0108;246
Apocalypse;11;13;13;VGR;61-0108;252
Apocalypse;12;0;0;SKN;54-0220;31
Apocalypse;12;0;0;SKN;54-0513;128
Apocalypse;12;0;0;SKN;54-0513;157
Apocalypse;12;0;0;SKN;54-0513;187
Apocalypse;12;0;0;SKN;54-0514;52
Apocalypse;12;0;0;SKN;54-0516;53
Apocalypse;12;0;0;SKN;59-0628E;75
Apocalypse;12;0;0;SKN;59-0823;126
Apocalypse;12;0;0;SKN;60-1211M;53
Apocalypse;12;0;0;SKN;62-0401;366
Apocalypse;12;0;0;SKN;63-0321;164
Apocalypse;12;0;0;SKN;64-0830E;132
Apocalypse;12;0;0;VGR;54-0513;128
Apocalypse;12;0;0;VGR;54-0513;157
Apocalypse;12;0;0;VGR;54-0513;187
Apocalypse;12;0;0;VGR;54-0514;52
Apocalypse;12;0;0;VGR;54-0516;84
Apocalypse;12;0;0;VGR;59-0628E;75
Apocalypse;12;0;0;VGR;60-1211M;50
Apocalypse;12;0;0;VGR;63-0321;164
Apocalypse;12;7;9;SKN;63-0318;362
Apocalypse;12;7;9;VGR;63-0318;362
Apocalypse;12;13;13;SKN;63-0321;160
Apocalypse;12;13;13;VGR;63-0321;160
Apocalypse;13;0;0;SKN;51-0502;22
Apocalypse;13;0;0;SKN;54-0512;165
Apocalypse;13;0;0;SKN;54-1003E;92
Apocalypse;13;0;0;SKN;57-0306;33
Apocalypse;13;0;0;SKN;57-0322;23
Apocalypse;13;0;0;SKN;57-0901E;103
Apocalypse;13;0;0;SKN;58-0927;38
Apocalypse;13;0;0;SKN;58-0927;60
Apocalypse;13;0;0;SKN;60-0515E;102
Apocalypse;13;0;0;SKN;60-0724;68
Apocalypse;13;0;0;SKN;60-0803;33
Apocalypse;13;0;0;SKN;60-0911E;49
Apocalypse;13;0;0;SKN;60-0911E;50
Apocalypse;13;0;0;SKN;60-1209;57
Apocalypse;13;0;0;SKN;60-1211M;240
Apocalypse;13;0;0;SKN;61-0319;31
Apocalypse;13;0;0;SKN;61-0415E;44
Apocalypse;13;0;0;SKN;61-0806;184
Apocalypse;13;0;0;SKN;62-0407;100
Apocalypse;13;0;0;SKN;62-0422;183
Apocalypse;13;0;0;SKN;62-0422;211
Apocalypse;13;0;0;SKN;62-1007;34
Apocalypse;13;0;0;SKN;63-0318;363
Apocalypse;13;0;0;SKN;63-0322;97
Apocalypse;13;0;0;SKN;63-0323;275
Apocalypse;13;0;0;SKN;63-0412M;200
Apocalypse;13;0;0;SKN;63-0630M;53
Apocalypse;13;0;0;SKN;63-0630M;54
Apocalypse;13;0;0;SKN;63-1124M;92
Apocalypse;13;0;0;SKN;63-1229E;30
Apocalypse;13;0;0;SKN;64-0830M;207
Apocalypse;13;0;0;VGR;54-0512;269
Apocalypse;13;0;0;VGR;57-0901E;103
Apocalypse;13;0;0;VGR;58-0927;38
Apocalypse;13;0;0;VGR;58-0927;60
Apocalypse;13;0;0;VGR;60-0515E;102
Apocalypse;13;0;0;VGR;60-0911E;50
Apocalypse;13;0;0;VGR;60-1208;134
Apocalypse;13;0;0;VGR;60-1209;56
Apocalypse;13;0;0;VGR;60-1211M;230
Apocalypse;13;0;0;VGR;61-0319;34
Apocalypse;13;0;0;VGR;61-0806;184
Apocalypse;13;0;0;VGR;62-0422;331
Apocalypse;13;0;0;VGR;62-1007;34
Apocalypse;13;0;0;VGR;63-0318;363
Apocalypse;13;0;0;VGR;63-0322;97
Apocalypse;13;0;0;VGR;63-0323;275
Apocalypse;13;0;0;VGR;63-0630M;107
Apocalypse;13;0;0;VGR;63-0630M;108
Apocalypse;13;0;0;VGR;63-1229E;46
Apocalypse;13;0;0;VGR;64-0830M;261
Apocalypse;13;1;1;VGR;63-0321;160
Apocalypse;13;1;1;VGR;63-0321;167
Apocalypse;13;1;8;SKN;63-0321;160
Apocalypse;13;1;8;SKN;63-0321;167
Apocalypse;13;4;4;SKN;65-0801M;82
Apocalypse;13;4;4;VGR;65-0801M;82
Apocalypse;13;6;6;SKN;60-1208;138
Apocalypse;13;6;6;SKN;65-0801M;124
Apocalypse;13;6;6;VGR;60-1208;131
Apocalypse;13;6;6;VGR;65-0801M;124
Apocalypse;13;8;8;SKN;58-0928M;48
Apocalypse;13;8;8;SKN;58-0928M;52
Apocalypse;13;8;8;SKN;59-0628E;165
Apocalypse;13;8;8;SKN;59-0628E;166
Apocalypse;13;8;8;SKN;60-0515E;104
Apocalypse;13;8;8;SKN;60-1208;141
Apocalypse;13;8;8;SKN;63-1124M;90
Apocalypse;13;8;8;VGR;59-0628E;165
Apocalypse;13;8;8;VGR;59-0628E;166
Apocalypse;13;8;8;VGR;60-0515E;104
Apocalypse;13;8;8;VGR;63-1124M;90
Apocalypse;13;11;11;SKN;62-0401;223
Apocalypse;13;14;14;SKN;60-1208;139
Apocalypse;13;14;14;SKN;61-0806;180
Apocalypse;13;14;14;SKN;61-0806;182
Apocalypse;13;14;14;SKN;63-0321;271
Apocalypse;13;14;14;VGR;60-1208;132
Apocalypse;13;14;14;VGR;61-0806;180
Apocalypse;13;14;14;VGR;61-0806;182
Apocalypse;13;14;14;VGR;63-0321;271
Apocalypse;13;15;15;SKN;60-1211M;240
Apocalypse;13;15;15;VGR;60-1211M;230
Apocalypse;13;16;16;SKN;62-0318E;1
Apocalypse;13;16;16;VGR;62-0318M;434
Apocalypse;13;17;17;SKN;58-0928E;72
Apocalypse;13;17;17;VGR;58-0928E;72
Apocalypse;14;0;0;SKN;63-0324E;222
Apocalypse;14;0;0;SKN;65-0829;15
Apocalypse;14;0;0;VGR;63-0324E;222
Apocalypse;14;6;6;SKN;61-0217;41
Apocalypse;15;0;0;SKN;61-0108;199
Apocalypse;15;0;0;SKN;61-0108;202
Apocalypse;15;0;0;VGR;61-0108;192
Apocalypse;15;0;0;VGR;61-0108;195
Apocalypse;15;3;3;SKN;60-1204M;197
Apocalypse;15;3;3;VGR;60-1204M;191
Apocalypse;15;16;16;SKN;55-0109E;142
Apocalypse;16;0;0;SKN;62-1104M;173
Apocalypse;16;0;0;SKN;63-0324M;367
Apocalypse;16;0;0;VGR;63-0324M;367
Apocalypse;16;9;9;SKN;65-0725E;97
Apocalypse;16;13;13;SKN;65-0725M;236
Apocalypse;16;13;13;SKN;65-0725M;238
Apocalypse;16;13;13;VGR;65-0725M;236
Apocalypse;16;13;13;VGR;65-0725M;238
Apocalypse;16;17;17;VGR;62-1104M;204
Apocalypse;17;0;0;SKN;53-0326;40
Apocalypse;17;0;0;SKN;53-0329;81
Apocalypse;17;0;0;SKN;54-0220;56
Apocalypse;17;0;0;SKN;54-0513;124
Apocalypse;17;0;0;SKN;56-0311A;27
Apocalypse;17;0;0;SKN;57-0120E;65
Apocalypse;17;0;0;SKN;57-0821;82
Apocalypse;17;0;0;SKN;58-0128;69
Apocalypse;17;0;0;SKN;58-0927;31
Apocalypse;17;0;0;SKN;58-0928E;12
Apocalypse;17;0;0;SKN;58-0928M;30
Apocalypse;17;0;0;SKN;58-0928M;48
Apocalypse;17;0;0;SKN;60-0911E;41
Apocalypse;17;0;0;SKN;60-1204M;213
Apocalypse;17;0;0;SKN;60-1207;116
Apocalypse;17;0;0;SKN;60-1207;139
Apocalypse;17;0;0;SKN;60-1207;167
Apocalypse;17;0;0;SKN;60-1208;87
Apocalypse;17;0;0;SKN;60-1208;107
Apocalypse;17;0;0;SKN;60-1209;151
Apocalypse;17;0;0;SKN;61-0117;74
Apocalypse;17;0;0;SKN;61-0208;27
Apocalypse;17;0;0;SKN;61-0211;45
Apocalypse;17;0;0;SKN;61-0217;60
Apocalypse;17;0;0;SKN;61-1217;154
Apocalypse;17;0;0;SKN;62-0318E;1
Apocalypse;17;0;0;SKN;62-0407;97
Apocalypse;17;0;0;SKN;62-0422;183
Apocalypse;17;0;0;SKN;62-0603;30
Apocalypse;17;0;0;SKN;62-0707;155
Apocalypse;17;0;0;SKN;62-0729;44
Apocalypse;17;0;0;SKN;62-1104M;178
Apocalypse;17;0;0;SKN;62-1111E;171
Apocalypse;17;0;0;SKN;62-1111E;181
Apocalypse;17;0;0;SKN;62-1122;34
Apocalypse;17;0;0;SKN;62-1216;59
Apocalypse;17;0;0;SKN;62-1230E;164
Apocalypse;17;0;0;SKN;63-0119;194
Apocalypse;17;0;0;SKN;63-0120E;78
Apocalypse;17;0;0;SKN;63-0318;99
Apocalypse;17;0;0;SKN;63-0320;139
Apocalypse;17;0;0;SKN;63-0320;140
Apocalypse;17;0;0;SKN;63-0412M;200
Apocalypse;17;0;0;SKN;63-0628M;92
Apocalypse;17;0;0;SKN;63-0630M;100
Apocalypse;17;0;0;SKN;63-0707M;55
Apocalypse;17;0;0;SKN;63-0721;112
Apocalypse;17;0;0;SKN;63-0728;560
Apocalypse;17;0;0;SKN;63-0804A;67
Apocalypse;17;0;0;SKN;63-1110M;187
Apocalypse;17;0;0;SKN;63-1117;119
Apocalypse;17;0;0;SKN;63-1124M;95
Apocalypse;17;0;0;SKN;63-1124M;97
Apocalypse;17;0;0;SKN;63-1130E;163
Apocalypse;17;0;0;SKN;63-1201E;49
Apocalypse;17;0;0;SKN;63-1214;139
Apocalypse;17;0;0;SKN;64-0112;73
Apocalypse;17;0;0;SKN;64-0125;115
Apocalypse;17;0;0;SKN;64-0126;62
Apocalypse;17;0;0;SKN;64-0308;164
Apocalypse;17;0;0;SKN;64-0401;110
Apocalypse;17;0;0;SKN;64-0705;130
Apocalypse;17;0;0;SKN;64-0705;132
Apocalypse;17;0;0;SKN;64-1212;329
Apocalypse;17;0;0;SKN;65-0427;54
Apocalypse;17;0;0;SKN;65-0429B;35
Apocalypse;17;0;0;SKN;65-0429B;113
Apocalypse;17;0;0;SKN;65-0429E;20
Apocalypse;17;0;0;SKN;65-1125;114
Apocalypse;17;0;0;VGR;54-0513;124
Apocalypse;17;0;0;VGR;57-0120E;183
Apocalypse;17;0;0;VGR;57-0821;82
Apocalypse;17;0;0;VGR;58-0928E;12
Apocalypse;17;0;0;VGR;60-0911E;41
Apocalypse;17;0;0;VGR;60-1204M;207
Apocalypse;17;0;0;VGR;60-1207;112
Apocalypse;17;0;0;VGR;60-1207;135
Apocalypse;17;0;0;VGR;60-1208;87
Apocalypse;17;0;0;VGR;60-1208;100
Apocalypse;17;0;0;VGR;60-1209;146
Apocalypse;17;0;0;VGR;61-1217;154
Apocalypse;17;0;0;VGR;62-0318M;403
Apocalypse;17;0;0;VGR;62-0422;280
Apocalypse;17;0;0;VGR;62-1104M;213
Apocalypse;17;0;0;VGR;62-1104M;220
Apocalypse;17;0;0;VGR;62-1111E;183
Apocalypse;17;0;0;VGR;62-1230E;316
Apocalypse;17;0;0;VGR;63-0318;99
Apocalypse;17;0;0;VGR;63-0320;139
Apocalypse;17;0;0;VGR;63-0320;140
Apocalypse;17;0;0;VGR;63-0628M;92
Apocalypse;17;0;0;VGR;63-0630M;220
Apocalypse;17;0;0;VGR;63-0707;55
Apocalypse;17;0;0;VGR;63-0707M;55
Apocalypse;17;0;0;VGR;63-0728;177
Apocalypse;17;0;0;VGR;63-0728;560
Apocalypse;17;0;0;VGR;63-0804A;67
Apocalypse;17;0;0;VGR;63-1110M;187
Apocalypse;17;0;0;VGR;63-1124M;95
Apocalypse;17;0;0;VGR;63-1124M;97
Apocalypse;17;0;0;VGR;63-1214;139
Apocalypse;17;0;0;VGR;64-0112;73
Apocalypse;17;0;0;VGR;64-0125;115
Apocalypse;17;0;0;VGR;64-0126;62
Apocalypse;17;0;0;VGR;64-0308;164
Apocalypse;17;0;0;VGR;64-0705;130
Apocalypse;17;0;0;VGR;64-0705;132
Apocalypse;17;0;0;VGR;65-0427;108
Apocalypse;17;0;0;VGR;65-0429B;41
Apocalypse;17;0;0;VGR;65-0429B;127
Apocalypse;17;0;0;VGR;65-1125;153
Apocalypse;17;1;1;VGR;62-1104M;209
Apocalypse;17;3;3;SKN;62-1104M;173
Apocalypse;17;3;3;SKN;62-1104M;175
Apocalypse;17;3;3;VGR;62-1104M;204
Apocalypse;17;3;3;VGR;62-1104M;214
Apocalypse;17;8;8;SKN;58-0928M;57
Apocalypse;17;8;8;SKN;60-0515E;102
Apocalypse;17;8;8;SKN;60-0515E;103
Apocalypse;17;8;8;SKN;60-0518;38
Apocalypse;17;8;8;SKN;64-0719M;156
Apocalypse;17;8;8;VGR;60-0515E;102
Apocalypse;17;8;8;VGR;60-0515E;103
Apocalypse;17;8;8;VGR;60-0518;38
Apocalypse;17;8;8;VGR;64-0719M;213
Apocalypse;17;15;15;SKN;54-0512;165
Apocalypse;17;15;15;SKN;60-1124;31
Apocalypse;17;15;15;SKN;60-1204E;158
Apocalypse;17;15;15;SKN;62-1104M;174
Apocalypse;17;15;15;VGR;54-0512;211
Apocalypse;17;15;15;VGR;60-1204E;191
Apocalypse;17;15;15;VGR;62-1104M;210
Apocalypse;17;17;17;SKN;54-0718A;35
Apocalypse;17;17;17;SKN;58-0202;87
Apocalypse;17;17;17;SKN;61-0319;31
Apocalypse;17;17;17;VGR;58-0202;112
Apocalypse;17;17;17;VGR;61-0319;34
Apocalypse;18;0;0;SKN;62-1111E;181
Apocalypse;18;0;0;SKN;62-1111E;189
Apocalypse;18;0;0;SKN;65-0801M;45
Apocalypse;18;0;0;VGR;62-1111E;194
Apocalypse;18;0;0;VGR;62-1111E;202
Apocalypse;18;0;0;VGR;65-0801M;45
Apocalypse;18;1;1;SKN;65-0801M;45
Apocalypse;18;1;1;VGR;65-0801M;45
Apocalypse;18;8;8;SKN;63-0324M;367
Apocalypse;18;8;8;VGR;63-0324M;367
Apocalypse;19;0;0;SKN;60-1204E;158
Apocalypse;19;0;0;SKN;60-1231;61
Apocalypse;19;0;0;SKN;60-1231;92
Apocalypse;19;0;0;SKN;63-0321;312
Apocalypse;19;0;0;SKN;63-0321;356
Apocalypse;19;0;0;SKN;63-0321;377
Apocalypse;19;0;0;SKN;63-0322;430
Apocalypse;19;0;0;SKN;63-0323;304
Apocalypse;19;0;0;SKN;64-0614M;342
Apocalypse;19;0;0;SKN;64-0719M;151
Apocalypse;19;0;0;VGR;60-1204E;215
Apocalypse;19;0;0;VGR;60-1231;59
Apocalypse;19;0;0;VGR;60-1231;88
Apocalypse;19;0;0;VGR;63-0321;312
Apocalypse;19;0;0;VGR;63-0321;356
Apocalypse;19;0;0;VGR;63-0321;377
Apocalypse;19;0;0;VGR;63-0322;430
Apocalypse;19;0;0;VGR;63-0323;304
Apocalypse;19;0;0;VGR;64-0614M;342
Apocalypse;19;0;0;VGR;64-0719M;206
Apocalypse;19;2;2;SKN;58-0927;110
Apocalypse;19;2;2;VGR;58-0927;110
Apocalypse;19;11;11;SKN;63-0318;273
Apocalypse;19;11;11;SKN;63-0319;321
Apocalypse;19;11;11;VGR;63-0318;273
Apocalypse;19;11;11;VGR;63-0319;321
Apocalypse;19;15;15;SKN;60-1204E;158
Apocalypse;19;15;15;VGR;60-1204E;183
Apocalypse;19;21;21;SKN;61-0730E;135
Apocalypse;19;21;21;SKN;61-0730M;71
Apocalypse;19;21;21;SKN;61-0806;193
Apocalypse;19;21;21;VGR;61-0730E;135
Apocalypse;19;21;21;VGR;61-0730M;71
Apocalypse;19;21;21;VGR;61-0806;193
Apocalypse;20;0;0;SKN;60-1225;105
Apocalypse;20;0;0;SKN;61-0730E;98
Apocalypse;20;0;0;SKN;64-0830M;207
Apocalypse;20;0;0;VGR;60-1225;130
Apocalypse;20;0;0;VGR;61-0730E;98
Apocalypse;20;0;0;VGR;64-0830M;261
Apocalypse;20;4;4;SKN;61-0101;288
Apocalypse;20;4;4;SKN;64-0823M;224
Apocalypse;20;4;4;VGR;61-0101;282
Apocalypse;20;4;4;VGR;64-0823M;224
Apocalypse;20;7;7;SKN;64-0830M;207
Apocalypse;20;7;7;VGR;64-0830M;260
Apocalypse;20;27;27;SKN;64-0830M;207
Apocalypse;20;27;27;VGR;64-0830M;235
Apocalypse;21;0;0;SKN;57-0306;32
Apocalypse;21;0;0;SKN;57-1002;548
Apocalypse;21;0;0;SKN;59-0329M;57
Apocalypse;21;0;0;SKN;60-0228;5
Apocalypse;21;0;0;SKN;60-1210;139
Apocalypse;21;0;0;SKN;60-1218;234
Apocalypse;21;0;0;SKN;60-1231;108
Apocalypse;21;0;0;SKN;61-1015M;201
Apocalypse;21;0;0;SKN;62-0318M;28
Apocalypse;21;0;0;SKN;62-0407;24
Apocalypse;21;0;0;SKN;62-0719E;23
Apocalypse;21;0;0;SKN;63-0317M;78
Apocalypse;21;0;0;SKN;64-0802;52
Apocalypse;21;0;0;SKN;64-0802;172
Apocalypse;21;0;0;SKN;64-0802;305
Apocalypse;21;0;0;SKN;64-0802;354
Apocalypse;21;0;0;SKN;65-0124;61
Apocalypse;21;0;0;SKN;65-0829;102
Apocalypse;21;0;0;VGR;57-1002;548
Apocalypse;21;0;0;VGR;59-0329M;67
Apocalypse;21;0;0;VGR;60-1210;260
Apocalypse;21;0;0;VGR;60-1218;234
Apocalypse;21;0;0;VGR;60-1231;104
Apocalypse;21;0;0;VGR;61-1015M;201
Apocalypse;21;0;0;VGR;62-0318M;73
Apocalypse;21;0;0;VGR;63-0317M;78
Apocalypse;21;0;0;VGR;64-0802;52
Apocalypse;21;0;0;VGR;64-0802;172
Apocalypse;21;0;0;VGR;64-0802;305
Apocalypse;21;0;0;VGR;64-0802;402
Apocalypse;21;0;0;VGR;65-0124;86
Apocalypse;21;0;0;VGR;65-0829;167
Apocalypse;21;2;2;SKN;64-0802;186
Apocalypse;21;2;2;VGR;64-0802;186
Apocalypse;21;3;3;SKN;64-0802;354
Apocalypse;21;3;3;VGR;64-0802;440
Apocalypse;21;10;10;SKN;61-0101;147
Apocalypse;21;10;10;VGR;61-0101;141
Apocalypse;21;16;16;SKN;65-0221E;96
Apocalypse;21;16;16;VGR;65-0221E;96
Apocalypse;21;18;18;SKN;64-0802;354
Apocalypse;21;18;18;VGR;64-0802;425
Apocalypse;21;19;19;SKN;57-1002;354
Apocalypse;21;19;19;SKN;57-1006;668
Apocalypse;21;19;19;VGR;57-1002;354
Apocalypse;21;19;19;VGR;57-1006;668
Apocalypse;21;23;23;SKN;60-1204E;158
Apocalypse;21;23;23;SKN;64-0802;354
Apocalypse;21;23;23;VGR;60-1204E;234
Apocalypse;21;23;23;VGR;64-0802;401
Apocalypse;22;0;0;SKN;59-1223;44
Apocalypse;22;0;0;SKN;60-1204M;113
Apocalypse;22;0;0;SKN;61-0108;200
Apocalypse;22;0;0;SKN;62-0211;63
Apocalypse;22;0;0;SKN;63-0322;203
Apocalypse;22;0;0;SKN;63-0323;196
Apocalypse;22;0;0;SKN;64-0614M;62
Apocalypse;22;0;0;SKN;64-0617;30
Apocalypse;22;0;0;SKN;64-0816;160
Apocalypse;22;0;0;SKN;64-1205;68
Apocalypse;22;0;0;SKN;65-0217;123
Apocalypse;22;0;0;SKN;65-0427;100
Apocalypse;22;0;0;SKN;65-1205;45
Apocalypse;22;0;0;SKN;65-1205;83
Apocalypse;22;0;0;SKN;65-1207;38
Apocalypse;22;0;0;VGR;59-1223;44
Apocalypse;22;0;0;VGR;60-1204M;109
Apocalypse;22;0;0;VGR;61-0108;193
Apocalypse;22;0;0;VGR;63-0322;203
Apocalypse;22;0;0;VGR;64-0614M;62
Apocalypse;22;0;0;VGR;64-0617;30
Apocalypse;22;0;0;VGR;64-0816;160
Apocalypse;22;0;0;VGR;65-0217;123
Apocalypse;22;0;0;VGR;65-0427;212
Apocalypse;22;0;0;VGR;65-1205;45
Apocalypse;22;0;0;VGR;65-1205;83
Apocalypse;22;0;0;VGR;65-1207;229
Apocalypse;22;8;8;SKN;63-0322;454
Apocalypse;22;8;8;SKN;64-0830E;59
Apocalypse;22;8;8;VGR;63-0322;454
Apocalypse;22;8;8;VGR;64-0830E;59
Apocalypse;22;16;16;SKN;60-1211M;357
Apocalypse;22;16;16;VGR;60-1211M;353
Apocalypse;22;18;18;SKN;64-1212;108
Apocalypse;22;18;18;SKN;64-1212;237
Apocalypse;22;18;18;SKN;65-0117;72
Apocalypse;22;18;18;SKN;65-0118;39
Apocalypse;22;18;18;SKN;65-0119;65
Apocalypse;22;18;18;SKN;65-0123;54
Apocalypse;22;18;18;SKN;65-0123;57
Apocalypse;22;18;18;SKN;65-0206;73
Apocalypse;22;18;18;SKN;65-0822M;136
Apocalypse;22;18;18;VGR;65-0118;39
Apocalypse;22;18;18;VGR;65-0119;65
Apocalypse;22;18;18;VGR;65-0123;55
Apocalypse;22;18;18;VGR;65-0123;58
Apocalypse;22;18;18;VGR;65-0206;100
Apocalypse;22;18;18;VGR;65-0822M;136
Apocalypse;22;19;19;SKN;62-1230M;228
Apocalypse;22;19;19;SKN;63-0127;60
Apocalypse;22;19;19;SKN;63-0322;204
Apocalypse;22;19;19;SKN;63-1201M;95
Apocalypse;22;19;19;SKN;63-1201M;106
Apocalypse;22;19;19;SKN;65-0919;197
Apocalypse;22;19;19;VGR;62-1230M;332
Apocalypse;22;19;19;VGR;63-1201M;95
Apocalypse;22;19;19;VGR;63-1201M;106
Apocalypse;22;19;19;VGR;65-0919;197
Apocalypse;99;1;1;VGR;60-1211M;240
Colossiens;1;0;0;SKN;60-0911E;78
Colossiens;1;0;0;VGR;60-0911E;78
Colossiens;1;15;15;SKN;63-0804E;135
Colossiens;1;15;15;SKN;65-0815;56
Colossiens;1;15;15;VGR;65-0815;112
Colossiens;1;17;17;SKN;60-0911E;78
Colossiens;1;17;17;VGR;60-0911E;78
Colossiens;3;0;0;SKN;61-0423;22
Colossiens;3;0;0;SKN;61-0425B;300
Colossiens;3;0;0;VGR;61-0425B;301
Colossiens;3;26;26;SKN;60-0911E;155
Colossiens;3;26;26;VGR;60-0911E;155
Colossiens;4;3;3;SKN;62-1230E;117
Colossiens;4;3;3;VGR;62-1230E;248
Daniel;2;0;0;SKN;59-0411E;13
Daniel;2;43;43;SKN;63-1216;131
Daniel;3;0;0;VGR;61-0730M;10
Daniel;5;0;0;VGR;61-0730M;20
Daniel;5;12;12;SKN;65-1125;138
Daniel;5;12;12;VGR;65-1125;182
Daniel;5;25;25;SKN;58-0520;26
Daniel;5;25;25;SKN;58-0618;7
Daniel;7;0;0;SKN;54-0513;126
Daniel;7;0;0;SKN;60-1204E;158
Daniel;7;0;0;SKN;60-1211M;194
Daniel;7;0;0;SKN;61-0101;289
Daniel;7;0;0;SKN;61-0101;291
Daniel;7;0;0;SKN;61-0806;142
Daniel;7;0;0;VGR;54-0513;126
Daniel;7;0;0;VGR;60-1204E;165
Daniel;7;0;0;VGR;60-1211M;188
Daniel;7;0;0;VGR;61-0101;283
Daniel;7;0;0;VGR;61-0101;285
Daniel;7;0;0;VGR;61-0730M;27
Daniel;7;0;0;VGR;61-0806;142
Daniel;7;9;9;SKN;60-1204E;158
Daniel;7;9;9;VGR;60-1204E;165
Daniel;7;9;9;VGR;60-1204E;167
Daniel;7;9;9;VGR;60-1204E;169
Daniel;7;9;9;VGR;60-1204E;188
Daniel;8;23;23;SKN;63-0318;354
Daniel;8;23;23;VGR;63-0318;354
Daniel;9;0;0;SKN;61-0730E;4
Daniel;9;0;0;SKN;61-0730E;39
Daniel;9;0;0;SKN;61-0806;61
Daniel;9;0;0;SKN;62-0908;99
Daniel;9;0;0;SKN;63-0318;334
Daniel;9;0;0;VGR;61-0730E;4
Daniel;9;0;0;VGR;61-0730E;39
Daniel;9;0;0;VGR;61-0730M;35
Daniel;9;0;0;VGR;61-0806;61
Daniel;9;0;0;VGR;62-0908;99
Daniel;9;0;0;VGR;63-0318;334
Daniel;9;27;27;SKN;63-0324M;224
Daniel;9;27;27;VGR;63-0324M;224
Daniel;11;0;0;VGR;61-0730M;47
Daniel;12;0;0;SKN;55-0109E;5
Daniel;12;0;0;SKN;61-0210;78
Daniel;12;0;0;SKN;61-0730E;105
Daniel;12;0;0;SKN;61-0806;67
Daniel;12;0;0;SKN;62-0311;119
Daniel;12;0;0;SKN;62-0908;99
Daniel;12;0;0;SKN;63-0323;277
Daniel;12;0;0;SKN;63-0323;282
Daniel;12;0;0;VGR;55-0109E;5
Daniel;12;0;0;VGR;61-0730E;105
Daniel;12;0;0;VGR;61-0806;67
Daniel;12;0;0;VGR;62-0311;140
Daniel;12;0;0;VGR;62-0908;99
Daniel;12;0;0;VGR;63-0323;277
Daniel;12;0;0;VGR;63-0323;282
Daniel;12;1;14;SKN;62-0311;20
Daniel;12;1;14;VGR;62-0311;19
Daniel;12;3;3;SKN;57-1222;10
Daniel;12;3;3;SKN;60-1210;139
Daniel;12;3;3;VGR;60-1210;240
Daniel;12;4;4;SKN;65-0219;133
Daniel;12;4;4;VGR;65-0219;133
Daniel;13;0;0;VGR;61-0730M;58
Daniel;15;0;0;VGR;61-0730M;67
Daniel;17;0;0;VGR;61-0730M;77
Daniel;19;0;0;VGR;61-0730M;83
Daniel;21;0;0;VGR;61-0730M;88
Daniel;23;0;0;VGR;61-0730M;99
Daniel;25;0;0;VGR;61-0730M;109
Daniel;27;0;0;VGR;61-0730M;117
Daniel;29;0;0;VGR;61-0730M;127
Daniel;31;0;0;VGR;61-0730M;136
Daniel;33;0;0;VGR;61-0730M;146
Daniel;35;0;0;VGR;61-0730M;157
Daniel;37;0;0;VGR;61-0730M;162
Daniel;39;0;0;VGR;61-0730M;164
Daniel;43;0;0;VGR;61-0730E;11
Daniel;45;0;0;VGR;61-0730E;24
Daniel;47;0;0;VGR;61-0730E;33
Daniel;49;0;0;VGR;61-0730E;42
Daniel;53;0;0;VGR;61-0730E;59
Daniel;55;0;0;VGR;61-0730E;71
Daniel;57;0;0;VGR;61-0730E;78
Daniel;59;0;0;VGR;61-0730E;90
Daniel;61;0;0;VGR;61-0730E;101
Daniel;63;0;0;VGR;61-0730E;108
Daniel;65;0;0;VGR;61-0730E;113
Daniel;67;0;0;VGR;61-0730E;119
Daniel;69;0;0;VGR;61-0730E;128
Daniel;71;0;0;VGR;61-0730E;131
Daniel;73;0;0;VGR;61-0730E;133
Daniel;75;0;0;VGR;61-0730E;139
Daniel;77;0;0;VGR;61-0730E;145
Daniel;79;0;0;VGR;61-0730E;153
Daniel;81;0;0;VGR;61-0730E;157
Daniel;85;0;0;VGR;61-0806;12
Daniel;87;0;0;VGR;61-0806;23
Daniel;89;0;0;VGR;61-0806;32
Daniel;91;0;0;VGR;61-0806;41
Daniel;93;0;0;VGR;61-0806;52
Daniel;95;0;0;VGR;61-0806;61
Daniel;97;0;0;VGR;61-0806;70
Daniel;99;0;0;VGR;61-0806;79
Daniel;101;0;0;VGR;61-0806;89
Daniel;103;0;0;VGR;61-0806;100
Daniel;105;0;0;VGR;61-0806;109
Daniel;107;0;0;VGR;61-0806;116
Daniel;109;0;0;VGR;61-0806;126
Daniel;111;0;0;VGR;61-0806;136
Daniel;113;0;0;VGR;61-0806;144
Daniel;115;0;0;VGR;61-0806;151
Daniel;117;0;0;VGR;61-0806;163
Daniel;119;0;0;VGR;61-0806;171
Daniel;121;0;0;VGR;61-0806;180
Daniel;123;0;0;VGR;61-0806;189
Daniel;125;0;0;VGR;61-0806;196
Daniel;127;0;0;VGR;61-0806;203
Daniel;129;0;0;VGR;61-0806;214
Daniel;131;0;0;VGR;61-0806;221
Daniel;133;0;0;VGR;61-0806;227
Deuteronome;1;0;0;SKN;59-1223;175
Deuteronome;1;0;0;VGR;59-1223;175
Deuteronome;4;0;0;SKN;63-0412M;16
Deuteronome;4;0;0;SKN;63-1127;25
Deuteronome;4;0;0;SKN;65-0718M;186
Deuteronome;4;0;0;SKN;65-1127B;322
Deuteronome;4;0;0;VGR;65-0718M;186
Deuteronome;4;0;0;VGR;65-1127B;322
Deuteronome;4;4;4;SKN;65-1127B;322
Deuteronome;4;4;4;VGR;65-1127B;322
Deuteronome;4;10;10;SKN;63-0412M;16
Deuteronome;7;7;7;SKN;61-0827;90
Deuteronome;7;14;14;SKN;50-0716;15
Deuteronome;14;0;0;SKN;60-0309;29
Deuteronome;14;2;2;SKN;59-0301M;95
Deuteronome;14;2;2;VGR;59-0301M;95
Deuteronome;16;0;0;SKN;65-0220;26
Deuteronome;16;0;0;VGR;65-0220;26
Deuteronome;16;0;0;VGR;65-0425;86
Deuteronome;16;1;1;SKN;65-0220;10
Deuteronome;16;1;1;VGR;65-0220;10
Deuteronome;18;0;0;SKN;62-0117;200
Deuteronome;18;0;0;SKN;62-0712;50
Deuteronome;18;0;0;SKN;62-0712;51
Deuteronome;18;0;0;SKN;62-0718;44
Deuteronome;18;0;0;SKN;63-0627;115
Deuteronome;18;0;0;SKN;64-0617;103
Deuteronome;18;0;0;VGR;64-0617;103
Deuteronome;18;5;5;SKN;60-0110;74
Deuteronome;18;15;15;SKN;60-0109;25
Deuteronome;18;15;15;SKN;61-0208;41
Deuteronome;18;15;15;SKN;62-0117;200
Deuteronome;18;15;15;SKN;64-0311;89
Deuteronome;18;15;15;SKN;64-0320;88
Deuteronome;18;15;15;SKN;64-0409;72
Deuteronome;18;15;15;SKN;64-0415;144
Deuteronome;18;15;15;SKN;64-0419;73
Deuteronome;18;15;15;SKN;64-0427;72
Deuteronome;18;15;15;SKN;64-0617;46
Deuteronome;18;15;15;SKN;64-0617;49
Deuteronome;18;15;15;SKN;64-0617;99
Deuteronome;18;15;15;SKN;64-0618;31
Deuteronome;18;15;15;SKN;64-0620E;63
Deuteronome;18;15;15;SKN;64-0629;51
Deuteronome;18;15;15;SKN;65-1206;275
Deuteronome;18;15;15;VGR;64-0311;89
Deuteronome;18;15;15;VGR;64-0320;170
Deuteronome;18;15;15;VGR;64-0409;109
Deuteronome;18;15;15;VGR;64-0415;144
Deuteronome;18;15;15;VGR;64-0419;73
Deuteronome;18;15;15;VGR;64-0427;218
Deuteronome;18;15;15;VGR;64-0617;46
Deuteronome;18;15;15;VGR;64-0617;49
Deuteronome;18;15;15;VGR;64-0617;99
Deuteronome;18;15;15;VGR;64-0618;31
Deuteronome;18;15;15;VGR;64-0620E;76
Deuteronome;18;15;15;VGR;64-0629;51
Deuteronome;18;15;15;VGR;65-1206;275
Deuteronome;18;15;22;SKN;61-0516A;33
Deuteronome;18;22;22;SKN;62-0117;183
Deuteronome;18;22;22;SKN;62-0407;44
Deuteronome;18;22;22;SKN;62-0610M;87
Deuteronome;18;22;22;SKN;62-0610M;90
Deuteronome;18;35;35;SKN;61-0519;35
Deuteronome;22;0;0;SKN;63-1216;81
Deuteronome;22;18;18;SKN;62-0408;63
Deuteronome;22;23;23;SKN;63-1216;66
Deuteronome;23;0;0;SKN;58-0927;74
Deuteronome;23;0;0;VGR;58-0927;74
Deuteronome;30;0;0;SKN;60-1113;85
Deuteronome;30;0;0;VGR;60-1113;109
Deuteronome;32;1;12;SKN;58-0316A;2
Deuteronome;32;1;12;SKN;59-0815;1
Deuteronome;32;11;11;SKN;59-0815;12
Deuteronome;32;11;11;SKN;60-0403;29
Deuteronome;32;11;11;SKN;60-0403;31
Deuteronome;32;11;11;SKN;61-0122;3
Deuteronome;33;0;0;SKN;57-0725;2
Ecclesiaste;12;0;0;SKN;65-1128M;14
Ecclesiaste;12;0;0;VGR;65-1128M;14
Ephesiens;1;0;0;SKN;51-0930E;59
Ephesiens;1;0;0;SKN;53-0325;31
Ephesiens;1;0;0;SKN;53-0729;58
Ephesiens;1;0;0;SKN;53-1109;20
Ephesiens;1;0;0;SKN;58-0928M;151
Ephesiens;1;0;0;SKN;59-0415E;26
Ephesiens;1;0;0;SKN;59-1223;117
Ephesiens;1;0;0;SKN;60-0911E;74
Ephesiens;1;0;0;SKN;62-0610M;77
Ephesiens;1;0;0;SKN;63-0317E;63
Ephesiens;1;0;0;SKN;64-0206B;238
Ephesiens;1;0;0;VGR;53-0729;58
Ephesiens;1;0;0;VGR;59-1223;117
Ephesiens;1;0;0;VGR;63-0317E;63
Ephesiens;1;1;5;SKN;65-1126;129
Ephesiens;1;1;5;VGR;65-1126;129
Ephesiens;1;4;4;VGR;59-0628E;165
Ephesiens;1;4;5;SKN;59-0628E;165
Ephesiens;1;5;5;SKN;56-0611;18
Ephesiens;1;5;5;SKN;57-0317;21
Ephesiens;1;5;5;SKN;58-0301E;20
Ephesiens;1;5;5;SKN;58-0324;13
Ephesiens;1;5;5;SKN;62-0610M;77
Ephesiens;1;5;5;SKN;62-1104M;134
Ephesiens;1;5;5;SKN;62-1122;35
Ephesiens;1;5;5;SKN;65-0911;154
Ephesiens;1;5;5;SKN;65-1031M;291
Ephesiens;1;5;5;VGR;62-1104M;154
Ephesiens;1;5;5;VGR;65-0911;225
Ephesiens;1;5;5;VGR;65-1031M;291
Ephesiens;1;10;10;SKN;64-0802;239
Ephesiens;1;10;10;VGR;64-0802;239
Ephesiens;1;13;13;SKN;54-0515;84
Ephesiens;1;13;13;SKN;61-0217;55
Ephesiens;1;13;13;SKN;63-0317E;65
Ephesiens;1;13;13;VGR;54-0515;84
Ephesiens;1;13;13;VGR;61-0618;73
Ephesiens;1;13;13;VGR;63-0317E;65
Ephesiens;1;13;14;SKN;61-0618;73
Ephesiens;1;13;14;SKN;61-0618;81
Ephesiens;1;13;14;VGR;61-0618;81
Ephesiens;1;20;20;SKN;57-1002;440
Ephesiens;1;20;20;SKN;57-1002;451
Ephesiens;1;20;20;VGR;57-1002;440
Ephesiens;1;20;20;VGR;57-1002;451
Ephesiens;1;21;21;SKN;65-0425;157
Ephesiens;1;21;21;SKN;65-1128M;270
Ephesiens;1;21;21;VGR;65-0425;157
Ephesiens;1;21;21;VGR;65-1128M;270
Ephesiens;1;22;22;SKN;60-0911E;74
Ephesiens;1;25;25;SKN;56-0223;15
Ephesiens;2;0;0;SKN;65-0801M;62
Ephesiens;2;0;0;VGR;65-0801M;62
Ephesiens;2;1;1;SKN;65-0801M;62
Ephesiens;2;1;1;VGR;65-0801M;62
Ephesiens;2;2;2;VGR;65-0801M;136
Ephesiens;2;12;12;SKN;63-0901M;376
Ephesiens;2;12;12;SKN;63-1128E;172
Ephesiens;2;12;12;SKN;64-0308;139
Ephesiens;2;12;12;VGR;63-0901M;376
Ephesiens;2;12;12;VGR;64-0308;139
Ephesiens;2;19;19;SKN;60-1210;139
Ephesiens;2;19;19;VGR;60-1210;246
Ephesiens;3;1;11;SKN;62-1230E;117
Ephesiens;3;1;11;VGR;62-1230E;248
Ephesiens;3;15;15;SKN;60-1210;139
Ephesiens;3;15;15;VGR;60-1210;258
Ephesiens;4;0;0;SKN;57-0908E;380
Ephesiens;4;0;0;SKN;61-1231M;26
Ephesiens;4;0;0;SKN;62-1014M;224
Ephesiens;4;0;0;VGR;57-0908E;380
Ephesiens;4;0;0;VGR;60-0911E;180
Ephesiens;4;0;0;VGR;62-1014M;304
Ephesiens;4;3;3;SKN;60-0221;135
Ephesiens;4;30;30;SKN;51-0506E;18
Ephesiens;4;30;30;SKN;51-0508;49
Ephesiens;4;30;30;SKN;52-0716;37
Ephesiens;4;30;30;SKN;53-0325;31
Ephesiens;4;30;30;SKN;53-0327;29
Ephesiens;4;30;30;SKN;53-0328;40
Ephesiens;4;30;30;SKN;53-0604;5
Ephesiens;4;30;30;SKN;53-0729;138
Ephesiens;4;30;30;SKN;53-0906A;103
Ephesiens;4;30;30;SKN;53-1109;16
Ephesiens;4;30;30;SKN;53-1205;9
Ephesiens;4;30;30;SKN;54-0103M;210
Ephesiens;4;30;30;SKN;54-0303;20
Ephesiens;4;30;30;SKN;54-0305;35
Ephesiens;4;30;30;SKN;54-0514;165
Ephesiens;4;30;30;SKN;54-0514;173
Ephesiens;4;30;30;SKN;54-0514;261
Ephesiens;4;30;30;SKN;54-0515;84
Ephesiens;4;30;30;SKN;54-0620;33
Ephesiens;4;30;30;SKN;54-0719A;13
Ephesiens;4;30;30;SKN;54-0809A;28
Ephesiens;4;30;30;SKN;54-1003E;83
Ephesiens;4;30;30;SKN;54-1024;56
Ephesiens;4;30;30;SKN;54-1204;73
Ephesiens;4;30;30;SKN;55-0224;36
Ephesiens;4;30;30;SKN;55-0227A;55
Ephesiens;4;30;30;SKN;55-0312;22
Ephesiens;4;30;30;SKN;55-0522;99
Ephesiens;4;30;30;SKN;55-0606;31
Ephesiens;4;30;30;SKN;55-1008;38
Ephesiens;4;30;30;SKN;56-0122;93
Ephesiens;4;30;30;SKN;56-0224;21
Ephesiens;4;30;30;SKN;56-0419;49
Ephesiens;4;30;30;SKN;56-0527;50
Ephesiens;4;30;30;SKN;56-0603;44
Ephesiens;4;30;30;SKN;56-0621;45
Ephesiens;4;30;30;SKN;56-0715;44
Ephesiens;4;30;30;SKN;56-0731;20
Ephesiens;4;30;30;SKN;56-0815;29
Ephesiens;4;30;30;SKN;56-1208;35
Ephesiens;4;30;30;SKN;56-1209E;36
Ephesiens;4;30;30;SKN;57-0115;12
Ephesiens;4;30;30;SKN;57-0804E;16
Ephesiens;4;30;30;SKN;57-0908E;380
Ephesiens;4;30;30;SKN;57-0925;50
Ephesiens;4;30;30;SKN;58-0128;130
Ephesiens;4;30;30;SKN;58-1221E;78
Ephesiens;4;30;30;SKN;59-0424A;133
Ephesiens;4;30;30;SKN;59-0612;28
Ephesiens;4;30;30;SKN;59-0628E;123
Ephesiens;4;30;30;SKN;59-0707;43
Ephesiens;4;30;30;SKN;59-1216;45
Ephesiens;4;30;30;SKN;59-1216;46
Ephesiens;4;30;30;SKN;59-1217;63
Ephesiens;4;30;30;SKN;59-1223;171
Ephesiens;4;30;30;SKN;60-0229;54
Ephesiens;4;30;30;SKN;60-0515E;110
Ephesiens;4;30;30;SKN;60-0522E;119
Ephesiens;4;30;30;SKN;60-0607;60
Ephesiens;4;30;30;SKN;60-0709;101
Ephesiens;4;30;30;SKN;60-0802;86
Ephesiens;4;30;30;SKN;60-0911E;137
Ephesiens;4;30;30;SKN;60-1204E;23
Ephesiens;4;30;30;SKN;60-1211M;115
Ephesiens;4;30;30;SKN;60-1211M;250
Ephesiens;4;30;30;SKN;60-1211M;282
Ephesiens;4;30;30;SKN;61-0108;213
Ephesiens;4;30;30;SKN;61-0122;90
Ephesiens;4;30;30;SKN;61-0210;191
Ephesiens;4;30;30;SKN;61-0217;55
Ephesiens;4;30;30;SKN;61-0312;41
Ephesiens;4;30;30;SKN;61-0317;31
Ephesiens;4;30;30;SKN;61-0402;125
Ephesiens;4;30;30;SKN;61-0402;203
Ephesiens;4;30;30;SKN;61-0618;147
Ephesiens;4;30;30;SKN;61-1105;72
Ephesiens;4;30;30;SKN;62-0121M;31
Ephesiens;4;30;30;SKN;62-0122;49
Ephesiens;4;30;30;SKN;62-0124;11
Ephesiens;4;30;30;SKN;62-1014E;2
Ephesiens;4;30;30;SKN;62-1104M;150
Ephesiens;4;30;30;SKN;63-0317E;69
Ephesiens;4;30;30;SKN;63-0324E;148
Ephesiens;4;30;30;SKN;63-0804E;103
Ephesiens;4;30;30;SKN;63-0901M;400
Ephesiens;4;30;30;SKN;63-1124M;103
Ephesiens;4;30;30;SKN;63-1127;201
Ephesiens;4;30;30;SKN;63-1128E;54
Ephesiens;4;30;30;SKN;63-1128E;176
Ephesiens;4;30;30;SKN;64-0208;138
Ephesiens;4;30;30;SKN;64-0308;147
Ephesiens;4;30;30;SKN;64-0322;58
Ephesiens;4;30;30;SKN;64-0322;76
Ephesiens;4;30;30;SKN;64-0403;74
Ephesiens;4;30;30;SKN;65-0418E;4
Ephesiens;4;30;30;SKN;65-0425;96
Ephesiens;4;30;30;SKN;65-0801M;168
Ephesiens;4;30;30;SKN;65-1128M;241
Ephesiens;4;30;30;VGR;53-0729;138
Ephesiens;4;30;30;VGR;54-0103M;210
Ephesiens;4;30;30;VGR;54-0514;165
Ephesiens;4;30;30;VGR;54-0514;173
Ephesiens;4;30;30;VGR;54-0514;261
Ephesiens;4;30;30;VGR;54-0515;84
Ephesiens;4;30;30;VGR;54-1024;56
Ephesiens;4;30;30;VGR;55-0522;84
Ephesiens;4;30;30;VGR;56-0122;242
Ephesiens;4;30;30;VGR;56-0527;108
Ephesiens;4;30;30;VGR;56-0715;115
Ephesiens;4;30;30;VGR;57-0908E;380
Ephesiens;4;30;30;VGR;57-0925;50
Ephesiens;4;30;30;VGR;58-1221E;78
Ephesiens;4;30;30;VGR;59-0628E;123
Ephesiens;4;30;30;VGR;59-1216;45
Ephesiens;4;30;30;VGR;59-1216;46
Ephesiens;4;30;30;VGR;59-1217;63
Ephesiens;4;30;30;VGR;59-1223;171
Ephesiens;4;30;30;VGR;60-0221;135
Ephesiens;4;30;30;VGR;60-0515E;110
Ephesiens;4;30;30;VGR;60-0522E;119
Ephesiens;4;30;30;VGR;60-0911E;137
Ephesiens;4;30;30;VGR;60-1204E;23
Ephesiens;4;30;30;VGR;60-1211M;109
Ephesiens;4;30;30;VGR;60-1211M;240
Ephesiens;4;30;30;VGR;60-1211M;271
Ephesiens;4;30;30;VGR;61-0108;207
Ephesiens;4;30;30;VGR;61-0618;147
Ephesiens;4;30;30;VGR;62-0121M;73
Ephesiens;4;30;30;VGR;62-0122;114
Ephesiens;4;30;30;VGR;62-1014E;2
Ephesiens;4;30;30;VGR;62-1104M;169
Ephesiens;4;30;30;VGR;63-0317E;69
Ephesiens;4;30;30;VGR;63-0324E;148
Ephesiens;4;30;30;VGR;63-0901M;400
Ephesiens;4;30;30;VGR;63-1124M;103
Ephesiens;4;30;30;VGR;64-0208;138
Ephesiens;4;30;30;VGR;64-0308;147
Ephesiens;4;30;30;VGR;64-0322;58
Ephesiens;4;30;30;VGR;64-0322;76
Ephesiens;4;30;30;VGR;64-0403;119
Ephesiens;4;30;30;VGR;65-0418E;4
Ephesiens;4;30;30;VGR;65-0425;96
Ephesiens;4;30;30;VGR;65-0801M;168
Ephesiens;4;30;30;VGR;65-1128M;241
Ephesiens;4;40;40;SKN;59-0415A;66
Ephesiens;5;0;0;SKN;61-0108;162
Ephesiens;5;0;0;SKN;62-0422;113
Ephesiens;5;0;0;VGR;61-0108;160
Ephesiens;5;1;1;SKN;58-0928M;164
Ephesiens;5;1;1;SKN;65-0725M;160
Ephesiens;5;1;1;SKN;65-0725M;166
Ephesiens;5;1;1;VGR;62-0422;167
Ephesiens;5;1;1;VGR;65-0725M;160
Ephesiens;5;1;1;VGR;65-0725M;166
Ephesiens;5;22;22;SKN;62-0318E;1
Ephesiens;5;22;22;VGR;62-0318M;403
Ephesiens;5;23;23;SKN;62-0318E;1
Ephesiens;5;23;23;VGR;62-0318M;403
Ephesiens;5;25;25;SKN;60-0911E;158
Ephesiens;5;25;25;VGR;60-0911E;158
Ephesiens;5;26;26;SKN;55-0221;35
Ephesiens;5;26;26;SKN;65-0822E;19
Ephesiens;5;26;26;SKN;65-0822E;103
Ephesiens;5;26;26;SKN;65-0911;111
Ephesiens;5;26;26;SKN;65-1031M;236
Ephesiens;5;26;26;VGR;65-0822E;19
Ephesiens;5;26;26;VGR;65-0822E;103
Ephesiens;5;26;26;VGR;65-0911;164
Ephesiens;5;26;26;VGR;65-1031M;236
Ephesiens;5;28;32;SKN;62-1230E;117
Ephesiens;5;28;32;VGR;62-1230E;249
Ephesiens;6;0;0;SKN;60-0709;46
Ephesiens;6;10;10;SKN;62-0311;197
Ephesiens;6;10;10;VGR;62-0311;298
Ephesiens;6;10;17;SKN;62-0311;20
Ephesiens;6;10;17;VGR;62-0311;19
Ephesiens;6;12;12;SKN;53-0327;114
Ephesiens;6;19;19;SKN;62-1230E;117
Ephesiens;6;19;19;VGR;62-1230E;248
Esaie;1;0;0;SKN;59-1220M;13
Esaie;1;0;0;SKN;59-1220M;17
Esaie;1;0;0;SKN;62-1124E;32
Esaie;1;0;0;SKN;62-1124E;33
Esaie;1;0;0;SKN;63-1028;43
Esaie;1;0;0;VGR;63-1028;101
Esaie;1;8;8;SKN;60-0806;38
Esaie;1;18;18;SKN;61-0410;8
Esaie;3;18;18;SKN;63-0112;54
Esaie;4;0;0;SKN;54-0103M;1
Esaie;4;0;0;VGR;54-0103M;1
Esaie;4;1;1;SKN;54-0103E;92
Esaie;4;1;1;VGR;54-0103E;92
Esaie;4;5;5;SKN;64-0802;354
Esaie;4;5;5;VGR;64-0802;385
Esaie;4;24;24;SKN;54-0103M;1
Esaie;4;24;24;VGR;54-0103M;1
Esaie;5;0;0;SKN;56-0715;46
Esaie;5;0;0;SKN;63-0112;54
Esaie;5;0;0;SKN;63-0119;113
Esaie;5;0;0;SKN;63-0623E;116
Esaie;5;0;0;VGR;56-0715;122
Esaie;5;0;0;VGR;63-0623E;116
Esaie;5;24;24;SKN;54-0103M;1
Esaie;5;24;24;VGR;54-0103M;1
Esaie;6;0;0;SKN;56-0715;46
Esaie;6;0;0;SKN;61-0108;280
Esaie;6;0;0;SKN;63-0112;12
Esaie;6;0;0;SKN;64-0119;123
Esaie;6;0;0;VGR;56-0715;122
Esaie;6;0;0;VGR;61-0108;274
Esaie;6;5;5;SKN;62-0909E;31
Esaie;6;5;5;VGR;62-0909E;29
Esaie;6;9;9;SKN;61-0205M;48
Esaie;7;14;14;SKN;65-1206;282
Esaie;7;14;14;VGR;65-1206;282
Esaie;9;0;0;SKN;53-0507;32
Esaie;9;0;0;SKN;61-0118;29
Esaie;9;0;0;SKN;63-1216;108
Esaie;9;5;5;SKN;59-1126;20
Esaie;9;5;5;SKN;61-0121;14
Esaie;9;5;5;SKN;61-0207;52
Esaie;9;6;6;SKN;53-1121;14
Esaie;9;6;6;SKN;57-0115;44
Esaie;9;6;6;SKN;57-0301;29
Esaie;9;6;6;SKN;57-1002;497
Esaie;9;6;6;SKN;59-0409;8
Esaie;9;6;6;SKN;59-0417;48
Esaie;9;6;6;SKN;59-1126;20
Esaie;9;6;6;SKN;59-1220M;39
Esaie;9;6;6;SKN;60-0311;12
Esaie;9;6;6;SKN;60-0331;18
Esaie;9;6;6;SKN;60-0522E;192
Esaie;9;6;6;SKN;60-0716;119
Esaie;9;6;6;SKN;60-0724;36
Esaie;9;6;6;SKN;60-1204M;286
Esaie;9;6;6;SKN;61-0108;340
Esaie;9;6;6;SKN;61-0117;14
Esaie;9;6;6;SKN;61-0117;16
Esaie;9;6;6;SKN;61-0121;14
Esaie;9;6;6;SKN;61-0121;22
Esaie;9;6;6;SKN;61-0207;57
Esaie;9;6;6;SKN;61-0308;82
Esaie;9;6;6;SKN;61-0425B;137
Esaie;9;6;6;SKN;61-1105;100
Esaie;9;6;6;SKN;62-0120;50
Esaie;9;6;6;SKN;62-0318E;1
Esaie;9;6;6;SKN;62-0601;223
Esaie;9;6;6;SKN;62-0712;48
Esaie;9;6;6;SKN;62-0715;55
Esaie;9;6;6;SKN;62-1124B;59
Esaie;9;6;6;SKN;63-0324E;99
Esaie;9;6;6;SKN;63-1124M;84
Esaie;9;6;6;SKN;63-1127;103
Esaie;9;6;6;SKN;63-1127;150
Esaie;9;6;6;SKN;63-1128E;26
Esaie;9;6;6;SKN;63-1201M;64
Esaie;9;6;6;SKN;64-0802;354
Esaie;9;6;6;SKN;64-0816;142
Esaie;9;6;6;SKN;65-0429B;97
Esaie;9;6;6;SKN;65-0801E;44
Esaie;9;6;6;SKN;65-0801E;105
Esaie;9;6;6;SKN;65-0911;148
Esaie;9;6;6;SKN;65-0911;150
Esaie;9;6;6;SKN;65-1031M;284
Esaie;9;6;6;SKN;65-1031M;285
Esaie;9;6;6;SKN;65-1206;258
Esaie;9;6;6;SKN;65-1206;282
Esaie;9;6;6;VGR;57-1002;497
Esaie;9;6;6;VGR;60-0522E;192
Esaie;9;6;6;VGR;60-1204M;274
Esaie;9;6;6;VGR;61-0108;333
Esaie;9;6;6;VGR;61-0425B;137
Esaie;9;6;6;VGR;62-0318M;403
Esaie;9;6;6;VGR;62-0318M;418
Esaie;9;6;6;VGR;62-0601;223
Esaie;9;6;6;VGR;62-1124B;108
Esaie;9;6;6;VGR;63-0324E;99
Esaie;9;6;6;VGR;63-1124M;84
Esaie;9;6;6;VGR;63-1201M;64
Esaie;9;6;6;VGR;64-0802;486
Esaie;9;6;6;VGR;64-0816;142
Esaie;9;6;6;VGR;65-0429B;104
Esaie;9;6;6;VGR;65-0801E;44
Esaie;9;6;6;VGR;65-0801E;105
Esaie;9;6;6;VGR;65-0911;215
Esaie;9;6;6;VGR;65-0911;219
Esaie;9;6;6;VGR;65-1031M;284
Esaie;9;6;6;VGR;65-1031M;285
Esaie;9;6;6;VGR;65-1206;258
Esaie;9;6;6;VGR;65-1206;282
Esaie;10;0;0;SKN;60-0803;57
Esaie;11;0;0;SKN;61-0730E;132
Esaie;11;0;0;VGR;61-0730E;132
Esaie;14;0;0;SKN;65-0801M;77
Esaie;14;0;0;SKN;65-0829;38
Esaie;14;0;0;SKN;65-0911;70
Esaie;14;0;0;VGR;65-0801M;77
Esaie;14;0;0;VGR;65-0829;62
Esaie;14;0;0;VGR;65-0911;105
Esaie;14;12;12;SKN;59-0628E;66
Esaie;14;12;12;SKN;65-0801M;77
Esaie;14;12;12;SKN;65-0911;67
Esaie;14;12;12;SKN;65-1031M;205
Esaie;14;12;12;VGR;59-0628E;66
Esaie;14;12;12;VGR;65-0801M;77
Esaie;14;12;12;VGR;65-0911;100
Esaie;14;12;12;VGR;65-1031M;205
Esaie;18;0;0;SKN;64-0719M;17
Esaie;18;0;0;VGR;64-0719M;21
Esaie;18;1;1;SKN;64-0719M;207
Esaie;18;1;1;VGR;64-0719M;283
Esaie;21;0;0;SKN;60-0303;11
Esaie;21;1;12;SKN;58-1130;1
Esaie;21;1;12;VGR;58-1130;1
Esaie;21;11;11;SKN;60-0303;11
Esaie;27;0;0;SKN;64-0719M;17
Esaie;27;0;0;VGR;64-0719M;21
Esaie;27;12;12;SKN;64-0719M;23
Esaie;27;12;12;SKN;64-0719M;208
Esaie;27;12;12;VGR;64-0719M;30
Esaie;27;12;12;VGR;64-0719M;283
Esaie;28;0;0;SKN;53-0327;48
Esaie;28;0;0;SKN;53-0729;139
Esaie;28;0;0;SKN;53-0729;165
Esaie;28;0;0;SKN;59-1216;67
Esaie;28;0;0;SKN;60-1204E;119
Esaie;28;0;0;SKN;61-0112;98
Esaie;28;0;0;SKN;61-1001E;170
Esaie;28;0;0;SKN;65-1212;34
Esaie;28;0;0;SKN;65-1212;35
Esaie;28;0;0;VGR;53-0729;139
Esaie;28;0;0;VGR;53-0729;165
Esaie;28;0;0;VGR;59-1216;67
Esaie;28;0;0;VGR;60-1204E;108
Esaie;28;0;0;VGR;61-0112;98
Esaie;28;0;0;VGR;65-1212;34
Esaie;28;0;0;VGR;65-1212;35
Esaie;28;8;8;SKN;55-1008;39
Esaie;28;8;8;SKN;60-1204E;119
Esaie;28;8;8;VGR;60-1204E;108
Esaie;28;8;12;SKN;61-0217;62
Esaie;28;11;11;SKN;60-0626;225
Esaie;28;11;11;SKN;61-1105;138
Esaie;28;11;11;SKN;62-0117;220
Esaie;28;18;18;SKN;54-0720A;66
Esaie;28;18;18;SKN;60-0518;124
Esaie;28;18;18;SKN;61-1001E;170
Esaie;28;18;18;SKN;62-0128M;36
Esaie;28;18;18;VGR;60-0518;124
Esaie;28;18;18;VGR;60-0626;220
Esaie;28;19;19;SKN;62-0124;70
Esaie;28;19;19;SKN;62-0521;99
Esaie;28;19;19;SKN;62-1014M;215
Esaie;28;19;19;SKN;63-0321;73
Esaie;28;19;19;SKN;63-0803B;184
Esaie;28;19;19;SKN;63-1128E;26
Esaie;28;19;19;VGR;62-1014M;295
Esaie;28;19;19;VGR;63-0321;73
Esaie;28;19;19;VGR;63-0803B;184
Esaie;29;6;6;SKN;65-0725E;97
Esaie;32;0;0;SKN;65-0123;184
Esaie;32;0;0;VGR;65-0123;186
Esaie;32;2;2;SKN;62-0513E;25
Esaie;32;2;2;SKN;62-0518;13
Esaie;32;2;2;SKN;62-0609E;9
Esaie;32;2;2;SKN;62-0622B;21
Esaie;32;2;2;SKN;63-0113M;16
Esaie;32;2;2;VGR;63-0113M;37
Esaie;35;0;0;SKN;52-0900;7
Esaie;35;0;0;SKN;53-0607E;5
Esaie;35;0;0;SKN;60-0626;249
Esaie;35;0;0;SKN;60-1204E;102
Esaie;35;0;0;SKN;61-0207;45
Esaie;35;0;0;SKN;61-0425B;39
Esaie;35;0;0;SKN;63-0317M;122
Esaie;35;0;0;SKN;63-0322;56
Esaie;35;0;0;SKN;63-0412E;86
Esaie;35;0;0;SKN;63-0606;21
Esaie;35;0;0;SKN;63-1124E;34
Esaie;35;0;0;SKN;63-1128E;26
Esaie;35;0;0;SKN;64-0308;76
Esaie;35;0;0;SKN;64-0313;98
Esaie;35;0;0;SKN;65-1212;34
Esaie;35;0;0;VGR;52-0900;7
Esaie;35;0;0;VGR;60-0626;244
Esaie;35;0;0;VGR;60-1204E;95
Esaie;35;0;0;VGR;61-0425B;39
Esaie;35;0;0;VGR;63-0317M;122
Esaie;35;0;0;VGR;63-0322;56
Esaie;35;0;0;VGR;63-1124E;49
Esaie;35;0;0;VGR;64-0308;76
Esaie;35;0;0;VGR;64-0313;168
Esaie;35;0;0;VGR;65-1212;34
Esaie;35;7;7;SKN;65-1206;282
Esaie;35;7;7;VGR;65-1206;282
Esaie;38;0;0;SKN;63-0724;27
Esaie;38;0;0;VGR;63-0724;27
Esaie;40;0;0;SKN;50-0409;3
Esaie;40;0;0;SKN;56-1002A;52
Esaie;40;0;0;SKN;61-0117;41
Esaie;40;0;0;SKN;61-0129;53
Esaie;40;0;0;SKN;62-1216;59
Esaie;40;0;0;SKN;63-0120M;15
Esaie;40;0;0;SKN;63-0317M;297
Esaie;40;0;0;SKN;64-0404;71
Esaie;40;0;0;SKN;65-0219;115
Esaie;40;0;0;SKN;65-0725E;74
Esaie;40;0;0;VGR;63-0120M;15
Esaie;40;0;0;VGR;63-0317M;297
Esaie;40;0;0;VGR;65-0219;115
Esaie;40;0;0;VGR;65-0725E;74
Esaie;40;3;3;SKN;61-1112;179
Esaie;40;3;3;SKN;65-0801E;91
Esaie;40;3;3;SKN;65-0801E;95
Esaie;40;3;3;SKN;65-1206;222
Esaie;40;3;3;VGR;61-1112;179
Esaie;40;3;3;VGR;65-0801E;91
Esaie;40;3;3;VGR;65-0801E;95
Esaie;40;3;3;VGR;65-1206;222
Esaie;42;0;0;SKN;61-1224;43
Esaie;42;1;7;SKN;64-0125;15
Esaie;42;1;7;VGR;64-0125;15
Esaie;45;0;0;SKN;64-0122;2
Esaie;45;0;0;SKN;64-0122;4
Esaie;45;22;22;SKN;63-1229E;101
Esaie;45;22;22;VGR;63-1229E;192
Esaie;50;0;0;SKN;62-1124E;56
Esaie;50;6;6;SKN;65-0801E;122
Esaie;50;6;6;SKN;65-1206;282
Esaie;50;6;6;VGR;65-0801E;122
Esaie;50;6;6;VGR;65-1206;282
Esaie;53;0;0;SKN;50-0824;11
Esaie;53;0;0;SKN;51-0503;29
Esaie;53;0;0;SKN;51-0729E;28
Esaie;53;0;0;SKN;53-0403;36
Esaie;53;0;0;SKN;65-0221M;99
Esaie;53;0;0;SKN;65-1128E;133
Esaie;53;0;0;VGR;51-0503;84
Esaie;53;0;0;VGR;53-0403;36
Esaie;53;0;0;VGR;65-0221M;132
Esaie;53;0;0;VGR;65-1128E;133
Esaie;53;1;1;SKN;65-0822M;124
Esaie;53;1;1;VGR;65-0822M;124
Esaie;53;2;2;SKN;65-0429E;20
Esaie;53;2;2;VGR;65-0429E;180
Esaie;53;5;5;SKN;62-1124E;47
Esaie;53;5;5;SKN;62-1223;69
Esaie;53;5;5;SKN;63-1028;65
Esaie;53;5;5;VGR;62-1223;97
Esaie;53;5;5;VGR;63-1028;162
Esaie;53;6;6;SKN;64-1221;176
Esaie;53;6;6;VGR;64-1221;176
Esaie;53;7;7;SKN;65-0801E;122
Esaie;53;7;7;VGR;65-0801E;122
Esaie;53;9;9;SKN;65-0801E;122
Esaie;53;9;9;SKN;65-1206;282
Esaie;53;9;9;VGR;65-0801E;122
Esaie;53;9;9;VGR;65-1206;282
Esaie;53;12;12;SKN;65-0801E;122
Esaie;53;12;12;SKN;65-1206;282
Esaie;53;12;12;VGR;65-0801E;122
Esaie;53;12;12;VGR;65-1206;282
Esaie;54;1;1;SKN;62-0318E;1
Esaie;54;1;1;VGR;62-0318M;403
Esaie;54;53;53;SKN;62-0318E;1
Esaie;54;53;53;VGR;62-0318M;403
Esaie;60;0;0;SKN;64-0112;29
Esaie;60;0;0;SKN;65-1212;34
Esaie;60;0;0;VGR;64-0112;29
Esaie;60;0;0;VGR;65-1212;34
Esaie;60;1;1;SKN;64-0112;115
Esaie;60;1;1;SKN;64-0119;89
Esaie;60;1;1;VGR;64-0112;29
Esaie;60;1;1;VGR;64-0112;115
Esaie;61;0;0;SKN;55-0410M;37
Esaie;61;0;0;SKN;65-0125;23
Esaie;61;0;0;SKN;65-0219;43
Esaie;61;0;0;SKN;65-0219;44
Esaie;61;0;0;VGR;55-0410M;37
Esaie;61;0;0;VGR;65-0125;39
Esaie;61;0;0;VGR;65-0219;43
Esaie;61;1;1;SKN;56-0715;21
Esaie;61;1;1;SKN;62-0908;36
Esaie;61;1;1;SKN;65-0125;24
Esaie;61;1;1;VGR;56-0715;52
Esaie;61;1;1;VGR;62-0908;36
Esaie;61;1;1;VGR;65-0219;44
Esaie;61;1;2;SKN;65-0219;44
Esaie;62;0;0;SKN;64-0112;29
Esaie;62;0;0;VGR;64-0112;29
Esaie;65;0;0;SKN;61-0730E;130
Esaie;65;0;0;SKN;61-0730E;131
Esaie;65;0;0;SKN;63-0803E;167
Esaie;65;0;0;SKN;64-0802;60
Esaie;65;0;0;VGR;61-0730E;130
Esaie;65;0;0;VGR;61-0730E;131
Esaie;65;0;0;VGR;64-0802;60
Esaie;65;17;17;SKN;64-0802;60
Esaie;65;17;17;VGR;64-0802;60
Esaie;65;25;25;SKN;64-0802;354
Esaie;65;25;25;VGR;64-0802;381
Esaie;66;0;0;SKN;60-0518;78
Esaie;66;0;0;VGR;60-0518;78
Esther;2;0;0;SKN;57-0915E;194
Esther;2;0;0;SKN;57-1006;615
Esther;2;0;0;SKN;61-1231M;121
Esther;2;0;0;SKN;63-0728;637
Esther;4;0;0;SKN;60-0803;47
Esther;6;0;0;SKN;55-0807E;34
Esther;6;0;0;SKN;57-1002;354
Esther;6;0;0;SKN;60-1204E;158
Esther;7;7;7;SKN;61-0122;54
Esther;8;0;0;SKN;60-1204E;158
Esther;8;0;0;VGR;63-0317M;42
Esther;9;0;0;SKN;59-1115;52
Esther;9;0;0;SKN;60-0911E;161
Esther;9;0;0;SKN;65-1127E;195
Esther;10;0;0;SKN;61-0429E;5
Esther;10;0;0;SKN;62-0724;92
Esther;10;0;0;SKN;63-0801;179
Esther;11;0;0;SKN;49-1225;147
Esther;11;0;0;SKN;55-0806;68
Esther;11;0;0;SKN;55-1003;21
Esther;11;0;0;SKN;62-0622B;39
Esther;11;0;0;SKN;63-1214;163
Esther;12;0;0;SKN;61-0205M;57
Esther;12;0;0;SKN;62-0128M;64
Esther;12;0;0;SKN;62-0610M;108
Esther;14;0;0;SKN;47-1123;5
Esther;14;0;0;SKN;60-0522E;44
Esther;14;0;0;SKN;62-0318E;1
Esther;14;0;0;SKN;62-0721;4
Esther;16;0;0;SKN;57-0127A;72
Esther;16;0;0;SKN;57-0324;91
Esther;16;0;0;SKN;59-1115;46
Esther;16;0;0;SKN;60-0717;79
Esther;16;0;0;SKN;62-0318E;1
Esther;16;0;0;SKN;62-0708;158
Esther;16;13;13;SKN;60-1210;137
Esther;20;0;0;SKN;63-1130E;26
Esther;21;0;0;SKN;57-0417;106
Esther;21;0;0;SKN;59-0422;50
Esther;21;0;0;SKN;61-0808;5
Esther;21;0;0;SKN;63-1103;198
Esther;21;0;0;SKN;64-0313;122
Esther;21;0;0;SKN;64-0617;129
Esther;21;0;0;SKN;64-0823E;249
Esther;21;0;0;SKN;65-1125;146
Esther;21;19;19;SKN;57-1006;669
Esther;22;0;0;SKN;54-0515;347
Esther;22;0;0;SKN;59-1126;73
Esther;22;0;0;SKN;61-0517;75
Esther;22;0;0;SKN;61-0808;78
Esther;22;0;0;SKN;62-0118;174
Esther;22;0;0;SKN;63-0119;267
Esther;22;0;0;SKN;63-0901E;181
Esther;23;0;0;SKN;65-1125;235
Esther;25;0;0;SKN;51-0506E;30
Esther;25;0;0;SKN;60-1211M;152
Esther;34;0;0;SKN;48-0302;86
Esther;60;0;0;SKN;56-1125M;24
Esther;85;0;0;SKN;57-0326;109
Esther;85;86;86;SKN;56-0420;51
Esther;87;0;0;SKN;54-0624;31
Esther;90;0;0;SKN;65-1206;300
Esther;92;0;0;SKN;56-0420;51
Esther;121;0;0;SKN;58-0108;144
Esther;126;0;0;SKN;58-0108;139
Exode;3;0;0;SKN;62-0909E;18
Exode;3;0;0;VGR;62-0909E;17
Exode;3;0;0;VGR;63-0630M;14
Exode;4;0;0;SKN;53-1111;13
Exode;4;14;14;SKN;61-1119;182
Exode;4;14;14;VGR;61-1119;182
Exode;4;24;24;SKN;54-0103E;79
Exode;4;24;24;VGR;54-0103E;79
Exode;5;0;0;VGR;63-0630M;29
Exode;7;0;0;VGR;63-0630M;40
Exode;9;0;0;VGR;63-0630M;51
Exode;10;21;23;SKN;63-0323;272
Exode;10;21;23;VGR;63-0323;272
Exode;11;0;0;VGR;63-0630M;65
Exode;12;0;0;SKN;53-0327;49
Exode;12;0;0;SKN;65-0220;73
Exode;12;0;0;VGR;65-0220;73
Exode;12;3;3;VGR;65-0220;73
Exode;12;3;6;SKN;65-0220;73
Exode;12;12;12;SKN;64-0208;2
Exode;12;12;12;VGR;64-0208;2
Exode;13;0;0;SKN;58-0112A;20
Exode;13;0;0;VGR;63-0630M;77
Exode;13;21;21;SKN;51-0718;49
Exode;13;21;21;SKN;62-1014E;49
Exode;13;21;21;SKN;63-0714M;23
Exode;13;21;21;VGR;62-1014E;49
Exode;13;21;21;VGR;63-0714M;21
Exode;13;22;22;SKN;63-0803B;12
Exode;13;22;22;VGR;63-0803B;12
Exode;13;31;31;SKN;63-0801;130
Exode;14;0;0;SKN;63-0714M;24
Exode;14;0;0;VGR;63-0714M;21
Exode;15;0;0;VGR;63-0630M;88
Exode;17;0;0;SKN;53-0329;46
Exode;17;0;0;VGR;63-0630M;102
Exode;19;0;0;SKN;54-1212;202
Exode;19;0;0;SKN;56-0223;65
Exode;19;0;0;SKN;56-0923;122
Exode;19;0;0;SKN;56-0930;34
Exode;19;0;0;SKN;58-0301E;26
Exode;19;0;0;SKN;60-1125;33
Exode;19;0;0;SKN;60-1206;31
Exode;19;0;0;SKN;61-0129;9
Exode;19;0;0;SKN;61-0208;18
Exode;19;0;0;SKN;61-0209;29
Exode;19;0;0;SKN;61-0217;47
Exode;19;0;0;SKN;61-0311;83
Exode;19;0;0;SKN;61-0316;14
Exode;19;0;0;SKN;61-0316;27
Exode;19;0;0;SKN;61-0316;30
Exode;19;0;0;SKN;61-0316;32
Exode;19;0;0;SKN;61-0317;6
Exode;19;0;0;SKN;61-0317;22
Exode;19;0;0;SKN;62-0705;58
Exode;19;0;0;SKN;62-0711;79
Exode;19;0;0;SKN;64-0306;144
Exode;19;0;0;SKN;64-0418E;8
Exode;19;0;0;SKN;64-0614M;129
Exode;19;0;0;SKN;65-0117;60
Exode;19;0;0;SKN;65-0822E;97
Exode;19;0;0;VGR;54-1212;202
Exode;19;0;0;VGR;60-1206;32
Exode;19;0;0;VGR;63-0630M;115
Exode;19;0;0;VGR;64-0306;144
Exode;19;0;0;VGR;64-0614M;129
Exode;19;0;0;VGR;65-0822E;97
Exode;19;4;4;SKN;65-0119;75
Exode;19;4;4;VGR;65-0119;75
Exode;19;16;16;SKN;61-0108;109
Exode;19;16;16;VGR;61-0108;109
Exode;19;19;19;SKN;62-0909E;20
Exode;19;19;19;VGR;62-0909E;18
Exode;21;0;0;VGR;63-0630M;127
Exode;21;6;6;SKN;61-0217;72
Exode;23;0;0;VGR;63-0630M;142
Exode;23;13;13;SKN;61-0101;199
Exode;23;13;13;VGR;61-0101;194
Exode;23;20;20;SKN;51-0717;6
Exode;23;20;22;VGR;53-0603;4
Exode;25;0;0;VGR;63-0630M;160
Exode;25;10;10;SKN;61-0108;304
Exode;25;10;10;VGR;61-0108;299
Exode;27;0;0;VGR;63-0630M;175
Exode;29;0;0;VGR;63-0630M;191
Exode;31;0;0;VGR;63-0630M;205
Exode;33;0;0;VGR;63-0630M;218
Exode;33;2;2;SKN;65-0221E;98
Exode;33;2;2;VGR;65-0221E;98
Exode;34;12;12;SKN;62-0603;30
Exode;35;0;0;VGR;63-0630M;231
Exode;37;0;0;VGR;63-0630M;246
Exode;39;0;0;VGR;63-0630M;259
Exode;41;0;0;VGR;63-0630M;273
Exode;43;0;0;VGR;63-0630M;287
Exode;45;0;0;VGR;63-0630M;305
Ezechiel;1;0;0;SKN;61-0101;151
Ezechiel;1;0;0;VGR;61-0101;145
Ezechiel;1;8;8;SKN;61-0108;259
Ezechiel;1;8;8;VGR;61-0108;253
Ezechiel;1;26;26;SKN;61-0117;74
Ezechiel;2;1;1;SKN;64-0427;72
Ezechiel;2;1;1;VGR;64-0427;217
Ezechiel;2;3;3;SKN;64-0629;50
Ezechiel;2;3;3;VGR;64-0629;50
Ezechiel;4;0;0;SKN;59-0125;90
Ezechiel;4;0;0;SKN;60-1211M;64
Ezechiel;4;0;0;SKN;60-1211M;65
Ezechiel;4;0;0;VGR;59-0125;90
Ezechiel;4;0;0;VGR;60-1211M;61
Ezechiel;4;0;0;VGR;60-1211M;62
Ezechiel;9;0;0;SKN;54-0103M;208
Ezechiel;9;0;0;SKN;54-0514;164
Ezechiel;9;0;0;SKN;56-0213;76
Ezechiel;9;0;0;SKN;57-0925;40
Ezechiel;9;0;0;SKN;60-1211M;155
Ezechiel;9;0;0;SKN;61-0217;42
Ezechiel;9;0;0;SKN;64-0719M;152
Ezechiel;9;0;0;SKN;64-0830M;70
Ezechiel;9;0;0;SKN;65-1207;38
Ezechiel;9;0;0;VGR;54-0103M;208
Ezechiel;9;0;0;VGR;54-0514;164
Ezechiel;9;0;0;VGR;57-0925;40
Ezechiel;9;0;0;VGR;60-1211M;149
Ezechiel;9;0;0;VGR;64-0830M;70
Ezechiel;9;0;0;VGR;65-1207;320
Ezechiel;24;24;24;SKN;61-1112;24
Ezechiel;24;24;24;VGR;61-1112;25
Ezechiel;28;12;12;SKN;59-0628E;74
Ezechiel;28;12;12;SKN;59-0628E;85
Ezechiel;28;12;12;VGR;59-0628E;74
Ezechiel;28;12;12;VGR;59-0628E;85
Ezechiel;33;0;0;SKN;62-0909E;54
Ezechiel;33;0;0;VGR;62-0909E;51
Ezechiel;33;33;33;SKN;61-0212M;3
Ezechiel;37;0;0;SKN;64-0726M;54
Ezechiel;37;0;0;VGR;64-0726M;54
Ezechiel;38;0;0;SKN;61-0723E;101
Ezechiel;38;0;0;SKN;61-0723E;102
Ezechiel;38;0;0;VGR;61-0723E;101
Ezechiel;43;0;0;SKN;61-0730E;118
Ezechiel;43;0;0;VGR;61-0730E;118
Ezechiel;44;22;22;SKN;65-0221M;156
Ezechiel;44;22;22;VGR;65-0221M;221
Ezechiel;48;1;1;VGR;63-0324E;221
Ezechiel;48;1;7;SKN;63-0324E;221
Galates;1;0;0;SKN;57-0322;45
Galates;1;0;0;SKN;60-0522M;109
Galates;1;0;0;SKN;60-0522M;110
Galates;1;0;0;SKN;60-0522M;175
Galates;1;0;0;SKN;63-1216;111
Galates;1;0;0;VGR;60-0522M;109
Galates;1;0;0;VGR;60-0522M;110
Galates;1;0;0;VGR;60-0522M;175
Galates;1;1;1;VGR;65-0801M;27
Galates;1;1;4;SKN;65-0801M;27
Galates;1;8;8;SKN;53-0325;28
Galates;1;8;8;SKN;53-0729;163
Galates;1;8;8;SKN;53-1205;31
Galates;1;8;8;SKN;54-0515;353
Galates;1;8;8;SKN;54-0620;43
Galates;1;8;8;SKN;54-0719A;6
Galates;1;8;8;SKN;55-0410M;87
Galates;1;8;8;SKN;55-0501E;49
Galates;1;8;8;SKN;57-0120E;4
Galates;1;8;8;SKN;57-0125;25
Galates;1;8;8;SKN;57-0901E;114
Galates;1;8;8;SKN;57-0901M;99
Galates;1;8;8;SKN;57-0925;161
Galates;1;8;8;SKN;57-1006;762
Galates;1;8;8;SKN;58-0927;160
Galates;1;8;8;SKN;58-0928M;137
Galates;1;8;8;SKN;58-1002;62
Galates;1;8;8;SKN;58-1005M;103
Galates;1;8;8;SKN;59-0628E;157
Galates;1;8;8;SKN;59-0823;126
Galates;1;8;8;SKN;59-1216;131
Galates;1;8;8;SKN;60-0522E;115
Galates;1;8;8;SKN;60-1113;207
Galates;1;8;8;SKN;60-1205;203
Galates;1;8;8;SKN;60-1209;75
Galates;1;8;8;SKN;60-1210;139
Galates;1;8;8;SKN;61-0119M;11
Galates;1;8;8;SKN;61-0128;45
Galates;1;8;8;SKN;61-0210;189
Galates;1;8;8;SKN;61-0217;55
Galates;1;8;8;SKN;61-0410;61
Galates;1;8;8;SKN;62-0118;172
Galates;1;8;8;SKN;62-0128M;29
Galates;1;8;8;SKN;62-0129;12
Galates;1;8;8;SKN;62-0204;118
Galates;1;8;8;SKN;62-0318E;1
Galates;1;8;8;SKN;62-0610M;66
Galates;1;8;8;SKN;62-0706;15
Galates;1;8;8;SKN;62-0711;56
Galates;1;8;8;SKN;62-1111E;100
Galates;1;8;8;SKN;63-0123;227
Galates;1;8;8;SKN;63-0623E;198
Galates;1;8;8;SKN;63-1124M;140
Galates;1;8;8;SKN;63-1214;158
Galates;1;8;8;SKN;64-0216;55
Galates;1;8;8;SKN;64-0823M;93
Galates;1;8;8;SKN;65-0120;186
Galates;1;8;8;SKN;65-0410;33
Galates;1;8;8;SKN;65-0822M;128
Galates;1;8;8;SKN;65-1212;24
Galates;1;8;8;SKN;65-1212;67
Galates;1;8;8;VGR;53-0729;163
Galates;1;8;8;VGR;54-0515;353
Galates;1;8;8;VGR;55-0410M;87
Galates;1;8;8;VGR;57-0120E;12
Galates;1;8;8;VGR;57-0901E;114
Galates;1;8;8;VGR;57-0901M;99
Galates;1;8;8;VGR;57-0925;161
Galates;1;8;8;VGR;57-1006;762
Galates;1;8;8;VGR;58-0927;160
Galates;1;8;8;VGR;58-1005M;218
Galates;1;8;8;VGR;59-0628E;157
Galates;1;8;8;VGR;59-1216;131
Galates;1;8;8;VGR;60-0522E;115
Galates;1;8;8;VGR;60-1113;245
Galates;1;8;8;VGR;60-1205;173
Galates;1;8;8;VGR;60-1209;74
Galates;1;8;8;VGR;60-1210;248
Galates;1;8;8;VGR;61-0119M;11
Galates;1;8;8;VGR;62-0204;118
Galates;1;8;8;VGR;62-0318M;403
Galates;1;8;8;VGR;62-1111E;104
Galates;1;8;8;VGR;63-0123;227
Galates;1;8;8;VGR;63-0623E;198
Galates;1;8;8;VGR;63-1124M;140
Galates;1;8;8;VGR;63-1214;158
Galates;1;8;8;VGR;64-0823M;93
Galates;1;8;8;VGR;65-0120;176
Galates;1;8;8;VGR;65-0410;43
Galates;1;8;8;VGR;65-0822M;128
Galates;1;8;8;VGR;65-1212;24
Galates;1;8;8;VGR;65-1212;67
Galates;1;9;9;SKN;54-0515;353
Galates;1;9;9;VGR;54-0515;353
Galates;2;20;20;SKN;62-1230E;117
Galates;2;20;20;VGR;62-1230E;250
Galates;3;0;0;SKN;61-0209;22
Galates;3;0;0;SKN;61-0213;25
Galates;3;16;16;SKN;57-0908E;416
Galates;3;16;16;SKN;57-0915M;541
Galates;3;16;16;SKN;61-0806;195
Galates;3;16;16;VGR;57-0908E;416
Galates;3;16;16;VGR;57-0915M;541
Galates;3;16;16;VGR;61-0806;195
Galates;3;26;26;SKN;60-0911E;155
Galates;3;26;26;VGR;60-0911E;155
Galates;3;26;28;VGR;60-0911E;155
Galates;3;29;29;SKN;59-1216;40
Galates;3;29;29;SKN;61-0423;10
Galates;3;29;29;VGR;59-1216;40
Galates;4;0;0;SKN;58-0324;13
Galates;4;19;19;SKN;63-1216;111
Galates;4;27;27;SKN;65-0218;43
Galates;4;27;27;SKN;65-0429B;20
Galates;4;27;27;VGR;65-0218;43
Galates;4;27;27;VGR;65-0429B;26
Galates;4;27;31;SKN;65-0429B;13
Galates;4;27;31;VGR;65-0429B;20
Galates;5;0;0;SKN;57-0417;59
Galates;5;0;0;SKN;60-0805;10
Galates;5;0;0;VGR;57-0417;59
Galates;5;6;6;SKN;63-0901E;68
Galates;5;22;22;SKN;57-0325;12
Galates;8;1;1;SKN;64-0719M;234
Galates;8;1;1;VGR;64-0719M;322
Genese;1;0;0;SKN;53-0403;49
Genese;1;0;0;SKN;53-0509;17
Genese;1;0;0;SKN;53-0611;75
Genese;1;0;0;SKN;53-0729;42
Genese;1;0;0;SKN;54-0809A;14
Genese;1;0;0;SKN;55-0116A;35
Genese;1;0;0;SKN;57-1006;601
Genese;1;0;0;SKN;60-0518;54
Genese;1;0;0;SKN;60-0709;26
Genese;1;0;0;SKN;60-1127M;16
Genese;1;0;0;SKN;61-0108;78
Genese;1;0;0;SKN;61-0216;18
Genese;1;0;0;SKN;61-0416;44
Genese;1;0;0;SKN;61-0516A;66
Genese;1;0;0;SKN;61-1224;116
Genese;1;0;0;SKN;62-0318E;1
Genese;1;0;0;SKN;62-0318M;28
Genese;1;0;0;SKN;62-0718;73
Genese;1;0;0;SKN;63-0119;57
Genese;1;0;0;SKN;63-1110M;352
Genese;1;0;0;SKN;63-1130B;105
Genese;1;0;0;SKN;63-1229M;103
Genese;1;0;0;SKN;64-0206E;19
Genese;1;0;0;SKN;64-0614M;62
Genese;1;0;0;SKN;64-0614M;75
Genese;1;0;0;SKN;64-0629;69
Genese;1;0;0;SKN;64-0719M;76
Genese;1;0;0;SKN;65-0118;31
Genese;1;0;0;SKN;65-0219;205
Genese;1;0;0;SKN;65-0221E;102
Genese;1;0;0;SKN;65-0911;21
Genese;1;0;0;SKN;65-0911;26
Genese;1;0;0;SKN;65-1031M;60
Genese;1;0;0;SKN;65-1031M;62
Genese;1;0;0;SKN;65-1031M;90
Genese;1;0;0;SKN;65-1126;136
Genese;1;0;0;SKN;65-1204;182
Genese;1;0;0;VGR;53-0403;49
Genese;1;0;0;VGR;53-0729;42
Genese;1;0;0;VGR;57-1006;601
Genese;1;0;0;VGR;60-0518;54
Genese;1;0;0;VGR;60-0911E;176
Genese;1;0;0;VGR;61-0108;78
Genese;1;0;0;VGR;62-0318M;361
Genese;1;0;0;VGR;62-0318M;403
Genese;1;0;0;VGR;63-1110M;352
Genese;1;0;0;VGR;63-1130B;105
Genese;1;0;0;VGR;63-1229M;103
Genese;1;0;0;VGR;64-0206E;19
Genese;1;0;0;VGR;64-0614M;62
Genese;1;0;0;VGR;64-0614M;75
Genese;1;0;0;VGR;64-0629;69
Genese;1;0;0;VGR;64-0719M;94
Genese;1;0;0;VGR;65-0118;31
Genese;1;0;0;VGR;65-0219;205
Genese;1;0;0;VGR;65-0221E;102
Genese;1;0;0;VGR;65-0911;38
Genese;1;0;0;VGR;65-0911;45
Genese;1;0;0;VGR;65-1031M;60
Genese;1;0;0;VGR;65-1031M;62
Genese;1;0;0;VGR;65-1031M;90
Genese;1;0;0;VGR;65-1126;136
Genese;1;0;0;VGR;65-1204;182
Genese;1;1;1;SKN;62-0318M;28
Genese;1;1;1;SKN;63-0321;94
Genese;1;1;1;SKN;63-0623M;60
Genese;1;1;1;SKN;64-0802;76
Genese;1;1;1;VGR;62-0318M;221
Genese;1;1;1;VGR;63-0321;94
Genese;1;1;1;VGR;63-0623M;60
Genese;1;1;1;VGR;64-0802;76
Genese;1;3;3;SKN;63-1229M;58
Genese;1;3;3;SKN;63-1229M;89
Genese;1;3;3;SKN;64-0121;4
Genese;1;3;3;VGR;63-1229M;58
Genese;1;3;3;VGR;63-1229M;89
Genese;1;11;11;SKN;60-1113;55
Genese;1;11;11;SKN;62-0318E;1
Genese;1;11;11;SKN;62-0318M;28
Genese;1;11;11;SKN;62-0319;4
Genese;1;11;11;SKN;62-0401;232
Genese;1;11;11;SKN;62-0407;36
Genese;1;11;11;VGR;60-1113;74
Genese;1;11;11;VGR;62-0318M;105
Genese;1;11;11;VGR;62-0318M;414
Genese;1;21;21;SKN;62-0527;58
Genese;1;26;26;SKN;53-0729;9
Genese;1;26;26;SKN;53-0729;10
Genese;1;26;26;SKN;53-0729;12
Genese;1;26;26;SKN;53-0729;14
Genese;1;26;26;SKN;53-0729;15
Genese;1;26;26;SKN;53-0729;48
Genese;1;26;26;SKN;53-0729;54
Genese;1;26;26;SKN;53-0729;78
Genese;1;26;26;SKN;54-0512;105
Genese;1;26;26;SKN;60-0515E;99
Genese;1;26;26;SKN;60-0626;116
Genese;1;26;26;SKN;61-0117;16
Genese;1;26;26;SKN;61-0128;79
Genese;1;26;26;SKN;61-0205E;19
Genese;1;26;26;SKN;61-0210;105
Genese;1;26;26;SKN;61-0312;70
Genese;1;26;26;SKN;61-0429E;63
Genese;1;26;26;SKN;62-0211;6
Genese;1;26;26;SKN;62-0527;51
Genese;1;26;26;SKN;62-0527;54
Genese;1;26;26;SKN;62-0527;56
Genese;1;26;26;SKN;64-0403;156
Genese;1;26;26;VGR;53-0729;9
Genese;1;26;26;VGR;53-0729;10
Genese;1;26;26;VGR;53-0729;12
Genese;1;26;26;VGR;53-0729;14
Genese;1;26;26;VGR;53-0729;15
Genese;1;26;26;VGR;53-0729;48
Genese;1;26;26;VGR;53-0729;54
Genese;1;26;26;VGR;53-0729;78
Genese;1;26;26;VGR;54-0512;105
Genese;1;26;26;VGR;60-0515E;99
Genese;1;26;26;VGR;60-0626;111
Genese;1;26;26;VGR;62-0527;51
Genese;1;26;26;VGR;62-0527;54
Genese;1;26;26;VGR;62-0527;56
Genese;1;26;26;VGR;64-0403;199
Genese;1;27;27;SKN;62-0211;19
Genese;1;28;28;SKN;53-0611;76
Genese;1;28;28;SKN;57-1006;824
Genese;1;28;28;VGR;57-1006;824
Genese;2;0;0;SKN;53-0509;17
Genese;2;0;0;SKN;53-0729;46
Genese;2;0;0;SKN;53-0729;93
Genese;2;0;0;SKN;54-0512;106
Genese;2;0;0;SKN;54-0515;281
Genese;2;0;0;SKN;57-0828;279
Genese;2;0;0;SKN;57-1006;601
Genese;2;0;0;SKN;57-1006;824
Genese;2;0;0;SKN;60-0515E;100
Genese;2;0;0;SKN;60-0518;54
Genese;2;0;0;SKN;60-0522E;76
Genese;2;0;0;SKN;63-0119;57
Genese;2;0;0;SKN;65-0429B;48
Genese;2;0;0;SKN;65-1126;136
Genese;2;0;0;VGR;53-0729;46
Genese;2;0;0;VGR;53-0729;93
Genese;2;0;0;VGR;54-0512;106
Genese;2;0;0;VGR;54-0515;281
Genese;2;0;0;VGR;57-0828;279
Genese;2;0;0;VGR;57-1006;601
Genese;2;0;0;VGR;57-1006;824
Genese;2;0;0;VGR;60-0515E;100
Genese;2;0;0;VGR;60-0518;54
Genese;2;0;0;VGR;60-0522E;76
Genese;2;0;0;VGR;65-0429B;51
Genese;2;0;0;VGR;65-1126;136
Genese;2;7;7;SKN;53-0729;9
Genese;2;7;7;SKN;53-0729;10
Genese;2;7;7;SKN;53-0729;13
Genese;2;7;7;SKN;53-0729;14
Genese;2;7;7;SKN;53-0729;46
Genese;2;7;7;SKN;53-0729;78
Genese;2;7;7;SKN;62-0527;53
Genese;2;7;7;VGR;53-0729;9
Genese;2;7;7;VGR;53-0729;10
Genese;2;7;7;VGR;53-0729;13
Genese;2;7;7;VGR;53-0729;14
Genese;2;7;7;VGR;53-0729;46
Genese;2;7;7;VGR;53-0729;78
Genese;2;7;7;VGR;62-0527;53
Genese;2;18;21;SKN;53-0729;93
Genese;2;18;21;SKN;53-0729;94
Genese;2;18;21;VGR;53-0729;93
Genese;2;18;21;VGR;53-0729;94
Genese;3;0;0;SKN;54-1024;124
Genese;3;0;0;SKN;59-0416;39
Genese;3;0;0;SKN;63-1229M;64
Genese;3;0;0;SKN;65-0221M;70
Genese;3;0;0;SKN;65-0221M;141
Genese;3;0;0;VGR;53-0729;13
Genese;3;0;0;VGR;54-1024;124
Genese;3;0;0;VGR;63-1229M;64
Genese;3;0;0;VGR;65-0221M;96
Genese;3;0;0;VGR;65-0221M;195
Genese;3;1;1;SKN;61-0216;18
Genese;3;1;1;SKN;62-0311;97
Genese;3;1;1;SKN;62-0401;79
Genese;3;1;1;VGR;62-0311;112
Genese;3;1;17;SKN;62-0401;97
Genese;3;4;4;SKN;62-0311;171
Genese;3;4;4;SKN;62-0311;173
Genese;3;4;4;VGR;62-0311;210
Genese;3;8;8;SKN;57-0925;178
Genese;3;8;8;SKN;57-0925;217
Genese;3;8;8;SKN;59-0628E;174
Genese;3;8;8;VGR;57-0925;178
Genese;3;8;8;VGR;57-0925;217
Genese;3;8;8;VGR;59-0628E;173
Genese;3;14;14;SKN;53-0329;46
Genese;3;15;15;SKN;61-0117;14
Genese;3;16;16;SKN;58-0927;150
Genese;3;16;16;SKN;58-0927;152
Genese;3;16;16;SKN;65-0221M;71
Genese;3;16;16;SKN;65-0221M;143
Genese;3;16;16;VGR;58-0927;150
Genese;3;16;16;VGR;58-0927;152
Genese;3;16;16;VGR;65-0221M;97
Genese;3;16;16;VGR;65-0221M;199
Genese;3;24;24;SKN;61-0108;286
Genese;3;24;24;VGR;61-0108;280
Genese;4;0;0;SKN;59-0628E;173
Genese;4;0;0;SKN;65-0911;52
Genese;4;0;0;SKN;65-1031M;122
Genese;4;0;0;SKN;65-1031M;144
Genese;4;0;0;SKN;65-1204;53
Genese;4;0;0;SKN;65-1205;55
Genese;4;0;0;VGR;65-0911;81
Genese;4;0;0;VGR;65-1031M;122
Genese;4;0;0;VGR;65-1031M;144
Genese;4;0;0;VGR;65-1204;53
Genese;4;0;0;VGR;65-1205;55
Genese;4;1;1;SKN;63-0324M;129
Genese;4;1;1;SKN;63-1128E;166
Genese;4;1;1;VGR;59-0628E;172
Genese;4;1;1;VGR;63-0324M;129
Genese;4;6;6;SKN;65-0911;125
Genese;4;6;6;SKN;65-1031M;252
Genese;4;6;6;VGR;65-0911;183
Genese;4;6;6;VGR;65-1031M;252
Genese;4;10;10;SKN;63-0901M;355
Genese;4;10;10;SKN;63-0901M;357
Genese;4;10;10;SKN;64-0208;127
Genese;4;10;10;SKN;64-0308;134
Genese;4;10;10;VGR;63-0901M;355
Genese;4;10;10;VGR;63-0901M;357
Genese;4;10;10;VGR;64-0208;127
Genese;4;10;10;VGR;64-0308;134
Genese;4;15;15;SKN;61-0216;18
Genese;4;15;15;SKN;61-0217;15
Genese;4;16;16;SKN;61-0108;299
Genese;4;16;16;SKN;65-1125;107
Genese;4;16;16;VGR;61-0108;294
Genese;4;16;16;VGR;65-1125;143
Genese;5;0;0;VGR;53-0729;26
Genese;5;16;16;SKN;57-1006;600
Genese;5;16;16;VGR;57-1006;600
Genese;6;0;0;SKN;50-0822;22
Genese;6;0;0;SKN;62-0603;30
Genese;6;0;0;SKN;62-0607;36
Genese;6;0;0;SKN;62-0607;44
Genese;6;0;0;SKN;63-0623E;52
Genese;6;0;0;SKN;63-0623E;142
Genese;6;0;0;SKN;63-0731;159
Genese;6;0;0;SKN;63-1113;9
Genese;6;0;0;SKN;64-0304;55
Genese;6;0;0;SKN;64-0823E;142
Genese;6;0;0;VGR;63-0623E;52
Genese;6;0;0;VGR;63-0623E;143
Genese;6;0;0;VGR;64-0304;55
Genese;6;0;0;VGR;64-0823E;142
Genese;6;3;3;SKN;64-0830E;156
Genese;6;3;3;VGR;64-0830E;156
Genese;6;4;4;SKN;63-0721;122
Genese;6;4;4;SKN;64-0823M;102
Genese;6;4;4;VGR;64-0823M;102
Genese;6;12;12;SKN;63-0623E;140
Genese;6;12;12;VGR;63-0623E;140
Genese;7;0;0;VGR;53-0729;37
Genese;8;8;8;SKN;65-1128E;97
Genese;8;8;8;VGR;65-1128E;97
Genese;8;20;20;VGR;61-0101;173
Genese;8;20;22;SKN;61-0101;178
Genese;9;0;0;SKN;61-0101;173
Genese;9;0;0;SKN;63-0901M;322
Genese;9;0;0;VGR;53-0729;49
Genese;9;0;0;VGR;61-0101;167
Genese;9;0;0;VGR;63-0901M;322
Genese;9;13;13;SKN;61-0101;173
Genese;9;13;13;VGR;61-0101;167
Genese;11;0;0;VGR;53-0729;62
Genese;12;0;0;SKN;55-1116;9
Genese;12;0;0;SKN;55-1116;10
Genese;12;0;0;SKN;58-0127;21
Genese;12;0;0;SKN;61-0209;16
Genese;12;0;0;SKN;61-0226;25
Genese;12;0;0;SKN;61-0312;37
Genese;12;0;0;SKN;61-0312;60
Genese;12;0;0;SKN;61-0312;63
Genese;12;0;0;SKN;61-0317;49
Genese;12;0;0;SKN;61-0317;50
Genese;12;0;0;SKN;61-0416;24
Genese;12;0;0;SKN;61-0416;30
Genese;12;0;0;SKN;61-0416;43
Genese;12;0;0;SKN;61-0423;16
Genese;12;0;0;SKN;61-0423;27
Genese;12;0;0;SKN;62-0705;64
Genese;12;0;0;SKN;62-0705;87
Genese;12;0;0;SKN;62-0705;90
Genese;12;3;3;SKN;61-0806;195
Genese;12;3;3;VGR;61-0806;195
Genese;12;15;15;SKN;61-0226;21
Genese;13;0;0;SKN;56-0427;51
Genese;13;0;0;SKN;62-0705;97
Genese;13;0;0;SKN;62-0705;119
Genese;13;0;0;VGR;53-0729;74
Genese;13;14;14;SKN;61-0210;201
Genese;13;16;16;SKN;61-0210;57
Genese;14;0;0;SKN;60-0301;141
Genese;14;0;0;SKN;60-0522E;44
Genese;14;0;0;SKN;61-0217;15
Genese;14;0;0;VGR;60-0522E;44
Genese;14;18;18;SKN;60-0522E;44
Genese;14;18;18;VGR;60-0522E;44
Genese;14;18;18;VGR;62-0506;36
Genese;14;18;19;SKN;62-0506;36
Genese;14;22;22;SKN;61-0416;18
Genese;15;0;0;SKN;61-0210;201
Genese;15;0;0;SKN;61-0226;42
Genese;15;0;0;SKN;61-0312;60
Genese;15;0;0;SKN;61-0317;50
Genese;15;0;0;SKN;61-0416;43
Genese;15;0;0;SKN;61-0416;50
Genese;15;0;0;SKN;62-0705;149
Genese;15;0;0;SKN;64-0404;138
Genese;15;0;0;VGR;53-0729;87
Genese;15;0;0;VGR;64-0404;206
Genese;15;5;5;SKN;61-0210;58
Genese;15;7;7;SKN;53-0325;31
Genese;15;9;9;SKN;65-1128E;67
Genese;15;9;9;VGR;65-1128E;67
Genese;15;16;16;SKN;63-1110M;308
Genese;15;16;16;SKN;64-0321E;93
Genese;15;16;16;VGR;63-1110M;308
Genese;15;16;16;VGR;64-0321E;93
Genese;17;0;0;SKN;56-0427;56
Genese;17;0;0;SKN;61-0226;53
Genese;17;0;0;SKN;61-0312;60
Genese;17;0;0;SKN;62-0318M;28
Genese;17;0;0;SKN;65-0123;187
Genese;17;0;0;SKN;65-1127E;72
Genese;17;0;0;VGR;53-0729;96
Genese;17;0;0;VGR;62-0318M;236
Genese;17;0;0;VGR;65-0123;189
Genese;17;0;0;VGR;65-1127E;72
Genese;17;1;1;SKN;61-0210;201
Genese;18;0;0;SKN;61-0312;63
Genese;18;0;0;SKN;61-0312;76
Genese;18;0;0;SKN;61-0312;79
Genese;18;0;0;SKN;61-0317;57
Genese;18;0;0;SKN;61-0416;82
Genese;18;0;0;SKN;62-0718;73
Genese;18;0;0;SKN;64-0629;146
Genese;18;0;0;SKN;65-0221E;102
Genese;18;0;0;SKN;65-0221E;103
Genese;18;0;0;VGR;64-0629;146
Genese;18;0;0;VGR;65-0221E;102
Genese;18;0;0;VGR;65-0221E;103
Genese;19;0;0;VGR;53-0729;109
Genese;20;0;0;VGR;62-0422;79
Genese;20;7;7;SKN;62-0422;39
Genese;20;7;7;VGR;62-0422;69
Genese;21;0;0;VGR;53-0729;121
Genese;22;0;0;SKN;50-0822;22
Genese;22;0;0;SKN;52-0224;10
Genese;22;0;0;SKN;52-0224;56
Genese;22;0;0;SKN;53-0606;12
Genese;22;0;0;SKN;55-0120;17
Genese;22;0;0;SKN;55-0120;19
Genese;22;0;0;SKN;55-0222;16
Genese;22;0;0;SKN;55-0410S;91
Genese;22;0;0;SKN;55-0624;5
Genese;22;0;0;SKN;55-1117;19
Genese;22;0;0;SKN;56-0223;68
Genese;22;0;0;SKN;56-0224;15
Genese;22;0;0;SKN;56-0614;39
Genese;22;0;0;SKN;57-0326;70
Genese;22;0;0;SKN;58-0127;42
Genese;22;0;0;SKN;59-1108;7
Genese;22;0;0;SKN;59-1121;9
Genese;22;0;0;SKN;59-1123;146
Genese;22;0;0;SKN;60-0803;1
Genese;22;0;0;SKN;60-1218;330
Genese;22;0;0;SKN;61-0212M;30
Genese;22;0;0;SKN;61-0226;18
Genese;22;0;0;SKN;61-0226;81
Genese;22;0;0;SKN;61-0312;95
Genese;22;0;0;SKN;62-0121M;23
Genese;22;0;0;SKN;62-0612;42
Genese;22;0;0;SKN;63-0115;54
Genese;22;0;0;SKN;63-0421;106
Genese;22;0;0;SKN;64-0206B;118
Genese;22;0;0;SKN;64-0207;1
Genese;22;0;0;SKN;64-0322;18
Genese;22;0;0;SKN;64-0322;47
Genese;22;0;0;SKN;64-0409;109
Genese;22;0;0;SKN;64-1205;38
Genese;22;0;0;SKN;65-0801E;122
Genese;22;0;0;SKN;65-1206;283
Genese;22;0;0;VGR;52-0224;10
Genese;22;0;0;VGR;52-0224;56
Genese;22;0;0;VGR;59-1108;7
Genese;22;0;0;VGR;60-1218;330
Genese;22;0;0;VGR;62-0121M;52
Genese;22;0;0;VGR;63-0115;54
Genese;22;0;0;VGR;63-0421;186
Genese;22;0;0;VGR;64-0207;1
Genese;22;0;0;VGR;64-0322;18
Genese;22;0;0;VGR;64-0322;47
Genese;22;0;0;VGR;64-0409;176
Genese;22;0;0;VGR;64-1205;74
Genese;22;0;0;VGR;65-0801E;122
Genese;22;0;0;VGR;65-1206;283
Genese;22;1;1;SKN;65-1126;79
Genese;22;1;9;VGR;65-1126;79
Genese;22;7;7;SKN;55-0608;10
Genese;22;14;14;SKN;55-0817;5
Genese;22;14;14;SKN;56-0428;17
Genese;22;14;14;SKN;56-0429;17
Genese;22;14;14;SKN;61-0210;200
Genese;22;14;14;SKN;61-0226;20
Genese;22;14;14;SKN;61-0226;25
Genese;22;14;14;SKN;61-0317;16
Genese;22;14;14;SKN;61-0416;18
Genese;22;14;14;SKN;61-0416;22
Genese;22;15;15;SKN;59-1121;9
Genese;22;16;16;SKN;61-0430;88
Genese;22;16;16;SKN;62-0624;42
Genese;22;16;16;SKN;63-1129;60
Genese;22;16;16;VGR;63-1129;118
Genese;23;0;0;SKN;65-0219;189
Genese;23;0;0;VGR;53-0729;131
Genese;23;0;0;VGR;65-0219;189
Genese;24;0;0;SKN;59-0611;35
Genese;24;7;7;SKN;65-0711;50
Genese;24;7;7;VGR;65-0711;92
Genese;24;56;56;SKN;59-1121;9
Genese;24;58;58;SKN;59-0611;22
Genese;25;0;0;VGR;53-0729;144
Genese;27;0;0;VGR;53-0729;156
Genese;29;0;0;VGR;53-0729;165
Genese;31;0;0;VGR;53-0729;179
Genese;33;0;0;VGR;53-0729;199
Genese;35;0;0;SKN;56-1230;17
Genese;35;0;0;VGR;53-0729;217
Genese;35;0;0;VGR;56-1230;47
Genese;37;0;0;SKN;56-1230;21
Genese;37;0;0;VGR;53-0729;228
Genese;37;0;0;VGR;56-1230;59
Genese;38;0;0;SKN;57-1002;354
Genese;38;0;0;SKN;57-1002;548
Genese;38;0;0;SKN;57-1006;693
Genese;38;0;0;SKN;57-1006;706
Genese;38;0;0;VGR;57-1002;354
Genese;38;0;0;VGR;57-1002;548
Genese;38;0;0;VGR;57-1006;693
Genese;38;0;0;VGR;57-1006;706
Genese;39;0;0;VGR;53-0729;240
Genese;41;0;0;VGR;53-0729;254
Genese;43;0;0;VGR;53-0729;271
Genese;44;0;0;SKN;61-0730M;138
Genese;44;0;0;VGR;61-0730M;138
Genese;44;49;49;SKN;54-0103E;165
Genese;44;49;49;VGR;54-0103E;165
Genese;45;0;0;SKN;53-0325;31
Genese;45;0;0;SKN;60-1204M;319
Genese;45;0;0;SKN;61-0730E;59
Genese;45;0;0;VGR;53-0729;281
Genese;45;0;0;VGR;60-1204M;307
Genese;45;0;0;VGR;61-0730E;59
Genese;48;0;0;SKN;61-0101;138
Genese;48;0;0;VGR;61-0101;132
Genese;49;0;0;SKN;55-0522;84
Genese;49;0;0;SKN;61-0108;321
Genese;49;0;0;VGR;55-0522;69
Genese;49;0;0;VGR;61-0108;316
Habacuc;2;0;0;SKN;64-0830M;195
Habacuc;2;1;1;SKN;64-0830M;194
Habacuc;2;1;1;SKN;64-0830M;195
Habacuc;2;14;14;SKN;64-0830M;193
Hebreux;1;0;0;SKN;56-0122;69
Hebreux;1;0;0;SKN;56-0815;30
Hebreux;1;0;0;SKN;59-0712;87
Hebreux;1;0;0;SKN;61-0424;127
Hebreux;1;0;0;SKN;62-0319;87
Hebreux;1;0;0;SKN;62-0408;7
Hebreux;1;0;0;SKN;62-0627;35
Hebreux;1;0;0;SKN;62-0718;45
Hebreux;1;0;0;SKN;63-0116;142
Hebreux;1;0;0;SKN;63-0122;47
Hebreux;1;0;0;SKN;63-1103;234
Hebreux;1;0;0;SKN;63-1112;99
Hebreux;1;0;0;SKN;64-0112;116
Hebreux;1;0;0;SKN;64-0208;111
Hebreux;1;0;0;SKN;64-0214;87
Hebreux;1;0;0;SKN;64-0304;28
Hebreux;1;0;0;SKN;64-0415;46
Hebreux;1;0;0;SKN;64-0614M;286
Hebreux;1;0;0;SKN;64-0629;57
Hebreux;1;0;0;SKN;64-0629;145
Hebreux;1;0;0;SKN;64-0719M;64
Hebreux;1;0;0;VGR;56-0122;169
Hebreux;1;0;0;VGR;59-0712;87
Hebreux;1;0;0;VGR;63-0116;144
Hebreux;1;0;0;VGR;63-0122;127
Hebreux;1;0;0;VGR;63-1103;234
Hebreux;1;0;0;VGR;64-0112;116
Hebreux;1;0;0;VGR;64-0208;111
Hebreux;1;0;0;VGR;64-0304;28
Hebreux;1;0;0;VGR;64-0415;46
Hebreux;1;0;0;VGR;64-0614M;286
Hebreux;1;0;0;VGR;64-0629;57
Hebreux;1;0;0;VGR;64-0629;145
Hebreux;1;0;0;VGR;64-0719M;82
Hebreux;1;1;1;SKN;61-0424;127
Hebreux;1;1;1;SKN;64-0311;64
Hebreux;1;1;1;SKN;64-0311;72
Hebreux;1;1;1;SKN;64-0313;44
Hebreux;1;1;1;SKN;64-0320;3
Hebreux;1;1;1;SKN;64-0320;84
Hebreux;1;1;1;SKN;64-0321E;121
Hebreux;1;1;1;SKN;65-0801E;49
Hebreux;1;1;1;SKN;65-0822M;16
Hebreux;1;1;1;SKN;65-0822M;52
Hebreux;1;1;1;SKN;65-0822M;101
Hebreux;1;1;1;SKN;65-1206;68
Hebreux;1;1;1;VGR;64-0311;64
Hebreux;1;1;1;VGR;64-0311;72
Hebreux;1;1;1;VGR;64-0313;79
Hebreux;1;1;1;VGR;64-0320;10
Hebreux;1;1;1;VGR;64-0320;116
Hebreux;1;1;1;VGR;64-0320;163
Hebreux;1;1;1;VGR;64-0321E;121
Hebreux;1;1;1;VGR;65-0801E;49
Hebreux;1;1;1;VGR;65-0822M;16
Hebreux;1;1;1;VGR;65-0822M;52
Hebreux;1;1;1;VGR;65-0822M;101
Hebreux;1;1;1;VGR;65-1206;68
Hebreux;1;1;3;SKN;64-0311;9
Hebreux;1;1;3;VGR;64-0311;9
Hebreux;1;4;4;SKN;59-0712;87
Hebreux;1;4;4;VGR;59-0712;87
Hebreux;2;0;0;SKN;62-0401;332
Hebreux;2;0;0;SKN;63-0721;24
Hebreux;2;2;4;SKN;63-0721;23
Hebreux;2;4;4;SKN;62-0407;37
Hebreux;2;4;4;SKN;62-0407;66
Hebreux;2;14;15;SKN;63-0127;62
Hebreux;3;0;0;SKN;51-0923;31
Hebreux;3;0;0;SKN;53-0506;12
Hebreux;3;0;0;SKN;54-0813;4
Hebreux;3;0;0;SKN;55-0115;18
Hebreux;3;0;0;SKN;55-0603;6
Hebreux;3;0;0;SKN;55-1008;25
Hebreux;3;0;0;SKN;56-1002A;36
Hebreux;3;0;0;SKN;57-0115;87
Hebreux;3;0;0;SKN;58-0503;19
Hebreux;3;0;0;SKN;59-0410;44
Hebreux;3;0;0;SKN;61-0128;82
Hebreux;3;0;0;SKN;61-0308;7
Hebreux;3;0;0;SKN;62-0218;146
Hebreux;3;0;0;SKN;63-1103;234
Hebreux;3;0;0;SKN;63-1117;186
Hebreux;3;0;0;SKN;64-0304;135
Hebreux;3;0;0;SKN;64-0305;212
Hebreux;3;0;0;SKN;64-0415;26
Hebreux;3;0;0;VGR;51-0923;81
Hebreux;3;0;0;VGR;63-1103;234
Hebreux;3;0;0;VGR;64-0304;135
Hebreux;3;0;0;VGR;64-0305;212
Hebreux;3;0;0;VGR;64-0415;26
Hebreux;3;1;1;SKN;50-0711;54
Hebreux;3;1;1;SKN;50-0822;25
Hebreux;3;1;1;SKN;51-0503;12
Hebreux;3;1;1;SKN;51-0717;18
Hebreux;3;1;1;SKN;51-0727;40
Hebreux;3;1;1;SKN;51-0729E;33
Hebreux;3;1;1;SKN;52-0817E;12
Hebreux;3;1;1;SKN;53-0219;10
Hebreux;3;1;1;SKN;53-0511;22
Hebreux;3;1;1;SKN;53-0601;11
Hebreux;3;1;1;SKN;53-1111;102
Hebreux;3;1;1;SKN;54-0228E;7
Hebreux;3;1;1;SKN;54-0302;9
Hebreux;3;1;1;SKN;57-0326;120
Hebreux;3;1;1;SKN;58-0515;19
Hebreux;3;1;1;VGR;51-0503;34
Hebreux;4;0;0;SKN;53-0729;152
Hebreux;4;0;0;SKN;55-1008;40
Hebreux;4;0;0;SKN;56-0212;41
Hebreux;4;0;0;SKN;57-0811E;53
Hebreux;4;0;0;SKN;58-0519;57
Hebreux;4;0;0;SKN;59-1216;95
Hebreux;4;0;0;SKN;59-1223;173
Hebreux;4;0;0;SKN;60-0518;129
Hebreux;4;0;0;SKN;60-0724;95
Hebreux;4;0;0;SKN;60-1204E;113
Hebreux;4;0;0;SKN;60-1207;89
Hebreux;4;0;0;SKN;60-1208;30
Hebreux;4;0;0;SKN;61-0121;30
Hebreux;4;0;0;SKN;61-0207;24
Hebreux;4;0;0;SKN;61-0211;56
Hebreux;4;0;0;SKN;61-0217;62
Hebreux;4;0;0;SKN;61-0305;2
Hebreux;4;0;0;SKN;61-0308;34
Hebreux;4;0;0;SKN;61-0412;52
Hebreux;4;0;0;SKN;62-0124;102
Hebreux;4;0;0;SKN;62-0128A;96
Hebreux;4;0;0;SKN;62-0211;28
Hebreux;4;0;0;SKN;62-0311;128
Hebreux;4;0;0;SKN;62-0311;197
Hebreux;4;0;0;SKN;62-0401;317
Hebreux;4;0;0;SKN;62-0520;42
Hebreux;4;0;0;SKN;62-0531;253
Hebreux;4;0;0;SKN;62-0627;90
Hebreux;4;0;0;SKN;62-0628;116
Hebreux;4;0;0;SKN;62-0704;120
Hebreux;4;0;0;SKN;62-0712;83
Hebreux;4;0;0;SKN;63-0318;205
Hebreux;4;0;0;SKN;63-0320;242
Hebreux;4;0;0;SKN;63-0721;175
Hebreux;4;0;0;SKN;63-1103;72
Hebreux;4;0;0;SKN;63-1112;125
Hebreux;4;0;0;SKN;63-1113;69
Hebreux;4;0;0;SKN;63-1116B;161
Hebreux;4;0;0;SKN;63-1117;182
Hebreux;4;0;0;SKN;63-1127;207
Hebreux;4;0;0;SKN;63-1129;60
Hebreux;4;0;0;SKN;63-1130E;218
Hebreux;4;0;0;SKN;64-0120;144
Hebreux;4;0;0;SKN;64-0126;155
Hebreux;4;0;0;SKN;64-0216;46
Hebreux;4;0;0;SKN;64-0306;189
Hebreux;4;0;0;SKN;64-0312;155
Hebreux;4;0;0;SKN;64-0312;182
Hebreux;4;0;0;SKN;64-0313;115
Hebreux;4;0;0;SKN;64-0321E;243
Hebreux;4;0;0;SKN;64-0500;39
Hebreux;4;0;0;SKN;64-0617;59
Hebreux;4;0;0;SKN;64-0719M;177
Hebreux;4;0;0;SKN;64-0802;133
Hebreux;4;0;0;VGR;53-0729;152
Hebreux;4;0;0;VGR;59-1216;95
Hebreux;4;0;0;VGR;60-0518;129
Hebreux;4;0;0;VGR;60-1204E;102
Hebreux;4;0;0;VGR;60-1207;85
Hebreux;4;0;0;VGR;60-1208;30
Hebreux;4;0;0;VGR;61-0305;3
Hebreux;4;0;0;VGR;62-0311;152
Hebreux;4;0;0;VGR;62-0311;422
Hebreux;4;0;0;VGR;62-0531;253
Hebreux;4;0;0;VGR;63-0318;205
Hebreux;4;0;0;VGR;63-0320;242
Hebreux;4;0;0;VGR;63-1103;72
Hebreux;4;0;0;VGR;64-0112;241
Hebreux;4;0;0;VGR;64-0126;155
Hebreux;4;0;0;VGR;64-0306;189
Hebreux;4;0;0;VGR;64-0313;201
Hebreux;4;0;0;VGR;64-0320;195
Hebreux;4;0;0;VGR;64-0321E;243
Hebreux;4;0;0;VGR;64-0409;142
Hebreux;4;0;0;VGR;64-0617;59
Hebreux;4;0;0;VGR;64-0802;133
Hebreux;4;2;2;SKN;60-1204E;158
Hebreux;4;2;2;SKN;62-0401;332
Hebreux;4;2;2;VGR;60-1204E;214
Hebreux;4;4;4;SKN;62-0218;162
Hebreux;4;4;12;SKN;64-0409;94
Hebreux;4;6;6;VGR;59-1223;173
Hebreux;4;12;12;SKN;60-1207;89
Hebreux;4;12;12;SKN;62-0211;26
Hebreux;4;12;12;SKN;62-0218;162
Hebreux;4;12;12;SKN;62-0520;82
Hebreux;4;12;12;SKN;62-0521;19
Hebreux;4;12;12;SKN;62-0608;38
Hebreux;4;12;12;SKN;62-0609E;68
Hebreux;4;12;12;SKN;62-0718;44
Hebreux;4;12;12;SKN;62-0719E;55
Hebreux;4;12;12;SKN;62-0727;33
Hebreux;4;12;12;SKN;62-0728;60
Hebreux;4;12;12;SKN;62-0729;58
Hebreux;4;12;12;SKN;63-0113E;100
Hebreux;4;12;12;SKN;63-0627;68
Hebreux;4;12;12;SKN;63-0802;107
Hebreux;4;12;12;SKN;63-1116E;142
Hebreux;4;12;12;SKN;64-0305;67
Hebreux;4;12;12;SKN;64-0311;135
Hebreux;4;12;12;SKN;64-0320;94
Hebreux;4;12;12;SKN;64-0500;84
Hebreux;4;12;12;SKN;64-0617;59
Hebreux;4;12;12;SKN;64-0617;171
Hebreux;4;12;12;SKN;64-0619;83
Hebreux;4;12;12;SKN;64-0621;171
Hebreux;4;12;12;SKN;64-0719M;62
Hebreux;4;12;12;SKN;64-0816;164
Hebreux;4;12;12;SKN;65-0426;125
Hebreux;4;12;12;SKN;65-0822M;66
Hebreux;4;12;12;SKN;65-0822M;110
Hebreux;4;12;12;VGR;60-1207;85
Hebreux;4;12;12;VGR;63-0113E;100
Hebreux;4;12;12;VGR;64-0305;67
Hebreux;4;12;12;VGR;64-0311;135
Hebreux;4;12;12;VGR;64-0320;192
Hebreux;4;12;12;VGR;64-0617;59
Hebreux;4;12;12;VGR;64-0617;171
Hebreux;4;12;12;VGR;64-0619;96
Hebreux;4;12;12;VGR;64-0719M;77
Hebreux;4;12;12;VGR;64-0719M;245
Hebreux;4;12;12;VGR;64-0816;164
Hebreux;4;12;12;VGR;65-0426;157
Hebreux;4;12;12;VGR;65-0822M;66
Hebreux;4;12;12;VGR;65-0822M;110
Hebreux;4;14;14;SKN;64-0311;143
Hebreux;4;14;14;SKN;64-0320;98
Hebreux;4;14;14;VGR;64-0311;143
Hebreux;4;15;15;SKN;60-0609;49
Hebreux;4;15;15;SKN;64-0816;250
Hebreux;4;15;15;VGR;64-0816;250
Hebreux;6;0;0;SKN;51-0414;6
Hebreux;6;0;0;SKN;51-0501;14
Hebreux;6;0;0;SKN;53-0609A;61
Hebreux;6;0;0;SKN;54-0620E;51
Hebreux;6;0;0;SKN;59-1219;203
Hebreux;6;0;0;SKN;59-1220E;36
Hebreux;6;0;0;SKN;59-1223;173
Hebreux;6;0;0;SKN;60-0221;106
Hebreux;6;0;0;SKN;60-0518;125
Hebreux;6;0;0;SKN;60-0518;127
Hebreux;6;0;0;SKN;60-1205;236
Hebreux;6;0;0;SKN;61-0112;206
Hebreux;6;0;0;SKN;61-0112;223
Hebreux;6;0;0;SKN;61-0117;57
Hebreux;6;0;0;SKN;61-0723E;85
Hebreux;6;0;0;SKN;61-0723E;86
Hebreux;6;0;0;SKN;62-0318E;1
Hebreux;6;0;0;SKN;62-0408;46
Hebreux;6;0;0;SKN;62-0610M;73
Hebreux;6;0;0;SKN;62-0623;32
Hebreux;6;0;0;SKN;62-0706;36
Hebreux;6;0;0;SKN;63-0707M;233
Hebreux;6;0;0;SKN;64-0417;101
Hebreux;6;0;0;SKN;64-0816;128
Hebreux;6;0;0;SKN;65-0725M;31
Hebreux;6;0;0;VGR;53-0609A;61
Hebreux;6;0;0;VGR;59-1219;191
Hebreux;6;0;0;VGR;59-1219;203
Hebreux;6;0;0;VGR;59-1220E;36
Hebreux;6;0;0;VGR;60-0221;106
Hebreux;6;0;0;VGR;60-0518;125
Hebreux;6;0;0;VGR;60-0518;127
Hebreux;6;0;0;VGR;60-1205;205
Hebreux;6;0;0;VGR;61-0112;206
Hebreux;6;0;0;VGR;61-0112;223
Hebreux;6;0;0;VGR;61-0723E;85
Hebreux;6;0;0;VGR;61-0723E;86
Hebreux;6;0;0;VGR;62-0318M;403
Hebreux;6;0;0;VGR;63-0707;233
Hebreux;6;0;0;VGR;63-0707M;233
Hebreux;6;0;0;VGR;64-0417;101
Hebreux;6;0;0;VGR;64-0816;128
Hebreux;6;0;0;VGR;65-0725M;31
Hebreux;6;1;1;SKN;63-0707M;233
Hebreux;6;1;1;VGR;63-0707;234
Hebreux;6;1;1;VGR;63-0707M;234
Hebreux;6;4;4;SKN;59-1220M;6
Hebreux;6;4;4;SKN;59-1223;2
Hebreux;6;4;4;SKN;61-1015M;58
Hebreux;6;4;4;SKN;61-1015M;59
Hebreux;6;4;4;SKN;61-1015M;60
Hebreux;6;4;4;VGR;59-1223;2
Hebreux;6;4;4;VGR;59-1223;173
Hebreux;6;4;4;VGR;61-1015M;58
Hebreux;6;4;4;VGR;61-1015M;59
Hebreux;6;4;4;VGR;61-1015M;60
Hebreux;6;4;6;SKN;59-1219;160
Hebreux;6;4;6;VGR;59-1219;160
Hebreux;6;12;12;SKN;61-0101;199
Hebreux;6;12;12;VGR;61-0101;194
Hebreux;7;0;0;SKN;57-0418;51
Hebreux;7;0;0;SKN;57-0821;168
Hebreux;7;0;0;SKN;58-0928E;79
Hebreux;7;0;0;SKN;64-0402;85
Hebreux;7;0;0;SKN;64-0823E;181
Hebreux;7;0;0;SKN;65-0801M;64
Hebreux;7;0;0;VGR;57-0418;57
Hebreux;7;0;0;VGR;57-0821;168
Hebreux;7;0;0;VGR;58-0928E;79
Hebreux;7;0;0;VGR;64-0402;85
Hebreux;7;0;0;VGR;64-0823E;181
Hebreux;7;0;0;VGR;65-0801M;64
Hebreux;7;1;3;SKN;65-0221E;29
Hebreux;7;2;2;SKN;65-0221E;96
Hebreux;7;2;2;VGR;65-0221E;96
Hebreux;8;0;0;SKN;56-0419;16
Hebreux;8;13;13;SKN;51-0727;23
Hebreux;9;0;0;SKN;52-0716;28
Hebreux;9;0;0;SKN;53-0729;151
Hebreux;9;0;0;SKN;55-0403;16
Hebreux;9;0;0;SKN;63-1028;68
Hebreux;9;0;0;VGR;53-0729;151
Hebreux;9;0;0;VGR;55-0403;60
Hebreux;9;0;0;VGR;63-1028;171
Hebreux;9;11;11;SKN;60-0522M;134
Hebreux;9;11;11;SKN;62-1124E;48
Hebreux;9;11;11;SKN;63-1028;68
Hebreux;9;11;11;SKN;63-1128E;172
Hebreux;9;11;11;SKN;64-0308;140
Hebreux;9;11;11;VGR;60-0522M;134
Hebreux;9;11;11;VGR;63-1028;171
Hebreux;9;11;11;VGR;64-0208;136
Hebreux;9;11;11;VGR;64-0308;140
Hebreux;9;11;14;SKN;63-0901M;376
Hebreux;9;11;14;SKN;64-0208;136
Hebreux;9;11;14;VGR;63-0901M;376
Hebreux;9;12;12;SKN;62-1216;59
Hebreux;9;23;23;SKN;61-0101;212
Hebreux;9;23;23;VGR;61-0101;207
Hebreux;10;0;0;SKN;54-0620E;52
Hebreux;10;0;0;SKN;54-1114;26
Hebreux;10;0;0;SKN;55-0220E;60
Hebreux;10;0;0;SKN;55-0221;44
Hebreux;10;0;0;SKN;55-0223;33
Hebreux;10;0;0;SKN;55-0312;14
Hebreux;10;0;0;SKN;55-0312;16
Hebreux;10;0;0;SKN;55-0605;49
Hebreux;10;0;0;SKN;55-1119;47
Hebreux;10;0;0;SKN;56-0603;27
Hebreux;10;0;0;SKN;56-0610;1
Hebreux;10;0;0;SKN;56-0715;14
Hebreux;10;0;0;SKN;57-0908E;379
Hebreux;10;0;0;SKN;57-0908M;169
Hebreux;10;0;0;SKN;57-0922E;311
Hebreux;10;0;0;SKN;59-0628E;137
Hebreux;10;0;0;SKN;59-1219;168
Hebreux;10;0;0;SKN;59-1220M;7
Hebreux;10;0;0;SKN;60-0301;139
Hebreux;10;0;0;SKN;60-0301;140
Hebreux;10;0;0;SKN;60-0802;11
Hebreux;10;0;0;SKN;61-0317;14
Hebreux;10;0;0;SKN;61-1015M;59
Hebreux;10;0;0;SKN;61-1015M;64
Hebreux;10;0;0;SKN;62-1014M;53
Hebreux;10;0;0;SKN;63-0707M;247
Hebreux;10;0;0;SKN;63-1124M;208
Hebreux;10;0;0;SKN;64-0126;146
Hebreux;10;0;0;VGR;54-1114;82
Hebreux;10;0;0;VGR;56-0715;32
Hebreux;10;0;0;VGR;57-0908E;379
Hebreux;10;0;0;VGR;57-0908M;169
Hebreux;10;0;0;VGR;57-0922E;311
Hebreux;10;0;0;VGR;59-0628E;137
Hebreux;10;0;0;VGR;59-1219;168
Hebreux;10;0;0;VGR;60-0221;106
Hebreux;10;0;0;VGR;61-1015M;59
Hebreux;10;0;0;VGR;61-1015M;64
Hebreux;10;0;0;VGR;62-1014M;68
Hebreux;10;0;0;VGR;63-0707;248
Hebreux;10;0;0;VGR;63-0707M;248
Hebreux;10;0;0;VGR;63-1124M;208
Hebreux;10;0;0;VGR;64-0126;146
Hebreux;10;1;1;SKN;64-0311;86
Hebreux;10;1;1;VGR;64-0311;86
Hebreux;10;1;5;SKN;62-1111M;14
Hebreux;10;5;5;SKN;62-1111M;14
Hebreux;10;5;5;SKN;62-1111M;36
Hebreux;10;12;12;SKN;63-0901M;357
Hebreux;10;12;12;VGR;63-0901M;357
Hebreux;10;14;14;SKN;55-0115;34
Hebreux;10;14;14;SKN;56-0610;1
Hebreux;10;14;14;VGR;56-0610;142
Hebreux;10;26;26;SKN;59-1223;2
Hebreux;10;26;26;SKN;59-1223;173
Hebreux;10;26;26;SKN;61-1015M;59
Hebreux;10;26;26;SKN;63-1128E;99
Hebreux;10;26;26;SKN;64-0308;93
Hebreux;10;26;26;SKN;65-0911;130
Hebreux;10;26;26;SKN;65-1031M;254
Hebreux;10;26;26;VGR;59-1223;2
Hebreux;10;26;26;VGR;59-1223;173
Hebreux;10;26;26;VGR;61-1015M;59
Hebreux;10;26;26;VGR;64-0308;93
Hebreux;10;26;26;VGR;65-0911;189
Hebreux;10;26;26;VGR;65-1031M;254
Hebreux;10;26;39;VGR;61-1015M;58
Hebreux;10;40;40;SKN;55-0115;26
Hebreux;10;47;47;SKN;54-0718E;40
Hebreux;11;0;0;SKN;53-1111;95
Hebreux;11;0;0;SKN;55-0109M;129
Hebreux;11;0;0;SKN;56-0122;69
Hebreux;11;0;0;SKN;56-1005;12
Hebreux;11;0;0;SKN;56-1230;30
Hebreux;11;0;0;SKN;57-0821;100
Hebreux;11;0;0;SKN;58-0125;35
Hebreux;11;0;0;SKN;58-0313;78
Hebreux;11;0;0;SKN;58-1004;64
Hebreux;11;0;0;SKN;59-1227E;45
Hebreux;11;0;0;SKN;60-0611E;131
Hebreux;11;0;0;SKN;60-0806;29
Hebreux;11;0;0;SKN;60-0911E;61
Hebreux;11;0;0;SKN;60-1204M;57
Hebreux;11;0;0;SKN;60-1204M;142
Hebreux;11;0;0;SKN;60-1205;41
Hebreux;11;0;0;SKN;61-0213;47
Hebreux;11;0;0;SKN;61-0216;32
Hebreux;11;0;0;SKN;62-0120;23
Hebreux;11;0;0;SKN;62-0401;206
Hebreux;11;0;0;SKN;62-0401;281
Hebreux;11;0;0;SKN;62-0621E;22
Hebreux;11;0;0;SKN;62-0718;38
Hebreux;11;0;0;SKN;62-0909E;80
Hebreux;11;0;0;SKN;62-1014M;84
Hebreux;11;0;0;SKN;62-1014M;268
Hebreux;11;0;0;SKN;62-1104M;79
Hebreux;11;0;0;SKN;62-1122;76
Hebreux;11;0;0;SKN;62-1125E;13
Hebreux;11;0;0;SKN;62-1216;59
Hebreux;11;0;0;SKN;63-0421;18
Hebreux;11;0;0;SKN;63-0728;626
Hebreux;11;0;0;SKN;63-0901M;88
Hebreux;11;0;0;SKN;63-1110M;142
Hebreux;11;0;0;SKN;63-1127;128
Hebreux;11;0;0;SKN;64-0207;60
Hebreux;11;0;0;SKN;64-0802;311
Hebreux;11;0;0;SKN;64-0823E;120
Hebreux;11;0;0;VGR;55-0109M;129
Hebreux;11;0;0;VGR;56-0122;169
Hebreux;11;0;0;VGR;56-1230;80
Hebreux;11;0;0;VGR;57-0821;100
Hebreux;11;0;0;VGR;59-1227E;45
Hebreux;11;0;0;VGR;60-0911E;61
Hebreux;11;0;0;VGR;60-1204M;57
Hebreux;11;0;0;VGR;60-1204M;139
Hebreux;11;0;0;VGR;60-1205;41
Hebreux;11;0;0;VGR;60-1218;331
Hebreux;11;0;0;VGR;62-0909E;77
Hebreux;11;0;0;VGR;62-1014M;104
Hebreux;11;0;0;VGR;62-1014M;363
Hebreux;11;0;0;VGR;62-1104M;83
Hebreux;11;0;0;VGR;63-0421;36
Hebreux;11;0;0;VGR;63-0728;626
Hebreux;11;0;0;VGR;63-0818;123
Hebreux;11;0;0;VGR;63-0901M;88
Hebreux;11;0;0;VGR;63-1110M;142
Hebreux;11;0;0;VGR;64-0207;60
Hebreux;11;0;0;VGR;64-0802;311
Hebreux;11;0;0;VGR;64-0823E;120
Hebreux;11;1;1;SKN;51-0508;18
Hebreux;11;1;1;SKN;56-0715;14
Hebreux;11;1;1;SKN;57-0925;168
Hebreux;11;1;1;SKN;58-0517E;43
Hebreux;11;1;1;SKN;60-0108;21
Hebreux;11;1;1;VGR;56-0715;32
Hebreux;11;1;1;VGR;57-0925;168
Hebreux;11;2;2;SKN;51-0501;32
Hebreux;11;2;2;SKN;52-0817E;15
Hebreux;11;2;2;SKN;53-0604;10
Hebreux;11;2;2;SKN;53-0607E;1
Hebreux;11;2;2;SKN;53-0614;14
Hebreux;11;2;2;SKN;54-0304;64
Hebreux;11;2;2;SKN;54-0900;5
Hebreux;11;3;3;SKN;65-0117;85
Hebreux;11;3;3;SKN;65-0117;86
Hebreux;11;7;7;SKN;60-1218;331
Hebreux;11;10;10;SKN;50-0818;21
Hebreux;11;17;17;SKN;60-1218;331
Hebreux;11;17;17;VGR;60-1218;331
Hebreux;11;17;19;SKN;60-1218;331
Hebreux;11;23;23;SKN;65-1207;38
Hebreux;11;23;23;VGR;65-1207;245
Hebreux;11;34;34;SKN;61-1119;117
Hebreux;11;34;34;VGR;61-1119;117
Hebreux;12;0;0;SKN;51-0502;16
Hebreux;12;0;0;SKN;54-0514;52
Hebreux;12;0;0;SKN;56-0128;62
Hebreux;12;0;0;SKN;56-1002E;12
Hebreux;12;0;0;SKN;62-1216;59
Hebreux;12;0;0;SKN;64-0308;134
Hebreux;12;0;0;SKN;65-0426;125
Hebreux;12;0;0;VGR;54-0514;52
Hebreux;12;0;0;VGR;56-1002E;23
Hebreux;12;0;0;VGR;64-0308;134
Hebreux;12;1;1;SKN;55-0109M;136
Hebreux;12;1;1;VGR;55-0109M;136
Hebreux;12;13;13;SKN;60-0911E;159
Hebreux;12;24;24;SKN;63-0901M;357
Hebreux;12;24;24;SKN;64-0208;127
Hebreux;12;24;24;VGR;63-0901M;357
Hebreux;12;24;24;VGR;64-0208;127
Hebreux;12;25;25;SKN;62-1216;21
Hebreux;12;25;25;SKN;63-0412M;17
Hebreux;12;25;25;SKN;63-1115;52
Hebreux;13;0;0;SKN;51-0722A;14
Hebreux;13;0;0;SKN;54-0404M;21
Hebreux;13;0;0;SKN;55-0220E;22
Hebreux;13;0;0;SKN;56-0200;12
Hebreux;13;0;0;SKN;57-0901E;20
Hebreux;13;0;0;SKN;60-0109;13
Hebreux;13;0;0;SKN;60-1113;81
Hebreux;13;0;0;SKN;61-0101;199
Hebreux;13;0;0;SKN;61-0124;19
Hebreux;13;0;0;SKN;62-1125E;49
Hebreux;13;0;0;SKN;63-0901M;322
Hebreux;13;0;0;SKN;64-0208;106
Hebreux;13;0;0;SKN;64-0415;46
Hebreux;13;0;0;SKN;64-0719E;126
Hebreux;13;0;0;SKN;65-0123;153
Hebreux;13;0;0;VGR;57-0901E;20
Hebreux;13;0;0;VGR;60-1113;106
Hebreux;13;0;0;VGR;63-0901M;322
Hebreux;13;0;0;VGR;64-0208;106
Hebreux;13;0;0;VGR;64-0415;46
Hebreux;13;0;0;VGR;65-0123;154
Hebreux;13;1;1;SKN;54-1207;47
Hebreux;13;5;5;SKN;64-0415;47
Hebreux;13;5;5;VGR;64-0415;47
Hebreux;13;8;8;SKN;51-0929;22
Hebreux;13;8;8;SKN;52-0726;64
Hebreux;13;8;8;SKN;52-0809;13
Hebreux;13;8;8;SKN;52-0810E;15
Hebreux;13;8;8;SKN;52-0817E;11
Hebreux;13;8;8;SKN;53-0215;7
Hebreux;13;8;8;SKN;53-0506;11
Hebreux;13;8;8;SKN;53-0531;4
Hebreux;13;8;8;SKN;53-0606;29
Hebreux;13;8;8;SKN;53-1106;52
Hebreux;13;8;8;SKN;53-1121;26
Hebreux;13;8;8;SKN;54-0217;56
Hebreux;13;8;8;SKN;54-0228E;31
Hebreux;13;8;8;SKN;54-0302;35
Hebreux;13;8;8;SKN;54-0314;36
Hebreux;13;8;8;SKN;54-0331;42
Hebreux;13;8;8;SKN;54-0514;38
Hebreux;13;8;8;SKN;54-0718E;9
Hebreux;13;8;8;SKN;54-0724;9
Hebreux;13;8;8;SKN;54-0809E;33
Hebreux;13;8;8;SKN;54-0824;6
Hebreux;13;8;8;SKN;54-1205;1
Hebreux;13;8;8;SKN;54-1207;23
Hebreux;13;8;8;SKN;54-1207;33
Hebreux;13;8;8;SKN;55-0113;39
Hebreux;13;8;8;SKN;55-0220E;51
Hebreux;13;8;8;SKN;55-0222;19
Hebreux;13;8;8;SKN;55-0603;8
Hebreux;13;8;8;SKN;55-0608;72
Hebreux;13;8;8;SKN;55-0806;13
Hebreux;13;8;8;SKN;55-1119;67
Hebreux;13;8;8;SKN;56-0225;9
Hebreux;13;8;8;SKN;56-0406;59
Hebreux;13;8;8;SKN;56-0426;18
Hebreux;13;8;8;SKN;56-0426;31
Hebreux;13;8;8;SKN;56-0428;58
Hebreux;13;8;8;SKN;56-0429;58
Hebreux;13;8;8;SKN;56-0615;53
Hebreux;13;8;8;SKN;56-1001;17
Hebreux;13;8;8;SKN;56-1208;48
Hebreux;13;8;8;SKN;56-1208;63
Hebreux;13;8;8;SKN;57-0104;26
Hebreux;13;8;8;SKN;57-0104;63
Hebreux;13;8;8;SKN;57-0105;84
Hebreux;13;8;8;SKN;57-0106;55
Hebreux;13;8;8;SKN;57-0114;49
Hebreux;13;8;8;SKN;57-0115;88
Hebreux;13;8;8;SKN;57-0226;13
Hebreux;13;8;8;SKN;57-0305;56
Hebreux;13;8;8;SKN;57-0322;62
Hebreux;13;8;8;SKN;57-0323;60
Hebreux;13;8;8;SKN;57-0421E;11
Hebreux;13;8;8;SKN;57-0517;38
Hebreux;13;8;8;SKN;57-0610;47
Hebreux;13;8;8;SKN;57-0613E;51
Hebreux;13;8;8;SKN;57-0614;44
Hebreux;13;8;8;SKN;57-0804E;8
Hebreux;13;8;8;SKN;57-1211;13
Hebreux;13;8;8;SKN;57-1212;47
Hebreux;13;8;8;SKN;57-1213;24
Hebreux;13;8;8;SKN;58-0105;37
Hebreux;13;8;8;SKN;58-0207;14
Hebreux;13;8;8;SKN;58-0207;16
Hebreux;13;8;8;SKN;58-0208;69
Hebreux;13;8;8;SKN;58-0214;19
Hebreux;13;8;8;SKN;58-0223;16
Hebreux;13;8;8;SKN;58-0225;12
Hebreux;13;8;8;SKN;58-0323;29
Hebreux;13;8;8;SKN;58-0323;35
Hebreux;13;8;8;SKN;58-0324;32
Hebreux;13;8;8;SKN;58-0503;58
Hebreux;13;8;8;SKN;58-0510;60
Hebreux;13;8;8;SKN;58-0512;56
Hebreux;13;8;8;SKN;58-0515;10
Hebreux;13;8;8;SKN;58-0523;10
Hebreux;13;8;8;SKN;58-0524;59
Hebreux;13;8;8;SKN;58-0612;6
Hebreux;13;8;8;SKN;58-0619E;10
Hebreux;13;8;8;SKN;58-0625;71
Hebreux;13;8;8;SKN;59-0404;13
Hebreux;13;8;8;SKN;59-0422;12
Hebreux;13;8;8;SKN;59-0614;36
Hebreux;13;8;8;SKN;60-0313;62
Hebreux;13;8;8;SKN;60-0401E;61
Hebreux;13;8;8;SKN;60-0708;16
Hebreux;13;8;8;SKN;60-0711;46
Hebreux;13;8;8;SKN;60-0716;121
Hebreux;13;8;8;SKN;60-0720;9
Hebreux;13;8;8;SKN;60-0729;10
Hebreux;13;8;8;SKN;60-0911E;89
Hebreux;13;8;8;SKN;60-1126;74
Hebreux;13;8;8;SKN;60-1204M;235
Hebreux;13;8;8;SKN;60-1205;121
Hebreux;13;8;8;SKN;61-0118;25
Hebreux;13;8;8;SKN;61-0119E;134
Hebreux;13;8;8;SKN;61-0123;17
Hebreux;13;8;8;SKN;61-0205E;22
Hebreux;13;8;8;SKN;61-0205E;28
Hebreux;13;8;8;SKN;61-0208;20
Hebreux;13;8;8;SKN;61-0212E;8
Hebreux;13;8;8;SKN;61-0212E;10
Hebreux;13;8;8;SKN;61-0219;20
Hebreux;13;8;8;SKN;61-0315;194
Hebreux;13;8;8;SKN;61-0317;73
Hebreux;13;8;8;SKN;61-0409;19
Hebreux;13;8;8;SKN;61-0409;22
Hebreux;13;8;8;SKN;61-0415E;79
Hebreux;13;8;8;SKN;61-0516A;21
Hebreux;13;8;8;SKN;61-0519;19
Hebreux;13;8;8;SKN;61-0827;185
Hebreux;13;8;8;SKN;62-0118;156
Hebreux;13;8;8;SKN;62-0120;59
Hebreux;13;8;8;SKN;62-0120;85
Hebreux;13;8;8;SKN;62-0124;59
Hebreux;13;8;8;SKN;62-0124;121
Hebreux;13;8;8;SKN;62-0129;20
Hebreux;13;8;8;SKN;62-0218;35
Hebreux;13;8;8;SKN;62-0218;245
Hebreux;13;8;8;SKN;62-0318E;1
Hebreux;13;8;8;SKN;62-0401;266
Hebreux;13;8;8;SKN;62-0521;90
Hebreux;13;8;8;SKN;62-0607;91
Hebreux;13;8;8;SKN;62-0608;99
Hebreux;13;8;8;SKN;62-0611;51
Hebreux;13;8;8;SKN;62-0627;25
Hebreux;13;8;8;SKN;62-0627;27
Hebreux;13;8;8;SKN;62-0701;145
Hebreux;13;8;8;SKN;62-0704;45
Hebreux;13;8;8;SKN;62-0712;25
Hebreux;13;8;8;SKN;62-0714;97
Hebreux;13;8;8;SKN;62-0720;88
Hebreux;13;8;8;SKN;62-0724;34
Hebreux;13;8;8;SKN;62-0724;35
Hebreux;13;8;8;SKN;62-0724;37
Hebreux;13;8;8;SKN;62-0726;94
Hebreux;13;8;8;SKN;62-0727;21
Hebreux;13;8;8;SKN;62-0727;24
Hebreux;13;8;8;SKN;62-0728;57
Hebreux;13;8;8;SKN;62-0728;79
Hebreux;13;8;8;SKN;62-0909M;26
Hebreux;13;8;8;SKN;62-1013;16
Hebreux;13;8;8;SKN;62-1123;85
Hebreux;13;8;8;SKN;62-1209;55
Hebreux;13;8;8;SKN;62-1216;59
Hebreux;13;8;8;SKN;62-1223;196
Hebreux;13;8;8;SKN;62-1230E;117
Hebreux;13;8;8;SKN;63-0114;155
Hebreux;13;8;8;SKN;63-0114;165
Hebreux;13;8;8;SKN;63-0115;247
Hebreux;13;8;8;SKN;63-0117;160
Hebreux;13;8;8;SKN;63-0117;191
Hebreux;13;8;8;SKN;63-0117;200
Hebreux;13;8;8;SKN;63-0120E;104
Hebreux;13;8;8;SKN;63-0121;42
Hebreux;13;8;8;SKN;63-0122;72
Hebreux;13;8;8;SKN;63-0122;85
Hebreux;13;8;8;SKN;63-0123;293
Hebreux;13;8;8;SKN;63-0320;246
Hebreux;13;8;8;SKN;63-0428;41
Hebreux;13;8;8;SKN;63-0628E;10
Hebreux;13;8;8;SKN;63-0707M;81
Hebreux;13;8;8;SKN;63-0707M;120
Hebreux;13;8;8;SKN;63-0707M;159
Hebreux;13;8;8;SKN;63-0707M;226
Hebreux;13;8;8;SKN;63-0707M;232
Hebreux;13;8;8;SKN;63-0728;131
Hebreux;13;8;8;SKN;63-0901M;387
Hebreux;13;8;8;SKN;63-0901M;432
Hebreux;13;8;8;SKN;63-1028;28
Hebreux;13;8;8;SKN;63-1103;121
Hebreux;13;8;8;SKN;63-1103;168
Hebreux;13;8;8;SKN;63-1103;195
Hebreux;13;8;8;SKN;63-1110E;42
Hebreux;13;8;8;SKN;63-1110M;309
Hebreux;13;8;8;SKN;63-1112;29
Hebreux;13;8;8;SKN;63-1112;30
Hebreux;13;8;8;SKN;63-1112;64
Hebreux;13;8;8;SKN;63-1113;111
Hebreux;13;8;8;SKN;63-1115;210
Hebreux;13;8;8;SKN;63-1124M;172
Hebreux;13;8;8;SKN;63-1127;97
Hebreux;13;8;8;SKN;63-1127;147
Hebreux;13;8;8;SKN;63-1128E;175
Hebreux;13;8;8;SKN;63-1129;60
Hebreux;13;8;8;SKN;63-1130B;57
Hebreux;13;8;8;SKN;63-1130E;181
Hebreux;13;8;8;SKN;63-1130E;185
Hebreux;13;8;8;SKN;63-1214;122
Hebreux;13;8;8;SKN;63-1229E;207
Hebreux;13;8;8;SKN;63-1229M;216
Hebreux;13;8;8;SKN;64-0119;168
Hebreux;13;8;8;SKN;64-0122;94
Hebreux;13;8;8;SKN;64-0125;29
Hebreux;13;8;8;SKN;64-0126;57
Hebreux;13;8;8;SKN;64-0126;128
Hebreux;13;8;8;SKN;64-0206E;88
Hebreux;13;8;8;SKN;64-0207;68
Hebreux;13;8;8;SKN;64-0208;137
Hebreux;13;8;8;SKN;64-0212;104
Hebreux;13;8;8;SKN;64-0214;127
Hebreux;13;8;8;SKN;64-0216;55
Hebreux;13;8;8;SKN;64-0304;18
Hebreux;13;8;8;SKN;64-0308;146
Hebreux;13;8;8;SKN;64-0311;72
Hebreux;13;8;8;SKN;64-0311;86
Hebreux;13;8;8;SKN;64-0311;140
Hebreux;13;8;8;SKN;64-0312;107
Hebreux;13;8;8;SKN;64-0312;137
Hebreux;13;8;8;SKN;64-0318;6
Hebreux;13;8;8;SKN;64-0318;20
Hebreux;13;8;8;SKN;64-0319;42
Hebreux;13;8;8;SKN;64-0320;54
Hebreux;13;8;8;SKN;64-0320;84
Hebreux;13;8;8;SKN;64-0320;95
Hebreux;13;8;8;SKN;64-0405;22
Hebreux;13;8;8;SKN;64-0409;23
Hebreux;13;8;8;SKN;64-0412;68
Hebreux;13;8;8;SKN;64-0416;176
Hebreux;13;8;8;SKN;64-0416;190
Hebreux;13;8;8;SKN;64-0427;25
Hebreux;13;8;8;SKN;64-0614M;88
Hebreux;13;8;8;SKN;64-0614M;322
Hebreux;13;8;8;SKN;64-0614M;346
Hebreux;13;8;8;SKN;64-0617;2
Hebreux;13;8;8;SKN;64-0617;22
Hebreux;13;8;8;SKN;64-0617;32
Hebreux;13;8;8;SKN;64-0617;135
Hebreux;13;8;8;SKN;64-0621;74
Hebreux;13;8;8;SKN;64-0629;98
Hebreux;13;8;8;SKN;64-0629;175
Hebreux;13;8;8;SKN;64-0719E;126
Hebreux;13;8;8;SKN;64-0719M;62
Hebreux;13;8;8;SKN;64-0719M;87
Hebreux;13;8;8;SKN;64-0719M;177
Hebreux;13;8;8;SKN;64-0816;222
Hebreux;13;8;8;SKN;64-0816;229
Hebreux;13;8;8;SKN;64-0816;233
Hebreux;13;8;8;SKN;64-0816;250
Hebreux;13;8;8;SKN;64-1212;68
Hebreux;13;8;8;SKN;64-1212;186
Hebreux;13;8;8;SKN;64-1227;208
Hebreux;13;8;8;SKN;65-0117;115
Hebreux;13;8;8;SKN;65-0117;131
Hebreux;13;8;8;SKN;65-0123;60
Hebreux;13;8;8;SKN;65-0218;101
Hebreux;13;8;8;SKN;65-0218;105
Hebreux;13;8;8;SKN;65-0219;242
Hebreux;13;8;8;SKN;65-0220;108
Hebreux;13;8;8;SKN;65-0221E;158
Hebreux;13;8;8;SKN;65-0410;162
Hebreux;13;8;8;SKN;65-0418M;62
Hebreux;13;8;8;SKN;65-0418M;277
Hebreux;13;8;8;SKN;65-0425;187
Hebreux;13;8;8;SKN;65-0426;131
Hebreux;13;8;8;SKN;65-0429E;20
Hebreux;13;8;8;SKN;65-0801E;126
Hebreux;13;8;8;SKN;65-0801E;131
Hebreux;13;8;8;SKN;65-0801M;161
Hebreux;13;8;8;SKN;65-0822M;79
Hebreux;13;8;8;SKN;65-0919;64
Hebreux;13;8;8;SKN;65-0919;125
Hebreux;13;8;8;SKN;65-1205;9
Hebreux;13;8;8;SKN;65-1206;30
Hebreux;13;8;8;SKN;65-1206;288
Hebreux;13;8;8;SKN;65-1207;38
Hebreux;13;8;8;VGR;54-0514;38
Hebreux;13;8;8;VGR;54-1219M;283
Hebreux;13;8;8;VGR;56-1001;32
Hebreux;13;8;8;VGR;57-0421E;11
Hebreux;13;8;8;VGR;58-0225;38
Hebreux;13;8;8;VGR;59-0404;33
Hebreux;13;8;8;VGR;60-0911E;89
Hebreux;13;8;8;VGR;60-1204M;230
Hebreux;13;8;8;VGR;60-1205;114
Hebreux;13;8;8;VGR;62-0318M;403
Hebreux;13;8;8;VGR;62-0909M;91
Hebreux;13;8;8;VGR;62-1013;16
Hebreux;13;8;8;VGR;62-1209;62
Hebreux;13;8;8;VGR;62-1223;292
Hebreux;13;8;8;VGR;62-1230E;250
Hebreux;13;8;8;VGR;63-0114;155
Hebreux;13;8;8;VGR;63-0114;165
Hebreux;13;8;8;VGR;63-0115;247
Hebreux;13;8;8;VGR;63-0121;142
Hebreux;13;8;8;VGR;63-0122;215
Hebreux;13;8;8;VGR;63-0122;247
Hebreux;13;8;8;VGR;63-0123;293
Hebreux;13;8;8;VGR;63-0320;246
Hebreux;13;8;8;VGR;63-0707;81
Hebreux;13;8;8;VGR;63-0707;120
Hebreux;13;8;8;VGR;63-0707;159
Hebreux;13;8;8;VGR;63-0707;226
Hebreux;13;8;8;VGR;63-0707;232
Hebreux;13;8;8;VGR;63-0707M;81
Hebreux;13;8;8;VGR;63-0707M;120
Hebreux;13;8;8;VGR;63-0707M;159
Hebreux;13;8;8;VGR;63-0707M;226
Hebreux;13;8;8;VGR;63-0707M;232
Hebreux;13;8;8;VGR;63-0728;131
Hebreux;13;8;8;VGR;63-0901M;387
Hebreux;13;8;8;VGR;63-0901M;432
Hebreux;13;8;8;VGR;63-1028;64
Hebreux;13;8;8;VGR;63-1103;121
Hebreux;13;8;8;VGR;63-1103;168
Hebreux;13;8;8;VGR;63-1103;195
Hebreux;13;8;8;VGR;63-1110E;190
Hebreux;13;8;8;VGR;63-1110M;309
Hebreux;13;8;8;VGR;63-1124M;172
Hebreux;13;8;8;VGR;63-1129;115
Hebreux;13;8;8;VGR;63-1129;127
Hebreux;13;8;8;VGR;63-1129;171
Hebreux;13;8;8;VGR;63-1130B;57
Hebreux;13;8;8;VGR;63-1214;122
Hebreux;13;8;8;VGR;63-1229E;334
Hebreux;13;8;8;VGR;63-1229M;216
Hebreux;13;8;8;VGR;64-0125;29
Hebreux;13;8;8;VGR;64-0126;57
Hebreux;13;8;8;VGR;64-0126;128
Hebreux;13;8;8;VGR;64-0206E;88
Hebreux;13;8;8;VGR;64-0207;68
Hebreux;13;8;8;VGR;64-0208;137
Hebreux;13;8;8;VGR;64-0212;104
Hebreux;13;8;8;VGR;64-0304;18
Hebreux;13;8;8;VGR;64-0308;146
Hebreux;13;8;8;VGR;64-0311;72
Hebreux;13;8;8;VGR;64-0311;86
Hebreux;13;8;8;VGR;64-0311;140
Hebreux;13;8;8;VGR;64-0318;6
Hebreux;13;8;8;VGR;64-0318;20
Hebreux;13;8;8;VGR;64-0320;96
Hebreux;13;8;8;VGR;64-0320;193
Hebreux;13;8;8;VGR;64-0405;63
Hebreux;13;8;8;VGR;64-0409;50
Hebreux;13;8;8;VGR;64-0416;176
Hebreux;13;8;8;VGR;64-0416;190
Hebreux;13;8;8;VGR;64-0419;29
Hebreux;13;8;8;VGR;64-0427;76
Hebreux;13;8;8;VGR;64-0614M;88
Hebreux;13;8;8;VGR;64-0614M;322
Hebreux;13;8;8;VGR;64-0614M;346
Hebreux;13;8;8;VGR;64-0617;2
Hebreux;13;8;8;VGR;64-0617;22
Hebreux;13;8;8;VGR;64-0617;32
Hebreux;13;8;8;VGR;64-0617;135
Hebreux;13;8;8;VGR;64-0629;63
Hebreux;13;8;8;VGR;64-0629;98
Hebreux;13;8;8;VGR;64-0629;175
Hebreux;13;8;8;VGR;64-0719M;77
Hebreux;13;8;8;VGR;64-0719M;107
Hebreux;13;8;8;VGR;64-0816;222
Hebreux;13;8;8;VGR;64-0816;229
Hebreux;13;8;8;VGR;64-0816;233
Hebreux;13;8;8;VGR;64-0816;250
Hebreux;13;8;8;VGR;64-1227;208
Hebreux;13;8;8;VGR;65-0123;61
Hebreux;13;8;8;VGR;65-0218;101
Hebreux;13;8;8;VGR;65-0218;152
Hebreux;13;8;8;VGR;65-0219;242
Hebreux;13;8;8;VGR;65-0220;108
Hebreux;13;8;8;VGR;65-0221E;158
Hebreux;13;8;8;VGR;65-0410;187
Hebreux;13;8;8;VGR;65-0418M;62
Hebreux;13;8;8;VGR;65-0418M;277
Hebreux;13;8;8;VGR;65-0425;187
Hebreux;13;8;8;VGR;65-0426;171
Hebreux;13;8;8;VGR;65-0429E;185
Hebreux;13;8;8;VGR;65-0801E;126
Hebreux;13;8;8;VGR;65-0801E;131
Hebreux;13;8;8;VGR;65-0801M;161
Hebreux;13;8;8;VGR;65-0919;64
Hebreux;13;8;8;VGR;65-0919;125
Hebreux;13;8;8;VGR;65-1205;9
Hebreux;13;8;8;VGR;65-1206;30
Hebreux;13;8;8;VGR;65-1206;288
Hebreux;13;8;8;VGR;65-1207;142
Hebreux;13;10;10;SKN;55-0626A;2
Hebreux;13;10;10;SKN;63-0901M;322
Hebreux;13;10;10;SKN;63-0901M;324
Hebreux;13;10;10;SKN;63-1128E;149
Hebreux;13;10;10;SKN;64-0308;116
Hebreux;13;10;10;SKN;64-0719E;23
Hebreux;13;10;10;VGR;63-0901M;322
Hebreux;13;10;10;VGR;63-0901M;324
Hebreux;13;10;10;VGR;64-0308;116
Hebreux;13;10;10;VGR;64-0719E;23
Hebreux;13;10;14;SKN;50-0200;1
Hebreux;13;12;12;SKN;53-0513;13
Hebreux;13;12;12;SKN;54-0404M;21
Hebreux;13;12;12;SKN;54-0515;89
Hebreux;13;12;12;SKN;57-0915E;181
Hebreux;13;12;12;SKN;58-1007;6
Hebreux;13;12;12;SKN;60-0709;52
Hebreux;13;12;12;SKN;60-0911E;157
Hebreux;13;12;12;SKN;60-1209;119
Hebreux;13;12;12;SKN;60-1218;381
Hebreux;13;12;12;SKN;61-0214;48
Hebreux;13;12;12;SKN;61-0317;49
Hebreux;13;12;12;SKN;62-0519;40
Hebreux;13;12;12;SKN;64-0830M;207
Hebreux;13;12;12;VGR;54-0515;89
Hebreux;13;12;12;VGR;57-0915E;181
Hebreux;13;12;12;VGR;58-1007;6
Hebreux;13;12;12;VGR;60-0911E;157
Hebreux;13;12;12;VGR;60-1209;118
Hebreux;13;12;12;VGR;60-1218;381
Hebreux;13;12;12;VGR;64-0719E;126
Hebreux;13;12;12;VGR;64-0830M;288
Hebreux;13;18;18;SKN;63-1116E;280
Jacques;4;7;7;SKN;62-0311;197
Jacques;4;7;7;VGR;62-0311;396
Jacques;5;0;0;SKN;53-1206E;17
Jacques;5;0;0;SKN;63-1201M;35
Jacques;5;0;0;VGR;63-1201M;35
Jacques;5;1;1;SKN;60-1211E;189
Jacques;5;1;1;VGR;60-1211E;187
Jacques;5;14;14;SKN;50-0227;6
Jacques;5;14;14;SKN;53-0729;263
Jacques;5;14;14;SKN;53-1130;21
Jacques;5;14;14;SKN;54-0404E;91
Jacques;5;14;14;SKN;57-0519E;12
Jacques;5;14;14;SKN;57-0825M;45
Jacques;5;14;14;SKN;58-0330A;31
Jacques;5;14;14;SKN;58-0500;4
Jacques;5;14;14;SKN;60-1113;240
Jacques;5;14;14;SKN;61-0813;13
Jacques;5;14;14;SKN;62-1014M;151
Jacques;5;14;14;SKN;63-0120E;86
Jacques;5;14;14;SKN;63-0421;116
Jacques;5;14;14;SKN;63-0714E;52
Jacques;5;14;14;SKN;63-0825E;106
Jacques;5;14;14;SKN;64-0405;20
Jacques;5;14;14;SKN;64-0405;21
Jacques;5;14;14;SKN;64-0412;61
Jacques;5;14;14;SKN;64-0427;19
Jacques;5;14;14;SKN;64-0427;20
Jacques;5;14;14;SKN;64-0427;22
Jacques;5;14;14;SKN;64-0427;31
Jacques;5;14;14;SKN;64-0621;64
Jacques;5;14;14;SKN;64-0621;65
Jacques;5;14;14;SKN;64-0621;108
Jacques;5;14;14;VGR;53-0729;263
Jacques;5;14;14;VGR;54-0404E;91
Jacques;5;14;14;VGR;57-0825M;45
Jacques;5;14;14;VGR;60-1113;294
Jacques;5;14;14;VGR;61-0813;27
Jacques;5;14;14;VGR;62-1014M;194
Jacques;5;14;14;VGR;63-0421;258
Jacques;5;14;14;VGR;63-0714E;102
Jacques;5;14;14;VGR;63-0825E;106
Jacques;5;14;14;VGR;64-0405;59
Jacques;5;14;14;VGR;64-0405;61
Jacques;5;14;14;VGR;64-0427;61
Jacques;5;14;14;VGR;64-0427;62
Jacques;5;14;14;VGR;64-0427;63
Jacques;5;14;14;VGR;64-0427;69
Jacques;5;14;14;VGR;64-0427;87
Jacques;5;15;15;SKN;56-0406;83
Jacques;5;15;15;SKN;63-0901E;75
Jacques;16;0;0;SKN;63-0901E;76
Jean;1;0;0;SKN;53-0729;32
Jean;1;0;0;SKN;53-1206E;19
Jean;1;0;0;SKN;55-0625;21
Jean;1;0;0;SKN;56-0603;48
Jean;1;0;0;SKN;56-0715;19
Jean;1;0;0;SKN;56-1001;23
Jean;1;0;0;SKN;56-1209E;81
Jean;1;0;0;SKN;57-0226;32
Jean;1;0;0;SKN;57-0305;55
Jean;1;0;0;SKN;57-0322;74
Jean;1;0;0;SKN;58-0125;51
Jean;1;0;0;SKN;58-0207;25
Jean;1;0;0;SKN;58-0223;45
Jean;1;0;0;SKN;58-0301E;46
Jean;1;0;0;SKN;58-0309E;70
Jean;1;0;0;SKN;58-0312;33
Jean;1;0;0;SKN;58-0312;35
Jean;1;0;0;SKN;58-0316E;81
Jean;1;0;0;SKN;58-0323;41
Jean;1;0;0;SKN;58-0501;20
Jean;1;0;0;SKN;58-0515;20
Jean;1;0;0;SKN;58-0515;21
Jean;1;0;0;SKN;58-0528;16
Jean;1;0;0;SKN;58-0612;29
Jean;1;0;0;SKN;58-0612;30
Jean;1;0;0;SKN;58-0612;39
Jean;1;0;0;SKN;58-0619E;25
Jean;1;0;0;SKN;59-0614;37
Jean;1;0;0;SKN;59-0712;65
Jean;1;0;0;SKN;59-1217;54
Jean;1;0;0;SKN;60-0109;25
Jean;1;0;0;SKN;60-0109;28
Jean;1;0;0;SKN;60-0708;36
Jean;1;0;0;SKN;60-1207;89
Jean;1;0;0;SKN;61-0208;35
Jean;1;0;0;SKN;61-0208;36
Jean;1;0;0;SKN;61-0409;27
Jean;1;0;0;SKN;61-0409;33
Jean;1;0;0;SKN;61-0412;52
Jean;1;0;0;SKN;61-0423;71
Jean;1;0;0;SKN;62-0218;167
Jean;1;0;0;SKN;62-0704;92
Jean;1;0;0;SKN;63-0127;34
Jean;1;0;0;SKN;63-0223;178
Jean;1;0;0;SKN;63-0320;98
Jean;1;0;0;SKN;63-0627;80
Jean;1;0;0;SKN;63-0707M;232
Jean;1;0;0;SKN;63-1028;62
Jean;1;0;0;SKN;63-1112;97
Jean;1;0;0;SKN;63-1113;70
Jean;1;0;0;SKN;63-1130B;120
Jean;1;0;0;SKN;63-1130E;126
Jean;1;0;0;SKN;63-1201M;95
Jean;1;0;0;SKN;64-0216;46
Jean;1;0;0;SKN;64-0305;63
Jean;1;0;0;SKN;64-0409;89
Jean;1;0;0;SKN;64-0614M;83
Jean;1;0;0;SKN;64-0617;31
Jean;1;0;0;SKN;64-0617;34
Jean;1;0;0;SKN;64-0617;87
Jean;1;0;0;SKN;64-0629;67
Jean;1;0;0;SKN;64-0816;149
Jean;1;0;0;SKN;64-1212;60
Jean;1;0;0;SKN;65-0118;37
Jean;1;0;0;SKN;65-0410;42
Jean;1;0;0;SKN;65-0429B;27
Jean;1;0;0;SKN;65-0718E;68
Jean;1;0;0;SKN;65-0801M;71
Jean;1;0;0;SKN;65-0801M;88
Jean;1;0;0;SKN;65-0911;160
Jean;1;0;0;SKN;65-1128M;193
Jean;1;0;0;SKN;65-1128M;221
Jean;1;0;0;SKN;65-1206;30
Jean;1;0;0;VGR;53-0729;32
Jean;1;0;0;VGR;56-0715;47
Jean;1;0;0;VGR;56-1001;42
Jean;1;0;0;VGR;59-1217;54
Jean;1;0;0;VGR;60-1207;85
Jean;1;0;0;VGR;63-0223;178
Jean;1;0;0;VGR;63-0320;98
Jean;1;0;0;VGR;63-0707;232
Jean;1;0;0;VGR;63-0707M;232
Jean;1;0;0;VGR;63-1028;152
Jean;1;0;0;VGR;63-1130B;120
Jean;1;0;0;VGR;63-1201M;95
Jean;1;0;0;VGR;64-0305;63
Jean;1;0;0;VGR;64-0409;133
Jean;1;0;0;VGR;64-0614M;83
Jean;1;0;0;VGR;64-0617;31
Jean;1;0;0;VGR;64-0617;34
Jean;1;0;0;VGR;64-0617;87
Jean;1;0;0;VGR;64-0629;67
Jean;1;0;0;VGR;64-0816;149
Jean;1;0;0;VGR;65-0118;37
Jean;1;0;0;VGR;65-0410;54
Jean;1;0;0;VGR;65-0425;55
Jean;1;0;0;VGR;65-0429B;32
Jean;1;0;0;VGR;65-0718E;68
Jean;1;0;0;VGR;65-0801M;71
Jean;1;0;0;VGR;65-0801M;88
Jean;1;0;0;VGR;65-0911;234
Jean;1;0;0;VGR;65-1128M;193
Jean;1;0;0;VGR;65-1128M;221
Jean;1;0;0;VGR;65-1205;9
Jean;1;0;0;VGR;65-1206;30
Jean;1;1;1;SKN;64-0319;36
Jean;1;1;1;SKN;65-0822M;16
Jean;1;1;1;SKN;65-1206;258
Jean;1;1;1;VGR;65-0822M;16
Jean;1;1;1;VGR;65-1206;258
Jean;1;4;4;VGR;56-0715;47
Jean;1;5;5;SKN;61-0101;171
Jean;1;5;5;VGR;61-0101;165
Jean;1;8;8;VGR;59-1223;139
Jean;1;8;8;VGR;59-1223;140
Jean;1;14;14;SKN;65-0822M;54
Jean;1;14;14;VGR;65-0822M;54
Jean;1;17;17;SKN;60-0518;114
Jean;1;17;17;VGR;60-0518;114
Jean;1;26;26;SKN;65-1126;188
Jean;1;26;26;VGR;65-1126;188
Jean;2;1;1;VGR;59-1216;60
Jean;2;12;12;VGR;59-1216;60
Jean;2;15;15;SKN;65-0919;175
Jean;2;15;15;SKN;65-1031M;229
Jean;2;15;15;VGR;65-0919;175
Jean;2;15;15;VGR;65-1031M;229
Jean;2;15;15;VGR;65-1125;174
Jean;3;0;0;SKN;53-1129A;25
Jean;3;0;0;SKN;54-1114;15
Jean;3;0;0;SKN;54-1114;16
Jean;3;0;0;SKN;54-1204;33
Jean;3;0;0;SKN;54-1212;62
Jean;3;0;0;SKN;55-0115;28
Jean;3;0;0;SKN;55-1008;73
Jean;3;0;0;SKN;55-1111;84
Jean;3;0;0;SKN;56-0122;111
Jean;3;0;0;SKN;57-0104;24
Jean;3;0;0;SKN;58-0209E;41
Jean;3;0;0;SKN;58-0612;39
Jean;3;0;0;SKN;58-0619B;21
Jean;3;0;0;SKN;59-0628E;129
Jean;3;0;0;SKN;61-0425B;180
Jean;3;0;0;SKN;61-1105;65
Jean;3;0;0;SKN;61-1231M;27
Jean;3;0;0;SKN;62-0318M;28
Jean;3;0;0;SKN;62-1014M;78
Jean;3;0;0;SKN;62-1111E;59
Jean;3;0;0;SKN;63-0804E;53
Jean;3;0;0;VGR;54-1114;49
Jean;3;0;0;VGR;54-1114;53
Jean;3;0;0;VGR;54-1212;62
Jean;3;0;0;VGR;56-0122;296
Jean;3;0;0;VGR;59-0628E;129
Jean;3;0;0;VGR;59-1219;29
Jean;3;0;0;VGR;61-0425B;180
Jean;3;0;0;VGR;61-1231M;27
Jean;3;0;0;VGR;62-0318M;161
Jean;3;0;0;VGR;62-1014M;98
Jean;3;0;0;VGR;62-1111E;60
Jean;3;1;12;SKN;61-1231M;26
Jean;3;1;12;VGR;61-1231M;26
Jean;3;3;3;SKN;59-1219;29
Jean;3;5;5;SKN;60-0911E;163
Jean;3;5;5;SKN;62-0318M;28
Jean;3;5;5;VGR;60-0911E;163
Jean;3;5;5;VGR;62-0318M;120
Jean;3;10;10;SKN;65-0801M;135
Jean;3;10;10;VGR;65-0801M;135
Jean;3;14;14;SKN;62-0318M;28
Jean;3;14;14;SKN;63-0428;155
Jean;3;14;14;VGR;62-0318M;135
Jean;3;16;16;SKN;50-0821;9
Jean;3;16;16;SKN;53-1115M;81
Jean;3;16;16;SKN;53-1130;21
Jean;3;16;16;SKN;54-0304;46
Jean;3;16;16;SKN;54-0330;73
Jean;3;16;16;SKN;55-1007;60
Jean;3;16;16;SKN;55-1008;20
Jean;3;16;16;SKN;56-0726;19
Jean;3;16;16;SKN;57-0126B;51
Jean;3;16;16;SKN;57-0126E;20
Jean;3;16;16;SKN;57-0126E;26
Jean;3;16;16;SKN;57-0126E;28
Jean;3;16;16;SKN;57-0126E;146
Jean;3;16;16;SKN;57-0414;95
Jean;3;16;16;SKN;57-0519E;8
Jean;3;16;16;SKN;57-0519E;12
Jean;3;16;16;SKN;57-0806;12
Jean;3;16;16;SKN;58-0314;2
Jean;3;16;16;SKN;58-0314;8
Jean;3;16;16;SKN;58-0316A;79
Jean;3;16;16;SKN;58-1228;127
Jean;3;16;16;SKN;59-0403;9
Jean;3;16;16;SKN;59-0613;47
Jean;3;16;16;SKN;59-0708E;2
Jean;3;16;16;SKN;59-1219;29
Jean;3;16;16;SKN;62-0318E;1
Jean;3;16;16;SKN;62-0408;26
Jean;3;16;16;SKN;62-0725;11
Jean;3;16;16;SKN;62-1014M;151
Jean;3;16;16;SKN;62-1104M;157
Jean;3;16;16;SKN;62-1209;43
Jean;3;16;16;SKN;62-1231;14
Jean;3;16;16;SKN;63-0120E;86
Jean;3;16;16;SKN;63-0123;48
Jean;3;16;16;SKN;63-0123;86
Jean;3;16;16;SKN;63-0127;63
Jean;3;16;16;SKN;63-0317M;392
Jean;3;16;16;SKN;63-0412E;255
Jean;3;16;16;SKN;63-0606;11
Jean;3;16;16;SKN;63-1214;124
Jean;3;16;16;SKN;63-1222;27
Jean;3;16;16;SKN;63-1222;32
Jean;3;16;16;SKN;63-1222;34
Jean;3;16;16;SKN;64-0216;19
Jean;3;16;16;SKN;64-0416;235
Jean;3;16;16;SKN;64-0417;32
Jean;3;16;16;SKN;64-0427;85
Jean;3;16;16;SKN;64-0726E;88
Jean;3;16;16;SKN;65-0123;153
Jean;3;16;16;SKN;65-0124;46
Jean;3;16;16;SKN;65-0426;212
Jean;3;16;16;VGR;54-0330;73
Jean;3;16;16;VGR;58-1228;127
Jean;3;16;16;VGR;59-1219;29
Jean;3;16;16;VGR;62-0318M;403
Jean;3;16;16;VGR;62-1014M;194
Jean;3;16;16;VGR;62-1104M;178
Jean;3;16;16;VGR;62-1209;46
Jean;3;16;16;VGR;62-1231;14
Jean;3;16;16;VGR;63-0123;48
Jean;3;16;16;VGR;63-0123;86
Jean;3;16;16;VGR;63-0317M;392
Jean;3;16;16;VGR;63-1214;124
Jean;3;16;16;VGR;64-0416;235
Jean;3;16;16;VGR;64-0417;32
Jean;3;16;16;VGR;64-0427;256
Jean;3;16;16;VGR;64-0726E;88
Jean;3;16;16;VGR;65-0123;154
Jean;3;16;16;VGR;65-0124;65
Jean;3;16;16;VGR;65-0426;356
Jean;3;21;21;SKN;63-0825E;65
Jean;3;21;21;VGR;63-0825E;65
Jean;3;21;21;VGR;63-0825E;66
Jean;3;31;31;SKN;61-1105;65
Jean;4;0;0;SKN;51-0508;22
Jean;4;0;0;SKN;51-0729A;34
Jean;4;0;0;SKN;53-0506;10
Jean;4;0;0;SKN;53-0513;24
Jean;4;0;0;SKN;53-0829;6
Jean;4;0;0;SKN;53-1204;63
Jean;4;0;0;SKN;55-0400;105
Jean;4;0;0;SKN;55-0819;30
Jean;4;0;0;SKN;55-1001;83
Jean;4;0;0;SKN;56-0406;68
Jean;4;0;0;SKN;56-0613;70
Jean;4;0;0;SKN;56-0814;71
Jean;4;0;0;SKN;57-0114;113
Jean;4;0;0;SKN;57-0115;90
Jean;4;0;0;SKN;57-0127E;62
Jean;4;0;0;SKN;57-0127E;80
Jean;4;0;0;SKN;57-0226;42
Jean;4;0;0;SKN;57-0308;53
Jean;4;0;0;SKN;57-0322;80
Jean;4;0;0;SKN;57-0326;115
Jean;4;0;0;SKN;57-0421E;103
Jean;4;0;0;SKN;57-0610;71
Jean;4;0;0;SKN;57-0808;75
Jean;4;0;0;SKN;57-0901M;165
Jean;4;0;0;SKN;57-0908E;358
Jean;4;0;0;SKN;57-1213;71
Jean;4;0;0;SKN;57-1213;72
Jean;4;0;0;SKN;57-1213;80
Jean;4;0;0;SKN;58-0207;68
Jean;4;0;0;SKN;58-0223;65
Jean;4;0;0;SKN;58-0225;3
Jean;4;0;0;SKN;58-0301E;51
Jean;4;0;0;SKN;58-0309E;132
Jean;4;0;0;SKN;58-0325;53
Jean;4;0;0;SKN;58-0329;39
Jean;4;0;0;SKN;58-0501;46
Jean;4;0;0;SKN;58-0508;51
Jean;4;0;0;SKN;58-0510;65
Jean;4;0;0;SKN;58-0515;55
Jean;4;0;0;SKN;58-0521;69
Jean;4;0;0;SKN;58-0523;61
Jean;4;0;0;SKN;58-0524;64
Jean;4;0;0;SKN;58-0524;65
Jean;4;0;0;SKN;58-0612;39
Jean;4;0;0;SKN;58-0612;72
Jean;4;0;0;SKN;58-0613;70
Jean;4;0;0;SKN;58-0619E;34
Jean;4;0;0;SKN;58-0619E;59
Jean;4;0;0;SKN;58-0620;61
Jean;4;0;0;SKN;58-0620;62
Jean;4;0;0;SKN;58-0625;77
Jean;4;0;0;SKN;58-1005E;229
Jean;4;0;0;SKN;58-1221M;105
Jean;4;0;0;SKN;59-0125;90
Jean;4;0;0;SKN;59-0329E;53
Jean;4;0;0;SKN;59-0404;36
Jean;4;0;0;SKN;59-0405E;50
Jean;4;0;0;SKN;59-0405E;59
Jean;4;0;0;SKN;59-0407;59
Jean;4;0;0;SKN;59-0408;42
Jean;4;0;0;SKN;59-0412E;58
Jean;4;0;0;SKN;59-0418;69
Jean;4;0;0;SKN;59-0418;71
Jean;4;0;0;SKN;59-0422;32
Jean;4;0;0;SKN;59-0422;60
Jean;4;0;0;SKN;59-0424E;82
Jean;4;0;0;SKN;59-0525;43
Jean;4;0;0;SKN;59-0612;67
Jean;4;0;0;SKN;59-0707;55
Jean;4;0;0;SKN;59-1129;203
Jean;4;0;0;SKN;60-0329;48
Jean;4;0;0;SKN;60-0401E;72
Jean;4;0;0;SKN;60-0403;191
Jean;4;0;0;SKN;60-0403;232
Jean;4;0;0;SKN;60-0604;60
Jean;4;0;0;SKN;60-0606;62
Jean;4;0;0;SKN;60-0609;65
Jean;4;0;0;SKN;60-0609;66
Jean;4;0;0;SKN;60-0708;38
Jean;4;0;0;SKN;60-0709;41
Jean;4;0;0;SKN;60-0713;101
Jean;4;0;0;SKN;60-0805;86
Jean;4;0;0;SKN;60-1127E;95
Jean;4;0;0;SKN;61-0118;86
Jean;4;0;0;SKN;61-0205E;61
Jean;4;0;0;SKN;61-0205E;84
Jean;4;0;0;SKN;61-0205E;88
Jean;4;0;0;SKN;61-0208;62
Jean;4;0;0;SKN;61-0212E;43
Jean;4;0;0;SKN;61-0212E;70
Jean;4;0;0;SKN;61-0212E;71
Jean;4;0;0;SKN;61-0219;85
Jean;4;0;0;SKN;61-0224;102
Jean;4;0;0;SKN;61-0409;66
Jean;4;0;0;SKN;61-0521;88
Jean;4;0;0;SKN;61-0521;90
Jean;4;0;0;SKN;61-0827;220
Jean;4;0;0;SKN;62-0122;126
Jean;4;0;0;SKN;62-0122;130
Jean;4;0;0;SKN;62-0123;129
Jean;4;0;0;SKN;62-0218;273
Jean;4;0;0;SKN;62-0620;84
Jean;4;0;0;SKN;62-0704;217
Jean;4;0;0;SKN;62-0712;95
Jean;4;0;0;SKN;62-0718;94
Jean;4;0;0;SKN;62-0727;92
Jean;4;0;0;SKN;62-0727;93
Jean;4;0;0;SKN;62-0728;77
Jean;4;0;0;SKN;63-0119;283
Jean;4;0;0;SKN;63-0119;292
Jean;4;0;0;SKN;63-0627;268
Jean;4;0;0;SKN;63-1110M;39
Jean;4;0;0;SKN;63-1112;157
Jean;4;0;0;SKN;63-1113;247
Jean;4;0;0;SKN;64-0207;131
Jean;4;0;0;SKN;64-0212;149
Jean;4;0;0;SKN;64-0311;161
Jean;4;0;0;SKN;64-0318;208
Jean;4;0;0;SKN;64-0321E;262
Jean;4;0;0;SKN;64-0401;242
Jean;4;0;0;SKN;64-0409;124
Jean;4;0;0;SKN;64-0409;125
Jean;4;0;0;SKN;64-0417;227
Jean;4;0;0;SKN;64-0617;122
Jean;4;0;0;SKN;65-0221E;146
Jean;4;0;0;SKN;65-0427;108
Jean;4;0;0;SKN;65-0911;27
Jean;4;0;0;SKN;65-0919;147
Jean;4;0;0;VGR;57-0421E;103
Jean;4;0;0;VGR;57-0901M;165
Jean;4;0;0;VGR;57-0908E;358
Jean;4;0;0;VGR;58-0225;9
Jean;4;0;0;VGR;58-1005E;229
Jean;4;0;0;VGR;59-0125;90
Jean;4;0;0;VGR;59-0329E;53
Jean;4;0;0;VGR;59-0404;91
Jean;4;0;0;VGR;59-0418;163
Jean;4;0;0;VGR;59-0418;167
Jean;4;0;0;VGR;59-0525;120
Jean;4;0;0;VGR;60-0604;221
Jean;4;0;0;VGR;62-0122;336
Jean;4;0;0;VGR;62-0122;347
Jean;4;0;0;VGR;63-1110M;39
Jean;4;0;0;VGR;64-0207;131
Jean;4;0;0;VGR;64-0311;161
Jean;4;0;0;VGR;64-0318;208
Jean;4;0;0;VGR;64-0321E;262
Jean;4;0;0;VGR;64-0409;216
Jean;4;0;0;VGR;64-0409;219
Jean;4;0;0;VGR;64-0417;227
Jean;4;0;0;VGR;64-0617;122
Jean;4;0;0;VGR;65-0221E;146
Jean;4;0;0;VGR;65-0425;113
Jean;4;0;0;VGR;65-0427;225
Jean;4;0;0;VGR;65-0911;47
Jean;4;0;0;VGR;65-0919;147
Jean;4;1;1;SKN;56-0715;19
Jean;4;3;3;SKN;65-0919;183
Jean;4;3;3;VGR;65-0919;183
Jean;4;4;4;SKN;63-1110E;42
Jean;4;4;4;VGR;63-1110E;49
Jean;4;4;4;VGR;63-1110E;52
Jean;4;5;5;VGR;65-0801M;58
Jean;4;17;17;SKN;63-0126;306
Jean;4;17;17;SKN;63-0127;88
Jean;4;46;46;SKN;51-0722E;15
Jean;4;46;46;SKN;51-0729E;28
Jean;5;0;0;SKN;49-0718;16
Jean;5;0;0;SKN;50-0821;43
Jean;5;0;0;SKN;51-0414;13
Jean;5;0;0;SKN;51-0415E;33
Jean;5;0;0;SKN;51-0717;36
Jean;5;0;0;SKN;51-0727;20
Jean;5;0;0;SKN;51-0929;21
Jean;5;0;0;SKN;52-0713E;37
Jean;5;0;0;SKN;52-0713E;38
Jean;5;0;0;SKN;52-0810E;23
Jean;5;0;0;SKN;52-0817E;7
Jean;5;0;0;SKN;52-0817E;38
Jean;5;0;0;SKN;52-1027;19
Jean;5;0;0;SKN;52-1027;20
Jean;5;0;0;SKN;53-0506;29
Jean;5;0;0;SKN;53-0512;40
Jean;5;0;0;SKN;53-0531;21
Jean;5;0;0;SKN;53-0531;23
Jean;5;0;0;SKN;53-0606;28
Jean;5;0;0;SKN;53-0612;10
Jean;5;0;0;SKN;53-0903;33
Jean;5;0;0;SKN;53-1106;49
Jean;5;0;0;SKN;53-1120;26
Jean;5;0;0;SKN;53-1120;27
Jean;5;0;0;SKN;53-1213E;65
Jean;5;0;0;SKN;54-0305;45
Jean;5;0;0;SKN;54-0307E;18
Jean;5;0;0;SKN;54-0314;45
Jean;5;0;0;SKN;54-0320;74
Jean;5;0;0;SKN;54-0718E;45
Jean;5;0;0;SKN;54-0900;29
Jean;5;0;0;SKN;54-1205;13
Jean;5;0;0;SKN;54-1219E;124
Jean;5;0;0;SKN;55-0220E;43
Jean;5;0;0;SKN;55-0227E;65
Jean;5;0;0;SKN;55-0228;65
Jean;5;0;0;SKN;55-0603;26
Jean;5;0;0;SKN;55-0612;62
Jean;5;0;0;SKN;55-0620;11
Jean;5;0;0;SKN;55-0624;15
Jean;5;0;0;SKN;55-0625;36
Jean;5;0;0;SKN;55-0806;48
Jean;5;0;0;SKN;55-0807E;49
Jean;5;0;0;SKN;55-0815;28
Jean;5;0;0;SKN;55-0819;30
Jean;5;0;0;SKN;55-1001;73
Jean;5;0;0;SKN;55-1113;54
Jean;5;0;0;SKN;55-1113;60
Jean;5;0;0;SKN;56-0225;50
Jean;5;0;0;SKN;56-0225;52
Jean;5;0;0;SKN;56-0405;34
Jean;5;0;0;SKN;56-0415;58
Jean;5;0;0;SKN;56-0419;35
Jean;5;0;0;SKN;56-0419;36
Jean;5;0;0;SKN;56-0419;38
Jean;5;0;0;SKN;56-0612;7
Jean;5;0;0;SKN;56-1001;39
Jean;5;0;0;SKN;56-1209E;80
Jean;5;0;0;SKN;57-0104;55
Jean;5;0;0;SKN;57-0114;76
Jean;5;0;0;SKN;57-0127E;56
Jean;5;0;0;SKN;57-0518;43
Jean;5;0;0;SKN;57-0610;37
Jean;5;0;0;SKN;57-0804E;35
Jean;5;0;0;SKN;57-0804E;36
Jean;5;0;0;SKN;57-0922M;11
Jean;5;0;0;SKN;57-1208;47
Jean;5;0;0;SKN;57-1211;51
Jean;5;0;0;SKN;58-0207;37
Jean;5;0;0;SKN;58-0214;42
Jean;5;0;0;SKN;58-0223;42
Jean;5;0;0;SKN;58-0225;16
Jean;5;0;0;SKN;58-0515;32
Jean;5;0;0;SKN;58-0612;39
Jean;5;0;0;SKN;59-0422;60
Jean;5;0;0;SKN;59-0614;44
Jean;5;0;0;SKN;59-0628E;47
Jean;5;0;0;SKN;61-0118;55
Jean;5;0;0;SKN;61-0129;44
Jean;5;0;0;SKN;61-0219;86
Jean;5;0;0;SKN;61-0224;29
Jean;5;0;0;SKN;62-0122;127
Jean;5;0;0;SKN;62-1230M;237
Jean;5;0;0;SKN;63-0728;125
Jean;5;0;0;SKN;64-0207;138
Jean;5;0;0;SKN;64-0319;48
Jean;5;0;0;VGR;54-1219E;124
Jean;5;0;0;VGR;56-1001;69
Jean;5;0;0;VGR;57-1208;128
Jean;5;0;0;VGR;58-0225;49
Jean;5;0;0;VGR;59-0628E;47
Jean;5;0;0;VGR;59-0628E;188
Jean;5;0;0;VGR;62-0122;339
Jean;5;0;0;VGR;62-1230M;346
Jean;5;0;0;VGR;63-0728;125
Jean;5;0;0;VGR;64-0207;138
Jean;5;1;1;SKN;50-0405;14
Jean;5;7;7;SKN;53-0608A;57
Jean;5;7;7;SKN;53-0729;257
Jean;5;7;7;SKN;56-0225;59
Jean;5;7;7;SKN;56-0612;34
Jean;5;7;7;SKN;57-1002;479
Jean;5;7;7;SKN;59-0708M;23
Jean;5;7;7;SKN;60-1204M;376
Jean;5;7;7;SKN;62-0422;282
Jean;5;7;7;SKN;62-0909M;26
Jean;5;7;7;SKN;62-1007;140
Jean;5;7;7;SKN;65-0124;32
Jean;5;7;7;SKN;65-0218;49
Jean;5;7;7;SKN;65-1204;166
Jean;5;7;7;VGR;53-0608A;57
Jean;5;7;7;VGR;53-0729;257
Jean;5;7;7;VGR;54-0516;36
Jean;5;7;7;VGR;57-0901E;125
Jean;5;7;7;VGR;57-1002;477
Jean;5;7;7;VGR;57-1002;479
Jean;5;7;7;VGR;62-0422;467
Jean;5;7;7;VGR;62-0909M;36
Jean;5;7;7;VGR;62-1007;140
Jean;5;7;7;VGR;63-0116;61
Jean;5;7;7;VGR;63-0320;172
Jean;5;7;7;VGR;65-0124;46
Jean;5;7;7;VGR;65-0218;49
Jean;5;7;7;VGR;65-1204;166
Jean;5;7;8;VGR;60-1204M;362
Jean;5;14;14;SKN;59-0417;9
Jean;5;14;14;SKN;62-1014M;151
Jean;5;14;14;VGR;62-1014M;194
Jean;5;16;16;VGR;59-0628E;188
Jean;5;18;18;SKN;62-0218;201
Jean;5;18;18;VGR;59-0628E;182
Jean;5;19;19;SKN;48-0304;31
Jean;5;19;19;SKN;50-0405;13
Jean;5;19;19;SKN;50-0815;28
Jean;5;19;19;SKN;51-0505;21
Jean;5;19;19;SKN;51-0509;35
Jean;5;19;19;SKN;51-0509;36
Jean;5;19;19;SKN;51-0717;36
Jean;5;19;19;SKN;51-0929;21
Jean;5;19;19;SKN;52-0713E;38
Jean;5;19;19;SKN;52-0716;26
Jean;5;19;19;SKN;52-0720E;22
Jean;5;19;19;SKN;52-0726;39
Jean;5;19;19;SKN;52-0727;31
Jean;5;19;19;SKN;52-0817E;9
Jean;5;19;19;SKN;52-1027;22
Jean;5;19;19;SKN;52-1027;23
Jean;5;19;19;SKN;53-0215;9
Jean;5;19;19;SKN;53-0506;31
Jean;5;19;19;SKN;53-0506;32
Jean;5;19;19;SKN;53-0507;2
Jean;5;19;19;SKN;53-0508;61
Jean;5;19;19;SKN;53-0511;16
Jean;5;19;19;SKN;53-0531;23
Jean;5;19;19;SKN;53-0603;33
Jean;5;19;19;SKN;53-0605;26
Jean;5;19;19;SKN;53-0606;28
Jean;5;19;19;SKN;53-0903;33
Jean;5;19;19;SKN;53-0905;40
Jean;5;19;19;SKN;53-1106;50
Jean;5;19;19;SKN;53-1115E;24
Jean;5;19;19;SKN;53-1120;26
Jean;5;19;19;SKN;53-1121;27
Jean;5;19;19;SKN;53-1121;28
Jean;5;19;19;SKN;53-1204;62
Jean;5;19;19;SKN;53-1206E;69
Jean;5;19;19;SKN;54-0220;60
Jean;5;19;19;SKN;54-0228E;37
Jean;5;19;19;SKN;54-0228E;44
Jean;5;19;19;SKN;54-0301;49
Jean;5;19;19;SKN;54-0302;37
Jean;5;19;19;SKN;54-0306;90
Jean;5;19;19;SKN;54-0307E;25
Jean;5;19;19;SKN;54-0314;50
Jean;5;19;19;SKN;54-0320;74
Jean;5;19;19;SKN;54-0331;12
Jean;5;19;19;SKN;54-0401;29
Jean;5;19;19;SKN;54-0403;55
Jean;5;19;19;SKN;54-0404E;36
Jean;5;19;19;SKN;54-0411;5
Jean;5;19;19;SKN;54-0411;30
Jean;5;19;19;SKN;54-0620E;48
Jean;5;19;19;SKN;54-0719E;40
Jean;5;19;19;SKN;54-0720E;34
Jean;5;19;19;SKN;54-0723;46
Jean;5;19;19;SKN;54-0809E;14
Jean;5;19;19;SKN;54-0809E;33
Jean;5;19;19;SKN;54-0824;25
Jean;5;19;19;SKN;54-0825;20
Jean;5;19;19;SKN;54-0829E;1
Jean;5;19;19;SKN;54-0900;29
Jean;5;19;19;SKN;54-1207;31
Jean;5;19;19;SKN;55-0113;36
Jean;5;19;19;SKN;55-0116E;22
Jean;5;19;19;SKN;55-0116E;31
Jean;5;19;19;SKN;55-0120;68
Jean;5;19;19;SKN;55-0220A;51
Jean;5;19;19;SKN;55-0220E;49
Jean;5;19;19;SKN;55-0222;20
Jean;5;19;19;SKN;55-0603;28
Jean;5;19;19;SKN;55-0604;33
Jean;5;19;19;SKN;55-0607;73
Jean;5;19;19;SKN;55-0611;81
Jean;5;19;19;SKN;55-0612;63
Jean;5;19;19;SKN;55-0620;12
Jean;5;19;19;SKN;55-0625;36
Jean;5;19;19;SKN;55-0806;72
Jean;5;19;19;SKN;55-0807E;15
Jean;5;19;19;SKN;55-0815;28
Jean;5;19;19;SKN;55-0815;29
Jean;5;19;19;SKN;55-0818;21
Jean;5;19;19;SKN;55-1001;77
Jean;5;19;19;SKN;55-1001;78
Jean;5;19;19;SKN;55-1008;81
Jean;5;19;19;SKN;55-1113;62
Jean;5;19;19;SKN;55-1114;9
Jean;5;19;19;SKN;55-1115;57
Jean;5;19;19;SKN;55-1117;61
Jean;5;19;19;SKN;55-1119;66
Jean;5;19;19;SKN;55-1119;67
Jean;5;19;19;SKN;56-0225;57
Jean;5;19;19;SKN;56-0401M;64
Jean;5;19;19;SKN;56-0405;34
Jean;5;19;19;SKN;56-0406;60
Jean;5;19;19;SKN;56-0407;55
Jean;5;19;19;SKN;56-0408E;50
Jean;5;19;19;SKN;56-0414;12
Jean;5;19;19;SKN;56-0415;58
Jean;5;19;19;SKN;56-0420;15
Jean;5;19;19;SKN;56-0421;44
Jean;5;19;19;SKN;56-0422;44
Jean;5;19;19;SKN;56-0426;45
Jean;5;19;19;SKN;56-0428;70
Jean;5;19;19;SKN;56-0429;70
Jean;5;19;19;SKN;56-0613;51
Jean;5;19;19;SKN;56-0615;50
Jean;5;19;19;SKN;56-0615;52
Jean;5;19;19;SKN;56-0722;27
Jean;5;19;19;SKN;56-0731;40
Jean;5;19;19;SKN;56-0731;74
Jean;5;19;19;SKN;56-0814;70
Jean;5;19;19;SKN;56-0815;77
Jean;5;19;19;SKN;56-0930E;49
Jean;5;19;19;SKN;56-1001;43
Jean;5;19;19;SKN;56-1206;84
Jean;5;19;19;SKN;56-1206;85
Jean;5;19;19;SKN;56-1207;30
Jean;5;19;19;SKN;56-1209E;66
Jean;5;19;19;SKN;56-1209E;80
Jean;5;19;19;SKN;56-1215;30
Jean;5;19;19;SKN;56-1215;75
Jean;5;19;19;SKN;57-0104;56
Jean;5;19;19;SKN;57-0105;88
Jean;5;19;19;SKN;57-0106;55
Jean;5;19;19;SKN;57-0114;45
Jean;5;19;19;SKN;57-0115;68
Jean;5;19;19;SKN;57-0125;64
Jean;5;19;19;SKN;57-0126B;59
Jean;5;19;19;SKN;57-0127E;51
Jean;5;19;19;SKN;57-0226;31
Jean;5;19;19;SKN;57-0228;49
Jean;5;19;19;SKN;57-0302;8
Jean;5;19;19;SKN;57-0305;54
Jean;5;19;19;SKN;57-0310E;59
Jean;5;19;19;SKN;57-0322;64
Jean;5;19;19;SKN;57-0323;63
Jean;5;19;19;SKN;57-0325;86
Jean;5;19;19;SKN;57-0407E;9
Jean;5;19;19;SKN;57-0421E;30
Jean;5;19;19;SKN;57-0518;44
Jean;5;19;19;SKN;57-0610;59
Jean;5;19;19;SKN;57-0613E;47
Jean;5;19;19;SKN;57-0614;44
Jean;5;19;19;SKN;57-0725;11
Jean;5;19;19;SKN;57-0728;60
Jean;5;19;19;SKN;57-0804E;37
Jean;5;19;19;SKN;57-0805;56
Jean;5;19;19;SKN;57-0811E;14
Jean;5;19;19;SKN;57-0825M;58
Jean;5;19;19;SKN;57-1212;43
Jean;5;19;19;SKN;57-1212;44
Jean;5;19;19;SKN;57-1213;13
Jean;5;19;19;SKN;57-1213;72
Jean;5;19;19;SKN;57-1215;8
Jean;5;19;19;SKN;57-1229;29
Jean;5;19;19;SKN;58-0105;37
Jean;5;19;19;SKN;58-0107;53
Jean;5;19;19;SKN;58-0110;42
Jean;5;19;19;SKN;58-0207;23
Jean;5;19;19;SKN;58-0208;57
Jean;5;19;19;SKN;58-0209E;72
Jean;5;19;19;SKN;58-0223;43
Jean;5;19;19;SKN;58-0225;1
Jean;5;19;19;SKN;58-0301E;45
Jean;5;19;19;SKN;58-0309E;68
Jean;5;19;19;SKN;58-0312;50
Jean;5;19;19;SKN;58-0312;51
Jean;5;19;19;SKN;58-0313;52
Jean;5;19;19;SKN;58-0315;94
Jean;5;19;19;SKN;58-0316E;78
Jean;5;19;19;SKN;58-0503;59
Jean;5;19;19;SKN;58-0503;63
Jean;5;19;19;SKN;58-0510;40
Jean;5;19;19;SKN;58-0515;32
Jean;5;19;19;SKN;58-0515;33
Jean;5;19;19;SKN;58-0515;40
Jean;5;19;19;SKN;58-0517E;39
Jean;5;19;19;SKN;58-0519;20
Jean;5;19;19;SKN;58-0521;58
Jean;5;19;19;SKN;58-0523;21
Jean;5;19;19;SKN;58-0524;59
Jean;5;19;19;SKN;58-0530;57
Jean;5;19;19;SKN;58-0612;23
Jean;5;19;19;SKN;58-0612;24
Jean;5;19;19;SKN;58-0613;60
Jean;5;19;19;SKN;58-0619E;39
Jean;5;19;19;SKN;58-0619E;40
Jean;5;19;19;SKN;58-0620;60
Jean;5;19;19;SKN;58-1005M;99
Jean;5;19;19;SKN;59-0404;16
Jean;5;19;19;SKN;59-0407;37
Jean;5;19;19;SKN;59-0422;22
Jean;5;19;19;SKN;59-0422;56
Jean;5;19;19;SKN;59-0613;13
Jean;5;19;19;SKN;59-0614;45
Jean;5;19;19;SKN;59-0707;37
Jean;5;19;19;SKN;59-0708E;47
Jean;5;19;19;SKN;59-0815;63
Jean;5;19;19;SKN;59-1108;78
Jean;5;19;19;SKN;59-1126;55
Jean;5;19;19;SKN;59-1127;49
Jean;5;19;19;SKN;60-0109;36
Jean;5;19;19;SKN;60-0110;89
Jean;5;19;19;SKN;60-0210E;66
Jean;5;19;19;SKN;60-0302;61
Jean;5;19;19;SKN;60-0305;30
Jean;5;19;19;SKN;60-0305;37
Jean;5;19;19;SKN;60-0313;62
Jean;5;19;19;SKN;60-0326;48
Jean;5;19;19;SKN;60-0401E;61
Jean;5;19;19;SKN;60-0402;25
Jean;5;19;19;SKN;60-0604;49
Jean;5;19;19;SKN;60-0607;52
Jean;5;19;19;SKN;60-0708;86
Jean;5;19;19;SKN;60-0713;43
Jean;5;19;19;SKN;60-0716;125
Jean;5;19;19;SKN;60-0720;56
Jean;5;19;19;SKN;60-0722;76
Jean;5;19;19;SKN;60-0724;95
Jean;5;19;19;SKN;60-1002;216
Jean;5;19;19;SKN;60-1210;88
Jean;5;19;19;SKN;60-1218;368
Jean;5;19;19;SKN;61-0117;67
Jean;5;19;19;SKN;61-0118;55
Jean;5;19;19;SKN;61-0119E;138
Jean;5;19;19;SKN;61-0124;47
Jean;5;19;19;SKN;61-0205E;57
Jean;5;19;19;SKN;61-0212E;11
Jean;5;19;19;SKN;61-0212M;18
Jean;5;19;19;SKN;61-0219;86
Jean;5;19;19;SKN;61-0224;32
Jean;5;19;19;SKN;61-0224;33
Jean;5;19;19;SKN;61-0224;38
Jean;5;19;19;SKN;61-0311;66
Jean;5;19;19;SKN;61-0311;93
Jean;5;19;19;SKN;61-0315;172
Jean;5;19;19;SKN;61-0409;46
Jean;5;19;19;SKN;61-0411;19
Jean;5;19;19;SKN;61-0412;101
Jean;5;19;19;SKN;61-0414;5
Jean;5;19;19;SKN;61-0424;125
Jean;5;19;19;SKN;61-0429E;69
Jean;5;19;19;SKN;61-0516A;51
Jean;5;19;19;SKN;61-0517;58
Jean;5;19;19;SKN;61-0520;74
Jean;5;19;19;SKN;61-0521;80
Jean;5;19;19;SKN;62-0123;137
Jean;5;19;19;SKN;62-0124;100
Jean;5;19;19;SKN;62-0129;40
Jean;5;19;19;SKN;62-0218;201
Jean;5;19;19;SKN;62-0318E;1
Jean;5;19;19;SKN;62-0318M;28
Jean;5;19;19;SKN;62-0422;332
Jean;5;19;19;SKN;62-0612;3
Jean;5;19;19;SKN;62-0621E;29
Jean;5;19;19;SKN;62-0627;37
Jean;5;19;19;SKN;62-0627;61
Jean;5;19;19;SKN;62-0629;74
Jean;5;19;19;SKN;62-0630B;26
Jean;5;19;19;SKN;62-0704;124
Jean;5;19;19;SKN;62-0707;142
Jean;5;19;19;SKN;62-0711;73
Jean;5;19;19;SKN;62-0712;71
Jean;5;19;19;SKN;62-0713;69
Jean;5;19;19;SKN;62-0715;46
Jean;5;19;19;SKN;62-0718;41
Jean;5;19;19;SKN;62-0724;47
Jean;5;19;19;SKN;62-0727;38
Jean;5;19;19;SKN;62-1123;98
Jean;5;19;19;SKN;62-1230M;179
Jean;5;19;19;SKN;63-0123;291
Jean;5;19;19;SKN;63-0604;153
Jean;5;19;19;SKN;63-0604;162
Jean;5;19;19;SKN;63-0627;144
Jean;5;19;19;SKN;63-1112;158
Jean;5;19;19;SKN;63-1116E;280
Jean;5;19;19;SKN;64-0122;178
Jean;5;19;19;SKN;64-0213;33
Jean;5;19;19;SKN;64-0304;108
Jean;5;19;19;SKN;64-0305;238
Jean;5;19;19;SKN;64-0311;109
Jean;5;19;19;SKN;64-0315;306
Jean;5;19;19;SKN;64-0319;48
Jean;5;19;19;SKN;64-0412;27
Jean;5;19;19;SKN;64-0415;236
Jean;5;19;19;SKN;64-0417;30
Jean;5;19;19;SKN;64-0816;196
Jean;5;19;19;SKN;64-0823M;162
Jean;5;19;19;SKN;65-0219;77
Jean;5;19;19;VGR;53-0603;85
Jean;5;19;19;VGR;54-0404E;36
Jean;5;19;19;VGR;55-0611;198
Jean;5;19;19;VGR;56-0401M;148
Jean;5;19;19;VGR;56-1001;77
Jean;5;19;19;VGR;57-0407E;25
Jean;5;19;19;VGR;57-0421E;30
Jean;5;19;19;VGR;57-0825M;58
Jean;5;19;19;VGR;57-1229;83
Jean;5;19;19;VGR;58-0225;5
Jean;5;19;19;VGR;58-1005M;212
Jean;5;19;19;VGR;59-0404;40
Jean;5;19;19;VGR;59-1108;78
Jean;5;19;19;VGR;60-0402;64
Jean;5;19;19;VGR;60-0604;169
Jean;5;19;19;VGR;60-1210;83
Jean;5;19;19;VGR;60-1218;368
Jean;5;19;19;VGR;62-0318M;203
Jean;5;19;19;VGR;62-0318M;420
Jean;5;19;19;VGR;62-0422;544
Jean;5;19;19;VGR;62-1230M;248
Jean;5;19;19;VGR;63-0123;291
Jean;5;19;19;VGR;64-0213;33
Jean;5;19;19;VGR;64-0304;108
Jean;5;19;19;VGR;64-0305;238
Jean;5;19;19;VGR;64-0311;109
Jean;5;19;19;VGR;64-0315;306
Jean;5;19;19;VGR;64-0415;236
Jean;5;19;19;VGR;64-0417;30
Jean;5;19;19;VGR;64-0823M;162
Jean;5;19;19;VGR;65-0219;77
Jean;5;22;22;SKN;60-1204E;158
Jean;5;22;22;VGR;60-1204E;157
Jean;5;22;22;VGR;60-1204E;168
Jean;5;24;24;SKN;50-0818;5
Jean;5;24;24;SKN;52-0715;23
Jean;5;24;24;SKN;53-0326;32
Jean;5;24;24;SKN;53-0328;28
Jean;5;24;24;SKN;53-0512;10
Jean;5;24;24;SKN;53-1206E;67
Jean;5;24;24;SKN;54-0221;34
Jean;5;24;24;SKN;54-0228A;37
Jean;5;24;24;SKN;54-0314;20
Jean;5;24;24;SKN;54-0329;10
Jean;5;24;24;SKN;54-1203;44
Jean;5;24;24;SKN;54-1231;84
Jean;5;24;24;SKN;55-0220A;28
Jean;5;24;24;SKN;55-0312;23
Jean;5;24;24;SKN;55-0609;26
Jean;5;24;24;SKN;55-1111;85
Jean;5;24;24;SKN;55-1120;76
Jean;5;24;24;SKN;56-0101;70
Jean;5;24;24;SKN;56-0304;83
Jean;5;24;24;SKN;56-0414;42
Jean;5;24;24;SKN;56-0415;46
Jean;5;24;24;SKN;56-0427;65
Jean;5;24;24;SKN;56-0428;68
Jean;5;24;24;SKN;56-0429;68
Jean;5;24;24;SKN;56-0614;44
Jean;5;24;24;SKN;56-0621;55
Jean;5;24;24;SKN;56-0805;139
Jean;5;24;24;SKN;56-1208;51
Jean;5;24;24;SKN;56-1215;60
Jean;5;24;24;SKN;57-0125;54
Jean;5;24;24;SKN;57-0126E;147
Jean;5;24;24;SKN;57-0325;24
Jean;5;24;24;SKN;57-0420;34
Jean;5;24;24;SKN;57-0614;34
Jean;5;24;24;SKN;57-0725;19
Jean;5;24;24;SKN;57-0818;158
Jean;5;24;24;SKN;57-0825M;45
Jean;5;24;24;SKN;57-0915M;557
Jean;5;24;24;SKN;57-1002;377
Jean;5;24;24;SKN;57-1212;43
Jean;5;24;24;SKN;58-0301B;22
Jean;5;24;24;SKN;58-0503;54
Jean;5;24;24;SKN;58-0928M;58
Jean;5;24;24;SKN;59-0407;46
Jean;5;24;24;SKN;59-0424A;79
Jean;5;24;24;SKN;59-1124;46
Jean;5;24;24;SKN;59-1219;162
Jean;5;24;24;SKN;59-1223;51
Jean;5;24;24;SKN;59-1227E;60
Jean;5;24;24;SKN;60-0108;44
Jean;5;24;24;SKN;60-0229;54
Jean;5;24;24;SKN;60-0329;35
Jean;5;24;24;SKN;60-0606;77
Jean;5;24;24;SKN;60-0612;65
Jean;5;24;24;SKN;60-0709;79
Jean;5;24;24;SKN;60-0712;97
Jean;5;24;24;SKN;60-0729;26
Jean;5;24;24;SKN;60-0803;62
Jean;5;24;24;SKN;61-0128;74
Jean;5;24;24;SKN;61-0211;23
Jean;5;24;24;SKN;61-0213;22
Jean;5;24;24;SKN;61-0215;75
Jean;5;24;24;SKN;61-0217;17
Jean;5;24;24;SKN;61-0218;69
Jean;5;24;24;SKN;61-0219;76
Jean;5;24;24;SKN;61-0224;119
Jean;5;24;24;SKN;61-0316;71
Jean;5;24;24;SKN;61-0412;63
Jean;5;24;24;SKN;61-0415E;73
Jean;5;24;24;SKN;61-0425B;293
Jean;5;24;24;SKN;61-0516A;60
Jean;5;24;24;SKN;61-0723E;58
Jean;5;24;24;SKN;61-0808;59
Jean;5;24;24;SKN;61-0827;170
Jean;5;24;24;SKN;62-0124;24
Jean;5;24;24;SKN;62-0313;14
Jean;5;24;24;SKN;62-0531;143
Jean;5;24;24;SKN;62-0603;30
Jean;5;24;24;SKN;62-0609E;48
Jean;5;24;24;SKN;62-0611;19
Jean;5;24;24;SKN;62-0705;134
Jean;5;24;24;SKN;62-0708;186
Jean;5;24;24;SKN;62-0719B;33
Jean;5;24;24;SKN;62-0720;81
Jean;5;24;24;SKN;62-0722;56
Jean;5;24;24;SKN;62-0726;85
Jean;5;24;24;SKN;62-0909M;26
Jean;5;24;24;SKN;62-1007;137
Jean;5;24;24;SKN;63-0114;213
Jean;5;24;24;SKN;63-0122;70
Jean;5;24;24;SKN;63-0721;76
Jean;5;24;24;SKN;63-0724;173
Jean;5;24;24;SKN;63-0728;24
Jean;5;24;24;SKN;63-1103;297
Jean;5;24;24;SKN;63-1124M;218
Jean;5;24;24;SKN;63-1128E;189
Jean;5;24;24;SKN;64-0410;61
Jean;5;24;24;SKN;64-0618;204
Jean;5;24;24;SKN;64-0705X;3
Jean;5;24;24;SKN;64-0719M;231
Jean;5;24;24;SKN;64-0830M;207
Jean;5;24;24;SKN;65-0218;65
Jean;5;24;24;SKN;65-0410;74
Jean;5;24;24;SKN;65-0418M;159
Jean;5;24;24;SKN;65-0429B;50
Jean;5;24;24;VGR;54-0329;10
Jean;5;24;24;VGR;56-0101;93
Jean;5;24;24;VGR;56-0805;139
Jean;5;24;24;VGR;57-0420;34
Jean;5;24;24;VGR;57-0818;158
Jean;5;24;24;VGR;57-0825M;45
Jean;5;24;24;VGR;57-0915M;557
Jean;5;24;24;VGR;57-1002;377
Jean;5;24;24;VGR;59-1219;162
Jean;5;24;24;VGR;59-1223;51
Jean;5;24;24;VGR;59-1227E;60
Jean;5;24;24;VGR;61-0425B;294
Jean;5;24;24;VGR;61-0723E;58
Jean;5;24;24;VGR;61-0808;147
Jean;5;24;24;VGR;62-0313;39
Jean;5;24;24;VGR;62-0531;143
Jean;5;24;24;VGR;62-0909M;38
Jean;5;24;24;VGR;62-1007;137
Jean;5;24;24;VGR;63-0114;213
Jean;5;24;24;VGR;63-0122;206
Jean;5;24;24;VGR;63-0724;174
Jean;5;24;24;VGR;63-0728;24
Jean;5;24;24;VGR;63-1103;297
Jean;5;24;24;VGR;63-1124M;218
Jean;5;24;24;VGR;64-0618;204
Jean;5;24;24;VGR;64-0705X;4
Jean;5;24;24;VGR;64-0719M;319
Jean;5;24;24;VGR;64-0830M;283
Jean;5;24;24;VGR;65-0218;65
Jean;5;24;24;VGR;65-0410;89
Jean;5;24;24;VGR;65-0418M;159
Jean;5;24;24;VGR;65-0429B;52
Jean;5;28;28;SKN;53-1109;1
Jean;5;33;33;SKN;54-0411;28
Jean;5;39;39;SKN;62-0724;49
Jean;5;39;39;SKN;64-0304;115
Jean;5;39;39;VGR;64-0304;115
Jean;5;43;43;SKN;65-0425;67
Jean;5;43;43;SKN;65-1128M;213
Jean;5;43;43;VGR;65-0425;67
Jean;5;43;43;VGR;65-1128M;213
Jean;6;0;0;SKN;52-0715;23
Jean;6;0;0;SKN;53-0326;159
Jean;6;0;0;SKN;53-0512;10
Jean;6;0;0;SKN;54-0329;11
Jean;6;0;0;SKN;56-0224;57
Jean;6;0;0;SKN;56-0311A;20
Jean;6;0;0;SKN;57-0104;48
Jean;6;0;0;SKN;57-0925;184
Jean;6;0;0;SKN;58-0515;34
Jean;6;0;0;SKN;58-0523;24
Jean;6;0;0;SKN;58-0612;42
Jean;6;0;0;SKN;58-0612;55
Jean;6;0;0;SKN;58-0619E;36
Jean;6;0;0;SKN;59-0422;32
Jean;6;0;0;SKN;59-1219;162
Jean;6;0;0;SKN;59-1223;51
Jean;6;0;0;SKN;61-0118;57
Jean;6;0;0;SKN;61-0208;59
Jean;6;0;0;SKN;61-0224;56
Jean;6;0;0;SKN;61-0411;18
Jean;6;0;0;SKN;61-0425B;128
Jean;6;0;0;SKN;61-0516A;48
Jean;6;0;0;SKN;62-0121E;119
Jean;6;0;0;SKN;62-0318E;1
Jean;6;0;0;SKN;62-0704;128
Jean;6;0;0;SKN;62-0712;69
Jean;6;0;0;SKN;62-0718;65
Jean;6;0;0;SKN;62-0724;71
Jean;6;0;0;SKN;62-0727;60
Jean;6;0;0;SKN;62-1230M;183
Jean;6;0;0;SKN;63-0321;66
Jean;6;0;0;SKN;63-0428;244
Jean;6;0;0;SKN;63-0604;140
Jean;6;0;0;SKN;63-0605;280
Jean;6;0;0;SKN;63-0627;138
Jean;6;0;0;SKN;63-0630M;130
Jean;6;0;0;SKN;63-1112;151
Jean;6;0;0;SKN;63-1114;139
Jean;6;0;0;SKN;63-1124E;26
Jean;6;0;0;SKN;64-0318;127
Jean;6;0;0;SKN;64-0322;80
Jean;6;0;0;SKN;64-0401;169
Jean;6;0;0;SKN;64-0409;102
Jean;6;0;0;SKN;64-0617;124
Jean;6;0;0;SKN;64-1227;174
Jean;6;0;0;SKN;65-0117;65
Jean;6;0;0;VGR;54-0329;11
Jean;6;0;0;VGR;59-0510M;92
Jean;6;0;0;VGR;59-1219;162
Jean;6;0;0;VGR;59-1223;51
Jean;6;0;0;VGR;60-1205;214
Jean;6;0;0;VGR;61-0425B;128
Jean;6;0;0;VGR;62-0121E;282
Jean;6;0;0;VGR;62-0318M;403
Jean;6;0;0;VGR;62-1230M;260
Jean;6;0;0;VGR;63-0321;66
Jean;6;0;0;VGR;63-0630M;289
Jean;6;0;0;VGR;63-1114;139
Jean;6;0;0;VGR;63-1124E;41
Jean;6;0;0;VGR;64-0318;127
Jean;6;0;0;VGR;64-0322;80
Jean;6;0;0;VGR;64-0409;159
Jean;6;0;0;VGR;64-0617;124
Jean;6;0;0;VGR;64-1227;174
Jean;6;30;30;SKN;59-0510M;92
Jean;6;33;33;SKN;65-0919;207
Jean;6;33;33;VGR;65-0919;207
Jean;6;35;35;SKN;63-1214;79
Jean;6;35;35;VGR;63-1214;79
Jean;6;44;44;VGR;65-1126;118
Jean;6;44;44;VGR;65-1126;122
Jean;6;44;46;SKN;65-1126;118
Jean;6;44;46;SKN;65-1126;122
Jean;6;48;48;SKN;64-1212;57
Jean;6;49;49;SKN;63-1110M;235
Jean;6;49;49;VGR;63-1110M;235
Jean;6;60;60;SKN;63-1124E;22
Jean;6;60;60;VGR;63-1124E;34
Jean;6;66;66;SKN;60-0604;8
Jean;6;66;66;VGR;60-0604;21
Jean;7;5;5;SKN;53-1112;18
Jean;7;12;12;SKN;56-0403;42
Jean;7;37;37;SKN;64-0726E;108
Jean;7;37;37;VGR;64-0726E;108
Jean;7;37;38;SKN;65-0123;181
Jean;7;37;38;VGR;65-0123;183
Jean;8;0;0;SKN;62-1122;35
Jean;8;35;35;SKN;62-1122;33
Jean;8;58;58;SKN;63-0801;130
Jean;9;0;0;SKN;52-1027;23
Jean;9;0;0;SKN;54-0303;51
Jean;9;26;26;VGR;62-0601;127
Jean;10;0;0;SKN;56-0129;3
Jean;10;0;0;SKN;57-0308;4
Jean;10;0;0;SKN;57-0308;10
Jean;10;0;0;SKN;60-0604;16
Jean;10;0;0;SKN;60-0606;20
Jean;10;0;0;SKN;60-1231;94
Jean;10;0;0;SKN;62-0401;63
Jean;10;0;0;SKN;62-0601;127
Jean;10;0;0;SKN;63-0324M;327
Jean;10;0;0;SKN;64-1221;126
Jean;10;0;0;SKN;65-0120;58
Jean;10;0;0;SKN;65-1128M;185
Jean;10;0;0;VGR;60-0604;49
Jean;10;0;0;VGR;60-1231;90
Jean;10;0;0;VGR;64-1221;126
Jean;10;0;0;VGR;65-0120;54
Jean;10;0;0;VGR;65-1128M;185
Jean;10;7;7;SKN;60-1210;112
Jean;10;7;7;VGR;60-1210;99
Jean;10;17;17;SKN;60-1210;112
Jean;10;17;17;VGR;60-1210;99
Jean;10;35;35;SKN;64-0617;34
Jean;10;35;35;VGR;64-0617;34
Jean;10;37;37;SKN;64-0311;58
Jean;10;37;37;SKN;64-0320;57
Jean;10;37;37;VGR;64-0311;58
Jean;10;37;37;VGR;64-0320;104
Jean;11;0;0;SKN;52-0900;148
Jean;11;0;0;SKN;53-1122;92
Jean;11;0;0;SKN;55-0227E;47
Jean;11;0;0;SKN;55-0625;24
Jean;11;0;0;SKN;55-0813;25
Jean;11;0;0;SKN;55-0826;10
Jean;11;0;0;SKN;56-0401M;34
Jean;11;0;0;SKN;57-0302;5
Jean;11;0;0;SKN;57-0808;33
Jean;11;0;0;SKN;58-0312;47
Jean;11;0;0;SKN;58-0326;17
Jean;11;0;0;SKN;58-0510;53
Jean;11;0;0;SKN;58-0524;45
Jean;11;0;0;SKN;62-0722;56
Jean;11;0;0;SKN;63-0412E;232
Jean;11;0;0;SKN;64-0213;81
Jean;11;0;0;SKN;64-0417;18
Jean;11;0;0;SKN;64-0417;227
Jean;11;0;0;VGR;52-0900;148
Jean;11;0;0;VGR;56-0401M;72
Jean;11;0;0;VGR;64-0213;81
Jean;11;0;0;VGR;64-0417;18
Jean;11;0;0;VGR;64-0417;227
Jean;11;38;44;SKN;65-1204;152
Jean;11;38;44;VGR;65-1204;152
Jean;12;0;0;SKN;53-0531;23
Jean;12;0;0;SKN;54-1003M;227
Jean;12;0;0;SKN;55-0828E;2
Jean;12;0;0;SKN;58-0301B;53
Jean;12;0;0;SKN;58-0323;41
Jean;12;0;0;SKN;58-0515;10
Jean;12;0;0;SKN;58-0515;20
Jean;12;0;0;SKN;58-0619E;23
Jean;12;0;0;SKN;61-0208;35
Jean;12;0;0;SKN;61-0516A;28
Jean;12;0;0;SKN;63-0113E;154
Jean;12;0;0;SKN;63-0118;92
Jean;12;0;0;SKN;63-0318;142
Jean;12;0;0;SKN;63-0627;33
Jean;12;0;0;SKN;63-1222;86
Jean;12;0;0;SKN;64-0705;128
Jean;12;0;0;VGR;54-1003M;227
Jean;12;0;0;VGR;55-0828E;2
Jean;12;0;0;VGR;63-0113E;154
Jean;12;0;0;VGR;63-0118;288
Jean;12;0;0;VGR;63-0318;142
Jean;12;0;0;VGR;64-0705;114
Jean;12;0;0;VGR;64-0705;128
Jean;12;1;1;SKN;63-1222;83
Jean;12;4;4;SKN;62-1123;49
Jean;12;14;14;SKN;63-1028;61
Jean;12;14;14;SKN;63-1127;202
Jean;12;14;14;VGR;63-1028;149
Jean;12;20;20;SKN;58-0214;19
Jean;12;20;20;SKN;58-0523;10
Jean;12;20;20;SKN;58-0619E;10
Jean;12;20;20;SKN;61-0205E;22
Jean;12;20;20;SKN;61-0208;20
Jean;12;20;20;SKN;61-0409;19
Jean;12;20;20;SKN;61-0519;19
Jean;12;20;20;SKN;62-0704;45
Jean;12;20;20;SKN;62-0718;19
Jean;12;20;20;SKN;62-0724;34
Jean;12;20;20;SKN;62-0724;48
Jean;12;20;20;SKN;62-0727;21
Jean;12;20;20;SKN;63-0604;28
Jean;12;20;20;SKN;63-0627;79
Jean;12;20;20;SKN;63-1112;29
Jean;12;20;20;SKN;64-0614M;94
Jean;12;20;20;SKN;64-0629;64
Jean;12;20;20;VGR;64-0614M;94
Jean;12;20;20;VGR;64-0629;64
Jean;12;24;24;SKN;59-1217;150
Jean;12;24;24;SKN;64-0705;116
Jean;12;24;24;VGR;59-1217;150
Jean;12;24;24;VGR;64-0705;116
Jean;12;32;32;SKN;62-0728;11
Jean;12;32;32;SKN;63-0115;54
Jean;12;32;32;SKN;63-0115;55
Jean;12;32;32;VGR;63-0115;54
Jean;12;32;32;VGR;63-0115;55
Jean;13;0;0;SKN;58-1002;37
Jean;13;0;0;SKN;61-0112;452
Jean;13;0;0;SKN;62-0422;281
Jean;13;0;0;VGR;61-0112;452
Jean;13;0;0;VGR;62-0422;463
Jean;13;20;20;SKN;62-0318E;1
Jean;13;20;20;VGR;62-0318M;403
Jean;13;35;35;SKN;60-0308;103
Jean;13;35;35;VGR;60-0308;103
Jean;14;0;0;SKN;47-1123;5
Jean;14;0;0;SKN;50-0115;13
Jean;14;0;0;SKN;51-0509;34
Jean;14;0;0;SKN;52-0715;16
Jean;14;0;0;SKN;53-0512;28
Jean;14;0;0;SKN;53-0907A;19
Jean;14;0;0;SKN;53-0907A;22
Jean;14;0;0;SKN;54-0720A;13
Jean;14;0;0;SKN;55-0116A;39
Jean;14;0;0;SKN;55-0403;30
Jean;14;0;0;SKN;55-0501A;23
Jean;14;0;0;SKN;56-0311A;26
Jean;14;0;0;SKN;56-0611;18
Jean;14;0;0;SKN;56-0923;66
Jean;14;0;0;SKN;56-0930;25
Jean;14;0;0;SKN;56-0930E;17
Jean;14;0;0;SKN;57-0105;37
Jean;14;0;0;SKN;57-0125;20
Jean;14;0;0;SKN;57-0301;7
Jean;14;0;0;SKN;57-0310E;22
Jean;14;0;0;SKN;57-0323;11
Jean;14;0;0;SKN;57-0613E;50
Jean;14;0;0;SKN;57-0807;12
Jean;14;0;0;SKN;57-0809;13
Jean;14;0;0;SKN;57-1211;25
Jean;14;0;0;SKN;58-0209A;22
Jean;14;0;0;SKN;58-0301E;11
Jean;14;0;0;SKN;58-0324;14
Jean;14;0;0;SKN;58-0330E;40
Jean;14;0;0;SKN;58-1003;22
Jean;14;0;0;SKN;59-0810;42
Jean;14;0;0;SKN;59-1125;52
Jean;14;0;0;SKN;59-1129;44
Jean;14;0;0;SKN;59-1129;185
Jean;14;0;0;SKN;59-1216;52
Jean;14;0;0;SKN;59-1216;56
Jean;14;0;0;SKN;59-1217;19
Jean;14;0;0;SKN;59-1217;21
Jean;14;0;0;SKN;59-1219;45
Jean;14;0;0;SKN;60-0313;24
Jean;14;0;0;SKN;60-0401E;54
Jean;14;0;0;SKN;60-0724;2
Jean;14;0;0;SKN;60-0806;33
Jean;14;0;0;SKN;60-0911E;90
Jean;14;0;0;SKN;61-0119M;38
Jean;14;0;0;SKN;61-0409;26
Jean;14;0;0;SKN;61-0425B;130
Jean;14;0;0;SKN;61-0425B;180
Jean;14;0;0;SKN;61-0618;120
Jean;14;0;0;SKN;61-1001E;41
Jean;14;0;0;SKN;61-1231E;135
Jean;14;0;0;SKN;62-0401;258
Jean;14;0;0;SKN;62-0603;30
Jean;14;0;0;SKN;62-0609E;51
Jean;14;0;0;SKN;62-0722;56
Jean;14;0;0;SKN;62-1104M;157
Jean;14;0;0;SKN;63-0223;235
Jean;14;0;0;SKN;63-0317M;79
Jean;14;0;0;SKN;63-0623E;170
Jean;14;0;0;SKN;64-0112;172
Jean;14;0;0;SKN;64-0121;200
Jean;14;0;0;SKN;64-0705;68
Jean;14;0;0;SKN;64-0726E;68
Jean;14;0;0;SKN;64-0802;56
Jean;14;0;0;SKN;64-0802;270
Jean;14;0;0;SKN;64-0802;294
Jean;14;0;0;SKN;64-0802;298
Jean;14;0;0;SKN;64-0823E;51
Jean;14;0;0;SKN;64-0830M;207
Jean;14;0;0;SKN;65-0725E;118
Jean;14;0;0;VGR;55-0403;98
Jean;14;0;0;VGR;55-0501A;41
Jean;14;0;0;VGR;58-1003;41
Jean;14;0;0;VGR;59-1216;52
Jean;14;0;0;VGR;59-1216;56
Jean;14;0;0;VGR;59-1217;19
Jean;14;0;0;VGR;59-1217;21
Jean;14;0;0;VGR;59-1219;45
Jean;14;0;0;VGR;60-0911E;90
Jean;14;0;0;VGR;61-0119M;42
Jean;14;0;0;VGR;61-0425B;130
Jean;14;0;0;VGR;61-0425B;180
Jean;14;0;0;VGR;61-0618;120
Jean;14;0;0;VGR;62-1104M;178
Jean;14;0;0;VGR;63-0223;235
Jean;14;0;0;VGR;63-0317M;79
Jean;14;0;0;VGR;63-0623E;170
Jean;14;0;0;VGR;64-0112;172
Jean;14;0;0;VGR;64-0705;68
Jean;14;0;0;VGR;64-0726E;68
Jean;14;0;0;VGR;64-0802;56
Jean;14;0;0;VGR;64-0802;270
Jean;14;0;0;VGR;64-0802;294
Jean;14;0;0;VGR;64-0802;298
Jean;14;0;0;VGR;64-0823E;51
Jean;14;0;0;VGR;64-0830M;300
Jean;14;0;0;VGR;65-0410;88
Jean;14;0;0;VGR;65-0725E;118
Jean;14;0;0;VGR;65-1205;17
Jean;14;1;1;SKN;55-0625;4
Jean;14;1;1;SKN;65-1205;17
Jean;14;2;2;SKN;63-1130E;178
Jean;14;5;5;SKN;64-0427;65
Jean;14;5;5;VGR;64-0427;194
Jean;14;7;7;SKN;51-0923;47
Jean;14;7;7;SKN;54-0228E;29
Jean;14;7;7;SKN;55-0806;53
Jean;14;7;7;SKN;55-1113;62
Jean;14;7;7;SKN;56-0225;59
Jean;14;7;7;SKN;56-0401M;64
Jean;14;7;7;SKN;57-0114;69
Jean;14;7;7;SKN;57-0517;38
Jean;14;7;7;SKN;57-0610;26
Jean;14;7;7;SKN;57-0629;44
Jean;14;7;7;SKN;58-0214;26
Jean;14;7;7;SKN;58-0313;47
Jean;14;7;7;SKN;59-1004E;29
Jean;14;7;7;SKN;60-0308;104
Jean;14;7;7;SKN;60-0604;44
Jean;14;7;7;SKN;60-0711;46
Jean;14;7;7;SKN;60-0729;20
Jean;14;7;7;SKN;60-1124;28
Jean;14;7;7;SKN;60-1204M;149
Jean;14;7;7;SKN;60-1204M;372
Jean;14;7;7;SKN;61-0409;26
Jean;14;7;7;SKN;61-0414;68
Jean;14;7;7;SKN;61-0415E;75
Jean;14;7;7;SKN;61-0423;12
Jean;14;7;7;SKN;62-1013;19
Jean;14;7;7;SKN;62-1014M;108
Jean;14;7;7;VGR;51-0923;116
Jean;14;7;7;VGR;56-0401M;146
Jean;14;7;7;VGR;60-0308;104
Jean;14;7;7;VGR;60-0604;150
Jean;14;7;7;VGR;60-1204M;146
Jean;14;7;7;VGR;60-1204M;358
Jean;14;7;7;VGR;62-1013;19
Jean;14;7;7;VGR;62-1014M;138
Jean;14;8;8;SKN;57-0323;11
Jean;14;8;8;SKN;58-0105;37
Jean;14;8;8;SKN;58-0524;60
Jean;14;8;8;SKN;58-0928M;94
Jean;14;8;8;SKN;59-0920;8
Jean;14;8;8;SKN;61-0521;20
Jean;14;8;8;SKN;63-0606;64
Jean;14;8;8;SKN;64-0312;137
Jean;14;8;8;VGR;59-0920;167
Jean;14;9;9;SKN;64-0312;137
Jean;14;9;9;SKN;64-0416;190
Jean;14;9;9;VGR;64-0416;190
Jean;14;11;11;SKN;62-0401;233
Jean;14;12;12;SKN;51-0727;23
Jean;14;12;12;SKN;52-0713E;77
Jean;14;12;12;SKN;52-0809;13
Jean;14;12;12;SKN;53-0513;24
Jean;14;12;12;SKN;53-0531;23
Jean;14;12;12;SKN;55-0113;4
Jean;14;12;12;SKN;55-0113;39
Jean;14;12;12;SKN;56-0406;49
Jean;14;12;12;SKN;57-0126B;22
Jean;14;12;12;SKN;57-0226;21
Jean;14;12;12;SKN;59-0404;8
Jean;14;12;12;SKN;59-0811;32
Jean;14;12;12;SKN;59-0815;56
Jean;14;12;12;SKN;59-1217;53
Jean;14;12;12;SKN;59-1217;60
Jean;14;12;12;SKN;59-1217;65
Jean;14;12;12;SKN;59-1217;78
Jean;14;12;12;SKN;60-0109;42
Jean;14;12;12;SKN;60-0417M;51
Jean;14;12;12;SKN;60-0911E;90
Jean;14;12;12;SKN;60-1218;372
Jean;14;12;12;SKN;61-0108;344
Jean;14;12;12;SKN;61-0108;356
Jean;14;12;12;SKN;61-0117;26
Jean;14;12;12;SKN;61-0117;64
Jean;14;12;12;SKN;61-0118;27
Jean;14;12;12;SKN;61-0123;17
Jean;14;12;12;SKN;61-0208;33
Jean;14;12;12;SKN;61-1224;95
Jean;14;12;12;SKN;61-1231E;86
Jean;14;12;12;SKN;62-0117;185
Jean;14;12;12;SKN;62-0118;120
Jean;14;12;12;SKN;62-0119;64
Jean;14;12;12;SKN;62-0120;85
Jean;14;12;12;SKN;62-0122;21
Jean;14;12;12;SKN;62-0122;32
Jean;14;12;12;SKN;62-0124;116
Jean;14;12;12;SKN;62-0128A;82
Jean;14;12;12;SKN;62-0211;188
Jean;14;12;12;SKN;62-0218;38
Jean;14;12;12;SKN;62-0318E;1
Jean;14;12;12;SKN;62-0318M;28
Jean;14;12;12;SKN;62-0408;63
Jean;14;12;12;SKN;62-0607;78
Jean;14;12;12;SKN;62-0608;100
Jean;14;12;12;SKN;62-0609E;49
Jean;14;12;12;SKN;62-0610M;87
Jean;14;12;12;SKN;62-0611;51
Jean;14;12;12;SKN;62-0620;65
Jean;14;12;12;SKN;62-0622E;72
Jean;14;12;12;SKN;62-0628;34
Jean;14;12;12;SKN;62-0629;85
Jean;14;12;12;SKN;62-0701;120
Jean;14;12;12;SKN;62-0704;180
Jean;14;12;12;SKN;62-0706;27
Jean;14;12;12;SKN;62-0711;68
Jean;14;12;12;SKN;62-0714;91
Jean;14;12;12;SKN;62-0718;90
Jean;14;12;12;SKN;62-0724;43
Jean;14;12;12;SKN;62-0727;55
Jean;14;12;12;SKN;62-1122;75
Jean;14;12;12;SKN;63-0113E;154
Jean;14;12;12;SKN;63-0115;252
Jean;14;12;12;SKN;63-0117;207
Jean;14;12;12;SKN;63-0118;92
Jean;14;12;12;SKN;63-0120E;104
Jean;14;12;12;SKN;63-0122;70
Jean;14;12;12;SKN;63-0123;242
Jean;14;12;12;SKN;63-0127;40
Jean;14;12;12;SKN;63-0319;208
Jean;14;12;12;SKN;63-0319;218
Jean;14;12;12;SKN;63-0320;197
Jean;14;12;12;SKN;63-0320;242
Jean;14;12;12;SKN;63-0428;156
Jean;14;12;12;SKN;63-0605;251
Jean;14;12;12;SKN;63-0606;83
Jean;14;12;12;SKN;63-0628E;78
Jean;14;12;12;SKN;63-0630E;229
Jean;14;12;12;SKN;63-0707M;168
Jean;14;12;12;SKN;63-0707M;226
Jean;14;12;12;SKN;63-0714M;287
Jean;14;12;12;SKN;63-0717;141
Jean;14;12;12;SKN;63-0728;125
Jean;14;12;12;SKN;63-0728;578
Jean;14;12;12;SKN;63-0801;166
Jean;14;12;12;SKN;63-0803B;88
Jean;14;12;12;SKN;63-0825E;153
Jean;14;12;12;SKN;63-0901M;328
Jean;14;12;12;SKN;63-1103;188
Jean;14;12;12;SKN;63-1103;196
Jean;14;12;12;SKN;63-1110E;42
Jean;14;12;12;SKN;63-1110M;116
Jean;14;12;12;SKN;63-1112;38
Jean;14;12;12;SKN;63-1113;111
Jean;14;12;12;SKN;63-1116E;280
Jean;14;12;12;SKN;63-1222;62
Jean;14;12;12;SKN;63-1229E;207
Jean;14;12;12;SKN;63-1229M;218
Jean;14;12;12;SKN;64-0119;100
Jean;14;12;12;SKN;64-0121;37
Jean;14;12;12;SKN;64-0122;166
Jean;14;12;12;SKN;64-0126;57
Jean;14;12;12;SKN;64-0206E;90
Jean;14;12;12;SKN;64-0208;160
Jean;14;12;12;SKN;64-0209;61
Jean;14;12;12;SKN;64-0212;105
Jean;14;12;12;SKN;64-0216;55
Jean;14;12;12;SKN;64-0305;214
Jean;14;12;12;SKN;64-0308;168
Jean;14;12;12;SKN;64-0311;63
Jean;14;12;12;SKN;64-0314;24
Jean;14;12;12;SKN;64-0319;42
Jean;14;12;12;SKN;64-0320;60
Jean;14;12;12;SKN;64-0321E;262
Jean;14;12;12;SKN;64-0322;115
Jean;14;12;12;SKN;64-0401;195
Jean;14;12;12;SKN;64-0403;16
Jean;14;12;12;SKN;64-0404;143
Jean;14;12;12;SKN;64-0412;69
Jean;14;12;12;SKN;64-0416;190
Jean;14;12;12;SKN;64-0419;80
Jean;14;12;12;SKN;64-0427;7
Jean;14;12;12;SKN;64-0614M;302
Jean;14;12;12;SKN;64-0816;220
Jean;14;12;12;SKN;64-0816;223
Jean;14;12;12;SKN;64-0830M;207
Jean;14;12;12;SKN;64-1212;186
Jean;14;12;12;SKN;64-1221;81
Jean;14;12;12;SKN;65-0117;44
Jean;14;12;12;SKN;65-0117;112
Jean;14;12;12;SKN;65-0118;98
Jean;14;12;12;SKN;65-0217;132
Jean;14;12;12;SKN;65-0218;105
Jean;14;12;12;SKN;65-0410;94
Jean;14;12;12;SKN;65-0418M;64
Jean;14;12;12;SKN;65-0418M;113
Jean;14;12;12;SKN;65-0418M;316
Jean;14;12;12;SKN;65-0425;187
Jean;14;12;12;SKN;65-0427;57
Jean;14;12;12;SKN;65-0718E;126
Jean;14;12;12;SKN;65-0725E;116
Jean;14;12;12;SKN;65-0725M;50
Jean;14;12;12;SKN;65-0725M;51
Jean;14;12;12;SKN;65-0801M;104
Jean;14;12;12;SKN;65-0822M;158
Jean;14;12;12;SKN;65-1125;154
Jean;14;12;12;VGR;59-0404;22
Jean;14;12;12;VGR;59-0628E;171
Jean;14;12;12;VGR;59-1217;53
Jean;14;12;12;VGR;59-1217;60
Jean;14;12;12;VGR;59-1217;65
Jean;14;12;12;VGR;59-1217;78
Jean;14;12;12;VGR;60-0417M;51
Jean;14;12;12;VGR;60-0911E;90
Jean;14;12;12;VGR;60-1218;372
Jean;14;12;12;VGR;61-0108;337
Jean;14;12;12;VGR;61-0108;348
Jean;14;12;12;VGR;62-0122;51
Jean;14;12;12;VGR;62-0122;52
Jean;14;12;12;VGR;62-0122;76
Jean;14;12;12;VGR;62-0318M;176
Jean;14;12;12;VGR;62-0318M;209
Jean;14;12;12;VGR;62-0318M;403
Jean;14;12;12;VGR;63-0113E;154
Jean;14;12;12;VGR;63-0115;252
Jean;14;12;12;VGR;63-0118;288
Jean;14;12;12;VGR;63-0122;207
Jean;14;12;12;VGR;63-0123;242
Jean;14;12;12;VGR;63-0319;208
Jean;14;12;12;VGR;63-0319;218
Jean;14;12;12;VGR;63-0320;197
Jean;14;12;12;VGR;63-0320;242
Jean;14;12;12;VGR;63-0630E;229
Jean;14;12;12;VGR;63-0707;168
Jean;14;12;12;VGR;63-0707;226
Jean;14;12;12;VGR;63-0707M;168
Jean;14;12;12;VGR;63-0707M;226
Jean;14;12;12;VGR;63-0714M;199
Jean;14;12;12;VGR;63-0717;181
Jean;14;12;12;VGR;63-0728;125
Jean;14;12;12;VGR;63-0728;578
Jean;14;12;12;VGR;63-0803B;88
Jean;14;12;12;VGR;63-0825E;153
Jean;14;12;12;VGR;63-0901M;328
Jean;14;12;12;VGR;63-1103;188
Jean;14;12;12;VGR;63-1103;196
Jean;14;12;12;VGR;63-1110E;187
Jean;14;12;12;VGR;63-1110E;198
Jean;14;12;12;VGR;63-1110M;116
Jean;14;12;12;VGR;63-1229E;334
Jean;14;12;12;VGR;63-1229M;218
Jean;14;12;12;VGR;64-0126;57
Jean;14;12;12;VGR;64-0206E;90
Jean;14;12;12;VGR;64-0208;160
Jean;14;12;12;VGR;64-0212;105
Jean;14;12;12;VGR;64-0305;214
Jean;14;12;12;VGR;64-0308;168
Jean;14;12;12;VGR;64-0311;63
Jean;14;12;12;VGR;64-0320;110
Jean;14;12;12;VGR;64-0321E;262
Jean;14;12;12;VGR;64-0322;115
Jean;14;12;12;VGR;64-0403;62
Jean;14;12;12;VGR;64-0404;212
Jean;14;12;12;VGR;64-0416;190
Jean;14;12;12;VGR;64-0419;80
Jean;14;12;12;VGR;64-0427;22
Jean;14;12;12;VGR;64-0614M;302
Jean;14;12;12;VGR;64-0620E;142
Jean;14;12;12;VGR;64-0816;220
Jean;14;12;12;VGR;64-0816;223
Jean;14;12;12;VGR;64-0830M;300
Jean;14;12;12;VGR;64-1221;81
Jean;14;12;12;VGR;65-0118;98
Jean;14;12;12;VGR;65-0217;132
Jean;14;12;12;VGR;65-0218;152
Jean;14;12;12;VGR;65-0410;119
Jean;14;12;12;VGR;65-0418M;64
Jean;14;12;12;VGR;65-0418M;113
Jean;14;12;12;VGR;65-0418M;316
Jean;14;12;12;VGR;65-0425;187
Jean;14;12;12;VGR;65-0426;172
Jean;14;12;12;VGR;65-0427;114
Jean;14;12;12;VGR;65-0718E;126
Jean;14;12;12;VGR;65-0725E;116
Jean;14;12;12;VGR;65-0725M;50
Jean;14;12;12;VGR;65-0725M;51
Jean;14;12;12;VGR;65-0801M;104
Jean;14;12;12;VGR;65-0822M;158
Jean;14;12;12;VGR;65-1125;202
Jean;14;13;13;SKN;63-0114;139
Jean;14;13;13;VGR;63-0114;139
Jean;14;14;14;SKN;59-1217;14
Jean;14;14;14;VGR;59-1217;14
Jean;14;23;23;SKN;63-0901E;73
Jean;14;26;26;SKN;64-0823E;212
Jean;14;26;26;VGR;64-0823E;212
Jean;15;0;0;SKN;55-0113;25
Jean;15;0;0;SKN;56-0414;63
Jean;15;0;0;SKN;56-1209E;98
Jean;15;0;0;SKN;57-0516;44
Jean;15;0;0;SKN;57-0804E;17
Jean;15;0;0;SKN;57-0807;56
Jean;15;0;0;SKN;58-0207;19
Jean;15;0;0;SKN;58-0214;26
Jean;15;0;0;SKN;58-0228;63
Jean;15;0;0;SKN;58-0312;30
Jean;15;0;0;SKN;60-0110;76
Jean;15;0;0;SKN;60-0716;110
Jean;15;0;0;SKN;60-1204E;158
Jean;15;0;0;SKN;60-1218;285
Jean;15;0;0;SKN;61-0117;46
Jean;15;0;0;SKN;61-0119M;38
Jean;15;0;0;SKN;61-0209;46
Jean;15;0;0;SKN;61-0424;152
Jean;15;0;0;SKN;61-1231E;135
Jean;15;0;0;SKN;62-0129;21
Jean;15;0;0;SKN;62-0204;110
Jean;15;0;0;SKN;62-0218;75
Jean;15;0;0;SKN;62-0407;98
Jean;15;0;0;SKN;62-0610M;73
Jean;15;0;0;SKN;62-0630B;14
Jean;15;0;0;SKN;62-0704;172
Jean;15;0;0;SKN;62-1013;20
Jean;15;0;0;SKN;62-1230M;111
Jean;15;0;0;SKN;63-0707M;226
Jean;15;0;0;SKN;63-0825E;76
Jean;15;0;0;SKN;63-1124E;199
Jean;15;0;0;SKN;64-0125;90
Jean;15;0;0;SKN;64-0402;129
Jean;15;0;0;SKN;64-0403;16
Jean;15;0;0;SKN;65-0801E;129
Jean;15;0;0;SKN;65-1127B;19
Jean;15;0;0;SKN;65-1204;98
Jean;15;0;0;VGR;60-1204E;146
Jean;15;0;0;VGR;60-1218;285
Jean;15;0;0;VGR;61-0119M;42
Jean;15;0;0;VGR;62-0204;110
Jean;15;0;0;VGR;62-1013;20
Jean;15;0;0;VGR;62-1230M;155
Jean;15;0;0;VGR;63-0707;226
Jean;15;0;0;VGR;63-0707M;226
Jean;15;0;0;VGR;63-0825E;76
Jean;15;0;0;VGR;63-1124E;304
Jean;15;0;0;VGR;64-0125;90
Jean;15;0;0;VGR;64-0402;129
Jean;15;0;0;VGR;64-0403;62
Jean;15;0;0;VGR;65-0801E;129
Jean;15;0;0;VGR;65-1127B;19
Jean;15;0;0;VGR;65-1204;98
Jean;15;7;7;SKN;61-0108;360
Jean;15;7;7;SKN;61-1231E;125
Jean;15;7;7;SKN;61-1231E;135
Jean;15;7;7;VGR;61-0108;352
Jean;15;16;16;SKN;62-0318E;1
Jean;15;16;16;VGR;62-0318M;403
Jean;15;24;24;SKN;65-0822M;158
Jean;15;24;24;VGR;65-0822M;158
Jean;15;26;26;SKN;63-0721;34
Jean;16;0;0;SKN;52-0810E;15
Jean;16;0;0;SKN;57-0127E;53
Jean;16;0;0;SKN;63-0428;244
Jean;16;0;0;SKN;65-0124;26
Jean;16;0;0;SKN;65-0219;34
Jean;16;0;0;VGR;65-0124;36
Jean;16;0;0;VGR;65-0219;34
Jean;16;7;7;SKN;59-1216;59
Jean;16;7;7;VGR;59-1216;59
Jean;16;21;21;SKN;65-0124;26
Jean;16;21;21;SKN;65-0125;12
Jean;16;21;21;VGR;65-0124;36
Jean;16;21;21;VGR;65-0125;24
Jean;16;27;27;SKN;53-1206E;19
Jean;16;30;30;SKN;52-0716;30
Jean;17;0;0;SKN;52-0716;34
Jean;17;0;0;SKN;52-0810E;66
Jean;17;0;0;SKN;56-0115;40
Jean;17;0;0;SKN;57-0120E;34
Jean;17;0;0;SKN;57-1213;5
Jean;17;0;0;SKN;58-0323;52
Jean;17;0;0;SKN;59-0424E;72
Jean;17;0;0;SKN;65-1205;92
Jean;17;0;0;VGR;56-0115;111
Jean;17;0;0;VGR;57-0120E;84
Jean;17;0;0;VGR;65-1205;92
Jean;17;7;7;SKN;60-1210;123
Jean;17;7;7;VGR;60-1210;110
Jean;17;11;11;SKN;62-0211;17
Jean;17;17;17;SKN;53-0325;31
Jean;17;17;17;SKN;53-0729;277
Jean;17;17;17;SKN;54-0103E;56
Jean;17;17;17;SKN;54-0514;150
Jean;17;17;17;SKN;59-0628E;44
Jean;17;17;17;SKN;59-1217;54
Jean;17;17;17;SKN;59-1219;39
Jean;17;17;17;SKN;60-0522E;111
Jean;17;17;17;SKN;60-0522M;67
Jean;17;17;17;SKN;60-0606;23
Jean;17;17;17;SKN;60-1204E;42
Jean;17;17;17;SKN;60-1210;139
Jean;17;17;17;SKN;61-0214;50
Jean;17;17;17;SKN;61-0217;63
Jean;17;17;17;SKN;62-0706;59
Jean;17;17;17;SKN;63-0320;174
Jean;17;17;17;SKN;64-0830M;207
Jean;17;17;17;VGR;53-0729;277
Jean;17;17;17;VGR;54-0103E;56
Jean;17;17;17;VGR;54-0514;150
Jean;17;17;17;VGR;59-0628E;44
Jean;17;17;17;VGR;59-1217;54
Jean;17;17;17;VGR;59-1219;39
Jean;17;17;17;VGR;60-0522E;111
Jean;17;17;17;VGR;60-0522M;67
Jean;17;17;17;VGR;60-1204E;37
Jean;17;17;17;VGR;60-1210;225
Jean;17;17;17;VGR;63-0320;174
Jean;17;17;17;VGR;64-0830M;275
Jean;19;0;0;SKN;53-0606;28
Jean;19;0;0;SKN;53-1109;56
Jean;19;0;0;SKN;56-0428;70
Jean;19;0;0;SKN;56-0429;70
Jean;19;0;0;SKN;56-1004;61
Jean;19;0;0;SKN;57-0104;56
Jean;19;0;0;SKN;61-0205E;56
Jean;19;5;5;SKN;59-1125;54
Jean;20;0;0;SKN;62-0318E;1
Jean;20;0;0;SKN;63-0604;28
Jean;20;0;0;VGR;62-0318M;403
Jean;20;13;13;SKN;61-0424;44
Jean;20;21;21;SKN;60-1231;128
Jean;20;21;21;VGR;60-1231;137
Jean;21;0;0;SKN;55-0410M;5
Jean;21;0;0;VGR;55-0410M;5
Jean;21;15;15;SKN;61-1015M;79
Jean;21;15;15;VGR;61-1015M;79
Jean;21;20;20;SKN;60-1231;128
Jean;21;20;20;VGR;60-1231;137
Jean;23;0;0;VGR;62-1014M;377
Jean;26;0;0;SKN;62-0601;127
Jeremie;1;4;4;SKN;53-0602;5
Jeremie;1;4;4;SKN;53-1104;11
Jeremie;1;4;4;SKN;54-0314;19
Jeremie;1;4;4;SKN;54-0620E;46
Jeremie;1;4;4;SKN;55-0611;21
Jeremie;1;4;4;SKN;57-0915E;128
Jeremie;1;4;4;SKN;58-0518;52
Jeremie;1;4;4;SKN;59-1223;115
Jeremie;1;4;4;SKN;61-0212M;13
Jeremie;1;4;4;VGR;55-0611;51
Jeremie;1;4;4;VGR;57-0915E;128
Jeremie;1;4;4;VGR;59-1223;115
Jeremie;1;6;6;SKN;65-0822M;120
Jeremie;1;6;6;VGR;65-0822M;120
Jeremie;2;0;0;SKN;64-0726E;27
Jeremie;2;0;0;VGR;64-0726E;27
Jeremie;2;14;14;SKN;64-0726E;63
Jeremie;2;14;14;VGR;64-0726E;63
Jeremie;3;0;0;SKN;61-0730E;128
Jeremie;3;0;0;VGR;61-0730E;128
Jeremie;3;12;12;SKN;61-0730E;128
Jeremie;3;12;12;VGR;61-0730E;128
Jeremie;7;0;0;SKN;61-1217;37
Jeremie;7;0;0;VGR;61-1217;37
Jeremie;8;22;22;SKN;59-0614;8
Jeremie;8;22;22;SKN;59-0707;12
Jeremie;8;22;22;SKN;61-0128;13
Jeremie;8;22;22;SKN;61-0218;24
Jeremie;8;22;22;SKN;62-1123;9
Jeremie;32;0;0;SKN;61-0618;186
Jeremie;32;0;0;VGR;61-0618;183
Jeremie;32;6;6;SKN;61-0730M;60
Jeremie;32;6;6;VGR;61-0730M;60
Job;7;0;0;SKN;59-0815;22
Job;7;20;20;SKN;65-0123;8
Job;7;27;27;SKN;51-0415A;72
Job;7;27;27;SKN;60-0522E;177
Job;7;27;27;SKN;60-0804;24
Job;7;27;27;SKN;60-1125;55
Job;7;27;27;VGR;60-0522E;177
Job;7;37;37;SKN;53-0325;31
Job;14;0;0;SKN;53-0405S;43
Job;14;0;0;SKN;53-0907A;29
Job;14;0;0;SKN;55-0605;31
Job;14;0;0;SKN;61-1231M;55
Job;14;0;0;SKN;62-0319;49
Job;14;0;0;SKN;62-0607;53
Job;14;0;0;SKN;62-0728;41
Job;14;0;0;SKN;63-0113M;3
Job;14;0;0;SKN;63-1201M;115
Job;14;0;0;SKN;64-0830E;87
Job;14;0;0;SKN;65-0221M;153
Job;14;0;0;SKN;65-1127E;96
Job;14;0;0;VGR;63-0113M;8
Job;14;0;0;VGR;63-1201M;115
Job;14;0;0;VGR;64-0830E;87
Job;14;0;0;VGR;65-0221M;213
Job;14;0;0;VGR;65-0221M;215
Job;14;0;0;VGR;65-1127E;96
Job;14;21;21;SKN;64-0830E;86
Job;14;21;21;VGR;64-0830E;86
Job;19;0;0;VGR;60-0417S;16
Job;19;25;25;SKN;55-1119;20
Job;23;3;3;SKN;60-0326;6
Job;27;0;0;SKN;58-0928E;82
Job;27;0;0;VGR;58-0928E;82
Job;38;7;7;SKN;64-1221;92
Job;38;7;7;VGR;64-1221;92
Job;42;0;0;SKN;52-0718;17
Job;136;0;0;SKN;63-0421;116
Joel;1;0;0;SKN;53-0612;10
Joel;1;0;0;SKN;54-0829A;11
Joel;2;0;0;SKN;55-0626E;12
Joel;2;0;0;SKN;56-0115;2
Joel;2;0;0;SKN;56-0122;29
Joel;2;0;0;SKN;61-0410;83
Joel;2;0;0;SKN;62-0318M;28
Joel;2;0;0;SKN;62-0601;22
Joel;2;0;0;VGR;56-0115;7
Joel;2;0;0;VGR;56-0122;72
Joel;2;0;0;VGR;62-0318M;292
Joel;2;0;0;VGR;62-0601;22
Joel;2;25;25;SKN;57-0309B;7
Joel;2;25;25;SKN;63-0319;177
Joel;2;25;25;VGR;63-0319;177
Joel;2;28;28;SKN;53-0800;10
Joel;2;28;28;SKN;56-0115;2
Joel;2;28;28;SKN;56-0224;36
Joel;2;28;28;SKN;59-1216;96
Joel;2;28;28;SKN;60-0515E;38
Joel;2;28;28;SKN;60-1125;50
Joel;2;28;28;SKN;61-1105;130
Joel;2;28;28;SKN;62-0117;221
Joel;2;28;28;SKN;62-0124;70
Joel;2;28;28;SKN;62-0128M;36
Joel;2;28;28;SKN;62-0318E;1
Joel;2;28;28;SKN;62-0521;100
Joel;2;28;28;SKN;62-0610M;95
Joel;2;28;28;SKN;63-0114;219
Joel;2;28;28;SKN;63-0126;263
Joel;2;28;28;SKN;63-0321;73
Joel;2;28;28;SKN;63-0803B;184
Joel;2;28;28;SKN;63-1229M;104
Joel;2;28;28;SKN;64-0125;74
Joel;2;28;28;SKN;64-0212;106
Joel;2;28;28;SKN;64-0614M;74
Joel;2;28;28;SKN;64-0629;91
Joel;2;28;28;SKN;64-0816;219
Joel;2;28;28;SKN;64-1221;40
Joel;2;28;28;SKN;65-0718M;152
Joel;2;28;28;SKN;65-1127B;217
Joel;2;28;28;VGR;56-0115;7
Joel;2;28;28;VGR;59-1216;96
Joel;2;28;28;VGR;60-0515E;38
Joel;2;28;28;VGR;62-0318M;403
Joel;2;28;28;VGR;63-0114;219
Joel;2;28;28;VGR;63-0321;73
Joel;2;28;28;VGR;63-0803B;184
Joel;2;28;28;VGR;63-1229M;104
Joel;2;28;28;VGR;64-0125;74
Joel;2;28;28;VGR;64-0212;106
Joel;2;28;28;VGR;64-0614M;74
Joel;2;28;28;VGR;64-0629;91
Joel;2;28;28;VGR;64-0816;219
Joel;2;28;28;VGR;64-1221;40
Joel;2;28;28;VGR;65-0718M;152
Joel;2;38;38;SKN;57-0309B;11
Joel;2;38;38;SKN;63-0320;197
Joel;2;38;38;SKN;63-0707M;164
Joel;2;38;38;SKN;65-0219;124
Joel;2;38;38;SKN;65-0718E;126
Joel;2;38;38;SKN;65-1125;154
Joel;2;38;38;VGR;63-0320;197
Joel;2;38;38;VGR;63-0707;164
Joel;2;38;38;VGR;63-0707M;164
Joel;2;38;38;VGR;65-0219;124
Joel;2;38;38;VGR;65-0718E;126
Joel;2;38;38;VGR;65-1125;202
Joel;2;38;38;VGR;65-1127B;217
Josue;1;0;0;SKN;53-0329;41
Josue;1;0;0;SKN;53-0329;43
Josue;1;0;0;SKN;60-0911M;7
Josue;1;0;0;SKN;60-0911M;15
Josue;1;0;0;SKN;62-0701;32
Josue;1;0;0;SKN;62-0704;71
Josue;1;0;0;SKN;62-0713;54
Josue;1;0;0;VGR;60-0911M;8
Josue;1;0;0;VGR;60-0911M;14
Josue;3;0;0;SKN;55-0119;3
Josue;5;0;0;SKN;58-1228;47
Josue;5;0;0;VGR;58-1228;47
Josue;10;0;0;SKN;64-0418B;22
Josue;10;12;12;SKN;62-0128A;10
Josue;10;12;12;SKN;64-0206B;134
Josue;10;12;12;VGR;64-0418B;60
Josue;10;12;14;SKN;65-0117;39
Josue;24;0;0;SKN;62-0531;52
Josue;24;0;0;VGR;62-0531;52
Josue;24;14;14;SKN;62-0531;52
Josue;24;14;14;VGR;62-0531;52
Jude;4;0;0;SKN;53-0325;31
Jude;5;0;0;SKN;63-1110M;24
Jude;5;0;0;VGR;63-1110M;24
Jude;7;0;0;SKN;63-0623E;130
Jude;7;0;0;VGR;63-0623E;130
Jude;8;0;0;SKN;62-0318E;1
Jude;8;0;0;VGR;62-0318M;403
Levitique;2;2;2;SKN;63-1222;69
Levitique;8;10;10;SKN;61-0730E;122
Levitique;8;10;10;VGR;61-0730E;122
Levitique;8;12;12;SKN;63-0320;305
Levitique;8;12;12;VGR;63-0320;305
Levitique;12;0;0;SKN;64-0719M;114
Levitique;12;0;0;SKN;65-1128E;76
Levitique;12;0;0;VGR;64-0719M;151
Levitique;12;0;0;VGR;65-1128E;76
Levitique;16;0;0;SKN;61-0108;101
Levitique;16;0;0;SKN;64-0719M;114
Levitique;16;0;0;SKN;64-0719M;181
Levitique;16;0;0;SKN;64-0719M;187
Levitique;16;0;0;VGR;61-0108;101
Levitique;16;0;0;VGR;64-0719M;151
Levitique;16;0;0;VGR;64-0719M;252
Levitique;16;0;0;VGR;64-0719M;260
Levitique;16;6;6;SKN;63-1222;69
Levitique;16;14;14;SKN;61-0108;101
Levitique;16;14;14;VGR;61-0108;101
Levitique;21;0;0;SKN;56-0715;15
Levitique;21;7;7;SKN;65-0221M;156
Levitique;21;7;7;VGR;65-0221M;221
Levitique;23;0;0;SKN;64-0719M;114
Levitique;23;0;0;SKN;64-0719M;163
Levitique;23;0;0;SKN;64-0719M;179
Levitique;23;0;0;SKN;64-0719M;187
Levitique;23;0;0;VGR;64-0719M;151
Levitique;23;0;0;VGR;64-0719M;220
Levitique;23;0;0;VGR;64-0719M;260
Levitique;23;26;26;SKN;64-0719M;181
Levitique;23;26;26;VGR;64-0719M;247
Levitique;23;26;26;VGR;64-0719M;252
Levitique;25;0;0;SKN;61-0611;130
Levitique;25;0;0;SKN;61-0611;132
Levitique;25;0;0;SKN;61-0806;197
Levitique;25;0;0;SKN;63-0317E;121
Levitique;25;0;0;VGR;61-0611;129
Levitique;25;0;0;VGR;61-0611;131
Levitique;25;0;0;VGR;61-0806;197
Levitique;25;0;0;VGR;63-0317E;121
Levitique;25;8;8;SKN;61-0806;197
Levitique;25;8;8;VGR;61-0806;197
Levitique;25;23;23;SKN;61-0611;130
Levitique;25;23;23;VGR;61-0611;129
Luc;1;0;0;SKN;60-1211E;70
Luc;1;0;0;SKN;60-1211E;97
Luc;1;0;0;VGR;60-1211E;70
Luc;1;17;17;SKN;60-1211E;70
Luc;1;17;17;SKN;61-0112;455
Luc;1;17;17;SKN;61-0112;456
Luc;1;17;17;VGR;60-1211E;70
Luc;1;17;17;VGR;61-0112;455
Luc;1;52;52;SKN;64-1221;104
Luc;1;52;52;VGR;64-1221;104
Luc;1;67;67;SKN;60-1211E;97
Luc;1;67;67;VGR;60-1211E;97
Luc;2;0;0;SKN;54-0403;39
Luc;2;0;0;SKN;55-0806;34
Luc;2;0;0;SKN;55-0807E;2
Luc;2;0;0;SKN;55-0819;13
Luc;2;0;0;SKN;60-1211E;69
Luc;2;0;0;VGR;60-1211E;69
Luc;2;7;7;SKN;60-1225;10
Luc;2;7;7;VGR;60-1225;12
Luc;2;25;30;SKN;55-0819;13
Luc;3;0;0;SKN;61-0112;383
Luc;3;0;0;VGR;61-0112;383
Luc;3;14;16;SKN;61-0112;429
Luc;3;14;16;VGR;61-0112;429
Luc;5;8;8;SKN;62-0909E;22
Luc;5;8;8;VGR;62-0909E;20
Luc;7;7;7;SKN;65-0718M;138
Luc;7;7;7;VGR;65-0718M;138
Luc;7;27;27;SKN;62-0531;132
Luc;7;27;27;VGR;62-0531;132
Luc;7;36;36;SKN;55-0828A;10
Luc;7;36;36;SKN;55-0911;115
Luc;7;36;36;SKN;62-0127;29
Luc;7;36;36;VGR;55-0911;84
Luc;7;36;50;VGR;55-0828A;11
Luc;8;50;50;SKN;61-0427;13
Luc;10;0;0;SKN;61-0108;369
Luc;10;1;1;SKN;61-0108;346
Luc;10;1;1;VGR;61-0108;338
Luc;10;1;1;VGR;61-0108;361
Luc;10;16;16;SKN;62-0318E;1
Luc;10;16;16;VGR;62-0318M;403
Luc;10;18;18;SKN;59-0628E;68
Luc;10;18;18;VGR;59-0628E;68
Luc;11;0;0;SKN;61-0108;373
Luc;11;24;24;SKN;53-1114;70
Luc;11;29;29;SKN;61-0108;346
Luc;11;29;29;SKN;61-0108;374
Luc;11;29;29;VGR;61-0108;338
Luc;11;29;29;VGR;61-0108;367
Luc;11;29;29;VGR;61-0108;368
Luc;16;0;0;SKN;56-0613;65
Luc;16;0;0;SKN;59-0419A;174
Luc;16;0;0;SKN;61-0205E;67
Luc;16;0;0;SKN;63-0901E;43
Luc;16;0;0;VGR;59-0419A;30
Luc;16;16;16;SKN;55-0123E;3
Luc;16;16;16;SKN;55-0220E;20
Luc;16;16;16;SKN;55-0501E;22
Luc;16;16;16;SKN;56-0225;26
Luc;16;16;16;SKN;57-0925;156
Luc;16;16;16;VGR;57-0925;156
Luc;17;0;0;SKN;62-0407;110
Luc;17;0;0;SKN;63-0623E;128
Luc;17;0;0;SKN;64-0212;108
Luc;17;0;0;SKN;64-0212;137
Luc;17;0;0;SKN;64-0313;92
Luc;17;0;0;SKN;64-0321E;207
Luc;17;0;0;SKN;64-0401;195
Luc;17;0;0;SKN;64-0401;204
Luc;17;0;0;SKN;64-0404;144
Luc;17;0;0;SKN;64-0410;63
Luc;17;0;0;SKN;64-0427;70
Luc;17;0;0;SKN;64-0500;41
Luc;17;0;0;SKN;64-0617;68
Luc;17;0;0;SKN;64-0618;123
Luc;17;0;0;SKN;64-0705;170
Luc;17;0;0;SKN;64-0719M;68
Luc;17;0;0;SKN;64-0719M;73
Luc;17;0;0;SKN;65-0221M;35
Luc;17;0;0;SKN;65-0801E;129
Luc;17;0;0;SKN;65-1204;141
Luc;17;0;0;SKN;65-1206;54
Luc;17;0;0;SKN;65-1206;216
Luc;17;0;0;VGR;63-0623E;128
Luc;17;0;0;VGR;64-0212;108
Luc;17;0;0;VGR;64-0212;137
Luc;17;0;0;VGR;64-0313;160
Luc;17;0;0;VGR;64-0321E;207
Luc;17;0;0;VGR;64-0404;212
Luc;17;0;0;VGR;64-0427;211
Luc;17;0;0;VGR;64-0617;68
Luc;17;0;0;VGR;64-0618;123
Luc;17;0;0;VGR;64-0705;170
Luc;17;0;0;VGR;64-0719M;86
Luc;17;0;0;VGR;64-0719M;91
Luc;17;0;0;VGR;65-0221M;49
Luc;17;0;0;VGR;65-0801E;129
Luc;17;0;0;VGR;65-1204;141
Luc;17;0;0;VGR;65-1206;54
Luc;17;0;0;VGR;65-1206;216
Luc;17;15;15;SKN;64-0305;70
Luc;17;15;15;VGR;64-0305;70
Luc;17;20;20;SKN;64-1212;354
Luc;17;22;22;SKN;65-0725E;117
Luc;17;22;22;VGR;65-0725E;117
Luc;17;23;23;SKN;64-0427;25
Luc;17;23;23;VGR;64-0427;76
Luc;17;26;26;SKN;64-0212;108
Luc;17;26;26;VGR;64-0212;108
Luc;17;26;29;VGR;58-0202;20
Luc;17;27;27;SKN;62-0531;132
Luc;17;27;27;VGR;62-0531;132
Luc;17;27;28;SKN;64-0416;190
Luc;17;27;28;VGR;64-0416;190
Luc;17;28;28;SKN;62-0724;78
Luc;17;28;28;SKN;63-0623E;119
Luc;17;28;28;SKN;64-0312;138
Luc;17;28;28;SKN;64-0403;184
Luc;17;28;28;SKN;64-0614M;322
Luc;17;28;28;VGR;63-0623E;119
Luc;17;28;28;VGR;64-0403;226
Luc;17;28;28;VGR;64-0614M;322
Luc;17;28;29;SKN;64-0614M;302
Luc;17;28;29;VGR;64-0614M;302
Luc;17;30;30;SKN;64-0214;128
Luc;17;30;30;SKN;64-0313;86
Luc;17;30;30;SKN;64-0419;63
Luc;17;30;30;SKN;64-0621;75
Luc;17;30;30;SKN;64-0719M;177
Luc;17;30;30;SKN;64-0816;221
Luc;17;30;30;SKN;65-0119;150
Luc;17;30;30;SKN;65-0119;157
Luc;17;30;30;SKN;65-0120;131
Luc;17;30;30;SKN;65-0125;26
Luc;17;30;30;SKN;65-0217;132
Luc;17;30;30;SKN;65-0218;101
Luc;17;30;30;SKN;65-0218;105
Luc;17;30;30;SKN;65-0219;196
Luc;17;30;30;SKN;65-0220;108
Luc;17;30;30;SKN;65-0418E;145
Luc;17;30;30;SKN;65-0418M;92
Luc;17;30;30;SKN;65-0425;188
Luc;17;30;30;SKN;65-0429B;112
Luc;17;30;30;SKN;65-0718E;126
Luc;17;30;30;SKN;65-0718M;178
Luc;17;30;30;SKN;65-0725E;148
Luc;17;30;30;SKN;65-0725E;172
Luc;17;30;30;SKN;65-0725M;259
Luc;17;30;30;SKN;65-0801M;104
Luc;17;30;30;SKN;65-0822M;155
Luc;17;30;30;SKN;65-0822M;158
Luc;17;30;30;SKN;65-1125;154
Luc;17;30;30;SKN;65-1125;225
Luc;17;30;30;SKN;65-1126;292
Luc;17;30;30;SKN;65-1127B;212
Luc;17;30;30;SKN;65-1127E;175
Luc;17;30;30;SKN;65-1127E;187
Luc;17;30;30;SKN;65-1206;294
Luc;17;30;30;VGR;64-0313;153
Luc;17;30;30;VGR;64-0419;63
Luc;17;30;30;VGR;64-0719M;245
Luc;17;30;30;VGR;64-0816;221
Luc;17;30;30;VGR;65-0119;150
Luc;17;30;30;VGR;65-0119;157
Luc;17;30;30;VGR;65-0120;126
Luc;17;30;30;VGR;65-0125;43
Luc;17;30;30;VGR;65-0217;132
Luc;17;30;30;VGR;65-0218;101
Luc;17;30;30;VGR;65-0218;152
Luc;17;30;30;VGR;65-0219;196
Luc;17;30;30;VGR;65-0220;108
Luc;17;30;30;VGR;65-0418E;145
Luc;17;30;30;VGR;65-0418M;92
Luc;17;30;30;VGR;65-0426;183
Luc;17;30;30;VGR;65-0429B;125
Luc;17;30;30;VGR;65-0718E;126
Luc;17;30;30;VGR;65-0718M;178
Luc;17;30;30;VGR;65-0725E;148
Luc;17;30;30;VGR;65-0725E;172
Luc;17;30;30;VGR;65-0725M;259
Luc;17;30;30;VGR;65-0801M;104
Luc;17;30;30;VGR;65-0822M;155
Luc;17;30;30;VGR;65-0822M;158
Luc;17;30;30;VGR;65-1125;202
Luc;17;30;30;VGR;65-1125;288
Luc;17;30;30;VGR;65-1126;292
Luc;17;30;30;VGR;65-1127B;212
Luc;17;30;30;VGR;65-1127E;175
Luc;17;30;30;VGR;65-1127E;187
Luc;17;30;30;VGR;65-1206;294
Luc;17;33;33;SKN;64-0719M;68
Luc;17;33;33;SKN;64-0719M;172
Luc;17;33;33;VGR;64-0719M;86
Luc;17;33;33;VGR;64-0719M;240
Luc;18;0;0;SKN;65-0725M;129
Luc;18;0;0;VGR;65-0725M;129
Luc;18;40;43;SKN;57-0301;6
Luc;18;42;42;SKN;56-0407;12
Luc;19;0;0;SKN;63-0121;21
Luc;19;0;0;VGR;63-0121;69
Luc;20;0;0;SKN;54-0228E;29
Luc;21;24;24;SKN;54-0103M;51
Luc;21;24;24;SKN;61-0806;75
Luc;21;24;24;VGR;54-0103M;51
Luc;21;24;24;VGR;61-0806;75
Luc;21;36;36;SKN;64-0823M;157
Luc;21;36;36;VGR;64-0823M;157
Luc;22;0;0;SKN;64-0719M;177
Luc;22;0;0;SKN;65-0118;118
Luc;22;0;0;VGR;64-0719M;245
Luc;22;0;0;VGR;65-0118;118
Luc;22;17;17;SKN;65-0117;70
Luc;23;27;27;SKN;65-1125;91
Luc;23;27;27;VGR;65-1125;119
Luc;24;0;0;SKN;58-0406E;1
Luc;24;0;0;SKN;58-0406E;6
Luc;24;0;0;SKN;60-0911E;86
Luc;24;0;0;SKN;64-0212;5
Luc;24;0;0;SKN;64-0312;10
Luc;24;0;0;VGR;60-0911E;86
Luc;24;0;0;VGR;64-0212;5
Luc;24;26;26;SKN;60-0911E;86
Luc;24;29;29;SKN;60-0911E;118
Luc;24;46;46;VGR;60-0911E;86
Luc;24;49;49;SKN;50-0716;64
Luc;24;49;49;SKN;54-0404M;21
Luc;24;49;49;SKN;54-0515;90
Luc;24;49;49;SKN;54-0724;8
Luc;24;49;49;SKN;55-0123E;23
Luc;24;49;49;SKN;56-0723;51
Luc;24;49;49;SKN;56-1002A;54
Luc;24;49;49;SKN;57-0115;76
Luc;24;49;49;SKN;57-0323;38
Luc;24;49;49;SKN;58-0315;45
Luc;24;49;49;SKN;58-1002;22
Luc;24;49;49;SKN;58-1221E;91
Luc;24;49;49;SKN;59-1216;98
Luc;24;49;49;SKN;59-1219;39
Luc;24;49;49;SKN;60-0911E;71
Luc;24;49;49;SKN;60-1209;119
Luc;24;49;49;SKN;61-0108;234
Luc;24;49;49;SKN;61-0410;74
Luc;24;49;49;SKN;61-1105;159
Luc;24;49;49;SKN;62-0120;46
Luc;24;49;49;SKN;62-0128A;77
Luc;24;49;49;SKN;62-0422;281
Luc;24;49;49;SKN;62-0607;84
Luc;24;49;49;SKN;62-1013;151
Luc;24;49;49;SKN;62-1013;152
Luc;24;49;49;SKN;62-1124B;55
Luc;24;49;49;SKN;63-0114;215
Luc;24;49;49;SKN;63-0126;245
Luc;24;49;49;SKN;63-0321;73
Luc;24;49;49;SKN;63-0324M;151
Luc;24;49;49;SKN;63-0803B;183
Luc;24;49;49;SKN;63-0803B;186
Luc;24;49;49;SKN;63-1116B;177
Luc;24;49;49;SKN;64-0314;42
Luc;24;49;49;SKN;64-0315;198
Luc;24;49;49;SKN;64-0816;219
Luc;24;49;49;SKN;65-0711;105
Luc;24;49;49;VGR;54-0515;90
Luc;24;49;49;VGR;56-0723;96
Luc;24;49;49;VGR;58-1221E;91
Luc;24;49;49;VGR;59-1216;98
Luc;24;49;49;VGR;59-1219;39
Luc;24;49;49;VGR;60-0911E;71
Luc;24;49;49;VGR;60-0911E;118
Luc;24;49;49;VGR;60-1209;118
Luc;24;49;49;VGR;61-0108;228
Luc;24;49;49;VGR;62-0422;464
Luc;24;49;49;VGR;62-1013;152
Luc;24;49;49;VGR;62-1124B;100
Luc;24;49;49;VGR;63-0114;215
Luc;24;49;49;VGR;63-0321;73
Luc;24;49;49;VGR;63-0324M;151
Luc;24;49;49;VGR;63-0803B;183
Luc;24;49;49;VGR;63-0803B;186
Luc;24;49;49;VGR;64-0315;198
Luc;24;49;49;VGR;64-0816;219
Luc;24;49;49;VGR;65-0711;203
Luc;30;0;0;SKN;65-1127B;322
Luc;30;0;0;VGR;65-1127B;322
Malachie;1;0;0;SKN;64-0617;32
Malachie;1;0;0;VGR;64-0617;32
Malachie;1;4;4;SKN;63-0321;151
Malachie;3;0;0;SKN;61-0119E;67
Malachie;3;0;0;SKN;61-0319;85
Malachie;3;0;0;SKN;61-0416;60
Malachie;3;0;0;SKN;61-0806;146
Malachie;3;0;0;SKN;61-1112;179
Malachie;3;0;0;SKN;61-1112;232
Malachie;3;0;0;SKN;61-1112;240
Malachie;3;0;0;SKN;62-0318E;1
Malachie;3;0;0;SKN;62-0407;43
Malachie;3;0;0;SKN;62-0407;83
Malachie;3;0;0;SKN;62-0408;81
Malachie;3;0;0;SKN;62-0527;167
Malachie;3;0;0;SKN;62-0527;168
Malachie;3;0;0;SKN;62-0527;171
Malachie;3;0;0;SKN;62-0603;30
Malachie;3;0;0;SKN;62-0624;57
Malachie;3;0;0;SKN;62-0705;56
Malachie;3;0;0;SKN;62-0712;58
Malachie;3;0;0;SKN;62-1230M;175
Malachie;3;0;0;SKN;63-0116;225
Malachie;3;0;0;SKN;63-0116;228
Malachie;3;0;0;SKN;63-0127;80
Malachie;3;0;0;SKN;63-0317M;297
Malachie;3;0;0;SKN;63-0317M;315
Malachie;3;0;0;SKN;63-0318;209
Malachie;3;0;0;SKN;63-0324M;263
Malachie;3;0;0;SKN;63-0324M;330
Malachie;3;0;0;SKN;63-0728;340
Malachie;3;0;0;SKN;63-0728;577
Malachie;3;0;0;SKN;63-0802;33
Malachie;3;0;0;SKN;63-1114;150
Malachie;3;0;0;SKN;63-1127;16
Malachie;3;0;0;SKN;63-1129;43
Malachie;3;0;0;SKN;63-1129;60
Malachie;3;0;0;SKN;64-0206B;110
Malachie;3;0;0;SKN;64-0212;108
Malachie;3;0;0;SKN;64-0212;138
Malachie;3;0;0;SKN;64-0214;117
Malachie;3;0;0;SKN;64-0313;55
Malachie;3;0;0;SKN;64-0313;78
Malachie;3;0;0;SKN;64-0318;34
Malachie;3;0;0;SKN;64-0321E;148
Malachie;3;0;0;SKN;64-0404;71
Malachie;3;0;0;SKN;64-0410;4
Malachie;3;0;0;SKN;64-0427;78
Malachie;3;0;0;SKN;64-0500;11
Malachie;3;0;0;SKN;64-0500;12
Malachie;3;0;0;SKN;64-0617;81
Malachie;3;0;0;SKN;64-0618;37
Malachie;3;0;0;SKN;64-0629;25
Malachie;3;0;0;SKN;64-0705;110
Malachie;3;0;0;SKN;64-0719M;48
Malachie;3;0;0;SKN;64-0719M;57
Malachie;3;0;0;SKN;64-0726M;110
Malachie;3;0;0;SKN;64-0802;81
Malachie;3;0;0;SKN;64-0816;86
Malachie;3;0;0;SKN;64-0830E;158
Malachie;3;0;0;SKN;65-0124;88
Malachie;3;0;0;SKN;65-0220;107
Malachie;3;0;0;SKN;65-0426;109
Malachie;3;0;0;SKN;65-0725E;101
Malachie;3;0;0;SKN;65-0725E;105
Malachie;3;0;0;SKN;65-0725E;107
Malachie;3;0;0;SKN;65-0801E;18
Malachie;3;0;0;SKN;65-0801E;91
Malachie;3;0;0;SKN;65-0801E;95
Malachie;3;0;0;SKN;65-0801E;122
Malachie;3;0;0;SKN;65-1127B;211
Malachie;3;0;0;SKN;65-1206;202
Malachie;3;0;0;SKN;65-1206;211
Malachie;3;0;0;SKN;65-1206;212
Malachie;3;0;0;SKN;65-1206;226
Malachie;3;0;0;SKN;65-1206;282
Malachie;3;0;0;VGR;61-0319;88
Malachie;3;0;0;VGR;61-0806;146
Malachie;3;0;0;VGR;61-1112;179
Malachie;3;0;0;VGR;61-1112;232
Malachie;3;0;0;VGR;61-1112;240
Malachie;3;0;0;VGR;62-0318M;432
Malachie;3;0;0;VGR;62-0527;167
Malachie;3;0;0;VGR;62-0527;168
Malachie;3;0;0;VGR;62-0527;171
Malachie;3;0;0;VGR;62-1230M;240
Malachie;3;0;0;VGR;63-0116;227
Malachie;3;0;0;VGR;63-0116;230
Malachie;3;0;0;VGR;63-0317M;297
Malachie;3;0;0;VGR;63-0317M;315
Malachie;3;0;0;VGR;63-0318;209
Malachie;3;0;0;VGR;63-0324M;263
Malachie;3;0;0;VGR;63-0324M;330
Malachie;3;0;0;VGR;63-0728;340
Malachie;3;0;0;VGR;63-0728;577
Malachie;3;0;0;VGR;63-1114;150
Malachie;3;0;0;VGR;63-1129;43
Malachie;3;0;0;VGR;63-1129;164
Malachie;3;0;0;VGR;64-0212;108
Malachie;3;0;0;VGR;64-0212;138
Malachie;3;0;0;VGR;64-0313;97
Malachie;3;0;0;VGR;64-0313;142
Malachie;3;0;0;VGR;64-0318;34
Malachie;3;0;0;VGR;64-0321E;148
Malachie;3;0;0;VGR;64-0404;142
Malachie;3;0;0;VGR;64-0427;237
Malachie;3;0;0;VGR;64-0617;81
Malachie;3;0;0;VGR;64-0618;37
Malachie;3;0;0;VGR;64-0629;25
Malachie;3;0;0;VGR;64-0705;110
Malachie;3;0;0;VGR;64-0719M;62
Malachie;3;0;0;VGR;64-0719M;71
Malachie;3;0;0;VGR;64-0726M;110
Malachie;3;0;0;VGR;64-0802;81
Malachie;3;0;0;VGR;64-0816;86
Malachie;3;0;0;VGR;64-0830E;158
Malachie;3;0;0;VGR;65-0124;124
Malachie;3;0;0;VGR;65-0220;107
Malachie;3;0;0;VGR;65-0426;142
Malachie;3;0;0;VGR;65-0725E;101
Malachie;3;0;0;VGR;65-0725E;105
Malachie;3;0;0;VGR;65-0725E;107
Malachie;3;0;0;VGR;65-0801E;18
Malachie;3;0;0;VGR;65-0801E;91
Malachie;3;0;0;VGR;65-0801E;95
Malachie;3;0;0;VGR;65-0801E;122
Malachie;3;0;0;VGR;65-1127B;211
Malachie;3;0;0;VGR;65-1206;202
Malachie;3;0;0;VGR;65-1206;211
Malachie;3;0;0;VGR;65-1206;212
Malachie;3;0;0;VGR;65-1206;226
Malachie;3;0;0;VGR;65-1206;282
Malachie;3;1;1;SKN;63-1129;43
Malachie;3;1;1;SKN;65-0124;90
Malachie;3;1;1;VGR;63-1129;43
Malachie;3;1;1;VGR;65-0124;129
Malachie;3;6;6;SKN;64-0401;87
Malachie;3;6;6;SKN;64-0617;32
Malachie;3;6;6;SKN;64-0617;58
Malachie;3;6;6;VGR;64-0617;32
Malachie;3;6;6;VGR;64-0617;58
Malachie;4;0;0;SKN;60-1204E;132
Malachie;4;0;0;SKN;60-1204E;158
Malachie;4;0;0;SKN;60-1211E;68
Malachie;4;0;0;SKN;61-0112;415
Malachie;4;0;0;SKN;61-0117;48
Malachie;4;0;0;SKN;61-0117;49
Malachie;4;0;0;SKN;61-0119E;67
Malachie;4;0;0;SKN;61-0319;85
Malachie;4;0;0;SKN;61-0416;60
Malachie;4;0;0;SKN;61-0519;55
Malachie;4;0;0;SKN;61-0730M;151
Malachie;4;0;0;SKN;61-0806;146
Malachie;4;0;0;SKN;61-1105;228
Malachie;4;0;0;SKN;61-1112;183
Malachie;4;0;0;SKN;61-1112;241
Malachie;4;0;0;SKN;62-0318E;1
Malachie;4;0;0;SKN;62-0401;328
Malachie;4;0;0;SKN;62-0401;329
Malachie;4;0;0;SKN;62-0407;81
Malachie;4;0;0;SKN;62-0408;81
Malachie;4;0;0;SKN;62-0422;314
Malachie;4;0;0;SKN;62-0422;321
Malachie;4;0;0;SKN;62-0513M;267
Malachie;4;0;0;SKN;62-0527;171
Malachie;4;0;0;SKN;62-0527;172
Malachie;4;0;0;SKN;62-0603;30
Malachie;4;0;0;SKN;62-0608;107
Malachie;4;0;0;SKN;62-0624;55
Malachie;4;0;0;SKN;62-0624;57
Malachie;4;0;0;SKN;62-0701;81
Malachie;4;0;0;SKN;62-0705;55
Malachie;4;0;0;SKN;62-0705;57
Malachie;4;0;0;SKN;62-0708;169
Malachie;4;0;0;SKN;62-0712;58
Malachie;4;0;0;SKN;62-0714;55
Malachie;4;0;0;SKN;62-0728;59
Malachie;4;0;0;SKN;62-1230E;142
Malachie;4;0;0;SKN;62-1230E;221
Malachie;4;0;0;SKN;62-1230M;175
Malachie;4;0;0;SKN;63-0115;251
Malachie;4;0;0;SKN;63-0116;187
Malachie;4;0;0;SKN;63-0116;222
Malachie;4;0;0;SKN;63-0116;224
Malachie;4;0;0;SKN;63-0116;225
Malachie;4;0;0;SKN;63-0116;226
Malachie;4;0;0;SKN;63-0116;228
Malachie;4;0;0;SKN;63-0116;249
Malachie;4;0;0;SKN;63-0119;239
Malachie;4;0;0;SKN;63-0123;282
Malachie;4;0;0;SKN;63-0317E;43
Malachie;4;0;0;SKN;63-0317E;218
Malachie;4;0;0;SKN;63-0317M;213
Malachie;4;0;0;SKN;63-0318;206
Malachie;4;0;0;SKN;63-0318;209
Malachie;4;0;0;SKN;63-0318;210
Malachie;4;0;0;SKN;63-0318;214
Malachie;4;0;0;SKN;63-0319;183
Malachie;4;0;0;SKN;63-0320;162
Malachie;4;0;0;SKN;63-0320;177
Malachie;4;0;0;SKN;63-0320;242
Malachie;4;0;0;SKN;63-0321;126
Malachie;4;0;0;SKN;63-0321;275
Malachie;4;0;0;SKN;63-0321;351
Malachie;4;0;0;SKN;63-0321;378
Malachie;4;0;0;SKN;63-0322;320
Malachie;4;0;0;SKN;63-0322;321
Malachie;4;0;0;SKN;63-0322;323
Malachie;4;0;0;SKN;63-0322;325
Malachie;4;0;0;SKN;63-0324M;329
Malachie;4;0;0;SKN;63-0324M;330
Malachie;4;0;0;SKN;63-0412E;156
Malachie;4;0;0;SKN;63-0630M;115
Malachie;4;0;0;SKN;63-0707M;274
Malachie;4;0;0;SKN;63-0728;330
Malachie;4;0;0;SKN;63-0728;574
Malachie;4;0;0;SKN;63-0728;577
Malachie;4;0;0;SKN;63-0731;168
Malachie;4;0;0;SKN;63-0818;104
Malachie;4;0;0;SKN;63-1117;207
Malachie;4;0;0;SKN;63-1124M;86
Malachie;4;0;0;SKN;63-1124M;146
Malachie;4;0;0;SKN;63-1124M;189
Malachie;4;0;0;SKN;63-1129;60
Malachie;4;0;0;SKN;63-1214;133
Malachie;4;0;0;SKN;63-1216;164
Malachie;4;0;0;SKN;63-1229E;70
Malachie;4;0;0;SKN;63-1229M;160
Malachie;4;0;0;SKN;64-0121;210
Malachie;4;0;0;SKN;64-0125;81
Malachie;4;0;0;SKN;64-0125;94
Malachie;4;0;0;SKN;64-0125;122
Malachie;4;0;0;SKN;64-0126;89
Malachie;4;0;0;SKN;64-0206B;110
Malachie;4;0;0;SKN;64-0206B;111
Malachie;4;0;0;SKN;64-0206E;89
Malachie;4;0;0;SKN;64-0208;187
Malachie;4;0;0;SKN;64-0209;59
Malachie;4;0;0;SKN;64-0209;63
Malachie;4;0;0;SKN;64-0209;172
Malachie;4;0;0;SKN;64-0212;108
Malachie;4;0;0;SKN;64-0212;126
Malachie;4;0;0;SKN;64-0212;138
Malachie;4;0;0;SKN;64-0214;127
Malachie;4;0;0;SKN;64-0308;108
Malachie;4;0;0;SKN;64-0312;158
Malachie;4;0;0;SKN;64-0313;66
Malachie;4;0;0;SKN;64-0313;78
Malachie;4;0;0;SKN;64-0313;84
Malachie;4;0;0;SKN;64-0313;94
Malachie;4;0;0;SKN;64-0313;106
Malachie;4;0;0;SKN;64-0319;43
Malachie;4;0;0;SKN;64-0320;70
Malachie;4;0;0;SKN;64-0321E;207
Malachie;4;0;0;SKN;64-0321E;214
Malachie;4;0;0;SKN;64-0321E;216
Malachie;4;0;0;SKN;64-0401;195
Malachie;4;0;0;SKN;64-0402;156
Malachie;4;0;0;SKN;64-0403;162
Malachie;4;0;0;SKN;64-0404;142
Malachie;4;0;0;SKN;64-0404;144
Malachie;4;0;0;SKN;64-0405;36
Malachie;4;0;0;SKN;64-0409;117
Malachie;4;0;0;SKN;64-0410;4
Malachie;4;0;0;SKN;64-0410;63
Malachie;4;0;0;SKN;64-0412;136
Malachie;4;0;0;SKN;64-0416;190
Malachie;4;0;0;SKN;64-0419;29
Malachie;4;0;0;SKN;64-0419;63
Malachie;4;0;0;SKN;64-0419;76
Malachie;4;0;0;SKN;64-0419;78
Malachie;4;0;0;SKN;64-0427;76
Malachie;4;0;0;SKN;64-0427;78
Malachie;4;0;0;SKN;64-0500;11
Malachie;4;0;0;SKN;64-0500;12
Malachie;4;0;0;SKN;64-0614M;73
Malachie;4;0;0;SKN;64-0614M;302
Malachie;4;0;0;SKN;64-0614M;321
Malachie;4;0;0;SKN;64-0614M;322
Malachie;4;0;0;SKN;64-0614M;335
Malachie;4;0;0;SKN;64-0617;157
Malachie;4;0;0;SKN;64-0619;197
Malachie;4;0;0;SKN;64-0621;77
Malachie;4;0;0;SKN;64-0621;156
Malachie;4;0;0;SKN;64-0621;164
Malachie;4;0;0;SKN;64-0705;158
Malachie;4;0;0;SKN;64-0705;159
Malachie;4;0;0;SKN;64-0705;166
Malachie;4;0;0;SKN;64-0705;170
Malachie;4;0;0;SKN;64-0719M;47
Malachie;4;0;0;SKN;64-0719M;48
Malachie;4;0;0;SKN;64-0719M;65
Malachie;4;0;0;SKN;64-0719M;67
Malachie;4;0;0;SKN;64-0719M;87
Malachie;4;0;0;SKN;64-0719M;177
Malachie;4;0;0;SKN;64-0719M;204
Malachie;4;0;0;SKN;64-0719M;212
Malachie;4;0;0;SKN;64-0726M;78
Malachie;4;0;0;SKN;64-0726M;119
Malachie;4;0;0;SKN;64-0726M;120
Malachie;4;0;0;SKN;64-0726M;121
Malachie;4;0;0;SKN;64-0816;122
Malachie;4;0;0;SKN;64-0816;221
Malachie;4;0;0;SKN;64-0830E;76
Malachie;4;0;0;SKN;64-0830E;77
Malachie;4;0;0;SKN;64-0830E;153
Malachie;4;0;0;SKN;64-0830E;154
Malachie;4;0;0;SKN;64-0830E;156
Malachie;4;0;0;SKN;64-0830E;158
Malachie;4;0;0;SKN;64-1212;353
Malachie;4;0;0;SKN;65-0117;70
Malachie;4;0;0;SKN;65-0119;103
Malachie;4;0;0;SKN;65-0119;157
Malachie;4;0;0;SKN;65-0124;88
Malachie;4;0;0;SKN;65-0124;90
Malachie;4;0;0;SKN;65-0124;112
Malachie;4;0;0;SKN;65-0124;144
Malachie;4;0;0;SKN;65-0217;132
Malachie;4;0;0;SKN;65-0218;105
Malachie;4;0;0;SKN;65-0219;152
Malachie;4;0;0;SKN;65-0220;108
Malachie;4;0;0;SKN;65-0220;109
Malachie;4;0;0;SKN;65-0221E;158
Malachie;4;0;0;SKN;65-0221E;168
Malachie;4;0;0;SKN;65-0221M;35
Malachie;4;0;0;SKN;65-0418E;145
Malachie;4;0;0;SKN;65-0418M;93
Malachie;4;0;0;SKN;65-0418M;243
Malachie;4;0;0;SKN;65-0425;188
Malachie;4;0;0;SKN;65-0426;107
Malachie;4;0;0;SKN;65-0426;108
Malachie;4;0;0;SKN;65-0426;109
Malachie;4;0;0;SKN;65-0426;145
Malachie;4;0;0;SKN;65-0427;82
Malachie;4;0;0;SKN;65-0429B;112
Malachie;4;0;0;SKN;65-0718E;126
Malachie;4;0;0;SKN;65-0718E;160
Malachie;4;0;0;SKN;65-0718M;147
Malachie;4;0;0;SKN;65-0718M;171
Malachie;4;0;0;SKN;65-0718M;178
Malachie;4;0;0;SKN;65-0725E;107
Malachie;4;0;0;SKN;65-0725M;130
Malachie;4;0;0;SKN;65-0725M;259
Malachie;4;0;0;SKN;65-0801E;129
Malachie;4;0;0;SKN;65-0801M;36
Malachie;4;0;0;SKN;65-0801M;104
Malachie;4;0;0;SKN;65-0801M;174
Malachie;4;0;0;SKN;65-0822E;157
Malachie;4;0;0;SKN;65-0822M;77
Malachie;4;0;0;SKN;65-0822M;154
Malachie;4;0;0;SKN;65-0822M;158
Malachie;4;0;0;SKN;65-0822M;159
Malachie;4;0;0;SKN;65-0829;51
Malachie;4;0;0;SKN;65-0911;126
Malachie;4;0;0;SKN;65-1125;154
Malachie;4;0;0;SKN;65-1125;180
Malachie;4;0;0;SKN;65-1125;236
Malachie;4;0;0;SKN;65-1126;311
Malachie;4;0;0;SKN;65-1127B;210
Malachie;4;0;0;SKN;65-1127B;220
Malachie;4;0;0;SKN;65-1127B;301
Malachie;4;0;0;SKN;65-1127B;322
Malachie;4;0;0;SKN;65-1127E;187
Malachie;4;0;0;SKN;65-1127E;201
Malachie;4;0;0;SKN;65-1127E;211
Malachie;4;0;0;SKN;65-1128M;264
Malachie;4;0;0;SKN;65-1204;132
Malachie;4;0;0;SKN;65-1204;141
Malachie;4;0;0;SKN;65-1206;54
Malachie;4;0;0;SKN;65-1206;211
Malachie;4;0;0;SKN;65-1206;213
Malachie;4;0;0;SKN;65-1206;215
Malachie;4;0;0;SKN;65-1207;38
Malachie;4;0;0;VGR;60-1204E;121
Malachie;4;0;0;VGR;60-1204E;238
Malachie;4;0;0;VGR;60-1211E;68
Malachie;4;0;0;VGR;61-0112;415
Malachie;4;0;0;VGR;61-0319;88
Malachie;4;0;0;VGR;61-0319;89
Malachie;4;0;0;VGR;61-0730M;151
Malachie;4;0;0;VGR;61-0806;146
Malachie;4;0;0;VGR;61-1112;183
Malachie;4;0;0;VGR;61-1112;241
Malachie;4;0;0;VGR;62-0318M;430
Malachie;4;0;0;VGR;62-0318M;439
Malachie;4;0;0;VGR;62-0422;508
Malachie;4;0;0;VGR;62-0422;517
Malachie;4;0;0;VGR;62-0513M;342
Malachie;4;0;0;VGR;62-0527;171
Malachie;4;0;0;VGR;62-0527;172
Malachie;4;0;0;VGR;62-1230E;292
Malachie;4;0;0;VGR;62-1230E;410
Malachie;4;0;0;VGR;62-1230M;240
Malachie;4;0;0;VGR;62-1230M;241
Malachie;4;0;0;VGR;63-0115;251
Malachie;4;0;0;VGR;63-0116;189
Malachie;4;0;0;VGR;63-0116;224
Malachie;4;0;0;VGR;63-0116;226
Malachie;4;0;0;VGR;63-0116;227
Malachie;4;0;0;VGR;63-0116;228
Malachie;4;0;0;VGR;63-0116;230
Malachie;4;0;0;VGR;63-0116;251
Malachie;4;0;0;VGR;63-0123;282
Malachie;4;0;0;VGR;63-0317E;43
Malachie;4;0;0;VGR;63-0317E;218
Malachie;4;0;0;VGR;63-0317M;212
Malachie;4;0;0;VGR;63-0318;206
Malachie;4;0;0;VGR;63-0318;209
Malachie;4;0;0;VGR;63-0318;210
Malachie;4;0;0;VGR;63-0318;214
Malachie;4;0;0;VGR;63-0319;183
Malachie;4;0;0;VGR;63-0320;162
Malachie;4;0;0;VGR;63-0320;177
Malachie;4;0;0;VGR;63-0320;242
Malachie;4;0;0;VGR;63-0321;126
Malachie;4;0;0;VGR;63-0321;275
Malachie;4;0;0;VGR;63-0321;351
Malachie;4;0;0;VGR;63-0321;378
Malachie;4;0;0;VGR;63-0322;320
Malachie;4;0;0;VGR;63-0322;321
Malachie;4;0;0;VGR;63-0322;323
Malachie;4;0;0;VGR;63-0322;325
Malachie;4;0;0;VGR;63-0324M;329
Malachie;4;0;0;VGR;63-0324M;330
Malachie;4;0;0;VGR;63-0630M;255
Malachie;4;0;0;VGR;63-0707;275
Malachie;4;0;0;VGR;63-0707M;275
Malachie;4;0;0;VGR;63-0728;330
Malachie;4;0;0;VGR;63-0728;574
Malachie;4;0;0;VGR;63-0728;577
Malachie;4;0;0;VGR;63-0818;104
Malachie;4;0;0;VGR;63-1124M;86
Malachie;4;0;0;VGR;63-1124M;146
Malachie;4;0;0;VGR;63-1124M;189
Malachie;4;0;0;VGR;63-1129;163
Malachie;4;0;0;VGR;63-1214;133
Malachie;4;0;0;VGR;63-1229E;140
Malachie;4;0;0;VGR;63-1229M;160
Malachie;4;0;0;VGR;64-0125;81
Malachie;4;0;0;VGR;64-0125;94
Malachie;4;0;0;VGR;64-0125;122
Malachie;4;0;0;VGR;64-0126;89
Malachie;4;0;0;VGR;64-0206E;89
Malachie;4;0;0;VGR;64-0208;187
Malachie;4;0;0;VGR;64-0212;108
Malachie;4;0;0;VGR;64-0212;126
Malachie;4;0;0;VGR;64-0212;138
Malachie;4;0;0;VGR;64-0308;108
Malachie;4;0;0;VGR;64-0313;124
Malachie;4;0;0;VGR;64-0313;141
Malachie;4;0;0;VGR;64-0313;143
Malachie;4;0;0;VGR;64-0313;149
Malachie;4;0;0;VGR;64-0313;162
Malachie;4;0;0;VGR;64-0313;182
Malachie;4;0;0;VGR;64-0320;124
Malachie;4;0;0;VGR;64-0321E;161
Malachie;4;0;0;VGR;64-0321E;207
Malachie;4;0;0;VGR;64-0321E;214
Malachie;4;0;0;VGR;64-0321E;216
Malachie;4;0;0;VGR;64-0402;156
Malachie;4;0;0;VGR;64-0403;205
Malachie;4;0;0;VGR;64-0404;210
Malachie;4;0;0;VGR;64-0404;212
Malachie;4;0;0;VGR;64-0405;113
Malachie;4;0;0;VGR;64-0409;189
Malachie;4;0;0;VGR;64-0416;190
Malachie;4;0;0;VGR;64-0419;29
Malachie;4;0;0;VGR;64-0419;63
Malachie;4;0;0;VGR;64-0419;76
Malachie;4;0;0;VGR;64-0419;78
Malachie;4;0;0;VGR;64-0427;232
Malachie;4;0;0;VGR;64-0427;237
Malachie;4;0;0;VGR;64-0614M;73
Malachie;4;0;0;VGR;64-0614M;302
Malachie;4;0;0;VGR;64-0614M;321
Malachie;4;0;0;VGR;64-0614M;322
Malachie;4;0;0;VGR;64-0614M;335
Malachie;4;0;0;VGR;64-0617;157
Malachie;4;0;0;VGR;64-0619;208
Malachie;4;0;0;VGR;64-0705;158
Malachie;4;0;0;VGR;64-0705;159
Malachie;4;0;0;VGR;64-0705;166
Malachie;4;0;0;VGR;64-0705;170
Malachie;4;0;0;VGR;64-0719M;60
Malachie;4;0;0;VGR;64-0719M;62
Malachie;4;0;0;VGR;64-0719M;83
Malachie;4;0;0;VGR;64-0719M;85
Malachie;4;0;0;VGR;64-0719M;107
Malachie;4;0;0;VGR;64-0719M;245
Malachie;4;0;0;VGR;64-0719M;278
Malachie;4;0;0;VGR;64-0719M;290
Malachie;4;0;0;VGR;64-0726M;78
Malachie;4;0;0;VGR;64-0726M;119
Malachie;4;0;0;VGR;64-0726M;120
Malachie;4;0;0;VGR;64-0726M;121
Malachie;4;0;0;VGR;64-0816;122
Malachie;4;0;0;VGR;64-0816;221
Malachie;4;0;0;VGR;64-0830E;76
Malachie;4;0;0;VGR;64-0830E;77
Malachie;4;0;0;VGR;64-0830E;153
Malachie;4;0;0;VGR;64-0830E;154
Malachie;4;0;0;VGR;64-0830E;156
Malachie;4;0;0;VGR;64-0830E;158
Malachie;4;0;0;VGR;65-0119;103
Malachie;4;0;0;VGR;65-0119;157
Malachie;4;0;0;VGR;65-0124;124
Malachie;4;0;0;VGR;65-0124;130
Malachie;4;0;0;VGR;65-0124;171
Malachie;4;0;0;VGR;65-0124;212
Malachie;4;0;0;VGR;65-0217;132
Malachie;4;0;0;VGR;65-0218;105
Malachie;4;0;0;VGR;65-0218;106
Malachie;4;0;0;VGR;65-0218;124
Malachie;4;0;0;VGR;65-0218;152
Malachie;4;0;0;VGR;65-0219;152
Malachie;4;0;0;VGR;65-0220;108
Malachie;4;0;0;VGR;65-0220;109
Malachie;4;0;0;VGR;65-0221E;158
Malachie;4;0;0;VGR;65-0221E;168
Malachie;4;0;0;VGR;65-0221M;49
Malachie;4;0;0;VGR;65-0418E;145
Malachie;4;0;0;VGR;65-0418M;93
Malachie;4;0;0;VGR;65-0418M;243
Malachie;4;0;0;VGR;65-0425;188
Malachie;4;0;0;VGR;65-0426;140
Malachie;4;0;0;VGR;65-0426;141
Malachie;4;0;0;VGR;65-0426;142
Malachie;4;0;0;VGR;65-0426;183
Malachie;4;0;0;VGR;65-0427;169
Malachie;4;0;0;VGR;65-0429B;125
Malachie;4;0;0;VGR;65-0718E;126
Malachie;4;0;0;VGR;65-0718E;160
Malachie;4;0;0;VGR;65-0718M;147
Malachie;4;0;0;VGR;65-0718M;171
Malachie;4;0;0;VGR;65-0718M;178
Malachie;4;0;0;VGR;65-0725E;107
Malachie;4;0;0;VGR;65-0725M;130
Malachie;4;0;0;VGR;65-0725M;259
Malachie;4;0;0;VGR;65-0801E;129
Malachie;4;0;0;VGR;65-0801M;36
Malachie;4;0;0;VGR;65-0801M;104
Malachie;4;0;0;VGR;65-0801M;174
Malachie;4;0;0;VGR;65-0822E;157
Malachie;4;0;0;VGR;65-0822M;77
Malachie;4;0;0;VGR;65-0822M;154
Malachie;4;0;0;VGR;65-0822M;158
Malachie;4;0;0;VGR;65-0822M;159
Malachie;4;0;0;VGR;65-0829;83
Malachie;4;0;0;VGR;65-0911;185
Malachie;4;0;0;VGR;65-1125;202
Malachie;4;0;0;VGR;65-1125;240
Malachie;4;0;0;VGR;65-1125;288
Malachie;4;0;0;VGR;65-1125;308
Malachie;4;0;0;VGR;65-1126;311
Malachie;4;0;0;VGR;65-1127B;210
Malachie;4;0;0;VGR;65-1127B;220
Malachie;4;0;0;VGR;65-1127B;301
Malachie;4;0;0;VGR;65-1127B;322
Malachie;4;0;0;VGR;65-1127E;187
Malachie;4;0;0;VGR;65-1127E;201
Malachie;4;0;0;VGR;65-1127E;211
Malachie;4;0;0;VGR;65-1128M;264
Malachie;4;0;0;VGR;65-1204;132
Malachie;4;0;0;VGR;65-1204;141
Malachie;4;0;0;VGR;65-1206;54
Malachie;4;0;0;VGR;65-1206;211
Malachie;4;0;0;VGR;65-1206;213
Malachie;4;0;0;VGR;65-1206;215
Malachie;4;0;0;VGR;65-1207;123
Malachie;4;5;5;SKN;61-0117;49
Malachie;4;5;5;SKN;63-0324M;369
Malachie;4;5;5;VGR;63-0324M;369
Marc;1;22;22;SKN;62-0318E;1
Marc;1;22;22;VGR;62-0318M;403
Marc;3;6;6;SKN;53-1129A;83
Marc;4;0;0;SKN;64-0427;25
Marc;4;0;0;SKN;64-0816;220
Marc;4;0;0;VGR;64-0427;76
Marc;4;0;0;VGR;64-0816;220
Marc;4;35;35;SKN;63-1103;42
Marc;4;35;35;VGR;63-1103;42
Marc;5;0;0;SKN;58-1004;71
Marc;5;0;0;SKN;64-0816;56
Marc;5;0;0;VGR;64-0816;56
Marc;5;19;19;SKN;55-0621;8
Marc;6;0;0;SKN;59-1120;14
Marc;6;0;0;SKN;64-0427;7
Marc;7;7;7;SKN;65-0718M;27
Marc;7;7;7;SKN;65-1127B;104
Marc;7;7;7;VGR;65-0718M;27
Marc;7;7;7;VGR;65-1127B;104
Marc;7;24;24;SKN;62-0520;8
Marc;8;0;0;SKN;56-0513;1
Marc;8;0;0;VGR;56-0513;51
Marc;8;16;16;SKN;56-0513;1
Marc;8;16;16;VGR;56-0513;51
Marc;9;7;7;SKN;64-0705;72
Marc;9;7;7;SKN;64-1205;53
Marc;9;7;7;VGR;64-0705;72
Marc;9;7;7;VGR;64-1205;106
Marc;10;0;0;SKN;57-0407M;5
Marc;10;0;0;VGR;57-0407M;14
Marc;11;0;0;SKN;53-0513;18
Marc;11;0;0;SKN;54-0720A;29
Marc;11;0;0;SKN;56-0614;6
Marc;11;0;0;SKN;56-1206;72
Marc;11;0;0;SKN;64-0411;40
Marc;11;0;0;SKN;64-0427;22
Marc;11;0;0;SKN;65-1127E;175
Marc;11;0;0;VGR;64-0411;110
Marc;11;0;0;VGR;64-0427;70
Marc;11;0;0;VGR;65-1127E;175
Marc;11;11;11;SKN;62-0128A;31
Marc;11;12;12;SKN;63-1110E;42
Marc;11;12;12;VGR;63-1110E;51
Marc;11;21;21;SKN;61-0108;345
Marc;11;21;21;SKN;61-0108;367
Marc;11;21;21;SKN;61-1210;250
Marc;11;21;21;VGR;61-0108;338
Marc;11;21;21;VGR;61-0108;359
Marc;11;22;22;SKN;60-1127M;7
Marc;11;22;22;SKN;60-1204E;158
Marc;11;22;22;SKN;61-0213;21
Marc;11;22;22;SKN;61-1210;104
Marc;11;22;22;SKN;62-0120;26
Marc;11;22;22;SKN;63-0120M;119
Marc;11;22;22;SKN;63-0304;54
Marc;11;22;22;SKN;63-0317M;419
Marc;11;22;22;SKN;63-0606;51
Marc;11;22;22;SKN;63-1128M;64
Marc;11;22;22;SKN;64-0206B;141
Marc;11;22;22;SKN;64-0402;183
Marc;11;22;22;SKN;64-0405;20
Marc;11;22;22;SKN;64-0412;64
Marc;11;22;22;SKN;64-0418B;34
Marc;11;22;22;SKN;64-0427;22
Marc;11;22;22;SKN;65-0117;32
Marc;11;22;22;SKN;65-0426;92
Marc;11;22;22;VGR;60-1204E;251
Marc;11;22;22;VGR;63-0120M;119
Marc;11;22;22;VGR;63-0304;125
Marc;11;22;22;VGR;63-0317M;419
Marc;11;22;22;VGR;64-0402;183
Marc;11;22;22;VGR;64-0405;60
Marc;11;22;22;VGR;64-0418B;95
Marc;11;22;22;VGR;64-0427;70
Marc;11;22;22;VGR;65-0426;116
Marc;11;23;23;SKN;59-1123;65
Marc;11;23;23;SKN;59-1123;93
Marc;11;23;23;SKN;60-0402;4
Marc;11;23;23;SKN;60-0417M;222
Marc;11;23;23;SKN;61-0219;7
Marc;11;23;23;SKN;63-0628E;20
Marc;11;23;23;SKN;63-0825E;153
Marc;11;23;23;SKN;64-0405;21
Marc;11;23;23;SKN;64-0500;65
Marc;11;23;23;SKN;65-1127E;128
Marc;11;23;23;VGR;60-0402;10
Marc;11;23;23;VGR;60-0417M;222
Marc;11;23;23;VGR;63-0825E;153
Marc;11;23;23;VGR;64-0405;61
Marc;11;23;23;VGR;65-1127E;128
Marc;11;24;24;SKN;50-0810;5
Marc;11;24;24;SKN;51-0720;47
Marc;11;24;24;SKN;52-0725;56
Marc;11;24;24;SKN;52-0900;190
Marc;11;24;24;SKN;52-1027;10
Marc;11;24;24;SKN;53-0216;7
Marc;11;24;24;SKN;53-0507;16
Marc;11;24;24;SKN;53-0513;18
Marc;11;24;24;SKN;53-0513;24
Marc;11;24;24;SKN;53-0611;93
Marc;11;24;24;SKN;53-0829;78
Marc;11;24;24;SKN;53-1111;65
Marc;11;24;24;SKN;54-0221;36
Marc;11;24;24;SKN;54-0228A;71
Marc;11;24;24;SKN;54-0303;25
Marc;11;24;24;SKN;54-0314;40
Marc;11;24;24;SKN;54-0809E;31
Marc;11;24;24;SKN;56-0414;59
Marc;11;24;24;SKN;56-0614;6
Marc;11;24;24;SKN;56-0722;7
Marc;11;24;24;SKN;56-0723;51
Marc;11;24;24;SKN;56-1209E;23
Marc;11;24;24;SKN;57-0126B;22
Marc;11;24;24;SKN;57-0326;94
Marc;11;24;24;SKN;57-1222;10
Marc;11;24;24;SKN;58-0202;13
Marc;11;24;24;SKN;58-0503;21
Marc;11;24;24;SKN;59-0813;15
Marc;11;24;24;SKN;60-0110;77
Marc;11;24;24;SKN;61-0117;19
Marc;11;24;24;SKN;61-0425B;84
Marc;11;24;24;SKN;62-0608;127
Marc;11;24;24;SKN;63-0412E;264
Marc;11;24;24;SKN;63-0714M;288
Marc;11;24;24;SKN;63-0801;66
Marc;11;24;24;VGR;52-0900;190
Marc;11;24;24;VGR;53-0216;12
Marc;11;24;24;VGR;56-0723;96
Marc;11;24;24;VGR;58-0202;15
Marc;11;24;24;VGR;61-0425B;84
Marc;11;24;24;VGR;63-0714M;199
Marc;12;0;0;SKN;63-0628E;26
Marc;13;27;27;SKN;64-0830M;207
Marc;13;27;27;VGR;64-0830M;260
Marc;13;27;27;VGR;64-0830M;261
Marc;14;0;0;SKN;65-1127E;169
Marc;14;0;0;VGR;65-1127E;169
Marc;14;62;62;SKN;57-1002;440
Marc;14;62;62;VGR;57-1002;440
Marc;16;0;0;SKN;50-0405;22
Marc;16;0;0;SKN;50-0409;1
Marc;16;0;0;SKN;50-0711;20
Marc;16;0;0;SKN;50-0716;86
Marc;16;0;0;SKN;50-0815;24
Marc;16;0;0;SKN;51-0727;18
Marc;16;0;0;SKN;52-0224;175
Marc;16;0;0;SKN;52-0224;177
Marc;16;0;0;SKN;52-0224;178
Marc;16;0;0;SKN;53-0513;18
Marc;16;0;0;SKN;53-0513;20
Marc;16;0;0;SKN;53-0513;23
Marc;16;0;0;SKN;53-0513;24
Marc;16;0;0;SKN;53-0513;43
Marc;16;0;0;SKN;53-0608E;37
Marc;16;0;0;SKN;53-0611;91
Marc;16;0;0;SKN;53-0611;92
Marc;16;0;0;SKN;53-0611;93
Marc;16;0;0;SKN;53-0612;10
Marc;16;0;0;SKN;53-0907A;76
Marc;16;0;0;SKN;53-0907A;79
Marc;16;0;0;SKN;53-1111;64
Marc;16;0;0;SKN;53-1115M;85
Marc;16;0;0;SKN;53-1120;10
Marc;16;0;0;SKN;53-1122;31
Marc;16;0;0;SKN;53-1129A;83
Marc;16;0;0;SKN;53-1130;7
Marc;16;0;0;SKN;54-0103M;33
Marc;16;0;0;SKN;54-0228E;25
Marc;16;0;0;SKN;54-0228E;29
Marc;16;0;0;SKN;54-0314;40
Marc;16;0;0;SKN;54-0403;24
Marc;16;0;0;SKN;54-1212;91
Marc;16;0;0;SKN;54-1219M;45
Marc;16;0;0;SKN;54-1219M;50
Marc;16;0;0;SKN;55-0116E;17
Marc;16;0;0;SKN;55-0220A;48
Marc;16;0;0;SKN;55-0221;49
Marc;16;0;0;SKN;55-0228;27
Marc;16;0;0;SKN;55-0611;16
Marc;16;0;0;SKN;55-0611;18
Marc;16;0;0;SKN;55-0611;73
Marc;16;0;0;SKN;55-0621;7
Marc;16;0;0;SKN;55-0626E;9
Marc;16;0;0;SKN;55-0806;58
Marc;16;0;0;SKN;55-1113;33
Marc;16;0;0;SKN;55-1113;34
Marc;16;0;0;SKN;55-1115;66
Marc;16;0;0;SKN;56-0414;57
Marc;16;0;0;SKN;56-0419;47
Marc;16;0;0;SKN;56-0426;24
Marc;16;0;0;SKN;56-0612;48
Marc;16;0;0;SKN;56-0614;6
Marc;16;0;0;SKN;56-1001;8
Marc;16;0;0;SKN;56-1002A;59
Marc;16;0;0;SKN;56-1206;72
Marc;16;0;0;SKN;57-0104;29
Marc;16;0;0;SKN;57-0114;52
Marc;16;0;0;SKN;57-0126B;8
Marc;16;0;0;SKN;57-0126B;13
Marc;16;0;0;SKN;57-0126B;22
Marc;16;0;0;SKN;57-0126B;23
Marc;16;0;0;SKN;57-0126B;26
Marc;16;0;0;SKN;57-0309E;54
Marc;16;0;0;SKN;57-0326;93
Marc;16;0;0;SKN;57-0804E;14
Marc;16;0;0;SKN;57-0825M;71
Marc;16;0;0;SKN;58-0130;11
Marc;16;0;0;SKN;58-0130;12
Marc;16;0;0;SKN;58-0130;15
Marc;16;0;0;SKN;58-0208;16
Marc;16;0;0;SKN;58-0316E;50
Marc;16;0;0;SKN;58-0316E;51
Marc;16;0;0;SKN;58-0330A;22
Marc;16;0;0;SKN;58-0330A;31
Marc;16;0;0;SKN;58-0330A;36
Marc;16;0;0;SKN;58-0330A;37
Marc;16;0;0;SKN;58-0330A;38
Marc;16;0;0;SKN;58-0330A;55
Marc;16;0;0;SKN;58-0501;10
Marc;16;0;0;SKN;58-0613;15
Marc;16;0;0;SKN;59-0329M;30
Marc;16;0;0;SKN;59-0411E;29
Marc;16;0;0;SKN;59-0422;76
Marc;16;0;0;SKN;59-0628E;92
Marc;16;0;0;SKN;59-0628M;81
Marc;16;0;0;SKN;59-1115;85
Marc;16;0;0;SKN;60-0308;105
Marc;16;0;0;SKN;60-0417M;34
Marc;16;0;0;SKN;60-0515M;53
Marc;16;0;0;SKN;60-0711;46
Marc;16;0;0;SKN;60-0720;52
Marc;16;0;0;SKN;60-0911E;92
Marc;16;0;0;SKN;60-0911E;117
Marc;16;0;0;SKN;60-0911M;87
Marc;16;0;0;SKN;60-1204E;158
Marc;16;0;0;SKN;60-1204M;150
Marc;16;0;0;SKN;60-1205;43
Marc;16;0;0;SKN;60-1208;21
Marc;16;0;0;SKN;60-1209;149
Marc;16;0;0;SKN;60-1210;44
Marc;16;0;0;SKN;60-1210;46
Marc;16;0;0;SKN;60-1218;373
Marc;16;0;0;SKN;60-1218;422
Marc;16;0;0;SKN;60-1218;469
Marc;16;0;0;SKN;61-0101;261
Marc;16;0;0;SKN;61-0108;345
Marc;16;0;0;SKN;61-0108;362
Marc;16;0;0;SKN;61-0117;26
Marc;16;0;0;SKN;61-0118;97
Marc;16;0;0;SKN;61-0119E;35
Marc;16;0;0;SKN;61-0219;35
Marc;16;0;0;SKN;61-0312;59
Marc;16;0;0;SKN;61-0315;186
Marc;16;0;0;SKN;61-0315;218
Marc;16;0;0;SKN;61-0402;191
Marc;16;0;0;SKN;61-0412;6
Marc;16;0;0;SKN;61-0424;7
Marc;16;0;0;SKN;61-0424;26
Marc;16;0;0;SKN;61-0425B;231
Marc;16;0;0;SKN;61-0515;21
Marc;16;0;0;SKN;61-1001M;173
Marc;16;0;0;SKN;61-1105;221
Marc;16;0;0;SKN;61-1224;167
Marc;16;0;0;SKN;62-0119;57
Marc;16;0;0;SKN;62-0120;45
Marc;16;0;0;SKN;62-0122;21
Marc;16;0;0;SKN;62-0122;28
Marc;16;0;0;SKN;62-0122;43
Marc;16;0;0;SKN;62-0128A;82
Marc;16;0;0;SKN;62-0129;9
Marc;16;0;0;SKN;62-0218;52
Marc;16;0;0;SKN;62-0218;164
Marc;16;0;0;SKN;62-0218;330
Marc;16;0;0;SKN;62-0407;66
Marc;16;0;0;SKN;62-0408;63
Marc;16;0;0;SKN;62-0518;107
Marc;16;0;0;SKN;62-0603;30
Marc;16;0;0;SKN;62-0607;89
Marc;16;0;0;SKN;62-0609E;48
Marc;16;0;0;SKN;62-0609E;49
Marc;16;0;0;SKN;62-0610M;87
Marc;16;0;0;SKN;62-0704;63
Marc;16;0;0;SKN;62-0714;93
Marc;16;0;0;SKN;62-1014E;104
Marc;16;0;0;SKN;62-1111E;64
Marc;16;0;0;SKN;62-1111E;66
Marc;16;0;0;SKN;62-1122;75
Marc;16;0;0;SKN;62-1231;11
Marc;16;0;0;SKN;63-0114;158
Marc;16;0;0;SKN;63-0114;222
Marc;16;0;0;SKN;63-0127;31
Marc;16;0;0;SKN;63-0319;218
Marc;16;0;0;SKN;63-0630E;229
Marc;16;0;0;SKN;63-0707M;160
Marc;16;0;0;SKN;63-0707M;179
Marc;16;0;0;SKN;63-0714E;31
Marc;16;0;0;SKN;63-0714E;52
Marc;16;0;0;SKN;63-0728;238
Marc;16;0;0;SKN;63-0728;536
Marc;16;0;0;SKN;63-0731;60
Marc;16;0;0;SKN;63-0803B;92
Marc;16;0;0;SKN;63-0803B;209
Marc;16;0;0;SKN;63-0804A;31
Marc;16;0;0;SKN;63-0804E;97
Marc;16;0;0;SKN;63-0825E;106
Marc;16;0;0;SKN;63-0825E;153
Marc;16;0;0;SKN;63-1116B;108
Marc;16;0;0;SKN;63-1229M;246
Marc;16;0;0;SKN;64-0214;104
Marc;16;0;0;SKN;64-0215;74
Marc;16;0;0;SKN;64-0403;25
Marc;16;0;0;SKN;64-0403;47
Marc;16;0;0;SKN;64-0405;19
Marc;16;0;0;SKN;64-0405;21
Marc;16;0;0;SKN;64-0412;59
Marc;16;0;0;SKN;64-0412;60
Marc;16;0;0;SKN;64-0412;246
Marc;16;0;0;SKN;64-0412;252
Marc;16;0;0;SKN;64-0412;265
Marc;16;0;0;SKN;64-0418B;47
Marc;16;0;0;SKN;64-0419;16
Marc;16;0;0;SKN;64-0419;23
Marc;16;0;0;SKN;64-0419;96
Marc;16;0;0;SKN;64-0419;99
Marc;16;0;0;SKN;64-0427;7
Marc;16;0;0;SKN;64-0427;12
Marc;16;0;0;SKN;64-0427;18
Marc;16;0;0;SKN;64-0427;20
Marc;16;0;0;SKN;64-0427;22
Marc;16;0;0;SKN;64-0427;31
Marc;16;0;0;SKN;64-0427;67
Marc;16;0;0;SKN;64-0427;85
Marc;16;0;0;SKN;64-0427;94
Marc;16;0;0;SKN;64-0614M;181
Marc;16;0;0;SKN;64-0617;166
Marc;16;0;0;SKN;64-0617;199
Marc;16;0;0;SKN;64-0621;1
Marc;16;0;0;SKN;64-0621;13
Marc;16;0;0;SKN;64-0621;35
Marc;16;0;0;SKN;64-0621;37
Marc;16;0;0;SKN;64-0621;45
Marc;16;0;0;SKN;64-0621;61
Marc;16;0;0;SKN;64-0621;62
Marc;16;0;0;SKN;64-0621;63
Marc;16;0;0;SKN;64-0621;109
Marc;16;0;0;SKN;64-0621;149
Marc;16;0;0;SKN;64-0621;186
Marc;16;0;0;SKN;64-0621;188
Marc;16;0;0;SKN;64-0621;189
Marc;16;0;0;SKN;64-0621;198
Marc;16;0;0;SKN;64-0816;220
Marc;16;0;0;SKN;64-0823M;215
Marc;16;0;0;SKN;64-0830E;121
Marc;16;0;0;SKN;64-0830E;139
Marc;16;0;0;SKN;64-0830M;207
Marc;16;0;0;SKN;64-1205;42
Marc;16;0;0;SKN;65-0220;126
Marc;16;0;0;SKN;65-0418M;22
Marc;16;0;0;SKN;65-0425;150
Marc;16;0;0;SKN;65-0425;207
Marc;16;0;0;SKN;65-0427;57
Marc;16;0;0;SKN;65-0711;84
Marc;16;0;0;SKN;65-0829;51
Marc;16;0;0;SKN;65-0919;61
Marc;16;0;0;SKN;65-1125;85
Marc;16;0;0;VGR;52-0224;175
Marc;16;0;0;VGR;52-0224;177
Marc;16;0;0;VGR;52-0224;178
Marc;16;0;0;VGR;54-0103M;33
Marc;16;0;0;VGR;54-1212;91
Marc;16;0;0;VGR;54-1219M;46
Marc;16;0;0;VGR;54-1219M;50
Marc;16;0;0;VGR;55-0611;38
Marc;16;0;0;VGR;55-0611;44
Marc;16;0;0;VGR;55-0611;178
Marc;16;0;0;VGR;56-1001;18
Marc;16;0;0;VGR;57-0825M;71
Marc;16;0;0;VGR;59-0329M;40
Marc;16;0;0;VGR;59-0628E;92
Marc;16;0;0;VGR;59-0628M;81
Marc;16;0;0;VGR;60-0308;105
Marc;16;0;0;VGR;60-0417M;34
Marc;16;0;0;VGR;60-0515M;56
Marc;16;0;0;VGR;60-0911E;92
Marc;16;0;0;VGR;60-0911E;117
Marc;16;0;0;VGR;60-0911M;76
Marc;16;0;0;VGR;60-1204E;220
Marc;16;0;0;VGR;60-1204M;147
Marc;16;0;0;VGR;60-1205;43
Marc;16;0;0;VGR;60-1208;21
Marc;16;0;0;VGR;60-1209;144
Marc;16;0;0;VGR;60-1210;44
Marc;16;0;0;VGR;60-1210;46
Marc;16;0;0;VGR;60-1218;373
Marc;16;0;0;VGR;60-1218;422
Marc;16;0;0;VGR;60-1218;469
Marc;16;0;0;VGR;61-0101;255
Marc;16;0;0;VGR;61-0108;338
Marc;16;0;0;VGR;61-0108;354
Marc;16;0;0;VGR;61-0425B;232
Marc;16;0;0;VGR;62-0122;51
Marc;16;0;0;VGR;62-0122;68
Marc;16;0;0;VGR;62-0122;98
Marc;16;0;0;VGR;62-0122;99
Marc;16;0;0;VGR;62-1014E;104
Marc;16;0;0;VGR;62-1111E;65
Marc;16;0;0;VGR;62-1111E;67
Marc;16;0;0;VGR;62-1231;11
Marc;16;0;0;VGR;63-0114;158
Marc;16;0;0;VGR;63-0114;222
Marc;16;0;0;VGR;63-0319;218
Marc;16;0;0;VGR;63-0630E;229
Marc;16;0;0;VGR;63-0707;160
Marc;16;0;0;VGR;63-0707;179
Marc;16;0;0;VGR;63-0707M;160
Marc;16;0;0;VGR;63-0707M;179
Marc;16;0;0;VGR;63-0714E;72
Marc;16;0;0;VGR;63-0714E;102
Marc;16;0;0;VGR;63-0728;238
Marc;16;0;0;VGR;63-0728;536
Marc;16;0;0;VGR;63-0803B;92
Marc;16;0;0;VGR;63-0803B;209
Marc;16;0;0;VGR;63-0804A;31
Marc;16;0;0;VGR;63-0825E;106
Marc;16;0;0;VGR;63-0825E;153
Marc;16;0;0;VGR;63-1229M;246
Marc;16;0;0;VGR;64-0215;74
Marc;16;0;0;VGR;64-0403;71
Marc;16;0;0;VGR;64-0403;93
Marc;16;0;0;VGR;64-0405;58
Marc;16;0;0;VGR;64-0405;61
Marc;16;0;0;VGR;64-0418B;131
Marc;16;0;0;VGR;64-0419;16
Marc;16;0;0;VGR;64-0419;23
Marc;16;0;0;VGR;64-0419;96
Marc;16;0;0;VGR;64-0419;99
Marc;16;0;0;VGR;64-0427;22
Marc;16;0;0;VGR;64-0427;23
Marc;16;0;0;VGR;64-0427;41
Marc;16;0;0;VGR;64-0427;59
Marc;16;0;0;VGR;64-0427;60
Marc;16;0;0;VGR;64-0427;63
Marc;16;0;0;VGR;64-0427;69
Marc;16;0;0;VGR;64-0427;87
Marc;16;0;0;VGR;64-0427;197
Marc;16;0;0;VGR;64-0427;256
Marc;16;0;0;VGR;64-0427;275
Marc;16;0;0;VGR;64-0614M;181
Marc;16;0;0;VGR;64-0617;166
Marc;16;0;0;VGR;64-0617;199
Marc;16;0;0;VGR;64-0816;220
Marc;16;0;0;VGR;64-0823M;215
Marc;16;0;0;VGR;64-0830E;121
Marc;16;0;0;VGR;64-0830E;139
Marc;16;0;0;VGR;64-0830M;300
Marc;16;0;0;VGR;64-1205;83
Marc;16;0;0;VGR;65-0220;126
Marc;16;0;0;VGR;65-0425;150
Marc;16;0;0;VGR;65-0425;207
Marc;16;0;0;VGR;65-0427;114
Marc;16;0;0;VGR;65-0711;160
Marc;16;0;0;VGR;65-0829;83
Marc;16;0;0;VGR;65-0919;61
Marc;16;0;0;VGR;65-1125;109
Marc;16;1;1;SKN;65-0418M;19
Marc;16;1;1;SKN;65-0418M;36
Marc;16;1;1;VGR;65-0418M;19
Marc;16;1;1;VGR;65-0418M;36
Marc;16;15;20;SKN;63-0714E;31
Marc;16;15;20;VGR;63-0714E;72
Marc;16;18;18;SKN;64-0830E;138
Marc;16;18;18;VGR;64-0830E;138
Matthieu;1;0;0;SKN;59-0823;126
Matthieu;1;0;0;SKN;61-0108;338
Matthieu;1;0;0;SKN;63-0804E;44
Matthieu;1;0;0;VGR;61-0108;333
Matthieu;1;0;0;VGR;61-0618;224
Matthieu;1;5;5;SKN;60-1225;17
Matthieu;1;5;5;VGR;60-1225;24
Matthieu;1;18;18;SKN;57-0901E;129
Matthieu;1;18;18;SKN;59-0329M;49
Matthieu;1;18;18;SKN;59-0628E;150
Matthieu;1;18;18;SKN;60-1204M;176
Matthieu;1;18;18;SKN;61-0108;338
Matthieu;1;18;18;SKN;61-0317;29
Matthieu;1;18;18;SKN;61-0425B;200
Matthieu;1;18;18;SKN;65-0429B;99
Matthieu;1;18;18;VGR;57-0901E;129
Matthieu;1;18;18;VGR;59-0329M;58
Matthieu;1;18;18;VGR;59-0628E;150
Matthieu;1;18;18;VGR;60-1204M;172
Matthieu;1;18;18;VGR;61-0108;333
Matthieu;1;18;18;VGR;61-0425B;200
Matthieu;1;18;18;VGR;65-0429B;108
Matthieu;1;23;23;SKN;65-0425;72
Matthieu;1;23;23;SKN;65-1128M;222
Matthieu;1;23;23;VGR;65-0425;72
Matthieu;1;23;23;VGR;65-1128M;222
Matthieu;2;0;0;SKN;53-0606;3
Matthieu;2;0;0;SKN;54-0103M;54
Matthieu;2;0;0;SKN;55-1005;25
Matthieu;2;0;0;SKN;60-1211E;69
Matthieu;2;0;0;SKN;62-0628;41
Matthieu;2;0;0;VGR;54-0103M;54
Matthieu;2;0;0;VGR;60-1211E;69
Matthieu;3;0;0;SKN;55-0220A;11
Matthieu;3;0;0;SKN;57-0908E;440
Matthieu;3;0;0;SKN;57-0908E;442
Matthieu;3;0;0;SKN;57-0908E;443
Matthieu;3;0;0;SKN;58-0503;15
Matthieu;3;0;0;SKN;58-0515;45
Matthieu;3;0;0;SKN;58-0625;27
Matthieu;3;0;0;SKN;61-0112;438
Matthieu;3;0;0;SKN;61-0412;76
Matthieu;3;0;0;SKN;61-0423;9
Matthieu;3;0;0;SKN;61-1112;241
Matthieu;3;0;0;SKN;62-0218;150
Matthieu;3;0;0;SKN;62-0715;62
Matthieu;3;0;0;SKN;62-0724;47
Matthieu;3;0;0;SKN;64-0306;43
Matthieu;3;0;0;SKN;65-0125;19
Matthieu;3;0;0;SKN;65-1128E;30
Matthieu;3;0;0;VGR;57-0908E;440
Matthieu;3;0;0;VGR;57-0908E;442
Matthieu;3;0;0;VGR;57-0908E;443
Matthieu;3;0;0;VGR;61-0112;438
Matthieu;3;0;0;VGR;61-1112;243
Matthieu;3;0;0;VGR;64-0306;43
Matthieu;3;0;0;VGR;65-0125;32
Matthieu;3;0;0;VGR;65-1128E;30
Matthieu;3;16;16;SKN;65-1128E;37
Matthieu;3;16;16;SKN;65-1128E;98
Matthieu;3;16;16;VGR;65-1128E;37
Matthieu;3;16;16;VGR;65-1128E;98
Matthieu;4;0;0;SKN;61-1224;117
Matthieu;4;0;0;SKN;63-0319;280
Matthieu;4;0;0;SKN;63-0321;182
Matthieu;4;0;0;SKN;64-0125;16
Matthieu;4;0;0;VGR;63-0319;280
Matthieu;4;0;0;VGR;63-0321;182
Matthieu;4;0;0;VGR;64-0125;16
Matthieu;4;8;8;SKN;63-0319;268
Matthieu;4;8;8;VGR;63-0319;268
Matthieu;4;11;11;SKN;63-0320;275
Matthieu;4;11;11;VGR;63-0320;275
Matthieu;4;12;17;SKN;60-0210E;5
Matthieu;4;15;16;SKN;64-0125;15
Matthieu;4;15;16;VGR;64-0125;15
Matthieu;5;0;0;SKN;57-0419;6
Matthieu;5;0;0;SKN;60-0710;62
Matthieu;5;0;0;SKN;60-1205;89
Matthieu;5;0;0;SKN;61-0611;126
Matthieu;5;0;0;SKN;61-1015M;170
Matthieu;5;0;0;SKN;62-1124B;64
Matthieu;5;0;0;SKN;63-0126;300
Matthieu;5;0;0;SKN;63-0324M;142
Matthieu;5;0;0;SKN;63-0803B;225
Matthieu;5;0;0;SKN;64-0314;50
Matthieu;5;0;0;SKN;64-1221;103
Matthieu;5;0;0;SKN;65-0221M;157
Matthieu;5;0;0;SKN;65-0919;232
Matthieu;5;0;0;VGR;60-1205;88
Matthieu;5;0;0;VGR;61-0611;125
Matthieu;5;0;0;VGR;61-1015M;170
Matthieu;5;0;0;VGR;62-1124B;123
Matthieu;5;0;0;VGR;63-0324M;142
Matthieu;5;0;0;VGR;63-0803B;225
Matthieu;5;0;0;VGR;64-1221;103
Matthieu;5;0;0;VGR;65-0221M;222
Matthieu;5;0;0;VGR;65-0919;232
Matthieu;5;5;5;SKN;64-0802;193
Matthieu;5;5;5;VGR;64-0802;193
Matthieu;5;8;8;SKN;62-0609B;15
Matthieu;5;24;24;SKN;65-0725M;32
Matthieu;5;24;24;VGR;65-0725M;32
Matthieu;5;28;28;SKN;57-0908E;247
Matthieu;5;28;28;SKN;63-0623E;112
Matthieu;5;28;28;VGR;57-0908E;247
Matthieu;5;28;28;VGR;63-0623E;112
Matthieu;5;32;32;SKN;65-0221M;158
Matthieu;5;32;32;VGR;65-0221M;225
Matthieu;5;45;45;SKN;57-0908E;351
Matthieu;5;45;45;VGR;57-0908E;351
Matthieu;5;48;48;SKN;62-1014M;222
Matthieu;5;48;48;SKN;62-1014M;223
Matthieu;5;48;48;VGR;62-1014M;302
Matthieu;6;0;0;SKN;62-0611;70
Matthieu;6;9;13;SKN;53-0326;189
Matthieu;6;9;13;SKN;63-1110M;412
Matthieu;6;9;13;VGR;61-0730M;25
Matthieu;6;9;13;VGR;63-1110M;412
Matthieu;6;11;11;SKN;63-1112;87
Matthieu;7;6;6;SKN;59-0628E;41
Matthieu;7;6;6;VGR;59-0628E;41
Matthieu;7;21;21;SKN;65-0725M;192
Matthieu;7;21;21;VGR;65-0725M;192
Matthieu;7;21;23;SKN;59-0628E;155
Matthieu;7;21;23;VGR;59-0628E;155
Matthieu;8;0;0;SKN;52-0720E;15
Matthieu;8;0;0;SKN;52-0810E;3
Matthieu;8;0;0;SKN;53-0513;17
Matthieu;8;0;0;SKN;53-0606;31
Matthieu;8;0;0;SKN;56-0213;17
Matthieu;8;0;0;SKN;56-0406;16
Matthieu;8;0;0;SKN;56-0722;6
Matthieu;8;0;0;SKN;56-1209E;22
Matthieu;8;0;0;SKN;57-0115;68
Matthieu;8;0;0;SKN;61-0211;55
Matthieu;8;5;10;SKN;55-0621;1
Matthieu;8;23;23;SKN;63-1103;39
Matthieu;8;23;23;VGR;63-1103;39
Matthieu;9;0;0;SKN;61-1105;24
Matthieu;10;0;0;SKN;50-0711;20
Matthieu;10;0;0;SKN;53-0325;31
Matthieu;10;0;0;SKN;53-0614A;40
Matthieu;10;0;0;SKN;53-0729;279
Matthieu;10;0;0;SKN;53-0902;61
Matthieu;10;0;0;SKN;53-0906E;27
Matthieu;10;0;0;SKN;54-0103E;56
Matthieu;10;0;0;SKN;55-0626E;8
Matthieu;10;0;0;SKN;58-0223;37
Matthieu;10;0;0;SKN;58-0301B;7
Matthieu;10;0;0;SKN;59-0422;31
Matthieu;10;0;0;SKN;59-1127;45
Matthieu;10;0;0;SKN;59-1217;55
Matthieu;10;0;0;SKN;60-0911E;111
Matthieu;10;0;0;SKN;60-1204E;43
Matthieu;10;0;0;SKN;60-1218;421
Matthieu;10;0;0;SKN;61-0108;347
Matthieu;10;0;0;SKN;61-0413;39
Matthieu;10;0;0;SKN;62-0218;53
Matthieu;10;0;0;SKN;63-0318;113
Matthieu;10;0;0;SKN;63-0607;96
Matthieu;10;0;0;SKN;63-1115;109
Matthieu;10;0;0;SKN;63-1124E;101
Matthieu;10;0;0;SKN;64-0206B;239
Matthieu;10;0;0;SKN;64-0412;227
Matthieu;10;0;0;SKN;64-0830M;207
Matthieu;10;0;0;VGR;53-0729;279
Matthieu;10;0;0;VGR;54-0103E;56
Matthieu;10;0;0;VGR;54-0514;151
Matthieu;10;0;0;VGR;59-1217;55
Matthieu;10;0;0;VGR;60-0911E;111
Matthieu;10;0;0;VGR;60-1204E;38
Matthieu;10;0;0;VGR;60-1218;421
Matthieu;10;0;0;VGR;61-0108;339
Matthieu;10;0;0;VGR;63-0318;113
Matthieu;10;0;0;VGR;63-1124E;143
Matthieu;10;0;0;VGR;64-0830M;271
Matthieu;10;1;1;SKN;60-0911E;105
Matthieu;10;1;1;SKN;60-0911E;111
Matthieu;10;1;1;SKN;61-0108;343
Matthieu;10;1;1;SKN;61-0108;347
Matthieu;10;1;1;SKN;61-0108;349
Matthieu;10;1;1;SKN;61-0108;355
Matthieu;10;1;1;VGR;60-0911E;105
Matthieu;10;1;1;VGR;60-0911E;111
Matthieu;10;1;1;VGR;61-0108;336
Matthieu;10;1;1;VGR;61-0108;339
Matthieu;10;1;1;VGR;61-0108;341
Matthieu;10;1;1;VGR;61-0108;347
Matthieu;10;10;10;SKN;58-0112A;39
Matthieu;10;41;41;SKN;64-0823E;219
Matthieu;10;41;41;VGR;64-0823E;219
Matthieu;11;0;0;SKN;55-0311;22
Matthieu;11;0;0;SKN;59-0823;59
Matthieu;11;0;0;SKN;60-1204E;116
Matthieu;11;0;0;SKN;61-0108;366
Matthieu;11;0;0;SKN;61-1112;240
Matthieu;11;0;0;SKN;62-0527;168
Matthieu;11;0;0;SKN;62-0705;56
Matthieu;11;0;0;SKN;63-0324M;256
Matthieu;11;0;0;SKN;64-0206B;112
Matthieu;11;0;0;SKN;64-0318;69
Matthieu;11;0;0;SKN;64-0500;11
Matthieu;11;0;0;SKN;64-0500;12
Matthieu;11;0;0;SKN;64-0618;16
Matthieu;11;0;0;SKN;65-0426;109
Matthieu;11;0;0;SKN;65-1127B;211
Matthieu;11;0;0;SKN;65-1206;207
Matthieu;11;0;0;VGR;60-1204E;105
Matthieu;11;0;0;VGR;61-0108;358
Matthieu;11;0;0;VGR;61-1112;240
Matthieu;11;0;0;VGR;62-0527;168
Matthieu;11;0;0;VGR;63-0324M;256
Matthieu;11;0;0;VGR;64-0318;69
Matthieu;11;0;0;VGR;64-0618;16
Matthieu;11;0;0;VGR;65-0426;142
Matthieu;11;0;0;VGR;65-1127B;211
Matthieu;11;0;0;VGR;65-1206;207
Matthieu;11;6;6;SKN;61-0806;146
Matthieu;11;6;6;SKN;62-0407;39
Matthieu;11;6;6;SKN;62-0520;19
Matthieu;11;6;6;SKN;62-0603;30
Matthieu;11;6;6;SKN;62-0624;56
Matthieu;11;6;6;SKN;62-0712;58
Matthieu;11;6;6;VGR;61-0806;146
Matthieu;11;9;9;SKN;64-0500;11
Matthieu;11;10;10;SKN;63-0317M;299
Matthieu;11;10;10;SKN;63-0317M;363
Matthieu;11;10;10;VGR;63-0317M;299
Matthieu;11;10;10;VGR;63-0317M;363
Matthieu;11;22;22;SKN;63-0628E;20
Matthieu;11;25;25;SKN;63-0412E;54
Matthieu;11;25;25;SKN;63-0728;291
Matthieu;11;25;25;VGR;63-0728;291
Matthieu;11;25;26;SKN;63-0319;78
Matthieu;11;25;26;VGR;63-0319;78
Matthieu;11;27;27;SKN;53-0907A;79
Matthieu;12;0;0;SKN;57-0228;16
Matthieu;12;0;0;SKN;58-0517E;3
Matthieu;12;0;0;SKN;58-0528;86
Matthieu;12;0;0;SKN;58-0613;20
Matthieu;12;0;0;SKN;60-0710;28
Matthieu;12;0;0;SKN;61-0211;55
Matthieu;12;0;0;SKN;61-0318;95
Matthieu;12;0;0;SKN;61-0414;6
Matthieu;12;0;0;SKN;62-0721;20
Matthieu;12;0;0;SKN;64-0306;1
Matthieu;12;0;0;SKN;64-0410;1
Matthieu;12;0;0;SKN;64-0412;48
Matthieu;12;0;0;SKN;64-0823E;148
Matthieu;12;0;0;VGR;64-0306;1
Matthieu;12;0;0;VGR;64-0823E;148
Matthieu;12;15;15;SKN;63-1222;70
Matthieu;12;24;24;SKN;62-0407;105
Matthieu;12;39;39;SKN;55-0626E;6
Matthieu;12;40;40;SKN;64-0823E;204
Matthieu;12;40;40;VGR;64-0823E;204
Matthieu;12;42;42;SKN;57-0517;12
Matthieu;12;42;42;SKN;59-0405E;4
Matthieu;12;42;42;SKN;60-0710;28
Matthieu;12;42;42;SKN;61-0119E;30
Matthieu;12;42;42;SKN;61-0412;46
Matthieu;12;42;42;VGR;56-1001;81
Matthieu;13;0;0;SKN;62-1230E;115
Matthieu;13;0;0;SKN;65-0118;1
Matthieu;13;0;0;VGR;62-1230E;243
Matthieu;13;0;0;VGR;65-0118;1
Matthieu;13;3;15;SKN;62-1230E;117
Matthieu;13;3;50;VGR;62-1230E;245
Matthieu;13;24;24;SKN;62-0407;107
Matthieu;14;0;0;SKN;60-0609;8
Matthieu;14;0;0;SKN;62-0620;17
Matthieu;14;0;0;VGR;63-0320;305
Matthieu;14;25;25;SKN;63-0320;305
Matthieu;14;27;27;SKN;61-0123;18
Matthieu;14;27;27;SKN;61-0212E;21
Matthieu;14;28;28;SKN;54-0302;37
Matthieu;15;21;21;SKN;62-0218;22
Matthieu;15;26;26;SKN;64-0405;9
Matthieu;16;0;0;SKN;54-0829A;30
Matthieu;16;0;0;SKN;58-0202;45
Matthieu;16;0;0;SKN;60-0911E;75
Matthieu;16;0;0;SKN;61-0216;31
Matthieu;16;0;0;SKN;62-0318E;1
Matthieu;16;0;0;VGR;58-0202;58
Matthieu;16;0;0;VGR;62-0318M;403
Matthieu;16;1;1;SKN;54-0718A;23
Matthieu;16;9;9;SKN;61-1015M;192
Matthieu;16;9;9;SKN;61-1015M;193
Matthieu;16;9;9;VGR;61-1015M;192
Matthieu;16;9;9;VGR;61-1015M;193
Matthieu;16;10;10;SKN;61-1015M;193
Matthieu;16;10;10;VGR;61-1015M;193
Matthieu;16;13;13;SKN;60-1231;127
Matthieu;16;13;13;VGR;60-1231;123
Matthieu;16;15;15;SKN;63-0728;214
Matthieu;16;15;15;VGR;63-0728;214
Matthieu;16;16;16;SKN;60-0522E;64
Matthieu;16;16;16;VGR;60-0522E;64
Matthieu;16;17;17;SKN;65-1204;70
Matthieu;16;17;17;VGR;65-1204;70
Matthieu;16;18;18;SKN;60-0911E;10
Matthieu;16;18;18;SKN;60-0911E;72
Matthieu;16;18;18;SKN;60-1204M;132
Matthieu;16;18;18;SKN;60-1210;137
Matthieu;16;18;18;SKN;65-0221M;185
Matthieu;16;18;18;VGR;60-0911E;10
Matthieu;16;18;18;VGR;60-0911E;72
Matthieu;16;18;18;VGR;60-1204M;128
Matthieu;16;18;18;VGR;60-1210;124
Matthieu;16;18;18;VGR;65-0221M;267
Matthieu;16;19;19;SKN;62-0318E;1
Matthieu;16;19;19;VGR;62-0318M;403
Matthieu;16;25;25;SKN;56-0513;1
Matthieu;16;25;25;VGR;56-0513;46
Matthieu;17;0;0;SKN;60-1204E;69
Matthieu;17;0;0;SKN;60-1204E;100
Matthieu;17;0;0;SKN;60-1204E;158
Matthieu;17;0;0;SKN;60-1218;378
Matthieu;17;0;0;SKN;61-0101;135
Matthieu;17;0;0;SKN;61-0108;281
Matthieu;17;0;0;SKN;61-0319;84
Matthieu;17;0;0;VGR;60-1204E;63
Matthieu;17;0;0;VGR;60-1204E;93
Matthieu;17;0;0;VGR;60-1204E;226
Matthieu;17;0;0;VGR;60-1204E;227
Matthieu;17;0;0;VGR;60-1218;378
Matthieu;17;0;0;VGR;61-0101;129
Matthieu;17;0;0;VGR;61-0108;275
Matthieu;17;0;0;VGR;61-0319;87
Matthieu;17;2;2;SKN;60-1218;378
Matthieu;17;4;4;SKN;64-0719E;41
Matthieu;17;4;4;VGR;64-0719E;41
Matthieu;17;9;9;SKN;60-1211E;65
Matthieu;17;9;9;VGR;60-1211E;65
Matthieu;17;10;10;SKN;60-1211E;65
Matthieu;17;10;10;VGR;60-1211E;65
Matthieu;18;10;10;SKN;61-0112;312
Matthieu;18;10;10;SKN;61-0112;316
Matthieu;18;10;10;VGR;61-0112;312
Matthieu;18;10;10;VGR;61-0112;316
Matthieu;18;16;16;SKN;65-1204;166
Matthieu;18;16;16;VGR;65-1204;166
Matthieu;19;9;9;SKN;59-0628E;184
Matthieu;19;9;9;SKN;59-0628E;185
Matthieu;19;9;9;VGR;59-0628E;183
Matthieu;19;9;9;VGR;59-0628E;184
Matthieu;19;18;18;SKN;55-0113;48
Matthieu;19;28;28;SKN;61-0101;288
Matthieu;19;28;28;SKN;64-0802;177
Matthieu;19;28;28;VGR;61-0101;282
Matthieu;19;28;28;VGR;64-0802;177
Matthieu;20;0;0;SKN;57-0901E;152
Matthieu;20;0;0;SKN;65-1205;108
Matthieu;21;0;0;SKN;59-1122;10
Matthieu;21;0;0;SKN;60-1211M;151
Matthieu;21;0;0;SKN;61-0108;367
Matthieu;21;0;0;VGR;60-1211M;145
Matthieu;21;0;0;VGR;61-0108;359
Matthieu;21;1;1;VGR;65-0725E;28
Matthieu;21;1;11;SKN;65-0725E;28
Matthieu;22;0;0;SKN;56-1004;14
Matthieu;22;0;0;SKN;63-0630E;33
Matthieu;22;0;0;SKN;63-0630E;34
Matthieu;22;0;0;VGR;63-0630E;34
Matthieu;22;1;1;VGR;63-0630E;33
Matthieu;22;11;11;SKN;63-0324M;323
Matthieu;22;11;11;VGR;63-0324M;323
Matthieu;22;20;20;SKN;63-0623E;60
Matthieu;22;20;20;VGR;63-0623E;60
Matthieu;23;0;0;SKN;63-1110M;244
Matthieu;23;0;0;SKN;63-1110M;245
Matthieu;23;0;0;VGR;63-1110M;244
Matthieu;23;0;0;VGR;63-1110M;245
Matthieu;23;7;7;SKN;63-1110M;243
Matthieu;23;7;7;VGR;63-1110M;243
Matthieu;24;0;0;SKN;51-0722A;11
Matthieu;24;0;0;SKN;51-0727;15
Matthieu;24;0;0;SKN;53-0325;31
Matthieu;24;0;0;SKN;53-0612;10
Matthieu;24;0;0;SKN;53-0729;241
Matthieu;24;0;0;SKN;53-0729;281
Matthieu;24;0;0;SKN;55-0311;24
Matthieu;24;0;0;SKN;57-0420;34
Matthieu;24;0;0;SKN;57-0804A;49
Matthieu;24;0;0;SKN;57-0804E;18
Matthieu;24;0;0;SKN;57-0821;112
Matthieu;24;0;0;SKN;57-1002;516
Matthieu;24;0;0;SKN;57-1002;517
Matthieu;24;0;0;SKN;57-1211;32
Matthieu;24;0;0;SKN;57-1211;33
Matthieu;24;0;0;SKN;60-1204E;48
Matthieu;24;0;0;SKN;60-1211M;67
Matthieu;24;0;0;SKN;60-1211M;68
Matthieu;24;0;0;SKN;60-1211M;164
Matthieu;24;0;0;SKN;61-0117;57
Matthieu;24;0;0;SKN;61-0216;50
Matthieu;24;0;0;SKN;61-0723E;108
Matthieu;24;0;0;SKN;61-0730E;54
Matthieu;24;0;0;SKN;61-0730M;107
Matthieu;24;0;0;SKN;61-0730M;145
Matthieu;24;0;0;SKN;61-0806;180
Matthieu;24;0;0;SKN;61-0806;182
Matthieu;24;0;0;SKN;62-0311;119
Matthieu;24;0;0;SKN;62-0318E;1
Matthieu;24;0;0;SKN;62-0318M;28
Matthieu;24;0;0;SKN;62-0319;88
Matthieu;24;0;0;SKN;62-0407;46
Matthieu;24;0;0;SKN;62-0407;51
Matthieu;24;0;0;SKN;62-0407;73
Matthieu;24;0;0;SKN;62-0407;110
Matthieu;24;0;0;SKN;62-0603;30
Matthieu;24;0;0;SKN;63-0116;127
Matthieu;24;0;0;SKN;63-0318;135
Matthieu;24;0;0;SKN;63-0319;231
Matthieu;24;0;0;SKN;63-0323;141
Matthieu;24;0;0;SKN;63-0323;158
Matthieu;24;0;0;SKN;63-0323;166
Matthieu;24;0;0;SKN;63-0323;169
Matthieu;24;0;0;SKN;63-0323;185
Matthieu;24;0;0;SKN;63-0323;278
Matthieu;24;0;0;SKN;63-0323;423
Matthieu;24;0;0;SKN;63-0324E;390
Matthieu;24;0;0;SKN;63-0324E;396
Matthieu;24;0;0;SKN;63-0324M;69
Matthieu;24;0;0;SKN;63-0421;54
Matthieu;24;0;0;SKN;63-0623E;52
Matthieu;24;0;0;SKN;63-0628E;30
Matthieu;24;0;0;SKN;63-0728;565
Matthieu;24;0;0;SKN;63-1110E;42
Matthieu;24;0;0;SKN;63-1229M;249
Matthieu;24;0;0;SKN;64-0125;135
Matthieu;24;0;0;SKN;64-0313;85
Matthieu;24;0;0;SKN;64-0320;8
Matthieu;24;0;0;SKN;64-0823E;142
Matthieu;24;0;0;SKN;65-0124;74
Matthieu;24;0;0;SKN;65-0124;75
Matthieu;24;0;0;SKN;65-0219;132
Matthieu;24;0;0;SKN;65-0219;149
Matthieu;24;0;0;SKN;65-0725M;23
Matthieu;24;0;0;SKN;65-0725M;44
Matthieu;24;0;0;SKN;65-0725M;168
Matthieu;24;0;0;SKN;65-0801M;34
Matthieu;24;0;0;SKN;65-0829;13
Matthieu;24;0;0;VGR;53-0729;241
Matthieu;24;0;0;VGR;53-0729;281
Matthieu;24;0;0;VGR;57-0821;112
Matthieu;24;0;0;VGR;57-1002;516
Matthieu;24;0;0;VGR;57-1002;517
Matthieu;24;0;0;VGR;60-1204E;42
Matthieu;24;0;0;VGR;60-1211M;64
Matthieu;24;0;0;VGR;60-1211M;65
Matthieu;24;0;0;VGR;60-1211M;158
Matthieu;24;0;0;VGR;61-0723E;108
Matthieu;24;0;0;VGR;61-0730E;54
Matthieu;24;0;0;VGR;61-0730M;107
Matthieu;24;0;0;VGR;61-0730M;145
Matthieu;24;0;0;VGR;61-0806;180
Matthieu;24;0;0;VGR;61-0806;182
Matthieu;24;0;0;VGR;62-0311;140
Matthieu;24;0;0;VGR;62-0318M;85
Matthieu;24;0;0;VGR;62-0318M;349
Matthieu;24;0;0;VGR;62-0318M;436
Matthieu;24;0;0;VGR;63-0116;129
Matthieu;24;0;0;VGR;63-0318;135
Matthieu;24;0;0;VGR;63-0319;231
Matthieu;24;0;0;VGR;63-0323;141
Matthieu;24;0;0;VGR;63-0323;158
Matthieu;24;0;0;VGR;63-0323;166
Matthieu;24;0;0;VGR;63-0323;169
Matthieu;24;0;0;VGR;63-0323;185
Matthieu;24;0;0;VGR;63-0323;278
Matthieu;24;0;0;VGR;63-0323;423
Matthieu;24;0;0;VGR;63-0324E;392
Matthieu;24;0;0;VGR;63-0324E;398
Matthieu;24;0;0;VGR;63-0324M;69
Matthieu;24;0;0;VGR;63-0421;98
Matthieu;24;0;0;VGR;63-0623E;52
Matthieu;24;0;0;VGR;63-0728;565
Matthieu;24;0;0;VGR;63-1110E;190
Matthieu;24;0;0;VGR;63-1229M;249
Matthieu;24;0;0;VGR;64-0125;135
Matthieu;24;0;0;VGR;64-0313;151
Matthieu;24;0;0;VGR;64-0320;23
Matthieu;24;0;0;VGR;64-0823E;142
Matthieu;24;0;0;VGR;65-0124;102
Matthieu;24;0;0;VGR;65-0124;104
Matthieu;24;0;0;VGR;65-0219;132
Matthieu;24;0;0;VGR;65-0219;149
Matthieu;24;0;0;VGR;65-0725M;23
Matthieu;24;0;0;VGR;65-0725M;44
Matthieu;24;0;0;VGR;65-0725M;168
Matthieu;24;0;0;VGR;65-0801M;34
Matthieu;24;0;0;VGR;65-0829;16
Matthieu;24;6;6;SKN;63-0323;160
Matthieu;24;6;6;VGR;63-0323;160
Matthieu;24;7;7;SKN;63-0323;163
Matthieu;24;7;7;SKN;63-0323;172
Matthieu;24;7;7;VGR;63-0323;163
Matthieu;24;7;7;VGR;63-0323;172
Matthieu;24;9;13;SKN;63-0323;175
Matthieu;24;9;13;VGR;63-0323;175
Matthieu;24;15;15;SKN;61-0730M;109
Matthieu;24;15;15;VGR;61-0730M;109
Matthieu;24;19;19;SKN;64-0823M;32
Matthieu;24;19;19;SKN;64-0823M;33
Matthieu;24;19;19;VGR;64-0823M;32
Matthieu;24;19;19;VGR;64-0823M;33
Matthieu;24;22;22;VGR;65-1204;114
Matthieu;24;22;24;SKN;65-1204;114
Matthieu;24;24;24;SKN;60-1211M;164
Matthieu;24;24;24;SKN;64-0126;69
Matthieu;24;24;24;SKN;64-0205;78
Matthieu;24;24;24;SKN;64-0214;105
Matthieu;24;24;24;SKN;64-0531;36
Matthieu;24;24;24;SKN;64-0614E;65
Matthieu;24;24;24;SKN;64-0614M;169
Matthieu;24;24;24;SKN;64-0705;126
Matthieu;24;24;24;SKN;64-0816;212
Matthieu;24;24;24;SKN;64-0823M;40
Matthieu;24;24;24;SKN;64-1212;238
Matthieu;24;24;24;SKN;64-1212;310
Matthieu;24;24;24;SKN;64-1212;347
Matthieu;24;24;24;SKN;64-1221;255
Matthieu;24;24;24;SKN;65-0118;6
Matthieu;24;24;24;SKN;65-0118;52
Matthieu;24;24;24;SKN;65-0124;128
Matthieu;24;24;24;SKN;65-0218;89
Matthieu;24;24;24;SKN;65-0725M;46
Matthieu;24;24;24;SKN;65-0725M;49
Matthieu;24;24;24;SKN;65-0725M;70
Matthieu;24;24;24;SKN;65-0725M;156
Matthieu;24;24;24;SKN;65-0725M;192
Matthieu;24;24;24;SKN;65-0725M;212
Matthieu;24;24;24;SKN;65-0725M;230
Matthieu;24;24;24;SKN;65-0725M;231
Matthieu;24;24;24;SKN;65-0725M;255
Matthieu;24;24;24;SKN;65-0725M;256
Matthieu;24;24;24;SKN;65-0725M;257
Matthieu;24;24;24;SKN;65-0725M;258
Matthieu;24;24;24;SKN;65-0725M;262
Matthieu;24;24;24;SKN;65-0822E;151
Matthieu;24;24;24;SKN;65-0829;46
Matthieu;24;24;24;SKN;65-0911;69
Matthieu;24;24;24;SKN;65-0919;109
Matthieu;24;24;24;SKN;65-1031M;135
Matthieu;24;24;24;SKN;65-1125;142
Matthieu;24;24;24;SKN;65-1206;125
Matthieu;24;24;24;SKN;65-1207;38
Matthieu;24;24;24;VGR;54-0514;90
Matthieu;24;24;24;VGR;60-1211M;158
Matthieu;24;24;24;VGR;64-0126;69
Matthieu;24;24;24;VGR;64-0614E;65
Matthieu;24;24;24;VGR;64-0614M;169
Matthieu;24;24;24;VGR;64-0705;126
Matthieu;24;24;24;VGR;64-0816;212
Matthieu;24;24;24;VGR;64-0823M;40
Matthieu;24;24;24;VGR;64-1221;255
Matthieu;24;24;24;VGR;65-0118;6
Matthieu;24;24;24;VGR;65-0118;52
Matthieu;24;24;24;VGR;65-0124;192
Matthieu;24;24;24;VGR;65-0218;89
Matthieu;24;24;24;VGR;65-0725M;46
Matthieu;24;24;24;VGR;65-0725M;49
Matthieu;24;24;24;VGR;65-0725M;71
Matthieu;24;24;24;VGR;65-0725M;156
Matthieu;24;24;24;VGR;65-0725M;192
Matthieu;24;24;24;VGR;65-0725M;212
Matthieu;24;24;24;VGR;65-0725M;230
Matthieu;24;24;24;VGR;65-0725M;231
Matthieu;24;24;24;VGR;65-0725M;255
Matthieu;24;24;24;VGR;65-0725M;256
Matthieu;24;24;24;VGR;65-0725M;257
Matthieu;24;24;24;VGR;65-0725M;258
Matthieu;24;24;24;VGR;65-0725M;262
Matthieu;24;24;24;VGR;65-0822E;151
Matthieu;24;24;24;VGR;65-0829;76
Matthieu;24;24;24;VGR;65-0911;103
Matthieu;24;24;24;VGR;65-0919;109
Matthieu;24;24;24;VGR;65-1031M;135
Matthieu;24;24;24;VGR;65-1125;189
Matthieu;24;24;24;VGR;65-1206;125
Matthieu;24;24;24;VGR;65-1207;140
Matthieu;24;26;26;SKN;64-0823M;51
Matthieu;24;26;26;VGR;64-0823M;51
Matthieu;24;28;28;SKN;64-0823M;52
Matthieu;24;28;28;SKN;64-0830E;123
Matthieu;24;28;28;SKN;65-0725M;212
Matthieu;24;28;28;VGR;64-0823M;52
Matthieu;24;28;28;VGR;64-0830E;123
Matthieu;24;28;28;VGR;65-0725M;212
Matthieu;24;29;29;SKN;53-0729;240
Matthieu;24;29;29;SKN;63-0323;180
Matthieu;24;29;29;SKN;63-0323;184
Matthieu;24;29;29;VGR;53-0729;240
Matthieu;24;29;29;VGR;63-0323;180
Matthieu;24;29;29;VGR;63-0323;184
Matthieu;24;31;31;SKN;63-0324E;396
Matthieu;24;31;31;VGR;63-0324E;398
Matthieu;24;35;35;SKN;60-0724;27
Matthieu;24;35;35;SKN;60-1218;227
Matthieu;24;35;35;SKN;60-1218;233
Matthieu;24;35;35;SKN;61-0423;14
Matthieu;24;35;35;SKN;62-0318M;28
Matthieu;24;35;35;SKN;63-0114;76
Matthieu;24;35;35;VGR;60-1218;227
Matthieu;24;35;35;VGR;60-1218;233
Matthieu;24;35;35;VGR;62-0318M;85
Matthieu;24;35;35;VGR;62-0318M;331
Matthieu;24;35;35;VGR;63-0114;76
Matthieu;25;0;0;SKN;60-1204E;3
Matthieu;25;0;0;SKN;63-0324M;41
Matthieu;25;0;0;VGR;60-1204E;3
Matthieu;25;0;0;VGR;63-0324M;41
Matthieu;25;1;1;SKN;59-0628E;103
Matthieu;25;1;1;VGR;59-0628E;103
Matthieu;25;4;4;SKN;63-0320;305
Matthieu;25;4;4;VGR;63-0320;305
Matthieu;25;33;33;SKN;60-1204E;3
Matthieu;25;33;33;VGR;60-1204E;3
Matthieu;25;46;46;SKN;57-0925;17
Matthieu;25;46;46;SKN;57-0925;24
Matthieu;25;46;46;SKN;57-0925;25
Matthieu;25;46;46;VGR;57-0925;17
Matthieu;25;46;46;VGR;57-0925;24
Matthieu;25;46;46;VGR;57-0925;25
Matthieu;26;26;26;SKN;57-0915E;65
Matthieu;26;26;26;VGR;57-0915E;65
Matthieu;27;0;0;SKN;53-0326;76
Matthieu;27;0;0;SKN;53-0507;20
Matthieu;27;0;0;SKN;53-0606;10
Matthieu;27;0;0;SKN;53-0609A;209
Matthieu;27;0;0;SKN;54-0811;47
Matthieu;27;0;0;SKN;54-1204;69
Matthieu;27;0;0;SKN;55-1005;26
Matthieu;27;0;0;SKN;55-1118;47
Matthieu;27;0;0;SKN;56-0615;16
Matthieu;27;0;0;SKN;56-1209E;27
Matthieu;27;0;0;SKN;57-0420;99
Matthieu;27;0;0;SKN;57-1002;418
Matthieu;27;0;0;SKN;58-0325;39
Matthieu;27;0;0;SKN;60-0925;17
Matthieu;27;0;0;SKN;62-0422;86
Matthieu;27;0;0;SKN;63-0323;312
Matthieu;27;0;0;SKN;63-1124M;39
Matthieu;27;0;0;SKN;64-0403;144
Matthieu;27;0;0;SKN;65-0410;178
Matthieu;27;0;0;SKN;65-0425;180
Matthieu;27;0;0;VGR;53-0609A;209
Matthieu;27;0;0;VGR;57-0420;99
Matthieu;27;0;0;VGR;57-1002;418
Matthieu;27;0;0;VGR;60-0925;32
Matthieu;27;0;0;VGR;62-0422;125
Matthieu;27;0;0;VGR;63-0323;312
Matthieu;27;0;0;VGR;63-1124M;39
Matthieu;27;0;0;VGR;64-0403;187
Matthieu;27;0;0;VGR;65-0425;180
Matthieu;27;15;15;VGR;65-0801M;71
Matthieu;27;15;23;SKN;65-0801M;71
Matthieu;27;51;51;SKN;65-0410;175
Matthieu;27;51;51;SKN;65-0418M;281
Matthieu;27;51;51;SKN;65-0418M;290
Matthieu;27;51;51;VGR;65-0410;208
Matthieu;27;51;51;VGR;65-0418M;281
Matthieu;28;0;0;SKN;54-0515;277
Matthieu;28;0;0;SKN;57-0901E;157
Matthieu;28;0;0;SKN;57-0925;129
Matthieu;28;0;0;SKN;60-0417S;12
Matthieu;28;0;0;SKN;61-0425B;175
Matthieu;28;0;0;SKN;61-0611;78
Matthieu;28;0;0;SKN;62-0607;79
Matthieu;28;0;0;SKN;62-0701;116
Matthieu;28;0;0;SKN;62-0701;121
Matthieu;28;0;0;SKN;64-0126;57
Matthieu;28;0;0;SKN;64-0126;128
Matthieu;28;0;0;SKN;64-0614M;302
Matthieu;28;0;0;VGR;54-0515;277
Matthieu;28;0;0;VGR;57-0925;129
Matthieu;28;0;0;VGR;60-0417S;12
Matthieu;28;0;0;VGR;61-0425B;175
Matthieu;28;0;0;VGR;61-0611;77
Matthieu;28;0;0;VGR;64-0126;57
Matthieu;28;0;0;VGR;64-0126;128
Matthieu;28;0;0;VGR;64-0614M;302
Matthieu;28;0;0;VGR;65-0426;173
Matthieu;28;1;1;VGR;65-0410;21
Matthieu;28;1;10;SKN;65-0410;14
Matthieu;28;1;10;VGR;65-0410;21
Matthieu;28;16;16;SKN;63-0724;19
Matthieu;28;16;16;VGR;63-0724;19
Matthieu;28;18;18;SKN;55-0113;48
Matthieu;28;18;18;SKN;57-0825E;121
Matthieu;28;18;18;SKN;62-0318E;1
Matthieu;28;18;18;VGR;57-0825E;121
Matthieu;28;18;18;VGR;62-0318M;403
Matthieu;28;18;19;SKN;65-0418M;53
Matthieu;28;19;19;SKN;54-0515;169
Matthieu;28;19;19;SKN;54-0515;176
Matthieu;28;19;19;SKN;54-0515;181
Matthieu;28;19;19;SKN;54-0515;198
Matthieu;28;19;19;SKN;57-0825E;150
Matthieu;28;19;19;SKN;57-0925;103
Matthieu;28;19;19;SKN;57-0925;105
Matthieu;28;19;19;SKN;57-0925;107
Matthieu;28;19;19;SKN;57-0925;114
Matthieu;28;19;19;SKN;57-0925;146
Matthieu;28;19;19;SKN;57-0925;176
Matthieu;28;19;19;SKN;58-0928M;109
Matthieu;28;19;19;SKN;58-0928M;128
Matthieu;28;19;19;SKN;59-0329M;36
Matthieu;28;19;19;SKN;59-0329M;39
Matthieu;28;19;19;SKN;59-0628E;142
Matthieu;28;19;19;SKN;59-0628E;150
Matthieu;28;19;19;SKN;59-0823;126
Matthieu;28;19;19;SKN;60-0522M;214
Matthieu;28;19;19;SKN;60-1204M;294
Matthieu;28;19;19;SKN;60-1207;273
Matthieu;28;19;19;SKN;60-1210;139
Matthieu;28;19;19;SKN;61-0108;183
Matthieu;28;19;19;SKN;61-0108;334
Matthieu;28;19;19;SKN;61-0108;337
Matthieu;28;19;19;SKN;61-0112;224
Matthieu;28;19;19;SKN;61-0425B;161
Matthieu;28;19;19;SKN;61-0425B;163
Matthieu;28;19;19;SKN;61-0425B;183
Matthieu;28;19;19;SKN;61-0425B;188
Matthieu;28;19;19;SKN;61-0425B;195
Matthieu;28;19;19;SKN;61-0425B;208
Matthieu;28;19;19;SKN;61-0618;226
Matthieu;28;19;19;SKN;61-0723E;37
Matthieu;28;19;19;SKN;61-0723E;40
Matthieu;28;19;19;SKN;61-1015M;40
Matthieu;28;19;19;SKN;62-0318E;1
Matthieu;28;19;19;SKN;62-0318M;28
Matthieu;28;19;19;SKN;62-0401;167
Matthieu;28;19;19;SKN;63-0318;212
Matthieu;28;19;19;SKN;63-0322;80
Matthieu;28;19;19;SKN;63-0324M;148
Matthieu;28;19;19;SKN;63-0324M;151
Matthieu;28;19;19;SKN;65-0221M;183
Matthieu;28;19;19;SKN;65-0221M;184
Matthieu;28;19;19;SKN;65-0418E;145
Matthieu;28;19;19;VGR;54-0515;169
Matthieu;28;19;19;VGR;54-0515;176
Matthieu;28;19;19;VGR;54-0515;181
Matthieu;28;19;19;VGR;54-0515;198
Matthieu;28;19;19;VGR;57-0825E;203
Matthieu;28;19;19;VGR;57-0925;103
Matthieu;28;19;19;VGR;57-0925;105
Matthieu;28;19;19;VGR;57-0925;107
Matthieu;28;19;19;VGR;57-0925;114
Matthieu;28;19;19;VGR;57-0925;146
Matthieu;28;19;19;VGR;57-0925;176
Matthieu;28;19;19;VGR;59-0329M;46
Matthieu;28;19;19;VGR;59-0329M;49
Matthieu;28;19;19;VGR;59-0628E;142
Matthieu;28;19;19;VGR;59-0628E;150
Matthieu;28;19;19;VGR;60-0522M;214
Matthieu;28;19;19;VGR;60-1204M;281
Matthieu;28;19;19;VGR;60-1207;254
Matthieu;28;19;19;VGR;60-1210;167
Matthieu;28;19;19;VGR;60-1210;172
Matthieu;28;19;19;VGR;61-0108;177
Matthieu;28;19;19;VGR;61-0108;329
Matthieu;28;19;19;VGR;61-0108;332
Matthieu;28;19;19;VGR;61-0112;224
Matthieu;28;19;19;VGR;61-0425B;161
Matthieu;28;19;19;VGR;61-0425B;163
Matthieu;28;19;19;VGR;61-0425B;183
Matthieu;28;19;19;VGR;61-0425B;188
Matthieu;28;19;19;VGR;61-0425B;195
Matthieu;28;19;19;VGR;61-0425B;209
Matthieu;28;19;19;VGR;61-0618;223
Matthieu;28;19;19;VGR;61-0723E;37
Matthieu;28;19;19;VGR;61-0723E;40
Matthieu;28;19;19;VGR;61-1015M;40
Matthieu;28;19;19;VGR;62-0318M;68
Matthieu;28;19;19;VGR;62-0318M;403
Matthieu;28;19;19;VGR;63-0318;212
Matthieu;28;19;19;VGR;63-0322;80
Matthieu;28;19;19;VGR;63-0324M;148
Matthieu;28;19;19;VGR;63-0324M;151
Matthieu;28;19;19;VGR;65-0221M;263
Matthieu;28;19;19;VGR;65-0221M;265
Matthieu;28;19;19;VGR;65-0418E;145
Matthieu;28;20;20;SKN;60-0911E;88
Matthieu;28;20;20;SKN;63-1103;197
Matthieu;28;20;20;SKN;63-1110E;42
Matthieu;28;20;20;VGR;60-0911E;88
Matthieu;28;20;20;VGR;63-1103;197
Matthieu;28;20;20;VGR;63-1110E;49
Matthieu;28;20;20;VGR;63-1110E;190
Matthieu;28;28;28;SKN;63-1103;187
Matthieu;28;28;28;VGR;63-1103;187
Michee;1;0;0;SKN;62-1216;21
Michee;5;1;1;SKN;58-1228;27
Michee;5;1;1;VGR;58-1228;27
Nombres;12;6;6;SKN;64-0214;82
Nombres;12;6;6;SKN;64-0313;20
Nombres;12;6;6;SKN;64-0313;44
Nombres;12;6;6;SKN;64-0321E;101
Nombres;12;6;6;SKN;64-0321E;120
Nombres;12;6;6;VGR;64-0313;44
Nombres;12;6;6;VGR;64-0313;77
Nombres;12;6;6;VGR;64-0321E;101
Nombres;12;6;6;VGR;64-0321E;120
Nombres;14;0;0;SKN;62-0610M;37
Nombres;14;41;41;SKN;62-0117;45
Nombres;14;41;45;SKN;62-0610M;39
Nombres;16;0;0;SKN;63-0623M;33
Nombres;16;0;0;VGR;63-0623M;33
Nombres;16;1;1;SKN;62-1111E;41
Nombres;16;1;1;VGR;62-1111E;41
Nombres;16;3;3;SKN;63-0623M;35
Nombres;16;3;3;VGR;63-0623M;35
Nombres;19;0;0;SKN;55-0221;8
Nombres;19;0;0;SKN;60-0709;24
Nombres;19;0;0;SKN;60-0709;33
Nombres;19;0;0;SKN;62-0519;32
Nombres;19;9;9;SKN;65-0822E;19
Nombres;19;9;9;SKN;65-0822E;23
Nombres;19;9;9;VGR;65-0822E;19
Nombres;19;9;9;VGR;65-0822E;23
Nombres;21;0;0;SKN;54-1114;23
Nombres;21;0;0;VGR;54-1114;74
Nombres;22;0;0;SKN;60-1207;202
Nombres;22;0;0;SKN;65-0418E;62
Nombres;22;0;0;VGR;60-1207;199
Nombres;22;31;31;VGR;65-0418E;62
Nombres;23;9;9;SKN;60-1207;238
Nombres;23;9;9;VGR;60-1207;229
Nombres;24;17;17;SKN;63-1229M;92
Nombres;24;17;17;VGR;63-1229M;92
Nombres;25;0;0;SKN;61-1217;164
Nombres;25;0;0;VGR;61-1217;164
Philippiens;1;0;0;SKN;63-1201M;22
Philippiens;1;0;0;VGR;63-1201M;22
Philippiens;1;20;20;SKN;62-1230M;38
Philippiens;1;20;20;VGR;62-1230M;54
Philippiens;2;0;0;SKN;64-0614M;19
Philippiens;2;0;0;SKN;64-0629;20
Philippiens;2;0;0;VGR;64-0614M;19
Philippiens;2;0;0;VGR;64-0629;20
Philippiens;2;5;5;SKN;63-0123;32
Philippiens;2;5;5;VGR;63-0123;32
Proverbes;2;0;0;SKN;65-0120;25
Proverbes;2;0;0;VGR;65-0120;28
Proverbes;3;0;0;SKN;65-0120;25
Proverbes;3;0;0;VGR;65-0120;29
Proverbes;3;1;1;SKN;65-0120;25
Proverbes;3;1;1;VGR;65-0120;29
Proverbes;3;5;5;SKN;65-0801M;131
Proverbes;3;5;5;VGR;65-0801M;131
Proverbes;5;3;3;SKN;62-0211;69
Proverbes;18;10;10;SKN;62-0513E;25
Proverbes;18;10;10;SKN;62-0609E;9
Psaumes;1;0;0;SKN;55-0731;37
Psaumes;1;0;0;SKN;56-1004;7
Psaumes;1;0;0;SKN;57-0308;9
Psaumes;1;0;0;SKN;57-0414;76
Psaumes;1;0;0;SKN;59-0920;8
Psaumes;1;0;0;SKN;62-0401;228
Psaumes;1;0;0;SKN;62-0422;102
Psaumes;1;0;0;SKN;62-0422;109
Psaumes;1;0;0;SKN;62-0706;54
Psaumes;1;0;0;SKN;62-1014M;139
Psaumes;1;0;0;SKN;63-0728;427
Psaumes;1;0;0;VGR;59-0920;54
Psaumes;1;0;0;VGR;62-0422;164
Psaumes;1;0;0;VGR;62-1014M;176
Psaumes;1;0;0;VGR;63-0728;427
Psaumes;2;0;0;SKN;55-0807A;41
Psaumes;8;4;4;SKN;57-0825E;119
Psaumes;8;46;46;VGR;57-0825E;119
Psaumes;14;1;1;SKN;65-0911;120
Psaumes;14;1;1;SKN;65-1031M;240
Psaumes;14;1;1;VGR;65-0911;175
Psaumes;14;1;1;VGR;65-1031M;240
Psaumes;16;0;0;SKN;57-1002;376
Psaumes;16;0;0;SKN;62-0621B;47
Psaumes;16;0;0;SKN;62-0909E;76
Psaumes;16;0;0;VGR;62-0909E;74
Psaumes;16;8;8;SKN;62-0909E;74
Psaumes;16;8;8;VGR;62-0909E;72
Psaumes;16;8;8;VGR;63-0321;99
Psaumes;16;8;11;SKN;63-0321;99
Psaumes;16;10;10;SKN;57-1002;408
Psaumes;16;10;10;SKN;65-0801E;122
Psaumes;16;10;10;SKN;65-0911;173
Psaumes;16;10;10;SKN;65-1206;282
Psaumes;16;10;10;VGR;57-1002;376
Psaumes;16;10;10;VGR;57-1002;408
Psaumes;16;10;10;VGR;65-0801E;122
Psaumes;16;10;10;VGR;65-0911;253
Psaumes;16;10;10;VGR;65-1206;282
Psaumes;22;0;0;SKN;55-0123A;5
Psaumes;22;0;0;SKN;57-0420;58
Psaumes;22;0;0;SKN;59-0329S;7
Psaumes;22;0;0;SKN;59-0329S;9
Psaumes;22;0;0;SKN;59-0403;9
Psaumes;22;0;0;SKN;59-1115;67
Psaumes;22;0;0;SKN;60-0308;72
Psaumes;22;0;0;SKN;60-0723;55
Psaumes;22;0;0;SKN;61-0124;77
Psaumes;22;0;0;SKN;61-1105;105
Psaumes;22;0;0;SKN;61-1119;320
Psaumes;22;0;0;SKN;62-1123;53
Psaumes;22;0;0;SKN;63-0728;113
Psaumes;22;0;0;SKN;63-1124E;109
Psaumes;22;0;0;SKN;63-1229M;147
Psaumes;22;0;0;SKN;64-0312;92
Psaumes;22;0;0;SKN;65-0217;34
Psaumes;22;0;0;SKN;65-0725E;85
Psaumes;22;0;0;SKN;65-0801E;122
Psaumes;22;0;0;SKN;65-1127B;315
Psaumes;22;0;0;SKN;65-1204;63
Psaumes;22;0;0;SKN;65-1206;167
Psaumes;22;0;0;SKN;65-1206;282
Psaumes;22;0;0;VGR;57-0420;58
Psaumes;22;0;0;VGR;59-0329S;7
Psaumes;22;0;0;VGR;59-0329S;9
Psaumes;22;0;0;VGR;60-0308;72
Psaumes;22;0;0;VGR;61-1119;320
Psaumes;22;0;0;VGR;63-0728;113
Psaumes;22;0;0;VGR;63-1124E;157
Psaumes;22;0;0;VGR;63-1229M;147
Psaumes;22;0;0;VGR;65-0217;34
Psaumes;22;0;0;VGR;65-0725E;85
Psaumes;22;0;0;VGR;65-0801E;122
Psaumes;22;0;0;VGR;65-1127B;315
Psaumes;22;0;0;VGR;65-1204;63
Psaumes;22;0;0;VGR;65-1206;167
Psaumes;22;0;0;VGR;65-1206;282
Psaumes;22;7;7;SKN;65-0801E;122
Psaumes;22;7;7;SKN;65-1206;282
Psaumes;22;7;7;VGR;65-0801E;122
Psaumes;22;7;7;VGR;65-1206;282
Psaumes;22;18;18;SKN;65-0801E;122
Psaumes;22;18;18;SKN;65-1206;282
Psaumes;22;18;18;VGR;65-0801E;122
Psaumes;22;18;18;VGR;65-1206;282
Psaumes;23;0;0;SKN;54-1203;16
Psaumes;23;0;0;SKN;55-0115;16
Psaumes;23;0;0;SKN;55-0223;20
Psaumes;23;0;0;SKN;56-0311A;13
Psaumes;23;0;0;SKN;56-0610;1
Psaumes;23;0;0;SKN;56-0621;17
Psaumes;23;0;0;SKN;57-1006;833
Psaumes;23;0;0;SKN;60-0308;37
Psaumes;23;0;0;SKN;63-1128M;5
Psaumes;23;0;0;SKN;63-1214;114
Psaumes;23;0;0;SKN;65-1206;167
Psaumes;23;0;0;VGR;56-0610;64
Psaumes;23;0;0;VGR;57-1006;833
Psaumes;23;0;0;VGR;60-0308;37
Psaumes;23;0;0;VGR;63-1214;114
Psaumes;23;0;0;VGR;64-0823M;48
Psaumes;23;0;0;VGR;65-1206;167
Psaumes;25;0;0;SKN;65-1204;29
Psaumes;25;0;0;VGR;65-1204;29
Psaumes;27;0;0;SKN;65-1204;14
Psaumes;27;0;0;SKN;65-1204;29
Psaumes;27;0;0;VGR;65-1204;14
Psaumes;27;0;0;VGR;65-1204;29
Psaumes;32;0;0;SKN;58-0225;1
Psaumes;32;0;0;VGR;58-0225;2
Psaumes;35;11;11;SKN;65-0801E;122
Psaumes;35;11;11;SKN;65-1206;282
Psaumes;35;11;11;VGR;65-0801E;122
Psaumes;35;11;11;VGR;65-1206;282
Psaumes;36;9;9;SKN;64-0726E;112
Psaumes;36;9;9;SKN;65-0123;186
Psaumes;36;9;9;VGR;64-0726E;112
Psaumes;36;9;9;VGR;65-0123;188
Psaumes;41;9;9;SKN;65-0801E;122
Psaumes;41;9;9;SKN;65-1206;282
Psaumes;41;9;9;VGR;65-0801E;122
Psaumes;41;9;9;VGR;65-1206;282
Psaumes;42;0;0;SKN;65-0919;17
Psaumes;42;0;0;SKN;65-0919;20
Psaumes;42;0;0;SKN;65-0919;202
Psaumes;42;0;0;VGR;65-0919;17
Psaumes;42;0;0;VGR;65-0919;20
Psaumes;42;0;0;VGR;65-0919;202
Psaumes;42;1;1;SKN;58-0228;34
Psaumes;42;7;7;SKN;58-0301B;70
Psaumes;42;7;7;SKN;65-0919;210
Psaumes;42;7;7;VGR;65-0919;210
Psaumes;46;0;0;SKN;55-0120;17
Psaumes;46;0;0;SKN;55-0120;18
Psaumes;46;1;1;SKN;59-0814;14
Psaumes;47;0;0;SKN;55-0118;27
Psaumes;47;0;0;SKN;57-0630;36
Psaumes;47;0;0;SKN;57-0728;39
Psaumes;47;0;0;SKN;57-0811A;43
Psaumes;53;0;0;SKN;65-1128E;32
Psaumes;53;0;0;VGR;65-1128E;32
Psaumes;55;0;0;SKN;65-1128E;30
Psaumes;55;0;0;SKN;65-1128E;32
Psaumes;55;0;0;VGR;65-1128E;30
Psaumes;55;0;0;VGR;65-1128E;32
Psaumes;60;0;0;SKN;64-0112;29
Psaumes;60;0;0;VGR;64-0112;29
Psaumes;62;0;0;SKN;64-0112;31
Psaumes;62;0;0;SKN;64-0112;144
Psaumes;62;0;0;VGR;64-0112;144
Psaumes;62;1;1;VGR;64-0112;31
Psaumes;62;1;8;SKN;64-0119;5
Psaumes;63;0;0;SKN;57-0602;16
Psaumes;63;0;0;SKN;57-0613E;8
Psaumes;63;0;0;SKN;57-0630;7
Psaumes;63;0;0;SKN;57-0728;28
Psaumes;63;0;0;SKN;58-0228;7
Psaumes;63;0;0;SKN;58-0512;5
Psaumes;63;0;0;SKN;58-0519;32
Psaumes;63;0;0;SKN;58-0611;14
Psaumes;63;0;0;SKN;59-0414;8
Psaumes;63;0;0;SKN;59-0613;18
Psaumes;63;0;0;SKN;60-0304;50
Psaumes;63;0;0;SKN;60-1127E;53
Psaumes;64;0;0;SKN;55-0120;17
Psaumes;64;0;0;SKN;55-0120;18
Psaumes;65;0;0;SKN;55-0123A;4
Psaumes;65;0;0;SKN;55-0123A;6
Psaumes;70;0;0;SKN;54-1114;14
Psaumes;70;0;0;VGR;54-1114;45
Psaumes;72;0;0;SKN;52-0810A;24
Psaumes;80;0;0;SKN;59-0920;8
Psaumes;80;0;0;VGR;59-0920;26
Psaumes;80;7;7;SKN;59-0920;8
Psaumes;80;7;7;VGR;59-0920;44
Psaumes;86;0;0;SKN;63-0818;29
Psaumes;86;0;0;SKN;63-0818;31
Psaumes;86;0;0;VGR;63-0818;29
Psaumes;86;0;0;VGR;63-0818;31
Psaumes;89;0;0;SKN;62-1223;48
Psaumes;89;0;0;VGR;62-1223;68
Psaumes;99;0;0;SKN;61-0730M;10
Psaumes;99;0;0;SKN;61-0730M;12
Psaumes;99;0;0;SKN;61-0730M;23
Psaumes;99;0;0;VGR;61-0730M;10
Psaumes;99;0;0;VGR;61-0730M;12
Psaumes;99;1;9;SKN;61-0730M;23
Psaumes;99;1;9;VGR;61-0730M;23
Psaumes;99;99;99;VGR;61-0730M;23
Psaumes;100;0;0;SKN;57-0811A;20
Psaumes;100;0;0;SKN;62-1104E;36
Psaumes;100;0;0;VGR;62-1104E;100
Psaumes;103;0;0;SKN;50-0100;21
Psaumes;103;0;0;SKN;56-0612;21
Psaumes;103;0;0;SKN;59-0707;3
Psaumes;103;0;0;SKN;59-1220M;62
Psaumes;103;0;0;SKN;60-0109;6
Psaumes;103;0;0;SKN;61-0125;45
Psaumes;103;0;0;VGR;50-0100;21
Psaumes;103;1;1;SKN;53-0608A;12
Psaumes;103;1;1;VGR;53-0608A;12
Psaumes;103;1;3;SKN;54-0719A;13
Psaumes;103;1;9;SKN;63-1103;192
Psaumes;103;1;9;VGR;63-1103;192
Psaumes;103;3;3;SKN;51-0727;45
Psaumes;103;3;3;SKN;51-0923;24
Psaumes;103;3;3;SKN;52-0224;138
Psaumes;103;3;3;SKN;52-0809;16
Psaumes;103;3;3;SKN;53-0328;52
Psaumes;103;3;3;SKN;54-0221;42
Psaumes;103;3;3;SKN;54-0228E;11
Psaumes;103;3;3;SKN;54-0320;52
Psaumes;103;3;3;SKN;55-0120;68
Psaumes;103;3;3;SKN;55-0220E;7
Psaumes;103;3;3;SKN;56-0212;5
Psaumes;103;3;3;SKN;57-0104;51
Psaumes;103;3;3;SKN;57-0105;13
Psaumes;103;3;3;SKN;57-0114;34
Psaumes;103;3;3;SKN;57-0322;65
Psaumes;103;3;3;SKN;57-0804A;16
Psaumes;103;3;3;SKN;57-1213;64
Psaumes;103;3;3;SKN;58-0126;52
Psaumes;103;3;3;SKN;58-0207;5
Psaumes;103;3;3;SKN;58-0223;12
Psaumes;103;3;3;SKN;58-0312;20
Psaumes;103;3;3;SKN;58-0323;9
Psaumes;103;3;3;SKN;58-0328;94
Psaumes;103;3;3;SKN;58-0523;13
Psaumes;103;3;3;SKN;58-0524;16
Psaumes;103;3;3;SKN;59-0815;60
Psaumes;103;3;3;SKN;60-0729;86
Psaumes;103;3;3;SKN;60-0803;72
Psaumes;103;3;3;SKN;60-1126;33
Psaumes;103;3;3;SKN;61-0128;35
Psaumes;103;3;3;SKN;61-0308;2
Psaumes;103;3;3;VGR;51-0923;64
Psaumes;103;3;3;VGR;52-0224;137
Psaumes;103;23;23;SKN;61-0516A;15
Psaumes;105;0;0;SKN;60-0308;3
Psaumes;105;0;0;SKN;61-1015E;44
Psaumes;105;0;0;VGR;60-0308;3
Psaumes;105;0;0;VGR;61-1015E;44
Psaumes;106;0;0;SKN;61-0723E;158
Psaumes;106;0;0;VGR;61-0723E;158
Psaumes;119;0;0;SKN;59-0610;18
Psaumes;119;0;0;SKN;59-0706;7
Psaumes;119;56;56;SKN;59-0814;14
Psaumes;133;0;0;SKN;59-0408;38
Romains;2;22;22;SKN;60-1211M;186
Romains;2;22;22;VGR;60-1211M;180
Romains;2;29;29;SKN;60-1210;139
Romains;2;29;29;VGR;60-1210;202
Romains;3;0;0;SKN;59-0823;34
Romains;3;4;4;SKN;59-0823;64
Romains;4;0;0;SKN;52-0224;57
Romains;4;0;0;SKN;53-0325;31
Romains;4;0;0;SKN;53-0608E;17
Romains;4;0;0;SKN;55-0608;49
Romains;4;0;0;SKN;56-0223;45
Romains;4;0;0;SKN;56-0224;59
Romains;4;0;0;SKN;56-0613;29
Romains;4;0;0;SKN;56-1208;3
Romains;4;0;0;SKN;57-0810;25
Romains;4;0;0;SKN;59-0628E;45
Romains;4;0;0;SKN;59-1216;41
Romains;4;0;0;SKN;61-0416;27
Romains;4;0;0;SKN;61-0425B;301
Romains;4;0;0;SKN;62-0718;24
Romains;4;0;0;SKN;63-0428;100
Romains;4;0;0;SKN;63-1124E;64
Romains;4;0;0;SKN;64-0404;122
Romains;4;0;0;SKN;65-1126;224
Romains;4;0;0;VGR;52-0224;57
Romains;4;0;0;VGR;59-0628E;45
Romains;4;0;0;VGR;59-1216;41
Romains;4;0;0;VGR;61-0425B;334
Romains;4;0;0;VGR;63-1124E;87
Romains;4;0;0;VGR;64-0404;190
Romains;4;0;0;VGR;65-1126;224
Romains;4;8;8;SKN;59-0628E;184
Romains;4;8;8;VGR;59-0628E;183
Romains;4;25;25;SKN;61-0402;202
Romains;5;0;0;SKN;60-0611B;31
Romains;5;0;0;SKN;63-1201M;120
Romains;5;0;0;VGR;63-1201M;120
Romains;5;1;1;SKN;54-0515;88
Romains;5;1;1;SKN;54-1003E;148
Romains;5;1;1;SKN;57-0915E;181
Romains;5;1;1;SKN;58-1007;5
Romains;5;1;1;SKN;60-0630;79
Romains;5;1;1;SKN;60-0709;67
Romains;5;1;1;SKN;60-1209;119
Romains;5;1;1;SKN;60-1210;139
Romains;5;1;1;SKN;61-0214;50
Romains;5;1;1;SKN;61-0416;34
Romains;5;1;1;SKN;62-1111M;6
Romains;5;1;1;SKN;63-1028;16
Romains;5;1;1;SKN;65-1125;170
Romains;5;1;1;VGR;54-0515;88
Romains;5;1;1;VGR;57-0915E;181
Romains;5;1;1;VGR;58-1007;5
Romains;5;1;1;VGR;60-1209;118
Romains;5;1;1;VGR;60-1210;224
Romains;5;1;1;VGR;63-1028;35
Romains;5;1;1;VGR;65-1125;224
Romains;5;24;24;SKN;65-0218;65
Romains;7;0;0;SKN;59-1223;92
Romains;7;0;0;SKN;65-1125;21
Romains;7;0;0;SKN;65-1125;33
Romains;7;0;0;SKN;65-1125;117
Romains;7;0;0;VGR;59-1223;92
Romains;7;0;0;VGR;65-1125;23
Romains;7;0;0;VGR;65-1125;37
Romains;7;0;0;VGR;65-1125;158
Romains;7;14;18;SKN;64-0830E;25
Romains;7;14;18;VGR;64-0830E;25
Romains;7;21;21;SKN;65-0919;33
Romains;7;21;21;VGR;65-0919;33
Romains;7;22;22;SKN;59-1223;92
Romains;7;22;22;VGR;59-1223;92
Romains;7;25;25;SKN;59-1223;2
Romains;7;25;25;VGR;59-1223;2
Romains;8;0;0;SKN;55-0807E;2
Romains;8;0;0;SKN;56-0223;16
Romains;8;0;0;SKN;57-0728;74
Romains;8;0;0;SKN;58-0127;22
Romains;8;0;0;SKN;58-0612;26
Romains;8;0;0;SKN;58-0927;108
Romains;8;0;0;SKN;58-0927;224
Romains;8;0;0;SKN;58-0928E;94
Romains;8;0;0;SKN;59-0628E;119
Romains;8;0;0;SKN;60-0518;27
Romains;8;0;0;SKN;60-0611B;31
Romains;8;0;0;SKN;63-0628E;58
Romains;8;0;0;SKN;64-1212;46
Romains;8;0;0;SKN;65-0218;65
Romains;8;0;0;SKN;65-0801E;68
Romains;8;0;0;SKN;65-1127B;139
Romains;8;0;0;VGR;56-0723;21
Romains;8;0;0;VGR;58-0927;108
Romains;8;0;0;VGR;58-0927;224
Romains;8;0;0;VGR;58-0928E;94
Romains;8;0;0;VGR;59-0628E;119
Romains;8;0;0;VGR;60-0518;27
Romains;8;0;0;VGR;65-0410;37
Romains;8;0;0;VGR;65-0801E;68
Romains;8;0;0;VGR;65-1127B;139
Romains;8;1;1;SKN;53-0326;30
Romains;8;1;1;SKN;53-0327;90
Romains;8;1;1;SKN;53-0328;106
Romains;8;1;1;SKN;54-0516;84
Romains;8;1;1;SKN;54-1003M;240
Romains;8;1;1;SKN;54-1024;36
Romains;8;1;1;SKN;55-0121;27
Romains;8;1;1;SKN;55-0221;26
Romains;8;1;1;SKN;55-0227A;48
Romains;8;1;1;SKN;56-0603;50
Romains;8;1;1;SKN;56-0621;42
Romains;8;1;1;SKN;56-0723;11
Romains;8;1;1;SKN;56-0805;100
Romains;8;1;1;SKN;57-0419;45
Romains;8;1;1;SKN;57-0804A;5
Romains;8;1;1;SKN;57-0901E;209
Romains;8;1;1;SKN;57-0908M;109
Romains;8;1;1;SKN;57-1002;400
Romains;8;1;1;SKN;57-1222;10
Romains;8;1;1;SKN;63-0825M;68
Romains;8;1;1;SKN;63-0901M;330
Romains;8;1;1;SKN;63-1201M;120
Romains;8;1;1;SKN;65-0220;46
Romains;8;1;1;SKN;65-0221E;71
Romains;8;1;1;SKN;65-0418M;119
Romains;8;1;1;SKN;65-0425;100
Romains;8;1;1;SKN;65-1128M;261
Romains;8;1;1;VGR;54-0516;125
Romains;8;1;1;VGR;54-1003M;240
Romains;8;1;1;VGR;54-1024;36
Romains;8;1;1;VGR;54-1219E;78
Romains;8;1;1;VGR;56-0805;100
Romains;8;1;1;VGR;57-0419;45
Romains;8;1;1;VGR;57-0901E;209
Romains;8;1;1;VGR;57-0908M;109
Romains;8;1;1;VGR;57-1002;400
Romains;8;1;1;VGR;63-0825M;68
Romains;8;1;1;VGR;63-0901M;330
Romains;8;1;1;VGR;63-1201M;120
Romains;8;1;1;VGR;65-0218;65
Romains;8;1;1;VGR;65-0220;46
Romains;8;1;1;VGR;65-0221E;71
Romains;8;1;1;VGR;65-0418M;119
Romains;8;1;1;VGR;65-0425;100
Romains;8;1;1;VGR;65-1128M;261
Romains;8;11;11;SKN;65-0410;14
Romains;8;11;11;SKN;65-0410;27
Romains;8;11;11;SKN;65-0410;226
Romains;8;11;11;SKN;65-0418M;19
Romains;8;11;11;SKN;65-0418M;69
Romains;8;11;11;SKN;65-0418M;120
Romains;8;11;11;SKN;65-0425;147
Romains;8;11;11;VGR;65-0410;21
Romains;8;11;11;VGR;65-0410;275
Romains;8;11;11;VGR;65-0418M;19
Romains;8;11;11;VGR;65-0418M;69
Romains;8;11;11;VGR;65-0418M;120
Romains;8;11;11;VGR;65-0425;147
Romains;8;14;14;SKN;59-0407;17
Romains;8;20;20;SKN;55-0222;44
Romains;8;22;22;SKN;61-0611;103
Romains;8;22;22;SKN;63-0317E;76
Romains;8;22;22;VGR;61-0611;102
Romains;8;22;22;VGR;63-0317E;76
Romains;8;28;28;SKN;63-1028;12
Romains;8;28;28;VGR;63-1028;24
Romains;8;28;34;SKN;65-1126;129
Romains;8;28;34;VGR;65-1126;129
Romains;8;32;32;SKN;62-1124E;4
Romains;9;0;0;SKN;53-0325;31
Romains;9;0;0;SKN;53-0512;15
Romains;9;0;0;SKN;53-1110;20
Romains;9;0;0;SKN;56-0122;37
Romains;9;0;0;SKN;61-0416;27
Romains;9;0;0;SKN;61-0423;20
Romains;9;0;0;SKN;65-0221M;109
Romains;9;0;0;VGR;56-0122;92
Romains;9;0;0;VGR;65-0221M;149
Romains;9;11;11;VGR;60-0221;7
Romains;9;14;14;SKN;65-0221M;109
Romains;9;14;14;VGR;65-0221M;149
Romains;11;0;0;SKN;61-0730E;42
Romains;11;0;0;SKN;63-0323;108
Romains;11;0;0;SKN;65-0425;147
Romains;11;0;0;VGR;61-0730E;42
Romains;11;0;0;VGR;63-0323;108
Romains;11;0;0;VGR;65-0425;147
Romains;11;15;27;VGR;60-1211E;268
Romains;11;21;21;SKN;61-0730E;42
Romains;11;21;21;VGR;61-0730E;42
Romains;11;25;25;SKN;62-1230E;117
Romains;11;25;25;VGR;62-1230E;246
Romains;11;29;29;SKN;62-0318E;1
Romains;11;29;29;VGR;62-0318M;403
Romains;16;25;25;SKN;62-1230E;117
Romains;16;25;25;VGR;62-1230E;248
Romains;26;0;0;SKN;64-0823M;188
Romains;26;0;0;VGR;64-0823M;188
Tite;1;0;0;VGR;64-0823E;80
Tite;3;5;5;SKN;64-0802;176
Tite;3;5;5;VGR;64-0802;176
Zacharie;3;0;0;SKN;63-0317E;235
Zacharie;3;0;0;VGR;63-0317E;235
Zacharie;3;8;8;SKN;63-0317E;235
Zacharie;3;8;8;VGR;63-0317E;235
Zacharie;4;0;0;SKN;53-0729;263
Zacharie;4;0;0;SKN;64-0830M;190
Zacharie;4;0;0;SKN;64-0830M;191
Zacharie;4;0;0;SKN;64-0830M;207
Zacharie;4;0;0;VGR;53-0729;263
Zacharie;4;0;0;VGR;64-0830M;190
Zacharie;4;0;0;VGR;64-0830M;191
Zacharie;4;0;0;VGR;64-0830M;298
Zacharie;4;1;1;SKN;60-1204E;154
Zacharie;4;1;1;VGR;60-1204E;142
Zacharie;4;6;6;SKN;62-0401;359
Zacharie;4;10;10;VGR;63-0317E;236
Zacharie;4;12;12;SKN;63-0320;305
Zacharie;4;12;12;VGR;63-0320;305
Zacharie;4;12;14;VGR;64-0830M;190
Zacharie;4;104;104;SKN;63-0317E;236
Zacharie;4;121;121;SKN;64-0830M;190
Zacharie;9;0;0;SKN;65-0725E;96
Zacharie;9;0;0;VGR;65-0725E;96
Zacharie;11;12;12;SKN;65-0801E;122
Zacharie;11;12;12;SKN;65-1206;282
Zacharie;11;12;12;VGR;65-0801E;122
Zacharie;11;12;12;VGR;65-1206;282
Zacharie;12;0;0;SKN;60-1204M;311
Zacharie;12;0;0;SKN;60-1204M;320
Zacharie;12;0;0;SKN;61-0730E;80
Zacharie;12;0;0;SKN;65-1206;282
Zacharie;12;0;0;VGR;60-1204M;300
Zacharie;12;0;0;VGR;60-1204M;309
Zacharie;12;0;0;VGR;61-0730E;80
Zacharie;12;0;0;VGR;65-1206;282
Zacharie;13;0;0;SKN;65-0123;185
Zacharie;13;0;0;VGR;65-0123;187
Zacharie;13;7;7;SKN;65-0801E;122
Zacharie;13;7;7;SKN;65-1206;282
Zacharie;13;7;7;VGR;65-0801E;122
Zacharie;13;7;7;VGR;65-1206;282
Zacharie;14;0;0;SKN;65-0725E;96
Zacharie;14;0;0;VGR;63-0116;55
Zacharie;14;0;0;VGR;65-0725E;96
Zacharie;14;6;6;SKN;60-0303;10
Zacharie;14;6;6;SKN;64-0401;189
Zacharie;14;6;6;SKN;64-0617;130
Zacharie;14;6;6;VGR;64-0617;130
Zacharie;14;7;7;SKN;62-0407;115
Zacharie;14;7;7;SKN;64-1221;164
Zacharie;14;7;7;SKN;65-1206;288
Zacharie;14;7;7;VGR;64-1221;164
Zacharie;14;7;7;VGR;65-1206;288
