ref;traduction;code;paragraphe;statut;note;cadre
Actes 2:38;SKN;60-1225;42;EXACT;repentez chacun soit baptise nom jesus christ peches [couverture 11/14];CONCEPT
Actes 10:35;SKN;60-1225;97;PARTIEL;commencé, pas achevé — nation;CONCEPT
Apocalypse 1:20;SKN;60-1225;105;PARTIEL;commencé, pas achevé — etoiles;CONCEPT
Apocalypse 20:0;SKN;60-1225;105;VALIDE;chap->v.4: vis etaient avaient jesus;CONCEPT
Luc 2:7;SKN;60-1225;10;VALIDE;monde fils premier lemmaillota coucha creche parce quil;LECTURE
Matthieu 1:5;SKN;60-1225;17;PARTIEL;commencé, pas achevé — salmon;CONCEPT
1 Chroniques 13:0;SKN;65-0718M;27;VALIDE;chap->v.2: david cela bon cela vienne dieu nos;CONCEPT
1 Chroniques 13:0;SKN;65-0718M;29;VALIDE;chap->v.2: david cela bon cela vienne dieu nos;CONCEPT
Amos 3:7;SKN;65-0718M;117;VALIDE;seigneur rien revele prophetes;CONCEPT
Amos 3:7;SKN;65-0718M;158;VALIDE;seigneur fera revele;CONCEPT
Amos 3:7;SKN;65-0718M;160;VALIDE;seigneur fera rien revele;CONCEPT
Apocalypse 10:0;SKN;65-0718M;147;VALIDE;chap->v.7: jours sera mystere dieu sera annonce;CONCEPT
Apocalypse 10:0;SKN;65-0718M;166;VALIDE;chap->v.7: jours septieme ange sonner trompette mystere dieu;CONCEPT
Apocalypse 10:0;SKN;65-0718M;178;VALIDE;chap->v.4: sept parle disant choses sept;CONCEPT
Deuteronome 4:0;SKN;65-0718M;186;VALIDE;chap->v.1: maintenant israel ecoute ordonnances enseigne afin viviez entriez;CONCEPT
Joel 2:28;SKN;65-0718M;152;PARTIEL;commencé, pas achevé — apres cela;CONCEPT
Luc 7:7;SKN;65-0718M;138;VALIDE;suis meme dis parole;CONCEPT
Luc 17:30;SKN;65-0718M;178;PARTIEL;commencé, pas achevé — fils;CONCEPT
Malachie 4:0;SKN;65-0718M;147;VALIDE;chap->v.5: envoie prophete avant jour;CONCEPT
Malachie 4:0;SKN;65-0718M;171;VALIDE;chap->v.5: voici prophete avant vienne grand jour;CONCEPT
Malachie 4:0;SKN;65-0718M;178;VALIDE;chap->v.4: loi serviteur lui;CONCEPT
Marc 7:7;SKN;65-0718M;27;PARTIEL;commencé, pas achevé — vain commandements;CONCEPT
1 Chroniques 17:0;SKN;63-0317M;66;VALIDE;chap->v.5: nai habite maison depuis jour jai monter israel;CONCEPT
1 Corinthiens 13:0;SKN;63-0317M;248;VALIDE;chap->v.1: parle langues hommes anges suis airain resonne cymbale;CONCEPT
Apocalypse 21:0;SKN;63-0317M;78;VALIDE;chap->v.4: dieu larme yeux mort sera aura deuil premieres;CONCEPT
Esaie 40:0;SKN;63-0317M;297;VALIDE;chap->v.3: voix celui crie desert preparez chemin leternel aplanissez;CONCEPT
Jean 3:16;SKN;63-0317M;392;PARTIEL;commencé, pas achevé — dieu;CONCEPT
Jean 14:0;SKN;63-0317M;79;VALIDE;chap->v.10: moi pere pere moi moi dis dis moi;CONCEPT
Malachie 3:0;SKN;63-0317M;297;VALIDE;chap->v.1: voici jenvoie messager preparera chemin devant moi seigneur;CONCEPT
Malachie 3:0;SKN;63-0317M;315;VALIDE;chap->v.1: voici messager preparera chemin devant moi lalliance;CONCEPT
Malachie 4:0;SKN;63-0317M;213;VALIDE;chap->v.5: elie grand jour;CONCEPT
Marc 11:22;SKN;63-0317M;419;PARTIEL;commencé, pas achevé — jesus dieu;CONCEPT
Matthieu 11:10;SKN;63-0317M;299;EXACT;cest ici celui voici moi jenvoie messager devant [couverture 9/14];CONCEPT
Matthieu 11:10;SKN;63-0317M;363;EXACT;cest ici moi devant [couverture 5/14];CONCEPT
1 Corinthiens 11:23-32;SKN;59-0301E;137;EXACT;moi jai seigneur cest jesus quil [couverture 7/14];CONCEPT
1 Rois 19:0;SKN;59-0301E;22;VALIDE;chap->v.10: jai leternel dieu armees fils disrael ont abandonne;CONCEPT
1 Corinthiens 11:24;SKN;63-0324M;283;VALIDE;ceci corps moi;CONCEPT
1 Corinthiens 12:0;SKN;63-0324M;7;VALIDE;chap->v.9: autre meme esprit autre dons meme esprit;CONCEPT
1 Rois 17:0;SKN;63-0324M;369;VALIDE;chap->v.13: elie lui fais fais cela;CONCEPT
1 Rois 19:0;SKN;63-0324M;330;VALIDE;chap->v.9: passa parole lui lui fais ici elie;CONCEPT
Actes 2:0;SKN;63-0324M;151;VALIDE;chap->v.38: pierre chacun soit baptise nom jesus don saint;CONCEPT
Actes 2:38;SKN;63-0324M;148;EXACT;pierre soit nom jesus saint esprit [couverture 6/14];CONCEPT
Apocalypse 5:9;SKN;63-0324M;268;EXACT;chantent cantique nouveau disant digne prendre livre den [couverture 8/14];CONCEPT
Apocalypse 5:9;SKN;63-0324M;270;EXACT;cantique nouveau disant digne prendre livre den ouvrir [couverture 9/14];CONCEPT
Apocalypse 6:0;SKN;63-0324M;267;VALIDE;chap->v.1: lagneau lun lun quatre disant;CONCEPT
Apocalypse 6:0;SKN;63-0324M;272;VALIDE;chap->v.11: donne chacun robe blanche quils;CONCEPT
Apocalypse 6:6;SKN;63-0324M;102;PARTIEL;commencé, pas achevé — lhuile;CONCEPT
Apocalypse 6:6;SKN;63-0324M;282;EXACT;jentendis voix milieu quatre mesure denier mesures dorge [couverture 9/14];CONCEPT
Apocalypse 6:11;SKN;63-0324M;271;VALIDE;donne chacun robe blanche quils;CONCEPT
Apocalypse 6:11;SKN;63-0324M;279;PARTIEL;commencé, pas achevé — robe blanche;CONCEPT
Apocalypse 7:14;SKN;63-0324M;280;EXACT;dis seigneur ceux grande ont lave robes sang [couverture 8/14];CONCEPT
Apocalypse 11:0;SKN;63-0324M;227;VALIDE;chap->v.11: apres trois demi lesprit vie dieu;CONCEPT
Apocalypse 11:3;SKN;63-0324M;329;PARTIEL;commencé, pas achevé — deux temoins;CONCEPT
Apocalypse 16:0;SKN;63-0324M;367;VALIDE;chap->v.9: grande nom dieu lui donner;CONCEPT
Apocalypse 18:8;SKN;63-0324M;367;VALIDE;cest seul mort sera dieu;CONCEPT
Daniel 9:27;SKN;63-0324M;224;VALIDE;semaine milieu fera;CONCEPT
Genese 4:1;SKN;63-0324M;129;VALIDE;connut eve femme concut enfanta cain jai homme;CONCEPT
Jean 10:0;SKN;63-0324M;327;VALIDE;chap->v.9: suis porte quelquun sera;CONCEPT
Luc 24:49;SKN;63-0324M;151;PARTIEL;commencé, pas achevé — pere puissance;CONCEPT
Malachie 3:0;SKN;63-0324M;263;VALIDE;chap->v.1: messager preparera chemin devant moi;CONCEPT
Malachie 3:0;SKN;63-0324M;330;VALIDE;chap->v.15: maintenant ceux meme meme;CONCEPT
Malachie 4:0;SKN;63-0324M;329;VALIDE;chap->v.2: nom justice sera;CONCEPT
Malachie 4:5;SKN;63-0324M;369;PARTIEL;commencé, pas achevé — elie grand;CONCEPT
Matthieu 5:0;SKN;63-0324M;142;VALIDE;chap->v.16: ainsi hommes sorte quils quils pere;CONCEPT
Matthieu 11:0;SKN;63-0324M;256;VALIDE;chap->v.3: lui celui devons attendre autre;CONCEPT
Matthieu 22:11;SKN;63-0324M;323;PARTIEL;commencé, pas achevé — homme noces;CONCEPT
Matthieu 24:0;SKN;63-0324M;69;VALIDE;chap->v.2: voyez choses dis sera ici pierre pierre;CONCEPT
Matthieu 25:0;SKN;63-0324M;41;VALIDE;chap->v.1: alors sera dix vierges lampes;CONCEPT
Matthieu 28:19;SKN;63-0324M;148;EXACT;nom pere fils saint esprit [couverture 5/10];CONCEPT
Matthieu 28:19;SKN;63-0324M;151;VALIDE;allez faites disciples nations baptisant nom pere fils;CONCEPT
1 Corinthiens 12:0;SKN;50-0823;30;VALIDE;chap->v.13: avons baptises dun seul esprit seul corps soit;CONCEPT
1 Corinthiens 12:0;SKN;50-0827E;5;VALIDE;chap->v.3: cest pourquoi fais savoir nul homme lesprit dieu;LECTURE
1 Corinthiens 12:0;SKN;52-0717;13;VALIDE;chap->v.9: autre foi meme esprit autre dons meme esprit;CONCEPT
1 Corinthiens 12:0;SKN;52-0900;187;VALIDE;chap->v.12: corps membres membres corps seul corps christ;CONCEPT
Actes 19:0;SKN;52-0900;172;VALIDE;chap->v.2: avez recu saint cru meme saint;CONCEPT
Esaie 35:0;SKN;52-0900;7;VALIDE;chap->v.2: fleurira sera lallegresse lallegresse gloire liban lui sera;LECTURE
Jean 11:0;SKN;52-0900;148;VALIDE;chap->v.6: quil lazare etait etait;CONCEPT
Marc 11:24;SKN;52-0900;190;EXACT;cest dis demanderez priant croyez [couverture 5/8];CONCEPT
1 Corinthiens 12:0;SKN;54-0301;29;VALIDE;chap->v.12: meme corps quil plusieurs membres membres corps soient;CONCEPT
Jean 5:19;SKN;54-0301;49;EXACT;jesus dis rien lui meme quil chose pere [couverture 7/14];CONCEPT
1 Corinthiens 12:0;SKN;54-1219E;78;VALIDE;chap->v.15: suis main suis corps qua cela corps;CONCEPT
Actes 2:38;SKN;54-1219E;35;EXACT;pierre repentez chacun soit baptise nom jesus peches [couverture 11/14];CONCEPT
Jean 5:0;SKN;54-1219E;124;VALIDE;chap->v.26: pere vie lui meme donne fils vie lui;CONCEPT
1 Corinthiens 12:0;SKN;56-0223;17;VALIDE;chap->v.3: cest fais savoir homme parlant dieu jesus jesus;CONCEPT
Actes 19:0;SKN;56-0223;62;VALIDE;chap->v.2: avez recu lesprit saint cru lui navons meme;CONCEPT
Ephesiens 1:25;SKN;56-0223;15;LAPSUS;annoncé — dit en réalité colossiens 1:25;CONCEPT
colossiens 1:25;SKN;56-0223;15;LAPSUS-LU;lu — annoncé sous Ephesiens 1:25;CONCEPT
Exode 19:0;SKN;56-0223;65;VALIDE;chap->v.4: avez jai comment moi;CONCEPT
Genese 22:0;SKN;56-0223;68;VALIDE;chap->v.13: abraham yeux vit voici avait lui belier abraham;CONCEPT
Romains 4:0;SKN;56-0223;45;VALIDE;chap->v.18: contre esperance crut esperance pere selon ainsi sera;CONCEPT
Romains 8:0;SKN;56-0223;16;VALIDE;chap->v.9: esprit esprit dieu quelquun esprit nest lui;CONCEPT
1 Corinthiens 12:0;SKN;56-0225;15;VALIDE;chap->v.15: suis main suis corps qua cause cela nest;CONCEPT
Hebreux 13:8;SKN;56-0225;9;VALIDE;jesus meme hier aujourdhui eternellement;LECTURE
Jean 5:0;SKN;56-0225;50;VALIDE;chap->v.4: ange descendait agitait leau premier apres leau avait;CONCEPT
Jean 5:0;SKN;56-0225;52;VALIDE;chap->v.4: ange descendait agitait leau premier apres leau avait;CONCEPT
Jean 5:7;SKN;56-0225;59;EXACT;lui seigneur nai personne leau pendant moi [couverture 7/14];CONCEPT
Jean 5:19;SKN;56-0225;57;EXACT;jesus verite dis fils rien lui meme quil [couverture 8/14];CONCEPT
Jean 14:7;SKN;56-0225;59;PARTIEL;commencé, pas achevé — pere maintenant;CONCEPT
Luc 16:16;SKN;56-0225;26;VALIDE;loi prophetes ont jusqua jean lors royaume dieu;CONCEPT
1 Corinthiens 12:0;SKN;56-0723;24;VALIDE;chap->v.3: cest pourquoi savoir homme lesprit dieu jesus seigneur;CONCEPT
Luc 24:49;SKN;56-0723;51;VALIDE;voici moi ville jusqua soyez revetus puissance den;CONCEPT
Marc 11:24;SKN;56-0723;51;VALIDE;cest dis sera;CONCEPT
Romains 8:1;SKN;56-0723;11;VALIDE;maintenant aucune condamnation ceux christ jesus;CONCEPT
1 Corinthiens 12:0;SKN;56-1207;28;VALIDE;chap->v.3: cest pourquoi fais homme lesprit dieu jesus seigneur;CONCEPT
Actes 19:0;SKN;56-1207;9;VALIDE;chap->v.4: paul peuple quils celui venait lui cest;CONCEPT
Jean 5:19;SKN;56-1207;30;EXACT;jesus verite dis fils rien lui meme quil [couverture 7/14];CONCEPT
1 Corinthiens 12:0;SKN;57-0114;15;VALIDE;chap->v.3: cest fais homme lesprit dieu jesus seigneur jesus;CONCEPT
Actes 4:0;SKN;57-0114;64;VALIDE;chap->v.10: peuple nom jesus christ dieu ressuscite dentre morts;CONCEPT
Hebreux 13:8;SKN;57-0114;49;VALIDE;jesus christ meme hier aujourdhui eternellement;CONCEPT
Jean 4:0;SKN;57-0114;113;VALIDE;chap->v.10: jesus lui don dieu celui donne moi boire;CONCEPT
Jean 5:0;SKN;57-0114;76;VALIDE;chap->v.4: ange agitait leau premier entrait apres leau avait;CONCEPT
Jean 5:19;SKN;57-0114;45;EXACT;jesus dis fils rien lui meme quil pere [couverture 8/14];CONCEPT
Jean 14:7;SKN;57-0114;69;PARTIEL;commencé, pas achevé — connu;CONCEPT
Marc 16:0;SKN;57-0114;52;VALIDE;chap->v.6: lui jesus ressuscite nest ici voici mis;CONCEPT
Psaumes 103:3;SKN;57-0114;34;VALIDE;cest lui tes guerit;CONCEPT
1 Corinthiens 12:0;SKN;57-0908M;113;VALIDE;chap->v.13: avons seul esprit seul corps soit soit soit;CONCEPT
1 Corinthiens 12:0;SKN;57-0908M;117;VALIDE;chap->v.12: corps corps soient seul corps ainsi christ;CONCEPT
Hebreux 10:0;SKN;57-0908M;169;VALIDE;chap->v.26: volontairement apres recu connaissance verite reste sacrifice;CONCEPT
Romains 8:1;SKN;57-0908M;109;EXACT;maintenant aucune condamnation ceux christ jesus [couverture 6/6];CONCEPT
1 Corinthiens 12:0;SKN;57-1002;361;VALIDE;chap->v.13: avons baptises seul esprit seul corps soit soit;CONCEPT
1 Corinthiens 12:0;SKN;57-1002;364;VALIDE;chap->v.9: autre meme esprit autre dons grace meme esprit;CONCEPT
1 Jean 5:7;SKN;57-1002;477;EXACT;trois rendent temoignage [couverture 3/3];CONCEPT
Actes 2:27;SKN;57-1002;376;PARTIEL;commencé, pas achevé — ame saint;CONCEPT
Actes 7:55;SKN;57-1002;440;VALIDE;saint ciel dieu jesus;CONCEPT
Actes 19:0;SKN;57-1002;366;VALIDE;chap->v.2: avez recu saint cru meme saint;CONCEPT
Apocalypse 5:0;SKN;57-1002;354;VALIDE;chap->v.1: vis etait assis;CONCEPT
Apocalypse 5:0;SKN;57-1002;548;VALIDE;chap->v.7: livre main etait;CONCEPT
Apocalypse 11:0;SKN;57-1002;354;VALIDE;chap->v.11: apres trois demi vie dieu pieds;CONCEPT
Apocalypse 11:0;SKN;57-1002;548;VALIDE;chap->v.9: corps mort trois corps;CONCEPT
Apocalypse 21:0;SKN;57-1002;548;VALIDE;chap->v.11: gloire etait pierre pierre;CONCEPT
Apocalypse 21:19;SKN;57-1002;354;VALIDE;etaient pierre etait;CONCEPT
Ephesiens 1:20;SKN;57-1002;440;PARTIEL;commencé, pas achevé — droite;CONCEPT
Ephesiens 1:20;SKN;57-1002;451;EXACT;christ ressuscitant morts asseoir droite lieux celestes [couverture 7/10];CONCEPT
Esaie 9:6;SKN;57-1002;497;PARTIEL;commencé, pas achevé — fils sera;CONCEPT
Esther 6:0;SKN;57-1002;354;VALIDE;chap->v.13: femme lui etait arrive femme lui;CONCEPT
Genese 38:0;SKN;57-1002;354;VALIDE;chap->v.28: deux main femme main fil;CONCEPT
Genese 38:0;SKN;57-1002;548;VALIDE;chap->v.24: trois mois apres belle prostituee;CONCEPT
Jean 5:7;SKN;57-1002;479;PARTIEL;commencé, pas achevé — lui;CONCEPT
Jean 5:24;SKN;57-1002;377;EXACT;parole croit vie eternelle vient mort [couverture 5/14];CONCEPT
Marc 14:62;SKN;57-1002;440;EXACT;jesus suis verrez fils assis droite puissance venant [couverture 10/11];CONCEPT
Matthieu 24:0;SKN;57-1002;516;VALIDE;chap->v.2: voyez dis sera soit;CONCEPT
Matthieu 24:0;SKN;57-1002;517;VALIDE;chap->v.2: voyez dis sera soit;CONCEPT
Matthieu 27:0;SKN;57-1002;418;VALIDE;chap->v.58: celui alle corps jesus alors corps;CONCEPT
Psaumes 16:0;SKN;57-1002;376;VALIDE;chap->v.7: donne meme mes;CONCEPT
Psaumes 16:10;SKN;57-1002;408;VALIDE;ame permettras saint voie corruption;CONCEPT
Romains 8:1;SKN;57-1002;400;EXACT;maintenant aucune condamnation ceux christ jesus [couverture 6/6];CONCEPT
1 Corinthiens 12:0;SKN;58-0207;18;VALIDE;chap->v.13: avons baptises seul esprit seul corps soit soit;CONCEPT
1 Corinthiens 12:0;SKN;58-0207;49;VALIDE;chap->v.3: cest pourquoi fais savoir homme lesprit dieu jesus;CONCEPT
Hebreux 13:8;SKN;58-0207;14;VALIDE;jesus meme hier aujourdhui eternellement;CONCEPT
Hebreux 13:8;SKN;58-0207;16;EXACT;jesus christ meme hier aujourdhui eternellement [couverture 5/6];CONCEPT
Jean 1:0;SKN;58-0207;25;VALIDE;chap->v.30: cest celui moi apres moi homme prend place;CONCEPT
Jean 4:0;SKN;58-0207;68;VALIDE;chap->v.25: femme lui sais christ vient sera fera choses;CONCEPT
Jean 5:0;SKN;58-0207;37;VALIDE;chap->v.4: ange descendait agitait leau premier apres leau avait;CONCEPT
Jean 5:19;SKN;58-0207;23;EXACT;jesus verite dis fils rien lui meme quil [couverture 6/14];CONCEPT
Jean 15:0;SKN;58-0207;19;VALIDE;chap->v.2: sarment porte fruit sarment porte fruit afin quil;CONCEPT
Psaumes 103:3;SKN;58-0207;5;VALIDE;cest lui tes guerit;CONCEPT
1 Corinthiens 12:0;SKN;58-0214;8;VALIDE;chap->v.3: cest pourquoi nul homme lesprit dieu jesus nul;CONCEPT
Hebreux 13:8;SKN;58-0214;19;VALIDE;jesus meme hier aujourdhui eternellement;CONCEPT
Jean 5:0;SKN;58-0214;42;VALIDE;chap->v.19: jesus verite verite dis fils rien lui meme;CONCEPT
Jean 12:20;SKN;58-0214;19;VALIDE;avait quelques grecs ceux etaient montes adorer pendant;CONCEPT
Jean 14:7;SKN;58-0214;26;PARTIEL;commencé, pas achevé — pere maintenant;CONCEPT
Jean 15:0;SKN;58-0214;26;VALIDE;chap->v.5: moi suis cep sarments celui moi moi lui;CONCEPT
1 Corinthiens 12:0;SKN;58-0223;11;VALIDE;chap->v.12: meme corps quil corps seul corps ainsi christ;CONCEPT
Hebreux 13:8;SKN;58-0223;16;VALIDE;jesus christ meme hier aujourdhui eternellement;CONCEPT
Jean 1:0;SKN;58-0223;45;VALIDE;chap->v.30: cest moi apres moi homme avant moi etait;CONCEPT
Jean 4:0;SKN;58-0223;65;VALIDE;chap->v.50: jesus lui fils parole jesus lui avait sen;CONCEPT
Jean 5:0;SKN;58-0223;42;VALIDE;chap->v.19: jesus verite verite dis fils rien lui meme;CONCEPT
Jean 5:19;SKN;58-0223;43;EXACT;jesus verite dis fils rien lui meme quil [couverture 12/14];CONCEPT
Matthieu 10:0;SKN;58-0223;37;VALIDE;chap->v.37: celui pere moi nest moi celui fils moi;CONCEPT
Psaumes 103:3;SKN;58-0223;12;VALIDE;cest lui tes guerit;CONCEPT
1 Corinthiens 12:0;SKN;58-0312;53;VALIDE;chap->v.3: cest pourquoi fais nul homme lesprit dieu jesus;CONCEPT
Jean 1:0;SKN;58-0312;33;VALIDE;chap->v.41: andre frere simon pierre etait deux avaient lui;CONCEPT
Jean 1:0;SKN;58-0312;35;VALIDE;chap->v.47: nathanael lui venir quelque chose bon nazareth philippe;CONCEPT
Jean 5:19;SKN;58-0312;50;EXACT;jesus verite dis fils rien lui meme quil [couverture 5/14];CONCEPT
Jean 5:19;SKN;58-0312;51;EXACT;jesus verite dis fils rien lui meme quil [couverture 5/14];CONCEPT
Jean 11:0;SKN;58-0312;47;VALIDE;chap->v.51: cela lui meme souverain sacrificateur annee jesus nation;CONCEPT
Jean 15:0;SKN;58-0312;30;VALIDE;chap->v.2: sarment porte fruit sarment porte fruit quil porte;CONCEPT
Psaumes 103:3;SKN;58-0312;20;VALIDE;cest lui tes guerit;CONCEPT
1 Corinthiens 12:0;SKN;59-0422;53;VALIDE;chap->v.15: parce suis main suis corps qua cela nest;CONCEPT
Hebreux 13:8;SKN;59-0422;12;VALIDE;jesus christ meme hier aujourdhui eternellement;CONCEPT
Jean 4:0;SKN;59-0422;32;VALIDE;chap->v.50: jesus lui fils vit lhomme parole jesus lui;CONCEPT
Jean 4:0;SKN;59-0422;60;VALIDE;chap->v.50: jesus lui fils parole jesus lui avait dite;CONCEPT
Jean 5:0;SKN;59-0422;60;VALIDE;chap->v.19: jesus dis fils rien lui meme quil voie;CONCEPT
Jean 5:19;SKN;59-0422;22;EXACT;jesus verite dis fils rien lui meme quil [couverture 6/14];CONCEPT
Jean 5:19;SKN;59-0422;56;EXACT;jesus verite dis fils rien lui meme quil [couverture 7/14];CONCEPT
Jean 6:0;SKN;59-0422;32;VALIDE;chap->v.22: etait lautre cote quil avait dautre petit celui;CONCEPT
Marc 16:0;SKN;59-0422;76;VALIDE;chap->v.16: celui cru sera sauve celui cru sera;CONCEPT
Matthieu 10:0;SKN;59-0422;31;VALIDE;chap->v.25: disciple quil maitre quil ont appele maitre maison;CONCEPT
1 Corinthiens 12:0;SKN;59-0814;63;VALIDE;chap->v.10: autre autre prophetie autre autre langues autre linterpretation;CONCEPT
Psaumes 46:1;SKN;59-0814;14;VALIDE;dieu refuge secours;CONCEPT
Psaumes 119:56;SKN;59-0814;14;VALIDE;cela jai tes preceptes;CONCEPT
1 Corinthiens 12:0;SKN;59-0823;126;VALIDE;chap->v.3: cest pourquoi fais savoir nul homme lesprit dieu;CONCEPT
1 Corinthiens 13:0;SKN;59-0823;112;VALIDE;chap->v.13: maintenant foi lamour cest lamour;CONCEPT
Apocalypse 12:0;SKN;59-0823;126;VALIDE;chap->v.11: eux lont cause sang lagneau cause parole temoignage;CONCEPT
Galates 1:8;SKN;59-0823;126;VALIDE;memes ange venu ciel avons quil soit anatheme;CONCEPT
Matthieu 1:0;SKN;59-0823;126;VALIDE;chap->v.18: naissance jesus christ arriva ainsi mere marie fiancee;CONCEPT
Matthieu 11:0;SKN;59-0823;59;VALIDE;chap->v.27: mont pere fils nest pere pere nest fils;CONCEPT
Matthieu 28:19;SKN;59-0823;126;VALIDE;allez faites disciples nations baptisant nom pere fils;CONCEPT
Romains 3:0;SKN;59-0823;34;VALIDE;chap->v.4: dieu soit vrai homme menteur selon ecrit sorte;CONCEPT
Romains 3:4;SKN;59-0823;64;VALIDE;dieu soit vrai ecrit;CONCEPT
1 Corinthiens 12:0;SKN;59-1125;48;VALIDE;chap->v.13: avons baptises seul esprit seul corps soit juifs;CONCEPT
Jean 14:0;SKN;59-1125;52;VALIDE;chap->v.10: moi suis pere pere moi paroles moi dis;CONCEPT
Jean 19:5;SKN;59-1125;54;PARTIEL;commencé, pas achevé — jesus vetement;CONCEPT
1 Corinthiens 12:0;SKN;59-1216;131;VALIDE;chap->v.13: avons baptises dun seul esprit seul corps soit;CONCEPT
1 Jean 2:0;SKN;59-1216;60;VALIDE;chap->v.1: mes enfants ecris choses afin pechiez quelquun peche;CONCEPT
1 Jean 2:1;SKN;59-1216;60;EXACT;mes enfants ecris choses afin pechiez quelquun peche [couverture 13/14];CONCEPT
1 Jean 2:12;SKN;59-1216;60;EXACT;ecris enfants parce vos peches [couverture 5/7];CONCEPT
1 Jean 16:7;SKN;59-1216;59;LAPSUS;annoncé — dit en réalité jean 16:7;CONCEPT
jean 16:7;SKN;59-1216;59;LAPSUS-LU;lu — annoncé sous 1 Jean 16:7;CONCEPT
Actes 1:8;SKN;59-1216;101;EXACT;recevrez puissance saint serez mes temoins jerusalem judee [couverture 11/14];CONCEPT
Actes 2:0;SKN;59-1216;97;VALIDE;chap->v.17: derniers jours dieu repandrai esprit chair vos fils;CONCEPT
Actes 8:14;SKN;59-1216;124;VALIDE;etaient jerusalem ayant avait recu parole dieu pierre;CONCEPT
Apocalypse 11:0;SKN;59-1216;93;VALIDE;chap->v.11: apres jours lesprit vie dieu eux pieds;CONCEPT
Ephesiens 4:30;SKN;59-1216;45;EXACT;nattristez saint dieu lequel avez scelles jour redemption [couverture 8/9];CONCEPT
Ephesiens 4:30;SKN;59-1216;46;EXACT;nattristez saint dieu lequel avez scelles jour redemption [couverture 8/9];CONCEPT
Esaie 28:0;SKN;59-1216;67;VALIDE;chap->v.8: tables pleines sales quil place;CONCEPT
Galates 1:8;SKN;59-1216;131;VALIDE;ange venu ciel avons quil soit anatheme;CONCEPT
Galates 3:29;SKN;59-1216;40;EXACT;etes christ dabraham heritiers selon promesse [couverture 7/8];CONCEPT
Hebreux 4:0;SKN;59-1216;95;VALIDE;chap->v.10: celui repos lui sest repose dieu sest repose;CONCEPT
Jean 14:0;SKN;59-1216;52;VALIDE;chap->v.10: moi suis moi moi dis dis moi meme;CONCEPT
Jean 14:0;SKN;59-1216;56;VALIDE;chap->v.17: lesprit verite monde recevoir parce quil voit connait;CONCEPT
Jean 16:7;SKN;59-1216;59;EXACT;dis verite avantageux moi men aille vais consolateur [couverture 13/14];CONCEPT
Joel 2:28;SKN;59-1216;96;EXACT;apres cela repandrai esprit chair vos fils filles [couverture 12/14];CONCEPT
Luc 24:49;SKN;59-1216;98;VALIDE;voici pere ville jusqua soyez revetus puissance den;CONCEPT
Romains 4:0;SKN;59-1216;41;VALIDE;chap->v.11: signe circoncision foi avait quil soit etant;CONCEPT
1 Corinthiens 12:0;SKN;60-0911E;141;VALIDE;chap->v.3: pourquoi parlant dieu jesus jesus;CONCEPT
Actes 1:0;SKN;60-0911E;77;VALIDE;chap->v.3: apres lui vivant etant jours;CONCEPT
Actes 1:8;SKN;60-0911E;72;EXACT;recevrez puissance saint serez mes temoins jerusalem judee [couverture 10/14];CONCEPT
Actes 1:8;SKN;60-0911E;73;EXACT;recevrez puissance saint serez mes temoins jerusalem judee [couverture 10/14];CONCEPT
Actes 1:8;SKN;60-0911E;80;VALIDE;saint serez mes temoins;CONCEPT
Actes 5:32;SKN;60-0911E;89;EXACT;lui sommes temoins choses ainsi saint dieu donne [couverture 10/12];CONCEPT
Actes 7:38;SKN;60-0911E;31;PARTIEL;commencé, pas achevé — lui nos;CONCEPT
Actes 19:0;SKN;60-0911E;139;VALIDE;chap->v.2: avez recu saint cru lui saint;CONCEPT
Apocalypse 13:0;SKN;60-0911E;49;VALIDE;chap->v.1: vis mer bete avait dix cornes sept tetes;CONCEPT
Apocalypse 13:0;SKN;60-0911E;50;VALIDE;chap->v.1: vis mer bete avait dix cornes sept tetes;CONCEPT
Apocalypse 17:0;SKN;60-0911E;41;VALIDE;chap->v.1: sept anges avaient sept coupes vint disant viens;CONCEPT
Colossiens 1:0;SKN;60-0911E;78;VALIDE;chap->v.18: corps lui commencement premier morts afin choses lui;CONCEPT
Colossiens 1:17;SKN;60-0911E;78;EXACT;lui avant choses subsistent [couverture 6/6];CONCEPT
Colossiens 3:26;SKN;60-0911E;155;LAPSUS;annoncé — dit en réalité colossiens 3:11;CONCEPT
colossiens 3:11;SKN;60-0911E;155;LAPSUS-LU;lu — annoncé sous Colossiens 3:26;CONCEPT
Ephesiens 1:0;SKN;60-0911E;74;VALIDE;chap->v.1: jesus christ dieu christ jesus;CONCEPT
Ephesiens 1:22;SKN;60-0911E;74;VALIDE;pieds donne chef;CONCEPT
Ephesiens 4:30;SKN;60-0911E;137;EXACT;saint dieu lequel avez scelles jour redemption [couverture 7/9];CONCEPT
Ephesiens 5:25;SKN;60-0911E;158;PARTIEL;commencé, pas achevé — christ;CONCEPT
Galates 3:26;SKN;60-0911E;155;EXACT;etes fils dieu foi christ jesus [couverture 6/6];CONCEPT
Hebreux 11:0;SKN;60-0911E;61;VALIDE;chap->v.4: foi offrit dieu sacrifice sacrifice juste dieu;CONCEPT
Hebreux 12:13;SKN;60-0911E;159;PARTIEL;commencé, pas achevé — afin plutot;CONCEPT
Hebreux 13:8;SKN;60-0911E;89;VALIDE;jesus meme hier;CONCEPT
Hebreux 13:12;SKN;60-0911E;157;EXACT;jesus afin sanctifie peuple propre sang souffert hors [couverture 9/12];CONCEPT
Jean 3:5;SKN;60-0911E;163;EXACT;jesus verite entrer royaume dieu [couverture 6/12];CONCEPT
Jean 14:0;SKN;60-0911E;90;VALIDE;chap->v.12: verite verite dis celui croit moi fera lui;CONCEPT
Jean 14:12;SKN;60-0911E;90;EXACT;verite dis celui croit moi fera lui fais [couverture 12/14];CONCEPT
Luc 24:0;SKN;60-0911E;86;VALIDE;chap->v.46: ainsi ecrit ainsi christ ressuscite morts troisieme jour;CONCEPT
Luc 24:26;SKN;60-0911E;86;PARTIEL;commencé, pas achevé — christ choses;CONCEPT
Luc 24:29;SKN;60-0911E;118;PARTIEL;commencé, pas achevé — rester;CONCEPT
Luc 24:49;SKN;60-0911E;71;EXACT;voici pere ville soyez revetus puissance haut [couverture 7/13];CONCEPT
Marc 16:0;SKN;60-0911E;92;VALIDE;chap->v.14: apparut onze etaient table reprocha incredulite durete parce;CONCEPT
Marc 16:0;SKN;60-0911E;117;VALIDE;chap->v.16: celui aura cru aura baptise sera celui cru;CONCEPT
Matthieu 10:0;SKN;60-0911E;111;VALIDE;chap->v.1: douze disciples donna esprits chasser guerir maladie;CONCEPT
Matthieu 10:1;SKN;60-0911E;105;PARTIEL;commencé, pas achevé — disciples chasser;CONCEPT
Matthieu 10:1;SKN;60-0911E;111;VALIDE;douze disciples donna esprits chasser guerir maladie;CONCEPT
Matthieu 16:0;SKN;60-0911E;75;VALIDE;chap->v.28: verite dis quelques ceux ici;CONCEPT
Matthieu 16:18;SKN;60-0911E;10;VALIDE;dis pierre roc batirai portes prevaudront contre;CONCEPT
Matthieu 16:18;SKN;60-0911E;72;VALIDE;roc batirai portes contre;CONCEPT
Matthieu 28:20;SKN;60-0911E;88;VALIDE;choses voici moi suis;CONCEPT
1 Corinthiens 12:0;SKN;61-0118;69;VALIDE;chap->v.15: disait parce main corps qua cela nest corps;CONCEPT
Actes 10:49;SKN;61-0118;60;LAPSUS;annoncé — dit en réalité actes 10:48;CONCEPT
actes 10:48;SKN;61-0118;60;LAPSUS-LU;lu — annoncé sous Actes 10:49;CONCEPT
Apocalypse 11:0;SKN;61-0118;66;VALIDE;chap->v.5: quelquun veut feu sort quelquun veut quil;CONCEPT
Esaie 9:0;SKN;61-0118;29;VALIDE;chap->v.6: enfant donne sera nom conseiller dieu pere;CONCEPT
Hebreux 13:8;SKN;61-0118;25;VALIDE;jesus meme hier aujourdhui eternellement;CONCEPT
Jean 4:0;SKN;61-0118;86;VALIDE;chap->v.25: femme lui sais messie christ vient sera venu;CONCEPT
Jean 5:0;SKN;61-0118;55;VALIDE;chap->v.19: jesus verite verite dis fils rien lui meme;CONCEPT
Jean 5:19;SKN;61-0118;55;EXACT;jesus verite dis fils rien lui meme quil [couverture 5/14];CONCEPT
Jean 6:0;SKN;61-0118;57;VALIDE;chap->v.57: pere envoye moi vis cause pere meme celui;CONCEPT
Jean 14:12;SKN;61-0118;27;VALIDE;dis celui croit moi fera lui fais;CONCEPT
Marc 16:0;SKN;61-0118;97;VALIDE;chap->v.16: celui cru sera celui cru sera;CONCEPT
1 Corinthiens 12:0;SKN;61-0414;12;VALIDE;chap->v.12: meme corps quil corps soient seul corps ainsi;CONCEPT
1 Timothee 3:16;SKN;61-0414;70;EXACT;contredit mystere piete grand dieu manifeste chair esprit [couverture 8/14];CONCEPT
Actes 4:0;SKN;61-0414;31;VALIDE;chap->v.19: pierre jean sil juste devant dieu ecouter plutot;CONCEPT
Jean 5:19;SKN;61-0414;5;EXACT;jesus verite dis fils rien lui meme quil [couverture 5/14];CONCEPT
Jean 14:7;SKN;61-0414;68;PARTIEL;commencé, pas achevé — pere maintenant;CONCEPT
Matthieu 12:0;SKN;61-0414;6;VALIDE;chap->v.31: cest dis peche sera hommes lesprit sera hommes;CONCEPT
1 Corinthiens 12:0;SKN;61-0515;6;VALIDE;chap->v.15: disait parce suis main suis corps qua cela;CONCEPT
Apocalypse 1:0;SKN;61-0515;89;VALIDE;chap->v.8: moi suis lalpha lomega seigneur dieu celui etait;CONCEPT
Marc 16:0;SKN;61-0515;21;VALIDE;chap->v.6: lui jesus nest ici voici mis;CONCEPT
1 Corinthiens 12:0;SKN;62-0609E;36;VALIDE;chap->v.15: pied parce suis main suis corps qua cela;CONCEPT
Actes 2:38;SKN;62-0609E;48;VALIDE;pierre repentez chacun soit baptise nom jesus christ;CONCEPT
Esaie 32:2;SKN;62-0609E;9;VALIDE;sera contre vent abri deau lieu lombre dun;CONCEPT
Hebreux 4:12;SKN;62-0609E;68;VALIDE;parole dieu penetrante epee deux tranchants jusqua lesprit;CONCEPT
Jean 5:24;SKN;62-0609E;48;VALIDE;verite celui entend parole croit envoye vie eternelle;CONCEPT
Jean 14:0;SKN;62-0609E;51;VALIDE;chap->v.10: moi suis pere pere moi moi moi meme;CONCEPT
Jean 14:12;SKN;62-0609E;49;VALIDE;verite celui croit moi fera lui fais parce;CONCEPT
Marc 16:0;SKN;62-0609E;48;VALIDE;chap->v.16: celui cru baptise sera celui cru sera;CONCEPT
Marc 16:0;SKN;62-0609E;49;VALIDE;chap->v.16: celui cru baptise sera celui cru sera;CONCEPT
Proverbes 18:10;SKN;62-0609E;9;VALIDE;nom leternel forte tour juste trouve;CONCEPT
1 Corinthiens 12:0;SKN;62-1014M;266;VALIDE;chap->v.15: parce corps qua cela nest corps;CONCEPT
Actes 2:38;SKN;62-1014M;129;PARTIEL;commencé, pas achevé — jesus christ;CONCEPT
Actes 7:0;SKN;62-1014M;52;VALIDE;chap->v.44: nos peres avaient tabernacle temoignage desert avait ordonne;CONCEPT
Actes 10:49;SKN;62-1014M;164;LAPSUS;annoncé — dit en réalité actes 10:44;CONCEPT
actes 10:44;SKN;62-1014M;164;LAPSUS-LU;lu — annoncé sous Actes 10:49;CONCEPT
Actes 19:11;SKN;62-1014M;151;PARTIEL;commencé, pas achevé — dieu;CONCEPT
Actes 28:19;SKN;62-1014M;129;PARTIEL;commencé, pas achevé — quelque contre;CONCEPT
Ephesiens 4:0;SKN;62-1014M;224;VALIDE;chap->v.11: lui donne uns apotres autres prophetes autres evangelistes;CONCEPT
Esaie 28:19;SKN;62-1014M;215;VALIDE;quil apres jour sera;CONCEPT
Hebreux 10:0;SKN;62-1014M;53;VALIDE;chap->v.5: cest pourquoi entrant monde nas voulu sacrifice mas;CONCEPT
Hebreux 11:0;SKN;62-1014M;84;VALIDE;chap->v.6: foi impossible lui celui dieu dieu quil remunerateur;CONCEPT
Hebreux 11:0;SKN;62-1014M;268;VALIDE;chap->v.35: femmes morts resurrection dautres furent tortures delivrance afin;CONCEPT
Jacques 5:14;SKN;62-1014M;151;VALIDE;quelquun quil lui;CONCEPT
Jean 3:0;SKN;62-1014M;78;VALIDE;chap->v.3: jesus lui dis quelquun nest nouveau voir royaume;CONCEPT
Jean 3:16;SKN;62-1014M;151;EXACT;dieu monde quil lui [couverture 5/14];CONCEPT
Jean 5:14;SKN;62-1014M;151;PARTIEL;commencé, pas achevé — choses lui;CONCEPT
Jean 14:7;SKN;62-1014M;108;PARTIEL;commencé, pas achevé — maintenant;CONCEPT
Matthieu 5:48;SKN;62-1014M;222;EXACT;soyez parfaits pere celeste parfait [couverture 5/5];CONCEPT
Matthieu 5:48;SKN;62-1014M;223;EXACT;soyez parfaits pere celeste parfait [couverture 5/5];CONCEPT
Psaumes 1:0;SKN;62-1014M;139;VALIDE;chap->v.3: sera arbre plante pres quil;CONCEPT
1 Corinthiens 12:0;SKN;62-1104M;153;VALIDE;chap->v.10: autre autre autre autre langues autre;CONCEPT
1 Timothee 3:0;SKN;62-1104M;167;VALIDE;chap->v.13: ceux ont eux christ jesus;CONCEPT
2 Pierre 1:0;SKN;62-1104M;61;VALIDE;chap->v.3: puissance donne vie piete connaissance vertu;CONCEPT
2 Timothee 4:0;SKN;62-1104M;236;VALIDE;chap->v.3: temps supporteront sain ayant docteurs selon propres convoitises;CONCEPT
Apocalypse 3:0;SKN;62-1104M;174;VALIDE;chap->v.17: parce dis suis suis nai;CONCEPT
Apocalypse 16:0;SKN;62-1104M;173;VALIDE;chap->v.1: grande disant sept anges terre sept coupes;CONCEPT
Apocalypse 17:0;SKN;62-1104M;178;VALIDE;chap->v.5: nom ecrit grande mere prostituees terre;CONCEPT
Apocalypse 17:3;SKN;62-1104M;173;EXACT;esprit desert vis femme assise bete ecarlate pleine [couverture 5/14];CONCEPT
Apocalypse 17:3;SKN;62-1104M;175;EXACT;esprit desert vis femme assise bete ecarlate pleine [couverture 11/14];CONCEPT
Apocalypse 17:15;SKN;62-1104M;174;VALIDE;eaux prostituee assise;CONCEPT
Ephesiens 1:5;SKN;62-1104M;134;VALIDE;predestines jesus christ bon;CONCEPT
Ephesiens 4:30;SKN;62-1104M;150;EXACT;saint dieu lequel scelles jour redemption [couverture 6/9];CONCEPT
Hebreux 11:0;SKN;62-1104M;79;VALIDE;chap->v.6: foi lui dieu croie dieu ceux;CONCEPT
Jean 3:16;SKN;62-1104M;157;VALIDE;dieu fils lui;CONCEPT
Jean 14:0;SKN;62-1104M;157;VALIDE;chap->v.10: pere pere dis dis meme pere;CONCEPT
1 Corinthiens 12:0;SKN;63-0728;180;VALIDE;chap->v.13: baptises esprit corps soit soit soit soit;CONCEPT
Apocalypse 7:0;SKN;63-0728;228;VALIDE;chap->v.14: dis sais ceux grande ont ont;CONCEPT
Apocalypse 17:0;SKN;63-0728;560;VALIDE;chap->v.5: avait nom grande terre;CONCEPT
Esther 2:0;SKN;63-0728;637;VALIDE;chap->v.17: roi lui couronne tete;CONCEPT
Hebreux 11:0;SKN;63-0728;626;VALIDE;chap->v.6: lui faut dieu dieu quil;CONCEPT
Hebreux 13:8;SKN;63-0728;131;EXACT;christ meme hier aujourdhui eternellement [couverture 5/6];CONCEPT
Jean 5:0;SKN;63-0728;125;VALIDE;chap->v.36: moi grand celui jean uvres uvres fais;CONCEPT
Jean 5:24;SKN;63-0728;24;EXACT;celui entend parole croit envoye vie vient jugement [couverture 10/14];CONCEPT
Jean 14:12;SKN;63-0728;125;EXACT;dis celui croit moi fera uvres fais [couverture 9/14];CONCEPT
Jean 14:12;SKN;63-0728;578;EXACT;dis celui croit moi fera lui uvres fais [couverture 10/14];CONCEPT
Malachie 3:0;SKN;63-0728;340;VALIDE;chap->v.1: jenvoie messager chemin devant moi seigneur;CONCEPT
Malachie 3:0;SKN;63-0728;577;VALIDE;chap->v.1: voici jenvoie messager devant moi lalliance;CONCEPT
Malachie 4:0;SKN;63-0728;330;VALIDE;chap->v.4: souvenez loi lui;CONCEPT
Malachie 4:0;SKN;63-0728;574;VALIDE;chap->v.5: voici envoie elie prophete avant jour;CONCEPT
Malachie 4:0;SKN;63-0728;577;VALIDE;chap->v.1: voici jour vient jour vient;CONCEPT
Marc 16:0;SKN;63-0728;238;VALIDE;chap->v.17: accompagneront ceux auront cru demons langues;CONCEPT
Marc 16:0;SKN;63-0728;536;VALIDE;chap->v.11: quil etait quil avait;CONCEPT
Matthieu 11:25;SKN;63-0728;291;EXACT;temps jesus pere ciel terre parce cache sages [couverture 9/14];CONCEPT
Matthieu 16:15;SKN;63-0728;214;EXACT;dites suis [couverture 2/2];CONCEPT
Matthieu 24:0;SKN;63-0728;565;VALIDE;chap->v.21: grande telle quil jusqua maintenant quil;CONCEPT
Psaumes 1:0;SKN;63-0728;427;VALIDE;chap->v.3: sera arbre plante pres rend fruit saison feuille;CONCEPT
Psaumes 22:0;SKN;63-0728;113;VALIDE;chap->v.16: mont ont perce mes mains mes pieds;CONCEPT
1 Corinthiens 12:0;SKN;63-0901M;217;VALIDE;chap->v.12: meme corps quil membres membres corps soient seul;CONCEPT
1 Corinthiens 12:0;SKN;63-0901M;262;VALIDE;chap->v.13: avons baptises dun seul esprit seul corps soit;CONCEPT
Actes 16:31;SKN;63-0901M;366;EXACT;crois seigneur jesus sauve toi [couverture 5/8];CONCEPT
Actes 19:0;SKN;63-0901M;103;VALIDE;chap->v.2: avez recu saint apres cru lui navons entendu;CONCEPT
Ephesiens 2:12;SKN;63-0901M;376;PARTIEL;commencé, pas achevé — temps dieu;CONCEPT
Ephesiens 4:30;SKN;63-0901M;400;EXACT;nattristez saint esprit dieu lequel avez scelles jour [couverture 9/9];CONCEPT
Genese 4:10;SKN;63-0901M;355;VALIDE;sang frere crie terre;CONCEPT
Genese 4:10;SKN;63-0901M;357;VALIDE;sang frere crie terre;CONCEPT
Genese 9:0;SKN;63-0901M;322;VALIDE;chap->v.17: dieu cest signe lalliance moi chair;CONCEPT
Hebreux 9:11-14;SKN;63-0901M;376;VALIDE;venu grand main cest;CONCEPT
Hebreux 10:12;SKN;63-0901M;357;VALIDE;celui seul dieu;CONCEPT
Hebreux 11:0;SKN;63-0901M;88;VALIDE;chap->v.16: maintenant cest cest dieu deux dieu;CONCEPT
Hebreux 12:24;SKN;63-0901M;357;VALIDE;jesus sang parle mieux;CONCEPT
Hebreux 13:0;SKN;63-0901M;322;VALIDE;chap->v.20: dieu grand sang lalliance eternelle jesus;CONCEPT
Hebreux 13:8;SKN;63-0901M;387;EXACT;jesus christ meme hier aujourdhui eternellement [couverture 6/6];CONCEPT
Hebreux 13:8;SKN;63-0901M;432;EXACT;jesus christ meme hier aujourdhui eternellement [couverture 5/6];CONCEPT
Hebreux 13:10;SKN;63-0901M;322;PARTIEL;commencé, pas achevé — avons ceux;CONCEPT
Hebreux 13:10;SKN;63-0901M;324;PARTIEL;commencé, pas achevé — avons;CONCEPT
Jean 14:12;SKN;63-0901M;328;EXACT;celui croit moi fera fais [couverture 7/14];CONCEPT
Romains 8:1;SKN;63-0901M;330;EXACT;maintenant aucune condamnation ceux jesus [couverture 5/6];CONCEPT
1 Corinthiens 12:0;SKN;63-1128E;177;VALIDE;chap->v.15: parce suis main suis corps qua cela corps;CONCEPT
Actes 16:31;SKN;63-1128E;169;EXACT;crois seigneur jesus seras sauve toi maison [couverture 7/8];CONCEPT
Ephesiens 2:12;SKN;63-1128E;172;VALIDE;christ promesse dieu monde;CONCEPT
Ephesiens 4:30;SKN;63-1128E;54;VALIDE;saint esprit dieu jour redemption;CONCEPT
Ephesiens 4:30;SKN;63-1128E;176;EXACT;nattristez saint dieu lequel avez scelles jour redemption [couverture 8/9];CONCEPT
Esaie 9:6;SKN;63-1128E;26;PARTIEL;commencé, pas achevé — fils dieu;CONCEPT
Esaie 28:19;SKN;63-1128E;26;PARTIEL;commencé, pas achevé — jour;CONCEPT
Esaie 35:0;SKN;63-1128E;26;VALIDE;chap->v.4: ont dieu vient dieu;CONCEPT
Genese 4:1;SKN;63-1128E;166;PARTIEL;commencé, pas achevé — cain;CONCEPT
Hebreux 9:11;SKN;63-1128E;172;VALIDE;christ main cest;CONCEPT
Hebreux 13:8;SKN;63-1128E;175;EXACT;jesus christ meme hier aujourdhui eternellement [couverture 6/6];CONCEPT
Hebreux 13:10;SKN;63-1128E;149;PARTIEL;commencé, pas achevé — ceux;CONCEPT
Jean 5:24;SKN;63-1128E;189;EXACT;dis celui parole croit envoye vie eternelle vient [couverture 11/14];CONCEPT
1 Corinthiens 12:0;SKN;64-0208;138;VALIDE;chap->v.15: parce suis main suis corps qua cela corps;CONCEPT
Actes 16:31;SKN;64-0208;128;VALIDE;seigneur jesus sauve maison;CONCEPT
Ephesiens 4:30;SKN;64-0208;138;EXACT;saint dieu lequel avez scelles jour redemption [couverture 7/9];CONCEPT
Exode 12:12;SKN;64-0208;2;EXACT;passerai pays nuit frapperai premier depuis jugements dieux [couverture 8/14];LECTURE
Genese 4:10;SKN;64-0208;127;VALIDE;voix sang crie;CONCEPT
Hebreux 1:0;SKN;64-0208;111;VALIDE;chap->v.1: dieu autrefois plusieurs plusieurs manieres parle peres prophetes;CONCEPT
Hebreux 9:11-14;SKN;64-0208;136;VALIDE;christ etant main;CONCEPT
Hebreux 12:24;SKN;64-0208;127;VALIDE;jesus sang parle mieux;CONCEPT
Hebreux 13:0;SKN;64-0208;106;VALIDE;chap->v.20: dieu morts puissance sang jesus;CONCEPT
Hebreux 13:8;SKN;64-0208;137;PARTIEL;commencé, pas achevé — christ meme;CONCEPT
Jean 14:12;SKN;64-0208;160;EXACT;dis celui croit moi fera fais grandes parce [couverture 9/14];CONCEPT
Malachie 4:0;SKN;64-0208;187;VALIDE;chap->v.6: fera peres peres;CONCEPT
1 Corinthiens 12:0;SKN;64-0614M;242;VALIDE;chap->v.13: avons seul seul soit soit soit soit;CONCEPT
1 Corinthiens 12:0;SKN;64-0614M;287;VALIDE;chap->v.10: autre autre autre autre autre;CONCEPT
1 Timothee 3:16;SKN;64-0614M;79;EXACT;contredit mystere piete grand dieu chair parmi [couverture 7/14];CONCEPT
2 Corinthiens 3:0;SKN;64-0614M;16;VALIDE;chap->v.14: ont jusqua aujourdhui meme prend;CONCEPT
Apocalypse 10:0;SKN;64-0614M;336;VALIDE;chap->v.7: jours septieme ange sera mystere dieu sera;CONCEPT
Apocalypse 10:0;SKN;64-0614M;341;VALIDE;chap->v.4: sept parle ciel disant scelle sept;CONCEPT
Apocalypse 10:0;SKN;64-0614M;342;VALIDE;chap->v.4: sept parle ciel disant scelle choses sept;CONCEPT
Apocalypse 19:0;SKN;64-0614M;342;VALIDE;chap->v.11: ciel cheval blanc celui appele;CONCEPT
Apocalypse 22:0;SKN;64-0614M;62;VALIDE;chap->v.18: quiconque quelquun ajoute dieu lui ajoutera;CONCEPT
Exode 19:0;SKN;64-0614M;129;VALIDE;chap->v.7: moise peuple devant eux lui avait;CONCEPT
Genese 1:0;SKN;64-0614M;62;VALIDE;chap->v.25: dieu selon selon selon dieu;CONCEPT
Genese 1:0;SKN;64-0614M;75;VALIDE;chap->v.25: dieu terre selon selon selon dieu;CONCEPT
Hebreux 1:0;SKN;64-0614M;286;VALIDE;chap->v.1: dieu plusieurs reprises plusieurs parle peres prophetes;CONCEPT
Hebreux 13:8;SKN;64-0614M;88;EXACT;jesus meme hier aujourdhui eternellement [couverture 5/6];CONCEPT
Hebreux 13:8;SKN;64-0614M;322;PARTIEL;commencé, pas achevé — jesus meme;CONCEPT
Hebreux 13:8;SKN;64-0614M;346;VALIDE;meme hier aujourdhui eternellement;CONCEPT
Jean 1:0;SKN;64-0614M;83;VALIDE;chap->v.1: commencement etait parole parole etait dieu parole etait;CONCEPT
Jean 12:20;SKN;64-0614M;94;VALIDE;grecs dentre etaient;CONCEPT
Jean 14:12;SKN;64-0614M;302;EXACT;verite celui moi lui fais [couverture 7/14];CONCEPT
Joel 2:28;SKN;64-0614M;74;VALIDE;apres repandrai esprit fils;CONCEPT
Luc 17:28;SKN;64-0614M;322;PARTIEL;commencé, pas achevé — meme;CONCEPT
Luc 17:28-29;SKN;64-0614M;302;VALIDE;meme jours jour;CONCEPT
Malachie 4:0;SKN;64-0614M;73;VALIDE;chap->v.6: fera fils fils frappe;CONCEPT
Malachie 4:0;SKN;64-0614M;302;VALIDE;chap->v.5: voici envoie elie prophete avant jour;CONCEPT
Malachie 4:0;SKN;64-0614M;322;VALIDE;chap->v.5: prophete avant grand;CONCEPT
Marc 16:0;SKN;64-0614M;181;VALIDE;chap->v.4: regarde voient etait etait;CONCEPT
Matthieu 24:24;SKN;64-0614M;169;EXACT;faux signes prodiges possible meme elus [couverture 7/14];CONCEPT
Matthieu 28:0;SKN;64-0614M;302;VALIDE;chap->v.1: jour jour lautre voir;CONCEPT
Philippiens 2:0;SKN;64-0614M;19;VALIDE;chap->v.2: rendez joie ayez meme pensee ayant meme amour;CONCEPT
1 Corinthiens 12:13;SKN;59-1217;156;VALIDE;avons baptises seul esprit corps;CONCEPT
1 Timothee 3:16;SKN;59-1217;20;EXACT;contredit mystere piete grand dieu manifeste chair parmi [couverture 8/14];CONCEPT
Actes 4:0;SKN;59-1217;169;VALIDE;chap->v.30: main quil fasse prodiges nom saint serviteur jesus;CONCEPT
Actes 18:0;SKN;59-1217;61;VALIDE;chap->v.10: parce suis toi personne toi parce jai grand;CONCEPT
Actes 19:0;SKN;59-1217;61;VALIDE;chap->v.2: avez recu lesprit saint apres cru lui entendu;CONCEPT
Ephesiens 4:30;SKN;59-1217;63;VALIDE;nattristez saint dieu lequel avez scelles jour redemption;CONCEPT
Jean 1:0;SKN;59-1217;54;VALIDE;chap->v.1: commencement etait parole parole etait dieu parole etait;CONCEPT
Jean 12:24;SKN;59-1217;150;EXACT;dis grain ble terre sil meurt [couverture 6/14];CONCEPT
Jean 14:0;SKN;59-1217;19;VALIDE;chap->v.10: moi pere pere moi moi dis dis moi;CONCEPT
Jean 14:0;SKN;59-1217;21;VALIDE;chap->v.10: moi suis pere pere moi moi dis dis;CONCEPT
Jean 14:12;SKN;59-1217;53;EXACT;verite dis celui croit moi lui vais [couverture 8/14];CONCEPT
Jean 14:12;SKN;59-1217;60;EXACT;verite dis celui croit moi lui fais vais [couverture 8/14];CONCEPT
Jean 14:12;SKN;59-1217;65;VALIDE;verite dis celui croit moi fera lui fais;CONCEPT
Jean 14:12;SKN;59-1217;78;EXACT;dis moi lui fais parce [couverture 5/14];CONCEPT
Jean 14:14;SKN;59-1217;14;VALIDE;demandez quelque chose nom moi ferai;LECTURE
Jean 17:17;SKN;59-1217;54;EXACT;sanctifie verite parole [couverture 4/4];CONCEPT
Matthieu 10:0;SKN;59-1217;55;VALIDE;chap->v.37: celui pere moi nest moi celui fils moi;CONCEPT
1 Corinthiens 13:0;SKN;54-0829A;4;VALIDE;chap->v.2: jai prophetie mysteres connaissance foi montagnes lamour suis;LECTURE
Joel 1:0;SKN;54-0829A;11;VALIDE;chap->v.2: ecoutez ceci vieillards pretez loreille habitants pays ceci;LECTURE
Matthieu 16:0;SKN;54-0829A;30;VALIDE;chap->v.17: jesus lui simon chair sang tont revele cela;CONCEPT
1 Corinthiens 13:0;SKN;54-1205;14;VALIDE;chap->v.3: mes biens corps afin brule lamour cela rien;LECTURE
Hebreux 13:8;SKN;54-1205;1;EXACT;jesus meme hier aujourdhui eternellement [couverture 5/6];LECTURE
Jean 5:0;SKN;54-1205;13;VALIDE;chap->v.19: jesus verite verite dis fils rien lui meme;LECTURE
1 Corinthiens 13:0;SKN;56-0406;61;VALIDE;chap->v.13: maintenant choses foi lamour choses cest lamour;CONCEPT
Actes 2:0;SKN;56-0406;33;VALIDE;chap->v.36: certainement dieu seigneur christ jesus avez crucifie;CONCEPT
Hebreux 13:8;SKN;56-0406;59;VALIDE;jesus christ meme hier aujourdhui eternellement;CONCEPT
Jacques 5:15;SKN;56-0406;83;VALIDE;priere sil lui;CONCEPT
Jean 4:0;SKN;56-0406;68;VALIDE;chap->v.10: jesus lui connaissais don dieu celui donne moi;CONCEPT
Jean 5:19;SKN;56-0406;60;EXACT;jesus verite dis fils rien lui meme quil [couverture 8/14];CONCEPT
Jean 14:12;SKN;56-0406;49;EXACT;verite dis celui croit moi fera fais grandes [couverture 5/14];CONCEPT
Matthieu 8:0;SKN;56-0406;16;VALIDE;chap->v.17: esaie prophete lui pris nos porte nos;CONCEPT
1 Corinthiens 13:0;SKN;57-0309B;13;VALIDE;chap->v.2: prophetie mysteres connaissance foi suis rien;CONCEPT
Joel 2:25;SKN;57-0309B;7;VALIDE;qua sauterelle grande;LECTURE
Joel 2:38;SKN;57-0309B;11;LAPSUS;annoncé — dit en réalité actes 2:38;CONCEPT
actes 2:38;SKN;57-0309B;11;LAPSUS-LU;lu — annoncé sous Joel 2:38;CONCEPT
1 Corinthiens 13:0;SKN;57-0915E;193;VALIDE;chap->v.2: mysteres connaissance foi montagnes suis rien;CONCEPT
Esther 2:0;SKN;57-0915E;194;VALIDE;chap->v.5: homme fils fils fils;CONCEPT
Hebreux 13:12;SKN;57-0915E;181;EXACT;pourquoi jesus afin sanctifie peuple propre sang souffert [couverture 10/12];CONCEPT
Jeremie 1:4;SKN;57-0915E;128;PARTIEL;commencé, pas achevé — vint moi;CONCEPT
Matthieu 26:26;SKN;57-0915E;65;EXACT;mangeaient jesus pain beni rompit donna disciples prenez [couverture 11/14];CONCEPT
Romains 5:1;SKN;57-0915E;181;EXACT;justifies foi avons paix dieu seigneur jesus [couverture 7/10];CONCEPT
1 Corinthiens 13:0;SKN;59-0301M;91;VALIDE;chap->v.1: parle langues hommes anges lamour suis;CONCEPT
Deuteronome 14:2;SKN;59-0301M;95;PARTIEL;commencé, pas achevé — dieu;CONCEPT
1 Corinthiens 13:0;SKN;61-0217;45;VALIDE;chap->v.13: maintenant trois choses foi lamour choses cest lamour;CONCEPT
1 Jean 5:7;SKN;61-0217;58;VALIDE;trois rendent temoignage;CONCEPT
Actes 19:0;SKN;61-0217;55;VALIDE;chap->v.4: paul jean baptise bapteme peuple quils venait apres;CONCEPT
Apocalypse 7:0;SKN;61-0217;42;VALIDE;chap->v.1: apres cela vis quatre anges debout quatre coins;CONCEPT
Apocalypse 14:6;SKN;61-0217;41;VALIDE;vis autre ange milieu levangile eternel ceux terre;CONCEPT
Apocalypse 17:0;SKN;61-0217;60;VALIDE;chap->v.6: femme sang sang temoins jesus dun;CONCEPT
Ephesiens 1:13;SKN;61-0217;55;VALIDE;avez parole verite levangile cru scelles saint promesse;CONCEPT
Ephesiens 4:30;SKN;61-0217;55;VALIDE;nattristez saint dieu lequel avez scelles jour redemption;CONCEPT
Esaie 28:8-12;SKN;61-0217;62;PARTIEL;commencé, pas achevé — quil annonce;CONCEPT
Exode 19:0;SKN;61-0217;47;VALIDE;chap->v.20: montagne montagne moise montagne moise monta;CONCEPT
Exode 21:6;SKN;61-0217;72;VALIDE;alors maitre venir devant lui loreille poincon;CONCEPT
Ezechiel 9:0;SKN;61-0217;42;VALIDE;chap->v.4: lui passe milieu milieu jerusalem marque;CONCEPT
Galates 1:8;SKN;61-0217;55;EXACT;memes ange venu ciel quil soit anatheme [couverture 5/11];CONCEPT
Genese 4:15;SKN;61-0217;15;VALIDE;lui cest pourquoi cain fois signe;CONCEPT
Genese 14:0;SKN;61-0217;15;VALIDE;chap->v.24: seulement gens part moi eux;CONCEPT
Hebreux 4:0;SKN;61-0217;62;VALIDE;chap->v.7: fois jour david longtemps apres aujourdhui aujourdhui entendez;CONCEPT
Jean 5:24;SKN;61-0217;17;VALIDE;verite dis celui parole croit envoye vie eternelle;CONCEPT
Jean 17:17;SKN;61-0217;63;PARTIEL;commencé, pas achevé — sanctifie verite;CONCEPT
1 Corinthiens 13:0;SKN;65-1127B;247;VALIDE;chap->v.1: parle langues hommes anges suis;CONCEPT
Amos 3:7;SKN;65-1127B;210;VALIDE;seigneur fera rien revele prophetes;CONCEPT
Apocalypse 1:0;SKN;65-1127B;44;VALIDE;chap->v.20: sept sept sept sept sept;CONCEPT
Apocalypse 10:0;SKN;65-1127B;301;VALIDE;chap->v.6: jura celui vit siecles siecles ciel choses terre;CONCEPT
Apocalypse 10:0;SKN;65-1127B;322;VALIDE;chap->v.9: men allai lui livre prends;CONCEPT
Deuteronome 4:0;SKN;65-1127B;322;VALIDE;chap->v.10: jour devant dieu moi mes;CONCEPT
Deuteronome 4:4;SKN;65-1127B;322;PARTIEL;commencé, pas achevé — dieu;CONCEPT
Jean 15:0;SKN;65-1127B;19;VALIDE;chap->v.2: sarment porte fruit sarment porte fruit porte fruit;CONCEPT
Joel 2:28;SKN;65-1127B;217;VALIDE;cela esprit vos fils;CONCEPT
Luc 17:30;SKN;65-1127B;212;VALIDE;meme jour fils;CONCEPT
Malachie 3:0;SKN;65-1127B;211;VALIDE;chap->v.1: messager devant moi seigneur viendra;CONCEPT
Malachie 4:0;SKN;65-1127B;210;VALIDE;chap->v.5: elie prophete avant vienne grand jour;CONCEPT
Malachie 4:0;SKN;65-1127B;301;VALIDE;chap->v.5: envoie vienne jour;CONCEPT
Malachie 4:0;SKN;65-1127B;322;VALIDE;chap->v.4: moise lui israel;CONCEPT
Marc 7:7;SKN;65-1127B;104;PARTIEL;commencé, pas achevé — vain commandements;CONCEPT
Matthieu 11:0;SKN;65-1127B;211;VALIDE;chap->v.27: mont pere fils pere pere fils;CONCEPT
Psaumes 22:0;SKN;65-1127B;315;VALIDE;chap->v.16: ont perce mes mains mes pieds;CONCEPT
Romains 8:0;SKN;65-1127B;139;VALIDE;chap->v.17: dieu christ lui afin lui;CONCEPT
1 Corinthiens 13:14;SKN;61-0723E;40;LAPSUS;annoncé — dit en réalité 1 corinthiens 13:13;CONCEPT
1 corinthiens 13:13;SKN;61-0723E;40;LAPSUS-LU;lu — annoncé sous 1 Corinthiens 13:14;CONCEPT
1 Pierre 3:0;SKN;61-0723E;53;VALIDE;chap->v.18: christ souffert fois peches juste injustes afin quil;CONCEPT
1 Pierre 3:18;SKN;61-0723E;52;EXACT;christ souffert fois peches juste injustes afin quil [couverture 13/14];CONCEPT
Actes 2:0;SKN;61-0723E;54;VALIDE;chap->v.30: prophete dieu lui avait serment quil asseoir quelquun;CONCEPT
Actes 2:38;SKN;61-0723E;37;EXACT;soit baptise nom jesus don saint esprit [couverture 7/14];CONCEPT
Ezechiel 38:0;SKN;61-0723E;101;VALIDE;chap->v.14: cest dis gog ainsi seigneur leternel israel;CONCEPT
Ezechiel 38:0;SKN;61-0723E;102;VALIDE;chap->v.14: cest dis gog ainsi seigneur leternel israel;CONCEPT
Hebreux 6:0;SKN;61-0723E;85;VALIDE;chap->v.8: epines chardons reprouvee pres fin detre;CONCEPT
Hebreux 6:0;SKN;61-0723E;86;VALIDE;chap->v.8: epines chardons reprouvee pres fin detre;CONCEPT
Jean 5:24;SKN;61-0723E;58;EXACT;celui parole croit envoye vie eternelle vient jugement [couverture 10/14];CONCEPT
Matthieu 24:0;SKN;61-0723E;108;VALIDE;chap->v.15: verrez labomination desolation parle daniel prophete etablie lieu;CONCEPT
Matthieu 28:19;SKN;61-0723E;37;EXACT;faites nom pere fils saint esprit [couverture 6/10];CONCEPT
Matthieu 28:19;SKN;61-0723E;40;EXACT;nom pere fils saint esprit [couverture 5/10];CONCEPT
Psaumes 106:0;SKN;61-0723E;158;VALIDE;chap->v.7: nos peres egypte attentifs tes multitude tes rebelles;CONCEPT
1 Corinthiens 15:0;SKN;52-0713A;34;VALIDE;chap->v.3: avant choses jai recu christ mort nos selon;CONCEPT
Actes 19:0;SKN;52-0713A;7;VALIDE;chap->v.2: avez recu lesprit saint apres cru lui meme;LECTURE
1 Corinthiens 15:0;SKN;52-0726;29;VALIDE;chap->v.28: choses lui alors fils lui meme sera celui;CONCEPT
Actes 2:22;SKN;52-0726;64;EXACT;hommes israelites ecoutez paroles jesus homme dieu miracles [couverture 8/14];CONCEPT
Hebreux 13:8;SKN;52-0726;64;EXACT;jesus meme hier aujourdhui eternellement [couverture 5/6];CONCEPT
Jean 5:19;SKN;52-0726;39;EXACT;jesus verite dis fils rien lui meme quil [couverture 6/14];CONCEPT
1 Corinthiens 15:0;SKN;60-0417M;165;VALIDE;chap->v.9: suis suis digne dieu;CONCEPT
Jean 14:12;SKN;60-0417M;51;VALIDE;dis celui croit moi fera lui uvres fais;CONCEPT
Marc 11:23;SKN;60-0417M;222;VALIDE;dis dira toi;CONCEPT
Marc 16:0;SKN;60-0417M;34;VALIDE;chap->v.9: etant ressuscite matin premier jour semaine apparut marie;CONCEPT
1 Corinthiens 15:29;SKN;54-0515;317;EXACT;autrement ceux baptises morts ressuscitent absolument pourquoi eux [couverture 10/11];CONCEPT
Actes 1:0;SKN;54-0515;101;VALIDE;chap->v.2: jour ciel apres lesprit saint avait;CONCEPT
Actes 1:8;SKN;54-0515;90;EXACT;puissance saint esprit serez mes temoins jerusalem judee [couverture 11/14];CONCEPT
Actes 2:0;SKN;54-0515;102;VALIDE;chap->v.4: furent remplis lesprit saint parler dautres langues selon;CONCEPT
Actes 2:38;SKN;54-0515;183;EXACT;pierre baptise nom jesus don saint [couverture 6/14];CONCEPT
Actes 2:38;SKN;54-0515;218;EXACT;pierre soit baptise nom jesus saint [couverture 6/14];CONCEPT
Actes 2:38;SKN;54-0515;219;EXACT;pierre soit baptise nom jesus saint [couverture 6/14];CONCEPT
Actes 7:48;SKN;54-0515;218;PARTIEL;commencé, pas achevé — main;CONCEPT
Actes 10:49;SKN;54-0515;112;LAPSUS;annoncé — dit en réalité actes 10:44;CONCEPT
actes 10:44;SKN;54-0515;112;LAPSUS-LU;lu — annoncé sous Actes 10:49;CONCEPT
Actes 10:49;SKN;54-0515;218;LAPSUS;annoncé — dit en réalité actes 10:48;CONCEPT
actes 10:48;SKN;54-0515;218;LAPSUS-LU;lu — annoncé sous Actes 10:49;CONCEPT
Actes 19:5;SKN;54-0515;218;EXACT;choses furent baptises nom seigneur jesus [couverture 6/8];CONCEPT
Apocalypse 7:0;SKN;54-0515;153;VALIDE;chap->v.14: lui dis ceux viennent grande tribulation ont lave;CONCEPT
Ephesiens 1:13;SKN;54-0515;84;VALIDE;avez scelles saint;CONCEPT
Ephesiens 4:30;SKN;54-0515;84;VALIDE;nattristez saint dieu lequel avez scelles jour redemption;CONCEPT
Galates 1:8;SKN;54-0515;353;EXACT;ange ciel quil soit anatheme [couverture 5/11];CONCEPT
Galates 1:9;SKN;54-0515;353;EXACT;deja maintenant dis avez recu quil soit anatheme [couverture 8/12];CONCEPT
Genese 2:0;SKN;54-0515;281;VALIDE;chap->v.7: dieu forma lhomme poussiere sol vie lhomme devint;CONCEPT
Hebreux 13:12;SKN;54-0515;89;EXACT;cest jesus afin quil sanctifie peuple propre sang [couverture 11/12];CONCEPT
Luc 24:49;SKN;54-0515;90;EXACT;voici moi pere ville jusqua soyez revetus puissance [couverture 9/13];CONCEPT
Matthieu 28:0;SKN;54-0515;277;VALIDE;chap->v.19: allez nom pere fils saint;CONCEPT
Matthieu 28:19;SKN;54-0515;169;VALIDE;disciples nom pere fils saint;CONCEPT
Matthieu 28:19;SKN;54-0515;176;EXACT;faites nom pere fils saint [couverture 5/10];CONCEPT
Matthieu 28:19;SKN;54-0515;181;EXACT;allez faites disciples nations baptisant nom pere fils [couverture 9/10];CONCEPT
Matthieu 28:19;SKN;54-0515;198;EXACT;allez faites disciples nations baptisant nom pere fils [couverture 9/10];CONCEPT
Romains 5:1;SKN;54-0515;88;EXACT;justifies foi avons paix dieu seigneur jesus [couverture 7/10];CONCEPT
1 Jean 1:0;SKN;60-0709;24;VALIDE;chap->v.7: marchons lumiere lui meme lumiere avons communion autres;CONCEPT
1 Jean 1:7;SKN;60-0709;24;VALIDE;marchons lumiere lui meme avons communion autres sang;CONCEPT
Ephesiens 4:30;SKN;60-0709;101;VALIDE;nattristez saint dieu lequel avez jour redemption;CONCEPT
Ephesiens 6:0;SKN;60-0709;46;VALIDE;chap->v.8: soit soit homme quelque quil seigneur;CONCEPT
Genese 1:0;SKN;60-0709;26;VALIDE;chap->v.31: dieu quil avait voici cela etait bon soir;CONCEPT
Hebreux 13:12;SKN;60-0709;52;VALIDE;cest jesus afin quil sanctifie peuple propre sang;CONCEPT
Jean 4:0;SKN;60-0709;41;VALIDE;chap->v.10: jesus lui don dieu celui donne moi lui;CONCEPT
Jean 5:24;SKN;60-0709;79;VALIDE;dis celui parole croit envoye vie eternelle passe;CONCEPT
Nombres 19:0;SKN;60-0709;24;VALIDE;chap->v.20: lhomme sera sera purifie ame sera leternel;CONCEPT
Nombres 19:0;SKN;60-0709;33;VALIDE;chap->v.4: eleazar sacrificateur sang doigt sang sept fois;CONCEPT
Romains 5:1;SKN;60-0709;67;EXACT;justifies foi avons paix dieu seigneur jesus [couverture 6/10];CONCEPT
1 Jean 1:8-10;SKN;59-1223;139;VALIDE;disons peche seduisons verite confessons nos peches fidele;CONCEPT
1 Jean 1:8-10;SKN;59-1223;140;VALIDE;disons peche seduisons verite confessons nos peches fidele;CONCEPT
Actes 2:0;SKN;59-1223;168;VALIDE;chap->v.33: dieu recu saint repandu voyez;CONCEPT
Apocalypse 22:0;SKN;59-1223;44;VALIDE;chap->v.16: moi jesus choses moi racine;CONCEPT
Deuteronome 1:0;SKN;59-1223;175;VALIDE;chap->v.19: sommes avons desert avez dieu;CONCEPT
Ephesiens 1:0;SKN;59-1223;117;VALIDE;chap->v.3: beni soit dieu pere seigneur jesus christ benis;CONCEPT
Ephesiens 4:30;SKN;59-1223;171;EXACT;saint dieu lequel avez scelles jour redemption [couverture 7/9];CONCEPT
Hebreux 4:0;SKN;59-1223;173;VALIDE;chap->v.2: meme ceux parole foi ceux;CONCEPT
Hebreux 6:0;SKN;59-1223;173;VALIDE;chap->v.4: impossible ceux ont fois eclaires ont goute don;CONCEPT
Hebreux 6:4;SKN;59-1223;2;PARTIEL;commencé, pas achevé — don saint;LECTURE
Hebreux 10:26;SKN;59-1223;2;PARTIEL;commencé, pas achevé — connaissance;LECTURE
Hebreux 10:26;SKN;59-1223;173;LAPSUS;annoncé — dit en réalité Ephesiens 4:30;CONCEPT
Ephesiens 4:30;SKN;59-1223;173;LAPSUS-LU;lu — annoncé sous Hebreux 10:26;CONCEPT
Jean 5:24;SKN;59-1223;51;EXACT;celui entend parole croit envoye vie eternelle vient [couverture 5/14];CONCEPT
Jean 6:0;SKN;59-1223;51;VALIDE;chap->v.35: jesus moi suis vie celui vient moi jamais;CONCEPT
Jeremie 1:4;SKN;59-1223;115;PARTIEL;commencé, pas achevé — moi;CONCEPT
Romains 7:0;SKN;59-1223;92;VALIDE;chap->v.25: graces dieu jesus seigneur ainsi moi loi dieu;CONCEPT
Romains 7:22;SKN;59-1223;92;PARTIEL;commencé, pas achevé — loi dieu;CONCEPT
Romains 7:25;SKN;59-1223;2;VALIDE;dieu seigneur ainsi peche;LECTURE
1 Jean 2:15;SKN;65-1125;130;EXACT;monde choses aime [couverture 5/11];CONCEPT
Actes 2:38;SKN;65-1125;98;VALIDE;chacun don saint;CONCEPT
Actes 2:38;SKN;65-1125;99;VALIDE;christ don saint;CONCEPT
Actes 2:38;SKN;65-1125;131;VALIDE;pierre baptise nom christ saint;CONCEPT
Apocalypse 3:0;SKN;65-1125;59;VALIDE;chap->v.5: celui celui sera vie;CONCEPT
Apocalypse 10:0;SKN;65-1125;231;VALIDE;chap->v.7: jours septieme ange sera mystere dieu sera termine;CONCEPT
Apocalypse 17:0;SKN;65-1125;114;VALIDE;chap->v.1: sept sept viens ici;CONCEPT
Genese 4:16;SKN;65-1125;107;VALIDE;cain habita nod;CONCEPT
Jean 14:12;SKN;65-1125;154;VALIDE;dis celui fera;CONCEPT
Joel 2:38;SKN;65-1125;154;LAPSUS;annoncé — dit en réalité joel 2:26;CONCEPT
joel 2:26;SKN;65-1125;154;LAPSUS-LU;lu — annoncé sous Joel 2:38;CONCEPT
Luc 17:30;SKN;65-1125;154;VALIDE;sera jour manifeste;CONCEPT
Luc 17:30;SKN;65-1125;225;VALIDE;meme jour fils manifeste;CONCEPT
Luc 23:27;SKN;65-1125;91;VALIDE;grande multitude peuple femmes frappaient poitrine;CONCEPT
Malachie 4:0;SKN;65-1125;180;VALIDE;chap->v.1: voici jour jour;CONCEPT
Malachie 4:0;SKN;65-1125;236;VALIDE;chap->v.3: vos jour ferai;CONCEPT
Marc 16:0;SKN;65-1125;85;VALIDE;chap->v.17: ici signes ceux auront cru;CONCEPT
Matthieu 24:24;SKN;65-1125;142;PARTIEL;commencé, pas achevé — possible elus;CONCEPT
Romains 5:1;SKN;65-1125;170;VALIDE;justifies foi dieu;CONCEPT
Romains 7:0;SKN;65-1125;21;VALIDE;chap->v.3: ainsi mari etant vivant sera appelee adultere autre;CONCEPT
Romains 7:0;SKN;65-1125;33;VALIDE;chap->v.2: femme mari mari loi tant vit mari loi;CONCEPT
Romains 7:0;SKN;65-1125;117;VALIDE;chap->v.25: dieu jesus christ ainsi meme dieu chair;CONCEPT
1 Jean 3:0;SKN;59-0810;4;VALIDE;chap->v.1: voyez quel don appeles dieu cest monde parce;CONCEPT
Jean 14:0;SKN;59-0810;42;VALIDE;chap->v.10: moi pere pere moi moi dis dis moi;CONCEPT
1 Jean 3:21;SKN;59-0706;35;VALIDE;condamne avons lassurance dieu;CONCEPT
Psaumes 119:0;SKN;59-0706;7;VALIDE;chap->v.59: jai pense mes voies jai tourne mes pieds;LECTURE
1 Jean 3:21;SKN;63-0825E;66;VALIDE;condamne avons lassurance dieu;CONCEPT
Actes 2:0;SKN;63-0825E;154;VALIDE;chap->v.17: arrivera derniers jours dieu esprit;CONCEPT
Jacques 5:14;SKN;63-0825E;106;VALIDE;quil lui seigneur;CONCEPT
Jean 3:21;SKN;63-0825E;65;PARTIEL;commencé, pas achevé — faites dieu;CONCEPT
Jean 14:12;SKN;63-0825E;153;VALIDE;dis lui grandes parce;CONCEPT
Jean 15:0;SKN;63-0825E;76;VALIDE;chap->v.4: demeurez moi moi lui meme quil demeure meme;CONCEPT
Marc 11:23;SKN;63-0825E;153;VALIDE;dis toi quil aura;CONCEPT
Marc 16:0;SKN;63-0825E;106;VALIDE;chap->v.20: eux seigneur eux parole;CONCEPT
Marc 16:0;SKN;63-0825E;153;VALIDE;chap->v.16: aura aura sera sauve sera;CONCEPT
1 Jean 4:0;SKN;50-0714;26;VALIDE;chap->v.6: dieu dieu nest dieu cela verite;CONCEPT
1 Jean 4:0;SKN;57-0908E;358;VALIDE;chap->v.15: jesus dieu dieu lui lui dieu;CONCEPT
Ephesiens 4:0;SKN;57-0908E;380;VALIDE;chap->v.30: saint esprit dieu lequel avez scelles jour redemption;CONCEPT
Ephesiens 4:30;SKN;57-0908E;380;EXACT;saint esprit dieu lequel avez scelles jour redemption [couverture 8/9];CONCEPT
Galates 3:16;SKN;57-0908E;416;EXACT;abraham promesses ont faites plusieurs seul christ [couverture 7/14];CONCEPT
Hebreux 10:0;SKN;57-0908E;379;VALIDE;chap->v.1: loi ayant meme choses;CONCEPT
Jean 4:0;SKN;57-0908E;358;VALIDE;chap->v.10: jesus lui dieu lui;CONCEPT
Matthieu 3:0;SKN;57-0908E;440;VALIDE;chap->v.16: jesus voici cieux lui furent ouverts vit dieu;CONCEPT
Matthieu 3:0;SKN;57-0908E;442;VALIDE;chap->v.16: jesus baptise aussitot voici cieux lui furent ouverts;CONCEPT
Matthieu 3:0;SKN;57-0908E;443;VALIDE;chap->v.16: jesus baptise aussitot voici cieux lui furent ouverts;CONCEPT
Matthieu 5:45;SKN;57-0908E;351;EXACT;soyez fils pere cieux lever soleil mechants bons [couverture 11/13];CONCEPT
1 Jean 4:3;SKN;55-0311;21;VALIDE;esprit confesse jesus christ venu chair dieu;CONCEPT
Matthieu 11:0;SKN;55-0311;22;VALIDE;chap->v.23: toi ciel seras jusque miracles milieu toi;CONCEPT
Matthieu 24:0;SKN;55-0311;24;VALIDE;chap->v.2: lui voyez choses verite dis sera soit bas;CONCEPT
Actes 10:49;SKN;65-0801M;199;LAPSUS;annoncé — dit en réalité actes 10:44;CONCEPT
actes 10:44;SKN;65-0801M;199;LAPSUS-LU;lu — annoncé sous Actes 10:49;CONCEPT
Apocalypse 3:14;SKN;65-0801M;46;PARTIEL;commencé, pas achevé — laodicee dieu;CONCEPT
Apocalypse 13:4;SKN;65-0801M;82;EXACT;parce avait donne bete [couverture 5/14];CONCEPT
Apocalypse 13:6;SKN;65-0801M;124;VALIDE;dieu nom ceux;CONCEPT
Apocalypse 18:0;SKN;65-0801M;45;VALIDE;chap->v.3: nations ont vin fureur fornication rois terre ont;CONCEPT
Apocalypse 18:1;SKN;65-0801M;45;EXACT;apres choses vis autre ange ciel grand terre [couverture 10/14];CONCEPT
Ephesiens 2:0;SKN;65-0801M;62;VALIDE;chap->v.2: lesquels autrefois selon train monde selon maintenant;CONCEPT
Ephesiens 2:1;SKN;65-0801M;62;EXACT;lorsque etiez morts vos peches [couverture 5/7];CONCEPT
Ephesiens 4:30;SKN;65-0801M;168;VALIDE;saint esprit dieu avez jour;CONCEPT
Esaie 14:0;SKN;65-0801M;77;VALIDE;chap->v.13: toi monterai trone etoiles dieu montagne;CONCEPT
Esaie 14:12;SKN;65-0801M;77;VALIDE;tombe fils terre toi nations;CONCEPT
Galates 1:1-4;SKN;65-0801M;27;EXACT;paul apotre part hommes jesus christ dieu pere [couverture 9/12];CONCEPT
Hebreux 7:0;SKN;65-0801M;64;VALIDE;chap->v.4: combien grand etait celui abraham dime butin patriarche;CONCEPT
Hebreux 13:8;SKN;65-0801M;161;VALIDE;jesus christ meme hier;CONCEPT
Jean 1:0;SKN;65-0801M;71;VALIDE;chap->v.1: etait parole parole etait dieu parole etait dieu;CONCEPT
Jean 1:0;SKN;65-0801M;88;VALIDE;chap->v.1: commencement etait parole parole etait dieu parole etait;CONCEPT
Jean 3:10;SKN;65-0801M;135;PARTIEL;commencé, pas achevé — connais;CONCEPT
Jean 14:12;SKN;65-0801M;104;PARTIEL;commencé, pas achevé — moi fera;CONCEPT
Luc 17:30;SKN;65-0801M;104;VALIDE;meme jour fils manifeste;CONCEPT
Malachie 4:0;SKN;65-0801M;36;VALIDE;chap->v.5: prophete grand jour;CONCEPT
Malachie 4:0;SKN;65-0801M;104;VALIDE;chap->v.2: nom levera soleil guerison;CONCEPT
Malachie 4:0;SKN;65-0801M;174;VALIDE;chap->v.1: voici jour vient jour vient;CONCEPT
Matthieu 24:0;SKN;65-0801M;34;VALIDE;chap->v.24: faux faux prophetes signes prodiges seduire possible meme;CONCEPT
Matthieu 27:15-23;SKN;65-0801M;71;VALIDE;avait alors barabbas;CONCEPT
Proverbes 3:5;SKN;65-0801M;131;PARTIEL;commencé, pas achevé — confie intelligence;CONCEPT
1 Jean 5:0;SKN;59-0628E;189;VALIDE;chap->v.16: voit frere peche soit mort lui lui donnera;CONCEPT
1 Jean 5:16;SKN;59-0628E;189;EXACT;voit frere peche soit mort lui donnera vie [couverture 8/14];CONCEPT
1 Jean 5:18;SKN;59-0628E;183;EXACT;savons quiconque dieu peche lui [couverture 6/11];CONCEPT
Actes 19:0;SKN;59-0628E;45;VALIDE;chap->v.2: avez recu saint cru lui saint;CONCEPT
Actes 19:0;SKN;59-0628E;146;VALIDE;chap->v.2: avez recu saint cru lui meme entendu saint;CONCEPT
Apocalypse 12:0;SKN;59-0628E;75;VALIDE;chap->v.12: pourquoi rejouissez cieux terre diable descendu;CONCEPT
Apocalypse 13:8;SKN;59-0628E;165;EXACT;ceux terre nom ecrit fondation monde livre vie [couverture 9/14];CONCEPT
Apocalypse 13:8;SKN;59-0628E;166;EXACT;ceux terre nom ecrit fondation monde livre vie [couverture 9/14];CONCEPT
Ephesiens 1:4-5;SKN;59-0628E;165;EXACT;selon elus lui avant fondation monde soyons saints [couverture 11/13];CONCEPT
Ephesiens 4:30;SKN;59-0628E;123;EXACT;saint esprit dieu lequel avez scelles jour redemption [couverture 8/9];CONCEPT
Esaie 14:12;SKN;59-0628E;66;VALIDE;tombe astre brillant fils abattu terre toi nations;CONCEPT
Ezechiel 28:12;SKN;59-0628E;74;VALIDE;lui ainsi seigneur;CONCEPT
Ezechiel 28:12;SKN;59-0628E;85;EXACT;fils complainte roi tyr lui ainsi seigneur etais [couverture 8/14];CONCEPT
Galates 1:8;SKN;59-0628E;157;VALIDE;ange ciel soit anatheme;CONCEPT
Genese 3:8;SKN;59-0628E;174;PARTIEL;commencé, pas achevé — dieu femme;CONCEPT
Genese 4:0;SKN;59-0628E;173;VALIDE;chap->v.1: connut eve femme concut enfanta cain homme;CONCEPT
Hebreux 10:0;SKN;59-0628E;137;VALIDE;chap->v.12: celui seul sacrifice peches dieu;CONCEPT
Jean 3:0;SKN;59-0628E;129;VALIDE;chap->v.13: monte ciel ciel ciel;CONCEPT
Jean 5:0;SKN;59-0628E;47;VALIDE;chap->v.24: verite verite dis celui parole croit celui envoye;CONCEPT
Jean 17:17;SKN;59-0628E;44;PARTIEL;commencé, pas achevé — verite parole;CONCEPT
Luc 10:18;SKN;59-0628E;68;EXACT;voyais satan tombant ciel eclair [couverture 5/5];CONCEPT
Marc 16:0;SKN;59-0628E;92;VALIDE;chap->v.17: ici signes accompagneront ceux auront cru nom chasseront;CONCEPT
Matthieu 1:18;SKN;59-0628E;150;EXACT;naissance jesus arriva ainsi mere marie fiancee joseph [couverture 7/14];CONCEPT
Matthieu 7:6;SKN;59-0628E;41;EXACT;donnez saint chiens jetez vos perles devant pourceaux [couverture 12/14];CONCEPT
Matthieu 7:21-23;SKN;59-0628E;155;VALIDE;ceux disent seigneur entreront royaume cieux celui volonte;CONCEPT
Matthieu 19:9;SKN;59-0628E;184;EXACT;quiconque femme cause fornication autre commet adultere epouse [couverture 9/14];CONCEPT
Matthieu 19:9;SKN;59-0628E;185;EXACT;quiconque femme cause fornication autre commet adultere epouse [couverture 9/14];CONCEPT
Matthieu 25:1;SKN;59-0628E;103;VALIDE;dix vierges lampes rencontre;CONCEPT
Matthieu 28:19;SKN;59-0628E;142;EXACT;faites disciples nations baptisant nom pere fils saint [couverture 8/10];CONCEPT
Matthieu 28:19;SKN;59-0628E;150;EXACT;faites disciples nom pere fils saint esprit [couverture 5/10];CONCEPT
Romains 4:0;SKN;59-0628E;45;VALIDE;chap->v.3: abraham crut dieu cela lui fut compte justice;CONCEPT
Romains 4:8;SKN;59-0628E;184;PARTIEL;commencé, pas achevé — seigneur peche;CONCEPT
Romains 8:0;SKN;59-0628E;119;VALIDE;chap->v.5: ceux selon ont ceux selon;CONCEPT
1 Jean 5:1;SKN;53-1112;18;VALIDE;jesus dieu aime lui;CONCEPT
Actes 2:0;SKN;53-1112;2;VALIDE;chap->v.22: hommes israelites ecoutez paroles jesus homme dieu miracles;LECTURE
Jean 7:5;SKN;53-1112;18;PARTIEL;commencé, pas achevé — lui;CONCEPT
1 Jean 5:7;SKN;54-0516;23;VALIDE;trois rendent temoignage;CONCEPT
Apocalypse 12:0;SKN;54-0516;53;VALIDE;chap->v.1: grand signe ciel femme soleil lune pieds;CONCEPT
Romains 8:1;SKN;54-0516;84;VALIDE;maintenant aucune condamnation ceux jesus;CONCEPT
1 Jean 5:7;SKN;57-0901E;125;EXACT;trois rendent temoignage [couverture 3/3];CONCEPT
1 Timothee 3:16;SKN;57-0901E;131;EXACT;contredit mystere piete grand dieu manifeste chair esprit [couverture 11/14];CONCEPT
Apocalypse 13:0;SKN;57-0901E;103;VALIDE;chap->v.11: autre bete terre avait deux cornes agneau parlait;CONCEPT
Galates 1:8;SKN;57-0901E;114;VALIDE;ange ciel soit anatheme;CONCEPT
Hebreux 13:0;SKN;57-0901E;20;VALIDE;chap->v.7: vos annonce parole dieu conduite;CONCEPT
Matthieu 1:18;SKN;57-0901E;129;VALIDE;naissance jesus ainsi marie;CONCEPT
Matthieu 20:0;SKN;57-0901E;152;VALIDE;chap->v.12: disant avons jour;CONCEPT
Matthieu 28:0;SKN;57-0901E;157;VALIDE;chap->v.7: allez dites voici voici lai;CONCEPT
Romains 8:1;SKN;57-0901E;209;EXACT;maintenant aucune condamnation ceux christ jesus [couverture 6/6];CONCEPT
1 Jean 5:7;SKN;60-0611B;30;VALIDE;trois rendent temoignage;CONCEPT
Romains 5:0;SKN;60-0611B;31;VALIDE;chap->v.12: cest seul homme peche monde peche passe ont;CONCEPT
Romains 8:0;SKN;60-0611B;31;VALIDE;chap->v.26: meme lesprit savons quil faut lesprit lui meme;CONCEPT
1 Jean 5:7;SKN;61-0312;58;VALIDE;trois rendent temoignage;CONCEPT
Actes 19:0;SKN;61-0312;13;VALIDE;chap->v.10: cela pendant deux ans ceux parole;CONCEPT
Ephesiens 4:30;SKN;61-0312;41;VALIDE;nattristez saint dieu lequel avez jour redemption;CONCEPT
Genese 1:26;SKN;61-0312;70;VALIDE;dieu homme mer cieux terre;CONCEPT
Genese 12:0;SKN;61-0312;37;VALIDE;chap->v.4: lui avait lui etait ans;CONCEPT
Genese 12:0;SKN;61-0312;60;VALIDE;chap->v.4: lui avait lui etait age ans;CONCEPT
Genese 12:0;SKN;61-0312;63;VALIDE;chap->v.4: sen lui avait lot sen lui etait ans;CONCEPT
Genese 15:0;SKN;61-0312;60;VALIDE;chap->v.4: voici parole lui celui sera celui tes lui;CONCEPT
Genese 17:0;SKN;61-0312;60;VALIDE;chap->v.5: nom sera appele nom sera abraham pere dune;CONCEPT
Genese 18:0;SKN;61-0312;63;VALIDE;chap->v.18: abraham doit devenir grande quen lui;CONCEPT
Genese 18:0;SKN;61-0312;76;VALIDE;chap->v.5: apres cest cela avez passe pres;CONCEPT
Genese 18:0;SKN;61-0312;79;VALIDE;chap->v.10: toi terme sera voici sara femme fils sara;CONCEPT
Genese 22:0;SKN;61-0312;95;VALIDE;chap->v.7: isaac abraham pere pere voici fils voici feu;CONCEPT
Marc 16:0;SKN;61-0312;59;VALIDE;chap->v.16: celui cru sera celui cru sera;CONCEPT
1 Jean 5:7;SKN;63-0116;60;EXACT;trois rendent temoignage [couverture 3/3];CONCEPT
Actes 4:0;SKN;63-0116;315;VALIDE;chap->v.17: afin cela soit parmi peuple nom soit;CONCEPT
Apocalypse 10:0;SKN;63-0116;74;VALIDE;chap->v.6: jura celui vit siecles siecles ciel choses terre;CONCEPT
Apocalypse 11:0;SKN;63-0116;130;VALIDE;chap->v.10: sujet autres deux prophetes;CONCEPT
Hebreux 1:0;SKN;63-0116;142;VALIDE;chap->v.1: dieu autrefois plusieurs reprises plusieurs manieres parle peres;CONCEPT
Malachie 3:0;SKN;63-0116;225;VALIDE;chap->v.1: voici messager devant viendra;CONCEPT
Malachie 3:0;SKN;63-0116;228;VALIDE;chap->v.1: messager chemin devant moi viendra;CONCEPT
Malachie 4:0;SKN;63-0116;187;VALIDE;chap->v.6: fera retourner peres peres;CONCEPT
Malachie 4:0;SKN;63-0116;222;VALIDE;chap->v.5: voici envoie avant vienne jour;CONCEPT
Malachie 4:0;SKN;63-0116;224;VALIDE;chap->v.5: voici envoie avant vienne jour;CONCEPT
Malachie 4:0;SKN;63-0116;225;VALIDE;chap->v.1: voici jour chaume jour;CONCEPT
Malachie 4:0;SKN;63-0116;226;VALIDE;chap->v.1: jour chaume jour;CONCEPT
Malachie 4:0;SKN;63-0116;228;VALIDE;chap->v.1: jour chaume jour;CONCEPT
Matthieu 24:0;SKN;63-0116;127;VALIDE;chap->v.33: meme verrez choses sachez cela proche porte;CONCEPT
1 Jean 5:7;SKN;63-0320;172;EXACT;trois rendent temoignage [couverture 3/3];CONCEPT
1 Timothee 3:16;SKN;63-0320;112;EXACT;contredit mystere piete grand dieu manifeste chair [couverture 7/14];CONCEPT
2 Timothee 3:0;SKN;63-0320;197;VALIDE;chap->v.17: dieu soit accompli parfaitement accompli;CONCEPT
Actes 2:0;SKN;63-0320;118;VALIDE;chap->v.22: hommes israelites ecoutez paroles jesus homme dieu miracles;CONCEPT
Actes 2:0;SKN;63-0320;119;VALIDE;chap->v.22: hommes israelites ecoutez paroles jesus homme dieu miracles;CONCEPT
Actes 2:0;SKN;63-0320;309;VALIDE;chap->v.26: cest pourquoi rejoui joie;CONCEPT
Actes 2:38;SKN;63-0320;136;PARTIEL;commencé, pas achevé — don;CONCEPT
Apocalypse 10:0;SKN;63-0320;41;VALIDE;chap->v.6: celui vit siecles siecles lequel ciel terre mer;CONCEPT
Apocalypse 10:0;SKN;63-0320;177;VALIDE;chap->v.7: jours septieme ange sera sonner trompette mystere dieu;CONCEPT
Apocalypse 10:17;SKN;63-0320;197;LAPSUS;annoncé — dit en réalité apocalypse 10:7;CONCEPT
apocalypse 10:7;SKN;63-0320;197;LAPSUS-LU;lu — annoncé sous Apocalypse 10:17;CONCEPT
Apocalypse 17:0;SKN;63-0320;139;VALIDE;chap->v.2: rois terre ont commis fornication terre ont fornication;CONCEPT
Apocalypse 17:0;SKN;63-0320;140;VALIDE;chap->v.2: rois terre ont commis fornication terre ont fornication;CONCEPT
Hebreux 4:0;SKN;63-0320;242;VALIDE;chap->v.2: meme ceux parole ceux;CONCEPT
Hebreux 13:8;SKN;63-0320;246;VALIDE;meme hier aujourdhui eternellement;CONCEPT
Jean 1:0;SKN;63-0320;98;VALIDE;chap->v.1: commencement etait parole parole etait dieu parole etait;CONCEPT
Jean 14:12;SKN;63-0320;197;VALIDE;dis fera lui parce;CONCEPT
Jean 14:12;SKN;63-0320;242;VALIDE;dis fera lui fais parce;CONCEPT
Jean 17:17;SKN;63-0320;174;PARTIEL;commencé, pas achevé — sanctifie parole;CONCEPT
Joel 2:38;SKN;63-0320;197;LAPSUS;annoncé — dit en réalité joel 2:11;CONCEPT
joel 2:11;SKN;63-0320;197;LAPSUS-LU;lu — annoncé sous Joel 2:38;CONCEPT
Levitique 8:12;SKN;63-0320;305;PARTIEL;commencé, pas achevé — lhuile;CONCEPT
Malachie 4:0;SKN;63-0320;162;VALIDE;chap->v.5: prophete vienne jour;CONCEPT
Malachie 4:0;SKN;63-0320;242;VALIDE;chap->v.1: jour ceux jour;CONCEPT
Matthieu 4:11;SKN;63-0320;275;PARTIEL;commencé, pas achevé — alors diable;CONCEPT
Matthieu 14:25;SKN;63-0320;305;PARTIEL;commencé, pas achevé — sen;CONCEPT
Matthieu 25:4;SKN;63-0320;305;PARTIEL;commencé, pas achevé — lhuile;CONCEPT
Zacharie 4:12;SKN;63-0320;305;VALIDE;fois cote conduits;CONCEPT
Apocalypse 3:0;SKN;64-0705;148;VALIDE;chap->v.12: celui colonne dieu lui dieu;CONCEPT
Apocalypse 3:0;SKN;64-0705;161;VALIDE;chap->v.2: reste mourir nai dieu;CONCEPT
Apocalypse 10:0;SKN;64-0705;167;VALIDE;chap->v.7: jours septieme ange sera dieu sera annonce;CONCEPT
Jean 12:0;SKN;64-0705;128;VALIDE;chap->v.19: eux voyez rien alle apres;CONCEPT
Jean 12:24;SKN;64-0705;116;EXACT;dis grain ble terre seul sil [couverture 6/14];CONCEPT
Jean 14:0;SKN;64-0705;68;VALIDE;chap->v.10: moi pere pere moi moi moi meme pere;CONCEPT
Luc 17:0;SKN;64-0705;170;VALIDE;chap->v.34: deux seront meme;CONCEPT
Malachie 3:0;SKN;64-0705;110;VALIDE;chap->v.14: cest dieu quel quil;CONCEPT
Malachie 4:0;SKN;64-0705;158;VALIDE;chap->v.3: vos jour leternel;CONCEPT
Malachie 4:0;SKN;64-0705;159;VALIDE;chap->v.3: vos jour leternel;CONCEPT
Malachie 4:0;SKN;64-0705;166;VALIDE;chap->v.1: jour seront jour;CONCEPT
Marc 9:7;SKN;64-0705;72;EXACT;nuee voix celui fils ecoutez [couverture 6/10];CONCEPT
Matthieu 24:24;SKN;64-0705;126;VALIDE;seduire possible elus;CONCEPT
1 Pierre 1:0;SKN;62-1111E;212;VALIDE;chap->v.5: etes dieu foi pret dernier;CONCEPT
1 Samuel 8:4;SKN;62-1111E;22;VALIDE;anciens vinrent samuel rama;CONCEPT
2 Timothee 3:0;SKN;62-1111E;196;VALIDE;chap->v.1: derniers jours temps;CONCEPT
Actes 2:38;SKN;62-1111E;64;VALIDE;jesus christ don;CONCEPT
Actes 2:38;SKN;62-1111E;66;VALIDE;jesus christ don;CONCEPT
Apocalypse 17:0;SKN;62-1111E;171;VALIDE;chap->v.3: vis femme assise bete ecarlate pleine noms blaspheme;CONCEPT
Apocalypse 17:0;SKN;62-1111E;181;VALIDE;chap->v.17: dieu mis seule meme donner bete;CONCEPT
Apocalypse 18:0;SKN;62-1111E;181;VALIDE;chap->v.3: ont rois terre ont terre riches;CONCEPT
Apocalypse 18:0;SKN;62-1111E;189;VALIDE;chap->v.1: apres vis autre ange ciel grand terre;CONCEPT
Galates 1:8;SKN;62-1111E;100;VALIDE;ange ciel soit anatheme;CONCEPT
Jean 3:0;SKN;62-1111E;59;VALIDE;chap->v.2: lui lui savons docteur venu dieu personne fais;CONCEPT
Marc 16:0;SKN;62-1111E;64;VALIDE;chap->v.18: auront quelque chose cela mains ceux;CONCEPT
Marc 16:0;SKN;62-1111E;66;VALIDE;chap->v.17: ici accompagneront ceux auront cru demons;CONCEPT
Nombres 16:1;SKN;62-1111E;41;PARTIEL;commencé, pas achevé — levi dathan;CONCEPT
1 Pierre 1:18;SKN;61-0611;148;PARTIEL;commencé, pas achevé — avait lor;CONCEPT
Actes 2:38;SKN;61-0611;77;EXACT;repentez chacun baptise nom jesus remission peches don [couverture 9/14];CONCEPT
Levitique 25:0;SKN;61-0611;130;VALIDE;chap->v.25: frere pauvre vend possession alors proche parent rachete;CONCEPT
Levitique 25:0;SKN;61-0611;132;VALIDE;chap->v.25: frere pauvre vend possession alors celui proche parent;CONCEPT
Levitique 25:23;SKN;61-0611;130;PARTIEL;commencé, pas achevé — pays;CONCEPT
Matthieu 5:0;SKN;61-0611;126;VALIDE;chap->v.5: debonnaires heriteront terre;CONCEPT
Matthieu 28:0;SKN;61-0611;78;VALIDE;chap->v.19: nom pere fils saint;CONCEPT
Romains 8:22;SKN;61-0611;103;VALIDE;savons creation soupire maintenant;CONCEPT
1 Pierre 1:19-20;SKN;60-0515E;102;VALIDE;sang precieux christ agneau defaut tache avant fondation;CONCEPT
Apocalypse 13:0;SKN;60-0515E;102;VALIDE;chap->v.8: ceux terre nom ecrit fondation monde livre vie;CONCEPT
Apocalypse 13:8;SKN;60-0515E;104;EXACT;ceux terre nom ecrit fondation monde livre vie [couverture 9/14];CONCEPT
Apocalypse 17:8;SKN;60-0515E;102;VALIDE;bete vue etait monter aller perdition ceux terre;CONCEPT
Apocalypse 17:8;SKN;60-0515E;103;EXACT;bete vue etait monter aller perdition ceux terre [couverture 9/14];CONCEPT
Ephesiens 4:30;SKN;60-0515E;110;VALIDE;saint dieu lequel avez scelles jour redemption;CONCEPT
Genese 1:26;SKN;60-0515E;99;VALIDE;dieu selon mer terre;CONCEPT
Genese 2:0;SKN;60-0515E;100;VALIDE;chap->v.4: ici terre jour dieu terre;CONCEPT
Joel 2:28;SKN;60-0515E;38;EXACT;apres repandrai esprit chair vos fils filles prophetiseront [couverture 10/14];CONCEPT
1 Pierre 3:19;SKN;57-1006;613;VALIDE;alle preche esprits prison;CONCEPT
1 Pierre 3:19;SKN;57-1006;615;EXACT;lequel alle preche esprits prison [couverture 5/6];CONCEPT
2 Pierre 2:4;SKN;57-1006;613;EXACT;dieu epargne anges ont peche precipites livres gardes [couverture 10/13];CONCEPT
Apocalypse 5:0;SKN;57-1006;677;VALIDE;chap->v.1: vis droite celui etait assis trone livre ecrit;CONCEPT
Apocalypse 5:0;SKN;57-1006;678;VALIDE;chap->v.1: vis droite celui etait assis trone livre ecrit;CONCEPT
Apocalypse 11:0;SKN;57-1006;624;VALIDE;chap->v.11: apres jours dieu entra pieds;CONCEPT
Apocalypse 11:0;SKN;57-1006;710;VALIDE;chap->v.4: deux deux seigneur terre;CONCEPT
Apocalypse 11:0;SKN;57-1006;712;VALIDE;chap->v.11: apres trois demi vie;CONCEPT
Apocalypse 11:0;SKN;57-1006;716;VALIDE;chap->v.9: corps mort trois jours demi corps;CONCEPT
Apocalypse 11:0;SKN;57-1006;725;VALIDE;chap->v.8: mort sera grande appelee spirituellement sodome egypte seigneur;CONCEPT
Apocalypse 21:19;SKN;57-1006;668;VALIDE;etaient pierre etait jaspe;CONCEPT
Esther 2:0;SKN;57-1006;615;VALIDE;chap->v.8: lorsque furent furent;CONCEPT
Galates 1:8;SKN;57-1006;762;VALIDE;ange ciel soit anatheme;CONCEPT
Genese 1:0;SKN;57-1006;601;VALIDE;chap->v.24: dieu terre vivants selon terre selon;CONCEPT
Genese 1:28;SKN;57-1006;824;PARTIEL;commencé, pas achevé — dieu;CONCEPT
Genese 2:0;SKN;57-1006;601;VALIDE;chap->v.23: fois celle mes celle sera femme quelle;CONCEPT
Genese 2:0;SKN;57-1006;824;VALIDE;chap->v.8: dieu planta jardin placa avait forme;CONCEPT
Genese 5:16;SKN;57-1006;600;PARTIEL;commencé, pas achevé — apres engendre;CONCEPT
Genese 38:0;SKN;57-1006;693;VALIDE;chap->v.8: juda femme frere frere suscite frere;CONCEPT
Genese 38:0;SKN;57-1006;706;VALIDE;chap->v.28: main sage lia main fil disant;CONCEPT
Psaumes 23:0;SKN;57-1006;833;VALIDE;chap->v.4: meme vallee mort aucun;CONCEPT
1 Pierre 5:8-10;SKN;62-0311;20;LAPSUS;annoncé — dit en réalité Daniel 12:1;CONCEPT
Daniel 12:1;SKN;62-0311;20;LAPSUS-LU;lu — annoncé sous 1 Pierre 5:8-10;CONCEPT
Daniel 12:0;SKN;62-0311;119;VALIDE;chap->v.1: grand chef sera detresse tel quil;CONCEPT
Daniel 12:1-14;SKN;62-0311;20;VALIDE;temps grand sera quil;CONCEPT
Ephesiens 6:10;SKN;62-0311;197;VALIDE;reste mes freres fortifiez seigneur puissance force;CONCEPT
Ephesiens 6:10-17;SKN;62-0311;20;PARTIEL;commencé, pas achevé — reste;CONCEPT
Genese 3:1;SKN;62-0311;97;VALIDE;etait dieu jardin;CONCEPT
Genese 3:4;SKN;62-0311;171;EXACT;serpent femme mourrez certainement [couverture 4/4];CONCEPT
Genese 3:4;SKN;62-0311;173;EXACT;serpent femme mourrez certainement [couverture 4/4];CONCEPT
Hebreux 4:0;SKN;62-0311;128;VALIDE;chap->v.12: parole dieu penetrante epee deux tranchants jusqua lame;CONCEPT
Hebreux 4:0;SKN;62-0311;197;VALIDE;chap->v.7: fois certain jour disant david longtemps apres aujourdhui;CONCEPT
Jacques 4:7;SKN;62-0311;197;VALIDE;dieu resistez diable;CONCEPT
Matthieu 24:0;SKN;62-0311;119;VALIDE;chap->v.21: aura grande telle quil maintenant quil aura jamais;CONCEPT
1 Rois 13:0;SKN;51-0722A;69;VALIDE;chap->v.23: apres quil eut mange apres quil eut quil;CONCEPT
Hebreux 13:0;SKN;51-0722A;14;VALIDE;chap->v.12: cest pourquoi jesus afin quil sanctifie peuple propre;LECTURE
Matthieu 24:0;SKN;51-0722A;11;VALIDE;chap->v.2: lui voyez choses dis sera laisse ici soit;CONCEPT
1 Rois 13:0;SKN;53-1114;33;VALIDE;chap->v.14: lhomme dieu assis lui lhomme dieu venu cest;CONCEPT
Luc 11:24;SKN;53-1114;70;PARTIEL;commencé, pas achevé — homme;CONCEPT
1 Rois 19:1-12;SKN;59-0412E;1;EXACT;achab jezabel avait comment tue lepee prophetes envoya [couverture 8/11];CONCEPT
Jean 4:0;SKN;59-0412E;58;VALIDE;chap->v.25: femme lui sais messie vient celui sera venu;CONCEPT
1 Samuel 18:10;SKN;59-1219;88;VALIDE;mauvais esprit dieu saul;CONCEPT
Actes 2:0;SKN;59-1219;33;VALIDE;chap->v.6: bruit ceci repandu multitude fut confondue chacun entendait;CONCEPT
Actes 19:5;SKN;59-1219;17;PARTIEL;commencé, pas achevé — seigneur jesus;CONCEPT
Hebreux 6:0;SKN;59-1219;203;VALIDE;chap->v.4: ceux ont ont goute saint;CONCEPT
Hebreux 6:4-6;SKN;59-1219;160;VALIDE;ceux fois don saint parole;CONCEPT
Hebreux 10:0;SKN;59-1219;168;VALIDE;chap->v.26: pechons volontairement apres recu connaissance verite sacrifice peches;CONCEPT
Jean 3:3;SKN;59-1219;29;VALIDE;jesus lui dis voir royaume dieu;CONCEPT
Jean 3:16;SKN;59-1219;29;VALIDE;dieu aime donne lui;CONCEPT
Jean 5:24;SKN;59-1219;162;VALIDE;dis celui parole croit envoye vie eternelle vient;CONCEPT
Jean 6:0;SKN;59-1219;162;VALIDE;chap->v.35: jesus moi vie celui vient moi jamais celui;CONCEPT
Jean 14:0;SKN;59-1219;45;VALIDE;chap->v.10: moi suis pere pere moi moi moi meme;CONCEPT
Jean 17:17;SKN;59-1219;39;EXACT;sanctifie verite parole [couverture 4/4];CONCEPT
Luc 24:49;SKN;59-1219;39;PARTIEL;commencé, pas achevé — pere;CONCEPT
1 Thessaloniciens 4:16;SKN;65-0410;179;EXACT;lui meme dieu morts ressusciteront [couverture 5/14];CONCEPT
Apocalypse 1:17-18;SKN;65-0410;14;VALIDE;pieds mort disant premier dernier;CONCEPT
Galates 1:8;SKN;65-0410;33;EXACT;ange ciel avons soit anatheme [couverture 5/11];CONCEPT
Hebreux 13:8;SKN;65-0410;162;VALIDE;jesus meme hier;CONCEPT
Jean 1:0;SKN;65-0410;42;VALIDE;chap->v.1: commencement etait parole parole etait dieu parole etait;CONCEPT
Jean 5:24;SKN;65-0410;74;EXACT;verite celui entend parole croit envoye vie eternelle [couverture 13/14];CONCEPT
Jean 14:12;SKN;65-0410;94;VALIDE;lui fais parce;CONCEPT
Matthieu 27:0;SKN;65-0410;178;VALIDE;chap->v.57: venu etait joseph lui meme etait;CONCEPT
Matthieu 27:51;SKN;65-0410;175;PARTIEL;commencé, pas achevé — voici terre;CONCEPT
Matthieu 28:1-10;SKN;65-0410;14;VALIDE;jour sabbat premier semaine marie magdala voir sepulcre;CONCEPT
Romains 8:11;SKN;65-0410;14;VALIDE;ressuscite jesus morts vos corps;CONCEPT
Romains 8:11;SKN;65-0410;27;EXACT;celui ressuscite jesus morts habite vivifiera corps esprit [couverture 9/14];CONCEPT
Romains 8:11;SKN;65-0410;226;EXACT;celui ressuscite morts christ vos corps mortels [couverture 8/14];CONCEPT
1 Thessaloniciens 5:21;SKN;64-0816;60;VALIDE;choses retenez bon;CONCEPT
Apocalypse 22:0;SKN;64-0816;160;VALIDE;chap->v.18: moi paroles livre ajoute dieu lui ajoutera;CONCEPT
Esaie 9:6;SKN;64-0816;142;VALIDE;enfant fils donne sera nom dieu;CONCEPT
Hebreux 4:12;SKN;64-0816;164;VALIDE;parole dieu epee deux tranchants jusqua;CONCEPT
Hebreux 4:15;SKN;64-0816;250;VALIDE;souverain sacrificateur nos infirmites avons;CONCEPT
Hebreux 6:0;SKN;64-0816;128;VALIDE;chap->v.4: impossible ceux ont fois eclaires ont saint;CONCEPT
Hebreux 13:8;SKN;64-0816;222;VALIDE;jesus christ meme hier aujourdhui eternellement;CONCEPT
Hebreux 13:8;SKN;64-0816;229;PARTIEL;commencé, pas achevé — jesus meme;CONCEPT
Hebreux 13:8;SKN;64-0816;233;EXACT;jesus meme hier aujourdhui eternellement [couverture 5/6];CONCEPT
Hebreux 13:8;SKN;64-0816;250;VALIDE;meme hier aujourdhui eternellement;CONCEPT
Jean 1:0;SKN;64-0816;149;VALIDE;chap->v.1: commencement etait parole parole etait dieu parole etait;CONCEPT
Jean 5:19;SKN;64-0816;196;EXACT;jesus dis rien lui quil pere [couverture 6/14];CONCEPT
Jean 14:12;SKN;64-0816;220;EXACT;verite dis celui croit moi fera lui fais [couverture 9/14];CONCEPT
Jean 14:12;SKN;64-0816;223;VALIDE;verite dis moi fera lui fais grandes;CONCEPT
Joel 2:28;SKN;64-0816;219;EXACT;arrivera apres cela repandrai esprit chair vos fils [couverture 9/14];CONCEPT
Luc 17:30;SKN;64-0816;221;EXACT;sera meme jour fils lhomme manifeste [couverture 5/7];CONCEPT
Luc 24:49;SKN;64-0816;219;EXACT;voici moi pere ville jusqua soyez revetus puissance [couverture 9/13];CONCEPT
Malachie 3:0;SKN;64-0816;86;VALIDE;chap->v.16: alors leternel ont leternel ecrit;CONCEPT
Malachie 4:0;SKN;64-0816;122;VALIDE;chap->v.1: vient ceux vient;CONCEPT
Malachie 4:0;SKN;64-0816;221;VALIDE;chap->v.1: voici jour vient ceux jour vient;CONCEPT
Marc 4:0;SKN;64-0816;220;VALIDE;chap->v.20: ceux terre ceux parole lun lun lun;CONCEPT
Marc 5:0;SKN;64-0816;56;VALIDE;chap->v.33: femme effrayee tremblante sachant lui etait arrive vint;CONCEPT
Marc 16:0;SKN;64-0816;220;VALIDE;chap->v.16: celui cru baptise sera sauve celui cru sera;CONCEPT
Matthieu 24:24;SKN;64-0816;212;PARTIEL;commencé, pas achevé — meme elus;CONCEPT
1 Timothee 2:9;SKN;64-0823M;172;VALIDE;meme femmes parent dun tresses;CONCEPT
Actes 10:47;SKN;64-0823M;62;VALIDE;leau afin ceux soient recu saint;CONCEPT
Actes 19:0;SKN;64-0823M;90;VALIDE;chap->v.4: paul jean baptise bapteme repentance quils apres lui;CONCEPT
Actes 22:16;SKN;64-0823M;62;VALIDE;maintenant leve sois baptise tes peches invoquant nom;CONCEPT
Apocalypse 20:4;SKN;64-0823M;224;EXACT;assis jugement fut donne ames ceux decapites temoignage [couverture 9/14];CONCEPT
Galates 1:8;SKN;64-0823M;93;EXACT;ange ciel quil soit anatheme [couverture 5/11];CONCEPT
Genese 6:4;SKN;64-0823M;102;EXACT;geants etaient apres fils dieu furent venus filles [couverture 6/14];CONCEPT
Jean 5:19;SKN;64-0823M;162;EXACT;jesus verite dis fils rien lui quil chose [couverture 10/14];CONCEPT
Luc 21:36;SKN;64-0823M;157;VALIDE;choses arriver devant fils;CONCEPT
Marc 16:0;SKN;64-0823M;215;VALIDE;chap->v.16: aura aura sera sauve sera;CONCEPT
Matthieu 24:19;SKN;64-0823M;32;EXACT;malheur celles enceintes jours [couverture 5/6];CONCEPT
Matthieu 24:19;SKN;64-0823M;33;EXACT;malheur celles enceintes allaitent jours [couverture 5/6];CONCEPT
Matthieu 24:24;SKN;64-0823M;40;VALIDE;selevera faux christs prophetes grands prodiges;CONCEPT
Matthieu 24:26;SKN;64-0823M;51;VALIDE;desert chambres croyez;CONCEPT
Matthieu 24:28;SKN;64-0823M;52;VALIDE;soit mort sassembleront aigles;CONCEPT
1 Timothee 3:0;SKN;56-0120;65;VALIDE;chap->v.7: quil ait dehors afin quil;CONCEPT
1 Timothee 3:0;SKN;60-0710;68;VALIDE;chap->v.7: quil bon temoignage ceux quil;CONCEPT
Matthieu 5:0;SKN;60-0710;62;VALIDE;chap->v.6: ceux ont faim soif justice cest eux seront;CONCEPT
Matthieu 12:0;SKN;60-0710;28;VALIDE;chap->v.42: reine midi levera generation condamnera vint terre entendre;CONCEPT
Matthieu 12:42;SKN;60-0710;28;VALIDE;reine midi levera generation condamnera vint terre entendre;CONCEPT
1 Timothee 3:16;SKN;54-0402;32;VALIDE;contredit mystere piete grand dieu manifeste chair esprit;CONCEPT
Actes 19:0;SKN;54-0402;2;VALIDE;chap->v.34: quil etait dune seule pres deux grande;CONCEPT
1 Timothee 3:16;SKN;60-0608;48;VALIDE;contredit mystere piete grand dieu manifeste chair esprit;CONCEPT
1 Timothee 3:16;SKN;60-1002;165;EXACT;contredit mystere piete grand dieu manifeste chair nations [couverture 8/14];CONCEPT
Jean 5:19;SKN;60-1002;216;EXACT;jesus verite dis fils rien lui meme chose [couverture 11/14];CONCEPT
1 Timothee 3:16;SKN;61-0212E;13;VALIDE;contredit mystere piete grand dieu manifeste chair parmi;LECTURE
Hebreux 13:8;SKN;61-0212E;8;VALIDE;jesus christ meme hier aujourdhui eternellement;CONCEPT
Hebreux 13:8;SKN;61-0212E;10;EXACT;jesus meme hier aujourdhui eternellement [couverture 5/6];CONCEPT
Jean 4:0;SKN;61-0212E;43;VALIDE;chap->v.25: femme lui sais messie appele celui sera venu;CONCEPT
Jean 4:0;SKN;61-0212E;70;VALIDE;chap->v.25: femme lui sais messie appele vient celui sera;CONCEPT
Jean 4:0;SKN;61-0212E;71;VALIDE;chap->v.25: femme lui sais messie appele vient celui sera;CONCEPT
Jean 5:19;SKN;61-0212E;11;EXACT;jesus verite dis fils rien lui meme quil [couverture 7/14];CONCEPT
Matthieu 14:27;SKN;61-0212E;21;EXACT;jesus parla aussitot disant cest moi nayez peur [couverture 5/11];CONCEPT
1 Timothee 3:16;SKN;62-0712;34;EXACT;contredit mystere piete grand dieu manifeste chair parmi [couverture 8/14];CONCEPT
Deuteronome 18:0;SKN;62-0712;50;VALIDE;chap->v.5: leternel dieu lui fils dentre tes quil toujours;CONCEPT
Deuteronome 18:0;SKN;62-0712;51;VALIDE;chap->v.5: leternel dieu lui fils dentre tes quil toujours;CONCEPT
Esaie 9:6;SKN;62-0712;48;VALIDE;enfant donne sera dieu pere;CONCEPT
Hebreux 4:0;SKN;62-0712;83;VALIDE;chap->v.14: ayant grand souverain sacrificateur cieux jesus dieu confession;CONCEPT
Hebreux 13:8;SKN;62-0712;25;VALIDE;jesus christ meme hier aujourdhui eternellement;CONCEPT
Jean 4:0;SKN;62-0712;95;VALIDE;chap->v.50: jesus lui fils vit parole jesus lui avait;CONCEPT
Jean 5:19;SKN;62-0712;71;EXACT;jesus verite dis fils rien lui meme quil [couverture 12/14];CONCEPT
Jean 6:0;SKN;62-0712;69;VALIDE;chap->v.35: jesus moi suis vie celui moi jamais celui;CONCEPT
Malachie 3:0;SKN;62-0712;58;VALIDE;chap->v.16: alors ceux leternel ont parle leternel ecrit;CONCEPT
Malachie 4:0;SKN;62-0712;58;VALIDE;chap->v.1: voici jour vient ceux jour vient;CONCEPT
Matthieu 11:6;SKN;62-0712;58;PARTIEL;commencé, pas achevé — moi;CONCEPT
1 Timothee 3:16;SKN;64-0401;40;EXACT;contredit mystere piete grand dieu manifeste chair cru [couverture 8/14];CONCEPT
Apocalypse 17:0;SKN;64-0401;110;VALIDE;chap->v.1: parla disant ici;CONCEPT
Jean 4:0;SKN;64-0401;242;VALIDE;chap->v.10: lui don dieu donne moi lui;CONCEPT
Jean 6:0;SKN;64-0401;169;VALIDE;chap->v.11: jesus ayant ceux etaient assis meme;CONCEPT
Jean 14:12;SKN;64-0401;195;PARTIEL;commencé, pas achevé — celui;CONCEPT
Luc 17:0;SKN;64-0401;195;VALIDE;chap->v.30: meme jour fils lhomme;CONCEPT
Luc 17:0;SKN;64-0401;204;VALIDE;chap->v.30: sera meme jour fils lhomme sera manifeste;CONCEPT
Malachie 3:6;SKN;64-0401;87;VALIDE;leternel change netes;CONCEPT
Zacharie 14:6;SKN;64-0401;189;VALIDE;jour quil lumiere;CONCEPT
1 Timothee 3:16;VGR;64-0112;8;EXACT;contredit mystere piete grand dieu manifeste chair [couverture 7/14];CONCEPT
Apocalypse 10:0;VGR;64-0112;170;VALIDE;chap->v.7: jours septieme ange sera mystere dieu sera;CONCEPT
Apocalypse 17:0;VGR;64-0112;73;VALIDE;chap->v.2: laquelle terre ont terre ont vin;CONCEPT
Esaie 60:0;VGR;64-0112;29;VALIDE;chap->v.2: voici tenebres terre lobscurite peuples toi leternel gloire;CONCEPT
Esaie 60:1;VGR;64-0112;29;EXACT;leve toi lumiere gloire leternel [couverture 6/10];CONCEPT
Esaie 60:1;VGR;64-0112;115;EXACT;leve toi resplendis lumiere venue [couverture 6/10];CONCEPT
Esaie 62:0;VGR;64-0112;29;VALIDE;chap->v.11: voici leternel terre voici salut vient voici;CONCEPT
Hebreux 1:0;VGR;64-0112;116;VALIDE;chap->v.1: dieu autrefois plusieurs reprises plusieurs manieres parle peres;CONCEPT
Hebreux 4:0;VGR;64-0112;241;VALIDE;chap->v.10: celui repos lui sest repose uvres dieu sest;CONCEPT
Jean 14:0;VGR;64-0112;172;VALIDE;chap->v.10: moi pere pere moi paroles moi moi pere;CONCEPT
Psaumes 60:0;VGR;64-0112;29;VALIDE;chap->v.10: toi dieu dieu;CONCEPT
Psaumes 62:0;VGR;64-0112;144;VALIDE;chap->v.8: lui temps lui dieu;CONCEPT
Psaumes 62:1;VGR;64-0112;31;EXACT;dieu ame repose lui vient salut [couverture 6/8];CONCEPT
2 Chroniques 18:12;SKN;54-0509;33;EXACT;messager etait alle appeler michee lui parla disant [couverture 10/14];CONCEPT
2 Chroniques 18:22-27;SKN;56-1002A;4;VALIDE;maintenant voici leternel mis esprit mensonge bouche tes;LECTURE
2 Chroniques 18:22-27;SKN;56-1002A;5;VALIDE;maintenant voici leternel mis esprit mensonge bouche tes;LECTURE
Esaie 40:0;SKN;56-1002A;52;VALIDE;chap->v.14: lui donne instruit juste lui enseigne lui;CONCEPT
Hebreux 3:0;SKN;56-1002A;36;VALIDE;chap->v.10: cest jai contre jai nont;CONCEPT
Luc 24:49;SKN;56-1002A;54;VALIDE;voici moi jusqua soyez revetus puissance den haut;CONCEPT
Marc 16:0;SKN;56-1002A;59;VALIDE;chap->v.19: seigneur apres parle fut ciel dieu;CONCEPT
2 Chroniques 22:0;SKN;63-1128M;134;VALIDE;chap->v.3: lui maison etait;CONCEPT
2 Corinthiens 9:0;SKN;63-1128M;14;VALIDE;chap->v.12: parce beaucoup graces rendues dieu;LECTURE
Marc 11:22;SKN;63-1128M;64;PARTIEL;commencé, pas achevé — dieu;CONCEPT
Psaumes 23:0;SKN;63-1128M;5;VALIDE;chap->v.4: meme mort mal eux;CONCEPT
2 Chroniques 26:0;SKN;62-1013;63;VALIDE;chap->v.21: roi ozias fut lepreux jour lepreux maison fut;CONCEPT
Actes 1:8;SKN;62-1013;151;EXACT;recevrez puissance saint venant serez mes temoins jerusalem [couverture 8/14];CONCEPT
Hebreux 13:8;SKN;62-1013;16;EXACT;jesus christ meme hier aujourdhui eternellement [couverture 5/6];CONCEPT
Jean 14:7;SKN;62-1013;19;PARTIEL;commencé, pas achevé — pere maintenant;CONCEPT
Jean 15:0;SKN;62-1013;20;VALIDE;chap->v.2: sarment moi porte fruit sarment porte fruit afin;CONCEPT
Luc 24:49;SKN;62-1013;151;EXACT;voici moi promesse pere demeurez ville jusqua soyez [couverture 12/13];CONCEPT
Luc 24:49;SKN;62-1013;152;EXACT;voici moi promesse pere demeurez ville jusqua soyez [couverture 12/13];CONCEPT
2 Chroniques 26:0;SKN;64-0315;74;VALIDE;chap->v.1: ozias etait ans roi place pere amatsia;CONCEPT
2 Chroniques 26:0;SKN;64-0315;82;VALIDE;chap->v.5: dieu avait dieu leternel dieu;CONCEPT
Jean 5:19;SKN;64-0315;306;EXACT;jesus fils rien lui meme quil pere quelque [couverture 8/14];CONCEPT
Luc 24:49;SKN;64-0315;198;EXACT;voici promesse pere ville jusqua soyez revetus puissance [couverture 10/13];CONCEPT
2 Corinthiens 5:17;SKN;54-0719E;3;VALIDE;quelquun christ cest nouvelle choses passees voici nouvelles;CONCEPT
Jean 5:19;SKN;54-0719E;40;EXACT;jesus verite dis fils rien lui meme quil [couverture 7/14];CONCEPT
2 Corinthiens 6:7-10;SKN;62-0506;36;EXACT;parole verite puissance dieu armes justice main gloire [couverture 7/10];CONCEPT
Genese 14:18-19;SKN;62-0506;36;VALIDE;roi salem fit apporter pain vin etait sacrificateur;CONCEPT
2 Pierre 1:7;SKN;62-1124E;37;PARTIEL;commencé, pas achevé — piete lamour;CONCEPT
Esaie 1:0;SKN;62-1124E;32;VALIDE;chap->v.15: vos mes meme priere vos sang;CONCEPT
Esaie 1:0;SKN;62-1124E;33;VALIDE;chap->v.15: vos mains mes meme vos mains;CONCEPT
Esaie 50:0;SKN;62-1124E;56;VALIDE;chap->v.7: seigneur cest pourquoi cest pourquoi jai sais;CONCEPT
Esaie 53:5;SKN;62-1124E;47;VALIDE;blesse nos meurtri iniquites chatiment paix lui meurtrissures;CONCEPT
Hebreux 9:11;SKN;62-1124E;48;EXACT;etant venu venir nest main cest [couverture 6/14];CONCEPT
Romains 8:32;SKN;62-1124E;4;EXACT;meme epargne propre fils livre comment don choses [couverture 8/12];CONCEPT
2 Pierre 3:0;SKN;64-0802;40;VALIDE;chap->v.18: croissez grace connaissance seigneur sauveur jesus christ lui;CONCEPT
Apocalypse 2:0;SKN;64-0802;354;VALIDE;chap->v.7: celui oreilles ecoute lesprit celui vaincra lui donnerai;CONCEPT
Apocalypse 2:7;SKN;64-0802;354;VALIDE;celui oreilles ecoute lesprit vaincra lui donnerai manger;CONCEPT
Apocalypse 6:14;SKN;64-0802;184;VALIDE;ciel retira livre;CONCEPT
Apocalypse 11:0;SKN;64-0802;354;VALIDE;chap->v.15: septieme ange trompette ciel grandes voix disant royaume;CONCEPT
Apocalypse 21:0;SKN;64-0802;52;VALIDE;chap->v.1: vis nouveau ciel nouvelle terre ciel terre sen;CONCEPT
Apocalypse 21:0;SKN;64-0802;172;VALIDE;chap->v.1: nouveau terre terre mer;CONCEPT
Apocalypse 21:0;SKN;64-0802;305;VALIDE;chap->v.1: vis nouveau ciel nouvelle terre ciel terre nest;CONCEPT
Apocalypse 21:0;SKN;64-0802;354;VALIDE;chap->v.1: vis nouveau ciel nouvelle terre premier ciel premiere;CONCEPT
Apocalypse 21:2;SKN;64-0802;186;EXACT;vis nouvelle jerusalem ciel daupres dieu [couverture 6/13];CONCEPT
Apocalypse 21:3;SKN;64-0802;354;VALIDE;grande voix ciel disant voici dieu hommes habitera;CONCEPT
Apocalypse 21:18;SKN;64-0802;354;VALIDE;muraille etait batie cite dor pur verre;CONCEPT
Apocalypse 21:23;SKN;64-0802;354;VALIDE;cite besoin soleil lune gloire dieu lagneau;CONCEPT
Ephesiens 1:10;SKN;64-0802;239;EXACT;plenitude temps choses christ terre lui [couverture 6/12];CONCEPT
Esaie 4:5;SKN;64-0802;354;VALIDE;leternel chaque demeure montagne sion nuee jour dune;CONCEPT
Esaie 9:6;SKN;64-0802;354;VALIDE;enfant fils donne sera epaule appellera nom merveilleux;CONCEPT
Esaie 65:0;SKN;64-0802;60;VALIDE;chap->v.22: batiront quun autre habite planteront quun autre mange;CONCEPT
Esaie 65:17;SKN;64-0802;60;EXACT;cree nouveaux cieux nouvelle terre ont [couverture 5/12];CONCEPT
Esaie 65:25;SKN;64-0802;354;VALIDE;loup lagneau ensemble lion mangera poussiere sera nourriture;CONCEPT
Genese 1:1;SKN;64-0802;76;PARTIEL;commencé, pas achevé — dieu;CONCEPT
Hebreux 4:0;SKN;64-0802;133;VALIDE;chap->v.2: meme parole rien;CONCEPT
Hebreux 11:0;SKN;64-0802;311;VALIDE;chap->v.4: dieu sacrifice sacrifice juste dieu;CONCEPT
Jean 14:0;SKN;64-0802;56;VALIDE;chap->v.10: suis pere pere dis dis pere demeure;CONCEPT
Jean 14:0;SKN;64-0802;270;VALIDE;chap->v.6: jesus lui moi chemin vie vient moi;CONCEPT
Jean 14:0;SKN;64-0802;294;VALIDE;chap->v.3: men vais prepare place reviendrai prendrai moi afin;CONCEPT
Jean 14:0;SKN;64-0802;298;VALIDE;chap->v.3: men vais prepare place reviendrai prendrai afin suis;CONCEPT
Malachie 3:0;SKN;64-0802;81;VALIDE;chap->v.15: maintenant ceux meme meme dieu;CONCEPT
Matthieu 5:5;SKN;64-0802;193;VALIDE;debonnaires cest heriteront terre;CONCEPT
Matthieu 19:28;SKN;64-0802;177;EXACT;jesus regeneration lhomme assis serez [couverture 6/14];CONCEPT
Tite 3:5;SKN;64-0802;176;PARTIEL;commencé, pas achevé — regeneration;CONCEPT
2 Samuel 6:14;SKN;63-0321;100;EXACT;david devant leternel etait [couverture 5/11];CONCEPT
Actes 2:38;SKN;63-0321;289;EXACT;soit baptise nom jesus christ don saint [couverture 7/14];CONCEPT
Amos 3:7;SKN;63-0321;63;VALIDE;leternel quil revele prophetes;CONCEPT
Apocalypse 2:18;SKN;63-0321;349;PARTIEL;commencé, pas achevé — dieu;CONCEPT
Apocalypse 2:18-20;SKN;63-0321;349;PARTIEL;commencé, pas achevé — dieu;CONCEPT
Apocalypse 2:22;SKN;63-0321;272;PARTIEL;commencé, pas achevé — lit quils;CONCEPT
Apocalypse 10:0;SKN;63-0321;37;VALIDE;chap->v.2: avait main livre pied droit mer terre;CONCEPT
Apocalypse 10:0;SKN;63-0321;378;VALIDE;chap->v.7: jours septieme ange sera dieu sera;CONCEPT
Apocalypse 10:1-7;SKN;63-0321;46;PARTIEL;commencé, pas achevé — ange;CONCEPT
Apocalypse 10:7;SKN;63-0321;151;PARTIEL;commencé, pas achevé — jours sera;CONCEPT
Apocalypse 10:7;SKN;63-0321;351;PARTIEL;commencé, pas achevé — dieu annonce;CONCEPT
Apocalypse 12:0;SKN;63-0321;164;VALIDE;chap->v.13: dragon vit quil avait precipite terre persecuta femme;CONCEPT
Apocalypse 12:13;SKN;63-0321;160;PARTIEL;commencé, pas achevé — quil terre;CONCEPT
Apocalypse 13:1-8;SKN;63-0321;160;PARTIEL;commencé, pas achevé — bete etait;CONCEPT
Apocalypse 13:1-8;SKN;63-0321;167;EXACT;vis monter mer bete avait dix cornes sept [couverture 14/14];CONCEPT
Apocalypse 13:14;SKN;63-0321;271;VALIDE;quil devant bete;CONCEPT
Apocalypse 19:0;SKN;63-0321;312;VALIDE;chap->v.12: porte nom ecrit lui seul;CONCEPT
Apocalypse 19:0;SKN;63-0321;356;VALIDE;chap->v.15: epee aigue deux sort bouche quil frappe nations;CONCEPT
Apocalypse 19:0;SKN;63-0321;377;VALIDE;chap->v.12: yeux plusieurs ecrit seul;CONCEPT
Esaie 28:19;SKN;63-0321;73;PARTIEL;commencé, pas achevé — quil;CONCEPT
Genese 1:1;SKN;63-0321;94;EXACT;commencement dieu crea cieux terre [couverture 5/5];CONCEPT
Jean 6:0;SKN;63-0321;66;VALIDE;chap->v.63: cest lesprit vivifie chair rien paroles dites esprit;CONCEPT
Joel 2:28;SKN;63-0321;73;PARTIEL;commencé, pas achevé — cela;CONCEPT
Luc 24:49;SKN;63-0321;73;EXACT;voici moi promesse pere jusqua [couverture 5/13];CONCEPT
Malachie 4:0;SKN;63-0321;126;VALIDE;chap->v.1: vient four ceux vient;CONCEPT
Malachie 4:0;SKN;63-0321;378;VALIDE;chap->v.5: elie prophete jour;CONCEPT
Matthieu 4:0;SKN;63-0321;182;VALIDE;chap->v.10: jesus lui ten satan seigneur dieu lui;CONCEPT
Psaumes 16:8-11;SKN;63-0321;99;EXACT;leternel devant parce quil serai cest [couverture 5/11];CONCEPT
2 Thessaloniciens 2:3;SKN;63-0319;104;PARTIEL;commencé, pas achevé — viendra;CONCEPT
2 Thessaloniciens 2:3;SKN;63-0319;267;LAPSUS;annoncé — dit en réalité Matthieu 4:8;CONCEPT
Matthieu 4:8;SKN;63-0319;267;LAPSUS-LU;lu — annoncé sous 2 Thessaloniciens 2:3;CONCEPT
Amos 3:0;SKN;63-0319;331;VALIDE;chap->v.4: sil sil quelque chose;CONCEPT
Apocalypse 10:1-7;SKN;63-0319;182;PARTIEL;commencé, pas achevé — ange;CONCEPT
Apocalypse 19:11;SKN;63-0319;321;EXACT;vis ciel ouvert voici cheval blanc celui appele [couverture 12/14];CONCEPT
Jean 14:12;SKN;63-0319;208;EXACT;verite dis celui croit moi fera lui fais [couverture 11/14];CONCEPT
Jean 14:12;SKN;63-0319;218;PARTIEL;commencé, pas achevé — verite lui;CONCEPT
Joel 2:25;SKN;63-0319;177;VALIDE;qua sauterelle milieu;CONCEPT
Malachie 4:0;SKN;63-0319;183;VALIDE;chap->v.1: jour vient four jour vient brulera;CONCEPT
Marc 16:0;SKN;63-0319;218;VALIDE;chap->v.15: allez monde prechez levangile creation;CONCEPT
Matthieu 4:0;SKN;63-0319;280;VALIDE;chap->v.8: lui royaumes monde;CONCEPT
Matthieu 4:8;SKN;63-0319;268;EXACT;transporte haute montagne lui montre royaumes monde [couverture 7/10];CONCEPT
Matthieu 11:25-26;SKN;63-0319;78;EXACT;temps jesus seigneur parce cache choses sages intelligents [couverture 7/14];CONCEPT
Matthieu 24:0;SKN;63-0319;231;VALIDE;chap->v.6: entendrez parler guerres bruits guerres fin nest;CONCEPT
2 Thessaloniciens 2:7;SKN;63-0318;84;EXACT;mystere diniquite deja seulement celui retient maintenant jusqua [couverture 9/13];CONCEPT
2 Thessaloniciens 2:9;SKN;63-0318;310;PARTIEL;commencé, pas achevé — mensonge;CONCEPT
Actes 2:38;SKN;63-0318;212;PARTIEL;commencé, pas achevé — soit don;CONCEPT
Apocalypse 5:0;SKN;63-0318;61;VALIDE;chap->v.1: celui etait livre scelle sceaux;CONCEPT
Apocalypse 10:0;SKN;63-0318;205;VALIDE;chap->v.7: voix septieme ange sera mystere dieu sera annonce;CONCEPT
Apocalypse 10:1;SKN;63-0318;68;PARTIEL;commencé, pas achevé — autre ange;CONCEPT
Apocalypse 10:1-7;SKN;63-0318;68;PARTIEL;commencé, pas achevé — autre ange;CONCEPT
Apocalypse 12:7-9;SKN;63-0318;362;PARTIEL;commencé, pas achevé — contre;CONCEPT
Apocalypse 13:0;SKN;63-0318;363;VALIDE;chap->v.14: terre cause lui bete;CONCEPT
Apocalypse 17:0;SKN;63-0318;99;VALIDE;chap->v.10: sept venu sera venu quil temps;CONCEPT
Apocalypse 19:11;SKN;63-0318;273;EXACT;vis ciel ouvert voici cheval blanc celui appele [couverture 12/14];CONCEPT
Daniel 9:0;SKN;63-0318;334;VALIDE;chap->v.26: apres semaines messie sera retranche naura rien peuple;CONCEPT
Hebreux 4:0;SKN;63-0318;205;VALIDE;chap->v.12: parole dieu penetrante epee deux tranchants jusqua;CONCEPT
Jean 12:0;SKN;63-0318;142;VALIDE;chap->v.24: verite verite dis grain ble terre seul sil;CONCEPT
Malachie 3:0;SKN;63-0318;209;VALIDE;chap->v.18: alors juste celui celui;CONCEPT
Malachie 4:0;SKN;63-0318;206;VALIDE;chap->v.5: prophete avant grand jour;CONCEPT
Malachie 4:0;SKN;63-0318;209;VALIDE;chap->v.5: prophete avant jour;CONCEPT
Malachie 4:0;SKN;63-0318;214;VALIDE;chap->v.1: voici jour jour;CONCEPT
Matthieu 10:0;SKN;63-0318;113;VALIDE;chap->v.15: dis sort sera jour jugement celui;CONCEPT
Matthieu 24:0;SKN;63-0318;135;VALIDE;chap->v.6: entendrez parler guerres bruits guerres troubles arrive fin;CONCEPT
Matthieu 28:19;SKN;63-0318;212;PARTIEL;commencé, pas achevé — pere;CONCEPT
Actes 2:38;SKN;60-1218;403;EXACT;repentez chacun soit baptise nom jesus peches recevrez [couverture 10/14];CONCEPT
Actes 2:39;SKN;60-1218;417;EXACT;promesse vos enfants ceux loin seigneur dieu appellera [couverture 9/10];CONCEPT
Apocalypse 21:0;SKN;60-1218;234;VALIDE;chap->v.1: nouveau ciel nouvelle terre premier ciel premiere terre;CONCEPT
Genese 22:0;SKN;60-1218;330;VALIDE;chap->v.12: main lui rien maintenant sais dieu mas fils;CONCEPT
Hebreux 11:7;SKN;60-1218;331;PARTIEL;commencé, pas achevé — foi maison;CONCEPT
Hebreux 11:17;SKN;60-1218;331;EXACT;foi abraham isaac avait recu offrit fils unique [couverture 8/13];CONCEPT
Hebreux 11:17-19;SKN;60-1218;331;EXACT;foi abraham isaac avait recu offrit fils unique [couverture 8/13];CONCEPT
Hebreux 13:12;SKN;60-1218;381;VALIDE;cest jesus quil;CONCEPT
Jean 5:19;SKN;60-1218;368;EXACT;dis fils rien lui quil pere [couverture 6/14];CONCEPT
Jean 14:12;SKN;60-1218;372;EXACT;dis celui lui fais grandes celles men vais [couverture 6/14];CONCEPT
Jean 15:0;SKN;60-1218;285;VALIDE;chap->v.7: demeurez moi mes paroles demeurent voudrez sera;CONCEPT
Marc 16:0;SKN;60-1218;373;VALIDE;chap->v.16: celui cru baptise sera sauve celui cru sera;CONCEPT
Marc 16:0;SKN;60-1218;422;VALIDE;chap->v.16: celui baptise sera sauve celui naura sera condamne;CONCEPT
Marc 16:0;SKN;60-1218;469;VALIDE;chap->v.18: chose cela imposeront mains ceux;CONCEPT
Matthieu 10:0;SKN;60-1218;421;VALIDE;chap->v.37: celui moi nest moi celui moi nest;CONCEPT
Matthieu 17:0;SKN;60-1218;378;VALIDE;chap->v.1: apres six jours jesus lui pierre jacques jean;CONCEPT
Matthieu 17:2;SKN;60-1218;378;VALIDE;fut transfigure devant eux;CONCEPT
Matthieu 24:35;SKN;60-1218;227;PARTIEL;commencé, pas achevé — terre passeront;CONCEPT
Matthieu 24:35;SKN;60-1218;233;VALIDE;ciel terre passeront;CONCEPT
2 Timothee 2:4;SKN;62-0908;145;PARTIEL;commencé, pas achevé — homme;CONCEPT
2 Timothee 4:0;SKN;62-0908;13;VALIDE;chap->v.2: preche parole insiste temps temps reprends exhorte doctrine;CONCEPT
2 Timothee 4:0;SKN;62-0908;14;VALIDE;chap->v.1: ten devant dieu jesus juger vivants morts apparition;CONCEPT
2 Timothee 4:0;SKN;62-0908;145;VALIDE;chap->v.18: seigneur celeste lui amen;CONCEPT
2 Timothee 4:2;SKN;62-0908;13;VALIDE;preche parole insiste temps reprends exhorte doctrine;CONCEPT
Daniel 9:0;SKN;62-0908;99;VALIDE;chap->v.4: dieu dis dieu;CONCEPT
Daniel 12:0;SKN;62-0908;99;VALIDE;chap->v.8: dis quelle sera choses;CONCEPT
Esaie 61:1;SKN;62-0908;36;EXACT;seigneur moi parce oint envoye ceux ont [couverture 6/14];CONCEPT
2 Timothee 2:16;SKN;54-0103E;136;EXACT;evite discours vains profanes ceux avant [couverture 6/9];CONCEPT
Esaie 4:1;SKN;54-0103E;92;EXACT;femmes saisiront seul homme jour disant mangerons propre [couverture 11/14];CONCEPT
Exode 4:24;SKN;54-0103E;79;VALIDE;vint lui mourir;CONCEPT
Genese 44:49;SKN;54-0103E;165;LAPSUS;annoncé — dit en réalité genese 44:8;CONCEPT
genese 44:8;SKN;54-0103E;165;LAPSUS-LU;lu — annoncé sous Genese 44:49;CONCEPT
Jean 17:17;SKN;54-0103E;56;PARTIEL;commencé, pas achevé — sanctifie;CONCEPT
Matthieu 10:0;SKN;54-0103E;56;VALIDE;chap->v.39: celui aura vie celui aura vie moi;CONCEPT
2 Timothee 3:0;SKN;58-0109;20;VALIDE;chap->v.5: ayant piete ayant renie toi gens;CONCEPT
2 Timothee 3:0;SKN;61-0117;35;VALIDE;chap->v.5: ayant piete ayant puissance gens;CONCEPT
Actes 2:38;SKN;61-0117;44;VALIDE;pierre repentez chacun baptise nom jesus recevrez don;CONCEPT
Actes 2:38;SKN;61-0117;45;VALIDE;pierre chacun baptise nom jesus recevrez don saint;CONCEPT
Actes 19:0;SKN;61-0117;44;VALIDE;chap->v.2: avez recu saint apres cru lui meme saint;CONCEPT
Apocalypse 11:0;SKN;61-0117;74;VALIDE;chap->v.1: donne leve dieu ceux;CONCEPT
Apocalypse 17:0;SKN;61-0117;74;VALIDE;chap->v.13: ceux seule meme puissance bete;CONCEPT
Esaie 9:6;SKN;61-0117;14;VALIDE;fils donne sera nom conseiller dieu pere;LECTURE
Esaie 9:6;SKN;61-0117;16;EXACT;fils donne sera conseiller dieu pere [couverture 5/14];CONCEPT
Esaie 40:0;SKN;61-0117;41;VALIDE;chap->v.10: voici seigneur puissance lui voici lui lui;CONCEPT
Ezechiel 1:26;SKN;61-0117;74;PARTIEL;commencé, pas achevé — avait;CONCEPT
Genese 1:26;SKN;61-0117;16;VALIDE;dieu homme selon ressemblance poissons mer oiseaux cieux;CONCEPT
Genese 3:15;SKN;61-0117;14;VALIDE;toi femme semence lui;LECTURE
Hebreux 6:0;SKN;61-0117;57;VALIDE;chap->v.4: impossible ceux ont fois ont don saint;CONCEPT
Jean 5:19;SKN;61-0117;67;EXACT;jesus verite dis fils rien lui meme chose [couverture 7/14];CONCEPT
Jean 14:12;SKN;61-0117;26;VALIDE;dis celui croit moi fera lui fais parce;CONCEPT
Jean 14:12;SKN;61-0117;64;EXACT;dis celui croit moi fera lui fais parce [couverture 5/14];CONCEPT
Jean 15:0;SKN;61-0117;46;VALIDE;chap->v.7: demeurez moi mes paroles demeurent demanderez voudrez sera;CONCEPT
Malachie 4:0;SKN;61-0117;48;VALIDE;chap->v.1: voici jour vient four ceux seront jour vient;CONCEPT
Malachie 4:0;SKN;61-0117;49;VALIDE;chap->v.1: voici jour vient four ceux seront jour vient;CONCEPT
Malachie 4:5;SKN;61-0117;49;VALIDE;voici elie prophete avant vienne grand terrible jour;CONCEPT
Marc 11:24;SKN;61-0117;19;VALIDE;pourquoi dis croyez;CONCEPT
Marc 16:0;SKN;61-0117;26;VALIDE;chap->v.16: celui cru baptise sera sauve celui cru sera;CONCEPT
Matthieu 24:0;SKN;61-0117;57;VALIDE;chap->v.2: lui voyez choses verite dis sera laisse ici;CONCEPT
2 Timothee 3:0;SKN;62-0401;290;VALIDE;chap->v.5: ayant forme piete ayant renie puissance gens;CONCEPT
Apocalypse 12:0;SKN;62-0401;366;VALIDE;chap->v.9: celui celui terre;CONCEPT
Apocalypse 13:11;SKN;62-0401;223;VALIDE;bete terre deux;CONCEPT
Genese 1:11;SKN;62-0401;232;EXACT;dieu terre plante semence fruit [couverture 5/14];CONCEPT
Genese 3:1;SKN;62-0401;79;EXACT;serpent etait ruse champs leternel dieu avait femme [couverture 12/14];CONCEPT
Genese 3:1-17;SKN;62-0401;97;VALIDE;etait dieu femme;CONCEPT
Hebreux 2:0;SKN;62-0401;332;VALIDE;chap->v.8: lui lui soit maintenant;CONCEPT
Hebreux 4:0;SKN;62-0401;317;VALIDE;chap->v.2: meme ceux parole servit rien foi ceux lentendirent;CONCEPT
Hebreux 4:2;SKN;62-0401;332;VALIDE;avons meme parole foi;CONCEPT
Hebreux 11:0;SKN;62-0401;206;VALIDE;chap->v.5: foi fut quil fut parce dieu avant;CONCEPT
Hebreux 11:0;SKN;62-0401;281;VALIDE;chap->v.4: foi abel offrit dieu excellent sacrifice cain sacrifice;CONCEPT
Hebreux 13:8;SKN;62-0401;266;VALIDE;jesus meme hier aujourdhui;CONCEPT
Jean 10:0;SKN;62-0401;63;VALIDE;chap->v.1: verite verite dis celui nentre porte bergerie brebis;CONCEPT
Jean 14:0;SKN;62-0401;258;VALIDE;chap->v.10: crois moi pere pere moi moi dis dis;CONCEPT
Jean 14:11;SKN;62-0401;233;PARTIEL;commencé, pas achevé — moi pere;CONCEPT
Malachie 4:0;SKN;62-0401;328;VALIDE;chap->v.1: jour ceux jour;CONCEPT
Malachie 4:0;SKN;62-0401;329;VALIDE;chap->v.1: jour ceux jour;CONCEPT
Matthieu 28:19;SKN;62-0401;167;VALIDE;nom pere fils saint;CONCEPT
Psaumes 1:0;SKN;62-0401;228;VALIDE;chap->v.3: sera arbre plante pres fruit saison fletrit quil;CONCEPT
Zacharie 4:6;SKN;62-0401;359;EXACT;parla cest ici parole force puissance esprit [couverture 7/14];CONCEPT
2 Timothee 3:0;SKN;63-0412M;102;VALIDE;chap->v.8: meme maniere jannes jambres moise ainsi verite hommes;CONCEPT
Apocalypse 10:1-7;SKN;63-0412M;171;EXACT;vis autre ange ciel [couverture 5/14];CONCEPT
Apocalypse 13:0;SKN;63-0412M;200;VALIDE;chap->v.10: quelquun quelquun cest;CONCEPT
Apocalypse 17:0;SKN;63-0412M;200;VALIDE;chap->v.1: parla viens ici;CONCEPT
Deuteronome 4:0;SKN;63-0412M;16;VALIDE;chap->v.10: jour devant leternel dieu horeb leternel assemble moi;CONCEPT
Deuteronome 4:10;SKN;63-0412M;16;EXACT;jour devant leternel dieu horeb assemble moi peuple [couverture 12/14];CONCEPT
Hebreux 12:25;SKN;63-0412M;17;EXACT;garde celui parle ceux nont echappe refuserent oracles [couverture 11/14];CONCEPT
2 Timothee 3:0;SKN;63-0707M;325;VALIDE;chap->v.4: traitres enfles plutot dieu;CONCEPT
Actes 2:0;SKN;63-0707M;164;VALIDE;chap->v.17: arrivera derniers jours dieu esprit chair vos fils;CONCEPT
Actes 2:38;SKN;63-0707M;122;PARTIEL;commencé, pas achevé — christ saint;CONCEPT
Apocalypse 17:0;SKN;63-0707M;55;VALIDE;chap->v.17: dieu seule meme;CONCEPT
Hebreux 6:0;SKN;63-0707M;233;VALIDE;chap->v.4: impossible ceux ont fois eclaires ont goute don;CONCEPT
Hebreux 6:1;SKN;63-0707M;233;EXACT;pourquoi laissant parole christ nouveau fondement repentance [couverture 7/14];CONCEPT
Hebreux 10:0;SKN;63-0707M;247;VALIDE;chap->v.7: alors ecrit moi dieu;CONCEPT
Hebreux 13:8;SKN;63-0707M;81;VALIDE;jesus christ meme hier;CONCEPT
Hebreux 13:8;SKN;63-0707M;120;VALIDE;jesus christ meme hier;CONCEPT
Hebreux 13:8;SKN;63-0707M;159;VALIDE;jesus meme hier;CONCEPT
Hebreux 13:8;SKN;63-0707M;226;EXACT;jesus christ meme hier aujourdhui [couverture 5/6];CONCEPT
Hebreux 13:8;SKN;63-0707M;232;VALIDE;jesus christ meme hier;CONCEPT
Jean 1:0;SKN;63-0707M;232;VALIDE;chap->v.1: etait parole parole etait dieu parole etait dieu;CONCEPT
Jean 14:12;SKN;63-0707M;168;PARTIEL;commencé, pas achevé — fais;CONCEPT
Jean 14:12;SKN;63-0707M;226;VALIDE;moi lui fais;CONCEPT
Jean 15:0;SKN;63-0707M;226;VALIDE;chap->v.4: demeurez moi moi lui meme demeure meme;CONCEPT
Joel 2:38;SKN;63-0707M;164;LAPSUS;annoncé — dit en réalité actes 2:38;CONCEPT
actes 2:38;SKN;63-0707M;164;LAPSUS-LU;lu — annoncé sous Joel 2:38;CONCEPT
Marc 16:0;SKN;63-0707M;160;VALIDE;chap->v.17: ici signes accompagneront ceux auront cru nom chasseront;CONCEPT
Marc 16:0;SKN;63-0707M;179;VALIDE;chap->v.16: celui cru baptise sera sauve celui cru sera;CONCEPT
2 Timothee 3:0;SKN;63-1115;179;VALIDE;chap->v.5: ayant piete ayant renie puissance gens;CONCEPT
Apocalypse 6:12;SKN;63-1115;52;EXACT;ouvrit sixieme sceau grand tremblement terre soleil devint [couverture 10/14];CONCEPT
Hebreux 12:25;SKN;63-1115;52;VALIDE;garde celui parle ceux echappe refuserent oracles terre;CONCEPT
Hebreux 13:8;SKN;63-1115;210;VALIDE;jesus meme eternellement;CONCEPT
Matthieu 10:0;SKN;63-1115;109;VALIDE;chap->v.16: voici moi soyez;CONCEPT
2 Timothee 3:0;SKN;63-1201E;58;VALIDE;chap->v.4: enfles dorgueil dieu;CONCEPT
Actes 2:38;SKN;63-1201E;101;EXACT;pierre repentez chacun soit baptise nom jesus peches [couverture 9/14];CONCEPT
Apocalypse 3:0;SKN;63-1201E;53;VALIDE;chap->v.12: dieu jamais dehors lui nom dieu nom;CONCEPT
Apocalypse 17:0;SKN;63-1201E;49;VALIDE;chap->v.4: femme etait main;CONCEPT
2 Timothee 3:0;SKN;64-0726M;163;VALIDE;chap->v.1: ceci derniers jours temps;CONCEPT
2 Timothee 3:0;SKN;64-0726M;165;VALIDE;chap->v.5: ayant piete ayant gens;CONCEPT
Apocalypse 3:0;SKN;64-0726M;57;VALIDE;chap->v.12: celui dieu jamais nom dieu nom;CONCEPT
Apocalypse 11:0;SKN;64-0726M;67;VALIDE;chap->v.15: septieme trompette monde venu;CONCEPT
Ezechiel 37:0;SKN;64-0726M;54;VALIDE;chap->v.1: main leternel leternel milieu etait remplie dossements;CONCEPT
Malachie 3:0;SKN;64-0726M;110;VALIDE;chap->v.1: voici jenvoie messager preparera chemin devant moi seigneur;CONCEPT
Malachie 4:0;SKN;64-0726M;119;VALIDE;chap->v.1: voici jour vient jour vient;CONCEPT
Malachie 4:0;SKN;64-0726M;120;VALIDE;chap->v.1: voici jour vient jour vient;CONCEPT
Malachie 4:0;SKN;64-0726M;121;VALIDE;chap->v.1: voici jour vient jour vient;CONCEPT
2 Timothee 3:1;SKN;62-0603;30;VALIDE;ceci derniers jours temps;CONCEPT
Apocalypse 17:0;SKN;62-0603;30;VALIDE;chap->v.1: lun sept anges avaient sept vint parla disant;CONCEPT
Exode 34:12;SKN;62-0603;30;VALIDE;garde toi pays lequel vas entrer peur quil;CONCEPT
Genese 6:0;SKN;62-0603;30;VALIDE;chap->v.9: ici generations noe noe etait homme juste etait;CONCEPT
Jean 5:24;SKN;62-0603;30;VALIDE;verite dis celui entend parole croit envoye vie;CONCEPT
Jean 14:0;SKN;62-0603;30;VALIDE;chap->v.10: crois moi suis pere pere moi paroles moi;CONCEPT
Malachie 3:0;SKN;62-0603;30;VALIDE;chap->v.7: jours vos peres etes mes avez gardes moi;CONCEPT
Malachie 4:0;SKN;62-0603;30;VALIDE;chap->v.6: fera retourner peres fils fils peres peur vienne;CONCEPT
Marc 16:0;SKN;62-0603;30;VALIDE;chap->v.9: etant ressuscite matin premier jour semaine apparut marie;CONCEPT
Matthieu 11:6;SKN;62-0603;30;PARTIEL;commencé, pas achevé — quiconque moi;CONCEPT
Matthieu 24:0;SKN;62-0603;30;VALIDE;chap->v.2: lui voyez choses verite dis sera laisse ici;CONCEPT
2 Timothee 4:0;SKN;57-0120M;13;VALIDE;chap->v.5: toi sois choses fais dun evangeliste pleinement;CONCEPT
2 Timothee 4:0;SKN;57-0126B;57;VALIDE;chap->v.3: aura temps sain ayant docteurs selon;CONCEPT
Actes 2:0;SKN;57-0126B;52;VALIDE;chap->v.29: freres quil soit quil mort quil;CONCEPT
Jean 3:16;SKN;57-0126B;51;VALIDE;dieu monde quil unique;CONCEPT
Jean 5:19;SKN;57-0126B;59;EXACT;jesus verite dis fils rien lui quil chose [couverture 5/14];CONCEPT
Jean 14:12;SKN;57-0126B;22;VALIDE;verite lui fais parce;CONCEPT
Marc 11:24;SKN;57-0126B;22;PARTIEL;commencé, pas achevé — cest croyez;CONCEPT
Marc 16:0;SKN;57-0126B;8;VALIDE;chap->v.6: lui jesus nest ici voici lieu lavait mis;CONCEPT
Marc 16:0;SKN;57-0126B;13;VALIDE;chap->v.6: lui nest ici voici lavait mis;LECTURE
Marc 16:0;SKN;57-0126B;22;VALIDE;chap->v.6: lui jesus ressuscite nest ici voici lieu;CONCEPT
Marc 16:0;SKN;57-0126B;23;VALIDE;chap->v.6: lui jesus ressuscite nest ici voici lieu;CONCEPT
Marc 16:0;SKN;57-0126B;26;VALIDE;chap->v.6: lui jesus ressuscite nest ici voici;CONCEPT
2 Timothee 4:0;SKN;64-0830E;122;VALIDE;chap->v.8: seigneur juste jour seulement moi;CONCEPT
Apocalypse 7:0;SKN;64-0830E;77;VALIDE;chap->v.14: lui seigneur sais ceux grande tribulation ont ont;CONCEPT
Apocalypse 10:0;SKN;64-0830E;153;VALIDE;chap->v.7: septieme ange sera sera;CONCEPT
Apocalypse 10:0;SKN;64-0830E;154;VALIDE;chap->v.2: main livre terre;CONCEPT
Apocalypse 12:0;SKN;64-0830E;132;VALIDE;chap->v.14: deux femme quelle temps;CONCEPT
Apocalypse 22:8;SKN;64-0830E;59;VALIDE;cest moi jean choses terre lange;CONCEPT
Genese 6:3;SKN;64-0830E;156;PARTIEL;commencé, pas achevé — lhomme ans;CONCEPT
Job 14:0;SKN;64-0830E;87;VALIDE;chap->v.22: lui meme ame lui meme;CONCEPT
Job 14:21;SKN;64-0830E;86;PARTIEL;commencé, pas achevé — sen;CONCEPT
Malachie 3:0;SKN;64-0830E;158;VALIDE;chap->v.1: voici jenvoie messager devant moi seigneur;CONCEPT
Malachie 4:0;SKN;64-0830E;76;VALIDE;chap->v.1: jour vient ceux seront jour vient;CONCEPT
Malachie 4:0;SKN;64-0830E;77;VALIDE;chap->v.1: jour vient ceux seront jour vient;CONCEPT
Malachie 4:0;SKN;64-0830E;154;VALIDE;chap->v.6: cur peres cur peres;CONCEPT
Malachie 4:0;SKN;64-0830E;156;VALIDE;chap->v.6: cur peres cur peres;CONCEPT
Malachie 4:0;SKN;64-0830E;158;VALIDE;chap->v.6: cur peres fils cur fils peres;CONCEPT
Marc 16:0;SKN;64-0830E;121;VALIDE;chap->v.9: etant matin premier jour premierement avait;CONCEPT
Marc 16:0;SKN;64-0830E;139;VALIDE;chap->v.18: serpents auront quelque chose cela mains;CONCEPT
Marc 16:18;SKN;64-0830E;138;EXACT;serpents auront quelque chose cela mains [couverture 6/13];CONCEPT
Matthieu 24:28;SKN;64-0830E;123;VALIDE;soit sassembleront aigles;CONCEPT
Romains 7:14-18;SKN;64-0830E;25;VALIDE;savons loi spirituelle moi suis charnel vendu peche;CONCEPT
Actes 1:0;SKN;50-0716;64;VALIDE;chap->v.8: puissance saint serez mes temoins jerusalem judee samarie;CONCEPT
Deuteronome 7:14;SKN;50-0716;15;PARTIEL;commencé, pas achevé — parmi;CONCEPT
Luc 24:49;SKN;50-0716;64;VALIDE;moi promesse ville jusqua soyez revetus puissance den;CONCEPT
Marc 16:0;SKN;50-0716;86;VALIDE;chap->v.17: ici accompagneront ceux auront cru nom chasseront demons;CONCEPT
Actes 1:0;VGR;54-0515;101;VALIDE;chap->v.2: jour ciel apres lesprit saint quil;CONCEPT
Actes 1:8;VGR;54-0515;90;EXACT;puissance saint esprit serez mes temoins jerusalem judee [couverture 11/14];CONCEPT
Actes 2:0;VGR;54-0515;102;VALIDE;chap->v.4: furent remplis lesprit saint parler dautres langues selon;CONCEPT
Actes 2:38;VGR;54-0515;183;EXACT;pierre baptise nom jesus don saint esprit [couverture 7/14];CONCEPT
Actes 2:38;VGR;54-0515;218;EXACT;pierre baptise nom jesus saint esprit [couverture 6/14];CONCEPT
Actes 2:38;VGR;54-0515;219;EXACT;pierre baptise nom jesus saint [couverture 5/14];CONCEPT
Actes 7:48;VGR;54-0515;218;PARTIEL;commencé, pas achevé — haut main;CONCEPT
Actes 10:49;VGR;54-0515;112;LAPSUS;annoncé — dit en réalité actes 10:44;CONCEPT
actes 10:44;VGR;54-0515;112;LAPSUS-LU;lu — annoncé sous Actes 10:49;CONCEPT
Actes 10:49;VGR;54-0515;218;LAPSUS;annoncé — dit en réalité actes 10:48;CONCEPT
actes 10:48;VGR;54-0515;218;LAPSUS-LU;lu — annoncé sous Actes 10:49;CONCEPT
Actes 19:5;VGR;54-0515;218;VALIDE;baptises nom seigneur jesus;CONCEPT
Apocalypse 7:0;VGR;54-0515;153;VALIDE;chap->v.14: lui dis ceux grande tribulation ont lave robes;CONCEPT
Ephesiens 1:13;VGR;54-0515;84;VALIDE;avez scelles saint esprit;CONCEPT
Ephesiens 4:30;VGR;54-0515;84;VALIDE;nattristez saint esprit dieu lequel avez scelles jour;CONCEPT
Galates 1:8;VGR;54-0515;353;EXACT;ange ciel quil soit anatheme [couverture 5/11];CONCEPT
Galates 1:9;VGR;54-0515;353;EXACT;deja maintenant avez recu quil soit anatheme [couverture 7/12];CONCEPT
Genese 2:0;VGR;54-0515;281;VALIDE;chap->v.7: dieu lhomme poussiere sol vie lhomme ame vivante;CONCEPT
Hebreux 13:12;VGR;54-0515;89;EXACT;cest jesus afin sanctifie peuple propre sang souffert [couverture 10/12];CONCEPT
Luc 24:49;VGR;54-0515;90;EXACT;voici moi pere ville jusqua soyez revetus puissance [couverture 10/13];CONCEPT
Matthieu 28:0;VGR;54-0515;277;VALIDE;chap->v.19: allez nom pere fils saint esprit;CONCEPT
Matthieu 28:19;VGR;54-0515;169;VALIDE;disciples nom pere fils saint esprit;CONCEPT
Matthieu 28:19;VGR;54-0515;176;VALIDE;nom pere fils saint;CONCEPT
Matthieu 28:19;VGR;54-0515;181;EXACT;allez faites disciples nations baptisant nom pere fils [couverture 10/10];CONCEPT
Matthieu 28:19;VGR;54-0515;198;EXACT;allez faites disciples nations baptisant nom pere fils [couverture 9/10];CONCEPT
Romains 5:1;VGR;54-0515;88;EXACT;justifies foi avons paix dieu seigneur jesus [couverture 7/10];CONCEPT
Actes 1:0;VGR;59-1219;53;VALIDE;chap->v.12: alors sen jerusalem pres jerusalem dun;CONCEPT
Actes 19:5;VGR;59-1219;17;VALIDE;choses seigneur jesus;CONCEPT
Hebreux 6:0;VGR;59-1219;191;VALIDE;chap->v.4: impossible ceux ont fois eclaires ont goute don;CONCEPT
Hebreux 6:0;VGR;59-1219;203;VALIDE;chap->v.4: ceux ont ont goute don saint;CONCEPT
Hebreux 6:4-6;VGR;59-1219;160;VALIDE;ceux ont fois don saint parole;CONCEPT
Hebreux 10:0;VGR;59-1219;168;VALIDE;chap->v.26: pechons volontairement apres recu connaissance verite reste sacrifice;CONCEPT
Jean 3:0;VGR;59-1219;29;VALIDE;chap->v.3: jesus lui dis quelquun nouveau voir royaume dieu;CONCEPT
Jean 3:16;VGR;59-1219;29;VALIDE;dieu tant aime quil donne lui;CONCEPT
Jean 5:24;VGR;59-1219;162;VALIDE;dis celui parole croit envoye vie eternelle jugement;CONCEPT
Jean 6:0;VGR;59-1219;162;VALIDE;chap->v.35: jesus moi suis vie celui moi jamais celui;CONCEPT
Jean 14:0;VGR;59-1219;45;VALIDE;chap->v.10: moi suis pere pere moi moi dis dis;CONCEPT
Jean 17:17;VGR;59-1219;39;EXACT;sanctifie verite parole [couverture 4/4];CONCEPT
Luc 24:49;VGR;59-1219;39;PARTIEL;commencé, pas achevé — pere jusqua;CONCEPT
Actes 1:0;VGR;60-0911E;77;VALIDE;chap->v.2: jour apres lesprit saint quil;CONCEPT
Actes 1:8;VGR;60-0911E;72;EXACT;recevrez puissance saint serez mes temoins jerusalem judee [couverture 10/14];CONCEPT
Actes 1:8;VGR;60-0911E;73;EXACT;recevrez puissance saint serez mes temoins jerusalem judee [couverture 10/14];CONCEPT
Actes 1:8;VGR;60-0911E;80;VALIDE;saint serez mes temoins;CONCEPT
Actes 5:32;VGR;60-0911E;89;VALIDE;lui sommes temoins choses saint dieu donne ceux;CONCEPT
Actes 7:38;VGR;60-0911E;31;VALIDE;cest lui nos;CONCEPT
Actes 19:0;VGR;60-0911E;139;VALIDE;chap->v.2: avez recu saint cru lui saint;CONCEPT
Apocalypse 13:0;VGR;60-0911E;50;VALIDE;chap->v.1: vis bete avait dix cornes sept tetes cornes;CONCEPT
Apocalypse 17:0;VGR;60-0911E;41;VALIDE;chap->v.1: sept anges avaient sept coupes vint parla disant;CONCEPT
Colossiens 1:0;VGR;60-0911E;78;VALIDE;chap->v.18: corps lui commencement premier dentre morts afin choses;CONCEPT
Colossiens 1:17;VGR;60-0911E;78;EXACT;lui avant choses subsistent [couverture 6/6];CONCEPT
Colossiens 3:26;VGR;60-0911E;155;LAPSUS;annoncé — dit en réalité colossiens 3:11;CONCEPT
colossiens 3:11;VGR;60-0911E;155;LAPSUS-LU;lu — annoncé sous Colossiens 3:26;CONCEPT
Ephesiens 4:0;VGR;60-0911E;180;VALIDE;chap->v.9: quil soit quest quil terre;CONCEPT
Ephesiens 4:30;VGR;60-0911E;137;EXACT;nattristez saint dieu lequel avez scelles jour redemption [couverture 8/9];CONCEPT
Ephesiens 5:25;VGR;60-0911E;158;PARTIEL;commencé, pas achevé — christ;CONCEPT
Galates 3:26;VGR;60-0911E;155;EXACT;etes fils dieu foi christ jesus [couverture 6/6];CONCEPT
Galates 3:26-28;VGR;60-0911E;155;EXACT;etes fils dieu foi christ jesus avez baptises [couverture 6/6];CONCEPT
Genese 1:0;VGR;60-0911E;176;VALIDE;chap->v.26: dieu faisons homme image selon quils mer oiseaux;CONCEPT
Hebreux 11:0;VGR;60-0911E;61;VALIDE;chap->v.6: foi lui faut dieu dieu quil ceux;CONCEPT
Hebreux 13:8;VGR;60-0911E;89;EXACT;jesus meme hier aujourdhui eternellement [couverture 5/6];CONCEPT
Hebreux 13:12;VGR;60-0911E;157;EXACT;cest jesus afin sanctifie peuple propre sang souffert [couverture 10/12];CONCEPT
Jean 3:5;VGR;60-0911E;163;EXACT;jesus nest deau lesprit entrer royaume dieu [couverture 6/12];CONCEPT
Jean 14:0;VGR;60-0911E;90;VALIDE;chap->v.12: verite verite dis celui croit moi fera lui;CONCEPT
Jean 14:12;VGR;60-0911E;90;EXACT;verite dis celui croit moi fera lui uvres [couverture 13/14];CONCEPT
Luc 24:0;VGR;60-0911E;86;VALIDE;chap->v.46: ainsi ecrit ainsi fallait christ quil dentre morts;CONCEPT
Luc 24:46;VGR;60-0911E;86;EXACT;ainsi ecrit fallait christ quil dentre morts troisieme [couverture 10/12];CONCEPT
Luc 24:49;VGR;60-0911E;71;EXACT;voici moi jenvoie promesse pere demeurez ville jusqua [couverture 13/13];CONCEPT
Luc 24:49;VGR;60-0911E;118;EXACT;voici moi jenvoie promesse pere demeurez ville jusqua [couverture 13/13];CONCEPT
Marc 16:0;VGR;60-0911E;92;VALIDE;chap->v.14: apparut onze etaient table reprocha incredulite durete cur;CONCEPT
Marc 16:0;VGR;60-0911E;117;VALIDE;chap->v.16: celui aura cru aura baptise sera sauve celui;CONCEPT
Matthieu 10:0;VGR;60-0911E;111;VALIDE;chap->v.1: appele douze disciples donna esprits chasser guerir maladie;CONCEPT
Matthieu 10:1;VGR;60-0911E;105;VALIDE;appele disciples chasser;CONCEPT
Matthieu 10:1;VGR;60-0911E;111;VALIDE;appele douze disciples donna esprits chasser guerir maladie;CONCEPT
Matthieu 16:18;VGR;60-0911E;10;VALIDE;dis pierre batirai portes prevaudront contre;LECTURE
Matthieu 16:18;VGR;60-0911E;72;EXACT;moi pierre batirai portes contre [couverture 5/10];CONCEPT
Matthieu 28:20;VGR;60-0911E;88;VALIDE;choses voici moi suis jours jusqua siecle;CONCEPT
Actes 1:8;SKN;53-0613;14;VALIDE;recevrez puissance saint esprit venant serez mes temoins;LECTURE
Actes 19:0;SKN;53-0613;14;VALIDE;chap->v.2: avez recu lesprit saint apres cru lui navons;LECTURE
Actes 1:8;SKN;53-1111;14;VALIDE;recevrez puissance saint serez mes temoins jerusalem judee;LECTURE
Actes 2:0;SKN;53-1111;13;VALIDE;chap->v.22: hommes jesus homme dieu miracles prodiges dieu;LECTURE
Actes 2:8;SKN;53-1111;14;PARTIEL;commencé, pas achevé — comment sommes;LECTURE
Exode 4:0;SKN;53-1111;13;VALIDE;chap->v.16: parlera toi sera place bouche toi lui place;LECTURE
Hebreux 3:1;SKN;53-1111;102;VALIDE;freres souverain sacrificateur confession jesus;CONCEPT
Hebreux 11:0;SKN;53-1111;95;VALIDE;chap->v.13: ceux morts foi recu choses confesse;CONCEPT
Marc 11:24;SKN;53-1111;65;PARTIEL;commencé, pas achevé — dis sera;CONCEPT
Marc 16:0;SKN;53-1111;64;VALIDE;chap->v.17: accompagneront ceux auront cru nom chasseront demons parleront;CONCEPT
Actes 1:8;SKN;54-0724;8;VALIDE;recevrez puissance saint venant serez mes temoins jerusalem;LECTURE
Hebreux 13:8;SKN;54-0724;9;VALIDE;jesus meme hier aujourdhui eternellement;LECTURE
Luc 24:49;SKN;54-0724;8;VALIDE;voici moi promesse pere ville jusqua soyez revetus;LECTURE
Actes 1:8;SKN;56-1125M;114;EXACT;recevrez puissance saint esprit venant mes [couverture 6/14];CONCEPT
Actes 1:8;SKN;57-0115;76;VALIDE;puissance saint serez mes temoins jerusalem judee samarie;CONCEPT
Actes 2:0;SKN;57-0115;78;VALIDE;chap->v.2: coup ciel dun impetueux remplit maison etaient assis;CONCEPT
Actes 19:0;SKN;57-0115;11;VALIDE;chap->v.2: avez recu lesprit saint apres cru lui meme;CONCEPT
Ephesiens 4:30;SKN;57-0115;12;VALIDE;nattristez saint dieu lequel avez jour redemption;CONCEPT
Esaie 9:6;SKN;57-0115;44;EXACT;enfant fils donne sera nom dieu fort [couverture 5/14];CONCEPT
Hebreux 3:0;SKN;57-0115;87;VALIDE;chap->v.1: cest pourquoi freres lappel souverain sacrificateur confession jesus;CONCEPT
Hebreux 13:8;SKN;57-0115;88;EXACT;jesus christ meme hier aujourdhui eternellement [couverture 5/6];CONCEPT
Jean 4:0;SKN;57-0115;90;VALIDE;chap->v.25: femme lui messie appele christ celui sera venu;CONCEPT
Jean 5:19;SKN;57-0115;68;EXACT;jesus verite dis fils rien lui meme quil [couverture 5/14];CONCEPT
Luc 24:49;SKN;57-0115;76;VALIDE;voici moi ville jusqua soyez revetus puissance den;CONCEPT
Matthieu 8:0;SKN;57-0115;68;VALIDE;chap->v.17: accompli esaie prophete lui meme pris nos nos;CONCEPT
Actes 1:8;SKN;57-0725;16;VALIDE;recevrez puissance saint esprit serez mes temoins jerusalem;CONCEPT
Deuteronome 33:0;SKN;57-0725;2;VALIDE;chap->v.7: ceci eternel quil lui lui;CONCEPT
Jean 5:19;SKN;57-0725;11;VALIDE;jesus verite dis fils rien lui quil chose;LECTURE
Jean 5:24;SKN;57-0725;19;VALIDE;verite dis celui parole croit envoye vie eternelle;CONCEPT
Actes 1:8;SKN;58-0315;45;EXACT;recevrez puissance saint jerusalem terre [couverture 5/14];CONCEPT
Jean 5:19;SKN;58-0315;94;EXACT;jesus verite dis fils rien lui meme quil [couverture 12/14];CONCEPT
Luc 24:49;SKN;58-0315;45;EXACT;voici pere ville jusqua soyez revetus puissance den [couverture 7/13];CONCEPT
Actes 1:8;SKN;58-0510;39;VALIDE;recevrez puissance saint esprit serez mes samarie;CONCEPT
Actes 19:0;SKN;58-0510;66;VALIDE;chap->v.4: jean quils venait lui cest;CONCEPT
Hebreux 13:8;SKN;58-0510;60;VALIDE;jesus christ meme hier aujourdhui eternellement;CONCEPT
Jean 4:0;SKN;58-0510;65;VALIDE;chap->v.9: femme lui toi juif moi suis femme juifs;CONCEPT
Jean 5:19;SKN;58-0510;40;EXACT;jesus dis rien lui meme quil chose pere [couverture 5/14];CONCEPT
Jean 11:0;SKN;58-0510;53;VALIDE;chap->v.25: jesus lui moi suis resurrection vie celui croit;CONCEPT
Actes 1:8;SKN;62-0120;46;VALIDE;puissance saint serez mes temoins jerusalem judee samarie;CONCEPT
Esaie 9:6;SKN;62-0120;50;EXACT;enfant fils donne sera epaule nom dieu [couverture 6/14];CONCEPT
Hebreux 11:0;SKN;62-0120;23;VALIDE;chap->v.5: foi fut quil voie fut trouve parce dieu;CONCEPT
Hebreux 13:8;SKN;62-0120;59;EXACT;jesus meme hier aujourdhui eternellement [couverture 5/6];CONCEPT
Hebreux 13:8;SKN;62-0120;85;EXACT;jesus christ meme hier aujourdhui eternellement [couverture 6/6];CONCEPT
Jean 14:12;SKN;62-0120;85;EXACT;dis celui croit moi fera lui fais [couverture 9/14];CONCEPT
Luc 24:49;SKN;62-0120;46;EXACT;voici moi promesse ville jusqua soyez revetus puissance [couverture 6/13];CONCEPT
Marc 11:22;SKN;62-0120;26;VALIDE;jesus foi dieu;CONCEPT
Marc 16:0;SKN;62-0120;45;VALIDE;chap->v.16: aura cru aura sera sauve cru sera;CONCEPT
Actes 1:8;SKN;62-0607;84;VALIDE;recevrez puissance saint serez mes temoins jerusalem judee;CONCEPT
Genese 6:0;SKN;62-0607;36;VALIDE;chap->v.9: noe noe etait homme juste etait temps noe;CONCEPT
Genese 6:0;SKN;62-0607;44;VALIDE;chap->v.9: ici noe noe etait homme juste etait parmi;CONCEPT
Hebreux 13:8;SKN;62-0607;91;VALIDE;jesus meme hier eternellement;CONCEPT
Jean 14:12;SKN;62-0607;78;EXACT;dis celui croit moi fera lui fais grandes [couverture 5/14];CONCEPT
Job 14:0;SKN;62-0607;53;VALIDE;chap->v.14: homme meurt revivra jours detresse etat changer;CONCEPT
Luc 24:49;SKN;62-0607;84;VALIDE;voici promesse pere ville soyez revetus puissance;CONCEPT
Marc 16:0;SKN;62-0607;89;VALIDE;chap->v.17: ici accompagneront ceux auront cru nom chasseront demons;CONCEPT
Matthieu 28:0;SKN;62-0607;79;VALIDE;chap->v.7: allez disciples ressuscite morts devant lai;CONCEPT
Actes 1:8;SKN;62-0909M;26;VALIDE;recevrez puissance saint esprit venant serez mes temoins;CONCEPT
Hebreux 13:8;SKN;62-0909M;26;VALIDE;jesus christ meme hier eternellement;CONCEPT
Jean 5:7;SKN;62-0909M;26;VALIDE;malade lui seigneur nai personne lorsque pendant moi;CONCEPT
Jean 5:24;SKN;62-0909M;26;VALIDE;verite dis celui entend parole croit envoye vie;CONCEPT
Actes 1:8;SKN;62-1007;141;EXACT;recevrez puissance saint serez mes temoins jerusalem judee [couverture 11/14];CONCEPT
Actes 19:0;SKN;62-1007;139;VALIDE;chap->v.2: avez recu lesprit saint apres cru meme lesprit;CONCEPT
Apocalypse 13:0;SKN;62-1007;34;VALIDE;chap->v.4: parce quil avait donne;CONCEPT
Jean 5:7;SKN;62-1007;140;VALIDE;seigneur nai leau;CONCEPT
Jean 5:24;SKN;62-1007;137;EXACT;celui parole croit envoye vie eternelle mort [couverture 7/14];CONCEPT
Actes 1:8;VGR;56-1125M;114;EXACT;recevrez puissance saint esprit venant serez [couverture 6/14];CONCEPT
Actes 1:8;VGR;59-1216;101;EXACT;recevrez puissance saint serez mes temoins jerusalem judee [couverture 11/14];CONCEPT
Actes 2:0;VGR;59-1216;97;VALIDE;chap->v.17: derniers jours dieu repandrai esprit chair vos fils;CONCEPT
Actes 8:14;VGR;59-1216;124;VALIDE;etaient jerusalem ayant avait recu parole dieu pierre;CONCEPT
Apocalypse 11:0;VGR;59-1216;93;VALIDE;chap->v.11: apres trois jours lesprit vie dieu eux pieds;CONCEPT
Ephesiens 4:30;VGR;59-1216;45;EXACT;nattristez saint dieu lequel avez scelles jour redemption [couverture 8/9];CONCEPT
Ephesiens 4:30;VGR;59-1216;46;EXACT;nattristez saint dieu lequel avez scelles jour redemption [couverture 8/9];CONCEPT
Esaie 28:0;VGR;59-1216;67;VALIDE;chap->v.8: tables pleines sales quil place;CONCEPT
Galates 1:8;VGR;59-1216;131;VALIDE;ange venu ciel avons quil soit anatheme;CONCEPT
Galates 3:29;VGR;59-1216;40;EXACT;etes christ dabraham heritiers selon promesse [couverture 7/8];CONCEPT
Hebreux 4:0;VGR;59-1216;95;VALIDE;chap->v.10: celui repos lui sest repose uvres dieu sest;CONCEPT
Jean 2:1;VGR;59-1216;60;PARTIEL;commencé, pas achevé — jesus;CONCEPT
Jean 2:12;VGR;59-1216;60;PARTIEL;commencé, pas achevé — lui;CONCEPT
Jean 14:0;VGR;59-1216;52;VALIDE;chap->v.10: moi suis moi moi dis dis moi meme;CONCEPT
Jean 14:0;VGR;59-1216;56;VALIDE;chap->v.17: lesprit verite monde recevoir parce quil voit connait;CONCEPT
Jean 16:7;VGR;59-1216;59;EXACT;dis verite avantageux moi men aille vais consolateur [couverture 13/14];CONCEPT
Joel 2:28;VGR;59-1216;96;EXACT;apres cela repandrai esprit chair vos fils filles [couverture 12/14];CONCEPT
Luc 24:49;VGR;59-1216;98;VALIDE;voici pere ville jusqua soyez revetus puissance den;CONCEPT
Romains 4:0;VGR;59-1216;41;VALIDE;chap->v.11: signe circoncision foi avait quil soit etant;CONCEPT
Actes 1:8;VGR;62-0909M;39;EXACT;recevrez puissance saint esprit serez mes temoins [couverture 5/14];CONCEPT
Hebreux 13:8;VGR;62-0909M;91;VALIDE;jesus meme hier aujourdhui eternellement;CONCEPT
Jean 5:7;VGR;62-0909M;36;VALIDE;seigneur nai lorsque leau;CONCEPT
Jean 5:24;VGR;62-0909M;38;EXACT;dis celui parole croit envoye vie eternelle passe [couverture 7/14];CONCEPT
Actes 1:8;VGR;62-1007;141;EXACT;recevrez puissance saint esprit serez mes temoins jerusalem [couverture 10/14];CONCEPT
Actes 19:0;VGR;62-1007;139;VALIDE;chap->v.4: paul jean baptise bapteme quils celui apres cest;CONCEPT
Apocalypse 13:0;VGR;62-1007;34;VALIDE;chap->v.10: quelquun quelquun faut quil cest;CONCEPT
Jean 5:7;VGR;62-1007;140;VALIDE;seigneur nai personne leau;CONCEPT
Jean 5:24;VGR;62-1007;137;EXACT;verite celui parole croit envoye vie eternelle passe [couverture 7/14];CONCEPT
Actes 1:8;VGR;62-1013;152;EXACT;recevrez puissance saint esprit serez mes temoins jerusalem [couverture 8/14];CONCEPT
Hebreux 13:8;VGR;62-1013;16;EXACT;jesus christ meme hier aujourdhui eternellement [couverture 5/6];CONCEPT
Jean 14:7;VGR;62-1013;19;PARTIEL;commencé, pas achevé — pere maintenant;CONCEPT
Jean 15:0;VGR;62-1013;20;VALIDE;chap->v.5: moi suis cep sarments celui moi moi lui;CONCEPT
Luc 24:49;VGR;62-1013;152;EXACT;voici moi promesse pere ville jusqua soyez revetus [couverture 11/13];CONCEPT
Actes 2:0;SKN;52-0716;30;VALIDE;chap->v.22: hommes israelites ecoutez paroles jesus homme approuve dieu;CONCEPT
Actes 2:22;SKN;52-0716;30;VALIDE;hommes israelites ecoutez paroles jesus homme approuve dieu;CONCEPT
Ephesiens 4:30;SKN;52-0716;37;VALIDE;nattristez saint dieu lequel avez scelles jour redemption;CONCEPT
Hebreux 9:0;SKN;52-0716;28;VALIDE;chap->v.14: christ eternel lui meme dieu conscience;CONCEPT
Jean 5:19;SKN;52-0716;26;EXACT;jesus verite dis fils rien lui meme quil [couverture 6/14];CONCEPT
Jean 16:30;SKN;52-0716;30;EXACT;maintenant savons choses personne cause cela venu dieu [couverture 6/14];CONCEPT
Jean 17:0;SKN;52-0716;34;VALIDE;chap->v.3: cest ici vie quils connaissent seul vrai dieu;CONCEPT
Actes 2:0;SKN;54-0103M;42;VALIDE;chap->v.38: pierre baptise nom jesus recevrez don saint;CONCEPT
Actes 10:49;SKN;54-0103M;42;LAPSUS;annoncé — dit en réalité actes 10:48;CONCEPT
actes 10:48;SKN;54-0103M;42;LAPSUS-LU;lu — annoncé sous Actes 10:49;CONCEPT
Actes 19:0;SKN;54-0103M;44;VALIDE;chap->v.2: avez recu saint apres cru dirent meme saint;CONCEPT
Actes 19:5;SKN;54-0103M;41;VALIDE;baptises nom jesus;CONCEPT
Apocalypse 1:0;SKN;54-0103M;99;VALIDE;chap->v.5: part jesus christ terre laves;CONCEPT
Apocalypse 6:0;SKN;54-0103M;194;VALIDE;chap->v.9: ouvrit cinquieme sceau vis dieu;CONCEPT
Apocalypse 11:0;SKN;54-0103M;69;VALIDE;chap->v.6: ont pouvoir fermer ciel afin jours prophetie ont;CONCEPT
Apocalypse 11:0;SKN;54-0103M;70;VALIDE;chap->v.6: ont pouvoir fermer ciel afin jours prophetie ont;CONCEPT
Ephesiens 4:30;SKN;54-0103M;210;EXACT;saint dieu lequel avez scelles jour redemption [couverture 7/9];CONCEPT
Ezechiel 9:0;SKN;54-0103M;208;VALIDE;chap->v.4: ville jerusalem marque hommes soupirent gemissent cause;CONCEPT
Luc 21:24;SKN;54-0103M;51;EXACT;parmi nations jerusalem sera pieds [couverture 6/14];CONCEPT
Marc 16:0;SKN;54-0103M;33;VALIDE;chap->v.16: celui baptise sera sauve celui sera;CONCEPT
Matthieu 2:0;SKN;54-0103M;54;VALIDE;chap->v.15: fut mort afin fut accompli avait prophete disant;CONCEPT
Actes 2:0;SKN;54-0514;257;VALIDE;chap->v.47: louant dieu peuple seigneur ceux;CONCEPT
Apocalypse 7:0;SKN;54-0514;239;VALIDE;chap->v.1: apres cela vis quatre anges debout quatre coins;CONCEPT
Apocalypse 12:0;SKN;54-0514;52;VALIDE;chap->v.1: grand signe femme soleil lune pieds tete;CONCEPT
Ephesiens 4:30;SKN;54-0514;165;EXACT;saint dieu lequel avez scelles jour redemption [couverture 7/9];CONCEPT
Ephesiens 4:30;SKN;54-0514;173;EXACT;saint dieu lequel avez scelles jour redemption [couverture 7/9];CONCEPT
Ephesiens 4:30;SKN;54-0514;261;VALIDE;saint dieu jour;CONCEPT
Ezechiel 9:0;SKN;54-0514;164;VALIDE;chap->v.8: frappaient reste seigneur eternel reste;CONCEPT
Hebreux 12:0;SKN;54-0514;52;VALIDE;chap->v.1: grande nuee temoins fardeau peche enveloppe;CONCEPT
Hebreux 13:8;SKN;54-0514;38;VALIDE;jesus meme hier eternellement;CONCEPT
Jean 17:17;SKN;54-0514;150;EXACT;sanctifie verite parole [couverture 4/4];CONCEPT
Actes 2:0;SKN;54-0809A;49;VALIDE;chap->v.22: hommes israelites jesus homme dieu miracles prodiges signes;CONCEPT
Ephesiens 4:30;SKN;54-0809A;28;VALIDE;nattristez saint dieu lequel avez scelles jour redemption;CONCEPT
Genese 1:0;SKN;54-0809A;14;VALIDE;chap->v.10: dieu sec terre dieu cela etait bon;CONCEPT
Actes 2:0;SKN;54-1024;111;VALIDE;chap->v.22: israelites jesus homme dieu miracles prodiges signes dieu;CONCEPT
Ephesiens 4:30;SKN;54-1024;56;EXACT;saint esprit dieu lequel avez scelles jour redemption [couverture 8/9];CONCEPT
Genese 3:0;SKN;54-1024;124;VALIDE;chap->v.5: dieu yeux serez dieu connaissant;CONCEPT
Romains 8:1;SKN;54-1024;36;VALIDE;maintenant aucune condamnation ceux christ jesus;CONCEPT
Actes 2:0;SKN;54-1231;68;VALIDE;chap->v.38: pierre baptise nom jesus peches don saint;CONCEPT
Actes 2:38;SKN;54-1231;76;EXACT;pierre repentez chacun jesus don [couverture 5/14];CONCEPT
Jean 5:24;SKN;54-1231;84;EXACT;celui parole croit envoye vie eternelle [couverture 7/14];CONCEPT
Actes 2:0;SKN;55-0302;20;VALIDE;chap->v.22: hommes israelites jesus homme dieu prodiges signes dieu;CONCEPT
Amos 8:11;SKN;55-0302;48;VALIDE;seigneur famine pain dentendre;CONCEPT
Actes 2:0;SKN;55-0625;38;VALIDE;chap->v.38: pierre nom jesus christ peches don saint esprit;CONCEPT
Jean 1:0;SKN;55-0625;21;VALIDE;chap->v.1: commencement etait parole parole etait dieu parole etait;CONCEPT
Jean 5:0;SKN;55-0625;36;VALIDE;chap->v.19: jesus verite verite dis fils rien lui meme;CONCEPT
Jean 5:19;SKN;55-0625;36;EXACT;jesus verite dis fils rien lui meme quil [couverture 7/14];CONCEPT
Jean 11:0;SKN;55-0625;24;VALIDE;chap->v.6: apres quil lazare etait malade deux jours etait;CONCEPT
Jean 14:1;SKN;55-0625;4;VALIDE;soit trouble croyez dieu moi;LECTURE
Actes 2:0;SKN;55-0806;42;VALIDE;chap->v.22: hommes israelites ecoutez jesus homme dieu miracles prodiges;CONCEPT
Actes 10:49;SKN;55-0806;54;LAPSUS;annoncé — dit en réalité actes 10:48;CONCEPT
actes 10:48;SKN;55-0806;54;LAPSUS-LU;lu — annoncé sous Actes 10:49;CONCEPT
Hebreux 13:8;SKN;55-0806;13;VALIDE;jesus meme hier eternellement;LECTURE
Jean 5:0;SKN;55-0806;48;VALIDE;chap->v.3: etaient couches boiteux gens avaient membres attendant mouvement;CONCEPT
Jean 5:19;SKN;55-0806;72;EXACT;jesus verite dis fils rien lui meme voie [couverture 7/14];CONCEPT
Jean 14:7;SKN;55-0806;53;PARTIEL;commencé, pas achevé — pere maintenant;CONCEPT
Luc 2:0;SKN;55-0806;34;VALIDE;chap->v.25: voici avait homme nom etait homme etait juste;CONCEPT
Marc 16:0;SKN;55-0806;58;VALIDE;chap->v.17: ici signes accompagneront ceux auront cru demons langues;CONCEPT
Actes 2:0;SKN;55-0815;31;VALIDE;chap->v.22: hommes israelites ecoutez paroles jesus homme dieu aupres;CONCEPT
Jean 5:0;SKN;55-0815;28;VALIDE;chap->v.19: jesus verite verite dis fils rien lui meme;CONCEPT
Jean 5:19;SKN;55-0815;28;EXACT;jesus verite dis fils rien lui meme chose [couverture 8/14];CONCEPT
Jean 5:19;SKN;55-0815;29;EXACT;jesus verite dis fils rien lui meme chose [couverture 9/14];CONCEPT
Actes 2:0;SKN;55-1008;66;VALIDE;chap->v.22: hommes israelites ecoutez jesus homme approuve dieu miracles;CONCEPT
Actes 19:0;SKN;55-1008;63;VALIDE;chap->v.2: avez recu lesprit saint apres cru lui meme;CONCEPT
Ephesiens 4:30;SKN;55-1008;38;VALIDE;nattristez saint dieu lequel avez scelles jour redemption;CONCEPT
Esaie 28:8;SKN;55-1008;39;VALIDE;tables pleines sorte quil place;CONCEPT
Hebreux 3:0;SKN;55-1008;25;VALIDE;chap->v.1: cest freres souverain sacrificateur confession jesus;CONCEPT
Hebreux 4:0;SKN;55-1008;40;VALIDE;chap->v.8: josue avait donne repos parle cela dun autre;CONCEPT
Jean 3:0;SKN;55-1008;73;VALIDE;chap->v.18: celui croit lui nest celui croit deja parce;CONCEPT
Jean 3:16;SKN;55-1008;20;EXACT;dieu aime monde quil donne afin lui [couverture 8/14];CONCEPT
Jean 5:19;SKN;55-1008;81;EXACT;jesus verite dis fils rien lui meme quil [couverture 6/14];CONCEPT
Actes 2:0;SKN;55-1113;63;VALIDE;chap->v.22: hommes israelites ecoutez jesus homme dieu aupres miracles;CONCEPT
Jean 5:0;SKN;55-1113;54;VALIDE;chap->v.19: jesus verite verite dis fils rien lui meme;CONCEPT
Jean 5:0;SKN;55-1113;60;VALIDE;chap->v.19: jesus verite verite dis fils rien lui meme;CONCEPT
Jean 5:19;SKN;55-1113;62;EXACT;jesus verite dis fils rien lui meme quil [couverture 6/14];CONCEPT
Jean 14:7;SKN;55-1113;62;PARTIEL;commencé, pas achevé — pere maintenant;CONCEPT
Marc 16:0;SKN;55-1113;33;VALIDE;chap->v.6: jesus ressuscite nest ici voici mis;CONCEPT
Marc 16:0;SKN;55-1113;34;VALIDE;chap->v.11: ceux quil etait vivant quil avait delle;CONCEPT
Actes 2:0;SKN;56-0115;2;VALIDE;chap->v.17: derniers jours dieu repandrai esprit chair vos fils;LECTURE
Apocalypse 11:0;SKN;56-0115;13;VALIDE;chap->v.6: ceux pouvoir ciel afin quil tombe jours pouvoir;CONCEPT
Jean 17:0;SKN;56-0115;40;VALIDE;chap->v.3: cest ici vie eternelle quils seul dieu celui;CONCEPT
Joel 2:0;SKN;56-0115;2;VALIDE;chap->v.28: apres cela repandrai esprit chair vos fils vos;LECTURE
Joel 2:28;SKN;56-0115;2;VALIDE;apres cela repandrai esprit chair vos fils filles;LECTURE
Actes 2:0;SKN;56-0121;56;VALIDE;chap->v.38: pierre repentez chacun soit baptise nom jesus peches;CONCEPT
Apocalypse 1:0;SKN;56-0121;78;VALIDE;chap->v.8: moi suis lalpha lomega seigneur dieu etait;CONCEPT
Actes 2:0;SKN;56-0122;29;VALIDE;chap->v.17: derniers jours dieu repandrai esprit chair vos fils;CONCEPT
Ephesiens 4:30;SKN;56-0122;93;VALIDE;saint dieu lequel avez jour redemption;CONCEPT
Hebreux 1:0;SKN;56-0122;69;VALIDE;chap->v.5: jamais fils moi moi serai pere sera;CONCEPT
Hebreux 11:0;SKN;56-0122;69;VALIDE;chap->v.4: foi abel offrit dieu excellent sacrifice cain sacrifice;CONCEPT
Jean 3:0;SKN;56-0122;111;VALIDE;chap->v.14: moise eleva serpent desert faut fils soit eleve;CONCEPT
Joel 2:0;SKN;56-0122;29;VALIDE;chap->v.28: apres cela repandrai esprit chair vos fils vos;CONCEPT
Romains 9:0;SKN;56-0122;37;VALIDE;chap->v.3: moi meme christ mes freres mes;CONCEPT
Actes 2:0;SKN;56-0403;47;VALIDE;chap->v.22: hommes israelites jesus homme approuve dieu miracles prodiges;CONCEPT
Jean 7:12;SKN;56-0403;42;VALIDE;avait grande homme;CONCEPT
Actes 2:0;SKN;56-0419;42;VALIDE;chap->v.33: ayant droite dieu ayant part pere lesprit saint;CONCEPT
Ephesiens 4:30;SKN;56-0419;49;VALIDE;nattristez saint esprit dieu lequel avez jour redemption;CONCEPT
Hebreux 8:0;SKN;56-0419;16;VALIDE;chap->v.10: cest ici apres jours seigneur mes;CONCEPT
Jean 5:0;SKN;56-0419;35;VALIDE;chap->v.19: jesus dis rien lui meme quil voie chose;CONCEPT
Jean 5:0;SKN;56-0419;36;VALIDE;chap->v.19: jesus verite verite dis fils rien lui meme;CONCEPT
Jean 5:0;SKN;56-0419;38;VALIDE;chap->v.19: jesus verite verite dis fils rien lui meme;CONCEPT
Marc 16:0;SKN;56-0419;47;VALIDE;chap->v.16: celui cru baptise sera sauve celui cru sera;CONCEPT
Actes 2:0;SKN;56-1004;41;VALIDE;chap->v.2: coup ciel souffle violent impetueux remplit maison etaient;CONCEPT
Jean 19:0;SKN;56-1004;61;VALIDE;chap->v.38: apres choses joseph etait jesus secret;CONCEPT
Matthieu 22:0;SKN;56-1004;14;VALIDE;chap->v.32: moi suis dieu dieu dieu dieu dieu;LECTURE
Psaumes 1:0;SKN;56-1004;7;VALIDE;chap->v.2: loi loi jour;CONCEPT
Actes 2:0;SKN;57-0925;108;VALIDE;chap->v.38: pierre repentez chacun soit baptise nom jesus christ;CONCEPT
Actes 2:0;SKN;57-0925;158;VALIDE;chap->v.38: baptise nom jesus remission peches saint;CONCEPT
Actes 2:0;SKN;57-0925;213;VALIDE;chap->v.22: hommes jesus homme approuve dieu prodiges signes dieu;CONCEPT
Actes 2:38;SKN;57-0925;103;VALIDE;chacun jesus don;CONCEPT
Actes 2:38;SKN;57-0925;105;VALIDE;nom jesus don saint;CONCEPT
Actes 2:38;SKN;57-0925;107;EXACT;pierre repentez chacun soit baptise nom jesus christ [couverture 5/14];CONCEPT
Actes 2:38;SKN;57-0925;109;EXACT;pierre repentez chacun soit baptise nom jesus christ [couverture 12/14];CONCEPT
Actes 2:38;SKN;57-0925;115;VALIDE;baptise jesus don;CONCEPT
Actes 10:49;SKN;57-0925;111;LAPSUS;annoncé — dit en réalité actes 10:48;CONCEPT
actes 10:48;SKN;57-0925;111;LAPSUS-LU;lu — annoncé sous Actes 10:49;CONCEPT
Apocalypse 11:0;SKN;57-0925;7;VALIDE;chap->v.1: donne toi temple dieu;LECTURE
Apocalypse 11:0;SKN;57-0925;38;VALIDE;chap->v.17: seigneur dieu celui etait pris;CONCEPT
Ephesiens 4:30;SKN;57-0925;50;EXACT;saint dieu lequel avez scelles jour redemption [couverture 7/9];CONCEPT
Ezechiel 9:0;SKN;57-0925;40;VALIDE;chap->v.6: hommes vierges femmes ont;CONCEPT
Galates 1:8;SKN;57-0925;161;VALIDE;ange ciel soit anatheme;CONCEPT
Genese 3:8;SKN;57-0925;178;EXACT;entendirent voix dieu jardin jour femme cacherent milieu [couverture 7/14];CONCEPT
Genese 3:8;SKN;57-0925;217;VALIDE;jardin jour femme;CONCEPT
Hebreux 11:1;SKN;57-0925;168;PARTIEL;commencé, pas achevé — foi;CONCEPT
Jean 6:0;SKN;57-0925;184;VALIDE;chap->v.32: jesus pain vient ciel pain vient;CONCEPT
Luc 16:16;SKN;57-0925;156;EXACT;loi prophetes ont jean lors royaume annonce [couverture 7/13];CONCEPT
Matthieu 25:46;SKN;57-0925;17;PARTIEL;commencé, pas achevé — ceux;CONCEPT
Matthieu 25:46;SKN;57-0925;24;VALIDE;ceux iront vie;CONCEPT
Matthieu 25:46;SKN;57-0925;25;EXACT;ceux iront justes vie eternelle [couverture 5/8];CONCEPT
Matthieu 28:0;SKN;57-0925;129;VALIDE;chap->v.19: nom pere fils saint;CONCEPT
Matthieu 28:19;SKN;57-0925;103;PARTIEL;commencé, pas achevé — pere;CONCEPT
Matthieu 28:19;SKN;57-0925;105;EXACT;allez faites disciples nations baptisant nom pere fils [couverture 9/10];CONCEPT
Matthieu 28:19;SKN;57-0925;107;EXACT;allez faites disciples nations baptisant nom pere fils [couverture 9/10];CONCEPT
Matthieu 28:19;SKN;57-0925;114;PARTIEL;commencé, pas achevé — fils;CONCEPT
Matthieu 28:19;SKN;57-0925;146;EXACT;faites disciples nations baptisant nom pere fils saint [couverture 8/10];CONCEPT
Matthieu 28:19;SKN;57-0925;176;VALIDE;disciples nom saint;CONCEPT
Actes 2:0;SKN;58-0316A;79;VALIDE;chap->v.30: etant dieu lui avait quil quelquun;CONCEPT
Deuteronome 32:1-12;SKN;58-0316A;2;PARTIEL;commencé, pas achevé — bouche;LECTURE
Jean 3:16;SKN;58-0316A;79;VALIDE;dieu tant aime monde quil donne fils unique;CONCEPT
Actes 2:0;SKN;58-0523;38;VALIDE;chap->v.17: dieu esprit vos fils vos vos;CONCEPT
Actes 4:0;SKN;58-0523;28;VALIDE;chap->v.17: afin cela parmi peuple parler nom;CONCEPT
Actes 10:49;SKN;58-0523;38;LAPSUS;annoncé — dit en réalité actes 10:48;CONCEPT
actes 10:48;SKN;58-0523;38;LAPSUS-LU;lu — annoncé sous Actes 10:49;CONCEPT
Hebreux 13:8;SKN;58-0523;10;VALIDE;jesus meme hier aujourdhui eternellement;LECTURE
Jean 4:0;SKN;58-0523;61;VALIDE;chap->v.9: femme lui toi juif moi femme juifs nont;CONCEPT
Jean 5:19;SKN;58-0523;21;EXACT;jesus verite dis fils rien lui meme quil [couverture 5/14];CONCEPT
Jean 6:0;SKN;58-0523;24;VALIDE;chap->v.32: jesus verite verite dis moise donne vient pere;CONCEPT
Jean 12:20;SKN;58-0523;10;VALIDE;avait quelques grecs dentre ceux etaient montes adorer;LECTURE
Psaumes 103:3;SKN;58-0523;13;EXACT;cest lui pardonne iniquites guerit [couverture 5/8];CONCEPT
Actes 2:0;SKN;58-0927;133;VALIDE;chap->v.17: chair vos fils vos filles prophetiseront vos;CONCEPT
Actes 2:0;SKN;58-0927;187;VALIDE;chap->v.2: fit coup ciel dun impetueux remplit maison etaient;CONCEPT
Actes 2:0;SKN;58-0927;188;VALIDE;chap->v.2: fit coup ciel dun impetueux remplit maison etaient;CONCEPT
Apocalypse 1:0;SKN;58-0927;180;VALIDE;chap->v.4: jean sept part etait part sept devant;CONCEPT
Apocalypse 2:20;SKN;58-0927;179;VALIDE;jai contre toi laisses femme prophetesse enseigne mes;CONCEPT
Apocalypse 13:0;SKN;58-0927;38;VALIDE;chap->v.5: lui fut donne choses pouvoir lui fut donne;CONCEPT
Apocalypse 13:0;SKN;58-0927;60;VALIDE;chap->v.18: ici sagesse celui lintelligence nombre bete cest nombre;CONCEPT
Apocalypse 17:0;SKN;58-0927;31;VALIDE;chap->v.1: sept anges sept coupes vint parla disant viens;CONCEPT
Apocalypse 19:2;SKN;58-0927;110;EXACT;jugements veritables justes juge grande prostituee corrompait terre [couverture 11/14];CONCEPT
Deuteronome 23:0;SKN;58-0927;74;VALIDE;chap->v.2: illegitime nentrera leternel meme generation nentrera leternel;CONCEPT
Galates 1:8;SKN;58-0927;160;EXACT;ange ciel quil soit anatheme [couverture 5/11];CONCEPT
Genese 3:16;SKN;58-0927;150;VALIDE;femme tes desir mari;CONCEPT
Genese 3:16;SKN;58-0927;152;VALIDE;femme tes desir mari lui;CONCEPT
Romains 8:0;SKN;58-0927;108;VALIDE;chap->v.32: celui meme livre don;CONCEPT
Romains 8:0;SKN;58-0927;224;VALIDE;chap->v.30: ceux quil predestines appeles ceux quil appeles justifies;CONCEPT
Actes 2:0;SKN;59-0418;35;VALIDE;chap->v.2: coup ciel dun impetueux remplit maison etaient assis;CONCEPT
Jean 4:0;SKN;59-0418;69;VALIDE;chap->v.25: femme lui sais messie appele vient celui sera;CONCEPT
Jean 4:0;SKN;59-0418;71;VALIDE;chap->v.25: femme lui sais messie appele celui sera venu;CONCEPT
Actes 2:0;SKN;59-1115;93;VALIDE;chap->v.38: pierre repentez chacun soit baptise nom jesus christ;CONCEPT
Esther 9:0;SKN;59-1115;52;VALIDE;chap->v.4: etait grand maison homme toujours;CONCEPT
Marc 16:0;SKN;59-1115;85;VALIDE;chap->v.17: ici signes accompagneront ceux auront cru nom chasseront;CONCEPT
Psaumes 22:0;SKN;59-1115;67;VALIDE;chap->v.9: cest toi mas porte mas donne;CONCEPT
Actes 2:0;SKN;60-0724;49;VALIDE;chap->v.22: paroles jesus homme dieu miracles prodiges dieu;CONCEPT
Actes 19:0;SKN;60-0724;22;VALIDE;chap->v.22: envoye deux lui meme quelque temps;CONCEPT
Apocalypse 13:0;SKN;60-0724;68;VALIDE;chap->v.5: fut donne choses pouvoir mois fut donne;CONCEPT
Esaie 9:6;SKN;60-0724;36;VALIDE;enfant fils donne sera epaule nom conseiller dieu;CONCEPT
Hebreux 4:0;SKN;60-0724;95;VALIDE;chap->v.12: parole dieu penetrante epee deux tranchants jusqua lesprit;CONCEPT
Jean 5:19;SKN;60-0724;95;VALIDE;jesus dis rien lui meme quil voie chose;CONCEPT
Jean 14:0;SKN;60-0724;2;VALIDE;chap->v.10: moi suis moi moi dis dis moi meme;CONCEPT
Matthieu 24:35;SKN;60-0724;27;VALIDE;ciel terre passeront mes paroles;CONCEPT
Actes 2:0;SKN;60-0807;13;VALIDE;chap->v.5: avait juifs jerusalem hommes pieux nation ceux ciel;CONCEPT
Actes 2:0;SKN;60-0807;19;VALIDE;chap->v.5: avait juifs jerusalem hommes nation ceux;CONCEPT
Actes 2:4;SKN;60-0807;9;VALIDE;furent remplis saint parler langues selon donnait;CONCEPT
Actes 2:4;SKN;60-0807;15;EXACT;furent remplis saint parler langues selon donnait [couverture 7/12];CONCEPT
Actes 2:4;SKN;60-0807;19;VALIDE;saint parler langues;CONCEPT
Actes 2:4;SKN;60-0807;25;VALIDE;remplis saint parler langues;CONCEPT
Actes 2:38;SKN;60-0807;2;EXACT;repentez chacun soit baptise nom jesus peches recevrez [couverture 11/14];CONCEPT
Actes 8:0;SKN;60-0807;19;VALIDE;chap->v.14: etaient jerusalem avait recu dieu pierre;CONCEPT
Actes 10:44;SKN;60-0807;9;VALIDE;pierre prononcait mots saint ceux parole;CONCEPT
Actes 10:49;SKN;60-0807;9;LAPSUS;annoncé — dit en réalité actes 10:44;CONCEPT
actes 10:44;SKN;60-0807;9;LAPSUS-LU;lu — annoncé sous Actes 10:49;CONCEPT
Actes 10:49;SKN;60-0807;19;LAPSUS;annoncé — dit en réalité actes 10:46;CONCEPT
actes 10:46;SKN;60-0807;19;LAPSUS-LU;lu — annoncé sous Actes 10:49;CONCEPT
Actes 19:5;SKN;60-0807;9;VALIDE;choses furent jesus;CONCEPT
Actes 19:6;SKN;60-0807;9;VALIDE;paul impose mains saint vint eux langues;CONCEPT
Actes 2:0;SKN;60-1125;52;VALIDE;chap->v.38: pierre repentez chacun soit baptise nom jesus christ;CONCEPT
Actes 4:0;SKN;60-1125;56;VALIDE;chap->v.12: salut autre dautre nom ciel soit donne parmi;CONCEPT
Exode 19:0;SKN;60-1125;33;VALIDE;chap->v.1: mois apres disrael meme jour;CONCEPT
Job 7:27;SKN;60-1125;55;LAPSUS;annoncé — dit en réalité job 7:4;CONCEPT
job 7:4;SKN;60-1125;55;LAPSUS-LU;lu — annoncé sous Job 7:27;CONCEPT
Joel 2:28;SKN;60-1125;50;VALIDE;apres cela repandrai esprit chair vos fils filles;CONCEPT
Actes 2:0;SKN;60-1127M;23;VALIDE;chap->v.17: jours dieu esprit chair fils filles;CONCEPT
Actes 19:0;SKN;60-1127M;46;VALIDE;chap->v.2: avez recu lesprit saint cru lui meme lesprit;CONCEPT
Genese 1:0;SKN;60-1127M;16;VALIDE;chap->v.25: dieu fit terre selon espece selon espece selon;CONCEPT
Marc 11:22;SKN;60-1127M;7;PARTIEL;commencé, pas achevé — jesus dieu;CONCEPT
Actes 2:0;SKN;60-1205;157;VALIDE;chap->v.38: baptise nom jesus don saint esprit;CONCEPT
Actes 19:0;SKN;60-1205;103;VALIDE;chap->v.2: avez recu saint apres cru lui meme saint;CONCEPT
Galates 1:8;SKN;60-1205;203;VALIDE;ange ciel soit anatheme;CONCEPT
Hebreux 6:0;SKN;60-1205;236;VALIDE;chap->v.7: terre pluie vient souvent herbes dieu;CONCEPT
Hebreux 11:0;SKN;60-1205;41;VALIDE;chap->v.37: vetus peaux brebis peaux chevres besoin;CONCEPT
Hebreux 13:8;SKN;60-1205;121;VALIDE;jesus meme hier;CONCEPT
Marc 16:0;SKN;60-1205;43;VALIDE;chap->v.9: etant premier jour sept;CONCEPT
Matthieu 5:0;SKN;60-1205;89;VALIDE;chap->v.44: dis aimez ceux maudissent faites ceux ceux font;CONCEPT
Actes 2:0;SKN;61-0209;33;VALIDE;chap->v.33: ayant dieu ayant part pere saint promis voyez;CONCEPT
Exode 19:0;SKN;61-0209;29;VALIDE;chap->v.5: maintenant ecoutez gardez alliance propre terre;CONCEPT
Galates 3:0;SKN;61-0209;22;VALIDE;chap->v.16: cest abraham ont plusieurs dun seul christ;CONCEPT
Genese 12:0;SKN;61-0209;16;VALIDE;chap->v.4: sen lui avait sen lui etait;CONCEPT
Jean 15:0;SKN;61-0209;46;VALIDE;chap->v.19: monde monde serait parce monde moi monde cela;CONCEPT
Actes 2:0;SKN;61-0210;40;VALIDE;chap->v.24: dieu delie netait quil soit;CONCEPT
Actes 19:0;SKN;61-0210;189;VALIDE;chap->v.4: paul jean baptise bapteme repentance disant peuple celui;CONCEPT
Daniel 12:0;SKN;61-0210;78;VALIDE;chap->v.3: brilleront ceux etoiles toujours perpetuite;CONCEPT
Ephesiens 4:30;SKN;61-0210;191;EXACT;nattristez saint dieu lequel avez scelles jour redemption [couverture 5/9];CONCEPT
Galates 1:8;SKN;61-0210;189;EXACT;ange ciel avons quil soit anatheme [couverture 6/11];CONCEPT
Genese 1:26;SKN;61-0210;105;PARTIEL;commencé, pas achevé — dieu selon;CONCEPT
Genese 13:14;SKN;61-0210;201;VALIDE;apres separe lui tes;CONCEPT
Genese 13:16;SKN;61-0210;57;EXACT;semence sera poussiere terre compter [couverture 9/13];CONCEPT
Genese 15:0;SKN;61-0210;201;VALIDE;chap->v.4: lui celui sera celui tes lui;CONCEPT
Genese 15:5;SKN;61-0210;58;EXACT;dehors regarde compte etoiles peux compter lui ainsi [couverture 9/13];CONCEPT
Genese 17:1;SKN;61-0210;201;VALIDE;etait lui suis dieu;CONCEPT
Genese 22:14;SKN;61-0210;200;PARTIEL;commencé, pas achevé — abraham sera;CONCEPT
Actes 2:0;SKN;61-0318;58;VALIDE;chap->v.38: pierre soit baptise nom jesus don saint;CONCEPT
Apocalypse 1:3;SKN;61-0318;39;PARTIEL;commencé, pas achevé — choses temps;CONCEPT
Apocalypse 11:0;SKN;61-0318;38;VALIDE;chap->v.11: apres trois jours vie dieu;CONCEPT
Matthieu 12:0;SKN;61-0318;95;VALIDE;chap->v.10: avait homme avait main jour afin;CONCEPT
Actes 2:0;SKN;61-0319;89;VALIDE;chap->v.33: dieu recu part pere saint promis voyez;CONCEPT
Actes 2:38;SKN;61-0319;89;VALIDE;pierre jesus saint;CONCEPT
Apocalypse 2:20;SKN;61-0319;59;PARTIEL;commencé, pas achevé — femme prophetesse;CONCEPT
Apocalypse 13:0;SKN;61-0319;31;VALIDE;chap->v.5: lui fut donne grandes pouvoir lui fut donne;CONCEPT
Apocalypse 17:17;SKN;61-0319;31;VALIDE;dieu meme donner bete;CONCEPT
Malachie 3:0;SKN;61-0319;85;VALIDE;chap->v.1: voici messager chemin devant moi seigneur viendra;CONCEPT
Malachie 4:0;SKN;61-0319;85;VALIDE;chap->v.5: voici elie prophete avant grand jour;CONCEPT
Matthieu 17:0;SKN;61-0319;84;VALIDE;chap->v.1: apres jours jesus lui jean frere;CONCEPT
Actes 2:0;SKN;61-0410;37;VALIDE;chap->v.22: hommes jesus homme dieu prodiges signes dieu;CONCEPT
Esaie 1:18;SKN;61-0410;8;VALIDE;venez plaidons leternel vos peches cramoisi deviendront blancs;LECTURE
Galates 1:8;SKN;61-0410;61;VALIDE;memes ange ciel quil soit anatheme;CONCEPT
Joel 2:0;SKN;61-0410;83;VALIDE;chap->v.11: leternel devant grand parole jour leternel grand;CONCEPT
Luc 24:49;SKN;61-0410;74;EXACT;moi pere ville jusqua den haut [couverture 5/13];CONCEPT
Actes 2:0;SKN;61-0808;71;VALIDE;chap->v.17: arrivera derniers jours dieu esprit vos vos vos;CONCEPT
Apocalypse 7:0;SKN;61-0808;71;VALIDE;chap->v.14: dis seigneur sais ceux ont ont sang;CONCEPT
Jean 5:24;SKN;61-0808;59;EXACT;celui parole croit envoye vie eternelle vient jugement [couverture 10/14];CONCEPT
Actes 2:0;SKN;61-0813;16;VALIDE;chap->v.38: pierre chacun baptise nom jesus peches recevrez don;CONCEPT
Actes 2:0;SKN;61-0813;23;VALIDE;chap->v.4: remplis lesprit saint langues selon lesprit;CONCEPT
Jacques 5:14;SKN;61-0813;13;EXACT;quelquun parmi malade quil appelle anciens quils prient [couverture 10/14];CONCEPT
Actes 2:0;SKN;62-0407;125;VALIDE;chap->v.38: pierre soit nom jesus peches don saint;CONCEPT
Apocalypse 3:1-3;SKN;62-0407;93;VALIDE;voici sept dieu;CONCEPT
Apocalypse 13:0;SKN;62-0407;100;VALIDE;chap->v.15: lui fut donne donner limage bete limage bete;CONCEPT
Apocalypse 17:0;SKN;62-0407;97;VALIDE;chap->v.17: dieu seule meme donner jusqua;CONCEPT
Apocalypse 21:0;SKN;62-0407;24;VALIDE;chap->v.7: choses lui dieu lui sera fils;CONCEPT
Deuteronome 18:22;SKN;62-0407;44;EXACT;prophete parlera leternel chose cest parole dite [couverture 6/14];CONCEPT
Genese 1:11;SKN;62-0407;36;VALIDE;dieu terre semence selon espece;CONCEPT
Hebreux 2:4;SKN;62-0407;37;EXACT;dieu temoignage eux signes prodiges divers miracles saint [couverture 6/14];CONCEPT
Hebreux 2:4;SKN;62-0407;66;VALIDE;dieu temoignage signes prodiges lesprit saint selon;CONCEPT
Jean 15:0;SKN;62-0407;98;VALIDE;chap->v.5: moi suis cep sarments celui moi moi celui;CONCEPT
Luc 17:0;SKN;62-0407;110;VALIDE;chap->v.4: fois jour toi fois toi disant lui;CONCEPT
Malachie 3:0;SKN;62-0407;43;VALIDE;chap->v.16: alors ceux leternel ont parle lun leternel livre;CONCEPT
Malachie 3:0;SKN;62-0407;83;VALIDE;chap->v.7: jours vos peres detournes mes moi leternel;CONCEPT
Malachie 4:0;SKN;62-0407;81;VALIDE;chap->v.1: jour vient ceux jour vient;CONCEPT
Marc 16:0;SKN;62-0407;66;VALIDE;chap->v.11: ceux quil etait quil avait;CONCEPT
Matthieu 11:6;SKN;62-0407;39;LAPSUS;annoncé — dit en réalité Genese 1:11;CONCEPT
Genese 1:11;SKN;62-0407;39;LAPSUS-LU;lu — annoncé sous Matthieu 11:6;CONCEPT
Matthieu 12:24;SKN;62-0407;105;PARTIEL;commencé, pas achevé — cela;CONCEPT
Matthieu 13:24;SKN;62-0407;107;VALIDE;disant homme bonne;CONCEPT
Matthieu 24:0;SKN;62-0407;46;VALIDE;chap->v.24: faux faux prophetes signes prodiges maniere possible meme;CONCEPT
Matthieu 24:0;SKN;62-0407;51;VALIDE;chap->v.2: lui repondant voyez choses verite dis ici;CONCEPT
Matthieu 24:0;SKN;62-0407;73;VALIDE;chap->v.21: aura quil jusqua maintenant quil aura jamais;CONCEPT
Matthieu 24:0;SKN;62-0407;110;VALIDE;chap->v.21: alors aura quil jusqua maintenant quil aura;CONCEPT
Zacharie 14:7;SKN;62-0407;115;VALIDE;sera jour leternel nuit temps soir aura lumiere;CONCEPT
Actes 2:0;SKN;62-0624;11;VALIDE;chap->v.30: etant dieu lui avait quil quelquun;LECTURE
Genese 22:16;SKN;62-0624;42;VALIDE;jai moi leternel parce chose fils;CONCEPT
Malachie 3:0;SKN;62-0624;57;VALIDE;chap->v.16: alors ceux leternel ont lun lautre leternel ecrit;CONCEPT
Malachie 4:0;SKN;62-0624;55;VALIDE;chap->v.5: elie prophete avant vienne grand jour leternel;CONCEPT
Malachie 4:0;SKN;62-0624;57;VALIDE;chap->v.5: elie prophete avant vienne grand jour leternel;CONCEPT
Matthieu 11:6;SKN;62-0624;56;PARTIEL;commencé, pas achevé — moi;CONCEPT
Actes 2:0;SKN;63-0123;208;VALIDE;chap->v.38: pierre repentez chacun baptise nom jesus christ peches;CONCEPT
Galates 1:8;SKN;63-0123;227;EXACT;ange ciel quil soit anatheme [couverture 5/11];CONCEPT
Hebreux 13:8;SKN;63-0123;293;PARTIEL;commencé, pas achevé — jesus meme;CONCEPT
Jean 3:16;SKN;63-0123;48;EXACT;dieu tant aime monde quil donne fils unique [couverture 14/14];CONCEPT
Jean 3:16;SKN;63-0123;86;VALIDE;dieu quil lui;CONCEPT
Jean 5:19;SKN;63-0123;291;EXACT;jesus verite dis fils rien lui meme quil [couverture 9/14];CONCEPT
Jean 14:12;SKN;63-0123;242;EXACT;celui croit moi fera lui fais [couverture 8/14];CONCEPT
Malachie 4:0;SKN;63-0123;282;VALIDE;chap->v.1: jour vient jour vient;CONCEPT
Philippiens 2:5;SKN;63-0123;32;VALIDE;quil christ jesus;CONCEPT
Actes 2:0;SKN;63-0608;111;VALIDE;chap->v.33: dieu part pere saint promis voyez;CONCEPT
Actes 4:0;SKN;63-0608;90;VALIDE;chap->v.10: peuple nom jesus avez dieu ressuscite cest;CONCEPT
Actes 10:49;SKN;63-0608;82;LAPSUS;annoncé — dit en réalité actes 10:44;CONCEPT
actes 10:44;SKN;63-0608;82;LAPSUS-LU;lu — annoncé sous Actes 10:49;CONCEPT
Actes 19:0;SKN;63-0608;82;VALIDE;chap->v.2: avez recu lesprit saint apres cru lui navons;CONCEPT
Actes 2:0;SKN;63-0628E;78;VALIDE;chap->v.38: pierre repentez chacun soit baptise nom jesus christ;CONCEPT
Hebreux 13:8;SKN;63-0628E;10;EXACT;jesus meme hier aujourdhui eternellement [couverture 5/6];CONCEPT
Jean 14:12;SKN;63-0628E;78;VALIDE;verite dis celui croit moi fera lui uvres;CONCEPT
Marc 11:23;SKN;63-0628E;20;EXACT;dis montagne ote cur quil aura [couverture 5/14];CONCEPT
Marc 12:0;SKN;63-0628E;26;VALIDE;chap->v.29: lui repondit ecoute seigneur dieu seigneur;CONCEPT
Matthieu 11:22;SKN;63-0628E;20;VALIDE;dis sort sera;CONCEPT
Matthieu 24:0;SKN;63-0628E;30;VALIDE;chap->v.2: lui voyez dis sera laisse pierre pierre;CONCEPT
Romains 8:0;SKN;63-0628E;58;VALIDE;chap->v.5: selon choses selon choses lesprit;CONCEPT
Actes 2:0;SKN;63-0628M;231;VALIDE;chap->v.46: jours dun commun accord;CONCEPT
Actes 19:0;SKN;63-0628M;77;VALIDE;chap->v.27: tombe grande soit rien quil;CONCEPT
Apocalypse 17:0;SKN;63-0628M;92;VALIDE;chap->v.5: avait nom grande mere;CONCEPT
Actes 2:0;SKN;63-1201M;24;VALIDE;chap->v.30: etant prophete sachant dieu lui avait jure serment;CONCEPT
Actes 20:24;SKN;63-1201M;102;EXACT;fais aucun cas vie moi jai [couverture 6/14];CONCEPT
Apocalypse 22:19;SKN;63-1201M;95;EXACT;quelquun quelque chose paroles livre dieu part vie [couverture 8/14];CONCEPT
Apocalypse 22:19;SKN;63-1201M;106;VALIDE;quelquun quelque chose;CONCEPT
Esaie 9:6;SKN;63-1201M;64;PARTIEL;commencé, pas achevé — dieu;CONCEPT
Jacques 5:0;SKN;63-1201M;35;VALIDE;chap->v.17: elie etait homme pria instance quil;CONCEPT
Jean 1:0;SKN;63-1201M;95;VALIDE;chap->v.1: etait parole parole etait dieu parole etait dieu;CONCEPT
Job 14:0;SKN;63-1201M;115;VALIDE;chap->v.13: voulais cacher tenir cache jusqua colere puis moi;CONCEPT
Philippiens 1:0;SKN;63-1201M;22;VALIDE;chap->v.20: selon vive attente esperance rien maintenant toujours christ;CONCEPT
Romains 5:0;SKN;63-1201M;120;VALIDE;chap->v.1: justifies foi avons paix dieu seigneur jesus christ;CONCEPT
Romains 8:1;SKN;63-1201M;120;VALIDE;maintenant christ jesus;CONCEPT
Actes 2:0;SKN;64-0629;176;VALIDE;chap->v.29: hommes quil soit quil quil;CONCEPT
Actes 2:0;SKN;64-0629;199;VALIDE;chap->v.1: jour etaient meme;CONCEPT
Actes 4:0;SKN;64-0629;200;VALIDE;chap->v.13: pierre jean etaient sen;CONCEPT
Deuteronome 18:15;SKN;64-0629;51;EXACT;leternel dieu suscitera prophete moi milieu toi tes [couverture 8/11];CONCEPT
Ezechiel 2:3;SKN;64-0629;50;VALIDE;fils moi jour;CONCEPT
Genese 1:0;SKN;64-0629;69;VALIDE;chap->v.4: dieu quelle etait dieu;CONCEPT
Genese 18:0;SKN;64-0629;146;VALIDE;chap->v.10: sera sara fils sara tente;CONCEPT
Hebreux 1:0;SKN;64-0629;57;VALIDE;chap->v.1: dieu plusieurs reprises plusieurs manieres parle peres prophetes;CONCEPT
Hebreux 1:0;SKN;64-0629;145;VALIDE;chap->v.5: fils moi aujourdhui moi lui lui sera;CONCEPT
Hebreux 13:8;SKN;64-0629;98;EXACT;jesus meme hier aujourdhui eternellement [couverture 5/6];CONCEPT
Hebreux 13:8;SKN;64-0629;175;EXACT;jesus meme hier aujourdhui eternellement [couverture 5/6];CONCEPT
Jean 1:0;SKN;64-0629;67;VALIDE;chap->v.1: commencement etait parole parole etait dieu parole etait;CONCEPT
Jean 12:20;SKN;64-0629;64;PARTIEL;commencé, pas achevé — quelques grecs;CONCEPT
Joel 2:28;SKN;64-0629;91;PARTIEL;commencé, pas achevé — vos fils;CONCEPT
Malachie 3:0;SKN;64-0629;25;VALIDE;chap->v.15: maintenant meme meme dieu;CONCEPT
Philippiens 2:0;SKN;64-0629;20;VALIDE;chap->v.2: rendez joie ceci ayez meme pensee ayant meme;CONCEPT
Actes 2:0;SKN;64-1205;78;VALIDE;chap->v.1: jour pentecote etaient ensemble meme lieu;CONCEPT
Apocalypse 22:0;SKN;64-1205;68;VALIDE;chap->v.11: celui celui celui juste celui saint soit;CONCEPT
Genese 22:0;SKN;64-1205;38;VALIDE;chap->v.9: dieu lui avait abraham bois isaac fils;CONCEPT
Marc 9:7;SKN;64-1205;53;VALIDE;nuee voix celui fils ecoutez;CONCEPT
Marc 16:0;SKN;64-1205;42;VALIDE;chap->v.16: celui cru sera celui cru sera;CONCEPT
Actes 2:0;SKN;65-0123;81;VALIDE;chap->v.17: dieu vos vos vos;CONCEPT
Apocalypse 22:18;SKN;65-0123;54;VALIDE;moi paroles livre ajoute dieu;CONCEPT
Apocalypse 22:18;SKN;65-0123;57;EXACT;paroles ajoute dieu lui ajoutera [couverture 5/14];CONCEPT
Genese 17:0;SKN;65-0123;187;VALIDE;chap->v.17: abraham homme ans ans;CONCEPT
Hebreux 13:0;SKN;65-0123;153;VALIDE;chap->v.8: meme hier eternellement;CONCEPT
Hebreux 13:8;SKN;65-0123;60;VALIDE;jesus meme hier eternellement;CONCEPT
Jean 3:16;SKN;65-0123;153;EXACT;dieu tant aime monde donne fils unique afin [couverture 12/14];CONCEPT
Jean 7:37-38;SKN;65-0123;181;EXACT;fete jesus soif vienne moi boive [couverture 5/14];CONCEPT
Job 7:20;SKN;65-0123;8;VALIDE;peche place suis;CONCEPT
Psaumes 36:9;SKN;65-0123;186;PARTIEL;commencé, pas achevé — source vie;CONCEPT
Zacharie 13:0;SKN;65-0123;185;VALIDE;chap->v.1: source ouverte maison david peche;CONCEPT
Actes 2:0;VGR;54-0103M;42;VALIDE;chap->v.38: pierre repentez soit baptise nom jesus recevrez don;CONCEPT
Actes 10:49;VGR;54-0103M;42;LAPSUS;annoncé — dit en réalité actes 10:48;CONCEPT
actes 10:48;VGR;54-0103M;42;LAPSUS-LU;lu — annoncé sous Actes 10:49;CONCEPT
Actes 19:0;VGR;54-0103M;44;VALIDE;chap->v.4: paul jean baptise bapteme repentance disant quils celui;CONCEPT
Actes 19:5;VGR;54-0103M;41;VALIDE;baptises nom jesus;CONCEPT
Apocalypse 1:0;VGR;54-0103M;99;VALIDE;chap->v.3: celui ceux choses ecrites temps proche;CONCEPT
Apocalypse 6:0;VGR;54-0103M;194;VALIDE;chap->v.9: ouvrit cinquieme sceau vis dieu;CONCEPT
Ephesiens 4:30;VGR;54-0103M;210;EXACT;nattristez saint esprit dieu lequel avez scelles jour [couverture 9/9];CONCEPT
Esaie 5:24;VGR;54-0103M;1;PARTIEL;commencé, pas achevé — cest;CONCEPT
Ezechiel 9:0;VGR;54-0103M;208;VALIDE;chap->v.4: passe ville jerusalem fais marque hommes soupirent gemissent;CONCEPT
Luc 21:24;VGR;54-0103M;51;EXACT;parmi nations jerusalem sera pieds jusqua [couverture 7/14];CONCEPT
Marc 16:0;VGR;54-0103M;33;VALIDE;chap->v.16: celui baptise sera sauve celui sera;CONCEPT
Matthieu 2:0;VGR;54-0103M;54;VALIDE;chap->v.15: fut mort afin fut avait prophete appele fils;CONCEPT
Actes 2:0;VGR;54-0514;257;VALIDE;chap->v.2: coup ciel dun impetueux etaient;CONCEPT
Apocalypse 7:0;VGR;54-0514;239;VALIDE;chap->v.1: apres cela vis quatre anges debout quatre coins;CONCEPT
Apocalypse 12:0;VGR;54-0514;52;VALIDE;chap->v.1: grand signe femme soleil lune pieds tete;CONCEPT
Ephesiens 4:30;VGR;54-0514;165;EXACT;nattristez saint dieu lequel avez scelles jour redemption [couverture 8/9];CONCEPT
Ephesiens 4:30;VGR;54-0514;173;EXACT;nattristez saint esprit dieu lequel avez scelles jour [couverture 9/9];CONCEPT
Ephesiens 4:30;VGR;54-0514;261;VALIDE;saint esprit dieu jour;CONCEPT
Ezechiel 9:0;VGR;54-0514;164;VALIDE;chap->v.8: arriva moi reste dis seigneur eternel reste;CONCEPT
Hebreux 12:0;VGR;54-0514;52;VALIDE;chap->v.1: cest grande nuee temoins fardeau peche enveloppe;CONCEPT
Hebreux 13:8;VGR;54-0514;38;EXACT;jesus meme hier aujourdhui eternellement [couverture 5/6];CONCEPT
Jean 17:17;VGR;54-0514;150;EXACT;sanctifie verite parole [couverture 4/4];CONCEPT
Matthieu 10:0;VGR;54-0514;151;VALIDE;chap->v.29: sou eux pere;CONCEPT
Matthieu 24:24;VGR;54-0514;90;VALIDE;grands possible meme elus;CONCEPT
Actes 2:0;VGR;54-1024;111;VALIDE;chap->v.22: hommes israelites jesus homme dieu miracles prodiges signes;CONCEPT
Ephesiens 4:30;VGR;54-1024;56;EXACT;nattristez saint dieu lequel avez scelles jour redemption [couverture 8/9];CONCEPT
Genese 3:0;VGR;54-1024;124;VALIDE;chap->v.5: dieu mangerez yeux serez dieu connaissant;CONCEPT
Romains 8:1;VGR;54-1024;36;VALIDE;maintenant aucune condamnation ceux christ jesus;CONCEPT
Actes 2:0;VGR;56-0115;7;VALIDE;chap->v.17: derniers jours dieu repandrai esprit chair vos fils;LECTURE
Apocalypse 11:0;VGR;56-0115;33;VALIDE;chap->v.3: donnerai mes deux temoins jours;CONCEPT
Jean 17:0;VGR;56-0115;111;VALIDE;chap->v.1: choses leva yeux pere lheure venue;CONCEPT
Joel 2:0;VGR;56-0115;7;VALIDE;chap->v.28: cela repandrai esprit chair vos fils vos filles;LECTURE
Joel 2:28;VGR;56-0115;7;EXACT;cela repandrai esprit chair vos fils filles prophetiseront [couverture 11/14];LECTURE
Actes 2:0;VGR;56-0122;72;VALIDE;chap->v.17: derniers jours dieu repandrai esprit chair vos fils;CONCEPT
Ephesiens 4:30;VGR;56-0122;242;EXACT;nattristez saint dieu lequel avez scelles jour redemption [couverture 8/9];CONCEPT
Hebreux 1:0;VGR;56-0122;169;VALIDE;chap->v.9: aime cest pourquoi dieu dieu;CONCEPT
Hebreux 11:0;VGR;56-0122;169;VALIDE;chap->v.4: foi abel offrit dieu excellent sacrifice cain sacrifice;CONCEPT
Jean 3:0;VGR;56-0122;296;VALIDE;chap->v.14: moise eleva serpent desert faut fils lhomme soit;CONCEPT
Joel 2:0;VGR;56-0122;72;VALIDE;chap->v.28: apres repandrai esprit chair vos fils vos filles;CONCEPT
Romains 9:0;VGR;56-0122;92;VALIDE;chap->v.13: ainsi quil jai jacob jai hai esau;CONCEPT
Actes 2:0;VGR;57-0925;108;VALIDE;chap->v.38: pierre repentez chacun baptise nom jesus christ peches;CONCEPT
Actes 2:0;VGR;57-0925;158;VALIDE;chap->v.33: ayant ayant recu part pere saint voyez;CONCEPT
Actes 2:0;VGR;57-0925;213;VALIDE;chap->v.22: hommes israelites jesus homme dieu prodiges signes dieu;CONCEPT
Actes 2:38;VGR;57-0925;103;PARTIEL;commencé, pas achevé — jesus don;CONCEPT
Actes 2:38;VGR;57-0925;105;VALIDE;nom jesus don saint;CONCEPT
Actes 2:38;VGR;57-0925;107;EXACT;pierre repentez chacun baptise nom jesus christ peches [couverture 5/14];CONCEPT
Actes 2:38;VGR;57-0925;109;EXACT;pierre repentez chacun baptise nom jesus christ peches [couverture 11/14];CONCEPT
Actes 2:38;VGR;57-0925;115;VALIDE;baptise jesus don;CONCEPT
Actes 10:49;VGR;57-0925;111;LAPSUS;annoncé — dit en réalité actes 10:48;CONCEPT
actes 10:48;VGR;57-0925;111;LAPSUS-LU;lu — annoncé sous Actes 10:49;CONCEPT
Apocalypse 11:0;VGR;57-0925;38;VALIDE;chap->v.6: ceux ont ciel afin quil tombe ont;CONCEPT
Ephesiens 4:30;VGR;57-0925;50;EXACT;nattristez saint dieu lequel avez scelles jour redemption [couverture 8/9];CONCEPT
Ezechiel 9:0;VGR;57-0925;40;VALIDE;chap->v.6: hommes vierges femmes ont eux;CONCEPT
Galates 1:8;VGR;57-0925;161;EXACT;ange ciel quil soit anatheme [couverture 5/11];CONCEPT
Genese 3:8;VGR;57-0925;178;EXACT;entendirent voix leternel dieu jardin lhomme femme cacherent [couverture 10/14];CONCEPT
Genese 3:8;VGR;57-0925;217;PARTIEL;commencé, pas achevé — jardin femme;CONCEPT
Hebreux 11:1;VGR;57-0925;168;PARTIEL;commencé, pas achevé — foi choses;CONCEPT
Luc 16:16;VGR;57-0925;156;EXACT;loi prophetes ont jusqua jean lors royaume annonce [couverture 8/13];CONCEPT
Matthieu 25:46;VGR;57-0925;17;PARTIEL;commencé, pas achevé — vie;CONCEPT
Matthieu 25:46;VGR;57-0925;24;VALIDE;ceux iront vie;CONCEPT
Matthieu 25:46;VGR;57-0925;25;EXACT;ceux iront justes vie eternelle [couverture 5/8];CONCEPT
Matthieu 28:0;VGR;57-0925;129;VALIDE;chap->v.19: allez faites nom pere fils saint;CONCEPT
Matthieu 28:19;VGR;57-0925;103;PARTIEL;commencé, pas achevé — pere;CONCEPT
Matthieu 28:19;VGR;57-0925;105;EXACT;allez faites disciples nations baptisant nom pere fils [couverture 9/10];CONCEPT
Matthieu 28:19;VGR;57-0925;107;EXACT;allez faites disciples nations baptisant nom pere fils [couverture 9/10];CONCEPT
Matthieu 28:19;VGR;57-0925;114;PARTIEL;commencé, pas achevé — nations fils;CONCEPT
Matthieu 28:19;VGR;57-0925;146;EXACT;allez faites disciples nations baptisant nom pere fils [couverture 10/10];CONCEPT
Matthieu 28:19;VGR;57-0925;176;VALIDE;disciples nom saint;CONCEPT
Actes 2:0;VGR;58-0927;133;VALIDE;chap->v.17: chair vos fils vos filles prophetiseront vos;CONCEPT
Actes 2:0;VGR;58-0927;187;VALIDE;chap->v.2: ciel dun impetueux remplit maison etaient assis;CONCEPT
Actes 2:0;VGR;58-0927;188;VALIDE;chap->v.38: soit baptise nom jesus christ don saint esprit;CONCEPT
Apocalypse 1:0;VGR;58-0927;180;VALIDE;chap->v.13: milieu sept quelquun semblable fils lhomme vetu dune;CONCEPT
Apocalypse 2:20;VGR;58-0927;179;VALIDE;jai contre toi laisses femme prophetesse enseigne mes;CONCEPT
Apocalypse 13:0;VGR;58-0927;38;VALIDE;chap->v.11: vis bete terre avait deux cornes agneau parlait;CONCEPT
Apocalypse 13:0;VGR;58-0927;60;VALIDE;chap->v.18: ici sagesse celui nombre bete cest nombre dhomme;CONCEPT
Apocalypse 19:2;VGR;58-0927;110;EXACT;jugements veritables justes juge grande prostituee corrompait terre [couverture 14/14];CONCEPT
Deuteronome 23:0;VGR;58-0927;74;VALIDE;chap->v.2: illegitime nentrera leternel meme generation nentrera leternel;CONCEPT
Galates 1:8;VGR;58-0927;160;EXACT;ange ciel quil soit anatheme [couverture 5/11];CONCEPT
Genese 3:16;VGR;58-0927;150;VALIDE;femme tes mari;CONCEPT
Genese 3:16;VGR;58-0927;152;VALIDE;femme tes mari lui;CONCEPT
Romains 8:0;VGR;58-0927;108;VALIDE;chap->v.3: etait etait dieu;CONCEPT
Romains 8:0;VGR;58-0927;224;VALIDE;chap->v.30: ceux quil predestines appeles ceux quil appeles justifies;CONCEPT
Actes 2:0;VGR;59-0418;84;VALIDE;chap->v.38: pierre soit nom jesus christ don saint esprit;CONCEPT
Jean 4:0;VGR;59-0418;163;VALIDE;chap->v.10: jesus lui don dieu celui donne moi lui;CONCEPT
Jean 4:0;VGR;59-0418;167;VALIDE;chap->v.42: femme nest avons connaissons;CONCEPT
Actes 2:0;VGR;59-1223;168;VALIDE;chap->v.4: lesprit saint parler langues lesprit;CONCEPT
Apocalypse 22:0;VGR;59-1223;44;VALIDE;chap->v.14: quils aient droit vie quils;CONCEPT
Deuteronome 1:0;VGR;59-1223;175;VALIDE;chap->v.27: avez avez cest parce quil sortir;CONCEPT
Ephesiens 1:0;VGR;59-1223;117;VALIDE;chap->v.3: beni soit dieu pere seigneur jesus christ benis;CONCEPT
Ephesiens 4:30;VGR;59-1223;171;EXACT;nattristez saint dieu lequel avez scelles jour redemption [couverture 8/9];CONCEPT
Hebreux 4:6;VGR;59-1223;173;VALIDE;puisquil reste ceux avaient entres;CONCEPT
Hebreux 6:4;VGR;59-1223;2;VALIDE;ont fois don lesprit saint;CONCEPT
Hebreux 6:4;VGR;59-1223;173;VALIDE;impossible ceux ont fois eclaires goute don celeste;CONCEPT
Hebreux 10:26;VGR;59-1223;2;PARTIEL;commencé, pas achevé — reste;CONCEPT
Hebreux 10:26;VGR;59-1223;173;PARTIEL;commencé, pas achevé — reste;CONCEPT
Jean 1:8;VGR;59-1223;139;PARTIEL;commencé, pas achevé — lui;CONCEPT
Jean 1:8;VGR;59-1223;140;PARTIEL;commencé, pas achevé — lui;CONCEPT
Jean 5:24;VGR;59-1223;51;EXACT;celui parole croit envoye vie eternelle vient jugement [couverture 7/14];CONCEPT
Jean 6:0;VGR;59-1223;51;VALIDE;chap->v.35: jesus moi suis vie celui vient moi jamais;CONCEPT
Jeremie 1:4;VGR;59-1223;115;PARTIEL;commencé, pas achevé — moi;CONCEPT
Romains 7:0;VGR;59-1223;92;VALIDE;chap->v.25: graces dieu jesus seigneur ainsi moi lentendement loi;CONCEPT
Romains 7:22;VGR;59-1223;92;PARTIEL;commencé, pas achevé — loi dieu;CONCEPT
Romains 7:25;VGR;59-1223;2;VALIDE;dieu seigneur moi;CONCEPT
Actes 2:0;VGR;60-1205;149;VALIDE;chap->v.38: soit jesus christ don saint esprit;CONCEPT
Actes 19:0;VGR;60-1205;101;VALIDE;chap->v.4: paul jean baptise bapteme quils croient celui apres;CONCEPT
Galates 1:8;VGR;60-1205;173;EXACT;ange ciel quil soit anatheme [couverture 5/11];CONCEPT
Hebreux 6:0;VGR;60-1205;205;VALIDE;chap->v.7: terre pluie vient souvent herbes dieu;CONCEPT
Hebreux 11:0;VGR;60-1205;41;VALIDE;chap->v.37: vetus peaux brebis peaux chevres besoin;CONCEPT
Hebreux 13:8;VGR;60-1205;114;EXACT;jesus meme hier aujourdhui eternellement [couverture 5/6];CONCEPT
Jean 6:0;VGR;60-1205;214;VALIDE;chap->v.32: jesus dis moise donne pain pere donne pain;CONCEPT
Marc 16:0;VGR;60-1205;43;VALIDE;chap->v.17: ici signes accompagneront ceux auront cru;CONCEPT
Matthieu 5:0;VGR;60-1205;88;VALIDE;chap->v.11: etes quon persecutera quon contre cause;CONCEPT
Actes 2:0;VGR;61-0319;91;VALIDE;chap->v.33: dieu part pere saint promis voyez;CONCEPT
Actes 2:0;VGR;61-0319;92;VALIDE;chap->v.33: dieu part pere saint promis voyez;CONCEPT
Actes 2:38;VGR;61-0319;92;VALIDE;pierre soit jesus saint;CONCEPT
Apocalypse 2:20;VGR;61-0319;63;PARTIEL;commencé, pas achevé — femme prophetesse;CONCEPT
Apocalypse 13:0;VGR;61-0319;34;VALIDE;chap->v.15: lui donne donner bete afin bete parle meme;CONCEPT
Apocalypse 17:17;VGR;61-0319;34;VALIDE;dieu meme donner bete;CONCEPT
Malachie 3:0;VGR;61-0319;88;VALIDE;chap->v.1: voici jenvoie messager chemin devant moi seigneur;CONCEPT
Malachie 4:0;VGR;61-0319;88;VALIDE;chap->v.5: voici elie prophete avant grand jour leternel;CONCEPT
Malachie 4:0;VGR;61-0319;89;VALIDE;chap->v.1: voici jour vient chaume jour vient brulera;CONCEPT
Matthieu 17:0;VGR;61-0319;87;VALIDE;chap->v.12: dis quelie lont lui ont quils ont;CONCEPT
Actes 2:0;VGR;61-0723E;54;VALIDE;chap->v.30: prophete dieu lui avait serment quil asseoir quelquun;CONCEPT
Actes 2:38;VGR;61-0723E;37;EXACT;soit baptise nom jesus don saint esprit [couverture 7/14];CONCEPT
Apocalypse 1:0;VGR;61-0723E;8;VALIDE;chap->v.4: sept grace part part sept;CONCEPT
Ezechiel 38:0;VGR;61-0723E;101;VALIDE;chap->v.2: gog pays magog contre lui;CONCEPT
Hebreux 6:0;VGR;61-0723E;85;VALIDE;chap->v.8: epines chardons reprouvee pres fin detre;CONCEPT
Hebreux 6:0;VGR;61-0723E;86;VALIDE;chap->v.8: epines chardons reprouvee pres fin detre;CONCEPT
Jean 5:24;VGR;61-0723E;58;EXACT;celui parole croit envoye vie eternelle vient jugement [couverture 10/14];CONCEPT
Matthieu 24:0;VGR;61-0723E;108;VALIDE;chap->v.15: verrez labomination desolation parle daniel prophete etablie lieu;CONCEPT
Matthieu 28:19;VGR;61-0723E;37;EXACT;faites nom pere fils saint esprit [couverture 6/10];CONCEPT
Matthieu 28:19;VGR;61-0723E;40;EXACT;nom pere fils saint esprit [couverture 5/10];CONCEPT
Psaumes 106:0;VGR;61-0723E;158;VALIDE;chap->v.7: nos peres egypte attentifs tes multitude tes rebelles;CONCEPT
Actes 2:0;VGR;61-0808;181;VALIDE;chap->v.38: soit nom jesus christ don saint;CONCEPT
Apocalypse 7:0;VGR;61-0808;182;VALIDE;chap->v.9: apres choses personne nation;CONCEPT
Jean 5:24;VGR;61-0808;147;EXACT;celui parole croit envoye vie eternelle vient jugement [couverture 10/14];CONCEPT
Actes 2:0;VGR;61-0813;42;VALIDE;chap->v.38: pierre chacun baptise nom jesus peches recevrez don;CONCEPT
Actes 2:0;VGR;61-0813;72;VALIDE;chap->v.4: remplis lesprit saint langues selon lesprit;CONCEPT
Jacques 5:14;VGR;61-0813;27;EXACT;quelquun parmi malade quil appelle anciens quils prient [couverture 7/14];CONCEPT
Actes 2:0;VGR;63-0123;208;VALIDE;chap->v.38: pierre repentez chacun baptise nom jesus christ peches;CONCEPT
Galates 1:8;VGR;63-0123;227;EXACT;ange ciel quil soit anatheme [couverture 5/11];CONCEPT
Hebreux 13:8;VGR;63-0123;293;PARTIEL;commencé, pas achevé — jesus meme;CONCEPT
Jean 3:16;VGR;63-0123;48;EXACT;dieu tant aime monde quil donne fils unique [couverture 14/14];CONCEPT
Jean 3:16;VGR;63-0123;86;VALIDE;dieu quil lui;CONCEPT
Jean 5:19;VGR;63-0123;291;EXACT;jesus verite dis fils rien lui meme quil [couverture 9/14];CONCEPT
Jean 14:12;VGR;63-0123;242;EXACT;celui croit moi fera lui uvres fais [couverture 9/14];CONCEPT
Malachie 4:0;VGR;63-0123;282;VALIDE;chap->v.1: jour vient jour vient;CONCEPT
Philippiens 2:5;VGR;63-0123;32;VALIDE;quil pensee christ jesus;CONCEPT
Actes 2:0;VGR;63-0320;118;VALIDE;chap->v.22: hommes israelites ecoutez paroles jesus homme dieu miracles;CONCEPT
Actes 2:0;VGR;63-0320;119;VALIDE;chap->v.22: hommes israelites ecoutez paroles jesus homme dieu miracles;CONCEPT
Actes 2:0;VGR;63-0320;309;VALIDE;chap->v.30: dieu lui avait quil;CONCEPT
Actes 2:38;VGR;63-0320;136;PARTIEL;commencé, pas achevé — don;CONCEPT
Apocalypse 10:0;VGR;63-0320;41;VALIDE;chap->v.6: celui vit siecles siecles lequel ciel terre mer;CONCEPT
Apocalypse 10:0;VGR;63-0320;177;VALIDE;chap->v.7: jours septieme ange sera mystere dieu sera;CONCEPT
Apocalypse 10:0;VGR;63-0320;197;VALIDE;chap->v.7: jours sera dieu sera;CONCEPT
Apocalypse 17:0;VGR;63-0320;139;VALIDE;chap->v.2: rois terre ont commis fornication terre ont fornication;CONCEPT
Apocalypse 17:0;VGR;63-0320;140;VALIDE;chap->v.2: rois terre ont commis fornication terre ont fornication;CONCEPT
Hebreux 4:0;VGR;63-0320;242;VALIDE;chap->v.2: meme ceux parole ceux;CONCEPT
Hebreux 13:8;VGR;63-0320;246;VALIDE;meme hier aujourdhui;CONCEPT
Jean 1:0;VGR;63-0320;98;VALIDE;chap->v.1: commencement etait parole parole etait dieu parole etait;CONCEPT
Jean 5:7;VGR;63-0320;172;PARTIEL;commencé, pas achevé — nai leau;CONCEPT
Jean 14:12;VGR;63-0320;197;VALIDE;dis fera lui uvres parce;CONCEPT
Jean 14:12;VGR;63-0320;242;VALIDE;dis fera lui fais parce;CONCEPT
Jean 17:17;VGR;63-0320;174;PARTIEL;commencé, pas achevé — sanctifie parole;CONCEPT
Joel 2:38;VGR;63-0320;197;LAPSUS;annoncé — dit en réalité actes 2:38;CONCEPT
actes 2:38;VGR;63-0320;197;LAPSUS-LU;lu — annoncé sous Joel 2:38;CONCEPT
Levitique 8:12;VGR;63-0320;305;PARTIEL;commencé, pas achevé — lhuile;CONCEPT
Malachie 4:0;VGR;63-0320;162;VALIDE;chap->v.6: fera cur cur;CONCEPT
Malachie 4:0;VGR;63-0320;242;VALIDE;chap->v.6: fera cur cur pays;CONCEPT
Matthieu 4:11;VGR;63-0320;275;PARTIEL;commencé, pas achevé — alors diable;CONCEPT
Matthieu 14:0;VGR;63-0320;305;VALIDE;chap->v.19: donne pris deux;CONCEPT
Matthieu 25:4;VGR;63-0320;305;PARTIEL;commencé, pas achevé — lhuile;CONCEPT
Zacharie 4:12;VGR;63-0320;305;EXACT;fois deux cote conduits [couverture 5/14];CONCEPT
Actes 2:0;VGR;63-0324M;151;VALIDE;chap->v.38: pierre chacun soit baptise nom jesus don saint;CONCEPT
Actes 2:38;VGR;63-0324M;148;EXACT;pierre soit nom jesus don saint esprit [couverture 7/14];CONCEPT
Apocalypse 5:0;VGR;63-0324M;270;VALIDE;chap->v.9: cantique nouveau disant digne prendre livre den ouvrir;CONCEPT
Apocalypse 5:9;VGR;63-0324M;268;EXACT;chantent cantique nouveau disant digne prendre livre den [couverture 8/14];CONCEPT
Apocalypse 6:0;VGR;63-0324M;267;VALIDE;chap->v.1: lagneau lun sceaux lun quatre disant;CONCEPT
Apocalypse 6:0;VGR;63-0324M;272;VALIDE;chap->v.1: lagneau sept sceaux quatre disant;CONCEPT
Apocalypse 6:0;VGR;63-0324M;274;VALIDE;chap->v.4: autre donne etait quils;CONCEPT
Apocalypse 6:6;VGR;63-0324M;102;PARTIEL;commencé, pas achevé — lhuile;CONCEPT
Apocalypse 6:6;VGR;63-0324M;282;VALIDE;jentendis voix milieu quatre mesure denier dorge lhuile;CONCEPT
Apocalypse 6:11;VGR;63-0324M;271;VALIDE;donne chacun robe blanche quils;CONCEPT
Apocalypse 6:11;VGR;63-0324M;279;VALIDE;donne robe blanche;CONCEPT
Apocalypse 7:14;VGR;63-0324M;280;EXACT;dis seigneur sais ceux grande ont lave robes [couverture 9/14];CONCEPT
Apocalypse 11:0;VGR;63-0324M;227;VALIDE;chap->v.11: apres trois demi lesprit vie dieu;CONCEPT
Apocalypse 11:3;VGR;63-0324M;329;PARTIEL;commencé, pas achevé — deux temoins;CONCEPT
Apocalypse 16:0;VGR;63-0324M;367;VALIDE;chap->v.9: grande nom dieu lui donner;CONCEPT
Apocalypse 18:8;VGR;63-0324M;367;VALIDE;cest seul mort sera dieu;CONCEPT
Daniel 9:27;VGR;63-0324M;224;VALIDE;semaine milieu fera;CONCEPT
Genese 4:1;VGR;63-0324M;129;VALIDE;lhomme connut eve femme concut enfanta cain jai;CONCEPT
Luc 24:49;VGR;63-0324M;151;PARTIEL;commencé, pas achevé — pere puissance;CONCEPT
Malachie 3:0;VGR;63-0324M;263;VALIDE;chap->v.1: messager preparera chemin devant moi;CONCEPT
Malachie 3:0;VGR;63-0324M;330;VALIDE;chap->v.15: maintenant ceux meme meme;CONCEPT
Malachie 4:0;VGR;63-0324M;329;VALIDE;chap->v.2: nom justice sera;CONCEPT
Malachie 4:5;VGR;63-0324M;369;PARTIEL;commencé, pas achevé — elie grand;CONCEPT
Matthieu 5:0;VGR;63-0324M;142;VALIDE;chap->v.16: hommes sorte quils quils pere;CONCEPT
Matthieu 11:0;VGR;63-0324M;256;VALIDE;chap->v.3: lui celui devons attendre autre;CONCEPT
Matthieu 22:11;VGR;63-0324M;323;PARTIEL;commencé, pas achevé — homme noces;CONCEPT
Matthieu 24:0;VGR;63-0324M;69;VALIDE;chap->v.2: voyez choses dis sera ici pierre pierre;CONCEPT
Matthieu 25:0;VGR;63-0324M;41;VALIDE;chap->v.1: alors sera dix vierges lampes;CONCEPT
Matthieu 28:19;VGR;63-0324M;148;EXACT;nom pere fils saint esprit [couverture 5/10];CONCEPT
Matthieu 28:19;VGR;63-0324M;151;VALIDE;allez faites disciples nations baptisant nom pere fils;CONCEPT
Actes 2:0;VGR;63-0608;327;VALIDE;chap->v.38: chacun baptise jesus don saint;CONCEPT
Actes 4:0;VGR;63-0608;270;VALIDE;chap->v.30: main quil miracles nom saint jesus;CONCEPT
Actes 4:0;VGR;63-0608;271;VALIDE;chap->v.30: main quil miracles nom saint jesus;CONCEPT
Actes 4:0;VGR;63-0608;319;VALIDE;chap->v.10: christ avez dieu cest;CONCEPT
Actes 10:49;VGR;63-0608;237;LAPSUS;annoncé — dit en réalité actes 10:44;CONCEPT
actes 10:44;VGR;63-0608;237;LAPSUS-LU;lu — annoncé sous Actes 10:49;CONCEPT
Actes 19:0;VGR;63-0608;238;VALIDE;chap->v.1: etait paul traverse contrees superieures trouve certains;CONCEPT
Actes 2:0;VGR;63-0628M;231;VALIDE;chap->v.2: ciel dun impetueux assis;CONCEPT
Actes 19:0;VGR;63-0628M;77;VALIDE;chap->v.4: paul peuple lui cest;CONCEPT
Apocalypse 17:0;VGR;63-0628M;92;VALIDE;chap->v.17: dieu seule meme paroles;CONCEPT
Actes 2:0;VGR;63-0707;164;VALIDE;chap->v.17: derniers jours dieu repandrai esprit chair vos fils;CONCEPT
Actes 2:38;VGR;63-0707;122;VALIDE;jesus christ don saint;CONCEPT
Apocalypse 17:0;VGR;63-0707;55;VALIDE;chap->v.17: dieu seule meme jusqua;CONCEPT
Hebreux 6:0;VGR;63-0707;233;VALIDE;chap->v.1: cest pourquoi laissant parole christ nouveau fondement;CONCEPT
Hebreux 6:1;VGR;63-0707;234;EXACT;cest pourquoi laissant parole christ nouveau fondement repentance [couverture 8/14];CONCEPT
Hebreux 10:0;VGR;63-0707;248;VALIDE;chap->v.7: alors ecrit moi dieu;CONCEPT
Hebreux 13:8;VGR;63-0707;81;EXACT;jesus meme hier aujourdhui eternellement [couverture 5/6];CONCEPT
Hebreux 13:8;VGR;63-0707;120;EXACT;jesus christ meme hier aujourdhui eternellement [couverture 6/6];CONCEPT
Hebreux 13:8;VGR;63-0707;159;EXACT;jesus meme hier aujourdhui eternellement [couverture 5/6];CONCEPT
Hebreux 13:8;VGR;63-0707;226;EXACT;jesus christ meme hier aujourdhui eternellement [couverture 6/6];CONCEPT
Hebreux 13:8;VGR;63-0707;232;EXACT;jesus christ meme hier aujourdhui eternellement [couverture 6/6];CONCEPT
Jean 1:0;VGR;63-0707;232;VALIDE;chap->v.1: etait parole parole etait dieu parole etait dieu;CONCEPT
Jean 14:12;VGR;63-0707;168;VALIDE;dis uvres fais vais;CONCEPT
Jean 14:12;VGR;63-0707;226;EXACT;moi lui uvres fais [couverture 5/14];CONCEPT
Jean 15:0;VGR;63-0707;226;VALIDE;chap->v.4: demeurez moi moi lui meme quil demeure meme;CONCEPT
Joel 2:38;VGR;63-0707;164;LAPSUS;annoncé — dit en réalité actes 2:38;CONCEPT
actes 2:38;VGR;63-0707;164;LAPSUS-LU;lu — annoncé sous Joel 2:38;CONCEPT
Malachie 4:0;VGR;63-0707;275;VALIDE;chap->v.6: cur peres cur peres;CONCEPT
Marc 16:0;VGR;63-0707;160;VALIDE;chap->v.17: ici signes accompagneront ceux auront cru nom chasseront;CONCEPT
Marc 16:0;VGR;63-0707;179;VALIDE;chap->v.16: celui cru baptise sera sauve celui cru sera;CONCEPT
Actes 2:0;VGR;63-0707M;164;VALIDE;chap->v.17: derniers jours dieu repandrai esprit chair vos fils;CONCEPT
Actes 2:38;VGR;63-0707M;122;VALIDE;jesus christ don saint;CONCEPT
Apocalypse 17:0;VGR;63-0707M;55;VALIDE;chap->v.17: dieu seule meme jusqua;CONCEPT
Hebreux 6:0;VGR;63-0707M;233;VALIDE;chap->v.1: cest pourquoi laissant parole christ nouveau fondement;CONCEPT
Hebreux 6:1;VGR;63-0707M;234;EXACT;cest pourquoi laissant parole christ nouveau fondement repentance [couverture 8/14];CONCEPT
Hebreux 10:0;VGR;63-0707M;248;VALIDE;chap->v.7: alors ecrit moi dieu;CONCEPT
Hebreux 13:8;VGR;63-0707M;81;EXACT;jesus meme hier aujourdhui eternellement [couverture 5/6];CONCEPT
Hebreux 13:8;VGR;63-0707M;120;EXACT;jesus christ meme hier aujourdhui eternellement [couverture 6/6];CONCEPT
Hebreux 13:8;VGR;63-0707M;159;EXACT;jesus meme hier aujourdhui eternellement [couverture 5/6];CONCEPT
Hebreux 13:8;VGR;63-0707M;226;EXACT;jesus christ meme hier aujourdhui eternellement [couverture 6/6];CONCEPT
Hebreux 13:8;VGR;63-0707M;232;EXACT;jesus christ meme hier aujourdhui eternellement [couverture 6/6];CONCEPT
Jean 1:0;VGR;63-0707M;232;VALIDE;chap->v.1: etait parole parole etait dieu parole etait dieu;CONCEPT
Jean 14:12;VGR;63-0707M;168;VALIDE;dis uvres fais vais;CONCEPT
Jean 14:12;VGR;63-0707M;226;EXACT;moi lui uvres fais [couverture 5/14];CONCEPT
Jean 15:0;VGR;63-0707M;226;VALIDE;chap->v.4: demeurez moi moi lui meme quil demeure meme;CONCEPT
Joel 2:38;VGR;63-0707M;164;LAPSUS;annoncé — dit en réalité actes 2:38;CONCEPT
actes 2:38;VGR;63-0707M;164;LAPSUS-LU;lu — annoncé sous Joel 2:38;CONCEPT
Malachie 4:0;VGR;63-0707M;275;VALIDE;chap->v.6: cur peres cur peres;CONCEPT
Marc 16:0;VGR;63-0707M;160;VALIDE;chap->v.17: ici signes accompagneront ceux auront cru nom chasseront;CONCEPT
Marc 16:0;VGR;63-0707M;179;VALIDE;chap->v.16: celui cru baptise sera sauve celui cru sera;CONCEPT
Actes 2:0;VGR;63-0825E;154;VALIDE;chap->v.22: jesus homme dieu signes dieu;CONCEPT
Jacques 5:14;VGR;63-0825E;106;VALIDE;quil lui seigneur;CONCEPT
Jean 3:21;VGR;63-0825E;65;PARTIEL;commencé, pas achevé — dieu;CONCEPT
Jean 3:21;VGR;63-0825E;66;VALIDE;celui vient dieu;CONCEPT
Jean 14:12;VGR;63-0825E;153;VALIDE;lui uvres fais grandes parce;CONCEPT
Jean 15:0;VGR;63-0825E;76;VALIDE;chap->v.4: demeurez moi moi lui meme quil demeure meme;CONCEPT
Marc 11:23;VGR;63-0825E;153;VALIDE;dira toi quil;CONCEPT
Marc 16:0;VGR;63-0825E;106;VALIDE;chap->v.6: lui jesus ici mis;CONCEPT
Marc 16:0;VGR;63-0825E;153;VALIDE;chap->v.4: regarde etait etait grande;CONCEPT
Actes 2:0;VGR;63-1201M;24;VALIDE;chap->v.30: prophete dieu lui avait jure serment quil asseoir;CONCEPT
Actes 20:24;VGR;63-1201M;102;VALIDE;aucun moi jai;CONCEPT
Apocalypse 22:19;VGR;63-1201M;95;EXACT;quelquun quelque chose paroles livre dieu part vie [couverture 8/14];CONCEPT
Apocalypse 22:19;VGR;63-1201M;106;PARTIEL;commencé, pas achevé — quelque chose;CONCEPT
Esaie 9:6;VGR;63-1201M;64;PARTIEL;commencé, pas achevé — dieu;CONCEPT
Jacques 5:0;VGR;63-1201M;35;VALIDE;chap->v.17: elie etait homme pria instance quil;CONCEPT
Jean 1:0;VGR;63-1201M;95;VALIDE;chap->v.1: etait parole parole etait dieu parole etait dieu;CONCEPT
Job 14:0;VGR;63-1201M;115;VALIDE;chap->v.13: voulais cacher tenir cache jusqua colere puis moi;CONCEPT
Philippiens 1:0;VGR;63-1201M;22;VALIDE;chap->v.20: selon vive attente esperance rien maintenant toujours christ;CONCEPT
Romains 5:0;VGR;63-1201M;120;VALIDE;chap->v.1: justifies foi avons paix dieu seigneur jesus christ;CONCEPT
Romains 8:1;VGR;63-1201M;120;VALIDE;maintenant christ jesus;CONCEPT
Actes 2:0;VGR;64-0629;176;VALIDE;chap->v.29: hommes quil soit quil quil;CONCEPT
Actes 2:0;VGR;64-0629;199;VALIDE;chap->v.24: dieu ressuscite mort quil;CONCEPT
Actes 4:0;VGR;64-0629;200;VALIDE;chap->v.13: pierre jean etaient sen;CONCEPT
Deuteronome 18:15;VGR;64-0629;51;EXACT;leternel dieu suscitera prophete moi milieu toi tes [couverture 8/11];CONCEPT
Ezechiel 2:3;VGR;64-0629;50;VALIDE;fils moi jour;CONCEPT
Genese 1:0;VGR;64-0629;69;VALIDE;chap->v.4: dieu quelle etait dieu;CONCEPT
Genese 18:0;VGR;64-0629;146;VALIDE;chap->v.10: sera sara fils sara tente;CONCEPT
Hebreux 1:0;VGR;64-0629;57;VALIDE;chap->v.1: dieu plusieurs reprises plusieurs manieres parle peres prophetes;CONCEPT
Hebreux 1:0;VGR;64-0629;145;VALIDE;chap->v.5: fils moi aujourdhui moi lui lui sera;CONCEPT
Hebreux 13:8;VGR;64-0629;63;EXACT;jesus christ meme hier aujourdhui [couverture 5/6];CONCEPT
Hebreux 13:8;VGR;64-0629;98;VALIDE;jesus meme hier aujourdhui;CONCEPT
Hebreux 13:8;VGR;64-0629;175;VALIDE;jesus meme hier aujourdhui;CONCEPT
Jean 1:0;VGR;64-0629;67;VALIDE;chap->v.1: commencement etait parole parole etait dieu parole etait;CONCEPT
Jean 12:20;VGR;64-0629;64;PARTIEL;commencé, pas achevé — quelques grecs;CONCEPT
Joel 2:28;VGR;64-0629;91;PARTIEL;commencé, pas achevé — vos fils;CONCEPT
Malachie 3:0;VGR;64-0629;25;VALIDE;chap->v.15: maintenant meme meme dieu;CONCEPT
Philippiens 2:0;VGR;64-0629;20;VALIDE;chap->v.2: rendez joie ceci ayez meme pensee ayant meme;CONCEPT
Actes 2:0;VGR;64-1205;174;VALIDE;chap->v.24: dieu ressuscite mort;CONCEPT
Genese 22:0;VGR;64-1205;74;VALIDE;chap->v.9: dieu lui avait abraham bois isaac fils;CONCEPT
Marc 9:7;VGR;64-1205;106;EXACT;nuee voix celui fils ecoutez [couverture 6/10];CONCEPT
Marc 16:0;VGR;64-1205;83;VALIDE;chap->v.16: celui cru sera celui cru sera;CONCEPT
Actes 2:0;VGR;65-0123;82;VALIDE;chap->v.17: dieu esprit vos vos vos;CONCEPT
Apocalypse 22:18;VGR;65-0123;55;EXACT;moi paroles livre quelquun ajoute dieu [couverture 5/14];CONCEPT
Apocalypse 22:18;VGR;65-0123;58;EXACT;paroles quelquun ajoute dieu lui [couverture 5/14];CONCEPT
Genese 17:0;VGR;65-0123;189;VALIDE;chap->v.1: ans suis dieu;CONCEPT
Hebreux 13:0;VGR;65-0123;154;VALIDE;chap->v.8: meme hier aujourdhui eternellement;CONCEPT
Hebreux 13:8;VGR;65-0123;61;EXACT;jesus meme hier aujourdhui eternellement [couverture 5/6];CONCEPT
Jean 3:16;VGR;65-0123;154;EXACT;dieu tant aime monde quil donne fils unique [couverture 14/14];CONCEPT
Jean 7:37-38;VGR;65-0123;183;EXACT;fete jesus quelquun soif quil vienne moi boive [couverture 7/14];CONCEPT
Psaumes 36:9;VGR;65-0123;188;PARTIEL;commencé, pas achevé — source vie;CONCEPT
Zacharie 13:0;VGR;65-0123;187;VALIDE;chap->v.1: source ouverte maison david peche;CONCEPT
Actes 2:4;SKN;53-1129A;86;VALIDE;remplis lesprit saint parler;CONCEPT
Actes 2:24;SKN;53-1129A;86;VALIDE;dieu quil soit;CONCEPT
Apocalypse 1:0;SKN;53-1129A;91;VALIDE;chap->v.8: moi suis lalpha lomega seigneur dieu etait;CONCEPT
Jean 3:0;SKN;53-1129A;25;VALIDE;chap->v.3: jesus lui verite verite dis nouveau voir royaume;CONCEPT
Marc 3:6;SKN;53-1129A;83;PARTIEL;commencé, pas achevé — aussitot lui;CONCEPT
Marc 16:0;SKN;53-1129A;83;VALIDE;chap->v.18: auront quelque chose cela imposeront mains ceux;CONCEPT
Actes 2:4;SKN;55-0117;88;VALIDE;saint parler langues donnait;CONCEPT
Actes 2:38;SKN;55-0117;88;VALIDE;chacun don saint;CONCEPT
Actes 10:49;SKN;55-0117;88;LAPSUS;annoncé — dit en réalité actes 10:48;CONCEPT
actes 10:48;SKN;55-0117;88;LAPSUS-LU;lu — annoncé sous Actes 10:49;CONCEPT
Actes 2:4;SKN;59-1220E;18;VALIDE;saint parler dautres langues;CONCEPT
Actes 2:6;SKN;59-1220E;18;VALIDE;bruit multitude parler langage;CONCEPT
Actes 8:18;SKN;59-1220E;21;VALIDE;simon saint etait donne;CONCEPT
Hebreux 6:0;SKN;59-1220E;36;VALIDE;chap->v.10: dieu nest injuste lamour servi;CONCEPT
Actes 2:4;SKN;61-0112;117;VALIDE;saint parler langues selon;CONCEPT
Actes 2:4;SKN;61-0112;244;VALIDE;saint parler langues selon;CONCEPT
Actes 2:4;SKN;61-0112;253;EXACT;furent saint parler langues selon [couverture 5/12];CONCEPT
Actes 2:38;SKN;61-0112;224;VALIDE;chacun christ don saint;CONCEPT
Actes 2:38;SKN;61-0112;237;PARTIEL;commencé, pas achevé — don;CONCEPT
Actes 19:0;SKN;61-0112;301;VALIDE;chap->v.6: paul saint langues;CONCEPT
Esaie 28:0;SKN;61-0112;98;VALIDE;chap->v.11: levres langue parlera peuple;CONCEPT
Hebreux 6:0;SKN;61-0112;206;VALIDE;chap->v.7: terre pluie souvent dieu;CONCEPT
Hebreux 6:0;SKN;61-0112;223;VALIDE;chap->v.4: impossible ceux ont fois eclaires ont don saint;CONCEPT
Jean 13:0;SKN;61-0112;452;VALIDE;chap->v.3: jesus lui mis choses etait venu dieu allait;CONCEPT
Luc 3:0;SKN;61-0112;383;VALIDE;chap->v.16: jean disant moi vient celui moi;CONCEPT
Luc 3:14-16;SKN;61-0112;429;VALIDE;gens commettez personne contentez;CONCEPT
Malachie 4:0;SKN;61-0112;415;VALIDE;chap->v.5: avant grand terrible jour;CONCEPT
Matthieu 3:0;SKN;61-0112;438;VALIDE;chap->v.3: ici parle prophete;CONCEPT
Matthieu 18:10;SKN;61-0112;312;EXACT;mepriser petits dis cieux anges voient continuellement face [couverture 10/12];CONCEPT
Matthieu 18:10;SKN;61-0112;316;EXACT;prenez mepriser petits cieux anges voient continuellement face [couverture 10/12];CONCEPT
Matthieu 28:19;SKN;61-0112;224;VALIDE;allez fils saint;CONCEPT
Actes 2:4;SKN;61-0128;18;PARTIEL;commencé, pas achevé — saint parler;CONCEPT
Actes 19:0;SKN;61-0128;45;VALIDE;chap->v.2: avez recu lesprit saint apres cru lui lesprit;CONCEPT
Galates 1:8;SKN;61-0128;45;VALIDE;ange ciel avons quil soit anatheme;CONCEPT
Genese 1:26;SKN;61-0128;79;VALIDE;dieu homme ressemblance mer cieux terre;CONCEPT
Hebreux 3:0;SKN;61-0128;82;VALIDE;chap->v.1: cest souverain sacrificateur confession jesus;CONCEPT
Jean 5:24;SKN;61-0128;74;VALIDE;celui parole croit envoye vie eternelle jugement passe;CONCEPT
Jeremie 8:22;SKN;61-0128;13;VALIDE;baume galaad medecin pourquoi fille peuple;CONCEPT
Psaumes 103:3;SKN;61-0128;35;VALIDE;cest tes guerit;CONCEPT
Actes 2:4;SKN;61-0316;35;VALIDE;saint parler langues selon;CONCEPT
Actes 2:4;SKN;61-0316;52;VALIDE;saint parler langues selon;CONCEPT
Actes 2:4;SKN;61-0316;53;VALIDE;saint parler langues selon;CONCEPT
Exode 19:0;SKN;61-0316;14;VALIDE;chap->v.1: sortis pays meme jour desert sinai;CONCEPT
Exode 19:0;SKN;61-0316;27;VALIDE;chap->v.3: monta dieu montagne ainsi maison;CONCEPT
Exode 19:0;SKN;61-0316;30;VALIDE;chap->v.3: monta dieu montagne ainsi maison fils;CONCEPT
Exode 19:0;SKN;61-0316;32;VALIDE;chap->v.1: apres fils pays meme jour sinai;CONCEPT
Jean 5:24;SKN;61-0316;71;VALIDE;dis celui entend parole croit envoye vie eternelle;CONCEPT
Actes 2:4;SKN;61-0424;26;PARTIEL;commencé, pas achevé — saint;CONCEPT
Hebreux 1:0;SKN;61-0424;127;VALIDE;chap->v.1: dieu plusieurs reprises plusieurs manieres parle peres prophetes;CONCEPT
Hebreux 1:1;SKN;61-0424;127;EXACT;dieu plusieurs reprises manieres parle peres prophetes [couverture 8/10];CONCEPT
Jean 5:19;SKN;61-0424;125;EXACT;jesus dis fils rien lui pere [couverture 5/14];CONCEPT
Jean 15:0;SKN;61-0424;152;VALIDE;chap->v.2: sarment porte fruit sarment porte fruit porte fruit;CONCEPT
Jean 20:13;SKN;61-0424;44;EXACT;lui femme pourquoi pleures enleve seigneur sais [couverture 7/11];CONCEPT
Marc 16:0;SKN;61-0424;7;VALIDE;chap->v.17: ici signes accompagneront ceux auront cru demons;CONCEPT
Marc 16:0;SKN;61-0424;26;VALIDE;chap->v.14: tard etaient parce cru ceux;CONCEPT
Actes 2:4;SKN;62-0728;28;VALIDE;saint parler selon;CONCEPT
Hebreux 4:12;SKN;62-0728;60;VALIDE;parole dieu epee deux tranchants jusqua;CONCEPT
Hebreux 13:8;SKN;62-0728;57;VALIDE;jesus christ meme hier aujourdhui eternellement;CONCEPT
Hebreux 13:8;SKN;62-0728;79;VALIDE;jesus christ meme hier aujourdhui eternellement;CONCEPT
Jean 4:0;SKN;62-0728;77;VALIDE;chap->v.25: femme lui messie appele christ celui sera venu;CONCEPT
Jean 12:32;SKN;62-0728;11;VALIDE;moi suis eleve terre jattirerai hommes meme;LECTURE
Job 14:0;SKN;62-0728;41;VALIDE;chap->v.13: voulais cacher tenir cache jusqua colere temps moi;CONCEPT
Malachie 4:0;SKN;62-0728;59;VALIDE;chap->v.6: fera peres fils fils peres;CONCEPT
Actes 2:4;SKN;65-0124;46;PARTIEL;commencé, pas achevé — saint;CONCEPT
Apocalypse 21:0;SKN;65-0124;61;VALIDE;chap->v.1: vis nouveau ciel nouvelle terre premier ciel premiere;CONCEPT
Jean 3:16;SKN;65-0124;46;VALIDE;dieu aime monde donne croit lui;CONCEPT
Jean 5:7;SKN;65-0124;32;VALIDE;malade nai personne;CONCEPT
Jean 16:0;SKN;65-0124;26;VALIDE;chap->v.20: verite verite dis pleurerez lamenterez monde rejouira serez;CONCEPT
Jean 16:21;SKN;65-0124;26;VALIDE;femme enfante tristesse parce heure donne jour souvient;CONCEPT
Malachie 3:0;SKN;65-0124;88;VALIDE;chap->v.15: maintenant heureux ceux meme meme dieu;CONCEPT
Malachie 3:1;SKN;65-0124;90;VALIDE;voici messager chemin devant moi;CONCEPT
Malachie 4:0;SKN;65-0124;88;VALIDE;chap->v.1: jour vient ceux jour vient;CONCEPT
Malachie 4:0;SKN;65-0124;90;VALIDE;chap->v.5: voici elie prophete;CONCEPT
Malachie 4:0;SKN;65-0124;144;VALIDE;chap->v.1: voici jour jour;CONCEPT
Matthieu 24:0;SKN;65-0124;74;VALIDE;chap->v.30: alors signe fils alors terre fils;CONCEPT
Matthieu 24:0;SKN;65-0124;75;VALIDE;chap->v.30: alors signe fils alors terre fils;CONCEPT
Matthieu 24:24;SKN;65-0124;128;VALIDE;possible meme elus;CONCEPT
Actes 2:4;VGR;55-0117;88;VALIDE;parler langues donnait;CONCEPT
Actes 2:38;VGR;55-0117;88;PARTIEL;commencé, pas achevé — chacun don;CONCEPT
Actes 10:49;VGR;55-0117;88;LAPSUS;annoncé — dit en réalité actes 10:48;CONCEPT
actes 10:48;VGR;55-0117;88;LAPSUS-LU;lu — annoncé sous Actes 10:49;CONCEPT
Actes 2:4;VGR;59-1220E;18;VALIDE;saint parler dautres langues;CONCEPT
Actes 2:6;VGR;59-1220E;18;EXACT;bruit ceci setant repandu parler [couverture 5/13];CONCEPT
Actes 8:18;VGR;59-1220E;20;VALIDE;simon saint etait donne;CONCEPT
Hebreux 6:0;VGR;59-1220E;36;VALIDE;chap->v.10: dieu nest injuste lamour servi;CONCEPT
Actes 2:4;VGR;61-0112;117;EXACT;lesprit saint parler langues [couverture 5/12];CONCEPT
Actes 2:4;VGR;61-0112;244;VALIDE;saint parler langues;CONCEPT
Actes 2:4;VGR;61-0112;253;VALIDE;saint parler langues;CONCEPT
Actes 2:38;VGR;61-0112;224;VALIDE;christ don saint;CONCEPT
Actes 2:38;VGR;61-0112;237;PARTIEL;commencé, pas achevé — don;CONCEPT
Actes 19:0;VGR;61-0112;301;VALIDE;chap->v.2: avez saint saint;CONCEPT
Esaie 28:0;VGR;61-0112;98;VALIDE;chap->v.11: levres langue etrangere parlera peuple;CONCEPT
Hebreux 6:0;VGR;61-0112;206;VALIDE;chap->v.7: terre pluie souvent herbes dieu;CONCEPT
Hebreux 6:0;VGR;61-0112;223;VALIDE;chap->v.4: impossible ceux ont fois eclaires ont don saint;CONCEPT
Jean 13:0;VGR;61-0112;452;VALIDE;chap->v.3: jesus lui mis quil etait venu dieu allait;CONCEPT
Luc 1:17;VGR;61-0112;455;PARTIEL;commencé, pas achevé — lesprit delie;CONCEPT
Luc 3:0;VGR;61-0112;383;VALIDE;chap->v.4: ecrit livre seigneur faites;CONCEPT
Luc 3:14-16;VGR;61-0112;429;VALIDE;commettez personne contentez;CONCEPT
Malachie 4:0;VGR;61-0112;415;VALIDE;chap->v.5: avant grand terrible jour leternel;CONCEPT
Matthieu 3:0;VGR;61-0112;438;VALIDE;chap->v.3: cest ici parle prophete disant;CONCEPT
Matthieu 18:10;VGR;61-0112;312;EXACT;mepriser petits dis cieux anges voient continuellement face [couverture 10/12];CONCEPT
Matthieu 18:10;VGR;61-0112;316;EXACT;prenez garde mepriser petits cieux anges voient continuellement [couverture 11/12];CONCEPT
Matthieu 28:19;VGR;61-0112;224;VALIDE;allez fils saint;CONCEPT
Actes 2:17;SKN;65-1126;290;EXACT;arrivera derniers jours dieu vos fils jeunes [couverture 9/14];CONCEPT
Amos 3:7;SKN;65-1126;337;VALIDE;seigneur rien revele prophetes;CONCEPT
Apocalypse 10:0;SKN;65-1126;294;VALIDE;chap->v.7: septieme ange dieu;CONCEPT
Apocalypse 10:7;SKN;65-1126;311;VALIDE;sera dieu annonce;CONCEPT
Ephesiens 1:1-5;SKN;65-1126;129;VALIDE;jesus dieu part;CONCEPT
Genese 1:0;SKN;65-1126;136;VALIDE;chap->v.27: dieu crea image crea dieu crea;CONCEPT
Genese 2:0;SKN;65-1126;136;VALIDE;chap->v.4: ici terre dieu terre;CONCEPT
Genese 22:1;SKN;65-1126;79;EXACT;choses dieu abraham lui voici [couverture 6/9];CONCEPT
Jean 1:26;SKN;65-1126;188;PARTIEL;commencé, pas achevé — jean milieu;CONCEPT
Jean 6:44-46;SKN;65-1126;118;VALIDE;venir moi pere seront dieu;CONCEPT
Jean 6:44-46;SKN;65-1126;122;EXACT;nul venir moi pere dieu [couverture 5/10];CONCEPT
Luc 17:30;SKN;65-1126;292;PARTIEL;commencé, pas achevé — jour fils;CONCEPT
Malachie 4:0;SKN;65-1126;311;VALIDE;chap->v.1: jour ceux jour;CONCEPT
Romains 4:0;SKN;65-1126;224;VALIDE;chap->v.17: selon ecrit etabli pere nations devant dieu cru;CONCEPT
Romains 8:28-34;SKN;65-1126;129;EXACT;choses ceux dieu appeles predestines [couverture 5/11];CONCEPT
Actes 2:17;VGR;65-1126;290;EXACT;arrivera derniers jours dieu vos fils jeunes [couverture 9/14];CONCEPT
Amos 3:7;VGR;65-1126;337;EXACT;seigneur rien quil revele prophetes [couverture 5/9];CONCEPT
Apocalypse 10:0;VGR;65-1126;294;VALIDE;chap->v.7: jours septieme ange dieu;CONCEPT
Ephesiens 1:1-5;VGR;65-1126;129;VALIDE;jesus dieu part;CONCEPT
Genese 1:0;VGR;65-1126;136;VALIDE;chap->v.27: dieu crea lhomme image crea limage dieu crea;CONCEPT
Genese 2:0;VGR;65-1126;136;VALIDE;chap->v.22: dieu forma femme quil avait lhomme lhomme;CONCEPT
Genese 22:1-9;VGR;65-1126;79;EXACT;apres choses dieu abraham lui voici prends fils [couverture 7/9];CONCEPT
Jean 1:26;VGR;65-1126;188;PARTIEL;commencé, pas achevé — jean milieu;CONCEPT
Jean 6:44;VGR;65-1126;118;EXACT;nul venir moi pere [couverture 5/10];CONCEPT
Jean 6:44;VGR;65-1126;122;EXACT;nul venir moi pere [couverture 5/10];CONCEPT
Luc 17:30;VGR;65-1126;292;VALIDE;meme jour fils lhomme;CONCEPT
Malachie 4:0;VGR;65-1126;311;VALIDE;chap->v.1: voici jour ceux jour;CONCEPT
Romains 4:0;VGR;65-1126;224;VALIDE;chap->v.17: selon quil ecrit tai etabli pere nations devant;CONCEPT
Romains 8:28-34;VGR;65-1126;129;EXACT;choses ceux dieu appeles propos quil predestines [couverture 5/11];CONCEPT
Actes 2:24;SKN;53-1110;39;VALIDE;dieu ayant mort quil soit;CONCEPT
Romains 9:0;SKN;53-1110;20;VALIDE;chap->v.11: avant enfants nes quils rien bon afin dieu;CONCEPT
Actes 2:24;SKN;53-1115E;21;VALIDE;dieu mort netait quil soit;CONCEPT
Actes 19:0;SKN;53-1115E;30;VALIDE;chap->v.2: avez recu lesprit saint lui meme entendu lesprit;CONCEPT
Jean 5:19;SKN;53-1115E;24;EXACT;jesus dis fils rien lui meme quil chose [couverture 7/14];CONCEPT
Actes 2:27;VGR;57-1002;376;PARTIEL;commencé, pas achevé — ame saint;CONCEPT
Actes 7:55;VGR;57-1002;440;VALIDE;ciel dieu jesus;CONCEPT
Actes 19:0;VGR;57-1002;366;VALIDE;chap->v.1: apollos etait paul apres traverse contrees superieures certains;CONCEPT
Apocalypse 5:0;VGR;57-1002;354;VALIDE;chap->v.6: vis quatre animaux anciens sept sept;CONCEPT
Apocalypse 21:0;VGR;57-1002;548;VALIDE;chap->v.7: choses lui serai lui sera;CONCEPT
Apocalypse 21:19;VGR;57-1002;354;PARTIEL;commencé, pas achevé — pierre etait;CONCEPT
Ephesiens 1:20;VGR;57-1002;440;VALIDE;quil christ droite;CONCEPT
Ephesiens 1:20;VGR;57-1002;451;EXACT;quil christ ressuscitant morts asseoir droite lieux celestes [couverture 8/10];CONCEPT
Esaie 9:6;VGR;57-1002;497;PARTIEL;commencé, pas achevé — enfant sera;CONCEPT
Genese 38:0;VGR;57-1002;354;VALIDE;chap->v.28: deux main femme main fil;CONCEPT
Genese 38:0;VGR;57-1002;548;VALIDE;chap->v.8: femme frere envers beau frere frere;CONCEPT
Jean 5:7;VGR;57-1002;477;PARTIEL;commencé, pas achevé — leau moi;CONCEPT
Jean 5:7;VGR;57-1002;479;VALIDE;lui leau moi;CONCEPT
Jean 5:24;VGR;57-1002;377;EXACT;celui parole croit vie eternelle mort [couverture 6/14];CONCEPT
Marc 14:62;VGR;57-1002;440;EXACT;jesus suis verrez fils lhomme assis droite puissance [couverture 11/11];CONCEPT
Matthieu 24:0;VGR;57-1002;516;VALIDE;chap->v.21: aura quil jusqua maintenant quil aura;CONCEPT
Matthieu 24:0;VGR;57-1002;517;VALIDE;chap->v.21: aura quil jusqua maintenant quil aura;CONCEPT
Matthieu 27:0;VGR;57-1002;418;VALIDE;chap->v.63: pendant quil etait apres trois jours ressuscite;CONCEPT
Psaumes 16:10;VGR;57-1002;376;PARTIEL;commencé, pas achevé — ame saint;CONCEPT
Psaumes 16:10;VGR;57-1002;408;EXACT;nabandonneras ame permettras saint voie corruption [couverture 6/7];CONCEPT
Romains 8:1;VGR;57-1002;400;EXACT;maintenant aucune condamnation ceux christ jesus [couverture 6/6];CONCEPT
Actes 2:30;SKN;52-0810A;30;PARTIEL;commencé, pas achevé — dieu;CONCEPT
Psaumes 72:0;SKN;52-0810A;24;VALIDE;chap->v.19: soit terre soit amen amen;CONCEPT
Actes 2:36;SKN;60-1204M;371;EXACT;maison sache dieu seigneur christ jesus avez crucifie [couverture 8/10];CONCEPT
Actes 19:0;SKN;60-1204M;264;VALIDE;chap->v.2: avez recu saint apres cru lui saint;CONCEPT
Apocalypse 11:0;SKN;60-1204M;312;VALIDE;chap->v.18: nations venue temps prophetes ceux;CONCEPT
Apocalypse 15:3;SKN;60-1204M;197;EXACT;chantent cantique moise dieu disant grandes tes seigneur [couverture 10/14];CONCEPT
Apocalypse 17:0;SKN;60-1204M;213;VALIDE;chap->v.17: dieu meme royaume;CONCEPT
Apocalypse 22:0;SKN;60-1204M;113;VALIDE;chap->v.6: paroles seigneur dieu prophetes envoye ange choses doivent;CONCEPT
Esaie 9:6;SKN;60-1204M;286;EXACT;fils donne sera dieu pere [couverture 5/14];CONCEPT
Genese 45:0;SKN;60-1204M;319;VALIDE;chap->v.3: joseph freres suis joseph pere vit freres lui;CONCEPT
Hebreux 11:0;SKN;60-1204M;57;VALIDE;chap->v.4: dieu excellent temoignage juste dieu;CONCEPT
Hebreux 11:0;SKN;60-1204M;142;VALIDE;chap->v.4: foi abel offrit dieu excellent sacrifice sacrifice juste;CONCEPT
Hebreux 13:8;SKN;60-1204M;235;VALIDE;meme hier eternellement;CONCEPT
Jean 5:7;SKN;60-1204M;376;VALIDE;lui repondit nai personne;CONCEPT
Jean 14:7;SKN;60-1204M;372;PARTIEL;commencé, pas achevé — connu pere;CONCEPT
Marc 16:0;SKN;60-1204M;150;VALIDE;chap->v.17: ceux auront cru nom demons;CONCEPT
Matthieu 1:18;SKN;60-1204M;176;PARTIEL;commencé, pas achevé — jesus christ;CONCEPT
Matthieu 16:18;SKN;60-1204M;132;EXACT;moi dis pierre roc batirai portes prevaudront contre [couverture 8/10];CONCEPT
Matthieu 28:19;SKN;60-1204M;294;VALIDE;nom pere fils saint;CONCEPT
Zacharie 12:0;SKN;60-1204M;311;VALIDE;chap->v.10: repandrai maison david habitants jerusalem esprit grace moi;CONCEPT
Zacharie 12:0;SKN;60-1204M;320;VALIDE;chap->v.4: jour ceux maison;CONCEPT
Actes 2:36;VGR;60-1204M;357;EXACT;maison disrael sache dieu seigneur christ jesus avez [couverture 9/10];CONCEPT
Actes 19:0;VGR;60-1204M;258;VALIDE;chap->v.1: apollos etait paul apres traverse contrees superieures trouve;CONCEPT
Apocalypse 1:0;VGR;60-1204M;26;VALIDE;chap->v.1: revelation jesus christ dieu;CONCEPT
Apocalypse 4:0;VGR;60-1204M;26;VALIDE;chap->v.8: chacun deux jour;CONCEPT
Apocalypse 11:0;VGR;60-1204M;301;VALIDE;chap->v.18: nations venue temps prophetes ceux;CONCEPT
Apocalypse 15:3;VGR;60-1204M;191;EXACT;chantent cantique moise dieu lagneau disant grandes tes [couverture 12/14];CONCEPT
Apocalypse 17:0;VGR;60-1204M;207;VALIDE;chap->v.6: vis femme jesus dun;CONCEPT
Apocalypse 22:0;VGR;60-1204M;109;VALIDE;chap->v.6: seigneur dieu prophetes envoye ange choses doivent arriver;CONCEPT
Esaie 9:6;VGR;60-1204M;274;EXACT;fils donne sera dieu pere [couverture 5/14];CONCEPT
Genese 45:0;VGR;60-1204M;307;VALIDE;chap->v.3: joseph freres suis joseph pere vit freres lui;CONCEPT
Hebreux 11:0;VGR;60-1204M;57;VALIDE;chap->v.16: maintenant cest cest dieu honte dieu;CONCEPT
Hebreux 11:0;VGR;60-1204M;139;VALIDE;chap->v.4: foi abel offrit dieu excellent sacrifice sacrifice juste;CONCEPT
Hebreux 13:8;VGR;60-1204M;230;VALIDE;meme hier aujourdhui eternellement;CONCEPT
Jean 5:7-8;VGR;60-1204M;362;VALIDE;lui nai personne leau;CONCEPT
Jean 14:7;VGR;60-1204M;358;PARTIEL;commencé, pas achevé — pere;CONCEPT
Marc 16:0;VGR;60-1204M;147;VALIDE;chap->v.17: signes accompagneront ceux auront cru nom demons;CONCEPT
Matthieu 1:18;VGR;60-1204M;172;VALIDE;jesus christ soient;CONCEPT
Matthieu 16:18;VGR;60-1204M;128;EXACT;moi dis pierre batirai portes prevaudront contre [couverture 7/10];CONCEPT
Matthieu 28:19;VGR;60-1204M;281;EXACT;allez nom pere fils saint esprit [couverture 6/10];CONCEPT
Zacharie 12:0;VGR;60-1204M;300;VALIDE;chap->v.10: repandrai maison david habitants jerusalem esprit grace moi;CONCEPT
Zacharie 12:0;VGR;60-1204M;309;VALIDE;chap->v.12: pays famille famille maison famille maison;CONCEPT
Actes 2:38;SKN;54-0303;17;VALIDE;pierre soit nom jesus christ peches recevrez don;CONCEPT
Ephesiens 4:30;SKN;54-0303;20;VALIDE;nattristez saint esprit dieu lequel avez scelles jour;CONCEPT
Jean 9:0;SKN;54-0303;51;VALIDE;chap->v.25: sil sais sais chose cest jetais maintenant vois;CONCEPT
Marc 11:24;SKN;54-0303;25;VALIDE;cest pourquoi demanderez priant croyez sera;CONCEPT
Actes 2:38;SKN;54-0403;29;VALIDE;pierre repentez chacun soit baptise nom jesus christ;CONCEPT
Jean 5:19;SKN;54-0403;55;EXACT;jesus verite dis fils rien lui meme quil [couverture 5/14];CONCEPT
Luc 2:0;SKN;54-0403;39;VALIDE;chap->v.7: monde fils quil avait place eux;CONCEPT
Marc 16:0;SKN;54-0403;24;VALIDE;chap->v.17: ici signes accompagneront ceux auront cru nom chasseront;CONCEPT
Actes 2:38;SKN;55-0731;169;EXACT;pierre repentez chacun soit baptise nom jesus peches [couverture 11/14];CONCEPT
Psaumes 1:0;SKN;55-0731;37;VALIDE;chap->v.3: sera arbre plante pres rend fruit saison quil;CONCEPT
Actes 2:38;SKN;57-0127A;29;VALIDE;pierre repentez chacun soit baptise nom jesus christ;CONCEPT
Actes 2:38;SKN;57-0825E;150;VALIDE;pierre repentez chacun soit baptise nom jesus christ;CONCEPT
Actes 10:5;SKN;57-0825E;150;VALIDE;maintenant hommes fais venir pierre;CONCEPT
Actes 10:49;SKN;57-0825E;150;LAPSUS;annoncé — dit en réalité actes 10:48;CONCEPT
actes 10:48;SKN;57-0825E;150;LAPSUS-LU;lu — annoncé sous Actes 10:49;CONCEPT
Actes 19:0;SKN;57-0825E;150;VALIDE;chap->v.2: avez recu saint apres cru lui dirent meme;CONCEPT
Matthieu 28:18;SKN;57-0825E;121;VALIDE;jesus parla ciel terre;CONCEPT
Matthieu 28:19;SKN;57-0825E;150;VALIDE;faites disciples nations baptisant nom pere fils saint;CONCEPT
Psaumes 8:4;SKN;57-0825E;119;VALIDE;quest lui fils visites;CONCEPT
Actes 2:38;SKN;58-0326;17;VALIDE;pierre repentez chacun soit baptise nom jesus christ;CONCEPT
Jean 11:0;SKN;58-0326;17;VALIDE;chap->v.25: jesus lui moi suis resurrection vie celui croit;CONCEPT
Actes 2:38;SKN;59-0628M;81;VALIDE;christ don saint;CONCEPT
Marc 16:0;SKN;59-0628M;81;VALIDE;chap->v.6: lui ressuscite ici voici lieu mis;CONCEPT
Actes 2:38;SKN;60-0626;91;EXACT;baptise nom jesus peches saint [couverture 5/14];CONCEPT
Actes 19:0;SKN;60-0626;170;VALIDE;chap->v.2: avez recu saint apres cru meme saint;CONCEPT
Esaie 28:11;SKN;60-0626;225;VALIDE;levres parlera peuple;CONCEPT
Esaie 35:0;SKN;60-0626;249;VALIDE;chap->v.8: grande route chemin chemin ceux ceux vont;CONCEPT
Genese 1:26;SKN;60-0626;116;VALIDE;dieu image terre;CONCEPT
Actes 2:38;SKN;60-1126;85;EXACT;pierre repentez chacun soit baptise nom jesus christ [couverture 11/14];CONCEPT
Hebreux 13:8;SKN;60-1126;74;VALIDE;jesus meme hier aujourdhui eternellement;CONCEPT
Psaumes 103:3;SKN;60-1126;33;VALIDE;cest lui tes guerit;CONCEPT
Actes 2:38;SKN;60-1207;186;EXACT;pierre chacun baptise jesus don saint [couverture 6/14];CONCEPT
Apocalypse 17:0;SKN;60-1207;116;VALIDE;chap->v.5: avait grande mere terre;CONCEPT
Apocalypse 17:0;SKN;60-1207;139;VALIDE;chap->v.2: ont fornication ceux ont fornication;CONCEPT
Apocalypse 17:0;SKN;60-1207;167;VALIDE;chap->v.1: sept anges avaient sept coupes vint disant viens;CONCEPT
Hebreux 4:0;SKN;60-1207;89;VALIDE;chap->v.12: parole dieu vivante epee deux tranchants;CONCEPT
Hebreux 4:12;SKN;60-1207;89;EXACT;parole dieu vivante epee deux tranchants [couverture 6/14];CONCEPT
Jean 1:0;SKN;60-1207;89;VALIDE;chap->v.1: commencement etait parole parole etait dieu parole etait;CONCEPT
Matthieu 28:19;SKN;60-1207;273;VALIDE;nom fils saint;CONCEPT
Nombres 22:0;SKN;60-1207;202;VALIDE;chap->v.6: maintenant moi peuple moi;CONCEPT
Nombres 23:9;SKN;60-1207;238;EXACT;sommet rochers vois contemple peuple sera compte nations [couverture 8/14];CONCEPT
Actes 2:38;SKN;61-0108;234;EXACT;pierre chacun baptise nom jesus peches saint [couverture 7/14];CONCEPT
Actes 2:38;SKN;61-0108;330;EXACT;pierre chacun soit baptise nom jesus don saint [couverture 8/14];CONCEPT
Actes 2:38;SKN;61-0108;338;EXACT;chacun soit baptise nom jesus don saint [couverture 7/14];CONCEPT
Actes 2:38;SKN;61-0108;358;VALIDE;jesus don saint;CONCEPT
Actes 19:0;SKN;61-0108;169;VALIDE;chap->v.2: avez recu saint apres cru saint;CONCEPT
Apocalypse 1:0;SKN;61-0108;128;VALIDE;chap->v.20: sept etoiles sept lampes sept etoiles sept sept;CONCEPT
Apocalypse 2:5;SKN;61-0108;202;PARTIEL;commencé, pas achevé — toi;CONCEPT
Apocalypse 3:0;SKN;61-0108;70;VALIDE;chap->v.20: voici porte entend voix porte lui lui;CONCEPT
Apocalypse 4:0;SKN;61-0108;116;VALIDE;chap->v.5: trone eclairs voix tonnerres sept devant trone sept;CONCEPT
Apocalypse 4:0;SKN;61-0108;259;VALIDE;chap->v.3: voir autour trone voir;CONCEPT
Apocalypse 4:1;SKN;61-0108;72;EXACT;apres choses vis voici porte ouverte ciel voix [couverture 9/14];CONCEPT
Apocalypse 5:0;SKN;61-0108;260;VALIDE;chap->v.2: ange voix livre;CONCEPT
Apocalypse 15:0;SKN;61-0108;199;VALIDE;chap->v.2: mer verre feu avaient bete image nombre nom;CONCEPT
Apocalypse 15:0;SKN;61-0108;202;VALIDE;chap->v.2: vis mer verre melee feu ceux avaient bete;CONCEPT
Apocalypse 22:0;SKN;61-0108;200;VALIDE;chap->v.8: moi jean entendu entendu terre;CONCEPT
Ephesiens 4:30;SKN;61-0108;213;EXACT;saint esprit dieu lequel avez scelles jour redemption [couverture 7/9];CONCEPT
Ephesiens 5:0;SKN;61-0108;162;VALIDE;chap->v.2: meme sacrifice dieu bonne;CONCEPT
Esaie 6:0;SKN;61-0108;280;VALIDE;chap->v.1: mort roi ozias vis seigneur assis trone eleve;CONCEPT
Esaie 9:6;SKN;61-0108;340;EXACT;enfant fils donne nom dieu pere [couverture 6/14];CONCEPT
Exode 19:16;SKN;61-0108;109;PARTIEL;commencé, pas achevé — montagne trompette;CONCEPT
Exode 25:10;SKN;61-0108;304;PARTIEL;commencé, pas achevé — deux;CONCEPT
Genese 1:0;SKN;61-0108;78;VALIDE;chap->v.10: dieu sec terre eaux dieu cela etait;CONCEPT
Genese 3:24;SKN;61-0108;286;VALIDE;chassa placa jardin cherubins tournait garder chemin vie;CONCEPT
Genese 4:16;SKN;61-0108;299;PARTIEL;commencé, pas achevé — cain;CONCEPT
Genese 49:0;SKN;61-0108;321;VALIDE;chap->v.4: eaux monte couche pere alors monte lit;CONCEPT
Jean 14:12;SKN;61-0108;344;LAPSUS;annoncé — dit en réalité Luc 10:1;CONCEPT
Luc 10:1;SKN;61-0108;344;LAPSUS-LU;lu — annoncé sous Jean 14:12;CONCEPT
Jean 14:12;SKN;61-0108;356;EXACT;verite dis celui croit moi fera fais grandes [couverture 11/14];CONCEPT
Jean 15:7;SKN;61-0108;360;EXACT;demeurez moi mes paroles demeurent voudrez sera [couverture 7/8];CONCEPT
Levitique 16:0;SKN;61-0108;101;VALIDE;chap->v.15: egorgera bouc peche peuple apportera sang voile fera;CONCEPT
Levitique 16:14;SKN;61-0108;101;EXACT;prendra sang taureau fera doigt devant propitiatoire sept [couverture 10/14];CONCEPT
Luc 10:0;SKN;61-0108;369;VALIDE;chap->v.11: poussiere meme ville attachee nos pieds secouons contre;CONCEPT
Luc 10:1;SKN;61-0108;346;VALIDE;seigneur deux devant meme;CONCEPT
Luc 11:0;SKN;61-0108;373;VALIDE;chap->v.31: reine midi levera jugement hommes generation condamnera vint;CONCEPT
Luc 11:29;SKN;61-0108;346;LAPSUS;annoncé — dit en réalité Luc 10:1;CONCEPT
Luc 10:1;SKN;61-0108;346;LAPSUS-LU;lu — annoncé sous Luc 11:29;CONCEPT
Luc 11:29;SKN;61-0108;374;EXACT;mit generation mechante demande signe lui sera donne [couverture 11/14];CONCEPT
Luc 24:49;SKN;61-0108;234;VALIDE;voici soyez den;CONCEPT
Marc 11:21;SKN;61-0108;345;LAPSUS;annoncé — dit en réalité Luc 10:1;CONCEPT
Luc 10:1;SKN;61-0108;345;LAPSUS-LU;lu — annoncé sous Marc 11:21;CONCEPT
Marc 11:21;SKN;61-0108;367;EXACT;pierre passe lui rabbi voici figuier maudit [couverture 6/10];CONCEPT
Marc 16:0;SKN;61-0108;362;VALIDE;chap->v.14: apparut onze etaient table reprocha incredulite durete parce;CONCEPT
Matthieu 1:0;SKN;61-0108;338;VALIDE;chap->v.18: naissance jesus arriva mere marie fiancee joseph avant;CONCEPT
Matthieu 1:18;SKN;61-0108;338;EXACT;naissance jesus arriva mere marie fiancee joseph avant [couverture 9/14];CONCEPT
Matthieu 10:0;SKN;61-0108;347;VALIDE;chap->v.1: ayant appele douze disciples donna;CONCEPT
Matthieu 10:1;SKN;61-0108;343;LAPSUS;annoncé — dit en réalité Esaie 9:6;CONCEPT
Esaie 9:6;SKN;61-0108;343;LAPSUS-LU;lu — annoncé sous Matthieu 10:1;CONCEPT
Matthieu 10:1;SKN;61-0108;347;EXACT;ayant appele douze disciples donna [couverture 5/12];CONCEPT
Matthieu 10:1;SKN;61-0108;349;EXACT;ayant appele douze disciples donna esprits chasser guerir [couverture 9/12];CONCEPT
Matthieu 10:1;SKN;61-0108;355;LAPSUS;annoncé — dit en réalité Jean 14:12;CONCEPT
Jean 14:12;SKN;61-0108;355;LAPSUS-LU;lu — annoncé sous Matthieu 10:1;CONCEPT
Matthieu 11:0;SKN;61-0108;366;VALIDE;chap->v.27: mont pere fils pere pere fils;CONCEPT
Matthieu 17:0;SKN;61-0108;281;VALIDE;chap->v.14: furent homme lui lui;CONCEPT
Matthieu 21:0;SKN;61-0108;367;VALIDE;chap->v.21: jesus verite dis foi figuier meme montagne ote;CONCEPT
Matthieu 28:19;SKN;61-0108;183;EXACT;faites disciples nations baptisant nom pere fils saint [couverture 8/10];CONCEPT
Matthieu 28:19;SKN;61-0108;334;EXACT;faites disciples nations baptisant nom pere fils saint [couverture 8/10];CONCEPT
Matthieu 28:19;SKN;61-0108;337;VALIDE;nom pere fils saint;CONCEPT
Actes 2:38;SKN;61-0119M;10;VALIDE;soit jesus saint;CONCEPT
Galates 1:8;SKN;61-0119M;11;EXACT;ange ciel quil soit anatheme [couverture 5/11];CONCEPT
Jean 14:0;SKN;61-0119M;38;VALIDE;chap->v.17: parce quil parce quil quil sera;CONCEPT
Jean 15:0;SKN;61-0119M;38;VALIDE;chap->v.2: sarment porte fruit sarment porte fruit quil porte;CONCEPT
Actes 2:38;SKN;61-0315;218;VALIDE;chacun soit baptise nom jesus christ peches don;CONCEPT
Hebreux 13:8;SKN;61-0315;194;EXACT;jesus meme hier aujourdhui eternellement [couverture 5/6];CONCEPT
Jean 5:19;SKN;61-0315;172;EXACT;jesus verite dis fils rien lui meme quil [couverture 10/14];CONCEPT
Marc 16:0;SKN;61-0315;186;VALIDE;chap->v.17: accompagneront ceux auront cru nom chasseront demons parleront;CONCEPT
Marc 16:0;SKN;61-0315;218;VALIDE;chap->v.16: celui cru baptise sera sauve celui cru sera;CONCEPT
Actes 2:38;SKN;61-0425B;163;EXACT;pierre repentez baptise nom jesus don saint [couverture 7/14];CONCEPT
Actes 2:38;SKN;61-0425B;183;EXACT;pierre baptise nom jesus saint [couverture 5/14];CONCEPT
Actes 2:38;SKN;61-0425B;208;EXACT;pierre nom jesus christ saint [couverture 5/14];CONCEPT
Actes 10:49;SKN;61-0425B;251;LAPSUS;annoncé — dit en réalité actes 10:44;CONCEPT
actes 10:44;SKN;61-0425B;251;LAPSUS-LU;lu — annoncé sous Actes 10:49;CONCEPT
Colossiens 3:0;SKN;61-0425B;300;VALIDE;chap->v.13: supportant lun lautre uns autres lun sujet autre;CONCEPT
Esaie 9:6;SKN;61-0425B;137;EXACT;enfant fils donne sera conseiller dieu fort [couverture 7/14];CONCEPT
Esaie 35:0;SKN;61-0425B;39;VALIDE;chap->v.2: sera lui sera;CONCEPT
Jean 3:0;SKN;61-0425B;180;VALIDE;chap->v.3: jesus dis nest voir dieu;CONCEPT
Jean 5:24;SKN;61-0425B;293;EXACT;dis celui parole croit envoye vie eternelle vient [couverture 11/14];CONCEPT
Jean 6:0;SKN;61-0425B;128;VALIDE;chap->v.41: contre lui parce quil avait suis;CONCEPT
Jean 14:0;SKN;61-0425B;130;VALIDE;chap->v.10: crois suis pere pere dis dis meme pere;CONCEPT
Jean 14:0;SKN;61-0425B;180;VALIDE;chap->v.28: men vais men vais;CONCEPT
Marc 11:24;SKN;61-0425B;84;PARTIEL;commencé, pas achevé — cest dis;CONCEPT
Marc 16:0;SKN;61-0425B;231;VALIDE;chap->v.4: regarde etait etait;CONCEPT
Matthieu 1:18;SKN;61-0425B;200;EXACT;naissance jesus arriva ainsi mere marie fiancee joseph [couverture 10/14];CONCEPT
Matthieu 28:0;SKN;61-0425B;175;VALIDE;chap->v.1: tard jour jour voir;CONCEPT
Matthieu 28:19;SKN;61-0425B;161;EXACT;allez faites disciples nations baptisant nom pere fils [couverture 9/10];CONCEPT
Matthieu 28:19;SKN;61-0425B;163;EXACT;allez faites disciples nations baptisant nom pere fils [couverture 9/10];CONCEPT
Matthieu 28:19;SKN;61-0425B;183;VALIDE;nom pere fils saint;CONCEPT
Matthieu 28:19;SKN;61-0425B;188;EXACT;nom pere fils saint esprit [couverture 5/10];CONCEPT
Matthieu 28:19;SKN;61-0425B;195;EXACT;allez faites disciples nations baptisant nom pere fils [couverture 9/10];CONCEPT
Matthieu 28:19;SKN;61-0425B;208;VALIDE;nom pere fils saint;CONCEPT
Romains 4:0;SKN;61-0425B;301;VALIDE;chap->v.12: quil soit pere seulement ceux ceux foi qua;CONCEPT
Actes 2:38;SKN;61-1015M;37;VALIDE;pierre soit baptise nom jesus don saint;CONCEPT
Actes 2:38;SKN;61-1015M;39;EXACT;pierre soit baptise nom jesus saint [couverture 6/14];CONCEPT
Actes 19:5;SKN;61-1015M;49;VALIDE;nom seigneur jesus;CONCEPT
Apocalypse 2:0;SKN;61-1015M;198;VALIDE;chap->v.7: lui vie dieu;CONCEPT
Apocalypse 2:9;SKN;61-1015M;196;LAPSUS;annoncé — dit en réalité Matthieu 16:9;CONCEPT
Matthieu 16:9;SKN;61-1015M;196;LAPSUS-LU;lu — annoncé sous Apocalypse 2:9;CONCEPT
Apocalypse 21:0;SKN;61-1015M;201;VALIDE;chap->v.2: nouvelle jerusalem ciel daupres dieu preparee epouse;CONCEPT
Hebreux 6:4;SKN;61-1015M;58;EXACT;impossible ceux ont fois eclaires goute don celeste [couverture 8/13];CONCEPT
Hebreux 6:4;SKN;61-1015M;59;EXACT;impossible ceux ont fois eclaires goute don celeste [couverture 10/13];CONCEPT
Hebreux 6:4;SKN;61-1015M;60;EXACT;impossible ceux ont fois eclaires goute don celeste [couverture 10/13];CONCEPT
Hebreux 10:0;SKN;61-1015M;59;VALIDE;chap->v.26: pechons volontairement apres recu connaissance verite reste sacrifice;CONCEPT
Hebreux 10:0;SKN;61-1015M;64;VALIDE;chap->v.28: loi moise meurt misericorde deposition deux trois temoins;CONCEPT
Hebreux 10:26;SKN;61-1015M;59;VALIDE;pechons volontairement apres recu connaissance verite reste sacrifice;CONCEPT
Jean 21:15;SKN;61-1015M;79;VALIDE;quils jesus pierre ceux lui seigneur;CONCEPT
Matthieu 5:0;SKN;61-1015M;170;VALIDE;chap->v.32: dis femme cause fornication adultere femme repudiee;CONCEPT
Matthieu 16:9;SKN;61-1015M;192;VALIDE;cinq pains hommes combien paniers avez;CONCEPT
Matthieu 16:9;SKN;61-1015M;193;VALIDE;cinq pains hommes combien paniers avez;CONCEPT
Matthieu 16:10;SKN;61-1015M;193;VALIDE;sept pains hommes combien corbeilles avez;CONCEPT
Matthieu 28:19;SKN;61-1015M;40;EXACT;allez faites disciples nations baptisant nom pere fils [couverture 9/10];CONCEPT
Actes 2:38;SKN;61-1119;305;EXACT;pierre chacun baptise nom jesus peches don [couverture 7/14];CONCEPT
Actes 2:38;SKN;61-1119;313;EXACT;repentez chacun baptise nom jesus peches don saint [couverture 8/14];CONCEPT
Exode 4:14;SKN;61-1119;182;EXACT;alors colere contre moise frere voici [couverture 6/14];CONCEPT
Hebreux 11:34;SKN;61-1119;117;EXACT;faibles etaient furent rendus vigoureux forts [couverture 6/14];CONCEPT
Psaumes 22:0;SKN;61-1119;320;VALIDE;chap->v.1: dieu dieu pourquoi abandonne tenant paroles;CONCEPT
Actes 2:38;SKN;62-0318E;1;VALIDE;pierre repentez chacun soit baptise nom jesus christ;LECTURE
Actes 10:48;SKN;62-0318E;1;VALIDE;quils soient baptises nom seigneur alors demeurer quelques;LECTURE
Actes 20:0;SKN;62-0318E;1;VALIDE;chap->v.18: furent venus lui savez quelle maniere suis conduit;LECTURE
Apocalypse 13:16;SKN;62-0318E;1;VALIDE;qua petits grands pauvres donne marque main front;LECTURE
Apocalypse 17:0;SKN;62-0318E;1;VALIDE;chap->v.10: sept rois cinq lun lautre nest venu sera;LECTURE
Ephesiens 5:22;SKN;62-0318E;1;VALIDE;femmes soyez vos seigneur;LECTURE
Ephesiens 5:23;SKN;62-0318E;1;VALIDE;parce mari chef femme christ lassemblee lui sauveur;LECTURE
Esaie 9:6;SKN;62-0318E;1;EXACT;enfant fils donne gouvernement sera epaule appellera nom [couverture 5/14];LECTURE
Esaie 54:1;SKN;62-0318E;1;VALIDE;exulte sterile nenfantais eclate chants triomphe pousse cris;LECTURE
Esaie 54:53;SKN;62-0318E;1;LAPSUS;annoncé — dit en réalité esaie 54:1;LECTURE
esaie 54:1;SKN;62-0318E;1;LAPSUS-LU;lu — annoncé sous Esaie 54:53;LECTURE
Galates 1:8;SKN;62-0318E;1;VALIDE;memes ange venu ciel outre avons quil soit;LECTURE
Genese 1:0;SKN;62-0318E;1;VALIDE;chap->v.31: dieu vit quil avait voici cela etait bon;LECTURE
Genese 1:11;SKN;62-0318E;1;VALIDE;dieu terre produise plante semence fruit selon espece;LECTURE
Hebreux 6:0;SKN;62-0318E;1;VALIDE;chap->v.4: impossible ceux ont fois eclaires ont goute don;LECTURE
Hebreux 13:8;SKN;62-0318E;1;VALIDE;jesus christ meme hier aujourdhui eternellement;LECTURE
Jean 3:16;SKN;62-0318E;1;EXACT;dieu tant aime monde quil donne fils unique [couverture 5/14];LECTURE
Jean 5:19;SKN;62-0318E;1;EXACT;jesus verite dis fils rien lui meme quil [couverture 6/14];LECTURE
Jean 6:0;SKN;62-0318E;1;VALIDE;chap->v.32: jesus verite verite dis moise donne pain vient;LECTURE
Jean 13:20;SKN;62-0318E;1;VALIDE;verite dis celui recoit quelquun jenvoie envoye;LECTURE
Jean 14:12;SKN;62-0318E;1;EXACT;verite dis celui croit moi fera lui fais [couverture 5/14];LECTURE
Jean 15:16;SKN;62-0318E;1;VALIDE;nest choisi cest moi choisis etablis afin fruit;LECTURE
Jean 20:0;SKN;62-0318E;1;VALIDE;chap->v.17: jesus lui touche suis monte pere mes freres;LECTURE
Joel 2:28;SKN;62-0318E;1;VALIDE;arrivera apres cela esprit chair vos fils filles;LECTURE
Luc 10:16;SKN;62-0318E;1;VALIDE;celui ecoute mecoute rejette envoye;LECTURE
Malachie 3:0;SKN;62-0318E;1;VALIDE;chap->v.16: alors ceux leternel ont parle lun lautre leternel;LECTURE
Malachie 4:0;SKN;62-0318E;1;VALIDE;chap->v.5: voici envoie elie prophete avant vienne grand terrible;LECTURE
Marc 1:22;SKN;62-0318E;1;VALIDE;doctrine enseignait ayant autorite scribes;LECTURE
Matthieu 16:0;SKN;62-0318E;1;VALIDE;chap->v.19: donnerai royaume cieux lieras terre sera lie cieux;LECTURE
Matthieu 16:19;SKN;62-0318E;1;VALIDE;donnerai royaume cieux lieras terre sera lie delieras;LECTURE
Matthieu 24:0;SKN;62-0318E;1;VALIDE;chap->v.21: alors aura grande tribulation telle quil depuis commencement;LECTURE
Matthieu 28:18;SKN;62-0318E;1;VALIDE;jesus sapprochant parla disant autorite donnee ciel terre;LECTURE
Matthieu 28:19;SKN;62-0318E;1;VALIDE;allez faites disciples nations nom pere fils saint;LECTURE
Romains 11:29;SKN;62-0318E;1;VALIDE;dons grace lappel dieu repentir;LECTURE
Actes 2:38;SKN;62-0318M;28;VALIDE;pierre repentez chacun soit baptise nom jesus christ;CONCEPT
Actes 19:0;SKN;62-0318M;28;VALIDE;chap->v.4: paul jean baptise bapteme repentance disant peuple quils;CONCEPT
Apocalypse 21:0;SKN;62-0318M;28;VALIDE;chap->v.1: vis nouveau ciel nouvelle terre premier ciel premiere;CONCEPT
Genese 1:0;SKN;62-0318M;28;VALIDE;chap->v.31: dieu vit quil avait voici cela etait bon;CONCEPT
Genese 1:1;SKN;62-0318M;28;VALIDE;commencement dieu crea cieux terre;CONCEPT
Genese 1:11;SKN;62-0318M;28;VALIDE;dieu terre produise plante semence larbre fruitier fruit;CONCEPT
Genese 17:0;SKN;62-0318M;28;VALIDE;chap->v.7: jetablirai alliance moi toi semence apres toi alliance;CONCEPT
Jean 3:0;SKN;62-0318M;28;VALIDE;chap->v.18: celui croit lui nest juge celui croit deja;CONCEPT
Jean 3:5;SKN;62-0318M;28;VALIDE;jesus repondit verite dis quelquun nest deau lesprit;CONCEPT
Jean 3:14;SKN;62-0318M;28;VALIDE;moise eleva serpent desert ainsi faut fils lhomme;CONCEPT
Jean 5:19;SKN;62-0318M;28;VALIDE;jesus repondit verite dis fils rien lui meme;CONCEPT
Jean 14:12;SKN;62-0318M;28;VALIDE;verite dis celui croit moi fera lui fais;CONCEPT
Joel 2:0;SKN;62-0318M;28;VALIDE;chap->v.27: saurez suis milieu moi leternel suis dieu quil;CONCEPT
Matthieu 24:0;SKN;62-0318M;28;VALIDE;chap->v.21: alors aura grande tribulation telle quil depuis commencement;CONCEPT
Matthieu 24:35;SKN;62-0318M;28;VALIDE;ciel terre passeront mes paroles;CONCEPT
Matthieu 28:19;SKN;62-0318M;28;VALIDE;allez faites disciples nations baptisant nom pere fils;CONCEPT
Actes 2:38;SKN;62-0610M;16;EXACT;pierre repentez soit baptise nom jesus don saint [couverture 6/14];CONCEPT
Deuteronome 18:22;SKN;62-0610M;87;VALIDE;prophete nom chose cest parole;CONCEPT
Deuteronome 18:22;SKN;62-0610M;90;VALIDE;prophete chose cest parole dite;CONCEPT
Ephesiens 1:0;SKN;62-0610M;77;VALIDE;chap->v.1: paul jesus christ dieu christ jesus;CONCEPT
Ephesiens 1:5;SKN;62-0610M;77;VALIDE;predestines jesus christ selon bon;CONCEPT
Galates 1:8;SKN;62-0610M;66;EXACT;ange venu ciel quil soit anatheme [couverture 6/11];CONCEPT
Hebreux 6:0;SKN;62-0610M;73;VALIDE;chap->v.4: ceux ont fois ont don saint;CONCEPT
Jean 14:12;SKN;62-0610M;87;VALIDE;dis celui croit moi fera lui fais men;CONCEPT
Jean 15:0;SKN;62-0610M;73;VALIDE;chap->v.2: sarment fruit sarment fruit quil fruit;CONCEPT
Joel 2:28;SKN;62-0610M;95;VALIDE;cela repandrai esprit chair vos fils filles prophetiseront;CONCEPT
Marc 16:0;SKN;62-0610M;87;VALIDE;chap->v.17: accompagneront ceux auront cru nom chasseront demons parleront;CONCEPT
Nombres 14:0;SKN;62-0610M;37;VALIDE;chap->v.44: sobstinerent monter sommet montagne larche lalliance leternel moise;CONCEPT
Nombres 14:41-45;SKN;62-0610M;39;EXACT;moise pourquoi transgressez ainsi leternel cela reussira montez [couverture 7/8];CONCEPT
Actes 2:38;SKN;62-0714;97;VALIDE;repentez chacun soit baptise nom jesus peches recevrez;CONCEPT
Hebreux 13:8;SKN;62-0714;97;VALIDE;jesus meme hier aujourdhui eternellement;CONCEPT
Jean 14:12;SKN;62-0714;91;EXACT;dis celui croit moi fera lui fais parce [couverture 6/14];CONCEPT
Malachie 4:0;SKN;62-0714;55;VALIDE;chap->v.1: jour vient jour vient;CONCEPT
Marc 16:0;SKN;62-0714;93;VALIDE;chap->v.16: celui aura cru aura baptise sera sauve celui;CONCEPT
Actes 2:38;SKN;62-1014E;103;EXACT;pierre repentez chacun soit baptise nom jesus christ [couverture 11/14];CONCEPT
Ephesiens 4:30;SKN;62-1014E;2;EXACT;nattristez saint dieu lequel avez scelles jour redemption [couverture 8/9];LECTURE
Exode 13:21;SKN;62-1014E;49;EXACT;devant eux jour colonne nuee chemin nuit feu [couverture 9/14];CONCEPT
Marc 16:0;SKN;62-1014E;104;VALIDE;chap->v.16: celui cru baptise sera celui cru sera;CONCEPT
Actes 2:38;SKN;62-1123;72;VALIDE;pierre repentez chacun baptise nom jesus peches don;CONCEPT
Hebreux 13:8;SKN;62-1123;85;VALIDE;jesus christ meme hier aujourdhui eternellement;CONCEPT
Jean 5:19;SKN;62-1123;98;EXACT;verite dis fils rien lui meme quil chose [couverture 7/14];CONCEPT
Jean 12:4;SKN;62-1123;49;PARTIEL;commencé, pas achevé — fils;CONCEPT
Jeremie 8:22;SKN;62-1123;9;EXACT;baume galaad medecin pourquoi fille peuple [couverture 6/9];LECTURE
Psaumes 22:0;SKN;62-1123;53;VALIDE;chap->v.16: mont ont perce mes mains mes pieds;CONCEPT
Actes 2:38;SKN;62-1125M;101;VALIDE;chacun soit don saint;CONCEPT
Actes 2:38;SKN;63-0421;99;VALIDE;pierre baptise don saint;CONCEPT
Genese 22:0;SKN;63-0421;106;VALIDE;chap->v.7: isaac abraham pere pere voici fils voici bois;CONCEPT
Hebreux 11:0;SKN;63-0421;18;VALIDE;chap->v.4: foi abel offrit dieu excellent sacrifice cain sacrifice;CONCEPT
Jacques 5:14;SKN;63-0421;116;VALIDE;parmi malade anciens lui nom seigneur;CONCEPT
Matthieu 24:0;SKN;63-0421;54;VALIDE;chap->v.7: nation contre nation royaume contre royaume aura terre;CONCEPT
Actes 2:38;SKN;63-1124E;146;EXACT;repentez chacun soit baptise nom jesus peches recevrez [couverture 10/14];CONCEPT
Esaie 35:0;SKN;63-1124E;34;VALIDE;chap->v.8: aura grande route chemin sera appele chemin passera;CONCEPT
Jean 6:0;SKN;63-1124E;26;VALIDE;chap->v.64: quelques croient jesus savait commencement etaient ceux croyaient;CONCEPT
Jean 6:60;SKN;63-1124E;22;PARTIEL;commencé, pas achevé — parole;CONCEPT
Jean 15:0;SKN;63-1124E;199;VALIDE;chap->v.4: demeurez moi moi lui meme demeure meme pouvez;CONCEPT
Matthieu 10:0;SKN;63-1124E;101;VALIDE;chap->v.41: prophete prophete prophete juste juste;CONCEPT
Psaumes 22:0;SKN;63-1124E;109;VALIDE;chap->v.1: dieu dieu pourquoi abandonne paroles;CONCEPT
Romains 4:0;SKN;63-1124E;64;VALIDE;chap->v.20: promesse dieu incredulite fut fortifie donnant gloire dieu;CONCEPT
Actes 2:38;SKN;63-1127;160;VALIDE;soit don saint;CONCEPT
Deuteronome 4:0;SKN;63-1127;25;VALIDE;chap->v.9: seulement prends garde toi garde ame peur noublies;CONCEPT
Ephesiens 4:30;SKN;63-1127;201;EXACT;nattristez saint dieu lequel avez scelles jour redemption [couverture 8/9];CONCEPT
Esaie 9:6;SKN;63-1127;103;EXACT;enfant fils donne epaule conseiller dieu pere [couverture 7/14];CONCEPT
Esaie 9:6;SKN;63-1127;150;PARTIEL;commencé, pas achevé — sera dieu;CONCEPT
Hebreux 4:0;SKN;63-1127;207;VALIDE;chap->v.12: parole dieu epee deux tranchants;CONCEPT
Hebreux 11:0;SKN;63-1127;128;VALIDE;chap->v.12: cest dun seul dun nes gens etoiles;CONCEPT
Hebreux 13:8;SKN;63-1127;97;EXACT;jesus meme hier aujourdhui eternellement [couverture 5/6];CONCEPT
Hebreux 13:8;SKN;63-1127;147;EXACT;jesus christ meme hier aujourdhui eternellement [couverture 6/6];CONCEPT
Jean 12:14;SKN;63-1127;202;PARTIEL;commencé, pas achevé — quil;CONCEPT
Malachie 3:0;SKN;63-1127;16;VALIDE;chap->v.14: dites cest dieu quel quil;CONCEPT
Actes 2:38;SKN;64-0427;67;VALIDE;pierre repentez chacun baptise nom jesus christ peches;CONCEPT
Deuteronome 18:15;SKN;64-0427;72;VALIDE;leternel dieu suscitera prophete moi toi;CONCEPT
Ezechiel 2:1;SKN;64-0427;72;PARTIEL;commencé, pas achevé — fils toi;CONCEPT
Hebreux 13:8;SKN;64-0427;25;VALIDE;jesus meme hier aujourdhui;CONCEPT
Jacques 5:14;SKN;64-0427;19;VALIDE;quelquun parmi malade quil appelle anciens quils prient;CONCEPT
Jacques 5:14;SKN;64-0427;20;EXACT;quelquun parmi malade quil appelle anciens quils prient [couverture 10/14];CONCEPT
Jacques 5:14;SKN;64-0427;22;VALIDE;quelquun malade quil quils lui dhuile;CONCEPT
Jacques 5:14;SKN;64-0427;31;VALIDE;quelquun malade quil quils lui dhuile;CONCEPT
Jean 3:16;SKN;64-0427;85;EXACT;dieu monde quil fils lui [couverture 6/14];CONCEPT
Jean 14:5;SKN;64-0427;65;VALIDE;lui seigneur comment savoir;CONCEPT
Jean 14:12;SKN;64-0427;7;VALIDE;verite dis moi lui grandes;LECTURE
Luc 17:0;SKN;64-0427;70;VALIDE;chap->v.30: sera meme jour fils lhomme sera manifeste;CONCEPT
Luc 17:23;SKN;64-0427;25;PARTIEL;commencé, pas achevé — ici;CONCEPT
Malachie 3:0;SKN;64-0427;78;VALIDE;chap->v.1: jenvoie messager chemin devant moi seigneur;CONCEPT
Malachie 4:0;SKN;64-0427;76;VALIDE;chap->v.5: envoie prophete avant jour;CONCEPT
Malachie 4:0;SKN;64-0427;78;VALIDE;chap->v.6: peres fils fils peres frappe;CONCEPT
Marc 4:0;SKN;64-0427;25;VALIDE;chap->v.15: ici ceux parole ont entendu satan vient parole;CONCEPT
Marc 6:0;SKN;64-0427;7;VALIDE;chap->v.14: parler lui nom etait jean ressuscite dentre morts;LECTURE
Marc 11:0;SKN;64-0427;22;VALIDE;chap->v.33: jesus savons jesus moi dis quelle choses;CONCEPT
Marc 11:22;SKN;64-0427;22;VALIDE;jesus foi dieu;CONCEPT
Marc 16:0;SKN;64-0427;7;VALIDE;chap->v.12: apres choses autre forme deux dentre eux chemin;LECTURE
Marc 16:0;SKN;64-0427;12;VALIDE;chap->v.16: aura aura sera naura sera;LECTURE
Marc 16:0;SKN;64-0427;18;VALIDE;chap->v.6: lui nest ici voici mis;CONCEPT
Marc 16:0;SKN;64-0427;20;VALIDE;chap->v.6: lui jesus nest ici voici mis;CONCEPT
Marc 16:0;SKN;64-0427;22;VALIDE;chap->v.6: lui jesus nest ici voici mis;CONCEPT
Marc 16:0;SKN;64-0427;31;VALIDE;chap->v.18: quelque chose cela imposeront mains ceux;CONCEPT
Marc 16:0;SKN;64-0427;67;VALIDE;chap->v.16: celui baptise sera sauve celui sera condamne;CONCEPT
Marc 16:0;SKN;64-0427;85;VALIDE;chap->v.18: auront quelque chose cela imposeront mains infirmes ceux;CONCEPT
Marc 16:0;SKN;64-0427;94;VALIDE;chap->v.17: ici signes accompagneront ceux auront cru nom;CONCEPT
Actes 2:38;SKN;65-0219;96;EXACT;pierre chacun baptise nom jesus remission peches recevrez [couverture 10/14];CONCEPT
Apocalypse 3:0;SKN;65-0219;141;VALIDE;chap->v.17: parce dis suis riche suis besoin rien malheureux;CONCEPT
Apocalypse 10:0;SKN;65-0219;165;VALIDE;chap->v.7: septieme ange sera mystere dieu sera;CONCEPT
Daniel 12:4;SKN;65-0219;133;PARTIEL;commencé, pas achevé — daniel connaissance;CONCEPT
Esaie 40:0;SKN;65-0219;115;VALIDE;chap->v.24: meme meme meme eux;CONCEPT
Esaie 61:0;SKN;65-0219;43;VALIDE;chap->v.1: seigneur moi parce apporter;CONCEPT
Esaie 61:0;SKN;65-0219;44;VALIDE;chap->v.1: seigneur moi parce apporter;CONCEPT
Esaie 61:1-2;SKN;65-0219;44;VALIDE;seigneur moi parce apporter ont;CONCEPT
Genese 1:0;SKN;65-0219;205;VALIDE;chap->v.5: dieu appela jour appela soir jour;CONCEPT
Genese 23:0;SKN;65-0219;189;VALIDE;chap->v.16: avait parle fils;CONCEPT
Hebreux 13:8;SKN;65-0219;242;PARTIEL;commencé, pas achevé — meme hier;CONCEPT
Jean 5:19;SKN;65-0219;77;EXACT;jesus verite dis fils rien lui meme chose [couverture 10/14];CONCEPT
Jean 16:0;SKN;65-0219;34;VALIDE;chap->v.27: moi suis dieu;CONCEPT
Joel 2:38;SKN;65-0219;124;LAPSUS;annoncé — dit en réalité actes 2:38;CONCEPT
actes 2:38;SKN;65-0219;124;LAPSUS-LU;lu — annoncé sous Joel 2:38;CONCEPT
Luc 17:30;SKN;65-0219;196;EXACT;sera meme jour fils [couverture 5/7];CONCEPT
Malachie 4:0;SKN;65-0219;152;VALIDE;chap->v.6: retourner cur peres fils cur fils peres;CONCEPT
Matthieu 24:0;SKN;65-0219;132;VALIDE;chap->v.7: nation contre nation royaume contre royaume terre;CONCEPT
Matthieu 24:0;SKN;65-0219;149;VALIDE;chap->v.7: nation contre nation contre tremblements terre divers;CONCEPT
Actes 2:38;SKN;65-0221M;183;EXACT;pierre baptise nom jesus don saint [couverture 5/14];CONCEPT
Apocalypse 10:0;SKN;65-0221M;58;VALIDE;chap->v.7: jours septieme ange sera sonner trompette mystere dieu;CONCEPT
Esaie 53:0;SKN;65-0221M;99;VALIDE;chap->v.7: ouvert bouche ceux ouvert bouche;CONCEPT
Ezechiel 44:22;SKN;65-0221M;156;EXACT;femme veuve vierge sacrificateur [couverture 6/14];CONCEPT
Genese 3:0;SKN;65-0221M;70;VALIDE;chap->v.1: etait dieu avait femme dieu;CONCEPT
Genese 3:0;SKN;65-0221M;141;VALIDE;chap->v.19: sueur visage mangeras pain retournes sol lui pris;CONCEPT
Genese 3:16;SKN;65-0221M;71;PARTIEL;commencé, pas achevé — femme mari;CONCEPT
Genese 3:16;SKN;65-0221M;143;EXACT;femme tes souffrances grossesse enfanteras enfants desir sera [couverture 9/14];CONCEPT
Job 14:0;SKN;65-0221M;153;VALIDE;chap->v.13: temps puis moi;CONCEPT
Levitique 21:7;SKN;65-0221M;156;EXACT;femme sacrificateur dieu [couverture 5/13];CONCEPT
Luc 17:0;SKN;65-0221M;35;VALIDE;chap->v.4: fois jour contre fois lui;CONCEPT
Matthieu 5:0;SKN;65-0221M;157;VALIDE;chap->v.32: moi dis quiconque repudiera femme cause fornication adultere;CONCEPT
Matthieu 5:32;SKN;65-0221M;158;EXACT;moi dis quiconque repudiera femme cause fornication adultere [couverture 10/14];CONCEPT
Matthieu 16:18;SKN;65-0221M;185;VALIDE;dis pierre batirai portes;CONCEPT
Matthieu 28:19;SKN;65-0221M;183;EXACT;faites disciples nations baptisant nom pere fils saint [couverture 8/10];CONCEPT
Matthieu 28:19;SKN;65-0221M;184;EXACT;faites disciples nations baptisant nom pere fils saint [couverture 8/10];CONCEPT
Romains 9:0;SKN;65-0221M;109;VALIDE;chap->v.17: pharaon cela meme tai suscite montrer toi puissance;CONCEPT
Romains 9:14;SKN;65-0221M;109;PARTIEL;commencé, pas achevé — dirons dieu;CONCEPT
Actes 2:38;SKN;65-0711;82;VALIDE;soit nom jesus don saint esprit;CONCEPT
Genese 24:7;SKN;65-0711;50;VALIDE;dieu pris maison jure lui;CONCEPT
Luc 24:49;SKN;65-0711;105;EXACT;voici moi jenvoie promesse pere ville jusqua soyez [couverture 12/13];CONCEPT
Marc 16:0;SKN;65-0711;84;VALIDE;chap->v.6: lui jesus ici voici lieu mis;CONCEPT
Actes 2:38;VGR;54-1219E;35;EXACT;pierre repentez chacun soit baptise nom jesus peches [couverture 11/14];CONCEPT
Jean 5:0;VGR;54-1219E;124;VALIDE;chap->v.24: celui parole croit celui envoye vie eternelle passe;CONCEPT
Romains 8:1;VGR;54-1219E;78;EXACT;maintenant aucune condamnation ceux christ jesus [couverture 6/6];CONCEPT
Actes 2:38;VGR;57-0825E;208;EXACT;pierre repentez chacun baptise nom jesus christ peches [couverture 12/14];CONCEPT
Actes 10:5;VGR;57-0825E;209;PARTIEL;commencé, pas achevé — pierre;CONCEPT
Actes 10:49;VGR;57-0825E;208;LAPSUS;annoncé — dit en réalité actes 10:48;CONCEPT
actes 10:48;VGR;57-0825E;208;LAPSUS-LU;lu — annoncé sous Actes 10:49;CONCEPT
Matthieu 28:18;VGR;57-0825E;121;VALIDE;jesus parla ciel terre;CONCEPT
Matthieu 28:19;VGR;57-0825E;203;EXACT;allez faites disciples nations nom pere fils saint [couverture 9/10];CONCEPT
Psaumes 8:46;VGR;57-0825E;119;LAPSUS;annoncé — dit en réalité psaumes 8:4;CONCEPT
psaumes 8:4;VGR;57-0825E;119;LAPSUS-LU;lu — annoncé sous Psaumes 8:46;CONCEPT
Actes 2:38;VGR;59-0628M;81;VALIDE;christ don saint;CONCEPT
Marc 16:0;VGR;59-0628M;81;VALIDE;chap->v.6: lui ressuscite ici voici mis;CONCEPT
Actes 2:38;VGR;60-0626;89;EXACT;repentez baptise nom jesus remission peches saint [couverture 7/14];CONCEPT
Actes 19:0;VGR;60-0626;166;VALIDE;chap->v.2: avez recu saint apres cru lui meme saint;CONCEPT
Esaie 35:0;VGR;60-0626;244;VALIDE;chap->v.8: grande route chemin chemin ceux ceux;CONCEPT
Genese 1:26;VGR;60-0626;111;VALIDE;dieu image cieux terre;CONCEPT
Actes 2:38;VGR;60-1207;183;EXACT;pierre chacun baptise nom jesus christ don saint [couverture 8/14];CONCEPT
Apocalypse 17:0;VGR;60-1207;112;VALIDE;chap->v.4: etait dor main dor;CONCEPT
Apocalypse 17:0;VGR;60-1207;135;VALIDE;chap->v.13: ceux ont meme pouvoir;CONCEPT
Hebreux 4:0;VGR;60-1207;85;VALIDE;chap->v.12: parole dieu vivante epee deux tranchants;CONCEPT
Hebreux 4:12;VGR;60-1207;85;EXACT;parole dieu vivante epee deux tranchants [couverture 6/14];CONCEPT
Jean 1:0;VGR;60-1207;85;VALIDE;chap->v.1: commencement etait parole parole etait dieu parole etait;CONCEPT
Matthieu 28:19;VGR;60-1207;254;VALIDE;pere fils saint esprit;CONCEPT
Nombres 22:0;VGR;60-1207;199;VALIDE;chap->v.20: dieu balaam lui leve toi eux;CONCEPT
Nombres 23:9;VGR;60-1207;229;EXACT;sommet rochers contemple cest peuple sera nations [couverture 7/14];CONCEPT
Actes 2:38;VGR;60-1218;403;EXACT;repentez chacun baptise nom jesus remission peches recevrez [couverture 10/14];CONCEPT
Apocalypse 21:0;VGR;60-1218;234;VALIDE;chap->v.1: vis nouveau ciel nouvelle terre premier ciel premiere;CONCEPT
Genese 22:0;VGR;60-1218;330;VALIDE;chap->v.12: main lui rien maintenant sais dieu mas fils;CONCEPT
Hebreux 11:0;VGR;60-1218;331;VALIDE;chap->v.17: foi abraham isaac avait recu offrit fils unique;CONCEPT
Hebreux 11:17;VGR;60-1218;331;EXACT;foi abraham isaac avait recu offrit fils unique [couverture 8/13];CONCEPT
Hebreux 13:12;VGR;60-1218;381;VALIDE;cest jesus quil;CONCEPT
Jean 5:19;VGR;60-1218;368;EXACT;dis fils rien lui meme quil chose pere [couverture 8/14];CONCEPT
Jean 14:12;VGR;60-1218;372;EXACT;dis celui lui uvres fais grandes men vais [couverture 6/14];CONCEPT
Jean 15:0;VGR;60-1218;285;VALIDE;chap->v.4: demeurez moi moi lui quil demeure pouvez;CONCEPT
Marc 16:0;VGR;60-1218;373;VALIDE;chap->v.17: ici signes accompagneront ceux auront cru chasseront demons;CONCEPT
Marc 16:0;VGR;60-1218;422;VALIDE;chap->v.16: celui aura aura baptise sera sauve celui naura;CONCEPT
Marc 16:0;VGR;60-1218;469;VALIDE;chap->v.18: chose cela mains ceux;CONCEPT
Matthieu 10:0;VGR;60-1218;421;VALIDE;chap->v.37: celui moi nest moi celui moi nest;CONCEPT
Matthieu 17:0;VGR;60-1218;378;VALIDE;chap->v.1: apres six jours jesus lui pierre jacques jean;CONCEPT
Matthieu 24:35;VGR;60-1218;227;PARTIEL;commencé, pas achevé — terre passeront;CONCEPT
Matthieu 24:35;VGR;60-1218;233;VALIDE;ciel terre passeront;CONCEPT
Actes 2:38;VGR;60-1225;57;EXACT;repentez chacun baptise nom jesus christ peches recevrez [couverture 10/14];CONCEPT
Actes 10:35;VGR;60-1225;124;PARTIEL;commencé, pas achevé — nation craint;CONCEPT
Apocalypse 1:20;VGR;60-1225;130;PARTIEL;commencé, pas achevé — etoiles;CONCEPT
Apocalypse 20:0;VGR;60-1225;130;VALIDE;chap->v.1: vis grande main;CONCEPT
Luc 2:7;VGR;60-1225;12;VALIDE;monde fils premier lemmaillota coucha creche parce quil;LECTURE
Matthieu 1:5;VGR;60-1225;24;PARTIEL;commencé, pas achevé — salmon;CONCEPT
Actes 2:38;VGR;61-0108;228;EXACT;pierre repentez chacun baptise nom jesus peches saint [couverture 8/14];CONCEPT
Actes 2:38;VGR;61-0108;325;EXACT;pierre repentez chacun soit baptise nom jesus don [couverture 9/14];CONCEPT
Actes 2:38;VGR;61-0108;333;EXACT;repentez chacun soit baptise nom jesus christ don [couverture 9/14];CONCEPT
Actes 2:38;VGR;61-0108;350;VALIDE;jesus don saint;CONCEPT
Actes 19:0;VGR;61-0108;166;VALIDE;chap->v.2: avez recu saint apres cru lui meme entendu;CONCEPT
Apocalypse 1:0;VGR;61-0108;128;VALIDE;chap->v.20: sept etoiles sept lampes sept etoiles sept sept;CONCEPT
Apocalypse 2:5;VGR;61-0108;195;PARTIEL;commencé, pas achevé — uvres;CONCEPT
Apocalypse 3:0;VGR;61-0108;70;VALIDE;chap->v.20: voici porte entend voix quil porte lui lui;CONCEPT
Apocalypse 4:0;VGR;61-0108;116;VALIDE;chap->v.5: trone eclairs voix tonnerres sept devant trone sept;CONCEPT
Apocalypse 4:0;VGR;61-0108;253;VALIDE;chap->v.6: trone verre trone trone;CONCEPT
Apocalypse 4:1;VGR;61-0108;72;EXACT;apres choses voici porte ouverte ciel voix entendue [couverture 8/14];CONCEPT
Apocalypse 5:0;VGR;61-0108;254;VALIDE;chap->v.11: voix beaucoup danges trone anciens;CONCEPT
Apocalypse 11:13;VGR;61-0108;246;PARTIEL;commencé, pas achevé — partie;CONCEPT
Apocalypse 15:0;VGR;61-0108;192;VALIDE;chap->v.2: mer verre feu ceux avaient bete image nombre;CONCEPT
Apocalypse 15:0;VGR;61-0108;195;VALIDE;chap->v.2: vis mer verre melee feu ceux avaient bete;CONCEPT
Apocalypse 22:0;VGR;61-0108;193;VALIDE;chap->v.8: cest moi jean entendu entendu terre;CONCEPT
Ephesiens 4:30;VGR;61-0108;207;EXACT;nattristez saint esprit dieu lequel avez scelles jour [couverture 8/9];CONCEPT
Ephesiens 5:0;VGR;61-0108;160;VALIDE;chap->v.21: soumis uns autres crainte;CONCEPT
Esaie 6:0;VGR;61-0108;274;VALIDE;chap->v.1: lannee mort roi ozias vis seigneur assis trone;CONCEPT
Esaie 9:6;VGR;61-0108;333;EXACT;enfant fils donne nom dieu pere [couverture 6/14];CONCEPT
Exode 19:16;VGR;61-0108;109;VALIDE;quil montagne trompette;CONCEPT
Exode 25:10;VGR;61-0108;299;PARTIEL;commencé, pas achevé — deux dune;CONCEPT
Genese 1:0;VGR;61-0108;78;VALIDE;chap->v.2: terre etait vide avait labime lesprit dieu eaux;CONCEPT
Genese 3:24;VGR;61-0108;280;VALIDE;chassa lhomme lorient jardin deden cherubins garder chemin;CONCEPT
Genese 4:16;VGR;61-0108;294;PARTIEL;commencé, pas achevé — cain;CONCEPT
Genese 49:0;VGR;61-0108;316;VALIDE;chap->v.28: douze tribus disrael cest pere chacun;CONCEPT
Jean 14:12;VGR;61-0108;337;LAPSUS;annoncé — dit en réalité Luc 10:1;CONCEPT
Luc 10:1;VGR;61-0108;337;LAPSUS-LU;lu — annoncé sous Jean 14:12;CONCEPT
Jean 14:12;VGR;61-0108;348;EXACT;verite dis celui croit moi fera uvres fais [couverture 12/14];CONCEPT
Jean 15:7;VGR;61-0108;352;EXACT;demeurez moi mes paroles demeurent voudrez sera [couverture 7/8];CONCEPT
Levitique 16:0;VGR;61-0108;101;VALIDE;chap->v.14: prendra sang taureau fera doigt devant propitiatoire lorient;CONCEPT
Levitique 16:14;VGR;61-0108;101;EXACT;prendra sang taureau fera doigt devant propitiatoire lorient [couverture 11/14];CONCEPT
Luc 10:1;VGR;61-0108;338;EXACT;choses seigneur deux devant meme [couverture 5/14];CONCEPT
Luc 10:1;VGR;61-0108;361;PARTIEL;commencé, pas achevé — apres lui;CONCEPT
Luc 11:29;VGR;61-0108;338;LAPSUS;annoncé — dit en réalité Luc 10:1;CONCEPT
Luc 10:1;VGR;61-0108;338;LAPSUS-LU;lu — annoncé sous Luc 11:29;CONCEPT
Luc 11:29;VGR;61-0108;367;EXACT;mit generation mechante demande signe sera donne jonas [couverture 10/14];CONCEPT
Luc 11:29;VGR;61-0108;368;EXACT;mit generation mechante demande signe sera donne nest [couverture 9/14];CONCEPT
Luc 24:49;VGR;61-0108;228;VALIDE;voici soyez den;CONCEPT
Marc 11:21;VGR;61-0108;338;PARTIEL;commencé, pas achevé — voici;CONCEPT
Marc 11:21;VGR;61-0108;359;EXACT;pierre setait passe lui rabbi voici figuier maudit [couverture 8/10];CONCEPT
Marc 16:0;VGR;61-0108;338;VALIDE;chap->v.6: jesus ici voici mis;CONCEPT
Marc 16:0;VGR;61-0108;354;VALIDE;chap->v.14: tard apparut onze etaient table reprocha incredulite durete;CONCEPT
Matthieu 1:0;VGR;61-0108;333;VALIDE;chap->v.18: naissance jesus christ arriva mere marie fiancee joseph;CONCEPT
Matthieu 1:18;VGR;61-0108;333;EXACT;naissance jesus christ arriva mere marie fiancee joseph [couverture 11/14];CONCEPT
Matthieu 10:0;VGR;61-0108;339;VALIDE;chap->v.2: ici douze apotres appele frere jean;CONCEPT
Matthieu 10:1;VGR;61-0108;336;LAPSUS;annoncé — dit en réalité Actes 2:38;CONCEPT
Actes 2:38;VGR;61-0108;336;LAPSUS-LU;lu — annoncé sous Matthieu 10:1;CONCEPT
Matthieu 10:1;VGR;61-0108;339;EXACT;ayant appele douze disciples donna [couverture 5/12];CONCEPT
Matthieu 10:1;VGR;61-0108;341;EXACT;ayant appele douze disciples donna esprits chasser guerir [couverture 9/12];CONCEPT
Matthieu 10:1;VGR;61-0108;347;LAPSUS;annoncé — dit en réalité Jean 14:12;CONCEPT
Jean 14:12;VGR;61-0108;347;LAPSUS-LU;lu — annoncé sous Matthieu 10:1;CONCEPT
Matthieu 11:0;VGR;61-0108;358;VALIDE;chap->v.27: mont pere fils nest pere pere nest fils;CONCEPT
Matthieu 17:0;VGR;61-0108;275;VALIDE;chap->v.5: voici voici voix jai;CONCEPT
Matthieu 21:0;VGR;61-0108;359;VALIDE;chap->v.21: jesus verite dis foi figuier montagne ote;CONCEPT
Matthieu 28:19;VGR;61-0108;177;EXACT;allez faites disciples nations baptisant nom pere fils [couverture 10/10];CONCEPT
Matthieu 28:19;VGR;61-0108;329;EXACT;allez faites disciples nations baptisant nom pere fils [couverture 9/10];CONCEPT
Matthieu 28:19;VGR;61-0108;332;VALIDE;nom pere fils saint;CONCEPT
Actes 2:38;VGR;61-0119M;10;VALIDE;soit jesus don saint;CONCEPT
Galates 1:8;VGR;61-0119M;11;EXACT;ange ciel quil soit anatheme [couverture 5/11];CONCEPT
Jean 14:0;VGR;61-0119M;42;VALIDE;chap->v.10: suis dis dis meme;CONCEPT
Jean 15:0;VGR;61-0119M;42;VALIDE;chap->v.2: sarment porte fruit sarment porte fruit porte fruit;CONCEPT
Actes 2:38;VGR;61-0425B;163;EXACT;pierre repentez baptise nom jesus don saint esprit [couverture 8/14];CONCEPT
Actes 2:38;VGR;61-0425B;183;EXACT;pierre baptise nom jesus saint [couverture 5/14];CONCEPT
Actes 2:38;VGR;61-0425B;209;EXACT;pierre nom jesus christ saint [couverture 5/14];CONCEPT
Actes 10:49;VGR;61-0425B;252;LAPSUS;annoncé — dit en réalité actes 10:44;CONCEPT
actes 10:44;VGR;61-0425B;252;LAPSUS-LU;lu — annoncé sous Actes 10:49;CONCEPT
Colossiens 3:0;VGR;61-0425B;301;VALIDE;chap->v.17: quelque chose faites jesus lui dieu pere;CONCEPT
Esaie 9:6;VGR;61-0425B;137;EXACT;enfant fils donne sera conseiller dieu fort [couverture 7/14];CONCEPT
Esaie 35:0;VGR;61-0425B;39;VALIDE;chap->v.6: alors boiteux sautera cerf;CONCEPT
Jean 3:0;VGR;61-0425B;180;VALIDE;chap->v.3: jesus dis nest voir dieu;CONCEPT
Jean 5:24;VGR;61-0425B;294;EXACT;dis celui parole croit envoye vie eternelle vient [couverture 11/14];CONCEPT
Jean 6:0;VGR;61-0425B;128;VALIDE;chap->v.41: contre lui parce quil avait suis;CONCEPT
Jean 14:0;VGR;61-0425B;130;VALIDE;chap->v.10: crois suis pere pere dis dis meme pere;CONCEPT
Jean 14:0;VGR;61-0425B;180;VALIDE;chap->v.9: jesus celui comment dis;CONCEPT
Marc 11:24;VGR;61-0425B;84;PARTIEL;commencé, pas achevé — cest;CONCEPT
Marc 16:0;VGR;61-0425B;232;VALIDE;chap->v.4: regarde etait etait;CONCEPT
Matthieu 1:18;VGR;61-0425B;200;EXACT;naissance jesus christ arriva ainsi mere marie fiancee [couverture 11/14];CONCEPT
Matthieu 28:0;VGR;61-0425B;175;VALIDE;chap->v.1: tard jour jour voir;CONCEPT
Matthieu 28:19;VGR;61-0425B;161;EXACT;allez faites disciples nations baptisant nom pere fils [couverture 10/10];CONCEPT
Matthieu 28:19;VGR;61-0425B;163;EXACT;allez faites disciples nations baptisant nom pere fils [couverture 10/10];CONCEPT
Matthieu 28:19;VGR;61-0425B;183;VALIDE;nom pere fils saint;CONCEPT
Matthieu 28:19;VGR;61-0425B;188;EXACT;nom pere fils saint esprit [couverture 5/10];CONCEPT
Matthieu 28:19;VGR;61-0425B;195;EXACT;allez faites disciples nations baptisant nom pere fils [couverture 9/10];CONCEPT
Matthieu 28:19;VGR;61-0425B;209;VALIDE;nom pere fils saint;CONCEPT
Romains 4:0;VGR;61-0425B;334;VALIDE;chap->v.17: selon quil ecrit dieu quil;CONCEPT
Actes 2:38;VGR;61-0611;76;EXACT;repentez chacun soit baptise nom jesus christ peches [couverture 11/14];CONCEPT
Levitique 25:0;VGR;61-0611;129;VALIDE;chap->v.25: frere pauvre vend partie possession alors droit rachat;CONCEPT
Levitique 25:0;VGR;61-0611;131;VALIDE;chap->v.25: frere pauvre vend possession alors droit rachat proche;CONCEPT
Levitique 25:23;VGR;61-0611;129;PARTIEL;commencé, pas achevé — pays;CONCEPT
Matthieu 5:0;VGR;61-0611;125;VALIDE;chap->v.5: debonnaires cest heriteront terre;CONCEPT
Matthieu 28:0;VGR;61-0611;77;VALIDE;chap->v.19: nom pere fils saint esprit;CONCEPT
Romains 8:22;VGR;61-0611;102;EXACT;savons creation soupire jusqua maintenant [couverture 5/7];CONCEPT
Actes 2:38;VGR;61-1015M;37;VALIDE;pierre soit baptise nom jesus don saint;CONCEPT
Actes 2:38;VGR;61-1015M;39;EXACT;pierre baptise nom jesus christ don saint [couverture 7/14];CONCEPT
Actes 19:5;VGR;61-1015M;49;VALIDE;choses nom seigneur jesus;CONCEPT
Apocalypse 2:99;VGR;61-1015M;196;LAPSUS;annoncé — dit en réalité apocalypse 2:1;CONCEPT
apocalypse 2:1;VGR;61-1015M;196;LAPSUS-LU;lu — annoncé sous Apocalypse 2:99;CONCEPT
Apocalypse 21:0;VGR;61-1015M;201;VALIDE;chap->v.2: nouvelle jerusalem ciel daupres dieu preparee epouse;CONCEPT
Hebreux 6:4;VGR;61-1015M;58;VALIDE;impossible ceux ont fois eclaires goute don celeste;CONCEPT
Hebreux 6:4;VGR;61-1015M;59;EXACT;impossible ceux ont fois eclaires goute don celeste [couverture 9/13];CONCEPT
Hebreux 6:4;VGR;61-1015M;60;EXACT;impossible ceux ont fois eclaires goute don celeste [couverture 10/13];CONCEPT
Hebreux 10:0;VGR;61-1015M;59;VALIDE;chap->v.29: pensez sera juge digne celui foule pieds fils;CONCEPT
Hebreux 10:0;VGR;61-1015M;64;VALIDE;chap->v.28: loi moise meurt misericorde deposition deux trois temoins;CONCEPT
Hebreux 10:26;VGR;61-1015M;59;VALIDE;pechons volontairement apres recu connaissance verite reste sacrifice;CONCEPT
Hebreux 10:26-39;VGR;61-1015M;58;VALIDE;pechons volontairement apres recu connaissance verite reste sacrifice;CONCEPT
Jean 21:15;VGR;61-1015M;79;VALIDE;quils jesus pierre ceux lui seigneur;CONCEPT
Matthieu 5:0;VGR;61-1015M;170;VALIDE;chap->v.32: moi dis quiconque femme nest cause fornication commettre;CONCEPT
Matthieu 16:9;VGR;61-1015M;192;VALIDE;cinq pains hommes combien paniers avez;CONCEPT
Matthieu 16:9;VGR;61-1015M;193;VALIDE;cinq pains hommes combien paniers avez;CONCEPT
Matthieu 16:10;VGR;61-1015M;193;VALIDE;sept pains hommes combien corbeilles avez;CONCEPT
Matthieu 28:19;VGR;61-1015M;40;EXACT;allez faites disciples nations baptisant nom pere fils [couverture 9/10];CONCEPT
Actes 2:38;VGR;61-1119;305;EXACT;pierre repentez chacun baptise nom jesus remission peches [couverture 9/14];CONCEPT
Exode 4:14;VGR;61-1119;182;EXACT;alors colere contre moise frere sais quil voici [couverture 8/14];CONCEPT
Hebreux 11:34;VGR;61-1119;117;EXACT;faibles quils etaient furent rendus vigoureux forts [couverture 7/14];CONCEPT
Psaumes 22:0;VGR;61-1119;320;VALIDE;chap->v.1: dieu dieu pourquoi mas abandonne;CONCEPT
Actes 2:38;VGR;62-0318M;68;EXACT;repentez baptise nom jesus don saint [couverture 6/14];CONCEPT
Actes 2:38;VGR;62-0318M;403;VALIDE;pierre repentez chacun soit baptise nom jesus christ;CONCEPT
Actes 10:48;VGR;62-0318M;404;VALIDE;quils soient baptises nom seigneur alors demeurer quelques;CONCEPT
Actes 19:0;VGR;62-0318M;336;VALIDE;chap->v.4: paul jean baptise bapteme repentance apres cest;CONCEPT
Actes 20:0;VGR;62-0318M;403;VALIDE;chap->v.18: furent venus lui savez quelle maniere suis conduit;CONCEPT
Apocalypse 13:16;VGR;62-0318M;434;VALIDE;qua marque main;CONCEPT
Apocalypse 17:0;VGR;62-0318M;403;VALIDE;chap->v.10: sept rois cinq lun lautre nest venu sera;CONCEPT
Apocalypse 21:0;VGR;62-0318M;73;VALIDE;chap->v.4: dieu sera aura choses;CONCEPT
Ephesiens 5:22;VGR;62-0318M;403;VALIDE;femmes soyez vos seigneur;CONCEPT
Ephesiens 5:23;VGR;62-0318M;403;VALIDE;parce mari chef femme christ lassemblee lui corps;CONCEPT
Esaie 9:6;VGR;62-0318M;403;EXACT;enfant fils donne gouvernement sera epaule appellera nom [couverture 5/14];CONCEPT
Esaie 9:6;VGR;62-0318M;418;EXACT;fils donne sera nom dieu pere [couverture 6/14];CONCEPT
Esaie 54:1;VGR;62-0318M;403;VALIDE;exulte sterile nenfantais eclate chants triomphe pousse cris;CONCEPT
Esaie 54:53;VGR;62-0318M;403;LAPSUS;annoncé — dit en réalité esaie 54:1;CONCEPT
esaie 54:1;VGR;62-0318M;403;LAPSUS-LU;lu — annoncé sous Esaie 54:53;CONCEPT
Galates 1:8;VGR;62-0318M;403;VALIDE;memes ange venu ciel outre avons quil soit;CONCEPT
Genese 1:0;VGR;62-0318M;361;VALIDE;chap->v.25: dieu selon espece selon espece selon espece dieu;CONCEPT
Genese 1:0;VGR;62-0318M;403;VALIDE;chap->v.31: dieu vit quil avait voici cela etait bon;CONCEPT
Genese 1:1;VGR;62-0318M;221;PARTIEL;commencé, pas achevé — commencement dieu;CONCEPT
Genese 1:11;VGR;62-0318M;105;EXACT;dieu produise plante semence selon espece [couverture 6/14];CONCEPT
Genese 1:11;VGR;62-0318M;414;VALIDE;dieu produise selon espece;CONCEPT
Genese 17:0;VGR;62-0318M;236;VALIDE;chap->v.7: jetablirai alliance moi toi semence apres toi alliance;CONCEPT
Hebreux 6:0;VGR;62-0318M;403;VALIDE;chap->v.4: impossible ceux ont fois eclaires ont goute don;CONCEPT
Hebreux 13:8;VGR;62-0318M;403;VALIDE;jesus christ meme hier aujourdhui eternellement;CONCEPT
Jean 3:0;VGR;62-0318M;161;VALIDE;chap->v.31: celui den celui terre terre parle terre celui;CONCEPT
Jean 3:5;VGR;62-0318M;120;EXACT;jesus repondit verite dis quelquun deau entrer royaume [couverture 10/12];CONCEPT
Jean 3:14;VGR;62-0318M;135;EXACT;moise eleva serpent desert faut fils lhomme soit [couverture 9/10];CONCEPT
Jean 3:16;VGR;62-0318M;403;EXACT;dieu tant aime monde quil donne fils unique [couverture 5/14];CONCEPT
Jean 5:19;VGR;62-0318M;203;EXACT;jesus fils rien lui meme quil chose pere [couverture 7/14];CONCEPT
Jean 5:19;VGR;62-0318M;420;EXACT;jesus rien lui meme quil chose pere [couverture 7/14];CONCEPT
Jean 6:0;VGR;62-0318M;403;VALIDE;chap->v.32: jesus verite verite dis moise donne pain vient;CONCEPT
Jean 13:20;VGR;62-0318M;403;VALIDE;verite dis celui recoit quelquun jenvoie envoye;CONCEPT
Jean 14:12;VGR;62-0318M;176;EXACT;verite dis celui croit moi fera lui uvres [couverture 13/14];CONCEPT
Jean 14:12;VGR;62-0318M;209;EXACT;dis celui moi lui uvres celles parce vais [couverture 5/14];CONCEPT
Jean 14:12;VGR;62-0318M;403;VALIDE;verite dis celui croit moi fera lui uvres;CONCEPT
Jean 15:16;VGR;62-0318M;403;VALIDE;nest choisi cest moi etablis afin fruit demeure;CONCEPT
Jean 20:0;VGR;62-0318M;403;VALIDE;chap->v.17: jesus lui touche suis monte pere mes freres;CONCEPT
Joel 2:0;VGR;62-0318M;292;VALIDE;chap->v.23: premiere pluie premiere pluie;CONCEPT
Joel 2:28;VGR;62-0318M;403;VALIDE;apres cela esprit chair vos fils filles jeunes;CONCEPT
Luc 10:16;VGR;62-0318M;403;VALIDE;celui ecoute mecoute rejette envoye;CONCEPT
Malachie 3:0;VGR;62-0318M;432;VALIDE;chap->v.1: messager devant moi seigneur viendra;CONCEPT
Malachie 4:0;VGR;62-0318M;430;VALIDE;chap->v.5: elie prophete avant grand jour;CONCEPT
Malachie 4:0;VGR;62-0318M;439;VALIDE;chap->v.1: voici jour vient ceux jour vient;CONCEPT
Marc 1:22;VGR;62-0318M;403;VALIDE;doctrine enseignait ayant autorite scribes;CONCEPT
Matthieu 16:0;VGR;62-0318M;403;VALIDE;chap->v.19: donnerai royaume cieux lieras terre sera lie cieux;CONCEPT
Matthieu 16:19;VGR;62-0318M;403;VALIDE;donnerai royaume cieux lieras terre sera lie delieras;CONCEPT
Matthieu 24:0;VGR;62-0318M;85;VALIDE;chap->v.2: voyez choses verite dis ici soit;CONCEPT
Matthieu 24:0;VGR;62-0318M;349;VALIDE;chap->v.2: voyez verite dis sera ici soit;CONCEPT
Matthieu 24:0;VGR;62-0318M;436;VALIDE;chap->v.2: lui voyez choses dis sera soit;CONCEPT
Matthieu 24:35;VGR;62-0318M;85;EXACT;terre passeront mes paroles [couverture 5/6];CONCEPT
Matthieu 24:35;VGR;62-0318M;331;EXACT;terre passeront mes paroles [couverture 5/6];CONCEPT
Matthieu 28:18;VGR;62-0318M;403;VALIDE;jesus parla disant autorite donnee ciel terre;CONCEPT
Matthieu 28:19;VGR;62-0318M;68;EXACT;allez faites disciples nations baptisant nom pere fils [couverture 9/10];CONCEPT
Matthieu 28:19;VGR;62-0318M;403;VALIDE;allez faites disciples nations nom pere fils saint;CONCEPT
Romains 11:29;VGR;62-0318M;403;VALIDE;dons grace lappel dieu;CONCEPT
Actes 2:38;VGR;62-1014E;103;EXACT;pierre repentez chacun baptise nom jesus christ remission [couverture 11/14];CONCEPT
Ephesiens 4:30;VGR;62-1014E;2;EXACT;nattristez saint dieu lequel avez scelles jour redemption [couverture 8/9];CONCEPT
Exode 13:21;VGR;62-1014E;49;EXACT;devant eux jour colonne nuee chemin nuit feu [couverture 9/14];CONCEPT
Marc 16:0;VGR;62-1014E;104;VALIDE;chap->v.16: celui cru baptise sera celui cru sera;CONCEPT
Actes 2:38;VGR;62-1014M;164;PARTIEL;commencé, pas achevé — christ;CONCEPT
Actes 7:0;VGR;62-1014M;67;VALIDE;chap->v.44: nos peres avaient tabernacle temoignage desert avait ordonne;CONCEPT
Actes 10:49;VGR;62-1014M;214;LAPSUS;annoncé — dit en réalité actes 10:44;CONCEPT
actes 10:44;VGR;62-1014M;214;LAPSUS-LU;lu — annoncé sous Actes 10:49;CONCEPT
Actes 28:19;VGR;62-1014M;164;PARTIEL;commencé, pas achevé — contre;CONCEPT
Ephesiens 4:0;VGR;62-1014M;304;VALIDE;chap->v.13: jusqua lunite foi connaissance fils dieu letat dhomme;CONCEPT
Esaie 28:19;VGR;62-1014M;295;VALIDE;quil apres jour den;CONCEPT
Hebreux 10:0;VGR;62-1014M;68;VALIDE;chap->v.5: cest pourquoi entrant monde nas voulu sacrifice mas;CONCEPT
Hebreux 11:0;VGR;62-1014M;104;VALIDE;chap->v.6: foi impossible lui celui dieu dieu quil remunerateur;CONCEPT
Hebreux 11:0;VGR;62-1014M;363;VALIDE;chap->v.35: femmes morts resurrection dautres furent tortures delivrance afin;CONCEPT
Jacques 5:14;VGR;62-1014M;194;PARTIEL;commencé, pas achevé — lui;CONCEPT
Jean 3:0;VGR;62-1014M;98;VALIDE;chap->v.3: jesus lui dis quelquun nest nouveau voir royaume;CONCEPT
Jean 3:16;VGR;62-1014M;194;PARTIEL;commencé, pas achevé — monde lui;CONCEPT
Jean 5:14;VGR;62-1014M;194;PARTIEL;commencé, pas achevé — lui;CONCEPT
Jean 14:7;VGR;62-1014M;138;PARTIEL;commencé, pas achevé — maintenant;CONCEPT
Matthieu 5:48;VGR;62-1014M;302;EXACT;soyez parfaits pere celeste parfait [couverture 5/5];CONCEPT
Psaumes 1:0;VGR;62-1014M;176;VALIDE;chap->v.3: sera arbre plante pres quil;CONCEPT
Actes 2:38;VGR;62-1111E;65;VALIDE;soit jesus christ don;CONCEPT
Actes 2:38;VGR;62-1111E;67;VALIDE;soit jesus christ don;CONCEPT
Apocalypse 17:0;VGR;62-1111E;183;VALIDE;chap->v.3: esprit vis femme assise bete pleine noms blaspheme;CONCEPT
Apocalypse 18:0;VGR;62-1111E;194;VALIDE;chap->v.3: ont rois terre ont terre riches;CONCEPT
Apocalypse 18:0;VGR;62-1111E;202;VALIDE;chap->v.1: apres choses vis autre ange ciel grand pouvoir;CONCEPT
Galates 1:8;VGR;62-1111E;104;EXACT;ange ciel quil soit anatheme [couverture 5/11];CONCEPT
Jean 3:0;VGR;62-1111E;60;VALIDE;chap->v.2: lui lui rabbi savons docteur venu dieu personne;CONCEPT
Marc 16:0;VGR;62-1111E;65;VALIDE;chap->v.18: auront quelque chose cela mains ceux;CONCEPT
Marc 16:0;VGR;62-1111E;67;VALIDE;chap->v.17: ici signes accompagneront ceux auront cru demons;CONCEPT
Nombres 16:1;VGR;62-1111E;41;PARTIEL;commencé, pas achevé — levi dathan;CONCEPT
Actes 2:38;VGR;63-0318;212;PARTIEL;commencé, pas achevé — soit don;CONCEPT
Apocalypse 5:0;VGR;63-0318;61;VALIDE;chap->v.1: celui etait livre scelle sept sceaux;CONCEPT
Apocalypse 10:0;VGR;63-0318;205;VALIDE;chap->v.7: voix septieme ange sera mystere dieu sera;CONCEPT
Apocalypse 10:1;VGR;63-0318;68;PARTIEL;commencé, pas achevé — autre ange;CONCEPT
Apocalypse 12:7-9;VGR;63-0318;362;PARTIEL;commencé, pas achevé — contre;CONCEPT
Apocalypse 13:0;VGR;63-0318;363;VALIDE;chap->v.14: terre cause lui bete;CONCEPT
Apocalypse 17:0;VGR;63-0318;99;VALIDE;chap->v.10: sept venu sera venu quil;CONCEPT
Apocalypse 19:11;VGR;63-0318;273;EXACT;vis ciel ouvert voici cheval blanc celui appele [couverture 12/14];CONCEPT
Daniel 9:0;VGR;63-0318;334;VALIDE;chap->v.26: apres semaines messie sera retranche naura rien peuple;CONCEPT
Hebreux 4:0;VGR;63-0318;205;VALIDE;chap->v.12: parole dieu penetrante epee deux tranchants jusqua;CONCEPT
Jean 12:0;VGR;63-0318;142;VALIDE;chap->v.24: verite verite dis grain ble terre seul sil;CONCEPT
Malachie 3:0;VGR;63-0318;209;VALIDE;chap->v.14: dites cest quel quil;CONCEPT
Malachie 4:0;VGR;63-0318;206;VALIDE;chap->v.5: prophete avant grand jour;CONCEPT
Malachie 4:0;VGR;63-0318;209;VALIDE;chap->v.5: prophete avant jour;CONCEPT
Malachie 4:0;VGR;63-0318;214;VALIDE;chap->v.1: voici jour jour;CONCEPT
Matthieu 10:0;VGR;63-0318;113;VALIDE;chap->v.15: dis sort sera jour jugement celui;CONCEPT
Matthieu 24:0;VGR;63-0318;135;VALIDE;chap->v.6: entendrez parler guerres bruits guerres troubles fin;CONCEPT
Matthieu 28:19;VGR;63-0318;212;PARTIEL;commencé, pas achevé — pere;CONCEPT
Actes 2:38;VGR;63-0321;289;EXACT;soit baptise nom jesus christ don saint [couverture 7/14];CONCEPT
Amos 3:7;VGR;63-0321;63;VALIDE;seigneur quil revele prophetes;CONCEPT
Apocalypse 2:18;VGR;63-0321;349;PARTIEL;commencé, pas achevé — dieu;CONCEPT
Apocalypse 2:22;VGR;63-0321;272;PARTIEL;commencé, pas achevé — lit quils;CONCEPT
Apocalypse 10:0;VGR;63-0321;37;VALIDE;chap->v.2: avait main livre pied droit mer terre;CONCEPT
Apocalypse 10:0;VGR;63-0321;378;VALIDE;chap->v.7: jours septieme ange sera dieu sera;CONCEPT
Apocalypse 10:1-7;VGR;63-0321;46;PARTIEL;commencé, pas achevé — ange;CONCEPT
Apocalypse 10:7;VGR;63-0321;151;PARTIEL;commencé, pas achevé — jours sera;CONCEPT
Apocalypse 10:7;VGR;63-0321;351;VALIDE;jours dieu annonce;CONCEPT
Apocalypse 12:0;VGR;63-0321;164;VALIDE;chap->v.13: dragon vit quil avait precipite terre femme avait;CONCEPT
Apocalypse 12:13;VGR;63-0321;160;PARTIEL;commencé, pas achevé — quil terre;CONCEPT
Apocalypse 13:1;VGR;63-0321;160;PARTIEL;commencé, pas achevé — bete sept;CONCEPT
Apocalypse 13:1;VGR;63-0321;167;EXACT;vis monter mer bete avait dix cornes sept [couverture 14/14];CONCEPT
Apocalypse 13:14;VGR;63-0321;271;VALIDE;quil devant bete;CONCEPT
Apocalypse 19:0;VGR;63-0321;312;VALIDE;chap->v.11: ciel cheval blanc assis combat;CONCEPT
Apocalypse 19:0;VGR;63-0321;356;VALIDE;chap->v.15: epee aigue deux sort bouche quil frappe nations;CONCEPT
Apocalypse 19:0;VGR;63-0321;377;VALIDE;chap->v.12: yeux plusieurs ecrit seul;CONCEPT
Esaie 28:19;VGR;63-0321;73;PARTIEL;commencé, pas achevé — quil;CONCEPT
Genese 1:1;VGR;63-0321;94;EXACT;commencement dieu crea cieux terre [couverture 5/5];CONCEPT
Jean 6:0;VGR;63-0321;66;VALIDE;chap->v.63: cest lesprit vivifie chair rien paroles dites esprit;CONCEPT
Joel 2:28;VGR;63-0321;73;LAPSUS;annoncé — dit en réalité Luc 24:49;CONCEPT
Luc 24:49;VGR;63-0321;73;LAPSUS-LU;lu — annoncé sous Joel 2:28;CONCEPT
Luc 24:49;VGR;63-0321;73;EXACT;voici moi promesse pere jusqua [couverture 5/13];CONCEPT
Malachie 4:0;VGR;63-0321;126;VALIDE;chap->v.1: vient four ceux vient;CONCEPT
Malachie 4:0;VGR;63-0321;351;VALIDE;chap->v.5: elie prophete jour;CONCEPT
Malachie 4:0;VGR;63-0321;378;VALIDE;chap->v.5: elie prophete jour;CONCEPT
Matthieu 4:0;VGR;63-0321;182;VALIDE;chap->v.10: alors jesus lui ten satan seigneur dieu lui;CONCEPT
Psaumes 16:8;VGR;63-0321;99;EXACT;toujours leternel devant parce quil serai [couverture 6/11];CONCEPT
Actes 2:38;VGR;63-0421;169;VALIDE;pierre baptise don saint;CONCEPT
Genese 22:0;VGR;63-0421;186;VALIDE;chap->v.7: isaac abraham pere pere voici fils voici bois;CONCEPT
Hebreux 11:0;VGR;63-0421;36;VALIDE;chap->v.4: foi abel offrit dieu excellent sacrifice cain sacrifice;CONCEPT
Jacques 5:14;VGR;63-0421;258;PARTIEL;commencé, pas achevé — quil;CONCEPT
Matthieu 24:0;VGR;63-0421;98;VALIDE;chap->v.7: nation nation royaume royaume aura terre;CONCEPT
Actes 2:38;VGR;63-1124E;222;EXACT;repentez chacun soit baptise nom jesus christ peches [couverture 12/14];CONCEPT
Esaie 35:0;VGR;63-1124E;49;VALIDE;chap->v.8: aura grande route chemin sera appele chemin saintete;CONCEPT
Jean 6:0;VGR;63-1124E;41;VALIDE;chap->v.64: quelques croient jesus savait commencement etaient ceux croyaient;CONCEPT
Jean 6:60;VGR;63-1124E;34;PARTIEL;commencé, pas achevé — parole;CONCEPT
Jean 15:0;VGR;63-1124E;304;VALIDE;chap->v.4: demeurez moi moi meme demeure meme pouvez;CONCEPT
Matthieu 10:0;VGR;63-1124E;143;VALIDE;chap->v.37: celui moi moi celui fils moi;CONCEPT
Psaumes 22:0;VGR;63-1124E;157;VALIDE;chap->v.1: dieu dieu pourquoi mas abandonne paroles;CONCEPT
Romains 4:0;VGR;63-1124E;87;VALIDE;chap->v.17: quil tai etabli pere nations dieu quil cru;CONCEPT
Actes 2:38;VGR;64-0427;198;EXACT;pierre repentez chacun soit baptise nom jesus peches [couverture 11/14];CONCEPT
Deuteronome 18:15;VGR;64-0427;218;EXACT;leternel dieu suscitera prophete moi [couverture 5/11];CONCEPT
Ezechiel 2:1;VGR;64-0427;217;PARTIEL;commencé, pas achevé — fils;CONCEPT
Hebreux 13:8;VGR;64-0427;76;EXACT;jesus meme hier aujourdhui eternellement [couverture 5/6];CONCEPT
Jacques 5:14;VGR;64-0427;61;EXACT;quelquun parmi malade quil appelle anciens quils prient [couverture 10/14];CONCEPT
Jacques 5:14;VGR;64-0427;62;EXACT;quelquun parmi malade quil appelle anciens quils prient [couverture 10/14];CONCEPT
Jacques 5:14;VGR;64-0427;63;EXACT;quelquun parmi malade quil appelle anciens quils prient [couverture 10/14];CONCEPT
Jacques 5:14;VGR;64-0427;69;PARTIEL;commencé, pas achevé — quil lui;CONCEPT
Jacques 5:14;VGR;64-0427;87;EXACT;quelquun parmi malade quil quils lui dhuile [couverture 6/14];CONCEPT
Jean 3:16;VGR;64-0427;256;VALIDE;dieu monde quil donne lui;CONCEPT
Jean 14:5;VGR;64-0427;194;PARTIEL;commencé, pas achevé — comment savoir;CONCEPT
Jean 14:12;VGR;64-0427;22;PARTIEL;commencé, pas achevé — fais vais;CONCEPT
Luc 17:0;VGR;64-0427;211;VALIDE;chap->v.30: sera meme jour fils lhomme sera manifeste;CONCEPT
Luc 17:23;VGR;64-0427;76;PARTIEL;commencé, pas achevé — voici ici;CONCEPT
Malachie 3:0;VGR;64-0427;237;VALIDE;chap->v.1: jenvoie messager devant viendra;CONCEPT
Malachie 4:0;VGR;64-0427;232;VALIDE;chap->v.4: souvenez loi lui;CONCEPT
Malachie 4:0;VGR;64-0427;237;VALIDE;chap->v.1: jour vient jour vient;CONCEPT
Marc 4:0;VGR;64-0427;76;VALIDE;chap->v.5: terre parce quils terre;CONCEPT
Marc 11:0;VGR;64-0427;70;VALIDE;chap->v.33: jesus savons jesus dis choses;CONCEPT
Marc 11:22;VGR;64-0427;70;PARTIEL;commencé, pas achevé — jesus dieu;CONCEPT
Marc 16:0;VGR;64-0427;22;VALIDE;chap->v.6: jesus nest ici lavait;CONCEPT
Marc 16:0;VGR;64-0427;23;VALIDE;chap->v.6: jesus nest ici lavait;CONCEPT
Marc 16:0;VGR;64-0427;41;VALIDE;chap->v.6: jesus nest mis;CONCEPT
Marc 16:0;VGR;64-0427;59;VALIDE;chap->v.18: quelque chose cela imposeront mains;CONCEPT
Marc 16:0;VGR;64-0427;60;VALIDE;chap->v.6: lui nest lavait mis;CONCEPT
Marc 16:0;VGR;64-0427;63;VALIDE;chap->v.6: lui nest lavait mis;CONCEPT
Marc 16:0;VGR;64-0427;69;VALIDE;chap->v.6: lui jesus nest lieu;CONCEPT
Marc 16:0;VGR;64-0427;87;VALIDE;chap->v.6: lui nest ici lavait mis;CONCEPT
Marc 16:0;VGR;64-0427;197;VALIDE;chap->v.16: celui baptise sera sauve celui sera condamne;CONCEPT
Marc 16:0;VGR;64-0427;256;VALIDE;chap->v.6: lui nest ici voici;CONCEPT
Marc 16:0;VGR;64-0427;275;VALIDE;chap->v.17: signes accompagneront ceux auront cru;CONCEPT
Actes 2:38;VGR;65-0219;96;EXACT;pierre repentez chacun baptise nom jesus remission peches [couverture 11/14];CONCEPT
Apocalypse 3:0;VGR;65-0219;141;VALIDE;chap->v.17: parce dis suis riche suis nai besoin rien;CONCEPT
Apocalypse 10:0;VGR;65-0219;165;VALIDE;chap->v.7: septieme ange sera mystere dieu sera;CONCEPT
Daniel 12:4;VGR;65-0219;133;VALIDE;daniel jusquau temps connaissance;CONCEPT
Esaie 40:0;VGR;65-0219;115;VALIDE;chap->v.24: meme meme meme quil eux;CONCEPT
Esaie 61:0;VGR;65-0219;43;VALIDE;chap->v.1: lesprit seigneur moi parce;CONCEPT
Esaie 61:1;VGR;65-0219;44;VALIDE;lesprit seigneur moi parce ceux;CONCEPT
Genese 1:0;VGR;65-0219;205;VALIDE;chap->v.1: commencement dieu crea cieux terre;CONCEPT
Hebreux 13:8;VGR;65-0219;242;VALIDE;meme hier aujourdhui eternellement;CONCEPT
Jean 5:19;VGR;65-0219;77;EXACT;jesus verite dis fils rien lui meme quil [couverture 11/14];CONCEPT
Jean 16:0;VGR;65-0219;34;VALIDE;chap->v.15: moi cest jai prend;CONCEPT
Joel 2:38;VGR;65-0219;124;LAPSUS;annoncé — dit en réalité actes 2:38;CONCEPT
actes 2:38;VGR;65-0219;124;LAPSUS-LU;lu — annoncé sous Joel 2:38;CONCEPT
Luc 17:30;VGR;65-0219;196;VALIDE;meme jour fils lhomme;CONCEPT
Malachie 4:0;VGR;65-0219;152;VALIDE;chap->v.6: cur peres fils cur fils peres;CONCEPT
Matthieu 24:0;VGR;65-0219;132;VALIDE;chap->v.7: nation selevera contre nation royaume contre royaume terre;CONCEPT
Matthieu 24:0;VGR;65-0219;149;VALIDE;chap->v.7: nation contre nation contre tremblements terre divers lieux;CONCEPT
Actes 2:38;VGR;65-0221M;263;EXACT;baptise nom jesus don saint esprit [couverture 6/14];CONCEPT
Apocalypse 10:0;VGR;65-0221M;80;VALIDE;chap->v.7: jours septieme ange sera sonner trompette mystere dieu;CONCEPT
Esaie 53:0;VGR;65-0221M;132;VALIDE;chap->v.9: lui parce quil navait quil avait;CONCEPT
Ezechiel 44:22;VGR;65-0221M;221;EXACT;femme veuve vierge dun sacrificateur [couverture 7/14];CONCEPT
Genese 3:0;VGR;65-0221M;96;VALIDE;chap->v.6: femme etait bon quil etait etait;CONCEPT
Genese 3:0;VGR;65-0221M;195;VALIDE;chap->v.19: sueur visage mangeras pain jusqua retournes sol cest;CONCEPT
Genese 3:16;VGR;65-0221M;97;VALIDE;femme mari lui;CONCEPT
Genese 3:16;VGR;65-0221M;199;VALIDE;femme tes enfants desir sera lui;CONCEPT
Job 14:0;VGR;65-0221M;213;VALIDE;chap->v.22: lui meme ame lui meme;CONCEPT
Levitique 21:7;VGR;65-0221M;221;EXACT;femme sacrificateur dieu [couverture 5/13];CONCEPT
Luc 17:0;VGR;65-0221M;49;VALIDE;chap->v.2: lui lui quil soit;CONCEPT
Matthieu 5:0;VGR;65-0221M;222;VALIDE;chap->v.18: verite jusqua seul seul soit;CONCEPT
Matthieu 5:32;VGR;65-0221M;225;EXACT;moi dis quiconque repudiera femme nest fornication commettre [couverture 13/14];CONCEPT
Matthieu 16:18;VGR;65-0221M;267;EXACT;moi dis pierre batirai portes [couverture 5/10];CONCEPT
Matthieu 28:19;VGR;65-0221M;263;EXACT;allez faites disciples nations baptisant nom pere fils [couverture 10/10];CONCEPT
Matthieu 28:19;VGR;65-0221M;265;EXACT;allez faites disciples nations baptisant nom pere fils [couverture 10/10];CONCEPT
Romains 9:0;VGR;65-0221M;149;VALIDE;chap->v.17: lecriture pharaon cest meme tai suscite montrer toi;CONCEPT
Romains 9:14;VGR;65-0221M;149;VALIDE;dirons linjustice dieu;CONCEPT
Actes 2:38;VGR;65-0711;156;VALIDE;nom jesus saint esprit;CONCEPT
Genese 24:7;VGR;65-0711;92;VALIDE;dieu jure lui;CONCEPT
Luc 24:49;VGR;65-0711;203;EXACT;voici promesse pere ville jusqua revetus puissance den [couverture 9/13];CONCEPT
Marc 16:0;VGR;65-0711;160;VALIDE;chap->v.8: avaient rien personne avaient peur;CONCEPT
Actes 2:38;VGR;65-1125;131;VALIDE;christ don saint;CONCEPT
Actes 2:38;VGR;65-1125;132;VALIDE;christ don saint;CONCEPT
Actes 2:38;VGR;65-1125;175;EXACT;pierre soit baptise nom christ saint [couverture 6/14];CONCEPT
Apocalypse 10:0;VGR;65-1125;299;VALIDE;chap->v.7: septieme ange mystere dieu annonce;CONCEPT
Apocalypse 17:0;VGR;65-1125;153;VALIDE;chap->v.1: sept sept viens ici;CONCEPT
Daniel 5:12;VGR;65-1125;182;PARTIEL;commencé, pas achevé — ont;CONCEPT
Genese 4:16;VGR;65-1125;143;EXACT;cain sortit leternel nod deden [couverture 5/9];CONCEPT
Jean 2:15;VGR;65-1125;174;LAPSUS;annoncé — dit en réalité Actes 2:38;CONCEPT
Actes 2:38;VGR;65-1125;174;LAPSUS-LU;lu — annoncé sous Jean 2:15;CONCEPT
Jean 14:12;VGR;65-1125;202;PARTIEL;commencé, pas achevé — fera;CONCEPT
Joel 2:38;VGR;65-1125;202;LAPSUS;annoncé — dit en réalité actes 2:38;CONCEPT
actes 2:38;VGR;65-1125;202;LAPSUS-LU;lu — annoncé sous Joel 2:38;CONCEPT
Luc 17:30;VGR;65-1125;202;VALIDE;sera jour manifeste;CONCEPT
Luc 17:30;VGR;65-1125;288;VALIDE;meme jour fils lhomme;CONCEPT
Luc 23:27;VGR;65-1125;119;EXACT;grande multitude peuple femmes frappaient poitrine [couverture 6/8];CONCEPT
Malachie 4:0;VGR;65-1125;240;VALIDE;chap->v.1: voici jour jour;CONCEPT
Malachie 4:0;VGR;65-1125;288;VALIDE;chap->v.6: cur fils cur fils pays;CONCEPT
Marc 16:0;VGR;65-1125;109;VALIDE;chap->v.16: celui aura cru aura celui cru;CONCEPT
Matthieu 24:24;VGR;65-1125;189;VALIDE;possible meme elus;CONCEPT
Romains 5:1;VGR;65-1125;224;VALIDE;justifies foi dieu;CONCEPT
Romains 7:0;VGR;65-1125;23;VALIDE;chap->v.3: ainsi mari etant vivant sera appelee adultere autre;CONCEPT
Romains 7:0;VGR;65-1125;37;VALIDE;chap->v.2: femme mari mari loi tant quil mari loi;CONCEPT
Romains 7:0;VGR;65-1125;158;VALIDE;chap->v.4: cest mort christ autre celui;CONCEPT
Actes 2:38-39;SKN;57-0807;82;EXACT;repentez chacun soit baptise nom jesus peches recevrez [couverture 10/14];CONCEPT
Jean 14:0;SKN;57-0807;12;VALIDE;chap->v.10: moi suis pere pere moi moi moi meme;CONCEPT
Jean 15:0;SKN;57-0807;56;VALIDE;chap->v.2: sarment porte fruit sarment porte fruit quil porte;CONCEPT
Actes 3:0;SKN;61-0409;19;VALIDE;chap->v.24: meme depuis ceux lont suivi ceux ont parle;CONCEPT
Actes 10:0;SKN;61-0409;28;VALIDE;chap->v.17: pierre etait lui meme vision quil avait hommes;CONCEPT
Hebreux 13:8;SKN;61-0409;19;VALIDE;jesus christ meme hier aujourdhui eternellement;CONCEPT
Hebreux 13:8;SKN;61-0409;22;EXACT;jesus christ meme hier aujourdhui eternellement [couverture 6/6];CONCEPT
Jean 1:0;SKN;61-0409;27;VALIDE;chap->v.30: cest celui moi apres moi homme prend avant;CONCEPT
Jean 1:0;SKN;61-0409;33;VALIDE;chap->v.30: cest celui moi apres moi vient homme avant;CONCEPT
Jean 4:0;SKN;61-0409;66;VALIDE;chap->v.9: femme samaritaine lui toi juif moi suis femme;CONCEPT
Jean 5:19;SKN;61-0409;46;EXACT;jesus verite dis rien lui meme quil voie [couverture 5/14];CONCEPT
Jean 12:20;SKN;61-0409;19;VALIDE;avait quelques grecs dentre ceux etaient montes adorer;CONCEPT
Jean 14:0;SKN;61-0409;26;VALIDE;chap->v.12: verite verite dis celui croit moi fera lui;CONCEPT
Jean 14:7;SKN;61-0409;26;PARTIEL;commencé, pas achevé — pere maintenant;CONCEPT
Actes 4:0;SKN;60-0228;48;VALIDE;chap->v.10: peuple nom jesus christ dieu dentre cest;CONCEPT
Apocalypse 21:0;SKN;60-0228;5;VALIDE;chap->v.1: vis nouveau ciel nouvelle terre premier ciel premiere;CONCEPT
Actes 4:0;SKN;61-0205M;5;VALIDE;chap->v.9: aujourdhui sommes sujet bonne faite homme quon comment;CONCEPT
Esaie 6:9;SKN;61-0205M;48;PARTIEL;commencé, pas achevé — dis;CONCEPT
Actes 4:0;SKN;62-0601;273;VALIDE;chap->v.12: autre nom ciel soit donne parmi hommes;CONCEPT
Esaie 9:6;SKN;62-0601;223;VALIDE;enfant dieu pere;CONCEPT
Jean 10:0;SKN;62-0601;127;VALIDE;chap->v.41: lui disaient jean aucun choses jean celui;CONCEPT
Joel 2:0;SKN;62-0601;22;VALIDE;chap->v.3: devant devore apres devant apres;CONCEPT
Actes 4:0;SKN;62-0704;93;VALIDE;chap->v.10: peuple nom jesus dieu cest;CONCEPT
Actes 10:49;SKN;62-0704;122;LAPSUS;annoncé — dit en réalité actes 10:44;CONCEPT
actes 10:44;SKN;62-0704;122;LAPSUS-LU;lu — annoncé sous Actes 10:49;CONCEPT
Hebreux 4:0;SKN;62-0704;120;VALIDE;chap->v.12: parole dieu epee deux tranchants lesprit;CONCEPT
Hebreux 13:8;SKN;62-0704;45;EXACT;jesus meme hier aujourdhui eternellement [couverture 5/6];CONCEPT
Jean 1:0;SKN;62-0704;92;VALIDE;chap->v.31: afin quil manifeste israel suis venu baptiser;CONCEPT
Jean 4:0;SKN;62-0704;217;VALIDE;chap->v.9: femme samaritaine lui moi suis femme samaritaine;CONCEPT
Jean 5:19;SKN;62-0704;124;EXACT;jesus verite dis fils rien lui meme quil [couverture 9/14];CONCEPT
Jean 6:0;SKN;62-0704;128;VALIDE;chap->v.35: moi suis vie celui moi celui moi;CONCEPT
Jean 12:20;SKN;62-0704;45;EXACT;avait quelques grecs dentre ceux etaient montes adorer [couverture 10/10];CONCEPT
Jean 14:12;SKN;62-0704;180;EXACT;celui croit moi fera fais men vais [couverture 7/14];CONCEPT
Jean 15:0;SKN;62-0704;172;VALIDE;chap->v.2: sarment porte fruit sarment porte fruit quil porte;CONCEPT
Josue 1:0;SKN;62-0704;71;VALIDE;chap->v.15: jusqua donne vos pays dieu donne alors;CONCEPT
Marc 16:0;SKN;62-0704;63;VALIDE;chap->v.15: allez monde prechez levangile creation;CONCEPT
Actes 4:0;SKN;63-0626;42;VALIDE;chap->v.31: etaient assembles fut saint dieu;CONCEPT
Actes 19:0;SKN;63-0626;176;VALIDE;chap->v.2: recu saint meme saint;CONCEPT
Actes 4:0;SKN;64-0418B;63;VALIDE;chap->v.8: alors pierre etant lesprit saint peuple anciens disrael;CONCEPT
Josue 10:0;SKN;64-0418B;22;VALIDE;chap->v.14: jour celui avant apres leternel ait ecoute voix;CONCEPT
Marc 11:22;SKN;64-0418B;34;VALIDE;jesus ayez foi dieu;CONCEPT
Marc 16:0;SKN;64-0418B;47;VALIDE;chap->v.6: lui jesus nest ici lavait;CONCEPT
Actes 4:0;VGR;59-1217;169;VALIDE;chap->v.10: disrael nom jesus christ avez dieu dentre cest;CONCEPT
Actes 18:0;VGR;59-1217;61;VALIDE;chap->v.10: parce suis toi personne toi parce jai grand;CONCEPT
Actes 19:0;VGR;59-1217;61;VALIDE;chap->v.2: avez recu lesprit saint apres cru lui entendu;CONCEPT
Ephesiens 4:30;VGR;59-1217;63;EXACT;nattristez saint esprit dieu lequel avez scelles jour [couverture 5/9];CONCEPT
Jean 1:0;VGR;59-1217;54;VALIDE;chap->v.1: commencement etait parole parole etait dieu parole etait;CONCEPT
Jean 12:24;VGR;59-1217;150;EXACT;dis grain ble terre sil meurt [couverture 6/14];CONCEPT
Jean 14:0;VGR;59-1217;19;VALIDE;chap->v.10: moi pere pere moi moi dis dis moi;CONCEPT
Jean 14:0;VGR;59-1217;21;VALIDE;chap->v.9: jesus lui suis depuis longtemps mas philippe pere;CONCEPT
Jean 14:12;VGR;59-1217;53;EXACT;verite dis celui croit moi lui uvres vais [couverture 8/14];CONCEPT
Jean 14:12;VGR;59-1217;60;EXACT;verite dis celui croit moi lui fais vais [couverture 9/14];CONCEPT
Jean 14:12;VGR;59-1217;65;EXACT;verite dis celui croit moi fera lui uvres [couverture 8/14];CONCEPT
Jean 14:12;VGR;59-1217;78;EXACT;dis moi lui uvres fais celles parce [couverture 7/14];CONCEPT
Jean 14:14;VGR;59-1217;14;VALIDE;demandez quelque chose nom moi ferai;LECTURE
Jean 17:17;VGR;59-1217;54;EXACT;sanctifie verite parole [couverture 4/4];CONCEPT
Matthieu 10:0;VGR;59-1217;55;VALIDE;chap->v.37: celui pere moi nest moi celui fils moi;CONCEPT
Actes 4:0;VGR;62-0601;273;VALIDE;chap->v.10: peuple nom jesus christ crucifie dieu cest;CONCEPT
Esaie 9:6;VGR;62-0601;223;PARTIEL;commencé, pas achevé — dieu pere;CONCEPT
Jean 9:26;VGR;62-0601;127;VALIDE;lui dirent comment ouvert yeux;CONCEPT
Joel 2:0;VGR;62-0601;22;VALIDE;chap->v.3: devant lui devore apres lui devant lui apres;CONCEPT
Actes 4:0;VGR;63-0116;317;VALIDE;chap->v.10: peuple nom jesus avez dieu dentre cest;CONCEPT
Apocalypse 10:0;VGR;63-0116;75;VALIDE;chap->v.6: celui vit siecles siecles ciel choses terre choses;CONCEPT
Hebreux 1:0;VGR;63-0116;144;VALIDE;chap->v.1: dieu autrefois plusieurs reprises plusieurs manieres parle peres;CONCEPT
Jean 5:7;VGR;63-0116;61;VALIDE;seigneur nai personne leau;CONCEPT
Malachie 3:0;VGR;63-0116;227;VALIDE;chap->v.1: jenvoie messager devant viendra;CONCEPT
Malachie 3:0;VGR;63-0116;230;VALIDE;chap->v.1: messager chemin devant moi viendra;CONCEPT
Malachie 4:0;VGR;63-0116;224;VALIDE;chap->v.5: envoie avant vienne terrible jour;CONCEPT
Malachie 4:0;VGR;63-0116;226;VALIDE;chap->v.5: envoie elie avant vienne jour;CONCEPT
Malachie 4:0;VGR;63-0116;227;VALIDE;chap->v.5: elie avant vienne jour;CONCEPT
Malachie 4:0;VGR;63-0116;228;VALIDE;chap->v.1: jour chaume jour;CONCEPT
Malachie 4:0;VGR;63-0116;230;VALIDE;chap->v.1: jour chaume jour;CONCEPT
Matthieu 24:0;VGR;63-0116;129;VALIDE;chap->v.32: apprenez figuier parabole quil quil pousse connaissez lete;CONCEPT
Zacharie 14:0;VGR;63-0116;55;VALIDE;chap->v.7: sera jour connu leternel jour nuit temps soir;CONCEPT
Actes 4:0;VGR;64-0418B;168;VALIDE;chap->v.10: peuple nom jesus christ dieu cest;CONCEPT
Josue 10:12;VGR;64-0418B;60;EXACT;alors josue parla leternel jour livra amoreens disrael [couverture 12/14];CONCEPT
Marc 11:22;VGR;64-0418B;95;VALIDE;jesus foi dieu;CONCEPT
Marc 16:0;VGR;64-0418B;131;VALIDE;chap->v.11: quil etait vivant quil avait;CONCEPT
Actes 4:32;SKN;62-0211;165;VALIDE;avaient etait ame choses;CONCEPT
Actes 19:0;SKN;62-0211;222;VALIDE;chap->v.4: paul jean baptise bapteme repentance disant celui venait;CONCEPT
Apocalypse 22:0;SKN;62-0211;63;VALIDE;chap->v.19: ote quelque chose dieu otera part sainte;CONCEPT
Genese 1:26;SKN;62-0211;6;EXACT;dieu faisons image selon ressemblance poissons mer oiseaux [couverture 10/14];LECTURE
Genese 1:27;SKN;62-0211;19;VALIDE;dieu crea image male femelle;CONCEPT
Hebreux 4:0;SKN;62-0211;28;VALIDE;chap->v.4: ainsi part jour dieu jour;CONCEPT
Hebreux 4:12;SKN;62-0211;26;VALIDE;parole dieu epee deux tranchants;CONCEPT
Jean 14:12;SKN;62-0211;188;EXACT;verite dis celui croit moi fera fais men [couverture 8/14];CONCEPT
Jean 17:11;SKN;62-0211;17;VALIDE;pere mas afin;CONCEPT
Actes 5:0;SKN;52-0715;25;VALIDE;chap->v.9: pierre lui comment etes seigneur voici ceux ont;CONCEPT
Jean 5:24;SKN;52-0715;23;EXACT;verite dis celui entend parole croit envoye vie [couverture 12/14];CONCEPT
Jean 6:0;SKN;52-0715;23;VALIDE;chap->v.26: jesus verite verite dis parce avez parce avez;CONCEPT
Jean 14:0;SKN;52-0715;16;VALIDE;chap->v.10: crois moi suis moi moi dis dis moi;CONCEPT
Actes 5:9;SKN;61-1112;158;PARTIEL;commencé, pas achevé — seigneur ont;CONCEPT
Apocalypse 3:0;SKN;61-1112;183;VALIDE;chap->v.12: celui dieu jamais lui dieu;CONCEPT
Apocalypse 3:0;SKN;61-1112;241;VALIDE;chap->v.20: voici tiens porte frappe quelquun entend voix quil;CONCEPT
Esaie 40:3;SKN;61-1112;179;EXACT;voix celui crie desert preparez chemin aplanissez lieu [couverture 9/12];CONCEPT
Ezechiel 24:24;SKN;61-1112;24;EXACT;ezechiel signe quil ferez cela saurez suis seigneur [couverture 6/12];CONCEPT
Malachie 3:0;SKN;61-1112;179;VALIDE;chap->v.1: messager chemin devant moi seigneur viendra;CONCEPT
Malachie 3:0;SKN;61-1112;232;VALIDE;chap->v.1: voici jenvoie messager preparera chemin devant moi seigneur;CONCEPT
Malachie 3:0;SKN;61-1112;240;VALIDE;chap->v.1: voici jenvoie messager chemin devant moi seigneur cherchez;CONCEPT
Malachie 4:0;SKN;61-1112;183;VALIDE;chap->v.1: jour vient jour vient;CONCEPT
Malachie 4:0;SKN;61-1112;241;VALIDE;chap->v.3: foulerez mechants seront cendre plante vos pieds jour;CONCEPT
Matthieu 3:0;SKN;61-1112;241;VALIDE;chap->v.3: cest ici celui parle prophete disant voix celui;CONCEPT
Matthieu 11:0;SKN;61-1112;240;VALIDE;chap->v.8: quetes alles voir homme vetu vetements precieux voici;CONCEPT
Actes 5:9;VGR;61-1112;158;VALIDE;lui etes seigneur ont;CONCEPT
Apocalypse 3:0;VGR;61-1112;183;VALIDE;chap->v.12: dieu jamais lui dieu;CONCEPT
Apocalypse 3:0;VGR;61-1112;245;VALIDE;chap->v.21: celui lui moi moi jai pere;CONCEPT
Esaie 40:3;VGR;61-1112;179;EXACT;voix celui crie desert preparez chemin aplanissez dieu [couverture 8/12];CONCEPT
Ezechiel 24:24;VGR;61-1112;25;EXACT;ezechiel sera signe quil ferez cela arrivera saurez [couverture 5/12];CONCEPT
Malachie 3:0;VGR;61-1112;179;VALIDE;chap->v.1: messager preparera chemin devant moi seigneur viendra;CONCEPT
Malachie 3:0;VGR;61-1112;232;VALIDE;chap->v.1: voici messager preparera chemin devant moi seigneur cherchez;CONCEPT
Malachie 3:0;VGR;61-1112;240;VALIDE;chap->v.16: ceux leternel ont parle lautre leternel entendu ecrit;CONCEPT
Malachie 4:0;VGR;61-1112;183;VALIDE;chap->v.1: jour vient jour vient;CONCEPT
Malachie 4:0;VGR;61-1112;241;VALIDE;chap->v.2: craignez nom levera soleil justice guerison sera ailes;CONCEPT
Matthieu 3:0;VGR;61-1112;243;VALIDE;chap->v.3: cest ici celui parle prophete celui chemin;CONCEPT
Matthieu 11:0;VGR;61-1112;240;VALIDE;chap->v.7: sen allaient jesus mit jean foules quetes alles;CONCEPT
Actes 5:19;SKN;60-1210;139;VALIDE;ange seigneur nuit portes prison dehors;CONCEPT
Actes 9:0;SKN;60-1210;139;VALIDE;chap->v.34: pierre lui jesus christ leve toi fais toi;CONCEPT
Actes 15:0;SKN;60-1210;139;VALIDE;chap->v.7: grande ayant lieu pierre leva hommes freres savez;CONCEPT
Actes 15:14;SKN;60-1210;139;VALIDE;raconte comment dieu visite nations peuple nom;CONCEPT
Apocalypse 2:13;SKN;60-1210;139;VALIDE;sais trone satan tiens ferme nom renie foi;CONCEPT
Apocalypse 2:17;SKN;60-1210;139;VALIDE;celui oreilles ecoute assemblees vaincra lui donnerai manne;CONCEPT
Apocalypse 3:0;SKN;60-1210;17;VALIDE;chap->v.12: celui colonne dieu nom dieu nom;CONCEPT
Apocalypse 3:0;SKN;60-1210;139;VALIDE;chap->v.9: voici donne ceux synagogue satan disent juifs mentent;CONCEPT
Apocalypse 3:7;SKN;60-1210;17;PARTIEL;commencé, pas achevé — philadelphie celui;CONCEPT
Apocalypse 21:0;SKN;60-1210;139;VALIDE;chap->v.1: vis nouveau ciel nouvelle terre premier ciel premiere;CONCEPT
Daniel 12:3;SKN;60-1210;139;VALIDE;sages brilleront splendeur ceux ont enseigne justice multitude;CONCEPT
Ephesiens 2:19;SKN;60-1210;139;VALIDE;ainsi etrangers etes concitoyens saints gens maison dieu;CONCEPT
Ephesiens 3:15;SKN;60-1210;139;PARTIEL;commencé, pas achevé — cieux terre;CONCEPT
Galates 1:8;SKN;60-1210;139;VALIDE;ange venu ciel avons soit;CONCEPT
Jean 5:19;SKN;60-1210;88;EXACT;jesus repondit dis rien lui meme chose pere [couverture 9/14];CONCEPT
Jean 10:7;SKN;60-1210;112;EXACT;jesus verite dis moi suis porte brebis [couverture 7/8];CONCEPT
Jean 10:17;SKN;60-1210;112;VALIDE;moi vie afin;CONCEPT
Jean 17:7;SKN;60-1210;123;PARTIEL;commencé, pas achevé — maintenant ont;CONCEPT
Jean 17:17;SKN;60-1210;139;VALIDE;sanctifie verite parole;CONCEPT
Marc 16:0;SKN;60-1210;44;VALIDE;chap->v.17: ici signes accompagneront ceux auront cru nom chasseront;CONCEPT
Marc 16:0;SKN;60-1210;46;VALIDE;chap->v.17: ici signes accompagneront ceux auront cru nom chasseront;CONCEPT
Matthieu 16:18;SKN;60-1210;137;VALIDE;moi dis pierre roc batirai assemblee portes prevaudront;CONCEPT
Matthieu 28:19;SKN;60-1210;139;VALIDE;allez faites disciples nations baptisant nom pere fils;CONCEPT
Romains 2:29;SKN;60-1210;139;VALIDE;celui juif circoncision esprit lettre louange vient hommes;CONCEPT
Romains 5:1;SKN;60-1210;139;VALIDE;ayant justifies foi avons paix dieu seigneur jesus;CONCEPT
Actes 7:0;SKN;62-0724;65;VALIDE;chap->v.37: cest fils disrael dieu freres prophete ecoutez;CONCEPT
Actes 10:49;SKN;62-0724;65;LAPSUS;annoncé — dit en réalité actes 10:48;CONCEPT
actes 10:48;SKN;62-0724;65;LAPSUS-LU;lu — annoncé sous Actes 10:49;CONCEPT
Hebreux 13:8;SKN;62-0724;34;VALIDE;jesus meme hier aujourdhui eternellement;CONCEPT
Hebreux 13:8;SKN;62-0724;35;VALIDE;jesus christ meme hier aujourdhui eternellement;CONCEPT
Hebreux 13:8;SKN;62-0724;37;EXACT;jesus christ meme hier aujourdhui eternellement [couverture 5/6];CONCEPT
Jean 5:19;SKN;62-0724;47;EXACT;jesus verite dis fils rien lui meme quil [couverture 10/14];CONCEPT
Jean 5:39;SKN;62-0724;49;VALIDE;sondez ecritures vie eternelle rendent temoignage moi;CONCEPT
Jean 6:0;SKN;62-0724;71;VALIDE;chap->v.51: moi suis pain descendu ciel quelquun mange pain;CONCEPT
Jean 12:20;SKN;62-0724;34;VALIDE;avait quelques grecs ceux etaient montes adorer pendant;CONCEPT
Jean 12:20;SKN;62-0724;48;PARTIEL;commencé, pas achevé — avait;CONCEPT
Jean 14:12;SKN;62-0724;43;VALIDE;dis celui croit moi fera lui fais vais;CONCEPT
Luc 17:28;SKN;62-0724;78;PARTIEL;commencé, pas achevé — meme arriva;CONCEPT
Matthieu 3:0;SKN;62-0724;47;VALIDE;chap->v.14: jean disant moi jai detre baptise moi;CONCEPT
Actes 7:44-49;SKN;62-1111M;14;VALIDE;nos peres avaient tabernacle temoignage desert avait ordonne;LECTURE
Hebreux 10:1-5;SKN;62-1111M;14;VALIDE;venir meme choses;LECTURE
Hebreux 10:5;SKN;62-1111M;14;VALIDE;pourquoi entrant monde voulu sacrifice forme corps;LECTURE
Hebreux 10:5;SKN;62-1111M;36;PARTIEL;commencé, pas achevé — sacrifice corps;CONCEPT
Romains 5:1;SKN;62-1111M;6;VALIDE;justifies foi avons paix dieu seigneur jesus christ;CONCEPT
Actes 7:49;SKN;61-1217;37;VALIDE;ciel trone terre marchepied quelle maison batirez seigneur;CONCEPT
Apocalypse 17:0;SKN;61-1217;154;VALIDE;chap->v.2: laquelle fornication ceux fornication;CONCEPT
Jeremie 7:0;SKN;61-1217;37;VALIDE;chap->v.18: ramassent bois peres allument feu femmes petrissent pate;CONCEPT
Nombres 25:0;SKN;61-1217;164;VALIDE;chap->v.4: moise chefs peuple fais pendre devant face soleil;CONCEPT
Actes 7:49;VGR;61-1217;37;VALIDE;ciel trone terre marchepied quelle maison batirez seigneur;CONCEPT
Apocalypse 17:0;VGR;61-1217;154;VALIDE;chap->v.17: dieu mis meme jusqua;CONCEPT
Jeremie 7:0;VGR;61-1217;37;VALIDE;chap->v.14: maison nom laquelle avez confiance lieu donne vos;CONCEPT
Nombres 25:0;VGR;61-1217;164;VALIDE;chap->v.4: leternel moise chefs peuple fais pendre devant leternel;CONCEPT
Actes 9:0;SKN;64-0830M;207;VALIDE;chap->v.27: prit raconta comment chemin avait seigneur lui avait;CONCEPT
Actes 20:0;SKN;64-0830M;207;VALIDE;chap->v.18: furent venus lui savez quelle maniere suis envers;CONCEPT
Apocalypse 1:0;SKN;64-0830M;207;VALIDE;chap->v.4: jean sept grace part celui etait vient part;CONCEPT
Apocalypse 11:0;SKN;64-0830M;191;VALIDE;chap->v.5: quelquun veut nuire sort quelquun veut nuire quil;CONCEPT
Apocalypse 11:0;SKN;64-0830M;207;VALIDE;chap->v.6: ceux ont pouvoir ciel afin quil tombe pluie;CONCEPT
Apocalypse 11:3-12;SKN;64-0830M;190;VALIDE;deux jours oliviers devant;CONCEPT
Apocalypse 11:4;SKN;64-0830M;190;VALIDE;deux oliviers devant seigneur;CONCEPT
Apocalypse 13:0;SKN;64-0830M;207;VALIDE;chap->v.15: lui fut donne donner limage bete afin limage;CONCEPT
Apocalypse 20:0;SKN;64-0830M;207;VALIDE;chap->v.12: vis morts grands petits tenant devant livres furent;CONCEPT
Apocalypse 20:7;SKN;64-0830M;207;VALIDE;ans seront accomplis satan sera delie prison;CONCEPT
Apocalypse 20:27;SKN;64-0830M;207;LAPSUS;annoncé — dit en réalité apocalypse 20:12;CONCEPT
apocalypse 20:12;SKN;64-0830M;207;LAPSUS-LU;lu — annoncé sous Apocalypse 20:27;CONCEPT
Ezechiel 9:0;SKN;64-0830M;70;VALIDE;chap->v.4: passe milieu ville milieu marque soupirent gemissent cause;CONCEPT
Habakuk 2:1;SKN;64-0830M;194;EXACT;Habacuc=Habakuk(Darby): placerai observation tiendrai tour veillerai voir quil dira [couverture 7/11];CONCEPT
Habakuk 2:1;SKN;64-0830M;195;EXACT;Habacuc=Habakuk(Darby): placerai observation tiendrai tour veillerai voir quil dira [couverture 11/11];CONCEPT
Habakuk 2:14;SKN;64-0830M;193;PARTIEL;commencé, pas achevé — Habacuc=Habakuk(Darby): pleine leternel;CONCEPT
Hebreux 13:12;SKN;64-0830M;207;VALIDE;cest pourquoi jesus afin quil sanctifie peuple propre;CONCEPT
Jean 5:24;SKN;64-0830M;207;VALIDE;verite dis celui entend parole croit envoye vie;CONCEPT
Jean 14:0;SKN;64-0830M;207;VALIDE;chap->v.12: verite verite dis celui croit moi fera lui;CONCEPT
Jean 14:12;SKN;64-0830M;207;VALIDE;verite dis celui croit moi fera lui uvres;CONCEPT
Jean 17:17;SKN;64-0830M;207;VALIDE;sanctifie verite parole;CONCEPT
Marc 13:27;SKN;64-0830M;207;VALIDE;alors enverra anges rassemblera elus quatre vents depuis;CONCEPT
Marc 16:0;SKN;64-0830M;207;VALIDE;chap->v.9: etant ressuscite matin premier jour semaine apparut premierement;CONCEPT
Matthieu 10:0;SKN;64-0830M;207;VALIDE;chap->v.37: celui aime pere mere moi nest moi celui;CONCEPT
Zacharie 4:0;SKN;64-0830M;190;VALIDE;chap->v.12: lui dis deux oliviers cote deux;CONCEPT
Zacharie 4:0;SKN;64-0830M;191;VALIDE;chap->v.12: lui dis deux oliviers cote deux;CONCEPT
Zacharie 4:0;SKN;64-0830M;207;VALIDE;chap->v.2: vois dis vois voici chandelier dor coupe sommet;CONCEPT
Zacharie 4:121;SKN;64-0830M;190;LAPSUS;annoncé — dit en réalité zacharie 4:12;CONCEPT
zacharie 4:12;SKN;64-0830M;190;LAPSUS-LU;lu — annoncé sous Zacharie 4:121;CONCEPT
Actes 9:0;VGR;60-1210;248;VALIDE;chap->v.27: apotres avait lui avait parle avait;CONCEPT
Actes 15:0;VGR;60-1210;262;VALIDE;chap->v.13: jacques disant hommes freres ecoutez moi;CONCEPT
Actes 15:14;VGR;60-1210;262;EXACT;raconte comment dieu nations peuple nom [couverture 6/10];CONCEPT
Apocalypse 2:13;VGR;60-1210;198;VALIDE;sais trone satan nom;CONCEPT
Apocalypse 2:17;VGR;60-1210;265;EXACT;celui oreilles lesprit vaincra lui donnerai manne cachee [couverture 12/14];CONCEPT
Apocalypse 3:0;VGR;60-1210;158;VALIDE;chap->v.15: connais tes uvres nes froid bouillant froid bouillant;CONCEPT
Apocalypse 3:7;VGR;60-1210;17;VALIDE;lange philadelphie celui;CONCEPT
Apocalypse 21:0;VGR;60-1210;260;VALIDE;chap->v.1: vis nouveau ciel nouvelle terre premier ciel terre;CONCEPT
Daniel 12:3;VGR;60-1210;240;EXACT;brilleront splendeur ceux enseigne justice multitude etoiles toujours [couverture 9/12];CONCEPT
Ephesiens 2:19;VGR;60-1210;246;EXACT;ainsi netes etrangers etes concitoyens saints gens maison [couverture 9/10];CONCEPT
Ephesiens 3:15;VGR;60-1210;258;PARTIEL;commencé, pas achevé — cieux terre;CONCEPT
Galates 1:8;VGR;60-1210;248;VALIDE;ange quil soit anatheme;CONCEPT
Jean 5:19;VGR;60-1210;83;EXACT;jesus verite dis rien meme quil chose pere [couverture 10/14];CONCEPT
Jean 10:7;VGR;60-1210;99;EXACT;jesus verite dis moi suis porte brebis [couverture 8/8];CONCEPT
Jean 10:17;VGR;60-1210;99;VALIDE;cest moi vie afin;CONCEPT
Jean 17:7;VGR;60-1210;110;VALIDE;maintenant ont vient;CONCEPT
Jean 17:17;VGR;60-1210;225;EXACT;sanctifie verite parole [couverture 4/4];CONCEPT
Marc 16:0;VGR;60-1210;44;VALIDE;chap->v.17: accompagneront ceux auront cru nom chasseront demons parleront;CONCEPT
Marc 16:0;VGR;60-1210;46;VALIDE;chap->v.16: celui aura cru aura baptise sera sauve celui;CONCEPT
Matthieu 16:18;VGR;60-1210;124;VALIDE;moi dis pierre batirai portes contre;CONCEPT
Matthieu 28:19;VGR;60-1210;167;EXACT;allez faites disciples nations baptisant nom pere fils [couverture 10/10];CONCEPT
Matthieu 28:19;VGR;60-1210;172;EXACT;allez faites disciples nations baptisant nom pere fils [couverture 9/10];CONCEPT
Romains 2:29;VGR;60-1210;202;EXACT;celui juif lest circoncision cur esprit lettre louange [couverture 12/13];CONCEPT
Romains 5:1;VGR;60-1210;224;VALIDE;justifies foi dieu jesus;CONCEPT
Actes 9:0;VGR;64-0830M;236;VALIDE;chap->v.13: seigneur jai entendu homme combien;CONCEPT
Actes 9:0;VGR;64-0830M;237;VALIDE;chap->v.13: seigneur jai entendu homme combien;CONCEPT
Actes 20:0;VGR;64-0830M;236;VALIDE;chap->v.25: maintenant voici moi sais jai passe;CONCEPT
Apocalypse 1:0;VGR;64-0830M;279;VALIDE;chap->v.14: cheveux etaient blancs laine blanche;CONCEPT
Apocalypse 11:0;VGR;64-0830M;191;VALIDE;chap->v.5: quelquun veut sort quelquun veut quil;CONCEPT
Apocalypse 11:3-12;VGR;64-0830M;190;VALIDE;deux jours oliviers devant;CONCEPT
Apocalypse 11:4;VGR;64-0830M;190;VALIDE;deux oliviers devant seigneur;CONCEPT
Apocalypse 13:0;VGR;64-0830M;261;VALIDE;chap->v.7: lui fut guerre saints lui fut;CONCEPT
Apocalypse 20:0;VGR;64-0830M;261;VALIDE;chap->v.5: reste jusqua ans accomplis cest ici resurrection;CONCEPT
Apocalypse 20:7;VGR;64-0830M;260;VALIDE;ans seront accomplis satan sera delie prison;CONCEPT
Apocalypse 20:27;VGR;64-0830M;235;LAPSUS;annoncé — dit en réalité apocalypse 20:5;CONCEPT
apocalypse 20:5;VGR;64-0830M;235;LAPSUS-LU;lu — annoncé sous Apocalypse 20:27;CONCEPT
Ezechiel 9:0;VGR;64-0830M;70;VALIDE;chap->v.4: passe milieu ville milieu fais marque soupirent gemissent;CONCEPT
Hebreux 13:12;VGR;64-0830M;288;EXACT;cest jesus quil sanctifie sang porte [couverture 5/12];CONCEPT
Jean 5:24;VGR;64-0830M;283;EXACT;dis celui parole croit envoye vie eternelle jugement [couverture 10/14];CONCEPT
Jean 14:0;VGR;64-0830M;300;VALIDE;chap->v.10: crois moi pere pere moi moi moi meme;CONCEPT
Jean 14:12;VGR;64-0830M;300;VALIDE;croit moi fera uvres fais celles vais;CONCEPT
Jean 17:17;VGR;64-0830M;275;EXACT;sanctifie verite parole [couverture 4/4];CONCEPT
Marc 13:27;VGR;64-0830M;260;VALIDE;alors enverra anges rassemblera elus quatre vents terre;CONCEPT
Marc 13:27;VGR;64-0830M;261;VALIDE;alors enverra anges rassemblera elus quatre vents terre;CONCEPT
Marc 16:0;VGR;64-0830M;300;VALIDE;chap->v.16: aura cru aura sera sauve cru sera;CONCEPT
Matthieu 10:0;VGR;64-0830M;271;VALIDE;chap->v.37: celui moi nest moi celui moi nest;CONCEPT
Zacharie 4:0;VGR;64-0830M;190;VALIDE;chap->v.12: lui dis deux oliviers cote deux;CONCEPT
Zacharie 4:0;VGR;64-0830M;191;VALIDE;chap->v.12: lui dis deux oliviers cote deux;CONCEPT
Zacharie 4:0;VGR;64-0830M;298;VALIDE;chap->v.10: jour choses sept main terre;CONCEPT
Zacharie 4:12-14;VGR;64-0830M;190;VALIDE;lui dis deux oliviers cote;CONCEPT
Actes 9:5;SKN;60-0522M;99;PARTIEL;commencé, pas achevé — seigneur suis;CONCEPT
Actes 19:0;SKN;60-0522M;110;VALIDE;chap->v.2: avez recu saint apres lui entendu saint;CONCEPT
Galates 1:0;SKN;60-0522M;109;VALIDE;chap->v.10: maintenant hommes dieu cherche hommes hommes serais christ;CONCEPT
Galates 1:0;SKN;60-0522M;110;VALIDE;chap->v.10: maintenant hommes dieu cherche hommes hommes serais christ;CONCEPT
Galates 1:0;SKN;60-0522M;175;VALIDE;chap->v.8: ange venu ciel avons soit anatheme;CONCEPT
Hebreux 9:11;SKN;60-0522M;134;EXACT;christ souverain sacrificateur biens venir tabernacle grand parfait [couverture 9/14];CONCEPT
Jean 17:17;SKN;60-0522M;67;EXACT;sanctifie verite parole [couverture 4/4];CONCEPT
Matthieu 28:19;SKN;60-0522M;214;EXACT;allez faites disciples nations baptisant nom pere fils [couverture 9/10];CONCEPT
Actes 9:5;VGR;60-0522M;99;PARTIEL;commencé, pas achevé — seigneur suis;CONCEPT
Actes 19:0;VGR;60-0522M;110;VALIDE;chap->v.4: paul baptise bapteme quils celui apres lui cest;CONCEPT
Galates 1:0;VGR;60-0522M;109;VALIDE;chap->v.9: lavons maintenant dis quelquun avez recu quil soit;CONCEPT
Galates 1:0;VGR;60-0522M;110;VALIDE;chap->v.9: lavons maintenant quelquun avez recu quil soit anatheme;CONCEPT
Galates 1:0;VGR;60-0522M;175;VALIDE;chap->v.8: ange venu ciel avons quil soit anatheme;CONCEPT
Hebreux 9:11;VGR;60-0522M;134;EXACT;christ souverain sacrificateur biens venir tabernacle grand parfait [couverture 12/14];CONCEPT
Jean 17:17;VGR;60-0522M;67;EXACT;sanctifie verite parole [couverture 4/4];CONCEPT
Matthieu 28:19;VGR;60-0522M;214;EXACT;allez faites disciples nations baptisant nom pere fils [couverture 9/10];CONCEPT
Actes 10:0;SKN;55-0620;15;VALIDE;chap->v.17: pierre etait lui meme vision quil avait voici;CONCEPT
Jean 5:0;SKN;55-0620;11;VALIDE;chap->v.19: jesus verite verite dis fils rien lui meme;CONCEPT
Jean 5:19;SKN;55-0620;12;EXACT;jesus verite dis fils rien lui meme quil [couverture 5/14];CONCEPT
Actes 10:0;SKN;63-0113E;226;VALIDE;chap->v.44: pierre prononcait mots saint ceux parole;CONCEPT
Hebreux 4:12;SKN;63-0113E;100;EXACT;parole dieu epee deux tranchants [couverture 5/14];CONCEPT
Jean 12:0;SKN;63-0113E;154;VALIDE;chap->v.44: jesus celui croit moi croit moi celui envoye;CONCEPT
Jean 14:12;SKN;63-0113E;154;EXACT;verite celui croit moi fera fais vais [couverture 9/14];CONCEPT
Actes 10:0;VGR;63-0113E;226;VALIDE;chap->v.17: pierre meme quil voici hommes;CONCEPT
Hebreux 4:12;VGR;63-0113E;100;EXACT;parole dieu epee deux tranchants [couverture 5/14];CONCEPT
Jean 12:0;VGR;63-0113E;154;VALIDE;chap->v.44: jesus celui croit moi croit moi celui envoye;CONCEPT
Jean 14:12;VGR;63-0113E;154;EXACT;verite celui croit moi fera uvres fais vais [couverture 10/14];CONCEPT
Actes 10:35;SKN;57-1222;10;VALIDE;nation celui pratique justice lui;LECTURE
Daniel 12:3;SKN;57-1222;10;VALIDE;sages brilleront splendeur ceux ont enseigne justice multitude;LECTURE
Marc 11:24;SKN;57-1222;10;VALIDE;pourquoi dis croyez recevez sera;LECTURE
Romains 8:1;SKN;57-1222;10;VALIDE;maintenant aucune condamnation ceux christ jesus;LECTURE
Actes 10:35;SKN;58-0301B;14;VALIDE;nation pratique justice lui;CONCEPT
Jean 5:24;SKN;58-0301B;22;VALIDE;verite dis celui entend parole croit envoye vie;CONCEPT
Jean 12:0;SKN;58-0301B;53;VALIDE;chap->v.29: etait avait entendu coup tonnerre avait lui parle;CONCEPT
Matthieu 10:0;SKN;58-0301B;7;VALIDE;chap->v.8: morts lepreux demons avez recu gratuitement donnez gratuitement;LECTURE
Psaumes 42:7;SKN;58-0301B;70;VALIDE;appelle autre passe moi;CONCEPT
Actes 10:35;SKN;63-1216;132;VALIDE;nation pratique justice lui;CONCEPT
Daniel 2:43;SKN;63-1216;131;PARTIEL;commencé, pas achevé — meme;CONCEPT
Deuteronome 22:0;SKN;63-1216;81;VALIDE;chap->v.23: jeune fille fiancee homme homme trouve ville;CONCEPT
Deuteronome 22:23;SKN;63-1216;66;VALIDE;jeune fille vierge homme ville;CONCEPT
Esaie 9:0;SKN;63-1216;108;VALIDE;chap->v.6: enfant fils donne sera conseiller dieu pere;CONCEPT
Galates 1:0;SKN;63-1216;111;VALIDE;chap->v.10: maintenant cherche christ;CONCEPT
Galates 4:19;SKN;63-1216;111;VALIDE;enfants christ forme;CONCEPT
Malachie 4:0;SKN;63-1216;164;VALIDE;chap->v.6: fera peres peres pays;CONCEPT
Actes 10:44;SKN;59-0329M;56;EXACT;pierre prononcait mots saint ceux entendaient parole [couverture 7/9];CONCEPT
Actes 19:0;SKN;59-0329M;57;VALIDE;chap->v.4: paul jean baptise bapteme repentance disant peuple croient;CONCEPT
Actes 19:58;SKN;59-0329M;57;LAPSUS;annoncé — dit en réalité actes 19:4;CONCEPT
actes 19:4;SKN;59-0329M;57;LAPSUS-LU;lu — annoncé sous Actes 19:58;CONCEPT
Apocalypse 21:0;SKN;59-0329M;57;VALIDE;chap->v.1: vis nouveau ciel nouvelle terre premier ciel premiere;CONCEPT
Marc 16:0;SKN;59-0329M;30;VALIDE;chap->v.16: celui cru baptise sera sauve celui cru sera;CONCEPT
Matthieu 1:18;SKN;59-0329M;49;EXACT;naissance jesus arriva mere marie fiancee joseph avant [couverture 9/14];CONCEPT
Matthieu 28:19;SKN;59-0329M;36;EXACT;allez nations baptisant nom pere fils saint [couverture 7/10];CONCEPT
Matthieu 28:19;SKN;59-0329M;39;EXACT;allez faites disciples nations nom pere fils saint [couverture 8/10];CONCEPT
Actes 10:44;VGR;59-0329M;64;EXACT;pierre prononcait mots lesprit saint ceux entendaient parole [couverture 6/9];CONCEPT
Actes 19:0;VGR;59-0329M;64;VALIDE;chap->v.2: avez recu lesprit saint apres cru lui dirent;CONCEPT
Apocalypse 21:0;VGR;59-0329M;67;VALIDE;chap->v.3: ciel disant voici dieu eux peuple;CONCEPT
Marc 16:0;VGR;59-0329M;40;VALIDE;chap->v.16: celui cru baptise sera sauve celui cru sera;CONCEPT
Matthieu 1:18;VGR;59-0329M;58;EXACT;naissance jesus christ arriva mere marie fiancee joseph [couverture 11/14];CONCEPT
Matthieu 28:19;VGR;59-0329M;46;EXACT;allez nations baptisant nom pere fils saint [couverture 7/10];CONCEPT
Matthieu 28:19;VGR;59-0329M;49;EXACT;allez faites disciples nations nom pere fils saint [couverture 8/10];CONCEPT
Actes 10:47;VGR;64-0823M;62;EXACT;pourrait leau ceux soient recu saint [couverture 5/14];CONCEPT
Actes 19:0;VGR;64-0823M;90;VALIDE;chap->v.2: avez recu saint apres cru lui meme entendu;CONCEPT
Actes 22:16;VGR;64-0823M;62;VALIDE;maintenant leve toi sois baptise tes peches invoquant;CONCEPT
Apocalypse 20:4;VGR;64-0823M;224;EXACT;etaient assis jugement fut donne ames ceux avaient [couverture 11/14];CONCEPT
Galates 1:8;VGR;64-0823M;93;EXACT;ange ciel quil soit anatheme [couverture 5/11];CONCEPT
Genese 6:4;VGR;64-0823M;102;VALIDE;geants etaient apres fils dieu venus filles hommes;CONCEPT
Jean 5:19;VGR;64-0823M;162;EXACT;jesus verite dis fils rien lui meme quil [couverture 9/14];CONCEPT
Luc 21:36;VGR;64-0823M;157;VALIDE;choses devant fils;CONCEPT
Marc 16:0;VGR;64-0823M;215;VALIDE;chap->v.20: eux partout seigneur eux parole signes;CONCEPT
Matthieu 24:19;VGR;64-0823M;32;VALIDE;malheur celles enceintes jours;CONCEPT
Matthieu 24:19;VGR;64-0823M;33;EXACT;malheur celles enceintes allaitent jours [couverture 5/6];CONCEPT
Matthieu 24:24;VGR;64-0823M;40;VALIDE;selevera faux christs prophetes grands prodiges meme;CONCEPT
Matthieu 24:26;VGR;64-0823M;51;VALIDE;desert chambres croyez;CONCEPT
Matthieu 24:28;VGR;64-0823M;52;VALIDE;soit mort sassembleront aigles;CONCEPT
Psaumes 23:0;VGR;64-0823M;48;VALIDE;chap->v.4: meme mal moi;CONCEPT
Actes 10:49;SKN;53-0327;42;LAPSUS;annoncé — dit en réalité actes 10:44;CONCEPT
actes 10:44;SKN;53-0327;42;LAPSUS-LU;lu — annoncé sous Actes 10:49;CONCEPT
Ephesiens 4:30;SKN;53-0327;29;EXACT;saint esprit dieu lequel avez scelles jour redemption [couverture 8/9];CONCEPT
Ephesiens 6:12;SKN;53-0327;114;EXACT;lutte contre sang chair autorites tenebres puissance spirituelle [couverture 11/14];CONCEPT
Esaie 28:0;SKN;53-0327;48;VALIDE;chap->v.15: avons alliance mort avons passe avons;CONCEPT
Exode 12:0;SKN;53-0327;49;VALIDE;chap->v.30: eut grand egypte avait eut mort;CONCEPT
Romains 8:1;SKN;53-0327;90;EXACT;maintenant aucune condamnation ceux christ jesus [couverture 6/6];CONCEPT
Actes 10:49;SKN;58-0323;47;LAPSUS;annoncé — dit en réalité actes 10:48;CONCEPT
actes 10:48;SKN;58-0323;47;LAPSUS-LU;lu — annoncé sous Actes 10:49;CONCEPT
Hebreux 13:8;SKN;58-0323;29;EXACT;jesus meme hier aujourdhui eternellement [couverture 5/6];CONCEPT
Hebreux 13:8;SKN;58-0323;35;VALIDE;jesus christ meme hier aujourdhui eternellement;CONCEPT
Jean 1:0;SKN;58-0323;41;VALIDE;chap->v.47: nathanael lui venir quelque chose bon nazareth philippe;CONCEPT
Jean 12:0;SKN;58-0323;41;VALIDE;chap->v.34: lui avons appris christ demeure eternellement toi dis;CONCEPT
Jean 17:0;SKN;58-0323;52;VALIDE;chap->v.3: cest vie eternelle seul dieu celui jesus christ;CONCEPT
Psaumes 103:3;SKN;58-0323;9;VALIDE;cest lui tes guerit;CONCEPT
Actes 10:49;SKN;58-0612;19;LAPSUS;annoncé — dit en réalité actes 10:44;CONCEPT
actes 10:44;SKN;58-0612;19;LAPSUS-LU;lu — annoncé sous Actes 10:49;CONCEPT
Hebreux 13:8;SKN;58-0612;6;VALIDE;jesus meme hier aujourdhui eternellement;CONCEPT
Jean 1:0;SKN;58-0612;29;VALIDE;chap->v.30: cest moi apres moi vient homme prend avant;CONCEPT
Jean 1:0;SKN;58-0612;30;VALIDE;chap->v.30: cest celui moi apres moi vient homme prend;CONCEPT
Jean 1:0;SKN;58-0612;39;VALIDE;chap->v.33: celui envoye deau celui celui verras lesprit descendre;CONCEPT
Jean 3:0;SKN;58-0612;39;VALIDE;chap->v.2: celui lui nuit lui rabbi savons docteur venu;CONCEPT
Jean 4:0;SKN;58-0612;39;VALIDE;chap->v.14: celui leau lui jamais leau lui sera lui;CONCEPT
Jean 4:0;SKN;58-0612;72;VALIDE;chap->v.10: jesus lui don dieu celui donne moi lui;CONCEPT
Jean 5:0;SKN;58-0612;39;VALIDE;chap->v.19: jesus verite verite dis fils lui meme quil;CONCEPT
Jean 5:19;SKN;58-0612;23;VALIDE;jesus verite dis fils rien lui meme quil;CONCEPT
Jean 5:19;SKN;58-0612;24;EXACT;jesus verite dis fils rien lui meme quil [couverture 6/14];CONCEPT
Jean 6:0;SKN;58-0612;42;VALIDE;chap->v.32: jesus verite verite dis moise donne vient pere;CONCEPT
Jean 6:0;SKN;58-0612;55;VALIDE;chap->v.35: jesus moi suis vie vient moi jamais moi;CONCEPT
Romains 8:0;SKN;58-0612;26;VALIDE;chap->v.24: avons quon voit nest quelquun voit pourquoi;CONCEPT
Actes 10:49;SKN;61-0224;45;LAPSUS;annoncé — dit en réalité actes 10:44;CONCEPT
actes 10:44;SKN;61-0224;45;LAPSUS-LU;lu — annoncé sous Actes 10:49;CONCEPT
Jean 4:0;SKN;61-0224;102;VALIDE;chap->v.10: jesus lui don dieu celui donne moi toi;CONCEPT
Jean 5:0;SKN;61-0224;29;VALIDE;chap->v.19: jesus dis fils rien lui meme voie chose;CONCEPT
Jean 5:19;SKN;61-0224;32;VALIDE;jesus dis fils lui meme chose pere quelque;CONCEPT
Jean 5:19;SKN;61-0224;33;VALIDE;jesus dis fils rien lui meme chose pere;CONCEPT
Jean 5:19;SKN;61-0224;38;EXACT;jesus verite dis fils rien lui meme chose [couverture 10/14];CONCEPT
Jean 5:24;SKN;61-0224;119;VALIDE;verite celui entend parole croit envoye vie eternelle;CONCEPT
Jean 6:0;SKN;61-0224;56;VALIDE;chap->v.35: jesus moi suis vie vient moi croit moi;CONCEPT
Actes 10:49;SKN;63-0604;90;LAPSUS;annoncé — dit en réalité actes 10:48;CONCEPT
actes 10:48;SKN;63-0604;90;LAPSUS-LU;lu — annoncé sous Actes 10:49;CONCEPT
Jean 5:19;SKN;63-0604;153;VALIDE;jesus lui meme quil chose quelque celui;CONCEPT
Jean 5:19;SKN;63-0604;162;EXACT;jesus verite dis fils rien lui meme quil [couverture 11/14];CONCEPT
Jean 6:0;SKN;63-0604;140;VALIDE;chap->v.41: juifs contre lui quil avait moi suis;CONCEPT
Jean 12:20;SKN;63-0604;28;EXACT;quelques grecs ceux etaient montes adorer pendant fete [couverture 8/10];CONCEPT
Jean 20:0;SKN;63-0604;28;VALIDE;chap->v.17: jesus lui monte pere monte pere pere;CONCEPT
Actes 10:49;SKN;64-1212;171;LAPSUS;annoncé — dit en réalité actes 10:44;CONCEPT
actes 10:44;SKN;64-1212;171;LAPSUS-LU;lu — annoncé sous Actes 10:49;CONCEPT
Apocalypse 1:0;SKN;64-1212;140;VALIDE;chap->v.20: sept etoiles sept sept etoiles anges sept sept;CONCEPT
Apocalypse 17:0;SKN;64-1212;329;VALIDE;chap->v.17: dieu pensee meme pensee;CONCEPT
Apocalypse 22:18;SKN;64-1212;108;EXACT;entend livre ajoute choses dieu lui [couverture 6/14];CONCEPT
Apocalypse 22:18;SKN;64-1212;237;EXACT;quiconque ajoute dieu lui ajoutera [couverture 5/14];CONCEPT
Hebreux 13:8;SKN;64-1212;68;EXACT;jesus christ meme hier aujourdhui eternellement [couverture 6/6];CONCEPT
Hebreux 13:8;SKN;64-1212;186;VALIDE;meme hier aujourdhui eternellement;CONCEPT
Jean 1:0;SKN;64-1212;60;VALIDE;chap->v.1: commencement etait parole parole etait dieu parole etait;CONCEPT
Jean 6:48;SKN;64-1212;57;EXACT;moi suis pain vie [couverture 4/4];CONCEPT
Jean 14:12;SKN;64-1212;186;EXACT;dis celui croit moi fera lui fais vais [couverture 7/14];CONCEPT
Luc 17:20;SKN;64-1212;354;PARTIEL;commencé, pas achevé — dieu;CONCEPT
Malachie 4:0;SKN;64-1212;353;VALIDE;chap->v.6: fera peres fils fils peres;CONCEPT
Matthieu 24:24;SKN;64-1212;238;EXACT;faux possible meme elus [couverture 5/14];CONCEPT
Matthieu 24:24;SKN;64-1212;310;PARTIEL;commencé, pas achevé — meme elus;CONCEPT
Matthieu 24:24;SKN;64-1212;347;VALIDE;possible meme elus;CONCEPT
Romains 8:0;SKN;64-1212;46;VALIDE;chap->v.32: celui meme livre comment don choses lui;CONCEPT
Actes 10:49;SKN;65-0418M;177;LAPSUS;annoncé — dit en réalité actes 10:44;CONCEPT
actes 10:44;SKN;65-0418M;177;LAPSUS-LU;lu — annoncé sous Actes 10:49;CONCEPT
Actes 19:0;SKN;65-0418M;179;VALIDE;chap->v.3: quel bapteme avez baptises bapteme;CONCEPT
Actes 19:0;SKN;65-0418M;189;VALIDE;chap->v.2: avez recu saint cru saint;CONCEPT
Apocalypse 1:0;SKN;65-0418M;19;VALIDE;chap->v.17: lorsque vis tombai pieds mort droite moi disant;CONCEPT
Apocalypse 1:18;SKN;65-0418M;20;EXACT;vivant mort voici suis siecles tiens [couverture 9/12];CONCEPT
Hebreux 13:8;SKN;65-0418M;62;VALIDE;christ meme hier;CONCEPT
Hebreux 13:8;SKN;65-0418M;277;VALIDE;jesus meme hier;CONCEPT
Jean 5:24;SKN;65-0418M;159;EXACT;celui entend parole croit envoye vie eternelle passe [couverture 9/14];CONCEPT
Jean 14:12;SKN;65-0418M;64;VALIDE;dis lui uvres fais parce;CONCEPT
Jean 14:12;SKN;65-0418M;113;EXACT;verite dis celui croit moi fera lui uvres [couverture 11/14];CONCEPT
Jean 14:12;SKN;65-0418M;316;EXACT;dis celui moi lui [couverture 5/14];CONCEPT
Luc 17:30;SKN;65-0418M;92;VALIDE;sera jour fils;CONCEPT
Malachie 4:0;SKN;65-0418M;93;VALIDE;chap->v.1: jour ceux jour;CONCEPT
Malachie 4:0;SKN;65-0418M;243;VALIDE;chap->v.1: jour vient jour vient;CONCEPT
Marc 16:0;SKN;65-0418M;22;VALIDE;chap->v.1: sabbat passe marie magdala marie mere jacques salome;CONCEPT
Marc 16:1;SKN;65-0418M;19;PARTIEL;commencé, pas achevé — venir;CONCEPT
Matthieu 27:51;SKN;65-0418M;281;PARTIEL;commencé, pas achevé — terre;CONCEPT
Matthieu 27:51;SKN;65-0418M;290;PARTIEL;commencé, pas achevé — terre;CONCEPT
Matthieu 28:18-19;SKN;65-0418M;53;VALIDE;ciel terre allez disciples;CONCEPT
Romains 8:1;SKN;65-0418M;119;VALIDE;maintenant ceux jesus;CONCEPT
Romains 8:11;SKN;65-0418M;19;EXACT;celui ressuscite jesus morts habite christ vos corps [couverture 6/14];CONCEPT
Romains 8:11;SKN;65-0418M;69;EXACT;celui ressuscite morts habite christ vos corps mortels [couverture 9/14];CONCEPT
Romains 8:11;SKN;65-0418M;120;EXACT;celui ressuscite jesus morts habite corps esprit [couverture 8/14];CONCEPT
Actes 10:49;VGR;65-0418M;177;LAPSUS;annoncé — dit en réalité actes 10:44;CONCEPT
actes 10:44;VGR;65-0418M;177;LAPSUS-LU;lu — annoncé sous Actes 10:49;CONCEPT
Actes 19:0;VGR;65-0418M;189;VALIDE;chap->v.2: avez recu saint cru saint;CONCEPT
Apocalypse 1:0;VGR;65-0418M;14;VALIDE;chap->v.14: tete cheveux etaient blancs laine blanche yeux;LECTURE
Apocalypse 1:18;VGR;65-0418M;20;EXACT;vivant jai mort voici suis siecles tiens [couverture 10/12];CONCEPT
Hebreux 13:8;VGR;65-0418M;62;EXACT;christ meme hier aujourdhui eternellement [couverture 5/6];CONCEPT
Hebreux 13:8;VGR;65-0418M;277;EXACT;jesus meme hier aujourdhui eternellement [couverture 5/6];CONCEPT
Jean 5:24;VGR;65-0418M;159;EXACT;dis celui entend parole croit envoye vie eternelle [couverture 11/14];CONCEPT
Jean 14:12;VGR;65-0418M;64;EXACT;dis celui moi lui uvres fais parce [couverture 6/14];CONCEPT
Jean 14:12;VGR;65-0418M;113;EXACT;verite dis celui croit moi fera lui uvres [couverture 11/14];CONCEPT
Jean 14:12;VGR;65-0418M;316;VALIDE;dis moi lui;CONCEPT
Luc 17:30;VGR;65-0418M;92;EXACT;sera meme jour fils lhomme [couverture 6/7];CONCEPT
Malachie 4:0;VGR;65-0418M;93;VALIDE;chap->v.1: jour ceux jour;CONCEPT
Marc 16:1;VGR;65-0418M;19;PARTIEL;commencé, pas achevé — venir;CONCEPT
Marc 16:1;VGR;65-0418M;36;PARTIEL;commencé, pas achevé — passe;CONCEPT
Matthieu 27:51;VGR;65-0418M;281;PARTIEL;commencé, pas achevé — terre;CONCEPT
Romains 8:1;VGR;65-0418M;119;VALIDE;maintenant ceux jesus;CONCEPT
Romains 8:11;VGR;65-0418M;19;VALIDE;lesprit celui ressuscite jesus dentre morts habite christ;CONCEPT
Romains 8:11;VGR;65-0418M;69;EXACT;lesprit ressuscite dentre morts habite christ vivifiera vos [couverture 11/14];CONCEPT
Romains 8:11;VGR;65-0418M;120;EXACT;lesprit celui ressuscite jesus dentre morts habite corps [couverture 11/14];CONCEPT
Actes 10:49;VGR;65-0801M;199;LAPSUS;annoncé — dit en réalité actes 10:44;CONCEPT
actes 10:44;VGR;65-0801M;199;LAPSUS-LU;lu — annoncé sous Actes 10:49;CONCEPT
Apocalypse 3:14;VGR;65-0801M;46;PARTIEL;commencé, pas achevé — laodicee dieu;CONCEPT
Apocalypse 13:4;VGR;65-0801M;82;EXACT;parce quil avait donne bete [couverture 6/14];CONCEPT
Apocalypse 13:6;VGR;65-0801M;124;VALIDE;dieu nom ceux;CONCEPT
Apocalypse 18:0;VGR;65-0801M;45;VALIDE;chap->v.3: nations ont vin fureur fornication rois terre ont;CONCEPT
Apocalypse 18:1;VGR;65-0801M;45;EXACT;apres choses vis autre ange ciel grand terre [couverture 10/14];CONCEPT
Ephesiens 2:0;VGR;65-0801M;62;VALIDE;chap->v.2: lesquels avez marche autrefois selon train monde selon;CONCEPT
Ephesiens 2:1;VGR;65-0801M;62;EXACT;lorsque etiez morts vos fautes [couverture 6/7];CONCEPT
Ephesiens 2:2;VGR;65-0801M;136;VALIDE;marche train maintenant;CONCEPT
Ephesiens 4:30;VGR;65-0801M;168;VALIDE;saint dieu lequel avez jour;CONCEPT
Esaie 14:0;VGR;65-0801M;77;VALIDE;chap->v.13: toi cur monterai jeleverai trone etoiles dieu massierai;CONCEPT
Esaie 14:12;VGR;65-0801M;77;EXACT;tombe astre brillant fils laurore terre toi nations [couverture 5/13];CONCEPT
Galates 1:1;VGR;65-0801M;27;EXACT;paul apotre part hommes jesus christ dieu pere [couverture 10/12];CONCEPT
Hebreux 7:0;VGR;65-0801M;64;VALIDE;chap->v.4: combien grand etait celui abraham dime butin lui;CONCEPT
Hebreux 13:8;VGR;65-0801M;161;VALIDE;jesus christ meme hier aujourdhui eternellement;CONCEPT
Jean 1:0;VGR;65-0801M;71;VALIDE;chap->v.30: cest celui moi moi homme place avant moi;CONCEPT
Jean 1:0;VGR;65-0801M;88;VALIDE;chap->v.1: commencement etait parole parole etait dieu parole etait;CONCEPT
Jean 3:10;VGR;65-0801M;135;PARTIEL;commencé, pas achevé — lui connais;CONCEPT
Jean 4:5;VGR;65-0801M;58;PARTIEL;commencé, pas achevé — pres terre;CONCEPT
Jean 14:12;VGR;65-0801M;104;EXACT;moi fera lui [couverture 5/14];CONCEPT
Luc 17:30;VGR;65-0801M;104;VALIDE;meme jour fils;CONCEPT
Malachie 4:0;VGR;65-0801M;104;VALIDE;chap->v.1: jour vient jour vient;CONCEPT
Malachie 4:0;VGR;65-0801M;174;VALIDE;chap->v.1: jour vient jour vient;CONCEPT
Matthieu 24:0;VGR;65-0801M;34;VALIDE;chap->v.24: selevera faux faux prophetes signes prodiges maniere seduire;CONCEPT
Matthieu 27:15;VGR;65-0801M;71;VALIDE;avait celui quils;CONCEPT
Proverbes 3:5;VGR;65-0801M;131;PARTIEL;commencé, pas achevé — intelligence;CONCEPT
Actes 15:0;SKN;63-0322;236;VALIDE;chap->v.7: discussion ayant pierre hommes freres dieu choisi;CONCEPT
Actes 15:14;SKN;63-0322;236;EXACT;raconte comment dieu nations peuple nom [couverture 6/10];CONCEPT
Actes 19:0;SKN;63-0322;469;VALIDE;chap->v.4: paul jean baptise peuple quils croient apres lui;CONCEPT
Apocalypse 3:2;SKN;63-0322;165;EXACT;sois vigilant affermis reste devant dieu [couverture 6/13];CONCEPT
Apocalypse 3:3;SKN;63-0322;180;EXACT;toi comment recu entendu garde repens veilles viendrai [couverture 13/14];CONCEPT
Apocalypse 10:1-7;SKN;63-0322;193;PARTIEL;commencé, pas achevé — autre;CONCEPT
Apocalypse 10:1-7;SKN;63-0322;211;PARTIEL;commencé, pas achevé — autre;CONCEPT
Apocalypse 10:7;SKN;63-0322;320;PARTIEL;commencé, pas achevé — septieme ange;CONCEPT
Apocalypse 11:0;SKN;63-0322;302;VALIDE;chap->v.6: ont pouvoir quil jours ont pouvoir;CONCEPT
Apocalypse 11:0;SKN;63-0322;335;VALIDE;chap->v.7: auront acheve temoignage bete monte labime fera guerre;CONCEPT
Apocalypse 13:0;SKN;63-0322;97;VALIDE;chap->v.11: vis autre avait deux agneau;CONCEPT
Apocalypse 19:0;SKN;63-0322;430;VALIDE;chap->v.11: vis ciel cheval blanc assis;CONCEPT
Apocalypse 22:0;SKN;63-0322;203;VALIDE;chap->v.9: garde suis compagnon celui tes freres prophetes livre;CONCEPT
Apocalypse 22:8;SKN;63-0322;454;EXACT;cest moi entendu choses [couverture 5/14];CONCEPT
Apocalypse 22:19;SKN;63-0322;204;VALIDE;chose livre dieu;CONCEPT
Esaie 35:0;SKN;63-0322;56;VALIDE;chap->v.8: sera sera ceux ceux vont;CONCEPT
Malachie 4:0;SKN;63-0322;320;VALIDE;chap->v.4: souvenez loi moise lui;CONCEPT
Malachie 4:0;SKN;63-0322;321;VALIDE;chap->v.4: souvenez loi lui;CONCEPT
Malachie 4:0;SKN;63-0322;323;VALIDE;chap->v.4: souvenez loi moise lui;CONCEPT
Malachie 4:0;SKN;63-0322;325;VALIDE;chap->v.4: loi moise lui;CONCEPT
Matthieu 28:19;SKN;63-0322;80;PARTIEL;commencé, pas achevé — nom;CONCEPT
Actes 15:0;VGR;63-0322;236;VALIDE;chap->v.14: raconte comment dieu nations peuple nom;CONCEPT
Actes 15:14;VGR;63-0322;236;EXACT;raconte comment dieu nations peuple nom [couverture 6/10];CONCEPT
Actes 19:0;VGR;63-0322;469;VALIDE;chap->v.4: paul jean baptise peuple quils croient apres lui;CONCEPT
Apocalypse 3:2;VGR;63-0322;165;EXACT;sois vigilant affermis reste devant dieu [couverture 6/13];CONCEPT
Apocalypse 3:3;VGR;63-0322;180;EXACT;toi comment recu entendu garde repens veilles viendrai [couverture 13/14];CONCEPT
Apocalypse 10:1;VGR;63-0322;193;PARTIEL;commencé, pas achevé — autre;CONCEPT
Apocalypse 10:1;VGR;63-0322;211;PARTIEL;commencé, pas achevé — autre;CONCEPT
Apocalypse 10:7;VGR;63-0322;320;PARTIEL;commencé, pas achevé — septieme ange;CONCEPT
Apocalypse 11:0;VGR;63-0322;302;VALIDE;chap->v.6: ont pouvoir quil jours ont pouvoir;CONCEPT
Apocalypse 11:0;VGR;63-0322;335;VALIDE;chap->v.7: auront acheve temoignage bete monte labime guerre vaincra;CONCEPT
Apocalypse 13:0;VGR;63-0322;97;VALIDE;chap->v.11: vis autre avait deux agneau;CONCEPT
Apocalypse 19:0;VGR;63-0322;430;VALIDE;chap->v.11: vis ciel cheval blanc assis;CONCEPT
Apocalypse 22:0;VGR;63-0322;203;VALIDE;chap->v.9: garde suis compagnon celui tes freres prophetes livre;CONCEPT
Apocalypse 22:8;VGR;63-0322;454;EXACT;cest moi entendu choses [couverture 5/14];CONCEPT
Esaie 35:0;VGR;63-0322;56;VALIDE;chap->v.8: sera sera ceux ceux vont;CONCEPT
Malachie 4:0;VGR;63-0322;320;VALIDE;chap->v.4: souvenez loi moise lui;CONCEPT
Malachie 4:0;VGR;63-0322;321;VALIDE;chap->v.4: souvenez loi lui;CONCEPT
Malachie 4:0;VGR;63-0322;323;VALIDE;chap->v.4: souvenez loi moise lui;CONCEPT
Malachie 4:0;VGR;63-0322;325;VALIDE;chap->v.1: voici vient vient;CONCEPT
Matthieu 28:19;VGR;63-0322;80;PARTIEL;commencé, pas achevé — nom;CONCEPT
Actes 15:14;SKN;61-0806;195;VALIDE;dieu nations peuple nom;CONCEPT
Apocalypse 11:0;SKN;61-0806;150;VALIDE;chap->v.6: ceux ont quil ont;CONCEPT
Apocalypse 11:0;SKN;61-0806;168;VALIDE;chap->v.11: trois jours demi lesprit vie dieu eux grande;CONCEPT
Apocalypse 11:3;SKN;61-0806;221;EXACT;donnerai mes deux temoins jours [couverture 5/9];CONCEPT
Apocalypse 13:0;SKN;61-0806;184;VALIDE;chap->v.15: lui bete bete parle meme fasse;CONCEPT
Apocalypse 13:14;SKN;61-0806;180;EXACT;terre cause quil lui donne bete disant image [couverture 7/14];CONCEPT
Apocalypse 13:14;SKN;61-0806;182;EXACT;terre quil lui donne bete disant image [couverture 6/14];CONCEPT
Apocalypse 19:21;SKN;61-0806;193;PARTIEL;commencé, pas achevé — reste;CONCEPT
Daniel 7:0;SKN;61-0806;142;VALIDE;chap->v.6: apres cela vis autre avait bete avait;CONCEPT
Daniel 9:0;SKN;61-0806;61;VALIDE;chap->v.4: dieu confession dis dieu grand;CONCEPT
Daniel 12:0;SKN;61-0806;67;VALIDE;chap->v.5: moi daniel deux autres lun;CONCEPT
Galates 3:16;SKN;61-0806;195;VALIDE;cest abraham ont dun seul christ;CONCEPT
Genese 12:3;SKN;61-0806;195;PARTIEL;commencé, pas achevé — ceux terre;CONCEPT
Levitique 25:0;SKN;61-0806;197;VALIDE;chap->v.11: annee lan cinquantieme sera jubile soi meme;CONCEPT
Levitique 25:8;SKN;61-0806;197;PARTIEL;commencé, pas achevé — ans;CONCEPT
Luc 21:24;SKN;61-0806;75;EXACT;tomberont tranchant lepee seront captifs parmi nations jerusalem [couverture 13/14];CONCEPT
Malachie 3:0;SKN;61-0806;146;VALIDE;chap->v.7: jours vos peres etes mes moi;CONCEPT
Malachie 4:0;SKN;61-0806;146;VALIDE;chap->v.1: voici jour ceux jour;CONCEPT
Matthieu 11:6;SKN;61-0806;146;PARTIEL;commencé, pas achevé — moi;CONCEPT
Matthieu 24:0;SKN;61-0806;180;VALIDE;chap->v.2: lui voyez dis sera ici;CONCEPT
Matthieu 24:0;SKN;61-0806;182;VALIDE;chap->v.2: lui voyez dis sera ici soit;CONCEPT
Actes 15:14;VGR;61-0806;195;VALIDE;dieu nations peuple nom;CONCEPT
Apocalypse 11:0;VGR;61-0806;150;VALIDE;chap->v.6: ceux ont quil ont;CONCEPT
Apocalypse 11:0;VGR;61-0806;168;VALIDE;chap->v.11: trois jours demi lesprit vie dieu eux grande;CONCEPT
Apocalypse 11:3;VGR;61-0806;221;EXACT;donnerai mes deux temoins jours [couverture 5/9];CONCEPT
Apocalypse 13:0;VGR;61-0806;184;VALIDE;chap->v.18: ici nombre bete cest nombre nombre;CONCEPT
Apocalypse 13:14;VGR;61-0806;180;EXACT;terre cause quil lui donne bete disant image [couverture 7/14];CONCEPT
Apocalypse 13:14;VGR;61-0806;182;EXACT;terre quil lui donne bete disant image [couverture 6/14];CONCEPT
Apocalypse 19:21;VGR;61-0806;193;PARTIEL;commencé, pas achevé — reste celui;CONCEPT
Daniel 7:0;VGR;61-0806;142;VALIDE;chap->v.23: bete sera terre sera different terre;CONCEPT
Daniel 9:0;VGR;61-0806;61;VALIDE;chap->v.4: dieu confession dis dieu grand;CONCEPT
Daniel 12:0;VGR;61-0806;67;VALIDE;chap->v.5: moi daniel voici deux autres lun;CONCEPT
Galates 3:16;VGR;61-0806;195;VALIDE;cest abraham ont dun seul christ;CONCEPT
Genese 12:3;VGR;61-0806;195;PARTIEL;commencé, pas achevé — ceux terre;CONCEPT
Levitique 25:0;VGR;61-0806;197;VALIDE;chap->v.11: annee lan cinquantieme sera jubile soi meme;CONCEPT
Levitique 25:8;VGR;61-0806;197;PARTIEL;commencé, pas achevé — ans;CONCEPT
Luc 21:24;VGR;61-0806;75;EXACT;tomberont tranchant lepee seront captifs parmi nations jerusalem [couverture 13/14];CONCEPT
Malachie 3:0;VGR;61-0806;146;VALIDE;chap->v.7: jours vos peres etes mes moi;CONCEPT
Malachie 4:0;VGR;61-0806;146;VALIDE;chap->v.1: voici jour ceux jour;CONCEPT
Matthieu 11:6;VGR;61-0806;146;PARTIEL;commencé, pas achevé — moi;CONCEPT
Matthieu 24:0;VGR;61-0806;180;VALIDE;chap->v.2: lui voyez dis sera ici;CONCEPT
Matthieu 24:0;VGR;61-0806;182;VALIDE;chap->v.2: lui voyez dis sera ici soit;CONCEPT
Actes 16:31;SKN;64-0308;135;VALIDE;crois seigneur sauve maison;CONCEPT
Apocalypse 17:0;SKN;64-0308;164;VALIDE;chap->v.10: nest faut quil demeure;CONCEPT
Ephesiens 2:12;SKN;64-0308;139;PARTIEL;commencé, pas achevé — dieu;CONCEPT
Ephesiens 4:30;SKN;64-0308;147;EXACT;nattristez saint dieu lequel avez scelles jour redemption [couverture 8/9];CONCEPT
Esaie 35:0;SKN;64-0308;76;VALIDE;chap->v.2: sera gloire lui sera;CONCEPT
Genese 4:10;SKN;64-0308;134;VALIDE;sang frere terre;CONCEPT
Hebreux 9:11;SKN;64-0308;140;VALIDE;nest main cest;CONCEPT
Hebreux 10:26;SKN;64-0308;93;EXACT;pechons volontairement apres recu connaissance verite reste sacrifice [couverture 8/9];CONCEPT
Hebreux 12:0;SKN;64-0308;134;VALIDE;chap->v.24: dune sang parle mieux;CONCEPT
Hebreux 13:8;SKN;64-0308;146;VALIDE;jesus christ meme;CONCEPT
Hebreux 13:10;SKN;64-0308;116;PARTIEL;commencé, pas achevé — manger;CONCEPT
Jean 14:12;SKN;64-0308;168;EXACT;verite dis celui croit moi fera uvres fais [couverture 13/14];CONCEPT
Malachie 4:0;SKN;64-0308;108;VALIDE;chap->v.6: cur peres cur peres;CONCEPT
Actes 16:31;VGR;63-0901M;366;EXACT;crois seigneur jesus sauve toi maison [couverture 6/8];CONCEPT
Actes 19:0;VGR;63-0901M;103;VALIDE;chap->v.2: avez recu saint apres cru lui navons entendu;CONCEPT
Ephesiens 2:12;VGR;63-0901M;376;PARTIEL;commencé, pas achevé — temps dieu;CONCEPT
Ephesiens 4:30;VGR;63-0901M;400;EXACT;nattristez saint esprit dieu lequel avez scelles jour [couverture 9/9];CONCEPT
Genese 4:10;VGR;63-0901M;355;VALIDE;sang frere crie terre;CONCEPT
Genese 4:10;VGR;63-0901M;357;VALIDE;sang frere crie terre;CONCEPT
Genese 9:0;VGR;63-0901M;322;VALIDE;chap->v.17: dieu cest signe lalliance moi chair;CONCEPT
Hebreux 9:11-14;VGR;63-0901M;376;VALIDE;venu grand main cest;CONCEPT
Hebreux 10:12;VGR;63-0901M;357;VALIDE;celui seul dieu;CONCEPT
Hebreux 11:0;VGR;63-0901M;88;VALIDE;chap->v.16: maintenant cest cest dieu deux detre dieu;CONCEPT
Hebreux 12:24;VGR;63-0901M;357;VALIDE;jesus sang parle mieux;CONCEPT
Hebreux 13:0;VGR;63-0901M;322;VALIDE;chap->v.20: dieu grand sang lalliance eternelle jesus;CONCEPT
Hebreux 13:8;VGR;63-0901M;387;EXACT;jesus christ meme hier aujourdhui [couverture 5/6];CONCEPT
Hebreux 13:8;VGR;63-0901M;432;VALIDE;jesus christ meme hier aujourdhui;CONCEPT
Hebreux 13:10;VGR;63-0901M;322;PARTIEL;commencé, pas achevé — avons ceux;CONCEPT
Hebreux 13:10;VGR;63-0901M;324;PARTIEL;commencé, pas achevé — avons;CONCEPT
Jean 14:12;VGR;63-0901M;328;EXACT;celui croit moi fera uvres fais [couverture 8/14];CONCEPT
Romains 8:1;VGR;63-0901M;330;EXACT;maintenant aucune condamnation ceux jesus [couverture 5/6];CONCEPT
Actes 16:31;VGR;64-0208;128;VALIDE;seigneur jesus sauve maison;CONCEPT
Ephesiens 4:30;VGR;64-0208;138;EXACT;nattristez saint dieu lequel avez scelles jour redemption [couverture 8/9];CONCEPT
Exode 12:12;VGR;64-0208;2;EXACT;passerai pays degypte nuit frapperai premier depuis jusquaux [couverture 12/14];LECTURE
Genese 4:10;VGR;64-0208;127;VALIDE;voix sang crie;CONCEPT
Hebreux 1:0;VGR;64-0208;111;VALIDE;chap->v.1: dieu autrefois plusieurs reprises plusieurs manieres parle peres;CONCEPT
Hebreux 9:11;VGR;64-0208;136;VALIDE;christ etant grand cest;CONCEPT
Hebreux 12:24;VGR;64-0208;127;VALIDE;jesus sang parle mieux;CONCEPT
Hebreux 13:0;VGR;64-0208;106;VALIDE;chap->v.12: cest jesus quil peuple sang porte;CONCEPT
Hebreux 13:8;VGR;64-0208;137;VALIDE;christ meme aujourdhui;CONCEPT
Jean 14:12;VGR;64-0208;160;EXACT;dis celui croit moi fera lui uvres fais [couverture 11/14];CONCEPT
Malachie 4:0;VGR;64-0208;187;VALIDE;chap->v.6: fera cur peres cur peres;CONCEPT
Actes 16:31;VGR;64-0308;135;VALIDE;crois seigneur sauve maison;CONCEPT
Apocalypse 17:0;VGR;64-0308;164;VALIDE;chap->v.10: nest faut quil demeure;CONCEPT
Ephesiens 2:12;VGR;64-0308;139;PARTIEL;commencé, pas achevé — christ dieu;CONCEPT
Ephesiens 4:30;VGR;64-0308;147;EXACT;nattristez saint dieu lequel avez scelles jour redemption [couverture 8/9];CONCEPT
Esaie 35:0;VGR;64-0308;76;VALIDE;chap->v.2: sera gloire lui sera;CONCEPT
Genese 4:10;VGR;64-0308;134;VALIDE;sang frere terre;CONCEPT
Hebreux 9:11;VGR;64-0308;140;EXACT;christ nest main cest [couverture 5/14];CONCEPT
Hebreux 10:26;VGR;64-0308;93;EXACT;pechons volontairement apres recu connaissance verite reste sacrifice [couverture 8/9];CONCEPT
Hebreux 12:0;VGR;64-0308;134;VALIDE;chap->v.24: dune sang parle mieux;CONCEPT
Hebreux 13:8;VGR;64-0308;146;VALIDE;jesus christ meme;CONCEPT
Hebreux 13:10;VGR;64-0308;116;PARTIEL;commencé, pas achevé — manger;CONCEPT
Jean 14:12;VGR;64-0308;168;EXACT;verite dis celui croit moi fera uvres fais [couverture 13/14];CONCEPT
Malachie 4:0;VGR;64-0308;108;VALIDE;chap->v.6: cur peres cur peres;CONCEPT
Actes 19:0;SKN;51-0509;56;VALIDE;chap->v.10: cela continua pendant ans ceux parole seigneur tant;CONCEPT
Jean 5:19;SKN;51-0509;35;EXACT;jesus verite dis fils rien lui quil voie [couverture 9/14];CONCEPT
Jean 5:19;SKN;51-0509;36;EXACT;jesus verite dis fils rien lui quil voie [couverture 11/14];CONCEPT
Jean 14:0;SKN;51-0509;34;VALIDE;chap->v.10: crois moi pere pere moi moi dis dis;CONCEPT
Actes 19:0;SKN;51-0720;54;VALIDE;chap->v.15: connais jesus sais paul etes;CONCEPT
Marc 11:24;SKN;51-0720;47;VALIDE;cest dis demanderez priant croyez recevez sera;CONCEPT
Actes 19:0;SKN;51-0722E;12;VALIDE;chap->v.2: avez saint apres cru lui meme saint;CONCEPT
Jean 4:46;SKN;51-0722E;15;VALIDE;cana galilee avait leau vin capernaum seigneur cour;LECTURE
Actes 19:0;SKN;51-0727;58;VALIDE;chap->v.15: lesprit connais jesus sais paul etes;CONCEPT
Hebreux 3:1;SKN;51-0727;40;VALIDE;cest saints celeste souverain sacrificateur confession jesus;CONCEPT
Hebreux 8:13;SKN;51-0727;23;PARTIEL;commencé, pas achevé — pres;CONCEPT
Jean 5:0;SKN;51-0727;20;VALIDE;chap->v.19: jesus verite verite dis fils rien lui meme;CONCEPT
Jean 14:12;SKN;51-0727;23;EXACT;verite dis moi lui uvres fais grandes celles [couverture 6/14];CONCEPT
Marc 16:0;SKN;51-0727;18;VALIDE;chap->v.17: ici accompagneront ceux auront cru nom chasseront demons;CONCEPT
Matthieu 24:0;SKN;51-0727;15;VALIDE;chap->v.21: alors aura quil monde maintenant quil aura jamais;CONCEPT
Psaumes 103:3;SKN;51-0727;45;VALIDE;cest lui pardonne tes iniquites guerit;CONCEPT
Actes 19:0;SKN;51-0729E;26;VALIDE;chap->v.2: avez recu saint cru lui dirent meme saint;CONCEPT
Esaie 53:0;SKN;51-0729E;28;VALIDE;chap->v.11: ame serviteur juste plusieurs lui portera;CONCEPT
Hebreux 3:1;SKN;51-0729E;33;VALIDE;cest freres considerez souverain sacrificateur confession;CONCEPT
Jean 4:46;SKN;51-0729E;28;VALIDE;cana galilee avait leau vin capernaum seigneur fils;CONCEPT
Actes 19:0;SKN;51-0923;73;VALIDE;chap->v.2: avez lesprit apres cru lui meme entendu lesprit;CONCEPT
Hebreux 3:0;SKN;51-0923;31;VALIDE;chap->v.17: contre fut ans nest contre ont peche;CONCEPT
Jean 14:7;SKN;51-0923;47;VALIDE;connu pere maintenant;CONCEPT
Psaumes 103:3;SKN;51-0923;24;VALIDE;cest lui pardonne tes iniquites guerit;CONCEPT
Actes 19:0;SKN;53-0328;43;VALIDE;chap->v.2: avez recu saint cru lui meme entendu saint;CONCEPT
Ephesiens 4:30;SKN;53-0328;40;EXACT;saint dieu lequel avez jour redemption [couverture 6/9];CONCEPT
Jean 5:24;SKN;53-0328;28;EXACT;dis celui parole croit envoye vie eternelle vient [couverture 11/14];CONCEPT
Psaumes 103:3;SKN;53-0328;52;VALIDE;lui tes guerit;CONCEPT
Romains 8:1;SKN;53-0328;106;EXACT;maintenant aucune condamnation ceux jesus [couverture 5/6];CONCEPT
Actes 19:0;SKN;53-0531;31;VALIDE;chap->v.2: avez lesprit saint lui meme lesprit saint;CONCEPT
Hebreux 13:8;SKN;53-0531;4;VALIDE;jesus christ meme hier aujourdhui eternellement;LECTURE
Jean 5:0;SKN;53-0531;21;VALIDE;chap->v.19: jesus verite verite dis fils rien lui meme;CONCEPT
Jean 5:0;SKN;53-0531;23;VALIDE;chap->v.19: jesus verite verite dis fils rien lui meme;CONCEPT
Jean 5:19;SKN;53-0531;23;EXACT;jesus verite dis fils rien lui meme quil [couverture 7/14];CONCEPT
Jean 12:0;SKN;53-0531;23;VALIDE;chap->v.18: cest pourquoi foule alla devant lui parce quils;CONCEPT
Jean 14:12;SKN;53-0531;23;EXACT;verite dis croit moi lui fais grandes celles [couverture 5/14];CONCEPT
Actes 19:0;SKN;53-0604;5;VALIDE;chap->v.2: avez recu lesprit saint apres cru lui lesprit;LECTURE
Ephesiens 4:30;SKN;53-0604;5;VALIDE;nattristez saint dieu lequel avez jour redemption;LECTURE
Hebreux 11:2;SKN;53-0604;10;PARTIEL;commencé, pas achevé — cest temoignage;CONCEPT
Actes 19:0;SKN;53-0608A;52;VALIDE;chap->v.2: avez lui navons meme;CONCEPT
Jean 5:7;SKN;53-0608A;57;VALIDE;lui seigneur nai leau;CONCEPT
Psaumes 103:1;SKN;53-0608A;12;EXACT;ame benis leternel moi benisse saint nom [couverture 7/8];LECTURE
Actes 19:0;SKN;53-0729;198;VALIDE;chap->v.2: avez recu saint cru lui dirent meme saint;CONCEPT
Apocalypse 11:0;SKN;53-0729;224;VALIDE;chap->v.11: trois jours demi vie pieds;CONCEPT
Ephesiens 1:0;SKN;53-0729;58;VALIDE;chap->v.3: beni soit dieu pere seigneur jesus christ benis;CONCEPT
Ephesiens 4:30;SKN;53-0729;138;EXACT;saint dieu lequel scelles jour redemption [couverture 6/9];CONCEPT
Esaie 28:0;SKN;53-0729;139;VALIDE;chap->v.12: ici repos faites celui ici;CONCEPT
Esaie 28:0;SKN;53-0729;165;VALIDE;chap->v.10: ligne ligne ligne ligne ici;CONCEPT
Galates 1:8;SKN;53-0729;163;VALIDE;ange ciel soit anatheme;CONCEPT
Genese 1:0;SKN;53-0729;42;VALIDE;chap->v.25: dieu fit terre selon betail selon sol selon;CONCEPT
Genese 1:26;SKN;53-0729;9;PARTIEL;commencé, pas achevé — terre;CONCEPT
Genese 1:26;SKN;53-0729;10;VALIDE;dieu faisons image selon ressemblance poissons mer oiseaux;CONCEPT
Genese 1:26;SKN;53-0729;12;EXACT;dieu faisons homme image selon ressemblance poissons mer [couverture 11/14];CONCEPT
Genese 1:26;SKN;53-0729;14;EXACT;dieu faisons homme image selon ressemblance poissons mer [couverture 11/14];LECTURE
Genese 1:26;SKN;53-0729;15;EXACT;dieu homme image selon ressemblance betail terre [couverture 7/14];LECTURE
Genese 1:26;SKN;53-0729;48;EXACT;dieu homme image selon ressemblance terre [couverture 6/14];CONCEPT
Genese 1:26;SKN;53-0729;54;VALIDE;dieu image terre;CONCEPT
Genese 1:26;SKN;53-0729;78;VALIDE;dieu homme mer terre;CONCEPT
Genese 2:0;SKN;53-0729;46;VALIDE;chap->v.7: dieu forma poussiere sol souffla vie devint ame;CONCEPT
Genese 2:0;SKN;53-0729;93;VALIDE;chap->v.18: dieu bon soit seul lui ferai aide lui;CONCEPT
Genese 2:7;SKN;53-0729;9;VALIDE;forma poussiere souffla narines;CONCEPT
Genese 2:7;SKN;53-0729;10;EXACT;dieu forma poussiere souffla narines [couverture 5/14];CONCEPT
Genese 2:7;SKN;53-0729;13;EXACT;dieu forma poussiere souffla narines vie devint ame [couverture 9/14];CONCEPT
Genese 2:7;SKN;53-0729;14;EXACT;dieu forma poussiere souffla narines vie devint ame [couverture 9/14];LECTURE
Genese 2:7;SKN;53-0729;46;EXACT;dieu forma poussiere sol souffla vie devint ame [couverture 9/14];CONCEPT
Genese 2:7;SKN;53-0729;78;EXACT;dieu forma poussiere souffla narines vie [couverture 5/14];CONCEPT
Genese 2:18-21;SKN;53-0729;93;EXACT;dieu bon soit seul lui ferai aide forma [couverture 6/12];CONCEPT
Genese 2:18-21;SKN;53-0729;94;EXACT;dieu bon soit seul lui ferai aide forma [couverture 8/12];CONCEPT
Hebreux 4:0;SKN;53-0729;152;VALIDE;chap->v.2: avons ceux parole servit rien foi ceux;CONCEPT
Hebreux 9:0;SKN;53-0729;151;VALIDE;chap->v.11: etant venu venir main;CONCEPT
Jean 1:0;SKN;53-0729;32;VALIDE;chap->v.1: commencement etait parole parole etait dieu parole etait;CONCEPT
Jean 5:7;SKN;53-0729;257;PARTIEL;commencé, pas achevé — lui;CONCEPT
Jean 17:17;SKN;53-0729;277;EXACT;sanctifie verite parole [couverture 4/4];CONCEPT
Matthieu 10:0;SKN;53-0729;279;VALIDE;chap->v.1: ayant appele donna esprits chasser guerir;CONCEPT
Matthieu 24:0;SKN;53-0729;241;VALIDE;chap->v.29: apres tribulation soleil lune donnera lumiere etoiles tomberont;CONCEPT
Matthieu 24:0;SKN;53-0729;281;VALIDE;chap->v.2: lui voyez dis sera ici soit;CONCEPT
Matthieu 24:29;SKN;53-0729;240;EXACT;apres tribulation soleil lune donnera lumiere etoiles tomberont [couverture 9/14];CONCEPT
Actes 19:0;SKN;53-1104;24;VALIDE;chap->v.34: quil etait dune voix durant pres deux heures;CONCEPT
Jeremie 1:4;SKN;53-1104;11;PARTIEL;commencé, pas achevé — parole moi;CONCEPT
Actes 19:0;SKN;53-1201;3;VALIDE;chap->v.34: connu quil etait seule durant pres heures grande;LECTURE
Actes 19:0;SKN;53-1205;102;VALIDE;chap->v.4: paul jean baptise bapteme repentance disant quils croient;CONCEPT
Ephesiens 4:30;SKN;53-1205;9;VALIDE;nattristez saint esprit dieu lequel avez scelles jour;CONCEPT
Galates 1:8;SKN;53-1205;31;EXACT;ange venu ciel avons quil soit anatheme [couverture 6/11];CONCEPT
Actes 19:0;SKN;54-0216;19;VALIDE;chap->v.2: recu saint apres lui meme entendu saint;CONCEPT
Actes 19:0;SKN;54-1207;3;VALIDE;chap->v.2: recu saint cru lui meme saint;LECTURE
Hebreux 13:8;SKN;54-1207;23;EXACT;jesus meme hier aujourdhui eternellement [couverture 5/6];CONCEPT
Hebreux 13:8;SKN;54-1207;33;VALIDE;jesus meme hier aujourdhui eternellement;CONCEPT
Jean 5:19;SKN;54-1207;31;EXACT;jesus verite dis fils rien lui meme quil [couverture 6/14];CONCEPT
Actes 19:0;SKN;55-0612;5;VALIDE;chap->v.10: cela pendant deux ans sorte ceux seigneur;LECTURE
Jean 5:0;SKN;55-0612;62;VALIDE;chap->v.19: jesus verite verite dis fils rien lui meme;CONCEPT
Jean 5:19;SKN;55-0612;63;EXACT;jesus verite dis fils rien lui meme quil [couverture 7/14];CONCEPT
Actes 19:0;SKN;55-1120;31;VALIDE;chap->v.4: paul jean baptise bapteme repentance celui venait apres;CONCEPT
Jean 5:24;SKN;55-1120;76;EXACT;dis celui entend parole croit envoye vie eternelle [couverture 9/14];CONCEPT
Actes 19:0;SKN;56-0414;3;VALIDE;chap->v.10: cela pendant deux ans ceux seigneur tant;CONCEPT
Jean 5:19;SKN;56-0414;12;EXACT;jesus verite dis fils rien lui meme quil [couverture 5/14];CONCEPT
Jean 5:24;SKN;56-0414;42;VALIDE;verite dis celui parole croit envoye vie eternelle;CONCEPT
Jean 15:0;SKN;56-0414;63;VALIDE;chap->v.2: sarment moi porte fruit sarment porte fruit afin;CONCEPT
Marc 11:24;SKN;56-0414;59;VALIDE;cest dis demanderez priant croyez sera;CONCEPT
Marc 16:0;SKN;56-0414;57;VALIDE;chap->v.17: accompagneront ceux auront cru nom chasseront demons parleront;CONCEPT
Actes 19:0;SKN;56-0415;7;VALIDE;chap->v.34: quil etait dune seule deux heures grande;CONCEPT
Jean 5:0;SKN;56-0415;58;VALIDE;chap->v.19: jesus verite verite dis fils rien lui meme;CONCEPT
Jean 5:19;SKN;56-0415;58;EXACT;jesus verite dis fils rien lui meme quil [couverture 8/14];CONCEPT
Jean 5:24;SKN;56-0415;46;VALIDE;dis celui parole croit envoye vie eternelle vient;CONCEPT
Actes 19:0;SKN;56-0815;29;VALIDE;chap->v.4: paul bapteme disant quils croient celui lui cest;CONCEPT
Ephesiens 4:30;SKN;56-0815;29;VALIDE;nattristez saint esprit dieu lequel avez jour;CONCEPT
Hebreux 1:0;SKN;56-0815;30;VALIDE;chap->v.5: jamais fils lui pere lui sera;CONCEPT
Jean 5:19;SKN;56-0815;77;EXACT;jesus verite dis fils rien lui meme quil [couverture 9/14];CONCEPT
Actes 19:0;SKN;56-1005;7;VALIDE;chap->v.10: cela pendant deux ans ceux asie parole seigneur;LECTURE
Hebreux 11:0;SKN;56-1005;12;VALIDE;chap->v.40: dieu ayant quelque chose perfection;LECTURE
Actes 19:0;SKN;56-1208;34;VALIDE;chap->v.2: avez recu saint apres cru lui navons meme;CONCEPT
Ephesiens 4:30;SKN;56-1208;35;VALIDE;nattristez saint dieu lequel avez jour redemption;CONCEPT
Hebreux 13:8;SKN;56-1208;48;VALIDE;jesus christ meme hier aujourdhui eternellement;CONCEPT
Hebreux 13:8;SKN;56-1208;63;VALIDE;jesus christ meme hier aujourdhui eternellement;CONCEPT
Jean 5:24;SKN;56-1208;51;EXACT;verite dis celui parole croit envoye vie eternelle [couverture 6/14];CONCEPT
Romains 4:0;SKN;56-1208;3;VALIDE;chap->v.12: quil pere ceux ceux foi qua pere;CONCEPT
Actes 19:0;SKN;57-0305;58;VALIDE;chap->v.2: avez saint lui navons meme saint;CONCEPT
Hebreux 13:8;SKN;57-0305;56;VALIDE;jesus christ meme hier aujourdhui eternellement;CONCEPT
Jean 1:0;SKN;57-0305;55;VALIDE;chap->v.30: cest celui moi moi homme avant moi etait;CONCEPT
Jean 5:19;SKN;57-0305;54;VALIDE;jesus verite dis fils rien lui meme quil;CONCEPT
Actes 19:0;SKN;57-0518;1;VALIDE;chap->v.2: avez apres lui meme;CONCEPT
Jean 5:0;SKN;57-0518;43;VALIDE;chap->v.24: verite verite dis celui parole croit celui envoye;CONCEPT
Jean 5:19;SKN;57-0518;44;EXACT;jesus verite dis fils rien lui meme quil [couverture 7/14];CONCEPT
Actes 19:0;SKN;57-0728;77;VALIDE;chap->v.15: lesprit malin connais jesus sais paul etes;CONCEPT
Jean 5:19;SKN;57-0728;60;EXACT;jesus verite dis fils rien lui meme quil [couverture 12/14];CONCEPT
Psaumes 47:0;SKN;57-0728;39;VALIDE;chap->v.9: dieu terre dieu fort;CONCEPT
Psaumes 63:0;SKN;57-0728;28;VALIDE;chap->v.1: dieu dieu cherche jour ame soif toi chair;CONCEPT
Romains 8:0;SKN;57-0728;74;VALIDE;chap->v.5: ceux selon ont choses ceux selon choses lesprit;CONCEPT
Actes 19:0;SKN;58-0126;14;VALIDE;chap->v.2: avez recu lesprit saint apres cru lui entendu;LECTURE
Psaumes 103:3;SKN;58-0126;52;VALIDE;cest lui tes guerit;CONCEPT
Actes 19:0;SKN;58-0209E;3;VALIDE;chap->v.10: cela pendant ceux parole seigneur tant;CONCEPT
Jean 3:0;SKN;58-0209E;41;VALIDE;chap->v.19: cest ici lumiere hommes ont lumiere etaient;CONCEPT
Jean 5:19;SKN;58-0209E;72;EXACT;jesus verite dis fils rien lui meme quil [couverture 10/14];CONCEPT
Actes 19:0;SKN;58-0316E;96;VALIDE;chap->v.4: paul disant peuple quils celui lui cest;CONCEPT
Jean 1:0;SKN;58-0316E;81;VALIDE;chap->v.47: nathanael lui venir quelque chose bon nazareth philippe;CONCEPT
Jean 5:19;SKN;58-0316E;78;EXACT;jesus verite dis fils rien lui meme quil [couverture 10/14];CONCEPT
Marc 16:0;SKN;58-0316E;50;VALIDE;chap->v.11: ceux quil etait quil avait;CONCEPT
Marc 16:0;SKN;58-0316E;51;VALIDE;chap->v.16: celui cru sera celui cru sera;CONCEPT
Actes 19:0;SKN;58-0330A;60;VALIDE;chap->v.2: avez recu saint apres cru saint;CONCEPT
Jacques 5:14;SKN;58-0330A;31;VALIDE;malade lui seigneur;CONCEPT
Marc 16:0;SKN;58-0330A;22;VALIDE;chap->v.17: ici signes accompagneront ceux auront cru nom chasseront;CONCEPT
Marc 16:0;SKN;58-0330A;31;VALIDE;chap->v.18: auront quelque chose cela imposeront mains ceux;CONCEPT
Marc 16:0;SKN;58-0330A;36;VALIDE;chap->v.18: quelque chose cela mains ceux;CONCEPT
Marc 16:0;SKN;58-0330A;37;VALIDE;chap->v.18: quelque chose cela mains ceux;CONCEPT
Marc 16:0;SKN;58-0330A;38;VALIDE;chap->v.17: signes accompagneront ceux auront cru;CONCEPT
Marc 16:0;SKN;58-0330A;55;VALIDE;chap->v.6: jesus ressuscite ici;CONCEPT
Actes 19:0;SKN;58-0330E;9;VALIDE;chap->v.2: avez saint apres lui meme saint;LECTURE
Jean 14:0;SKN;58-0330E;40;VALIDE;chap->v.10: moi suis moi moi dis dis moi meme;CONCEPT
Actes 19:0;SKN;58-1002;61;VALIDE;chap->v.4: paul jean baptise bapteme repentance disant quils celui;CONCEPT
Galates 1:8;SKN;58-1002;62;EXACT;ange venu ciel avons quil soit anatheme [couverture 7/11];CONCEPT
Jean 13:0;SKN;58-1002;37;VALIDE;chap->v.19: dis maintenant avant cela arrive afin arrive cest;CONCEPT
Luc 24:49;SKN;58-1002;22;VALIDE;voici jenvoie pere ville jusqua soyez revetus puissance;CONCEPT
Actes 19:0;SKN;58-1005M;90;VALIDE;chap->v.2: avez recu saint lui meme entendu saint;CONCEPT
Galates 1:8;SKN;58-1005M;103;EXACT;ange ciel avons soit anatheme [couverture 5/11];CONCEPT
Jean 5:19;SKN;58-1005M;99;EXACT;jesus verite dis fils rien lui meme chose [couverture 5/14];CONCEPT
Actes 19:0;SKN;59-0415A;33;VALIDE;chap->v.4: paul jean baptise bapteme repentance disant peuple quils;CONCEPT
Ephesiens 4:40;SKN;59-0415A;66;LAPSUS;annoncé — dit en réalité ephesiens 4:30;CONCEPT
ephesiens 4:30;SKN;59-0415A;66;LAPSUS-LU;lu — annoncé sous Ephesiens 4:40;CONCEPT
Actes 19:0;SKN;59-0424A;47;VALIDE;chap->v.2: avez recu saint apres cru lui meme saint;CONCEPT
Ephesiens 4:30;SKN;59-0424A;133;EXACT;nattristez saint esprit dieu lequel avez jour redemption [couverture 8/9];CONCEPT
Jean 5:24;SKN;59-0424A;79;EXACT;celui parole croit envoye vie eternelle vient jugement [couverture 10/14];CONCEPT
Actes 19:0;SKN;59-0424E;18;VALIDE;chap->v.2: avez recu saint apres lui meme saint;CONCEPT
Jean 4:0;SKN;59-0424E;82;VALIDE;chap->v.25: femme lui sais sera venu fera connaitre;CONCEPT
Jean 17:0;SKN;59-0424E;72;VALIDE;chap->v.3: cest ici vie eternelle quils seul vrai dieu;CONCEPT
Actes 19:0;SKN;59-0707;42;VALIDE;chap->v.2: avez recu lesprit saint cru lui meme lesprit;CONCEPT
Ephesiens 4:30;SKN;59-0707;43;VALIDE;nattristez saint dieu lequel avez jour redemption;CONCEPT
Jean 4:0;SKN;59-0707;55;VALIDE;chap->v.25: femme lui sais messie christ vient sera venu;CONCEPT
Jean 5:19;SKN;59-0707;37;EXACT;jesus verite dis fils rien lui meme quil [couverture 5/14];CONCEPT
Jeremie 8:22;SKN;59-0707;12;VALIDE;baume galaad medecin pourquoi fille peuple;CONCEPT
Psaumes 103:0;SKN;59-0707;3;VALIDE;chap->v.10: selon nos peches selon nos;CONCEPT
Actes 19:0;SKN;59-0708E;4;VALIDE;chap->v.4: paul jean quils croient celui lui cest;LECTURE
Jean 3:16;SKN;59-0708E;2;VALIDE;dieu aime monde quil lui;CONCEPT
Jean 5:19;SKN;59-0708E;47;EXACT;jesus verite dis rien lui meme quil chose [couverture 8/14];CONCEPT
Actes 19:0;SKN;59-1220M;65;VALIDE;chap->v.2: avez recu saint cru lui meme entendu saint;CONCEPT
Esaie 1:0;SKN;59-1220M;13;VALIDE;chap->v.4: peuple gens mal ont abandonne;LECTURE
Esaie 1:0;SKN;59-1220M;17;VALIDE;chap->v.18: venez plaidons ensemble leternel vos peches cramoisi deviendront;CONCEPT
Esaie 9:6;SKN;59-1220M;39;VALIDE;enfant fils donne sera epaule conseiller dieu pere;CONCEPT
Hebreux 6:4;SKN;59-1220M;6;VALIDE;ceux ont goute don celeste lesprit saint;CONCEPT
Hebreux 10:0;SKN;59-1220M;7;VALIDE;chap->v.33: soit avez soit etes ceux ont ainsi;CONCEPT
Psaumes 103:0;SKN;59-1220M;62;VALIDE;chap->v.3: cest lui tes guerit tes;CONCEPT
Actes 19:0;SKN;59-1227M;114;VALIDE;chap->v.32: chose autres autre etait etaient;CONCEPT
Actes 19:5;SKN;59-1227M;114;PARTIEL;commencé, pas achevé — jesus;CONCEPT
Actes 19:0;SKN;60-0403;16;VALIDE;chap->v.10: cela pendant deux seigneur juifs;CONCEPT
Deuteronome 32:11;SKN;60-0403;29;EXACT;laigle eveille petits ailes prend porte plumes [couverture 7/11];CONCEPT
Deuteronome 32:11;SKN;60-0403;31;EXACT;laigle eveille dessus petits ailes prend porte plumes [couverture 7/11];CONCEPT
Jean 4:0;SKN;60-0403;191;VALIDE;chap->v.9: femme juif boire moi suis femme juifs nont;CONCEPT
Jean 4:0;SKN;60-0403;232;VALIDE;chap->v.29: venez voyez homme jai christ;CONCEPT
Actes 19:0;SKN;60-0713;1;VALIDE;chap->v.12: meme corps mouchoirs maladies quittaient esprits malins sortaient;CONCEPT
Jean 4:0;SKN;60-0713;101;VALIDE;chap->v.25: femme lui sais messie celui sera venu fera;CONCEPT
Jean 5:19;SKN;60-0713;43;EXACT;jesus dis fils rien lui meme chose pere [couverture 5/14];CONCEPT
Actes 19:0;SKN;60-0731;52;VALIDE;chap->v.6: paul impose mains saint vint eux parlerent langues;CONCEPT
Apocalypse 1:0;SKN;60-0731;31;VALIDE;chap->v.8: moi suis lalpha lomega seigneur dieu celui etait;CONCEPT
Actes 19:0;SKN;60-1113;204;VALIDE;chap->v.2: avez recu saint cru lui meme saint;CONCEPT
Deuteronome 30:0;SKN;60-1113;85;VALIDE;chap->v.10: leternel dieu loi leternel dieu;CONCEPT
Galates 1:8;SKN;60-1113;207;EXACT;ange ciel avons quil soit anatheme [couverture 6/11];CONCEPT
Genese 1:11;SKN;60-1113;55;EXACT;dieu produise semence selon espece [couverture 5/14];CONCEPT
Hebreux 13:0;SKN;60-1113;81;VALIDE;chap->v.8: jesus meme hier aujourdhui eternellement;CONCEPT
Jacques 5:14;SKN;60-1113;240;EXACT;quelquun parmi malade quil appelle anciens prient lui [couverture 10/14];CONCEPT
Actes 19:0;SKN;61-0521;11;VALIDE;chap->v.32: chose autres autre etait etaient;CONCEPT
Jean 4:0;SKN;61-0521;88;VALIDE;chap->v.25: femme lui sais messie appele christ fera connaitre;CONCEPT
Jean 4:0;SKN;61-0521;90;VALIDE;chap->v.25: femme lui sais messie appele christ sera connaitre;CONCEPT
Jean 5:19;SKN;61-0521;80;VALIDE;jesus verite fils lui meme quil chose pere;CONCEPT
Jean 14:8;SKN;61-0521;20;VALIDE;philippe lui seigneur montre pere cela suffit;CONCEPT
Actes 19:0;SKN;62-0422;171;VALIDE;chap->v.1: apollos etait paul ayant trouve certains;CONCEPT
Apocalypse 13:0;SKN;62-0422;183;VALIDE;chap->v.5: lui donne choses lui donne;CONCEPT
Apocalypse 13:0;SKN;62-0422;211;VALIDE;chap->v.11: autre bete terre deux cornes semblables agneau parlait;CONCEPT
Apocalypse 17:0;SKN;62-0422;183;VALIDE;chap->v.5: nom grande mere;CONCEPT
Ephesiens 5:0;SKN;62-0422;113;VALIDE;chap->v.6: cause dieu vient fils;CONCEPT
Genese 20:7;SKN;62-0422;39;PARTIEL;commencé, pas achevé — maintenant;CONCEPT
Jean 5:7;SKN;62-0422;282;PARTIEL;commencé, pas achevé — nai moi;CONCEPT
Jean 5:19;SKN;62-0422;332;EXACT;jesus verite dis fils rien lui meme chose [couverture 7/14];CONCEPT
Jean 13:0;SKN;62-0422;281;VALIDE;chap->v.19: maintenant avant cela arrive afin arrive moi;CONCEPT
Luc 24:49;SKN;62-0422;281;EXACT;moi promesse pere ville soyez revetus puissance haut [couverture 7/13];CONCEPT
Malachie 4:0;SKN;62-0422;314;VALIDE;chap->v.5: elie prophete grand jour;CONCEPT
Malachie 4:0;SKN;62-0422;321;VALIDE;chap->v.1: jour vient jour vient;CONCEPT
Matthieu 27:0;SKN;62-0422;86;VALIDE;chap->v.53: apres resurrection entrerent ville apparurent plusieurs;CONCEPT
Psaumes 1:0;SKN;62-0422;102;VALIDE;chap->v.3: sera arbre plante pres fruit feuille;CONCEPT
Psaumes 1:0;SKN;62-0422;109;VALIDE;chap->v.3: sera arbre plante pres fruit saison;CONCEPT
Actes 19:0;SKN;62-0705;46;VALIDE;chap->v.2: avez recu saint cru lui saint;CONCEPT
Exode 19:0;SKN;62-0705;58;VALIDE;chap->v.5: maintenant alliance propre terre moi;CONCEPT
Genese 12:0;SKN;62-0705;64;VALIDE;chap->v.4: alla lui avait alla lui etait age ans;CONCEPT
Genese 12:0;SKN;62-0705;87;VALIDE;chap->v.4: sen lui avait sen lui;CONCEPT
Genese 12:0;SKN;62-0705;90;VALIDE;chap->v.19: femme femme ten;CONCEPT
Genese 13:0;SKN;62-0705;97;VALIDE;chap->v.8: lot ait moi toi mes bergers bergers sommes;CONCEPT
Genese 13:0;SKN;62-0705;119;VALIDE;chap->v.16: ferai semence sorte semence;CONCEPT
Genese 15:0;SKN;62-0705;149;VALIDE;chap->v.5: fit regarde lui sera semence;CONCEPT
Jean 5:24;SKN;62-0705;134;EXACT;celui parole croit envoye vie eternelle [couverture 7/14];CONCEPT
Malachie 3:0;SKN;62-0705;56;VALIDE;chap->v.18: alors juste mechant celui dieu celui;CONCEPT
Malachie 4:0;SKN;62-0705;55;VALIDE;chap->v.1: jour vient ceux jour vient brulera;CONCEPT
Malachie 4:0;SKN;62-0705;57;VALIDE;chap->v.3: mechants cendre jour ferai;CONCEPT
Matthieu 11:0;SKN;62-0705;56;VALIDE;chap->v.10: celui ecrit moi messager devant face devant;CONCEPT
Actes 19:0;SKN;63-0623E;197;VALIDE;chap->v.4: paul jean baptise bapteme disant celui cest;CONCEPT
Actes 19:5;SKN;63-0623E;198;VALIDE;baptises nom seigneur jesus;CONCEPT
Esaie 5:0;SKN;63-0623E;116;VALIDE;chap->v.15: lhomme grand sera yeux seront;CONCEPT
Galates 1:8;SKN;63-0623E;198;EXACT;ange ciel avons quil soit anatheme [couverture 6/11];CONCEPT
Genese 6:0;SKN;63-0623E;52;VALIDE;chap->v.2: fils dieu filles hommes etaient belles prirent femmes;CONCEPT
Genese 6:0;SKN;63-0623E;142;VALIDE;chap->v.9: noe noe etait etait ceux temps noe;CONCEPT
Genese 6:12;SKN;63-0623E;140;EXACT;dieu terre etait corrompue chair avait corrompu voie [couverture 7/11];CONCEPT
Jean 14:0;SKN;63-0623E;170;VALIDE;chap->v.3: men vais prepare place aupres moi afin moi;CONCEPT
Luc 17:0;SKN;63-0623E;128;VALIDE;chap->v.29: jour lot sodome feu ciel;CONCEPT
Luc 17:28;SKN;63-0623E;119;VALIDE;meme jours lot;CONCEPT
Matthieu 5:28;SKN;63-0623E;112;EXACT;dis regarde femme commis adultere [couverture 5/10];CONCEPT
Matthieu 22:20;SKN;63-0623E;60;PARTIEL;commencé, pas achevé — image;CONCEPT
Matthieu 24:0;SKN;63-0623E;52;VALIDE;chap->v.30: alors signe fils alors terre fils;CONCEPT
Actes 19:0;SKN;63-0803B;194;VALIDE;chap->v.2: avez recu saint apres cru navons meme entendu;CONCEPT
Esaie 28:19;SKN;63-0803B;184;EXACT;quil matin jour sera [couverture 5/14];CONCEPT
Exode 13:22;SKN;63-0803B;12;EXACT;colonne feu devant peuple [couverture 5/9];CONCEPT
Jean 14:12;SKN;63-0803B;88;EXACT;celui croit moi fera lui fais [couverture 7/14];CONCEPT
Joel 2:28;SKN;63-0803B;184;EXACT;cela repandrai esprit chair vos fils filles prophetiseront [couverture 11/14];CONCEPT
Luc 24:49;SKN;63-0803B;183;VALIDE;voici promesse pere;CONCEPT
Luc 24:49;SKN;63-0803B;186;PARTIEL;commencé, pas achevé — voici;CONCEPT
Marc 16:0;SKN;63-0803B;92;VALIDE;chap->v.6: lui jesus nest ici voici;CONCEPT
Marc 16:0;SKN;63-0803B;209;VALIDE;chap->v.17: accompagneront ceux auront cru demons;CONCEPT
Matthieu 5:0;SKN;63-0803B;225;VALIDE;chap->v.3: pauvres esprit cest eux royaume;CONCEPT
Actes 19:0;SKN;63-1116B;180;VALIDE;chap->v.2: avez recu saint cru lui entendu saint;CONCEPT
Apocalypse 3:0;SKN;63-1116B;87;VALIDE;chap->v.20: porte quelquun quil porte lui lui;CONCEPT
Hebreux 4:0;SKN;63-1116B;161;VALIDE;chap->v.12: parole dieu vivante epee deux tranchants jusqua;CONCEPT
Luc 24:49;SKN;63-1116B;177;EXACT;voici moi promesse pere ville jusqua soyez revetus [couverture 10/13];CONCEPT
Marc 16:0;SKN;63-1116B;108;VALIDE;chap->v.11: ceux quil etait quil avait;CONCEPT
Actes 19:0;SKN;64-0719E;158;VALIDE;chap->v.4: paul baptise bapteme celui lui;CONCEPT
Hebreux 13:0;SKN;64-0719E;126;VALIDE;chap->v.12: cest jesus quil sang hors porte;CONCEPT
Hebreux 13:8;SKN;64-0719E;126;EXACT;jesus meme hier aujourdhui eternellement [couverture 5/6];CONCEPT
Hebreux 13:10;SKN;64-0719E;23;VALIDE;avons autel ceux tabernacle nont droit manger;CONCEPT
Matthieu 17:4;SKN;64-0719E;41;EXACT;pierre jesus bon soyons ici trois tentes moise [couverture 9/14];CONCEPT
Actes 19:0;SKN;64-0719M;234;VALIDE;chap->v.4: paul jean baptise bapteme celui venait;CONCEPT
Apocalypse 8:0;SKN;64-0719M;113;VALIDE;chap->v.7: premier sonna trompette grele feu sang jetes terre;CONCEPT
Apocalypse 8:7;SKN;64-0719M;108;EXACT;premier sonna trompette grele feu sang terre [couverture 8/14];CONCEPT
Apocalypse 9:0;SKN;64-0719M;164;VALIDE;chap->v.3: terre pouvoir pouvoir terre;CONCEPT
Apocalypse 9:1;SKN;64-0719M;156;EXACT;cinquieme trompette etoile tombee terre lui fut [couverture 7/14];CONCEPT
Apocalypse 9:13;SKN;64-0719M;119;VALIDE;sixieme trompette etait dieu;CONCEPT
Apocalypse 10:0;SKN;64-0719M;45;VALIDE;chap->v.7: jours septieme ange sera mystere dieu sera bonne;CONCEPT
Apocalypse 10:0;SKN;64-0719M;176;VALIDE;chap->v.7: septieme sera trompette mystere dieu sera termine;CONCEPT
Apocalypse 10:0;SKN;64-0719M;177;VALIDE;chap->v.7: septieme sera trompette mystere dieu sera termine;CONCEPT
Apocalypse 10:0;SKN;64-0719M;191;VALIDE;chap->v.7: septieme ange sera trompette dieu sera;CONCEPT
Apocalypse 10:1;SKN;64-0719M;45;PARTIEL;commencé, pas achevé — ange;CONCEPT
Apocalypse 10:1;SKN;64-0719M;99;PARTIEL;commencé, pas achevé — vis;CONCEPT
Apocalypse 11:0;SKN;64-0719M;191;VALIDE;chap->v.4: ceux deux deux devant seigneur;CONCEPT
Apocalypse 11:0;SKN;64-0719M;199;VALIDE;chap->v.15: septieme ange trompette monde seigneur christ;CONCEPT
Apocalypse 17:8;SKN;64-0719M;156;EXACT;bete vue etait monter aller perdition ceux terre [couverture 9/14];CONCEPT
Apocalypse 19:0;SKN;64-0719M;151;VALIDE;chap->v.15: deux sort bouche lui fer;CONCEPT
Esaie 18:0;SKN;64-0719M;17;VALIDE;chap->v.3: sera voyez trompette;CONCEPT
Esaie 27:0;SKN;64-0719M;17;VALIDE;chap->v.3: moi moment visite;CONCEPT
Esaie 27:12;SKN;64-0719M;23;EXACT;jour depuis fleuve torrent serez [couverture 5/14];CONCEPT
Esaie 27:12;SKN;64-0719M;208;PARTIEL;commencé, pas achevé — fils;CONCEPT
Ezechiel 9:0;SKN;64-0719M;152;VALIDE;chap->v.4: lui milieu ville milieu marque hommes soupirent gemissent;CONCEPT
Genese 1:0;SKN;64-0719M;76;VALIDE;chap->v.31: dieu avait cela etait bon soir jour;CONCEPT
Hebreux 1:0;SKN;64-0719M;64;VALIDE;chap->v.1: dieu plusieurs reprises plusieurs manieres parle peres prophetes;CONCEPT
Hebreux 4:0;SKN;64-0719M;177;VALIDE;chap->v.4: septieme dieu septieme;CONCEPT
Hebreux 4:12;SKN;64-0719M;62;EXACT;parole dieu epee deux tranchants [couverture 5/14];CONCEPT
Hebreux 13:8;SKN;64-0719M;62;PARTIEL;commencé, pas achevé — jesus meme;CONCEPT
Hebreux 13:8;SKN;64-0719M;87;VALIDE;christ meme hier eternellement;CONCEPT
Hebreux 13:8;SKN;64-0719M;177;VALIDE;christ meme hier eternellement;CONCEPT
Jean 5:24;SKN;64-0719M;231;EXACT;celui parole croit envoye vie eternelle vient jugement [couverture 10/14];CONCEPT
Levitique 12:0;SKN;64-0719M;114;VALIDE;chap->v.4: jours sang chose jours;CONCEPT
Levitique 16:0;SKN;64-0719M;114;VALIDE;chap->v.15: peuple sang fera sang sang fera;CONCEPT
Levitique 16:0;SKN;64-0719M;181;VALIDE;chap->v.6: peche meme meme maison;CONCEPT
Levitique 16:0;SKN;64-0719M;187;VALIDE;chap->v.2: dis frere temps saint dedans devant;CONCEPT
Levitique 23:0;SKN;64-0719M;114;VALIDE;chap->v.39: jour septieme terre fete pendant sept jours;CONCEPT
Levitique 23:0;SKN;64-0719M;163;VALIDE;chap->v.3: six jours septieme jour sabbat repos sainte convocation;CONCEPT
Levitique 23:0;SKN;64-0719M;179;VALIDE;chap->v.34: fils septieme mois fete pendant sept;CONCEPT
Levitique 23:0;SKN;64-0719M;187;VALIDE;chap->v.2: parle fils dis jours mes jours;CONCEPT
Levitique 23:26;SKN;64-0719M;181;PARTIEL;commencé, pas achevé — moise;CONCEPT
Luc 17:0;SKN;64-0719M;68;VALIDE;chap->v.26: arriva jours sera jours fils;CONCEPT
Luc 17:0;SKN;64-0719M;73;VALIDE;chap->v.26: arriva jours jours fils;CONCEPT
Luc 17:30;SKN;64-0719M;177;VALIDE;sera meme fils;CONCEPT
Luc 17:33;SKN;64-0719M;68;PARTIEL;commencé, pas achevé — vie;CONCEPT
Luc 17:33;SKN;64-0719M;172;PARTIEL;commencé, pas achevé — vie;CONCEPT
Luc 22:0;SKN;64-0719M;177;VALIDE;chap->v.18: dis fruit dieu soit venu;CONCEPT
Malachie 3:0;SKN;64-0719M;48;VALIDE;chap->v.1: messager chemin devant moi viendra;CONCEPT
Malachie 3:0;SKN;64-0719M;57;VALIDE;chap->v.15: maintenant ceux meme meme dieu;CONCEPT
Malachie 4:0;SKN;64-0719M;47;VALIDE;chap->v.5: elie prophete jour;CONCEPT
Malachie 4:0;SKN;64-0719M;65;VALIDE;chap->v.5: elie prophete avant jour;CONCEPT
Malachie 4:0;SKN;64-0719M;67;VALIDE;chap->v.5: elie prophete avant jour;CONCEPT
Malachie 4:0;SKN;64-0719M;87;VALIDE;chap->v.1: jour ceux jour;CONCEPT
Malachie 4:0;SKN;64-0719M;177;VALIDE;chap->v.6: fera fils fils;CONCEPT
Malachie 4:0;SKN;64-0719M;204;VALIDE;chap->v.5: elie prophete avant jour;CONCEPT
Malachie 4:0;SKN;64-0719M;212;VALIDE;chap->v.1: voici vient ceux vient;CONCEPT
Actes 19:0;SKN;65-0725M;277;VALIDE;chap->v.17: cela ceux furent nom seigneur jesus;CONCEPT
Apocalypse 10:0;SKN;65-0725M;130;VALIDE;chap->v.7: jours septieme ange sera mystere dieu sera termine;CONCEPT
Apocalypse 10:0;SKN;65-0725M;261;VALIDE;chap->v.7: jours voix septieme ange sera mystere sera termine;CONCEPT
Apocalypse 10:1;SKN;65-0725M;260;PARTIEL;commencé, pas achevé — autre ange;CONCEPT
Apocalypse 16:13;SKN;65-0725M;236;EXACT;bouche trois esprits grenouilles [couverture 6/13];CONCEPT
Apocalypse 16:13;SKN;65-0725M;238;EXACT;sortir bouche trois esprits grenouilles [couverture 7/13];CONCEPT
Ephesiens 5:1;SKN;65-0725M;160;PARTIEL;commencé, pas achevé — dieu;CONCEPT
Hebreux 6:0;SKN;65-0725M;31;VALIDE;chap->v.4: impossible ceux ont fois eclaires ont goute don;CONCEPT
Jean 14:12;SKN;65-0725M;50;VALIDE;dis celui croit moi fera lui uvres fais;CONCEPT
Jean 14:12;SKN;65-0725M;51;EXACT;dis celui croit moi fera lui uvres fais [couverture 10/14];CONCEPT
Luc 17:30;SKN;65-0725M;259;EXACT;sera meme jour fils manifeste [couverture 5/7];CONCEPT
Luc 18:0;SKN;65-0725M;129;VALIDE;chap->v.4: temps cela lui meme quoique craigne dieu hommes;CONCEPT
Malachie 4:0;SKN;65-0725M;130;VALIDE;chap->v.6: fera peres fils fils peres vienne;CONCEPT
Malachie 4:0;SKN;65-0725M;259;VALIDE;chap->v.4: souvenez loi moise lui;CONCEPT
Matthieu 5:24;SKN;65-0725M;32;PARTIEL;commencé, pas achevé — don;CONCEPT
Matthieu 7:21;SKN;65-0725M;192;EXACT;ceux disent seigneur royaume cieux celui volonte pere [couverture 10/11];CONCEPT
Matthieu 24:0;SKN;65-0725M;23;VALIDE;chap->v.2: lui voyez choses verite ici;CONCEPT
Matthieu 24:0;SKN;65-0725M;44;VALIDE;chap->v.2: lui voyez choses verite sera ici soit;CONCEPT
Matthieu 24:0;SKN;65-0725M;168;VALIDE;chap->v.24: faux christs faux prophetes prodiges meme elus;CONCEPT
Matthieu 24:24;SKN;65-0725M;46;VALIDE;faux christs prophetes meme elus;CONCEPT
Matthieu 24:24;SKN;65-0725M;49;PARTIEL;commencé, pas achevé — faux meme;CONCEPT
Matthieu 24:24;SKN;65-0725M;70;VALIDE;faux possible meme elus;CONCEPT
Matthieu 24:24;SKN;65-0725M;156;VALIDE;faux christs prophetes seduire meme;CONCEPT
Matthieu 24:24;SKN;65-0725M;192;PARTIEL;commencé, pas achevé — prophetes meme;CONCEPT
Matthieu 24:24;SKN;65-0725M;212;VALIDE;possible meme elus;CONCEPT
Matthieu 24:24;SKN;65-0725M;230;VALIDE;faux christs prophetes prodiges possible meme elus;CONCEPT
Matthieu 24:24;SKN;65-0725M;231;EXACT;faux christs prophetes prodiges possible meme elus [couverture 7/14];CONCEPT
Matthieu 24:24;SKN;65-0725M;255;VALIDE;faux christs prophetes prodiges seduire meme elus;CONCEPT
Matthieu 24:24;SKN;65-0725M;256;VALIDE;faux christs prophetes prodiges seduire meme elus;CONCEPT
Matthieu 24:24;SKN;65-0725M;257;EXACT;faux christs prophetes prodiges seduire meme elus [couverture 8/14];CONCEPT
Matthieu 24:24;SKN;65-0725M;258;EXACT;faux christs prophetes prodiges seduire meme elus [couverture 8/14];CONCEPT
Matthieu 24:24;SKN;65-0725M;262;PARTIEL;commencé, pas achevé — prophetes meme;CONCEPT
Matthieu 24:28;SKN;65-0725M;212;VALIDE;soit mort aigles;CONCEPT
Actes 19:0;VGR;51-0923;191;VALIDE;chap->v.15: connais jesus sais paul etes;CONCEPT
Hebreux 3:0;VGR;51-0923;81;VALIDE;chap->v.1: cest souverain sacrificateur confession jesus;CONCEPT
Jean 14:7;VGR;51-0923;116;PARTIEL;commencé, pas achevé — pere maintenant;CONCEPT
Psaumes 103:3;VGR;51-0923;64;EXACT;cest lui pardonne tes iniquites guerit [couverture 7/8];CONCEPT
Actes 19:0;VGR;52-0900;172;VALIDE;chap->v.2: avez recu saint apres cru meme saint;CONCEPT
Esaie 35:0;VGR;52-0900;7;VALIDE;chap->v.2: fleurira sera lallegresse lallegresse gloire liban lui sera;LECTURE
Jean 11:0;VGR;52-0900;148;VALIDE;chap->v.6: quil lazare etait etait;CONCEPT
Marc 11:24;VGR;52-0900;190;EXACT;cest demanderez priant croyez recevez sera [couverture 6/8];CONCEPT
Actes 19:0;VGR;53-0608A;52;VALIDE;chap->v.2: avez lui navons meme;CONCEPT
Jean 5:7;VGR;53-0608A;57;VALIDE;lui seigneur nai leau;CONCEPT
Psaumes 103:1;VGR;53-0608A;12;EXACT;ame benis leternel moi benisse saint nom [couverture 7/8];LECTURE
Actes 19:0;VGR;53-0729;198;VALIDE;chap->v.1: apollos etait paul apres traverse contrees;CONCEPT
Apocalypse 11:0;VGR;53-0729;224;VALIDE;chap->v.11: apres trois jours demi vie pieds;CONCEPT
Ephesiens 1:0;VGR;53-0729;58;VALIDE;chap->v.3: beni soit dieu pere seigneur jesus christ benis;CONCEPT
Ephesiens 4:30;VGR;53-0729;138;EXACT;nattristez saint esprit dieu lequel avez scelles jour [couverture 9/9];CONCEPT
Esaie 28:0;VGR;53-0729;139;VALIDE;chap->v.12: cest ici repos faites cest ici;CONCEPT
Esaie 28:0;VGR;53-0729;165;VALIDE;chap->v.12: avait cest ici repos cest ici;CONCEPT
Galates 1:8;VGR;53-0729;163;EXACT;ange ciel quil soit anatheme [couverture 5/11];CONCEPT
Genese 1:0;VGR;53-0729;42;VALIDE;chap->v.2: terre etait vide avait labime lesprit dieu eaux;CONCEPT
Genese 1:26;VGR;53-0729;9;VALIDE;dieu selon terre;CONCEPT
Genese 1:26;VGR;53-0729;10;VALIDE;dieu faisons image selon ressemblance quils dominent poissons;CONCEPT
Genese 1:26;VGR;53-0729;12;EXACT;dieu faisons homme image selon ressemblance quils dominent [couverture 14/14];CONCEPT
Genese 1:26;VGR;53-0729;14;EXACT;dieu faisons homme image selon ressemblance quils dominent [couverture 14/14];LECTURE
Genese 1:26;VGR;53-0729;15;EXACT;dieu faisons homme image selon ressemblance quils dominent [couverture 10/14];LECTURE
Genese 1:26;VGR;53-0729;48;EXACT;dieu faisons homme image selon ressemblance terre [couverture 7/14];CONCEPT
Genese 1:26;VGR;53-0729;54;VALIDE;dieu image quils terre;CONCEPT
Genese 1:26;VGR;53-0729;78;VALIDE;dieu homme quils terre;CONCEPT
Genese 2:0;VGR;53-0729;46;VALIDE;chap->v.7: dieu forma lhomme poussiere sol vie lhomme ame;CONCEPT
Genese 2:0;VGR;53-0729;93;VALIDE;chap->v.18: leternel dieu nest bon lhomme soit seul lui;CONCEPT
Genese 2:7;VGR;53-0729;9;EXACT;dieu forma lhomme poussiere souffla narines [couverture 7/14];CONCEPT
Genese 2:7;VGR;53-0729;10;EXACT;dieu forma lhomme poussiere souffla narines [couverture 7/14];CONCEPT
Genese 2:7;VGR;53-0729;13;EXACT;dieu forma lhomme poussiere souffla narines vie devint [couverture 9/14];CONCEPT
Genese 2:7;VGR;53-0729;14;EXACT;dieu forma lhomme poussiere souffla narines vie devint [couverture 9/14];LECTURE
Genese 2:7;VGR;53-0729;46;EXACT;dieu forma lhomme poussiere sol vie ame vivante [couverture 9/14];CONCEPT
Genese 2:7;VGR;53-0729;78;EXACT;dieu forma lhomme poussiere souffla narines vie [couverture 7/14];CONCEPT
Genese 2:18-21;VGR;53-0729;93;EXACT;leternel dieu nest bon lhomme soit seul lui [couverture 5/12];CONCEPT
Genese 2:18-21;VGR;53-0729;94;EXACT;leternel dieu nest bon lhomme soit seul lui [couverture 11/12];CONCEPT
Genese 3:0;VGR;53-0729;13;VALIDE;chap->v.22: dieu voici lhomme mal maintenant quil main;CONCEPT
Genese 5:0;VGR;53-0729;26;VALIDE;chap->v.1: cest ici dieu crea dieu;CONCEPT
Genese 7:0;VGR;53-0729;37;VALIDE;chap->v.4: terre pendant terre existe;CONCEPT
Genese 9:0;VGR;53-0729;49;VALIDE;chap->v.5: main main lhomme main;CONCEPT
Genese 11:0;VGR;53-0729;62;VALIDE;chap->v.6: voici cest ont commence;CONCEPT
Genese 13:0;VGR;53-0729;74;VALIDE;chap->v.1: lui femme etait lui lui;CONCEPT
Genese 15:0;VGR;53-0729;87;VALIDE;chap->v.9: trois ans trois ans trois ans;CONCEPT
Genese 17:0;VGR;53-0729;96;VALIDE;chap->v.1: etait leternel lui dieu;CONCEPT
Genese 19:0;VGR;53-0729;109;VALIDE;chap->v.11: etaient petit grand quils chercher;CONCEPT
Genese 21:0;VGR;53-0729;121;VALIDE;chap->v.3: nom lui etait lui avait;CONCEPT
Genese 23:0;VGR;53-0729;131;VALIDE;chap->v.9: quil donne quil donne;CONCEPT
Genese 25:0;VGR;53-0729;144;VALIDE;chap->v.30: laisse moi cest;CONCEPT
Genese 29:0;VGR;53-0729;165;VALIDE;chap->v.12: quil etait frere pere quil etait pere;CONCEPT
Genese 31:0;VGR;53-0729;179;VALIDE;chap->v.16: dieu nos dieu;CONCEPT
Genese 33:0;VGR;53-0729;199;VALIDE;chap->v.17: alla cest nom;CONCEPT
Genese 35:0;VGR;53-0729;217;VALIDE;chap->v.10: dieu lui nom nom sera sera nom nom;CONCEPT
Genese 37:0;VGR;53-0729;228;VALIDE;chap->v.3: fils parce quil etait lui fils lui;CONCEPT
Genese 39:0;VGR;53-0729;240;VALIDE;chap->v.6: laissa lui lui chose quil;CONCEPT
Genese 41:0;VGR;53-0729;254;VALIDE;chap->v.35: quils quils ble main quils;CONCEPT
Genese 43:0;VGR;53-0729;271;VALIDE;chap->v.14: dieu devant quil autre frere moi;CONCEPT
Genese 45:0;VGR;53-0729;281;VALIDE;chap->v.5: maintenant vendu ici cest vie dieu envoye;CONCEPT
Hebreux 4:0;VGR;53-0729;152;VALIDE;chap->v.2: avons ceux parole servit rien netant foi ceux;CONCEPT
Hebreux 9:0;VGR;53-0729;151;VALIDE;chap->v.11: venu biens venir main cest;CONCEPT
Jacques 5:14;VGR;53-0729;263;PARTIEL;commencé, pas achevé — dhuile;CONCEPT
Jean 1:0;VGR;53-0729;32;VALIDE;chap->v.1: commencement etait parole parole etait dieu parole etait;CONCEPT
Jean 5:7;VGR;53-0729;257;PARTIEL;commencé, pas achevé — leau;CONCEPT
Jean 17:17;VGR;53-0729;277;EXACT;sanctifie verite parole [couverture 4/4];CONCEPT
Matthieu 10:0;VGR;53-0729;279;VALIDE;chap->v.25: quil soit quil soit seigneur ont appele;CONCEPT
Matthieu 24:0;VGR;53-0729;241;VALIDE;chap->v.29: apres tribulation soleil obscurci lune donnera lumiere etoiles;CONCEPT
Matthieu 24:0;VGR;53-0729;281;VALIDE;chap->v.21: alors telle quil monde jusqua maintenant quil;CONCEPT
Matthieu 24:29;VGR;53-0729;240;EXACT;apres tribulation soleil lune donnera lumiere etoiles tomberont [couverture 9/14];CONCEPT
Zacharie 4:0;VGR;53-0729;263;VALIDE;chap->v.6: cest ici puissance;CONCEPT
Actes 19:0;VGR;58-1005M;175;VALIDE;chap->v.4: paul jean baptise quils cest;CONCEPT
Galates 1:8;VGR;58-1005M;218;EXACT;ange ciel quil soit anatheme [couverture 5/11];CONCEPT
Jean 5:19;VGR;58-1005M;212;EXACT;jesus verite dis fils rien lui meme quil [couverture 12/14];CONCEPT
Actes 19:0;VGR;59-0628E;45;VALIDE;chap->v.4: paul jean bapteme repentance celui apres lui cest;CONCEPT
Actes 19:0;VGR;59-0628E;146;VALIDE;chap->v.2: avez recu saint apres cru navons saint;CONCEPT
Apocalypse 12:0;VGR;59-0628E;75;VALIDE;chap->v.12: cest rejouissez cieux terre diable descendu;CONCEPT
Apocalypse 13:8;VGR;59-0628E;165;EXACT;ceux terre nom ecrit fondation monde livre vie [couverture 11/14];CONCEPT
Apocalypse 13:8;VGR;59-0628E;166;EXACT;ceux terre nom ecrit fondation monde livre vie [couverture 11/14];CONCEPT
Ephesiens 1:4;VGR;59-0628E;165;EXACT;selon quil elus lui avant fondation monde soyons [couverture 11/13];CONCEPT
Ephesiens 4:30;VGR;59-0628E;123;EXACT;nattristez saint esprit dieu lequel avez scelles jour [couverture 9/9];CONCEPT
Esaie 14:12;VGR;59-0628E;66;VALIDE;comment tombe astre brillant fils laurore abattu terre;CONCEPT
Ezechiel 28:12;VGR;59-0628E;74;PARTIEL;commencé, pas achevé — lui seigneur;CONCEPT
Ezechiel 28:12;VGR;59-0628E;85;EXACT;fils complainte roi tyr lui ainsi seigneur leternel [couverture 9/14];CONCEPT
Galates 1:8;VGR;59-0628E;157;VALIDE;ange ciel quil soit anatheme;CONCEPT
Genese 3:8;VGR;59-0628E;173;VALIDE;dieu jour lhomme femme;CONCEPT
Genese 4:1;VGR;59-0628E;172;VALIDE;lhomme connut eve femme concut enfanta cain jai;CONCEPT
Hebreux 10:0;VGR;59-0628E;137;VALIDE;chap->v.33: soit avez soit etes ceux ont;CONCEPT
Jean 3:0;VGR;59-0628E;129;VALIDE;chap->v.19: cest ici jugement hommes ont;CONCEPT
Jean 5:0;VGR;59-0628E;47;VALIDE;chap->v.24: verite verite dis celui parole croit celui envoye;CONCEPT
Jean 5:0;VGR;59-0628E;188;VALIDE;chap->v.19: jesus verite verite dis fils lui meme quil;CONCEPT
Jean 5:16;VGR;59-0628E;188;VALIDE;cela jesus parce quil avait;CONCEPT
Jean 5:18;VGR;59-0628E;182;VALIDE;cause parce quil dieu;CONCEPT
Jean 14:12;VGR;59-0628E;171;VALIDE;verite dis celui croit moi fera lui uvres;CONCEPT
Jean 17:17;VGR;59-0628E;44;EXACT;sanctifie verite parole [couverture 4/4];CONCEPT
Luc 10:18;VGR;59-0628E;68;VALIDE;voyais satan ciel eclair;CONCEPT
Marc 16:0;VGR;59-0628E;92;VALIDE;chap->v.17: ici signes accompagneront ceux auront cru nom chasseront;CONCEPT
Matthieu 1:18;VGR;59-0628E;150;EXACT;naissance jesus christ arriva mere marie fiancee joseph [couverture 6/14];CONCEPT
Matthieu 7:6;VGR;59-0628E;41;EXACT;donnez saint chiens jetez vos perles devant pourceaux [couverture 13/14];CONCEPT
Matthieu 7:21-23;VGR;59-0628E;155;VALIDE;ceux disent seigneur entreront royaume cieux volonte pere;CONCEPT
Matthieu 19:9;VGR;59-0628E;183;EXACT;quiconque repudiera femme cause fornication epousera autre commet [couverture 11/14];CONCEPT
Matthieu 19:9;VGR;59-0628E;184;EXACT;dis quiconque repudiera femme cause fornication epousera autre [couverture 11/14];CONCEPT
Matthieu 25:1;VGR;59-0628E;103;EXACT;dix vierges lampes rencontre lepoux [couverture 5/13];CONCEPT
Matthieu 28:19;VGR;59-0628E;142;EXACT;allez faites disciples nations baptisant nom pere fils [couverture 10/10];CONCEPT
Matthieu 28:19;VGR;59-0628E;150;EXACT;allez disciples nom pere fils saint esprit [couverture 6/10];CONCEPT
Romains 4:0;VGR;59-0628E;45;VALIDE;chap->v.3: lecriture abraham crut dieu cela lui fut justice;CONCEPT
Romains 4:8;VGR;59-0628E;183;VALIDE;lhomme seigneur peche;CONCEPT
Romains 8:0;VGR;59-0628E;119;VALIDE;chap->v.3: etait quelle etait dieu envoye propre;CONCEPT
Actes 19:0;VGR;60-1113;240;VALIDE;chap->v.3: quel bapteme avez baptises bapteme jean;CONCEPT
Deuteronome 30:0;VGR;60-1113;109;VALIDE;chap->v.3: leternel dieu nouveau dentre leternel;CONCEPT
Galates 1:8;VGR;60-1113;245;EXACT;ange ciel quil soit anatheme [couverture 5/11];CONCEPT
Genese 1:11;VGR;60-1113;74;EXACT;dieu produise semence selon espece [couverture 5/14];CONCEPT
Hebreux 13:0;VGR;60-1113;106;VALIDE;chap->v.8: jesus christ meme hier aujourdhui eternellement;CONCEPT
Jacques 5:14;VGR;60-1113;294;EXACT;quelquun parmi malade quil appelle anciens prient lui [couverture 10/14];CONCEPT
Actes 19:0;VGR;62-0422;258;VALIDE;chap->v.4: paul jean baptise bapteme disant quils apres lui;CONCEPT
Apocalypse 13:0;VGR;62-0422;331;VALIDE;chap->v.11: autre bete avait deux cornes agneau dragon;CONCEPT
Apocalypse 17:0;VGR;62-0422;280;VALIDE;chap->v.13: ont meme donnent;CONCEPT
Ephesiens 5:1;VGR;62-0422;167;PARTIEL;commencé, pas achevé — dieu enfants;CONCEPT
Genese 20:0;VGR;62-0422;79;VALIDE;chap->v.7: maintenant rends femme homme prophete priera toi vivras;CONCEPT
Genese 20:7;VGR;62-0422;69;PARTIEL;commencé, pas achevé — maintenant;CONCEPT
Jean 5:7;VGR;62-0422;467;VALIDE;lui nai leau moi;CONCEPT
Jean 5:19;VGR;62-0422;544;EXACT;jesus verite dis fils rien lui meme quil [couverture 11/14];CONCEPT
Jean 13:0;VGR;62-0422;463;VALIDE;chap->v.3: jesus pere lui quil venu;CONCEPT
Luc 24:49;VGR;62-0422;464;EXACT;pere ville jusqua soyez revetus puissance den haut [couverture 8/13];CONCEPT
Malachie 4:0;VGR;62-0422;508;VALIDE;chap->v.5: elie prophete grand jour;CONCEPT
Malachie 4:0;VGR;62-0422;517;VALIDE;chap->v.1: jour vient jour vient;CONCEPT
Matthieu 27:0;VGR;62-0422;125;VALIDE;chap->v.54: ceux lui jesus terre venait eurent;CONCEPT
Psaumes 1:0;VGR;62-0422;164;VALIDE;chap->v.3: sera arbre plante pres fruit saison quil;CONCEPT
Actes 19:0;VGR;63-0623E;197;VALIDE;chap->v.4: paul jean baptise bapteme quils celui apres cest;CONCEPT
Actes 19:5;VGR;63-0623E;198;EXACT;ayant baptises nom seigneur jesus [couverture 5/8];CONCEPT
Esaie 5:0;VGR;63-0623E;116;VALIDE;chap->v.16: leternel sera dieu saint sera;CONCEPT
Galates 1:8;VGR;63-0623E;198;EXACT;ange ciel avons quil soit anatheme [couverture 6/11];CONCEPT
Genese 6:0;VGR;63-0623E;52;VALIDE;chap->v.2: fils dieu filles hommes etaient belles prirent femmes;CONCEPT
Genese 6:0;VGR;63-0623E;143;VALIDE;chap->v.9: noe noe etait homme etait ceux temps noe;CONCEPT
Genese 6:12;VGR;63-0623E;140;EXACT;dieu terre etait corrompue chair avait corrompu voie [couverture 8/11];CONCEPT
Jean 14:0;VGR;63-0623E;170;VALIDE;chap->v.10: moi suis pere pere moi moi dis dis;CONCEPT
Luc 17:0;VGR;63-0623E;128;VALIDE;chap->v.15: eux quil etait gueri dieu;CONCEPT
Luc 17:28;VGR;63-0623E;119;VALIDE;meme jours lot;CONCEPT
Matthieu 5:28;VGR;63-0623E;112;VALIDE;regarde femme commis adultere;CONCEPT
Matthieu 24:0;VGR;63-0623E;52;VALIDE;chap->v.30: alors signe fils alors terre fils;CONCEPT
Actes 19:0;VGR;63-0803B;194;VALIDE;chap->v.2: avez recu saint apres cru saint;CONCEPT
Esaie 28:19;VGR;63-0803B;184;EXACT;quil matin jour sera [couverture 5/14];CONCEPT
Exode 13:22;VGR;63-0803B;12;EXACT;colonne feu devant peuple [couverture 5/9];CONCEPT
Jean 14:12;VGR;63-0803B;88;EXACT;dis celui croit moi fera lui uvres fais [couverture 10/14];CONCEPT
Joel 2:28;VGR;63-0803B;184;EXACT;cela repandrai esprit chair vos fils filles prophetiseront [couverture 11/14];CONCEPT
Luc 24:49;VGR;63-0803B;183;VALIDE;voici promesse pere den;CONCEPT
Luc 24:49;VGR;63-0803B;186;PARTIEL;commencé, pas achevé — voici;CONCEPT
Marc 16:0;VGR;63-0803B;92;VALIDE;chap->v.17: ici signes accompagneront ceux auront cru;CONCEPT
Marc 16:0;VGR;63-0803B;209;VALIDE;chap->v.6: lui jesus nest voici;CONCEPT
Matthieu 5:0;VGR;63-0803B;225;VALIDE;chap->v.22: moi dis met contre frere sera frere;CONCEPT
Actes 19:0;VGR;64-0719E;158;VALIDE;chap->v.4: paul baptise bapteme celui apres lui;CONCEPT
Hebreux 13:10;VGR;64-0719E;23;VALIDE;avons autel ceux tabernacle nont droit manger;CONCEPT
Hebreux 13:12;VGR;64-0719E;126;VALIDE;cest jesus quil sang hors porte;CONCEPT
Matthieu 17:4;VGR;64-0719E;41;EXACT;pierre jesus bon soyons ici trois tentes moise [couverture 9/14];CONCEPT
Actes 19:0;VGR;64-0719M;322;VALIDE;chap->v.4: paul jean baptise bapteme quils celui venait cest;CONCEPT
Apocalypse 8:0;VGR;64-0719M;150;VALIDE;chap->v.7: premier trompette grele feu sang terre terre;CONCEPT
Apocalypse 8:7;VGR;64-0719M;144;EXACT;premier sonna trompette grele feu sang terre [couverture 8/14];CONCEPT
Apocalypse 9:0;VGR;64-0719M;226;VALIDE;chap->v.3: terre pouvoir pouvoir terre;CONCEPT
Apocalypse 9:1;VGR;64-0719M;212;EXACT;cinquieme trompette etoile tombee terre labime lui fut [couverture 8/14];CONCEPT
Apocalypse 9:13;VGR;64-0719M;159;VALIDE;sixieme trompette dieu;CONCEPT
Apocalypse 10:0;VGR;64-0719M;58;VALIDE;chap->v.7: jours septieme ange mystere dieu bonne;CONCEPT
Apocalypse 10:0;VGR;64-0719M;245;VALIDE;chap->v.7: septieme sera trompette mystere dieu sera termine;CONCEPT
Apocalypse 10:0;VGR;64-0719M;264;VALIDE;chap->v.7: septieme ange sera trompette dieu sera;CONCEPT
Apocalypse 10:1;VGR;64-0719M;58;PARTIEL;commencé, pas achevé — ange;CONCEPT
Apocalypse 11:0;VGR;64-0719M;274;VALIDE;chap->v.15: septieme ange trompette monde seigneur christ;CONCEPT
Apocalypse 17:8;VGR;64-0719M;213;EXACT;bete vue etait nest monter labime aller perdition [couverture 11/14];CONCEPT
Apocalypse 19:0;VGR;64-0719M;206;VALIDE;chap->v.15: deux sort bouche quil fer;CONCEPT
Esaie 18:0;VGR;64-0719M;21;VALIDE;chap->v.3: sera voyez trompette;CONCEPT
Esaie 27:12;VGR;64-0719M;30;EXACT;jour leternel depuis fleuve jusquau torrent degypte serez [couverture 8/14];CONCEPT
Esaie 27:12;VGR;64-0719M;283;PARTIEL;commencé, pas achevé — jour;CONCEPT
Genese 1:0;VGR;64-0719M;94;VALIDE;chap->v.31: dieu quil avait etait bon soir jour;CONCEPT
Hebreux 1:0;VGR;64-0719M;82;VALIDE;chap->v.1: dieu plusieurs reprises plusieurs manieres parle peres prophetes;CONCEPT
Hebreux 4:12;VGR;64-0719M;77;VALIDE;parole dieu deux;CONCEPT
Hebreux 4:12;VGR;64-0719M;245;VALIDE;parole dieu deux;CONCEPT
Hebreux 13:8;VGR;64-0719M;77;PARTIEL;commencé, pas achevé — jesus meme;CONCEPT
Hebreux 13:8;VGR;64-0719M;107;EXACT;jesus christ meme hier aujourdhui [couverture 5/6];CONCEPT
Jean 5:24;VGR;64-0719M;319;EXACT;celui parole croit envoye vie eternelle vient jugement [couverture 10/14];CONCEPT
Levitique 12:0;VGR;64-0719M;151;VALIDE;chap->v.2: parle disrael sept jours;CONCEPT
Levitique 16:0;VGR;64-0719M;151;VALIDE;chap->v.14: sang fera fera sang sept;CONCEPT
Levitique 16:0;VGR;64-0719M;252;VALIDE;chap->v.6: peche meme meme maison;CONCEPT
Levitique 16:0;VGR;64-0719M;260;VALIDE;chap->v.2: dis frere quil temps saint devant;CONCEPT
Levitique 23:0;VGR;64-0719M;151;VALIDE;chap->v.41: fete fete sept jours chaque annee cest;CONCEPT
Levitique 23:0;VGR;64-0719M;220;VALIDE;chap->v.27: meme dixieme jour septieme mois cest jour sera;CONCEPT
Levitique 23:0;VGR;64-0719M;260;VALIDE;chap->v.28: meme jour cest jour devant dieu;CONCEPT
Levitique 23:26;VGR;64-0719M;247;LAPSUS;annoncé — dit en réalité Luc 17:30;CONCEPT
Luc 17:30;VGR;64-0719M;247;LAPSUS-LU;lu — annoncé sous Levitique 23:26;CONCEPT
Levitique 23:26;VGR;64-0719M;252;PARTIEL;commencé, pas achevé — moise;CONCEPT
Luc 17:0;VGR;64-0719M;86;VALIDE;chap->v.26: arriva jours sera jours fils lhomme;CONCEPT
Luc 17:0;VGR;64-0719M;91;VALIDE;chap->v.15: dentre eux quil etait dieu;CONCEPT
Luc 17:30;VGR;64-0719M;245;VALIDE;sera meme fils;CONCEPT
Luc 17:33;VGR;64-0719M;86;PARTIEL;commencé, pas achevé — vie;CONCEPT
Luc 22:0;VGR;64-0719M;245;VALIDE;chap->v.37: dis quil ceci ecrit soit moi;CONCEPT
Malachie 3:0;VGR;64-0719M;62;VALIDE;chap->v.1: voici jenvoie messager chemin devant viendra;CONCEPT
Malachie 3:0;VGR;64-0719M;71;VALIDE;chap->v.16: alors ceux ont lun lautre ecrit;CONCEPT
Malachie 4:0;VGR;64-0719M;60;VALIDE;chap->v.1: voici jour jour;CONCEPT
Malachie 4:0;VGR;64-0719M;62;VALIDE;chap->v.1: voici jour jour;CONCEPT
Malachie 4:0;VGR;64-0719M;83;VALIDE;chap->v.5: elie prophete avant jour;CONCEPT
Malachie 4:0;VGR;64-0719M;85;VALIDE;chap->v.5: elie prophete avant jour;CONCEPT
Malachie 4:0;VGR;64-0719M;107;VALIDE;chap->v.1: jour ceux jour;CONCEPT
Malachie 4:0;VGR;64-0719M;245;VALIDE;chap->v.4: souvenez lui israel;CONCEPT
Malachie 4:0;VGR;64-0719M;278;VALIDE;chap->v.5: elie prophete avant jour;CONCEPT
Malachie 4:0;VGR;64-0719M;290;VALIDE;chap->v.1: voici vient ceux vient;CONCEPT
Actes 19:5;SKN;58-0928M;135;EXACT;furent baptises nom seigneur jesus [couverture 5/8];CONCEPT
Apocalypse 3:0;SKN;58-0928M;115;VALIDE;chap->v.8: connais voici mis devant toi porte ouverte;CONCEPT
Apocalypse 13:8;SKN;58-0928M;48;EXACT;ceux terre nom ecrit fondation monde livre vie [couverture 9/14];CONCEPT
Apocalypse 13:8;SKN;58-0928M;52;VALIDE;fondation monde immole lui;CONCEPT
Apocalypse 17:0;SKN;58-0928M;30;VALIDE;chap->v.2: laquelle rois terre ont fornication terre ont vin;CONCEPT
Apocalypse 17:0;SKN;58-0928M;48;VALIDE;chap->v.2: laquelle terre ceux terre;CONCEPT
Apocalypse 17:8;SKN;58-0928M;57;EXACT;bete vue etait monter aller perdition ceux terre [couverture 9/14];CONCEPT
Ephesiens 1:0;SKN;58-0928M;151;VALIDE;chap->v.3: beni soit dieu pere seigneur jesus christ benis;CONCEPT
Ephesiens 5:1;SKN;58-0928M;164;PARTIEL;commencé, pas achevé — dieu;CONCEPT
Galates 1:8;SKN;58-0928M;137;VALIDE;ange ciel avons soit;CONCEPT
Jean 5:24;SKN;58-0928M;58;EXACT;dis celui parole croit envoye vie eternelle vient [couverture 10/14];CONCEPT
Jean 14:8;SKN;58-0928M;94;VALIDE;lui montre pere cela;CONCEPT
Matthieu 28:19;SKN;58-0928M;109;EXACT;faites disciples nations baptisant nom pere fils saint [couverture 8/10];CONCEPT
Matthieu 28:19;SKN;58-0928M;128;PARTIEL;commencé, pas achevé — nom saint;CONCEPT
Actes 19:5;SKN;60-1209;76;VALIDE;baptises nom jesus;CONCEPT
Apocalypse 13:0;SKN;60-1209;57;VALIDE;chap->v.7: donne saints donne langue;CONCEPT
Apocalypse 17:0;SKN;60-1209;151;VALIDE;chap->v.17: dieu mis seule meme donner bete;CONCEPT
Galates 1:8;SKN;60-1209;75;VALIDE;ange ciel avons soit anatheme;CONCEPT
Hebreux 13:12;SKN;60-1209;119;EXACT;jesus afin sanctifie peuple propre sang souffert hors [couverture 9/12];CONCEPT
Luc 24:49;SKN;60-1209;119;VALIDE;ville soyez revetus puissance;CONCEPT
Marc 16:0;SKN;60-1209;149;VALIDE;chap->v.17: ici signes ceux cru nom langues;CONCEPT
Romains 5:1;SKN;60-1209;119;EXACT;justifies foi avons paix dieu seigneur jesus [couverture 7/10];CONCEPT
Actes 19:5;SKN;61-0415E;78;VALIDE;entendu nom seigneur jesus;CONCEPT
Apocalypse 13:0;SKN;61-0415E;44;VALIDE;chap->v.7: lui fut donne lui fut donne peuple nation;CONCEPT
Hebreux 13:8;SKN;61-0415E;79;VALIDE;jesus christ meme hier aujourdhui eternellement;CONCEPT
Jean 5:24;SKN;61-0415E;73;EXACT;verite dis celui parole croit envoye vie eternelle [couverture 6/14];CONCEPT
Jean 14:7;SKN;61-0415E;75;PARTIEL;commencé, pas achevé — pere maintenant;CONCEPT
Actes 19:5;SKN;63-1124M;140;EXACT;choses baptises nom seigneur jesus [couverture 5/8];CONCEPT
Apocalypse 13:0;SKN;63-1124M;92;VALIDE;chap->v.3: mort plaie mortelle avait terre etait bete;CONCEPT
Apocalypse 13:8;SKN;63-1124M;90;VALIDE;ecrit monde vie;CONCEPT
Apocalypse 17:0;SKN;63-1124M;95;VALIDE;chap->v.8: bete etait ceux terre noms ecrits fondation;CONCEPT
Apocalypse 17:0;SKN;63-1124M;97;VALIDE;chap->v.8: bete etait ceux terre noms ecrits fondation;CONCEPT
Ephesiens 4:30;SKN;63-1124M;103;EXACT;saint dieu lequel avez jour redemption [couverture 6/9];CONCEPT
Esaie 9:6;SKN;63-1124M;84;VALIDE;enfant fils donne sera merveilleux conseiller dieu pere;CONCEPT
Galates 1:8;SKN;63-1124M;140;VALIDE;ange ciel soit anatheme;CONCEPT
Hebreux 10:0;SKN;63-1124M;208;VALIDE;chap->v.26: pechons volontairement apres recu connaissance verite reste sacrifice;CONCEPT
Hebreux 13:8;SKN;63-1124M;172;VALIDE;jesus meme hier eternellement;CONCEPT
Jean 5:24;SKN;63-1124M;218;VALIDE;celui entend parole croit envoye vie eternelle vient;CONCEPT
Malachie 4:0;SKN;63-1124M;86;VALIDE;chap->v.5: prophete vienne grand jour;CONCEPT
Malachie 4:0;SKN;63-1124M;146;VALIDE;chap->v.5: envoie grand jour;CONCEPT
Malachie 4:0;SKN;63-1124M;189;VALIDE;chap->v.3: mechants cendre jour ferai;CONCEPT
Matthieu 27:0;SKN;63-1124M;39;VALIDE;chap->v.58: celui etant pilate demanda corps jesus alors pilate;CONCEPT
Actes 19:5;VGR;60-1209;75;VALIDE;baptises nom jesus;CONCEPT
Apocalypse 13:0;VGR;60-1209;56;VALIDE;chap->v.4: parce quil avait donne;CONCEPT
Apocalypse 17:0;VGR;60-1209;146;VALIDE;chap->v.17: dieu mis seule meme donner bete jusqua;CONCEPT
Galates 1:8;VGR;60-1209;74;EXACT;ange ciel avons quil soit anatheme [couverture 6/11];CONCEPT
Hebreux 13:12;VGR;60-1209;118;EXACT;cest jesus afin quil sanctifie peuple propre sang [couverture 11/12];CONCEPT
Luc 24:49;VGR;60-1209;118;EXACT;ville jusqua soyez revetus puissance den haut [couverture 7/13];CONCEPT
Marc 16:0;VGR;60-1209;144;VALIDE;chap->v.11: ceux quil etait vivant quil avait;CONCEPT
Romains 5:1;VGR;60-1209;118;EXACT;justifies foi avons paix dieu seigneur jesus [couverture 7/10];CONCEPT
Actes 19:5;VGR;63-1124M;140;EXACT;choses baptises nom seigneur jesus [couverture 5/8];CONCEPT
Apocalypse 13:8;VGR;63-1124M;90;VALIDE;nom ecrit monde vie;CONCEPT
Apocalypse 17:0;VGR;63-1124M;95;VALIDE;chap->v.10: sept lun lautre sera faut quil temps;CONCEPT
Apocalypse 17:0;VGR;63-1124M;97;VALIDE;chap->v.8: bete etait nest ceux terre noms fondation;CONCEPT
Ephesiens 4:30;VGR;63-1124M;103;EXACT;nattristez saint esprit dieu lequel avez scelles jour [couverture 9/9];CONCEPT
Esaie 9:6;VGR;63-1124M;84;VALIDE;enfant fils donne sera merveilleux conseiller dieu pere;CONCEPT
Galates 1:8;VGR;63-1124M;140;EXACT;ange ciel quil soit anatheme [couverture 5/11];CONCEPT
Hebreux 10:0;VGR;63-1124M;208;VALIDE;chap->v.26: pechons volontairement apres recu connaissance verite reste sacrifice;CONCEPT
Hebreux 13:8;VGR;63-1124M;172;EXACT;jesus meme hier aujourdhui eternellement [couverture 5/6];CONCEPT
Jean 5:24;VGR;63-1124M;218;VALIDE;dis celui entend parole croit envoye vie eternelle;CONCEPT
Malachie 4:0;VGR;63-1124M;86;VALIDE;chap->v.1: jour vient jour vient;CONCEPT
Malachie 4:0;VGR;63-1124M;146;VALIDE;chap->v.6: fera cur fils cur fils;CONCEPT
Malachie 4:0;VGR;63-1124M;189;VALIDE;chap->v.3: mechants cendre jour ferai;CONCEPT
Matthieu 27:0;VGR;63-1124M;39;VALIDE;chap->v.24: pilate voyant quil gagnait rien plutot tumulte prit;CONCEPT
Actes 19:19;SKN;61-0426;63;PARTIEL;commencé, pas achevé — ceux quil;CONCEPT
Actes 20:24;SKN;63-0127;59;VALIDE;fais aucun vie moi meme jai recu;CONCEPT
Apocalypse 22:19;SKN;63-0127;60;EXACT;quelque chose paroles livre dieu part vie [couverture 6/14];CONCEPT
Hebreux 2:14-15;SKN;63-0127;62;VALIDE;ont part lui afin mort celui;CONCEPT
Jean 1:0;SKN;63-0127;34;VALIDE;chap->v.1: commencement etait parole parole etait dieu parole etait;CONCEPT
Jean 3:16;SKN;63-0127;63;EXACT;dieu aime monde quil donne afin croit lui [couverture 6/14];CONCEPT
Jean 4:17;SKN;63-0127;88;VALIDE;femme nai jesus lui;CONCEPT
Jean 14:12;SKN;63-0127;40;VALIDE;verite dis celui croit moi fera lui fais;CONCEPT
Malachie 3:0;SKN;63-0127;80;VALIDE;chap->v.1: messager preparera chemin devant moi viendra;CONCEPT
Marc 16:0;SKN;63-0127;31;VALIDE;chap->v.17: accompagneront ceux auront cru nom chasseront demons parleront;CONCEPT
Actes 20:27;SKN;63-1229E;18;PARTIEL;commencé, pas achevé — conseil dieu;CONCEPT
Apocalypse 13:0;SKN;63-1229E;30;VALIDE;chap->v.2: bete etait ceux dun dun dragon;CONCEPT
Esaie 45:22;SKN;63-1229E;101;VALIDE;moi terre dieu;CONCEPT
Hebreux 13:8;SKN;63-1229E;207;VALIDE;jesus christ meme hier;CONCEPT
Jean 14:12;SKN;63-1229E;207;VALIDE;dis celui moi fera lui fais parce;CONCEPT
Malachie 4:0;SKN;63-1229E;70;VALIDE;chap->v.5: voici elie prophete avant jour;CONCEPT
Actes 20:27;VGR;63-1229E;28;PARTIEL;commencé, pas achevé — conseil dieu;CONCEPT
Apocalypse 13:0;VGR;63-1229E;46;VALIDE;chap->v.2: bete etait ceux dun dun dragon;CONCEPT
Esaie 45:22;VGR;63-1229E;192;EXACT;tournez moi terre dieu [couverture 5/10];CONCEPT
Hebreux 13:8;VGR;63-1229E;334;VALIDE;jesus meme hier;CONCEPT
Jean 14:12;VGR;63-1229E;334;EXACT;dis moi fera lui uvres fais [couverture 8/14];CONCEPT
Malachie 4:0;VGR;63-1229E;140;VALIDE;chap->v.5: voici envoie elie prophete avant jour;CONCEPT
Actes 23:0;SKN;62-1230M;38;VALIDE;chap->v.11: nuit suivante seigneur pres bon courage rendu temoignage;CONCEPT
Actes 23:11;SKN;62-1230M;38;VALIDE;nuit suivante seigneur pres bon courage rendu temoignage;CONCEPT
Actes 26:15;SKN;62-1230M;38;EXACT;moi seigneur suis jesus persecutes [couverture 5/7];CONCEPT
Apocalypse 22:19;SKN;62-1230M;228;VALIDE;quelque chose dieu;CONCEPT
Jean 5:0;SKN;62-1230M;237;VALIDE;chap->v.19: jesus verite verite dis fils rien lui meme;CONCEPT
Jean 5:19;SKN;62-1230M;179;EXACT;jesus dis fils rien lui meme chose pere [couverture 8/14];CONCEPT
Jean 6:0;SKN;62-1230M;183;VALIDE;chap->v.35: jesus moi suis vie celui moi jamais celui;CONCEPT
Jean 15:0;SKN;62-1230M;111;VALIDE;chap->v.20: parole moi dite mont;CONCEPT
Malachie 3:0;SKN;62-1230M;175;VALIDE;chap->v.18: alors juste mechant celui dieu celui;CONCEPT
Malachie 4:0;SKN;62-1230M;175;VALIDE;chap->v.1: jour vient jour vient;CONCEPT
Philippiens 1:20;SKN;62-1230M;38;PARTIEL;commencé, pas achevé — maintenant;CONCEPT
Actes 23:0;VGR;62-1230M;56;VALIDE;chap->v.11: nuit suivante seigneur pres bon courage rendu temoignage;CONCEPT
Actes 23:11;VGR;62-1230M;54;VALIDE;nuit suivante seigneur pres courage rendu temoignage choses;CONCEPT
Actes 26:15;VGR;62-1230M;53;EXACT;moi seigneur suis jesus persecutes [couverture 5/7];CONCEPT
Apocalypse 22:19;VGR;62-1230M;332;VALIDE;quelque chose dieu;CONCEPT
Jean 5:0;VGR;62-1230M;346;VALIDE;chap->v.19: jesus verite verite dis fils rien lui meme;CONCEPT
Jean 5:19;VGR;62-1230M;248;EXACT;dis fils rien lui meme quil pere celui [couverture 7/14];CONCEPT
Jean 6:0;VGR;62-1230M;260;VALIDE;chap->v.6: cela lui savait quil;CONCEPT
Jean 15:0;VGR;62-1230M;155;VALIDE;chap->v.20: parole moi dite mont;CONCEPT
Malachie 3:0;VGR;62-1230M;240;VALIDE;chap->v.18: alors ferez juste mechant celui dieu celui;CONCEPT
Malachie 4:0;VGR;62-1230M;240;VALIDE;chap->v.1: voici jour vient jour vient;CONCEPT
Malachie 4:0;VGR;62-1230M;241;VALIDE;chap->v.1: voici jour vient jour vient;CONCEPT
Philippiens 1:20;VGR;62-1230M;54;PARTIEL;commencé, pas achevé — maintenant;CONCEPT
Amos 3:0;SKN;62-0513M;51;VALIDE;chap->v.5: piege terre filet lui piege sol rien pris;CONCEPT
Malachie 4:0;SKN;62-0513M;267;VALIDE;chap->v.2: nom sera sortirez;CONCEPT
Amos 3:0;VGR;63-0319;331;VALIDE;chap->v.4: sil sil quelque chose;CONCEPT
Apocalypse 2:6;VGR;63-0319;263;PARTIEL;commencé, pas achevé — moi;CONCEPT
Apocalypse 10:1-7;VGR;63-0319;76;PARTIEL;commencé, pas achevé — ange dune;CONCEPT
Apocalypse 10:1-7;VGR;63-0319;183;PARTIEL;commencé, pas achevé — ange;CONCEPT
Apocalypse 19:11;VGR;63-0319;321;EXACT;vis ciel ouvert voici cheval blanc celui fidele [couverture 11/14];CONCEPT
Jean 14:12;VGR;63-0319;208;EXACT;verite dis celui croit moi fera lui uvres [couverture 12/14];CONCEPT
Jean 14:12;VGR;63-0319;218;PARTIEL;commencé, pas achevé — verite;CONCEPT
Joel 2:25;VGR;63-0319;177;VALIDE;qua sauterelle milieu;CONCEPT
Malachie 4:0;VGR;63-0319;183;VALIDE;chap->v.1: jour vient four jour vient brulera;CONCEPT
Marc 16:0;VGR;63-0319;218;VALIDE;chap->v.20: eux partout eux confirmant parole signes;CONCEPT
Matthieu 4:0;VGR;63-0319;280;VALIDE;chap->v.8: lui royaumes monde;CONCEPT
Matthieu 4:8;VGR;63-0319;268;EXACT;transporte haute montagne lui montre royaumes monde [couverture 7/10];CONCEPT
Matthieu 11:25-26;VGR;63-0319;78;EXACT;temps jesus seigneur parce cache choses sages intelligents [couverture 9/14];CONCEPT
Matthieu 24:0;VGR;63-0319;231;VALIDE;chap->v.6: entendrez parler guerres bruits guerres nest;CONCEPT
Amos 3:7;SKN;62-0319;26;VALIDE;seigneur leternel rien quil revele secret serviteurs prophetes;CONCEPT
Genese 1:11;SKN;62-0319;4;VALIDE;dieu terre produise semence fruit selon espece;CONCEPT
Hebreux 1:0;SKN;62-0319;87;VALIDE;chap->v.1: dieu plusieurs reprises plusieurs manieres parle prophetes;CONCEPT
Job 14:0;SKN;62-0319;49;VALIDE;chap->v.13: voulais cacher tenir cache jusqua colere temps puis;CONCEPT
Matthieu 24:0;SKN;62-0319;88;VALIDE;chap->v.7: nation contre nation royaume contre royaume aura;CONCEPT
Amos 3:7;SKN;65-1127E;91;VALIDE;seigneur fera rien revele secret prophetes;CONCEPT
Apocalypse 1:0;SKN;65-1127E;209;VALIDE;chap->v.1: jesus dieu lui choses arriver;CONCEPT
Apocalypse 10:0;SKN;65-1127E;201;VALIDE;chap->v.7: jours septieme ange sera mystere dieu sera annonce;CONCEPT
Esther 9:0;SKN;65-1127E;195;VALIDE;chap->v.20: juifs etaient ceux etaient pres ceux;CONCEPT
Genese 17:0;SKN;65-1127E;72;VALIDE;chap->v.1: etait ans apparut lui suis dieu;CONCEPT
Job 14:0;SKN;65-1127E;96;VALIDE;chap->v.14: homme meurt revivra jours detresse etat vienne changer;CONCEPT
Luc 17:30;SKN;65-1127E;175;PARTIEL;commencé, pas achevé — meme jour;CONCEPT
Luc 17:30;SKN;65-1127E;187;VALIDE;meme jour fils manifeste;CONCEPT
Malachie 4:0;SKN;65-1127E;187;VALIDE;chap->v.6: fera cur fils cur fils;CONCEPT
Malachie 4:0;SKN;65-1127E;201;VALIDE;chap->v.1: voici jour vient jour vient;CONCEPT
Malachie 4:0;SKN;65-1127E;211;VALIDE;chap->v.6: fera cur cur;CONCEPT
Marc 11:0;SKN;65-1127E;175;VALIDE;chap->v.13: avait voir quelque chose;CONCEPT
Marc 11:23;SKN;65-1127E;128;EXACT;dis montagne ote toi cur [couverture 6/14];CONCEPT
Marc 14:0;SKN;65-1127E;169;VALIDE;chap->v.72: pierre parole jesus lui avait avant;CONCEPT
Amos 3:7;SKN;65-1204;131;EXACT;seigneur fera rien revele serviteurs prophetes [couverture 6/9];CONCEPT
Apocalypse 3:0;SKN;65-1204;64;VALIDE;chap->v.17: parce dis suis riche suis besoin rien malheureux;CONCEPT
Apocalypse 10:0;SKN;65-1204;75;VALIDE;chap->v.7: jours septieme ange sera trompette mystere dieu sera;CONCEPT
Apocalypse 10:7;SKN;65-1204;75;EXACT;jours septieme ange sera trompette mystere dieu annonce [couverture 8/14];CONCEPT
Apocalypse 10:7;SKN;65-1204;107;EXACT;jours septieme ange sera mystere dieu [couverture 7/14];CONCEPT
Apocalypse 11:11;SKN;65-1204;180;EXACT;trois jours demi vie dieu eux [couverture 6/14];CONCEPT
Genese 1:0;SKN;65-1204;182;VALIDE;chap->v.5: dieu appela lumiere jour appela matin jour;CONCEPT
Genese 4:0;SKN;65-1204;53;VALIDE;chap->v.17: cain ville nom ville nom;CONCEPT
Jean 5:7;SKN;65-1204;166;PARTIEL;commencé, pas achevé — lui lorsque;CONCEPT
Jean 11:38-44;SKN;65-1204;152;VALIDE;jesus meme vient mort;CONCEPT
Jean 15:0;SKN;65-1204;98;VALIDE;chap->v.2: porte fruit porte fruit porte fruit;CONCEPT
Luc 17:0;SKN;65-1204;141;VALIDE;chap->v.31: jour celui sera celui sera champs retourne;CONCEPT
Malachie 4:0;SKN;65-1204;132;VALIDE;chap->v.1: jour vient jour vient;CONCEPT
Malachie 4:0;SKN;65-1204;141;VALIDE;chap->v.1: voici jour vient jour vient;CONCEPT
Matthieu 16:17;SKN;65-1204;70;EXACT;jesus lui simon chair sang revele cela pere [couverture 9/13];CONCEPT
Matthieu 18:16;SKN;65-1204;166;EXACT;deux bouche trois temoins parole soit etablie [couverture 8/14];CONCEPT
Matthieu 24:22-24;SKN;65-1204;114;VALIDE;jours elus alors;CONCEPT
Psaumes 22:0;SKN;65-1204;63;VALIDE;chap->v.16: mont ont perce mes mains mes pieds;CONCEPT
Psaumes 25:0;SKN;65-1204;29;VALIDE;chap->v.5: moi enseigne moi dieu salut toi jour;CONCEPT
Psaumes 27:0;SKN;65-1204;14;VALIDE;chap->v.2: mes mes moi ont;CONCEPT
Psaumes 27:0;SKN;65-1204;29;VALIDE;chap->v.2: mechants mes mes ennemis moi devorer chair;CONCEPT
Amos 3:7;SKN;65-1206;52;EXACT;fera rien revele serviteurs prophetes [couverture 5/9];CONCEPT
Apocalypse 2:0;SKN;65-1206;213;VALIDE;chap->v.7: celui celui lui vie dieu;CONCEPT
Apocalypse 3:0;SKN;65-1206;263;VALIDE;chap->v.2: reste sen trouve devant dieu;CONCEPT
Apocalypse 3:0;SKN;65-1206;265;VALIDE;chap->v.2: reste sen trouve devant dieu;CONCEPT
Apocalypse 10:7;SKN;65-1206;320;EXACT;septieme ange sera mystere dieu annonce [couverture 7/14];CONCEPT
Deuteronome 18:15;SKN;65-1206;275;VALIDE;dieu suscitera prophete moi;CONCEPT
Esaie 7:14;SKN;65-1206;282;VALIDE;pourquoi lui vierge concevra;CONCEPT
Esaie 9:6;SKN;65-1206;258;EXACT;enfant fils donne epaule nom conseiller dieu pere [couverture 8/14];CONCEPT
Esaie 9:6;SKN;65-1206;282;VALIDE;enfant dieu pere;CONCEPT
Esaie 35:7;SKN;65-1206;282;PARTIEL;commencé, pas achevé — parc;CONCEPT
Esaie 40:3;SKN;65-1206;222;EXACT;voix celui crie desert chemin aplanissez dieu [couverture 7/12];CONCEPT
Esaie 50:6;SKN;65-1206;282;PARTIEL;commencé, pas achevé — mes;CONCEPT
Esaie 53:9;SKN;65-1206;282;VALIDE;lui riche mort parce avait bouche;CONCEPT
Esaie 53:12;SKN;65-1206;282;VALIDE;pourquoi lui part parce ame;CONCEPT
Genese 22:0;SKN;65-1206;283;VALIDE;chap->v.7: isaac pere pere voici voici;CONCEPT
Hebreux 1:1;SKN;65-1206;68;VALIDE;dieu autrefois prophetes;CONCEPT
Hebreux 13:8;SKN;65-1206;30;VALIDE;jesus meme hier eternellement;CONCEPT
Hebreux 13:8;SKN;65-1206;288;VALIDE;jesus meme hier eternellement;CONCEPT
Jean 1:0;SKN;65-1206;30;VALIDE;chap->v.1: commencement etait parole parole etait dieu parole etait;CONCEPT
Jean 1:1;SKN;65-1206;258;EXACT;commencement etait parole dieu [couverture 9/10];CONCEPT
Luc 17:0;SKN;65-1206;54;VALIDE;chap->v.31: jour celui sera aura celui sera;CONCEPT
Luc 17:0;SKN;65-1206;216;VALIDE;chap->v.8: moi moi apres;CONCEPT
Luc 17:30;SKN;65-1206;294;EXACT;sera meme jour fils [couverture 5/7];CONCEPT
Malachie 3:0;SKN;65-1206;202;VALIDE;chap->v.15: maintenant meme meme dieu;CONCEPT
Malachie 3:0;SKN;65-1206;211;VALIDE;chap->v.15: ceux meme meme dieu;CONCEPT
Malachie 3:0;SKN;65-1206;212;VALIDE;chap->v.15: maintenant ceux meme meme dieu;CONCEPT
Malachie 3:0;SKN;65-1206;226;VALIDE;chap->v.18: alors juste celui dieu celui;CONCEPT
Malachie 3:0;SKN;65-1206;282;VALIDE;chap->v.15: maintenant meme meme dieu;CONCEPT
Malachie 4:0;SKN;65-1206;54;VALIDE;chap->v.6: fera peres peres;CONCEPT
Malachie 4:0;SKN;65-1206;211;VALIDE;chap->v.1: jour vient ceux jour vient;CONCEPT
Malachie 4:0;SKN;65-1206;215;VALIDE;chap->v.1: jour vient jour vient;CONCEPT
Matthieu 11:0;SKN;65-1206;207;VALIDE;chap->v.8: alles voir homme vetu precieux ceux choses rois;CONCEPT
Matthieu 24:24;SKN;65-1206;125;VALIDE;possible meme elus;CONCEPT
Psaumes 16:10;SKN;65-1206;282;VALIDE;ame saint voie corruption;CONCEPT
Psaumes 22:0;SKN;65-1206;167;VALIDE;chap->v.1: dieu dieu pourquoi abandonne;CONCEPT
Psaumes 22:0;SKN;65-1206;282;VALIDE;chap->v.16: mont ont perce mes mains mes pieds;CONCEPT
Psaumes 22:7;SKN;65-1206;282;PARTIEL;commencé, pas achevé — bouche;CONCEPT
Psaumes 22:18;SKN;65-1206;282;PARTIEL;commencé, pas achevé — mes vetements;CONCEPT
Psaumes 35:11;SKN;65-1206;282;PARTIEL;commencé, pas achevé — temoins;CONCEPT
Psaumes 41:9;SKN;65-1206;282;PARTIEL;commencé, pas achevé — ami;CONCEPT
Zacharie 11:12;SKN;65-1206;282;PARTIEL;commencé, pas achevé — dis cela;CONCEPT
Zacharie 12:0;SKN;65-1206;282;VALIDE;chap->v.13: part femmes part part femmes part;CONCEPT
Zacharie 13:7;SKN;65-1206;282;LAPSUS;annoncé — dit en réalité Esaie 7:14;CONCEPT
Esaie 7:14;SKN;65-1206;282;LAPSUS-LU;lu — annoncé sous Zacharie 13:7;CONCEPT
Zacharie 14:7;SKN;65-1206;288;EXACT;sera jour nuit temps soir aura lumiere [couverture 6/10];CONCEPT
Amos 3:7;VGR;65-0718E;63;EXACT;seigneur leternel rien quil revele serviteurs prophetes [couverture 7/9];CONCEPT
Jean 1:0;VGR;65-0718E;68;VALIDE;chap->v.1: etait parole parole etait dieu parole etait dieu;CONCEPT
Jean 14:12;VGR;65-0718E;126;EXACT;dis fera lui uvres fais men [couverture 6/14];CONCEPT
Joel 2:38;VGR;65-0718E;126;LAPSUS;annoncé — dit en réalité actes 2:38;CONCEPT
actes 2:38;VGR;65-0718E;126;LAPSUS-LU;lu — annoncé sous Joel 2:38;CONCEPT
Luc 17:30;VGR;65-0718E;126;PARTIEL;commencé, pas achevé — meme jour;CONCEPT
Malachie 4:0;VGR;65-0718E;160;VALIDE;chap->v.5: voici envoie elie prophete avant jour;CONCEPT
Amos 3:7;VGR;65-0718M;117;EXACT;seigneur leternel rien quil revele prophetes [couverture 6/9];CONCEPT
Amos 3:7;VGR;65-0718M;158;VALIDE;seigneur fera quil revele;CONCEPT
Amos 3:7;VGR;65-0718M;160;VALIDE;seigneur fera rien quil revele;CONCEPT
Apocalypse 10:0;VGR;65-0718M;147;VALIDE;chap->v.7: jours sera mystere dieu sera annonce;CONCEPT
Apocalypse 10:0;VGR;65-0718M;166;VALIDE;chap->v.6: celui ciel choses terre choses choses quil;CONCEPT
Apocalypse 10:0;VGR;65-0718M;178;VALIDE;chap->v.6: cree choses terre choses choses quil;CONCEPT
Deuteronome 4:0;VGR;65-0718M;186;VALIDE;chap->v.1: maintenant israel ecoute ordonnances enseigne afin viviez entriez;CONCEPT
Joel 2:28;VGR;65-0718M;152;PARTIEL;commencé, pas achevé — apres cela;CONCEPT
Luc 7:7;VGR;65-0718M;138;EXACT;cest suis meme dis parole [couverture 5/14];CONCEPT
Luc 17:30;VGR;65-0718M;178;VALIDE;sera meme fils;CONCEPT
Malachie 4:0;VGR;65-0718M;147;VALIDE;chap->v.5: envoie elie prophete avant jour;CONCEPT
Malachie 4:0;VGR;65-0718M;171;VALIDE;chap->v.5: voici prophete avant vienne grand jour;CONCEPT
Malachie 4:0;VGR;65-0718M;178;VALIDE;chap->v.6: fera fils fils;CONCEPT
Marc 7:7;VGR;65-0718M;27;VALIDE;mhonorent vain commandements dhommes;CONCEPT
Amos 3:7;VGR;65-1127B;210;EXACT;seigneur fera rien quil revele prophetes [couverture 5/9];CONCEPT
Apocalypse 1:0;VGR;65-1127B;44;VALIDE;chap->v.20: sept sept sept sept sept;CONCEPT
Apocalypse 10:0;VGR;65-1127B;301;VALIDE;chap->v.6: jura celui vit siecles siecles ciel choses terre;CONCEPT
Deuteronome 4:0;VGR;65-1127B;322;VALIDE;chap->v.2: rien parole nen rien garder dieu;CONCEPT
Deuteronome 4:4;VGR;65-1127B;322;PARTIEL;commencé, pas achevé — dieu aujourdhui;CONCEPT
Jean 15:0;VGR;65-1127B;19;VALIDE;chap->v.2: sarment porte fruit sarment porte fruit quil porte;CONCEPT
Joel 2:38;VGR;65-1127B;217;LAPSUS;annoncé — dit en réalité actes 2:38;CONCEPT
actes 2:38;VGR;65-1127B;217;LAPSUS-LU;lu — annoncé sous Joel 2:38;CONCEPT
Luc 17:30;VGR;65-1127B;212;VALIDE;meme jour fils lhomme;CONCEPT
Malachie 3:0;VGR;65-1127B;211;VALIDE;chap->v.1: voici jenvoie messager devant moi seigneur viendra;CONCEPT
Malachie 4:0;VGR;65-1127B;210;VALIDE;chap->v.5: voici elie prophete avant vienne grand jour;CONCEPT
Malachie 4:0;VGR;65-1127B;220;VALIDE;chap->v.1: jour ceux jour;CONCEPT
Malachie 4:0;VGR;65-1127B;301;VALIDE;chap->v.5: envoie vienne jour;CONCEPT
Malachie 4:0;VGR;65-1127B;322;VALIDE;chap->v.4: souvenez loi moise lui israel;CONCEPT
Marc 7:7;VGR;65-1127B;104;VALIDE;mhonorent vain enseignant commandements dhommes;CONCEPT
Matthieu 11:0;VGR;65-1127B;211;VALIDE;chap->v.10: cest ici celui voici moi jenvoie messager devant;CONCEPT
Psaumes 22:0;VGR;65-1127B;315;VALIDE;chap->v.16: ont perce mes mains mes pieds;CONCEPT
Romains 8:0;VGR;65-1127B;139;VALIDE;chap->v.5: selon ont choses selon choses;CONCEPT
Amos 3:7;VGR;65-1127E;91;VALIDE;leternel rien quil revele secret prophetes;CONCEPT
Apocalypse 1:0;VGR;65-1127E;209;VALIDE;chap->v.1: jesus dieu lui choses arriver;CONCEPT
Apocalypse 10:0;VGR;65-1127E;201;VALIDE;chap->v.7: jours septieme ange sera mystere dieu sera annonce;CONCEPT
Genese 17:0;VGR;65-1127E;72;VALIDE;chap->v.1: etait ans lui suis dieu devant;CONCEPT
Job 14:0;VGR;65-1127E;96;VALIDE;chap->v.13: voulais cacher cache jusqua colere temps moi;CONCEPT
Luc 17:30;VGR;65-1127E;175;PARTIEL;commencé, pas achevé — meme jour;CONCEPT
Luc 17:30;VGR;65-1127E;187;VALIDE;meme jour fils lhomme manifeste;CONCEPT
Malachie 4:0;VGR;65-1127E;187;VALIDE;chap->v.6: fera cur fils cur fils;CONCEPT
Malachie 4:0;VGR;65-1127E;201;VALIDE;chap->v.1: voici jour ceux jour;CONCEPT
Malachie 4:0;VGR;65-1127E;211;VALIDE;chap->v.6: fera cur cur;CONCEPT
Marc 11:0;VGR;65-1127E;175;VALIDE;chap->v.13: loin avait voir quelque chose;CONCEPT
Marc 11:23;VGR;65-1127E;128;EXACT;dis montagne ote toi cur quil [couverture 7/14];CONCEPT
Marc 14:0;VGR;65-1127E;169;VALIDE;chap->v.72: pierre parole jesus lui avait avant;CONCEPT
Amos 3:7;VGR;65-1204;131;EXACT;seigneur fera rien quil revele serviteurs prophetes [couverture 7/9];CONCEPT
Apocalypse 3:0;VGR;65-1204;64;VALIDE;chap->v.17: parce dis suis riche suis nai besoin rien;CONCEPT
Apocalypse 10:0;VGR;65-1204;75;VALIDE;chap->v.7: quaux jours septieme ange sera trompette mystere dieu;CONCEPT
Apocalypse 10:7;VGR;65-1204;75;EXACT;quaux jours septieme ange sera trompette mystere dieu [couverture 9/14];CONCEPT
Apocalypse 10:7;VGR;65-1204;107;EXACT;septieme ange sera mystere dieu [couverture 6/14];CONCEPT
Genese 1:0;VGR;65-1204;182;VALIDE;chap->v.31: dieu quil avait cela etait matin jour;CONCEPT
Genese 4:0;VGR;65-1204;53;VALIDE;chap->v.17: cain ville nom ville nom;CONCEPT
Jean 5:7;VGR;65-1204;166;PARTIEL;commencé, pas achevé — lui lorsque;CONCEPT
Jean 11:38-44;VGR;65-1204;152;VALIDE;jesus meme vient avait mort;CONCEPT
Jean 15:0;VGR;65-1204;98;VALIDE;chap->v.2: porte fruit porte fruit porte fruit;CONCEPT
Luc 17:0;VGR;65-1204;141;VALIDE;chap->v.31: jour celui sera celui sera champs retourne;CONCEPT
Malachie 4:0;VGR;65-1204;132;VALIDE;chap->v.1: jour vient jour vient;CONCEPT
Malachie 4:0;VGR;65-1204;141;VALIDE;chap->v.3: plante vos jour leternel;CONCEPT
Matthieu 16:17;VGR;65-1204;70;EXACT;jesus lui simon chair sang tont revele cela [couverture 10/13];CONCEPT
Matthieu 18:16;VGR;65-1204;166;EXACT;deux trois temoins parole soit etablie [couverture 7/14];CONCEPT
Matthieu 24:22;VGR;65-1204;114;PARTIEL;commencé, pas achevé — jours elus;CONCEPT
Psaumes 22:0;VGR;65-1204;63;VALIDE;chap->v.16: mont ont perce mes mains mes pieds;CONCEPT
Psaumes 25:0;VGR;65-1204;29;VALIDE;chap->v.5: moi enseigne moi dieu salut cest jour;CONCEPT
Psaumes 27:0;VGR;65-1204;14;VALIDE;chap->v.4: jai chose cest maison vie;CONCEPT
Psaumes 27:0;VGR;65-1204;29;VALIDE;chap->v.4: jai demande chose leternel cest maison leternel vie;CONCEPT
Amos 3:7;VGR;65-1206;52;EXACT;fera rien quil revele serviteurs prophetes [couverture 6/9];CONCEPT
Apocalypse 3:0;VGR;65-1206;263;VALIDE;chap->v.21: lui moi trone moi suis assis trone;CONCEPT
Apocalypse 3:0;VGR;65-1206;265;VALIDE;chap->v.20: porte entend quil porte lui lui;CONCEPT
Apocalypse 10:7;VGR;65-1206;320;EXACT;septieme ange sera mystere dieu termine [couverture 7/14];CONCEPT
Deuteronome 18:15;VGR;65-1206;275;EXACT;leternel dieu suscitera prophete moi [couverture 5/11];CONCEPT
Esaie 7:14;VGR;65-1206;282;VALIDE;cest pourquoi lui vierge concevra;CONCEPT
Esaie 9:6;VGR;65-1206;258;EXACT;enfant fils donne sera epaule appellera nom conseiller [couverture 10/14];CONCEPT
Esaie 9:6;VGR;65-1206;282;VALIDE;enfant dieu pere;CONCEPT
Esaie 35:7;VGR;65-1206;282;PARTIEL;commencé, pas achevé — parc;CONCEPT
Esaie 40:3;VGR;65-1206;222;EXACT;voix celui crie desert preparez chemin aplanissez dieu [couverture 8/12];CONCEPT
Esaie 50:6;VGR;65-1206;282;PARTIEL;commencé, pas achevé — mes;CONCEPT
Esaie 53:9;VGR;65-1206;282;EXACT;lui sepulcre riche mort parce quil avait bouche [couverture 5/14];CONCEPT
Esaie 53:12;VGR;65-1206;282;VALIDE;cest pourquoi lui part parce quil ame;CONCEPT
Genese 22:0;VGR;65-1206;283;VALIDE;chap->v.1: choses dieu abraham lui abraham voici;CONCEPT
Hebreux 1:1;VGR;65-1206;68;VALIDE;dieu autrefois prophetes;CONCEPT
Hebreux 13:8;VGR;65-1206;30;EXACT;jesus meme hier aujourdhui eternellement [couverture 5/6];CONCEPT
Hebreux 13:8;VGR;65-1206;288;EXACT;jesus meme hier aujourdhui eternellement [couverture 5/6];CONCEPT
Jean 1:0;VGR;65-1206;30;VALIDE;chap->v.1: commencement etait parole parole etait dieu parole etait;CONCEPT
Jean 1:1;VGR;65-1206;258;EXACT;commencement etait parole dieu [couverture 9/10];CONCEPT
Luc 17:0;VGR;65-1206;54;VALIDE;chap->v.31: jour celui sera aura celui sera;CONCEPT
Luc 17:0;VGR;65-1206;216;VALIDE;chap->v.31: jour celui sera celui sera;CONCEPT
Luc 17:30;VGR;65-1206;294;VALIDE;meme jour fils lhomme;CONCEPT
Malachie 3:0;VGR;65-1206;202;VALIDE;chap->v.15: maintenant meme meme dieu;CONCEPT
Malachie 3:0;VGR;65-1206;211;VALIDE;chap->v.14: cest dieu quel quil;CONCEPT
Malachie 3:0;VGR;65-1206;212;VALIDE;chap->v.1: jenvoie messager devant viendra;CONCEPT
Malachie 3:0;VGR;65-1206;226;VALIDE;chap->v.18: alors juste celui dieu celui;CONCEPT
Malachie 3:0;VGR;65-1206;282;VALIDE;chap->v.14: cest quon dieu quil;CONCEPT
Malachie 4:0;VGR;65-1206;54;VALIDE;chap->v.6: fera cur peres cur peres;CONCEPT
Malachie 4:0;VGR;65-1206;211;VALIDE;chap->v.1: jour vient jour vient;CONCEPT
Malachie 4:0;VGR;65-1206;215;VALIDE;chap->v.1: jour vient jour vient;CONCEPT
Matthieu 11:0;VGR;65-1206;207;VALIDE;chap->v.7: jesus jean quetes alles voir roseau agite vent;CONCEPT
Matthieu 24:24;VGR;65-1206;125;VALIDE;possible meme elus;CONCEPT
Psaumes 16:10;VGR;65-1206;282;VALIDE;ame saint voie corruption;CONCEPT
Psaumes 22:0;VGR;65-1206;167;VALIDE;chap->v.1: dieu dieu pourquoi mas abandonne;CONCEPT
Psaumes 22:0;VGR;65-1206;282;VALIDE;chap->v.16: mont ont perce mes mains mes pieds;CONCEPT
Psaumes 22:7;VGR;65-1206;282;PARTIEL;commencé, pas achevé — bouche;CONCEPT
Psaumes 22:18;VGR;65-1206;282;PARTIEL;commencé, pas achevé — mes vetements;CONCEPT
Psaumes 23:0;VGR;65-1206;167;VALIDE;chap->v.4: meme moi eux;CONCEPT
Psaumes 35:11;VGR;65-1206;282;PARTIEL;commencé, pas achevé — temoins;CONCEPT
Psaumes 41:9;VGR;65-1206;282;PARTIEL;commencé, pas achevé — ami;CONCEPT
Zacharie 11:12;VGR;65-1206;282;EXACT;dis cela bon pieces dargent [couverture 5/14];CONCEPT
Zacharie 12:0;VGR;65-1206;282;VALIDE;chap->v.13: part femmes part part femmes part;CONCEPT
Zacharie 13:7;VGR;65-1206;282;LAPSUS;annoncé — dit en réalité Esaie 7:14;CONCEPT
Esaie 7:14;VGR;65-1206;282;LAPSUS-LU;lu — annoncé sous Zacharie 13:7;CONCEPT
Zacharie 14:7;VGR;65-1206;288;EXACT;jour nuit temps soir aura lumiere [couverture 7/10];CONCEPT
Apocalypse 1:0;SKN;51-0502;17;VALIDE;chap->v.5: part jesus christ temoin premier terre celui nos;CONCEPT
Apocalypse 13:0;SKN;51-0502;22;VALIDE;chap->v.14: ceux terre cause quil lui fut bete disant;CONCEPT
Hebreux 12:0;SKN;51-0502;16;VALIDE;chap->v.1: cest pourquoi grande nuee temoins fardeau peche enveloppe;CONCEPT
Apocalypse 1:0;SKN;53-0513;31;VALIDE;chap->v.4: grace part celui etait vient part devant;CONCEPT
Hebreux 13:12;SKN;53-0513;13;EXACT;cest jesus afin quil hors porte [couverture 5/12];CONCEPT
Jean 4:0;SKN;53-0513;24;VALIDE;chap->v.50: jesus lui fils lhomme parole jesus lui;CONCEPT
Jean 14:12;SKN;53-0513;24;EXACT;dis croit moi fera lui [couverture 6/14];CONCEPT
Marc 11:0;SKN;53-0513;18;VALIDE;chap->v.11: apres soir etait deja venu alla;CONCEPT
Marc 11:24;SKN;53-0513;18;VALIDE;cest demanderez priant croyez sera;CONCEPT
Marc 11:24;SKN;53-0513;24;VALIDE;cest dis croyez;CONCEPT
Marc 16:0;SKN;53-0513;18;VALIDE;chap->v.6: lui jesus nest ici lieu mis;CONCEPT
Marc 16:0;SKN;53-0513;20;VALIDE;chap->v.6: lui nest ici mis;CONCEPT
Marc 16:0;SKN;53-0513;23;VALIDE;chap->v.18: serpents chose mortel cela imposeront mains;CONCEPT
Marc 16:0;SKN;53-0513;24;VALIDE;chap->v.6: lui jesus nest ici mis;CONCEPT
Marc 16:0;SKN;53-0513;43;VALIDE;chap->v.6: lui jesus nest ici voici;CONCEPT
Matthieu 8:0;SKN;53-0513;17;VALIDE;chap->v.17: accompli esaie prophete lui meme pris nos nos;CONCEPT
Apocalypse 1:0;SKN;53-0611;34;VALIDE;chap->v.4: sept part celui etait vient part sept;CONCEPT
Genese 1:0;SKN;53-0611;75;VALIDE;chap->v.31: dieu quil avait voici cela etait bon eut;CONCEPT
Genese 1:28;SKN;53-0611;76;PARTIEL;commencé, pas achevé — dieu terre;CONCEPT
Marc 11:24;SKN;53-0611;93;VALIDE;cest dis croyez;CONCEPT
Marc 16:0;SKN;53-0611;91;VALIDE;chap->v.18: auront quelque chose cela imposeront mains ceux;CONCEPT
Marc 16:0;SKN;53-0611;92;VALIDE;chap->v.18: auront quelque chose cela imposeront mains ceux;CONCEPT
Marc 16:0;SKN;53-0611;93;VALIDE;chap->v.18: auront quelque chose cela imposeront mains ceux;CONCEPT
Apocalypse 1:0;SKN;54-0404E;108;VALIDE;chap->v.17: tombai pieds mort moi moi;CONCEPT
Jacques 5:14;SKN;54-0404E;91;EXACT;quelquun parmi malade quil appelle anciens quils prient [couverture 10/14];CONCEPT
Jean 5:19;SKN;54-0404E;36;EXACT;dis rien lui quil chose pere quelque [couverture 7/14];CONCEPT
Apocalypse 1:0;SKN;54-0811;10;VALIDE;chap->v.8: moi suis seigneur dieu celui etait vient;CONCEPT
Matthieu 27:0;SKN;54-0811;47;VALIDE;chap->v.63: disant pendant quil etait vie disait apres jours;CONCEPT
Apocalypse 1:0;SKN;54-1212;54;VALIDE;chap->v.4: sept part celui etait part sept;CONCEPT
Exode 19:0;SKN;54-1212;202;VALIDE;chap->v.1: mois disrael sortis meme jour desert;CONCEPT
Jean 3:0;SKN;54-1212;62;VALIDE;chap->v.17: dieu envoye fils monde quil juge monde monde;CONCEPT
Marc 16:0;SKN;54-1212;91;VALIDE;chap->v.6: lui nest ici;CONCEPT
Apocalypse 1:0;SKN;56-1230;49;VALIDE;chap->v.4: jean sept grace part celui etait vient part;CONCEPT
Genese 35:0;SKN;56-1230;17;VALIDE;chap->v.10: dieu lui sera appele israel sera israel;CONCEPT
Genese 37:0;SKN;56-1230;21;VALIDE;chap->v.9: autre songe freres voici songe songe voici lune;CONCEPT
Hebreux 11:0;SKN;56-1230;30;VALIDE;chap->v.22: foi joseph vie fit donna;CONCEPT
Apocalypse 1:0;SKN;57-0125;39;VALIDE;chap->v.8: moi suis seigneur dieu celui etait vient;CONCEPT
Galates 1:8;SKN;57-0125;25;VALIDE;ange ciel avons quil soit anatheme;CONCEPT
Jean 5:19;SKN;57-0125;64;EXACT;jesus dis fils rien lui meme quil chose [couverture 7/14];CONCEPT
Jean 5:24;SKN;57-0125;54;VALIDE;dis celui entend parole croit envoye vie eternelle;CONCEPT
Jean 14:0;SKN;57-0125;20;VALIDE;chap->v.10: crois moi pere pere moi moi moi meme;CONCEPT
Apocalypse 1:0;SKN;59-0423;6;VALIDE;chap->v.8: moi suis seigneur dieu celui etait;CONCEPT
Apocalypse 1:0;SKN;60-0712;84;VALIDE;chap->v.8: moi suis lalpha lomega seigneur dieu celui etait;CONCEPT
Jean 5:24;SKN;60-0712;97;VALIDE;verite dis celui parole croit envoye vie eternelle;CONCEPT
Apocalypse 1:0;SKN;61-0122;14;VALIDE;chap->v.4: jean sept part etait vient part sept;CONCEPT
Deuteronome 32:11;SKN;61-0122;3;VALIDE;eveille petits ailes prend porte;CONCEPT
Ephesiens 4:30;SKN;61-0122;90;VALIDE;saint esprit dieu lequel avez scelles jour redemption;CONCEPT
Esther 7:7;SKN;61-0122;54;PARTIEL;commencé, pas achevé — sen vie;CONCEPT
Apocalypse 1:0;SKN;62-0722;42;VALIDE;chap->v.4: sept part celui etait vient part sept;CONCEPT
Jean 5:24;SKN;62-0722;56;VALIDE;verite celui parole croit vie eternelle vient;CONCEPT
Jean 11:0;SKN;62-0722;56;VALIDE;chap->v.25: jesus lui moi suis vie celui croit moi;CONCEPT
Jean 14:0;SKN;62-0722;56;VALIDE;chap->v.12: verite verite celui croit moi fera lui moi;CONCEPT
Apocalypse 1:0;SKN;63-0317E;31;VALIDE;chap->v.16: avait main sept visage soleil;CONCEPT
Apocalypse 10:0;SKN;63-0317E;29;VALIDE;chap->v.1: vis autre ange puissant ciel dune nuee larc;CONCEPT
Apocalypse 10:6;SKN;63-0317E;223;PARTIEL;commencé, pas achevé — celui quil;CONCEPT
Ephesiens 1:0;SKN;63-0317E;63;VALIDE;chap->v.13: avez entendu parole verite levangile salut cru avez;CONCEPT
Ephesiens 1:13;SKN;63-0317E;65;EXACT;avez entendu parole verite levangile salut cru scelles [couverture 10/14];CONCEPT
Ephesiens 4:30;SKN;63-0317E;69;EXACT;nattristez saint esprit dieu lequel avez scelles jour [couverture 9/9];CONCEPT
Levitique 25:0;SKN;63-0317E;121;VALIDE;chap->v.25: frere possession alors droit parent rachete;CONCEPT
Malachie 4:0;SKN;63-0317E;43;VALIDE;chap->v.1: voici vient seront vient;CONCEPT
Malachie 4:0;SKN;63-0317E;218;VALIDE;chap->v.6: peres peres vienne frappe;CONCEPT
Romains 8:22;SKN;63-0317E;76;EXACT;savons creation soupire jusqua maintenant [couverture 5/7];CONCEPT
Zacharie 3:0;SKN;63-0317E;235;VALIDE;chap->v.8: ecoute grand sacrificateur toi tes compagnons assis devant;CONCEPT
Zacharie 3:8;SKN;63-0317E;235;EXACT;ecoute grand sacrificateur toi tes compagnons assis devant [couverture 12/14];CONCEPT
Zacharie 4:104;SKN;63-0317E;236;LAPSUS;annoncé — dit en réalité zacharie 4:10;CONCEPT
zacharie 4:10;SKN;63-0317E;236;LAPSUS-LU;lu — annoncé sous Zacharie 4:104;CONCEPT
Apocalypse 1:0;SKN;63-1110M;157;VALIDE;chap->v.20: mystere sept sept sept anges sept sept;CONCEPT
Apocalypse 10:7;SKN;63-1110M;156;VALIDE;septieme ange sera mystere dieu termine;CONCEPT
Apocalypse 17:0;SKN;63-1110M;187;VALIDE;chap->v.2: laquelle ont ceux ont;CONCEPT
Genese 1:0;SKN;63-1110M;352;VALIDE;chap->v.2: terre etait avait face dieu face eaux;CONCEPT
Genese 15:16;SKN;63-1110M;308;VALIDE;quatrieme generation amoreens comble;CONCEPT
Hebreux 11:0;SKN;63-1110M;142;VALIDE;chap->v.5: foi fut mort fut parce dieu avant;CONCEPT
Hebreux 13:8;SKN;63-1110M;309;PARTIEL;commencé, pas achevé — jesus meme;CONCEPT
Jean 4:0;SKN;63-1110M;39;VALIDE;chap->v.24: dieu esprit ceux esprit verite;CONCEPT
Jean 6:49;SKN;63-1110M;235;EXACT;ont mange manne desert morts [couverture 5/7];CONCEPT
Jean 14:12;SKN;63-1110M;116;EXACT;celui croit moi fera lui fais parce vais [couverture 8/14];CONCEPT
Matthieu 6:9-13;SKN;63-1110M;412;EXACT;ainsi pere cieux nom soit sanctifie regne vienne [couverture 6/7];CONCEPT
Matthieu 23:0;SKN;63-1110M;244;VALIDE;chap->v.27: malheur scribes pharisiens hypocrites ressemblez sepulcres blanchis paraissent;CONCEPT
Matthieu 23:0;SKN;63-1110M;245;VALIDE;chap->v.27: malheur scribes pharisiens hypocrites ressemblez sepulcres blanchis paraissent;CONCEPT
Matthieu 23:7;SKN;63-1110M;243;PARTIEL;commencé, pas achevé — hommes;CONCEPT
Apocalypse 1:0;SKN;65-0725E;147;VALIDE;chap->v.20: mystere sept sept sept anges sept sept;CONCEPT
Apocalypse 10:1;SKN;65-0725E;148;PARTIEL;commencé, pas achevé — ange soleil;CONCEPT
Apocalypse 16:9;SKN;65-0725E;97;VALIDE;grande nom dieu gloire;CONCEPT
Esaie 29:6;SKN;65-0725E;97;VALIDE;tremblement terre grande;CONCEPT
Esaie 40:0;SKN;65-0725E;74;VALIDE;chap->v.2: cur jerusalem lui accompli quelle main;CONCEPT
Jean 14:0;SKN;65-0725E;118;VALIDE;chap->v.6: jesus lui moi suis chemin vie vient moi;CONCEPT
Jean 14:12;SKN;65-0725E;116;EXACT;croit moi fera uvres fais [couverture 7/14];CONCEPT
Luc 17:22;SKN;65-0725E;117;PARTIEL;commencé, pas achevé — jours fils;CONCEPT
Luc 17:30;SKN;65-0725E;148;VALIDE;sera meme jour fils;CONCEPT
Luc 17:30;SKN;65-0725E;172;VALIDE;sera meme manifeste;CONCEPT
Malachie 3:0;SKN;65-0725E;101;VALIDE;chap->v.7: vos avez moi armees;CONCEPT
Malachie 3:0;SKN;65-0725E;105;VALIDE;chap->v.18: alors juste mechant celui celui;CONCEPT
Malachie 3:0;SKN;65-0725E;107;VALIDE;chap->v.1: messager devant seigneur;CONCEPT
Malachie 4:0;SKN;65-0725E;107;VALIDE;chap->v.5: elie prophete avant jour;CONCEPT
Matthieu 21:1-11;SKN;65-0725E;28;EXACT;jerusalem furent arrives bethphage montagne oliviers jesus envoya [couverture 10/13];CONCEPT
Psaumes 22:0;SKN;65-0725E;85;VALIDE;chap->v.16: mont ont perce mes mains mes pieds;CONCEPT
Zacharie 9:0;SKN;65-0725E;96;VALIDE;chap->v.9: toi fille sion pousse cris joie fille jerusalem;CONCEPT
Zacharie 14:0;SKN;65-0725E;96;VALIDE;chap->v.8: arrivera jour eaux vives sortiront jerusalem moitie mer;CONCEPT
Apocalypse 1:0;SKN;65-0822E;30;VALIDE;chap->v.14: tete cheveux etaient blancs laine blanche neige;CONCEPT
Ephesiens 5:26;SKN;65-0822E;103;PARTIEL;commencé, pas achevé — lavage parole;CONCEPT
Exode 19:0;SKN;65-0822E;97;VALIDE;chap->v.13: main homme cor;CONCEPT
Malachie 4:0;SKN;65-0822E;157;VALIDE;chap->v.1: jour vient jour vient;CONCEPT
Matthieu 24:24;SKN;65-0822E;151;VALIDE;seduire possible meme elus;CONCEPT
Nombres 19:9;SKN;65-0822E;23;EXACT;homme pur ramassera cendre genisse deposera hors camp [couverture 13/14];CONCEPT
Apocalypse 1:0;VGR;54-0404E;108;VALIDE;chap->v.13: semblable fils lhomme dune pieds;CONCEPT
Jacques 5:14;VGR;54-0404E;91;EXACT;quelquun parmi malade quil appelle anciens lui dhuile [couverture 8/14];CONCEPT
Jean 5:19;VGR;54-0404E;36;EXACT;dis rien lui quil voie chose pere quelque [couverture 8/14];CONCEPT
Apocalypse 1:0;VGR;54-1212;54;VALIDE;chap->v.20: sept sept dor sept sept sept;CONCEPT
Exode 19:0;VGR;54-1212;202;VALIDE;chap->v.1: mois disrael sortis pays jour desert;CONCEPT
Jean 3:0;VGR;54-1212;62;VALIDE;chap->v.17: dieu envoye fils monde quil juge monde monde;CONCEPT
Marc 16:0;VGR;54-1212;91;VALIDE;chap->v.16: celui sera celui sera;CONCEPT
Apocalypse 1:0;VGR;56-1230;123;VALIDE;chap->v.4: sept grace part celui etait vient part sept;CONCEPT
Genese 35:0;VGR;56-1230;47;VALIDE;chap->v.1: dieu leve toi dieu;CONCEPT
Genese 37:0;VGR;56-1230;59;VALIDE;chap->v.17: lhomme partis jai entendu allons dothan joseph alla;CONCEPT
Hebreux 11:0;VGR;56-1230;80;VALIDE;chap->v.3: foi parole dieu sorte voit choses;CONCEPT
Apocalypse 1:0;VGR;59-0510M;92;VALIDE;chap->v.16: main bouche sortait epee aigue deux tranchants;CONCEPT
Jean 6:0;VGR;59-0510M;92;VALIDE;chap->v.39: cest celui quil ressuscite dernier jour;CONCEPT
Apocalypse 1:0;VGR;63-0317E;31;VALIDE;chap->v.16: avait main sept visage soleil;CONCEPT
Apocalypse 10:0;VGR;63-0317E;29;VALIDE;chap->v.1: vis autre ange puissant ciel dune nuee larc;CONCEPT
Apocalypse 10:1;VGR;63-0317E;220;PARTIEL;commencé, pas achevé — autre ange;CONCEPT
Apocalypse 10:6;VGR;63-0317E;223;PARTIEL;commencé, pas achevé — celui quil;CONCEPT
Ephesiens 1:0;VGR;63-0317E;63;VALIDE;chap->v.13: avez entendu parole verite levangile salut cru avez;CONCEPT
Ephesiens 1:13;VGR;63-0317E;65;EXACT;avez entendu parole verite levangile salut cru scelles [couverture 10/14];CONCEPT
Ephesiens 4:30;VGR;63-0317E;69;EXACT;nattristez saint dieu lequel avez scelles jour redemption [couverture 8/9];CONCEPT
Levitique 25:0;VGR;63-0317E;121;VALIDE;chap->v.25: frere possession alors droit parent rachete;CONCEPT
Malachie 4:0;VGR;63-0317E;43;VALIDE;chap->v.1: voici vient vient;CONCEPT
Malachie 4:0;VGR;63-0317E;218;VALIDE;chap->v.6: peres peres vienne frappe;CONCEPT
Romains 8:22;VGR;63-0317E;76;EXACT;savons creation ensemble soupire jusqua maintenant [couverture 5/7];CONCEPT
Zacharie 3:0;VGR;63-0317E;235;VALIDE;chap->v.8: ecoute grand sacrificateur toi tes compagnons assis devant;CONCEPT
Zacharie 3:8;VGR;63-0317E;235;EXACT;ecoute grand sacrificateur toi tes compagnons assis devant [couverture 12/14];CONCEPT
Zacharie 4:10;VGR;63-0317E;236;EXACT;jour choses rejouiront sept main zorobabel yeux leternel [couverture 10/14];CONCEPT
Apocalypse 1:0;VGR;63-1110M;157;VALIDE;chap->v.20: mystere sept sept sept anges sept sept;CONCEPT
Apocalypse 10:7;VGR;63-1110M;156;VALIDE;septieme ange sera mystere dieu termine;CONCEPT
Apocalypse 17:0;VGR;63-1110M;187;VALIDE;chap->v.10: sept lautre nest venu sera venu quil temps;CONCEPT
Genese 1:0;VGR;63-1110M;352;VALIDE;chap->v.2: terre etait avait face dieu face eaux;CONCEPT
Genese 15:16;VGR;63-1110M;308;EXACT;quatrieme generation liniquite amoreens nest comble [couverture 6/9];CONCEPT
Hebreux 11:0;VGR;63-1110M;142;VALIDE;chap->v.16: maintenant cest cest dieu dieu;CONCEPT
Hebreux 13:8;VGR;63-1110M;309;PARTIEL;commencé, pas achevé — jesus meme;CONCEPT
Jean 4:0;VGR;63-1110M;39;VALIDE;chap->v.24: dieu esprit ceux ladorent ladorent esprit verite;CONCEPT
Jean 6:49;VGR;63-1110M;235;EXACT;ont mange manne desert morts [couverture 5/7];CONCEPT
Jean 14:12;VGR;63-1110M;116;EXACT;celui croit moi fera lui uvres fais parce [couverture 9/14];CONCEPT
Matthieu 6:9-13;VGR;63-1110M;412;EXACT;pere cieux nom soit sanctifie regne vienne volonte [couverture 5/7];CONCEPT
Matthieu 23:0;VGR;63-1110M;244;VALIDE;chap->v.27: malheur scribes pharisiens hypocrites ressemblez sepulcres blanchis paraissent;CONCEPT
Matthieu 23:0;VGR;63-1110M;245;VALIDE;chap->v.27: malheur scribes pharisiens hypocrites ressemblez sepulcres blanchis paraissent;CONCEPT
Matthieu 23:7;VGR;63-1110M;243;PARTIEL;commencé, pas achevé — hommes;CONCEPT
Apocalypse 1:0;VGR;65-0725E;147;VALIDE;chap->v.20: mystere sept sept sept anges sept sept;CONCEPT
Esaie 40:0;VGR;65-0725E;74;VALIDE;chap->v.2: cur jerusalem lui accompli quelle main;CONCEPT
Jean 14:0;VGR;65-0725E;118;VALIDE;chap->v.6: jesus lui moi suis chemin vie vient moi;CONCEPT
Jean 14:12;VGR;65-0725E;116;EXACT;croit moi fera uvres fais [couverture 7/14];CONCEPT
Luc 17:22;VGR;65-0725E;117;VALIDE;jours fils lhomme;CONCEPT
Luc 17:30;VGR;65-0725E;148;EXACT;sera meme jour fils lhomme [couverture 6/7];CONCEPT
Luc 17:30;VGR;65-0725E;172;VALIDE;sera meme manifeste;CONCEPT
Malachie 3:0;VGR;65-0725E;101;VALIDE;chap->v.17: seront moi leternel armees jour;CONCEPT
Malachie 3:0;VGR;65-0725E;105;VALIDE;chap->v.1: voici jenvoie messager devant seigneur;CONCEPT
Malachie 3:0;VGR;65-0725E;107;VALIDE;chap->v.1: voici jenvoie messager devant seigneur;CONCEPT
Malachie 4:0;VGR;65-0725E;107;VALIDE;chap->v.5: voici elie prophete avant jour;CONCEPT
Matthieu 21:1;VGR;65-0725E;28;EXACT;approcherent jerusalem quils furent arrives bethphage montagne oliviers [couverture 12/13];CONCEPT
Psaumes 22:0;VGR;65-0725E;85;VALIDE;chap->v.16: mont ont perce mes mains mes pieds;CONCEPT
Zacharie 9:0;VGR;65-0725E;96;VALIDE;chap->v.9: toi fille sion pousse cris joie fille jerusalem;CONCEPT
Zacharie 14:0;VGR;65-0725E;96;VALIDE;chap->v.4: pieds tiendront jour montagne oliviers face jerusalem lorient;CONCEPT
Apocalypse 1:0;VGR;65-0822E;30;VALIDE;chap->v.9: moi suis frere royaume jesus parole;CONCEPT
Ephesiens 5:26;VGR;65-0822E;19;PARTIEL;commencé, pas achevé — quil;CONCEPT
Ephesiens 5:26;VGR;65-0822E;103;VALIDE;quil lavage parole;CONCEPT
Exode 19:0;VGR;65-0822E;97;VALIDE;chap->v.13: main quelle soit homme cor;CONCEPT
Malachie 4:0;VGR;65-0822E;157;VALIDE;chap->v.3: vos pieds jour;CONCEPT
Matthieu 24:24;VGR;65-0822E;151;VALIDE;possible meme elus;CONCEPT
Nombres 19:9;VGR;65-0822E;19;PARTIEL;commencé, pas achevé — homme;CONCEPT
Nombres 19:9;VGR;65-0822E;23;EXACT;homme pur ramassera cendre genisse deposera hors camp [couverture 14/14];CONCEPT
Apocalypse 1:1;SKN;65-0801E;14;EXACT;revelation jesus christ dieu lui montrer choses arriver [couverture 5/14];CONCEPT
Apocalypse 10:0;SKN;65-0801E;129;VALIDE;chap->v.6: celui vit ciel choses terre choses choses quil;CONCEPT
Esaie 9:6;SKN;65-0801E;44;VALIDE;enfant sera dieu;CONCEPT
Esaie 9:6;SKN;65-0801E;105;VALIDE;sera conseiller dieu pere;CONCEPT
Esaie 40:3;SKN;65-0801E;91;EXACT;voix celui crie desert preparez chemin dieu [couverture 7/12];CONCEPT
Esaie 40:3;SKN;65-0801E;95;VALIDE;desert chemin dieu;CONCEPT
Esaie 50:6;SKN;65-0801E;122;PARTIEL;commencé, pas achevé — donne mes;CONCEPT
Esaie 53:7;SKN;65-0801E;122;PARTIEL;commencé, pas achevé — devant;CONCEPT
Esaie 53:9;SKN;65-0801E;122;VALIDE;lui donna riche mort quil avait;CONCEPT
Esaie 53:12;SKN;65-0801E;122;VALIDE;cest pourquoi lui part quil aura ame;CONCEPT
Genese 22:0;SKN;65-0801E;122;VALIDE;chap->v.7: isaac parla abraham pere pere voici fils voici;CONCEPT
Hebreux 1:1;SKN;65-0801E;49;EXACT;dieu plusieurs reprises manieres prophetes [couverture 6/10];CONCEPT
Hebreux 13:8;SKN;65-0801E;126;VALIDE;jesus meme hier aujourdhui;CONCEPT
Hebreux 13:8;SKN;65-0801E;131;VALIDE;jesus meme hier aujourdhui;CONCEPT
Jean 15:0;SKN;65-0801E;129;VALIDE;chap->v.15: appelle appeles amis parce connaitre entendu pere;CONCEPT
Luc 17:0;SKN;65-0801E;129;VALIDE;chap->v.4: fois jour toi fois retourne toi lui;CONCEPT
Malachie 3:0;SKN;65-0801E;18;VALIDE;chap->v.1: voici jenvoie messager chemin devant moi seigneur;CONCEPT
Malachie 3:0;SKN;65-0801E;91;VALIDE;chap->v.1: voici jenvoie messager chemin devant seigneur;CONCEPT
Malachie 3:0;SKN;65-0801E;95;VALIDE;chap->v.14: dieu quel quil;CONCEPT
Malachie 3:0;SKN;65-0801E;122;VALIDE;chap->v.1: voici messager devant moi seigneur;CONCEPT
Malachie 4:0;SKN;65-0801E;129;VALIDE;chap->v.5: voici prophete avant grand jour;CONCEPT
Psaumes 16:10;SKN;65-0801E;122;VALIDE;ame saint voie corruption;CONCEPT
Psaumes 22:0;SKN;65-0801E;122;VALIDE;chap->v.1: dieu dieu pourquoi mas abandonne tenant paroles;CONCEPT
Psaumes 22:7;SKN;65-0801E;122;PARTIEL;commencé, pas achevé — moi;CONCEPT
Psaumes 22:18;SKN;65-0801E;122;PARTIEL;commencé, pas achevé — mes vetements;CONCEPT
Psaumes 35:11;SKN;65-0801E;122;PARTIEL;commencé, pas achevé — temoins choses;CONCEPT
Psaumes 41:9;SKN;65-0801E;122;VALIDE;ami leve moi;CONCEPT
Romains 8:0;SKN;65-0801E;68;VALIDE;chap->v.3: etait etait chair dieu envoye fils chair;CONCEPT
Zacharie 11:12;SKN;65-0801E;122;EXACT;dis cela vos moi pieces dargent [couverture 5/14];CONCEPT
Zacharie 13:7;SKN;65-0801E;122;PARTIEL;commencé, pas achevé — toi;CONCEPT
Apocalypse 1:1;SKN;65-0822M;50;EXACT;revelation jesus christ dieu lui donnee montrer choses [couverture 9/14];CONCEPT
Apocalypse 10:1;SKN;65-0822M;158;VALIDE;vis ange ciel tete;CONCEPT
Apocalypse 10:1;SKN;65-0822M;162;EXACT;vis autre ange ciel tete [couverture 6/14];CONCEPT
Apocalypse 22:18;SKN;65-0822M;136;VALIDE;livre ajoute dieu lui;CONCEPT
Esaie 53:1;SKN;65-0822M;124;PARTIEL;commencé, pas achevé — avons revele;CONCEPT
Galates 1:8;SKN;65-0822M;128;VALIDE;memes ange ciel avons soit anatheme;CONCEPT
Hebreux 1:1;SKN;65-0822M;16;EXACT;dieu autrefois plusieurs reprises manieres parle peres prophetes [couverture 9/10];CONCEPT
Hebreux 1:1;SKN;65-0822M;52;EXACT;dieu autrefois plusieurs reprises parle peres prophetes [couverture 8/10];CONCEPT
Hebreux 1:1;SKN;65-0822M;101;EXACT;dieu plusieurs reprises manieres parle peres prophetes [couverture 7/10];CONCEPT
Hebreux 4:12;SKN;65-0822M;66;VALIDE;parole dieu epee deux tranchants;CONCEPT
Hebreux 4:12;SKN;65-0822M;110;PARTIEL;commencé, pas achevé — parole dieu;CONCEPT
Hebreux 13:8;SKN;65-0822M;79;VALIDE;jesus christ meme hier eternellement;CONCEPT
Jean 1:1;SKN;65-0822M;16;VALIDE;commencement etait parole dieu;CONCEPT
Jean 1:14;SKN;65-0822M;54;EXACT;parole chair fils part pere [couverture 5/14];CONCEPT
Jean 14:12;SKN;65-0822M;158;VALIDE;moi lui parce men;CONCEPT
Jean 15:24;SKN;65-0822M;158;VALIDE;maintenant ont moi;CONCEPT
Jeremie 1:6;SKN;65-0822M;120;VALIDE;dis parler suis;CONCEPT
Luc 17:30;SKN;65-0822M;155;EXACT;sera meme jour fils [couverture 5/7];CONCEPT
Luc 17:30;SKN;65-0822M;158;VALIDE;sera meme jour fils;CONCEPT
Malachie 4:0;SKN;65-0822M;154;VALIDE;chap->v.6: cur peres fils cur fils peres peur vienne;CONCEPT
Malachie 4:0;SKN;65-0822M;158;VALIDE;chap->v.1: jour vient jour vient;CONCEPT
Malachie 4:0;SKN;65-0822M;159;VALIDE;chap->v.1: jour vient jour vient;CONCEPT
Apocalypse 1:1;VGR;65-0801E;14;EXACT;revelation jesus christ dieu lui montrer choses arriver [couverture 5/14];CONCEPT
Esaie 9:6;VGR;65-0801E;44;VALIDE;enfant sera dieu;CONCEPT
Esaie 9:6;VGR;65-0801E;105;EXACT;sera appellera nom conseiller dieu pere [couverture 5/14];CONCEPT
Esaie 40:3;VGR;65-0801E;91;EXACT;voix celui crie desert preparez chemin dieu [couverture 7/12];CONCEPT
Esaie 40:3;VGR;65-0801E;95;VALIDE;celui desert chemin dieu;CONCEPT
Esaie 50:6;VGR;65-0801E;122;PARTIEL;commencé, pas achevé — mes;CONCEPT
Esaie 53:7;VGR;65-0801E;122;PARTIEL;commencé, pas achevé — devant;CONCEPT
Esaie 53:9;VGR;65-0801E;122;EXACT;lui sepulcre riche mort quil avait [couverture 5/14];CONCEPT
Esaie 53:12;VGR;65-0801E;122;VALIDE;cest pourquoi lui part quil aura ame;CONCEPT
Genese 22:0;VGR;65-0801E;122;VALIDE;chap->v.3: abraham bon matin lui deux hommes isaac fils;CONCEPT
Hebreux 1:1;VGR;65-0801E;49;EXACT;dieu plusieurs manieres prophetes [couverture 5/10];CONCEPT
Hebreux 13:8;VGR;65-0801E;126;EXACT;jesus meme hier aujourdhui eternellement [couverture 5/6];CONCEPT
Hebreux 13:8;VGR;65-0801E;131;VALIDE;jesus meme hier aujourdhui eternellement;CONCEPT
Jean 15:0;VGR;65-0801E;129;VALIDE;chap->v.15: appelle appeles amis parce connaitre entendu pere;CONCEPT
Luc 17:0;VGR;65-0801E;129;VALIDE;chap->v.4: fois jour toi fois retourne toi lui;CONCEPT
Malachie 3:0;VGR;65-0801E;18;VALIDE;chap->v.1: voici jenvoie messager chemin devant moi seigneur;CONCEPT
Malachie 3:0;VGR;65-0801E;91;VALIDE;chap->v.1: voici jenvoie messager chemin devant seigneur;CONCEPT
Malachie 3:0;VGR;65-0801E;95;VALIDE;chap->v.18: alors celui dieu celui;CONCEPT
Malachie 3:0;VGR;65-0801E;122;VALIDE;chap->v.7: jours vos mes avez moi;CONCEPT
Malachie 4:0;VGR;65-0801E;129;VALIDE;chap->v.5: voici prophete avant grand jour;CONCEPT
Psaumes 16:10;VGR;65-0801E;122;VALIDE;ame saint voie corruption;CONCEPT
Psaumes 22:0;VGR;65-0801E;122;VALIDE;chap->v.1: dieu dieu pourquoi mas abandonne tenant paroles;CONCEPT
Psaumes 22:7;VGR;65-0801E;122;PARTIEL;commencé, pas achevé — moi;CONCEPT
Psaumes 22:18;VGR;65-0801E;122;PARTIEL;commencé, pas achevé — mes vetements;CONCEPT
Psaumes 35:11;VGR;65-0801E;122;PARTIEL;commencé, pas achevé — temoins choses;CONCEPT
Psaumes 41:9;VGR;65-0801E;122;PARTIEL;commencé, pas achevé — ami moi;CONCEPT
Romains 8:0;VGR;65-0801E;68;VALIDE;chap->v.3: etait etait chair dieu envoye fils chair;CONCEPT
Zacharie 11:12;VGR;65-0801E;122;VALIDE;dis bon vos moi pieces dargent;CONCEPT
Zacharie 13:7;VGR;65-0801E;122;PARTIEL;commencé, pas achevé — toi;CONCEPT
Apocalypse 1:1;VGR;65-0822M;50;EXACT;revelation jesus christ dieu lui donnee montrer choses [couverture 7/14];CONCEPT
Apocalypse 10:1;VGR;65-0822M;158;VALIDE;vis ange ciel tete;CONCEPT
Apocalypse 10:1;VGR;65-0822M;162;EXACT;vis autre ange ciel dune tete [couverture 7/14];CONCEPT
Apocalypse 22:18;VGR;65-0822M;136;VALIDE;livre ajoute dieu lui;CONCEPT
Esaie 53:1;VGR;65-0822M;124;PARTIEL;commencé, pas achevé — avons revele;CONCEPT
Galates 1:8;VGR;65-0822M;128;VALIDE;memes ange ciel avons quil soit anatheme;CONCEPT
Hebreux 1:1;VGR;65-0822M;16;EXACT;dieu autrefois plusieurs reprises manieres parle peres prophetes [couverture 9/10];CONCEPT
Hebreux 1:1;VGR;65-0822M;52;EXACT;dieu autrefois plusieurs reprises parle peres prophetes [couverture 8/10];CONCEPT
Hebreux 1:1;VGR;65-0822M;101;VALIDE;dieu plusieurs reprises manieres parle peres prophetes;CONCEPT
Hebreux 4:12;VGR;65-0822M;66;VALIDE;parole dieu epee deux tranchants jusqua lesprit;CONCEPT
Hebreux 4:12;VGR;65-0822M;110;PARTIEL;commencé, pas achevé — parole dieu;CONCEPT
Jean 1:1;VGR;65-0822M;16;VALIDE;commencement etait parole dieu;CONCEPT
Jean 1:14;VGR;65-0822M;54;EXACT;parole chair fils part pere [couverture 5/14];CONCEPT
Jean 14:12;VGR;65-0822M;158;VALIDE;moi lui parce men vais;CONCEPT
Jean 15:24;VGR;65-0822M;158;VALIDE;maintenant ont moi;CONCEPT
Jeremie 1:6;VGR;65-0822M;120;PARTIEL;commencé, pas achevé — dis parler;CONCEPT
Luc 17:30;VGR;65-0822M;155;EXACT;sera meme jour fils lhomme [couverture 6/7];CONCEPT
Luc 17:30;VGR;65-0822M;158;VALIDE;sera meme jour fils;CONCEPT
Malachie 4:0;VGR;65-0822M;154;VALIDE;chap->v.6: cur peres fils cur fils peres peur vienne;CONCEPT
Malachie 4:0;VGR;65-0822M;158;VALIDE;chap->v.1: jour vient jour vient;CONCEPT
Malachie 4:0;VGR;65-0822M;159;VALIDE;chap->v.1: jour vient jour vient;CONCEPT
Apocalypse 1:1-10;SKN;60-1231;102;VALIDE;jesus lui arriver;CONCEPT
Apocalypse 1:10;SKN;60-1231;102;EXACT;fus esprit derriere moi grande voix trompette [couverture 7/11];CONCEPT
Apocalypse 1:10;SKN;60-1231;108;VALIDE;derriere grande voix trompette;CONCEPT
Apocalypse 3:8;SKN;60-1231;94;EXACT;connais tes voici mis devant toi porte ouverte [couverture 10/14];CONCEPT
Apocalypse 4:2;SKN;60-1231;128;VALIDE;champ fus esprit voici trone etait place ciel;CONCEPT
Apocalypse 19:0;SKN;60-1231;61;VALIDE;chap->v.7: rejouissons donnons lui gloire noces venues preparee;CONCEPT
Apocalypse 19:0;SKN;60-1231;92;VALIDE;chap->v.8: lui donne fin lin eclatant pur fin lin;CONCEPT
Apocalypse 21:0;SKN;60-1231;108;VALIDE;chap->v.3: grande voix ciel disant voici dieu eux peuple;CONCEPT
Jean 10:0;SKN;60-1231;94;VALIDE;chap->v.12: berger brebis voit venir loup brebis;CONCEPT
Jean 20:21;SKN;60-1231;128;VALIDE;jesus paix soit pere envoye moi envoie;CONCEPT
Jean 21:20;SKN;60-1231;128;VALIDE;pierre disciple jesus aimait penche poitrine avait seigneur;CONCEPT
Matthieu 16:13;SKN;60-1231;127;EXACT;lorsque jesus fut venu cesaree philippe disciples disant [couverture 7/14];CONCEPT
Apocalypse 1:7;SKN;51-0508;22;VALIDE;ceux terre lui;CONCEPT
Ephesiens 4:30;SKN;51-0508;49;VALIDE;nattristez saint dieu lequel avez scelles jour redemption;CONCEPT
Hebreux 11:1;SKN;51-0508;18;EXACT;foi choses quon espere celles voit [couverture 7/9];CONCEPT
Jean 4:0;SKN;51-0508;22;VALIDE;chap->v.10: jesus lui don dieu donne moi lui;CONCEPT
Apocalypse 1:7;SKN;62-0909E;28;VALIDE;terre lui amen;CONCEPT
Apocalypse 1:7;SKN;62-0909E;30;VALIDE;terre lui amen;CONCEPT
Esaie 6:5;SKN;62-0909E;31;VALIDE;malheur moi suis homme levres impures milieu dun;CONCEPT
Exode 3:0;SKN;62-0909E;18;VALIDE;chap->v.6: dieu dieu dabraham dieu disaac dieu jacob moise;CONCEPT
Exode 19:19;SKN;62-0909E;20;VALIDE;moise dieu lui voix;CONCEPT
Ezechiel 33:0;SKN;62-0909E;54;VALIDE;chap->v.5: lui alors avait ame;CONCEPT
Hebreux 11:0;SKN;62-0909E;80;VALIDE;chap->v.9: terre terre etrangere tentes meme;CONCEPT
Luc 5:8;SKN;62-0909E;22;EXACT;pierre cela seigneur moi suis homme [couverture 6/14];CONCEPT
Psaumes 16:0;SKN;62-0909E;76;VALIDE;chap->v.8: toujours leternel devant moi parce quil serai;CONCEPT
Psaumes 16:8;SKN;62-0909E;74;EXACT;toujours leternel devant moi parce quil serai [couverture 6/11];CONCEPT
Apocalypse 1:7;VGR;62-0909E;28;VALIDE;voici ceux terre lui amen;CONCEPT
Esaie 6:5;VGR;62-0909E;29;VALIDE;malheur moi suis homme levres impures milieu dun;CONCEPT
Exode 3:0;VGR;62-0909E;17;VALIDE;chap->v.6: dieu dieu dabraham dieu dieu jacob moise;CONCEPT
Exode 19:19;VGR;62-0909E;18;VALIDE;moise dieu lui voix;CONCEPT
Ezechiel 33:0;VGR;62-0909E;51;VALIDE;chap->v.10: dis avez parle nos nos peches;CONCEPT
Hebreux 11:0;VGR;62-0909E;77;VALIDE;chap->v.16: maintenant cest cest pourquoi dieu dieu;CONCEPT
Luc 5:8;VGR;62-0909E;20;VALIDE;pierre seigneur retire moi suis homme;CONCEPT
Psaumes 16:0;VGR;62-0909E;74;VALIDE;chap->v.8: toujours leternel devant moi parce quil serai;CONCEPT
Psaumes 16:8;VGR;62-0909E;72;EXACT;toujours leternel devant moi parce quil serai [couverture 6/11];CONCEPT
Apocalypse 1:10;VGR;60-1231;98;EXACT;esprit derriere moi grande voix dune trompette [couverture 7/11];CONCEPT
Apocalypse 1:10;VGR;60-1231;104;VALIDE;derriere grande voix dune trompette;CONCEPT
Apocalypse 3:8;VGR;60-1231;90;EXACT;connais tes uvres voici jai mis devant toi [couverture 12/14];CONCEPT
Apocalypse 4:2;VGR;60-1231;143;EXACT;fus esprit voici trone etait ciel quelquun assis [couverture 5/12];CONCEPT
Apocalypse 11:10;VGR;60-1231;98;PARTIEL;commencé, pas achevé — terre;CONCEPT
Apocalypse 19:0;VGR;60-1231;59;VALIDE;chap->v.7: rejouissons donnons lui gloire noces lagneau venues sest;CONCEPT
Apocalypse 19:0;VGR;60-1231;88;VALIDE;chap->v.7: rejouissons donnons lui gloire noces lagneau venues sest;CONCEPT
Apocalypse 21:0;VGR;60-1231;104;VALIDE;chap->v.1: ciel terre premier ciel terre etaient;CONCEPT
Jean 10:0;VGR;60-1231;90;VALIDE;chap->v.16: jai brebis bergerie seul seul berger;CONCEPT
Jean 20:21;VGR;60-1231;137;PARTIEL;commencé, pas achevé — jesus moi;CONCEPT
Jean 21:20;VGR;60-1231;137;EXACT;pierre disciple jesus aimait penche poitrine avait [couverture 7/14];CONCEPT
Matthieu 16:13;VGR;60-1231;123;EXACT;jesus cesaree philippe disciples disent suis moi [couverture 7/14];CONCEPT
Apocalypse 1:17;VGR;65-0410;21;VALIDE;pieds mort disant premier dernier;CONCEPT
Apocalypse 1:17-18;VGR;65-0410;21;VALIDE;pieds mort disant premier dernier;CONCEPT
Galates 1:8;VGR;65-0410;43;EXACT;ange ciel quil soit anatheme [couverture 5/11];CONCEPT
Hebreux 13:8;VGR;65-0410;187;EXACT;jesus meme hier aujourdhui eternellement [couverture 5/6];CONCEPT
Jean 1:0;VGR;65-0410;54;VALIDE;chap->v.1: commencement etait parole parole etait dieu parole etait;CONCEPT
Jean 5:24;VGR;65-0410;89;EXACT;verite celui entend parole croit envoye vie eternelle [couverture 13/14];CONCEPT
Jean 14:0;VGR;65-0410;88;VALIDE;chap->v.6: jesus lui moi verite vie vient moi;CONCEPT
Jean 14:12;VGR;65-0410;119;VALIDE;lui uvres fais;CONCEPT
Matthieu 27:51;VGR;65-0410;208;PARTIEL;commencé, pas achevé — terre;CONCEPT
Matthieu 28:1;VGR;65-0410;21;VALIDE;jour sabbat premier semaine marie magdala lautre voir;CONCEPT
Matthieu 28:1-10;VGR;65-0410;21;VALIDE;jour sabbat premier semaine marie magdala lautre voir;CONCEPT
Romains 8:0;VGR;65-0410;37;VALIDE;chap->v.11: lesprit celui ressuscite jesus dentre morts habite celui;CONCEPT
Romains 8:11;VGR;65-0410;21;EXACT;ressuscite jesus dentre morts vos corps [couverture 8/14];CONCEPT
Romains 8:11;VGR;65-0410;275;EXACT;lesprit celui ressuscite dentre morts christ vos corps [couverture 11/14];CONCEPT
Apocalypse 2:0;SKN;54-0220;35;VALIDE;chap->v.7: celui ecoute celui lui larbre vie dieu;CONCEPT
Apocalypse 12:0;SKN;54-0220;31;VALIDE;chap->v.1: femme soleil lune pieds tete douze etoiles;CONCEPT
Apocalypse 17:0;SKN;54-0220;56;VALIDE;chap->v.8: bete etait nest aller ceux terre ecrits;CONCEPT
Jean 5:19;SKN;54-0220;60;EXACT;jesus verite dis fils rien lui meme quil [couverture 13/14];CONCEPT
Apocalypse 2:0;SKN;55-1006A;38;VALIDE;chap->v.17: celui celui vaincra lui donnerai manne cachee lui;CONCEPT
Apocalypse 2:0;VGR;64-0802;427;VALIDE;chap->v.7: celui oreilles lesprit celui vaincra donnerai manger larbre;CONCEPT
Apocalypse 2:7;VGR;64-0802;427;EXACT;celui oreilles lesprit vaincra donnerai manger larbre vie [couverture 11/14];CONCEPT
Apocalypse 6:14;VGR;64-0802;184;VALIDE;ciel retira livre;CONCEPT
Apocalypse 11:0;VGR;64-0802;484;VALIDE;chap->v.6: ont ciel quil tombe ont;CONCEPT
Apocalypse 21:0;VGR;64-0802;52;VALIDE;chap->v.1: vis nouveau ciel nouvelle terre ciel terre sen;CONCEPT
Apocalypse 21:0;VGR;64-0802;172;VALIDE;chap->v.1: nouveau terre terre mer;CONCEPT
Apocalypse 21:0;VGR;64-0802;305;VALIDE;chap->v.1: vis nouveau ciel nouvelle terre ciel terre nest;CONCEPT
Apocalypse 21:0;VGR;64-0802;402;VALIDE;chap->v.1: vis terre terre sen nest;CONCEPT
Apocalypse 21:2;VGR;64-0802;186;EXACT;vis nouvelle jerusalem ciel daupres dieu [couverture 6/13];CONCEPT
Apocalypse 21:3;VGR;64-0802;440;VALIDE;voix dieu peuple;CONCEPT
Apocalypse 21:18;VGR;64-0802;425;PARTIEL;commencé, pas achevé — etait dor;CONCEPT
Apocalypse 21:23;VGR;64-0802;401;VALIDE;besoin gloire dieu lagneau;CONCEPT
Ephesiens 1:10;VGR;64-0802;239;EXACT;plenitude temps choses christ terre lui [couverture 6/12];CONCEPT
Esaie 4:5;VGR;64-0802;385;VALIDE;leternel sion jour feu;CONCEPT
Esaie 9:6;VGR;64-0802;486;EXACT;enfant sera epaule appellera nom conseiller dieu pere [couverture 8/14];CONCEPT
Esaie 65:0;VGR;64-0802;60;VALIDE;chap->v.22: batiront quun autre habite planteront quun autre mange;CONCEPT
Esaie 65:17;VGR;64-0802;60;EXACT;cree nouveaux cieux nouvelle terre ont [couverture 5/12];CONCEPT
Esaie 65:25;VGR;64-0802;381;VALIDE;sera fera tort;CONCEPT
Genese 1:1;VGR;64-0802;76;PARTIEL;commencé, pas achevé — dieu;CONCEPT
Hebreux 4:0;VGR;64-0802;133;VALIDE;chap->v.2: meme parole rien;CONCEPT
Hebreux 11:0;VGR;64-0802;311;VALIDE;chap->v.4: dieu sacrifice sacrifice juste dieu;CONCEPT
Jean 14:0;VGR;64-0802;56;VALIDE;chap->v.10: suis pere pere dis dis pere demeure;CONCEPT
Jean 14:0;VGR;64-0802;270;VALIDE;chap->v.6: jesus lui moi chemin vie vient moi;CONCEPT
Jean 14:0;VGR;64-0802;294;VALIDE;chap->v.3: men vais prepare place reviendrai prendrai moi afin;CONCEPT
Jean 14:0;VGR;64-0802;298;VALIDE;chap->v.3: men vais prepare place reviendrai prendrai afin suis;CONCEPT
Malachie 3:0;VGR;64-0802;81;VALIDE;chap->v.15: maintenant ceux meme meme dieu;CONCEPT
Matthieu 5:5;VGR;64-0802;193;VALIDE;debonnaires cest heriteront terre;CONCEPT
Matthieu 19:28;VGR;64-0802;177;EXACT;jesus regeneration lhomme assis serez [couverture 6/14];CONCEPT
Tite 3:5;VGR;64-0802;176;PARTIEL;commencé, pas achevé — regeneration;CONCEPT
Apocalypse 2:10;SKN;61-0101;288;PARTIEL;commencé, pas achevé — maniere choses;CONCEPT
Apocalypse 3:21;SKN;61-0101;288;VALIDE;lui trone vaincu suis;CONCEPT
Apocalypse 20:4;SKN;61-0101;288;VALIDE;trones etaient jugement avaient jesus;CONCEPT
Apocalypse 21:10;SKN;61-0101;147;EXACT;esprit grande haute montagne montra sainte jerusalem ciel [couverture 9/13];CONCEPT
Daniel 7:0;SKN;61-0101;289;VALIDE;chap->v.10: fleuve feu coulait sortait devant lui milliers servaient;CONCEPT
Daniel 7:0;SKN;61-0101;291;VALIDE;chap->v.10: fleuve feu coulait sortait devant lui milliers servaient;CONCEPT
Ezechiel 1:0;SKN;61-0101;151;VALIDE;chap->v.1: trentieme annee quatrieme mois cinquieme jour mois milieu;CONCEPT
Genese 8:20-22;SKN;61-0101;178;EXACT;noe batit autel prit bete pure oiseau pur [couverture 10/12];CONCEPT
Genese 9:0;SKN;61-0101;173;VALIDE;chap->v.17: dieu noe signe moi chair terre;CONCEPT
Genese 9:13;SKN;61-0101;173;VALIDE;arc signe moi terre;CONCEPT
Genese 48:0;SKN;61-0101;138;VALIDE;chap->v.9: joseph mes dieu ici moi;CONCEPT
Hebreux 6:12;SKN;61-0101;199;PARTIEL;commencé, pas achevé — afin avait;CONCEPT
Hebreux 9:23;SKN;61-0101;212;VALIDE;etait choses memes;CONCEPT
Hebreux 13:0;SKN;61-0101;199;VALIDE;chap->v.20: dieu grand eternelle;CONCEPT
Jean 1:5;SKN;61-0101;171;PARTIEL;commencé, pas achevé — lumiere;CONCEPT
Marc 16:0;SKN;61-0101;261;VALIDE;chap->v.17: accompagneront ceux auront cru demons langues;CONCEPT
Matthieu 17:0;SKN;61-0101;135;VALIDE;chap->v.1: prend lui pierre jean montagne;CONCEPT
Matthieu 19:28;SKN;61-0101;288;VALIDE;jesus dis trone;CONCEPT
Apocalypse 2:10;VGR;61-0101;282;PARTIEL;commencé, pas achevé — choses;CONCEPT
Apocalypse 3:21;VGR;61-0101;282;EXACT;lui trone jai vaincu suis assis [couverture 5/14];CONCEPT
Apocalypse 20:4;VGR;61-0101;282;VALIDE;trones etaient assis jugement avaient jesus;CONCEPT
Apocalypse 21:10;VGR;61-0101;141;EXACT;esprit grande haute montagne montra sainte jerusalem ciel [couverture 10/13];CONCEPT
Daniel 7:0;VGR;61-0101;283;VALIDE;chap->v.10: fleuve feu coulait sortait devant lui milliers servaient;CONCEPT
Daniel 7:0;VGR;61-0101;285;VALIDE;chap->v.9: jusqua trones places lancien jours sassit vetement etait;CONCEPT
Ezechiel 1:0;VGR;61-0101;145;VALIDE;chap->v.1: trentieme annee quatrieme mois cinquieme jour mois jetais;CONCEPT
Genese 8:20;VGR;61-0101;173;EXACT;noe autel leternel prit bete pure oiseau pur [couverture 11/12];CONCEPT
Genese 9:0;VGR;61-0101;167;VALIDE;chap->v.17: dieu noe cest signe lalliance moi terre;CONCEPT
Genese 9:13;VGR;61-0101;167;EXACT;arc nuee signe dalliance moi terre [couverture 6/8];CONCEPT
Genese 48:0;VGR;61-0101;132;VALIDE;chap->v.13: joseph ephraim main disrael main disrael;CONCEPT
Hebreux 6:12;VGR;61-0101;194;PARTIEL;commencé, pas achevé — avait;CONCEPT
Hebreux 9:23;VGR;61-0101;207;VALIDE;etait choses memes;CONCEPT
Jean 1:5;VGR;61-0101;165;PARTIEL;commencé, pas achevé — lumiere lont;CONCEPT
Marc 16:0;VGR;61-0101;255;VALIDE;chap->v.17: signes accompagneront ceux auront cru demons langues;CONCEPT
Matthieu 17:0;VGR;61-0101;129;VALIDE;chap->v.1: prend lui pierre jean montagne;CONCEPT
Matthieu 19:28;VGR;61-0101;282;VALIDE;jesus dis assis trone;CONCEPT
Apocalypse 3:0;SKN;58-1130;67;VALIDE;chap->v.2: reste sen dieu;CONCEPT
Esaie 21:1-12;SKN;58-1130;1;EXACT;desert mer midi vient pays terrible vision revelee [couverture 7/11];CONCEPT
Apocalypse 3:0;SKN;59-1128;13;VALIDE;chap->v.18: conseille dacheter moi lor passe feu afin deviennes;LECTURE
Apocalypse 3:17;SKN;59-1128;13;VALIDE;parce dis suis riche enrichi nai besoin rien;LECTURE
Apocalypse 3:0;SKN;62-1124B;13;VALIDE;chap->v.17: dis riche besoin rien malheureux miserable pauvre;CONCEPT
Apocalypse 3:0;SKN;62-1124B;15;VALIDE;chap->v.17: dis riche besoin rien malheureux miserable pauvre;CONCEPT
Esaie 9:6;SKN;62-1124B;59;VALIDE;enfant fils donne sera nom dieu pere;CONCEPT
Luc 24:49;SKN;62-1124B;55;VALIDE;voici moi pere ville soyez den haut;CONCEPT
Matthieu 5:0;SKN;62-1124B;64;VALIDE;chap->v.19: aura aura ainsi hommes appele petit royaume;CONCEPT
Apocalypse 3:0;SKN;63-1229M;210;VALIDE;chap->v.12: dieu jamais dehors nom dieu nom;CONCEPT
Genese 1:0;SKN;63-1229M;103;VALIDE;chap->v.31: dieu quil avait voici cela etait bon eut;CONCEPT
Genese 1:3;SKN;63-1229M;58;EXACT;dieu lumiere soit fut [couverture 5/5];CONCEPT
Genese 1:3;SKN;63-1229M;89;VALIDE;dieu lumiere soit;CONCEPT
Genese 3:0;SKN;63-1229M;64;VALIDE;chap->v.22: dieu lun maintenant quil main;CONCEPT
Hebreux 13:8;SKN;63-1229M;216;EXACT;jesus christ meme hier aujourdhui eternellement [couverture 6/6];CONCEPT
Jean 14:12;SKN;63-1229M;218;VALIDE;fais grandes parce men vais;CONCEPT
Joel 2:28;SKN;63-1229M;104;EXACT;cela repandrai esprit chair vos fils filles prophetiseront [couverture 11/14];CONCEPT
Malachie 4:0;SKN;63-1229M;160;VALIDE;chap->v.1: jour ceux jour;CONCEPT
Marc 16:0;SKN;63-1229M;246;VALIDE;chap->v.17: ici accompagneront ceux auront cru nom chasseront demons;CONCEPT
Matthieu 24:0;SKN;63-1229M;249;VALIDE;chap->v.21: alors grande quil monde jusqua maintenant quil jamais;CONCEPT
Nombres 24:17;SKN;63-1229M;92;VALIDE;maintenant etoile jacob selevera;CONCEPT
Psaumes 22:0;SKN;63-1229M;147;VALIDE;chap->v.16: ont perce mes mains mes pieds;CONCEPT
Apocalypse 3:0;SKN;64-0119;48;VALIDE;chap->v.12: dieu dehors lui dieu;CONCEPT
Esaie 6:0;SKN;64-0119;123;VALIDE;chap->v.5: dis suis suis homme dun;CONCEPT
Esaie 60:1;SKN;64-0119;89;EXACT;leve toi lumiere venue [couverture 5/10];CONCEPT
Hebreux 13:8;SKN;64-0119;168;EXACT;jesus meme hier aujourdhui eternellement [couverture 5/6];CONCEPT
Jean 14:12;SKN;64-0119;100;EXACT;verite dis lui fais grandes parce men vais [couverture 5/14];CONCEPT
Psaumes 62:1-8;SKN;64-0119;5;EXACT;dieu ame repose lui vient salut rocher haute [couverture 6/8];CONCEPT
Apocalypse 3:0;SKN;64-0125;112;VALIDE;chap->v.12: dieu jamais dehors lui nom dieu nom;CONCEPT
Apocalypse 17:0;SKN;64-0125;115;VALIDE;chap->v.10: lun venu venu temps;CONCEPT
Esaie 42:1-7;SKN;64-0125;15;EXACT;voici serviteur soutiens elu ame plaisir esprit lui [couverture 9/14];LECTURE
Hebreux 13:8;SKN;64-0125;29;VALIDE;jesus christ meme hier;CONCEPT
Jean 15:0;SKN;64-0125;90;VALIDE;chap->v.2: sarment porte fruit sarment porte fruit porte fruit;CONCEPT
Joel 2:28;SKN;64-0125;74;PARTIEL;commencé, pas achevé — apres cela;CONCEPT
Malachie 4:0;SKN;64-0125;81;VALIDE;chap->v.6: fera fils fils;CONCEPT
Malachie 4:0;SKN;64-0125;122;VALIDE;chap->v.5: prophete grand jour;CONCEPT
Matthieu 4:0;SKN;64-0125;16;VALIDE;chap->v.16: peuple assis tenebres grande lumiere ceux assis region;CONCEPT
Matthieu 4:15-16;SKN;64-0125;15;EXACT;terre zabulon mer jourdain galilee nations peuple assis [couverture 6/10];LECTURE
Matthieu 24:0;SKN;64-0125;135;VALIDE;chap->v.2: lui voyez choses dis sera ici;CONCEPT
Apocalypse 3:0;SKN;64-0312;162;VALIDE;chap->v.12: celui dieu lui nom dieu nom;CONCEPT
Hebreux 4:0;SKN;64-0312;155;VALIDE;chap->v.12: parole dieu penetrante epee deux tranchants;CONCEPT
Hebreux 4:0;SKN;64-0312;182;VALIDE;chap->v.14: ayant souverain sacrificateur jesus dieu;CONCEPT
Hebreux 13:8;SKN;64-0312;107;VALIDE;meme hier eternellement;CONCEPT
Hebreux 13:8;SKN;64-0312;137;VALIDE;jesus meme hier eternellement;CONCEPT
Jean 14:8;SKN;64-0312;137;PARTIEL;commencé, pas achevé — lui cela;CONCEPT
Jean 14:9;SKN;64-0312;137;VALIDE;jesus lui celui dis;CONCEPT
Luc 17:28;SKN;64-0312;138;VALIDE;meme arriva jours;CONCEPT
Luc 24:0;SKN;64-0312;10;VALIDE;chap->v.13: voici deux eux etaient meme jour chemin aller;LECTURE
Malachie 4:0;SKN;64-0312;158;VALIDE;chap->v.6: peres fils fils peres;CONCEPT
Psaumes 22:0;SKN;64-0312;92;VALIDE;chap->v.1: dieu dieu pourquoi abandonne;CONCEPT
Apocalypse 3:0;SKN;64-0313;101;VALIDE;chap->v.10: parole moi venir terre;CONCEPT
Esaie 35:0;SKN;64-0313;98;VALIDE;chap->v.8: sera appele sera vont;CONCEPT
Hebreux 1:1;SKN;64-0313;44;EXACT;dieu plusieurs reprises manieres parle peres prophetes [couverture 8/10];CONCEPT
Hebreux 4:0;SKN;64-0313;115;VALIDE;chap->v.15: souverain sacrificateur puisse nos infirmites avons choses;CONCEPT
Luc 17:0;SKN;64-0313;92;VALIDE;chap->v.26: arriva jours ainsi sera jours fils;CONCEPT
Luc 17:30;SKN;64-0313;86;EXACT;sera meme jour fils manifeste [couverture 6/7];CONCEPT
Malachie 3:0;SKN;64-0313;55;VALIDE;chap->v.1: voici messager devant moi seigneur;CONCEPT
Malachie 3:0;SKN;64-0313;78;VALIDE;chap->v.18: juste mechant celui dieu celui;CONCEPT
Malachie 4:0;SKN;64-0313;66;VALIDE;chap->v.5: elie prophete grand jour;CONCEPT
Malachie 4:0;SKN;64-0313;78;VALIDE;chap->v.5: voici elie prophete avant grand terrible jour;CONCEPT
Malachie 4:0;SKN;64-0313;94;VALIDE;chap->v.6: peres fils fils peres;CONCEPT
Malachie 4:0;SKN;64-0313;106;VALIDE;chap->v.1: jour vient jour vient;CONCEPT
Matthieu 24:0;SKN;64-0313;85;VALIDE;chap->v.2: lui voyez dis sera laisse;CONCEPT
Nombres 12:6;SKN;64-0313;20;PARTIEL;commencé, pas achevé — prophete moi;CONCEPT
Nombres 12:6;SKN;64-0313;44;VALIDE;prophete moi lui;CONCEPT
Apocalypse 3:0;SKN;64-0411;78;VALIDE;chap->v.2: reste mourir nai trouve dieu;CONCEPT
Marc 11:0;SKN;64-0411;40;VALIDE;chap->v.29: jesus moi chose moi fais choses;CONCEPT
Apocalypse 3:0;SKN;64-0500;22;VALIDE;chap->v.21: celui lui moi trone moi suis pere trone;CONCEPT
Hebreux 4:0;SKN;64-0500;39;VALIDE;chap->v.8: avait parle apres cela autre jour;CONCEPT
Hebreux 4:12;SKN;64-0500;84;VALIDE;parole dieu deux;CONCEPT
Luc 17:0;SKN;64-0500;41;VALIDE;chap->v.31: jour celui sera celui sera retourne;CONCEPT
Malachie 3:0;SKN;64-0500;11;VALIDE;chap->v.1: voici messager chemin devant moi seigneur viendra;CONCEPT
Malachie 3:0;SKN;64-0500;12;VALIDE;chap->v.1: voici messager chemin devant moi seigneur viendra;CONCEPT
Malachie 4:0;SKN;64-0500;11;VALIDE;chap->v.5: voici elie prophete avant grand terrible jour;CONCEPT
Malachie 4:0;SKN;64-0500;12;VALIDE;chap->v.5: voici elie prophete avant grand terrible jour;CONCEPT
Marc 11:23;SKN;64-0500;65;PARTIEL;commencé, pas achevé — dis montagne;CONCEPT
Matthieu 11:0;SKN;64-0500;11;VALIDE;chap->v.10: ici celui ecrit voici moi messager devant face;CONCEPT
Matthieu 11:0;SKN;64-0500;12;VALIDE;chap->v.10: ici celui ecrit voici moi messager devant face;CONCEPT
Matthieu 11:9;SKN;64-0500;11;VALIDE;alles voir prophete dis;CONCEPT
Apocalypse 3:0;SKN;65-0429E;20;VALIDE;chap->v.17: parce dis suis riche suis nai besoin rien;CONCEPT
Apocalypse 17:0;SKN;65-0429E;20;VALIDE;chap->v.1: sept anges avaient sept coupes vint parla disant;CONCEPT
Esaie 53:2;SKN;65-0429E;20;VALIDE;devant lui terre forme voyons desirer;CONCEPT
Hebreux 13:8;SKN;65-0429E;20;VALIDE;jesus christ meme;CONCEPT
Apocalypse 3:0;SKN;65-0815;21;VALIDE;chap->v.17: parce dis suis riche suis enrichi besoin rien;CONCEPT
Colossiens 1:15;SKN;65-0815;56;VALIDE;dieu invisible premier creation;CONCEPT
Apocalypse 3:0;SKN;65-0829;76;VALIDE;chap->v.8: connais mis garde;CONCEPT
Apocalypse 3:14;SKN;65-0829;15;PARTIEL;commencé, pas achevé — laodicee dieu;LECTURE
Apocalypse 14:0;SKN;65-0829;15;VALIDE;chap->v.10: lui dieu sera;LECTURE
Apocalypse 21:0;SKN;65-0829;102;VALIDE;chap->v.1: vis nouveau ciel nouvelle terre premier ciel premiere;CONCEPT
Esaie 14:0;SKN;65-0829;38;VALIDE;chap->v.12: comment tombe astre brillant fils abattu terre toi;CONCEPT
Malachie 4:0;SKN;65-0829;51;VALIDE;chap->v.1: voici jour ceux seront jour;CONCEPT
Marc 16:0;SKN;65-0829;51;VALIDE;chap->v.17: ici signes accompagneront ceux auront cru nom chasseront;CONCEPT
Matthieu 24:0;SKN;65-0829;13;VALIDE;chap->v.3: etait assis lui dis choses quel;CONCEPT
Matthieu 24:24;SKN;65-0829;46;PARTIEL;commencé, pas achevé — signes;CONCEPT
Apocalypse 3:0;SKN;65-0911;141;VALIDE;chap->v.17: parce dis suis suis rien connais;CONCEPT
Apocalypse 10:0;SKN;65-0911;49;VALIDE;chap->v.7: ange sera mystere dieu sera bonne;CONCEPT
Apocalypse 10:0;SKN;65-0911;62;VALIDE;chap->v.2: avait main petit droit terre;CONCEPT
Apocalypse 10:0;SKN;65-0911;126;VALIDE;chap->v.7: jours sera dieu sera;CONCEPT
Ephesiens 1:5;SKN;65-0911;154;VALIDE;predestines lui jesus;CONCEPT
Ephesiens 5:26;SKN;65-0911;111;PARTIEL;commencé, pas achevé — parole;CONCEPT
Esaie 9:6;SKN;65-0911;148;EXACT;enfant fils donne conseiller dieu pere [couverture 6/14];CONCEPT
Esaie 9:6;SKN;65-0911;150;EXACT;enfant fils donne sera conseiller dieu pere [couverture 6/14];CONCEPT
Esaie 14:0;SKN;65-0911;70;VALIDE;chap->v.24: disant pense ainsi conseil chose;CONCEPT
Esaie 14:12;SKN;65-0911;67;VALIDE;comment tombe fils abattu terre toi nations;CONCEPT
Genese 1:0;SKN;65-0911;21;VALIDE;chap->v.2: terre etait vide avait tenebres face dieu face;CONCEPT
Genese 1:0;SKN;65-0911;26;VALIDE;chap->v.26: dieu homme image selon ressemblance mer terre;CONCEPT
Genese 4:0;SKN;65-0911;52;VALIDE;chap->v.25: adam connut femme enfanta fils dieu autre;CONCEPT
Genese 4:6;SKN;65-0911;125;EXACT;cain pourquoi irrite visage abattu [couverture 6/7];CONCEPT
Hebreux 10:26;SKN;65-0911;130;EXACT;pechons volontairement apres recu connaissance verite reste sacrifice [couverture 9/9];CONCEPT
Jean 1:0;SKN;65-0911;160;VALIDE;chap->v.1: commencement etait parole parole etait dieu parole etait;CONCEPT
Jean 4:0;SKN;65-0911;27;VALIDE;chap->v.36: celui vie afin celui seme celui;CONCEPT
Matthieu 24:24;SKN;65-0911;69;VALIDE;grands maniere meme elus;CONCEPT
Psaumes 14:1;SKN;65-0911;120;PARTIEL;commencé, pas achevé — dieu;CONCEPT
Psaumes 16:10;SKN;65-0911;173;VALIDE;ame saint voie corruption;CONCEPT
Apocalypse 3:0;SKN;65-1031M;218;VALIDE;chap->v.20: porte porte lui lui;CONCEPT
Apocalypse 3:0;SKN;65-1031M;273;VALIDE;chap->v.17: dis suis suis besoin connais;CONCEPT
Ephesiens 1:5;SKN;65-1031M;291;PARTIEL;commencé, pas achevé — lui;CONCEPT
Ephesiens 5:26;SKN;65-1031M;236;PARTIEL;commencé, pas achevé — parole;CONCEPT
Esaie 9:6;SKN;65-1031M;284;EXACT;enfant fils donne sera nom conseiller dieu pere [couverture 8/14];CONCEPT
Esaie 9:6;SKN;65-1031M;285;EXACT;enfant fils donne sera nom conseiller dieu pere [couverture 8/14];CONCEPT
Esaie 14:12;SKN;65-1031M;205;PARTIEL;commencé, pas achevé — fils;CONCEPT
Genese 1:0;SKN;65-1031M;60;VALIDE;chap->v.27: dieu crea image crea dieu crea male femelle;CONCEPT
Genese 1:0;SKN;65-1031M;62;VALIDE;chap->v.27: dieu crea image crea dieu crea male femelle;CONCEPT
Genese 1:0;SKN;65-1031M;90;VALIDE;chap->v.25: dieu selon espece selon espece selon espece dieu;CONCEPT
Genese 4:0;SKN;65-1031M;122;VALIDE;chap->v.11: maintenant terre ouvert main frere;CONCEPT
Genese 4:0;SKN;65-1031M;144;VALIDE;chap->v.17: cain connut femme concut enfanta henoc ville nom;CONCEPT
Genese 4:6;SKN;65-1031M;252;LAPSUS;annoncé — dit en réalité Hebreux 10:26;CONCEPT
Hebreux 10:26;SKN;65-1031M;252;LAPSUS-LU;lu — annoncé sous Genese 4:6;CONCEPT
Hebreux 10:26;SKN;65-1031M;254;VALIDE;pechons volontairement apres recu connaissance verite reste sacrifice;CONCEPT
Matthieu 24:24;SKN;65-1031M;135;VALIDE;seduire possible meme elus;CONCEPT
Psaumes 14:1;SKN;65-1031M;240;PARTIEL;commencé, pas achevé — dieu;CONCEPT
Apocalypse 3:0;VGR;58-1130;67;VALIDE;chap->v.12: dieu jamais dieu;CONCEPT
Esaie 21:1-12;VGR;58-1130;1;EXACT;desert mer midi vient pays terrible vision revelee [couverture 7/11];LECTURE
Apocalypse 3:0;VGR;61-0730M;41;VALIDE;chap->v.17: parce dis suis suis rien pauvre;CONCEPT
Apocalypse 7:0;VGR;61-0730M;117;VALIDE;chap->v.12: amen gloire sagesse lhonneur puissance force dieu siecles;CONCEPT
Apocalypse 10:0;VGR;61-0730M;63;VALIDE;chap->v.6: celui vit siecles siecles lequel ciel terre mer;CONCEPT
Apocalypse 19:21;VGR;61-0730M;71;PARTIEL;commencé, pas achevé — etait;CONCEPT
Daniel 3:0;VGR;61-0730M;10;VALIDE;chap->v.24: alors leva parole navons;LECTURE
Daniel 5:0;VGR;61-0730M;20;VALIDE;chap->v.15: maintenant sages ont moi quils men;CONCEPT
Daniel 7:0;VGR;61-0730M;27;VALIDE;chap->v.23: sera terre sera different terre pieds;CONCEPT
Daniel 9:0;VGR;61-0730M;35;VALIDE;chap->v.5: avons avons avons sommes sommes;CONCEPT
Daniel 11:0;VGR;61-0730M;47;VALIDE;chap->v.27: cur meme cela fin temps;CONCEPT
Genese 44:0;VGR;61-0730M;138;VALIDE;chap->v.28: alle moi lai jusqua present;CONCEPT
Jeremie 32:6;VGR;61-0730M;60;PARTIEL;commencé, pas achevé — jeremie;CONCEPT
Malachie 4:0;VGR;61-0730M;151;VALIDE;chap->v.6: fera cur peres fils cur fils peres;CONCEPT
Matthieu 6:9-13;VGR;61-0730M;25;VALIDE;pere cieux nom soit sanctifie regne vienne volonte;CONCEPT
Matthieu 24:0;VGR;61-0730M;107;VALIDE;chap->v.15: verrez labomination desolation parle daniel prophete etablie lieu;CONCEPT
Matthieu 24:0;VGR;61-0730M;145;VALIDE;chap->v.15: labomination desolation parle daniel saint;CONCEPT
Matthieu 24:15;VGR;61-0730M;109;EXACT;verrez labomination desolation parle daniel prophete etablie lieu [couverture 11/12];CONCEPT
Psaumes 99:0;VGR;61-0730M;10;VALIDE;chap->v.7: ont avait donne;LECTURE
Psaumes 99:0;VGR;61-0730M;12;VALIDE;chap->v.7: ont quil donne;CONCEPT
Psaumes 99:1-9;VGR;61-0730M;23;EXACT;leternel regne peuples tremblent assis cherubins terre grand [couverture 7/8];CONCEPT
Psaumes 99:99;VGR;61-0730M;23;LAPSUS;annoncé — dit en réalité psaumes 99:4;CONCEPT
psaumes 99:4;VGR;61-0730M;23;LAPSUS-LU;lu — annoncé sous Psaumes 99:99;CONCEPT
Apocalypse 3:0;VGR;62-1124B;17;VALIDE;chap->v.17: parce dis riche besoin rien connais malheureux miserable;CONCEPT
Apocalypse 3:0;VGR;62-1124B;22;VALIDE;chap->v.20: frappe quil lui lui;CONCEPT
Esaie 9:6;VGR;62-1124B;108;VALIDE;fils donne sera nom dieu;CONCEPT
Luc 24:49;VGR;62-1124B;100;VALIDE;moi pere ville jusqua soyez den;CONCEPT
Matthieu 5:0;VGR;62-1124B;123;VALIDE;chap->v.3: pauvres esprit cest eux royaume cieux;CONCEPT
Apocalypse 3:0;VGR;63-1229M;210;VALIDE;chap->v.5: nom vie nom;CONCEPT
Genese 1:0;VGR;63-1229M;103;VALIDE;chap->v.31: dieu quil avait voici cela etait bon eut;CONCEPT
Genese 1:3;VGR;63-1229M;58;EXACT;dieu lumiere soit fut [couverture 5/5];CONCEPT
Genese 1:3;VGR;63-1229M;89;VALIDE;dieu lumiere soit fut;CONCEPT
Genese 3:0;VGR;63-1229M;64;VALIDE;chap->v.6: etait bon quil etait etait;CONCEPT
Hebreux 13:8;VGR;63-1229M;216;EXACT;jesus christ meme hier aujourdhui eternellement [couverture 6/6];CONCEPT
Jean 14:12;VGR;63-1229M;218;VALIDE;dis uvres fais grandes parce men vais;CONCEPT
Joel 2:28;VGR;63-1229M;104;EXACT;arrivera cela repandrai esprit chair vos fils filles [couverture 12/14];CONCEPT
Malachie 4:0;VGR;63-1229M;160;VALIDE;chap->v.1: jour ceux jour;CONCEPT
Marc 16:0;VGR;63-1229M;246;VALIDE;chap->v.17: ici signes accompagneront ceux auront cru nom chasseront;CONCEPT
Matthieu 24:0;VGR;63-1229M;249;VALIDE;chap->v.21: aura grande telle quil monde jusqua maintenant quil;CONCEPT
Nombres 24:17;VGR;63-1229M;92;VALIDE;maintenant etoile jacob selevera;CONCEPT
Psaumes 22:0;VGR;63-1229M;147;VALIDE;chap->v.16: ont perce mes mains mes pieds;CONCEPT
Apocalypse 3:0;VGR;64-0125;112;VALIDE;chap->v.12: celui dieu dehors lui nom dieu nom;CONCEPT
Apocalypse 17:0;VGR;64-0125;115;VALIDE;chap->v.10: lun lautre venu venu quil;CONCEPT
Esaie 42:1-7;VGR;64-0125;15;EXACT;voici serviteur elu ame plaisir esprit lui fera [couverture 8/14];LECTURE
Hebreux 13:8;VGR;64-0125;29;EXACT;jesus christ meme hier aujourdhui eternellement [couverture 6/6];CONCEPT
Jean 15:0;VGR;64-0125;90;VALIDE;chap->v.2: sarment porte fruit sarment porte fruit quil porte;CONCEPT
Joel 2:28;VGR;64-0125;74;PARTIEL;commencé, pas achevé — apres cela;CONCEPT
Malachie 4:0;VGR;64-0125;81;VALIDE;chap->v.6: fera fils fils;CONCEPT
Malachie 4:0;VGR;64-0125;94;VALIDE;chap->v.1: jour seront jour;CONCEPT
Matthieu 4:0;VGR;64-0125;16;VALIDE;chap->v.16: peuple assis tenebres grande lumiere ceux assis region;CONCEPT
Matthieu 4:15-16;VGR;64-0125;15;EXACT;terre zabulon nephthali mer jourdain galilee nations peuple [couverture 7/10];LECTURE
Matthieu 24:0;VGR;64-0125;135;VALIDE;chap->v.21: quil depuis commencement jusqua maintenant quil;CONCEPT
Apocalypse 3:0;VGR;64-0313;174;VALIDE;chap->v.10: parole moi venir terre;CONCEPT
Esaie 35:0;VGR;64-0313;168;VALIDE;chap->v.2: sera lui sera;CONCEPT
Hebreux 1:1;VGR;64-0313;79;EXACT;dieu plusieurs reprises manieres parle peres prophetes [couverture 8/10];CONCEPT
Hebreux 4:0;VGR;64-0313;201;VALIDE;chap->v.2: meme ceux quils foi ceux;CONCEPT
Luc 17:0;VGR;64-0313;160;VALIDE;chap->v.31: jour celui sera aura celui sera retourne;CONCEPT
Luc 17:30;VGR;64-0313;153;EXACT;sera meme jour fils lhomme manifeste [couverture 7/7];CONCEPT
Malachie 3:0;VGR;64-0313;97;VALIDE;chap->v.17: moi jour homme fils;CONCEPT
Malachie 3:0;VGR;64-0313;142;VALIDE;chap->v.1: jenvoie messager devant seigneur;CONCEPT
Malachie 4:0;VGR;64-0313;124;VALIDE;chap->v.5: elie prophete jour;CONCEPT
Malachie 4:0;VGR;64-0313;141;VALIDE;chap->v.5: elie prophete avant grand jour leternel;CONCEPT
Malachie 4:0;VGR;64-0313;143;VALIDE;chap->v.5: elie prophete avant grand jour leternel;CONCEPT
Malachie 4:0;VGR;64-0313;162;VALIDE;chap->v.6: peres fils fils peres;CONCEPT
Malachie 4:0;VGR;64-0313;182;VALIDE;chap->v.6: cur peres cur peres;CONCEPT
Matthieu 24:0;VGR;64-0313;151;VALIDE;chap->v.21: quil depuis jusqua maintenant quil jamais;CONCEPT
Nombres 12:6;VGR;64-0313;44;PARTIEL;commencé, pas achevé — prophete moi;CONCEPT
Nombres 12:6;VGR;64-0313;77;PARTIEL;commencé, pas achevé — prophete lui;CONCEPT
Apocalypse 3:0;VGR;64-0411;218;VALIDE;chap->v.16: parce tiede nes vais vomir bouche;CONCEPT
Marc 11:0;VGR;64-0411;110;VALIDE;chap->v.29: moi chose moi quelle fais choses;CONCEPT
Apocalypse 3:0;VGR;64-0705;148;VALIDE;chap->v.12: celui colonne dieu lui dieu;CONCEPT
Apocalypse 3:0;VGR;64-0705;161;VALIDE;chap->v.2: reste mourir nai dieu;CONCEPT
Apocalypse 10:0;VGR;64-0705;167;VALIDE;chap->v.7: jours septieme ange sera dieu sera annonce;CONCEPT
Jean 12:0;VGR;64-0705;114;VALIDE;chap->v.1: jesus jours etait mort jesus avait;CONCEPT
Jean 12:0;VGR;64-0705;128;VALIDE;chap->v.19: eux voyez rien alle apres;CONCEPT
Jean 12:24;VGR;64-0705;116;EXACT;dis grain ble terre seul sil [couverture 6/14];CONCEPT
Jean 14:0;VGR;64-0705;68;VALIDE;chap->v.10: moi pere pere moi moi moi meme pere;CONCEPT
Luc 17:0;VGR;64-0705;170;VALIDE;chap->v.34: deux seront meme;CONCEPT
Malachie 3:0;VGR;64-0705;110;VALIDE;chap->v.14: cest dieu quel quil;CONCEPT
Malachie 4:0;VGR;64-0705;158;VALIDE;chap->v.6: cur peres cur peres frappe;CONCEPT
Malachie 4:0;VGR;64-0705;159;VALIDE;chap->v.6: cur peres cur peres frappe;CONCEPT
Malachie 4:0;VGR;64-0705;166;VALIDE;chap->v.1: jour seront jour;CONCEPT
Marc 9:7;VGR;64-0705;72;EXACT;nuee voix celui fils ecoutez [couverture 6/10];CONCEPT
Matthieu 24:24;VGR;64-0705;126;VALIDE;seduire possible elus;CONCEPT
Apocalypse 3:0;VGR;64-0726M;57;VALIDE;chap->v.5: celui celui sera nom vie nom;CONCEPT
Apocalypse 11:0;VGR;64-0726M;67;VALIDE;chap->v.10: font parce deux prophetes;CONCEPT
Ezechiel 37:0;VGR;64-0726M;54;VALIDE;chap->v.1: main leternel leternel sortir etait remplie dossements;CONCEPT
Malachie 3:0;VGR;64-0726M;110;VALIDE;chap->v.1: voici jenvoie messager preparera chemin devant moi seigneur;CONCEPT
Malachie 4:0;VGR;64-0726M;119;VALIDE;chap->v.1: voici jour vient jour vient;CONCEPT
Malachie 4:0;VGR;64-0726M;120;VALIDE;chap->v.1: voici jour vient jour vient;CONCEPT
Malachie 4:0;VGR;64-0726M;121;VALIDE;chap->v.1: voici jour vient jour vient;CONCEPT
Apocalypse 3:0;VGR;65-0815;33;VALIDE;chap->v.18: conseille dacheter moi lor passe feu afin deviennes;CONCEPT
Colossiens 1:15;VGR;65-0815;112;VALIDE;dieu invisible premier creation;CONCEPT
Apocalypse 3:0;VGR;65-0829;132;VALIDE;chap->v.12: dieu jamais dieu;CONCEPT
Apocalypse 3:14;VGR;65-0829;19;PARTIEL;commencé, pas achevé — laodicee dieu;CONCEPT
Apocalypse 21:0;VGR;65-0829;167;VALIDE;chap->v.1: vis nouveau ciel nouvelle terre premier ciel premiere;CONCEPT
Esaie 14:0;VGR;65-0829;62;VALIDE;chap->v.12: tombe astre brillant fils laurore abattu jusqua terre;CONCEPT
Malachie 4:0;VGR;65-0829;83;VALIDE;chap->v.1: voici jour jour;CONCEPT
Marc 16:0;VGR;65-0829;83;VALIDE;chap->v.6: lui jesus nest ici voici;CONCEPT
Matthieu 24:0;VGR;65-0829;16;VALIDE;chap->v.21: alors grande telle quil maintenant quil jamais;CONCEPT
Matthieu 24:24;VGR;65-0829;76;PARTIEL;commencé, pas achevé — signes;CONCEPT
Apocalypse 3:0;VGR;65-0911;204;VALIDE;chap->v.10: parce parole moi lheure terre;CONCEPT
Apocalypse 10:0;VGR;65-0911;77;VALIDE;chap->v.6: celui choses terre choses choses quil;CONCEPT
Apocalypse 10:0;VGR;65-0911;91;VALIDE;chap->v.10: pris petit main fut fut;CONCEPT
Apocalypse 10:0;VGR;65-0911;185;VALIDE;chap->v.1: vis dune tete visage;CONCEPT
Ephesiens 1:5;VGR;65-0911;225;VALIDE;predestines lui jesus;CONCEPT
Ephesiens 5:26;VGR;65-0911;164;PARTIEL;commencé, pas achevé — quil parole;CONCEPT
Esaie 9:6;VGR;65-0911;215;VALIDE;enfant fils donne sera conseiller dieu pere;CONCEPT
Esaie 9:6;VGR;65-0911;219;VALIDE;fils sera dieu;CONCEPT
Esaie 14:0;VGR;65-0911;105;VALIDE;chap->v.24: pense ainsi arrivera;CONCEPT
Esaie 14:12;VGR;65-0911;100;EXACT;tombe astre brillant fils laurore terre toi nations [couverture 8/13];CONCEPT
Genese 1:0;VGR;65-0911;38;VALIDE;chap->v.2: terre etait vide tenebres lesprit dieu eaux;CONCEPT
Genese 1:0;VGR;65-0911;45;VALIDE;chap->v.27: dieu crea lhomme image crea limage dieu crea;CONCEPT
Genese 4:0;VGR;65-0911;81;VALIDE;chap->v.1: lhomme connut femme concut enfanta cain jai leternel;CONCEPT
Genese 4:6;VGR;65-0911;183;EXACT;cain pourquoi visage abattu [couverture 5/7];CONCEPT
Hebreux 10:26;VGR;65-0911;189;EXACT;pechons volontairement apres connaissance verite reste sacrifice [couverture 7/9];CONCEPT
Jean 1:0;VGR;65-0911;234;VALIDE;chap->v.1: commencement etait parole parole etait dieu parole etait;CONCEPT
Jean 4:0;VGR;65-0911;47;VALIDE;chap->v.24: dieu esprit faut ceux ladorent ladorent esprit verite;CONCEPT
Matthieu 24:24;VGR;65-0911;103;PARTIEL;commencé, pas achevé — seduire elus;CONCEPT
Psaumes 14:1;VGR;65-0911;175;VALIDE;linsense cur dieu personne;CONCEPT
Psaumes 16:10;VGR;65-0911;253;VALIDE;ame voie corruption;CONCEPT
Apocalypse 3:0;VGR;65-1031M;218;VALIDE;chap->v.17: parce malheureux miserable pauvre;CONCEPT
Apocalypse 3:0;VGR;65-1031M;273;VALIDE;chap->v.18: conseille dacheter moi afin afin sois;CONCEPT
Ephesiens 1:5;VGR;65-1031M;291;PARTIEL;commencé, pas achevé — lui;CONCEPT
Ephesiens 5:26;VGR;65-1031M;236;PARTIEL;commencé, pas achevé — quil parole;CONCEPT
Esaie 9:6;VGR;65-1031M;284;EXACT;enfant fils donne conseiller dieu pere [couverture 6/14];CONCEPT
Esaie 9:6;VGR;65-1031M;285;EXACT;enfant fils donne conseiller dieu pere [couverture 6/14];CONCEPT
Esaie 14:12;VGR;65-1031M;205;PARTIEL;commencé, pas achevé — fils;CONCEPT
Genese 1:0;VGR;65-1031M;60;VALIDE;chap->v.27: dieu lhomme image limage dieu male femelle;CONCEPT
Genese 1:0;VGR;65-1031M;62;VALIDE;chap->v.27: dieu lhomme image limage dieu male femelle;CONCEPT
Genese 1:0;VGR;65-1031M;90;VALIDE;chap->v.25: dieu selon espece selon espece selon espece dieu;CONCEPT
Genese 4:0;VGR;65-1031M;122;VALIDE;chap->v.11: maintenant terre main frere;CONCEPT
Genese 4:0;VGR;65-1031M;144;VALIDE;chap->v.17: cain connut femme concut enfanta henoc batit ville;CONCEPT
Genese 4:6;VGR;65-1031M;252;LAPSUS;annoncé — dit en réalité Hebreux 10:26;CONCEPT
Hebreux 10:26;VGR;65-1031M;252;LAPSUS-LU;lu — annoncé sous Genese 4:6;CONCEPT
Hebreux 10:26;VGR;65-1031M;254;VALIDE;pechons volontairement apres recu connaissance verite reste sacrifice;CONCEPT
Matthieu 24:24;VGR;65-1031M;135;VALIDE;possible meme elus;CONCEPT
Psaumes 14:1;VGR;65-1031M;240;VALIDE;linsense cur dieu personne;CONCEPT
Apocalypse 3:14;SKN;57-1208;6;VALIDE;lange laodicee ecris voici lamen temoin fidele veritable;LECTURE
Jean 5:0;SKN;57-1208;47;VALIDE;chap->v.19: jesus verite verite dis fils rien lui meme;CONCEPT
Apocalypse 3:14;SKN;62-1230E;111;VALIDE;lange lassemblee laodicee dieu;CONCEPT
Apocalypse 5:1;SKN;62-1230E;154;EXACT;vis droite celui etait assis trone livre ecrit [couverture 12/13];CONCEPT
Apocalypse 6:0;SKN;62-1230E;185;VALIDE;chap->v.1: lorsque lagneau ouvrit lun sept sceaux jentendis lun;CONCEPT
Apocalypse 17:0;SKN;62-1230E;164;VALIDE;chap->v.2: ont fornication ont fornication;CONCEPT
Colossiens 4:3;SKN;62-1230E;117;EXACT;meme temps dieu mystere christ [couverture 5/14];CONCEPT
Ephesiens 3:1-11;SKN;62-1230E;117;VALIDE;cest cela moi christ jesus parler grace dieu;CONCEPT
Ephesiens 5:28-32;SKN;62-1230E;117;VALIDE;meme corps celui lui personne;CONCEPT
Ephesiens 6:19;SKN;62-1230E;117;EXACT;moi quil soit donne parler connaitre mystere [couverture 6/13];CONCEPT
Galates 2:20;SKN;62-1230E;117;EXACT;christ moi maintenant foi fils dieu livre [couverture 5/14];CONCEPT
Hebreux 13:8;SKN;62-1230E;117;EXACT;jesus christ meme hier aujourdhui eternellement [couverture 6/6];CONCEPT
Malachie 4:0;SKN;62-1230E;142;VALIDE;chap->v.1: jour vient jour vient;CONCEPT
Malachie 4:0;SKN;62-1230E;221;VALIDE;chap->v.6: peres peres peur;CONCEPT
Matthieu 13:0;SKN;62-1230E;115;VALIDE;chap->v.11: lui cest parce qua donne connaitre mysteres royaume;CONCEPT
Matthieu 13:3-15;SKN;62-1230E;117;PARTIEL;commencé, pas achevé — voici quelques;CONCEPT
Romains 11:25;SKN;62-1230E;117;VALIDE;mystere sages cest;CONCEPT
Romains 16:25;SKN;62-1230E;117;EXACT;celui selon jesus christ revelation mystere [couverture 5/14];CONCEPT
Apocalypse 3:14;VGR;57-1208;12;EXACT;lange laodicee ecris voici lamen temoin fidele veritable [couverture 11/12];CONCEPT
Jean 5:0;VGR;57-1208;128;VALIDE;chap->v.19: jesus verite verite dis fils rien lui meme;CONCEPT
Apocalypse 3:14;VGR;62-1230E;238;VALIDE;lange lassemblee laodicee dieu;CONCEPT
Apocalypse 5:1;VGR;62-1230E;302;EXACT;vis droite celui etait assis trone livre ecrit [couverture 12/13];CONCEPT
Apocalypse 6:0;VGR;62-1230E;345;VALIDE;chap->v.1: lorsque lagneau lun sept sceaux jentendis lun quatre;CONCEPT
Apocalypse 17:0;VGR;62-1230E;316;VALIDE;chap->v.2: ont fornication ont fornication;CONCEPT
Colossiens 4:3;VGR;62-1230E;248;VALIDE;meme mystere christ;CONCEPT
Ephesiens 3:1-11;VGR;62-1230E;248;PARTIEL;commencé, pas achevé — cest christ;CONCEPT
Ephesiens 5:28-32;VGR;62-1230E;249;VALIDE;meme corps celui;CONCEPT
Ephesiens 6:19;VGR;62-1230E;248;PARTIEL;commencé, pas achevé — mystere;CONCEPT
Galates 2:20;VGR;62-1230E;250;VALIDE;christ foi dieu;CONCEPT
Hebreux 13:8;VGR;62-1230E;250;EXACT;christ meme hier aujourdhui eternellement [couverture 5/6];CONCEPT
Malachie 4:0;VGR;62-1230E;292;VALIDE;chap->v.1: jour vient seront jour vient;CONCEPT
Malachie 4:0;VGR;62-1230E;410;VALIDE;chap->v.6: cur peres cur peres;CONCEPT
Matthieu 13:0;VGR;62-1230E;243;VALIDE;chap->v.11: lui cest parce qua donne connaitre mysteres royaume;CONCEPT
Matthieu 13:3-50;VGR;62-1230E;245;PARTIEL;commencé, pas achevé — voici quelques;CONCEPT
Romains 11:25;VGR;62-1230E;246;PARTIEL;commencé, pas achevé — mystere cest;CONCEPT
Romains 16:25;VGR;62-1230E;248;VALIDE;celui christ mystere;CONCEPT
Esaie 53:0;SKN;65-1128E;133;VALIDE;chap->v.5: blesse nos meurtri nos iniquites chatiment paix lui;CONCEPT
Genese 8:8;SKN;65-1128E;97;EXACT;lacha lui colombe eaux avaient [couverture 5/10];CONCEPT
Genese 15:9;SKN;65-1128E;67;VALIDE;lui prends genisse trois ans chevre belier tourterelle;CONCEPT
Levitique 12:0;SKN;65-1128E;76;VALIDE;chap->v.6: jours purification seront accomplis fils fille sacrificateur tente;CONCEPT
Matthieu 3:0;SKN;65-1128E;30;VALIDE;chap->v.3: ici voix desert seigneur;CONCEPT
Matthieu 3:16;SKN;65-1128E;37;EXACT;jesus ayant baptise remonta aussitot voici cieux lui [couverture 12/14];CONCEPT
Matthieu 3:16;SKN;65-1128E;98;VALIDE;jesus lui dieu;CONCEPT
Psaumes 53:0;SKN;65-1128E;32;VALIDE;chap->v.5: sujet frayeur frayeur dieu contre;CONCEPT
Psaumes 55:0;SKN;65-1128E;30;VALIDE;chap->v.3: cause voix devant mechant font tomber moi poursuivent;CONCEPT
Psaumes 55:0;SKN;65-1128E;32;VALIDE;chap->v.3: cause voix devant mechant font tomber moi poursuivent;CONCEPT
Esaie 53:0;VGR;65-1128E;133;VALIDE;chap->v.5: blesse nos meurtri nos chatiment paix lui meurtrissures;CONCEPT
Genese 8:8;VGR;65-1128E;97;VALIDE;lui colombe eaux avaient;CONCEPT
Genese 15:9;VGR;65-1128E;67;VALIDE;lui prends genisse trois ans chevre belier tourterelle;CONCEPT
Levitique 12:0;VGR;65-1128E;76;VALIDE;chap->v.6: jours purification seront accomplis fils fille sacrificateur lentree;CONCEPT
Matthieu 3:0;VGR;65-1128E;30;VALIDE;chap->v.3: cest ici voix desert seigneur;CONCEPT
Matthieu 3:16;VGR;65-1128E;37;EXACT;jesus ayant baptise aussitot leau voici cieux lui [couverture 13/14];CONCEPT
Matthieu 3:16;VGR;65-1128E;98;VALIDE;jesus leau lui dieu;CONCEPT
Psaumes 53:0;VGR;65-1128E;32;VALIDE;chap->v.5: sujet frayeur frayeur dieu contre;CONCEPT
Psaumes 55:0;VGR;65-1128E;30;VALIDE;chap->v.3: cause voix lennemi devant loppression mechant font tomber;CONCEPT
Psaumes 55:0;VGR;65-1128E;32;VALIDE;chap->v.3: cause voix lennemi devant loppression mechant font tomber;CONCEPT
Apocalypse 3:20;SKN;58-0529;12;EXACT;porte frappe quelquun quil lui moi [couverture 5/14];CONCEPT
Apocalypse 3:21;SKN;63-0825M;156;EXACT;celui vaincra lui sasseoir moi trone jai vaincu [couverture 13/14];CONCEPT
Romains 8:1;SKN;63-0825M;68;VALIDE;maintenant ceux jesus;CONCEPT
Apocalypse 3:21;VGR;63-0825M;156;EXACT;celui vaincra lui moi trone vaincu suis assis [couverture 10/14];CONCEPT
Romains 8:1;VGR;63-0825M;68;VALIDE;maintenant ceux jesus;CONCEPT
Apocalypse 4:7;SKN;65-0220;110;VALIDE;premier lion face homme aigle volant;CONCEPT
Deuteronome 16:0;SKN;65-0220;26;VALIDE;chap->v.6: lieu dieu choisi nom soir;CONCEPT
Deuteronome 16:1;SKN;65-0220;10;EXACT;mois paque dieu sortir nuit [couverture 7/14];CONCEPT
Exode 12:0;SKN;65-0220;73;VALIDE;chap->v.18: mois quatorzieme jour mois soir jour mois;CONCEPT
Exode 12:3-6;SKN;65-0220;73;VALIDE;dixieme jour mois agneau;CONCEPT
Hebreux 13:8;SKN;65-0220;108;VALIDE;jesus meme hier eternellement;CONCEPT
Luc 17:30;SKN;65-0220;108;VALIDE;meme jour fils;CONCEPT
Malachie 3:0;SKN;65-0220;107;VALIDE;chap->v.15: maintenant meme meme dieu;CONCEPT
Malachie 4:0;SKN;65-0220;108;VALIDE;chap->v.1: jour vient jour vient;CONCEPT
Malachie 4:0;SKN;65-0220;109;VALIDE;chap->v.1: jour vient jour vient;CONCEPT
Marc 16:0;SKN;65-0220;126;VALIDE;chap->v.12: choses autre forme eux etaient chemin;CONCEPT
Romains 8:1;SKN;65-0220;46;EXACT;maintenant aucune condamnation ceux christ jesus [couverture 6/6];CONCEPT
Apocalypse 4:7;VGR;65-0220;110;EXACT;premier lion face dun homme aigle volant [couverture 5/14];CONCEPT
Deuteronome 16:0;VGR;65-0220;26;VALIDE;chap->v.6: lieu dieu choisi nom soir;CONCEPT
Deuteronome 16:1;VGR;65-0220;10;EXACT;mois dabib paque leternel dieu sortir nuit degypte [couverture 11/14];CONCEPT
Exode 12:0;VGR;65-0220;73;VALIDE;chap->v.18: mois quatorzieme jour mois soir jour mois;CONCEPT
Exode 12:3;VGR;65-0220;73;VALIDE;dixieme jour mois agneau;CONCEPT
Hebreux 13:8;VGR;65-0220;108;VALIDE;jesus meme hier aujourdhui;CONCEPT
Luc 17:30;VGR;65-0220;108;VALIDE;meme jour fils lhomme;CONCEPT
Malachie 3:0;VGR;65-0220;107;VALIDE;chap->v.14: cest dieu quel quil;CONCEPT
Malachie 4:0;VGR;65-0220;108;VALIDE;chap->v.1: jour vient jour vient;CONCEPT
Malachie 4:0;VGR;65-0220;109;VALIDE;chap->v.1: jour vient jour vient;CONCEPT
Marc 16:0;VGR;65-0220;126;VALIDE;chap->v.17: ici signes accompagneront ceux auront cru nom;CONCEPT
Romains 8:1;VGR;65-0220;46;EXACT;maintenant aucune condamnation ceux christ jesus [couverture 6/6];CONCEPT
Apocalypse 5:0;VGR;57-1006;678;VALIDE;chap->v.5: lun anciens pleure voici lion tribu juda racine;CONCEPT
Apocalypse 11:0;VGR;57-1006;624;VALIDE;chap->v.6: ont ciel afin quil jours ont;CONCEPT
Apocalypse 11:0;VGR;57-1006;712;VALIDE;chap->v.11: apres trois demi vie;CONCEPT
Apocalypse 21:19;VGR;57-1006;668;EXACT;fondements muraille etaient pierre premier fondement etait jaspe [couverture 8/14];CONCEPT
Galates 1:8;VGR;57-1006;762;EXACT;ange ciel quil soit anatheme [couverture 5/11];CONCEPT
Genese 1:0;VGR;57-1006;601;VALIDE;chap->v.27: dieu crea lhomme image crea dieu crea;CONCEPT
Genese 1:28;VGR;57-1006;824;PARTIEL;commencé, pas achevé — dieu;CONCEPT
Genese 2:0;VGR;57-1006;601;VALIDE;chap->v.23: lhomme fois mes sera femme parce quelle prise;CONCEPT
Genese 2:0;VGR;57-1006;824;VALIDE;chap->v.8: dieu jardin lhomme quil avait forme;CONCEPT
Genese 5:16;VGR;57-1006;600;VALIDE;apres quil engendre;CONCEPT
Genese 38:0;VGR;57-1006;693;VALIDE;chap->v.8: juda femme frere devoir frere suscite frere;CONCEPT
Genese 38:0;VGR;57-1006;706;VALIDE;chap->v.18: quel cordon main lui lui;CONCEPT
Psaumes 23:0;VGR;57-1006;833;VALIDE;chap->v.4: meme vallee lombre mort moi;CONCEPT
Apocalypse 6:0;SKN;63-0323;141;VALIDE;chap->v.8: voici etait lui lui;CONCEPT
Apocalypse 6:0;SKN;63-0323;143;VALIDE;chap->v.9: sceau lautel parole quils;CONCEPT
Apocalypse 6:1;SKN;63-0323;157;EXACT;lagneau ouvrit lun sept sceaux jentendis quatre disant [couverture 11/14];CONCEPT
Apocalypse 6:3;SKN;63-0323;160;EXACT;ouvrit second sceau jentendis disant viens vois [couverture 8/10];CONCEPT
Apocalypse 6:3;SKN;63-0323;161;EXACT;ouvrit second sceau jentendis viens vois [couverture 7/10];CONCEPT
Apocalypse 6:5;SKN;63-0323;164;EXACT;ouvrit troisieme sceau jentendis viens vois vis voici [couverture 11/14];CONCEPT
Apocalypse 6:9;SKN;63-0323;177;EXACT;ouvrit cinquieme sceau vis lautel ames ceux avaient [couverture 12/14];CONCEPT
Apocalypse 6:12;SKN;63-0323;180;EXACT;sixieme sceau grand terre soleil [couverture 5/14];CONCEPT
Apocalypse 11:0;SKN;63-0323;306;VALIDE;chap->v.6: ont pouvoir fermer afin quil tombe pluie jours;CONCEPT
Apocalypse 13:0;SKN;63-0323;275;VALIDE;chap->v.7: fut guerre fut tribu peuple nation;CONCEPT
Apocalypse 19:0;SKN;63-0323;304;VALIDE;chap->v.15: epee sort bouche afin quil fer;CONCEPT
Apocalypse 22:0;SKN;63-0323;196;VALIDE;chap->v.2: milieu vie douze;CONCEPT
Daniel 12:0;SKN;63-0323;277;VALIDE;chap->v.1: temps levera micael grand chef peuple sera temps;CONCEPT
Daniel 12:0;SKN;63-0323;282;VALIDE;chap->v.1: temps fils sera temps quil;CONCEPT
Exode 10:21-23;SKN;63-0323;272;EXACT;leternel moise etends main pays degypte tenebres etendit [couverture 9/12];CONCEPT
Matthieu 24:0;SKN;63-0323;141;VALIDE;chap->v.21: tribulation quil monde maintenant quil;CONCEPT
Matthieu 24:0;SKN;63-0323;158;VALIDE;chap->v.6: entendrez parler guerres bruits guerres prenez garde troubles;CONCEPT
Matthieu 24:0;SKN;63-0323;166;VALIDE;chap->v.2: voyez dis ici;CONCEPT
Matthieu 24:0;SKN;63-0323;169;VALIDE;chap->v.7: nation selevera contre nation royaume contre royaume aura;CONCEPT
Matthieu 24:0;SKN;63-0323;185;VALIDE;chap->v.30: alors paraitra signe fils lhomme ciel alors tribus;CONCEPT
Matthieu 24:0;SKN;63-0323;278;VALIDE;chap->v.21: alors aura tribulation telle quil depuis jusqua maintenant;CONCEPT
Matthieu 24:0;SKN;63-0323;423;VALIDE;chap->v.21: alors quil monde maintenant quil;CONCEPT
Matthieu 24:6;SKN;63-0323;160;EXACT;entendrez parler guerres bruits prenez garde troubles faut [couverture 11/13];CONCEPT
Matthieu 24:7;SKN;63-0323;163;EXACT;nation selevera contre royaume aura famines pestes tremblements [couverture 14/14];CONCEPT
Matthieu 24:7;SKN;63-0323;172;PARTIEL;commencé, pas achevé — pestes terre;CONCEPT
Matthieu 24:9-13;SKN;63-0323;175;EXACT;alors livreront mourir serez hais nations cause nom [couverture 8/10];CONCEPT
Matthieu 24:29;SKN;63-0323;180;EXACT;aussitot apres tribulation jours soleil lune donnera lumiere [couverture 12/14];CONCEPT
Matthieu 24:29;SKN;63-0323;184;EXACT;aussitot apres tribulation jours soleil lune donnera lumiere [couverture 12/14];CONCEPT
Matthieu 27:0;SKN;63-0323;312;VALIDE;chap->v.45: depuis sixieme heure eut tenebres jusqua neuvieme heure;CONCEPT
Romains 11:0;SKN;63-0323;108;VALIDE;chap->v.22: considere dieu ceux dieu;CONCEPT
Apocalypse 6:0;SKN;65-0117;68;VALIDE;chap->v.9: sceau parole dieu;CONCEPT
Apocalypse 10:0;SKN;65-0117;68;VALIDE;chap->v.7: jours sera mystere dieu sera;CONCEPT
Apocalypse 10:0;SKN;65-0117;70;VALIDE;chap->v.7: jours sera mystere dieu sera;CONCEPT
Apocalypse 22:18;SKN;65-0117;72;VALIDE;livre ajoute dieu ajoutera;CONCEPT
Exode 19:0;SKN;65-0117;60;VALIDE;chap->v.1: sortis meme jour desert;CONCEPT
Hebreux 11:3;SKN;65-0117;85;VALIDE;parole dieu choses;CONCEPT
Hebreux 11:3;SKN;65-0117;86;VALIDE;parole dieu choses;CONCEPT
Hebreux 13:8;SKN;65-0117;115;VALIDE;jesus meme hier eternellement;CONCEPT
Hebreux 13:8;SKN;65-0117;131;VALIDE;jesus meme hier eternellement;CONCEPT
Jean 6:0;SKN;65-0117;65;VALIDE;chap->v.31: nos peres ont mange manne desert donne ciel;CONCEPT
Jean 14:12;SKN;65-0117;44;PARTIEL;commencé, pas achevé — moi parce;CONCEPT
Jean 14:12;SKN;65-0117;112;EXACT;verite dis celui fera lui fais parce [couverture 7/14];CONCEPT
Josue 10:12-14;SKN;65-0117;39;VALIDE;alors josue parla jour livra amoreens fils presence;CONCEPT
Luc 22:17;SKN;65-0117;70;LAPSUS;annoncé — dit en réalité Apocalypse 22:18;CONCEPT
Apocalypse 22:18;SKN;65-0117;70;LAPSUS-LU;lu — annoncé sous Luc 22:17;CONCEPT
Marc 11:22;SKN;65-0117;32;PARTIEL;commencé, pas achevé — dieu;CONCEPT
Apocalypse 6:0;VGR;63-0323;141;VALIDE;chap->v.8: etait lui lui;CONCEPT
Apocalypse 6:0;VGR;63-0323;143;VALIDE;chap->v.9: sceau lautel parole quils;CONCEPT
Apocalypse 6:1;VGR;63-0323;157;EXACT;lagneau ouvrit lun sept sceaux jentendis quatre disant [couverture 11/14];CONCEPT
Apocalypse 6:3;VGR;63-0323;160;EXACT;ouvrit second sceau jentendis disant viens vois [couverture 8/10];CONCEPT
Apocalypse 6:3;VGR;63-0323;161;EXACT;ouvrit second sceau jentendis viens vois [couverture 7/10];CONCEPT
Apocalypse 6:5;VGR;63-0323;164;EXACT;ouvrit troisieme sceau jentendis viens vois vis voici [couverture 11/14];CONCEPT
Apocalypse 6:9;VGR;63-0323;177;EXACT;ouvrit cinquieme sceau vis lautel ames ceux avaient [couverture 12/14];CONCEPT
Apocalypse 6:12;VGR;63-0323;180;EXACT;sixieme sceau grand terre soleil [couverture 5/14];CONCEPT
Apocalypse 11:0;VGR;63-0323;306;VALIDE;chap->v.6: ont pouvoir fermer afin quil tombe pluie jours;CONCEPT
Apocalypse 13:0;VGR;63-0323;275;VALIDE;chap->v.7: fut guerre fut tribu peuple nation;CONCEPT
Apocalypse 19:0;VGR;63-0323;304;VALIDE;chap->v.15: epee sort bouche afin quil fer;CONCEPT
Daniel 12:0;VGR;63-0323;277;VALIDE;chap->v.1: temps levera micael grand chef fils peuple sera;CONCEPT
Daniel 12:0;VGR;63-0323;282;VALIDE;chap->v.1: temps fils sera temps quil;CONCEPT
Exode 10:21-23;VGR;63-0323;272;EXACT;leternel moise etends main pays degypte tenebres etendit [couverture 9/12];CONCEPT
Matthieu 24:0;VGR;63-0323;141;VALIDE;chap->v.21: alors tribulation quil monde maintenant quil;CONCEPT
Matthieu 24:0;VGR;63-0323;158;VALIDE;chap->v.6: entendrez parler guerres bruits guerres prenez garde troubles;CONCEPT
Matthieu 24:0;VGR;63-0323;166;VALIDE;chap->v.2: voyez dis ici;CONCEPT
Matthieu 24:0;VGR;63-0323;169;VALIDE;chap->v.7: nation selevera contre nation royaume contre royaume aura;CONCEPT
Matthieu 24:0;VGR;63-0323;185;VALIDE;chap->v.30: alors paraitra signe fils lhomme ciel alors tribus;CONCEPT
Matthieu 24:0;VGR;63-0323;278;VALIDE;chap->v.21: alors aura tribulation telle quil depuis jusqua maintenant;CONCEPT
Matthieu 24:0;VGR;63-0323;423;VALIDE;chap->v.21: alors quil monde maintenant quil;CONCEPT
Matthieu 24:6;VGR;63-0323;160;EXACT;entendrez parler guerres bruits prenez garde troubles faut [couverture 11/13];CONCEPT
Matthieu 24:7;VGR;63-0323;163;EXACT;nation selevera contre royaume aura famines pestes tremblements [couverture 14/14];CONCEPT
Matthieu 24:7;VGR;63-0323;172;PARTIEL;commencé, pas achevé — pestes terre;CONCEPT
Matthieu 24:9-13;VGR;63-0323;175;EXACT;alors mourir serez hais nations cause nom plusieurs [couverture 7/10];CONCEPT
Matthieu 24:29;VGR;63-0323;180;EXACT;aussitot apres tribulation jours soleil lune donnera lumiere [couverture 12/14];CONCEPT
Matthieu 24:29;VGR;63-0323;184;EXACT;aussitot apres tribulation jours soleil lune donnera lumiere [couverture 12/14];CONCEPT
Matthieu 27:0;VGR;63-0323;312;VALIDE;chap->v.45: depuis sixieme heure eut tenebres jusqua neuvieme heure;CONCEPT
Romains 11:0;VGR;63-0323;108;VALIDE;chap->v.26: israel sera sauve quil;CONCEPT
Apocalypse 6:1;SKN;61-0730M;71;PARTIEL;commencé, pas achevé — vis sceaux;CONCEPT
Apocalypse 7:0;SKN;61-0730M;117;VALIDE;chap->v.12: amen gloire sagesse lhonneur puissance force dieu siecles;CONCEPT
Apocalypse 10:0;SKN;61-0730M;63;VALIDE;chap->v.6: celui vit siecles siecles lequel ciel terre mer;CONCEPT
Apocalypse 19:21;SKN;61-0730M;71;PARTIEL;commencé, pas achevé — etait;CONCEPT
Genese 44:0;SKN;61-0730M;138;VALIDE;chap->v.26: pouvons alors pouvons voir homme nest;CONCEPT
Jeremie 32:6;SKN;61-0730M;60;PARTIEL;commencé, pas achevé — jeremie;CONCEPT
Malachie 4:0;SKN;61-0730M;151;VALIDE;chap->v.6: fera peres fils fils peres;CONCEPT
Matthieu 24:0;SKN;61-0730M;107;VALIDE;chap->v.15: verrez labomination desolation parle daniel prophete etablie lieu;CONCEPT
Matthieu 24:0;SKN;61-0730M;145;VALIDE;chap->v.2: voyez dis sera laisse soit;CONCEPT
Matthieu 24:15;SKN;61-0730M;109;EXACT;verrez labomination desolation parle daniel prophete etablie lieu [couverture 12/12];CONCEPT
Psaumes 99:0;SKN;61-0730M;10;VALIDE;chap->v.7: parla ont avait donne;LECTURE
Psaumes 99:0;SKN;61-0730M;12;VALIDE;chap->v.7: ont quil donne;CONCEPT
Psaumes 99:0;SKN;61-0730M;23;VALIDE;chap->v.4: force roi aime justice toi droiture exerces justice;CONCEPT
Psaumes 99:1-9;SKN;61-0730M;23;EXACT;leternel regne peuples tremblent assis cherubins terre grand [couverture 7/8];CONCEPT
Apocalypse 7:0;SKN;60-1204E;158;VALIDE;chap->v.9: apres choses vis voici grande foule personne pouvait;CONCEPT
Apocalypse 17:15;SKN;60-1204E;158;VALIDE;eaux vues assise peuples foules nations langues;CONCEPT
Apocalypse 19:0;SKN;60-1204E;158;VALIDE;chap->v.11: vis ciel ouvert voici cheval blanc celui assis;CONCEPT
Apocalypse 19:15;SKN;60-1204E;158;VALIDE;epee aigue deux tranchants sort bouche afin frappe;CONCEPT
Apocalypse 21:23;SKN;60-1204E;158;VALIDE;besoin soleil gloire dieu lampe;CONCEPT
Daniel 7:0;SKN;60-1204E;158;VALIDE;chap->v.10: fleuve feu coulait sortait devant lui milliers servaient;CONCEPT
Daniel 7:9;SKN;60-1204E;158;VALIDE;vis trones furent jours vetement etait blanc neige;CONCEPT
Ephesiens 4:30;SKN;60-1204E;23;EXACT;saint dieu lequel avez scelles jour redemption [couverture 7/9];CONCEPT
Esaie 28:0;SKN;60-1204E;119;VALIDE;chap->v.15: avons mort avons passe avons mensonge;CONCEPT
Esaie 28:8;SKN;60-1204E;119;VALIDE;tables pleines vomissements sorte place;CONCEPT
Esaie 35:0;SKN;60-1204E;102;VALIDE;chap->v.8: aura grande route chemin sera appele chemin saintete;CONCEPT
Esther 6:0;SKN;60-1204E;158;VALIDE;chap->v.10: roi toi prends vetement cheval fais ainsi juif;CONCEPT
Esther 8:0;SKN;60-1204E;158;VALIDE;chap->v.5: roi trouve bon jai trouve devant lui roi;CONCEPT
Hebreux 4:0;SKN;60-1204E;113;VALIDE;chap->v.8: josue avait donne repos parle apres cela autre;CONCEPT
Hebreux 4:2;SKN;60-1204E;158;VALIDE;avons meme ceux parole servit rien foi;CONCEPT
Jean 5:22;SKN;60-1204E;158;VALIDE;pere juge personne donne jugement fils;CONCEPT
Jean 15:0;SKN;60-1204E;158;VALIDE;chap->v.5: moi suis cep sarments celui moi moi lui;CONCEPT
Jean 17:17;SKN;60-1204E;42;EXACT;sanctifie verite parole [couverture 4/4];CONCEPT
Malachie 4:0;SKN;60-1204E;132;VALIDE;chap->v.3: mechants seront cendre vos pieds jour;CONCEPT
Malachie 4:0;SKN;60-1204E;158;VALIDE;chap->v.1: voici jour vient four ceux seront chaume jour;CONCEPT
Marc 11:22;SKN;60-1204E;158;VALIDE;jesus foi dieu;CONCEPT
Marc 16:0;SKN;60-1204E;158;VALIDE;chap->v.9: etant ressuscite matin premier jour semaine premierement marie;CONCEPT
Matthieu 10:0;SKN;60-1204E;43;VALIDE;chap->v.15: verite dis pays sera jour;CONCEPT
Matthieu 11:0;SKN;60-1204E;116;VALIDE;chap->v.28: venez moi etes charges moi donnerai repos;CONCEPT
Matthieu 17:0;SKN;60-1204E;69;VALIDE;chap->v.9: jesus dites personne fils soit;CONCEPT
Matthieu 17:0;SKN;60-1204E;100;VALIDE;chap->v.1: lui pierre frere;CONCEPT
Matthieu 17:0;SKN;60-1204E;158;VALIDE;chap->v.1: apres six jours jesus prend lui pierre jacques;CONCEPT
Matthieu 24:0;SKN;60-1204E;48;VALIDE;chap->v.24: faux faux prodiges possible meme elus;CONCEPT
Matthieu 25:0;SKN;60-1204E;3;VALIDE;chap->v.20: avait cinq vint cinq autres disant remis;CONCEPT
Matthieu 25:33;SKN;60-1204E;3;PARTIEL;commencé, pas achevé — brebis;CONCEPT
Zacharie 4:1;SKN;60-1204E;154;EXACT;parlait moi revint reveilla homme reveille sommeil [couverture 7/9];CONCEPT
Apocalypse 7:0;SKN;60-1211M;59;VALIDE;chap->v.1: apres cela afin;CONCEPT
Apocalypse 7:0;SKN;60-1211M;89;VALIDE;chap->v.1: apres cela vis quatre anges debout quatre coins;CONCEPT
Apocalypse 9:0;SKN;60-1211M;250;VALIDE;chap->v.3: terre donne pouvoir pouvoir terre;CONCEPT
Apocalypse 9:1-4;SKN;60-1211M;282;PARTIEL;commencé, pas achevé — vis lui;CONCEPT
Apocalypse 11:0;SKN;60-1211M;113;VALIDE;chap->v.11: apres trois jours demi vie dieu entra eux;CONCEPT
Apocalypse 11:0;SKN;60-1211M;136;VALIDE;chap->v.11: apres trois jours vie dieu eux;CONCEPT
Apocalypse 12:0;SKN;60-1211M;53;VALIDE;chap->v.5: male doit paitre nations verge fer enfant fut;CONCEPT
Apocalypse 13:0;SKN;60-1211M;240;VALIDE;chap->v.11: autre bete terre avait deux cornes agneau parlait;CONCEPT
Apocalypse 13:15;SKN;60-1211M;240;EXACT;lui fut donne bete parle meme ceux [couverture 6/14];CONCEPT
Apocalypse 22:16;SKN;60-1211M;357;VALIDE;moi jesus envoye ange choses suis;CONCEPT
Daniel 7:0;SKN;60-1211M;194;VALIDE;chap->v.8: considerais cornes voici autre corne petite monta milieu;CONCEPT
Ephesiens 4:30;SKN;60-1211M;115;EXACT;saint esprit dieu avez scelles jour redemption [couverture 7/9];CONCEPT
Ephesiens 4:30;SKN;60-1211M;250;EXACT;saint dieu lequel scelles jour [couverture 5/9];CONCEPT
Ephesiens 4:30;SKN;60-1211M;282;EXACT;saint esprit dieu lequel avez scelles jour redemption [couverture 8/9];CONCEPT
Ezechiel 4:0;SKN;60-1211M;64;VALIDE;chap->v.16: fils voici jerusalem mesure;CONCEPT
Ezechiel 4:0;SKN;60-1211M;65;VALIDE;chap->v.1: toi fils toi ville jerusalem;CONCEPT
Ezechiel 9:0;SKN;60-1211M;155;VALIDE;chap->v.2: voici porte mort main;CONCEPT
Matthieu 21:0;SKN;60-1211M;151;VALIDE;chap->v.13: ecrit maison sera maison avez;CONCEPT
Matthieu 24:0;SKN;60-1211M;67;VALIDE;chap->v.15: verrez desolation parle daniel prophete etablie lieu saint;CONCEPT
Matthieu 24:0;SKN;60-1211M;68;VALIDE;chap->v.15: verrez desolation parle daniel prophete etablie lieu saint;CONCEPT
Matthieu 24:0;SKN;60-1211M;164;VALIDE;chap->v.24: faux christs faux prophetes grands prodiges seduire possible;CONCEPT
Matthieu 24:24;SKN;60-1211M;164;EXACT;faux christs prophetes grands prodiges seduire possible meme [couverture 10/14];CONCEPT
Romains 2:22;SKN;60-1211M;186;PARTIEL;commencé, pas achevé — dis;CONCEPT
Apocalypse 7:0;SKN;63-0324E;197;VALIDE;chap->v.8: tribu tribu joseph tribu benjamin;CONCEPT
Apocalypse 7:0;SKN;63-0324E;199;VALIDE;chap->v.7: tribu tribu levi tribu;CONCEPT
Apocalypse 7:0;SKN;63-0324E;386;VALIDE;chap->v.2: autre ange sceau dieu;CONCEPT
Apocalypse 8:1;SKN;63-0324E;229;VALIDE;septieme sceau ciel;CONCEPT
Apocalypse 10:1;SKN;63-0324E;384;VALIDE;autre ange dune tete;CONCEPT
Apocalypse 10:1-7;SKN;63-0324E;304;VALIDE;vis ange dune;CONCEPT
Apocalypse 11:0;SKN;63-0324E;107;VALIDE;chap->v.11: trois demi vie dieu eux;CONCEPT
Apocalypse 14:0;SKN;63-0324E;222;VALIDE;chap->v.1: vis lui nom nom;CONCEPT
Ephesiens 4:30;SKN;63-0324E;148;EXACT;nattristez saint dieu lequel avez scelles jour redemption [couverture 8/9];CONCEPT
Esaie 9:6;SKN;63-0324E;99;VALIDE;fils sera nom dieu;CONCEPT
Ezechiel 48:1-7;SKN;63-0324E;221;PARTIEL;commencé, pas achevé — ici tribus;CONCEPT
Matthieu 24:0;SKN;63-0324E;390;VALIDE;chap->v.21: alors aura grande quil maintenant quil aura;CONCEPT
Matthieu 24:0;SKN;63-0324E;396;VALIDE;chap->v.21: alors telle quil monde maintenant quil;CONCEPT
Matthieu 24:31;SKN;63-0324E;396;PARTIEL;commencé, pas achevé — grand;CONCEPT
Apocalypse 7:0;VGR;60-1204E;216;VALIDE;chap->v.9: vis voici foule personne nation;CONCEPT
Apocalypse 17:15;VGR;60-1204E;191;EXACT;eaux vues peuples foules langues [couverture 5/8];CONCEPT
Apocalypse 19:0;VGR;60-1204E;215;VALIDE;chap->v.11: vis ouvert voici cheval blanc celui fidele veritable;CONCEPT
Apocalypse 19:15;VGR;60-1204E;183;EXACT;epee aigue sort bouche afin quil frappe nations [couverture 11/14];CONCEPT
Apocalypse 21:23;VGR;60-1204E;234;VALIDE;besoin soleil lagneau;CONCEPT
Daniel 7:0;VGR;60-1204E;165;VALIDE;chap->v.9: vis jusqua trones furent lancien jours sassit vetement;CONCEPT
Daniel 7:9;VGR;60-1204E;165;EXACT;vis jusqua trones furent lancien jours sassit vetement [couverture 9/14];CONCEPT
Daniel 7:9;VGR;60-1204E;167;EXACT;vis jusqua trones furent lancien jours sassit vetement [couverture 13/14];CONCEPT
Daniel 7:9;VGR;60-1204E;169;EXACT;vis jusqua trones furent lancien jours sassit vetement [couverture 12/14];CONCEPT
Daniel 7:9;VGR;60-1204E;188;EXACT;vis furent lancien jours etait blanc cheveux tete [couverture 7/14];CONCEPT
Ephesiens 4:30;VGR;60-1204E;23;EXACT;nattristez saint dieu lequel avez scelles jour redemption [couverture 8/9];CONCEPT
Esaie 28:0;VGR;60-1204E;108;VALIDE;chap->v.8: tables pleines vomissements sorte quil place;CONCEPT
Esaie 28:8;VGR;60-1204E;108;EXACT;tables pleines vomissements sorte quil place [couverture 6/7];CONCEPT
Esaie 35:0;VGR;60-1204E;95;VALIDE;chap->v.8: aura grande route chemin sera appele chemin saintete;CONCEPT
Hebreux 4:0;VGR;60-1204E;102;VALIDE;chap->v.7: certain jour disant david longtemps apres aujourdhui aujourdhui;CONCEPT
Hebreux 4:2;VGR;60-1204E;214;PARTIEL;commencé, pas achevé — parole;CONCEPT
Jean 5:22;VGR;60-1204E;157;EXACT;pere juge personne donne jugement fils [couverture 6/6];CONCEPT
Jean 5:22;VGR;60-1204E;168;VALIDE;pere juge personne jugement fils;CONCEPT
Jean 15:0;VGR;60-1204E;146;VALIDE;chap->v.2: sarment porte fruit sarment porte fruit quil porte;CONCEPT
Jean 17:17;VGR;60-1204E;37;EXACT;sanctifie verite parole [couverture 4/4];CONCEPT
Malachie 4:0;VGR;60-1204E;121;VALIDE;chap->v.3: mechants seront cendre vos pieds jour;CONCEPT
Malachie 4:0;VGR;60-1204E;238;VALIDE;chap->v.1: voici jour vient four ceux pratiquent seront chaume;CONCEPT
Marc 11:22;VGR;60-1204E;251;PARTIEL;commencé, pas achevé — foi dieu;CONCEPT
Marc 16:0;VGR;60-1204E;220;VALIDE;chap->v.17: accompagneront ceux auront cru nom chasseront demons parleront;CONCEPT
Matthieu 10:0;VGR;60-1204E;38;VALIDE;chap->v.15: verite dis pays sera jour;CONCEPT
Matthieu 11:0;VGR;60-1204E;105;VALIDE;chap->v.29: prenez joug moi suis humble cur repos vos;CONCEPT
Matthieu 17:0;VGR;60-1204E;63;VALIDE;chap->v.9: jesus personne vision jusqua fils soit;CONCEPT
Matthieu 17:0;VGR;60-1204E;93;VALIDE;chap->v.12: dis lui ont quils ont ainsi;CONCEPT
Matthieu 17:0;VGR;60-1204E;226;VALIDE;chap->v.1: apres six jours jesus lui pierre jacques jean;CONCEPT
Matthieu 17:0;VGR;60-1204E;227;VALIDE;chap->v.1: apres six jours jesus lui pierre jacques jean;CONCEPT
Matthieu 24:0;VGR;60-1204E;42;VALIDE;chap->v.21: alors quil depuis maintenant quil jamais;CONCEPT
Matthieu 25:0;VGR;60-1204E;3;VALIDE;chap->v.20: avait cinq cinq autres remis;CONCEPT
Matthieu 25:33;VGR;60-1204E;3;PARTIEL;commencé, pas achevé — brebis;CONCEPT
Zacharie 4:1;VGR;60-1204E;142;EXACT;lange parlait moi revint reveilla homme reveille sommeil [couverture 8/9];CONCEPT
Apocalypse 7:0;VGR;60-1211M;56;VALIDE;chap->v.1: apres cela afin;CONCEPT
Apocalypse 7:0;VGR;60-1211M;83;VALIDE;chap->v.1: apres cela vis quatre anges debout quatre coins;CONCEPT
Apocalypse 11:0;VGR;60-1211M;107;VALIDE;chap->v.8: mort sera etendu place grande appelee sodome seigneur;CONCEPT
Apocalypse 12:0;VGR;60-1211M;50;VALIDE;chap->v.5: male paitre nations verge fer enfant enleve dieu;CONCEPT
Apocalypse 13:0;VGR;60-1211M;230;VALIDE;chap->v.15: lui fut donne limage bete afin limage bete;CONCEPT
Apocalypse 13:15;VGR;60-1211M;230;EXACT;lui fut donne limage bete afin parle meme [couverture 9/14];CONCEPT
Apocalypse 22:16;VGR;60-1211M;353;EXACT;moi jesus jai envoye ange choses [couverture 7/14];CONCEPT
Daniel 7:0;VGR;60-1211M;188;VALIDE;chap->v.9: vis jusqua trones furent lancien jours sassit vetement;CONCEPT
Ephesiens 4:30;VGR;60-1211M;109;EXACT;saint esprit dieu jour redemption [couverture 5/9];CONCEPT
Ephesiens 4:30;VGR;60-1211M;240;EXACT;nattristez saint dieu scelles jour [couverture 5/9];CONCEPT
Ephesiens 4:30;VGR;60-1211M;271;EXACT;nattristez saint esprit dieu lequel avez scelles jour [couverture 9/9];CONCEPT
Ezechiel 4:0;VGR;60-1211M;61;VALIDE;chap->v.14: voici sest jusqua maintenant rien;CONCEPT
Ezechiel 4:0;VGR;60-1211M;62;VALIDE;chap->v.1: toi fils prends toi ville jerusalem;CONCEPT
Ezechiel 9:0;VGR;60-1211M;149;VALIDE;chap->v.2: voici porte chacun mort main;CONCEPT
Matthieu 21:0;VGR;60-1211M;145;VALIDE;chap->v.43: cest dis royaume dieu sera sera nation;CONCEPT
Matthieu 24:0;VGR;60-1211M;64;VALIDE;chap->v.15: verrez labomination desolation parle daniel prophete etablie lieu;CONCEPT
Matthieu 24:0;VGR;60-1211M;65;VALIDE;chap->v.15: verrez labomination desolation parle daniel prophete etablie lieu;CONCEPT
Matthieu 24:0;VGR;60-1211M;158;VALIDE;chap->v.24: selevera faux christs faux prophetes grands prodiges seduire;CONCEPT
Matthieu 24:24;VGR;60-1211M;158;EXACT;selevera faux christs prophetes grands prodiges seduire possible [couverture 11/14];CONCEPT
Romains 2:22;VGR;60-1211M;180;PARTIEL;commencé, pas achevé — dis;CONCEPT
Apocalypse 7:0;VGR;63-0324E;197;VALIDE;chap->v.8: tribu tribu joseph tribu benjamin;CONCEPT
Apocalypse 7:0;VGR;63-0324E;199;VALIDE;chap->v.7: tribu tribu levi tribu;CONCEPT
Apocalypse 7:0;VGR;63-0324E;388;VALIDE;chap->v.2: autre ange sceau dieu;CONCEPT
Apocalypse 10:1;VGR;63-0324E;386;PARTIEL;commencé, pas achevé — ange tete;CONCEPT
Apocalypse 10:1-7;VGR;63-0324E;304;VALIDE;vis ange dune;CONCEPT
Apocalypse 11:0;VGR;63-0324E;107;VALIDE;chap->v.11: trois demi vie dieu;CONCEPT
Apocalypse 14:0;VGR;63-0324E;222;VALIDE;chap->v.1: vis lui nom nom;CONCEPT
Ephesiens 4:30;VGR;63-0324E;148;EXACT;nattristez saint dieu lequel scelles jour redemption [couverture 7/9];CONCEPT
Esaie 9:6;VGR;63-0324E;99;VALIDE;fils sera nom dieu;CONCEPT
Ezechiel 48:1;VGR;63-0324E;221;PARTIEL;commencé, pas achevé — ici tribus;CONCEPT
Matthieu 24:0;VGR;63-0324E;392;VALIDE;chap->v.21: alors aura grande quil maintenant quil aura;CONCEPT
Matthieu 24:0;VGR;63-0324E;398;VALIDE;chap->v.21: alors telle quil monde jusqua maintenant quil;CONCEPT
Matthieu 24:31;VGR;63-0324E;398;PARTIEL;commencé, pas achevé — grand jusqua;CONCEPT
Apocalypse 7:0;VGR;63-0728;228;VALIDE;chap->v.14: dis sais ceux grande ont lave ont;CONCEPT
Apocalypse 17:0;VGR;63-0728;177;VALIDE;chap->v.6: sang saints sang jesus dun grand;CONCEPT
Apocalypse 17:0;VGR;63-0728;560;VALIDE;chap->v.5: avait nom mystere grande;CONCEPT
Hebreux 11:0;VGR;63-0728;626;VALIDE;chap->v.16: maintenant cest cest dieu dieu;CONCEPT
Hebreux 13:8;VGR;63-0728;131;EXACT;christ meme hier aujourdhui eternellement [couverture 5/6];CONCEPT
Jean 5:0;VGR;63-0728;125;VALIDE;chap->v.36: moi grand celui jean uvres uvres fais;CONCEPT
Jean 5:24;VGR;63-0728;24;EXACT;celui parole croit envoye vie jugement passe mort [couverture 8/14];CONCEPT
Jean 14:12;VGR;63-0728;125;EXACT;dis celui croit moi fera lui uvres fais [couverture 10/14];CONCEPT
Jean 14:12;VGR;63-0728;578;EXACT;dis celui croit moi fera lui uvres fais [couverture 11/14];CONCEPT
Malachie 3:0;VGR;63-0728;340;VALIDE;chap->v.1: jenvoie messager chemin devant moi seigneur;CONCEPT
Malachie 3:0;VGR;63-0728;577;VALIDE;chap->v.18: alors juste mechant celui dieu celui;CONCEPT
Malachie 4:0;VGR;63-0728;330;VALIDE;chap->v.3: seront plante jour ferai leternel;CONCEPT
Malachie 4:0;VGR;63-0728;574;VALIDE;chap->v.5: voici envoie elie prophete avant jour;CONCEPT
Malachie 4:0;VGR;63-0728;577;VALIDE;chap->v.1: jour vient jour vient;CONCEPT
Marc 16:0;VGR;63-0728;238;VALIDE;chap->v.16: aura cru aura sera cru sera condamne;CONCEPT
Marc 16:0;VGR;63-0728;536;VALIDE;chap->v.6: lui ressuscite nest voici;CONCEPT
Matthieu 11:25;VGR;63-0728;291;EXACT;temps jesus loue pere ciel terre parce cache [couverture 10/14];CONCEPT
Matthieu 16:15;VGR;63-0728;214;EXACT;dites suis [couverture 2/2];CONCEPT
Matthieu 24:0;VGR;63-0728;565;VALIDE;chap->v.21: alors grande telle quil depuis jusqua quil jamais;CONCEPT
Psaumes 1:0;VGR;63-0728;427;VALIDE;chap->v.3: arbre plante pres fruit saison fletrit;CONCEPT
Psaumes 22:0;VGR;63-0728;113;VALIDE;chap->v.16: mont ont perce mes mains mes pieds;CONCEPT
Apocalypse 7:0;VGR;64-0830E;77;VALIDE;chap->v.14: lui seigneur sais viennent grande tribulation ont ont;CONCEPT
Apocalypse 10:0;VGR;64-0830E;153;VALIDE;chap->v.7: septieme ange sera sera;CONCEPT
Apocalypse 10:0;VGR;64-0830E;154;VALIDE;chap->v.1: ange dune larc;CONCEPT
Apocalypse 22:8;VGR;64-0830E;59;VALIDE;cest moi jean choses terre lange;CONCEPT
Genese 6:3;VGR;64-0830E;156;PARTIEL;commencé, pas achevé — lhomme ans;CONCEPT
Job 14:0;VGR;64-0830E;87;VALIDE;chap->v.14: homme meurt revivra jusqua etat;CONCEPT
Job 14:21;VGR;64-0830E;86;PARTIEL;commencé, pas achevé — sen;CONCEPT
Malachie 3:0;VGR;64-0830E;158;VALIDE;chap->v.1: voici jenvoie messager devant moi seigneur;CONCEPT
Malachie 4:0;VGR;64-0830E;76;VALIDE;chap->v.5: elie prophete avant vienne grand jour;CONCEPT
Malachie 4:0;VGR;64-0830E;77;VALIDE;chap->v.5: elie prophete avant vienne grand jour;CONCEPT
Malachie 4:0;VGR;64-0830E;154;VALIDE;chap->v.6: cur peres cur peres;CONCEPT
Malachie 4:0;VGR;64-0830E;156;VALIDE;chap->v.6: cur peres cur peres;CONCEPT
Malachie 4:0;VGR;64-0830E;158;VALIDE;chap->v.6: cur peres fils cur fils peres;CONCEPT
Marc 16:0;VGR;64-0830E;121;VALIDE;chap->v.9: etant matin premier jour premierement avait;CONCEPT
Marc 16:0;VGR;64-0830E;139;VALIDE;chap->v.18: serpents auront quelque chose mains;CONCEPT
Marc 16:18;VGR;64-0830E;138;EXACT;serpents auront quelque chose mains [couverture 5/13];CONCEPT
Matthieu 24:28;VGR;64-0830E;123;VALIDE;soit sassembleront aigles;CONCEPT
Romains 7:14-18;VGR;64-0830E;25;VALIDE;savons loi spirituelle moi suis charnel vendu peche;CONCEPT
Apocalypse 10:0;SKN;61-0618;209;VALIDE;chap->v.2: avait main livre ouvert pied mer terre;CONCEPT
Ephesiens 1:13-14;SKN;61-0618;73;VALIDE;avez parole salut saint;CONCEPT
Ephesiens 1:13-14;SKN;61-0618;81;EXACT;avez ayant scelles saint [couverture 6/14];CONCEPT
Ephesiens 4:30;SKN;61-0618;147;EXACT;saint esprit dieu lequel avez scelles jour redemption [couverture 8/9];CONCEPT
Jean 14:0;SKN;61-0618;120;VALIDE;chap->v.10: moi pere pere moi moi moi meme pere;CONCEPT
Jeremie 32:0;SKN;61-0618;186;VALIDE;chap->v.4: sera main sera livre main babylone;CONCEPT
Matthieu 28:19;SKN;61-0618;226;EXACT;allez faites disciples nations baptisant nom pere fils [couverture 9/10];CONCEPT
Apocalypse 10:0;SKN;63-0112;4;VALIDE;chap->v.7: jours ange sera sonner trompette mystere dieu sera;LECTURE
Apocalypse 10:0;SKN;63-0112;69;VALIDE;chap->v.7: jours septieme ange sonner trompette mystere dieu termine;CONCEPT
Esaie 3:18;SKN;63-0112;54;VALIDE;jour seigneur otera pieds;CONCEPT
Esaie 5:0;SKN;63-0112;54;VALIDE;chap->v.27: nul soit nul nul nul;CONCEPT
Esaie 6:0;SKN;63-0112;12;VALIDE;chap->v.2: seraphins tenaient lui avaient chacun six ailes deux;LECTURE
Apocalypse 10:0;SKN;63-0818;100;VALIDE;chap->v.7: jours septieme ange sera sonner trompette mystere dieu;CONCEPT
Malachie 4:0;SKN;63-0818;104;VALIDE;chap->v.1: voici jour vient jour vient;CONCEPT
Psaumes 86:0;SKN;63-0818;29;VALIDE;chap->v.2: garde ame suis tes toi dieu sauve serviteur;CONCEPT
Psaumes 86:0;SKN;63-0818;31;VALIDE;chap->v.2: garde ame suis tes toi dieu sauve serviteur;CONCEPT
Apocalypse 10:0;SKN;64-0112;170;VALIDE;chap->v.7: jours septieme ange sera mystere dieu sera;CONCEPT
Apocalypse 17:0;SKN;64-0112;73;VALIDE;chap->v.2: laquelle terre ont terre ont vin;CONCEPT
Esaie 60:0;SKN;64-0112;29;VALIDE;chap->v.2: voici tenebres terre profonde peuples toi gloire toi;CONCEPT
Esaie 60:1;SKN;64-0112;115;EXACT;leve toi lumiere venue [couverture 5/10];CONCEPT
Esaie 62:0;SKN;64-0112;29;VALIDE;chap->v.11: voici terre voici salut vient voici;CONCEPT
Hebreux 1:0;SKN;64-0112;116;VALIDE;chap->v.1: dieu autrefois plusieurs plusieurs manieres parle peres prophetes;CONCEPT
Jean 14:0;SKN;64-0112;172;VALIDE;chap->v.10: moi pere pere moi paroles moi dis dis;CONCEPT
Psaumes 60:0;SKN;64-0112;29;VALIDE;chap->v.10: toi dieu dieu nos;CONCEPT
Psaumes 62:0;SKN;64-0112;31;VALIDE;chap->v.8: peuple confiez lui temps repandez lui dieu refuge;CONCEPT
Psaumes 62:0;SKN;64-0112;144;VALIDE;chap->v.8: lui temps lui dieu;CONCEPT
Apocalypse 10:0;SKN;64-0419;29;VALIDE;chap->v.1: vis autre ange ciel ciel tete;CONCEPT
Apocalypse 10:0;SKN;64-0419;63;VALIDE;chap->v.6: choses choses choses quil;CONCEPT
Apocalypse 10:0;SKN;64-0419;80;VALIDE;chap->v.7: jours sera mystere dieu sera;CONCEPT
Deuteronome 18:15;SKN;64-0419;73;EXACT;leternel dieu suscitera prophete moi [couverture 5/11];CONCEPT
Jean 14:12;SKN;64-0419;80;VALIDE;verite dis fais;CONCEPT
Luc 17:30;SKN;64-0419;63;VALIDE;sera meme jour;CONCEPT
Malachie 4:0;SKN;64-0419;29;VALIDE;chap->v.1: jour vient seront jour vient;CONCEPT
Malachie 4:0;SKN;64-0419;76;VALIDE;chap->v.5: prophete avant jour;CONCEPT
Malachie 4:0;SKN;64-0419;78;VALIDE;chap->v.6: peres fils fils peres;CONCEPT
Marc 16:0;SKN;64-0419;16;VALIDE;chap->v.11: quil quil avait;CONCEPT
Marc 16:0;SKN;64-0419;23;VALIDE;chap->v.6: lui jesus nest ici;CONCEPT
Marc 16:0;SKN;64-0419;96;VALIDE;chap->v.12: apres choses autre forme deux eux;CONCEPT
Marc 16:0;SKN;64-0419;99;VALIDE;chap->v.12: apres choses autre forme deux dentre eux;CONCEPT
Apocalypse 10:0;SKN;64-0621;76;VALIDE;chap->v.7: jours voix septieme ange sera dieu sera;CONCEPT
Hebreux 4:12;SKN;64-0621;171;VALIDE;parole dieu epee;CONCEPT
Hebreux 13:8;SKN;64-0621;74;VALIDE;jesus meme hier aujourdhui eternellement;CONCEPT
Jacques 5:14;SKN;64-0621;64;EXACT;quelquun parmi malade quil appelle anciens prient lui [couverture 10/14];CONCEPT
Jacques 5:14;SKN;64-0621;65;EXACT;quelquun parmi malade quil appelle anciens quils prient [couverture 10/14];CONCEPT
Jacques 5:14;SKN;64-0621;108;PARTIEL;commencé, pas achevé — malade quil;CONCEPT
Luc 17:30;SKN;64-0621;75;EXACT;sera meme jour fils lhomme manifeste [couverture 6/7];CONCEPT
Malachie 4:0;SKN;64-0621;77;VALIDE;chap->v.6: peres fils fils peres;CONCEPT
Malachie 4:0;SKN;64-0621;156;VALIDE;chap->v.5: avant vienne grand jour;CONCEPT
Malachie 4:0;SKN;64-0621;164;VALIDE;chap->v.1: jour vient jour vient;CONCEPT
Marc 16:0;SKN;64-0621;1;VALIDE;chap->v.9: etant ressuscite matin premier jour semaine apparut marie;LECTURE
Marc 16:0;SKN;64-0621;13;VALIDE;chap->v.6: lui jesus ici lavait mis;LECTURE
Marc 16:0;SKN;64-0621;35;VALIDE;chap->v.6: lui jesus ressuscite nest;CONCEPT
Marc 16:0;SKN;64-0621;37;VALIDE;chap->v.11: quil quil avait;CONCEPT
Marc 16:0;SKN;64-0621;45;VALIDE;chap->v.18: auront quelque chose cela mains ceux;CONCEPT
Marc 16:0;SKN;64-0621;61;VALIDE;chap->v.18: auront quelque chose cela imposeront mains ceux;CONCEPT
Marc 16:0;SKN;64-0621;62;VALIDE;chap->v.18: auront quelque chose cela imposeront mains ceux;CONCEPT
Marc 16:0;SKN;64-0621;63;VALIDE;chap->v.18: auront quelque chose cela imposeront mains ceux;CONCEPT
Marc 16:0;SKN;64-0621;109;VALIDE;chap->v.18: chose cela mains ceux;CONCEPT
Marc 16:0;SKN;64-0621;149;VALIDE;chap->v.17: ici accompagneront ceux auront cru demons langues;CONCEPT
Marc 16:0;SKN;64-0621;186;VALIDE;chap->v.11: ceux quil etait quil avait;CONCEPT
Marc 16:0;SKN;64-0621;188;VALIDE;chap->v.18: cela imposeront mains ceux;CONCEPT
Marc 16:0;SKN;64-0621;189;VALIDE;chap->v.18: cela imposeront mains;CONCEPT
Marc 16:0;SKN;64-0621;198;VALIDE;chap->v.12: apres forme deux chemin;CONCEPT
Apocalypse 10:0;SKN;65-0218;101;VALIDE;chap->v.6: celui choses terre choses choses;CONCEPT
Galates 4:27;SKN;65-0218;43;EXACT;ecrit toi sterile eclate pousse cris enfants delaissee [couverture 8/14];CONCEPT
Hebreux 13:8;SKN;65-0218;101;VALIDE;jesus meme hier eternellement;CONCEPT
Hebreux 13:8;SKN;65-0218;105;VALIDE;jesus christ meme hier eternellement;CONCEPT
Jean 5:7;SKN;65-0218;49;PARTIEL;commencé, pas achevé — nai;CONCEPT
Jean 5:24;SKN;65-0218;65;EXACT;celui entend parole croit envoye vie eternelle jugement [couverture 10/14];CONCEPT
Jean 14:12;SKN;65-0218;105;VALIDE;verite dis celui croit moi fera lui fais;CONCEPT
Luc 17:30;SKN;65-0218;101;VALIDE;meme jour fils manifeste;CONCEPT
Luc 17:30;SKN;65-0218;105;VALIDE;sera meme jour fils manifeste;CONCEPT
Malachie 4:0;SKN;65-0218;105;VALIDE;chap->v.6: fera cur peres fils cur fils peres peur;CONCEPT
Matthieu 24:24;SKN;65-0218;89;VALIDE;possible meme elus;CONCEPT
Romains 5:24;SKN;65-0218;65;LAPSUS;annoncé — dit en réalité romains 5:11;CONCEPT
romains 5:11;SKN;65-0218;65;LAPSUS-LU;lu — annoncé sous Romains 5:24;CONCEPT
Romains 8:0;SKN;65-0218;65;VALIDE;chap->v.11: celui ressuscite jesus morts celui ressuscite christ morts;CONCEPT
Apocalypse 10:0;VGR;61-0618;206;VALIDE;chap->v.6: vit ciel choses terre choses mer choses quil;CONCEPT
Ephesiens 1:13;VGR;61-0618;73;VALIDE;parole salut saint;CONCEPT
Ephesiens 1:13-14;VGR;61-0618;81;VALIDE;avez scelles saint;CONCEPT
Ephesiens 4:30;VGR;61-0618;147;EXACT;nattristez saint esprit dieu lequel avez scelles jour [couverture 9/9];CONCEPT
Jean 14:0;VGR;61-0618;120;VALIDE;chap->v.10: moi pere pere moi moi moi pere demeure;CONCEPT
Jeremie 32:0;VGR;61-0618;183;VALIDE;chap->v.28: cest voici livre main main babylone prendra;CONCEPT
Matthieu 1:0;VGR;61-0618;224;VALIDE;chap->v.20: voici ange seigneur lui apparut songe joseph fils;CONCEPT
Matthieu 28:19;VGR;61-0618;223;EXACT;allez faites disciples nations baptisant nom pere fils [couverture 10/10];CONCEPT
Apocalypse 10:0;VGR;63-0818;100;VALIDE;chap->v.7: jours septieme ange sera trompette mystere dieu sera;CONCEPT
Hebreux 11:0;VGR;63-0818;123;VALIDE;chap->v.5: enleve quil voie mort dieu enleve;CONCEPT
Malachie 4:0;VGR;63-0818;104;VALIDE;chap->v.1: voici jour vient jour vient;CONCEPT
Psaumes 86:0;VGR;63-0818;29;VALIDE;chap->v.2: garde ame suis tes saints toi dieu sauve;CONCEPT
Psaumes 86:0;VGR;63-0818;31;VALIDE;chap->v.2: garde ame suis tes saints toi dieu sauve;CONCEPT
Apocalypse 10:0;VGR;64-0419;29;VALIDE;chap->v.7: jours septieme ange sera sonner trompette mystere dieu;CONCEPT
Apocalypse 10:0;VGR;64-0419;63;VALIDE;chap->v.4: parle venant ciel choses;CONCEPT
Apocalypse 10:0;VGR;64-0419;80;VALIDE;chap->v.7: jours sera mystere dieu sera;CONCEPT
Deuteronome 18:15;VGR;64-0419;73;EXACT;leternel dieu suscitera prophete moi [couverture 5/11];CONCEPT
Hebreux 13:8;VGR;64-0419;29;PARTIEL;commencé, pas achevé — jesus meme;CONCEPT
Jean 14:12;VGR;64-0419;80;VALIDE;verite dis lui uvres fais parce men;CONCEPT
Luc 17:30;VGR;64-0419;63;VALIDE;sera meme jour;CONCEPT
Malachie 4:0;VGR;64-0419;29;VALIDE;chap->v.1: jour ceux jour;CONCEPT
Malachie 4:0;VGR;64-0419;76;VALIDE;chap->v.5: prophete avant jour;CONCEPT
Malachie 4:0;VGR;64-0419;78;VALIDE;chap->v.6: cur peres fils cur fils peres;CONCEPT
Marc 16:0;VGR;64-0419;16;VALIDE;chap->v.11: quil quil avait;CONCEPT
Marc 16:0;VGR;64-0419;23;VALIDE;chap->v.14: etaient incredulite cur parce quils;CONCEPT
Marc 16:0;VGR;64-0419;96;VALIDE;chap->v.12: apres choses autre forme deux eux;CONCEPT
Marc 16:0;VGR;64-0419;99;VALIDE;chap->v.12: apres choses autre forme deux dentre eux;CONCEPT
Apocalypse 10:0;VGR;64-0614M;336;VALIDE;chap->v.7: jours septieme ange sera mystere dieu sera;CONCEPT
Apocalypse 10:0;VGR;64-0614M;341;VALIDE;chap->v.4: sept parle ciel disant scelle sept;CONCEPT
Apocalypse 10:0;VGR;64-0614M;342;VALIDE;chap->v.4: sept parle ciel disant scelle choses sept;CONCEPT
Apocalypse 19:0;VGR;64-0614M;342;VALIDE;chap->v.8: lui donne lin lin;CONCEPT
Apocalypse 22:0;VGR;64-0614M;62;VALIDE;chap->v.18: quiconque ajoute dieu lui ajoutera;CONCEPT
Exode 19:0;VGR;64-0614M;129;VALIDE;chap->v.7: moise peuple devant eux lui avait;CONCEPT
Genese 1:0;VGR;64-0614M;62;VALIDE;chap->v.25: dieu selon selon selon dieu;CONCEPT
Genese 1:0;VGR;64-0614M;75;VALIDE;chap->v.25: dieu terre selon selon selon dieu;CONCEPT
Hebreux 1:0;VGR;64-0614M;286;VALIDE;chap->v.1: dieu plusieurs reprises plusieurs parle peres prophetes;CONCEPT
Hebreux 13:8;VGR;64-0614M;88;EXACT;jesus meme hier aujourdhui eternellement [couverture 5/6];CONCEPT
Hebreux 13:8;VGR;64-0614M;322;PARTIEL;commencé, pas achevé — jesus meme;CONCEPT
Hebreux 13:8;VGR;64-0614M;346;VALIDE;meme hier aujourdhui eternellement;CONCEPT
Jean 1:0;VGR;64-0614M;83;VALIDE;chap->v.1: commencement etait parole parole etait dieu parole etait;CONCEPT
Jean 12:20;VGR;64-0614M;94;VALIDE;grecs dentre etaient;CONCEPT
Jean 14:12;VGR;64-0614M;302;EXACT;verite celui moi lui uvres fais [couverture 8/14];CONCEPT
Joel 2:28;VGR;64-0614M;74;VALIDE;apres repandrai esprit fils;CONCEPT
Luc 17:28;VGR;64-0614M;322;PARTIEL;commencé, pas achevé — meme;CONCEPT
Luc 17:28-29;VGR;64-0614M;302;VALIDE;meme jours jour;CONCEPT
Malachie 4:0;VGR;64-0614M;73;VALIDE;chap->v.6: fera fils fils frappe;CONCEPT
Malachie 4:0;VGR;64-0614M;302;VALIDE;chap->v.5: voici envoie elie prophete avant jour;CONCEPT
Malachie 4:0;VGR;64-0614M;322;VALIDE;chap->v.6: cur fils cur fils;CONCEPT
Marc 16:0;VGR;64-0614M;181;VALIDE;chap->v.4: regarde voient etait etait;CONCEPT
Matthieu 24:24;VGR;64-0614M;169;EXACT;faux signes prodiges possible meme elus [couverture 7/14];CONCEPT
Matthieu 28:0;VGR;64-0614M;302;VALIDE;chap->v.1: jour jour lautre voir;CONCEPT
Philippiens 2:0;VGR;64-0614M;19;VALIDE;chap->v.2: rendez joie ayez meme pensee ayant meme amour;CONCEPT
Apocalypse 10:0;VGR;65-0218;101;VALIDE;chap->v.6: celui lequel choses terre choses choses quil;CONCEPT
Galates 4:27;VGR;65-0218;43;EXACT;ecrit rejouis toi sterile nenfantes eclate joie pousse [couverture 10/14];CONCEPT
Hebreux 13:8;VGR;65-0218;101;VALIDE;jesus meme hier aujourdhui eternellement;CONCEPT
Hebreux 13:8;VGR;65-0218;152;EXACT;jesus meme hier aujourdhui eternellement [couverture 5/6];CONCEPT
Jean 5:7;VGR;65-0218;49;PARTIEL;commencé, pas achevé — nai leau;CONCEPT
Jean 5:24;VGR;65-0218;65;EXACT;celui parole croit envoye vie eternelle vient jugement [couverture 10/14];CONCEPT
Jean 14:12;VGR;65-0218;152;VALIDE;verite dis moi lui parce;CONCEPT
Luc 17:30;VGR;65-0218;101;VALIDE;sera meme jour fils lhomme manifeste;CONCEPT
Luc 17:30;VGR;65-0218;152;VALIDE;sera meme manifeste;CONCEPT
Malachie 4:0;VGR;65-0218;124;VALIDE;chap->v.1: jour vient ceux jour vient;CONCEPT
Malachie 4:0;VGR;65-0218;152;VALIDE;chap->v.1: voici vient vient;CONCEPT
Matthieu 24:24;VGR;65-0218;89;VALIDE;possible meme elus;CONCEPT
Romains 8:1;VGR;65-0218;65;EXACT;maintenant aucune condamnation ceux christ jesus [couverture 6/6];CONCEPT
Apocalypse 10:0;VGR;65-0725M;130;VALIDE;chap->v.7: jours septieme ange sera mystere dieu sera termine;CONCEPT
Apocalypse 10:0;VGR;65-0725M;261;VALIDE;chap->v.7: jours voix septieme ange sera mystere sera termine;CONCEPT
Apocalypse 10:1;VGR;65-0725M;260;PARTIEL;commencé, pas achevé — autre ange;CONCEPT
Apocalypse 16:13;VGR;65-0725M;236;EXACT;bouche trois esprits grenouilles [couverture 6/13];CONCEPT
Apocalypse 16:13;VGR;65-0725M;238;EXACT;sortir bouche trois esprits grenouilles [couverture 7/13];CONCEPT
Ephesiens 5:1;VGR;65-0725M;160;PARTIEL;commencé, pas achevé — dieu;CONCEPT
Hebreux 6:0;VGR;65-0725M;31;VALIDE;chap->v.4: impossible ceux ont fois eclaires ont goute don;CONCEPT
Jean 14:12;VGR;65-0725M;50;VALIDE;dis celui croit moi fera lui uvres fais;CONCEPT
Jean 14:12;VGR;65-0725M;51;EXACT;dis celui croit moi fera lui uvres fais [couverture 10/14];CONCEPT
Luc 17:30;VGR;65-0725M;259;EXACT;sera meme jour fils lhomme manifeste [couverture 6/7];CONCEPT
Luc 18:0;VGR;65-0725M;129;VALIDE;chap->v.8: dis fera justice fils lhomme viendra trouvera foi;CONCEPT
Malachie 4:0;VGR;65-0725M;130;VALIDE;chap->v.6: fera peres fils fils peres vienne;CONCEPT
Malachie 4:0;VGR;65-0725M;259;VALIDE;chap->v.4: souvenez loi moise lui;CONCEPT
Matthieu 5:24;VGR;65-0725M;32;VALIDE;don lautel alors;CONCEPT
Matthieu 7:21;VGR;65-0725M;192;EXACT;ceux disent seigneur royaume cieux celui volonte pere [couverture 10/11];CONCEPT
Matthieu 24:0;VGR;65-0725M;23;VALIDE;chap->v.21: alors aura quil maintenant quil aura;CONCEPT
Matthieu 24:0;VGR;65-0725M;44;VALIDE;chap->v.24: selevera faux christs faux prophetes maniere meme elus;CONCEPT
Matthieu 24:0;VGR;65-0725M;168;VALIDE;chap->v.24: selevera faux christs faux prophetes prodiges meme elus;CONCEPT
Matthieu 24:24;VGR;65-0725M;46;VALIDE;selevera faux christs prophetes meme elus;CONCEPT
Matthieu 24:24;VGR;65-0725M;49;VALIDE;faux signes meme;CONCEPT
Matthieu 24:24;VGR;65-0725M;71;EXACT;selevera faux christs prophetes grands prodiges seduire possible [couverture 6/14];CONCEPT
Matthieu 24:24;VGR;65-0725M;156;VALIDE;selevera faux christs prophetes seduire meme;CONCEPT
Matthieu 24:24;VGR;65-0725M;192;PARTIEL;commencé, pas achevé — prophetes meme;CONCEPT
Matthieu 24:24;VGR;65-0725M;212;VALIDE;seduire possible meme elus;CONCEPT
Matthieu 24:24;VGR;65-0725M;230;VALIDE;selevera faux christs prophetes prodiges possible meme elus;CONCEPT
Matthieu 24:24;VGR;65-0725M;231;EXACT;selevera faux christs prophetes prodiges possible meme elus [couverture 8/14];CONCEPT
Matthieu 24:24;VGR;65-0725M;255;VALIDE;faux christs prophetes prodiges seduire meme elus;CONCEPT
Matthieu 24:24;VGR;65-0725M;256;VALIDE;faux christs prophetes prodiges seduire meme elus;CONCEPT
Matthieu 24:24;VGR;65-0725M;257;EXACT;faux christs prophetes prodiges seduire meme elus [couverture 8/14];CONCEPT
Matthieu 24:24;VGR;65-0725M;258;EXACT;faux christs prophetes prodiges seduire meme elus [couverture 8/14];CONCEPT
Matthieu 24:24;VGR;65-0725M;262;PARTIEL;commencé, pas achevé — prophetes meme;CONCEPT
Matthieu 24:28;VGR;65-0725M;212;VALIDE;soit mort sassembleront aigles;CONCEPT
Apocalypse 10:1-7;SKN;65-0221E;30;PARTIEL;commencé, pas achevé — autre;CONCEPT
Apocalypse 21:16;SKN;65-0221E;96;PARTIEL;commencé, pas achevé — grande;CONCEPT
Exode 33:2;SKN;65-0221E;98;LAPSUS;annoncé — dit en réalité Hebreux 7:2;CONCEPT
Hebreux 7:2;SKN;65-0221E;98;LAPSUS-LU;lu — annoncé sous Exode 33:2;CONCEPT
Genese 1:0;SKN;65-0221E;102;VALIDE;chap->v.10: dieu sec terre lappela dieu vit cela etait;CONCEPT
Genese 18:0;SKN;65-0221E;102;VALIDE;chap->v.19: sais quil fils apres lui juste;CONCEPT
Genese 18:0;SKN;65-0221E;103;VALIDE;chap->v.19: sais quil fils apres lui juste;CONCEPT
Hebreux 7:1-3;SKN;65-0221E;29;VALIDE;roi salem sacrificateur dieu alla dabraham lorsquil revenait;CONCEPT
Hebreux 7:2;SKN;65-0221E;96;EXACT;donna roi justice cest paix [couverture 5/14];CONCEPT
Hebreux 13:8;SKN;65-0221E;158;EXACT;christ meme hier aujourdhui eternellement [couverture 5/6];CONCEPT
Jean 4:0;SKN;65-0221E;146;VALIDE;chap->v.7: femme samarie leau jesus lui donne moi boire;CONCEPT
Malachie 4:0;SKN;65-0221E;158;VALIDE;chap->v.6: cur fils cur fils;CONCEPT
Malachie 4:0;SKN;65-0221E;168;VALIDE;chap->v.1: voici jour jour;CONCEPT
Romains 8:1;SKN;65-0221E;71;EXACT;maintenant aucune condamnation ceux christ jesus [couverture 6/6];CONCEPT
Apocalypse 10:1-7;VGR;65-0221E;30;PARTIEL;commencé, pas achevé — autre dune;CONCEPT
Apocalypse 21:16;VGR;65-0221E;96;PARTIEL;commencé, pas achevé — grande;CONCEPT
Exode 33:2;VGR;65-0221E;98;LAPSUS;annoncé — dit en réalité Hebreux 7:2;CONCEPT
Hebreux 7:2;VGR;65-0221E;98;LAPSUS-LU;lu — annoncé sous Exode 33:2;CONCEPT
Genese 1:0;VGR;65-0221E;102;VALIDE;chap->v.10: dieu appela sec terre lappela dieu vit cela;CONCEPT
Genese 18:0;VGR;65-0221E;102;VALIDE;chap->v.19: sais quil fils apres lui juste;CONCEPT
Genese 18:0;VGR;65-0221E;103;VALIDE;chap->v.19: sais quil fils apres lui juste;CONCEPT
Hebreux 7:2;VGR;65-0221E;96;EXACT;donna roi justice cest paix [couverture 5/14];CONCEPT
Hebreux 13:8;VGR;65-0221E;158;EXACT;christ meme hier aujourdhui eternellement [couverture 5/6];CONCEPT
Jean 4:0;VGR;65-0221E;146;VALIDE;chap->v.7: femme samarie leau jesus lui donne moi boire;CONCEPT
Malachie 4:0;VGR;65-0221E;158;VALIDE;chap->v.6: cur fils cur fils;CONCEPT
Malachie 4:0;VGR;65-0221E;168;VALIDE;chap->v.1: voici jour jour;CONCEPT
Romains 8:1;VGR;65-0221E;71;EXACT;maintenant aucune condamnation ceux christ jesus [couverture 6/6];CONCEPT
Apocalypse 11:0;SKN;57-0821;27;VALIDE;chap->v.1: fut donne fut leve;CONCEPT
Apocalypse 17:0;SKN;57-0821;82;VALIDE;chap->v.2: terre ont terre ont vin;CONCEPT
Hebreux 7:0;SKN;57-0821;168;VALIDE;chap->v.1: melchisedec roi dieu revenait rois;CONCEPT
Hebreux 11:0;SKN;57-0821;100;VALIDE;chap->v.37: scies errerent vetus peaux brebis peaux chevres;CONCEPT
Matthieu 24:0;SKN;57-0821;112;VALIDE;chap->v.3: etait assis lui disant dis choses lieu quel;CONCEPT
Apocalypse 11:0;SKN;62-0718;52;VALIDE;chap->v.17: disant seigneur dieu celui etait grande;CONCEPT
Deuteronome 18:0;SKN;62-0718;44;VALIDE;chap->v.5: leternel dieu lui fils tes quil toujours devant;CONCEPT
Genese 1:0;SKN;62-0718;73;VALIDE;chap->v.31: dieu quil avait cela etait bon matin jour;CONCEPT
Genese 18:0;SKN;62-0718;73;VALIDE;chap->v.11: abraham sara etaient avances age sara avait;CONCEPT
Hebreux 1:0;SKN;62-0718;45;VALIDE;chap->v.5: jamais fils moi aujourdhui moi lui pere lui;CONCEPT
Hebreux 4:12;SKN;62-0718;44;EXACT;parole dieu penetrante epee deux tranchants [couverture 6/14];CONCEPT
Hebreux 11:0;SKN;62-0718;38;VALIDE;chap->v.16: maintenant cest celeste cest dieu savoir dieu;CONCEPT
Jean 4:0;SKN;62-0718;94;VALIDE;chap->v.25: femme lui sais christ vient sera venu choses;CONCEPT
Jean 5:19;SKN;62-0718;41;EXACT;jesus verite dis fils rien lui meme quil [couverture 8/14];CONCEPT
Jean 6:0;SKN;62-0718;65;VALIDE;chap->v.35: moi suis vie celui moi celui moi;CONCEPT
Jean 12:20;SKN;62-0718;19;VALIDE;avait quelques grecs ceux etaient montes adorer pendant;CONCEPT
Jean 14:12;SKN;62-0718;90;EXACT;verite dis celui croit moi fera lui fais [couverture 7/14];CONCEPT
Romains 4:0;SKN;62-0718;24;VALIDE;chap->v.13: nest promesse detre faite abraham foi;CONCEPT
Apocalypse 11:0;VGR;57-0821;27;VALIDE;chap->v.15: ciel monde seigneur christ;CONCEPT
Apocalypse 17:0;VGR;57-0821;82;VALIDE;chap->v.6: vis femme saints jesus dun grand;CONCEPT
Hebreux 7:0;VGR;57-0821;168;VALIDE;chap->v.2: part roi puis roi cest;CONCEPT
Hebreux 11:0;VGR;57-0821;100;VALIDE;chap->v.37: scies errerent vetus peaux brebis peaux chevres;CONCEPT
Matthieu 24:0;VGR;57-0821;112;VALIDE;chap->v.3: etait assis lui disant dis choses lieu quel;CONCEPT
Apocalypse 12:0;SKN;54-0513;128;VALIDE;chap->v.4: queue tiers etoiles ciel jeta terre dragon tenait;CONCEPT
Apocalypse 12:0;SKN;54-0513;157;VALIDE;chap->v.5: fils fer enfant enleve dieu trone;CONCEPT
Apocalypse 12:0;SKN;54-0513;187;VALIDE;chap->v.3: autre voici grand sept;CONCEPT
Apocalypse 17:0;SKN;54-0513;124;VALIDE;chap->v.3: vis bete noms blaspheme sept tetes;CONCEPT
Daniel 7:0;SKN;54-0513;126;VALIDE;chap->v.6: cela vis voici autre leopard avait quatre bete;CONCEPT
Apocalypse 12:0;VGR;54-0513;128;VALIDE;chap->v.4: queue tiers etoiles ciel jeta terre dragon tenait;CONCEPT
Apocalypse 12:0;VGR;54-0513;157;VALIDE;chap->v.5: fils fer enfant enleve dieu trone;CONCEPT
Apocalypse 12:0;VGR;54-0513;187;VALIDE;chap->v.3: voici grand sept;CONCEPT
Apocalypse 17:0;VGR;54-0513;124;VALIDE;chap->v.3: vis bete noms blaspheme sept tetes;CONCEPT
Daniel 7:0;VGR;54-0513;126;VALIDE;chap->v.6: vis voici leopard avait quatre bete avait quatre;CONCEPT
Apocalypse 12:0;VGR;54-0516;84;VALIDE;chap->v.1: grand signe ciel femme soleil lune pieds;CONCEPT
Jean 5:7;VGR;54-0516;36;VALIDE;lui personne lorsque leau moi;CONCEPT
Romains 8:1;VGR;54-0516;125;VALIDE;maintenant aucune condamnation ceux jesus;CONCEPT
Apocalypse 13:0;SKN;54-0512;165;VALIDE;chap->v.14: ceux terre cause miracles lui donne devant bete;CONCEPT
Apocalypse 17:15;SKN;54-0512;165;VALIDE;eaux peuples nations;CONCEPT
Genese 1:26;SKN;54-0512;105;VALIDE;dieu homme image terre;CONCEPT
Genese 2:0;SKN;54-0512;106;VALIDE;chap->v.23: fois celle chair chair celle femme;CONCEPT
Apocalypse 13:0;SKN;54-1003E;92;VALIDE;chap->v.8: terre ecrit monde vie;CONCEPT
Ephesiens 4:30;SKN;54-1003E;83;EXACT;saint dieu lequel avez scelles jour redemption [couverture 7/9];CONCEPT
Romains 5:1;SKN;54-1003E;148;EXACT;justifies foi avons paix dieu seigneur jesus [couverture 7/10];CONCEPT
Apocalypse 13:0;SKN;57-0306;33;VALIDE;chap->v.8: ceux habitent terre nom ecrit fondation monde livre;CONCEPT
Apocalypse 21:0;SKN;57-0306;32;VALIDE;chap->v.1: nouveau ciel terre ciel terre sen etaient alles;CONCEPT
Apocalypse 13:0;SKN;57-0322;23;VALIDE;chap->v.13: grands miracles sorte meme descendre ciel;CONCEPT
Galates 1:0;SKN;57-0322;45;VALIDE;chap->v.1: part hommes lhomme jesus christ dieu pere;CONCEPT
Hebreux 13:8;SKN;57-0322;62;EXACT;jesus meme hier aujourdhui eternellement [couverture 5/6];CONCEPT
Jean 1:0;SKN;57-0322;74;VALIDE;chap->v.30: cest moi moi vient homme prend place avant;CONCEPT
Jean 4:0;SKN;57-0322;80;VALIDE;chap->v.9: femme samaritaine lui comment juif boire moi femme;CONCEPT
Jean 5:19;SKN;57-0322;64;EXACT;jesus fils lui meme quil chose pere [couverture 7/14];CONCEPT
Psaumes 103:3;SKN;57-0322;65;VALIDE;cest lui tes guerit;CONCEPT
Apocalypse 13:0;SKN;60-0803;33;VALIDE;chap->v.13: sorte meme feu ciel terre devant hommes;CONCEPT
Esaie 10:0;SKN;60-0803;57;VALIDE;chap->v.4: qua ceux cela sest main;CONCEPT
Esther 4:0;SKN;60-0803;47;VALIDE;chap->v.16: moi pendant jours nuit jour moi;CONCEPT
Genese 22:0;SKN;60-0803;1;VALIDE;chap->v.7: isaac parla abraham pere pere voici fils voici;LECTURE
Jean 5:24;SKN;60-0803;62;EXACT;celui entend parole croit envoye vie eternelle vient [couverture 9/14];CONCEPT
Psaumes 103:3;SKN;60-0803;72;VALIDE;cest tes guerit;CONCEPT
Apocalypse 13:0;SKN;63-0630M;53;VALIDE;chap->v.11: vis autre bete terre avait agneau;CONCEPT
Apocalypse 13:0;SKN;63-0630M;54;VALIDE;chap->v.11: vis autre bete terre avait agneau;CONCEPT
Apocalypse 17:0;SKN;63-0630M;100;VALIDE;chap->v.13: ont meme pensee donnent puissance pouvoir;CONCEPT
Jean 6:0;SKN;63-0630M;130;VALIDE;chap->v.32: jesus verite verite dis moise donne pain ciel;CONCEPT
Malachie 4:0;SKN;63-0630M;115;VALIDE;chap->v.6: fera peres fils fils peres frappe pays;CONCEPT
Apocalypse 13:0;VGR;54-0512;269;VALIDE;chap->v.5: donne choses donne;CONCEPT
Apocalypse 17:15;VGR;54-0512;211;PARTIEL;commencé, pas achevé — eaux foules;CONCEPT
Genese 1:26;VGR;54-0512;105;VALIDE;dieu homme image terre;CONCEPT
Genese 2:0;VGR;54-0512;106;VALIDE;chap->v.7: dieu lhomme poussiere sol vie lhomme;CONCEPT
Apocalypse 13:0;VGR;57-0901E;103;VALIDE;chap->v.4: dragon parce quil avait donne pouvoir bete bete;CONCEPT
Galates 1:8;VGR;57-0901E;114;EXACT;ange ciel quil soit anatheme [couverture 5/11];CONCEPT
Hebreux 13:0;VGR;57-0901E;20;VALIDE;chap->v.7: vos ont annonce parole dieu conduite foi;CONCEPT
Jean 5:7;VGR;57-0901E;125;VALIDE;lui seigneur personne;CONCEPT
Matthieu 1:18;VGR;57-0901E;129;VALIDE;naissance jesus marie quils;CONCEPT
Romains 8:1;VGR;57-0901E;209;EXACT;maintenant aucune condamnation ceux christ jesus [couverture 6/6];CONCEPT
Apocalypse 13:0;VGR;60-0515E;102;VALIDE;chap->v.8: ceux terre nom ecrit fondation monde livre vie;CONCEPT
Apocalypse 13:8;VGR;60-0515E;104;EXACT;ceux terre nom ecrit fondation monde livre vie [couverture 10/14];CONCEPT
Apocalypse 17:8;VGR;60-0515E;102;VALIDE;bete vue etait nest monter labime aller perdition;CONCEPT
Apocalypse 17:8;VGR;60-0515E;103;EXACT;bete vue etait nest monter labime aller perdition [couverture 11/14];CONCEPT
Ephesiens 4:30;VGR;60-0515E;110;VALIDE;nattristez saint dieu lequel avez scelles jour redemption;CONCEPT
Genese 1:26;VGR;60-0515E;99;VALIDE;dieu selon mer terre;CONCEPT
Genese 2:0;VGR;60-0515E;100;VALIDE;chap->v.18: dieu bon lhomme seul lui lui;CONCEPT
Joel 2:28;VGR;60-0515E;38;EXACT;apres repandrai esprit chair vos fils filles prophetiseront [couverture 10/14];CONCEPT
Apocalypse 13:0;VGR;60-1208;134;VALIDE;chap->v.1: vis monter mer bete avait dix cornes sept;CONCEPT
Apocalypse 13:6;VGR;60-1208;131;VALIDE;contre dieu nom;CONCEPT
Apocalypse 13:14;VGR;60-1208;132;EXACT;seduit terre cause quil lui donne bete disant [couverture 8/14];CONCEPT
Apocalypse 17:0;VGR;60-1208;87;VALIDE;chap->v.6: femme jesus dun grand;CONCEPT
Apocalypse 17:0;VGR;60-1208;100;VALIDE;chap->v.4: femme etait pierres main;CONCEPT
Hebreux 4:0;VGR;60-1208;30;VALIDE;chap->v.12: parole dieu vivante epee deux tranchants lesprit;CONCEPT
Marc 16:0;VGR;60-1208;21;VALIDE;chap->v.6: lui nest ici lavait mis;CONCEPT
Apocalypse 13:0;VGR;63-0630M;107;VALIDE;chap->v.4: quil avait pouvoir bete bete semblable;CONCEPT
Apocalypse 13:0;VGR;63-0630M;108;VALIDE;chap->v.4: quil avait pouvoir bete bete semblable;CONCEPT
Apocalypse 17:0;VGR;63-0630M;220;VALIDE;chap->v.4: femme etait paree dor main dor;CONCEPT
Exode 3:0;VGR;63-0630M;14;VALIDE;chap->v.7: jai jai jai quil connais;CONCEPT
Exode 5:0;VGR;63-0630M;29;VALIDE;chap->v.1: apres cela dieu laisse;CONCEPT
Exode 9:0;VGR;63-0630M;51;VALIDE;chap->v.13: leternel moise toi bon matin tiens toi pharaon;CONCEPT
Exode 11:0;VGR;63-0630M;65;VALIDE;chap->v.3: peuple etait grand pays;CONCEPT
Exode 13:0;VGR;63-0630M;77;VALIDE;chap->v.19: joseph lui certainement dieu;CONCEPT
Exode 15:0;VGR;63-0630M;88;VALIDE;chap->v.16: eux devenus peuple passe;CONCEPT
Exode 19:0;VGR;63-0630M;115;VALIDE;chap->v.5: maintenant terre moi;CONCEPT
Exode 21:0;VGR;63-0630M;127;VALIDE;chap->v.16: homme quil quil trouve main sera certainement;CONCEPT
Exode 23:0;VGR;63-0630M;142;VALIDE;chap->v.5: vois couche lui;CONCEPT
Exode 25:0;VGR;63-0630M;160;VALIDE;chap->v.32: trois cote trois cote;CONCEPT
Exode 29:0;VGR;63-0630M;191;VALIDE;chap->v.30: sera lieu saint pendant;CONCEPT
Exode 31:0;VGR;63-0630M;205;VALIDE;chap->v.17: cest signe toujours jours cieux terre jour;CONCEPT
Exode 33:0;VGR;63-0630M;218;VALIDE;chap->v.5: fils etes peuple cou;CONCEPT
Exode 35:0;VGR;63-0630M;231;VALIDE;chap->v.23: homme blanc poil;CONCEPT
Exode 37:0;VGR;63-0630M;246;VALIDE;chap->v.3: quatre dor quatre deux deux;CONCEPT
Exode 39:0;VGR;63-0630M;259;VALIDE;chap->v.5: etait etait meme meme;CONCEPT
Jean 6:0;VGR;63-0630M;289;VALIDE;chap->v.33: pain dieu celui descend ciel vie monde;CONCEPT
Malachie 4:0;VGR;63-0630M;255;VALIDE;chap->v.6: fera cur peres fils cur fils peres pays;CONCEPT
Apocalypse 13:6;SKN;60-1208;138;VALIDE;contre dieu nom;CONCEPT
Apocalypse 13:8;SKN;60-1208;141;VALIDE;ceux terre nom lui;CONCEPT
Apocalypse 13:14;SKN;60-1208;139;EXACT;terre cause lui donne bete disant image [couverture 6/14];CONCEPT
Apocalypse 17:0;SKN;60-1208;87;VALIDE;chap->v.4: femme etait main;CONCEPT
Apocalypse 17:0;SKN;60-1208;107;VALIDE;chap->v.5: avait grande mere prostituees;CONCEPT
Hebreux 4:0;SKN;60-1208;30;VALIDE;chap->v.12: parole dieu vivante epee deux tranchants;CONCEPT
Marc 16:0;SKN;60-1208;21;VALIDE;chap->v.19: seigneur apres fut dieu;CONCEPT
Apocalypse 13:17;SKN;58-0928E;72;PARTIEL;commencé, pas achevé — nom;CONCEPT
Apocalypse 17:0;SKN;58-0928E;12;VALIDE;chap->v.2: rois terre ont fornication terre ont vin fornication;CONCEPT
Hebreux 7:0;SKN;58-0928E;79;VALIDE;chap->v.1: roi devant dabraham revenait defaite rois;CONCEPT
Job 27:0;SKN;58-0928E;82;VALIDE;chap->v.22: dieu loin main;CONCEPT
Romains 8:0;SKN;58-0928E;94;VALIDE;chap->v.32: celui meme propre fils livre comment don choses;CONCEPT
Apocalypse 13:17;VGR;58-0928E;72;PARTIEL;commencé, pas achevé — nom;CONCEPT
Apocalypse 17:0;VGR;58-0928E;12;VALIDE;chap->v.2: rois terre ont fornication terre ont vin fornication;CONCEPT
Hebreux 7:0;VGR;58-0928E;79;VALIDE;chap->v.4: grand etait meme abraham dime lui;CONCEPT
Job 27:0;VGR;58-0928E;82;VALIDE;chap->v.5: loin moi jusqua;CONCEPT
Romains 8:0;VGR;58-0928E;94;VALIDE;chap->v.32: celui meme propre fils livre comment don choses;CONCEPT
Apocalypse 15:16;SKN;55-0109E;142;LAPSUS;annoncé — dit en réalité apocalypse 15:1;CONCEPT
apocalypse 15:1;SKN;55-0109E;142;LAPSUS-LU;lu — annoncé sous Apocalypse 15:16;CONCEPT
Daniel 12:0;SKN;55-0109E;5;VALIDE;chap->v.4: daniel livre fin;LECTURE
Apocalypse 16:17;VGR;62-1104M;204;VALIDE;coupe grande cest;CONCEPT
Apocalypse 17:0;VGR;62-1104M;213;VALIDE;chap->v.3: esprit desert vis femme assise bete ecarlate pleine;CONCEPT
Apocalypse 17:0;VGR;62-1104M;220;VALIDE;chap->v.2: laquelle terre ceux terre;CONCEPT
Apocalypse 17:1;VGR;62-1104M;209;VALIDE;sept montrerai grande prostituee;CONCEPT
Apocalypse 17:3;VGR;62-1104M;204;VALIDE;vis assise sept;CONCEPT
Apocalypse 17:3;VGR;62-1104M;214;EXACT;esprit desert vis femme assise bete ecarlate pleine [couverture 10/14];CONCEPT
Apocalypse 17:15;VGR;62-1104M;210;VALIDE;eaux prostituee assise foules;CONCEPT
Ephesiens 1:5;VGR;62-1104M;154;VALIDE;predestines jesus bon;CONCEPT
Ephesiens 4:30;VGR;62-1104M;169;EXACT;nattristez saint esprit dieu lequel avez scelles jour [couverture 9/9];CONCEPT
Hebreux 11:0;VGR;62-1104M;83;VALIDE;chap->v.6: foi lui faut celui dieu croie dieu quil;CONCEPT
Jean 3:16;VGR;62-1104M;178;PARTIEL;commencé, pas achevé — quil;CONCEPT
Jean 14:0;VGR;62-1104M;178;VALIDE;chap->v.17: quil quil quil;CONCEPT
Apocalypse 17:0;SKN;53-0326;40;VALIDE;chap->v.6: vis sang saints sang temoins jesus grand;CONCEPT
Jean 5:24;SKN;53-0326;32;EXACT;celui parole croit envoye vie eternelle vient jugement [couverture 10/14];CONCEPT
Jean 6:0;SKN;53-0326;159;VALIDE;chap->v.31: nos peres ont mange manne desert donne manger;CONCEPT
Matthieu 6:9-13;SKN;53-0326;189;EXACT;pere cieux nom soit sanctifie regne vienne volonte [couverture 5/7];CONCEPT
Matthieu 27:0;SKN;53-0326;76;VALIDE;chap->v.52: corps saints endormis ressusciterent;CONCEPT
Romains 8:1;SKN;53-0326;30;EXACT;maintenant aucune condamnation ceux christ jesus [couverture 6/6];CONCEPT
Apocalypse 17:0;SKN;53-0329;81;VALIDE;chap->v.5: avait nom grande mere;CONCEPT
Exode 17:0;SKN;53-0329;46;VALIDE;chap->v.11: moise main avait main avait;CONCEPT
Genese 3:14;SKN;53-0329;46;VALIDE;dieu serpent parce;CONCEPT
Josue 1:0;SKN;53-0329;41;VALIDE;chap->v.2: moise serviteur mort maintenant leve toi passe jourdain;CONCEPT
Josue 1:0;SKN;53-0329;43;VALIDE;chap->v.2: moise serviteur mort maintenant leve toi passe jourdain;CONCEPT
Apocalypse 17:0;SKN;56-0311A;27;VALIDE;chap->v.10: lun lautre venu sera venu faut quil temps;CONCEPT
Jean 6:0;SKN;56-0311A;20;VALIDE;chap->v.31: peres ont mange manne desert quil ecrit donne;CONCEPT
Jean 14:0;SKN;56-0311A;26;VALIDE;chap->v.17: lesprit monde quil quil quil;CONCEPT
Psaumes 23:0;SKN;56-0311A;13;VALIDE;chap->v.4: meme vallee lombre mort mal moi;LECTURE
Apocalypse 17:0;SKN;57-0120E;65;VALIDE;chap->v.3: esprit vis femme assise bete ecarlate ayant sept;CONCEPT
Galates 1:8;SKN;57-0120E;4;VALIDE;ange ciel quil soit anatheme;LECTURE
Jean 17:0;SKN;57-0120E;34;VALIDE;chap->v.2: lui donne chair quant lui donne donne vie;CONCEPT
Ephesiens 4:30;SKN;58-0128;130;EXACT;saint dieu lequel avez scelles jour redemption [couverture 7/9];CONCEPT
Apocalypse 17:0;SKN;61-0208;27;VALIDE;chap->v.10: nest venu sera venu quil temps;CONCEPT
Deuteronome 18:15;SKN;61-0208;41;VALIDE;leternel dieu suscitera prophete moi milieu toi;CONCEPT
Exode 19:0;SKN;61-0208;18;VALIDE;chap->v.3: monta dieu montagne maison jacob;CONCEPT
Hebreux 13:8;SKN;61-0208;20;VALIDE;jesus christ meme hier aujourdhui eternellement;CONCEPT
Jean 1:0;SKN;61-0208;35;VALIDE;chap->v.30: cest celui moi apres moi homme place avant;CONCEPT
Jean 1:0;SKN;61-0208;36;VALIDE;chap->v.30: cest celui moi moi homme place avant moi;CONCEPT
Jean 4:0;SKN;61-0208;62;VALIDE;chap->v.9: femme samaritaine lui comment toi juif moi suis;CONCEPT
Jean 6:0;SKN;61-0208;59;VALIDE;chap->v.35: jesus moi suis pain vie celui moi jamais;CONCEPT
Jean 12:0;SKN;61-0208;35;VALIDE;chap->v.49: moi nai parle moi meme pere lui meme;CONCEPT
Jean 12:20;SKN;61-0208;20;VALIDE;avait quelques grecs ceux etaient montes adorer pendant;CONCEPT
Jean 14:12;SKN;61-0208;33;EXACT;verite dis celui croit moi fera lui fais [couverture 5/14];CONCEPT
Apocalypse 17:0;SKN;61-0211;45;VALIDE;chap->v.2: laquelle terre ont fornication ceux terre ont fornication;CONCEPT
Hebreux 4:0;SKN;61-0211;56;VALIDE;chap->v.2: avons meme ceux parole quils foi ceux;CONCEPT
Jean 5:24;SKN;61-0211;23;VALIDE;verite dis celui parole croit envoye vie eternelle;CONCEPT
Matthieu 8:0;SKN;61-0211;55;VALIDE;chap->v.4: jesus lui personne montre don moise quil;CONCEPT
Matthieu 12:0;SKN;61-0211;55;VALIDE;chap->v.40: jonas trois jours trois ainsi fils lhomme sera;CONCEPT
Apocalypse 17:0;SKN;62-0707;155;VALIDE;chap->v.5: avait grande mere prostituees;CONCEPT
Jean 5:19;SKN;62-0707;142;EXACT;dis fils rien lui meme pere celui [couverture 6/14];CONCEPT
Apocalypse 17:0;SKN;62-0729;44;VALIDE;chap->v.5: avait nom ecrit grande mere prostituees terre;CONCEPT
Hebreux 4:12;SKN;62-0729;58;VALIDE;parole dieu epee deux tranchants jusqua lesprit;CONCEPT
Apocalypse 17:0;SKN;62-1122;34;VALIDE;chap->v.3: femme pleine noms blaspheme;CONCEPT
Ephesiens 1:5;SKN;62-1122;35;VALIDE;predestines adopter lui jesus christ selon;CONCEPT
Hebreux 11:0;SKN;62-1122;76;VALIDE;chap->v.3: foi ont parole dieu sorte choses;CONCEPT
Jean 8:0;SKN;62-1122;35;VALIDE;chap->v.42: jesus dieu etait pere moi dieu lui suis;CONCEPT
Jean 8:35;SKN;62-1122;33;EXACT;demeure maison toujours fils [couverture 6/7];CONCEPT
Jean 14:12;SKN;62-1122;75;VALIDE;verite dis celui croit moi fera fais;CONCEPT
Marc 16:0;SKN;62-1122;75;VALIDE;chap->v.17: signes accompagneront ceux auront cru nom chasseront demons;CONCEPT
Apocalypse 17:0;SKN;62-1216;59;VALIDE;chap->v.1: lun anges avaient coupes vint parla disant ici;CONCEPT
Esaie 40:0;SKN;62-1216;59;VALIDE;chap->v.14: tenu conseil lui donne instruit juste jugement lui;CONCEPT
Hebreux 9:12;SKN;62-1216;59;VALIDE;sang propre fois lieux saints obtenu redemption eternelle;CONCEPT
Hebreux 11:0;SKN;62-1216;59;VALIDE;chap->v.8: foi abraham etant appele sen aller lieu recevoir;CONCEPT
Hebreux 12:0;SKN;62-1216;59;VALIDE;chap->v.3: considerez celui telle part contre lui meme afin;CONCEPT
Hebreux 12:25;SKN;62-1216;21;VALIDE;garde celui parle ceux echappe refuserent oracles terre;CONCEPT
Hebreux 13:8;SKN;62-1216;59;VALIDE;jesus christ meme hier eternellement;CONCEPT
Michee 1:0;SKN;62-1216;21;VALIDE;chap->v.2: ecoutez peuples sois attentive terre toi seigneur soit;CONCEPT
Apocalypse 17:0;SKN;63-0119;194;VALIDE;chap->v.5: avait ecrit abominations;CONCEPT
Esaie 5:0;SKN;63-0119;113;VALIDE;chap->v.5: ferai sera sera;CONCEPT
Genese 1:0;SKN;63-0119;57;VALIDE;chap->v.2: terre etait vide avait dieu eaux;CONCEPT
Genese 2:0;SKN;63-0119;57;VALIDE;chap->v.4: cieux terre jour dieu terre cieux;CONCEPT
Jean 4:0;SKN;63-0119;283;VALIDE;chap->v.10: lui don dieu celui moi lui;CONCEPT
Jean 4:0;SKN;63-0119;292;VALIDE;chap->v.25: femme lui messie christ vient celui sera venu;CONCEPT
Malachie 4:0;SKN;63-0119;239;VALIDE;chap->v.5: voici prophete avant jour;CONCEPT
Apocalypse 17:0;SKN;63-0120E;78;VALIDE;chap->v.10: lun lautre nest faut quil;CONCEPT
Hebreux 13:8;SKN;63-0120E;104;EXACT;jesus christ meme hier aujourdhui eternellement [couverture 6/6];CONCEPT
Jacques 5:14;SKN;63-0120E;86;PARTIEL;commencé, pas achevé — quil;CONCEPT
Jean 3:16;SKN;63-0120E;86;PARTIEL;commencé, pas achevé — tant quil;CONCEPT
Jean 14:12;SKN;63-0120E;104;EXACT;verite celui croit moi fera lui fais men [couverture 7/14];CONCEPT
Apocalypse 17:0;SKN;63-0721;112;VALIDE;chap->v.10: venu sera venu faut temps;CONCEPT
Genese 6:4;SKN;63-0721;122;VALIDE;jours apres dieu hommes;CONCEPT
Hebreux 2:0;SKN;63-0721;24;VALIDE;chap->v.4: dieu temoignage eux signes prodiges divers miracles saint;CONCEPT
Hebreux 2:2-4;SKN;63-0721;23;VALIDE;parole anges transgression desobeissance recu juste retribution comment;CONCEPT
Hebreux 4:0;SKN;63-0721;175;VALIDE;chap->v.14: souverain sacrificateur jesus dieu confession;CONCEPT
Jean 5:24;SKN;63-0721;76;EXACT;dis celui entend parole croit envoye vie eternelle [couverture 9/14];CONCEPT
Jean 15:26;SKN;63-0721;34;VALIDE;lequel enverrai pere verite celui rendra temoignage;CONCEPT
Apocalypse 17:0;SKN;63-0804A;67;VALIDE;chap->v.5: avait ecrit grande mere prostituees;CONCEPT
Marc 16:0;SKN;63-0804A;31;VALIDE;chap->v.11: ceux quil etait quil avait;CONCEPT
Apocalypse 17:0;SKN;63-1117;119;VALIDE;chap->v.10: sept lun lautre quil;CONCEPT
Hebreux 3:0;SKN;63-1117;186;VALIDE;chap->v.10: cest jai jai mes;CONCEPT
Hebreux 4:0;SKN;63-1117;182;VALIDE;chap->v.2: avons meme parole quils servit rien;CONCEPT
Apocalypse 17:0;SKN;63-1130E;163;VALIDE;chap->v.6: femme jesus dun;CONCEPT
Hebreux 4:0;SKN;63-1130E;218;VALIDE;chap->v.12: parole dieu epee deux tranchants lesprit;CONCEPT
Hebreux 13:8;SKN;63-1130E;181;VALIDE;jesus christ meme;CONCEPT
Hebreux 13:8;SKN;63-1130E;185;EXACT;jesus meme hier aujourdhui eternellement [couverture 5/6];CONCEPT
Jean 1:0;SKN;63-1130E;126;VALIDE;chap->v.1: etait parole parole etait dieu parole etait dieu;CONCEPT
Jean 14:2;SKN;63-1130E;178;PARTIEL;commencé, pas achevé — etait;CONCEPT
Apocalypse 17:0;SKN;63-1214;139;VALIDE;chap->v.12: dix dix nont pouvoir bete;CONCEPT
Galates 1:8;SKN;63-1214;158;EXACT;ange ciel quil soit anatheme [couverture 5/11];CONCEPT
Hebreux 13:8;SKN;63-1214;122;EXACT;jesus christ meme hier aujourdhui eternellement [couverture 6/6];CONCEPT
Jean 3:16;SKN;63-1214;124;EXACT;dieu tant aime monde quil donne fils unique [couverture 10/14];CONCEPT
Jean 6:35;SKN;63-1214;79;VALIDE;jesus suis pain vie;CONCEPT
Malachie 4:0;SKN;63-1214;133;VALIDE;chap->v.6: retourner fils fils frappe;CONCEPT
Psaumes 23:0;SKN;63-1214;114;VALIDE;chap->v.3: restaure ame conduit justice cause nom;CONCEPT
Apocalypse 17:0;SKN;64-0126;62;VALIDE;chap->v.4: etait main coupe;CONCEPT
Hebreux 4:0;SKN;64-0126;155;VALIDE;chap->v.12: parole dieu quaucune epee deux tranchants;CONCEPT
Hebreux 10:0;SKN;64-0126;146;VALIDE;chap->v.26: pechons volontairement apres recu connaissance verite reste sacrifice;CONCEPT
Hebreux 13:8;SKN;64-0126;57;EXACT;jesus christ meme hier aujourdhui eternellement [couverture 5/6];CONCEPT
Hebreux 13:8;SKN;64-0126;128;EXACT;jesus meme hier aujourdhui eternellement [couverture 5/6];CONCEPT
Jean 14:12;SKN;64-0126;57;EXACT;celui croit moi fera fais parce [couverture 7/14];CONCEPT
Malachie 4:0;SKN;64-0126;89;VALIDE;chap->v.3: vos jour ferai;CONCEPT
Matthieu 24:24;SKN;64-0126;69;PARTIEL;commencé, pas achevé — meme elus;CONCEPT
Matthieu 28:0;SKN;64-0126;57;VALIDE;chap->v.20: choses voici moi jours jusqua;CONCEPT
Matthieu 28:0;SKN;64-0126;128;VALIDE;chap->v.15: parole sest parmi aujourdhui;CONCEPT
Apocalypse 17:0;SKN;65-0427;54;VALIDE;chap->v.17: dieu pensee meme pensee;CONCEPT
Apocalypse 22:0;SKN;65-0427;100;VALIDE;chap->v.17: viens celui dise viens celui celui;CONCEPT
Jean 4:0;SKN;65-0427;108;VALIDE;chap->v.24: dieu esprit esprit verite;CONCEPT
Jean 14:12;SKN;65-0427;57;EXACT;dis croit moi fera lui fais [couverture 8/14];CONCEPT
Malachie 4:0;SKN;65-0427;82;VALIDE;chap->v.6: retourner fils fils peur;CONCEPT
Marc 16:0;SKN;65-0427;57;VALIDE;chap->v.17: ici signes accompagneront ceux auront cru nom chasseront;CONCEPT
Apocalypse 17:0;SKN;65-0429B;35;VALIDE;chap->v.4: femme etait main;CONCEPT
Apocalypse 17:0;SKN;65-0429B;113;VALIDE;chap->v.10: nest venu sera venu quil temps;CONCEPT
Esaie 9:6;SKN;65-0429B;97;EXACT;enfant fils donne sera conseiller dieu pere [couverture 7/14];CONCEPT
Galates 4:27;SKN;65-0429B;20;PARTIEL;commencé, pas achevé — ecrit nes;CONCEPT
Galates 4:27-31;SKN;65-0429B;13;EXACT;ecrit rejouis toi sterile nenfantes eclate pousse cris [couverture 11/14];CONCEPT
Genese 2:0;SKN;65-0429B;48;VALIDE;chap->v.23: lhomme fois chair chair parce quelle;CONCEPT
Jean 1:0;SKN;65-0429B;27;VALIDE;chap->v.1: commencement etait parole parole etait aupres dieu parole;CONCEPT
Jean 5:24;SKN;65-0429B;50;EXACT;celui entend parole croit envoye vie eternelle jugement [couverture 9/14];CONCEPT
Luc 17:30;SKN;65-0429B;112;VALIDE;sera meme jour;CONCEPT
Malachie 4:0;SKN;65-0429B;112;VALIDE;chap->v.1: voici jour jour;CONCEPT
Matthieu 1:18;SKN;65-0429B;99;EXACT;naissance jesus arriva ainsi mere marie etant fiancee [couverture 10/14];CONCEPT
Apocalypse 17:0;VGR;57-0120E;183;VALIDE;chap->v.3: vis femme assise bete ecarlate sept tetes;CONCEPT
Galates 1:8;VGR;57-0120E;12;EXACT;ange ciel quil soit anatheme [couverture 5/11];CONCEPT
Jean 17:0;VGR;57-0120E;84;VALIDE;chap->v.2: lui donne chair lui donne donne vie;CONCEPT
Apocalypse 17:0;VGR;63-0804A;67;VALIDE;chap->v.5: avait ecrit grande mere prostituees;CONCEPT
Marc 16:0;VGR;63-0804A;31;VALIDE;chap->v.6: lui jesus ressuscite lavait mis;CONCEPT
Apocalypse 17:0;VGR;63-1214;139;VALIDE;chap->v.12: dix dix nont pouvoir bete;CONCEPT
Galates 1:8;VGR;63-1214;158;EXACT;ange ciel quil soit anatheme [couverture 5/11];CONCEPT
Hebreux 13:8;VGR;63-1214;122;EXACT;jesus christ meme hier aujourdhui eternellement [couverture 6/6];CONCEPT
Jean 3:16;VGR;63-1214;124;EXACT;dieu tant aime monde quil donne fils unique [couverture 10/14];CONCEPT
Jean 6:35;VGR;63-1214;79;EXACT;jesus suis pain vie celui vient [couverture 7/14];CONCEPT
Malachie 4:0;VGR;63-1214;133;VALIDE;chap->v.6: retourner fils fils vienne frappe;CONCEPT
Psaumes 23:0;VGR;63-1214;114;VALIDE;chap->v.3: restaure ame conduit sentiers justice cause nom;CONCEPT
Apocalypse 17:0;VGR;64-0126;62;VALIDE;chap->v.4: etait main coupe;CONCEPT
Hebreux 4:0;VGR;64-0126;155;VALIDE;chap->v.12: parole dieu epee deux tranchants;CONCEPT
Hebreux 10:0;VGR;64-0126;146;VALIDE;chap->v.26: pechons volontairement apres recu connaissance verite reste sacrifice;CONCEPT
Hebreux 13:8;VGR;64-0126;57;VALIDE;jesus christ meme hier aujourdhui;CONCEPT
Hebreux 13:8;VGR;64-0126;128;VALIDE;jesus meme hier aujourdhui;CONCEPT
Jean 14:12;VGR;64-0126;57;EXACT;celui croit moi fera uvres fais parce [couverture 8/14];CONCEPT
Malachie 4:0;VGR;64-0126;89;VALIDE;chap->v.3: vos jour ferai;CONCEPT
Matthieu 24:24;VGR;64-0126;69;PARTIEL;commencé, pas achevé — meme elus;CONCEPT
Matthieu 28:0;VGR;64-0126;57;VALIDE;chap->v.20: choses voici moi suis jours jusqua;CONCEPT
Matthieu 28:0;VGR;64-0126;128;VALIDE;chap->v.15: parole sest parmi aujourdhui;CONCEPT
Apocalypse 17:0;VGR;65-0427;108;VALIDE;chap->v.10: nest faut quil;CONCEPT
Apocalypse 22:0;VGR;65-0427;212;VALIDE;chap->v.14: afin quils droit quils;CONCEPT
Jean 4:0;VGR;65-0427;225;VALIDE;chap->v.9: femme moi suis femme;CONCEPT
Jean 14:12;VGR;65-0427;114;EXACT;dis celui croit moi fera uvres fais [couverture 9/14];CONCEPT
Malachie 4:0;VGR;65-0427;169;VALIDE;chap->v.5: prophete avant jour;CONCEPT
Marc 16:0;VGR;65-0427;114;VALIDE;chap->v.17: ici accompagneront ceux auront cru nom chasseront demons;CONCEPT
Apocalypse 17:0;VGR;65-0429B;41;VALIDE;chap->v.10: nest sera quil temps;CONCEPT
Apocalypse 17:0;VGR;65-0429B;127;VALIDE;chap->v.2: terre ont terre ont;CONCEPT
Esaie 9:6;VGR;65-0429B;104;EXACT;enfant sera conseiller dieu pere [couverture 5/14];CONCEPT
Galates 4:27;VGR;65-0429B;26;PARTIEL;commencé, pas achevé — ecrit nes;CONCEPT
Galates 4:27-31;VGR;65-0429B;20;EXACT;ecrit rejouis toi sterile nenfantes eclate pousse cris [couverture 11/14];CONCEPT
Genese 2:0;VGR;65-0429B;51;VALIDE;chap->v.3: dieu jour jour dieu crea;CONCEPT
Jean 1:0;VGR;65-0429B;32;VALIDE;chap->v.1: commencement etait parole parole etait dieu parole etait;CONCEPT
Jean 5:24;VGR;65-0429B;52;EXACT;celui entend parole croit envoye vie eternelle jugement [couverture 9/14];CONCEPT
Luc 17:30;VGR;65-0429B;125;PARTIEL;commencé, pas achevé — meme jour;CONCEPT
Malachie 4:0;VGR;65-0429B;125;VALIDE;chap->v.5: avant grand jour;CONCEPT
Matthieu 1:18;VGR;65-0429B;108;EXACT;naissance jesus christ arriva mere marie fiancee joseph [couverture 11/14];CONCEPT
Apocalypse 17:8;SKN;60-0518;38;PARTIEL;commencé, pas achevé — ceux fondation;CONCEPT
Esaie 28:18;SKN;60-0518;124;PARTIEL;commencé, pas achevé — mort lui;CONCEPT
Esaie 66:0;SKN;60-0518;78;VALIDE;chap->v.7: avant avant jour;CONCEPT
Genese 1:0;SKN;60-0518;54;VALIDE;chap->v.27: dieu crea image crea dieu crea;CONCEPT
Genese 2:0;SKN;60-0518;54;VALIDE;chap->v.23: fois chair chair sera femme parce;CONCEPT
Hebreux 4:0;SKN;60-0518;129;VALIDE;chap->v.4: quelque part septieme jour dieu septieme jour;CONCEPT
Hebreux 6:0;SKN;60-0518;125;VALIDE;chap->v.4: ceux ont fois ont goute don celeste saint;CONCEPT
Hebreux 6:0;SKN;60-0518;127;VALIDE;chap->v.4: ont fois ont goute don celeste saint;CONCEPT
Jean 1:17;SKN;60-0518;114;PARTIEL;commencé, pas achevé — jesus;CONCEPT
Romains 8:0;SKN;60-0518;27;VALIDE;chap->v.14: ceux dieu ceux fils dieu;CONCEPT
Apocalypse 17:8;VGR;60-0518;38;VALIDE;nest ceux fondation;CONCEPT
Esaie 28:18;VGR;60-0518;124;PARTIEL;commencé, pas achevé — mort lui;CONCEPT
Esaie 66:0;VGR;60-0518;78;VALIDE;chap->v.4: moi quils parce jai jai;CONCEPT
Genese 1:0;VGR;60-0518;54;VALIDE;chap->v.27: dieu crea lhomme image crea limage dieu crea;CONCEPT
Genese 2:0;VGR;60-0518;54;VALIDE;chap->v.18: dieu nest lhomme soit seul lui lui;CONCEPT
Hebreux 4:0;VGR;60-0518;129;VALIDE;chap->v.10: celui repos sest repose uvres dieu sest repose;CONCEPT
Hebreux 6:0;VGR;60-0518;125;VALIDE;chap->v.4: ceux ont fois ont goute don celeste saint;CONCEPT
Hebreux 6:0;VGR;60-0518;127;VALIDE;chap->v.4: ceux ont fois ont goute don celeste saint;CONCEPT
Jean 1:17;VGR;60-0518;114;PARTIEL;commencé, pas achevé — jesus;CONCEPT
Romains 8:0;VGR;60-0518;27;VALIDE;chap->v.14: ceux dieu ceux fils dieu;CONCEPT
Apocalypse 17:15;SKN;60-1124;31;VALIDE;eaux foules nations langues;CONCEPT
Jean 14:7;SKN;60-1124;28;PARTIEL;commencé, pas achevé — maintenant;CONCEPT
Apocalypse 17:17;SKN;54-0718A;35;EXACT;dieu mis pensee seule meme royaume accomplies [couverture 5/14];CONCEPT
Matthieu 16:1;SKN;54-0718A;23;VALIDE;lui signe ciel;CONCEPT
Apocalypse 17:17;SKN;58-0202;87;PARTIEL;commencé, pas achevé — dieu meme;CONCEPT
Marc 11:24;SKN;58-0202;13;PARTIEL;commencé, pas achevé — dis sera;CONCEPT
Matthieu 16:0;SKN;58-0202;45;VALIDE;chap->v.17: jesus lui chair sang tont revele cela pere;CONCEPT
Apocalypse 17:17;VGR;58-0202;112;PARTIEL;commencé, pas achevé — dieu meme;CONCEPT
Luc 17:26-29;VGR;58-0202;20;EXACT;arriva jours noe sera fils lhomme jusquau jour [couverture 7/8];CONCEPT
Marc 11:24;VGR;58-0202;15;VALIDE;cest dis sera;CONCEPT
Matthieu 16:0;VGR;58-0202;58;VALIDE;chap->v.17: jesus lui chair sang tont revele cela pere;CONCEPT
Apocalypse 19:21;SKN;61-0730E;135;VALIDE;celui etait assis cheval sortait bouche;CONCEPT
Apocalypse 20:0;SKN;61-0730E;98;VALIDE;chap->v.3: jeta labime lui afin quil nations jusqua ans;CONCEPT
Daniel 9:0;SKN;61-0730E;4;VALIDE;chap->v.7: aujourdhui ceux pres ceux;CONCEPT
Daniel 9:0;SKN;61-0730E;39;VALIDE;chap->v.24: semaines ont peuple sainte ville transgression liniquite justice;CONCEPT
Daniel 12:0;SKN;61-0730E;105;VALIDE;chap->v.1: temps levera micael grand chef tient peuple sera;CONCEPT
Esaie 11:0;SKN;61-0730E;132;VALIDE;chap->v.2: lesprit leternel reposera lui lesprit sagesse dintelligence lesprit;CONCEPT
Esaie 65:0;SKN;61-0730E;130;VALIDE;chap->v.22: batiront quun autre habite planteront quun autre mange;CONCEPT
Esaie 65:0;SKN;61-0730E;131;VALIDE;chap->v.22: batiront quun autre habite planteront quun autre mange;CONCEPT
Ezechiel 43:0;SKN;61-0730E;118;VALIDE;chap->v.2: voici gloire dieu disrael cote lorient voix etait;CONCEPT
Genese 45:0;SKN;61-0730E;59;VALIDE;chap->v.3: joseph freres joseph pere freres pouvaient etaient;CONCEPT
Jeremie 3:0;SKN;61-0730E;128;VALIDE;chap->v.14: revenez fils infideles leternel moi epouses prendrai dune;CONCEPT
Jeremie 3:12;SKN;61-0730E;128;VALIDE;crie paroles dis reviens israel leternel ferai peser;CONCEPT
Levitique 8:10;SKN;61-0730E;122;EXACT;moise prit lhuile oignit tabernacle choses etaient sanctifia [couverture 8/9];CONCEPT
Matthieu 24:0;SKN;61-0730E;54;VALIDE;chap->v.21: alors aura quil maintenant quil aura;CONCEPT
Romains 11:0;SKN;61-0730E;42;VALIDE;chap->v.22: considere bonte severite dieu severite envers ceux tombes;CONCEPT
Romains 11:21;SKN;61-0730E;42;EXACT;dieu epargne selon nature quil tepargne [couverture 6/9];CONCEPT
Zacharie 12:0;SKN;61-0730E;80;VALIDE;chap->v.12: pays chaque famille part famille maison david part;CONCEPT
Apocalypse 19:21;VGR;61-0730E;135;VALIDE;celui etait assis cheval bouche;CONCEPT
Apocalypse 20:0;VGR;61-0730E;98;VALIDE;chap->v.1: vis ange ciel cle labime grande chaine main;CONCEPT
Daniel 9:0;VGR;61-0730E;4;VALIDE;chap->v.7: aujourdhui ceux pres ceux;CONCEPT
Daniel 9:0;VGR;61-0730E;39;VALIDE;chap->v.24: semaines ont peuple sainte ville transgression liniquite justice;CONCEPT
Daniel 12:0;VGR;61-0730E;105;VALIDE;chap->v.1: temps levera micael grand chef tient fils peuple;CONCEPT
Esaie 11:0;VGR;61-0730E;132;VALIDE;chap->v.2: lesprit leternel reposera lui lesprit sagesse lesprit conseil;CONCEPT
Esaie 65:0;VGR;61-0730E;130;VALIDE;chap->v.22: batiront quun autre habite planteront quun autre mange;CONCEPT
Esaie 65:0;VGR;61-0730E;131;VALIDE;chap->v.22: batiront quun autre habite planteront quun autre mange;CONCEPT
Ezechiel 43:0;VGR;61-0730E;118;VALIDE;chap->v.2: voici gloire dieu disrael cote lorient voix etait;CONCEPT
Genese 45:0;VGR;61-0730E;59;VALIDE;chap->v.3: joseph freres joseph pere freres pouvaient etaient;CONCEPT
Jeremie 3:0;VGR;61-0730E;128;VALIDE;chap->v.12: crie paroles nord dis reviens israel linfidele leternel;CONCEPT
Jeremie 3:12;VGR;61-0730E;128;VALIDE;crie paroles nord dis reviens israel linfidele leternel;CONCEPT
Levitique 8:10;VGR;61-0730E;122;EXACT;moise prit lhuile oignit tabernacle choses etaient sanctifia [couverture 8/9];CONCEPT
Matthieu 24:0;VGR;61-0730E;54;VALIDE;chap->v.21: alors aura quil maintenant quil aura;CONCEPT
Romains 11:0;VGR;61-0730E;42;VALIDE;chap->v.22: considere bonte severite dieu severite envers ceux tombes;CONCEPT
Romains 11:21;VGR;61-0730E;42;EXACT;dieu epargne selon nature quil tepargne [couverture 6/9];CONCEPT
Zacharie 12:0;VGR;61-0730E;80;VALIDE;chap->v.12: pays chaque famille part famille maison david part;CONCEPT
Apocalypse 21:0;SKN;62-0719E;23;VALIDE;chap->v.1: vis nouveau ciel nouvelle terre premier ciel premiere;CONCEPT
Hebreux 4:12;SKN;62-0719E;55;VALIDE;parole dieu epee deux tranchants lesprit;CONCEPT
Apocalypse 21:0;VGR;63-0317M;78;VALIDE;chap->v.4: dieu larme yeux mort sera aura deuil premieres;CONCEPT
Esaie 40:0;VGR;63-0317M;297;VALIDE;chap->v.3: voix celui crie desert preparez chemin leternel aplanissez;CONCEPT
Esther 8:0;VGR;63-0317M;42;VALIDE;chap->v.5: bon jai lui chose;CONCEPT
Jean 3:16;VGR;63-0317M;392;PARTIEL;commencé, pas achevé — dieu;CONCEPT
Jean 14:0;VGR;63-0317M;79;VALIDE;chap->v.10: moi pere pere moi moi dis dis moi;CONCEPT
Malachie 3:0;VGR;63-0317M;297;VALIDE;chap->v.1: voici jenvoie messager preparera chemin devant moi seigneur;CONCEPT
Malachie 3:0;VGR;63-0317M;315;VALIDE;chap->v.1: voici messager preparera chemin devant moi lalliance;CONCEPT
Marc 11:22;VGR;63-0317M;419;PARTIEL;commencé, pas achevé — jesus dieu;CONCEPT
Matthieu 11:10;VGR;63-0317M;299;EXACT;cest ici celui voici moi jenvoie messager devant [couverture 9/14];CONCEPT
Matthieu 11:10;VGR;63-0317M;363;VALIDE;cest moi devant;CONCEPT
Apocalypse 21:0;VGR;65-0124;86;VALIDE;chap->v.1: vis nouveau ciel nouvelle terre premier ciel premiere;CONCEPT
Jean 3:16;VGR;65-0124;65;EXACT;dieu aime monde quil donne croit lui [couverture 7/14];CONCEPT
Jean 5:7;VGR;65-0124;46;VALIDE;malade nai leau;CONCEPT
Jean 16:0;VGR;65-0124;36;VALIDE;chap->v.15: qua moi cest jai quil quil;CONCEPT
Jean 16:21;VGR;65-0124;36;PARTIEL;commencé, pas achevé — femme lenfant;CONCEPT
Malachie 3:0;VGR;65-0124;124;VALIDE;chap->v.14: cest dieu quel quil;CONCEPT
Malachie 3:1;VGR;65-0124;129;VALIDE;messager chemin devant moi;CONCEPT
Malachie 4:0;VGR;65-0124;212;VALIDE;chap->v.6: cur peres cur peres;CONCEPT
Matthieu 24:0;VGR;65-0124;102;VALIDE;chap->v.21: alors telle quil monde jusqua maintenant quil;CONCEPT
Matthieu 24:0;VGR;65-0124;104;VALIDE;chap->v.21: alors telle quil monde maintenant quil;CONCEPT
Matthieu 24:24;VGR;65-0124;192;VALIDE;possible meme elus;CONCEPT
Apocalypse 22:0;SKN;64-0617;30;VALIDE;chap->v.11: celui celui celui juste celui soit;CONCEPT
Deuteronome 18:0;SKN;64-0617;103;VALIDE;chap->v.20: prophete nom lui nom prophete;CONCEPT
Deuteronome 18:15;SKN;64-0617;46;VALIDE;dieu prophete moi;CONCEPT
Deuteronome 18:15;SKN;64-0617;49;EXACT;leternel dieu suscitera prophete moi [couverture 5/11];CONCEPT
Deuteronome 18:15;SKN;64-0617;99;PARTIEL;commencé, pas achevé — prophete;CONCEPT
Hebreux 4:0;SKN;64-0617;59;VALIDE;chap->v.8: avait donne apres cela autre jour;CONCEPT
Hebreux 4:12;SKN;64-0617;59;EXACT;parole dieu epee deux tranchants [couverture 5/14];CONCEPT
Hebreux 4:12;SKN;64-0617;171;VALIDE;parole dieu jusqua;CONCEPT
Hebreux 13:8;SKN;64-0617;2;EXACT;jesus meme hier aujourdhui eternellement [couverture 5/6];LECTURE
Hebreux 13:8;SKN;64-0617;22;EXACT;jesus meme hier aujourdhui eternellement [couverture 5/6];CONCEPT
Hebreux 13:8;SKN;64-0617;32;EXACT;jesus christ meme hier aujourdhui eternellement [couverture 6/6];CONCEPT
Hebreux 13:8;SKN;64-0617;135;EXACT;jesus christ meme hier aujourdhui eternellement [couverture 6/6];CONCEPT
Jean 1:0;SKN;64-0617;31;VALIDE;chap->v.1: commencement etait parole parole etait dieu parole etait;CONCEPT
Jean 1:0;SKN;64-0617;34;VALIDE;chap->v.1: commencement etait parole parole etait dieu parole etait;CONCEPT
Jean 1:0;SKN;64-0617;87;VALIDE;chap->v.1: etait parole parole etait dieu parole etait dieu;CONCEPT
Jean 4:0;SKN;64-0617;122;VALIDE;chap->v.9: femme samaritaine lui toi juif boire moi suis;CONCEPT
Jean 6:0;SKN;64-0617;124;VALIDE;chap->v.40: cest ici lui vie eternelle moi;CONCEPT
Jean 10:35;SKN;64-0617;34;EXACT;sil dieux ceux parole dieu aneantie [couverture 5/9];CONCEPT
Luc 17:0;SKN;64-0617;68;VALIDE;chap->v.30: sera meme fils lhomme sera manifeste;CONCEPT
Malachie 1:0;SKN;64-0617;32;VALIDE;chap->v.6: fils pere suis pere suis;CONCEPT
Malachie 3:0;SKN;64-0617;81;VALIDE;chap->v.1: voici jenvoie messager chemin devant moi;CONCEPT
Malachie 3:6;SKN;64-0617;32;PARTIEL;commencé, pas achevé — change fils;CONCEPT
Malachie 3:6;SKN;64-0617;58;PARTIEL;commencé, pas achevé — change fils;CONCEPT
Marc 16:0;SKN;64-0617;166;VALIDE;chap->v.6: lui jesus ici lavait;CONCEPT
Marc 16:0;SKN;64-0617;199;VALIDE;chap->v.16: celui cru baptise sera sauve celui cru sera;CONCEPT
Zacharie 14:6;SKN;64-0617;130;VALIDE;arrivera jour quil lumiere;CONCEPT
Apocalypse 22:0;SKN;65-0217;123;VALIDE;chap->v.19: quelque chose dieu part vie;CONCEPT
Jean 14:12;SKN;65-0217;132;VALIDE;verite celui moi fera lui parce;CONCEPT
Luc 17:30;SKN;65-0217;132;PARTIEL;commencé, pas achevé — meme jour;CONCEPT
Malachie 4:0;SKN;65-0217;132;VALIDE;chap->v.4: loi moise lui;CONCEPT
Psaumes 22:0;SKN;65-0217;34;VALIDE;chap->v.16: mont ont perce mes mains mes pieds;CONCEPT
Apocalypse 22:0;SKN;65-1205;45;VALIDE;chap->v.18: moi paroles livre ajoute choses dieu lui;CONCEPT
Apocalypse 22:0;SKN;65-1205;83;VALIDE;chap->v.18: moi quiconque entend livre ajoute choses dieu lui;CONCEPT
Genese 4:0;SKN;65-1205;55;VALIDE;chap->v.7: fais fais peche porte sera lui;CONCEPT
Hebreux 13:8;SKN;65-1205;9;VALIDE;jesus meme hier;CONCEPT
Jean 14:1;SKN;65-1205;17;VALIDE;trouble croyez dieu moi;CONCEPT
Jean 17:0;SKN;65-1205;92;VALIDE;chap->v.21: soient toi pere moi moi toi soient toi;CONCEPT
Matthieu 20:0;SKN;65-1205;108;VALIDE;chap->v.7: lui parce personne allez recevrez sera;CONCEPT
Apocalypse 22:0;SKN;65-1207;38;VALIDE;chap->v.16: moi jesus envoye ange rendre temoignage choses assemblees;CONCEPT
Ezechiel 9:0;SKN;65-1207;38;VALIDE;chap->v.4: lui passe milieu ville milieu fais marque fronts;CONCEPT
Hebreux 11:23;SKN;65-1207;38;VALIDE;foi moise etant fut cache trois mois parents;CONCEPT
Hebreux 13:8;SKN;65-1207;38;VALIDE;jesus christ meme hier eternellement;CONCEPT
Malachie 4:0;SKN;65-1207;38;VALIDE;chap->v.6: fera retourner peres fils fils peres vienne frappe;CONCEPT
Matthieu 24:24;SKN;65-1207;38;VALIDE;faux christs prophetes grands signes maniere seduire possible;CONCEPT
Apocalypse 22:0;VGR;64-0617;30;VALIDE;chap->v.18: quiconque livre quelquun ajoute dieu ajoutera;CONCEPT
Deuteronome 18:0;VGR;64-0617;103;VALIDE;chap->v.20: prophete nom lui nom prophete;CONCEPT
Deuteronome 18:15;VGR;64-0617;46;VALIDE;dieu prophete moi;CONCEPT
Deuteronome 18:15;VGR;64-0617;49;EXACT;leternel dieu suscitera prophete moi [couverture 5/11];CONCEPT
Deuteronome 18:15;VGR;64-0617;99;PARTIEL;commencé, pas achevé — prophete;CONCEPT
Hebreux 4:0;VGR;64-0617;59;VALIDE;chap->v.4: ainsi quelque part jour dieu uvres jour;CONCEPT
Hebreux 4:12;VGR;64-0617;59;EXACT;parole dieu epee deux tranchants [couverture 5/14];CONCEPT
Hebreux 4:12;VGR;64-0617;171;VALIDE;parole dieu jusqua;CONCEPT
Hebreux 13:8;VGR;64-0617;2;EXACT;jesus meme hier aujourdhui eternellement [couverture 5/6];LECTURE
Hebreux 13:8;VGR;64-0617;22;EXACT;jesus meme hier aujourdhui eternellement [couverture 5/6];CONCEPT
Hebreux 13:8;VGR;64-0617;32;EXACT;jesus christ meme hier aujourdhui eternellement [couverture 6/6];CONCEPT
Hebreux 13:8;VGR;64-0617;135;EXACT;jesus christ meme hier aujourdhui eternellement [couverture 6/6];CONCEPT
Jean 1:0;VGR;64-0617;31;VALIDE;chap->v.1: commencement etait parole parole etait dieu parole etait;CONCEPT
Jean 1:0;VGR;64-0617;34;VALIDE;chap->v.1: commencement etait parole parole etait dieu parole etait;CONCEPT
Jean 1:0;VGR;64-0617;87;VALIDE;chap->v.1: etait parole parole etait dieu parole etait dieu;CONCEPT
Jean 4:0;VGR;64-0617;122;VALIDE;chap->v.9: femme samaritaine lui toi juif boire moi suis;CONCEPT
Jean 6:0;VGR;64-0617;124;VALIDE;chap->v.40: cest ici lui vie eternelle moi;CONCEPT
Jean 10:35;VGR;64-0617;34;EXACT;sil dieux ceux parole dieu lecriture aneantie [couverture 6/9];CONCEPT
Luc 17:0;VGR;64-0617;68;VALIDE;chap->v.30: sera meme fils lhomme sera manifeste;CONCEPT
Malachie 1:0;VGR;64-0617;32;VALIDE;chap->v.6: fils pere suis pere suis;CONCEPT
Malachie 3:0;VGR;64-0617;81;VALIDE;chap->v.1: voici jenvoie messager preparera chemin devant moi;CONCEPT
Malachie 3:6;VGR;64-0617;32;PARTIEL;commencé, pas achevé — change fils;CONCEPT
Malachie 3:6;VGR;64-0617;58;PARTIEL;commencé, pas achevé — change fils;CONCEPT
Malachie 4:0;VGR;64-0617;157;VALIDE;chap->v.6: cur peres cur peres;CONCEPT
Marc 16:0;VGR;64-0617;166;VALIDE;chap->v.4: voient etait etait;CONCEPT
Marc 16:0;VGR;64-0617;199;VALIDE;chap->v.16: celui cru baptise sera sauve celui cru sera;CONCEPT
Zacharie 14:6;VGR;64-0617;130;VALIDE;arrivera jour quil lumiere;CONCEPT
Apocalypse 22:0;VGR;64-0816;160;VALIDE;chap->v.18: moi quiconque paroles livre ajoute dieu ajoutera;CONCEPT
Esaie 9:6;VGR;64-0816;142;VALIDE;enfant fils donne sera nom dieu;CONCEPT
Hebreux 4:12;VGR;64-0816;164;VALIDE;parole dieu epee deux tranchants;CONCEPT
Hebreux 4:15;VGR;64-0816;250;EXACT;souverain sacrificateur nos infirmites avons choses [couverture 5/12];CONCEPT
Hebreux 6:0;VGR;64-0816;128;VALIDE;chap->v.4: impossible ceux ont fois eclaires ont saint;CONCEPT
Hebreux 13:8;VGR;64-0816;222;VALIDE;jesus christ meme hier aujourdhui eternellement;CONCEPT
Hebreux 13:8;VGR;64-0816;229;PARTIEL;commencé, pas achevé — jesus;CONCEPT
Hebreux 13:8;VGR;64-0816;233;EXACT;jesus meme hier aujourdhui eternellement [couverture 5/6];CONCEPT
Hebreux 13:8;VGR;64-0816;250;VALIDE;meme hier aujourdhui eternellement;CONCEPT
Jean 1:0;VGR;64-0816;149;VALIDE;chap->v.1: commencement etait parole parole etait dieu parole etait;CONCEPT
Jean 14:12;VGR;64-0816;220;EXACT;dis celui croit moi fera lui uvres fais [couverture 9/14];CONCEPT
Jean 14:12;VGR;64-0816;223;VALIDE;dis moi lui uvres fais grandes;CONCEPT
Joel 2:28;VGR;64-0816;219;EXACT;arrivera apres cela repandrai esprit chair vos fils [couverture 10/14];CONCEPT
Luc 17:30;VGR;64-0816;221;EXACT;sera meme jour fils lhomme manifeste [couverture 5/7];CONCEPT
Luc 24:49;VGR;64-0816;219;EXACT;voici moi pere ville jusqua soyez revetus puissance [couverture 10/13];CONCEPT
Malachie 3:0;VGR;64-0816;86;VALIDE;chap->v.14: cest dieu quel quil;CONCEPT
Malachie 4:0;VGR;64-0816;122;VALIDE;chap->v.1: vient ceux vient;CONCEPT
Malachie 4:0;VGR;64-0816;221;VALIDE;chap->v.6: fera cur peres fils cur fils peres;CONCEPT
Marc 4:0;VGR;64-0816;220;VALIDE;chap->v.20: ceux terre ceux parole lun lun lun;CONCEPT
Marc 5:0;VGR;64-0816;56;VALIDE;chap->v.30: aussitot jesus lui meme etait sortie lui retournant;CONCEPT
Marc 16:0;VGR;64-0816;220;VALIDE;chap->v.16: celui aura cru aura baptise sera sauve celui;CONCEPT
Matthieu 24:24;VGR;64-0816;212;VALIDE;maniere meme elus;CONCEPT
Apocalypse 22:0;VGR;65-0217;123;VALIDE;chap->v.19: quelque chose dieu part vie;CONCEPT
Jean 14:12;VGR;65-0217;132;VALIDE;verite celui moi lui parce;CONCEPT
Luc 17:30;VGR;65-0217;132;PARTIEL;commencé, pas achevé — meme jour;CONCEPT
Malachie 4:0;VGR;65-0217;132;VALIDE;chap->v.1: jour vient jour vient;CONCEPT
Psaumes 22:0;VGR;65-0217;34;VALIDE;chap->v.1: dieu dieu pourquoi mas abandonne loin;CONCEPT
Apocalypse 22:0;VGR;65-1205;45;VALIDE;chap->v.18: moi quiconque paroles livre quelquun ajoute choses dieu;CONCEPT
Apocalypse 22:0;VGR;65-1205;83;VALIDE;chap->v.18: moi quiconque entend livre ajoute choses dieu lui;CONCEPT
Genese 4:0;VGR;65-1205;55;VALIDE;chap->v.7: fais fais peche porte sera lui;CONCEPT
Hebreux 13:8;VGR;65-1205;9;VALIDE;jesus meme hier aujourdhui eternellement;CONCEPT
Jean 1:0;VGR;65-1205;9;VALIDE;chap->v.1: commencement etait parole parole etait dieu parole etait;CONCEPT
Jean 14:0;VGR;65-1205;17;VALIDE;chap->v.3: men vais prepare place reviendrai prendrai moi afin;CONCEPT
Jean 17:0;VGR;65-1205;92;VALIDE;chap->v.3: cest ici vie eternelle seul vrai dieu jesus;CONCEPT
Apocalypse 22:0;VGR;65-1207;229;VALIDE;chap->v.18: temoignage quiconque livre ajoute dieu lui ajoutera;CONCEPT
Ezechiel 9:0;VGR;65-1207;320;VALIDE;chap->v.4: passe ville fais marque hommes cause;CONCEPT
Hebreux 11:23;VGR;65-1207;245;EXACT;foi moise etant mois etait [couverture 5/14];CONCEPT
Hebreux 13:8;VGR;65-1207;142;EXACT;jesus christ meme hier aujourdhui eternellement [couverture 6/6];CONCEPT
Malachie 4:0;VGR;65-1207;123;VALIDE;chap->v.5: envoie prophete avant;CONCEPT
Matthieu 24:24;VGR;65-1207;140;VALIDE;possible meme elus;CONCEPT
Apocalypse 22:18;SKN;65-0118;39;VALIDE;livre ajoute dieu ajoutera;CONCEPT
Genese 1:0;SKN;65-0118;31;VALIDE;chap->v.29: dieu donne semence terre semence;CONCEPT
Jean 1:0;SKN;65-0118;37;VALIDE;chap->v.1: commencement etait parole parole etait dieu parole etait;CONCEPT
Jean 14:12;SKN;65-0118;98;EXACT;dis celui croit moi fera lui uvres fais [couverture 9/14];CONCEPT
Luc 22:0;SKN;65-0118;118;VALIDE;chap->v.27: celui celui celui moi suis celui;CONCEPT
Matthieu 13:0;SKN;65-0118;1;VALIDE;chap->v.24: proposa autre parabole royaume cieux semblable homme bonne;LECTURE
Matthieu 24:24;SKN;65-0118;6;VALIDE;possible meme elus;LECTURE
Matthieu 24:24;SKN;65-0118;52;VALIDE;possible meme elus;CONCEPT
Apocalypse 22:18;SKN;65-0119;65;EXACT;moi quiconque ajoute choses dieu lui ajoutera [couverture 7/14];CONCEPT
Exode 19:4;SKN;65-0119;75;EXACT;portes ailes daigle amenes moi [couverture 5/9];CONCEPT
Luc 17:30;SKN;65-0119;150;EXACT;sera jour fils lhomme [couverture 5/7];CONCEPT
Luc 17:30;SKN;65-0119;157;EXACT;sera meme jour fils lhomme [couverture 6/7];CONCEPT
Malachie 4:0;SKN;65-0119;103;VALIDE;chap->v.6: fils fils peur vienne frappe pays;CONCEPT
Malachie 4:0;SKN;65-0119;157;VALIDE;chap->v.1: jour ceux jour;CONCEPT
Apocalypse 22:18;SKN;65-0206;73;EXACT;moi livre ajoute dieu lui [couverture 5/14];CONCEPT
Apocalypse 22:18;VGR;65-0118;39;EXACT;quiconque livre ajoute dieu ajoutera [couverture 5/14];CONCEPT
Genese 1:0;VGR;65-0118;31;VALIDE;chap->v.29: dieu donne semence terre semence;CONCEPT
Jean 1:0;VGR;65-0118;37;VALIDE;chap->v.1: commencement etait parole parole etait dieu parole etait;CONCEPT
Jean 14:12;VGR;65-0118;98;EXACT;dis celui croit moi fera lui uvres fais [couverture 9/14];CONCEPT
Luc 22:0;VGR;65-0118;118;VALIDE;chap->v.61: pierre pierre lui avait avant;CONCEPT
Matthieu 13:0;VGR;65-0118;1;VALIDE;chap->v.27: maitre maison lui dirent seigneur nas seme bonne;LECTURE
Matthieu 24:24;VGR;65-0118;6;VALIDE;possible meme elus;LECTURE
Matthieu 24:24;VGR;65-0118;52;VALIDE;possible meme elus;CONCEPT
Apocalypse 22:18;VGR;65-0119;65;EXACT;moi quiconque ajoute choses dieu lui ajoutera [couverture 7/14];CONCEPT
Exode 19:4;VGR;65-0119;75;EXACT;portes ailes daigle amenes moi [couverture 5/9];CONCEPT
Luc 17:30;VGR;65-0119;150;EXACT;sera jour fils lhomme [couverture 5/7];CONCEPT
Luc 17:30;VGR;65-0119;157;EXACT;sera meme jour fils lhomme [couverture 6/7];CONCEPT
Malachie 4:0;VGR;65-0119;103;VALIDE;chap->v.6: fils fils peur vienne frappe pays;CONCEPT
Malachie 4:0;VGR;65-0119;157;VALIDE;chap->v.1: jour ceux jour;CONCEPT
Apocalypse 22:18;VGR;65-0206;100;VALIDE;moi paroles livre dieu;CONCEPT
Apocalypse 22:19;SKN;65-0919;197;EXACT;chose livre dieu part vie [couverture 5/14];CONCEPT
Hebreux 13:8;SKN;65-0919;64;VALIDE;jesus meme hier eternellement;CONCEPT
Hebreux 13:8;SKN;65-0919;125;VALIDE;meme hier eternellement;CONCEPT
Jean 4:0;SKN;65-0919;147;VALIDE;chap->v.24: dieu esprit ceux esprit verite;CONCEPT
Jean 6:33;SKN;65-0919;207;VALIDE;pain dieu vie;CONCEPT
Marc 16:0;SKN;65-0919;61;VALIDE;chap->v.17: signes accompagneront ceux auront cru nom chasseront demons;CONCEPT
Matthieu 5:0;SKN;65-0919;232;VALIDE;chap->v.44: moi vos ceux faites ceux ceux;CONCEPT
Matthieu 24:24;SKN;65-0919;109;VALIDE;possible meme elus;CONCEPT
Psaumes 42:0;SKN;65-0919;17;VALIDE;chap->v.10: mes mes disent jour dieu;CONCEPT
Psaumes 42:0;SKN;65-0919;20;VALIDE;chap->v.2: ame soif dieu dieu vivant paraitrai devant dieu;CONCEPT
Psaumes 42:0;SKN;65-0919;202;VALIDE;chap->v.1: apres ame apres toi dieu;CONCEPT
Psaumes 42:7;SKN;65-0919;210;PARTIEL;commencé, pas achevé — appelle passe;CONCEPT
Romains 7:21;SKN;65-0919;33;EXACT;trouve moi veux mal [couverture 5/7];CONCEPT
Apocalypse 22:19;VGR;65-0919;197;EXACT;chose livre dieu part vie [couverture 5/14];CONCEPT
Hebreux 13:8;VGR;65-0919;64;EXACT;jesus meme hier aujourdhui eternellement [couverture 5/6];CONCEPT
Hebreux 13:8;VGR;65-0919;125;VALIDE;meme hier aujourdhui eternellement;CONCEPT
Jean 4:0;VGR;65-0919;147;VALIDE;chap->v.24: dieu esprit ceux esprit verite;CONCEPT
Jean 6:33;VGR;65-0919;207;VALIDE;pain dieu vie;CONCEPT
Marc 16:0;VGR;65-0919;61;VALIDE;chap->v.17: signes accompagneront ceux auront cru nom chasseront demons;CONCEPT
Matthieu 5:0;VGR;65-0919;232;VALIDE;chap->v.44: moi vos ceux faites ceux priez ceux;CONCEPT
Matthieu 24:24;VGR;65-0919;109;VALIDE;possible meme elus;CONCEPT
Psaumes 42:0;VGR;65-0919;17;VALIDE;chap->v.10: mes mes disent jour dieu;CONCEPT
Psaumes 42:0;VGR;65-0919;20;VALIDE;chap->v.1: apres courants deau ainsi ame apres toi dieu;CONCEPT
Psaumes 42:0;VGR;65-0919;202;VALIDE;chap->v.1: apres deau ame apres toi dieu;CONCEPT
Psaumes 42:7;VGR;65-0919;210;VALIDE;appelle passe moi;CONCEPT
Romains 7:21;VGR;65-0919;33;EXACT;trouve moi veux mal [couverture 5/7];CONCEPT
Colossiens 1:15;SKN;63-0804E;135;PARTIEL;commencé, pas achevé — dieu invisible;CONCEPT
Ephesiens 4:30;SKN;63-0804E;103;EXACT;nattristez saint dieu lequel avez scelles jour redemption [couverture 8/9];CONCEPT
Jean 3:0;SKN;63-0804E;53;VALIDE;chap->v.13: ciel ciel fils lhomme ciel;CONCEPT
Marc 16:0;SKN;63-0804E;97;VALIDE;chap->v.11: quil etait quil avait;CONCEPT
Matthieu 1:0;SKN;63-0804E;44;VALIDE;chap->v.21: fils nom jesus cest lui peches;CONCEPT
Colossiens 3:0;SKN;61-0423;22;VALIDE;chap->v.13: lun uns autres lun sujet contre autre christ;CONCEPT
Galates 3:29;SKN;61-0423;10;VALIDE;etes christ dabraham heritiers selon promesse;CONCEPT
Genese 12:0;SKN;61-0423;16;VALIDE;chap->v.4: sen lui avait sen lui etait age ans;CONCEPT
Genese 12:0;SKN;61-0423;27;VALIDE;chap->v.11: etait pres quil femme sais femme;CONCEPT
Jean 1:0;SKN;61-0423;71;VALIDE;chap->v.30: cest moi apres moi homme prend avant moi;CONCEPT
Jean 14:7;SKN;61-0423;12;PARTIEL;commencé, pas achevé — pere maintenant;CONCEPT
Matthieu 3:0;SKN;61-0423;9;VALIDE;chap->v.11: moi celui apres moi moi suis;CONCEPT
Matthieu 24:35;SKN;61-0423;14;PARTIEL;commencé, pas achevé — mes;CONCEPT
Romains 9:0;SKN;61-0423;20;VALIDE;chap->v.11: avant enfants soient nes quils aient rien bon;CONCEPT
Daniel 2:0;SKN;59-0411E;13;VALIDE;chap->v.19: alors daniel nuit alors daniel dieu cieux;CONCEPT
Marc 16:0;SKN;59-0411E;29;VALIDE;chap->v.16: celui aura cru aura sera sauve celui cru;CONCEPT
Daniel 5:25;SKN;58-0520;26;VALIDE;voici mene upharsin;CONCEPT
Daniel 5:25;SKN;58-0618;7;VALIDE;voici mene upharsin;LECTURE
Daniel 9:0;VGR;62-0908;99;VALIDE;chap->v.11: loi sest alors ont loi;CONCEPT
Daniel 12:0;VGR;62-0908;99;VALIDE;chap->v.8: dis quelle sera choses;CONCEPT
Esaie 61:1;VGR;62-0908;36;EXACT;lesprit seigneur moi parce oint envoye ceux ont [couverture 7/14];CONCEPT
Daniel 12:0;VGR;62-0311;140;VALIDE;chap->v.1: grand sera detresse tel quil;CONCEPT
Daniel 12:1-14;VGR;62-0311;19;EXACT;temps grand sera depuis [couverture 5/14];CONCEPT
Ephesiens 6:10;VGR;62-0311;298;VALIDE;reste mes freres seigneur;CONCEPT
Ephesiens 6:10-17;VGR;62-0311;19;PARTIEL;commencé, pas achevé — reste puissiez;CONCEPT
Genese 3:1;VGR;62-0311;112;VALIDE;etait dieu jardin;CONCEPT
Genese 3:4;VGR;62-0311;210;EXACT;serpent femme mourrez certainement [couverture 4/4];CONCEPT
Hebreux 4:0;VGR;62-0311;152;VALIDE;chap->v.12: parole dieu penetrante epee deux tranchants jusqua lame;CONCEPT
Hebreux 4:0;VGR;62-0311;422;VALIDE;chap->v.12: parole dieu epee deux tranchants lesprit;CONCEPT
Jacques 4:7;VGR;62-0311;396;VALIDE;dieu resistez diable;CONCEPT
Matthieu 24:0;VGR;62-0311;140;VALIDE;chap->v.21: alors aura grande telle quil maintenant quil aura;CONCEPT
Deuteronome 7:7;SKN;61-0827;90;PARTIEL;commencé, pas achevé — etes;CONCEPT
Hebreux 13:8;SKN;61-0827;185;VALIDE;jesus meme hier;CONCEPT
Jean 4:0;SKN;61-0827;220;VALIDE;chap->v.7: femme samarie puiser jesus lui moi boire;CONCEPT
Jean 5:24;SKN;61-0827;170;EXACT;verite celui parole croit envoye vie eternelle vient [couverture 12/14];CONCEPT
Deuteronome 14:0;SKN;60-0309;29;VALIDE;chap->v.24: trop parce lieu dieu aura mettre;CONCEPT
Deuteronome 14:2;VGR;59-0301M;95;PARTIEL;commencé, pas achevé — dieu;CONCEPT
Deuteronome 16:0;VGR;65-0425;86;VALIDE;chap->v.15: leternel dieu lieu leternel choisi leternel dieu;CONCEPT
Ephesiens 1:21;VGR;65-0425;157;VALIDE;puissance nom nomme;CONCEPT
Ephesiens 4:30;VGR;65-0425;96;EXACT;nattristez saint esprit dieu lequel avez scelles jour [couverture 9/9];CONCEPT
Hebreux 13:8;VGR;65-0425;187;VALIDE;jesus christ meme hier aujourdhui eternellement;CONCEPT
Jean 1:0;VGR;65-0425;55;VALIDE;chap->v.1: commencement etait parole parole etait dieu parole etait;CONCEPT
Jean 4:0;VGR;65-0425;113;VALIDE;chap->v.20: ont adore qua lieu faut;CONCEPT
Jean 5:43;VGR;65-0425;67;EXACT;moi suis venu nom pere recevez autre propre [couverture 10/12];CONCEPT
Jean 14:12;VGR;65-0425;187;EXACT;dis celui croit moi fera lui uvres fais [couverture 10/14];CONCEPT
Malachie 4:0;VGR;65-0425;188;VALIDE;chap->v.6: fera cur peres cur peres;CONCEPT
Marc 16:0;VGR;65-0425;150;VALIDE;chap->v.6: lui jesus ressuscite nest;CONCEPT
Marc 16:0;VGR;65-0425;207;VALIDE;chap->v.6: lui jesus ressuscite nest ici voici lieu;CONCEPT
Matthieu 1:23;VGR;65-0425;72;EXACT;fils appellera nom emmanuel dieu [couverture 5/11];CONCEPT
Matthieu 27:0;VGR;65-0425;180;VALIDE;chap->v.40: detruis temple batis trois jours fils dieu;CONCEPT
Romains 8:1;VGR;65-0425;100;EXACT;maintenant aucune condamnation ceux christ jesus [couverture 6/6];CONCEPT
Romains 8:11;VGR;65-0425;147;EXACT;lesprit ressuscite jesus dentre morts habite vivifiera vos [couverture 11/14];CONCEPT
Romains 11:0;VGR;65-0425;147;VALIDE;chap->v.8: dieu donne esprit jour;CONCEPT
Deuteronome 18:0;SKN;62-0117;200;VALIDE;chap->v.5: dieu lui devant lui;CONCEPT
Deuteronome 18:15;SKN;62-0117;200;PARTIEL;commencé, pas achevé — dieu moi;CONCEPT
Deuteronome 18:22;SKN;62-0117;183;EXACT;prophete leternel chose cest peur [couverture 6/14];CONCEPT
Esaie 28:11;SKN;62-0117;220;VALIDE;levres langue parlera peuple;CONCEPT
Jean 14:12;SKN;62-0117;185;EXACT;celui croit moi fera lui fais [couverture 8/14];CONCEPT
Joel 2:28;SKN;62-0117;221;EXACT;cela repandrai esprit chair vos fils filles prophetiseront [couverture 10/14];CONCEPT
Nombres 14:41;SKN;62-0117;45;EXACT;moise pourquoi transgressez leternel cela reussira [couverture 6/8];CONCEPT
Deuteronome 18:0;SKN;63-0627;115;VALIDE;chap->v.22: prophete nom chose naura cest prophete;CONCEPT
Hebreux 4:12;SKN;63-0627;68;EXACT;parole dieu epee deux tranchants [couverture 5/14];CONCEPT
Jean 1:0;SKN;63-0627;80;VALIDE;chap->v.33: celui baptiser deau celui celui lesprit descendre lui;CONCEPT
Jean 4:0;SKN;63-0627;268;VALIDE;chap->v.25: femme lui sais messie vient sera fera;CONCEPT
Jean 5:19;SKN;63-0627;144;EXACT;jesus verite dis fils rien lui quil pere [couverture 9/14];CONCEPT
Jean 6:0;SKN;63-0627;138;VALIDE;chap->v.35: jesus moi suis pain celui moi jamais celui;CONCEPT
Jean 12:0;SKN;63-0627;33;VALIDE;chap->v.20: avait quelques grecs ceux etaient montes adorer pendant;CONCEPT
Jean 12:20;SKN;63-0627;79;PARTIEL;commencé, pas achevé — avait ceux;CONCEPT
Deuteronome 18:5;SKN;60-0110;74;EXACT;dieu lui fils tes quil nom [couverture 6/14];CONCEPT
Jean 5:19;SKN;60-0110;89;EXACT;jesus dis lui meme quil chose pere quelque [couverture 8/14];CONCEPT
Jean 15:0;SKN;60-0110;76;VALIDE;chap->v.2: sarment moi porte fruit sarment porte fruit quil;CONCEPT
Marc 11:24;SKN;60-0110;77;VALIDE;cest pourquoi dis croyez sera;CONCEPT
Deuteronome 18:15;SKN;60-0109;25;VALIDE;leternel dieu suscitera prophete moi milieu toi dentre;CONCEPT
Hebreux 13:0;SKN;60-0109;13;VALIDE;chap->v.7: souvenez vos conducteurs ont annonce parole dieu imitez;LECTURE
Jean 1:0;SKN;60-0109;25;VALIDE;chap->v.19: cest ici temoignage jean lorsque juifs lui demander;CONCEPT
Jean 1:0;SKN;60-0109;28;VALIDE;chap->v.30: cest celui moi apres moi homme avant moi;CONCEPT
Jean 5:19;SKN;60-0109;36;EXACT;jesus verite dis fils rien lui meme quil [couverture 8/14];CONCEPT
Jean 14:12;SKN;60-0109;42;EXACT;verite dis celui croit moi lui fais parce [couverture 6/14];CONCEPT
Psaumes 103:0;SKN;60-0109;6;VALIDE;chap->v.3: cest lui pardonne tes iniquites guerit tes;CONCEPT
Deuteronome 18:15;SKN;64-0311;89;EXACT;leternel dieu suscitera prophete moi milieu [couverture 6/11];CONCEPT
Hebreux 1:1;SKN;64-0311;64;EXACT;dieu plusieurs reprises parle prophetes [couverture 6/10];CONCEPT
Hebreux 1:1;SKN;64-0311;72;EXACT;dieu plusieurs reprises manieres parle peres prophetes [couverture 8/10];CONCEPT
Hebreux 1:1-3;SKN;64-0311;9;EXACT;dieu autrefois plusieurs reprises manieres parle peres prophetes [couverture 9/10];LECTURE
Hebreux 4:12;SKN;64-0311;135;EXACT;parole dieu epee deux tranchants jusqua lesprit [couverture 7/14];CONCEPT
Hebreux 4:14;SKN;64-0311;143;EXACT;grand souverain sacrificateur jesus fils dieu [couverture 5/12];CONCEPT
Hebreux 10:1;SKN;64-0311;86;VALIDE;meme choses jamais;CONCEPT
Hebreux 13:8;SKN;64-0311;72;EXACT;jesus christ meme hier aujourdhui eternellement [couverture 6/6];CONCEPT
Hebreux 13:8;SKN;64-0311;86;VALIDE;meme hier aujourdhui eternellement;CONCEPT
Hebreux 13:8;SKN;64-0311;140;EXACT;jesus meme hier aujourdhui eternellement [couverture 5/6];CONCEPT
Jean 4:0;SKN;64-0311;161;VALIDE;chap->v.25: femme sais messie appele christ vient sera;CONCEPT
Jean 5:19;SKN;64-0311;109;EXACT;jesus verite dis fils rien lui quil pere [couverture 9/14];CONCEPT
Jean 10:37;SKN;64-0311;58;VALIDE;fais pere croyez;CONCEPT
Jean 14:12;SKN;64-0311;63;EXACT;dis celui croit moi fera lui fais parce [couverture 9/14];CONCEPT
Deuteronome 18:15;SKN;64-0320;88;VALIDE;dieu suscitera prophete moi;CONCEPT
Hebreux 1:1;SKN;64-0320;3;EXACT;dieu autrefois plusieurs reprises manieres parle peres prophetes [couverture 9/10];CONCEPT
Hebreux 1:1;SKN;64-0320;84;EXACT;dieu autrefois manieres parle peres prophetes [couverture 6/10];CONCEPT
Hebreux 4:12;SKN;64-0320;94;PARTIEL;commencé, pas achevé — parole dieu;CONCEPT
Hebreux 4:14;SKN;64-0320;98;EXACT;grand souverain sacrificateur jesus fils dieu [couverture 6/12];CONCEPT
Hebreux 13:8;SKN;64-0320;54;VALIDE;jesus meme hier aujourdhui eternellement;CONCEPT
Hebreux 13:8;SKN;64-0320;84;VALIDE;jesus christ meme;CONCEPT
Hebreux 13:8;SKN;64-0320;95;VALIDE;jesus meme hier aujourdhui eternellement;CONCEPT
Jean 10:37;SKN;64-0320;57;VALIDE;fais pere croyez;CONCEPT
Jean 14:12;SKN;64-0320;60;EXACT;dis celui croit moi fera lui fais [couverture 8/14];CONCEPT
Malachie 4:0;SKN;64-0320;70;VALIDE;chap->v.5: voici envoie elie prophete avant vienne grand jour;CONCEPT
Matthieu 24:0;SKN;64-0320;8;VALIDE;chap->v.37: ont jours ainsi sera venue lhomme;CONCEPT
Deuteronome 18:15;SKN;64-0409;72;VALIDE;dieu suscitera prophete moi;CONCEPT
Genese 22:0;SKN;64-0409;109;VALIDE;chap->v.3: abraham leva deux fils;CONCEPT
Hebreux 4:4-12;SKN;64-0409;94;EXACT;ainsi quelque jour dieu [couverture 5/11];CONCEPT
Hebreux 13:8;SKN;64-0409;23;VALIDE;jesus christ meme hier aujourdhui eternellement;CONCEPT
Jean 1:0;SKN;64-0409;89;VALIDE;chap->v.30: cest celui moi apres moi vient homme avant;CONCEPT
Jean 4:0;SKN;64-0409;124;VALIDE;chap->v.25: femme lui sais appele christ sera fera connaitre;CONCEPT
Jean 4:0;SKN;64-0409;125;VALIDE;chap->v.10: jesus lui don dieu donne moi lui demande;CONCEPT
Jean 6:0;SKN;64-0409;102;VALIDE;chap->v.57: pere envoye moi vis pere meme celui celui;CONCEPT
Malachie 4:0;SKN;64-0409;117;VALIDE;chap->v.6: retourner peres fils fils peres;CONCEPT
Deuteronome 18:15;SKN;64-0415;144;EXACT;leternel dieu suscitera prophete moi milieu [couverture 6/11];CONCEPT
Hebreux 1:0;SKN;64-0415;46;VALIDE;chap->v.3: etant gloire lempreinte soutenant choses parole lui meme;CONCEPT
Hebreux 3:0;SKN;64-0415;26;VALIDE;chap->v.12: quil ait quelquun quil dieu;CONCEPT
Hebreux 13:0;SKN;64-0415;46;VALIDE;chap->v.7: souvenez vos conducteurs ont annonce parole dieu imitez;CONCEPT
Hebreux 13:5;SKN;64-0415;47;EXACT;soit etant avez lui meme tabandonnerai [couverture 5/11];CONCEPT
Jean 5:19;SKN;64-0415;236;EXACT;jesus dis rien lui meme quil chose pere [couverture 9/14];CONCEPT
Deuteronome 18:15;SKN;64-0618;31;VALIDE;dieu prophete moi;CONCEPT
Jean 5:24;SKN;64-0618;204;EXACT;dis celui entend parole croit envoye vie eternelle [couverture 12/14];CONCEPT
Luc 17:0;SKN;64-0618;123;VALIDE;chap->v.28: meme jours lot;CONCEPT
Malachie 3:0;SKN;64-0618;37;VALIDE;chap->v.1: voici messager preparera chemin devant seigneur;CONCEPT
Matthieu 11:0;SKN;64-0618;16;VALIDE;chap->v.10: ici celui ecrit moi devant devant;CONCEPT
Deuteronome 18:15;SKN;64-0620E;63;VALIDE;leternel dieu suscitera prophete moi milieu toi dentre;CONCEPT
Deuteronome 18:15;VGR;64-0311;89;EXACT;leternel dieu suscitera prophete moi milieu [couverture 6/11];CONCEPT
Hebreux 1:1;VGR;64-0311;64;EXACT;dieu plusieurs reprises parle prophetes [couverture 6/10];CONCEPT
Hebreux 1:1;VGR;64-0311;72;EXACT;dieu plusieurs reprises manieres parle peres prophetes [couverture 8/10];CONCEPT
Hebreux 1:1-3;VGR;64-0311;9;EXACT;dieu autrefois plusieurs reprises manieres parle peres prophetes [couverture 9/10];LECTURE
Hebreux 4:12;VGR;64-0311;135;EXACT;parole dieu epee deux tranchants jusqua lesprit [couverture 7/14];CONCEPT
Hebreux 4:14;VGR;64-0311;143;EXACT;grand souverain sacrificateur jesus fils dieu [couverture 5/12];CONCEPT
Hebreux 10:1;VGR;64-0311;86;VALIDE;meme choses jamais;CONCEPT
Hebreux 13:8;VGR;64-0311;72;EXACT;jesus christ meme hier aujourdhui eternellement [couverture 6/6];CONCEPT
Hebreux 13:8;VGR;64-0311;86;VALIDE;meme hier aujourdhui eternellement;CONCEPT
Hebreux 13:8;VGR;64-0311;140;EXACT;jesus meme hier aujourdhui eternellement [couverture 5/6];CONCEPT
Jean 4:0;VGR;64-0311;161;VALIDE;chap->v.25: femme sais messie appele christ vient sera;CONCEPT
Jean 5:19;VGR;64-0311;109;EXACT;jesus verite dis fils rien lui quil pere [couverture 9/14];CONCEPT
Jean 10:37;VGR;64-0311;58;EXACT;fais uvres pere croyez [couverture 4/4];CONCEPT
Jean 14:12;VGR;64-0311;63;EXACT;celui croit moi fera lui uvres fais vais [couverture 9/14];CONCEPT
Deuteronome 18:15;VGR;64-0320;170;EXACT;leternel dieu suscitera prophete moi [couverture 5/11];CONCEPT
Hebreux 1:1;VGR;64-0320;10;PARTIEL;commencé, pas achevé — dieu;CONCEPT
Hebreux 1:1;VGR;64-0320;116;EXACT;dieu autrefois parle peres prophetes [couverture 5/10];CONCEPT
Hebreux 1:1;VGR;64-0320;163;EXACT;dieu autrefois plusieurs reprises manieres parle peres prophetes [couverture 9/10];CONCEPT
Hebreux 4:0;VGR;64-0320;195;VALIDE;chap->v.8: parle apres cela autre jour;CONCEPT
Hebreux 4:12;VGR;64-0320;192;PARTIEL;commencé, pas achevé — parole dieu;CONCEPT
Hebreux 13:8;VGR;64-0320;96;EXACT;jesus meme hier aujourdhui eternellement [couverture 5/6];CONCEPT
Hebreux 13:8;VGR;64-0320;193;EXACT;jesus meme hier aujourdhui eternellement [couverture 5/6];CONCEPT
Jean 10:37;VGR;64-0320;104;EXACT;fais uvres pere croyez [couverture 4/4];CONCEPT
Jean 14:12;VGR;64-0320;110;EXACT;celui croit moi fera lui uvres fais [couverture 9/14];CONCEPT
Malachie 4:0;VGR;64-0320;124;VALIDE;chap->v.5: voici envoie elie prophete avant grand jour leternel;CONCEPT
Matthieu 24:0;VGR;64-0320;23;VALIDE;chap->v.10: lun lautre lun lautre;CONCEPT
Deuteronome 18:15;VGR;64-0409;109;EXACT;leternel dieu suscitera prophete moi [couverture 5/11];CONCEPT
Genese 22:0;VGR;64-0409;176;VALIDE;chap->v.1: arriva apres abraham abraham;CONCEPT
Hebreux 4:0;VGR;64-0409;142;VALIDE;chap->v.8: avait donne apres cela jour;CONCEPT
Hebreux 13:8;VGR;64-0409;50;EXACT;jesus christ meme hier aujourdhui eternellement [couverture 6/6];CONCEPT
Jean 1:0;VGR;64-0409;133;VALIDE;chap->v.1: etait parole parole etait dieu parole etait dieu;CONCEPT
Jean 4:0;VGR;64-0409;216;VALIDE;chap->v.25: femme sais appele christ vient connaitre;CONCEPT
Jean 4:0;VGR;64-0409;219;VALIDE;chap->v.11: femme seigneur rien puits;CONCEPT
Jean 6:0;VGR;64-0409;159;VALIDE;chap->v.35: jesus moi suis vie celui moi celui moi;CONCEPT
Malachie 4:0;VGR;64-0409;189;VALIDE;chap->v.6: cur peres fils cur fils peres;CONCEPT
Deuteronome 18:15;VGR;64-0415;144;EXACT;leternel dieu suscitera prophete moi milieu [couverture 6/11];CONCEPT
Hebreux 1:0;VGR;64-0415;46;VALIDE;chap->v.1: dieu autrefois plusieurs reprises plusieurs manieres parle peres;CONCEPT
Hebreux 3:0;VGR;64-0415;26;VALIDE;chap->v.1: cest souverain sacrificateur jesus;CONCEPT
Hebreux 13:0;VGR;64-0415;46;VALIDE;chap->v.7: souvenez vos conducteurs ont annonce parole dieu imitez;CONCEPT
Hebreux 13:5;VGR;64-0415;47;EXACT;soit etant avez lui meme tabandonnerai [couverture 5/11];CONCEPT
Jean 5:19;VGR;64-0415;236;EXACT;jesus rien lui meme quil voie chose pere [couverture 9/14];CONCEPT
Deuteronome 18:15;VGR;64-0618;31;VALIDE;dieu prophete moi;CONCEPT
Jean 5:24;VGR;64-0618;204;EXACT;dis celui parole croit envoye vie eternelle vient [couverture 11/14];CONCEPT
Luc 17:0;VGR;64-0618;123;VALIDE;chap->v.28: meme arriva jours lot;CONCEPT
Malachie 3:0;VGR;64-0618;37;VALIDE;chap->v.1: voici jenvoie messager chemin devant seigneur;CONCEPT
Matthieu 11:0;VGR;64-0618;16;VALIDE;chap->v.10: cest ici celui ecrit moi devant devant;CONCEPT
Deuteronome 18:15;VGR;64-0620E;76;VALIDE;dieu suscitera prophete moi;CONCEPT
Jean 14:12;VGR;64-0620E;142;EXACT;celui croit moi fera lui uvres fais parce [couverture 9/14];CONCEPT
Deuteronome 18:15-22;SKN;61-0516A;33;VALIDE;leternel dieu suscitera prophete moi milieu toi freres;CONCEPT
Genese 1:0;SKN;61-0516A;66;VALIDE;chap->v.31: dieu vit quil avait voici cela etait jour;CONCEPT
Hebreux 13:8;SKN;61-0516A;21;VALIDE;jesus christ meme hier aujourdhui eternellement;CONCEPT
Jean 5:19;SKN;61-0516A;51;VALIDE;jesus verite dis fils rien lui meme quil;CONCEPT
Jean 5:24;SKN;61-0516A;60;VALIDE;dis celui entend parole croit envoye vie eternelle;CONCEPT
Jean 6:0;SKN;61-0516A;48;VALIDE;chap->v.35: jesus moi suis vie celui vient moi jamais;CONCEPT
Jean 12:0;SKN;61-0516A;28;VALIDE;chap->v.27: maintenant ame dirai pere moi cest cela suis;CONCEPT
Psaumes 103:23;SKN;61-0516A;15;LAPSUS;annoncé — dit en réalité psaumes 103:22;CONCEPT
psaumes 103:22;SKN;61-0516A;15;LAPSUS-LU;lu — annoncé sous Psaumes 103:23;CONCEPT
Deuteronome 18:35;SKN;61-0519;35;LAPSUS;annoncé — dit en réalité deuteronome 18:15;CONCEPT
deuteronome 18:15;SKN;61-0519;35;LAPSUS-LU;lu — annoncé sous Deuteronome 18:35;CONCEPT
Hebreux 13:8;SKN;61-0519;19;VALIDE;jesus meme hier aujourdhui eternellement;CONCEPT
Jean 12:20;SKN;61-0519;19;VALIDE;quelques grecs ceux etaient montes adorer pendant fete;CONCEPT
Malachie 4:0;SKN;61-0519;55;VALIDE;chap->v.5: elie prophete avant grand jour leternel;CONCEPT
Deuteronome 22:18;SKN;62-0408;63;PARTIEL;commencé, pas achevé — ville;CONCEPT
Hebreux 1:0;SKN;62-0408;7;VALIDE;chap->v.1: dieu autrefois plusieurs reprises plusieurs manieres parle peres;CONCEPT
Hebreux 6:0;SKN;62-0408;46;VALIDE;chap->v.4: impossible ceux ont fois eclaires ont goute don;CONCEPT
Jean 3:16;SKN;62-0408;26;VALIDE;dieu tant aime monde croit lui;CONCEPT
Jean 14:12;SKN;62-0408;63;VALIDE;verite dis croit moi fera lui fais vais;CONCEPT
Malachie 3:0;SKN;62-0408;81;VALIDE;chap->v.15: maintenant ceux meme meme dieu;CONCEPT
Malachie 4:0;SKN;62-0408;81;VALIDE;chap->v.1: voici jour vient ceux jour vient brulera;CONCEPT
Marc 16:0;SKN;62-0408;63;VALIDE;chap->v.16: aura cru aura sera cru sera;CONCEPT
Deuteronome 32:11;SKN;59-0815;12;VALIDE;laigle eveille prend;LECTURE
Jean 5:19;SKN;59-0815;63;EXACT;jesus verite dis fils rien lui meme quil [couverture 5/14];CONCEPT
Jean 14:12;SKN;59-0815;56;EXACT;dis celui croit moi fera lui fais grandes [couverture 6/14];CONCEPT
Job 7:0;SKN;59-0815;22;VALIDE;chap->v.20: jai observes pourquoi tes suis;CONCEPT
Psaumes 103:3;SKN;59-0815;60;VALIDE;cest lui tes guerit;CONCEPT
Ecclesiaste 12:0;SKN;65-1128M;14;VALIDE;chap->v.13: fin crains dieu commandements;CONCEPT
Ephesiens 1:21;SKN;65-1128M;270;PARTIEL;commencé, pas achevé — nom celui;CONCEPT
Ephesiens 4:30;SKN;65-1128M;241;EXACT;saint dieu lequel avez scelles jour redemption [couverture 7/9];CONCEPT
Jean 1:0;SKN;65-1128M;193;VALIDE;chap->v.1: etait parole parole etait dieu parole etait dieu;CONCEPT
Jean 1:0;SKN;65-1128M;221;VALIDE;chap->v.1: parole parole dieu parole dieu;CONCEPT
Jean 5:43;SKN;65-1128M;213;EXACT;moi suis venu nom pere propre [couverture 7/12];CONCEPT
Jean 10:0;SKN;65-1128M;185;VALIDE;chap->v.11: suis bon berger bon berger met brebis;CONCEPT
Matthieu 1:23;SKN;65-1128M;222;VALIDE;voici nom dieu;CONCEPT
Romains 8:1;SKN;65-1128M;261;EXACT;maintenant aucune condamnation ceux christ jesus [couverture 6/6];CONCEPT
Ecclesiaste 12:0;VGR;65-1128M;14;VALIDE;chap->v.13: ecoutons fin crains dieu commandements cest;CONCEPT
Ephesiens 1:21;VGR;65-1128M;270;PARTIEL;commencé, pas achevé — nom celui;CONCEPT
Ephesiens 4:30;VGR;65-1128M;241;EXACT;nattristez saint dieu lequel avez scelles jour redemption [couverture 8/9];CONCEPT
Jean 1:0;VGR;65-1128M;193;VALIDE;chap->v.1: etait parole parole etait dieu parole etait dieu;CONCEPT
Jean 1:0;VGR;65-1128M;221;VALIDE;chap->v.1: etait parole parole etait dieu parole etait dieu;CONCEPT
Jean 5:43;VGR;65-1128M;213;EXACT;moi suis venu nom pere recevez propre [couverture 8/12];CONCEPT
Jean 10:0;VGR;65-1128M;185;VALIDE;chap->v.16: jai bergerie aura seul seul berger;CONCEPT
Matthieu 1:23;VGR;65-1128M;222;PARTIEL;commencé, pas achevé — nom dieu;CONCEPT
Romains 8:1;VGR;65-1128M;261;EXACT;maintenant aucune condamnation ceux christ jesus [couverture 6/6];CONCEPT
Ephesiens 1:0;SKN;51-0930E;59;VALIDE;chap->v.10: savoir choses choses cieux choses terre lui;CONCEPT
Ephesiens 1:0;SKN;53-0325;31;VALIDE;chap->v.3: beni soit dieu pere seigneur jesus christ benis;CONCEPT
Ephesiens 4:30;SKN;53-0325;31;VALIDE;saint esprit dieu lequel avez jour redemption;CONCEPT
Galates 1:8;SKN;53-0325;28;VALIDE;ange ciel soit anatheme;CONCEPT
Genese 15:7;SKN;53-0325;31;VALIDE;lui moi suis sortir dur chaldeens afin donner;CONCEPT
Genese 45:0;SKN;53-0325;31;VALIDE;chap->v.1: joseph put contenir devant ceux tenaient pres lui;CONCEPT
Jean 17:17;SKN;53-0325;31;VALIDE;sanctifie verite parole;CONCEPT
Job 7:37;SKN;53-0325;31;LAPSUS;annoncé — dit en réalité job 7:20;CONCEPT
job 7:20;SKN;53-0325;31;LAPSUS-LU;lu — annoncé sous Job 7:37;CONCEPT
Matthieu 10:0;SKN;53-0325;31;VALIDE;chap->v.37: celui aime pere mere moi digne moi celui;CONCEPT
Matthieu 24:0;SKN;53-0325;31;VALIDE;chap->v.2: lui voyez choses verite dis sera laisse ici;CONCEPT
Romains 4:0;SKN;53-0325;31;VALIDE;chap->v.11: recut signe circoncision sceau justice foi avait soit;CONCEPT
Romains 9:0;SKN;53-0325;31;VALIDE;chap->v.3: moi meme souhaite anatheme separe christ mes freres;CONCEPT
Ephesiens 1:0;SKN;53-1109;20;VALIDE;chap->v.4: selon quil lui avant fondation monde devant lui;CONCEPT
Ephesiens 4:30;SKN;53-1109;16;VALIDE;nattristez saint dieu lequel avez scelles jour redemption;CONCEPT
Jean 5:28;SKN;53-1109;1;EXACT;cela lheure vient ceux sepulcres entendront voix [couverture 6/9];LECTURE
Jean 19:0;SKN;53-1109;56;VALIDE;chap->v.7: juifs lui loi loi mourir sest fils dieu;CONCEPT
Ephesiens 1:0;SKN;59-0415E;26;VALIDE;chap->v.17: dieu jesus christ pere gloire donne esprit;CONCEPT
Ephesiens 1:0;SKN;64-0206B;238;VALIDE;chap->v.4: lui avant fondation monde lui;CONCEPT
Genese 22:0;SKN;64-0206B;118;VALIDE;chap->v.14: nom jehovah aujourdhui montagne leternel;CONCEPT
Josue 10:12;SKN;64-0206B;134;VALIDE;josue soleil arrete;CONCEPT
Malachie 3:0;SKN;64-0206B;110;VALIDE;chap->v.1: voici jenvoie messager chemin devant moi;CONCEPT
Malachie 4:0;SKN;64-0206B;110;VALIDE;chap->v.5: voici elie prophete jour;CONCEPT
Malachie 4:0;SKN;64-0206B;111;VALIDE;chap->v.5: voici elie prophete grand jour;CONCEPT
Marc 11:22;SKN;64-0206B;141;PARTIEL;commencé, pas achevé — jesus dieu;CONCEPT
Matthieu 10:0;SKN;64-0206B;239;VALIDE;chap->v.14: vos paroles ville vos;CONCEPT
Matthieu 11:0;SKN;64-0206B;112;VALIDE;chap->v.10: cest celui voici moi jenvoie messager devant face;CONCEPT
Ephesiens 1:5;SKN;56-0611;18;VALIDE;predestines lui jesus christ bon;CONCEPT
Jean 14:0;SKN;56-0611;18;VALIDE;chap->v.10: moi suis pere pere moi moi dis dis;CONCEPT
Ephesiens 1:5;SKN;57-0317;21;VALIDE;predestines lui jesus;CONCEPT
Ephesiens 1:5;SKN;58-0301E;20;VALIDE;predestines lui jesus christ;CONCEPT
Exode 19:0;SKN;58-0301E;26;VALIDE;chap->v.20: montagne sommet montagne moise sommet montagne moise monta;CONCEPT
Jean 1:0;SKN;58-0301E;46;VALIDE;chap->v.47: nathanael lui venir quelque chose bon nazareth philippe;CONCEPT
Jean 4:0;SKN;58-0301E;51;VALIDE;chap->v.9: femme samaritaine lui toi juif moi suis femme;CONCEPT
Jean 5:19;SKN;58-0301E;45;EXACT;jesus verite dis fils rien lui meme quil [couverture 5/14];CONCEPT
Jean 14:0;SKN;58-0301E;11;VALIDE;chap->v.10: moi pere pere moi moi dis dis moi;CONCEPT
Ephesiens 1:5;SKN;58-0324;13;VALIDE;predestines lui jesus;CONCEPT
Galates 4:0;SKN;58-0324;13;VALIDE;chap->v.6: etes fils dieu fils nos pere;CONCEPT
Hebreux 13:8;SKN;58-0324;32;VALIDE;jesus christ meme hier aujourdhui eternellement;CONCEPT
Jean 14:0;SKN;58-0324;14;VALIDE;chap->v.10: moi suis pere pere moi moi moi meme;CONCEPT
Ephesiens 1:21;SKN;65-0425;157;PARTIEL;commencé, pas achevé — puissance nom;CONCEPT
Ephesiens 4:30;SKN;65-0425;96;EXACT;saint esprit dieu lequel avez scelles jour redemption [couverture 8/9];CONCEPT
Hebreux 13:8;SKN;65-0425;187;VALIDE;jesus christ meme hier eternellement;CONCEPT
Jean 5:43;SKN;65-0425;67;EXACT;moi suis venu nom pere recevez autre propre [couverture 11/12];CONCEPT
Jean 14:12;SKN;65-0425;187;EXACT;dis celui croit moi fera lui fais parce [couverture 9/14];CONCEPT
Luc 17:30;SKN;65-0425;188;VALIDE;sera meme jour;CONCEPT
Malachie 4:0;SKN;65-0425;188;VALIDE;chap->v.6: fera peres peres;CONCEPT
Marc 16:0;SKN;65-0425;150;VALIDE;chap->v.6: lui jesus ressuscite;CONCEPT
Marc 16:0;SKN;65-0425;207;VALIDE;chap->v.18: auront quelque chose cela imposeront mains ceux;CONCEPT
Matthieu 1:23;SKN;65-0425;72;VALIDE;fils nom emmanuel dieu;CONCEPT
Matthieu 27:0;SKN;65-0425;180;VALIDE;chap->v.40: detruis temple batis trois jours fils dieu;CONCEPT
Romains 8:1;SKN;65-0425;100;EXACT;aucune condamnation ceux christ jesus [couverture 5/6];CONCEPT
Romains 8:11;SKN;65-0425;147;EXACT;celui ressuscite jesus morts habite vivifiera vos corps [couverture 10/14];CONCEPT
Romains 11:0;SKN;65-0425;147;VALIDE;chap->v.8: dieu donne esprit jour;CONCEPT
Ephesiens 4:0;SKN;61-1231M;26;VALIDE;chap->v.11: lui donne uns apotres autres prophetes autres evangelistes;CONCEPT
Esther 2:0;SKN;61-1231M;121;VALIDE;chap->v.5: homme etait fils fils fils;CONCEPT
Jean 3:0;SKN;61-1231M;27;VALIDE;chap->v.2: celui vint lui nuit lui rabbi savons docteur;CONCEPT
Jean 3:1-12;SKN;61-1231M;26;VALIDE;homme pharisiens nom etait nicodeme chef juifs celui;CONCEPT
Job 14:0;SKN;61-1231M;55;VALIDE;chap->v.14: homme jours vienne;CONCEPT
Ephesiens 4:0;VGR;57-0908E;380;VALIDE;chap->v.30: nattristez saint esprit dieu lequel avez scelles jour;CONCEPT
Ephesiens 4:30;VGR;57-0908E;380;EXACT;nattristez saint esprit dieu lequel avez scelles jour [couverture 9/9];CONCEPT
Galates 3:16;VGR;57-0908E;416;EXACT;cest abraham ont faites plusieurs dun seul christ [couverture 8/14];CONCEPT
Hebreux 10:0;VGR;57-0908E;379;VALIDE;chap->v.34: avez montre avez vos avez;CONCEPT
Jean 4:0;VGR;57-0908E;358;VALIDE;chap->v.24: dieu esprit esprit;CONCEPT
Matthieu 3:0;VGR;57-0908E;440;VALIDE;chap->v.16: jesus leau voici cieux lui ouverts lesprit dieu;CONCEPT
Matthieu 3:0;VGR;57-0908E;442;VALIDE;chap->v.16: jesus baptise leau voici cieux lui ouverts lesprit;CONCEPT
Matthieu 3:0;VGR;57-0908E;443;VALIDE;chap->v.16: jesus baptise leau voici cieux lui ouverts lesprit;CONCEPT
Matthieu 5:28;VGR;57-0908E;247;PARTIEL;commencé, pas achevé — moi dis;CONCEPT
Matthieu 5:45;VGR;57-0908E;351;EXACT;soyez fils pere cieux lever soleil pluie justes [couverture 9/13];CONCEPT
Hebreux 6:0;SKN;60-0221;106;VALIDE;chap->v.4: ont ont goute don participants;CONCEPT
Ephesiens 4:30;SKN;51-0506E;18;VALIDE;nattristez saint esprit dieu lequel avez jour redemption;CONCEPT
Ephesiens 4:30;SKN;53-0906A;103;VALIDE;nattristez saint dieu lequel avez jour redemption;CONCEPT
Ephesiens 4:30;SKN;54-0305;35;EXACT;nattristez saint dieu lequel avez scelles jour redemption [couverture 8/9];CONCEPT
Jean 5:0;SKN;54-0305;45;VALIDE;chap->v.19: jesus verite verite dis fils rien lui meme;CONCEPT
Ephesiens 4:30;SKN;54-0620;33;VALIDE;saint esprit dieu jour redemption;CONCEPT
Galates 1:8;SKN;54-0620;43;VALIDE;ange venu ciel avons quil soit anatheme;CONCEPT
Ephesiens 4:30;SKN;54-0719A;13;VALIDE;nattristez saint esprit dieu lequel avez jour redemption;LECTURE
Galates 1:8;SKN;54-0719A;6;VALIDE;ange ciel avons quil soit anatheme;LECTURE
Psaumes 103:1-3;SKN;54-0719A;13;VALIDE;ame benis leternel moi benisse saint nom noublie;LECTURE
Ephesiens 4:30;SKN;54-1204;73;VALIDE;nattristez saint esprit dieu lequel avez scelles jour;CONCEPT
Jean 3:0;SKN;54-1204;33;VALIDE;chap->v.18: celui croit lui nest celui croit deja parce;CONCEPT
Matthieu 27:0;SKN;54-1204;69;VALIDE;chap->v.11: jesus devant disant roi jesus lui dis;CONCEPT
Ephesiens 4:30;SKN;55-0224;36;VALIDE;saint dieu lequel avez jour redemption;CONCEPT
Ephesiens 4:30;SKN;55-0227A;55;VALIDE;saint esprit dieu lequel avez scelles jour redemption;CONCEPT
Romains 8:1;SKN;55-0227A;48;VALIDE;maintenant aucune condamnation ceux christ jesus;CONCEPT
Ephesiens 4:30;SKN;55-0312;22;VALIDE;saint dieu lequel avez scelles jour redemption;CONCEPT
Hebreux 10:0;SKN;55-0312;14;VALIDE;chap->v.26: pechons volontairement apres recu connaissance verite reste sacrifice;LECTURE
Hebreux 10:0;SKN;55-0312;16;VALIDE;chap->v.26: pechons volontairement apres recu connaissance verite reste sacrifice;CONCEPT
Jean 5:24;SKN;55-0312;23;EXACT;verite dis celui entend parole croit envoye vie [couverture 8/14];CONCEPT
Ephesiens 4:30;SKN;55-0522;99;EXACT;nattristez saint dieu lequel avez scelles jour redemption [couverture 8/9];CONCEPT
Genese 49:0;SKN;55-0522;84;VALIDE;chap->v.8: tes main sera tes;CONCEPT
Ephesiens 4:30;SKN;55-0606;31;VALIDE;saint esprit dieu lequel avez jour redemption;CONCEPT
Ephesiens 4:30;SKN;56-0224;21;VALIDE;nattristez saint esprit dieu lequel avez scelles jour;CONCEPT
Genese 22:0;SKN;56-0224;15;VALIDE;chap->v.7: isaac parla abraham pere pere voici fils voici;CONCEPT
Jean 6:0;SKN;56-0224;57;VALIDE;chap->v.54: celui mange chair boit sang vie eternelle moi;CONCEPT
Joel 2:28;SKN;56-0224;36;VALIDE;arrivera apres cela repandrai esprit chair vos fils;CONCEPT
Romains 4:0;SKN;56-0224;59;VALIDE;chap->v.13: nest loi promesse heritier faite abraham foi;CONCEPT
Ephesiens 4:30;SKN;56-0527;50;VALIDE;nattristez saint dieu lequel avez jour redemption;CONCEPT
Ephesiens 4:30;SKN;56-0603;44;VALIDE;saint esprit dieu lequel avez scelles jour redemption;CONCEPT
Hebreux 10:0;SKN;56-0603;27;VALIDE;chap->v.1: loi biens venir meme choses jamais;CONCEPT
Jean 1:0;SKN;56-0603;48;VALIDE;chap->v.30: celui moi apres moi vient homme prend place;CONCEPT
Romains 8:1;SKN;56-0603;50;VALIDE;maintenant aucune condamnation ceux christ jesus;CONCEPT
Ephesiens 4:30;SKN;56-0621;45;VALIDE;nattristez saint dieu lequel avez scelles jour redemption;CONCEPT
Jean 5:24;SKN;56-0621;55;VALIDE;dis celui entend parole croit envoye vie eternelle;CONCEPT
Psaumes 23:0;SKN;56-0621;17;VALIDE;chap->v.4: meme vallee lombre mort aucun mal moi;CONCEPT
Romains 8:1;SKN;56-0621;42;VALIDE;maintenant aucune condamnation ceux christ jesus;CONCEPT
Ephesiens 4:30;SKN;56-0715;44;VALIDE;nattristez saint dieu lequel avez jour redemption;CONCEPT
Esaie 5:0;SKN;56-0715;46;VALIDE;chap->v.13: cest pourquoi peuple alle quil grands;CONCEPT
Esaie 6:0;SKN;56-0715;46;VALIDE;chap->v.10: cur peuple oreilles bouche yeux quil yeux oreilles;CONCEPT
Esaie 61:1;SKN;56-0715;21;VALIDE;lesprit seigneur moi oint ceux ont;CONCEPT
Hebreux 10:0;SKN;56-0715;14;VALIDE;chap->v.1: loi biens venir meme choses jamais lon;LECTURE
Hebreux 11:1;SKN;56-0715;14;VALIDE;foi choses voit;LECTURE
Jean 1:0;SKN;56-0715;19;VALIDE;chap->v.41: frere etait lun deux entendu lui jean lavaient;CONCEPT
Jean 4:1;SKN;56-0715;19;VALIDE;seigneur pharisiens entendu jesus jean;CONCEPT
Levitique 21:0;SKN;56-0715;15;VALIDE;chap->v.8: saint dieu sera saint saint moi;LECTURE
Ephesiens 4:30;SKN;56-0731;20;VALIDE;nattristez saint dieu lequel avez jour redemption;CONCEPT
Jean 5:19;SKN;56-0731;40;EXACT;jesus verite dis fils rien lui meme quil [couverture 7/14];CONCEPT
Jean 5:19;SKN;56-0731;74;EXACT;jesus dis fils rien lui meme quil chose [couverture 8/14];CONCEPT
Ephesiens 4:30;SKN;56-1209E;36;VALIDE;nattristez saint esprit dieu lequel jour redemption;CONCEPT
Jean 1:0;SKN;56-1209E;81;VALIDE;chap->v.47: nathanael lui venir quelque chose bon nazareth philippe;CONCEPT
Jean 5:0;SKN;56-1209E;80;VALIDE;chap->v.19: jesus verite verite dis fils rien lui meme;CONCEPT
Jean 5:19;SKN;56-1209E;66;EXACT;jesus dis fils rien lui meme quil chose [couverture 5/14];CONCEPT
Jean 5:19;SKN;56-1209E;80;EXACT;jesus verite dis fils rien lui meme quil [couverture 8/14];CONCEPT
Jean 15:0;SKN;56-1209E;98;VALIDE;chap->v.4: moi moi sarment lui meme quil demeure cep;CONCEPT
Marc 11:24;SKN;56-1209E;23;VALIDE;cest dis demanderez priant croyez sera;CONCEPT
Matthieu 8:0;SKN;56-1209E;22;VALIDE;chap->v.17: fut accompli esaie prophete lui meme pris nos;CONCEPT
Matthieu 27:0;SKN;56-1209E;27;VALIDE;chap->v.43: sest dieu quil maintenant lui dieu;CONCEPT
Ephesiens 4:30;SKN;57-0804E;16;VALIDE;nattristez saint esprit dieu lequel avez jour redemption;CONCEPT
Hebreux 13:8;SKN;57-0804E;8;VALIDE;jesus meme hier aujourdhui eternellement;LECTURE
Jean 5:0;SKN;57-0804E;35;VALIDE;chap->v.19: jesus verite verite dis fils rien lui meme;CONCEPT
Jean 5:0;SKN;57-0804E;36;VALIDE;chap->v.19: jesus verite verite dis fils rien lui meme;CONCEPT
Jean 5:19;SKN;57-0804E;37;VALIDE;jesus verite dis fils rien lui meme quil;CONCEPT
Jean 15:0;SKN;57-0804E;17;VALIDE;chap->v.2: sarment moi porte fruit sarment porte fruit afin;CONCEPT
Marc 16:0;SKN;57-0804E;14;VALIDE;chap->v.19: apres parle fut eleve haut dieu;LECTURE
Matthieu 24:0;SKN;57-0804E;18;VALIDE;chap->v.21: alors aura grande telle quil depuis maintenant quil;CONCEPT
Ephesiens 4:30;SKN;58-1221E;78;VALIDE;saint esprit dieu;CONCEPT
Luc 24:49;SKN;58-1221E;91;PARTIEL;commencé, pas achevé — voici puissance;CONCEPT
Ephesiens 4:30;SKN;59-0612;28;VALIDE;nattristez saint esprit dieu lequel avez scelles jour;CONCEPT
Jean 4:0;SKN;59-0612;67;VALIDE;chap->v.9: femme samaritaine lui toi juif boire moi suis;CONCEPT
Ephesiens 4:30;SKN;60-0229;54;VALIDE;saint esprit dieu lequel avez scelles jour redemption;CONCEPT
Jean 5:24;SKN;60-0229;54;EXACT;verite dis celui entend parole croit envoye vie [couverture 7/14];CONCEPT
Ephesiens 4:30;SKN;60-0522E;119;EXACT;saint dieu lequel avez scelles jour redemption [couverture 7/9];CONCEPT
Esaie 9:6;SKN;60-0522E;192;VALIDE;enfant fils donne dieu;CONCEPT
Galates 1:8;SKN;60-0522E;115;VALIDE;ange soit anatheme;CONCEPT
Genese 2:0;SKN;60-0522E;76;VALIDE;chap->v.18: dieu bon soit seul lui lui;CONCEPT
Genese 14:0;SKN;60-0522E;44;VALIDE;chap->v.20: beni soit dieu haut livre lui donna dime;CONCEPT
Genese 14:18;SKN;60-0522E;44;EXACT;roi salem etait sacrificateur dieu haut [couverture 6/11];CONCEPT
Jean 17:17;SKN;60-0522E;111;EXACT;sanctifie verite parole [couverture 4/4];CONCEPT
Job 7:27;SKN;60-0522E;177;LAPSUS;annoncé — dit en réalité job 7:17;CONCEPT
job 7:17;SKN;60-0522E;177;LAPSUS-LU;lu — annoncé sous Job 7:27;CONCEPT
Matthieu 16:16;SKN;60-0522E;64;VALIDE;simon pierre dieu;CONCEPT
Ephesiens 4:30;SKN;60-0607;60;VALIDE;saint esprit dieu lequel avez scelles jour redemption;CONCEPT
Jean 5:19;SKN;60-0607;52;EXACT;jesus verite dis fils rien lui pere celui [couverture 8/14];CONCEPT
Ephesiens 4:30;SKN;60-0802;86;VALIDE;nattristez saint esprit dieu lequel avez scelles jour;CONCEPT
Hebreux 10:0;SKN;60-0802;11;VALIDE;chap->v.31: cest chose terrible tomber mains dieu vivant;CONCEPT
Ephesiens 4:30;SKN;61-0317;31;VALIDE;saint dieu lequel avez scelles jour redemption;CONCEPT
Exode 19:0;SKN;61-0317;6;VALIDE;chap->v.1: apres pays meme desert;CONCEPT
Exode 19:0;SKN;61-0317;22;VALIDE;chap->v.1: apres fils pays meme;CONCEPT
Genese 12:0;SKN;61-0317;49;VALIDE;chap->v.19: sorte lai femme maintenant voici femme ten;CONCEPT
Genese 12:0;SKN;61-0317;50;VALIDE;chap->v.19: sorte lai femme maintenant voici femme ten;CONCEPT
Genese 15:0;SKN;61-0317;50;VALIDE;chap->v.4: voici parole lui heritier tes lui;CONCEPT
Genese 18:0;SKN;61-0317;57;VALIDE;chap->v.10: certainement toi terme sera voici femme aura fils;CONCEPT
Genese 22:14;SKN;61-0317;16;VALIDE;abraham nom lieu jehovah montagne sera pourvu;CONCEPT
Hebreux 10:0;SKN;61-0317;14;VALIDE;chap->v.29: combien pensez sera juge digne celui foule pieds;CONCEPT
Hebreux 13:8;SKN;61-0317;73;VALIDE;jesus christ meme hier eternellement;CONCEPT
Hebreux 13:12;SKN;61-0317;49;VALIDE;jesus afin sanctifie peuple propre sang souffert hors;CONCEPT
Matthieu 1:18;SKN;61-0317;29;VALIDE;jesus christ ainsi etant;CONCEPT
Ephesiens 4:30;SKN;61-0402;125;EXACT;saint esprit dieu lequel avez scelles jour redemption [couverture 8/9];CONCEPT
Ephesiens 4:30;SKN;61-0402;203;VALIDE;saint dieu jour redemption;CONCEPT
Marc 16:0;SKN;61-0402;191;VALIDE;chap->v.12: apres autre forme deux etaient;CONCEPT
Romains 4:25;SKN;61-0402;202;VALIDE;livre nos ressuscite justification;CONCEPT
Ephesiens 4:30;SKN;61-1105;72;EXACT;saint dieu lequel avez scelles jour redemption [couverture 7/9];CONCEPT
Esaie 9:6;SKN;61-1105;100;VALIDE;enfant fils donne conseiller dieu pere;CONCEPT
Esaie 28:11;SKN;61-1105;138;PARTIEL;commencé, pas achevé — peuple;CONCEPT
Jean 3:0;SKN;61-1105;65;VALIDE;chap->v.31: celui vient haut celui terre terre parle etant;CONCEPT
Jean 3:31;SKN;61-1105;65;EXACT;celui vient haut terre parle etant ciel [couverture 12/14];CONCEPT
Joel 2:28;SKN;61-1105;130;EXACT;arrivera cela repandrai esprit chair vos fils filles [couverture 10/14];CONCEPT
Luc 24:49;SKN;61-1105;159;VALIDE;voici moi promesse pere ville soyez revetus puissance;CONCEPT
Malachie 4:0;SKN;61-1105;228;VALIDE;chap->v.1: jour four ceux seront jour brulera;CONCEPT
Marc 16:0;SKN;61-1105;221;VALIDE;chap->v.17: accompagneront ceux auront cru nom chasseront demons parleront;CONCEPT
Matthieu 9:0;SKN;61-1105;24;VALIDE;chap->v.10: etait table maison voici table;CONCEPT
Psaumes 22:0;SKN;61-1105;105;VALIDE;chap->v.16: ont perce mes mains mes pieds;CONCEPT
Ephesiens 4:30;SKN;62-0121M;31;VALIDE;nattristez saint dieu lequel avez jour redemption;CONCEPT
Genese 22:0;SKN;62-0121M;23;VALIDE;chap->v.13: abraham leva yeux vit voici avait derriere lui;CONCEPT
Ephesiens 4:30;SKN;62-0122;49;EXACT;nattristez saint dieu lequel avez jour redemption [couverture 6/9];CONCEPT
Jean 4:0;SKN;62-0122;126;VALIDE;chap->v.10: jesus lui don dieu celui toi lui demande;CONCEPT
Jean 4:0;SKN;62-0122;130;VALIDE;chap->v.25: femme lui sais messie christ celui sera venu;CONCEPT
Jean 5:0;SKN;62-0122;127;VALIDE;chap->v.19: jesus verite verite dis fils rien lui meme;CONCEPT
Jean 14:12;SKN;62-0122;21;VALIDE;verite dis celui croit moi fera lui fais;CONCEPT
Jean 14:12;SKN;62-0122;32;EXACT;verite dis celui croit moi fera lui fais [couverture 11/14];CONCEPT
Marc 16:0;SKN;62-0122;21;VALIDE;chap->v.14: apparut onze etaient table reprocha incredulite durete parce;CONCEPT
Marc 16:0;SKN;62-0122;28;VALIDE;chap->v.16: celui cru baptise sera sauve celui cru sera;CONCEPT
Marc 16:0;SKN;62-0122;43;VALIDE;chap->v.6: lui jesus nest ici voici lavait mis;CONCEPT
Ephesiens 4:30;SKN;62-0124;11;EXACT;saint dieu lequel avez scelles jour redemption [couverture 7/9];CONCEPT
Esaie 28:19;SKN;62-0124;70;VALIDE;apres jour sera;CONCEPT
Hebreux 4:0;SKN;62-0124;102;VALIDE;chap->v.12: parole dieu vivante penetrante epee deux tranchants;CONCEPT
Hebreux 13:8;SKN;62-0124;59;VALIDE;jesus meme hier eternellement;CONCEPT
Hebreux 13:8;SKN;62-0124;121;VALIDE;jesus christ meme hier eternellement;CONCEPT
Jean 5:19;SKN;62-0124;100;EXACT;jesus verite dis fils rien lui meme chose [couverture 6/14];CONCEPT
Jean 5:24;SKN;62-0124;24;EXACT;celui parole croit envoye vie eternelle vient jugement [couverture 10/14];CONCEPT
Jean 14:12;SKN;62-0124;116;VALIDE;dis lui fais;CONCEPT
Joel 2:28;SKN;62-0124;70;VALIDE;apres cela repandrai esprit chair vos fils filles;CONCEPT
Ephesiens 4:30;SKN;64-0322;58;VALIDE;saint dieu scelles;CONCEPT
Ephesiens 4:30;SKN;64-0322;76;EXACT;nattristez saint dieu lequel avez jour redemption [couverture 7/9];CONCEPT
Genese 22:0;SKN;64-0322;18;VALIDE;chap->v.17: benirai multiplierai etoiles cieux sable bord mer possedera;CONCEPT
Genese 22:0;SKN;64-0322;47;VALIDE;chap->v.7: isaac abraham pere pere voici fils voici feu;CONCEPT
Jean 6:0;SKN;64-0322;80;VALIDE;chap->v.31: nos peres ont mange manne desert pain ciel;CONCEPT
Jean 14:12;SKN;64-0322;115;VALIDE;celui croit moi lui vais;CONCEPT
Ephesiens 4:30;SKN;64-0403;74;EXACT;saint esprit dieu lequel avez scelles jour redemption [couverture 8/9];CONCEPT
Genese 1:26;SKN;64-0403;156;VALIDE;dieu homme selon;CONCEPT
Jean 14:12;SKN;64-0403;16;EXACT;croit moi fera fais parce [couverture 6/14];CONCEPT
Jean 15:0;SKN;64-0403;16;VALIDE;chap->v.4: demeurez moi moi sarment meme demeure cep meme;CONCEPT
Luc 17:28;SKN;64-0403;184;PARTIEL;commencé, pas achevé — meme jours;CONCEPT
Malachie 4:0;SKN;64-0403;162;VALIDE;chap->v.6: peres fils fils peres vienne;CONCEPT
Marc 16:0;SKN;64-0403;25;VALIDE;chap->v.18: auront quelque chose cela imposeront mains ceux;CONCEPT
Marc 16:0;SKN;64-0403;47;VALIDE;chap->v.6: lui jesus ressuscite;CONCEPT
Matthieu 27:0;SKN;64-0403;144;VALIDE;chap->v.63: seigneur etait vie apres ressuscite;CONCEPT
Ephesiens 4:30;SKN;65-0418E;4;EXACT;nattristez saint dieu lequel avez scelles jour [couverture 6/9];CONCEPT
Luc 17:30;SKN;65-0418E;145;PARTIEL;commencé, pas achevé — meme;CONCEPT
Matthieu 28:19;SKN;65-0418E;145;PARTIEL;commencé, pas achevé — faites nom;CONCEPT
Nombres 22:0;SKN;65-0418E;62;VALIDE;chap->v.6: maintenant prie moi moi pourrai;CONCEPT
Ephesiens 4:30;VGR;55-0522;84;EXACT;nattristez saint esprit dieu lequel avez scelles jour [couverture 9/9];CONCEPT
Genese 49:0;VGR;55-0522;69;VALIDE;chap->v.8: tes main sera tes;CONCEPT
Ephesiens 4:30;VGR;56-0527;108;EXACT;nattristez saint dieu lequel avez scelles jour redemption [couverture 8/9];CONCEPT
Ephesiens 4:30;VGR;56-0715;115;EXACT;nattristez saint dieu lequel avez scelles jour redemption [couverture 8/9];CONCEPT
Esaie 5:0;VGR;56-0715;122;VALIDE;chap->v.13: cest pourquoi alle quil;CONCEPT
Esaie 6:0;VGR;56-0715;122;VALIDE;chap->v.11: seigneur sorte quil sorte quil;CONCEPT
Esaie 61:1;VGR;56-0715;52;EXACT;lesprit seigneur moi oint envoye ceux [couverture 5/14];CONCEPT
Hebreux 10:0;VGR;56-0715;32;VALIDE;chap->v.1: loi biens venir meme choses jamais;CONCEPT
Hebreux 11:1;VGR;56-0715;32;PARTIEL;commencé, pas achevé — foi choses;CONCEPT
Jean 1:0;VGR;56-0715;47;VALIDE;chap->v.1: commencement etait etait dieu etait dieu;CONCEPT
Jean 1:4;VGR;56-0715;47;PARTIEL;commencé, pas achevé — etait;CONCEPT
Ephesiens 4:30;VGR;58-1221E;78;VALIDE;saint esprit dieu;CONCEPT
Luc 24:49;VGR;58-1221E;91;VALIDE;voici jusqua puissance;CONCEPT
Ephesiens 4:30;VGR;60-0221;135;EXACT;nattristez saint esprit dieu lequel avez scelles jour [couverture 9/9];CONCEPT
Hebreux 6:0;VGR;60-0221;106;VALIDE;chap->v.5: ont goute parole dieu siecle venir;CONCEPT
Hebreux 10:0;VGR;60-0221;106;VALIDE;chap->v.10: cest avons sanctifies jesus fois;CONCEPT
Romains 9:11;VGR;60-0221;7;EXACT;enfants nes quils afin dieu selon [couverture 6/14];LECTURE
Ephesiens 4:30;VGR;60-0522E;119;EXACT;nattristez saint esprit dieu lequel avez scelles jour [couverture 9/9];CONCEPT
Esaie 9:6;VGR;60-0522E;192;VALIDE;enfant fils donne sera dieu fort;CONCEPT
Galates 1:8;VGR;60-0522E;115;VALIDE;ange quil soit anatheme;CONCEPT
Genese 2:0;VGR;60-0522E;76;VALIDE;chap->v.18: dieu bon lhomme soit seul lui lui;CONCEPT
Genese 14:0;VGR;60-0522E;44;VALIDE;chap->v.20: beni soit dieu haut livre lui donna dime;CONCEPT
Genese 14:18;VGR;60-0522E;44;EXACT;roi salem vin etait sacrificateur dieu haut [couverture 6/11];CONCEPT
Jean 17:17;VGR;60-0522E;111;EXACT;sanctifie verite parole [couverture 4/4];CONCEPT
Job 7:27;VGR;60-0522E;177;LAPSUS;annoncé — dit en réalité job 7:17;CONCEPT
job 7:17;VGR;60-0522E;177;LAPSUS-LU;lu — annoncé sous Job 7:27;CONCEPT
Matthieu 16:16;VGR;60-0522E;64;VALIDE;simon pierre dieu;CONCEPT
Ephesiens 4:30;VGR;62-0121M;73;EXACT;nattristez saint dieu lequel avez scelles jour redemption [couverture 8/9];CONCEPT
Genese 22:0;VGR;62-0121M;52;VALIDE;chap->v.13: abraham leva yeux vit voici avait derriere lui;CONCEPT
Ephesiens 4:30;VGR;62-0122;114;EXACT;nattristez saint esprit dieu lequel avez scelles jour [couverture 9/9];CONCEPT
Jean 4:0;VGR;62-0122;336;VALIDE;chap->v.9: femme juif moi suis femme;CONCEPT
Jean 4:0;VGR;62-0122;347;VALIDE;chap->v.25: femme lui sais messie christ sera choses;CONCEPT
Jean 5:0;VGR;62-0122;339;VALIDE;chap->v.4: ange descendait agitait leau apres leau avait etait;CONCEPT
Jean 14:12;VGR;62-0122;51;VALIDE;verite dis celui croit moi fera uvres fais;CONCEPT
Jean 14:12;VGR;62-0122;52;EXACT;verite dis celui croit moi fera uvres fais [couverture 12/14];CONCEPT
Jean 14:12;VGR;62-0122;76;EXACT;verite dis celui croit moi fera uvres fais [couverture 11/14];CONCEPT
Marc 16:0;VGR;62-0122;51;VALIDE;chap->v.14: apparut onze etaient table reprocha durete cur parce;CONCEPT
Marc 16:0;VGR;62-0122;68;VALIDE;chap->v.16: celui cru baptise sera sauve celui cru sera;CONCEPT
Marc 16:0;VGR;62-0122;98;VALIDE;chap->v.17: ici signes accompagneront ceux auront cru;CONCEPT
Marc 16:0;VGR;62-0122;99;VALIDE;chap->v.17: signes accompagneront ceux auront cru;CONCEPT
Ephesiens 4:30;VGR;64-0322;58;VALIDE;saint dieu scelles;CONCEPT
Ephesiens 4:30;VGR;64-0322;76;EXACT;nattristez saint dieu lequel avez scelles jour redemption [couverture 8/9];CONCEPT
Genese 22:0;VGR;64-0322;18;VALIDE;chap->v.16: jai jure moi leternel parce nas refuse fils;CONCEPT
Genese 22:0;VGR;64-0322;47;VALIDE;chap->v.7: isaac abraham pere pere voici fils voici feu;CONCEPT
Jean 6:0;VGR;64-0322;80;VALIDE;chap->v.31: nos peres ont mange manne desert quil pain;CONCEPT
Jean 14:12;VGR;64-0322;115;VALIDE;celui croit moi lui fais parce men;CONCEPT
Ephesiens 4:30;VGR;64-0403;119;EXACT;nattristez saint dieu lequel avez scelles jour redemption [couverture 8/9];CONCEPT
Genese 1:26;VGR;64-0403;199;PARTIEL;commencé, pas achevé — dieu homme;CONCEPT
Jean 14:12;VGR;64-0403;62;EXACT;celui croit moi fera lui uvres fais parce [couverture 9/14];CONCEPT
Jean 15:0;VGR;64-0403;62;VALIDE;chap->v.5: moi suis cep sarments celui demeure moi moi;CONCEPT
Luc 17:28;VGR;64-0403;226;VALIDE;meme arriva jours;CONCEPT
Malachie 4:0;VGR;64-0403;205;VALIDE;chap->v.6: cur peres fils cur fils peres;CONCEPT
Marc 16:0;VGR;64-0403;71;VALIDE;chap->v.17: ici signes accompagneront ceux auront cru;CONCEPT
Marc 16:0;VGR;64-0403;93;VALIDE;chap->v.6: lui jesus ressuscite nest voici;CONCEPT
Matthieu 27:0;VGR;64-0403;187;VALIDE;chap->v.40: toi detruis toi toi meme dieu;CONCEPT
Ephesiens 4:30;VGR;65-0418E;4;EXACT;nattristez saint dieu lequel avez scelles jour [couverture 6/9];CONCEPT
Luc 17:30;VGR;65-0418E;145;PARTIEL;commencé, pas achevé — meme;CONCEPT
Matthieu 28:19;VGR;65-0418E;145;PARTIEL;commencé, pas achevé — faites nom;CONCEPT
Nombres 22:31;VGR;65-0418E;62;PARTIEL;commencé, pas achevé — main;CONCEPT
Ephesiens 5:26;SKN;55-0221;35;VALIDE;afin quil lavage parole;CONCEPT
Hebreux 10:0;SKN;55-0221;44;VALIDE;chap->v.10: cest sanctifies corps jesus christ faite fois;CONCEPT
Marc 16:0;SKN;55-0221;49;VALIDE;chap->v.6: lui jesus ressuscite nest voici mis;CONCEPT
Nombres 19:0;SKN;55-0221;8;VALIDE;chap->v.4: eleazar sacrificateur prendra sang doigt fera sang sept;LECTURE
Romains 8:1;SKN;55-0221;26;EXACT;maintenant condamnation ceux christ jesus [couverture 5/6];CONCEPT
Esaie 1:0;SKN;63-1028;43;VALIDE;chap->v.11: vos sacrifices suis beliers graisse;CONCEPT
Esaie 53:5;SKN;63-1028;65;VALIDE;blesse nos meurtri chatiment paix lui meurtrissures sommes;CONCEPT
Hebreux 9:0;SKN;63-1028;68;VALIDE;chap->v.7: seul souverain sacrificateur sang lui meme;CONCEPT
Hebreux 9:11;SKN;63-1028;68;PARTIEL;commencé, pas achevé — souverain sacrificateur;CONCEPT
Hebreux 13:8;SKN;63-1028;28;VALIDE;jesus christ meme hier;CONCEPT
Jean 1:0;SKN;63-1028;62;VALIDE;chap->v.1: commencement etait parole parole etait dieu parole etait;CONCEPT
Jean 12:14;SKN;63-1028;61;VALIDE;jesus ayant trouve;CONCEPT
Romains 5:1;SKN;63-1028;16;VALIDE;foi dieu jesus christ;CONCEPT
Romains 8:28;SKN;63-1028;12;VALIDE;savons choses ceux aiment dieu appeles selon;LECTURE
Esaie 1:0;VGR;63-1028;101;VALIDE;chap->v.24: cest pourquoi seigneur puissant;CONCEPT
Esaie 53:5;VGR;63-1028;162;EXACT;blesse nos meurtri chatiment paix lui meurtrissures sommes [couverture 10/12];CONCEPT
Hebreux 9:0;VGR;63-1028;171;VALIDE;chap->v.7: seul sang quil lui;CONCEPT
Hebreux 9:11;VGR;63-1028;171;PARTIEL;commencé, pas achevé — cest;CONCEPT
Hebreux 13:8;VGR;63-1028;64;EXACT;jesus meme hier aujourdhui eternellement [couverture 5/6];CONCEPT
Jean 1:0;VGR;63-1028;152;VALIDE;chap->v.1: commencement etait parole parole etait dieu parole etait;CONCEPT
Jean 12:14;VGR;63-1028;149;PARTIEL;commencé, pas achevé — jesus quil;CONCEPT
Romains 5:1;VGR;63-1028;35;VALIDE;ayant foi dieu jesus christ;CONCEPT
Romains 8:28;VGR;63-1028;24;EXACT;savons choses travaillent ceux aiment dieu appeles selon [couverture 9/11];CONCEPT
Esaie 1:8;SKN;60-0806;38;PARTIEL;commencé, pas achevé — fille;CONCEPT
Hebreux 11:0;SKN;60-0806;29;VALIDE;chap->v.24: foi moise devenu grand appele fils fille;CONCEPT
Jean 14:0;SKN;60-0806;33;VALIDE;chap->v.10: crois suis pere pere dis dis pere;CONCEPT
Esaie 4:1;VGR;54-0103E;92;EXACT;sept femmes saisiront seul homme jour disant mangerons [couverture 12/14];CONCEPT
Exode 4:24;VGR;54-0103E;79;VALIDE;leternel lui mourir;CONCEPT
Genese 44:49;VGR;54-0103E;165;LAPSUS;annoncé — dit en réalité genese 44:10;CONCEPT
genese 44:10;VGR;54-0103E;165;LAPSUS-LU;lu — annoncé sous Genese 44:49;CONCEPT
Jean 17:17;VGR;54-0103E;56;PARTIEL;commencé, pas achevé — sanctifie;CONCEPT
Matthieu 10:0;VGR;54-0103E;56;VALIDE;chap->v.25: disciple quil quil seigneur ont;CONCEPT
Esaie 9:0;SKN;53-0507;32;VALIDE;chap->v.17: cest pourquoi seigneur gens gens font;CONCEPT
Jean 5:19;SKN;53-0507;2;EXACT;jesus dis fils lui meme quil voie chose [couverture 10/14];CONCEPT
Marc 11:24;SKN;53-0507;16;VALIDE;cest dis priant croyez sera;CONCEPT
Matthieu 27:0;SKN;53-0507;20;VALIDE;chap->v.63: seigneur pendant quil etait vie apres jours ressuscite;CONCEPT
Esaie 9:5;SKN;59-1126;20;PARTIEL;commencé, pas achevé — roule;CONCEPT
Esaie 9:6;SKN;59-1126;20;VALIDE;enfant fils donne epaule conseiller dieu fort pere;CONCEPT
Jean 5:19;SKN;59-1126;55;EXACT;jesus verite dis fils rien lui meme chose [couverture 6/14];CONCEPT
Esaie 9:5;SKN;61-0121;14;PARTIEL;commencé, pas achevé — roule seront;CONCEPT
Esaie 9:6;SKN;61-0121;14;EXACT;enfant fils donne sera epaule conseiller dieu pere [couverture 7/14];CONCEPT
Esaie 9:6;SKN;61-0121;22;VALIDE;enfant donne sera epaule dieu pere;CONCEPT
Hebreux 4:0;SKN;61-0121;30;VALIDE;chap->v.4: ainsi quelque part jour dieu jour;CONCEPT
Esaie 9:5;SKN;61-0207;52;VALIDE;quon roule feu;CONCEPT
Esaie 9:6;SKN;61-0207;57;VALIDE;enfant fils nom dieu pere;CONCEPT
Esaie 35:0;SKN;61-0207;45;VALIDE;chap->v.8: aura grande route chemin sera appele chemin saintete;CONCEPT
Hebreux 4:0;SKN;61-0207;24;VALIDE;chap->v.8: avait donne repos parle cela dun autre jour;CONCEPT
Esaie 9:6;SKN;53-1121;14;EXACT;enfant fils donne sera epaule nom conseiller dieu [couverture 5/14];CONCEPT
Hebreux 13:8;SKN;53-1121;26;VALIDE;jesus meme hier aujourdhui eternellement;CONCEPT
Jean 5:19;SKN;53-1121;27;EXACT;jesus verite dis fils rien lui meme quil [couverture 7/14];CONCEPT
Jean 5:19;SKN;53-1121;28;EXACT;jesus verite dis fils rien lui meme quil [couverture 6/14];CONCEPT
Esaie 9:6;SKN;57-0301;29;VALIDE;enfant fils donne sera merveilleux dieu;CONCEPT
Jean 14:0;SKN;57-0301;7;VALIDE;chap->v.10: moi suis pere pere moi moi dis dis;LECTURE
Luc 18:40-43;SKN;57-0301;6;EXACT;jesus setant arrete ordonna quon lui amene veux [couverture 5/10];LECTURE
Esaie 9:6;SKN;59-0409;8;VALIDE;enfant fils donne sera epaule dieu pere;CONCEPT
Esaie 9:6;SKN;59-0417;48;EXACT;enfant fils donne sera nom dieu fort pere [couverture 5/14];CONCEPT
Jean 5:14;SKN;59-0417;9;VALIDE;jesus lui gueri peche;CONCEPT
Esaie 9:6;SKN;60-0311;12;VALIDE;enfant fils donne sera epaule merveilleux conseiller dieu;CONCEPT
Esaie 9:6;SKN;60-0331;18;VALIDE;enfant fils donne sera appellera nom merveilleux dieu;CONCEPT
Esaie 9:6;SKN;60-0716;119;EXACT;fils donne sera nom dieu pere [couverture 5/14];CONCEPT
Hebreux 13:8;SKN;60-0716;121;VALIDE;jesus christ meme hier aujourdhui eternellement;CONCEPT
Jean 5:19;SKN;60-0716;125;EXACT;jesus verite dis fils rien lui meme quil [couverture 6/14];CONCEPT
Jean 15:0;SKN;60-0716;110;VALIDE;chap->v.2: sarment moi porte fruit sarment porte fruit quil;CONCEPT
Esaie 9:6;SKN;61-0308;82;VALIDE;enfant fils donne sera epaule nom conseiller dieu;CONCEPT
Hebreux 3:0;SKN;61-0308;7;VALIDE;chap->v.1: freres souverain sacrificateur confession jesus;CONCEPT
Hebreux 4:0;SKN;61-0308;34;VALIDE;chap->v.4: quelque part jour dieu jour;CONCEPT
Psaumes 103:3;SKN;61-0308;2;VALIDE;lui tes guerit;CONCEPT
Esaie 9:6;SKN;62-0715;55;VALIDE;fils donne sera nom dieu pere;CONCEPT
Jean 5:19;SKN;62-0715;46;VALIDE;jesus dis rien lui meme quil chose pere;CONCEPT
Matthieu 3:0;SKN;62-0715;62;VALIDE;chap->v.3: cest ici parle prophete seigneur;CONCEPT
Esaie 21:0;SKN;60-0303;11;VALIDE;chap->v.12: sentinelle matin vient nuit voulez enquerir enquerez revenez;LECTURE
Esaie 21:11;SKN;60-0303;11;EXACT;duma crie sentinelle nuit [couverture 6/9];LECTURE
Zacharie 14:6;SKN;60-0303;10;EXACT;arrivera jour aura lumiere luminaires seront obscurcis [couverture 7/8];LECTURE
Esaie 28:0;SKN;61-1001E;170;VALIDE;chap->v.12: avait cest ici cest ici;CONCEPT
Esaie 28:18;SKN;61-1001E;170;PARTIEL;commencé, pas achevé — sera;CONCEPT
Jean 14:0;SKN;61-1001E;41;VALIDE;chap->v.17: lesprit verite monde recevoir parce quil voit connait;CONCEPT
Esaie 28:0;SKN;65-1212;34;VALIDE;chap->v.13: parole commandement commandement commandement commandement ici;CONCEPT
Esaie 28:0;SKN;65-1212;35;VALIDE;chap->v.8: tables pleines sorte;CONCEPT
Esaie 35:0;SKN;65-1212;34;VALIDE;chap->v.4: cur voici dieu dieu;CONCEPT
Esaie 60:0;SKN;65-1212;34;VALIDE;chap->v.17: ferai venir fer ferai venir;CONCEPT
Galates 1:8;SKN;65-1212;24;VALIDE;ange ciel soit anatheme;CONCEPT
Galates 1:8;SKN;65-1212;67;EXACT;memes ange venu ciel avons soit anatheme [couverture 7/11];CONCEPT
Esaie 28:0;VGR;65-1212;34;VALIDE;chap->v.11: levres begayantes langue etrangere parlera peuple;CONCEPT
Esaie 28:0;VGR;65-1212;35;VALIDE;chap->v.11: levres begayantes langue etrangere parlera peuple;CONCEPT
Esaie 35:0;VGR;65-1212;34;VALIDE;chap->v.4: cur voici dieu dieu;CONCEPT
Esaie 60:0;VGR;65-1212;34;VALIDE;chap->v.17: ferai venir fer ferai venir;CONCEPT
Galates 1:8;VGR;65-1212;24;EXACT;ange venu ciel quil soit anatheme [couverture 6/11];CONCEPT
Galates 1:8;VGR;65-1212;67;EXACT;ange ciel avons quil soit anatheme [couverture 6/11];CONCEPT
Esaie 28:18;SKN;54-0720A;66;PARTIEL;commencé, pas achevé — lui;CONCEPT
Jean 14:0;SKN;54-0720A;13;VALIDE;chap->v.10: crois moi suis pere pere moi moi dis;LECTURE
Marc 11:0;SKN;54-0720A;29;VALIDE;chap->v.3: quelquun pourquoi faites cela seigneur besoin aussitot ici;CONCEPT
Esaie 28:18;SKN;62-0128M;36;PARTIEL;commencé, pas achevé — sera;CONCEPT
Galates 1:8;SKN;62-0128M;29;VALIDE;memes ange avons soit anatheme;CONCEPT
Joel 2:28;SKN;62-0128M;36;VALIDE;apres cela repandrai esprit chair vos fils filles;CONCEPT
Esaie 28:19;SKN;62-0521;99;VALIDE;quil jour sera;CONCEPT
Hebreux 4:12;SKN;62-0521;19;VALIDE;parole dieu epee lame;CONCEPT
Hebreux 13:8;SKN;62-0521;90;EXACT;jesus christ meme hier aujourdhui eternellement [couverture 6/6];CONCEPT
Joel 2:28;SKN;62-0521;100;EXACT;cela repandrai esprit chair vos fils filles prophetiseront [couverture 11/14];CONCEPT
Esaie 32:2;SKN;62-0513E;25;EXACT;sera contre vent abri deau lieu sec lombre [couverture 9/14];CONCEPT
Proverbes 18:10;SKN;62-0513E;25;EXACT;nom leternel forte tour juste trouve [couverture 6/9];CONCEPT
Esaie 32:2;SKN;62-0518;13;VALIDE;homme sera contre vent abri deau lieu lombre;LECTURE
Marc 16:0;SKN;62-0518;107;VALIDE;chap->v.17: ici accompagneront ceux auront cru nom nouvelles;CONCEPT
Esaie 32:2;SKN;62-0622B;21;VALIDE;homme sera abri dun;CONCEPT
Esaie 32:2;SKN;63-0113M;16;VALIDE;sera contre vent abri deau lieu sec lombre;CONCEPT
Job 14:0;SKN;63-0113M;3;VALIDE;chap->v.12: ainsi lhomme quil ait;CONCEPT
Esaie 32:2;VGR;63-0113M;37;EXACT;sera contre vent abri deau lieu lombre dun [couverture 8/14];CONCEPT
Job 14:0;VGR;63-0113M;8;VALIDE;chap->v.22: lui meme lui meme;LECTURE
Esaie 35:0;SKN;53-0607E;5;VALIDE;chap->v.4: ceux ont soyez dieu vient dieu;LECTURE
Hebreux 11:2;SKN;53-0607E;1;VALIDE;cest ont temoignage;LECTURE
Esaie 35:0;SKN;63-0412E;86;VALIDE;chap->v.4: voici dieu dieu;CONCEPT
Jean 11:0;SKN;63-0412E;232;VALIDE;chap->v.6: quil lazare etait jours etait;CONCEPT
Malachie 4:0;SKN;63-0412E;156;VALIDE;chap->v.6: fera peres peres;CONCEPT
Marc 11:24;SKN;63-0412E;264;VALIDE;cest pourquoi dis croyez;CONCEPT
Matthieu 11:25;SKN;63-0412E;54;EXACT;temps jesus loue pere seigneur ciel terre cache [couverture 5/14];CONCEPT
Esaie 35:0;SKN;63-0606;21;VALIDE;chap->v.4: ont voici dieu dieu;CONCEPT
Jean 3:16;SKN;63-0606;11;EXACT;dieu quil donne fils afin lui [couverture 5/14];CONCEPT
Jean 14:8;SKN;63-0606;64;VALIDE;lui pere cela;CONCEPT
Jean 14:12;SKN;63-0606;83;EXACT;verite dis celui croit moi fera lui fais [couverture 8/14];CONCEPT
Marc 11:22;SKN;63-0606;51;PARTIEL;commencé, pas achevé — jesus dieu;CONCEPT
Esaie 38:0;SKN;63-0724;27;VALIDE;chap->v.1: jours ezechias fut malade mort esaie prophete fils;CONCEPT
Jean 5:24;SKN;63-0724;173;EXACT;dis celui entend parole envoye vie eternelle jugement [couverture 8/14];CONCEPT
Matthieu 28:16;SKN;63-0724;19;PARTIEL;commencé, pas achevé — sen;CONCEPT
Esaie 38:0;VGR;63-0724;27;VALIDE;chap->v.1: jours ezechias fut malade mort esaie prophete fils;CONCEPT
Jean 5:24;VGR;63-0724;174;EXACT;dis celui entend parole envoye vie eternelle jugement [couverture 7/14];CONCEPT
Matthieu 28:16;VGR;63-0724;19;PARTIEL;commencé, pas achevé — sen rendre;CONCEPT
Esaie 40:0;SKN;50-0409;3;VALIDE;chap->v.10: voici seigneur viendra puissance lui voici lui devant;LECTURE
Marc 16:0;SKN;50-0409;1;VALIDE;chap->v.17: accompagneront ceux auront cru nom chasseront demons parleront;CONCEPT
Esaie 40:0;SKN;61-0129;53;VALIDE;chap->v.14: lui donne juste lui lui connaitre;CONCEPT
Exode 19:0;SKN;61-0129;9;VALIDE;chap->v.1: apres meme jour desert;CONCEPT
Jean 5:0;SKN;61-0129;44;VALIDE;chap->v.26: vie lui meme ainsi donne vie lui meme;CONCEPT
Esaie 40:0;SKN;63-0120M;15;VALIDE;chap->v.8: parole dieu toujours;LECTURE
Marc 11:22;SKN;63-0120M;119;PARTIEL;commencé, pas achevé — jesus dieu;CONCEPT
Esaie 40:0;SKN;64-0404;71;VALIDE;chap->v.10: voici lui voici lui lui;CONCEPT
Genese 15:0;SKN;64-0404;138;VALIDE;chap->v.4: parole lui celui celui lui;CONCEPT
Jean 14:12;SKN;64-0404;143;PARTIEL;commencé, pas achevé — lui fais;CONCEPT
Luc 17:0;SKN;64-0404;144;VALIDE;chap->v.30: sera meme jour fils sera manifeste;CONCEPT
Malachie 3:0;SKN;64-0404;71;VALIDE;chap->v.15: maintenant meme meme;CONCEPT
Malachie 4:0;SKN;64-0404;142;VALIDE;chap->v.6: fils fils peur;CONCEPT
Romains 4:0;SKN;64-0404;122;VALIDE;chap->v.3: dieu cela lui;CONCEPT
Esaie 40:0;VGR;63-0120M;15;VALIDE;chap->v.8: parole dieu toujours;LECTURE
Marc 11:22;VGR;63-0120M;119;VALIDE;jesus foi dieu;CONCEPT
Esaie 42:0;SKN;61-1224;43;VALIDE;chap->v.5: ainsi dieu cree cieux deployes etendu terre donne;CONCEPT
Genese 1:0;SKN;61-1224;116;VALIDE;chap->v.31: dieu avait voici cela etait soir jour;CONCEPT
Jean 14:12;SKN;61-1224;95;EXACT;dis croit moi fera lui fais [couverture 8/14];CONCEPT
Marc 16:0;SKN;61-1224;167;VALIDE;chap->v.16: celui cru baptise sera sauve celui cru sera;CONCEPT
Matthieu 4:0;SKN;61-1224;117;VALIDE;chap->v.16: assis tenebres grande lumiere ceux assis region mort;CONCEPT
Esaie 45:0;SKN;64-0122;2;VALIDE;chap->v.23: jai jure moi parole bouche devant moi genou;LECTURE
Esaie 45:0;SKN;64-0122;4;VALIDE;chap->v.12: moi jai terre jai cest moi mes ont;LECTURE
Hebreux 13:8;SKN;64-0122;94;EXACT;jesus meme hier aujourdhui eternellement [couverture 5/6];CONCEPT
Jean 5:19;SKN;64-0122;178;EXACT;jesus verite dis fils rien lui meme quil [couverture 13/14];CONCEPT
Jean 14:12;SKN;64-0122;166;EXACT;dis celui croit moi fera lui fais [couverture 9/14];CONCEPT
Esaie 53:0;SKN;50-0824;11;VALIDE;chap->v.5: blesse nos meurtri nos iniquites chatiment paix lui;LECTURE
Esaie 53:0;SKN;51-0503;29;VALIDE;chap->v.2: devant lui dune terre voyons lui;CONCEPT
Hebreux 3:1;SKN;51-0503;12;VALIDE;cest souverain sacrificateur confession jesus;CONCEPT
Esaie 53:0;SKN;53-0403;36;VALIDE;chap->v.7: opprime ouvert bouche agneau boucherie brebis muette devant;CONCEPT
Genese 1:0;SKN;53-0403;49;VALIDE;chap->v.2: terre etait vide avait lesprit dieu eaux;CONCEPT
Esaie 53:0;VGR;51-0503;84;VALIDE;chap->v.1: cru bras leternel revele;CONCEPT
Hebreux 3:1;VGR;51-0503;34;EXACT;cest souverain sacrificateur confession jesus [couverture 5/13];CONCEPT
Esaie 53:0;VGR;53-0403;36;VALIDE;chap->v.7: opprime afflige ouvert bouche agneau boucherie brebis muette;CONCEPT
Genese 1:0;VGR;53-0403;49;VALIDE;chap->v.7: dieu letendue eaux letendue eaux letendue ainsi;CONCEPT
Esaie 53:2;VGR;65-0429E;180;EXACT;devant lui dune voyons [couverture 5/14];CONCEPT
Hebreux 13:8;VGR;65-0429E;185;VALIDE;jesus christ meme;CONCEPT
Esaie 53:5;SKN;62-1223;69;EXACT;blesse nos meurtri iniquites lui meurtrissures [couverture 6/12];CONCEPT
Hebreux 13:8;SKN;62-1223;196;VALIDE;jesus meme hier eternellement;CONCEPT
Psaumes 89:0;SKN;62-1223;48;VALIDE;chap->v.50: souviens seigneur tes serviteurs porte sein celui peuples;CONCEPT
Esaie 53:5;VGR;62-1223;97;EXACT;blesse nos meurtri meurtrissures [couverture 5/12];CONCEPT
Hebreux 13:8;VGR;62-1223;292;EXACT;jesus meme hier aujourdhui eternellement [couverture 5/6];CONCEPT
Esaie 53:6;SKN;64-1221;176;VALIDE;brebis sommes propre lui;CONCEPT
Jean 10:0;SKN;64-1221;126;VALIDE;chap->v.38: fais alors meme croyez afin pere moi moi;CONCEPT
Jean 14:12;SKN;64-1221;81;EXACT;verite dis celui croit moi fera lui fais [couverture 12/14];CONCEPT
Job 38:7;SKN;64-1221;92;EXACT;etoiles matin chantaient ensemble fils dieu joie [couverture 7/8];CONCEPT
Joel 2:28;SKN;64-1221;40;EXACT;cela esprit chair vos fils filles prophetiseront vieillards [couverture 10/14];CONCEPT
Luc 1:52;SKN;64-1221;104;PARTIEL;commencé, pas achevé — eleve;CONCEPT
Matthieu 5:0;SKN;64-1221;103;VALIDE;chap->v.3: pauvres esprit eux royaume cieux;CONCEPT
Matthieu 24:24;SKN;64-1221;255;VALIDE;possible meme elus;CONCEPT
Zacharie 14:7;SKN;64-1221;164;EXACT;jour temps soir lumiere [couverture 5/10];CONCEPT
Esaie 53:6;VGR;64-1221;176;EXACT;brebis sommes propre chemin lui [couverture 5/12];CONCEPT
Jean 10:0;VGR;64-1221;126;VALIDE;chap->v.38: fais alors meme croyez uvres afin pere moi;CONCEPT
Jean 14:12;VGR;64-1221;81;EXACT;verite dis celui croit moi fera lui uvres [couverture 12/14];CONCEPT
Job 38:7;VGR;64-1221;92;EXACT;etoiles matin fils dieu eclataient joie [couverture 6/8];CONCEPT
Joel 2:28;VGR;64-1221;40;EXACT;cela repandrai esprit chair vos fils filles prophetiseront [couverture 11/14];CONCEPT
Luc 1:52;VGR;64-1221;104;PARTIEL;commencé, pas achevé — eleve;CONCEPT
Matthieu 5:0;VGR;64-1221;103;VALIDE;chap->v.3: pauvres esprit cest eux royaume cieux;CONCEPT
Matthieu 24:24;VGR;64-1221;255;VALIDE;possible meme elus;CONCEPT
Zacharie 14:7;VGR;64-1221;164;VALIDE;temps soir lumiere;CONCEPT
Esaie 61:0;SKN;55-0410M;37;VALIDE;chap->v.1: moi parce oint apporter bonnes envoye ceux;CONCEPT
Galates 1:8;SKN;55-0410M;87;VALIDE;ange venu soit anatheme;CONCEPT
Jean 21:0;SKN;55-0410M;5;VALIDE;chap->v.3: simon pierre vais pecher lui allons toi sortirent;CONCEPT
Esaie 61:0;SKN;65-0125;23;VALIDE;chap->v.1: seigneur moi parce panser ceux;CONCEPT
Esaie 61:1;SKN;65-0125;24;EXACT;seigneur moi parce panser ceux ont [couverture 5/14];CONCEPT
Jean 16:21;SKN;65-0125;12;VALIDE;femme donne lui;CONCEPT
Luc 17:30;SKN;65-0125;26;VALIDE;sera meme jour fils;CONCEPT
Matthieu 3:0;SKN;65-0125;19;VALIDE;chap->v.11: moi moi moi suis;CONCEPT
Esaie 61:0;VGR;55-0410M;37;VALIDE;chap->v.1: parce oint bonnes nouvelles envoye ceux;CONCEPT
Galates 1:8;VGR;55-0410M;87;EXACT;ange venu avons quil soit anatheme [couverture 6/11];CONCEPT
Jean 21:0;VGR;55-0410M;5;VALIDE;chap->v.3: simon pierre vais pecher lui allons toi sortirent;CONCEPT
Esaie 61:0;VGR;65-0125;39;VALIDE;chap->v.1: lesprit seigneur moi parce oint panser ceux;CONCEPT
Luc 17:30;VGR;65-0125;43;EXACT;sera meme jour fils lhomme [couverture 6/7];CONCEPT
Matthieu 3:0;VGR;65-0125;32;VALIDE;chap->v.14: moi jai toi toi moi;CONCEPT
Esaie 65:0;SKN;63-0803E;167;VALIDE;chap->v.6: voici cela ecrit devant;CONCEPT
Esther 6:0;SKN;55-0807E;34;VALIDE;chap->v.3: roi quel quelle cela roi rien;CONCEPT
Jean 5:0;SKN;55-0807E;49;VALIDE;chap->v.19: jesus verite verite dis fils rien lui meme;CONCEPT
Jean 5:19;SKN;55-0807E;15;EXACT;jesus verite dis fils rien lui meme quil [couverture 7/14];CONCEPT
Luc 2:0;SKN;55-0807E;2;VALIDE;chap->v.25: voici avait jerusalem homme etait simeon homme etait;LECTURE
Romains 8:0;SKN;55-0807E;2;VALIDE;chap->v.5: ceux selon ont choses ceux selon choses lesprit;LECTURE
Esther 10:0;SKN;61-0429E;5;VALIDE;chap->v.3: apres grand freres;LECTURE
Genese 1:26;SKN;61-0429E;63;VALIDE;dieu homme selon mer oiseaux;CONCEPT
Jean 5:19;SKN;61-0429E;69;EXACT;jesus dis fils rien lui meme quil voie [couverture 6/14];CONCEPT
Exode 13:31;SKN;63-0801;130;LAPSUS;annoncé — dit en réalité exode 13:21;CONCEPT
exode 13:21;SKN;63-0801;130;LAPSUS-LU;lu — annoncé sous Exode 13:31;CONCEPT
Jean 8:58;SKN;63-0801;130;EXACT;jesus verite dis avant quabraham fut suis [couverture 8/8];CONCEPT
Jean 14:12;SKN;63-0801;166;EXACT;celui croit moi fera lui fais [couverture 8/14];CONCEPT
Marc 11:24;SKN;63-0801;66;VALIDE;cest pourquoi croyez sera;CONCEPT
Jean 14:0;SKN;47-1123;5;VALIDE;chap->v.10: crois moi suis pere pere moi paroles moi;LECTURE
Matthieu 12:0;SKN;62-0721;20;VALIDE;chap->v.40: jonas fut ventre trois jours trois nuits ainsi;CONCEPT
Jean 5:24;SKN;62-0708;186;VALIDE;dis celui parole croit envoye vie eternelle passe;CONCEPT
Malachie 4:0;SKN;62-0708;169;VALIDE;chap->v.6: peres peres peur pays;CONCEPT
Galates 5:0;SKN;57-0417;59;VALIDE;chap->v.22: joie paix longanimite bienveillance bonte;CONCEPT
Hebreux 1:0;SKN;63-1103;234;VALIDE;chap->v.5: jamais moi aujourdhui moi lui serai pere lui;CONCEPT
Hebreux 3:0;SKN;63-1103;234;VALIDE;chap->v.10: cest jai jai toujours mes;CONCEPT
Hebreux 4:0;SKN;63-1103;72;VALIDE;chap->v.12: parole dieu penetrante epee deux tranchants jusqua;CONCEPT
Hebreux 13:8;SKN;63-1103;121;EXACT;jesus christ meme hier aujourdhui eternellement [couverture 6/6];CONCEPT
Hebreux 13:8;SKN;63-1103;168;EXACT;jesus christ meme hier aujourdhui eternellement [couverture 6/6];CONCEPT
Hebreux 13:8;SKN;63-1103;195;EXACT;jesus meme hier aujourdhui eternellement [couverture 5/6];CONCEPT
Jean 5:24;SKN;63-1103;297;EXACT;dis celui parole croit envoye vie eternelle jugement [couverture 8/14];CONCEPT
Jean 14:12;SKN;63-1103;188;EXACT;dis celui croit moi fera fais parce [couverture 8/14];CONCEPT
Jean 14:12;SKN;63-1103;196;EXACT;dis celui croit moi fera fais vais [couverture 8/14];CONCEPT
Marc 4:35;SKN;63-1103;42;PARTIEL;commencé, pas achevé — jour etant;CONCEPT
Matthieu 8:23;SKN;63-1103;39;PARTIEL;commencé, pas achevé — disciples suivirent;CONCEPT
Matthieu 28:20;SKN;63-1103;197;EXACT;choses voici moi suis jours jusqua [couverture 6/11];CONCEPT
Matthieu 28:28;SKN;63-1103;187;LAPSUS;annoncé — dit en réalité matthieu 28:20;CONCEPT
matthieu 28:20;SKN;63-1103;187;LAPSUS-LU;lu — annoncé sous Matthieu 28:28;CONCEPT
Psaumes 103:1-9;SKN;63-1103;192;VALIDE;ame moi cest;CONCEPT
Genese 6:0;SKN;64-0823E;142;VALIDE;chap->v.9: ici noe noe etait homme juste etait temps;CONCEPT
Hebreux 7:0;SKN;64-0823E;181;VALIDE;chap->v.2: abraham dime roi justice roi salem cest;CONCEPT
Hebreux 11:0;SKN;64-0823E;120;VALIDE;chap->v.16: maintenant cest cest pourquoi dieu deux savoir dieu;CONCEPT
Jean 14:0;SKN;64-0823E;51;VALIDE;chap->v.6: jesus lui moi vie moi;CONCEPT
Jean 14:26;SKN;64-0823E;212;EXACT;saint pere nom lui choses [couverture 6/12];CONCEPT
Matthieu 10:41;SKN;64-0823E;219;EXACT;recoit prophete qualite recevra recompense juste [couverture 11/14];CONCEPT
Matthieu 12:0;SKN;64-0823E;148;VALIDE;chap->v.31: cest dis peche blaspheme sera pardonne hommes blaspheme;CONCEPT
Matthieu 12:40;SKN;64-0823E;204;EXACT;jonas fut ventre trois jours nuits ainsi fils [couverture 13/14];CONCEPT
Matthieu 24:0;SKN;64-0823E;142;VALIDE;chap->v.2: lui voyez choses dis sera ici;CONCEPT
Jean 5:19;SKN;61-0517;58;EXACT;jesus verite dis fils rien lui meme quil [couverture 10/14];CONCEPT
Galates 1:8;SKN;62-0118;172;VALIDE;memes ange venu ciel soit anatheme;CONCEPT
Hebreux 13:8;SKN;62-0118;156;EXACT;jesus christ meme hier eternellement [couverture 5/6];CONCEPT
Jean 14:12;SKN;62-0118;120;EXACT;dis croit moi fera lui fais [couverture 8/14];CONCEPT
Galates 5:6;SKN;63-0901E;68;PARTIEL;commencé, pas achevé — foi;CONCEPT
Jacques 5:15;SKN;63-0901E;75;VALIDE;priere foi seigneur peches lui;CONCEPT
Jean 14:23;SKN;63-0901E;73;EXACT;jesus lui quelquun maime gardera parole [couverture 8/14];CONCEPT
Luc 16:0;SKN;63-0901E;43;VALIDE;chap->v.16: loi prophetes ont jusqua jean lors royaume dieu;CONCEPT
Genese 22:0;SKN;57-0326;70;VALIDE;chap->v.7: isaac abraham pere pere voici fils voici feu;CONCEPT
Hebreux 3:1;SKN;57-0326;120;VALIDE;cest confession jesus;CONCEPT
Jean 4:0;SKN;57-0326;115;VALIDE;chap->v.9: femme samaritaine lui comment toi juif boire moi;CONCEPT
Marc 11:24;SKN;57-0326;94;PARTIEL;commencé, pas achevé — cest dis;CONCEPT
Marc 16:0;SKN;57-0326;93;VALIDE;chap->v.12: apres choses autre forme deux dentre eux etaient;CONCEPT
Jean 5:19;SKN;56-0420;15;EXACT;jesus verite dis fils rien lui meme chose [couverture 7/14];CONCEPT
Exode 13:0;SKN;58-0112A;20;VALIDE;chap->v.21: allait devant eux jour colonne conduire colonne feu;CONCEPT
Matthieu 10:10;SKN;58-0112A;39;PARTIEL;commencé, pas achevé — dun chemin;CONCEPT
Exode 13:21;SKN;51-0718;49;EXACT;leternel allait devant eux jour colonne nuee conduire [couverture 13/14];CONCEPT
Exode 13:21;SKN;63-0714M;23;EXACT;leternel allait devant eux jour colonne nuee chemin [couverture 13/14];CONCEPT
Exode 14:0;SKN;63-0714M;24;VALIDE;chap->v.19: lange dieu allait devant camp disrael partit alla;CONCEPT
Jean 14:12;SKN;63-0714M;287;EXACT;dis celui croit moi fera lui fais vais [couverture 9/14];CONCEPT
Marc 11:24;SKN;63-0714M;288;VALIDE;cest pourquoi dis sera;CONCEPT
Exode 13:21;VGR;63-0714M;21;EXACT;leternel allait devant eux jour colonne nuee chemin [couverture 13/14];CONCEPT
Exode 14:0;VGR;63-0714M;21;VALIDE;chap->v.19: lange dieu allait devant camp disrael partit alla;CONCEPT
Jean 14:12;VGR;63-0714M;199;EXACT;dis celui croit moi fera lui uvres fais [couverture 10/14];CONCEPT
Marc 11:24;VGR;63-0714M;199;VALIDE;cest pourquoi dis sera;CONCEPT
Exode 19:0;SKN;56-0923;122;VALIDE;chap->v.7: moise eux lui;CONCEPT
Jean 14:0;SKN;56-0923;66;VALIDE;chap->v.10: moi pere pere moi moi moi pere;CONCEPT
Exode 19:0;SKN;56-0930;34;VALIDE;chap->v.3: moise monta dieu montagne disant ainsi fils;CONCEPT
Jean 14:0;SKN;56-0930;25;VALIDE;chap->v.12: verite verite dis celui croit fera lui fais;CONCEPT
Exode 19:0;SKN;60-1206;31;VALIDE;chap->v.7: peuple lui avait;CONCEPT
Exode 19:0;SKN;61-0311;83;VALIDE;chap->v.11: quils jour jour peuple montagne;CONCEPT
Jean 5:19;SKN;61-0311;66;VALIDE;jesus dis fils rien lui meme quil chose;CONCEPT
Jean 5:19;SKN;61-0311;93;EXACT;jesus verite dis fils rien lui meme quil [couverture 7/14];CONCEPT
Exode 19:0;SKN;62-0711;79;VALIDE;chap->v.1: mois apres fils furent sortis pays meme jour;CONCEPT
Galates 1:8;SKN;62-0711;56;VALIDE;ange ciel avons quil soit anatheme;CONCEPT
Jean 5:19;SKN;62-0711;73;EXACT;jesus fils rien meme voie chose pere quelque [couverture 7/14];CONCEPT
Jean 14:12;SKN;62-0711;68;EXACT;dis celui croit moi fera lui fais parce [couverture 5/14];CONCEPT
Exode 19:0;SKN;64-0306;144;VALIDE;chap->v.7: moise eux lui avait;CONCEPT
Hebreux 4:0;SKN;64-0306;189;VALIDE;chap->v.12: parole dieu epee deux tranchants;CONCEPT
Matthieu 3:0;SKN;64-0306;43;VALIDE;chap->v.3: cest ici celui parle prophete celui seigneur;CONCEPT
Matthieu 12:0;SKN;64-0306;1;VALIDE;chap->v.42: reine midi levera jugement generation condamnera vint terre;LECTURE
Exode 19:0;SKN;64-0418E;8;VALIDE;chap->v.1: apres sortis pays meme jour vinrent desert;CONCEPT
Exode 19:0;VGR;60-1206;32;VALIDE;chap->v.13: main quelle soit homme;CONCEPT
Exode 19:0;VGR;64-0306;144;VALIDE;chap->v.7: moise eux lui avait;CONCEPT
Hebreux 4:0;VGR;64-0306;189;VALIDE;chap->v.12: parole dieu epee deux tranchants;CONCEPT
Matthieu 3:0;VGR;64-0306;43;VALIDE;chap->v.3: cest ici celui parle prophete celui seigneur;CONCEPT
Matthieu 12:0;VGR;64-0306;1;VALIDE;chap->v.42: reine midi levera jugement generation condamnera vint terre;LECTURE
Exode 23:20;SKN;51-0717;6;EXACT;voici jenvoie ange devant toi chemin lieu jai [couverture 9/11];LECTURE
Hebreux 3:1;SKN;51-0717;18;VALIDE;cest souverain sacrificateur confession jesus;CONCEPT
Jean 5:0;SKN;51-0717;36;VALIDE;chap->v.19: jesus verite verite dis fils rien lui meme;CONCEPT
Jean 5:19;SKN;51-0717;36;EXACT;jesus verite dis fils rien lui meme quil [couverture 7/14];CONCEPT
Exode 23:20-22;VGR;53-0603;4;EXACT;voici jenvoie ange devant toi chemin lieu jai [couverture 9/11];CONCEPT
Jean 5:19;VGR;53-0603;85;EXACT;jesus verite dis fils rien lui meme quil [couverture 12/14];CONCEPT
Ezechiel 4:0;SKN;59-0125;90;VALIDE;chap->v.14: eternel jusqua maintenant;CONCEPT
Jean 4:0;SKN;59-0125;90;VALIDE;chap->v.24: dieu esprit faut ceux ladorent ladorent esprit verite;CONCEPT
Jean 4:0;VGR;59-0125;90;VALIDE;chap->v.23: maintenant adorateurs pere esprit verite pere cherche ladorent;CONCEPT
Ezechiel 9:0;SKN;56-0213;76;VALIDE;chap->v.8: arriva moi reste dis seigneur eternel veux reste;CONCEPT
Matthieu 8:0;SKN;56-0213;17;VALIDE;chap->v.9: moi suis homme place ayant moi dis autre;CONCEPT
Ezechiel 33:33;SKN;61-0212M;3;VALIDE;chose voici arrive deux;CONCEPT
Genese 22:0;SKN;61-0212M;30;VALIDE;chap->v.9: dieu lui avait abraham bois isaac fils;CONCEPT
Jean 5:19;SKN;61-0212M;18;VALIDE;jesus verite dis fils rien lui meme chose;CONCEPT
Jeremie 1:4;SKN;61-0212M;13;PARTIEL;commencé, pas achevé — moi disant;LECTURE
Galates 1:8;SKN;55-0501E;49;VALIDE;memes ange venu ciel avons quil soit anatheme;CONCEPT
Luc 16:16;SKN;55-0501E;22;VALIDE;loi ont jusqua jean lors royaume dieu chacun;CONCEPT
Galates 1:8;SKN;57-0901M;99;VALIDE;ange ciel soit anatheme;CONCEPT
Jean 4:0;SKN;57-0901M;165;VALIDE;chap->v.10: lui don dieu donne lui;CONCEPT
Galates 1:8;SKN;62-0129;12;EXACT;ange ciel quil soit anatheme [couverture 5/11];CONCEPT
Hebreux 13:8;SKN;62-0129;20;EXACT;jesus christ meme hier aujourdhui eternellement [couverture 6/6];CONCEPT
Jean 5:19;SKN;62-0129;40;EXACT;jesus verite dis fils rien lui quil pere [couverture 9/14];CONCEPT
Jean 15:0;SKN;62-0129;21;VALIDE;chap->v.2: sarment moi porte fruit sarment porte fruit quil;CONCEPT
Marc 16:0;SKN;62-0129;9;VALIDE;chap->v.6: lui jesus nest ici voici mis;CONCEPT
Galates 1:8;SKN;62-0204;118;EXACT;memes ange ciel quil soit anatheme [couverture 6/11];CONCEPT
Jean 15:0;SKN;62-0204;110;VALIDE;chap->v.4: demeurez moi moi lui quil demeure pouvez;CONCEPT
Galates 1:8;SKN;62-0706;15;EXACT;ange ciel avons soit anatheme [couverture 5/11];CONCEPT
Hebreux 6:0;SKN;62-0706;36;VALIDE;chap->v.7: terre pluie souvent ceux dieu;CONCEPT
Jean 14:12;SKN;62-0706;27;VALIDE;dis celui croit moi fera lui fais celles;CONCEPT
Jean 17:17;SKN;62-0706;59;EXACT;sanctifie verite parole [couverture 4/4];CONCEPT
Psaumes 1:0;SKN;62-0706;54;VALIDE;chap->v.3: sera arbre plante pres fletrit;CONCEPT
Galates 1:8;SKN;64-0216;55;VALIDE;ange venu ciel avons soit anatheme;CONCEPT
Hebreux 4:0;SKN;64-0216;46;VALIDE;chap->v.12: parole dieu penetrante epee deux tranchants;CONCEPT
Hebreux 13:8;SKN;64-0216;55;VALIDE;jesus christ meme hier eternellement;CONCEPT
Jean 1:0;SKN;64-0216;46;VALIDE;chap->v.1: commencement etait parole parole etait dieu parole etait;CONCEPT
Jean 3:16;SKN;64-0216;19;VALIDE;dieu monde afin lui;CONCEPT
Jean 14:12;SKN;64-0216;55;VALIDE;verite dis celui croit moi fera lui fais;CONCEPT
Galates 1:8;SKN;65-0120;186;EXACT;ange venu ciel quil soit anatheme [couverture 6/11];CONCEPT
Jean 10:0;SKN;65-0120;58;VALIDE;chap->v.18: personne moi moi meme jai jai jai;CONCEPT
Luc 17:30;SKN;65-0120;131;PARTIEL;commencé, pas achevé — meme jour;CONCEPT
Proverbes 2:0;SKN;65-0120;25;VALIDE;chap->v.1: fils recois mes mes commandements;CONCEPT
Proverbes 3:0;SKN;65-0120;25;VALIDE;chap->v.3: bonte verite tabandonnent lie cou ecris tablette;CONCEPT
Proverbes 3:1;SKN;65-0120;25;EXACT;fils noublie enseignement garde mes commandements [couverture 6/7];CONCEPT
Galates 1:8;VGR;57-0901M;99;VALIDE;ange venu ciel quil soit anatheme;CONCEPT
Jean 4:0;VGR;57-0901M;165;VALIDE;chap->v.10: don dieu celui donne;CONCEPT
Galates 1:8;VGR;62-0204;118;EXACT;ange ciel quil soit anatheme [couverture 5/11];CONCEPT
Jean 15:0;VGR;62-0204;110;VALIDE;chap->v.4: demeurez moi moi lui quil demeure pouvez;CONCEPT
Galates 1:8;VGR;65-0120;176;VALIDE;ange venu ciel quil soit anatheme;CONCEPT
Jean 10:0;VGR;65-0120;54;VALIDE;chap->v.41: lui disaient jean aucun miracle choses jean celui;CONCEPT
Luc 17:30;VGR;65-0120;126;PARTIEL;commencé, pas achevé — meme jour;CONCEPT
Proverbes 2:0;VGR;65-0120;28;VALIDE;chap->v.1: fils recois mes mes commandements;CONCEPT
Proverbes 3:0;VGR;65-0120;29;VALIDE;chap->v.1: fils noublie enseignement cur garde mes commandements;CONCEPT
Proverbes 3:1;VGR;65-0120;29;EXACT;fils noublie enseignement cur garde mes commandements [couverture 7/7];CONCEPT
Galates 3:0;SKN;61-0213;25;VALIDE;chap->v.11: loi personne soit dieu cela parce juste foi;CONCEPT
Hebreux 11:0;SKN;61-0213;47;VALIDE;chap->v.5: foi fut quil mort fut parce dieu lavait;CONCEPT
Jean 5:24;SKN;61-0213;22;VALIDE;verite dis celui entend parole croit envoye vie;CONCEPT
Marc 11:22;SKN;61-0213;21;VALIDE;jesus foi dieu;CONCEPT
Galates 3:16;SKN;57-0915M;541;EXACT;abraham promesses ont faites plusieurs seul christ [couverture 7/14];CONCEPT
Jean 5:24;SKN;57-0915M;557;EXACT;celui parole croit envoye vie eternelle jugement passe [couverture 9/14];CONCEPT
Galates 3:16;VGR;57-0915M;541;EXACT;cest abraham promesses ont faites plusieurs dun seul [couverture 9/14];CONCEPT
Jean 5:24;VGR;57-0915M;557;EXACT;celui entend parole croit envoye vie eternelle jugement [couverture 10/14];CONCEPT
Galates 5:0;SKN;60-0805;10;VALIDE;chap->v.22: fruit lesprit lamour joie paix longanimite bonte;CONCEPT
Jean 4:0;SKN;60-0805;86;VALIDE;chap->v.25: femme lui sais messie appele christ celui sera;CONCEPT
Galates 5:0;VGR;57-0417;59;VALIDE;chap->v.22: lamour joie paix longanimite bienveillance bonte;CONCEPT
Galates 5:22;SKN;57-0325;12;VALIDE;fruit lesprit lamour joie paix bonte;CONCEPT
Jean 5:19;SKN;57-0325;86;EXACT;jesus dis rien lui meme quil chose pere [couverture 6/14];CONCEPT
Jean 5:24;SKN;57-0325;24;EXACT;dis celui entend parole croit envoye vie eternelle [couverture 11/14];CONCEPT
Genese 1:0;SKN;53-0509;17;VALIDE;chap->v.31: dieu quil avait cela etait eut eut jour;CONCEPT
Genese 2:0;SKN;53-0509;17;VALIDE;chap->v.23: lhomme celle chair chair celle femme parce;CONCEPT
Genese 1:0;SKN;55-0116A;35;VALIDE;chap->v.26: dieu faisons homme image selon poissons mer betail;CONCEPT
Jean 14:0;SKN;55-0116A;39;VALIDE;chap->v.10: crois moi suis pere pere moi moi dis;CONCEPT
Genese 1:0;SKN;61-0216;18;VALIDE;chap->v.25: dieu betes terre selon espece selon espece reptile;CONCEPT
Genese 3:1;SKN;61-0216;18;VALIDE;serpent etait ruse animal champs dieu avait;CONCEPT
Genese 4:15;SKN;61-0216;18;VALIDE;lui cest pourquoi cain sera;CONCEPT
Hebreux 11:0;SKN;61-0216;32;VALIDE;chap->v.4: foi abel offrit dieu excellent sacrifice cain sacrifice;CONCEPT
Matthieu 16:0;SKN;61-0216;31;VALIDE;chap->v.17: jesus lui simon chair sang tont revele cela;CONCEPT
Matthieu 24:0;SKN;61-0216;50;VALIDE;chap->v.3: etait vinrent lui dis choses auront lieu quel;CONCEPT
Genese 1:0;SKN;61-0416;44;VALIDE;chap->v.31: dieu vit quil avait voici cela etait;CONCEPT
Genese 12:0;SKN;61-0416;24;VALIDE;chap->v.4: abram sen leternel lui avait sen lui abram;CONCEPT
Genese 12:0;SKN;61-0416;30;VALIDE;chap->v.4: abram sen lui avait sen lui abram etait;CONCEPT
Genese 12:0;SKN;61-0416;43;VALIDE;chap->v.4: lui avait lot lui etait ans;CONCEPT
Genese 14:22;SKN;61-0416;18;VALIDE;jai leve main leternel dieu;CONCEPT
Genese 15:0;SKN;61-0416;43;VALIDE;chap->v.9: lui genisse trois ans chevre trois ans trois;CONCEPT
Genese 15:0;SKN;61-0416;50;VALIDE;chap->v.17: soleil couche eut voici fournaise fumante passa;CONCEPT
Genese 18:0;SKN;61-0416;82;VALIDE;chap->v.19: connais sais quil fils apres lui voie juste;CONCEPT
Genese 22:14;SKN;61-0416;18;VALIDE;abraham nom lieu jehovah aujourdhui montagne leternel sera;CONCEPT
Genese 22:14;SKN;61-0416;22;VALIDE;abraham appela nom jehovah leternel sera;CONCEPT
Malachie 3:0;SKN;61-0416;60;VALIDE;chap->v.1: jenvoie messager devant moi seigneur viendra lange lalliance;CONCEPT
Malachie 4:0;SKN;61-0416;60;VALIDE;chap->v.6: fera peres fils fils peres frappe;CONCEPT
Romains 4:0;SKN;61-0416;27;VALIDE;chap->v.12: quil pere seulement ceux ceux foi qua pere;CONCEPT
Romains 5:1;SKN;61-0416;34;VALIDE;justifies foi avons paix dieu seigneur jesus christ;CONCEPT
Romains 9:0;SKN;61-0416;27;VALIDE;chap->v.13: ainsi quil ecrit jai aime jacob jai hai;CONCEPT
Genese 1:0;SKN;63-1130B;105;VALIDE;chap->v.2: terre etait vide avait dieu eaux;CONCEPT
Hebreux 13:8;SKN;63-1130B;57;VALIDE;christ meme hier eternellement;CONCEPT
Jean 1:0;SKN;63-1130B;120;VALIDE;chap->v.1: commencement etait parole parole etait dieu parole etait;CONCEPT
Genese 1:0;SKN;64-0206E;19;VALIDE;chap->v.25: dieu selon espece selon espece selon espece dieu;CONCEPT
Hebreux 13:8;SKN;64-0206E;88;EXACT;jesus christ meme hier aujourdhui eternellement [couverture 6/6];CONCEPT
Jean 14:12;SKN;64-0206E;90;EXACT;verite celui croit moi fera fais grandes men [couverture 10/14];CONCEPT
Malachie 4:0;SKN;64-0206E;89;VALIDE;chap->v.6: fera peres fils fils peres;CONCEPT
Genese 1:0;VGR;63-1130B;105;VALIDE;chap->v.2: terre etait vide labime lesprit dieu;CONCEPT
Hebreux 13:8;VGR;63-1130B;57;EXACT;christ meme hier aujourdhui eternellement [couverture 5/6];CONCEPT
Jean 1:0;VGR;63-1130B;120;VALIDE;chap->v.1: commencement etait parole parole etait dieu parole etait;CONCEPT
Genese 1:0;VGR;64-0206E;19;VALIDE;chap->v.25: dieu selon espece selon espece selon espece dieu;CONCEPT
Hebreux 13:8;VGR;64-0206E;88;EXACT;jesus christ meme hier aujourdhui eternellement [couverture 6/6];CONCEPT
Jean 14:12;VGR;64-0206E;90;EXACT;verite celui croit moi fera uvres fais grandes [couverture 11/14];CONCEPT
Malachie 4:0;VGR;64-0206E;89;VALIDE;chap->v.6: fera peres fils fils peres;CONCEPT
Genese 1:1;SKN;63-0623M;60;VALIDE;dieu cieux terre;CONCEPT
Nombres 16:0;SKN;63-0623M;33;VALIDE;chap->v.3: contre moise contre aaron dirent cen assez lassemblee;CONCEPT
Nombres 16:3;SKN;63-0623M;35;EXACT;contre moise aaron dirent cen assez lassemblee saints [couverture 12/14];CONCEPT
Genese 1:1;VGR;63-0623M;60;VALIDE;dieu cieux terre;CONCEPT
Nombres 16:0;VGR;63-0623M;33;VALIDE;chap->v.3: contre moise contre aaron dirent cen assez lassemblee;CONCEPT
Nombres 16:3;VGR;63-0623M;35;EXACT;contre moise aaron dirent cen assez lassemblee saints [couverture 12/14];CONCEPT
Genese 1:3;SKN;64-0121;4;VALIDE;dieu lumiere soit fut;CONCEPT
Jean 14:0;SKN;64-0121;200;VALIDE;chap->v.10: moi suis pere pere moi moi dis dis;CONCEPT
Jean 14:12;SKN;64-0121;37;EXACT;verite dis celui croit moi fera lui fais [couverture 13/14];CONCEPT
Genese 1:21;SKN;62-0527;58;VALIDE;dieu crea grands vivant;CONCEPT
Genese 1:26;SKN;62-0527;51;EXACT;dieu faisons homme image selon ressemblance quils dominent [couverture 7/14];CONCEPT
Genese 1:26;SKN;62-0527;54;EXACT;dieu homme image quils dominent poissons mer oiseaux [couverture 10/14];CONCEPT
Genese 1:26;SKN;62-0527;56;EXACT;dieu homme image quils poissons mer [couverture 6/14];CONCEPT
Genese 2:7;SKN;62-0527;53;VALIDE;leternel dieu forma lhomme poussiere souffla narines vie;CONCEPT
Malachie 3:0;SKN;62-0527;167;VALIDE;chap->v.1: voici jenvoie messager preparera chemin devant moi seigneur;CONCEPT
Malachie 3:0;SKN;62-0527;168;VALIDE;chap->v.1: voici jenvoie messager preparera chemin devant moi seigneur;CONCEPT
Malachie 3:0;SKN;62-0527;171;VALIDE;chap->v.1: voici jenvoie messager preparera chemin devant moi seigneur;CONCEPT
Malachie 4:0;SKN;62-0527;171;VALIDE;chap->v.2: craignez nom levera soleil justice guerison sera ailes;CONCEPT
Malachie 4:0;SKN;62-0527;172;VALIDE;chap->v.2: craignez nom levera soleil justice guerison sera ailes;CONCEPT
Matthieu 11:0;SKN;62-0527;168;VALIDE;chap->v.7: sen allaient jesus mit jean quetes alles voir;CONCEPT
Genese 1:26;SKN;61-0205E;19;VALIDE;dieu homme selon quils terre;CONCEPT
Hebreux 13:8;SKN;61-0205E;22;VALIDE;jesus meme hier aujourdhui eternellement;CONCEPT
Hebreux 13:8;SKN;61-0205E;28;VALIDE;jesus christ meme hier aujourdhui eternellement;CONCEPT
Jean 4:0;SKN;61-0205E;61;VALIDE;chap->v.9: femme samaritaine lui comment toi juif boire moi;CONCEPT
Jean 4:0;SKN;61-0205E;84;VALIDE;chap->v.25: femme lui sais messie christ vient sera venu;CONCEPT
Jean 4:0;SKN;61-0205E;88;VALIDE;chap->v.25: femme lui sais messie appele vient sera fera;CONCEPT
Jean 5:19;SKN;61-0205E;57;EXACT;jesus verite dis fils rien lui meme quil [couverture 8/14];CONCEPT
Jean 12:20;SKN;61-0205E;22;VALIDE;avait quelques grecs ceux etaient montes adorer pendant;CONCEPT
Jean 19:0;SKN;61-0205E;56;VALIDE;chap->v.11: jesus aucun contre moi sil haut cest pourquoi;CONCEPT
Luc 16:0;SKN;61-0205E;67;VALIDE;chap->v.1: avait homme riche avait celui devant lui;CONCEPT
Genese 1:26;VGR;62-0527;51;EXACT;dieu faisons homme image selon ressemblance quils dominent [couverture 5/14];CONCEPT
Genese 1:26;VGR;62-0527;54;EXACT;dieu homme image quils poissons mer oiseaux cieux [couverture 9/14];CONCEPT
Genese 1:26;VGR;62-0527;56;EXACT;dieu homme image quils mer [couverture 5/14];CONCEPT
Genese 2:7;VGR;62-0527;53;VALIDE;leternel dieu forma lhomme poussiere sol souffla narines;CONCEPT
Malachie 3:0;VGR;62-0527;167;VALIDE;chap->v.1: voici jenvoie messager preparera chemin devant moi seigneur;CONCEPT
Malachie 3:0;VGR;62-0527;168;VALIDE;chap->v.1: voici jenvoie messager preparera chemin devant moi seigneur;CONCEPT
Malachie 3:0;VGR;62-0527;171;VALIDE;chap->v.1: voici jenvoie messager preparera chemin devant moi seigneur;CONCEPT
Malachie 4:0;VGR;62-0527;171;VALIDE;chap->v.2: craignez nom levera soleil justice guerison sera ailes;CONCEPT
Malachie 4:0;VGR;62-0527;172;VALIDE;chap->v.2: craignez nom levera soleil justice guerison sera ailes;CONCEPT
Matthieu 11:0;VGR;62-0527;168;VALIDE;chap->v.7: sen allaient jesus mit jean quetes alles voir;CONCEPT
Genese 2:0;SKN;57-0828;279;VALIDE;chap->v.4: ici terre jour dieu fit terre;CONCEPT
Genese 2:0;VGR;57-0828;279;VALIDE;chap->v.23: lhomme celle chair chair celle sera appelee femme;CONCEPT
Genese 3:0;SKN;59-0416;39;VALIDE;chap->v.20: femme nom deve quelle etait mere;CONCEPT
Genese 6:0;SKN;50-0822;22;VALIDE;chap->v.9: ici etait homme juste etait parfait;CONCEPT
Genese 22:0;SKN;50-0822;22;VALIDE;chap->v.3: abraham bon lui deux isaac fils;CONCEPT
Hebreux 3:1;SKN;50-0822;25;VALIDE;freres saints souverain sacrificateur confession jesus;CONCEPT
Genese 6:0;SKN;63-0731;159;VALIDE;chap->v.4: terre jours apres fils hommes quelles;CONCEPT
Marc 16:0;SKN;63-0731;60;VALIDE;chap->v.17: accompagneront ceux auront cru nom chasseront demons parleront;CONCEPT
Genese 6:0;SKN;63-1113;9;VALIDE;chap->v.9: noe noe etait homme juste etait ceux temps;LECTURE
Hebreux 4:0;SKN;63-1113;69;VALIDE;chap->v.12: parole dieu penetrante epee deux tranchants;CONCEPT
Hebreux 13:8;SKN;63-1113;111;VALIDE;jesus christ meme hier eternellement;CONCEPT
Jean 1:0;SKN;63-1113;70;VALIDE;chap->v.1: commencement etait parole parole etait dieu parole etait;CONCEPT
Jean 4:0;SKN;63-1113;247;VALIDE;chap->v.25: femme lui sais messie christ vient celui sera;CONCEPT
Jean 14:12;SKN;63-1113;111;EXACT;celui croit moi fera lui fais [couverture 7/14];CONCEPT
Genese 6:0;SKN;64-0304;55;VALIDE;chap->v.2: fils dieu virent filles hommes etaient belles prirent;CONCEPT
Hebreux 1:0;SKN;64-0304;28;VALIDE;chap->v.1: dieu plusieurs reprises plusieurs manieres parle peres prophetes;CONCEPT
Hebreux 3:0;SKN;64-0304;135;VALIDE;chap->v.1: cest souverain sacrificateur jesus;CONCEPT
Hebreux 13:8;SKN;64-0304;18;EXACT;jesus christ meme hier aujourdhui eternellement [couverture 6/6];CONCEPT
Jean 5:19;SKN;64-0304;108;EXACT;jesus verite dis fils rien lui quil pere [couverture 9/14];CONCEPT
Jean 5:39;SKN;64-0304;115;EXACT;sondez ecritures vie eternelle moi [couverture 5/8];CONCEPT
Genese 6:0;VGR;64-0304;55;VALIDE;chap->v.2: fils dieu virent filles hommes etaient belles femmes;CONCEPT
Hebreux 1:0;VGR;64-0304;28;VALIDE;chap->v.1: dieu plusieurs reprises plusieurs manieres parle peres prophetes;CONCEPT
Hebreux 3:0;VGR;64-0304;135;VALIDE;chap->v.1: cest souverain sacrificateur jesus;CONCEPT
Hebreux 13:8;VGR;64-0304;18;EXACT;jesus christ meme hier aujourdhui [couverture 5/6];CONCEPT
Jean 5:19;VGR;64-0304;108;EXACT;jesus verite dis fils rien lui quil pere [couverture 9/14];CONCEPT
Jean 5:39;VGR;64-0304;115;EXACT;sondez ecritures vie eternelle moi [couverture 5/8];CONCEPT
Genese 6:0;VGR;64-0823E;142;VALIDE;chap->v.9: ici noe noe etait homme etait temps noe;CONCEPT
Hebreux 7:0;VGR;64-0823E;181;VALIDE;chap->v.2: abraham dime roi justice roi salem cest;CONCEPT
Hebreux 11:0;VGR;64-0823E;120;VALIDE;chap->v.12: cest pourquoi dun seul dun deja nes;CONCEPT
Jean 14:0;VGR;64-0823E;51;VALIDE;chap->v.10: moi moi moi dis dis moi meme;CONCEPT
Jean 14:26;VGR;64-0823E;212;EXACT;saint pere lui choses dites [couverture 5/12];CONCEPT
Matthieu 10:41;VGR;64-0823E;219;EXACT;recoit prophete qualite recevra recompense juste [couverture 9/14];CONCEPT
Matthieu 12:0;VGR;64-0823E;148;VALIDE;chap->v.31: cest dis peche blaspheme sera pardonne hommes blaspheme;CONCEPT
Matthieu 12:40;VGR;64-0823E;204;EXACT;jonas fut ventre trois jours nuits fils lhomme [couverture 12/14];CONCEPT
Matthieu 24:0;VGR;64-0823E;142;VALIDE;chap->v.30: alors signe fils lhomme alors terre fils lhomme;CONCEPT
Tite 1:0;VGR;64-0823E;80;VALIDE;chap->v.9: parole doctrine quil soit tant;CONCEPT
Genese 12:0;SKN;55-1116;9;VALIDE;chap->v.3: benirai ceux beniront maudirai ceux maudiront toi seront;LECTURE
Genese 12:0;SKN;55-1116;10;VALIDE;chap->v.3: benirai ceux beniront maudirai ceux maudiront toi seront;LECTURE
Genese 12:0;SKN;58-0127;21;VALIDE;chap->v.6: travers pays lieu etait alors pays;CONCEPT
Genese 22:0;SKN;58-0127;42;VALIDE;chap->v.7: isaac abraham pere pere voici fils voici feu;CONCEPT
Romains 8:0;SKN;58-0127;22;VALIDE;chap->v.17: sommes enfants sommes heritiers heritiers dieu christ lui;CONCEPT
Genese 12:0;SKN;61-0226;25;VALIDE;chap->v.4: sen alla lui avait sen alla lui etait;CONCEPT
Genese 12:15;SKN;61-0226;21;PARTIEL;commencé, pas achevé — fut maison;CONCEPT
Genese 15:0;SKN;61-0226;42;VALIDE;chap->v.5: fit regarde compte lui sera semence;CONCEPT
Genese 17:0;SKN;61-0226;53;VALIDE;chap->v.5: nom appele nom abraham tai etabli pere dune;CONCEPT
Genese 22:0;SKN;61-0226;18;VALIDE;chap->v.14: abraham nom lieu jehovah montagne leternel sera pourvu;CONCEPT
Genese 22:0;SKN;61-0226;81;VALIDE;chap->v.9: arriverent dieu lui avait abraham lautel bois lia;CONCEPT
Genese 22:14;SKN;61-0226;20;VALIDE;abraham nom lieu jehovah jire montagne leternel sera;CONCEPT
Genese 22:14;SKN;61-0226;25;PARTIEL;commencé, pas achevé — abraham;CONCEPT
Genese 13:0;SKN;56-0427;51;VALIDE;chap->v.16: ferai sera poussiere terre poussiere terre sera;CONCEPT
Genese 17:0;SKN;56-0427;56;VALIDE;chap->v.1: etait age ans leternel lui suis dieu face;CONCEPT
Jean 5:24;SKN;56-0427;65;VALIDE;verite dis celui entend parole croit envoye vie;CONCEPT
Genese 14:0;SKN;60-0301;141;VALIDE;chap->v.20: beni soit dieu tes tes mains lui;CONCEPT
Hebreux 10:0;SKN;60-0301;139;VALIDE;chap->v.26: pechons volontairement apres recu connaissance verite reste sacrifice;CONCEPT
Hebreux 10:0;SKN;60-0301;140;VALIDE;chap->v.26: pechons volontairement apres recu connaissance verite reste sacrifice;CONCEPT
Genese 14:18;VGR;62-0506;36;VALIDE;roi salem fit apporter pain vin etait sacrificateur;CONCEPT
Genese 15:0;VGR;64-0404;206;VALIDE;chap->v.4: parole lui celui celui lui;CONCEPT
Jean 14:12;VGR;64-0404;212;VALIDE;lui uvres fais;CONCEPT
Luc 17:0;VGR;64-0404;212;VALIDE;chap->v.30: sera meme jour fils lhomme sera manifeste;CONCEPT
Malachie 3:0;VGR;64-0404;142;VALIDE;chap->v.5: contre contre contre contre;CONCEPT
Malachie 4:0;VGR;64-0404;210;VALIDE;chap->v.6: cur fils cur fils;CONCEPT
Malachie 4:0;VGR;64-0404;212;VALIDE;chap->v.6: cur fils cur fils;CONCEPT
Romains 4:0;VGR;64-0404;190;VALIDE;chap->v.3: abraham dieu cela lui;CONCEPT
Genese 15:16;SKN;64-0321E;93;VALIDE;liniquite amoreens nest comble;CONCEPT
Hebreux 1:1;SKN;64-0321E;121;PARTIEL;commencé, pas achevé — parle prophetes;CONCEPT
Hebreux 4:0;SKN;64-0321E;243;VALIDE;chap->v.14: souverain sacrificateur jesus dieu confession;CONCEPT
Jean 4:0;SKN;64-0321E;262;VALIDE;chap->v.15: femme seigneur moi vienne ici;CONCEPT
Jean 14:12;SKN;64-0321E;262;EXACT;verite moi fais [couverture 5/14];CONCEPT
Luc 17:0;SKN;64-0321E;207;VALIDE;chap->v.15: eux etait gueri dieu voix;CONCEPT
Malachie 3:0;SKN;64-0321E;148;VALIDE;chap->v.1: voici messager chemin devant;CONCEPT
Malachie 4:0;SKN;64-0321E;214;VALIDE;chap->v.6: fera peres peres;CONCEPT
Nombres 12:6;SKN;64-0321E;101;VALIDE;ecoutez sil prophete;CONCEPT
Nombres 12:6;SKN;64-0321E;120;EXACT;ecoutez prophete moi ferai lui [couverture 6/14];CONCEPT
Genese 15:16;VGR;64-0321E;93;VALIDE;liniquite amoreens nest comble;CONCEPT
Hebreux 1:1;VGR;64-0321E;121;PARTIEL;commencé, pas achevé — parle prophetes;CONCEPT
Hebreux 4:0;VGR;64-0321E;243;VALIDE;chap->v.7: certain apres aujourdhui aujourdhui voix;CONCEPT
Jean 4:0;VGR;64-0321E;262;VALIDE;chap->v.25: femme sais messie venu choses;CONCEPT
Jean 14:12;VGR;64-0321E;262;EXACT;verite croit uvres fais [couverture 5/14];CONCEPT
Luc 17:0;VGR;64-0321E;207;VALIDE;chap->v.15: quil gueri dieu voix;CONCEPT
Malachie 3:0;VGR;64-0321E;148;VALIDE;chap->v.1: voici messager chemin devant;CONCEPT
Malachie 4:0;VGR;64-0321E;207;VALIDE;chap->v.6: cur peres cur peres;CONCEPT
Malachie 4:0;VGR;64-0321E;214;VALIDE;chap->v.6: fera cur peres cur peres;CONCEPT
Malachie 4:0;VGR;64-0321E;216;VALIDE;chap->v.6: cur peres cur peres;CONCEPT
Nombres 12:6;VGR;64-0321E;101;VALIDE;ecoutez sil prophete;CONCEPT
Nombres 12:6;VGR;64-0321E;120;VALIDE;ecoutez prophete moi ferai;CONCEPT
Genese 22:0;SKN;52-0224;10;VALIDE;chap->v.12: main lui fais maintenant sais fils;LECTURE
Genese 22:0;SKN;52-0224;56;VALIDE;chap->v.6: abraham prit bois lholocauste fils prit main feu;CONCEPT
Marc 16:0;SKN;52-0224;175;VALIDE;chap->v.18: quelque chose cela imposeront mains;CONCEPT
Marc 16:0;SKN;52-0224;177;VALIDE;chap->v.18: quelque chose cela imposeront mains;CONCEPT
Marc 16:0;SKN;52-0224;178;VALIDE;chap->v.6: jesus nest ici voici;CONCEPT
Psaumes 103:3;SKN;52-0224;138;EXACT;cest lui tes guerit [couverture 5/8];CONCEPT
Romains 4:0;SKN;52-0224;57;VALIDE;chap->v.12: pere seulement foi qua pere;CONCEPT
Genese 22:0;SKN;53-0606;12;VALIDE;chap->v.12: main lui fais rien maintenant dieu fils unique;CONCEPT
Hebreux 13:8;SKN;53-0606;29;VALIDE;jesus christ meme aujourdhui eternellement;CONCEPT
Jean 5:0;SKN;53-0606;28;VALIDE;chap->v.19: jesus verite verite dis fils rien lui meme;CONCEPT
Jean 5:19;SKN;53-0606;28;EXACT;jesus verite dis fils rien lui meme quil [couverture 5/14];CONCEPT
Jean 19:0;SKN;53-0606;28;VALIDE;chap->v.7: juifs lui avons loi selon loi sest fils;CONCEPT
Matthieu 2:0;SKN;53-0606;3;VALIDE;chap->v.15: fut jusqua mort fut seigneur avait prophete disant;CONCEPT
Matthieu 8:0;SKN;53-0606;31;VALIDE;chap->v.4: jesus lui montre toi don ordonne quil;CONCEPT
Matthieu 27:0;SKN;53-0606;10;VALIDE;chap->v.57: venu homme nom etait joseph lui meme etait;CONCEPT
Genese 22:0;SKN;55-0120;17;VALIDE;chap->v.7: isaac parla abraham pere pere voici fils voici;CONCEPT
Genese 22:0;SKN;55-0120;19;VALIDE;chap->v.7: isaac parla abraham pere pere voici fils voici;CONCEPT
Jean 5:19;SKN;55-0120;68;EXACT;jesus dis fils rien lui meme voie chose [couverture 6/14];CONCEPT
Psaumes 46:0;SKN;55-0120;17;VALIDE;chap->v.10: suis dieu serai parmi serai terre;CONCEPT
Psaumes 46:0;SKN;55-0120;18;VALIDE;chap->v.10: suis dieu serai serai terre;CONCEPT
Psaumes 64:0;SKN;55-0120;17;VALIDE;chap->v.10: juste lui ceux;CONCEPT
Psaumes 103:3;SKN;55-0120;68;VALIDE;lui tes guerit;CONCEPT
Genese 22:0;SKN;55-0222;16;VALIDE;chap->v.7: isaac parla abraham pere pere voici fils voici;CONCEPT
Hebreux 13:8;SKN;55-0222;19;VALIDE;jesus christ meme hier aujourdhui eternellement;CONCEPT
Jean 5:19;SKN;55-0222;20;EXACT;jesus verite dis fils rien lui meme quil [couverture 6/14];CONCEPT
Genese 22:0;SKN;55-0410S;91;VALIDE;chap->v.9: dieu lui avait abraham lautel bois isaac fils;CONCEPT
Genese 22:0;SKN;55-0624;5;VALIDE;chap->v.7: isaac parla abraham pere pere voici fils voici;LECTURE
Jean 5:0;SKN;55-0624;15;VALIDE;chap->v.19: jesus verite verite dis fils rien lui meme;CONCEPT
Genese 22:0;SKN;55-1117;19;VALIDE;chap->v.7: isaac parla abraham pere pere voici fils voici;CONCEPT
Jean 5:19;SKN;55-1117;61;EXACT;jesus verite dis fils rien lui meme quil [couverture 6/14];CONCEPT
Genese 22:0;SKN;56-0614;39;VALIDE;chap->v.6: abraham prit bois lholocauste isaac fils prit main;CONCEPT
Jean 5:24;SKN;56-0614;44;VALIDE;dis celui parole croit envoye vie eternelle vient;CONCEPT
Marc 11:0;SKN;56-0614;6;VALIDE;chap->v.24: cest pourquoi dis demanderez priant croyez sera;CONCEPT
Marc 11:24;SKN;56-0614;6;VALIDE;cest pourquoi dis demanderez priant croyez sera;CONCEPT
Marc 16:0;SKN;56-0614;6;VALIDE;chap->v.6: lui cherchez jesus crucifie nest ici voici mis;CONCEPT
Genese 22:0;SKN;59-1108;7;VALIDE;chap->v.17: benirai multiplierai semence etoiles cieux sable bord mer;LECTURE
Jean 5:19;SKN;59-1108;78;EXACT;jesus dis fils rien lui quil pere quelque [couverture 8/14];CONCEPT
Genese 22:0;SKN;59-1121;9;VALIDE;chap->v.17: certainement benirai multiplierai semence etoiles cieux sable bord;LECTURE
Genese 22:15;SKN;59-1121;9;VALIDE;lange leternel cieux abraham seconde fois;LECTURE
Genese 24:56;SKN;59-1121;9;VALIDE;retardez leternel voyage moi seigneur;LECTURE
Genese 22:0;SKN;59-1123;146;VALIDE;chap->v.13: abraham leva yeux vit voici avait lui belier;CONCEPT
Marc 11:23;SKN;59-1123;65;PARTIEL;commencé, pas achevé — dis;CONCEPT
Marc 11:23;SKN;59-1123;93;PARTIEL;commencé, pas achevé — dis toi;CONCEPT
Genese 22:0;SKN;62-0612;42;VALIDE;chap->v.12: main lui maintenant sais dieu;CONCEPT
Jean 5:19;SKN;62-0612;3;VALIDE;jesus verite dis fils rien lui quil pere;CONCEPT
Genese 22:0;SKN;63-0115;54;VALIDE;chap->v.7: isaac parla abraham pere pere voici fils voici;CONCEPT
Hebreux 13:8;SKN;63-0115;247;EXACT;jesus meme hier aujourdhui eternellement [couverture 5/6];CONCEPT
Jean 12:32;SKN;63-0115;54;VALIDE;moi eleve terre jattirerai hommes;CONCEPT
Jean 12:32;SKN;63-0115;55;EXACT;moi eleve terre jattirerai hommes [couverture 6/8];CONCEPT
Jean 14:12;SKN;63-0115;252;EXACT;dis celui croit moi fera lui fais parce [couverture 9/14];CONCEPT
Malachie 4:0;SKN;63-0115;251;VALIDE;chap->v.1: voici jour ceux jour;CONCEPT
Genese 22:0;SKN;64-0207;1;VALIDE;chap->v.17: benirai multiplierai etoiles cieux sable bord mer possedera;CONCEPT
Hebreux 11:0;SKN;64-0207;60;VALIDE;chap->v.5: foi fut quil mort fut trouve dieu;CONCEPT
Hebreux 13:8;SKN;64-0207;68;EXACT;jesus meme hier aujourdhui eternellement [couverture 5/6];CONCEPT
Jean 4:0;SKN;64-0207;131;VALIDE;chap->v.14: lui moi jamais lui sera lui;CONCEPT
Jean 5:0;SKN;64-0207;138;VALIDE;chap->v.19: jesus verite verite dis fils rien lui quil;CONCEPT
Genese 22:0;VGR;52-0224;10;VALIDE;chap->v.12: main lui fais maintenant sais;LECTURE
Genese 22:0;VGR;52-0224;56;VALIDE;chap->v.6: abraham prit bois lholocauste isaac fils prit main;CONCEPT
Marc 16:0;VGR;52-0224;175;VALIDE;chap->v.18: quelque chose imposeront mains;CONCEPT
Marc 16:0;VGR;52-0224;177;VALIDE;chap->v.18: quelque chose cela imposeront mains;CONCEPT
Marc 16:0;VGR;52-0224;178;VALIDE;chap->v.6: jesus ici voici mis;CONCEPT
Psaumes 103:3;VGR;52-0224;137;VALIDE;cest tes guerit;CONCEPT
Romains 4:0;VGR;52-0224;57;VALIDE;chap->v.12: quil pere seulement foi qua pere;CONCEPT
Genese 22:0;VGR;59-1108;7;VALIDE;chap->v.17: benirai multiplierai semence etoiles cieux sable bord mer;LECTURE
Jean 5:19;VGR;59-1108;78;EXACT;jesus dis fils rien lui quil pere quelque [couverture 8/14];CONCEPT
Genese 22:0;VGR;63-0115;54;VALIDE;chap->v.7: isaac parla abraham pere pere voici fils voici;CONCEPT
Hebreux 13:8;VGR;63-0115;247;EXACT;jesus meme hier aujourdhui eternellement [couverture 5/6];CONCEPT
Jean 12:32;VGR;63-0115;54;EXACT;moi eleve terre jattirerai hommes meme [couverture 7/8];CONCEPT
Jean 12:32;VGR;63-0115;55;EXACT;moi eleve terre jattirerai hommes meme [couverture 7/8];CONCEPT
Jean 14:12;VGR;63-0115;252;EXACT;dis celui croit moi fera uvres fais parce [couverture 9/14];CONCEPT
Malachie 4:0;VGR;63-0115;251;VALIDE;chap->v.1: voici jour ceux jour;CONCEPT
Genese 22:0;VGR;64-0207;1;VALIDE;chap->v.17: benirai multiplierai etoiles cieux sable bord mer possedera;LECTURE
Hebreux 11:0;VGR;64-0207;60;VALIDE;chap->v.9: foi terre promesse terre isaac meme promesse;CONCEPT
Hebreux 13:8;VGR;64-0207;68;EXACT;jesus meme hier aujourdhui eternellement [couverture 5/6];CONCEPT
Jean 4:0;VGR;64-0207;131;VALIDE;chap->v.14: lui moi jamais lui sera lui;CONCEPT
Jean 5:0;VGR;64-0207;138;VALIDE;chap->v.19: jesus verite verite dis fils rien lui quil;CONCEPT
Genese 22:7;SKN;55-0608;10;VALIDE;isaac parla abraham pere voici fils feu bois;LECTURE
Hebreux 13:8;SKN;55-0608;72;VALIDE;jesus meme hier aujourdhui eternellement;CONCEPT
Romains 4:0;SKN;55-0608;49;VALIDE;chap->v.19: corps age quil etait denviron ans;CONCEPT
Genese 22:14;SKN;55-0817;5;VALIDE;nom jehovah jire sera pourvu;CONCEPT
Genese 22:14;SKN;56-0428;17;VALIDE;abraham nom lieu jehovah aujourdhui montagne leternel sera;CONCEPT
Hebreux 13:8;SKN;56-0428;58;VALIDE;jesus christ meme hier aujourdhui eternellement;CONCEPT
Jean 5:19;SKN;56-0428;70;EXACT;jesus verite dis fils rien lui meme quil [couverture 8/14];CONCEPT
Jean 5:24;SKN;56-0428;68;VALIDE;verite dis celui parole croit envoye vie eternelle;CONCEPT
Jean 19:0;SKN;56-0428;70;VALIDE;chap->v.20: juifs parce jesus fut etait pres etait ecrit;CONCEPT
Genese 22:14;SKN;56-0429;17;VALIDE;abraham nom lieu jehovah aujourdhui montagne leternel sera;CONCEPT
Hebreux 13:8;SKN;56-0429;58;VALIDE;jesus christ meme hier aujourdhui eternellement;CONCEPT
Jean 5:19;SKN;56-0429;70;EXACT;jesus verite dis fils rien lui meme quil [couverture 8/14];CONCEPT
Jean 5:24;SKN;56-0429;68;VALIDE;verite dis celui parole croit envoye vie eternelle;CONCEPT
Jean 19:0;SKN;56-0429;70;VALIDE;chap->v.20: juifs parce jesus fut etait pres etait ecrit;CONCEPT
Genese 22:16;SKN;61-0430;88;PARTIEL;commencé, pas achevé — meme parce;CONCEPT
Genese 22:16;SKN;63-1129;60;VALIDE;jai jure moi meme leternel parce chose nas;CONCEPT
Hebreux 4:0;SKN;63-1129;60;VALIDE;chap->v.7: fois certain jour disant david longtemps apres aujourdhui;CONCEPT
Hebreux 13:8;SKN;63-1129;60;VALIDE;jesus christ meme hier aujourdhui eternellement;CONCEPT
Malachie 3:0;SKN;63-1129;43;VALIDE;chap->v.1: voici jenvoie messager preparera chemin devant moi seigneur;CONCEPT
Malachie 3:0;SKN;63-1129;60;VALIDE;chap->v.16: alors ceux leternel ont parle lun lautre leternel;CONCEPT
Malachie 3:1;SKN;63-1129;43;EXACT;voici jenvoie messager preparera chemin devant moi seigneur [couverture 8/14];CONCEPT
Malachie 4:0;SKN;63-1129;60;VALIDE;chap->v.6: fera retourner peres fils fils peres vienne frappe;CONCEPT
Genese 22:16;VGR;63-1129;118;VALIDE;moi meme parce chose fils;CONCEPT
Hebreux 13:8;VGR;63-1129;115;EXACT;jesus christ meme hier aujourdhui eternellement [couverture 6/6];CONCEPT
Hebreux 13:8;VGR;63-1129;127;VALIDE;jesus meme hier aujourdhui;CONCEPT
Hebreux 13:8;VGR;63-1129;171;EXACT;jesus christ meme hier aujourdhui eternellement [couverture 6/6];CONCEPT
Malachie 3:0;VGR;63-1129;43;VALIDE;chap->v.1: voici jenvoie messager preparera chemin devant moi seigneur;CONCEPT
Malachie 3:0;VGR;63-1129;164;VALIDE;chap->v.14: dites dieu quel quil;CONCEPT
Malachie 3:1;VGR;63-1129;43;EXACT;voici jenvoie messager preparera chemin devant moi seigneur [couverture 8/14];CONCEPT
Malachie 4:0;VGR;63-1129;163;VALIDE;chap->v.6: fera peres fils fils peres;CONCEPT
Genese 24:0;SKN;59-0611;35;VALIDE;chap->v.65: avait serviteur homme serviteur;CONCEPT
Genese 24:58;SKN;59-0611;22;EXACT;appelerent rebecca lui dirent homme [couverture 5/7];CONCEPT
Hebreux 1:0;SKN;59-0712;87;VALIDE;chap->v.5: anges jamais moi moi lui pere lui sera;CONCEPT
Hebreux 1:4;SKN;59-0712;87;PARTIEL;commencé, pas achevé — anges;CONCEPT
Jean 1:0;SKN;59-0712;65;VALIDE;chap->v.30: apres homme prend avant avant;CONCEPT
Hebreux 1:0;SKN;62-0627;35;VALIDE;chap->v.5: fils moi aujourdhui moi lui serai pere lui;CONCEPT
Hebreux 4:0;SKN;62-0627;90;VALIDE;chap->v.12: parole dieu penetrante epee deux tranchants jusqua;CONCEPT
Hebreux 13:8;SKN;62-0627;25;VALIDE;jesus meme hier aujourdhui eternellement;CONCEPT
Hebreux 13:8;SKN;62-0627;27;EXACT;jesus meme hier aujourdhui eternellement [couverture 5/6];CONCEPT
Jean 5:19;SKN;62-0627;37;EXACT;jesus verite dis fils rien lui meme quil [couverture 6/14];CONCEPT
Jean 5:19;SKN;62-0627;61;VALIDE;jesus verite dis rien lui meme quil chose;CONCEPT
Hebreux 1:0;SKN;63-0122;47;VALIDE;chap->v.1: dieu ayant autrefois plusieurs reprises plusieurs manieres parle;CONCEPT
Hebreux 13:8;SKN;63-0122;72;VALIDE;jesus christ meme hier aujourdhui eternellement;CONCEPT
Hebreux 13:8;SKN;63-0122;85;EXACT;jesus meme hier aujourdhui eternellement [couverture 5/6];CONCEPT
Jean 5:24;SKN;63-0122;70;VALIDE;dis celui parole croit vie eternelle jugement passe;CONCEPT
Jean 14:12;SKN;63-0122;70;VALIDE;dis celui croit moi fera lui fais men;CONCEPT
Hebreux 1:0;SKN;63-1112;99;VALIDE;chap->v.1: dieu plusieurs reprises plusieurs manieres parle peres prophetes;CONCEPT
Hebreux 4:0;SKN;63-1112;125;VALIDE;chap->v.12: parole dieu vivante epee deux tranchants;CONCEPT
Hebreux 13:8;SKN;63-1112;29;EXACT;jesus meme hier aujourdhui eternellement [couverture 5/6];CONCEPT
Hebreux 13:8;SKN;63-1112;30;EXACT;jesus christ meme hier aujourdhui eternellement [couverture 6/6];CONCEPT
Hebreux 13:8;SKN;63-1112;64;VALIDE;jesus christ meme hier aujourdhui eternellement;CONCEPT
Jean 1:0;SKN;63-1112;97;VALIDE;chap->v.30: cest celui moi apres moi vient homme moi;CONCEPT
Jean 4:0;SKN;63-1112;157;VALIDE;chap->v.23: lheure vient maintenant vrais adorateurs adoreront pere esprit;CONCEPT
Jean 5:19;SKN;63-1112;158;EXACT;verite lui quil chose pere quelque celui [couverture 7/14];CONCEPT
Jean 6:0;SKN;63-1112;151;VALIDE;chap->v.41: juifs lui quil avait moi suis;CONCEPT
Jean 12:20;SKN;63-1112;29;EXACT;quelques grecs dentre ceux etaient montes adorer pendant [couverture 9/10];CONCEPT
Jean 14:12;SKN;63-1112;38;EXACT;dis celui croit moi fera lui fais parce [couverture 9/14];CONCEPT
Matthieu 6:11;SKN;63-1112;87;VALIDE;donne aujourdhui quil;CONCEPT
Hebreux 1:0;SKN;64-0214;87;VALIDE;chap->v.1: dieu autrefois plusieurs reprises plusieurs manieres parle peres;CONCEPT
Hebreux 13:8;SKN;64-0214;127;EXACT;jesus christ meme hier aujourdhui eternellement [couverture 5/6];CONCEPT
Luc 17:30;SKN;64-0214;128;EXACT;sera meme jour fils lhomme [couverture 6/7];CONCEPT
Malachie 3:0;SKN;64-0214;117;VALIDE;chap->v.1: voici jenvoie messager chemin devant;CONCEPT
Malachie 4:0;SKN;64-0214;127;VALIDE;chap->v.1: voici jour vient jour vient;CONCEPT
Marc 16:0;SKN;64-0214;104;VALIDE;chap->v.17: signes accompagneront ceux auront cru nom chasseront demons;CONCEPT
Matthieu 24:24;SKN;64-0214;105;EXACT;faux signes possible meme elus [couverture 6/14];CONCEPT
Nombres 12:6;SKN;64-0214;82;PARTIEL;commencé, pas achevé — prophete lui;CONCEPT
Hebreux 1:0;VGR;59-0712;87;VALIDE;chap->v.5: anges jamais moi moi lui pere lui sera;CONCEPT
Hebreux 1:4;VGR;59-0712;87;PARTIEL;commencé, pas achevé — anges quil;CONCEPT
Hebreux 1:0;VGR;63-0122;127;VALIDE;chap->v.1: dieu autrefois plusieurs reprises plusieurs manieres parle peres;CONCEPT
Hebreux 13:8;VGR;63-0122;215;EXACT;jesus meme hier aujourdhui eternellement [couverture 5/6];CONCEPT
Hebreux 13:8;VGR;63-0122;247;EXACT;jesus christ meme hier eternellement [couverture 5/6];CONCEPT
Jean 5:24;VGR;63-0122;206;EXACT;celui parole croit envoye vie eternelle jugement passe [couverture 9/14];CONCEPT
Jean 14:12;VGR;63-0122;207;EXACT;celui croit moi fera uvres fais parce men [couverture 8/14];CONCEPT
Hebreux 1:0;VGR;63-1103;234;VALIDE;chap->v.5: jamais moi aujourdhui moi serai pere sera;CONCEPT
Hebreux 3:0;VGR;63-1103;234;VALIDE;chap->v.13: chaque jour quil aujourdhui peche;CONCEPT
Hebreux 4:0;VGR;63-1103;72;VALIDE;chap->v.12: parole dieu penetrante epee deux tranchants jusqua;CONCEPT
Hebreux 13:8;VGR;63-1103;121;EXACT;jesus christ meme hier aujourdhui eternellement [couverture 6/6];CONCEPT
Hebreux 13:8;VGR;63-1103;168;EXACT;jesus christ meme hier aujourdhui eternellement [couverture 6/6];CONCEPT
Hebreux 13:8;VGR;63-1103;195;EXACT;jesus meme hier aujourdhui eternellement [couverture 5/6];CONCEPT
Jean 5:24;VGR;63-1103;297;EXACT;celui parole croit envoye vie eternelle [couverture 7/14];CONCEPT
Jean 14:12;VGR;63-1103;188;EXACT;verite dis celui croit moi fera uvres fais [couverture 11/14];CONCEPT
Jean 14:12;VGR;63-1103;196;EXACT;dis celui croit moi fera uvres fais vais [couverture 9/14];CONCEPT
Marc 4:35;VGR;63-1103;42;PARTIEL;commencé, pas achevé — jour;CONCEPT
Matthieu 8:23;VGR;63-1103;39;VALIDE;monte disciples suivirent;CONCEPT
Matthieu 28:20;VGR;63-1103;197;EXACT;choses voici moi suis jours jusqua [couverture 6/11];CONCEPT
Matthieu 28:28;VGR;63-1103;187;LAPSUS;annoncé — dit en réalité matthieu 28:7;CONCEPT
matthieu 28:7;VGR;63-1103;187;LAPSUS-LU;lu — annoncé sous Matthieu 28:28;CONCEPT
Psaumes 103:1-9;VGR;63-1103;192;VALIDE;ame moi cest;CONCEPT
Hebreux 3:0;SKN;53-0506;12;VALIDE;chap->v.10: cest pourquoi jai jai toujours mes voies;CONCEPT
Hebreux 13:8;SKN;53-0506;11;VALIDE;jesus christ meme hier aujourdhui eternellement;CONCEPT
Jean 4:0;SKN;53-0506;10;VALIDE;chap->v.14: celui boira leau lui donnerai moi naura soif;LECTURE
Jean 5:0;SKN;53-0506;29;VALIDE;chap->v.19: jesus verite verite dis fils rien lui meme;CONCEPT
Jean 5:19;SKN;53-0506;31;EXACT;jesus verite dis fils rien lui meme quil [couverture 8/14];CONCEPT
Jean 5:19;SKN;53-0506;32;EXACT;jesus verite dis fils rien lui meme quil [couverture 12/14];CONCEPT
Hebreux 3:0;SKN;54-0813;4;VALIDE;chap->v.1: cest pourquoi souverain sacrificateur confession jesus;CONCEPT
Hebreux 3:0;SKN;55-0115;18;VALIDE;chap->v.1: cest pourquoi lapotre souverain sacrificateur confession jesus;CONCEPT
Hebreux 10:14;SKN;55-0115;34;VALIDE;seule offrande parfaits ceux sanctifies;CONCEPT
Hebreux 10:40;SKN;55-0115;26;LAPSUS;annoncé — dit en réalité hebreux 10:26;CONCEPT
hebreux 10:26;SKN;55-0115;26;LAPSUS-LU;lu — annoncé sous Hebreux 10:40;CONCEPT
Jean 3:0;SKN;55-0115;28;VALIDE;chap->v.18: celui croit lui juge celui croit deja juge;CONCEPT
Psaumes 23:0;SKN;55-0115;16;VALIDE;chap->v.4: meme vallee lombre mort aucun mal moi;CONCEPT
Hebreux 3:0;SKN;55-0603;6;VALIDE;chap->v.1: cest freres saints souverain sacrificateur confession jesus;LECTURE
Hebreux 13:8;SKN;55-0603;8;VALIDE;jesus christ meme hier aujourdhui eternellement;LECTURE
Jean 5:0;SKN;55-0603;26;VALIDE;chap->v.19: jesus verite verite dis fils rien lui meme;CONCEPT
Jean 5:19;SKN;55-0603;28;EXACT;jesus verite dis fils rien lui meme quil [couverture 5/14];CONCEPT
Hebreux 3:0;SKN;58-0503;19;VALIDE;chap->v.10: cest pourquoi jai contre jai toujours connu mes;CONCEPT
Hebreux 13:8;SKN;58-0503;58;VALIDE;jesus meme hier aujourdhui eternellement;CONCEPT
Jean 5:19;SKN;58-0503;59;EXACT;jesus verite fils rien lui meme quil chose [couverture 7/14];CONCEPT
Jean 5:19;SKN;58-0503;63;EXACT;jesus verite dis rien lui meme quil voie [couverture 7/14];CONCEPT
Jean 5:24;SKN;58-0503;54;EXACT;dis celui entend parole croit envoye vie eternelle [couverture 8/14];CONCEPT
Marc 11:24;SKN;58-0503;21;VALIDE;cest pourquoi dis demanderez priant croyez recevez sera;CONCEPT
Matthieu 3:0;SKN;58-0503;15;VALIDE;chap->v.3: cest celui prophete celui preparez chemin seigneur;LECTURE
Hebreux 3:0;SKN;59-0410;44;VALIDE;chap->v.1: cest lappel considerez souverain sacrificateur confession jesus;CONCEPT
Hebreux 3:0;SKN;62-0218;146;VALIDE;chap->v.1: cest pourquoi souverain sacrificateur confession jesus;CONCEPT
Hebreux 4:4;SKN;62-0218;162;PARTIEL;commencé, pas achevé — part dieu;CONCEPT
Hebreux 4:12;SKN;62-0218;162;EXACT;parole dieu penetrante epee deux tranchants jusqua [couverture 7/14];CONCEPT
Hebreux 13:8;SKN;62-0218;35;VALIDE;jesus meme hier aujourdhui eternellement;CONCEPT
Hebreux 13:8;SKN;62-0218;245;VALIDE;jesus christ meme aujourdhui;CONCEPT
Jean 1:0;SKN;62-0218;167;VALIDE;chap->v.1: commencement etait parole parole etait dieu parole etait;CONCEPT
Jean 4:0;SKN;62-0218;273;VALIDE;chap->v.9: femme lui toi juif suis femme juifs;CONCEPT
Jean 5:18;SKN;62-0218;201;VALIDE;cela quil dieu etait;CONCEPT
Jean 5:19;SKN;62-0218;201;EXACT;jesus dis rien lui meme quil chose celui [couverture 6/14];CONCEPT
Jean 14:12;SKN;62-0218;38;EXACT;verite celui croit moi fera fais grandes [couverture 9/14];CONCEPT
Jean 15:0;SKN;62-0218;75;VALIDE;chap->v.4: demeurez moi moi meme quil demeure cep meme;CONCEPT
Marc 16:0;SKN;62-0218;52;VALIDE;chap->v.17: ici signes accompagneront ceux auront cru nom chasseront;CONCEPT
Marc 16:0;SKN;62-0218;164;VALIDE;chap->v.6: jesus nest ici mis;CONCEPT
Marc 16:0;SKN;62-0218;330;VALIDE;chap->v.18: auront quelque chose mortel cela imposeront mains infirmes;CONCEPT
Matthieu 3:0;SKN;62-0218;150;VALIDE;chap->v.3: cest ici celui parle prophete celui desert seigneur;CONCEPT
Matthieu 10:0;SKN;62-0218;53;VALIDE;chap->v.8: morts lepreux demons avez recu gratuitement donnez gratuitement;CONCEPT
Matthieu 15:21;SKN;62-0218;22;VALIDE;jesus retira tyr sidon;CONCEPT
Hebreux 3:0;SKN;64-0305;212;VALIDE;chap->v.10: jai jai connu;CONCEPT
Hebreux 4:12;SKN;64-0305;67;EXACT;parole dieu epee deux tranchants [couverture 5/14];CONCEPT
Jean 1:0;SKN;64-0305;63;VALIDE;chap->v.1: commencement etait parole parole etait dieu parole etait;CONCEPT
Jean 5:19;SKN;64-0305;238;EXACT;jesus verite dis fils rien lui meme quil [couverture 12/14];CONCEPT
Jean 14:12;SKN;64-0305;214;EXACT;verite dis celui croit moi fera lui fais [couverture 11/14];CONCEPT
Luc 17:15;SKN;64-0305;70;VALIDE;quil etait dieu;CONCEPT
Hebreux 4:12;VGR;64-0305;67;EXACT;parole dieu epee deux tranchants [couverture 5/14];CONCEPT
Jean 1:0;VGR;64-0305;63;VALIDE;chap->v.1: commencement etait parole parole etait dieu parole etait;CONCEPT
Jean 5:19;VGR;64-0305;238;EXACT;jesus verite dis fils rien lui meme quil [couverture 12/14];CONCEPT
Jean 14:12;VGR;64-0305;214;EXACT;verite dis celui croit moi fera lui uvres [couverture 12/14];CONCEPT
Luc 17:15;VGR;64-0305;70;VALIDE;quil etait dieu;CONCEPT
Hebreux 3:1;SKN;50-0711;54;VALIDE;cest souverain sacrificateur confession jesus;CONCEPT
Marc 16:0;SKN;50-0711;20;VALIDE;chap->v.17: ici signes accompagneront ceux auront cru nom chasseront;CONCEPT
Matthieu 10:0;SKN;50-0711;20;VALIDE;chap->v.8: guerissez ressuscitez morts lepreux demons avez recu gratuitement;CONCEPT
Hebreux 3:1;SKN;52-0817E;12;EXACT;cest pourquoi souverain sacrificateur confession jesus [couverture 6/13];CONCEPT
Hebreux 11:2;SKN;52-0817E;15;VALIDE;cest ont temoignage;CONCEPT
Hebreux 13:8;SKN;52-0817E;11;VALIDE;jesus christ meme hier aujourdhui eternellement;LECTURE
Jean 5:0;SKN;52-0817E;7;VALIDE;chap->v.19: jesus verite verite dis fils rien lui meme;CONCEPT
Jean 5:0;SKN;52-0817E;38;VALIDE;chap->v.19: jesus repondit dis lui meme quil voie chose;CONCEPT
Jean 5:19;SKN;52-0817E;9;EXACT;jesus verite dis fils rien lui meme quil [couverture 8/14];LECTURE
Hebreux 3:1;SKN;53-0219;10;VALIDE;souverain sacrificateur confession jesus;LECTURE
Hebreux 3:1;SKN;53-0511;22;EXACT;cest pourquoi souverain sacrificateur confession jesus [couverture 5/13];CONCEPT
Jean 5:19;SKN;53-0511;16;EXACT;jesus verite dis fils rien lui meme quil [couverture 8/14];CONCEPT
Hebreux 3:1;SKN;53-0601;11;EXACT;cest pourquoi souverain sacrificateur confession jesus [couverture 6/13];LECTURE
Hebreux 3:1;SKN;54-0228E;7;VALIDE;cest souverain sacrificateur confession jesus;LECTURE
Hebreux 13:8;SKN;54-0228E;31;EXACT;jesus christ meme hier aujourdhui eternellement [couverture 6/6];CONCEPT
Jean 5:19;SKN;54-0228E;37;VALIDE;jesus verite dis fils rien lui meme quil;CONCEPT
Jean 5:19;SKN;54-0228E;44;EXACT;jesus verite dis fils rien lui quil voie [couverture 8/14];CONCEPT
Jean 14:7;SKN;54-0228E;29;VALIDE;connu pere maintenant lavez;CONCEPT
Luc 20:0;SKN;54-0228E;29;VALIDE;chap->v.8: jesus moi dis quelle fais choses;CONCEPT
Marc 16:0;SKN;54-0228E;25;VALIDE;chap->v.6: lui jesus ressuscite nest ici voici mis;CONCEPT
Marc 16:0;SKN;54-0228E;29;VALIDE;chap->v.6: lui jesus crucifie ressuscite nest ici voici mis;CONCEPT
Psaumes 103:3;SKN;54-0228E;11;VALIDE;cest lui tes guerit;CONCEPT
Hebreux 3:1;SKN;54-0302;9;VALIDE;cest pourquoi souverain sacrificateur confession jesus;CONCEPT
Hebreux 13:8;SKN;54-0302;35;VALIDE;jesus christ meme hier aujourdhui eternellement;CONCEPT
Jean 5:19;SKN;54-0302;37;EXACT;jesus verite dis fils rien lui meme quil [couverture 5/14];CONCEPT
Matthieu 14:28;SKN;54-0302;37;VALIDE;pierre lui seigneur cest toi moi eaux;CONCEPT
Hebreux 3:1;SKN;58-0515;19;VALIDE;cest souverain sacrificateur confession jesus;CONCEPT
Hebreux 13:8;SKN;58-0515;10;VALIDE;jesus meme hier aujourdhui eternellement;LECTURE
Jean 1:0;SKN;58-0515;20;VALIDE;chap->v.42: trouve propre frere simon lui avons trouve christ;CONCEPT
Jean 1:0;SKN;58-0515;21;VALIDE;chap->v.42: celui trouve propre frere simon lui avons trouve;CONCEPT
Jean 4:0;SKN;58-0515;55;VALIDE;chap->v.50: jesus lui fils vit lhomme parole jesus lui;CONCEPT
Jean 5:0;SKN;58-0515;32;VALIDE;chap->v.19: jesus verite verite dis fils rien lui meme;CONCEPT
Jean 5:19;SKN;58-0515;32;EXACT;jesus verite dis fils rien lui meme quil [couverture 10/14];CONCEPT
Jean 5:19;SKN;58-0515;33;EXACT;jesus verite dis fils rien lui meme quil [couverture 12/14];CONCEPT
Jean 5:19;SKN;58-0515;40;EXACT;jesus verite dis fils rien lui meme quil [couverture 8/14];CONCEPT
Jean 6:0;SKN;58-0515;34;VALIDE;chap->v.35: jesus moi suis vie celui moi jamais celui;CONCEPT
Jean 12:0;SKN;58-0515;10;VALIDE;chap->v.27: maintenant ame dirai pere moi heure cest cela;LECTURE
Jean 12:0;SKN;58-0515;20;VALIDE;chap->v.27: maintenant ame pere heure cest cela suis venu;CONCEPT
Matthieu 3:0;SKN;58-0515;45;VALIDE;chap->v.11: moi baptise celui apres moi puissant moi suis;CONCEPT
Hebreux 4:0;SKN;56-0212;41;VALIDE;chap->v.12: parole dieu penetrante epee deux tranchants jusqua lesprit;CONCEPT
Psaumes 103:3;SKN;56-0212;5;VALIDE;cest tes guerit;CONCEPT
Hebreux 4:0;SKN;57-0811E;53;VALIDE;chap->v.2: avons meme ceux parole quils servit foi ceux;CONCEPT
Jean 5:19;SKN;57-0811E;14;EXACT;jesus repondit dis fils lui meme quil chose [couverture 6/14];LECTURE
Hebreux 4:0;SKN;58-0519;57;VALIDE;chap->v.12: parole dieu epee deux tranchants jusqua;CONCEPT
Jean 5:19;SKN;58-0519;20;EXACT;jesus verite dis fils rien lui meme quil [couverture 13/14];CONCEPT
Psaumes 63:0;SKN;58-0519;32;VALIDE;chap->v.1: dieu dieu cherche ame soif toi apres toi;CONCEPT
Hebreux 4:0;SKN;61-0305;2;VALIDE;chap->v.2: meme parole rien foi;CONCEPT
Hebreux 4:0;SKN;61-0412;52;VALIDE;chap->v.8: avait parle apres cela dun autre jour;CONCEPT
Jean 1:0;SKN;61-0412;52;VALIDE;chap->v.30: cest moi apres moi vient homme avant moi;CONCEPT
Jean 5:19;SKN;61-0412;101;VALIDE;jesus verite dis fils rien lui meme quil;CONCEPT
Jean 5:24;SKN;61-0412;63;VALIDE;dis celui parole croit envoye vie eternelle vient;CONCEPT
Marc 16:0;SKN;61-0412;6;VALIDE;chap->v.12: apres choses autre deux dentre eux etaient;LECTURE
Matthieu 3:0;SKN;61-0412;76;VALIDE;chap->v.3: cest ici parle prophete desert seigneur;CONCEPT
Matthieu 12:42;SKN;61-0412;46;VALIDE;reine midi levera jugement generation condamnera vint terre;CONCEPT
Hebreux 4:0;SKN;62-0128A;96;VALIDE;chap->v.8: avait donne parle cela dun autre jour;CONCEPT
Jean 14:12;SKN;62-0128A;82;VALIDE;celui croit moi fera lui fais grandes parce;CONCEPT
Josue 10:12;SKN;62-0128A;10;EXACT;alors josue parla leternel jour livra amoreens disrael [couverture 12/14];LECTURE
Luc 24:49;SKN;62-0128A;77;EXACT;voici pere ville jusqua soyez revetus puissance den [couverture 7/13];CONCEPT
Marc 11:11;SKN;62-0128A;31;PARTIEL;commencé, pas achevé — apres deja;CONCEPT
Marc 16:0;SKN;62-0128A;82;VALIDE;chap->v.16: celui aura cru aura sera celui cru sera;CONCEPT
Hebreux 4:0;SKN;62-0520;42;VALIDE;chap->v.13: aucune soit devant lui choses yeux celui avons;CONCEPT
Hebreux 4:12;SKN;62-0520;82;PARTIEL;commencé, pas achevé — parole dieu;CONCEPT
Marc 7:24;SKN;62-0520;8;VALIDE;sen alla tyr sidon etant maison voulait personne;LECTURE
Matthieu 11:6;SKN;62-0520;19;PARTIEL;commencé, pas achevé — moi;CONCEPT
Hebreux 4:0;SKN;62-0531;253;VALIDE;chap->v.12: parole dieu vivante epee deux tranchants;CONCEPT
Jean 5:24;SKN;62-0531;143;EXACT;dis celui parole croit envoye vie eternelle vient [couverture 10/14];CONCEPT
Josue 24:0;SKN;62-0531;52;VALIDE;chap->v.14: maintenant craignez servez integrite dieux vos peres servis;CONCEPT
Josue 24:14;SKN;62-0531;52;EXACT;maintenant craignez servez integrite dieux vos peres servis [couverture 9/14];CONCEPT
Luc 7:27;SKN;62-0531;132;PARTIEL;commencé, pas achevé — ici;CONCEPT
Luc 17:27;SKN;62-0531;132;VALIDE;mariage jour noe;CONCEPT
Hebreux 4:0;SKN;62-0628;116;VALIDE;chap->v.12: parole dieu vivante epee deux tranchants;CONCEPT
Jean 14:12;SKN;62-0628;34;VALIDE;celui croit moi fera lui fais grandes parce;CONCEPT
Matthieu 2:0;SKN;62-0628;41;VALIDE;chap->v.15: fut jusqua mort fut seigneur avait prophete jai;CONCEPT
Hebreux 4:0;SKN;64-0120;144;VALIDE;chap->v.12: parole dieu penetrante epee deux tranchants;CONCEPT
Hebreux 4:0;VGR;61-0305;3;VALIDE;chap->v.12: parole dieu epee deux tranchants jusqua lesprit;CONCEPT
Hebreux 4:0;VGR;62-0531;253;VALIDE;chap->v.12: parole dieu vivante epee deux tranchants jusqua;CONCEPT
Jean 5:24;VGR;62-0531;143;EXACT;dis celui parole croit envoye vie eternelle vient [couverture 11/14];CONCEPT
Josue 24:0;VGR;62-0531;52;VALIDE;chap->v.14: maintenant craignez leternel servez integrite dieux vos peres;CONCEPT
Josue 24:14;VGR;62-0531;52;EXACT;maintenant craignez leternel servez integrite dieux vos peres [couverture 11/14];CONCEPT
Luc 7:27;VGR;62-0531;132;PARTIEL;commencé, pas achevé — cest ici;CONCEPT
Luc 17:27;VGR;62-0531;132;VALIDE;mariage jour noe;CONCEPT
Hebreux 4:12;SKN;62-0608;38;VALIDE;parole dieu penetrante epee jusqua lesprit;CONCEPT
Hebreux 13:8;SKN;62-0608;99;VALIDE;jesus christ meme hier aujourdhui eternellement;CONCEPT
Jean 14:12;SKN;62-0608;100;VALIDE;verite dis moi fera lui fais grandes vais;CONCEPT
Malachie 4:0;SKN;62-0608;107;VALIDE;chap->v.5: voici avant grand jour leternel;CONCEPT
Marc 11:24;SKN;62-0608;127;VALIDE;cest dis croyez sera;CONCEPT
Hebreux 4:12;SKN;62-0727;33;VALIDE;parole dieu vivante penetrante epee deux tranchants jusqua;CONCEPT
Hebreux 13:8;SKN;62-0727;21;EXACT;jesus meme hier aujourdhui eternellement [couverture 5/6];CONCEPT
Hebreux 13:8;SKN;62-0727;24;VALIDE;jesus meme hier aujourdhui eternellement;CONCEPT
Jean 4:0;SKN;62-0727;92;VALIDE;chap->v.9: femme samaritaine lui juif moi suis femme samaritaine;CONCEPT
Jean 4:0;SKN;62-0727;93;VALIDE;chap->v.9: femme samaritaine lui juif moi suis femme samaritaine;CONCEPT
Jean 5:19;SKN;62-0727;38;EXACT;jesus verite dis fils rien lui meme quil [couverture 7/14];CONCEPT
Jean 6:0;SKN;62-0727;60;VALIDE;chap->v.35: jesus moi suis vie celui moi celui croit;CONCEPT
Jean 12:20;SKN;62-0727;21;PARTIEL;commencé, pas achevé — quelques pendant;CONCEPT
Jean 14:12;SKN;62-0727;55;EXACT;dis celui croit moi fera lui fais parce [couverture 9/14];CONCEPT
Hebreux 4:12;SKN;63-0802;107;EXACT;parole dieu epee deux tranchants [couverture 5/14];CONCEPT
Malachie 3:0;SKN;63-0802;33;VALIDE;chap->v.16: alors ceux ont lautre livre ecrit;CONCEPT
Hebreux 4:12;SKN;63-1116E;142;PARTIEL;commencé, pas achevé — parole epee;CONCEPT
Hebreux 13:18;SKN;63-1116E;280;PARTIEL;commencé, pas achevé — priez croyons;CONCEPT
Jean 5:19;SKN;63-1116E;280;EXACT;jesus dis rien meme chose pere quelque celui [couverture 7/14];CONCEPT
Jean 14:12;SKN;63-1116E;280;EXACT;dis celui croit moi fera fais parce [couverture 8/14];CONCEPT
Hebreux 4:12;SKN;64-0619;83;EXACT;parole dieu epee deux tranchants [couverture 5/14];CONCEPT
Malachie 4:0;SKN;64-0619;197;VALIDE;chap->v.1: voici jour vient jour vient;CONCEPT
Hebreux 4:12;SKN;65-0426;125;VALIDE;parole dieu epee;CONCEPT
Hebreux 12:0;SKN;65-0426;125;VALIDE;chap->v.2: jesus etait devant lui;CONCEPT
Hebreux 13:8;SKN;65-0426;131;VALIDE;jesus christ meme hier aujourdhui eternellement;CONCEPT
Jean 3:16;SKN;65-0426;212;EXACT;dieu monde quil donne lui [couverture 5/14];CONCEPT
Malachie 3:0;SKN;65-0426;109;VALIDE;chap->v.18: juste mechant celui dieu celui;CONCEPT
Malachie 4:0;SKN;65-0426;107;VALIDE;chap->v.6: peres fils fils peres;CONCEPT
Malachie 4:0;SKN;65-0426;108;VALIDE;chap->v.6: fera peres fils fils peres;CONCEPT
Malachie 4:0;SKN;65-0426;109;VALIDE;chap->v.1: voici jour jour;CONCEPT
Malachie 4:0;SKN;65-0426;145;VALIDE;chap->v.3: vos jour ferai;CONCEPT
Marc 11:22;SKN;65-0426;92;VALIDE;jesus foi dieu;CONCEPT
Matthieu 11:0;SKN;65-0426;109;VALIDE;chap->v.10: cest celui ecrit voici jenvoie messager devant face;CONCEPT
Hebreux 4:12;VGR;64-0619;96;EXACT;parole dieu epee deux tranchants [couverture 5/14];CONCEPT
Malachie 4:0;VGR;64-0619;208;VALIDE;chap->v.1: voici jour vient jour vient;CONCEPT
Hebreux 4:12;VGR;65-0426;157;EXACT;parole dieu vivante epee deux tranchants [couverture 6/14];CONCEPT
Hebreux 13:8;VGR;65-0426;171;EXACT;jesus meme hier aujourdhui eternellement [couverture 5/6];CONCEPT
Jean 3:16;VGR;65-0426;356;VALIDE;dieu monde quil;CONCEPT
Jean 14:12;VGR;65-0426;172;EXACT;celui croit moi fera uvres fais parce men [couverture 8/14];CONCEPT
Luc 17:30;VGR;65-0426;183;EXACT;sera meme jour fils lhomme [couverture 6/7];CONCEPT
Malachie 3:0;VGR;65-0426;142;VALIDE;chap->v.18: juste mechant celui dieu celui;CONCEPT
Malachie 4:0;VGR;65-0426;140;VALIDE;chap->v.6: peres fils fils peres;CONCEPT
Malachie 4:0;VGR;65-0426;141;VALIDE;chap->v.1: voici jour jour;CONCEPT
Malachie 4:0;VGR;65-0426;142;VALIDE;chap->v.1: voici jour jour;CONCEPT
Malachie 4:0;VGR;65-0426;183;VALIDE;chap->v.6: fera fils fils vienne pays;CONCEPT
Marc 11:22;VGR;65-0426;116;PARTIEL;commencé, pas achevé — jesus dieu;CONCEPT
Matthieu 11:0;VGR;65-0426;142;VALIDE;chap->v.10: cest celui ecrit voici jenvoie messager devant face;CONCEPT
Matthieu 28:0;VGR;65-0426;173;VALIDE;chap->v.10: alors jesus mes;CONCEPT
Hebreux 4:15;SKN;60-0609;49;VALIDE;navons souverain sacrificateur nos infirmites choses part;CONCEPT
Jean 4:0;SKN;60-0609;65;VALIDE;chap->v.10: jesus lui don dieu donne moi toi lui;CONCEPT
Jean 4:0;SKN;60-0609;66;VALIDE;chap->v.10: jesus lui don dieu donne moi toi lui;CONCEPT
Matthieu 14:0;SKN;60-0609;8;VALIDE;chap->v.23: eut renvoye monta montagne lecart prier soir venu;LECTURE
Hebreux 6:0;SKN;51-0414;6;VALIDE;chap->v.4: impossible ceux ont fois eclaires ont goute don;CONCEPT
Jean 5:0;SKN;51-0414;13;VALIDE;chap->v.19: jesus verite verite dis fils rien lui meme;CONCEPT
Hebreux 6:0;SKN;51-0501;14;VALIDE;chap->v.7: terre pluie souvent ceux dieu benediction;CONCEPT
Hebreux 11:2;SKN;51-0501;32;PARTIEL;commencé, pas achevé — cest temoignage;CONCEPT
Hebreux 6:0;SKN;53-0609A;61;VALIDE;chap->v.7: terre pluie souvent herbes dieu;CONCEPT
Matthieu 27:0;SKN;53-0609A;209;VALIDE;chap->v.43: sest dieu lui suis fils dieu;CONCEPT
Hebreux 6:0;SKN;54-0620E;51;VALIDE;chap->v.4: impossible ceux ont fois ont don saint;CONCEPT
Hebreux 10:0;SKN;54-0620E;52;VALIDE;chap->v.26: volontairement apres recu connaissance verite reste sacrifice;CONCEPT
Jean 5:19;SKN;54-0620E;48;EXACT;jesus verite dis fils rien lui meme quil [couverture 7/14];CONCEPT
Jeremie 1:4;SKN;54-0620E;46;PARTIEL;commencé, pas achevé — parole moi;CONCEPT
Hebreux 6:0;SKN;62-0623;32;VALIDE;chap->v.13: dieu personne grand lui meme;CONCEPT
Hebreux 6:0;SKN;64-0417;101;VALIDE;chap->v.18: choses etait impossible dieu sommes;CONCEPT
Jean 3:16;SKN;64-0417;32;EXACT;dieu tant aime monde quil donne fils lui [couverture 9/14];CONCEPT
Jean 4:0;SKN;64-0417;227;VALIDE;chap->v.25: femme lui messie vient sera venu fera choses;CONCEPT
Jean 5:19;SKN;64-0417;30;EXACT;jesus verite dis fils rien lui quil chose [couverture 10/14];CONCEPT
Jean 11:0;SKN;64-0417;18;VALIDE;chap->v.2: cetait marie seigneur dun lui lazare etait;CONCEPT
Jean 11:0;SKN;64-0417;227;VALIDE;chap->v.25: jesus lui moi suis vie moi quil;CONCEPT
Hebreux 6:0;VGR;53-0609A;61;VALIDE;chap->v.7: terre pluie souvent herbes dieu;CONCEPT
Matthieu 27:0;VGR;53-0609A;209;VALIDE;chap->v.43: sest dieu lui suis fils dieu;CONCEPT
Hebreux 6:0;VGR;64-0417;101;VALIDE;chap->v.13: lorsque dieu lui meme;CONCEPT
Jean 3:16;VGR;64-0417;32;EXACT;dieu tant aime monde quil fils lui ait [couverture 8/14];CONCEPT
Jean 4:0;VGR;64-0417;227;VALIDE;chap->v.10: jesus lui don dieu moi lui;CONCEPT
Jean 5:19;VGR;64-0417;30;EXACT;jesus verite dis fils rien lui meme quil [couverture 10/14];CONCEPT
Jean 11:0;VGR;64-0417;18;VALIDE;chap->v.13: jesus avait parle eux quil avait parle;CONCEPT
Jean 11:0;VGR;64-0417;227;VALIDE;chap->v.25: jesus lui moi suis vie moi quil;CONCEPT
Hebreux 7:0;SKN;57-0418;51;VALIDE;chap->v.1: roi salem sacrificateur dieu haut alla devant dabraham;CONCEPT
Hebreux 7:0;SKN;64-0402;85;VALIDE;chap->v.2: abraham donna part dime roi justice roi salem;CONCEPT
Jean 15:0;SKN;64-0402;129;VALIDE;chap->v.2: sarment moi porte fruit sarment porte fruit porte;CONCEPT
Malachie 4:0;SKN;64-0402;156;VALIDE;chap->v.1: jour vient jour vient;CONCEPT
Marc 11:22;SKN;64-0402;183;VALIDE;jesus ayez foi dieu;CONCEPT
Hebreux 7:0;VGR;57-0418;57;VALIDE;chap->v.1: roi salem sacrificateur dieu alla dabraham lorsquil revenait;CONCEPT
Hebreux 7:0;VGR;64-0402;85;VALIDE;chap->v.2: abraham part dime roi justice roi salem cest;CONCEPT
Jean 15:0;VGR;64-0402;129;VALIDE;chap->v.2: sarment moi porte fruit sarment porte fruit afin;CONCEPT
Malachie 4:0;VGR;64-0402;156;VALIDE;chap->v.1: jour vient jour vient;CONCEPT
Marc 11:22;VGR;64-0402;183;VALIDE;jesus ayez foi dieu;CONCEPT
Hebreux 9:0;SKN;55-0403;16;VALIDE;chap->v.11: christ venu souverain sacrificateur biens venir tabernacle grand;CONCEPT
Jean 14:0;SKN;55-0403;30;VALIDE;chap->v.10: crois moi pere pere moi moi dis dis;CONCEPT
Hebreux 9:0;VGR;55-0403;60;VALIDE;chap->v.11: christ venu souverain sacrificateur biens venir tabernacle grand;CONCEPT
Jean 14:0;VGR;55-0403;98;VALIDE;chap->v.10: crois pere pere dis dis meme pere demeure;CONCEPT
Hebreux 10:0;SKN;54-1114;26;VALIDE;chap->v.26: volontairement apres recu connaissance verite reste sacrifice;CONCEPT
Jean 3:0;SKN;54-1114;15;VALIDE;chap->v.16: dieu aime monde quil donne fils afin quiconque;LECTURE
Jean 3:0;SKN;54-1114;16;VALIDE;chap->v.18: celui croit lui nest juge celui croit deja;CONCEPT
Nombres 21:0;SKN;54-1114;23;VALIDE;chap->v.9: moise fit serpent dairain serpent avait homme quil;CONCEPT
Psaumes 70:0;SKN;54-1114;14;VALIDE;chap->v.5: moi suis pauvre dieu hate toi moi celui;LECTURE
Hebreux 10:0;SKN;55-0220E;60;VALIDE;chap->v.26: pechons volontairement apres recu connaissance verite reste sacrifice;CONCEPT
Hebreux 13:0;SKN;55-0220E;22;VALIDE;chap->v.12: cest jesus afin quil sanctifie peuple propre sang;CONCEPT
Hebreux 13:8;SKN;55-0220E;51;VALIDE;jesus meme hier aujourdhui eternellement;CONCEPT
Jean 5:0;SKN;55-0220E;43;VALIDE;chap->v.19: jesus dis fils rien lui meme quil chose;CONCEPT
Jean 5:19;SKN;55-0220E;49;EXACT;jesus verite dis fils rien lui meme quil [couverture 10/14];CONCEPT
Luc 16:16;SKN;55-0220E;20;VALIDE;loi prophetes ont jusqua jean lors royaume dieu;CONCEPT
Psaumes 103:3;SKN;55-0220E;7;VALIDE;cest lui pardonne tes iniquites guerit;CONCEPT
Hebreux 10:0;SKN;55-0223;33;VALIDE;chap->v.10: cest sanctifies loffrande corps jesus christ faite fois;CONCEPT
Psaumes 23:0;SKN;55-0223;20;VALIDE;chap->v.4: meme vallee lombre mort moi eux;CONCEPT
Hebreux 10:0;SKN;55-0605;49;VALIDE;chap->v.1: ayant venir meme choses jamais lon;CONCEPT
Job 14:0;SKN;55-0605;31;VALIDE;chap->v.22: lui meme ame mene lui meme;CONCEPT
Hebreux 10:0;SKN;55-1119;47;VALIDE;chap->v.29: dune pensez sera juge celui pieds dieu;CONCEPT
Hebreux 13:8;SKN;55-1119;67;VALIDE;jesus christ meme hier aujourdhui eternellement;CONCEPT
Jean 5:19;SKN;55-1119;66;EXACT;jesus verite dis fils rien lui meme quil [couverture 10/14];CONCEPT
Jean 5:19;SKN;55-1119;67;EXACT;jesus verite dis fils rien lui meme quil [couverture 12/14];CONCEPT
Job 19:25;SKN;55-1119;20;VALIDE;moi sais redempteur vivant dernier sera debout terre;CONCEPT
Hebreux 10:0;SKN;56-0610;1;VALIDE;chap->v.2: autrement nauraient cesse detre puisque ceux rendent culte;LECTURE
Hebreux 10:14;SKN;56-0610;1;VALIDE;seule offrande rendu ceux sanctifies;LECTURE
Psaumes 23:0;SKN;56-0610;1;VALIDE;chap->v.4: meme vallee lombre mort aucun mal moi eux;LECTURE
Hebreux 10:0;SKN;57-0922E;311;VALIDE;chap->v.26: pechons volontairement apres recu connaissance verite;CONCEPT
Hebreux 10:0;VGR;54-1114;82;VALIDE;chap->v.26: volontairement apres recu connaissance verite reste sacrifice;CONCEPT
Jean 3:0;VGR;54-1114;49;VALIDE;chap->v.27: jean rien quil lui soit donne ciel;CONCEPT
Jean 3:0;VGR;54-1114;53;VALIDE;chap->v.13: personne nest monte ciel celui descendu ciel fils;CONCEPT
Nombres 21:0;VGR;54-1114;74;VALIDE;chap->v.9: moise serpent dairain serpent quil;CONCEPT
Psaumes 70:0;VGR;54-1114;45;VALIDE;chap->v.5: moi suis pauvre dieu hate toi moi celui;CONCEPT
Hebreux 10:0;VGR;57-0908M;169;VALIDE;chap->v.25: memes quelques ont lun lautre cela voyez jour;CONCEPT
Romains 8:1;VGR;57-0908M;109;EXACT;maintenant aucune condamnation ceux christ jesus [couverture 6/6];CONCEPT
Hebreux 10:0;VGR;57-0922E;311;VALIDE;chap->v.26: pechons volontairement apres recu connaissance verite;CONCEPT
Hebreux 10:14;VGR;56-0610;142;VALIDE;seule offrande ceux sanctifies;CONCEPT
Psaumes 23:0;VGR;56-0610;64;VALIDE;chap->v.6: jours vie sera maison jours;CONCEPT
Hebreux 10:47;SKN;54-0718E;40;LAPSUS;annoncé — dit en réalité hebreux 10:12;CONCEPT
hebreux 10:12;SKN;54-0718E;40;LAPSUS-LU;lu — annoncé sous Hebreux 10:47;CONCEPT
Hebreux 13:8;SKN;54-0718E;9;VALIDE;jesus meme hier aujourdhui eternellement;LECTURE
Jean 5:0;SKN;54-0718E;45;VALIDE;chap->v.19: jesus verite verite dis fils rien lui meme;CONCEPT
Hebreux 11:0;SKN;55-0109M;129;VALIDE;chap->v.8: foi abraham appele aller alla;CONCEPT
Hebreux 12:1;SKN;55-0109M;136;VALIDE;ayant fardeau peche courons;CONCEPT
Hebreux 11:0;SKN;58-0125;35;VALIDE;chap->v.16: maintenant meilleure cest cest dieu deux savoir dieu;CONCEPT
Jean 1:0;SKN;58-0125;51;VALIDE;chap->v.23: moi suis voix celui crie desert faites seigneur;CONCEPT
Hebreux 11:0;SKN;58-0313;78;VALIDE;chap->v.5: foi quil voie mort trouve dieu;CONCEPT
Jean 5:19;SKN;58-0313;52;VALIDE;jesus verite dis fils rien lui meme quil;CONCEPT
Jean 14:7;SKN;58-0313;47;VALIDE;connu pere maintenant;CONCEPT
Hebreux 11:0;SKN;58-1004;64;VALIDE;chap->v.8: foi etant sen sen alla;CONCEPT
Marc 5:0;SKN;58-1004;71;VALIDE;chap->v.7: moi jesus fils dieu dieu;CONCEPT
Hebreux 11:0;SKN;59-1227E;45;VALIDE;chap->v.4: foi offrit dieu excellent sacrifice cain sacrifice recu;CONCEPT
Jean 5:24;SKN;59-1227E;60;EXACT;celui entend parole croit envoye vie eternelle vient [couverture 9/14];CONCEPT
Hebreux 11:0;SKN;60-0611E;131;VALIDE;chap->v.5: foi enoch fut enleve voie fut dieu enleve;CONCEPT
Hebreux 11:0;SKN;62-0621E;22;VALIDE;chap->v.6: foi impossible lui faut celui dieu dieu quil;CONCEPT
Jean 5:19;SKN;62-0621E;29;EXACT;jesus verite dis fils rien lui quil chose [couverture 11/14];CONCEPT
Hebreux 11:0;SKN;62-1125E;13;VALIDE;chap->v.12: cest pourquoi dun dun homme deja nes ciel;LECTURE
Hebreux 13:0;SKN;62-1125E;49;VALIDE;chap->v.8: jesus christ meme hier aujourdhui eternellement;CONCEPT
Hebreux 11:0;VGR;55-0109M;129;VALIDE;chap->v.8: foi abraham appele lieu quil alla;CONCEPT
Hebreux 12:1;VGR;55-0109M;136;EXACT;cest ayant fardeau peche enveloppe courons [couverture 6/14];CONCEPT
Hebreux 11:0;VGR;59-1227E;45;VALIDE;chap->v.6: foi impossible lui faut celui sapproche dieu croie;CONCEPT
Jean 5:24;VGR;59-1227E;60;EXACT;celui entend parole croit envoye vie eternelle vient [couverture 9/14];CONCEPT
Hebreux 11:1;SKN;58-0517E;43;PARTIEL;commencé, pas achevé — foi choses;CONCEPT
Jean 5:19;SKN;58-0517E;39;EXACT;jesus dis fils rien lui meme chose pere [couverture 6/14];CONCEPT
Matthieu 12:0;SKN;58-0517E;3;VALIDE;chap->v.42: reine midi levera jugement generation condamnera vint terre;LECTURE
Hebreux 11:1;SKN;60-0108;21;PARTIEL;commencé, pas achevé — foi choses;CONCEPT
Jean 5:24;SKN;60-0108;44;VALIDE;dis celui parole croit envoye vie eternelle vient;CONCEPT
Hebreux 11:2;SKN;53-0614;14;VALIDE;anciens recu temoignage;CONCEPT
Hebreux 11:2;SKN;54-0304;64;PARTIEL;commencé, pas achevé — temoignage;CONCEPT
Jean 3:16;SKN;54-0304;46;VALIDE;dieu tant aime monde donne fils unique afin;CONCEPT
Hebreux 11:2;SKN;54-0900;5;VALIDE;cest ont temoignage;LECTURE
Jean 5:0;SKN;54-0900;29;VALIDE;chap->v.19: jesus dis fils rien lui meme quil chose;CONCEPT
Jean 5:19;SKN;54-0900;29;VALIDE;jesus dis fils rien lui meme quil chose;CONCEPT
Hebreux 11:10;SKN;50-0818;21;PARTIEL;commencé, pas achevé — laquelle dieu;CONCEPT
Jean 5:24;SKN;50-0818;5;VALIDE;dis celui entend parole croit envoye vie jugement;CONCEPT
Hebreux 12:0;SKN;56-0128;62;VALIDE;chap->v.3: considerez celui telle part lui meme afin soyez;CONCEPT
Hebreux 12:0;SKN;56-1002E;12;VALIDE;chap->v.3: telle part lui meme etant;CONCEPT
Hebreux 12:0;VGR;56-1002E;23;VALIDE;chap->v.28: cest royaume dieu dune maniere lui soit;CONCEPT
Hebreux 13:0;SKN;54-0404M;21;VALIDE;chap->v.12: jesus afin sanctifie peuple propre sang souffert hors;CONCEPT
Hebreux 13:12;SKN;54-0404M;21;VALIDE;jesus afin sanctifie peuple propre sang souffert hors;CONCEPT
Luc 24:49;SKN;54-0404M;21;VALIDE;voici moi pere ville soyez puissance haut;CONCEPT
Hebreux 13:0;SKN;56-0200;12;VALIDE;chap->v.20: dieu grand puissance eternelle seigneur jesus;CONCEPT
Hebreux 13:0;SKN;61-0124;19;VALIDE;chap->v.14: navons ici cite permanente celle venir;CONCEPT
Jean 5:19;SKN;61-0124;47;EXACT;jesus dis fils lui meme quil chose pere [couverture 7/14];CONCEPT
Psaumes 22:0;SKN;61-0124;77;VALIDE;chap->v.9: cest toi mas porte mas donne;CONCEPT
Hebreux 13:8;SKN;51-0929;22;VALIDE;jesus meme hier aujourdhui eternellement;CONCEPT
Jean 5:0;SKN;51-0929;21;VALIDE;chap->v.20: pere aime fils lui montre choses quil lui;CONCEPT
Jean 5:19;SKN;51-0929;21;EXACT;jesus verite dis fils rien lui meme quil [couverture 6/14];CONCEPT
Hebreux 13:8;SKN;52-0809;13;VALIDE;jesus christ meme hier aujourdhui eternellement;LECTURE
Jean 14:12;SKN;52-0809;13;VALIDE;dis celui moi lui fais grandes men vais;LECTURE
Psaumes 103:3;SKN;52-0809;16;VALIDE;cest lui pardonne tes iniquites guerit;CONCEPT
Hebreux 13:8;SKN;52-0810E;15;VALIDE;jesus meme hier aujourdhui eternellement;LECTURE
Jean 5:0;SKN;52-0810E;23;VALIDE;chap->v.10: juifs dirent celui avait gueri cest jour sabbat;CONCEPT
Jean 16:0;SKN;52-0810E;15;VALIDE;chap->v.27: pere lui meme aime parce aime avez moi;LECTURE
Jean 17:0;SKN;52-0810E;66;VALIDE;chap->v.11: suis monde monde moi viens pere saint nom;CONCEPT
Matthieu 8:0;SKN;52-0810E;3;VALIDE;chap->v.9: moi suis homme moi dis lun autre viens;CONCEPT
Hebreux 13:8;SKN;53-0215;7;VALIDE;jesus meme hier eternellement;LECTURE
Jean 5:19;SKN;53-0215;9;EXACT;jesus repondit verite dis fils rien lui meme [couverture 7/14];LECTURE
Hebreux 13:8;SKN;53-1106;52;VALIDE;jesus christ meme hier aujourdhui eternellement;CONCEPT
Jean 5:0;SKN;53-1106;49;VALIDE;chap->v.19: jesus verite verite dis fils rien lui meme;CONCEPT
Jean 5:19;SKN;53-1106;50;EXACT;jesus verite dis fils rien lui meme quil [couverture 6/14];CONCEPT
Hebreux 13:8;SKN;54-0217;56;EXACT;jesus christ meme hier aujourdhui eternellement [couverture 6/6];CONCEPT
Hebreux 13:8;SKN;54-0314;36;VALIDE;jesus christ meme hier aujourdhui eternellement;CONCEPT
Jean 5:0;SKN;54-0314;45;VALIDE;chap->v.4: ange descendait agitait leau premier entrait apres leau;CONCEPT
Jean 5:19;SKN;54-0314;50;EXACT;jesus verite dis fils rien lui meme quil [couverture 7/14];CONCEPT
Jean 5:24;SKN;54-0314;20;EXACT;verite dis celui parole croit envoye vie eternelle [couverture 8/14];CONCEPT
Jeremie 1:4;SKN;54-0314;19;PARTIEL;commencé, pas achevé — parole moi;CONCEPT
Marc 11:24;SKN;54-0314;40;VALIDE;cest pourquoi demanderez priant croyez sera;CONCEPT
Marc 16:0;SKN;54-0314;40;VALIDE;chap->v.12: apres choses autre forme deux dentre etaient;CONCEPT
Hebreux 13:8;SKN;54-0331;42;VALIDE;jesus meme hier eternellement;CONCEPT
Jean 5:19;SKN;54-0331;12;EXACT;jesus verite dis fils rien lui meme chose [couverture 5/14];LECTURE
Hebreux 13:8;SKN;54-0809E;33;VALIDE;jesus meme hier eternellement;CONCEPT
Jean 5:19;SKN;54-0809E;14;EXACT;jesus verite dis fils rien lui meme chose [couverture 6/14];LECTURE
Jean 5:19;SKN;54-0809E;33;EXACT;jesus verite dis fils rien lui meme voie [couverture 6/14];CONCEPT
Marc 11:24;SKN;54-0809E;31;VALIDE;dis demanderez croyez recevez sera;CONCEPT
Hebreux 13:8;SKN;54-0824;6;VALIDE;jesus meme hier aujourdhui eternellement;LECTURE
Jean 5:19;SKN;54-0824;25;EXACT;jesus verite dis fils rien lui meme quil [couverture 8/14];CONCEPT
Hebreux 13:8;SKN;55-0113;39;VALIDE;jesus christ meme hier aujourdhui eternellement;CONCEPT
Jean 5:19;SKN;55-0113;36;EXACT;jesus verite dis lui meme quil chose pere [couverture 8/14];CONCEPT
Jean 14:12;SKN;55-0113;4;VALIDE;verite dis celui croit moi fera uvres fais;LECTURE
Jean 14:12;SKN;55-0113;39;EXACT;verite dis moi fera lui uvres fais grandes [couverture 7/14];CONCEPT
Jean 15:0;SKN;55-0113;25;VALIDE;chap->v.5: moi suis cep sarments celui moi moi lui;CONCEPT
Matthieu 19:18;SKN;55-0113;48;PARTIEL;commencé, pas achevé — lui jesus;CONCEPT
Matthieu 28:18;SKN;55-0113;48;VALIDE;jesus disant ciel terre;CONCEPT
Hebreux 13:8;SKN;56-0426;18;VALIDE;jesus christ meme hier aujourdhui eternellement;CONCEPT
Hebreux 13:8;SKN;56-0426;31;VALIDE;jesus christ meme hier aujourdhui eternellement;CONCEPT
Jean 5:19;SKN;56-0426;45;EXACT;jesus verite dis fils rien lui meme quil [couverture 8/14];CONCEPT
Marc 16:0;SKN;56-0426;24;VALIDE;chap->v.6: lui jesus crucifie ressuscite nest ici voici mis;CONCEPT
Hebreux 13:8;SKN;56-0615;53;VALIDE;jesus christ meme hier aujourdhui eternellement;CONCEPT
Jean 5:19;SKN;56-0615;50;EXACT;jesus verite dis fils rien lui meme quil [couverture 6/14];CONCEPT
Jean 5:19;SKN;56-0615;52;EXACT;jesus verite dis fils rien lui meme quil [couverture 11/14];CONCEPT
Matthieu 27:0;SKN;56-0615;16;VALIDE;chap->v.57: soir venu arriva homme riche nom etait joseph;CONCEPT
Hebreux 13:8;SKN;56-1001;17;VALIDE;jesus christ meme hier aujourdhui eternellement;CONCEPT
Jean 1:0;SKN;56-1001;23;VALIDE;chap->v.43: jesus jesus simon fils jonas seras appele pierre;CONCEPT
Jean 5:0;SKN;56-1001;39;VALIDE;chap->v.3: etaient couches boiteux gens avaient membres mouvement leau;CONCEPT
Jean 5:19;SKN;56-1001;43;EXACT;jesus verite dis fils rien lui meme quil [couverture 5/14];CONCEPT
Marc 16:0;SKN;56-1001;8;VALIDE;chap->v.16: aura cru aura sauve cru condamne;CONCEPT
Hebreux 13:8;SKN;57-0104;26;VALIDE;jesus christ meme hier aujourdhui eternellement;CONCEPT
Hebreux 13:8;SKN;57-0104;63;VALIDE;jesus christ meme hier aujourdhui eternellement;CONCEPT
Jean 3:0;SKN;57-0104;24;VALIDE;chap->v.18: celui croit lui nest celui croit deja parce;CONCEPT
Jean 5:0;SKN;57-0104;55;VALIDE;chap->v.19: jesus verite verite dis fils rien lui meme;CONCEPT
Jean 5:19;SKN;57-0104;56;EXACT;jesus verite dis fils rien lui meme quil [couverture 8/14];CONCEPT
Jean 6:0;SKN;57-0104;48;VALIDE;chap->v.26: jesus verite verite dis parce avez parce avez;CONCEPT
Jean 19:0;SKN;57-0104;56;VALIDE;chap->v.28: apres cela jesus etaient deja lecriture fut jai;CONCEPT
Marc 16:0;SKN;57-0104;29;VALIDE;chap->v.16: celui aura cru aura sera celui cru sera;CONCEPT
Psaumes 103:3;SKN;57-0104;51;VALIDE;cest lui tes guerit infirmites;CONCEPT
Hebreux 13:8;SKN;57-0105;84;EXACT;jesus meme hier aujourdhui eternellement [couverture 5/6];CONCEPT
Jean 5:19;SKN;57-0105;88;EXACT;jesus verite dis fils rien lui meme quil [couverture 10/14];CONCEPT
Jean 14:0;SKN;57-0105;37;VALIDE;chap->v.10: suis pere pere dis dis meme pere;CONCEPT
Psaumes 103:3;SKN;57-0105;13;VALIDE;cest tes guerit;CONCEPT
Hebreux 13:8;SKN;57-0106;55;VALIDE;jesus meme hier aujourdhui eternellement;CONCEPT
Jean 5:19;SKN;57-0106;55;EXACT;jesus verite dis fils rien lui meme quil [couverture 6/14];CONCEPT
Hebreux 13:8;SKN;57-0226;13;VALIDE;jesus christ meme hier aujourdhui eternellement;CONCEPT
Jean 1:0;SKN;57-0226;32;VALIDE;chap->v.47: nathanael lui venir quelque chose bon nazareth philippe;CONCEPT
Jean 4:0;SKN;57-0226;42;VALIDE;chap->v.9: femme samaritaine lui toi juif boire moi suis;CONCEPT
Jean 5:19;SKN;57-0226;31;EXACT;jesus verite dis fils rien lui meme quil [couverture 5/14];CONCEPT
Jean 14:12;SKN;57-0226;21;VALIDE;dis celui croit moi fera lui fais parce;CONCEPT
Hebreux 13:8;SKN;57-0323;60;VALIDE;christ meme hier aujourdhui eternellement;CONCEPT
Jean 5:19;SKN;57-0323;63;EXACT;jesus dis rien lui meme quil chose pere [couverture 6/14];CONCEPT
Jean 14:0;SKN;57-0323;11;VALIDE;chap->v.9: lui suis longtemps mas connu philippe pere dis;LECTURE
Jean 14:8;SKN;57-0323;11;VALIDE;philippe lui seigneur montre pere cela suffit;LECTURE
Luc 24:49;SKN;57-0323;38;VALIDE;voici moi promesse ville jusqua soyez revetus puissance;CONCEPT
Hebreux 13:8;SKN;57-0421E;11;EXACT;jesus christ meme hier aujourdhui eternellement [couverture 6/6];CONCEPT
Jean 4:0;SKN;57-0421E;103;VALIDE;chap->v.9: femme samaritaine lui juif moi femme samaritaine;CONCEPT
Jean 5:19;SKN;57-0421E;30;EXACT;jesus verite dis fils rien lui meme quil [couverture 11/14];CONCEPT
Hebreux 13:8;SKN;57-0517;38;VALIDE;jesus christ meme hier aujourdhui eternellement;CONCEPT
Jean 14:7;SKN;57-0517;38;VALIDE;connu pere maintenant;CONCEPT
Matthieu 12:42;SKN;57-0517;12;EXACT;reine midi levera jugement generation condamnera vint terre [couverture 13/14];LECTURE
Hebreux 13:8;SKN;57-0610;47;EXACT;jesus christ meme hier aujourdhui eternellement [couverture 6/6];CONCEPT
Jean 4:0;SKN;57-0610;71;VALIDE;chap->v.25: femme sais christ sera venu fera choses;CONCEPT
Jean 5:0;SKN;57-0610;37;VALIDE;chap->v.19: jesus verite verite dis fils rien lui meme;CONCEPT
Jean 5:19;SKN;57-0610;59;EXACT;jesus verite dis fils rien lui meme quil [couverture 7/14];CONCEPT
Jean 14:7;SKN;57-0610;26;PARTIEL;commencé, pas achevé — maintenant;CONCEPT
Hebreux 13:8;SKN;57-0613E;51;VALIDE;jesus christ meme hier aujourdhui eternellement;CONCEPT
Jean 5:19;SKN;57-0613E;47;EXACT;jesus repondit dis fils rien lui meme quil [couverture 6/14];CONCEPT
Jean 14:0;SKN;57-0613E;50;VALIDE;chap->v.10: crois moi suis pere pere moi moi dis;CONCEPT
Psaumes 63:0;SKN;57-0613E;8;VALIDE;chap->v.1: dieu dieu cherche jour ame soif toi chair;LECTURE
Hebreux 13:8;SKN;57-0614;44;EXACT;jesus christ meme hier eternellement [couverture 5/6];CONCEPT
Jean 5:19;SKN;57-0614;44;EXACT;jesus verite dis fils rien lui meme chose [couverture 8/14];CONCEPT
Jean 5:24;SKN;57-0614;34;EXACT;celui entend parole vie eternelle jugement passe mort [couverture 5/14];CONCEPT
Hebreux 13:8;SKN;57-1211;13;VALIDE;jesus christ meme hier aujourdhui eternellement;LECTURE
Jean 5:0;SKN;57-1211;51;VALIDE;chap->v.19: jesus verite verite dis fils rien lui meme;CONCEPT
Jean 14:0;SKN;57-1211;25;VALIDE;chap->v.10: moi suis pere pere moi moi dis dis;CONCEPT
Matthieu 24:0;SKN;57-1211;32;VALIDE;chap->v.21: alors grande telle quil depuis monde jusqua maintenant;CONCEPT
Matthieu 24:0;SKN;57-1211;33;VALIDE;chap->v.21: alors telle quil depuis commencement monde maintenant quil;CONCEPT
Hebreux 13:8;SKN;57-1212;47;VALIDE;jesus christ meme hier aujourdhui eternellement;CONCEPT
Jean 5:19;SKN;57-1212;43;EXACT;jesus verite dis fils rien lui quil chose [couverture 7/14];CONCEPT
Jean 5:19;SKN;57-1212;44;EXACT;jesus verite dis fils rien lui meme quil [couverture 7/14];CONCEPT
Jean 5:24;SKN;57-1212;43;VALIDE;verite dis parole vie passe;CONCEPT
Hebreux 13:8;SKN;57-1213;24;EXACT;jesus meme hier aujourdhui eternellement [couverture 5/6];CONCEPT
Jean 4:0;SKN;57-1213;71;VALIDE;chap->v.25: femme lui sais appele vient sera venu fera;CONCEPT
Jean 4:0;SKN;57-1213;72;VALIDE;chap->v.25: femme lui sais appele vient sera venu fera;CONCEPT
Jean 4:0;SKN;57-1213;80;VALIDE;chap->v.25: femme lui sais messie appele vient sera venu;CONCEPT
Jean 5:19;SKN;57-1213;13;EXACT;jesus dis fils rien lui meme quil chose [couverture 6/14];LECTURE
Jean 5:19;SKN;57-1213;72;EXACT;jesus verite dis rien lui meme quil chose [couverture 8/14];CONCEPT
Jean 17:0;SKN;57-1213;5;VALIDE;chap->v.3: cest ici vie seul vrai dieu jesus;LECTURE
Psaumes 103:3;SKN;57-1213;64;VALIDE;cest pardonne tes guerit infirmites;CONCEPT
Hebreux 13:8;SKN;58-0105;37;VALIDE;jesus meme hier aujourdhui eternellement;CONCEPT
Jean 5:19;SKN;58-0105;37;VALIDE;jesus dis rien lui meme quil voie chose;CONCEPT
Jean 14:8;SKN;58-0105;37;VALIDE;philippe lui seigneur montre pere cela;CONCEPT
Hebreux 13:8;SKN;58-0208;69;VALIDE;jesus meme hier aujourdhui eternellement;CONCEPT
Jean 5:19;SKN;58-0208;57;EXACT;jesus dis fils rien lui quil chose pere [couverture 9/14];CONCEPT
Marc 16:0;SKN;58-0208;16;VALIDE;chap->v.6: lui jesus ressuscite nest ici lieu mis;CONCEPT
Hebreux 13:8;SKN;58-0225;12;VALIDE;jesus christ meme hier eternellement;CONCEPT
Jean 4:0;SKN;58-0225;3;VALIDE;chap->v.9: femme lui toi juif moi suis femme juifs;LECTURE
Jean 5:0;SKN;58-0225;16;VALIDE;chap->v.19: jesus verite verite dis fils rien lui meme;CONCEPT
Jean 5:19;SKN;58-0225;1;EXACT;jesus verite dis fils rien lui chose pere [couverture 10/14];LECTURE
Psaumes 32:0;SKN;58-0225;1;VALIDE;chap->v.8: conseillerai ayant toi;LECTURE
Hebreux 13:8;SKN;58-0512;56;VALIDE;jesus christ meme hier aujourdhui eternellement;CONCEPT
Psaumes 63:0;SKN;58-0512;5;VALIDE;chap->v.1: dieu dieu cherche ame soif toi apres toi;CONCEPT
Hebreux 13:8;SKN;58-0524;59;VALIDE;jesus christ meme hier aujourdhui eternellement;CONCEPT
Jean 4:0;SKN;58-0524;64;VALIDE;chap->v.9: femme samaritaine lui toi juif boire moi suis;CONCEPT
Jean 4:0;SKN;58-0524;65;VALIDE;chap->v.10: jesus lui connaissais don dieu celui donne moi;CONCEPT
Jean 5:19;SKN;58-0524;59;EXACT;jesus dis fils rien lui meme quil chose [couverture 7/14];CONCEPT
Jean 11:0;SKN;58-0524;45;VALIDE;chap->v.25: jesus lui moi suis resurrection vie moi quil;CONCEPT
Jean 14:8;SKN;58-0524;60;VALIDE;lui seigneur pere cela;CONCEPT
Psaumes 103:3;SKN;58-0524;16;VALIDE;cest lui tes guerit;CONCEPT
Hebreux 13:8;SKN;58-0619E;10;VALIDE;jesus christ meme hier aujourdhui eternellement;LECTURE
Jean 1:0;SKN;58-0619E;25;VALIDE;chap->v.41: andre frere simon pierre etait entendu parler lui;CONCEPT
Jean 4:0;SKN;58-0619E;34;VALIDE;chap->v.9: femme samaritaine lui comment toi juif boire moi;CONCEPT
Jean 4:0;SKN;58-0619E;59;VALIDE;chap->v.9: femme lui comment toi moi suis femme nont;CONCEPT
Jean 5:19;SKN;58-0619E;39;EXACT;jesus verite dis fils rien lui meme quil [couverture 5/14];CONCEPT
Jean 5:19;SKN;58-0619E;40;EXACT;jesus verite dis fils rien lui meme quil [couverture 5/14];CONCEPT
Jean 6:0;SKN;58-0619E;36;VALIDE;chap->v.35: jesus moi suis vie celui moi jamais celui;CONCEPT
Jean 12:0;SKN;58-0619E;23;VALIDE;chap->v.22: philippe vient andre puis andre vient philippe disent;CONCEPT
Jean 12:20;SKN;58-0619E;10;VALIDE;avait quelques grecs ceux etaient montes adorer pendant;LECTURE
Hebreux 13:8;SKN;58-0625;71;VALIDE;jesus christ meme hier aujourdhui eternellement;CONCEPT
Jean 4:0;SKN;58-0625;77;VALIDE;chap->v.9: femme samaritaine lui comment toi juif boire moi;CONCEPT
Matthieu 3:0;SKN;58-0625;27;VALIDE;chap->v.3: cest ici celui prophete disant celui preparez seigneur;CONCEPT
Hebreux 13:8;SKN;59-0404;13;VALIDE;jesus christ meme hier aujourdhui eternellement;LECTURE
Jean 4:0;SKN;59-0404;36;VALIDE;chap->v.10: jesus repondit lui connaissais don dieu celui donne;CONCEPT
Jean 5:19;SKN;59-0404;16;VALIDE;jesus verite dis fils rien lui meme quil;CONCEPT
Jean 14:12;SKN;59-0404;8;EXACT;verite dis celui croit moi fera fais parce [couverture 7/14];LECTURE
Hebreux 13:8;SKN;59-0614;36;VALIDE;jesus christ meme hier aujourdhui eternellement;CONCEPT
Jean 1:0;SKN;59-0614;37;VALIDE;chap->v.30: cest moi apres moi homme avant moi etait;CONCEPT
Jean 5:0;SKN;59-0614;44;VALIDE;chap->v.19: jesus verite verite dis fils rien lui meme;CONCEPT
Jean 5:19;SKN;59-0614;45;EXACT;jesus verite dis fils rien lui meme quil [couverture 11/14];CONCEPT
Jeremie 8:22;SKN;59-0614;8;VALIDE;baume galaad medecin pourquoi fille peuple;LECTURE
Hebreux 13:8;SKN;60-0313;62;EXACT;jesus christ meme hier aujourdhui eternellement [couverture 6/6];CONCEPT
Jean 5:19;SKN;60-0313;62;EXACT;jesus dis fils rien lui meme quil pere [couverture 8/14];CONCEPT
Jean 14:0;SKN;60-0313;24;VALIDE;chap->v.10: crois moi pere pere moi moi dis dis;CONCEPT
Hebreux 13:8;SKN;60-0401E;61;EXACT;jesus meme hier aujourdhui eternellement [couverture 5/6];CONCEPT
Jean 4:0;SKN;60-0401E;72;VALIDE;chap->v.10: jesus lui don dieu celui moi lui demande;CONCEPT
Jean 5:19;SKN;60-0401E;61;EXACT;jesus verite dis fils rien lui meme quil [couverture 5/14];CONCEPT
Jean 14:0;SKN;60-0401E;54;VALIDE;chap->v.10: moi suis pere pere moi moi dis dis;CONCEPT
Hebreux 13:8;SKN;60-0708;16;VALIDE;jesus meme hier aujourdhui eternellement;CONCEPT
Jean 1:0;SKN;60-0708;36;VALIDE;chap->v.30: cest celui moi apres moi homme prend avant;CONCEPT
Jean 4:0;SKN;60-0708;38;VALIDE;chap->v.50: jesus lui fils vit lhomme parole jesus lui;CONCEPT
Jean 5:19;SKN;60-0708;86;EXACT;jesus verite dis fils rien lui meme quil [couverture 8/14];CONCEPT
Hebreux 13:8;SKN;60-0711;46;VALIDE;jesus christ meme hier;CONCEPT
Jean 14:7;SKN;60-0711;46;PARTIEL;commencé, pas achevé — connu maintenant;CONCEPT
Marc 16:0;SKN;60-0711;46;VALIDE;chap->v.17: accompagneront ceux auront cru nom chasseront demons parleront;CONCEPT
Hebreux 13:8;SKN;60-0720;9;VALIDE;jesus christ meme hier aujourdhui eternellement;LECTURE
Jean 5:19;SKN;60-0720;56;EXACT;jesus verite dis fils rien lui meme quil [couverture 5/14];CONCEPT
Marc 16:0;SKN;60-0720;52;VALIDE;chap->v.6: lui jesus crucifie ressuscite nest ici voici lavait;CONCEPT
Hebreux 13:8;SKN;60-0729;10;VALIDE;jesus christ meme hier eternellement;CONCEPT
Jean 5:24;SKN;60-0729;26;VALIDE;celui parole croit envoye vie eternelle vient jugement;CONCEPT
Jean 14:7;SKN;60-0729;20;VALIDE;pere maintenant connaissez;CONCEPT
Psaumes 103:3;SKN;60-0729;86;VALIDE;lui tes guerit;CONCEPT
Hebreux 13:8;SKN;61-0119E;134;EXACT;jesus meme hier aujourdhui eternellement [couverture 5/6];CONCEPT
Jean 5:19;SKN;61-0119E;138;EXACT;jesus verite dis fils rien lui meme quil [couverture 10/14];CONCEPT
Malachie 3:0;SKN;61-0119E;67;VALIDE;chap->v.18: alors ferez juste mechant celui celui;CONCEPT
Malachie 4:0;SKN;61-0119E;67;VALIDE;chap->v.1: voici jour vient jour vient brulera;CONCEPT
Marc 16:0;SKN;61-0119E;35;VALIDE;chap->v.16: celui cru sera celui cru sera;CONCEPT
Matthieu 12:42;SKN;61-0119E;30;EXACT;reine midi levera jugement generation condamnera terre entendre [couverture 6/14];CONCEPT
Hebreux 13:8;SKN;61-0123;17;VALIDE;jesus christ meme hier aujourdhui eternellement;CONCEPT
Jean 14:12;SKN;61-0123;17;VALIDE;moi fera lui fais parce vais;CONCEPT
Matthieu 14:27;SKN;61-0123;18;VALIDE;jesus aussitot bon cest moi nayez peur;CONCEPT
Hebreux 13:8;SKN;61-0219;20;VALIDE;jesus christ meme hier aujourdhui eternellement;CONCEPT
Jean 4:0;SKN;61-0219;85;VALIDE;chap->v.50: jesus lui fils parole jesus lui avait dite;CONCEPT
Jean 5:0;SKN;61-0219;86;VALIDE;chap->v.19: jesus verite verite dis fils rien lui meme;CONCEPT
Jean 5:19;SKN;61-0219;86;EXACT;jesus verite dis fils rien lui meme quil [couverture 6/14];CONCEPT
Jean 5:24;SKN;61-0219;76;VALIDE;dis celui parole croit envoye vie eternelle vient;CONCEPT
Marc 11:23;SKN;61-0219;7;VALIDE;dis montagne ote quil;CONCEPT
Marc 16:0;SKN;61-0219;35;VALIDE;chap->v.17: ici signes accompagneront ceux auront cru demons langues;CONCEPT
Hebreux 13:8;SKN;62-0611;51;VALIDE;jesus christ meme hier eternellement;CONCEPT
Jean 5:24;SKN;62-0611;19;VALIDE;dis celui parole croit envoye vie eternelle jugement;CONCEPT
Jean 14:12;SKN;62-0611;51;EXACT;dis celui croit moi fera fais celles [couverture 5/14];CONCEPT
Matthieu 6:0;SKN;62-0611;70;VALIDE;chap->v.6: toi prie pere demeure pere;CONCEPT
Hebreux 13:8;SKN;62-0701;145;VALIDE;jesus christ meme;CONCEPT
Jean 14:12;SKN;62-0701;120;EXACT;celui croit moi fera lui fais [couverture 8/14];CONCEPT
Josue 1:0;SKN;62-0701;32;VALIDE;chap->v.3: lieu foulera plante pied lai donne jai;CONCEPT
Malachie 4:0;SKN;62-0701;81;VALIDE;chap->v.6: retourner peres peres pays;CONCEPT
Matthieu 28:0;SKN;62-0701;116;VALIDE;chap->v.15: ayant parole sest parmi jusqua aujourdhui;CONCEPT
Matthieu 28:0;SKN;62-0701;121;VALIDE;chap->v.15: eux ayant pris parole jusqua;CONCEPT
Hebreux 13:8;SKN;62-0720;88;VALIDE;jesus christ meme hier aujourdhui eternellement;CONCEPT
Jean 5:24;SKN;62-0720;81;VALIDE;dis celui entend parole croit envoye vie eternelle;CONCEPT
Hebreux 13:8;SKN;62-0726;94;VALIDE;jesus meme hier aujourdhui eternellement;CONCEPT
Jean 5:24;SKN;62-0726;85;VALIDE;dis celui entend parole croit envoye vie eternelle;CONCEPT
Hebreux 13:8;SKN;62-1209;55;VALIDE;jesus christ meme hier eternellement;CONCEPT
Jean 3:16;SKN;62-1209;43;EXACT;dieu tant aime monde donne fils unique afin [couverture 12/14];CONCEPT
Hebreux 13:8;SKN;63-0114;155;EXACT;jesus meme hier aujourdhui eternellement [couverture 5/6];CONCEPT
Hebreux 13:8;SKN;63-0114;165;EXACT;jesus meme hier aujourdhui eternellement [couverture 5/6];CONCEPT
Jean 5:24;SKN;63-0114;213;EXACT;celui parole croit envoye vie eternelle jugement passe [couverture 9/14];CONCEPT
Jean 14:13;SKN;63-0114;139;PARTIEL;commencé, pas achevé — soit fils;CONCEPT
Joel 2:28;SKN;63-0114;219;EXACT;arrivera cela repandrai esprit chair vos fils filles [couverture 11/14];CONCEPT
Luc 24:49;SKN;63-0114;215;EXACT;voici promesse pere ville jusqua soyez revetus puissance [couverture 8/13];CONCEPT
Marc 16:0;SKN;63-0114;158;VALIDE;chap->v.11: ceux quil etait quil avait;CONCEPT
Marc 16:0;SKN;63-0114;222;VALIDE;chap->v.17: ici accompagneront ceux auront cru nom chasseront demons;CONCEPT
Matthieu 24:35;SKN;63-0114;76;PARTIEL;commencé, pas achevé — terre passeront;CONCEPT
Hebreux 13:8;SKN;63-0117;160;EXACT;jesus meme hier aujourdhui eternellement [couverture 5/6];CONCEPT
Hebreux 13:8;SKN;63-0117;191;VALIDE;meme hier aujourdhui eternellement;CONCEPT
Hebreux 13:8;SKN;63-0117;200;VALIDE;meme hier aujourdhui eternellement;CONCEPT
Jean 14:12;SKN;63-0117;207;EXACT;dis celui croit moi fera fais [couverture 7/14];CONCEPT
Hebreux 13:8;SKN;63-0121;42;VALIDE;jesus christ meme hier eternellement;CONCEPT
Luc 19:0;SKN;63-0121;21;VALIDE;chap->v.3: cherchait voir jesus quel etait pouvait cause foule;CONCEPT
Hebreux 13:8;SKN;63-0428;41;EXACT;jesus christ meme hier aujourdhui eternellement [couverture 6/6];CONCEPT
Jean 3:14;SKN;63-0428;155;EXACT;moise eleva serpent desert ainsi faut fils lhomme [couverture 10/10];CONCEPT
Jean 6:0;SKN;63-0428;244;VALIDE;chap->v.35: jesus moi suis pain vie celui moi celui;CONCEPT
Jean 14:12;SKN;63-0428;156;EXACT;dis croit moi lui fais [couverture 6/14];CONCEPT
Jean 16:0;SKN;63-0428;244;VALIDE;chap->v.15: qua moi quil quil;CONCEPT
Romains 4:0;SKN;63-0428;100;VALIDE;chap->v.23: lui seul quil cela lui;CONCEPT
Hebreux 13:8;SKN;63-1110E;42;VALIDE;jesus christ meme hier eternellement;CONCEPT
Jean 4:4;SKN;63-1110E;42;PARTIEL;commencé, pas achevé — fallait traverse;CONCEPT
Jean 14:12;SKN;63-1110E;42;VALIDE;verite dis celui croit moi fera lui fais;CONCEPT
Marc 11:12;SKN;63-1110E;42;VALIDE;lendemain bethanie eut faim;CONCEPT
Matthieu 24:0;SKN;63-1110E;42;VALIDE;chap->v.2: lui voyez choses verite dis sera laisse ici;CONCEPT
Matthieu 28:20;SKN;63-1110E;42;VALIDE;garder choses voici moi suis jours;CONCEPT
Hebreux 13:8;SKN;64-0212;104;EXACT;jesus meme hier aujourdhui eternellement [couverture 5/6];CONCEPT
Jean 4:0;SKN;64-0212;149;VALIDE;chap->v.10: jesus lui connaissais dieu lui;CONCEPT
Jean 14:12;SKN;64-0212;105;EXACT;verite dis celui croit moi fera fais [couverture 10/14];CONCEPT
Joel 2:28;SKN;64-0212;106;VALIDE;arrivera cela fils;CONCEPT
Luc 17:0;SKN;64-0212;108;VALIDE;chap->v.15: lun eux quil etait dieu;CONCEPT
Luc 17:0;SKN;64-0212;137;VALIDE;chap->v.30: sera meme fils lhomme sera;CONCEPT
Luc 17:26;SKN;64-0212;108;EXACT;arriva noe ainsi fils lhomme [couverture 5/8];CONCEPT
Luc 24:0;SKN;64-0212;5;VALIDE;chap->v.13: voici deux dentre eux etaient meme jour chemin;LECTURE
Malachie 3:0;SKN;64-0212;108;VALIDE;chap->v.16: alors leternel ont lun lautre leternel livre;CONCEPT
Malachie 3:0;SKN;64-0212;138;VALIDE;chap->v.14: cest dieu quel quil;CONCEPT
Malachie 4:0;SKN;64-0212;108;VALIDE;chap->v.6: fera peres fils fils peres;CONCEPT
Malachie 4:0;SKN;64-0212;126;VALIDE;chap->v.6: fera peres fils fils peres;CONCEPT
Malachie 4:0;SKN;64-0212;138;VALIDE;chap->v.6: peres fils fils peres vienne;CONCEPT
Hebreux 13:8;SKN;64-0318;6;EXACT;jesus meme hier aujourdhui eternellement [couverture 5/6];LECTURE
Hebreux 13:8;SKN;64-0318;20;EXACT;jesus meme hier aujourdhui eternellement [couverture 5/6];CONCEPT
Jean 4:0;SKN;64-0318;208;VALIDE;chap->v.15: femme lui seigneur donne afin vienne ici;CONCEPT
Jean 6:0;SKN;64-0318;127;VALIDE;chap->v.22: etait cote quil avait celui;CONCEPT
Malachie 3:0;SKN;64-0318;34;VALIDE;chap->v.14: cest dieu quel quil;CONCEPT
Matthieu 11:0;SKN;64-0318;69;VALIDE;chap->v.10: cest ici celui ecrit moi jenvoie messager devant;CONCEPT
Hebreux 13:8;SKN;64-0319;42;VALIDE;jesus christ meme hier aujourdhui eternellement;CONCEPT
Jean 1:1;SKN;64-0319;36;EXACT;etait parole dieu [couverture 5/10];CONCEPT
Jean 5:0;SKN;64-0319;48;VALIDE;chap->v.19: jesus verite verite dis fils rien lui meme;CONCEPT
Jean 5:19;SKN;64-0319;48;EXACT;jesus verite dis fils rien lui meme quil [couverture 6/14];CONCEPT
Jean 14:12;SKN;64-0319;42;EXACT;dis celui croit moi fera lui fais parce [couverture 7/14];CONCEPT
Malachie 4:0;SKN;64-0319;43;VALIDE;chap->v.3: mechants cendre pieds jour;CONCEPT
Hebreux 13:8;SKN;64-0405;22;VALIDE;meme hier aujourdhui eternellement;CONCEPT
Jacques 5:14;SKN;64-0405;20;VALIDE;quelquun malade quil appelle anciens quils lui dhuile;CONCEPT
Jacques 5:14;SKN;64-0405;21;EXACT;quelquun malade quil appelle anciens quils lui dhuile [couverture 5/14];CONCEPT
Malachie 4:0;SKN;64-0405;36;VALIDE;chap->v.1: voici jour vient ceux seront jour vient;CONCEPT
Marc 11:22;SKN;64-0405;20;PARTIEL;commencé, pas achevé — foi dieu;CONCEPT
Marc 11:23;SKN;64-0405;21;VALIDE;verite dis montagne ote quil;CONCEPT
Marc 16:0;SKN;64-0405;19;VALIDE;chap->v.4: regarde etait etait fort;CONCEPT
Marc 16:0;SKN;64-0405;21;VALIDE;chap->v.16: celui cru sera sauve celui cru sera;CONCEPT
Matthieu 15:26;SKN;64-0405;9;VALIDE;lui pain enfants chiens;CONCEPT
Hebreux 13:8;SKN;64-0412;68;VALIDE;jesus meme hier eternellement;CONCEPT
Jacques 5:14;SKN;64-0412;61;EXACT;parmi malade appelle anciens prient lui [couverture 6/14];CONCEPT
Jean 5:19;SKN;64-0412;27;EXACT;jesus verite dis fils rien lui meme chose [couverture 11/14];CONCEPT
Jean 14:12;SKN;64-0412;69;EXACT;dis croit moi fera lui fais parce [couverture 7/14];CONCEPT
Malachie 4:0;SKN;64-0412;136;VALIDE;chap->v.5: elie prophete avant grand;CONCEPT
Marc 11:22;SKN;64-0412;64;VALIDE;jesus foi dieu;CONCEPT
Marc 16:0;SKN;64-0412;59;VALIDE;chap->v.18: quelque cela imposeront mains;CONCEPT
Marc 16:0;SKN;64-0412;60;VALIDE;chap->v.18: quelque cela imposeront mains ceux;CONCEPT
Marc 16:0;SKN;64-0412;246;VALIDE;chap->v.5: homme droit robe;CONCEPT
Marc 16:0;SKN;64-0412;252;VALIDE;chap->v.6: lui jesus ici;CONCEPT
Marc 16:0;SKN;64-0412;265;VALIDE;chap->v.6: lui jesus ici;CONCEPT
Matthieu 10:0;SKN;64-0412;227;VALIDE;chap->v.8: chassez demons avez recu gratuitement donnez gratuitement;CONCEPT
Matthieu 12:0;SKN;64-0412;48;VALIDE;chap->v.32: quiconque contre sera quiconque contre;CONCEPT
Hebreux 13:8;SKN;64-0416;176;VALIDE;meme hier aujourdhui eternellement;CONCEPT
Hebreux 13:8;SKN;64-0416;190;PARTIEL;commencé, pas achevé — meme eternellement;CONCEPT
Jean 3:16;SKN;64-0416;235;VALIDE;dieu afin croit lui;CONCEPT
Jean 14:9;SKN;64-0416;190;PARTIEL;commencé, pas achevé — suis comment;CONCEPT
Jean 14:12;SKN;64-0416;190;PARTIEL;commencé, pas achevé — fera parce;CONCEPT
Luc 17:27-28;SKN;64-0416;190;PARTIEL;commencé, pas achevé — jour;CONCEPT
Malachie 4:0;SKN;64-0416;190;VALIDE;chap->v.1: jour ceux jour;CONCEPT
Hebreux 13:8;SKN;64-1227;208;VALIDE;meme hier aujourdhui eternellement;CONCEPT
Jean 6:0;SKN;64-1227;174;VALIDE;chap->v.32: jesus verite verite dis moise vient pere veritable;CONCEPT
Hebreux 13:8;VGR;54-1219M;283;EXACT;jesus meme hier aujourdhui eternellement [couverture 5/6];CONCEPT
Marc 16:0;VGR;54-1219M;46;VALIDE;chap->v.14: cur parce quils;CONCEPT
Marc 16:0;VGR;54-1219M;50;VALIDE;chap->v.6: jesus ressuscite nest;CONCEPT
Hebreux 13:8;VGR;56-1001;32;EXACT;jesus christ meme hier aujourdhui eternellement [couverture 6/6];CONCEPT
Jean 1:0;VGR;56-1001;42;VALIDE;chap->v.6: homme envoye dieu nom etait jean;CONCEPT
Jean 5:0;VGR;56-1001;69;VALIDE;chap->v.6: jesus quil etait depuis lui veux gueri;CONCEPT
Jean 5:19;VGR;56-1001;77;EXACT;jesus verite dis fils rien lui meme quil [couverture 11/14];CONCEPT
Marc 16:0;VGR;56-1001;18;VALIDE;chap->v.17: ici signes accompagneront ceux auront cru nom demons;CONCEPT
Matthieu 12:42;VGR;56-1001;81;EXACT;reine midi levera jugement generation condamnera vint terre [couverture 5/14];CONCEPT
Hebreux 13:8;VGR;57-0421E;11;EXACT;jesus christ meme hier aujourdhui eternellement [couverture 6/6];CONCEPT
Jean 4:0;VGR;57-0421E;103;VALIDE;chap->v.9: femme samaritaine lui juif femme samaritaine;CONCEPT
Jean 5:19;VGR;57-0421E;30;EXACT;jesus verite dis fils rien lui meme quil [couverture 11/14];CONCEPT
Hebreux 13:8;VGR;58-0225;38;EXACT;jesus christ meme hier aujourdhui eternellement [couverture 6/6];CONCEPT
Jean 4:0;VGR;58-0225;9;VALIDE;chap->v.50: jesus lui jesus lui avait alla;CONCEPT
Jean 5:0;VGR;58-0225;49;VALIDE;chap->v.19: jesus verite verite dis fils rien lui meme;CONCEPT
Jean 5:19;VGR;58-0225;5;EXACT;jesus verite dis fils rien lui quil chose [couverture 10/14];CONCEPT
Hebreux 13:8;VGR;59-0404;33;EXACT;jesus christ meme hier aujourdhui eternellement [couverture 6/6];CONCEPT
Jean 4:0;VGR;59-0404;91;VALIDE;chap->v.25: femme lui messie appele vient sera fera;CONCEPT
Jean 5:19;VGR;59-0404;40;EXACT;jesus fils rien lui meme quil pere quelque [couverture 8/14];CONCEPT
Jean 14:12;VGR;59-0404;22;EXACT;verite dis celui croit moi fera uvres fais [couverture 11/14];CONCEPT
Hebreux 13:8;VGR;62-1209;62;EXACT;jesus christ meme hier aujourdhui eternellement [couverture 6/6];CONCEPT
Jean 3:16;VGR;62-1209;46;EXACT;dieu tant aime monde quil donne fils unique [couverture 14/14];CONCEPT
Hebreux 13:8;VGR;63-0114;155;EXACT;jesus meme hier aujourdhui eternellement [couverture 5/6];CONCEPT
Hebreux 13:8;VGR;63-0114;165;EXACT;jesus meme hier aujourdhui eternellement [couverture 5/6];CONCEPT
Jean 5:24;VGR;63-0114;213;EXACT;celui parole croit envoye vie eternelle vient jugement [couverture 10/14];CONCEPT
Jean 14:13;VGR;63-0114;139;PARTIEL;commencé, pas achevé — soit fils;CONCEPT
Joel 2:28;VGR;63-0114;219;EXACT;cela repandrai esprit chair vos fils filles prophetiseront [couverture 10/14];CONCEPT
Luc 24:49;VGR;63-0114;215;EXACT;voici jenvoie promesse pere ville jusqua soyez revetus [couverture 9/13];CONCEPT
Marc 16:0;VGR;63-0114;158;VALIDE;chap->v.17: signes accompagneront ceux auront cru nom;CONCEPT
Marc 16:0;VGR;63-0114;222;VALIDE;chap->v.17: signes accompagneront ceux auront cru nom chasseront demons;CONCEPT
Matthieu 24:35;VGR;63-0114;76;PARTIEL;commencé, pas achevé — terre passeront;CONCEPT
Hebreux 13:8;VGR;63-0121;142;EXACT;jesus meme hier aujourdhui eternellement [couverture 5/6];CONCEPT
Luc 19:0;VGR;63-0121;69;VALIDE;chap->v.3: cherchait voir jesus quel etait pouvait cause foule;CONCEPT
Hebreux 13:8;VGR;63-1110E;190;EXACT;christ meme hier aujourdhui eternellement [couverture 5/6];CONCEPT
Jean 4:4;VGR;63-1110E;49;PARTIEL;commencé, pas achevé — quil;CONCEPT
Jean 4:4;VGR;63-1110E;52;PARTIEL;commencé, pas achevé — quil;CONCEPT
Jean 14:12;VGR;63-1110E;187;EXACT;verite dis celui croit moi fera lui uvres [couverture 8/14];CONCEPT
Jean 14:12;VGR;63-1110E;198;EXACT;verite dis celui moi lui uvres fais parce [couverture 7/14];CONCEPT
Marc 11:12;VGR;63-1110E;51;VALIDE;lendemain bethanie eut faim;CONCEPT
Matthieu 24:0;VGR;63-1110E;190;VALIDE;chap->v.21: alors aura grande quil monde jusqua quil aura;CONCEPT
Matthieu 28:20;VGR;63-1110E;49;PARTIEL;commencé, pas achevé — jusqua;CONCEPT
Matthieu 28:20;VGR;63-1110E;190;PARTIEL;commencé, pas achevé — moi jusqua;CONCEPT
Hebreux 13:8;VGR;64-0212;104;EXACT;jesus meme hier aujourdhui eternellement [couverture 5/6];CONCEPT
Jean 14:12;VGR;64-0212;105;EXACT;verite dis celui croit moi fera uvres fais [couverture 11/14];CONCEPT
Joel 2:28;VGR;64-0212;106;PARTIEL;commencé, pas achevé — cela fils;CONCEPT
Luc 17:0;VGR;64-0212;108;VALIDE;chap->v.26: arriva noe ainsi sera fils lhomme;CONCEPT
Luc 17:0;VGR;64-0212;137;VALIDE;chap->v.2: lui lui quil soit;CONCEPT
Luc 17:26;VGR;64-0212;108;EXACT;arriva noe ainsi sera fils lhomme [couverture 6/8];CONCEPT
Luc 24:0;VGR;64-0212;5;VALIDE;chap->v.13: voici deux dentre eux etaient meme jour chemin;LECTURE
Malachie 3:0;VGR;64-0212;108;VALIDE;chap->v.11: celui devore quil soit;CONCEPT
Malachie 3:0;VGR;64-0212;138;VALIDE;chap->v.14: cest dieu quel quil;CONCEPT
Malachie 4:0;VGR;64-0212;108;VALIDE;chap->v.6: fera peres fils fils peres;CONCEPT
Malachie 4:0;VGR;64-0212;126;VALIDE;chap->v.6: fera peres fils fils peres;CONCEPT
Malachie 4:0;VGR;64-0212;138;VALIDE;chap->v.6: fera cur peres fils cur fils peres;CONCEPT
Hebreux 13:8;VGR;64-0318;6;EXACT;jesus meme hier aujourdhui eternellement [couverture 5/6];LECTURE
Hebreux 13:8;VGR;64-0318;20;EXACT;jesus meme hier aujourdhui eternellement [couverture 5/6];CONCEPT
Jean 4:0;VGR;64-0318;208;VALIDE;chap->v.15: femme seigneur donne moi vienne ici;CONCEPT
Jean 6:0;VGR;64-0318;127;VALIDE;chap->v.2: parce quil faisait ceux etaient;CONCEPT
Malachie 3:0;VGR;64-0318;34;VALIDE;chap->v.15: maintenant meme meme dieu;CONCEPT
Matthieu 11:0;VGR;64-0318;69;VALIDE;chap->v.10: cest celui ecrit moi jenvoie messager devant face;CONCEPT
Hebreux 13:8;VGR;64-0405;63;VALIDE;meme hier aujourdhui eternellement;CONCEPT
Jacques 5:14;VGR;64-0405;59;VALIDE;quil anciens quils lui dhuile;CONCEPT
Jacques 5:14;VGR;64-0405;61;EXACT;quelquun malade quil anciens quils lui dhuile [couverture 5/14];CONCEPT
Marc 11:22;VGR;64-0405;60;PARTIEL;commencé, pas achevé — foi dieu;CONCEPT
Marc 11:23;VGR;64-0405;61;VALIDE;dis montagne ote cur quil;CONCEPT
Marc 16:0;VGR;64-0405;58;VALIDE;chap->v.6: lui nest voici;CONCEPT
Marc 16:0;VGR;64-0405;61;VALIDE;chap->v.6: lui crucifie nest voici mis;CONCEPT
Hebreux 13:8;VGR;64-0416;176;VALIDE;meme hier aujourdhui eternellement;CONCEPT
Hebreux 13:8;VGR;64-0416;190;VALIDE;meme hier eternellement;CONCEPT
Jean 3:16;VGR;64-0416;235;VALIDE;dieu afin croit lui;CONCEPT
Jean 14:9;VGR;64-0416;190;PARTIEL;commencé, pas achevé — suis;CONCEPT
Jean 14:12;VGR;64-0416;190;PARTIEL;commencé, pas achevé — fera parce;CONCEPT
Luc 17:27-28;VGR;64-0416;190;PARTIEL;commencé, pas achevé — jour;CONCEPT
Malachie 4:0;VGR;64-0416;190;VALIDE;chap->v.1: jour ceux jour;CONCEPT
Hebreux 13:8;VGR;64-1227;208;VALIDE;meme hier aujourdhui eternellement;CONCEPT
Jean 6:0;VGR;64-1227;174;VALIDE;chap->v.32: jesus verite verite dis moise vient pere veritable;CONCEPT
Hebreux 13:10;SKN;55-0626A;2;EXACT;avons autel ceux tabernacle manger [couverture 5/8];LECTURE
Hebreux 13:10-14;SKN;50-0200;1;EXACT;avons autel ceux tabernacle nont manger corps animaux [couverture 6/8];LECTURE
Hebreux 13:12;SKN;58-1007;6;EXACT;jesus afin sanctifie peuple propre sang souffert hors [couverture 9/12];CONCEPT
Romains 5:1;SKN;58-1007;5;EXACT;foi paix dieu seigneur jesus [couverture 5/10];CONCEPT
Hebreux 13:12;SKN;61-0214;48;VALIDE;cest jesus afin quil sanctifie peuple propre sang;CONCEPT
Jean 17:17;SKN;61-0214;50;VALIDE;sanctifie verite parole;CONCEPT
Romains 5:1;SKN;61-0214;50;VALIDE;foi dieu seigneur jesus christ;CONCEPT
Hebreux 13:12;SKN;62-0519;40;EXACT;cest pourquoi jesus afin quil sanctifie peuple propre [couverture 5/12];CONCEPT
Nombres 19:0;SKN;62-0519;32;VALIDE;chap->v.2: cest ici loi leternel disant parle fils disrael;CONCEPT
Hebreux 13:12;VGR;57-0915E;181;EXACT;cest pourquoi jesus afin quil sanctifie peuple propre [couverture 12/12];CONCEPT
Matthieu 26:26;VGR;57-0915E;65;EXACT;mangeaient jesus pain beni rompit donna disciples prenez [couverture 11/14];CONCEPT
Romains 5:1;VGR;57-0915E;181;EXACT;justifies foi avons paix dieu seigneur jesus christ [couverture 8/10];CONCEPT
Hebreux 13:12;VGR;58-1007;6;EXACT;cest jesus afin quil sanctifie peuple propre sang [couverture 11/12];CONCEPT
Romains 5:1;VGR;58-1007;5;EXACT;foi paix dieu seigneur jesus [couverture 5/10];CONCEPT
Jacques 5:0;SKN;53-1206E;17;VALIDE;chap->v.16: confessez vos fautes lun lautre priez lun lautre;CONCEPT
Jean 1:0;SKN;53-1206E;19;VALIDE;chap->v.1: etait parole parole etait aupres dieu parole etait;CONCEPT
Jean 5:19;SKN;53-1206E;69;EXACT;jesus verite dis fils rien lui meme quil [couverture 7/14];CONCEPT
Jean 5:24;SKN;53-1206E;67;VALIDE;verite dis celui entend parole vie eternelle vient;CONCEPT
Jean 16:27;SKN;53-1206E;19;EXACT;pere lui meme aime parce mavez avez cru [couverture 8/14];CONCEPT
Jacques 5:1;SKN;60-1211E;189;VALIDE;maintenant riches pleurez cause;CONCEPT
Luc 1:0;SKN;60-1211E;70;VALIDE;chap->v.15: sera grand devant seigneur boira vin sera rempli;CONCEPT
Luc 1:0;SKN;60-1211E;97;VALIDE;chap->v.32: sera grand sera dieu pere;CONCEPT
Luc 1:17;SKN;60-1211E;70;VALIDE;devant lui puissance peres enfants justes preparer;CONCEPT
Luc 1:67;SKN;60-1211E;97;PARTIEL;commencé, pas achevé — pere;CONCEPT
Luc 2:0;SKN;60-1211E;69;VALIDE;chap->v.23: ecrit seigneur sera appele saint seigneur;CONCEPT
Malachie 4:0;SKN;60-1211E;68;VALIDE;chap->v.5: elie prophete avant grand jour;CONCEPT
Matthieu 2:0;SKN;60-1211E;69;VALIDE;chap->v.20: toi petit enfant mere vie petit enfant;CONCEPT
Matthieu 17:9;SKN;60-1211E;65;EXACT;descendaient montagne jesus personne vision fils soit ressuscite [couverture 8/14];CONCEPT
Matthieu 17:10;SKN;60-1211E;65;EXACT;disciples pourquoi scribes disent vienne premierement [couverture 6/11];CONCEPT
Jacques 5:1;VGR;60-1211E;187;EXACT;maintenant riches pleurez cause venir [couverture 5/9];CONCEPT
Luc 1:0;VGR;60-1211E;70;VALIDE;chap->v.15: sera grand devant seigneur boira vin sera rempli;CONCEPT
Luc 1:17;VGR;60-1211E;70;VALIDE;devant lesprit puissance delie curs peres enfants justes;CONCEPT
Luc 1:67;VGR;60-1211E;97;PARTIEL;commencé, pas achevé — pere;CONCEPT
Luc 2:0;VGR;60-1211E;69;VALIDE;chap->v.23: quil ecrit seigneur sera appele saint seigneur;CONCEPT
Malachie 4:0;VGR;60-1211E;68;VALIDE;chap->v.5: elie prophete avant grand jour leternel;CONCEPT
Matthieu 2:0;VGR;60-1211E;69;VALIDE;chap->v.20: toi petit enfant mere disrael vie petit enfant;CONCEPT
Matthieu 17:9;VGR;60-1211E;65;EXACT;descendaient montagne jesus dites personne vision jusqua fils [couverture 11/14];CONCEPT
Matthieu 17:10;VGR;60-1211E;65;EXACT;disciples pourquoi scribes quil quelie vienne premierement [couverture 7/11];CONCEPT
Romains 11:15-27;VGR;60-1211E;268;EXACT;rejet reconciliation monde sera sinon vie dentre morts [couverture 8/10];CONCEPT
Jacques 5:14;SKN;50-0227;6;VALIDE;parmi malade appelle anciens prient lui nom;CONCEPT
Jacques 5:14;SKN;53-1130;21;VALIDE;quil quils lui nom;CONCEPT
Jean 3:16;SKN;53-1130;21;VALIDE;dieu quil donne croit lui;CONCEPT
Marc 16:0;SKN;53-1130;7;VALIDE;chap->v.17: ici signes accompagneront ceux auront cru nom chasseront;CONCEPT
Jacques 5:14;SKN;57-0519E;12;VALIDE;quelquun malade quil lui nom;CONCEPT
Jean 3:16;SKN;57-0519E;8;EXACT;dieu tant aime monde quil donne fils unique [couverture 7/14];LECTURE
Jean 3:16;SKN;57-0519E;12;EXACT;dieu tant aime quil donne fils unique lui [couverture 5/14];CONCEPT
Jacques 5:14;SKN;57-0825M;45;VALIDE;malade anciens lui seigneur;CONCEPT
Jean 5:19;SKN;57-0825M;58;EXACT;jesus fils rien lui meme chose pere quelque [couverture 8/14];CONCEPT
Jean 5:24;SKN;57-0825M;45;EXACT;celui entend parole croit envoye vie eternelle passe [couverture 8/14];CONCEPT
Marc 16:0;SKN;57-0825M;71;VALIDE;chap->v.20: eux partout seigneur eux parole;CONCEPT
Jacques 5:14;SKN;58-0500;4;PARTIEL;commencé, pas achevé — malade seigneur;CONCEPT
Jacques 5:14;SKN;63-0714E;52;VALIDE;parmi malade lui seigneur;CONCEPT
Marc 16:0;SKN;63-0714E;31;VALIDE;chap->v.18: serpents quelque chose cela ceux;CONCEPT
Marc 16:0;SKN;63-0714E;52;VALIDE;chap->v.2: grand matin semaine viennent;CONCEPT
Marc 16:15-20;SKN;63-0714E;31;VALIDE;allez sera ici;CONCEPT
Jacques 5:14;VGR;57-0825M;45;EXACT;malade quil anciens lui dhuile seigneur [couverture 6/14];CONCEPT
Jean 5:19;VGR;57-0825M;58;EXACT;jesus fils rien lui meme quil chose pere [couverture 9/14];CONCEPT
Jean 5:24;VGR;57-0825M;45;EXACT;celui entend parole croit envoye vie eternelle passe [couverture 8/14];CONCEPT
Marc 16:0;VGR;57-0825M;71;VALIDE;chap->v.20: eux partout seigneur eux confirmant parole;CONCEPT
Jacques 5:14;VGR;63-0714E;102;EXACT;parmi malade quil quils lui seigneur [couverture 5/14];CONCEPT
Marc 16:0;VGR;63-0714E;72;VALIDE;chap->v.19: seigneur apres parle dieu;CONCEPT
Marc 16:0;VGR;63-0714E;102;VALIDE;chap->v.6: lui jesus nest ici;CONCEPT
Marc 16:15-20;VGR;63-0714E;72;PARTIEL;commencé, pas achevé — celui ici;CONCEPT
Jean 1:0;SKN;58-0309E;70;VALIDE;chap->v.47: nathanael lui venir quelque chose bon nazareth philippe;CONCEPT
Jean 4:0;SKN;58-0309E;132;VALIDE;chap->v.9: femme samaritaine lui juif moi suis femme samaritaine;CONCEPT
Jean 5:19;SKN;58-0309E;68;EXACT;jesus verite dis fils rien lui meme pere [couverture 9/14];CONCEPT
Jean 1:0;SKN;58-0501;20;VALIDE;chap->v.30: cest moi apres moi vient homme prend avant;CONCEPT
Jean 4:0;SKN;58-0501;46;VALIDE;chap->v.50: jesus lui fils vit jesus lui avait alla;CONCEPT
Marc 16:0;SKN;58-0501;10;VALIDE;chap->v.6: lui jesus ressuscite nest ici voici lieu;LECTURE
Jean 1:0;SKN;58-0528;16;VALIDE;chap->v.30: cest moi apres moi homme moi etait;CONCEPT
Matthieu 12:0;SKN;58-0528;86;VALIDE;chap->v.2: cela lui voila quil jour;CONCEPT
Jean 1:0;SKN;63-0223;178;VALIDE;chap->v.1: commencement etait parole parole etait dieu parole etait;CONCEPT
Jean 14:0;SKN;63-0223;235;VALIDE;chap->v.6: jesus lui moi suis vie moi;CONCEPT
Jean 1:0;SKN;65-0718E;68;VALIDE;chap->v.1: commencement etait parole parole etait dieu parole etait;CONCEPT
Jean 14:12;SKN;65-0718E;126;VALIDE;dis fera lui fais;CONCEPT
Joel 2:38;SKN;65-0718E;126;LAPSUS;annoncé — dit en réalité actes 2:38;CONCEPT
actes 2:38;SKN;65-0718E;126;LAPSUS-LU;lu — annoncé sous Joel 2:38;CONCEPT
Luc 17:30;SKN;65-0718E;126;VALIDE;sera meme jour;CONCEPT
Malachie 4:0;SKN;65-0718E;126;VALIDE;chap->v.5: elie prophete jour;CONCEPT
Malachie 4:0;SKN;65-0718E;160;VALIDE;chap->v.5: envoie elie prophete avant vienne jour;CONCEPT
Jean 1:0;VGR;63-0223;178;VALIDE;chap->v.1: commencement etait parole parole etait dieu parole etait;CONCEPT
Jean 14:0;VGR;63-0223;235;VALIDE;chap->v.6: lui moi suis vie vient moi;CONCEPT
Jean 3:0;SKN;55-1111;84;VALIDE;chap->v.18: celui croit lui juge celui croit deja juge;CONCEPT
Jean 5:24;SKN;55-1111;85;EXACT;dis celui entend parole croit envoye vie eternelle [couverture 12/14];CONCEPT
Jean 3:0;SKN;58-0619B;21;VALIDE;chap->v.3: jesus repondit lui verite verite dis nest voir;CONCEPT
Jean 3:0;VGR;61-1231M;27;VALIDE;chap->v.2: celui vint lui nuit lui rabbi savons docteur;CONCEPT
Jean 3:1-12;VGR;61-1231M;26;VALIDE;homme dentre pharisiens nom nicodeme chef juifs celui;CONCEPT
Jean 3:16;SKN;50-0821;9;EXACT;dieu tant aime monde quil donne fils unique [couverture 5/14];CONCEPT
Jean 5:0;SKN;50-0821;43;VALIDE;chap->v.19: jesus repondit verite verite dis fils rien lui;CONCEPT
Jean 3:16;SKN;53-1115M;81;VALIDE;dieu monde quil donne afin lui ait;CONCEPT
Marc 16:0;SKN;53-1115M;85;VALIDE;chap->v.4: regarde pierre etait etait grande;CONCEPT
Jean 3:16;SKN;54-0330;73;EXACT;dieu tant aime monde quil donne fils unique [couverture 14/14];CONCEPT
Jean 3:16;SKN;55-1007;60;VALIDE;dieu tant aime monde donne fils unique afin;CONCEPT
Jean 3:16;SKN;56-0726;19;EXACT;dieu tant aime monde quil donne fils unique [couverture 6/14];CONCEPT
Jean 3:16;SKN;57-0126E;20;EXACT;dieu tant aime monde quil donne fils unique [couverture 14/14];CONCEPT
Jean 3:16;SKN;57-0126E;26;EXACT;dieu tant aime monde quil donne fils unique [couverture 10/14];CONCEPT
Jean 3:16;SKN;57-0126E;28;EXACT;dieu tant aime monde quil donne fils unique [couverture 11/14];CONCEPT
Jean 3:16;SKN;57-0126E;146;EXACT;dieu tant aime monde quil donne fils unique [couverture 12/14];CONCEPT
Jean 5:24;SKN;57-0126E;147;EXACT;celui entend parole croit envoye vie eternelle jugement [couverture 10/14];CONCEPT
Jean 3:16;SKN;57-0414;95;EXACT;dieu tant aime monde donne fils unique afin [couverture 12/14];CONCEPT
Psaumes 1:0;SKN;57-0414;76;VALIDE;chap->v.1: marche pecheurs moqueurs;CONCEPT
Jean 3:16;SKN;57-0806;12;VALIDE;dieu tant aime monde donne fils unique afin;CONCEPT
Jean 3:16;SKN;58-0314;2;EXACT;dieu tant aime monde donne fils unique afin [couverture 12/14];LECTURE
Jean 3:16;SKN;58-0314;8;VALIDE;dieu tant monde donne;CONCEPT
Jean 3:16;SKN;58-1228;127;EXACT;dieu tant aime monde quil donne fils unique [couverture 14/14];CONCEPT
Josue 5:0;SKN;58-1228;47;VALIDE;chap->v.12: apres quils ble pays eut fils;CONCEPT
Michee 5:1;SKN;58-1228;27;PARTIEL;commencé, pas achevé — toi;CONCEPT
Jean 3:16;SKN;59-0403;9;EXACT;dieu tant aime monde quil donne fils unique [couverture 5/14];CONCEPT
Psaumes 22:0;SKN;59-0403;9;VALIDE;chap->v.1: dieu dieu pourquoi mas abandonne loin paroles;CONCEPT
Jean 3:16;SKN;59-0613;47;EXACT;dieu aime quil croit lui [couverture 5/14];CONCEPT
Jean 5:19;SKN;59-0613;13;VALIDE;jesus verite dis fils rien lui meme quil;CONCEPT
Psaumes 63:0;SKN;59-0613;18;VALIDE;chap->v.1: dieu dieu cherche jour ame soif toi apres;CONCEPT
Jean 3:16;SKN;62-0725;11;VALIDE;dieu tant aime monde quil donne fils unique;LECTURE
Jean 3:16;SKN;62-1231;14;VALIDE;dieu monde donne lui;CONCEPT
Marc 16:0;SKN;62-1231;11;VALIDE;chap->v.19: parle fut ciel droite dieu;CONCEPT
Jean 3:16;SKN;63-1222;27;EXACT;dieu tant aime monde quil donne fils unique [couverture 9/14];CONCEPT
Jean 3:16;SKN;63-1222;32;EXACT;dieu tant aime monde quil donne fils unique [couverture 9/14];CONCEPT
Jean 3:16;SKN;63-1222;34;EXACT;dieu tant aime monde quil donne fils unique [couverture 10/14];CONCEPT
Jean 12:0;SKN;63-1222;86;VALIDE;chap->v.6: cela quil pauvres parce quil etait voleur quil;CONCEPT
Jean 12:1;SKN;63-1222;83;VALIDE;jesus jours etait;CONCEPT
Jean 14:12;SKN;63-1222;62;EXACT;celui croit moi fera lui fais grandes celles [couverture 10/14];CONCEPT
Levitique 2:2;SKN;63-1222;69;PARTIEL;commencé, pas achevé — farine lencens;CONCEPT
Levitique 16:6;SKN;63-1222;69;PARTIEL;commencé, pas achevé — peche lui;CONCEPT
Matthieu 12:15;SKN;63-1222;70;PARTIEL;commencé, pas achevé — jesus;CONCEPT
Jean 3:16;SKN;64-0726E;88;EXACT;dieu tant aime monde quil donne fils unique [couverture 14/14];CONCEPT
Jean 7:37;SKN;64-0726E;108;EXACT;fete jesus quelquun soif quil vienne moi boive [couverture 7/14];CONCEPT
Jean 14:0;SKN;64-0726E;68;VALIDE;chap->v.17: lesprit recevoir parce quil parce quil quil sera;CONCEPT
Jeremie 2:0;SKN;64-0726E;27;VALIDE;chap->v.13: peuple mont abandonne moi source creuser citernes citernes;CONCEPT
Jeremie 2:14;SKN;64-0726E;63;PARTIEL;commencé, pas achevé — israel mis;CONCEPT
Psaumes 36:9;SKN;64-0726E;112;PARTIEL;commencé, pas achevé — source vie;CONCEPT
Jean 3:16;VGR;54-0330;73;EXACT;dieu tant aime monde quil donne fils unique [couverture 14/14];CONCEPT
Jean 3:16;VGR;58-1228;127;EXACT;dieu tant aime monde quil donne fils unique [couverture 14/14];CONCEPT
Josue 5:0;VGR;58-1228;47;VALIDE;chap->v.12: apres quils ble pays eut fils;CONCEPT
Michee 5:1;VGR;58-1228;27;PARTIEL;commencé, pas achevé — toi;CONCEPT
Jean 3:16;VGR;62-1231;14;EXACT;dieu monde quil donne lui [couverture 5/14];CONCEPT
Marc 16:0;VGR;62-1231;11;VALIDE;chap->v.6: lui jesus nest lieu;CONCEPT
Jean 3:16;VGR;64-0726E;88;EXACT;dieu tant aime monde quil donne fils unique [couverture 14/14];CONCEPT
Jean 7:37;VGR;64-0726E;108;EXACT;fete jesus quelquun soif quil vienne moi boive [couverture 7/14];CONCEPT
Jean 14:0;VGR;64-0726E;68;VALIDE;chap->v.17: lesprit recevoir parce quil parce quil quil sera;CONCEPT
Jeremie 2:0;VGR;64-0726E;27;VALIDE;chap->v.13: peuple mont abandonne moi source creuser citernes citernes;CONCEPT
Jeremie 2:14;VGR;64-0726E;63;PARTIEL;commencé, pas achevé — israel mis;CONCEPT
Psaumes 36:9;VGR;64-0726E;112;PARTIEL;commencé, pas achevé — source vie;CONCEPT
Jean 4:0;SKN;51-0729A;34;VALIDE;chap->v.50: jesus lui fils lhomme parole jesus lui avait;CONCEPT
Jean 4:0;SKN;53-0829;6;VALIDE;chap->v.10: jesus repondit lui don dieu celui donne moi;CONCEPT
Marc 11:24;SKN;53-0829;78;VALIDE;cest dis demanderez priant croyez recevez sera;CONCEPT
Jean 4:0;SKN;53-1204;63;VALIDE;chap->v.25: femme lui sais appele christ vient celui sera;CONCEPT
Jean 5:19;SKN;53-1204;62;EXACT;jesus verite dis fils rien lui meme quil [couverture 5/14];CONCEPT
Jean 4:0;SKN;55-0400;105;VALIDE;chap->v.9: femme samaritaine lui moi suis femme samaritaine;CONCEPT
Jean 4:0;SKN;55-0819;30;VALIDE;chap->v.25: femme lui sais messie christ vient sera venu;CONCEPT
Jean 5:0;SKN;55-0819;30;VALIDE;chap->v.19: jesus verite verite dis rien lui meme chose;CONCEPT
Luc 2:0;SKN;55-0819;13;VALIDE;chap->v.20: sen dieu choses avaient vues;LECTURE
Luc 2:25-30;SKN;55-0819;13;VALIDE;homme nom juste saint;LECTURE
Jean 4:0;SKN;55-1001;83;VALIDE;chap->v.25: femme lui sais messie appele christ celui sera;CONCEPT
Jean 5:0;SKN;55-1001;73;VALIDE;chap->v.19: jesus dis fils rien lui meme quil chose;CONCEPT
Jean 5:19;SKN;55-1001;77;EXACT;jesus verite dis fils rien lui meme quil [couverture 6/14];CONCEPT
Jean 5:19;SKN;55-1001;78;EXACT;jesus verite dis fils rien lui meme quil [couverture 6/14];CONCEPT
Jean 4:0;SKN;56-0613;70;VALIDE;chap->v.10: jesus lui don dieu donne moi toi lui;CONCEPT
Jean 5:19;SKN;56-0613;51;EXACT;jesus verite dis fils rien lui meme quil [couverture 7/14];CONCEPT
Luc 16:0;SKN;56-0613;65;VALIDE;chap->v.24: pere aie pitie moi envoie afin quil;CONCEPT
Romains 4:0;SKN;56-0613;29;VALIDE;chap->v.13: nest promesse heritier monde faite abraham foi;CONCEPT
Jean 4:0;SKN;56-0814;71;VALIDE;chap->v.25: femme lui messie christ vient celui sera venu;CONCEPT
Jean 5:19;SKN;56-0814;70;EXACT;jesus verite dis fils rien lui meme chose [couverture 5/14];CONCEPT
Jean 4:0;SKN;57-0127E;62;VALIDE;chap->v.9: femme samaritaine lui comment toi juif demandes boire;CONCEPT
Jean 4:0;SKN;57-0127E;80;VALIDE;chap->v.10: jesus lui don dieu moi toi lui demande;CONCEPT
Jean 5:0;SKN;57-0127E;56;VALIDE;chap->v.19: jesus dis fils lui meme quil voie chose;CONCEPT
Jean 5:19;SKN;57-0127E;51;VALIDE;jesus verite dis fils rien lui meme quil;CONCEPT
Jean 16:0;SKN;57-0127E;53;VALIDE;chap->v.15: qua pere moi cest pourquoi jai quil prend;CONCEPT
Jean 4:0;SKN;57-0308;53;VALIDE;chap->v.25: femme lui messie christ vient celui sera venu;CONCEPT
Jean 10:0;SKN;57-0308;4;VALIDE;chap->v.7: jesus verite verite dis moi suis porte brebis;LECTURE
Jean 10:0;SKN;57-0308;10;VALIDE;chap->v.11: moi suis bon berger bon berger met vie;CONCEPT
Psaumes 1:0;SKN;57-0308;9;VALIDE;chap->v.2: plaisir loi leternel medite loi jour nuit;CONCEPT
Jean 4:0;SKN;57-0808;75;VALIDE;chap->v.9: femme samaritaine lui moi suis femme samaritaine;CONCEPT
Jean 11:0;SKN;57-0808;33;VALIDE;chap->v.25: jesus lui moi suis vie croit moi quil;CONCEPT
Jean 4:0;SKN;58-0325;53;VALIDE;chap->v.25: femme lui sais appele christ vient celui sera;CONCEPT
Matthieu 27:0;SKN;58-0325;39;VALIDE;chap->v.19: etait assis femme lui rien juste jai aujourdhui;CONCEPT
Jean 4:0;SKN;58-0329;39;VALIDE;chap->v.9: femme samaritaine lui comment toi juif moi suis;CONCEPT
Jean 4:0;SKN;58-0508;51;VALIDE;chap->v.10: jesus lui don dieu donne moi toi lui;CONCEPT
Jean 4:0;SKN;58-0521;69;VALIDE;chap->v.10: jesus lui don dieu celui donne moi lui;CONCEPT
Jean 5:19;SKN;58-0521;58;EXACT;jesus verite dis fils rien lui meme quil [couverture 6/14];CONCEPT
Jean 4:0;SKN;58-0613;70;VALIDE;chap->v.25: femme lui sais christ vient celui sera venu;CONCEPT
Jean 5:19;SKN;58-0613;60;EXACT;jesus verite dis fils rien lui meme quil [couverture 7/14];CONCEPT
Marc 16:0;SKN;58-0613;15;VALIDE;chap->v.6: lui nest ici voici mis;LECTURE
Matthieu 12:0;SKN;58-0613;20;VALIDE;chap->v.31: cest dis peche blaspheme sera pardonne hommes blaspheme;CONCEPT
Jean 4:0;SKN;58-0620;61;VALIDE;chap->v.10: jesus lui don dieu celui moi boire toi;CONCEPT
Jean 4:0;SKN;58-0620;62;VALIDE;chap->v.10: jesus lui don dieu celui donne moi boire;CONCEPT
Jean 5:19;SKN;58-0620;60;EXACT;jesus verite fils rien lui meme quil voie [couverture 5/14];CONCEPT
Jean 4:0;SKN;58-1005E;229;VALIDE;chap->v.14: lui moi naura lui lui;CONCEPT
Jean 4:0;SKN;58-1221M;105;VALIDE;chap->v.9: femme samaritaine lui comment toi juif demandes boire;CONCEPT
Jean 4:0;SKN;59-0329E;53;VALIDE;chap->v.7: femme puiser leau jesus lui donne boire;CONCEPT
Jean 4:0;SKN;59-0405E;50;VALIDE;chap->v.7: femme samarie vient jesus lui donne moi boire;CONCEPT
Jean 4:0;SKN;59-0405E;59;VALIDE;chap->v.25: femme lui celui sera venu fera choses;CONCEPT
Matthieu 12:42;SKN;59-0405E;4;VALIDE;reine midi levera jugement generation condamnera vint terre;LECTURE
Jean 4:0;SKN;59-0407;59;VALIDE;chap->v.10: jesus lui don dieu celui donne lui demande;CONCEPT
Jean 5:19;SKN;59-0407;37;EXACT;jesus verite dis fils rien lui meme chose [couverture 6/14];CONCEPT
Jean 5:24;SKN;59-0407;46;VALIDE;dis celui parole croit envoye vie eternelle vient;CONCEPT
Romains 8:14;SKN;59-0407;17;VALIDE;conduits dieu fils;CONCEPT
Jean 4:0;SKN;59-0408;42;VALIDE;chap->v.25: femme lui sais messie christ vient sera venu;CONCEPT
Psaumes 133:0;SKN;59-0408;38;VALIDE;chap->v.1: quil bon quil;CONCEPT
Jean 4:0;SKN;59-0525;43;VALIDE;chap->v.10: jesus lui don dieu celui donne moi lui;CONCEPT
Jean 4:0;SKN;59-1129;203;VALIDE;chap->v.9: femme samaritaine lui moi suis femme samaritaine;CONCEPT
Jean 14:0;SKN;59-1129;44;VALIDE;chap->v.10: moi suis pere pere moi moi dis dis;CONCEPT
Jean 14:0;SKN;59-1129;185;VALIDE;chap->v.10: crois moi pere pere moi moi dis dis;CONCEPT
Jean 4:0;SKN;60-0329;48;VALIDE;chap->v.9: femme samaritaine lui moi suis femme samaritaine;CONCEPT
Jean 5:24;SKN;60-0329;35;EXACT;verite dis celui parole croit envoye vie eternelle [couverture 5/14];CONCEPT
Jean 4:0;SKN;60-0604;60;VALIDE;chap->v.9: femme lui comment toi juif boire moi suis;CONCEPT
Jean 5:19;SKN;60-0604;49;EXACT;jesus verite dis fils rien lui meme quil [couverture 8/14];CONCEPT
Jean 6:66;SKN;60-0604;8;VALIDE;lors plusieurs disciples retirerent lui;LECTURE
Jean 10:0;SKN;60-0604;16;VALIDE;chap->v.36: dites quil monde parce jai suis fils dieu;CONCEPT
Jean 14:7;SKN;60-0604;44;PARTIEL;commencé, pas achevé — pere;CONCEPT
Jean 4:0;SKN;60-0606;62;VALIDE;chap->v.10: jesus lui don dieu celui donne moi lui;CONCEPT
Jean 5:24;SKN;60-0606;77;EXACT;dis celui parole croit envoye vie eternelle [couverture 7/14];CONCEPT
Jean 10:0;SKN;60-0606;20;VALIDE;chap->v.11: moi suis bon berger bon berger met vie;CONCEPT
Jean 17:17;SKN;60-0606;23;VALIDE;sanctifie verite parole;CONCEPT
Jean 4:0;SKN;60-1127E;95;VALIDE;chap->v.25: femme lui sais messie christ vient celui sera;CONCEPT
Psaumes 63:0;SKN;60-1127E;53;VALIDE;chap->v.1: dieu dieu jour ame soif apres terre;CONCEPT
Jean 4:0;SKN;62-0123;129;VALIDE;chap->v.25: femme lui sais appele christ vient sera fera;CONCEPT
Jean 5:19;SKN;62-0123;137;EXACT;jesus verite dis fils rien lui meme voie [couverture 7/14];CONCEPT
Jean 4:0;SKN;62-0620;84;VALIDE;chap->v.9: femme samaritaine lui juif suis femme samaritaine juifs;CONCEPT
Jean 14:12;SKN;62-0620;65;EXACT;dis celui croit moi fera lui fais parce [couverture 5/14];CONCEPT
Matthieu 14:0;SKN;62-0620;17;VALIDE;chap->v.24: bateau etait deja milieu mer battu vagues vent;CONCEPT
Jean 4:0;VGR;58-1005E;229;VALIDE;chap->v.25: femme lui sais messie christ fera;CONCEPT
Jean 4:0;VGR;59-0329E;53;VALIDE;chap->v.7: femme samarie puiser leau jesus lui donne boire;CONCEPT
Jean 4:0;VGR;59-0525;120;VALIDE;chap->v.25: femme lui messie fera choses;CONCEPT
Jean 4:0;VGR;60-0604;221;VALIDE;chap->v.9: femme juif boire femme juifs nont;CONCEPT
Jean 5:19;VGR;60-0604;169;VALIDE;jesus meme quil;CONCEPT
Jean 6:66;VGR;60-0604;21;VALIDE;plusieurs disciples retirerent lui;CONCEPT
Jean 10:0;VGR;60-0604;49;VALIDE;chap->v.11: moi suis bon berger bon berger met vie;CONCEPT
Jean 4:17;SKN;63-0126;306;VALIDE;femme nai lui;CONCEPT
Joel 2:28;SKN;63-0126;263;VALIDE;cela repandrai esprit chair;CONCEPT
Luc 24:49;SKN;63-0126;245;EXACT;jusqua soyez revetus puissance den [couverture 5/13];CONCEPT
Matthieu 5:0;SKN;63-0126;300;VALIDE;chap->v.22: moi dis frere sera frere;CONCEPT
Jean 5:0;SKN;49-0718;16;VALIDE;chap->v.19: jesus verite verite dis fils rien lui meme;CONCEPT
Jean 5:0;SKN;51-0415E;33;VALIDE;chap->v.20: pere fils lui montre choses lui meme lui;CONCEPT
Jean 5:0;SKN;52-0713E;37;VALIDE;chap->v.19: jesus verite verite dis fils rien lui meme;CONCEPT
Jean 5:0;SKN;52-0713E;38;VALIDE;chap->v.19: jesus verite verite dis fils rien lui meme;CONCEPT
Jean 5:19;SKN;52-0713E;38;EXACT;jesus verite dis fils rien lui meme quil [couverture 10/14];CONCEPT
Jean 14:12;SKN;52-0713E;77;VALIDE;dis moi lui fais parce men;CONCEPT
Jean 5:0;SKN;52-1027;19;VALIDE;chap->v.4: ange descendait leau premier entrait apres leau avait;CONCEPT
Jean 5:0;SKN;52-1027;20;VALIDE;chap->v.19: jesus verite verite dis fils rien lui meme;CONCEPT
Jean 5:19;SKN;52-1027;22;EXACT;jesus verite dis fils rien lui meme quil [couverture 6/14];CONCEPT
Jean 5:19;SKN;52-1027;23;EXACT;jesus verite dis fils rien lui meme quil [couverture 10/14];CONCEPT
Jean 9:0;SKN;52-1027;23;VALIDE;chap->v.9: cest lui dautres lui lui cest moi meme;CONCEPT
Marc 11:24;SKN;52-1027;10;EXACT;cest dis demanderez priant croyez recevez sera [couverture 7/8];CONCEPT
Jean 5:0;SKN;53-0512;40;VALIDE;chap->v.26: pere vie lui meme donne fils vie lui;CONCEPT
Jean 5:24;SKN;53-0512;10;VALIDE;dis celui parole croit envoye vie eternelle vient;CONCEPT
Jean 6:0;SKN;53-0512;10;VALIDE;chap->v.35: jesus moi suis vie celui vient moi jamais;CONCEPT
Jean 14:0;SKN;53-0512;28;VALIDE;chap->v.10: moi pere pere moi moi dis dis moi;CONCEPT
Romains 9:0;SKN;53-0512;15;VALIDE;chap->v.11: avant enfants soient nes quils rien afin dieu;LECTURE
Jean 5:0;SKN;53-0612;10;VALIDE;chap->v.24: verite verite dis celui entend parole croit celui;LECTURE
Joel 1:0;SKN;53-0612;10;VALIDE;chap->v.2: ecoutez ceci loreille pays ceci arrive vos jours;LECTURE
Marc 16:0;SKN;53-0612;10;VALIDE;chap->v.16: celui aura cru aura baptise sera sauve celui;LECTURE
Matthieu 24:0;SKN;53-0612;10;VALIDE;chap->v.21: alors aura grande telle quil depuis monde jusqua;LECTURE
Jean 5:0;SKN;53-0903;33;VALIDE;chap->v.19: jesus verite verite dis fils rien lui meme;CONCEPT
Jean 5:19;SKN;53-0903;33;EXACT;jesus verite dis fils rien lui meme quil [couverture 7/14];CONCEPT
Jean 5:0;SKN;53-1120;26;VALIDE;chap->v.19: jesus verite verite dis fils rien lui meme;CONCEPT
Jean 5:0;SKN;53-1120;27;VALIDE;chap->v.19: jesus verite verite dis fils rien lui meme;CONCEPT
Jean 5:19;SKN;53-1120;26;EXACT;jesus verite dis fils rien lui meme quil [couverture 8/14];CONCEPT
Marc 16:0;SKN;53-1120;10;VALIDE;chap->v.18: quelque chose cela imposeront mains ceux;CONCEPT
Jean 5:0;SKN;53-1213E;65;VALIDE;chap->v.19: jesus verite verite dis fils rien lui meme;CONCEPT
Jean 5:0;SKN;54-0307E;18;VALIDE;chap->v.19: jesus repondit verite verite dis fils rien lui;CONCEPT
Jean 5:19;SKN;54-0307E;25;EXACT;jesus dis rien lui meme quil chose pere [couverture 9/14];CONCEPT
Jean 5:0;SKN;54-0320;74;VALIDE;chap->v.19: jesus verite verite dis fils rien lui meme;CONCEPT
Jean 5:19;SKN;54-0320;74;EXACT;jesus verite dis fils rien lui meme quil [couverture 12/14];CONCEPT
Psaumes 103:3;SKN;54-0320;52;VALIDE;cest lui pardonne tes iniquites;CONCEPT
Jean 5:0;SKN;55-0227E;65;VALIDE;chap->v.19: jesus verite verite dis fils rien lui meme;CONCEPT
Jean 11:0;SKN;55-0227E;47;VALIDE;chap->v.25: jesus lui moi suis resurrection vie celui croit;CONCEPT
Jean 5:0;SKN;55-0228;65;VALIDE;chap->v.19: jesus verite verite dis fils rien lui meme;CONCEPT
Marc 16:0;SKN;55-0228;27;VALIDE;chap->v.6: lui cherchez jesus nest ici voici mis;CONCEPT
Jean 5:0;SKN;56-0405;34;VALIDE;chap->v.19: jesus verite verite dis fils rien lui meme;CONCEPT
Jean 5:19;SKN;56-0405;34;EXACT;jesus verite dis fils rien lui meme quil [couverture 8/14];CONCEPT
Jean 5:0;SKN;56-0612;7;VALIDE;chap->v.19: jesus dis fils rien lui meme chose quelque;LECTURE
Jean 5:7;SKN;56-0612;34;VALIDE;malade lui seigneur nai;CONCEPT
Marc 16:0;SKN;56-0612;48;VALIDE;chap->v.16: celui cru baptise sera sauve celui cru sera;CONCEPT
Psaumes 103:0;SKN;56-0612;21;VALIDE;chap->v.1: ame benis moi benisse saint nom;CONCEPT
Jean 5:0;SKN;57-0922M;11;VALIDE;chap->v.19: jesus verite verite dis fils rien lui meme;CONCEPT
Jean 5:1;SKN;50-0405;14;VALIDE;choses avait juifs jesus;CONCEPT
Jean 5:19;SKN;50-0405;13;EXACT;jesus verite dis fils rien lui meme quil [couverture 5/14];CONCEPT
Marc 16:0;SKN;50-0405;22;VALIDE;chap->v.16: celui aura cru aura sera celui naura cru;CONCEPT
Jean 5:7;SKN;59-0708M;23;VALIDE;lui nai lorsque pendant;CONCEPT
Jean 5:19;SKN;48-0304;31;EXACT;jesus repondit verite dis fils rien lui meme [couverture 7/14];CONCEPT
Jean 5:19;SKN;50-0815;28;EXACT;jesus verite dis fils rien lui meme chose [couverture 6/14];CONCEPT
Marc 16:0;SKN;50-0815;24;VALIDE;chap->v.17: ici signes accompagneront ceux auront cru nom chasseront;CONCEPT
Jean 5:19;SKN;51-0505;21;EXACT;jesus verite dis fils rien lui meme quil [couverture 10/14];CONCEPT
Jean 5:19;SKN;52-0720E;22;EXACT;jesus verite dis fils rien lui meme quil [couverture 8/14];CONCEPT
Matthieu 8:0;SKN;52-0720E;15;VALIDE;chap->v.17: fut accompli esaie disant lui meme pris nos;CONCEPT
Jean 5:19;SKN;52-0727;31;EXACT;jesus verite dis fils rien lui meme quil [couverture 6/14];CONCEPT
Jean 5:19;SKN;53-0508;61;EXACT;jesus verite dis fils rien lui meme quil [couverture 8/14];CONCEPT
Jean 5:19;SKN;53-0603;33;EXACT;jesus verite dis fils rien lui meme quil [couverture 8/14];CONCEPT
Jean 5:19;SKN;53-0605;26;EXACT;jesus verite dis fils rien lui meme quil [couverture 6/14];CONCEPT
Jean 5:19;SKN;53-0905;40;EXACT;jesus verite dis fils rien lui meme quil [couverture 10/14];CONCEPT
Jean 5:19;SKN;54-0306;90;EXACT;jesus verite dis fils lui meme quil chose [couverture 5/14];CONCEPT
Jean 5:19;SKN;54-0401;29;EXACT;jesus dis fils rien lui meme quil chose [couverture 5/14];CONCEPT
Jean 5:19;SKN;54-0411;5;EXACT;jesus dis fils rien lui meme quil voie [couverture 7/14];CONCEPT
Jean 5:19;SKN;54-0411;30;EXACT;jesus verite dis fils rien lui meme quil [couverture 8/14];CONCEPT
Jean 5:33;SKN;54-0411;28;EXACT;avez envoye jean rendu temoignage verite [couverture 6/7];CONCEPT
Jean 5:19;SKN;54-0720E;34;VALIDE;jesus verite dis fils rien lui meme quil;CONCEPT
Jean 5:19;SKN;54-0723;46;EXACT;jesus verite dis fils rien lui meme chose [couverture 5/14];CONCEPT
Jean 5:19;SKN;54-0825;20;VALIDE;jesus verite dis fils rien lui meme chose;CONCEPT
Jean 5:19;SKN;54-0829E;1;EXACT;jesus fils rien lui meme quil pere [couverture 7/14];CONCEPT
Jean 5:19;SKN;55-0116E;22;EXACT;jesus dis fils rien lui meme quil chose [couverture 7/14];CONCEPT
Jean 5:19;SKN;55-0116E;31;EXACT;jesus dis lui meme quil voie chose pere [couverture 8/14];CONCEPT
Marc 16:0;SKN;55-0116E;17;VALIDE;chap->v.6: lui jesus ressuscite nest ici;CONCEPT
Jean 5:19;SKN;55-0220A;51;EXACT;jesus verite dis fils rien lui meme quil [couverture 6/14];CONCEPT
Jean 5:24;SKN;55-0220A;28;VALIDE;dis celui parole croit envoye vie eternelle vient;CONCEPT
Marc 16:0;SKN;55-0220A;48;VALIDE;chap->v.6: lui jesus ressuscite nest ici voici mis;CONCEPT
Matthieu 3:0;SKN;55-0220A;11;VALIDE;chap->v.3: cest ici parle prophete disant seigneur;LECTURE
Jean 5:19;SKN;55-0604;33;EXACT;jesus verite dis fils rien lui meme quil [couverture 7/14];CONCEPT
Jean 5:19;SKN;55-0607;73;EXACT;jesus verite dis fils rien lui meme quil [couverture 8/14];CONCEPT
Jean 5:19;SKN;55-0611;81;EXACT;jesus verite dis fils rien lui meme voie [couverture 5/14];CONCEPT
Jeremie 1:4;SKN;55-0611;21;PARTIEL;commencé, pas achevé — moi disant;CONCEPT
Marc 16:0;SKN;55-0611;16;VALIDE;chap->v.17: ici accompagneront ceux auront cru nom chasseront demons;CONCEPT
Marc 16:0;SKN;55-0611;18;VALIDE;chap->v.6: lui jesus ressuscite ici mis;CONCEPT
Marc 16:0;SKN;55-0611;73;VALIDE;chap->v.16: baptise sera sauve sera;CONCEPT
Jean 5:19;SKN;55-0818;21;EXACT;jesus verite dis fils rien lui meme chose [couverture 5/14];CONCEPT
Jean 5:19;SKN;55-1114;9;EXACT;jesus verite dis fils rien lui meme quil [couverture 5/14];CONCEPT
Jean 5:19;SKN;55-1115;57;EXACT;jesus verite dis fils rien lui meme quil [couverture 8/14];CONCEPT
Marc 16:0;SKN;55-1115;66;VALIDE;chap->v.6: lui jesus ressuscite nest ici voici lieu lavait;CONCEPT
Jean 5:19;SKN;56-0401M;64;EXACT;jesus dis fils rien lui meme quil chose [couverture 6/14];CONCEPT
Jean 11:0;SKN;56-0401M;34;VALIDE;chap->v.25: jesus lui moi suis vie celui croit moi;CONCEPT
Jean 14:7;SKN;56-0401M;64;VALIDE;connu pere maintenant;CONCEPT
Jean 5:19;SKN;56-0407;55;EXACT;jesus fils rien lui meme quil chose pere [couverture 5/14];CONCEPT
Luc 18:42;SKN;56-0407;12;VALIDE;jesus lui recouvre vue foi gueri;LECTURE
Jean 5:19;SKN;56-0408E;50;EXACT;jesus verite dis fils rien lui meme quil [couverture 8/14];CONCEPT
Jean 5:19;SKN;56-0421;44;EXACT;jesus verite dis rien lui quil pere [couverture 5/14];CONCEPT
Jean 5:19;SKN;56-0422;44;EXACT;jesus verite dis rien lui quil pere [couverture 5/14];CONCEPT
Jean 5:19;SKN;56-0722;27;EXACT;jesus verite dis fils rien lui meme quil [couverture 8/14];CONCEPT
Marc 11:24;SKN;56-0722;7;VALIDE;cest priant croyez;CONCEPT
Matthieu 8:0;SKN;56-0722;6;VALIDE;chap->v.17: accompli esaie prophete lui meme pris nos nos;CONCEPT
Jean 5:19;SKN;56-0930E;49;EXACT;jesus dis fils rien lui meme quil chose [couverture 5/14];CONCEPT
Jean 14:0;SKN;56-0930E;17;VALIDE;chap->v.9: jesus lui suis depuis connu celui comment dis;CONCEPT
Jean 5:19;SKN;56-1206;84;EXACT;jesus verite dis fils rien lui meme quil [couverture 5/14];CONCEPT
Jean 5:19;SKN;56-1206;85;EXACT;jesus verite dis fils rien lui meme quil [couverture 10/14];CONCEPT
Marc 11:0;SKN;56-1206;72;VALIDE;chap->v.25: ferez avez chose contre lui;CONCEPT
Marc 16:0;SKN;56-1206;72;VALIDE;chap->v.12: apres choses autre forme deux dentre;CONCEPT
Jean 5:19;SKN;56-1215;30;VALIDE;jesus verite dis fils rien lui meme chose;CONCEPT
Jean 5:19;SKN;56-1215;75;EXACT;jesus dis fils rien lui meme chose pere [couverture 6/14];CONCEPT
Jean 5:24;SKN;56-1215;60;VALIDE;dis celui entend parole croit envoye vie eternelle;CONCEPT
Jean 5:19;SKN;57-0228;49;EXACT;jesus rien lui quil chose pere [couverture 6/14];CONCEPT
Matthieu 12:0;SKN;57-0228;16;VALIDE;chap->v.27: cest beelzebul moi chasse demons vos fils chassent;CONCEPT
Jean 5:19;SKN;57-0302;8;VALIDE;jesus dis rien lui quil chose pere quelque;LECTURE
Jean 11:0;SKN;57-0302;5;VALIDE;chap->v.2: cetait marie seigneur dun lui pieds laquelle lazare;LECTURE
Jean 5:19;SKN;57-0310E;59;EXACT;jesus repondit verite dis fils rien lui meme [couverture 7/14];CONCEPT
Jean 14:0;SKN;57-0310E;22;VALIDE;chap->v.10: crois moi pere pere moi moi moi meme;CONCEPT
Jean 5:19;SKN;57-0407E;9;EXACT;jesus dis rien lui meme quil chose pere [couverture 7/14];CONCEPT
Jean 5:19;SKN;57-0805;56;EXACT;jesus verite dis fils lui meme quil chose [couverture 8/14];CONCEPT
Jean 5:19;SKN;57-1215;8;EXACT;jesus verite dis fils rien lui meme quil [couverture 8/14];LECTURE
Jean 5:19;SKN;57-1229;29;EXACT;jesus verite dis fils rien lui meme quil [couverture 5/14];CONCEPT
Jean 5:19;SKN;58-0107;53;EXACT;jesus dis rien lui meme quil chose pere [couverture 6/14];CONCEPT
Jean 5:19;SKN;58-0110;42;EXACT;jesus dis fils rien lui meme quil chose [couverture 8/14];CONCEPT
Jean 5:19;SKN;58-0530;57;EXACT;jesus dis fils rien lui meme quil chose [couverture 7/14];CONCEPT
Jean 5:19;SKN;59-1127;49;EXACT;jesus dis fils rien lui meme chose pere [couverture 6/14];CONCEPT
Matthieu 10:0;SKN;59-1127;45;VALIDE;chap->v.40: celui recoit recoit celui recoit recoit celui envoye;CONCEPT
Jean 5:19;SKN;60-0210E;66;EXACT;jesus verite dis fils rien lui meme quil [couverture 11/14];CONCEPT
Jean 5:19;SKN;60-0302;61;EXACT;jesus verite dis fils rien meme quil chose [couverture 9/14];CONCEPT
Jean 5:19;SKN;60-0305;30;EXACT;jesus verite dis fils rien lui meme quil [couverture 5/14];CONCEPT
Jean 5:19;SKN;60-0305;37;EXACT;jesus dis fils rien lui meme quil chose [couverture 7/14];CONCEPT
Jean 5:19;SKN;60-0326;48;EXACT;jesus verite dis fils rien lui quil chose [couverture 6/14];CONCEPT
Job 23:3;SKN;60-0326;6;VALIDE;savais trouver assis;CONCEPT
Jean 5:19;SKN;60-0402;25;EXACT;jesus repondit verite dis fils rien lui meme [couverture 8/14];CONCEPT
Marc 11:23;SKN;60-0402;4;VALIDE;dis toi mer quil;CONCEPT
Jean 5:19;SKN;60-0722;76;EXACT;jesus verite dis fils rien lui meme quil [couverture 5/14];CONCEPT
Jean 5:19;SKN;61-0411;19;EXACT;jesus dis fils rien lui meme quil chose [couverture 6/14];CONCEPT
Jean 6:0;SKN;61-0411;18;VALIDE;chap->v.9: ici petit cinq deux quest cela tant monde;CONCEPT
Jean 5:19;SKN;61-0520;74;VALIDE;jesus verite dis fils rien lui meme quil;CONCEPT
Jean 5:19;SKN;62-0629;74;VALIDE;jesus dis fils lui meme quil chose pere;CONCEPT
Jean 14:12;SKN;62-0629;85;EXACT;verite dis celui croit moi fera lui fais [couverture 6/14];CONCEPT
Jean 5:19;SKN;62-0630B;26;EXACT;jesus dis rien lui meme chose pere quelque [couverture 7/14];CONCEPT
Jean 15:0;SKN;62-0630B;14;VALIDE;chap->v.5: moi suis cep sarments celui moi moi lui;CONCEPT
Jean 5:19;SKN;62-0713;69;EXACT;jesus verite fils rien lui meme quil chose [couverture 9/14];CONCEPT
Josue 1:0;SKN;62-0713;54;VALIDE;chap->v.14: vos vos enfants vos pays moise jourdain;CONCEPT
Jean 5:19;SKN;64-0213;33;EXACT;verite dis fils rien lui quil chose pere [couverture 9/14];CONCEPT
Jean 11:0;SKN;64-0213;81;VALIDE;chap->v.6: quil lazare etait jours etait;CONCEPT
Jean 5:19;VGR;55-0611;198;EXACT;jesus verite dis fils rien lui meme quil [couverture 11/14];CONCEPT
Jeremie 1:4;VGR;55-0611;51;PARTIEL;commencé, pas achevé — moi;CONCEPT
Marc 16:0;VGR;55-0611;38;VALIDE;chap->v.17: accompagneront ceux auront cru nom chasseront demons parleront;CONCEPT
Marc 16:0;VGR;55-0611;44;VALIDE;chap->v.6: lui jesus ressuscite nest ici mis;CONCEPT
Marc 16:0;VGR;55-0611;178;VALIDE;chap->v.11: quil etait quil avait;CONCEPT
Jean 5:19;VGR;56-0401M;148;EXACT;jesus dis fils rien lui meme quil chose [couverture 9/14];CONCEPT
Jean 11:0;VGR;56-0401M;72;VALIDE;chap->v.25: jesus lui moi suis celui croit moi quil;CONCEPT
Jean 14:7;VGR;56-0401M;146;PARTIEL;commencé, pas achevé — pere maintenant;CONCEPT
Jean 5:19;VGR;57-0407E;25;EXACT;jesus rien lui quil pere [couverture 5/14];CONCEPT
Jean 5:19;VGR;57-1229;83;EXACT;jesus verite dis fils rien lui quil chose [couverture 8/14];CONCEPT
Jean 5:19;VGR;60-0402;64;EXACT;jesus verite fils rien lui quil chose pere [couverture 9/14];CONCEPT
Marc 11:23;VGR;60-0402;10;VALIDE;dis mer cur quil;CONCEPT
Jean 5:19;VGR;64-0213;33;EXACT;verite dis fils rien lui quil chose pere [couverture 9/14];CONCEPT
Jean 11:0;VGR;64-0213;81;VALIDE;chap->v.17: quil etait depuis quatre jours sepulcre;CONCEPT
Jean 5:19;VGR;64-0315;306;EXACT;jesus fils rien lui meme quil chose pere [couverture 9/14];CONCEPT
Luc 24:49;VGR;64-0315;198;EXACT;voici promesse pere ville jusqua soyez revetus puissance [couverture 10/13];CONCEPT
Jean 5:24;SKN;54-0221;34;VALIDE;verite dis celui entend parole croit envoye vie;CONCEPT
Marc 11:24;SKN;54-0221;36;VALIDE;cest dis demanderez priant croyez sera;CONCEPT
Psaumes 103:3;SKN;54-0221;42;VALIDE;cest tes guerit;CONCEPT
Jean 5:24;SKN;54-0228A;37;VALIDE;dis celui parole croit envoye vie eternelle vient;CONCEPT
Marc 11:24;SKN;54-0228A;71;VALIDE;cest pourquoi dis demanderez priant croyez;CONCEPT
Jean 5:24;SKN;54-0329;10;EXACT;celui entend parole croit envoye vie eternelle vient [couverture 11/14];CONCEPT
Jean 6:0;SKN;54-0329;11;VALIDE;chap->v.54: celui mange chair boit sang vie eternelle ressusciterai;CONCEPT
Jean 5:24;SKN;54-1203;44;VALIDE;dis celui entend parole croit envoye vie eternelle;CONCEPT
Psaumes 23:0;SKN;54-1203;16;VALIDE;chap->v.4: meme vallee lombre mort moi;CONCEPT
Jean 5:24;SKN;55-0609;26;EXACT;verite dis celui envoye vie eternelle vient passe [couverture 6/14];CONCEPT
Jean 5:24;SKN;56-0101;70;EXACT;verite dis celui entend parole croit envoye vie [couverture 14/14];CONCEPT
Jean 5:24;SKN;56-0304;83;VALIDE;verite dis celui entend parole croit envoye vie;CONCEPT
Jean 5:24;SKN;56-0805;139;EXACT;celui parole croit envoye vie eternelle jugement passe [couverture 9/14];CONCEPT
Romains 8:1;SKN;56-0805;100;EXACT;maintenant aucune condamnation ceux christ jesus [couverture 6/6];CONCEPT
Jean 5:24;SKN;57-0420;34;EXACT;celui entend parole croit envoye vie eternelle jugement [couverture 10/14];CONCEPT
Matthieu 24:0;SKN;57-0420;34;VALIDE;chap->v.30: alors fils ciel alors terre fils;CONCEPT
Matthieu 27:0;SKN;57-0420;99;VALIDE;chap->v.63: disant seigneur pendant etait vie apres jours ressuscite;CONCEPT
Psaumes 22:0;SKN;57-0420;58;VALIDE;chap->v.1: dieu dieu pourquoi abandonne;CONCEPT
Jean 5:24;SKN;57-0818;158;EXACT;dis celui entend parole croit envoye vie eternelle [couverture 11/14];CONCEPT
Jean 5:24;SKN;59-1124;46;EXACT;verite dis celui entend parole croit envoye vie [couverture 6/14];CONCEPT
Jean 5:24;SKN;60-0612;65;EXACT;verite dis celui entend parole croit envoye vie [couverture 5/14];CONCEPT
Jean 5:24;SKN;61-0215;75;VALIDE;verite dis celui entend parole croit envoye vie;CONCEPT
Jean 5:24;SKN;61-0218;69;VALIDE;dis celui parole croit envoye vie eternelle vient;CONCEPT
Jeremie 8:22;SKN;61-0218;24;VALIDE;baume galaad medecin pourquoi fille peuple;CONCEPT
Jean 5:24;SKN;62-0313;14;VALIDE;dis celui entend parole croit envoye vie eternelle;CONCEPT
Jean 5:24;SKN;62-0719B;33;VALIDE;dis celui entend parole croit envoye vie eternelle;CONCEPT
Jean 5:24;SKN;64-0410;61;VALIDE;dis celui parole croit envoye vie eternelle vient;CONCEPT
Luc 17:0;SKN;64-0410;63;VALIDE;chap->v.26: jours ainsi sera jours fils lhomme;CONCEPT
Malachie 3:0;SKN;64-0410;4;VALIDE;chap->v.1: voici jenvoie messager devant moi seigneur;CONCEPT
Malachie 4:0;SKN;64-0410;4;VALIDE;chap->v.5: voici elie prophete grand jour;CONCEPT
Malachie 4:0;SKN;64-0410;63;VALIDE;chap->v.1: jour vient ceux jour vient;CONCEPT
Matthieu 12:0;SKN;64-0410;1;VALIDE;chap->v.42: reine midi levera jugement generation condamnera vint terre;LECTURE
Jean 5:24;SKN;64-0705X;3;VALIDE;dis celui entend parole croit envoye vie eternelle;CONCEPT
Jean 5:24;VGR;54-0329;10;EXACT;celui parole croit envoye vie eternelle vient jugement [couverture 10/14];CONCEPT
Jean 6:0;VGR;54-0329;11;VALIDE;chap->v.54: celui mange chair boit sang vie eternelle ressusciterai;CONCEPT
Jean 5:24;VGR;56-0101;93;EXACT;verite dis celui entend parole croit envoye vie [couverture 14/14];CONCEPT
Jean 5:24;VGR;56-0805;139;EXACT;celui parole croit envoye vie eternelle jugement passe [couverture 9/14];CONCEPT
Romains 8:1;VGR;56-0805;100;EXACT;maintenant aucune condamnation ceux christ jesus [couverture 6/6];CONCEPT
Jean 5:24;VGR;57-0420;34;EXACT;celui parole croit envoye vie eternelle vient jugement [couverture 10/14];CONCEPT
Matthieu 27:0;VGR;57-0420;99;VALIDE;chap->v.63: seigneur pendant quil etait vie apres jours ressuscite;CONCEPT
Psaumes 22:0;VGR;57-0420;58;VALIDE;chap->v.16: ont perce mes mains mes pieds;CONCEPT
Jean 5:24;VGR;57-0818;158;EXACT;dis celui entend parole croit envoye vie eternelle [couverture 12/14];CONCEPT
Jean 5:24;VGR;62-0313;39;EXACT;celui parole croit envoye vie eternelle vient jugement [couverture 10/14];CONCEPT
Jean 5:24;VGR;64-0705X;4;EXACT;dis celui entend parole croit envoye vie eternelle [couverture 5/14];CONCEPT
Jean 6:0;SKN;62-0121E;119;VALIDE;chap->v.26: jesus verite verite dis avez avez avez;CONCEPT
Jean 6:0;SKN;63-0605;280;VALIDE;chap->v.71: cetait lui lui etait;CONCEPT
Jean 14:12;SKN;63-0605;251;EXACT;dis celui croit moi fera lui fais grandes [couverture 6/14];CONCEPT
Jean 6:0;SKN;63-1114;139;VALIDE;chap->v.51: moi suis pain descendu ciel pain pain moi;CONCEPT
Malachie 3:0;SKN;63-1114;150;VALIDE;chap->v.1: voici messager devant moi;CONCEPT
Jean 6:0;VGR;62-0121E;282;VALIDE;chap->v.35: jesus suis vie celui vient jamais celui croit;CONCEPT
Jean 6:0;VGR;63-1114;139;VALIDE;chap->v.41: parce quil avait moi suis pain descendu ciel;CONCEPT
Malachie 3:0;VGR;63-1114;150;VALIDE;chap->v.1: voici jenvoie messager devant moi viendra;CONCEPT
Jean 6:30;SKN;59-0510M;92;VALIDE;lui quel quelle;CONCEPT
Jean 10:0;SKN;56-0129;3;VALIDE;chap->v.11: moi suis bon berger bon berger vie brebis;CONCEPT
Jean 11:0;SKN;53-1122;92;VALIDE;chap->v.2: cetait seigneur dun lui lazare malade etait;CONCEPT
Marc 16:0;SKN;53-1122;31;VALIDE;chap->v.18: auront quelque chose cela imposeront mains ceux;CONCEPT
Jean 11:0;SKN;55-0813;25;VALIDE;chap->v.25: jesus lui moi suis vie moi quil soit;CONCEPT
Jean 11:0;SKN;55-0826;10;VALIDE;chap->v.25: jesus lui moi vie croit moi soit mort;LECTURE
Jean 12:0;SKN;54-1003M;227;VALIDE;chap->v.36: pendant avez lumiere croyez lumiere afin soyez lumiere;CONCEPT
Romains 8:1;SKN;54-1003M;240;EXACT;maintenant aucune condamnation ceux jesus [couverture 5/6];CONCEPT
Jean 12:0;SKN;55-0828E;2;VALIDE;chap->v.48: celui rejette recoit mes paroles juge parole jai;CONCEPT
Jean 12:0;SKN;63-0118;92;VALIDE;chap->v.49: moi parle moi meme pere lui meme parler;CONCEPT
Jean 14:12;SKN;63-0118;92;EXACT;verite dis celui croit moi fera lui fais [couverture 8/14];CONCEPT
Jean 12:0;VGR;54-1003M;227;VALIDE;chap->v.36: pendant avez lumiere croyez lumiere afin soyez lumiere;CONCEPT
Romains 8:1;VGR;54-1003M;240;EXACT;maintenant aucune condamnation ceux jesus [couverture 5/6];CONCEPT
Jean 12:0;VGR;55-0828E;2;VALIDE;chap->v.20: quelques grecs dentre ceux etaient montes adorer pendant;CONCEPT
Jean 12:0;VGR;63-0118;288;VALIDE;chap->v.49: moi nai parle moi meme pere lui meme;CONCEPT
Jean 14:12;VGR;63-0118;288;EXACT;verite dis celui croit moi fera lui uvres [couverture 12/14];CONCEPT
Jean 13:35;SKN;60-0308;103;EXACT;ceci connaitront etes mes disciples avez [couverture 6/7];CONCEPT
Jean 14:7;SKN;60-0308;104;PARTIEL;commencé, pas achevé — pere maintenant;CONCEPT
Marc 16:0;SKN;60-0308;105;VALIDE;chap->v.16: celui baptise sera sauve celui sera condamne;CONCEPT
Psaumes 22:0;SKN;60-0308;72;VALIDE;chap->v.16: ont perce mes mains mes pieds;CONCEPT
Psaumes 23:0;SKN;60-0308;37;VALIDE;chap->v.5: moi mes oint;CONCEPT
Psaumes 105:0;SKN;60-0308;3;VALIDE;chap->v.15: disant touchez mes oints faites mal mes prophetes;LECTURE
Jean 13:35;VGR;60-0308;103;EXACT;ceci connaitront etes mes disciples avez lamour [couverture 7/7];CONCEPT
Jean 14:7;VGR;60-0308;104;PARTIEL;commencé, pas achevé — pere maintenant;CONCEPT
Marc 16:0;VGR;60-0308;105;VALIDE;chap->v.16: celui baptise sera sauve celui sera condamne;CONCEPT
Psaumes 22:0;VGR;60-0308;72;VALIDE;chap->v.16: ont perce mes mains mes pieds;CONCEPT
Psaumes 23:0;VGR;60-0308;37;VALIDE;chap->v.5: moi mes oint;CONCEPT
Psaumes 105:0;VGR;60-0308;3;VALIDE;chap->v.3: glorifiez saint nom cur ceux cherchent leternel rejouisse;LECTURE
Jean 14:0;SKN;50-0115;13;VALIDE;chap->v.10: crois moi suis pere pere moi moi moi;LECTURE
Jean 14:0;SKN;53-0907A;19;VALIDE;chap->v.10: crois moi suis pere pere moi paroles moi;CONCEPT
Jean 14:0;SKN;53-0907A;22;VALIDE;chap->v.12: verite verite dis celui moi fera lui moi;CONCEPT
Job 14:0;SKN;53-0907A;29;VALIDE;chap->v.12: ainsi lhomme jusqua quil cieux;CONCEPT
Marc 16:0;SKN;53-0907A;76;VALIDE;chap->v.18: quelque chose mortel cela mains;CONCEPT
Marc 16:0;SKN;53-0907A;79;VALIDE;chap->v.6: lui nest ici mis;CONCEPT
Matthieu 11:27;SKN;53-0907A;79;VALIDE;mont personne nest;CONCEPT
Jean 14:0;SKN;55-0501A;23;VALIDE;chap->v.10: crois moi suis pere pere moi moi dis;CONCEPT
Jean 14:0;SKN;57-0809;13;VALIDE;chap->v.10: moi pere pere moi moi dis dis moi;CONCEPT
Jean 14:0;SKN;58-0209A;22;VALIDE;chap->v.10: moi suis pere pere moi paroles moi dis;CONCEPT
Jean 14:0;SKN;58-1003;22;VALIDE;chap->v.12: verite verite dis celui moi fera lui moi;CONCEPT
Jean 14:0;SKN;61-1231E;135;VALIDE;chap->v.10: moi moi paroles moi moi meme demeure;CONCEPT
Jean 14:12;SKN;61-1231E;86;EXACT;dis croit moi fera fais parce [couverture 7/14];CONCEPT
Jean 15:0;SKN;61-1231E;135;VALIDE;chap->v.4: demeurez moi moi lui meme demeure meme;CONCEPT
Jean 15:7;SKN;61-1231E;125;EXACT;demeurez moi mes paroles demeurent sera [couverture 6/8];CONCEPT
Jean 15:7;SKN;61-1231E;135;EXACT;demeurez moi mes paroles demeurent sera [couverture 6/8];CONCEPT
Jean 14:0;VGR;55-0501A;41;VALIDE;chap->v.10: crois suis pere pere dis dis pere demeure;CONCEPT
Jean 14:0;VGR;58-1003;41;VALIDE;chap->v.10: moi suis moi moi dis dis moi meme;CONCEPT
Jean 14:7;SKN;57-0629;44;PARTIEL;commencé, pas achevé — maintenant;CONCEPT
Jean 14:7;SKN;59-1004E;29;PARTIEL;commencé, pas achevé — maintenant;CONCEPT
Jean 14:8;SKN;59-0920;8;VALIDE;lui seigneur montre pere cela;LECTURE
Psaumes 1:0;SKN;59-0920;8;VALIDE;chap->v.3: sera arbre plante pres rend fruit saison feuille;LECTURE
Psaumes 80:0;SKN;59-0920;8;VALIDE;chap->v.1: berger prete toi joseph troupeau toi assis cherubins;LECTURE
Psaumes 80:7;SKN;59-0920;8;VALIDE;dieu armees ramene fais face serons sauves;LECTURE
Jean 14:8;VGR;59-0920;167;VALIDE;lui seigneur cela;CONCEPT
Psaumes 1:0;VGR;59-0920;54;VALIDE;chap->v.3: sera arbre plante pres fruit saison feuille quil;CONCEPT
Psaumes 80:0;VGR;59-0920;26;VALIDE;chap->v.1: berger disrael prete loreille toi menes joseph troupeau;CONCEPT
Psaumes 80:7;VGR;59-0920;44;VALIDE;dieu fais luire;CONCEPT
Jean 14:12;SKN;59-0811;32;VALIDE;dis celui croit moi fera lui fais parce;CONCEPT
Jean 14:12;SKN;62-0119;64;EXACT;verite dis celui croit moi fera lui fais [couverture 8/14];CONCEPT
Marc 16:0;SKN;62-0119;57;VALIDE;chap->v.16: celui cru baptise sera celui cru sera;CONCEPT
Jean 14:12;SKN;62-0622E;72;EXACT;verite celui croit moi fera lui fais vais [couverture 5/14];CONCEPT
Jean 14:12;SKN;63-0630E;229;EXACT;dis croit moi fera lui fais [couverture 8/14];CONCEPT
Marc 16:0;SKN;63-0630E;229;VALIDE;chap->v.16: cru sera cru sera condamne;CONCEPT
Matthieu 22:0;SKN;63-0630E;33;VALIDE;chap->v.7: roi irrite envoye troupes meurtriers brula ville;CONCEPT
Matthieu 22:0;SKN;63-0630E;34;VALIDE;chap->v.7: roi envoye troupes meurtriers brula ville;CONCEPT
Jean 14:12;SKN;63-0717;141;EXACT;verite dis celui croit moi fera lui fais [couverture 11/14];CONCEPT
Jean 14:12;SKN;64-0209;61;EXACT;celui croit moi fera lui fais [couverture 8/14];CONCEPT
Malachie 4:0;SKN;64-0209;59;VALIDE;chap->v.5: prophete grand jour;CONCEPT
Malachie 4:0;SKN;64-0209;63;VALIDE;chap->v.1: jour ceux jour;CONCEPT
Malachie 4:0;SKN;64-0209;172;VALIDE;chap->v.1: jour ceux jour;CONCEPT
Jean 14:12;SKN;64-0314;24;VALIDE;celui croit moi fera lui fais parce;CONCEPT
Luc 24:49;SKN;64-0314;42;VALIDE;moi promesse pere ville jusqua soyez puissance den;CONCEPT
Matthieu 5:0;SKN;64-0314;50;VALIDE;chap->v.13: etes terre sera nest rien qua jete dehors;CONCEPT
Jean 14:12;VGR;60-0417M;51;EXACT;dis celui croit moi fera lui uvres fais [couverture 5/14];CONCEPT
Marc 11:23;VGR;60-0417M;222;EXACT;verite dis dira toi quil [couverture 5/14];CONCEPT
Marc 16:0;VGR;60-0417M;34;VALIDE;chap->v.9: etant ressuscite matin premier jour semaine apparut marie;CONCEPT
Jean 14:12;VGR;63-0630E;229;EXACT;dis celui croit moi fera lui uvres fais [couverture 10/14];CONCEPT
Marc 16:0;VGR;63-0630E;229;VALIDE;chap->v.6: lui jesus nest voici mis;CONCEPT
Matthieu 22:0;VGR;63-0630E;34;VALIDE;chap->v.7: roi envoye troupes fit perir meurtriers brula ville;CONCEPT
Matthieu 22:1;VGR;63-0630E;33;PARTIEL;commencé, pas achevé — jesus;CONCEPT
Jean 14:12;VGR;63-0717;181;EXACT;verite dis celui croit moi fera lui uvres [couverture 12/14];CONCEPT
Jean 15:0;SKN;57-0516;44;VALIDE;chap->v.2: sarment porte fruit sarment porte fruit quil porte;CONCEPT
Jean 15:0;SKN;58-0228;63;VALIDE;chap->v.2: sarment moi porte fruit sarment porte fruit quil;CONCEPT
Psaumes 42:1;SKN;58-0228;34;VALIDE;cerf apres courants deau ainsi ame crie toi;CONCEPT
Psaumes 63:0;SKN;58-0228;7;VALIDE;chap->v.1: dieu dieu cherche jour ame soif toi apres;CONCEPT
Jeremie 1:4;SKN;53-0602;5;VALIDE;parole moi disant;LECTURE
Jeremie 1:4;SKN;58-0518;52;PARTIEL;commencé, pas achevé — moi;CONCEPT
Job 7:27;SKN;51-0415A;72;LAPSUS;annoncé — dit en réalité job 7:16;CONCEPT
job 7:16;SKN;51-0415A;72;LAPSUS-LU;lu — annoncé sous Job 7:27;CONCEPT
Job 7:27;SKN;60-0804;24;LAPSUS;annoncé — dit en réalité job 7:4;CONCEPT
job 7:4;SKN;60-0804;24;LAPSUS-LU;lu — annoncé sous Job 7:27;CONCEPT
Job 14:0;SKN;53-0405S;43;VALIDE;chap->v.13: voulais cacher cache jusqua colere temps moi;CONCEPT
Job 19:0;VGR;60-0417S;16;VALIDE;chap->v.21: ayez pitie moi ayez pitie moi mes amis;CONCEPT
Matthieu 28:0;VGR;60-0417S;12;VALIDE;chap->v.7: allez promptement dites disciples quil ressuscite morts voici;LECTURE
Job 42:0;SKN;52-0718;17;VALIDE;chap->v.8: maintenant prenez sept taureaux sept beliers allez serviteur;CONCEPT
Joel 2:0;SKN;55-0626E;12;VALIDE;chap->v.11: leternel devant armee grand parole puissant parce leternel;LECTURE
Marc 16:0;SKN;55-0626E;9;VALIDE;chap->v.17: ici accompagneront ceux auront cru nom chasseront demons;CONCEPT
Matthieu 10:0;SKN;55-0626E;8;VALIDE;chap->v.8: guerissez ressuscitez morts lepreux chassez demons avez recu;CONCEPT
Matthieu 12:39;SKN;55-0626E;6;EXACT;lui generation mechante adultere signe sera donne jonas [couverture 5/14];CONCEPT
Joel 2:28;SKN;53-0800;10;VALIDE;cela esprit chair fils filles vieillards songes jeunes;CONCEPT
Josue 1:0;SKN;60-0911M;7;VALIDE;chap->v.5: personne tiendra devant jours vie moise;CONCEPT
Josue 1:0;SKN;60-0911M;15;VALIDE;chap->v.2: moise serviteur mort maintenant leve toi passe jourdain;LECTURE
Marc 16:0;SKN;60-0911M;87;VALIDE;chap->v.16: celui aura cru aura baptise sera sauve celui;CONCEPT
Josue 1:0;VGR;60-0911M;8;VALIDE;chap->v.5: tiendra devant toi jours vie jai moise serai;CONCEPT
Josue 1:0;VGR;60-0911M;14;VALIDE;chap->v.2: moise serviteur mort maintenant leve toi passe jourdain;LECTURE
Marc 16:0;VGR;60-0911M;76;VALIDE;chap->v.17: ici signes accompagneront ceux auront cru nom chasseront;CONCEPT
Josue 3:0;SKN;55-0119;3;VALIDE;chap->v.7: leternel josue aujourdhui commencerai telever yeux israel afin;LECTURE
Luc 7:36;SKN;55-0828A;10;VALIDE;pria manger lui maison pharisien mit table;LECTURE
Luc 7:36;SKN;55-0911;115;EXACT;pria manger lui maison pharisien mit table [couverture 7/9];CONCEPT
Luc 7:36;SKN;62-0127;29;VALIDE;pria manger lui maison pharisien mit table;CONCEPT
Luc 7:36;VGR;55-0911;84;VALIDE;pharisiens pria manger lui maison pharisien mit table;CONCEPT
Luc 7:36-50;VGR;55-0828A;11;VALIDE;pharisiens pria manger lui maison pharisien mit table;LECTURE
Luc 8:50;SKN;61-0427;13;VALIDE;jesus entendu lui crains crois seulement sera sauvee;LECTURE
Luc 16:0;SKN;59-0419A;174;VALIDE;chap->v.10: petit grand petit grand;CONCEPT
Luc 16:0;VGR;59-0419A;30;VALIDE;chap->v.1: avait homme riche avait celui devant lui;CONCEPT
Luc 16:16;SKN;55-0123E;3;VALIDE;loi prophetes ont jusqua jean lors royaume dieu;LECTURE
Luc 24:49;SKN;55-0123E;23;VALIDE;moi promesse pere ville jusqua puissance;CONCEPT
Luc 24:0;SKN;58-0406E;1;VALIDE;chap->v.7: disant faut fils lhomme soit livre mains pecheurs;CONCEPT
Luc 24:0;SKN;58-0406E;6;VALIDE;chap->v.21: quil etait cela cest aujourdhui jour depuis choses;LECTURE
Luc 24:49;VGR;56-0723;96;EXACT;moi ville jusqua soyez revetus puissance den haut [couverture 8/13];CONCEPT
Marc 11:24;VGR;56-0723;96;VALIDE;cest dis sera;CONCEPT
Romains 8:0;VGR;56-0723;21;VALIDE;chap->v.5: ceux selon chair pensees chair ceux selon lesprit;CONCEPT
Marc 5:19;SKN;55-0621;8;PARTIEL;commencé, pas achevé — lui seigneur;CONCEPT
Marc 16:0;SKN;55-0621;7;VALIDE;chap->v.16: celui cru baptise sera sauve celui cru sera;CONCEPT
Matthieu 8:5-10;SKN;55-0621;1;VALIDE;entrait capernaum lui disant seigneur serviteur couche maison;LECTURE
Marc 6:0;SKN;59-1120;14;VALIDE;chap->v.48: ramer vent etait contraire quatrieme veille nuit eux;LECTURE
Marc 8:0;SKN;56-0513;1;VALIDE;chap->v.1: jours avait fort grande foule rien manger jesus;LECTURE
Marc 8:16;SKN;56-0513;1;VALIDE;eux disant parce;LECTURE
Matthieu 16:25;SKN;56-0513;1;EXACT;quiconque voudra sauver vie perdra moi trouvera [couverture 5/11];LECTURE
Marc 8:0;VGR;56-0513;51;VALIDE;chap->v.34: ayant appele foule disciples veut venir apres moi;CONCEPT
Marc 8:16;VGR;56-0513;51;PARTIEL;commencé, pas achevé — cest;CONCEPT
Matthieu 16:25;VGR;56-0513;46;EXACT;voudra sauver vie perdra moi trouvera [couverture 8/11];CONCEPT
Marc 10:0;SKN;57-0407M;5;VALIDE;chap->v.14: jesus cela laissez venir moi petits enfants empechez;CONCEPT
Marc 10:0;VGR;57-0407M;14;VALIDE;chap->v.14: laissez venir moi petits enfants empechez royaume dieu;CONCEPT
Marc 11:21;SKN;61-1210;250;EXACT;pierre setait passe lui figuier maudit sec [couverture 7/10];CONCEPT
Marc 11:22;SKN;61-1210;104;PARTIEL;commencé, pas achevé — jesus;CONCEPT
Marc 11:22;SKN;63-0304;54;VALIDE;jesus ayez foi dieu;CONCEPT
Marc 11:22;VGR;63-0304;125;VALIDE;ayez foi dieu;CONCEPT
Marc 11:24;SKN;50-0810;5;VALIDE;cest pourquoi dis priant croyez recevez sera;LECTURE
Marc 11:24;SKN;52-0725;56;VALIDE;dis demanderez priant croyez sera;CONCEPT
Marc 11:24;SKN;53-0216;7;VALIDE;dis demanderez croyez sera;CONCEPT
Marc 11:24;SKN;59-0813;15;PARTIEL;commencé, pas achevé — dis croyez;CONCEPT
Marc 11:24;VGR;53-0216;12;EXACT;cest demanderez priant croyez sera [couverture 5/8];CONCEPT
Marc 16:0;SKN;53-0608E;37;VALIDE;chap->v.17: ici accompagneront ceux auront cru nom;CONCEPT
Romains 4:0;SKN;53-0608E;17;VALIDE;chap->v.3: abraham dieu cela lui fut;CONCEPT
Marc 16:0;SKN;54-1219M;45;VALIDE;chap->v.14: etaient parce quils;CONCEPT
Marc 16:0;SKN;54-1219M;50;VALIDE;chap->v.6: jesus ressuscite nest;CONCEPT
Marc 16:0;SKN;57-0309E;54;VALIDE;chap->v.16: celui aura cru aura sera celui cru sera;CONCEPT
Marc 16:0;SKN;58-0130;11;VALIDE;chap->v.11: ceux quil etait vivant quil avait;LECTURE
Marc 16:0;SKN;58-0130;12;VALIDE;chap->v.16: aura cru aura baptise sera cru sera;LECTURE
Marc 16:0;SKN;58-0130;15;VALIDE;chap->v.18: auront quelque chose cela imposeront mains ceux;LECTURE
Marc 16:0;SKN;60-0515M;53;VALIDE;chap->v.16: celui cru baptise sera sauve celui cru sera;CONCEPT
Marc 16:0;SKN;61-1001M;173;VALIDE;chap->v.17: accompagneront ceux auront cru nom chasseront demons parleront;CONCEPT
Marc 16:0;SKN;64-0215;74;VALIDE;chap->v.17: ici accompagneront ceux auront cru;CONCEPT
Marc 16:0;VGR;60-0515M;56;VALIDE;chap->v.16: celui cru baptise sera sauve celui cru sera;CONCEPT
Marc 16:0;VGR;64-0215;74;VALIDE;chap->v.17: ici accompagneront ceux auront cru;CONCEPT
Matthieu 2:0;SKN;55-1005;25;VALIDE;chap->v.15: fut mort fut seigneur avait appele fils;CONCEPT
Matthieu 27:0;SKN;55-1005;26;VALIDE;chap->v.11: jesus devant jesus lui dis;CONCEPT
Matthieu 5:0;SKN;57-0419;6;VALIDE;chap->v.47: saluez vos freres seulement faites meme ainsi;LECTURE
Romains 8:1;SKN;57-0419;45;EXACT;maintenant aucune condamnation ceux christ jesus [couverture 6/6];CONCEPT
Matthieu 5:8;SKN;62-0609B;15;PARTIEL;commencé, pas achevé — ceux dieu;LECTURE
Matthieu 10:0;SKN;53-0614A;40;VALIDE;chap->v.37: celui aime pere mere moi nest moi celui;CONCEPT
Matthieu 10:0;SKN;53-0902;61;VALIDE;chap->v.8: morts lepreux demons avez recu gratuitement donnez gratuitement;CONCEPT
Matthieu 10:0;SKN;53-0906E;27;VALIDE;chap->v.8: guerissez ressuscitez morts lepreux chassez demons avez recu;CONCEPT
Matthieu 10:0;SKN;61-0413;39;VALIDE;chap->v.37: celui pere moi nest moi celui fils moi;CONCEPT
Matthieu 10:0;SKN;63-0607;96;VALIDE;chap->v.8: guerissez ressuscitez morts lepreux chassez demons avez recu;CONCEPT
Matthieu 21:0;SKN;59-1122;10;VALIDE;chap->v.27: jesus savons lui moi dis fais choses;LECTURE
Matthieu 24:0;SKN;57-0804A;49;VALIDE;chap->v.21: alors aura grande telle quil depuis monde maintenant;CONCEPT
Psaumes 103:3;SKN;57-0804A;16;VALIDE;cest tes guerit;CONCEPT
Romains 8:1;SKN;57-0804A;5;EXACT;maintenant aucune condamnation ceux christ [couverture 5/6];CONCEPT
Matthieu 24:24;SKN;64-0205;78;VALIDE;signes prodiges possible meme elus;CONCEPT
Matthieu 24:24;SKN;64-0531;36;VALIDE;maniere seduire possible meme elus;CONCEPT
Matthieu 24:24;SKN;64-0614E;65;VALIDE;possible meme elus;CONCEPT
Matthieu 24:24;VGR;64-0614E;65;VALIDE;maniere possible meme elus;CONCEPT
Matthieu 27:0;SKN;55-1118;47;VALIDE;chap->v.43: sest dieu quil maintenant tient lui suis fils;CONCEPT
Matthieu 27:0;SKN;60-0925;17;VALIDE;chap->v.40: disant toi detruis temple trois jours sauve toi;CONCEPT
Matthieu 27:0;VGR;60-0925;32;VALIDE;chap->v.42: sauve autres sauver lui meme sil roi disrael;CONCEPT
Matthieu 28:0;SKN;60-0417S;12;VALIDE;chap->v.11: allaient voici quelques hommes garde allerent ville principaux;LECTURE
Psaumes 2:0;SKN;55-0807A;41;VALIDE;chap->v.12: fils peur tant ceux;CONCEPT
Psaumes 16:0;SKN;62-0621B;47;VALIDE;chap->v.11: feras connaitre chemin vie face joie droite;CONCEPT
Psaumes 22:0;SKN;55-0123A;5;VALIDE;chap->v.1: dieu dieu pourquoi abandonne paroles;LECTURE
Psaumes 65:0;SKN;55-0123A;4;VALIDE;chap->v.4: celui choisi tes parvis maison saint temple;LECTURE
Psaumes 65:0;SKN;55-0123A;6;VALIDE;chap->v.4: celui choisi approcher tes parvis rassasies maison saint;LECTURE
Psaumes 22:0;SKN;59-0329S;7;VALIDE;chap->v.29: terre mangeront prosterneront devant lui ceux descendent poussiere;CONCEPT
Psaumes 22:0;SKN;59-0329S;9;VALIDE;chap->v.29: terre mangeront prosterneront devant lui ceux descendent poussiere;LECTURE
Psaumes 22:0;SKN;60-0723;55;VALIDE;chap->v.1: dieu dieu pourquoi mas abandonne salut paroles;CONCEPT
Psaumes 22:0;VGR;59-0329S;7;VALIDE;chap->v.29: gras terre mangeront prosterneront devant lui courberont ceux;CONCEPT
Psaumes 22:0;VGR;59-0329S;9;VALIDE;chap->v.29: gras terre mangeront prosterneront devant lui courberont ceux;LECTURE
Psaumes 47:0;SKN;55-0118;27;VALIDE;chap->v.9: ceux volonte dieu terre dieu;CONCEPT
Psaumes 63:0;SKN;57-0630;7;VALIDE;chap->v.1: dieu dieu cherche ame soif toi apres toi;LECTURE
Psaumes 100:0;SKN;57-0811A;20;VALIDE;chap->v.3: dieu cest lui sommes;CONCEPT
Psaumes 63:0;SKN;57-0602;16;VALIDE;chap->v.1: dieu dieu cherche jour ame soif toi apres;CONCEPT
Psaumes 63:0;SKN;58-0611;14;VALIDE;chap->v.1: dieu dieu cherche jour ame soif toi apres;LECTURE
Psaumes 63:0;SKN;59-0414;8;VALIDE;chap->v.1: dieu dieu cherche jour ame soif toi apres;LECTURE
Psaumes 63:0;SKN;60-0304;50;VALIDE;chap->v.1: dieu dieu cherche jour ame soif toi chair;CONCEPT
Psaumes 100:0;VGR;62-1104E;100;VALIDE;chap->v.1: joie leternel terre;CONCEPT
Psaumes 103:0;SKN;50-0100;21;VALIDE;chap->v.1: ame benis leternel moi benisse saint nom;CONCEPT
Psaumes 103:0;SKN;61-0125;45;VALIDE;chap->v.3: cest lui tes guerit tes;CONCEPT
Psaumes 103:0;VGR;50-0100;21;VALIDE;chap->v.1: ame benis leternel moi benisse saint nom;CONCEPT
Psaumes 103:3;SKN;58-0328;94;VALIDE;cest lui tes guerit;CONCEPT
Psaumes 105:0;SKN;61-1015E;44;VALIDE;chap->v.15: disant touchez mes oints faites mal mes prophetes;CONCEPT
Psaumes 105:0;VGR;61-1015E;44;VALIDE;chap->v.3: glorifiez saint nom cur ceux cherchent leternel rejouisse;CONCEPT
Psaumes 119:0;SKN;59-0610;18;VALIDE;chap->v.168: tes preceptes tes mes voies toi;CONCEPT
Romains 4:0;SKN;57-0810;25;VALIDE;chap->v.11: foi avait quil soit pere croient etant;CONCEPT
Romains 5:1;SKN;60-0630;79;VALIDE;justifies foi avons paix dieu seigneur jesus christ;CONCEPT
Romains 8:1;SKN;55-0121;27;VALIDE;maintenant aucune condamnation ceux christ jesus;CONCEPT
Romains 8:1;VGR;57-0419;45;EXACT;maintenant aucune condamnation ceux christ jesus [couverture 6/6];CONCEPT
Marc 7:7;SKN;65-0718M;27;LAPSUS;annoncé — dit en réalité Actes 20:24 (4 mots rares: cas rendre service tiens);CONCEPT
Actes 20:24;SKN;65-0718M;27;LAPSUS-LU;lu — annoncé sous Marc 7:7;CONCEPT
Luc 24:29;SKN;60-0911E;118;LAPSUS;annoncé — dit en réalité Actes 2:38 (5 mots rares: baptise don peches recevrez remission);CONCEPT
Actes 2:38;SKN;60-0911E;118;LAPSUS-LU;lu — annoncé sous Luc 24:29;CONCEPT
Jean 14:7;SKN;61-0414;68;LAPSUS;annoncé — dit en réalité 1 Timothee 3:16 (8 mots rares: chair contredit cru eleve manifeste mystere nations piete);CONCEPT
1 Timothee 3:16;SKN;61-0414;68;LAPSUS-LU;lu — annoncé sous Jean 14:7;CONCEPT
Hebreux 13:10;SKN;63-1128E;149;LAPSUS;annoncé — dit en réalité Apocalypse 19:21 (4 mots rares: chair furent fut tue);CONCEPT
Apocalypse 19:21;SKN;63-1128E;149;LAPSUS-LU;lu — annoncé sous Hebreux 13:10;CONCEPT
Jeremie 1:4;SKN;57-0915E;128;LAPSUS;annoncé — dit en réalité Ephesiens 1:5 (5 mots rares: ayant plaisir predestines selon volonte);CONCEPT
Ephesiens 1:5;SKN;57-0915E;128;LAPSUS-LU;lu — annoncé sous Jeremie 1:4;CONCEPT
Esaie 28:8-12;SKN;61-0217;62;LAPSUS;annoncé — dit en réalité Matthieu 24:24 (4 mots rares: grands possible prodiges signes);CONCEPT
Matthieu 24:24;SKN;61-0217;62;LAPSUS-LU;lu — annoncé sous Esaie 28:8-12;CONCEPT
Jean 17:17;SKN;61-0217;63;LAPSUS;annoncé — dit en réalité Daniel 7:9 (5 mots rares: blanc cheveux furent laine lancien);CONCEPT
Daniel 7:9;SKN;61-0217;63;LAPSUS-LU;lu — annoncé sous Jean 17:17;CONCEPT
Apocalypse 3:14;SKN;65-0801M;46;LAPSUS;annoncé — dit en réalité Matthieu 5:28 (4 mots rares: adultere commis convoiter quiconque);CONCEPT
Matthieu 5:28;SKN;65-0801M;46;LAPSUS-LU;lu — annoncé sous Apocalypse 3:14;CONCEPT
Genese 3:8;SKN;59-0628E;174;LAPSUS;annoncé — dit en réalité Genese 4:1 (5 mots rares: cain concut connut enfanta eve);CONCEPT
Genese 4:1;SKN;59-0628E;174;LAPSUS-LU;lu — annoncé sous Genese 3:8;CONCEPT
Jean 17:17;SKN;59-0628E;44;LAPSUS;annoncé — dit en réalité Matthieu 10:1 (4 mots rares: chasser donna esprits guerir);CONCEPT
Matthieu 10:1;SKN;59-0628E;44;LAPSUS-LU;lu — annoncé sous Jean 17:17;CONCEPT
Romains 4:8;SKN;59-0628E;184;LAPSUS;annoncé — dit en réalité Matthieu 19:9 (5 mots rares: adultere commet epouse fornication quiconque);CONCEPT
Matthieu 19:9;SKN;59-0628E;184;LAPSUS-LU;lu — annoncé sous Romains 4:8;CONCEPT
Malachie 4:0;SKN;63-0320;177;LAPSUS;annoncé — dit en réalité Apocalypse 10:7 (5 mots rares: ange mystere septieme termine trompette);CONCEPT
Apocalypse 10:7;SKN;63-0320;177;LAPSUS-LU;lu — annoncé sous Malachie 4:0;CONCEPT
Luc 11:24;SKN;53-1114;70;LAPSUS;annoncé — dit en réalité Genese 1:11 (4 mots rares: espece fruit selon semence);CONCEPT
Genese 1:11;SKN;53-1114;70;LAPSUS-LU;lu — annoncé sous Luc 11:24;CONCEPT
Matthieu 24:24;SKN;64-0816;212;LAPSUS;annoncé — dit en réalité Apocalypse 17:8 (4 mots rares: bete ecrits fondation noms);CONCEPT
Apocalypse 17:8;SKN;64-0816;212;LAPSUS-LU;lu — annoncé sous Matthieu 24:24;CONCEPT
Matthieu 11:6;SKN;62-0712;58;LAPSUS;annoncé — dit en réalité Matthieu 24:24 (5 mots rares: faux maniere prodiges prophetes signes);CONCEPT
Matthieu 24:24;SKN;62-0712;58;LAPSUS-LU;lu — annoncé sous Matthieu 11:6;CONCEPT
Marc 11:22;SKN;63-1128M;64;LAPSUS;annoncé — dit en réalité Genese 22:14 (5 mots rares: jehovah jire leternel montagne pourvu);CONCEPT
Genese 22:14;SKN;63-1128M;64;LAPSUS-LU;lu — annoncé sous Marc 11:22;CONCEPT
Apocalypse 10:1-7;SKN;63-0321;46;LAPSUS;annoncé — dit en réalité Apocalypse 10:7 (4 mots rares: ange mystere septieme voix);CONCEPT
Apocalypse 10:7;SKN;63-0321;46;LAPSUS-LU;lu — annoncé sous Apocalypse 10:1-7;CONCEPT
Apocalypse 10:1;SKN;63-0318;68;LAPSUS;annoncé — dit en réalité Apocalypse 10:7 (5 mots rares: ange mystere septieme termine trompette);CONCEPT
Apocalypse 10:7;SKN;63-0318;68;LAPSUS-LU;lu — annoncé sous Apocalypse 10:1;CONCEPT
Apocalypse 10:1-7;SKN;63-0318;68;LAPSUS;annoncé — dit en réalité Apocalypse 10:7 (5 mots rares: ange mystere septieme termine trompette);CONCEPT
Apocalypse 10:7;SKN;63-0318;68;LAPSUS-LU;lu — annoncé sous Apocalypse 10:1-7;CONCEPT
Matthieu 11:6;SKN;62-0603;30;LAPSUS;annoncé — dit en réalité 1 Timothee 3:16 (8 mots rares: anges chair cru eleve manifeste nations piete preche);CONCEPT
1 Timothee 3:16;SKN;62-0603;30;LAPSUS-LU;lu — annoncé sous Matthieu 11:6;CONCEPT
Actes 2:8;SKN;53-1111;14;LAPSUS;annoncé — dit en réalité Actes 1:8 (6 mots rares: jerusalem judee recevrez samarie serez temoins);LECTURE
Actes 1:8;SKN;53-1111;14;LAPSUS-LU;lu — annoncé sous Actes 2:8;LECTURE
Hebreux 11:1;SKN;57-0925;168;LAPSUS;annoncé — dit en réalité Joel 2:28 (5 mots rares: arrivera chair filles prophetiseront repandrai);CONCEPT
Joel 2:28;SKN;57-0925;168;LAPSUS-LU;lu — annoncé sous Hebreux 11:1;CONCEPT
Genese 1:26;SKN;61-0210;105;LAPSUS;annoncé — dit en réalité Genese 1:11 (4 mots rares: espece portant selon semence);CONCEPT
Genese 1:11;SKN;61-0210;105;LAPSUS-LU;lu — annoncé sous Genese 1:26;CONCEPT
Genese 3:8;VGR;57-0925;217;LAPSUS;annoncé — dit en réalité Genese 3:1 (5 mots rares: animal champs jardin ruse serpent);CONCEPT
Genese 3:1;VGR;57-0925;217;LAPSUS-LU;lu — annoncé sous Genese 3:8;CONCEPT
Hebreux 11:1;VGR;57-0925;168;LAPSUS;annoncé — dit en réalité Joel 2:28 (4 mots rares: chair filles prophetiseront repandrai);CONCEPT
Joel 2:28;VGR;57-0925;168;LAPSUS-LU;lu — annoncé sous Hebreux 11:1;CONCEPT
Hebreux 10:26;VGR;59-1223;173;LAPSUS;annoncé — dit en réalité Ephesiens 4:30 (4 mots rares: lequel nattristez redemption scelles);CONCEPT
Ephesiens 4:30;VGR;59-1223;173;LAPSUS-LU;lu — annoncé sous Hebreux 10:26;CONCEPT
Hebreux 13:8;VGR;63-0123;293;LAPSUS;annoncé — dit en réalité Jean 14:12 (4 mots rares: croit grandes men uvres);CONCEPT
Jean 14:12;VGR;63-0123;293;LAPSUS-LU;lu — annoncé sous Hebreux 13:8;CONCEPT
Actes 2:38;SKN;61-0112;237;LAPSUS;annoncé — dit en réalité Hebreux 6:1 (4 mots rares: fondement mortes posant repentance);CONCEPT
Hebreux 6:1;SKN;61-0112;237;LAPSUS-LU;lu — annoncé sous Actes 2:38;CONCEPT
Actes 2:38;VGR;61-0112;237;LAPSUS;annoncé — dit en réalité Hebreux 6:1 (5 mots rares: fondement mortes posant repentance uvres);CONCEPT
Hebreux 6:1;VGR;61-0112;237;LAPSUS-LU;lu — annoncé sous Actes 2:38;CONCEPT
Luc 17:30;SKN;65-1126;292;LAPSUS;annoncé — dit en réalité Joel 2:28 (5 mots rares: arrivera jeunes songes vieillards visions);CONCEPT
Joel 2:28;SKN;65-1126;292;LAPSUS-LU;lu — annoncé sous Luc 17:30;CONCEPT
Actes 2:30;SKN;52-0810A;30;LAPSUS;annoncé — dit en réalité Actes 2:38 (5 mots rares: baptise don peches recevrez repentez);CONCEPT
Actes 2:38;SKN;52-0810A;30;LAPSUS-LU;lu — annoncé sous Actes 2:30;CONCEPT
Jean 14:7;SKN;60-1204M;149;LAPSUS;annoncé — dit en réalité Matthieu 16:18 (4 mots rares: batirai portes prevaudront roc);CONCEPT
Matthieu 16:18;SKN;60-1204M;149;LAPSUS-LU;lu — annoncé sous Jean 14:7;CONCEPT
Jean 14:7;VGR;60-1204M;146;LAPSUS;annoncé — dit en réalité Jean 14:12 (4 mots rares: celles croit grandes uvres);CONCEPT
Jean 14:12;VGR;60-1204M;146;LAPSUS-LU;lu — annoncé sous Jean 14:7;CONCEPT
Esther 14:0;SKN;62-0318E;1;LAPSUS;annoncé — dit en réalité Ezechiel 28:12 (9 mots rares: accomplie dhomme etais forme leternel perfection plein roi);LECTURE
Ezechiel 28:12;SKN;62-0318E;1;LAPSUS-LU;lu — annoncé sous Esther 14:0;LECTURE
Esther 16:0;SKN;62-0318E;1;LAPSUS;annoncé — dit en réalité Ezechiel 28:12 (9 mots rares: accomplie dhomme etais forme leternel perfection plein roi);LECTURE
Ezechiel 28:12;SKN;62-0318E;1;LAPSUS-LU;lu — annoncé sous Esther 16:0;LECTURE
Jude 8:0;SKN;62-0318E;1;LAPSUS;annoncé — dit en réalité Ezechiel 28:12 (9 mots rares: accomplie dhomme etais forme leternel perfection plein roi);LECTURE
Ezechiel 28:12;SKN;62-0318E;1;LAPSUS-LU;lu — annoncé sous Jude 8:0;LECTURE
Job 136:0;SKN;63-0421;116;LAPSUS;annoncé — dit en réalité Apocalypse 19:11 (7 mots rares: appele cheval combat fidele juge veritable vis);CONCEPT
Apocalypse 19:11;SKN;63-0421;116;LAPSUS-LU;lu — annoncé sous Job 136:0;CONCEPT
Jean 12:14;SKN;63-1127;202;LAPSUS;annoncé — dit en réalité Ephesiens 4:30 (4 mots rares: lequel nattristez redemption scelles);CONCEPT
Ephesiens 4:30;SKN;63-1127;202;LAPSUS-LU;lu — annoncé sous Jean 12:14;CONCEPT
Apocalypse 2:5;VGR;61-0108;195;LAPSUS;annoncé — dit en réalité Apocalypse 20:4 (4 mots rares: bete image navaient vis);CONCEPT
Apocalypse 20:4;VGR;61-0108;195;LAPSUS-LU;lu — annoncé sous Apocalypse 2:5;CONCEPT
Luc 10:1;VGR;61-0108;361;LAPSUS;annoncé — dit en réalité Marc 11:23 (4 mots rares: jette mer montagne ote);CONCEPT
Marc 11:23;VGR;61-0108;361;LAPSUS-LU;lu — annoncé sous Luc 10:1;CONCEPT
Jude 8:0;VGR;62-0318M;403;LAPSUS;annoncé — dit en réalité Ezechiel 28:12 (10 mots rares: accomplie dhomme eleve etais forme leternel perfection plein);CONCEPT
Ezechiel 28:12;VGR;62-0318M;403;LAPSUS-LU;lu — annoncé sous Jude 8:0;CONCEPT
Apocalypse 10:1;VGR;63-0318;68;LAPSUS;annoncé — dit en réalité Apocalypse 10:7 (5 mots rares: ange mystere septieme termine trompette);CONCEPT
Apocalypse 10:7;VGR;63-0318;68;LAPSUS-LU;lu — annoncé sous Apocalypse 10:1;CONCEPT
Apocalypse 10:1-7;VGR;63-0321;46;LAPSUS;annoncé — dit en réalité Apocalypse 10:7 (4 mots rares: ange mystere septieme voix);CONCEPT
Apocalypse 10:7;VGR;63-0321;46;LAPSUS-LU;lu — annoncé sous Apocalypse 10:1-7;CONCEPT
Jean 14:7;SKN;61-0409;26;LAPSUS;annoncé — dit en réalité Hebreux 4:12 (4 mots rares: discerne epee penetrante tranchants);CONCEPT
Hebreux 4:12;SKN;61-0409;26;LAPSUS-LU;lu — annoncé sous Jean 14:7;CONCEPT
Esaie 6:9;SKN;61-0205M;48;LAPSUS;annoncé — dit en réalité Malachie 3:1 (4 mots rares: chemin lange temple viendra);CONCEPT
Malachie 3:1;SKN;61-0205M;48;LAPSUS-LU;lu — annoncé sous Esaie 6:9;CONCEPT
Esaie 9:6;VGR;62-0601;223;LAPSUS;annoncé — dit en réalité Matthieu 1:18 (5 mots rares: enceinte joseph marie naissance soient);CONCEPT
Matthieu 1:18;VGR;62-0601;223;LAPSUS-LU;lu — annoncé sous Esaie 9:6;CONCEPT
Apocalypse 3:7;SKN;60-1210;17;LAPSUS;annoncé — dit en réalité Apocalypse 1:1 (4 mots rares: ange donnee montrer revelation);CONCEPT
Apocalypse 1:1;SKN;60-1210;17;LAPSUS-LU;lu — annoncé sous Apocalypse 3:7;CONCEPT
Ephesiens 3:15;SKN;60-1210;139;LAPSUS;annoncé — dit en réalité Matthieu 1:18 (10 mots rares: arriva enceinte ensemble etant fiancee joseph marie naissance);CONCEPT
Matthieu 1:18;SKN;60-1210;139;LAPSUS-LU;lu — annoncé sous Ephesiens 3:15;CONCEPT
Esther 10:0;SKN;62-0724;92;LAPSUS;annoncé — dit en réalité Matthieu 11:10 (4 mots rares: chemin ecrit lequel messager);CONCEPT
Matthieu 11:10;SKN;62-0724;92;LAPSUS-LU;lu — annoncé sous Esther 10:0;CONCEPT
Jean 12:20;SKN;62-0724;48;LAPSUS;annoncé — dit en réalité Jean 5:39 (4 mots rares: eternelle rendent sondez temoignage);CONCEPT
Jean 5:39;SKN;62-0724;48;LAPSUS-LU;lu — annoncé sous Jean 12:20;CONCEPT
Hebreux 10:5;SKN;62-1111M;36;LAPSUS;annoncé — dit en réalité Joel 2:28 (10 mots rares: arrivera chair filles jeunes prophetiseront repandrai songes verront);CONCEPT
Joel 2:28;SKN;62-1111M;36;LAPSUS-LU;lu — annoncé sous Hebreux 10:5;CONCEPT
Marc 16:1;VGR;65-0418M;19;LAPSUS;annoncé — dit en réalité Romains 8:11 (5 mots rares: dentre habite mortels ressuscite vivifiera);CONCEPT
Romains 8:11;VGR;65-0418M;19;LAPSUS-LU;lu — annoncé sous Marc 16:1;CONCEPT
Apocalypse 3:14;VGR;65-0801M;46;LAPSUS;annoncé — dit en réalité Matthieu 5:28 (4 mots rares: adultere commis convoiter quiconque);CONCEPT
Matthieu 5:28;VGR;65-0801M;46;LAPSUS-LU;lu — annoncé sous Apocalypse 3:14;CONCEPT
Malachie 4:0;VGR;65-0801M;36;LAPSUS;annoncé — dit en réalité Matthieu 24:24 (8 mots rares: faux maniere possible prodiges prophetes seduire selevera signes);CONCEPT
Matthieu 24:24;VGR;65-0801M;36;LAPSUS-LU;lu — annoncé sous Malachie 4:0;CONCEPT
Daniel 105:0;VGR;61-0806;109;LAPSUS;annoncé — dit en réalité Ezechiel 28:12 (4 mots rares: dhomme forme plein roi);CONCEPT
Ezechiel 28:12;VGR;61-0806;109;LAPSUS-LU;lu — annoncé sous Daniel 105:0;CONCEPT
Daniel 111:0;VGR;61-0806;136;LAPSUS;annoncé — dit en réalité Apocalypse 10:7 (4 mots rares: annonce nouvelle quaux termine);CONCEPT
Apocalypse 10:7;VGR;61-0806;136;LAPSUS-LU;lu — annoncé sous Daniel 111:0;CONCEPT
Daniel 129:0;VGR;61-0806;214;LAPSUS;annoncé — dit en réalité Apocalypse 17:3 (4 mots rares: assise bete sept tetes);CONCEPT
Apocalypse 17:3;VGR;61-0806;214;LAPSUS-LU;lu — annoncé sous Daniel 129:0;CONCEPT
Daniel 131:0;VGR;61-0806;221;LAPSUS;annoncé — dit en réalité Matthieu 24:24 (5 mots rares: faux grands prodiges prophetes signes);CONCEPT
Matthieu 24:24;VGR;61-0806;221;LAPSUS-LU;lu — annoncé sous Daniel 131:0;CONCEPT
Hebreux 8:13;SKN;51-0727;23;LAPSUS;annoncé — dit en réalité Jean 14:12 (4 mots rares: celles grandes men uvres);CONCEPT
Jean 14:12;SKN;51-0727;23;LAPSUS-LU;lu — annoncé sous Hebreux 8:13;CONCEPT
Hebreux 11:2;SKN;53-0604;10;LAPSUS;annoncé — dit en réalité Exode 13:21 (4 mots rares: allait chemin colonne nuit);CONCEPT
Exode 13:21;SKN;53-0604;10;LAPSUS-LU;lu — annoncé sous Hebreux 11:2;CONCEPT
Genese 1:26;SKN;53-0729;9;LAPSUS;annoncé — dit en réalité Genese 2:7 (4 mots rares: forma narines poussiere souffla);CONCEPT
Genese 2:7;SKN;53-0729;9;LAPSUS-LU;lu — annoncé sous Genese 1:26;CONCEPT
Hebreux 13:1;SKN;54-1207;47;LAPSUS;annoncé — dit en réalité Hebreux 4:14 (4 mots rares: confession sacrificateur souverain traverse);CONCEPT
Hebreux 4:14;SKN;54-1207;47;LAPSUS-LU;lu — annoncé sous Hebreux 13:1;CONCEPT
Luc 24:49;SKN;63-0803B;186;LAPSUS;annoncé — dit en réalité Joel 2:28 (8 mots rares: chair filles jeunes prophetiseront repandrai songes vieillards visions);CONCEPT
Joel 2:28;SKN;63-0803B;186;LAPSUS-LU;lu — annoncé sous Luc 24:49;CONCEPT
Esaie 18:1;SKN;64-0719M;207;LAPSUS;annoncé — dit en réalité Apocalypse 10:7 (5 mots rares: ange nouvelle prophetes septieme trompette);CONCEPT
Apocalypse 10:7;SKN;64-0719M;207;LAPSUS-LU;lu — annoncé sous Esaie 18:1;CONCEPT
Esaie 27:12;SKN;64-0719M;208;LAPSUS;annoncé — dit en réalité Apocalypse 10:7 (5 mots rares: ange nouvelle prophetes septieme trompette);CONCEPT
Apocalypse 10:7;SKN;64-0719M;208;LAPSUS-LU;lu — annoncé sous Esaie 27:12;CONCEPT
Hebreux 13:8;SKN;64-0719M;62;LAPSUS;annoncé — dit en réalité Hebreux 1:1 (5 mots rares: manieres peres plusieurs prophetes reprises);CONCEPT
Hebreux 1:1;SKN;64-0719M;62;LAPSUS-LU;lu — annoncé sous Hebreux 13:8;CONCEPT
Apocalypse 10:1;SKN;65-0725M;260;LAPSUS;annoncé — dit en réalité Apocalypse 10:7 (4 mots rares: ange prophetes septieme voix);CONCEPT
Apocalypse 10:7;SKN;65-0725M;260;LAPSUS-LU;lu — annoncé sous Apocalypse 10:1;CONCEPT
Ephesiens 5:1;SKN;65-0725M;166;LAPSUS;annoncé — dit en réalité Matthieu 24:24 (6 mots rares: christs faux possible prodiges prophetes seduire);CONCEPT
Matthieu 24:24;SKN;65-0725M;166;LAPSUS-LU;lu — annoncé sous Ephesiens 5:1;CONCEPT
Matthieu 5:24;SKN;65-0725M;32;LAPSUS;annoncé — dit en réalité Hebreux 6:4 (6 mots rares: celeste don eclaires goute impossible participants);CONCEPT
Hebreux 6:4;SKN;65-0725M;32;LAPSUS-LU;lu — annoncé sous Matthieu 5:24;CONCEPT
Matthieu 24:24;SKN;65-0725M;49;LAPSUS;annoncé — dit en réalité Jean 5:39 (4 mots rares: eternelle rendent sondez temoignage);CONCEPT
Jean 5:39;SKN;65-0725M;49;LAPSUS-LU;lu — annoncé sous Matthieu 24:24;CONCEPT
Matthieu 24:24;SKN;65-0725M;262;LAPSUS;annoncé — dit en réalité Apocalypse 10:7 (4 mots rares: ange prophetes septieme voix);CONCEPT
Apocalypse 10:7;SKN;65-0725M;262;LAPSUS-LU;lu — annoncé sous Matthieu 24:24;CONCEPT
Luc 24:49;VGR;63-0803B;186;LAPSUS;annoncé — dit en réalité Joel 2:28 (8 mots rares: chair filles jeunes prophetiseront repandrai songes vieillards visions);CONCEPT
Joel 2:28;VGR;63-0803B;186;LAPSUS-LU;lu — annoncé sous Luc 24:49;CONCEPT
Esaie 18:1;VGR;64-0719M;283;LAPSUS;annoncé — dit en réalité Apocalypse 10:7 (5 mots rares: ange nouvelle prophetes septieme trompette);CONCEPT
Apocalypse 10:7;VGR;64-0719M;283;LAPSUS-LU;lu — annoncé sous Esaie 18:1;CONCEPT
Esaie 27:12;VGR;64-0719M;283;LAPSUS;annoncé — dit en réalité Apocalypse 10:7 (5 mots rares: ange nouvelle prophetes septieme trompette);CONCEPT
Apocalypse 10:7;VGR;64-0719M;283;LAPSUS-LU;lu — annoncé sous Esaie 27:12;CONCEPT
Matthieu 28:19;SKN;58-0928M;128;LAPSUS;annoncé — dit en réalité Actes 2:38 (5 mots rares: baptise don peches recevrez repentez);CONCEPT
Actes 2:38;SKN;58-0928M;128;LAPSUS-LU;lu — annoncé sous Matthieu 28:19;CONCEPT
Jean 14:7;SKN;61-0415E;75;LAPSUS;annoncé — dit en réalité Actes 2:38 (5 mots rares: baptise don peches recevrez repentez);CONCEPT
Actes 2:38;SKN;61-0415E;75;LAPSUS-LU;lu — annoncé sous Jean 14:7;CONCEPT
Actes 19:19;SKN;61-0426;63;LAPSUS;annoncé — dit en réalité 1 Timothee 3:16 (4 mots rares: chair cru manifeste preche);CONCEPT
1 Timothee 3:16;SKN;61-0426;63;LAPSUS-LU;lu — annoncé sous Actes 19:19;CONCEPT
Apocalypse 10:1-7;VGR;63-0319;76;LAPSUS;annoncé — dit en réalité Apocalypse 10:7 (5 mots rares: ange mystere prophetes septieme trompette);CONCEPT
Apocalypse 10:7;VGR;63-0319;76;LAPSUS-LU;lu — annoncé sous Apocalypse 10:1-7;CONCEPT
Jean 5:7;SKN;65-1204;166;LAPSUS;annoncé — dit en réalité Matthieu 27:51 (6 mots rares: dechira fendirent rochers temple trembla voile);CONCEPT
Matthieu 27:51;SKN;65-1204;166;LAPSUS-LU;lu — annoncé sous Jean 5:7;CONCEPT
Luc 17:30;VGR;65-1127E;175;LAPSUS;annoncé — dit en réalité Esaie 53:5 (5 mots rares: blesse gueris iniquites meurtrissures transgressions);CONCEPT
Esaie 53:5;VGR;65-1127E;175;LAPSUS-LU;lu — annoncé sous Luc 17:30;CONCEPT
Jean 5:7;VGR;65-1204;166;LAPSUS;annoncé — dit en réalité Matthieu 27:51 (7 mots rares: dechira fendirent jusquen rochers temple trembla voile);CONCEPT
Matthieu 27:51;VGR;65-1204;166;LAPSUS-LU;lu — annoncé sous Jean 5:7;CONCEPT
Matthieu 24:22;VGR;65-1204;114;LAPSUS;annoncé — dit en réalité Jean 12:24 (4 mots rares: ble grain meure meurt);CONCEPT
Jean 12:24;VGR;65-1204;114;LAPSUS-LU;lu — annoncé sous Matthieu 24:22;CONCEPT
Hebreux 13:8;SKN;63-1110M;309;LAPSUS;annoncé — dit en réalité Genese 15:16 (4 mots rares: amoreens comble generation quatrieme);CONCEPT
Genese 15:16;SKN;63-1110M;309;LAPSUS-LU;lu — annoncé sous Hebreux 13:8;CONCEPT
Apocalypse 10:1;SKN;65-0725E;148;LAPSUS;annoncé — dit en réalité Matthieu 24:24 (8 mots rares: christs faux grands possible prodiges prophetes seduire signes);CONCEPT
Matthieu 24:24;SKN;65-0725E;148;LAPSUS-LU;lu — annoncé sous Apocalypse 10:1;CONCEPT
Hebreux 13:8;VGR;63-1110M;309;LAPSUS;annoncé — dit en réalité Genese 15:16 (5 mots rares: amoreens comble generation liniquite quatrieme);CONCEPT
Genese 15:16;VGR;63-1110M;309;LAPSUS-LU;lu — annoncé sous Hebreux 13:8;CONCEPT
Esaie 53:1;SKN;65-0822M;124;LAPSUS;annoncé — dit en réalité Esaie 53:5 (6 mots rares: blesse chatiment gueris meurtrissures paix transgressions);CONCEPT
Esaie 53:5;SKN;65-0822M;124;LAPSUS-LU;lu — annoncé sous Esaie 53:1;CONCEPT
Hebreux 4:12;SKN;65-0822M;110;LAPSUS;annoncé — dit en réalité Hebreux 1:1 (4 mots rares: manieres plusieurs prophetes reprises);CONCEPT
Hebreux 1:1;SKN;65-0822M;110;LAPSUS-LU;lu — annoncé sous Hebreux 4:12;CONCEPT
Esaie 53:1;VGR;65-0822M;124;LAPSUS;annoncé — dit en réalité Esaie 53:5 (6 mots rares: blesse chatiment gueris meurtrissures paix transgressions);CONCEPT
Esaie 53:5;VGR;65-0822M;124;LAPSUS-LU;lu — annoncé sous Esaie 53:1;CONCEPT
Hebreux 4:12;VGR;65-0822M;110;LAPSUS;annoncé — dit en réalité Hebreux 1:1 (4 mots rares: manieres plusieurs prophetes reprises);CONCEPT
Hebreux 1:1;VGR;65-0822M;110;LAPSUS-LU;lu — annoncé sous Hebreux 4:12;CONCEPT
Apocalypse 11:10;VGR;60-1231;98;LAPSUS;annoncé — dit en réalité Apocalypse 1:20 (4 mots rares: dor etoiles mystere sept);CONCEPT
Apocalypse 1:20;VGR;60-1231;98;LAPSUS-LU;lu — annoncé sous Apocalypse 11:10;CONCEPT
Matthieu 27:51;VGR;65-0410;208;LAPSUS;annoncé — dit en réalité Romains 8:11 (4 mots rares: dentre habite mortels ressuscite);CONCEPT
Romains 8:11;VGR;65-0410;208;LAPSUS-LU;lu — annoncé sous Matthieu 27:51;CONCEPT
Apocalypse 2:10;SKN;61-0101;288;LAPSUS;annoncé — dit en réalité Daniel 7:9 (9 mots rares: blanc cheveux furent laine neige places pure trones);CONCEPT
Daniel 7:9;SKN;61-0101;288;LAPSUS-LU;lu — annoncé sous Apocalypse 2:10;CONCEPT
Apocalypse 2:10;VGR;61-0101;282;LAPSUS;annoncé — dit en réalité Daniel 7:9 (8 mots rares: cheveux laine lancien neige places pure sassit trones);CONCEPT
Daniel 7:9;VGR;61-0101;282;LAPSUS-LU;lu — annoncé sous Apocalypse 2:10;CONCEPT
Daniel 15:0;VGR;61-0730M;67;LAPSUS;annoncé — dit en réalité Esaie 27:12 (4 mots rares: arrivera disrael jusquau leternel);CONCEPT
Esaie 27:12;VGR;61-0730M;67;LAPSUS-LU;lu — annoncé sous Daniel 15:0;CONCEPT
Daniel 19:0;VGR;61-0730M;83;LAPSUS;annoncé — dit en réalité Matthieu 24:24 (4 mots rares: faux grands prodiges signes);CONCEPT
Matthieu 24:24;VGR;61-0730M;83;LAPSUS-LU;lu — annoncé sous Daniel 19:0;CONCEPT
Daniel 21:0;VGR;61-0730M;88;LAPSUS;annoncé — dit en réalité Matthieu 24:24 (4 mots rares: faux prodiges selevera signes);CONCEPT
Matthieu 24:24;VGR;61-0730M;88;LAPSUS-LU;lu — annoncé sous Daniel 21:0;CONCEPT
Daniel 37:0;VGR;61-0730M;162;LAPSUS;annoncé — dit en réalité Esaie 9:6 (4 mots rares: conseiller merveilleux paix prince);CONCEPT
Esaie 9:6;VGR;61-0730M;162;LAPSUS-LU;lu — annoncé sous Daniel 37:0;CONCEPT
Daniel 39:0;VGR;61-0730M;164;LAPSUS;annoncé — dit en réalité Esaie 9:6 (4 mots rares: conseiller merveilleux paix prince);CONCEPT
Esaie 9:6;VGR;61-0730M;164;LAPSUS-LU;lu — annoncé sous Daniel 39:0;CONCEPT
Nombres 12:6;VGR;64-0313;77;LAPSUS;annoncé — dit en réalité Hebreux 1:1 (5 mots rares: manieres peres plusieurs prophetes reprises);CONCEPT
Hebreux 1:1;VGR;64-0313;77;LAPSUS-LU;lu — annoncé sous Nombres 12:6;CONCEPT
Matthieu 24:24;VGR;65-0911;103;LAPSUS;annoncé — dit en réalité Esaie 14:12 (5 mots rares: astre brillant laurore nations tombe);CONCEPT
Esaie 14:12;VGR;65-0911;103;LAPSUS-LU;lu — annoncé sous Matthieu 24:24;CONCEPT
Apocalypse 9:1-4;SKN;60-1211M;282;LAPSUS;annoncé — dit en réalité Apocalypse 19:11 (4 mots rares: combat juge justice veritable);CONCEPT
Apocalypse 19:11;SKN;60-1211M;282;LAPSUS-LU;lu — annoncé sous Apocalypse 9:1-4;CONCEPT
Hebreux 4:2;VGR;60-1204E;214;LAPSUS;annoncé — dit en réalité Apocalypse 19:11 (8 mots rares: blanc cheval combat fidele juge justice veritable vis);CONCEPT
Apocalypse 19:11;VGR;60-1204E;214;LAPSUS-LU;lu — annoncé sous Hebreux 4:2;CONCEPT
Matthieu 25:33;VGR;60-1204E;3;LAPSUS;annoncé — dit en réalité Apocalypse 13:8 (4 mots rares: ecrit fondation immole lagneau);CONCEPT
Apocalypse 13:8;VGR;60-1204E;3;LAPSUS-LU;lu — annoncé sous Matthieu 25:33;CONCEPT
Apocalypse 10:1;VGR;63-0324E;386;LAPSUS;annoncé — dit en réalité Apocalypse 10:7 (4 mots rares: ange prophetes quaux septieme);CONCEPT
Apocalypse 10:7;VGR;63-0324E;386;LAPSUS-LU;lu — annoncé sous Apocalypse 10:1;CONCEPT
Hebreux 13:8;VGR;64-0419;29;LAPSUS;annoncé — dit en réalité Apocalypse 10:7 (4 mots rares: ange prophetes septieme trompette);CONCEPT
Apocalypse 10:7;VGR;64-0419;29;LAPSUS-LU;lu — annoncé sous Hebreux 13:8;CONCEPT
Apocalypse 10:1;VGR;65-0725M;260;LAPSUS;annoncé — dit en réalité Apocalypse 10:7 (4 mots rares: ange prophetes septieme voix);CONCEPT
Apocalypse 10:7;VGR;65-0725M;260;LAPSUS-LU;lu — annoncé sous Apocalypse 10:1;CONCEPT
Ephesiens 5:1;VGR;65-0725M;166;LAPSUS;annoncé — dit en réalité Matthieu 24:24 (7 mots rares: christs faux possible prodiges prophetes seduire selevera);CONCEPT
Matthieu 24:24;VGR;65-0725M;166;LAPSUS-LU;lu — annoncé sous Ephesiens 5:1;CONCEPT
Matthieu 24:24;VGR;65-0725M;262;LAPSUS;annoncé — dit en réalité Apocalypse 10:7 (4 mots rares: ange prophetes septieme voix);CONCEPT
Apocalypse 10:7;VGR;65-0725M;262;LAPSUS-LU;lu — annoncé sous Matthieu 24:24;CONCEPT
Apocalypse 10:1-7;SKN;65-0221E;30;LAPSUS;annoncé — dit en réalité Genese 14:18 (4 mots rares: fit roi sacrificateur salem);CONCEPT
Genese 14:18;SKN;65-0221E;30;LAPSUS-LU;lu — annoncé sous Apocalypse 10:1-7;CONCEPT
Apocalypse 10:1-7;VGR;65-0221E;30;LAPSUS;annoncé — dit en réalité Malachie 3:1 (4 mots rares: chemin lange messager prenez);CONCEPT
Malachie 3:1;VGR;65-0221E;30;LAPSUS-LU;lu — annoncé sous Apocalypse 10:1-7;CONCEPT
Apocalypse 13:17;SKN;58-0928E;72;LAPSUS;annoncé — dit en réalité Apocalypse 13:8 (4 mots rares: ecrit fondation immole lagneau);CONCEPT
Apocalypse 13:8;SKN;58-0928E;72;LAPSUS-LU;lu — annoncé sous Apocalypse 13:17;CONCEPT
Apocalypse 13:17;VGR;58-0928E;72;LAPSUS;annoncé — dit en réalité Apocalypse 13:8 (4 mots rares: ecrit fondation immole lagneau);CONCEPT
Apocalypse 13:8;VGR;58-0928E;72;LAPSUS-LU;lu — annoncé sous Apocalypse 13:17;CONCEPT
Jean 1:17;SKN;60-0518;114;LAPSUS;annoncé — dit en réalité Ephesiens 1:5 (5 mots rares: ayant plaisir predestines selon volonte);CONCEPT
Ephesiens 1:5;SKN;60-0518;114;LAPSUS-LU;lu — annoncé sous Jean 1:17;CONCEPT
Jean 1:17;VGR;60-0518;114;LAPSUS;annoncé — dit en réalité Ephesiens 1:5 (4 mots rares: plaisir predestines selon volonte);CONCEPT
Ephesiens 1:5;VGR;60-0518;114;LAPSUS-LU;lu — annoncé sous Jean 1:17;CONCEPT
Daniel 63:0;VGR;61-0730E;108;LAPSUS;annoncé — dit en réalité Daniel 12:3 (8 mots rares: brilleront enseigne etoiles justice letendue multitude sages splendeur);CONCEPT
Daniel 12:3;VGR;61-0730E;108;LAPSUS-LU;lu — annoncé sous Daniel 63:0;CONCEPT
Daniel 67:0;VGR;61-0730E;119;LAPSUS;annoncé — dit en réalité Esaie 27:12 (6 mots rares: courant disrael fleuve jusquau leternel serez);CONCEPT
Esaie 27:12;VGR;61-0730E;119;LAPSUS-LU;lu — annoncé sous Daniel 67:0;CONCEPT
Daniel 69:0;VGR;61-0730E;128;LAPSUS;annoncé — dit en réalité Genese 3:8 (4 mots rares: arbres leternel milieu voix);CONCEPT
Genese 3:8;VGR;61-0730E;128;LAPSUS-LU;lu — annoncé sous Daniel 69:0;CONCEPT
Daniel 71:0;VGR;61-0730E;131;LAPSUS;annoncé — dit en réalité Apocalypse 19:11 (9 mots rares: blanc cheval combat fidele juge justice ouvert veritable);CONCEPT
Apocalypse 19:11;VGR;61-0730E;131;LAPSUS-LU;lu — annoncé sous Daniel 71:0;CONCEPT
Daniel 73:0;VGR;61-0730E;133;LAPSUS;annoncé — dit en réalité Apocalypse 19:11 (9 mots rares: blanc cheval combat fidele juge justice ouvert veritable);CONCEPT
Apocalypse 19:11;VGR;61-0730E;133;LAPSUS-LU;lu — annoncé sous Daniel 73:0;CONCEPT
Deuteronome 22:18;SKN;62-0408;63;LAPSUS;annoncé — dit en réalité Matthieu 12:42 (4 mots rares: entendre jugement reine salomon);CONCEPT
Matthieu 12:42;SKN;62-0408;63;LAPSUS-LU;lu — annoncé sous Deuteronome 22:18;CONCEPT
Jude 4:0;SKN;53-0325;31;LAPSUS;annoncé — dit en réalité Matthieu 1:18 (8 mots rares: arriva ensemble etant joseph marie naissance soient trouva);CONCEPT
Matthieu 1:18;SKN;53-0325;31;LAPSUS-LU;lu — annoncé sous Jude 4:0;CONCEPT
Matthieu 5:28;VGR;57-0908E;247;LAPSUS;annoncé — dit en réalité Galates 4:27 (4 mots rares: cris joie nes pousse);CONCEPT
Galates 4:27;VGR;57-0908E;247;LAPSUS-LU;lu — annoncé sous Matthieu 5:28;CONCEPT
Luc 24:49;SKN;58-1221E;91;LAPSUS;annoncé — dit en réalité Actes 1:8 (6 mots rares: jerusalem judee recevrez samarie serez temoins);CONCEPT
Actes 1:8;SKN;58-1221E;91;LAPSUS-LU;lu — annoncé sous Luc 24:49;CONCEPT
Hebreux 9:11;SKN;63-1028;68;LAPSUS;annoncé — dit en réalité Esaie 53:5 (4 mots rares: blesse chatiment meurtrissures paix);CONCEPT
Esaie 53:5;SKN;63-1028;68;LAPSUS-LU;lu — annoncé sous Hebreux 9:11;CONCEPT
Hebreux 9:11;VGR;63-1028;171;LAPSUS;annoncé — dit en réalité Esaie 53:5 (4 mots rares: blesse chatiment meurtrissures paix);CONCEPT
Esaie 53:5;VGR;63-1028;171;LAPSUS-LU;lu — annoncé sous Hebreux 9:11;CONCEPT
Jean 12:14;VGR;63-1028;149;LAPSUS;annoncé — dit en réalité Matthieu 24:24 (4 mots rares: maniere possible prodiges signes);CONCEPT
Matthieu 24:24;VGR;63-1028;149;LAPSUS-LU;lu — annoncé sous Jean 12:14;CONCEPT
Esaie 1:8;SKN;60-0806;38;LAPSUS;annoncé — dit en réalité Actes 2:38 (6 mots rares: baptise don peches recevrez remission repentez);CONCEPT
Actes 2:38;SKN;60-0806;38;LAPSUS-LU;lu — annoncé sous Esaie 1:8;CONCEPT
Esaie 9:5;SKN;59-1126;20;LAPSUS;annoncé — dit en réalité Esaie 9:6 (4 mots rares: appellera conseiller paix prince);CONCEPT
Esaie 9:6;SKN;59-1126;20;LAPSUS-LU;lu — annoncé sous Esaie 9:5;CONCEPT
Esaie 9:5;SKN;61-0121;14;LAPSUS;annoncé — dit en réalité Esaie 9:6 (4 mots rares: appellera conseiller paix prince);CONCEPT
Esaie 9:6;SKN;61-0121;14;LAPSUS-LU;lu — annoncé sous Esaie 9:5;CONCEPT
Esaie 28:18;SKN;62-0128M;36;LAPSUS;annoncé — dit en réalité Hebreux 4:12 (4 mots rares: discerne epee penetrante tranchants);CONCEPT
Hebreux 4:12;SKN;62-0128M;36;LAPSUS-LU;lu — annoncé sous Esaie 28:18;CONCEPT
Marc 11:22;SKN;63-0606;51;LAPSUS;annoncé — dit en réalité Genese 1:11 (5 mots rares: ayant espece larbre selon semence);CONCEPT
Genese 1:11;SKN;63-0606;51;LAPSUS-LU;lu — annoncé sous Marc 11:22;CONCEPT
Esther 10:0;SKN;63-0801;179;LAPSUS;annoncé — dit en réalité Hebreux 4:15 (4 mots rares: infirmites navons sacrificateur souverain);CONCEPT
Hebreux 4:15;SKN;63-0801;179;LAPSUS-LU;lu — annoncé sous Esther 10:0;CONCEPT
Esther 14:0;SKN;47-1123;5;LAPSUS;annoncé — dit en réalité Matthieu 24:24 (7 mots rares: faux grands maniere possible prodiges prophetes signes);LECTURE
Matthieu 24:24;SKN;47-1123;5;LAPSUS-LU;lu — annoncé sous Esther 14:0;LECTURE
Esther 22:0;SKN;62-0118;174;LAPSUS;annoncé — dit en réalité Actes 20:24 (4 mots rares: precieuse rendre service temoignage);CONCEPT
Actes 20:24;SKN;62-0118;174;LAPSUS-LU;lu — annoncé sous Esther 22:0;CONCEPT
Genese 12:15;SKN;61-0226;21;LAPSUS;annoncé — dit en réalité Genese 22:14 (5 mots rares: jehovah jire leternel montagne pourvu);CONCEPT
Genese 22:14;SKN;61-0226;21;LAPSUS-LU;lu — annoncé sous Genese 12:15;CONCEPT
Genese 22:14;SKN;61-0226;25;LAPSUS;annoncé — dit en réalité Genese 1:26 (4 mots rares: betail image ressemblance selon);CONCEPT
Genese 1:26;SKN;61-0226;25;LAPSUS-LU;lu — annoncé sous Genese 22:14;CONCEPT
Psaumes 64:0;SKN;55-0120;18;LAPSUS;annoncé — dit en réalité Genese 22:14 (4 mots rares: jehovah jire montagne pourvu);CONCEPT
Genese 22:14;SKN;55-0120;18;LAPSUS-LU;lu — annoncé sous Psaumes 64:0;CONCEPT
Hebreux 4:4;SKN;62-0218;162;LAPSUS;annoncé — dit en réalité Hebreux 4:12 (4 mots rares: discerne epee penetrante tranchants);CONCEPT
Hebreux 4:12;SKN;62-0218;162;LAPSUS-LU;lu — annoncé sous Hebreux 4:4;CONCEPT
Marc 11:11;SKN;62-0128A;31;LAPSUS;annoncé — dit en réalité Josue 10:12 (5 mots rares: arrete disrael gabaon josue soleil);CONCEPT
Josue 10:12;SKN;62-0128A;31;LAPSUS-LU;lu — annoncé sous Marc 11:11;CONCEPT
Luc 7:27;SKN;62-0531;132;LAPSUS;annoncé — dit en réalité Genese 6:4 (6 mots rares: eurent filles furent geants renom venus);CONCEPT
Genese 6:4;SKN;62-0531;132;LAPSUS-LU;lu — annoncé sous Luc 7:27;CONCEPT
Luc 7:27;VGR;62-0531;132;LAPSUS;annoncé — dit en réalité Genese 6:4 (6 mots rares: eurent filles furent geants quelles venus);CONCEPT
Genese 6:4;VGR;62-0531;132;LAPSUS-LU;lu — annoncé sous Luc 7:27;CONCEPT
Jeremie 1:4;SKN;54-0620E;46;LAPSUS;annoncé — dit en réalité Nombres 12:6 (4 mots rares: ferai paroles songe vision);CONCEPT
Nombres 12:6;SKN;54-0620E;46;LAPSUS-LU;lu — annoncé sous Jeremie 1:4;CONCEPT
Hebreux 11:1;SKN;60-0108;21;LAPSUS;annoncé — dit en réalité Exode 13:21 (4 mots rares: allait conduire marchent nuit);CONCEPT
Exode 13:21;SKN;60-0108;21;LAPSUS-LU;lu — annoncé sous Hebreux 11:1;CONCEPT
Jeremie 1:4;SKN;54-0314;19;LAPSUS;annoncé — dit en réalité Esaie 40:3 (5 mots rares: aplanissez crie desert preparez voix);CONCEPT
Esaie 40:3;SKN;54-0314;19;LAPSUS-LU;lu — annoncé sous Jeremie 1:4;CONCEPT
Jean 14:7;SKN;57-0610;26;LAPSUS;annoncé — dit en réalité Actes 2:38 (5 mots rares: baptise don peches recevrez repentez);CONCEPT
Actes 2:38;SKN;57-0610;26;LAPSUS-LU;lu — annoncé sous Jean 14:7;CONCEPT
Jean 14:7;SKN;60-0711;46;LAPSUS;annoncé — dit en réalité Actes 2:38 (4 mots rares: baptise peches recevrez repentez);CONCEPT
Actes 2:38;SKN;60-0711;46;LAPSUS-LU;lu — annoncé sous Jean 14:7;CONCEPT
Jean 4:4;SKN;63-1110E;42;LAPSUS;annoncé — dit en réalité Apocalypse 19:21 (8 mots rares: bouche chair cheval furent fut oiseaux sortait tue);CONCEPT
Apocalypse 19:21;SKN;63-1110E;42;LAPSUS-LU;lu — annoncé sous Jean 4:4;CONCEPT
Marc 11:22;SKN;64-0405;20;LAPSUS;annoncé — dit en réalité Jacques 5:14 (4 mots rares: anciens appelle dhuile malade);CONCEPT
Jacques 5:14;SKN;64-0405;20;LAPSUS-LU;lu — annoncé sous Marc 11:22;CONCEPT
Jean 4:4;VGR;63-1110E;49;LAPSUS;annoncé — dit en réalité Marc 11:23 (5 mots rares: aura jette mer montagne ote);CONCEPT
Marc 11:23;VGR;63-1110E;49;LAPSUS-LU;lu — annoncé sous Jean 4:4;CONCEPT
Jean 4:4;VGR;63-1110E;52;LAPSUS;annoncé — dit en réalité Marc 11:23 (4 mots rares: jette mer montagne ote);CONCEPT
Marc 11:23;VGR;63-1110E;52;LAPSUS-LU;lu — annoncé sous Jean 4:4;CONCEPT
Matthieu 28:20;VGR;63-1110E;49;LAPSUS;annoncé — dit en réalité Marc 11:23 (5 mots rares: aura jette mer montagne ote);CONCEPT
Marc 11:23;VGR;63-1110E;49;LAPSUS-LU;lu — annoncé sous Matthieu 28:20;CONCEPT
Jeremie 1:4;VGR;57-0915E;128;LAPSUS;annoncé — dit en réalité Ephesiens 1:5 (5 mots rares: ayant plaisir predestines selon volonte);CONCEPT
Ephesiens 1:5;VGR;57-0915E;128;LAPSUS-LU;lu — annoncé sous Jeremie 1:4;CONCEPT
Jacques 5:14;SKN;58-0500;4;LAPSUS;annoncé — dit en réalité Deuteronome 32:11 (5 mots rares: ailes eveille laigle plumes prend);CONCEPT
Deuteronome 32:11;SKN;58-0500;4;LAPSUS-LU;lu — annoncé sous Jacques 5:14;CONCEPT
Jeremie 1:4;SKN;55-0611;21;LAPSUS;annoncé — dit en réalité Esaie 53:5 (6 mots rares: blesse chatiment gueris iniquites meurtrissures paix);CONCEPT
Esaie 53:5;SKN;55-0611;21;LAPSUS-LU;lu — annoncé sous Jeremie 1:4;CONCEPT
Jeremie 1:4;SKN;58-0518;52;LAPSUS;annoncé — dit en réalité Esaie 40:3 (4 mots rares: chemin crie desert voix);CONCEPT
Esaie 40:3;SKN;58-0518;52;LAPSUS-LU;lu — annoncé sous Jeremie 1:4;CONCEPT
Marc 11:22;SKN;61-1210;104;LAPSUS;annoncé — dit en réalité Genese 22:14 (4 mots rares: jehovah jire montagne pourvu);CONCEPT
Genese 22:14;SKN;61-1210;104;LAPSUS-LU;lu — annoncé sous Marc 11:22;CONCEPT
