ref;traduction;code;paragraphe;nb_mots;mots
Jean 5:7;SKN;47-0412;5;2;leau nai
Esaie 9:5;SKN;47-0412;7;2;manteau seront
Matthieu 24:24;SKN;47-0412;10;2;grands prodiges
Matthieu 1:18;SKN;47-0412;10;2;ensemble soient
Genese 1:11;SKN;47-0412;10;2;fruit portant
Genese 3:16;SKN;47-0412;10;2;grandes tes
Apocalypse 17:17;SKN;47-0412;10;2;accomplies soient
Apocalypse 22:8;SKN;47-0412;10;2;lange pieds
Hebreux 12:25;SKN;47-0412;11;2;nont parlait
Apocalypse 22:18;SKN;47-0412;13;2;paroles temoignage
Hebreux 11:1;SKN;47-0412;13;3;celles espere voit
Apocalypse 20:4;SKN;47-0412;13;2;fut temoignage
Hebreux 11:1;SKN;47-0412;14;3;celles espere voit
Hebreux 6:4;SKN;47-0412;17;2;goute impossible
Matthieu 10:1;SKN;47-0412;19;2;ayant guerir
Hebreux 11:1;SKN;47-0412;19;3;celles espere voit
Ephesiens 1:13;SKN;47-0412;19;2;ayant espere
Ephesiens 1:13-14;SKN;47-0412;19;2;ayant espere
Hebreux 4:14;SKN;47-0412;19;2;ayant ferme
Apocalypse 17:17;SKN;47-0412;21;2;curs donner
Hebreux 11:1;SKN;47-0412;22;3;celles espere voit
Hebreux 11:1;SKN;47-0412;34;3;celles espere voit
Marc 11:23;SKN;47-0412;43;3;mer montagne ote
Apocalypse 22:19;SKN;47-0412;43;2;larbre ote
Genese 1:11;SKN;47-0412;43;2;fruit larbre
Jean 12:24;SKN;47-0412;43;2;fruit grain
Esaie 50:6;SKN;47-0412;46;2;face nai
Apocalypse 17:8;SKN;47-0412;48;2;noms vue
Hebreux 11:1;SKN;47-0412;48;3;celles espere voit
Hebreux 11:1;SKN;47-0412;49;2;celles espere
Hebreux 11:1;SKN;47-0412;53;2;espere voit
Jean 5:7;SKN;47-0412;55;2;leau nai
Hebreux 11:1;SKN;47-0412;57;3;celles espere voit
Hebreux 11:1;SKN;47-0412;59;3;celles espere voit
Apocalypse 20:4;SKN;47-0412;64;2;rendu temoignage
Jean 5:24;SKN;47-0412;65;2;envoye jugement
Apocalypse 22:18;SKN;47-0412;66;2;rends temoignage
Actes 2:38;SKN;47-0412;67;2;don peches
Apocalypse 17:3;SKN;47-0412;67;2;blaspheme desert
Luc 1:17;SKN;47-0412;67;2;curs delie
Apocalypse 20:4;SKN;47-0412;68;2;rendu temoignage
Apocalypse 20:4;SKN;47-0412;70;2;rendu temoignage
Actes 2:38;SKN;47-0412;72;2;don peches
Matthieu 24:24;SKN;47-0412;72;2;faux prophetes
Hebreux 1:1;SKN;47-0412;72;2;plusieurs prophetes
Apocalypse 22:18;SKN;47-0412;72;2;prophetie temoignage
Actes 20:24;SKN;47-0412;72;2;pourvu temoignage
Apocalypse 20:4;SKN;47-0412;76;3;jugement rendu temoignage
Esaie 50:6;SKN;47-0412;77;2;joues nai
Actes 20:24;SKN;47-0412;77;2;service temoignage
Hebreux 13:10;SKN;47-0412;79;2;droit tabernacle
Esaie 60:1;SKN;47-0412;79;2;leve levee
Jean 3:21;SKN;47-0412;81;2;manifestees uvres
Jean 5:39;SKN;47-0412;90;2;rendent temoignage
Apocalypse 20:4;SKN;47-0412;93;2;rendu temoignage
Apocalypse 13:14;SKN;47-0412;95;2;fut miracles
Apocalypse 6:11;SKN;47-0412;95;2;fut soient
Apocalypse 20:4;SKN;47-0412;95;2;fut temoignage
Jean 5:24;SKN;47-0412;96;2;croit envoye
Hebreux 6:4;SKN;47-0412;96;2;don impossible
Matthieu 10:1;SKN;47-0412;96;2;guerir maladie
Apocalypse 20:4;SKN;47-0412;96;2;rendu temoignage
Actes 20:24;SKN;47-0412;96;2;rendre temoignage
Hebreux 3:1;SKN;47-0412;97;2;celeste saints
Apocalypse 10:1;SKN;47-0412;98;2;ange puissant
Apocalypse 10:1-7;SKN;47-0412;98;2;ange puissant
Apocalypse 22:18;SKN;47-0412;99;2;paroles temoignage
Actes 20:24;SKN;47-0412;99;2;cas temoignage
Amos 3:7;SKN;47-0412;104;2;revele serviteurs
Apocalypse 10:1;SKN;47-0412;105;2;ange pieds
Apocalypse 10:1-7;SKN;47-0412;105;2;ange pieds
Apocalypse 19:21;SKN;47-0412;105;2;bouche tue
Apocalypse 10:7;SKN;47-0412;106;2;trompette voix
Apocalypse 1:10;SKN;47-0412;106;2;trompette voix
Apocalypse 10:7;SKN;47-1100;1;2;trompette voix
Apocalypse 1:10;SKN;47-1100;1;2;trompette voix
Matthieu 24:29;SKN;47-1102;1;3;lune seront soleil
Apocalypse 21:23;SKN;47-1102;1;2;lune soleil
Josue 10:12;SKN;47-1102;1;2;lune soleil
Matthieu 24:29;SKN;47-1102;2;2;aussitot seront
Apocalypse 10:1;SKN;47-1102;3;2;ange puissant
Apocalypse 10:7;SKN;47-1102;3;2;ange annonce
Apocalypse 10:1-7;SKN;47-1102;3;2;ange puissant
Esaie 53:12;SKN;47-1102;5;2;compte plusieurs
Jean 16:21;SKN;47-1102;5;2;heure lenfant
Apocalypse 17:17;SKN;47-1102;11;2;donner soient
Joel 2:28;SKN;47-1102;12;2;filles jeunes
Matthieu 12:42;SKN;47-1102;13;2;entendre midi
Apocalypse 17:17;SKN;47-1102;13;2;pensee soient
Matthieu 24:7;SKN;47-1102;13;2;aura lieux
Jean 3:21;SKN;47-1102;13;2;manifestees soient
Actes 2:4;SKN;47-1102;14;2;dautres furent
Apocalypse 17:17;SKN;47-1102;16;2;curs soient
Jean 3:21;SKN;47-1102;16;2;quelles soient
Luc 16:16;SKN;47-1102;19;2;annonce lors
Zacharie 14:6;SKN;47-1102;19;2;arrivera aura
Esaie 27:12;SKN;47-1102;19;2;arrivera disrael
Matthieu 1:18;SKN;47-1102;20;2;joseph naissance
Apocalypse 10:7;SKN;47-1102;20;2;ange voix
Apocalypse 21:19;SKN;47-1102;21;2;premier second
Apocalypse 13:14;SKN;47-1102;22;2;fut miracles
Apocalypse 20:4;SKN;47-1102;22;2;fut temoignage
Apocalypse 16:13;SKN;47-1102;22;2;esprits faux
Jean 5:24;SKN;47-1102;23;2;envoye jugement
Actes 2:38;SKN;47-1102;23;2;peches repentez
Apocalypse 22:18;SKN;47-1102;23;2;ecrites prophetie
Apocalypse 10:1;SKN;47-1102;25;2;ange visage
Apocalypse 10:1-7;SKN;47-1102;25;2;ange visage
Actes 2:38;SKN;47-1102;26;2;don peches
Matthieu 24:29;SKN;47-1102;28;2;donnera lune
Psaumes 16:8;SKN;47-1102;28;2;droite serai
Matthieu 24:24;SKN;47-1102;29;2;faux possible
Hebreux 9:11;SKN;47-1102;29;2;etant parfait
Hebreux 9:11-14;SKN;47-1102;29;2;etant parfait
Apocalypse 17:17;SKN;47-1102;32;2;donner soient
Apocalypse 19:11;SKN;47-1102;33;2;blanc combat
Apocalypse 20:4;SKN;47-1102;35;2;rendu temoignage
Matthieu 10:1;SKN;47-1102;43;2;guerir maladie
Hebreux 11:1;SKN;47-1102;44;3;celles espere voit
Jeremie 8:22;SKN;47-1102;44;2;fille medecin
Jean 14:9;SKN;47-1102;44;2;mas montre
Matthieu 10:1;SKN;47-1102;46;2;guerir maladie
Jean 5:7;SKN;47-1102;48;2;nai viens
Malachie 3:1;SKN;47-1102;48;2;lange viendra
Galates 1:8;SKN;47-1102;50;2;ange memes
Psaumes 103:3;SKN;47-1102;50;2;pardonne tes
Apocalypse 10:1;SKN;47-1102;50;2;ange puissant
Apocalypse 10:1-7;SKN;47-1102;50;2;ange puissant
Apocalypse 3:14;SKN;47-1102;50;2;lange temoin
Hebreux 6:4;SKN;47-1123;2;2;celeste don
Esaie 61:1;SKN;47-1123;4;2;bonnes nouvelles
Actes 2:38;SKN;47-1123;5;2;don peches
Esaie 9:6;SKN;47-1123;5;2;merveilleux paix
Genese 1:26;SKN;47-1123;5;2;animal selon
Psaumes 103:3;SKN;47-1123;5;3;guerit pardonne tes
Deuteronome 18:15;SKN;47-1123;5;2;milieu tes
Actes 1:8;SKN;47-1123;5;3;jerusalem serez venant
Actes 2:4;SKN;47-1123;5;2;langues selon
Hebreux 13:12;SKN;47-1123;5;2;hors propre
Amos 3:7;SKN;47-1123;5;2;prophetes revele
Genese 2:7;SKN;47-1123;5;2;ame poussiere
Ephesiens 1:5;SKN;47-1123;5;2;selon volonte
Hebreux 10:26;SKN;47-1123;5;2;peches sacrifice
Matthieu 16:18;SKN;47-1123;5;2;assemblee portes
Hebreux 13:10;SKN;47-1123;5;3;autel droit manger
Hebreux 6:4;SKN;47-1123;5;3;celeste devenus don
Psaumes 16:10;SKN;47-1123;5;2;ame voie
Genese 1:11;SKN;47-1123;5;2;espece selon
Genese 22:14;SKN;47-1123;5;2;jehovah pourvu
Nombres 12:6;SKN;47-1123;5;2;parlerai paroles
Apocalypse 3:14;SKN;47-1123;5;2;fidele laodicee
Esaie 14:12;SKN;47-1123;5;2;nations tombe
Apocalypse 13:14;SKN;47-1123;5;2;fut miracles
Genese 3:16;SKN;47-1123;5;3;grandes mari tes
Luc 16:16;SKN;47-1123;5;2;prophetes royaume
Esaie 32:2;SKN;47-1123;5;2;aura rocher
Ephesiens 1:13;SKN;47-1123;5;3;cru espere salut
Galates 3:16;SKN;47-1123;5;3;parlant plusieurs semences
Genese 3:8;SKN;47-1123;5;3;arbres milieu voix
Actes 15:14;SKN;47-1123;5;2;nations premierement
Ephesiens 2:12;SKN;47-1123;5;3;droit etant israel
Malachie 3:6;SKN;47-1123;5;2;change jacob
Esaie 53:5;SKN;47-1123;5;2;gueris paix
Zacharie 14:7;SKN;47-1123;5;3;aura connu nuit
Jeremie 8:22;SKN;47-1123;5;2;fille medecin
Matthieu 28:18;SKN;47-1123;5;2;autorite donnee
Daniel 7:9;SKN;47-1123;5;3;blanc cheveux vis
Apocalypse 6:6;SKN;47-1123;5;3;mesure milieu voix
Apocalypse 6:11;SKN;47-1123;5;3;blanche fut soient
Apocalypse 21:19;SKN;47-1123;5;2;precieuse troisieme
Ephesiens 1:20;SKN;47-1123;5;2;asseoir droite
Hebreux 12:24;SKN;47-1123;5;3;alliance mieux nouvelle
Marc 9:7;SKN;47-1123;5;2;vint voix
Genese 3:1;SKN;47-1123;5;2;animal serpent
Matthieu 24:19;SKN;47-1123;5;2;celles malheur
Zacharie 14:6;SKN;47-1123;5;3;arrivera aura seront
Apocalypse 22:8;SKN;47-1123;5;2;pieds rendre
Deuteronome 18:22;SKN;47-1123;5;2;parlera peur
Malachie 3:1;SKN;47-1123;5;2;chemin temple
Esaie 53:9;SKN;47-1123;5;2;bouche riche
Psaumes 22:7;SKN;47-1123;5;2;bouche voient
Zacharie 11:12;SKN;47-1123;5;2;donnez laissez
Matthieu 3:16;SKN;47-1123;5;2;aussitot descendre
Apocalypse 6:3;SKN;47-1123;5;2;animal viens
Matthieu 24:7;SKN;47-1123;5;2;aura royaume
Apocalypse 5:9;SKN;47-1123;5;3;cantique langue ouvrir
Malachie 4:5;SKN;47-1123;5;2;envoie vienne
Jean 5:14;SKN;47-1123;5;3;gueri peur temple
Joel 2:25;SKN;47-1123;5;2;annees milieu
Jean 3:21;SKN;47-1123;5;3;pratique soient uvres
Hebreux 4:15;SKN;47-1123;5;3;sacrificateur souverain tente
Genese 6:4;SKN;47-1123;5;2;filles venus
Hebreux 12:25;SKN;47-1123;5;2;garde parlait
Apocalypse 6:12;SKN;47-1123;5;2;noir vis
Jean 16:21;SKN;47-1123;5;2;heure joie
Esaie 28:11;SKN;47-1123;5;3;langue levres parlera
Luc 10:1;SKN;47-1123;5;2;devait face
Jean 3:14;SKN;47-1123;5;3;desert eleve serpent
Jean 12:14;SKN;47-1123;5;2;ecrit selon
Psaumes 16:8;SKN;47-1123;5;2;droite serai
Marc 13:27;SKN;47-1123;5;2;anges enverra
Psaumes 42:7;SKN;47-1123;5;2;tes voix
Ephesiens 1:13-14;SKN;47-1123;5;3;cru espere salut
Hebreux 4:14;SKN;47-1123;5;2;sacrificateur souverain
Genese 14:18;SKN;47-1123;5;3;apporter roi sacrificateur
Esaie 9:5;SKN;47-1123;5;3;manteau pature seront
Apocalypse 1:20;SKN;47-1123;5;3;anges droite sept
Matthieu 1:18;SKN;47-1207;2;2;ensemble soient
Apocalypse 17:17;SKN;47-1207;2;2;donner soient
Genese 2:18-21;SKN;47-1207;8;2;aide ferai
Esaie 53:12;SKN;47-1207;9;2;compte plusieurs
Esaie 40:3;SKN;47-1207;13;2;chemin route
Actes 15:14;SKN;47-1207;14;2;tirer visite
Actes 20:24;SKN;47-1207;19;2;cas temoignage
Matthieu 1:18;SKN;47-1207;22;2;etant marie
Marc 16:1;SKN;47-1207;22;2;etant marie
Ezechiel 28:12;SKN;47-1207;29;2;eleve etais
Ezechiel 28:12;SKN;47-1207;30;2;etais plein
Jean 3:14;SKN;47-1207;30;2;desert serpent
Josue 10:12;SKN;47-1207;30;2;arrete josue
Apocalypse 10:7;SKN;47-1207;31;2;termine voix
Joel 2:25;SKN;47-1207;37;2;annees milieu
Actes 20:24;SKN;47-1207;37;2;cas temoignage
Jeremie 8:22;SKN;47-1207;38;2;fille medecin
Apocalypse 20:4;SKN;47-1207;38;2;jugement temoignage
Jeremie 8:22;SKN;47-1207;41;2;fille medecin
Apocalypse 22:18;SKN;47-1207;42;2;paroles temoignage
Apocalypse 22:19;SKN;47-1207;42;2;cite paroles
Galates 4:27;SKN;47-1207;42;2;eclate ecrit
Apocalypse 5:9;SKN;47-1207;43;2;cantique chantent
Actes 20:24;SKN;47-1207;43;2;precieuse service
Hebreux 6:4;SKN;47-1207;44;2;celeste don
Matthieu 19:28;SKN;47-1207;44;2;serez trone
Apocalypse 3:21;SKN;47-1207;44;2;donnerai trone
Actes 20:24;SKN;47-1207;45;2;precieuse tiens
Hebreux 13:12;SKN;47-1207;46;2;propre souffert
Apocalypse 17:8;SKN;47-1207;46;2;habitent noms
Matthieu 10:1;SKN;47-1207;46;2;appele maladie
Apocalypse 1:1;SKN;47-1207;46;2;arriver bientot
Apocalypse 10:1;SKN;47-1207;48;2;ange pieds
Apocalypse 10:1-7;SKN;47-1207;48;2;ange pieds
Esaie 61:1;SKN;47-1207;48;2;apporter envoye
Esaie 53:12;SKN;47-1207;54;2;ame compte
Genese 1:26;SKN;47-1207;56;2;image mer
Genese 1:28;SKN;47-1207;56;2;mer vivant
Jean 3:14;SKN;47-1207;56;2;eleve serpent
Matthieu 11:10;SKN;47-1207;60;2;face lequel
Apocalypse 20:4;SKN;47-1207;62;2;rendu temoignage
Jean 5:39;SKN;47-1207;62;2;eternelle temoignage
Psaumes 103:3;SKN;47-1207;63;2;pardonne tes
Actes 20:24;SKN;47-1207;64;2;rendre temoignage
Actes 20:24;SKN;47-1207;68;2;rendre temoignage
Actes 20:24;SKN;47-1207;70;2;precieuse tiens
Hebreux 6:4;SKN;47-1207;71;2;celeste don
Esaie 40:3;SKN;47-1207;71;2;chemin voix
Esaie 61:1;SKN;47-1207;71;2;apporter oint
Apocalypse 6:1;SKN;47-1207;71;2;viens voix
Actes 20:24;SKN;47-1207;72;2;cas temoignage
Matthieu 10:1;SKN;47-1207;73;2;chasser guerir
Actes 20:24;SKN;47-1207;73;2;rendre temoignage
Apocalypse 20:4;SKN;47-1207;75;2;rendu temoignage
Matthieu 10:1;SKN;47-1207;80;2;appele guerir
Apocalypse 10:1;SKN;47-1207;83;2;ange puissant
Apocalypse 10:7;SKN;47-1207;83;2;ange termine
Apocalypse 10:1-7;SKN;47-1207;83;2;ange puissant
Hebreux 6:4;SKN;47-1207;83;2;celeste don
Apocalypse 22:8;SKN;47-1207;84;2;pieds rendre
Actes 20:24;SKN;47-1207;84;2;rendre temoignage
Matthieu 10:1;SKN;47-1207;89;2;chasser guerir
Hebreux 6:4;SKN;47-1207;93;2;celeste goute
Hebreux 11:1;SKN;47-1207;93;3;celles espere voit
Matthieu 10:1;SKN;47-1207;97;2;guerir maladie
Esaie 40:3;SKN;47-1221;4;2;desert voix
Jean 3:14;SKN;47-1221;4;2;desert serpent
Actes 2:24;SKN;47-1221;14;2;possible ressuscite
Actes 20:24;SKN;47-1221;16;2;cas tiens
Matthieu 19:28;SKN;47-1221;18;2;disrael mavez
Matthieu 10:1;SKN;47-1221;19;2;ayant esprits
Matthieu 24:29;SKN;47-1221;19;2;aussitot lune
Matthieu 3:16;SKN;47-1221;19;2;aussitot ayant
Matthieu 24:29;SKN;47-1221;20;2;lune puissances
Esaie 28:19;SKN;47-1221;23;2;entendre nuit
Hebreux 6:4;SKN;48-0000;7;2;celeste devenus
Jean 5:24;SKN;48-0000;14;2;envoye eternelle
Matthieu 10:1;SKN;48-0000;14;2;chasser guerir
Genese 3:16;SKN;48-0000;19;2;tourne travail
Hebreux 12:24;SKN;48-0000;25;2;mieux nouvelle
Joel 2:28;SKN;48-0302;1;2;filles jeunes
Genese 6:4;SKN;48-0302;1;2;filles venus
Matthieu 10:1;SKN;48-0302;2;2;guerir maladie
Marc 11:23;SKN;48-0302;4;2;dira jette
Apocalypse 1:1;SKN;48-0302;6;2;ange revelation
Luc 7:36;SKN;48-0302;7;2;entrant table
Hebreux 11:1;SKN;48-0302;8;2;espere voit
Apocalypse 6:11;SKN;48-0302;13;2;blanche robe
Esaie 40:3;SKN;48-0302;14;2;chemin route
Joel 2:28;SKN;48-0302;15;2;filles jeunes
Apocalypse 10:1;SKN;48-0302;15;2;ange visage
Apocalypse 10:1-7;SKN;48-0302;15;2;ange visage
Actes 20:24;SKN;48-0302;21;2;aucun cas
Nombres 12:6;SKN;48-0302;25;2;paroles vision
Apocalypse 21:19;SKN;48-0302;29;2;premier troisieme
Esaie 40:3;SKN;48-0302;35;2;chemin route
Esaie 40:3;SKN;48-0302;37;2;chemin route
Esaie 40:3;SKN;48-0302;38;2;chemin route
Hebreux 12:25;SKN;48-0302;39;2;parlait prenez
Matthieu 3:16;SKN;48-0302;40;2;aussitot ayant
Actes 20:24;SKN;48-0302;45;2;cas temoignage
Jean 14:12;SKN;48-0302;47;2;grandes uvres
Matthieu 10:1;SKN;48-0302;48;2;autorite douze
Matthieu 19:28;SKN;48-0302;48;2;douze suivi
Exode 13:21;SKN;48-0302;50;2;chemin nuit
Psaumes 41:9;SKN;48-0302;55;3;ami intime leve
Daniel 7:9;SKN;48-0302;57;2;blanc cheveux
Esaie 53:12;SKN;48-0302;59;2;aura plusieurs
Esaie 28:19;SKN;48-0302;61;2;entendre nuit
Exode 13:21;SKN;48-0302;61;2;allait nuit
Daniel 7:9;SKN;48-0302;61;2;blanc cheveux
Actes 20:24;SKN;48-0302;67;2;cas temoignage
Esaie 14:12;SKN;48-0302;68;2;cieux tombe
Apocalypse 1:1;SKN;48-0302;68;2;ange arriver
Hebreux 11:1;SKN;48-0302;72;3;celles espere voit
Hebreux 6:4;SKN;48-0302;74;2;don goute
Hebreux 11:1;SKN;48-0302;74;3;celles espere voit
Ephesiens 1:13;SKN;48-0302;74;2;cru espere
Apocalypse 1:1;SKN;48-0302;74;2;ange revelation
Ephesiens 1:13-14;SKN;48-0302;74;2;cru espere
Actes 1:8;SKN;48-0302;75;2;bout serez
Hebreux 13:10;SKN;48-0302;75;2;droit manger
Ezechiel 28:12;SKN;48-0302;76;2;etais plein
Psaumes 41:9;SKN;48-0302;76;2;leve pain
Exode 13:21;SKN;48-0302;77;2;allait nuit
Psaumes 41:9;SKN;48-0302;77;2;leve pain
Matthieu 24:24;SKN;48-0302;81;3;grands prodiges signes
Esaie 53:12;SKN;48-0302;81;2;grands plusieurs
Jean 5:7;SKN;48-0302;92;2;malade viens
Matthieu 10:1;SKN;48-0302;93;2;guerir maladie
Matthieu 10:1;SKN;48-0302;96;2;guerir maladie
Matthieu 10:1;SKN;48-0302;97;2;guerir maladie
Esaie 60:1;SKN;48-0302;98;2;leve levee
Matthieu 10:1;SKN;48-0302;99;2;guerir maladie
Matthieu 10:1;SKN;48-0302;107;2;guerir maladie
Apocalypse 10:1;SKN;48-0302;109;2;ange puissant
Apocalypse 10:1-7;SKN;48-0302;109;2;ange puissant
Esaie 61:1;SKN;48-0302;109;2;envoye oint
Matthieu 18:10;SKN;48-0302;110;3;face garde voient
Matthieu 10:1;SKN;48-0302;118;2;guerir maladie
Actes 20:24;SKN;48-0302;121;2;cas temoignage
Apocalypse 10:1;SKN;48-0302;124;2;ange descendant
Matthieu 1:18;SKN;48-0302;124;2;marie soient
Apocalypse 10:7;SKN;48-0302;124;2;ange sonner
Apocalypse 22:18;SKN;48-0302;124;2;rends temoignage
Apocalypse 10:1-7;SKN;48-0302;124;2;ange descendant
Apocalypse 20:4;SKN;48-0302;124;2;rendu temoignage
Actes 20:24;SKN;48-0302;124;2;cas temoignage
Apocalypse 10:1;SKN;48-0302;127;2;ange puissant
Apocalypse 10:1-7;SKN;48-0302;127;2;ange puissant
Hebreux 1:1;SKN;48-0302;128;2;autrefois plusieurs
Matthieu 10:1;SKN;48-0302;129;2;guerir maladie
Actes 20:24;SKN;48-0302;133;2;cas temoignage
Apocalypse 1:1;SKN;48-0302;139;2;ange montrer
Actes 1:8;SKN;48-0302;143;2;recevrez serez
Matthieu 10:1;SKN;48-0302;143;2;douze guerir
Daniel 7:9;SKN;48-0302;143;2;cheveux vetement
Matthieu 19:28;SKN;48-0302;143;2;douze serez
Actes 2:24;SKN;48-0302;143;2;lequel ressuscite
Jean 5:24;SKN;48-0302;146;2;croit entend
Actes 20:24;SKN;48-0302;147;2;precieuse temoignage
Matthieu 24:24;SKN;48-0304;3;2;prodiges signes
Jean 5:7;SKN;48-0304;6;2;malade viens
Matthieu 24:7;SKN;48-0304;7;2;divers royaume
Apocalypse 10:1;SKN;48-0304;9;2;puissant soleil
Apocalypse 10:1-7;SKN;48-0304;9;2;puissant soleil
Apocalypse 6:11;SKN;48-0304;10;2;blanche robe
Hebreux 1:1;SKN;48-0304;12;2;plusieurs prophetes
Apocalypse 10:1;SKN;48-0304;12;2;ange pieds
Apocalypse 10:7;SKN;48-0304;12;2;ange prophetes
Apocalypse 10:1-7;SKN;48-0304;12;2;ange pieds
Apocalypse 22:8;SKN;48-0304;12;3;lange montrait pieds
Actes 20:24;SKN;48-0304;12;2;aucun cas
Esaie 9:6;SKN;48-0304;14;2;fort gouvernement
Esaie 53:5;SKN;48-0304;14;3;blesse gueris meurtrissures
Malachie 3:1;SKN;48-0304;14;2;cherchez lange
Esaie 53:5;SKN;48-0304;15;3;blesse gueris meurtrissures
Matthieu 1:18;SKN;48-0304;19;2;ensemble naissance
Apocalypse 17:8;SKN;48-0304;19;2;monter vue
Matthieu 24:24;SKN;48-0304;24;2;prodiges signes
Apocalypse 22:18;SKN;48-0304;24;2;paroles temoignage
Genese 14:18;SKN;48-0304;25;2;roi vin
Matthieu 24:24;SKN;48-0304;27;2;prodiges signes
Actes 1:8;SKN;48-0304;27;2;judee venant
Apocalypse 10:7;SKN;48-0304;27;2;nouvelle septieme
Apocalypse 13:14;SKN;48-0304;27;2;fut miracles
Hebreux 12:24;SKN;48-0304;27;2;mieux nouvelle
Apocalypse 6:3;SKN;48-0304;27;2;lorsquil second
Apocalypse 6:12;SKN;48-0304;27;2;fit lorsquil
Jean 16:21;SKN;48-0304;27;2;heure lenfant
Genese 14:18;SKN;48-0304;27;2;fit roi
Apocalypse 10:1;SKN;48-0304;28;2;ange pieds
Apocalypse 10:1-7;SKN;48-0304;28;2;ange pieds
Matthieu 10:1;SKN;48-0304;34;2;ayant guerir
Matthieu 3:16;SKN;48-0304;34;2;ayant descendre
Apocalypse 13:14;SKN;48-0304;36;2;fut miracles
Actes 20:24;SKN;48-0304;38;2;aucun cas
Matthieu 10:1;SKN;48-0304;40;2;chasser douze
Esaie 40:3;SKN;48-0304;43;2;chemin voix
Matthieu 3:16;SKN;48-0304;43;2;aussitot vit
Matthieu 12:42;SKN;48-0304;45;2;entendre midi
Esaie 53:12;SKN;48-0304;46;2;ame plusieurs
Esaie 14:12;SKN;48-0304;49;2;nations tombe
Esaie 53:12;SKN;48-0304;49;3;ame aura compte
Matthieu 24:7;SKN;48-0304;49;2;aura royaume
Jean 5:24;SKN;48-0304;53;2;croit envoye
Esaie 61:1;SKN;48-0304;53;2;brise envoye
Apocalypse 20:4;SKN;48-0304;54;2;fut temoignage
Actes 1:8;SKN;48-0304;55;2;serez venant
Jean 5:7;SKN;48-0304;58;2;malade viens
Apocalypse 10:7;SKN;48-0304;58;2;ange annonce
Genese 2:18-21;SKN;48-0304;58;2;aide ferai
Joel 2:25;SKN;48-0304;58;2;milieu rendrai
Esaie 53:12;SKN;48-0304;59;2;aura compte
Matthieu 10:1;SKN;48-0304;60;2;guerir maladie
Matthieu 24:24;SKN;48-0305;2;2;prophetes signes
Apocalypse 20:4;SKN;48-0305;3;2;rendu temoignage
Matthieu 24:24;SKN;48-0305;5;2;prodiges signes
Nombres 12:6;SKN;48-0305;5;2;connaitre vision
Matthieu 10:1;SKN;48-0305;5;2;guerir maladie
Apocalypse 13:14;SKN;48-0305;9;2;fut miracles
Hebreux 12:25;SKN;48-0305;9;2;cieux parlait
Joel 2:28;SKN;48-0305;13;2;chair filles
1 Timothee 3:16;SKN;48-0305;13;2;chair manifeste
Matthieu 24:24;SKN;48-0305;14;2;prodiges signes
Marc 11:23;SKN;48-0305;14;2;aura croira
Esaie 28:19;SKN;48-0305;15;2;entendre nuit
Exode 13:21;SKN;48-0305;15;2;allait nuit
Esaie 28:19;SKN;48-0305;17;2;entendre nuit
Apocalypse 17:17;SKN;48-0305;18;2;donner soient
Jean 3:21;SKN;48-0305;19;3;manifestees soient uvres
Actes 1:8;SKN;48-0305;20;2;bout temoins
Jean 5:7;SKN;48-0305;21;2;jette viens
Matthieu 11:10;SKN;48-0305;23;2;chemin lequel
Matthieu 10:1;SKN;48-0305;25;2;douze guerir
Marc 11:23;SKN;48-0305;28;2;mer montagne
Daniel 7:9;SKN;48-0305;29;2;blanc vis
Apocalypse 19:11;SKN;48-0305;29;2;blanc vis
Psaumes 16:10;SKN;48-0305;30;2;ame corruption
Matthieu 10:1;SKN;48-0305;30;2;appele esprits
Apocalypse 19:11;SKN;48-0305;30;2;appele blanc
Apocalypse 6:1;SKN;48-0305;30;2;viens voix
Apocalypse 19:11;SKN;48-0305;31;2;blanc combat
Luc 21:24;SKN;48-0305;31;2;jerusalem pieds
Ephesiens 1:13;SKN;48-0305;32;2;ayant cru
Ephesiens 1:13-14;SKN;48-0305;32;2;ayant cru
Joel 2:28;SKN;48-0305;37;2;arrivera jeunes
Apocalypse 19:11;SKN;48-0305;42;2;appele ouvert
Apocalypse 17:17;SKN;48-0305;43;2;curs soient
Apocalypse 6:11;SKN;48-0305;43;2;blanche soient
Actes 1:8;SKN;48-0305;44;2;recevrez serez
1 Timothee 3:16;SKN;48-0305;44;2;cru preche
Apocalypse 6:1;SKN;48-0305;44;2;viens vis
Apocalypse 22:18;SKN;48-0305;48;2;paroles rends
Esaie 61:1;SKN;48-0305;48;2;apporter envoye
Esaie 28:19;SKN;48-0305;49;2;entendre nuit
Psaumes 42:7;SKN;48-0305;49;2;tes voix
Hebreux 1:1;SKN;49-0718;2;2;autrefois prophetes
Apocalypse 10:7;SKN;49-0718;2;2;prophetes voix
Ephesiens 1:20;SKN;49-0718;2;2;celestes lieux
Psaumes 42:7;SKN;49-0718;2;2;tes voix
Jean 14:12;SKN;49-0718;5;2;celles grandes
Genese 2:7;SKN;49-0718;5;2;ame poussiere
Zacharie 14:6;SKN;49-0718;5;2;arrivera aura
Esaie 53:12;SKN;49-0718;5;2;ame aura
Apocalypse 1:1;SKN;49-0718;6;2;arriver bientot
Genese 2:7;SKN;49-0718;7;2;ame vivante
Esaie 53:12;SKN;49-0718;7;2;ame grands
Matthieu 10:1;SKN;49-0718;8;2;guerir maladie
Apocalypse 20:4;SKN;49-0718;8;2;hommage temoignage
Apocalypse 10:1;SKN;49-0718;9;2;puissant vis
Apocalypse 10:1-7;SKN;49-0718;9;2;puissant vis
Apocalypse 17:3;SKN;49-0718;9;2;ayant vis
Apocalypse 20:4;SKN;49-0718;9;2;temoignage vis
Matthieu 3:16;SKN;49-0718;9;2;ayant cieux
Hebreux 4:14;SKN;49-0718;9;2;ayant cieux
Zacharie 11:12;SKN;49-0718;12;2;pieces salaire
Matthieu 24:24;SKN;49-0718;20;2;maniere possible
Actes 20:24;SKN;49-0718;20;2;rendre service
Esaie 53:12;SKN;49-0718;25;2;compte plusieurs
Apocalypse 22:18;SKN;49-0718;26;2;rends temoignage
Apocalypse 10:7;SKN;49-0718;28;2;ange nouvelle
Hebreux 6:4;SKN;49-0718;28;2;don goute
Genese 3:1;SKN;49-0718;28;2;arbre jardin
Actes 1:8;SKN;49-0718;29;2;serez temoins
Psaumes 41:9;SKN;49-0718;30;2;ami leve
Matthieu 10:1;SKN;49-0718;31;2;guerir maladie
Genese 3:16;SKN;49-1225;6;2;grandes travail
Ephesiens 2:12;SKN;49-1225;17;2;droit etant
Apocalypse 22:18;SKN;49-1225;33;2;paroles quiconque
Apocalypse 17:17;SKN;49-1225;33;2;donner paroles
Colossiens 1:15;SKN;49-1225;34;2;image premier
Apocalypse 21:19;SKN;49-1225;35;2;cite premier
Luc 2:7;SKN;49-1225;35;3;coucha creche premier
Apocalypse 3:14;SKN;49-1225;46;2;commencement creation
Apocalypse 13:14;SKN;49-1225;46;2;fut image
Apocalypse 20:4;SKN;49-1225;46;2;fut image
Genese 2:7;SKN;49-1225;47;2;forma poussiere
Apocalypse 13:14;SKN;49-1225;50;2;fut image
Apocalypse 20:4;SKN;49-1225;50;2;fut image
Apocalypse 13:14;SKN;49-1225;52;2;fut image
Apocalypse 19:21;SKN;49-1225;52;2;furent fut
Apocalypse 20:4;SKN;49-1225;52;2;fut image
Genese 6:4;SKN;49-1225;52;2;furent jadis
Ephesiens 4:30;SKN;49-1225;55;2;lequel redemption
Ezechiel 28:12;SKN;49-1225;55;2;accomplie forme
Matthieu 24:24;SKN;49-1225;57;2;maniere possible
Apocalypse 19:21;SKN;49-1225;60;2;chair fut
Matthieu 1:18;SKN;49-1225;62;2;marie naissance
Apocalypse 19:21;SKN;49-1225;62;3;chair furent fut
Hebreux 10:26;SKN;49-1225;63;2;sacrifice volontairement
Matthieu 10:1;SKN;49-1225;63;2;ayant donna
Apocalypse 20:4;SKN;49-1225;63;3;fut rendu temoignage
Actes 2:24;SKN;49-1225;63;2;ayant douleurs
Genese 1:26;SKN;49-1225;66;2;image selon
Genese 1:11;SKN;49-1225;66;2;selon semence
Ephesiens 2:12;SKN;49-1225;66;2;etant etrangers
Galates 3:29;SKN;49-1225;66;3;heritiers selon semence
Apocalypse 20:4;SKN;49-1225;68;3;fut rendu temoignage
Jean 14:12;SKN;49-1225;76;2;celles grandes
Zacharie 14:6;SKN;49-1225;90;2;aura seront
Matthieu 24:29;SKN;49-1225;98;2;cieux puissances
Matthieu 18:10;SKN;49-1225;98;2;cieux voient
Genese 1:28;SKN;49-1225;98;2;cieux vivant
Esaie 9:6;SKN;49-1225;101;2;gouvernement prince
Psaumes 42:7;SKN;49-1225;110;2;appelle voix
Matthieu 3:16;SKN;49-1225;112;3;cieux descendre vit
Actes 15:14;SKN;49-1225;129;2;tirer visite
Apocalypse 20:4;SKN;49-1225;130;2;ames jugement
Apocalypse 10:7;SKN;49-1225;142;3;ange sonner trompette
Esaie 40:3;SKN;49-1225;143;2;chemin voix
Apocalypse 22:18;SKN;49-1225;148;2;paroles temoignage
Apocalypse 10:7;SKN;50-0100;1;2;nouvelle voix
Deuteronome 18:15;SKN;50-0100;21;2;leternel tes
Genese 2:7;SKN;50-0100;21;2;ame leternel
Nombres 12:6;SKN;50-0100;21;2;leternel paroles
Esaie 53:12;SKN;50-0100;34;2;forts plusieurs
Galates 4:27;SKN;50-0100;34;2;cris pousse
Jean 5:39;SKN;50-0100;34;2;rendent temoignage
Jean 5:39;SKN;50-0100;36;2;rendent temoignage
Genese 1:11;SKN;50-0100;40;2;espece selon
Actes 20:24;SKN;50-0100;44;2;aucun tiens
Jean 14:12;SKN;50-0100;48;2;celles croit
Hebreux 11:1;SKN;50-0100;48;3;celles espere voit
Hebreux 11:1;SKN;50-0100;57;3;celles espere voit
Hebreux 11:1;SKN;50-0100;60;3;celles espere voit
Hebreux 3:1;SKN;50-0100;64;3;confession sacrificateur souverain
Hebreux 9:11;SKN;50-0100;64;2;sacrificateur souverain
Hebreux 9:11-14;SKN;50-0100;64;2;sacrificateur souverain
Hebreux 4:15;SKN;50-0100;64;2;sacrificateur souverain
Matthieu 24:24;SKN;50-0100;68;2;prodiges signes
Matthieu 24:7;SKN;50-0100;68;2;aura royaume
Jeremie 8:22;SKN;50-0100;79;2;appareil fille
Joel 2:28;SKN;50-0100;104;2;filles jeunes
Actes 20:24;SKN;50-0100;134;2;cas temoignage
Matthieu 1:18;SKN;50-0100;140;2;ensemble soient
Jean 14:12;SKN;50-0100;153;2;grandes uvres
Zacharie 14:6;SKN;50-0100;155;2;aura seront
Amos 3:7;SKN;50-0100;156;2;revele secret
Exode 13:21;SKN;50-0100;170;2;chemin nuit
Matthieu 10:1;SKN;50-0100;172;2;autorite ayant
Matthieu 11:10;SKN;50-0110;3;2;face lequel
Zacharie 14:6;SKN;50-0110;3;2;aura seront
Luc 1:17;SKN;50-0110;4;2;curs preparer
Hebreux 3:1;SKN;50-0110;9;3;celeste sacrificateur souverain
Hebreux 9:11;SKN;50-0110;9;2;sacrificateur souverain
Esaie 53:5;SKN;50-0110;9;2;gueris iniquites
Apocalypse 17:17;SKN;50-0110;9;2;curs soient
Hebreux 9:11-14;SKN;50-0110;9;2;sacrificateur souverain
Joel 2:25;SKN;50-0110;9;2;annees milieu
Hebreux 4:15;SKN;50-0110;9;2;sacrificateur souverain
Hebreux 4:14;SKN;50-0110;9;2;sacrificateur souverain
Apocalypse 1:20;SKN;50-0110;9;2;droite sept
Apocalypse 10:7;SKN;50-0110;11;2;ange voix
Esaie 40:3;SKN;50-0110;11;2;chemin voix
Psaumes 42:7;SKN;50-0110;11;2;tes voix
Matthieu 1:18;SKN;50-0110;12;2;arriva joseph
Hebreux 6:4;SKN;50-0110;12;2;devenus impossible
Hebreux 11:1;SKN;50-0110;14;2;conviction voit
Actes 20:24;SKN;50-0110;17;2;cas tiens
Matthieu 10:1;SKN;50-0110;18;2;appele autorite
Exode 13:21;SKN;50-0110;20;2;chemin conduire
Apocalypse 10:7;SKN;50-0110;21;2;ange voix
Esaie 40:3;SKN;50-0110;21;2;desert voix
1 Timothee 3:16;SKN;50-0110;23;2;anges chair
Matthieu 24:24;SKN;50-0110;27;2;possible signes
Apocalypse 1:1;SKN;50-0110;27;2;arriver doivent
Apocalypse 21:19;SKN;50-0110;28;2;premier second
Ezechiel 28:12;SKN;50-0110;33;2;etais forme
Psaumes 16:8;SKN;50-0110;33;2;droite serai
Psaumes 42:7;SKN;50-0110;33;2;appelle tes
Zacharie 14:6;SKN;50-0110;35;2;arrivera seront
Apocalypse 17:3;SKN;50-0110;37;2;assise vis
Daniel 7:9;SKN;50-0110;38;2;cheveux vis
Apocalypse 17:3;SKN;50-0110;40;2;assise vis
Jean 5:7;SKN;50-0110;41;2;malade repondit
Apocalypse 21:19;SKN;50-0110;41;2;premier second
Apocalypse 20:4;SKN;50-0110;41;2;fut vis
Esaie 53:9;SKN;50-0110;41;2;aucune donna
Luc 7:36;SKN;50-0110;41;2;mit table
Luc 2:7;SKN;50-0110;41;2;mit premier
Apocalypse 21:19;SKN;50-0110;44;2;premier second
1 Timothee 3:16;SKN;50-0110;45;2;eleve manifeste
Jean 5:14;SKN;50-0115;1;2;gueri temple
Actes 20:24;SKN;50-0115;1;2;aucun cas
Actes 20:24;SKN;50-0115;2;2;service tiens
Actes 1:8;SKN;50-0115;8;2;bout venant
Romains 8:11;SKN;50-0115;13;2;dentre ressuscite
Jean 3:16;SKN;50-0115;14;2;croit quiconque
Matthieu 10:1;SKN;50-0115;16;2;appele guerir
Esaie 40:3;SKN;50-0115;19;3;crie desert voix
Apocalypse 17:3;SKN;50-0115;19;2;desert sept
Matthieu 19:28;SKN;50-0115;19;2;douze trone
Jean 3:14;SKN;50-0115;19;2;desert serpent
Apocalypse 6:1;SKN;50-0115;19;2;sept voix
Matthieu 1:18;SKN;50-0115;22;2;joseph naissance
Apocalypse 10:7;SKN;50-0115;23;3;ange annonce trompette
Matthieu 1:18;SKN;50-0115;24;2;marie naissance
Malachie 3:1;SKN;50-0115;25;2;lange temple
Malachie 3:1;SKN;50-0115;29;2;lange temple
Esaie 53:9;SKN;50-0115;29;2;aucune navait
Actes 20:24;SKN;50-0115;29;2;cas levangile
Matthieu 24:24;SKN;50-0115;30;2;prodiges signes
Matthieu 1:18;SKN;50-0115;31;2;enceinte marie
Joel 2:28;SKN;50-0115;35;2;filles jeunes
Genese 6:4;SKN;50-0115;35;2;filles quelles
Matthieu 1:18;SKN;50-0115;37;2;enceinte marie
Galates 4:27;SKN;50-0115;38;2;joie nes
Jean 16:21;SKN;50-0115;38;2;joie lenfant
Actes 20:24;SKN;50-0115;39;2;aucun levangile
Psaumes 42:7;SKN;50-0115;39;2;tes voix
Joel 2:28;SKN;50-0115;42;3;filles prophetiseront repandrai
1 Timothee 3:16;SKN;50-0115;43;2;eleve preche
Esaie 53:12;SKN;50-0115;50;2;grands plusieurs
Apocalypse 17:8;SKN;50-0115;53;3;ecrits noms vue
Jean 5:7;SKN;50-0115;54;2;descend leau
Matthieu 24:24;SKN;50-0115;56;2;prodiges signes
1 Timothee 3:16;SKN;50-0115;56;2;cru preche
Apocalypse 13:14;SKN;50-0115;56;2;fut miracles
Esaie 61:1;SKN;50-0115;56;2;bonnes envoye
Matthieu 3:16;SKN;50-0115;56;3;baptise colombe descendre
Jacques 5:14;SKN;50-0115;57;2;dhuile malade
Matthieu 10:1;SKN;50-0115;57;2;appele maladie
Joel 2:28;SKN;50-0115;58;2;filles jeunes
Matthieu 24:24;SKN;50-0115;59;2;prodiges signes
Esaie 53:5;SKN;50-0115;62;3;blesse gueris meurtrissures
Actes 20:24;SKN;50-0115;62;2;levangile rendre
Hebreux 3:1;SKN;50-0200;1;2;sacrificateur souverain
Hebreux 9:11;SKN;50-0200;1;3;sacrificateur souverain tabernacle
Apocalypse 6:6;SKN;50-0200;1;2;animaux voix
Apocalypse 21:19;SKN;50-0200;1;2;cite second
Hebreux 9:11-14;SKN;50-0200;1;3;sacrificateur souverain tabernacle
Hebreux 4:15;SKN;50-0200;1;3;navons sacrificateur souverain
Actes 20:24;SKN;50-0200;1;2;aucun service
Nombres 19:9;SKN;50-0200;1;2;camp hors
Apocalypse 6:1;SKN;50-0200;1;2;animaux voix
Hebreux 4:14;SKN;50-0200;1;2;sacrificateur souverain
Ephesiens 2:12;SKN;50-0200;3;2;cite etrangers
Esaie 50:6;SKN;50-0200;4;2;dos nai
Joel 2:28;SKN;50-0200;5;2;arrivera jeunes
Deuteronome 18:15;SKN;50-0200;5;2;leternel tes
Genese 2:7;SKN;50-0200;5;2;leternel poussiere
Esaie 27:12;SKN;50-0200;5;2;arrivera leternel
Apocalypse 6:6;SKN;50-0200;8;2;mesure milieu
Luc 7:36;SKN;50-0200;8;2;manger table
Apocalypse 22:19;SKN;50-0200;9;2;cite larbre
Esaie 40:3;SKN;50-0200;18;2;leternel route
Apocalypse 19:11;SKN;50-0200;19;2;appele justice
Joel 2:28;SKN;50-0200;27;2;filles jeunes
Apocalypse 17:8;SKN;50-0200;27;2;voyant vue
Galates 4:27;SKN;50-0200;32;2;ecrit travail
Exode 13:21;SKN;50-0200;34;3;allait chemin nuit
Hebreux 9:11;SKN;50-0200;38;2;biens tabernacle
Hebreux 9:11-14;SKN;50-0200;38;2;biens tabernacle
Galates 4:27;SKN;50-0200;40;2;cris joie
Matthieu 24:29;SKN;50-0200;42;2;cieux etoiles
Galates 4:27;SKN;50-0200;42;2;cris joie
Daniel 7:9;SKN;50-0200;43;2;cheveux places
Zacharie 11:12;SKN;50-0200;46;2;dargent donnez
Galates 4:27;SKN;50-0200;46;3;cris joie travail
Hebreux 12:25;SKN;50-0200;46;2;nont prenez
Jean 5:7;SKN;50-0200;48;2;malade nai
Apocalypse 19:21;SKN;50-0200;50;3;furent fut tue
Matthieu 3:16;SKN;50-0200;50;2;aussitot furent
Matthieu 3:16;SKN;50-0200;51;2;aussitot leau
Matthieu 3:16;SKN;50-0200;52;2;aussitot leau
Apocalypse 1:1;SKN;50-0200;55;2;arriver bientot
Actes 2:24;SKN;50-0200;55;2;ayant possible
Hebreux 4:14;SKN;50-0200;55;2;ayant traverse
Psaumes 41:9;SKN;50-0200;57;2;ami intime
Jean 5:7;SKN;50-0200;58;2;nai viens
Apocalypse 19:11;SKN;50-0200;58;2;appele blanc
Esaie 50:6;SKN;50-0200;58;2;dos nai
Genese 3:16;SKN;50-0200;63;2;tes travail
Malachie 3:1;SKN;50-0200;66;2;lange viendra
Apocalypse 1:7;SKN;50-0200;66;2;lont verra
Genese 2:7;SKN;50-0200;67;2;ame poussiere
Apocalypse 10:1;SKN;50-0200;68;2;soleil visage
Apocalypse 10:1-7;SKN;50-0200;68;2;soleil visage
Matthieu 24:29;SKN;50-0200;68;2;cieux soleil
Daniel 7:9;SKN;50-0200;70;2;blanc cheveux
Hebreux 12:24;SKN;50-0200;70;2;mieux nouvelle
Matthieu 12:42;SKN;50-0227;2;2;jugement midi
Actes 2:38;SKN;50-0227;6;2;don peches
Psaumes 103:3;SKN;50-0227;6;2;pardonne tes
Apocalypse 22:18;SKN;50-0227;9;2;entend temoignage
Hebreux 11:1;SKN;50-0227;9;3;celles espere voit
Ephesiens 1:13;SKN;50-0227;9;2;cru espere
Ephesiens 1:13-14;SKN;50-0227;9;2;cru espere
Apocalypse 19:21;SKN;50-0227;14;2;furent tue
Matthieu 24:24;SKN;50-0227;19;2;possible signes
Ezechiel 28:12;SKN;50-0227;21;2;etais roi
Galates 1:8;SKN;50-0227;23;2;ange memes
Matthieu 24:24;SKN;50-0227;23;2;prodiges signes
Matthieu 24:24;SKN;50-0227;24;2;prodiges signes
Actes 2:38;SKN;50-0227;26;2;don peches
Luc 21:24;SKN;50-0227;28;2;pieds seront
Apocalypse 10:1;SKN;50-0227;29;2;ange visage
Apocalypse 10:1-7;SKN;50-0227;29;2;ange visage
Esaie 40:3;SKN;50-0227;30;3;crie desert voix
Genese 3:8;SKN;50-0227;30;2;jardin voix
Apocalypse 17:3;SKN;50-0227;30;2;desert sept
Genese 3:1;SKN;50-0227;30;2;jardin serpent
Jean 3:14;SKN;50-0227;30;2;desert serpent
Apocalypse 6:1;SKN;50-0227;30;2;sept voix
Hebreux 6:1;SKN;50-0227;31;2;commencement repentance
Amos 3:7;SKN;50-0227;32;2;prophetes revele
Apocalypse 10:7;SKN;50-0227;32;2;ange prophetes
Matthieu 24:29;SKN;50-0227;32;2;etoiles lune
Apocalypse 6:11;SKN;50-0227;32;2;compagnons fut
Apocalypse 20:4;SKN;50-0227;32;2;fut temoignage
Actes 20:24;SKN;50-0227;32;3;rendre service temoignage
Apocalypse 10:7;SKN;50-0227;34;2;ange termine
Psaumes 103:3;SKN;50-0227;35;2;guerit tes
Apocalypse 10:1;SKN;50-0227;35;2;pieds vis
Apocalypse 10:1-7;SKN;50-0227;35;2;pieds vis
Genese 1:11;SKN;50-0227;35;2;ayant portant
Apocalypse 17:3;SKN;50-0227;35;3;assise ayant vis
Matthieu 3:16;SKN;50-0227;35;2;ayant descendre
Hebreux 12:24;SKN;50-0300;1;2;alliance mieux
Malachie 4:5;SKN;50-0300;2;2;terrible vienne
Hebreux 6:4;SKN;50-0300;5;2;don impossible
Matthieu 1:18;SKN;50-0300;8;2;marie naissance
Apocalypse 17:3;SKN;50-0300;10;2;ayant desert
Apocalypse 6:12;SKN;50-0300;10;2;fit soleil
Genese 3:1;SKN;50-0300;11;2;arbre jardin
Esaie 40:3;SKN;50-0300;13;3;crie desert voix
Apocalypse 17:3;SKN;50-0300;13;2;desert sept
Apocalypse 6:1;SKN;50-0300;13;2;sept voix
Nombres 12:6;SKN;50-0300;14;2;paroles vision
Apocalypse 6:1;SKN;50-0300;14;2;sept voix
Apocalypse 6:6;SKN;50-0300;15;2;mesure voix
Ezechiel 28:12;SKN;50-0300;16;2;forme plein
Ezechiel 28:12;SKN;50-0300;17;2;etais forme
Apocalypse 10:7;SKN;50-0300;18;2;ange voix
Esaie 61:1;SKN;50-0300;18;2;apporter envoye
Apocalypse 1:1;SKN;50-0300;18;2;ange montrer
Actes 2:38;SKN;50-0300;22;2;don peches
1 Timothee 3:16;SKN;50-0300;22;2;manifeste preche
Actes 2:38;SKN;50-0300;23;2;don peches
Apocalypse 10:1;SKN;50-0300;28;2;ange nuee
Apocalypse 10:7;SKN;50-0300;28;2;ange voix
Apocalypse 10:1-7;SKN;50-0300;28;2;ange nuee
Esaie 40:3;SKN;50-0300;28;2;chemin voix
Marc 9:7;SKN;50-0300;28;2;nuee voix
Apocalypse 1:1;SKN;50-0300;28;2;ange arriver
Psaumes 42:7;SKN;50-0300;28;2;tes voix
Hebreux 10:26;SKN;50-0300;29;2;peches sacrifice
Esaie 53:5;SKN;50-0300;29;3;blesse gueris meurtrissures
Galates 1:8;SKN;50-0300;30;2;ange memes
Matthieu 24:24;SKN;50-0300;30;2;grands prodiges
Matthieu 1:18;SKN;50-0300;30;2;etant soient
Apocalypse 17:17;SKN;50-0300;30;2;curs soient
Apocalypse 20:4;SKN;50-0300;30;2;rendu temoignage
Deuteronome 32:11;SKN;50-0300;30;2;ailes etend
Actes 20:24;SKN;50-0300;30;3;rendre service temoignage
Apocalypse 17:17;SKN;50-0300;33;2;curs paroles
Matthieu 10:1;SKN;50-0300;34;3;appele chasser guerir
Jean 5:7;SKN;50-0300;36;2;malade viens
Matthieu 10:1;SKN;50-0300;36;2;guerir maladie
Apocalypse 10:7;SKN;50-0405;7;3;termine trompette voix
Malachie 3:1;SKN;50-0405;7;2;lange prenez
Apocalypse 1:10;SKN;50-0405;7;2;trompette voix
Esaie 53:12;SKN;50-0405;8;2;aura plusieurs
Actes 20:24;SKN;50-0405;9;2;levangile service
Genese 1:26;SKN;50-0405;10;2;mer selon
Genese 1:28;SKN;50-0405;10;2;benit mer
Hebreux 3:1;SKN;50-0405;11;2;celeste lappel
Actes 20:24;SKN;50-0405;11;3;levangile service tiens
Matthieu 1:18;SKN;50-0405;12;2;naissance soient
Matthieu 10:1;SKN;50-0405;12;2;esprits guerir
Malachie 3:1;SKN;50-0405;12;2;lange viendra
Matthieu 3:16;SKN;50-0405;14;2;leau vit
Apocalypse 1:1;SKN;50-0405;15;2;arriver revelation
Actes 15:14;SKN;50-0405;17;2;premierement simeon
Jean 5:14;SKN;50-0405;17;2;peur temple
Actes 15:14;SKN;50-0405;18;2;premierement simeon
Apocalypse 1:1;SKN;50-0405;18;2;arriver revelation
Apocalypse 1:1;SKN;50-0405;19;2;arriver revelation
Jean 5:7;SKN;50-0405;23;2;leau malade
Actes 15:14;SKN;50-0405;23;2;premierement simeon
Actes 1:8;SKN;50-0405;29;2;bout serez
Hebreux 1:1;SKN;50-0405;31;2;plusieurs reprises
Esaie 28:19;SKN;50-0405;34;2;passera prendra
Hebreux 13:10;SKN;50-0405;37;3;droit manger nont
Hebreux 13:10;SKN;50-0405;39;2;droit manger
Apocalypse 1:10;SKN;50-0405;39;2;journee voix
Matthieu 3:16;SKN;50-0405;44;2;cieux descendre
Apocalypse 10:1;SKN;50-0405;49;2;descendant soleil
Apocalypse 10:1-7;SKN;50-0405;49;2;descendant soleil
Genese 3:16;SKN;50-0405;49;2;mari tourne
Ephesiens 2:12;SKN;50-0405;52;2;droit etant
Exode 13:21;SKN;50-0405;52;2;chemin conduire
Jean 16:21;SKN;50-0405;52;2;heure lenfant
Exode 13:21;SKN;50-0405;53;2;chemin conduire
Apocalypse 1:1;SKN;50-0405;57;2;ange montrer
Hebreux 1:1;SKN;50-0405;61;2;plusieurs reprises
Hebreux 11:1;SKN;50-0405;62;3;celles espere voit
Apocalypse 10:1;SKN;50-0405;63;2;pieds visage
Apocalypse 10:1-7;SKN;50-0405;63;2;pieds visage
Actes 2:38;SKN;50-0405;65;2;don peches
Hebreux 3:1;SKN;50-0405;65;2;celeste confession
Hebreux 6:4;SKN;50-0405;65;2;celeste don
Romains 8:11;SKN;50-0405;72;2;dentre ressuscite
Hebreux 6:4;SKN;50-0405;72;2;celeste don
Actes 1:8;SKN;50-0405;77;2;serez temoins
Jean 14:9;SKN;50-0405;78;3;connu mas philippe
Psaumes 35:11;SKN;50-0405;79;2;nai temoins
Matthieu 10:1;SKN;50-0405;81;3;chasser esprits guerir
Jean 5:14;SKN;50-0405;85;2;gueri peur
Apocalypse 13:14;SKN;50-0409;1;2;fut miracles
Actes 2:38;SKN;50-0409;3;2;baptise peches
Matthieu 3:16;SKN;50-0409;3;3;aussitot baptise leau
Hebreux 3:1;SKN;50-0409;4;2;celeste sacrificateur
Hebreux 6:4;SKN;50-0409;4;2;celeste don
Apocalypse 20:4;SKN;50-0409;4;2;rendu temoignage
Matthieu 3:16;SKN;50-0409;4;3;baptise leau vit
Actes 20:24;SKN;50-0409;4;2;levangile temoignage
Actes 2:24;SKN;50-0409;4;2;possible ressuscite
Hebreux 3:1;SKN;50-0409;5;2;celeste confession
Esaie 14:12;SKN;50-0409;5;2;nations tombe
Luc 21:24;SKN;50-0409;5;2;nations seront
Actes 2:24;SKN;50-0409;5;2;possible ressuscite
Jean 5:24;SKN;50-0409;6;2;croit eternelle
Actes 2:38;SKN;50-0409;6;2;baptise peches
Jean 3:16;SKN;50-0409;6;2;croit eternelle
Hebreux 3:1;SKN;50-0409;7;2;celeste confession
Matthieu 10:1;SKN;50-0409;7;2;ayant disciples
Apocalypse 17:15;SKN;50-0409;7;2;eaux nations
Matthieu 3:16;SKN;50-0409;7;2;ayant baptise
Hebreux 4:14;SKN;50-0409;7;2;ayant confession
Actes 2:38;SKN;50-0409;8;2;baptise peches
Actes 1:8;SKN;50-0409;8;2;bout jusquau
1 Timothee 3:16;SKN;50-0409;8;2;eleve nations
Esaie 14:12;SKN;50-0409;8;2;nations tombe
Apocalypse 20:4;SKN;50-0409;8;2;ames temoignage
Matthieu 3:16;SKN;50-0409;8;2;baptise descendre
Actes 20:24;SKN;50-0409;8;2;levangile temoignage
Actes 2:24;SKN;50-0409;8;2;possible ressuscite
Marc 13:27;SKN;50-0409;8;2;bout jusquau
Galates 3:29;SKN;50-0711;4;3;dabraham heritiers selon
Actes 2:38;SKN;50-0711;5;2;don peches
Jean 5:7;SKN;50-0711;5;2;malade nai
Actes 20:24;SKN;50-0711;6;3;cas rendre temoignage
Matthieu 24:24;SKN;50-0711;7;2;grands maniere
Matthieu 1:18;SKN;50-0711;7;2;etant naissance
Apocalypse 6:1;SKN;50-0711;7;2;sept voix
Apocalypse 22:8;SKN;50-0711;8;2;lange montrait
Ezechiel 28:12;SKN;50-0711;10;2;etais roi
Jean 14:9;SKN;50-0711;10;3;connu mas philippe
Actes 20:24;SKN;50-0711;13;2;aucun levangile
Esaie 53:12;SKN;50-0711;15;2;aura compte
Matthieu 24:29;SKN;50-0711;16;2;cieux puissances
Esaie 61:1;SKN;50-0711;20;2;envoye nouvelles
Esaie 61:1;SKN;50-0711;21;2;apporter envoye
Joel 2:28;SKN;50-0711;26;2;filles jeunes
1 Timothee 3:16;SKN;50-0711;41;2;manifeste nations
Matthieu 24:24;SKN;50-0711;42;2;prodiges signes
Hebreux 4:14;SKN;50-0711;42;2;cieux ferme
Deuteronome 18:15;SKN;50-0711;43;2;dentre leternel
Jean 5:14;SKN;50-0711;47;3;gueri peur tarrive
Genese 6:4;SKN;50-0711;47;2;renom venus
Ephesiens 2:12;SKN;50-0711;51;2;droit etiez
Hebreux 9:11;SKN;50-0711;54;2;sacrificateur souverain
Esaie 53:5;SKN;50-0711;54;3;blesse gueris meurtrissures
Hebreux 9:11-14;SKN;50-0711;54;2;sacrificateur souverain
Hebreux 4:15;SKN;50-0711;54;2;sacrificateur souverain
Hebreux 4:14;SKN;50-0711;54;3;confession sacrificateur souverain
Hebreux 9:11;SKN;50-0711;55;2;sacrificateur souverain
Hebreux 9:11-14;SKN;50-0711;55;2;sacrificateur souverain
Hebreux 4:15;SKN;50-0711;55;3;sacrificateur souverain tente
Hebreux 4:14;SKN;50-0711;55;3;confession sacrificateur souverain
Hebreux 12:25;SKN;50-0713;2;2;garde parlait
Actes 2:38;SKN;50-0713;4;2;don peches
Apocalypse 10:1;SKN;50-0713;4;2;pieds visage
Apocalypse 10:1-7;SKN;50-0713;4;2;pieds visage
Daniel 7:9;SKN;50-0713;4;3;blanc cheveux vetement
Marc 9:7;SKN;50-0713;4;2;vint voix
Zacharie 14:6;SKN;50-0713;4;2;arrivera aura
Luc 21:24;SKN;50-0713;4;2;nations pieds
Psaumes 16:8;SKN;50-0713;4;2;droite serai
Matthieu 24:24;SKN;50-0713;5;2;prodiges signes
Matthieu 24:24;SKN;50-0713;6;2;faux possible
Apocalypse 3:14;SKN;50-0713;6;2;fidele veritable
Apocalypse 19:11;SKN;50-0713;6;2;fidele veritable
Apocalypse 10:7;SKN;50-0713;7;2;ange voix
Esaie 40:3;SKN;50-0713;7;2;chemin voix
Apocalypse 1:1;SKN;50-0713;7;2;ange arriver
Actes 20:24;SKN;50-0713;7;3;aucun service tiens
Psaumes 42:7;SKN;50-0713;7;2;tes voix
Galates 1:8;SKN;50-0713;9;2;ange memes
Matthieu 24:24;SKN;50-0713;9;2;prodiges signes
Apocalypse 10:1;SKN;50-0713;9;2;ange nuee
Apocalypse 10:1-7;SKN;50-0713;9;2;ange nuee
Exode 13:21;SKN;50-0713;9;3;colonne nuee nuit
Apocalypse 1:1;SKN;50-0713;9;3;ange bientot montrer
Jean 14:12;SKN;50-0713;10;2;croit uvres
Jean 5:24;SKN;50-0713;10;3;croit entend envoye
Matthieu 24:24;SKN;50-0713;10;3;grands possible prophetes
Esaie 9:6;SKN;50-0713;10;3;fort merveilleux paix
Joel 2:28;SKN;50-0713;10;2;chair verront
Jacques 5:14;SKN;50-0713;10;2;anciens malade
Genese 1:26;SKN;50-0713;10;2;animal mer
Psaumes 103:3;SKN;50-0713;10;3;guerit pardonne tes
Deuteronome 18:15;SKN;50-0713;10;2;milieu tes
Jean 5:7;SKN;50-0713;10;3;jette malade viens
Actes 1:8;SKN;50-0713;10;2;samarie serez
Hebreux 1:1;SKN;50-0713;10;2;plusieurs prophetes
Marc 11:23;SKN;50-0713;10;3;aura jette mer
Apocalypse 10:7;SKN;50-0713;10;3;ange prophetes voix
Apocalypse 22:18;SKN;50-0713;10;3;entend rends temoignage
1 Timothee 3:16;SKN;50-0713;10;3;anges chair cru
Hebreux 13:10;SKN;50-0713;10;2;droit manger
Hebreux 6:4;SKN;50-0713;10;2;celeste don
Nombres 12:6;SKN;50-0713;10;2;connaitre vision
Genese 3:16;SKN;50-0713;10;2;tes travail
Luc 16:16;SKN;50-0713;10;2;prophetes royaume
Genese 3:8;SKN;50-0713;10;2;milieu voix
Apocalypse 19:21;SKN;50-0713;10;3;bouche chair tue
Matthieu 24:29;SKN;50-0713;10;3;aussitot etoiles lune
Ephesiens 2:12;SKN;50-0713;10;2;droit etant
Esaie 53:5;SKN;50-0713;10;2;gueris paix
Zacharie 14:7;SKN;50-0713;10;2;aura connu
Exode 13:21;SKN;50-0713;10;3;allait chemin marchent
Matthieu 11:10;SKN;50-0713;10;2;chemin ecrit
Apocalypse 6:6;SKN;50-0713;10;2;milieu voix
Ephesiens 1:20;SKN;50-0713;10;2;asseoir droite
Apocalypse 17:3;SKN;50-0713;10;2;desert sept
Jean 12:24;SKN;50-0713;10;2;demeure meure
Ezechiel 28:12;SKN;50-0713;10;2;etais forme
Romains 8:22;SKN;50-0713;10;2;ensemble travail
Apocalypse 20:4;SKN;50-0713;10;2;rendu temoignage
Matthieu 19:28;SKN;50-0713;10;2;douze serez
Apocalypse 19:11;SKN;50-0713;10;2;appele veritable
Deuteronome 18:22;SKN;50-0713;10;2;dite peur
Matthieu 18:10;SKN;50-0713;10;3;anges garde prenez
Malachie 3:1;SKN;50-0713;10;3;chemin prenez temple
Deuteronome 32:11;SKN;50-0713;10;2;ailes plane
Apocalypse 16:13;SKN;50-0713;10;2;bouche esprits
Esaie 53:9;SKN;50-0713;10;2;aucune bouche
Psaumes 41:9;SKN;50-0713;10;2;ami leve
Matthieu 3:16;SKN;50-0713;10;2;aussitot descendre
Apocalypse 6:3;SKN;50-0713;10;2;animal viens
Matthieu 24:7;SKN;50-0713;10;2;aura royaume
Galates 4:27;SKN;50-0713;10;2;ecrit travail
Jean 5:14;SKN;50-0713;10;3;gueri peur temple
Jean 3:21;SKN;50-0713;10;2;soient uvres
Hebreux 12:25;SKN;50-0713;10;2;garde prenez
Actes 2:24;SKN;50-0713;10;2;douleurs possible
Luc 1:17;SKN;50-0713;10;2;pensee retourner
Psaumes 16:8;SKN;50-0713;10;2;droite serai
Josue 10:12;SKN;50-0713;10;2;lune parla
Marc 13:27;SKN;50-0713;10;2;anges vents
Psaumes 42:7;SKN;50-0713;10;2;tes voix
Marc 16:1;SKN;50-0713;10;2;etant marie
Jean 14:9;SKN;50-0713;10;2;connu philippe
Apocalypse 6:1;SKN;50-0713;10;3;sept viens voix
Marc 11:23;SKN;50-0714;2;2;aura ote
Zacharie 14:7;SKN;50-0714;3;2;aura nuit
Exode 13:21;SKN;50-0714;3;2;chemin nuit
Apocalypse 17:15;SKN;50-0714;7;2;assise foules
Luc 16:16;SKN;50-0714;13;2;lors royaume
Exode 13:21;SKN;50-0714;14;2;allait nuit
Matthieu 18:10;SKN;50-0714;18;2;cieux face
Jeremie 8:22;SKN;50-0714;19;2;fille medecin
Psaumes 41:9;SKN;50-0714;19;2;intime leve
Exode 13:21;SKN;50-0714;22;2;colonne nuee
Apocalypse 19:11;SKN;50-0714;22;2;appele justice
Esaie 53:12;SKN;50-0714;22;2;compte plusieurs
Jean 5:14;SKN;50-0714;25;3;gueri peur tarrive
Esaie 28:19;SKN;50-0714;27;2;entendre nuit
Genese 1:26;SKN;50-0714;30;2;mer poissons
Genese 1:28;SKN;50-0714;30;2;mer poissons
Jean 5:24;SKN;50-0714;33;2;croit eternelle
Esaie 32:2;SKN;50-0714;33;2;aride rocher
Jean 5:7;SKN;50-0714;34;2;malade viens
Hebreux 3:1;SKN;50-0714;34;2;sacrificateur souverain
Ephesiens 1:5;SKN;50-0714;34;2;selon volonte
Hebreux 10:26;SKN;50-0714;34;2;peches sacrifice
Psaumes 16:10;SKN;50-0714;34;3;ame corruption voie
Hebreux 9:11;SKN;50-0714;34;2;sacrificateur souverain
Genese 1:11;SKN;50-0714;34;2;selon semence
Apocalypse 17:17;SKN;50-0714;34;2;donner soient
Galates 3:29;SKN;50-0714;34;2;selon semence
Hebreux 9:11-14;SKN;50-0714;34;2;sacrificateur souverain
Hebreux 4:15;SKN;50-0714;34;2;sacrificateur souverain
Actes 2:24;SKN;50-0714;34;2;possible ressuscite
Hebreux 4:14;SKN;50-0714;34;2;sacrificateur souverain
Matthieu 24:24;SKN;50-0714;36;2;maniere possible
Esaie 53:12;SKN;50-0714;36;2;compte plusieurs
Actes 20:24;SKN;50-0714;36;3;aucun rendre service
Josue 10:12;SKN;50-0714;39;3;arrete josue soleil
Actes 2:4;SKN;50-0715;3;2;furent selon
Ephesiens 1:5;SKN;50-0715;3;2;ayant selon
Genese 1:11;SKN;50-0715;3;2;ayant selon
Matthieu 10:1;SKN;50-0715;3;2;ayant maladie
Apocalypse 19:21;SKN;50-0715;3;2;furent fut
Ephesiens 2:12;SKN;50-0715;3;2;etant israel
Matthieu 18:10;SKN;50-0715;3;2;garde prenez
Matthieu 3:16;SKN;50-0715;3;2;ayant furent
Hebreux 12:25;SKN;50-0715;3;2;garde prenez
Jean 12:14;SKN;50-0715;3;2;ayant selon
Matthieu 24:24;SKN;50-0715;4;2;possible prodiges
Actes 20:24;SKN;50-0715;5;2;cas service
Joel 2:28;SKN;50-0715;6;2;chair filles
Matthieu 1:18;SKN;50-0715;7;2;ensemble soient
Apocalypse 17:17;SKN;50-0715;7;2;donner soient
Apocalypse 5:9;SKN;50-0715;7;2;cantique ouvrir
Esaie 53:12;SKN;50-0715;8;2;aura plusieurs
Exode 13:21;SKN;50-0715;15;2;allait chemin
Zacharie 14:6;SKN;50-0715;15;2;arrivera aura
Apocalypse 5:9;SKN;50-0715;18;2;cantique nation
Hebreux 13:10;SKN;50-0715;21;2;manger tabernacle
Apocalypse 6:1;SKN;50-0715;25;2;viens voix
Exode 13:21;SKN;50-0715;26;2;chemin nuit
Matthieu 11:10;SKN;50-0715;26;2;chemin face
Apocalypse 5:9;SKN;50-0715;26;2;cantique chantent
Esaie 40:3;SKN;50-0715;27;2;chemin sterile
Apocalypse 19:21;SKN;50-0715;27;2;oiseaux sortait
Genese 1:11;SKN;50-0715;30;2;portant selon
Joel 2:28;SKN;50-0715;31;2;filles jeunes
Deuteronome 18:15;SKN;50-0715;31;2;milieu tes
Hebreux 6:4;SKN;50-0715;31;2;celeste don
Genese 3:16;SKN;50-0715;31;2;desir tes
Exode 13:21;SKN;50-0715;31;2;marchent nuit
Jean 3:21;SKN;50-0715;31;2;soient uvres
Jean 14:12;SKN;50-0715;33;2;grandes uvres
Actes 2:38;SKN;50-0715;33;2;don peches
Apocalypse 10:1;SKN;50-0715;33;2;ange visage
Matthieu 1:18;SKN;50-0715;33;2;naissance soient
Apocalypse 10:1-7;SKN;50-0715;33;2;ange visage
Genese 3:16;SKN;50-0715;33;2;grandes tes
Apocalypse 17:17;SKN;50-0715;33;3;accomplies curs soient
Psaumes 22:7;SKN;50-0715;33;2;bouche voient
Malachie 4:5;SKN;50-0715;33;2;envoie vienne
Jean 3:21;SKN;50-0715;33;2;soient uvres
Jean 14:9;SKN;50-0715;33;2;montre philippe
Hebreux 1:1;SKN;50-0716;8;2;autrefois manieres
Hebreux 3:1;SKN;50-0716;11;2;confession saints
1 Timothee 3:16;SKN;50-0716;11;2;anges preche
Actes 2:38;SKN;50-0716;13;2;peches recevrez
Hebreux 11:1;SKN;50-0716;13;3;celles espere voit
Genese 1:11;SKN;50-0716;16;3;espece selon semence
Galates 3:29;SKN;50-0716;16;2;selon semence
Jean 12:14;SKN;50-0716;16;2;ecrit selon
Actes 20:24;SKN;50-0716;19;2;levangile rendre
Apocalypse 13:8;SKN;50-0716;20;3;fondation immole lagneau
Apocalypse 6:1;SKN;50-0716;20;2;lagneau sceaux
Jean 3:16;SKN;50-0716;22;2;croit quiconque
Apocalypse 17:15;SKN;50-0716;22;2;assise foules
Genese 6:4;SKN;50-0716;22;2;quelles venus
Matthieu 24:29;SKN;50-0716;23;2;puissances seront
Matthieu 1:18;SKN;50-0716;25;2;joseph marie
Matthieu 1:18;SKN;50-0716;26;3;joseph marie naissance
Genese 1:26;SKN;50-0716;27;2;image selon
Matthieu 1:18;SKN;50-0716;27;2;marie naissance
Apocalypse 13:14;SKN;50-0716;27;2;image repris
Colossiens 1:15;SKN;50-0716;27;2;image premier
Apocalypse 10:7;SKN;50-0716;29;2;ange prophetes
Esaie 53:12;SKN;50-0716;30;2;aura compte
Apocalypse 10:7;SKN;50-0716;31;3;ange annonce trompette
1 Timothee 3:16;SKN;50-0716;31;2;anges nations
Actes 15:14;SKN;50-0716;31;2;nations premierement
Actes 1:8;SKN;50-0716;33;2;judee jusquau
Genese 14:18;SKN;50-0716;33;2;fit sacrificateur
Genese 2:7;SKN;50-0716;34;2;ame poussiere
Joel 2:28;SKN;50-0716;37;2;filles jeunes
Daniel 7:9;SKN;50-0716;37;3;cheveux lancien pure
Matthieu 1:18;SKN;50-0716;38;3;fiancee joseph marie
Malachie 3:1;SKN;50-0716;40;2;lange soudain
Genese 1:11;SKN;50-0716;41;2;produise selon
Matthieu 24:24;SKN;50-0716;44;2;faux maniere
Matthieu 24:29;SKN;50-0716;44;2;aussitot lune
Actes 1:8;SKN;50-0716;45;2;bout venant
Esaie 53:12;SKN;50-0716;46;2;ame compte
Matthieu 1:18;SKN;50-0716;48;2;enceinte marie
Malachie 3:1;SKN;50-0716;49;2;lange prenez
1 Timothee 3:16;SKN;50-0716;54;2;eleve preche
Matthieu 24:24;SKN;50-0716;57;2;faux possible
Apocalypse 19:21;SKN;50-0716;57;2;bouche sortait
Apocalypse 16:13;SKN;50-0716;57;2;bouche faux
Jacques 5:14;SKN;50-0716;61;2;anciens malade
Jean 5:7;SKN;50-0716;68;2;descend leau
Esaie 32:2;SKN;50-0716;68;2;deau sec
Esaie 40:3;SKN;50-0716;70;2;chemin route
Exode 13:21;SKN;50-0716;70;2;allait chemin
Psaumes 41:9;SKN;50-0716;70;2;ami intime
Actes 20:24;SKN;50-0716;70;2;cas precieuse
Actes 20:24;SKN;50-0716;71;2;aucun levangile
Exode 13:21;SKN;50-0716;72;2;allait chemin
Malachie 3:1;SKN;50-0716;72;3;chemin lange prenez
Apocalypse 1:1;SKN;50-0716;73;2;arriver montrer
Joel 2:28;SKN;50-0716;76;2;filles jeunes
Matthieu 1:18;SKN;50-0716;76;2;etant marie
Apocalypse 21:19;SKN;50-0716;76;2;premier troisieme
Marc 16:1;SKN;50-0716;76;2;etant marie
Genese 2:7;SKN;50-0716;78;3;ame leternel vivante
Esaie 61:1;SKN;50-0716;78;2;leternel oint
Malachie 4:5;SKN;50-0716;78;2;elie leternel
Jean 3:16;SKN;50-0716;83;2;croit quiconque
Genese 1:26;SKN;50-0716;84;2;cieux mer
Marc 11:23;SKN;50-0716;84;2;mer montagne
Matthieu 27:51;SKN;50-0716;84;2;fendirent rochers
Joel 2:25;SKN;50-0716;84;2;envoyee milieu
Genese 1:28;SKN;50-0716;84;2;cieux mer
Hebreux 12:25;SKN;50-0716;84;2;cieux parlait
Genese 2:7;SKN;50-0716;86;2;ame leternel
Nombres 12:6;SKN;50-0716;86;2;leternel paroles
Esaie 61:1;SKN;50-0716;86;2;leternel nouvelles
Zacharie 14:7;SKN;50-0716;86;2;aura leternel
Zacharie 14:6;SKN;50-0716;86;2;aura seront
Jean 15:7;SKN;50-0716;86;3;demeurent demeurez paroles
Esaie 53:12;SKN;50-0716;86;2;ame aura
Matthieu 12:42;SKN;50-0716;90;2;jugement midi
Matthieu 24:24;SKN;50-0808;3;2;prodiges prophetes
Amos 3:7;SKN;50-0808;3;2;prophetes serviteurs
Ephesiens 2:12;SKN;50-0808;3;2;etant etrangers
Actes 20:24;SKN;50-0808;4;2;rendre service
Psaumes 16:10;SKN;50-0808;5;2;ame voie
Jacques 5:14;SKN;50-0808;10;3;anciens malade prient
Luc 1:17;SKN;50-0808;11;2;ira pensee
Matthieu 24:29;SKN;50-0808;16;2;aussitot tribulation
Matthieu 10:1;SKN;50-0808;17;2;esprits maladie
Esaie 28:19;SKN;50-0808;20;2;entendre prendra
Matthieu 10:1;SKN;50-0808;20;2;esprits maladie
Matthieu 12:42;SKN;50-0808;20;2;entendre jugement
Matthieu 1:18;SKN;50-0808;24;2;marie naissance
Matthieu 24:24;SKN;50-0810;3;2;prodiges signes
Jean 14:12;SKN;50-0810;5;3;celles croit grandes
Jean 5:24;SKN;50-0810;5;3;croit entend envoye
Actes 2:38;SKN;50-0810;5;2;don peches
Esaie 9:6;SKN;50-0810;5;3;fort merveilleux paix
Joel 2:28;SKN;50-0810;5;3;chair filles visions
Jacques 5:14;SKN;50-0810;5;2;appelle malade
Psaumes 103:3;SKN;50-0810;5;3;guerit pardonne tes
Jean 14:7;SKN;50-0810;5;2;connu lavez
Actes 2:4;SKN;50-0810;5;3;dautres langues selon
Hebreux 13:12;SKN;50-0810;5;2;propre souffert
Amos 3:7;SKN;50-0810;5;3;prophetes revele serviteurs
Romains 5:1;SKN;50-0810;5;2;ayant paix
Jean 12:20;SKN;50-0810;5;2;adorer dentre
Genese 2:7;SKN;50-0810;5;2;ame sol
1 Timothee 3:16;SKN;50-0810;5;3;anges chair cru
Ephesiens 1:5;SKN;50-0810;5;2;ayant selon
Hebreux 13:10;SKN;50-0810;5;3;droit manger nont
Psaumes 16:10;SKN;50-0810;5;2;ame voie
Esaie 14:12;SKN;50-0810;5;2;cieux tombe
Apocalypse 17:15;SKN;50-0810;5;2;assise langues
Hebreux 11:1;SKN;50-0810;5;3;celles espere voit
Esaie 32:2;SKN;50-0810;5;3;aura lombre protection
Galates 3:16;SKN;50-0810;5;3;parlant plusieurs semence
Genese 3:8;SKN;50-0810;5;3;arbres milieu voix
Matthieu 12:42;SKN;50-0810;5;3;entendre salomon vint
Esaie 61:1;SKN;50-0810;5;2;envoye nouvelles
Actes 15:14;SKN;50-0810;5;3;raconte simeon visite
Ephesiens 2:12;SKN;50-0810;5;2;droit israel
Malachie 3:6;SKN;50-0810;5;2;change netes
Esaie 53:5;SKN;50-0810;5;3;gueris meurtrissures paix
Zacharie 14:7;SKN;50-0810;5;3;aura connu nuit
Jeremie 8:22;SKN;50-0810;5;2;fille medecin
Matthieu 28:18;SKN;50-0810;5;2;donnee parla
Daniel 7:9;SKN;50-0810;5;3;blanc cheveux lancien
Esaie 28:18;SKN;50-0810;5;2;passera serez
Apocalypse 6:6;SKN;50-0810;5;3;mesure milieu voix
Apocalypse 21:19;SKN;50-0810;5;2;fondement premier
Ephesiens 1:20;SKN;50-0810;5;3;asseoir dentre droite
Marc 9:7;SKN;50-0810;5;2;vint voix
Romains 8:22;SKN;50-0810;5;2;creation ensemble
Genese 3:1;SKN;50-0810;5;3;arbre quaucun serpent
Esaie 60:1;SKN;50-0810;5;2;leve levee
Apocalypse 21:23;SKN;50-0810;5;2;lune soleil
Luc 21:24;SKN;50-0810;5;2;jerusalem pieds
Genese 22:16;SKN;50-0810;5;2;nas refuse
Esaie 27:12;SKN;50-0810;5;3;disrael jusquau serez
Apocalypse 16:13;SKN;50-0810;5;3;bouche esprits faux
Esaie 53:9;SKN;50-0810;5;3;bouche navait riche
Psaumes 22:7;SKN;50-0810;5;2;bouche voient
Psaumes 22:18;SKN;50-0810;5;2;robe sort
Psaumes 35:11;SKN;50-0810;5;2;nai temoins
Psaumes 41:9;SKN;50-0810;5;2;leve pain
Apocalypse 1:10;SKN;50-0810;5;3;journee trompette voix
Apocalypse 3:21;SKN;50-0810;5;3;trone vaincra vaincu
Psaumes 14:1;SKN;50-0810;5;2;fasse rendu
Galates 4:27;SKN;50-0810;5;2;ecrit pousse
Luc 7:36;SKN;50-0810;5;2;manger table
Apocalypse 5:9;SKN;50-0810;5;2;cantique den
Malachie 4:5;SKN;50-0810;5;3;elie envoie vienne
Galates 3:29;SKN;50-0810;5;2;selon semence
Jean 5:14;SKN;50-0810;5;3;gueri peur temple
Genese 6:4;SKN;50-0810;5;3;filles jadis venus
Hebreux 6:1;SKN;50-0810;5;2;commencement fondement
Apocalypse 6:12;SKN;50-0810;5;2;noir soleil
Actes 2:24;SKN;50-0810;5;3;ayant lequel possible
Jean 16:21;SKN;50-0810;5;2;heure lenfant
Luc 1:17;SKN;50-0810;5;2;preparer retourner
Luc 10:1;SKN;50-0810;5;2;devait face
Jean 3:14;SKN;50-0810;5;2;desert serpent
Jean 12:14;SKN;50-0810;5;3;ayant ecrit selon
Psaumes 16:8;SKN;50-0810;5;2;droite serai
Daniel 12:3;SKN;50-0810;5;2;etoiles justice
Jean 5:39;SKN;50-0810;5;2;rendent temoignage
Marc 13:27;SKN;50-0810;5;3;anges bout jusquau
Psaumes 42:7;SKN;50-0810;5;3;appelle tes voix
Marc 16:1;SKN;50-0810;5;2;marie sabbat
Nombres 19:9;SKN;50-0810;5;2;cendre disrael
Colossiens 1:15;SKN;50-0810;5;2;creation premier
Apocalypse 6:1;SKN;50-0810;5;3;sept viens voix
Genese 14:18;SKN;50-0810;5;3;pain roi sacrificateur
Matthieu 1:18;SKN;50-0811;2;2;arriva etant
Apocalypse 13:14;SKN;50-0811;2;2;fut miracles
Actes 2:24;SKN;50-0811;2;2;lequel ressuscite
Jean 14:12;SKN;50-0811;3;2;grandes uvres
Hebreux 11:1;SKN;50-0811;9;2;celles voit
Jean 14:7;SKN;50-0811;10;2;connaissez connu
Matthieu 10:1;SKN;50-0811;10;2;ayant maladie
Genese 3:8;SKN;50-0811;10;2;arbres jardin
Genese 3:1;SKN;50-0811;10;2;arbre jardin
Actes 2:24;SKN;50-0811;10;2;ayant lequel
Apocalypse 17:17;SKN;50-0811;12;2;curs paroles
Hebreux 6:1;SKN;50-0811;12;2;commencement uvres
Matthieu 24:24;SKN;50-0811;13;2;possible prodiges
Apocalypse 13:14;SKN;50-0811;13;2;fut miracles
Apocalypse 19:21;SKN;50-0811;13;2;bouche fut
Matthieu 24:24;SKN;50-0811;16;2;faux prodiges
Matthieu 1:18;SKN;50-0811;16;2;ensemble soient
Matthieu 10:1;SKN;50-0811;20;2;douze maladie
Jeremie 8:22;SKN;50-0811;22;2;fille medecin
Matthieu 10:1;SKN;50-0811;24;2;guerir maladie
Matthieu 24:29;SKN;50-0811;24;2;cieux seront
Matthieu 18:10;SKN;50-0811;26;2;cieux garde
Hebreux 12:25;SKN;50-0811;26;2;cieux garde
Ephesiens 2:12;SKN;50-0811;28;2;etant etiez
Exode 13:21;SKN;50-0811;28;3;allait colonne marchent
Ezechiel 28:12;SKN;50-0811;28;2;etais forme
Jean 5:14;SKN;50-0811;34;2;gueri peur
Jean 5:14;SKN;50-0811;35;2;gueri peur
Matthieu 24:24;SKN;50-0813A;4;2;possible seduire
Matthieu 24:24;SKN;50-0813A;6;2;prodiges signes
Hebreux 10:26;SKN;50-0813A;7;2;connaissance peches
Apocalypse 10:1;SKN;50-0813A;12;2;soleil vis
Apocalypse 10:1-7;SKN;50-0813A;12;2;soleil vis
Apocalypse 6:12;SKN;50-0813A;12;2;soleil vis
Jean 3:16;SKN;50-0813A;13;2;croit quiconque
Jean 5:7;SKN;50-0813A;13;2;nai repondit
Apocalypse 22:18;SKN;50-0813A;13;2;ajoute quiconque
Matthieu 24:24;SKN;50-0813A;20;2;prodiges signes
Matthieu 24:24;SKN;50-0813A;21;2;maniere signes
Hebreux 3:1;SKN;50-0813A;21;2;sacrificateur saints
Genese 3:16;SKN;50-0813A;21;2;tes travail
Malachie 3:1;SKN;50-0813A;21;2;lange temple
Galates 4:27;SKN;50-0813A;21;2;sterile travail
Ephesiens 1:13;SKN;50-0813A;24;2;levangile salut
Ephesiens 1:13-14;SKN;50-0813A;24;2;levangile salut
Matthieu 1:18;SKN;50-0813A;26;2;ensemble soient
Apocalypse 17:17;SKN;50-0813A;26;2;paroles soient
Esaie 53:12;SKN;50-0813A;26;2;aura grands
Jean 3:21;SKN;50-0813A;26;2;quelles soient
Matthieu 24:24;SKN;50-0813A;29;2;prodiges signes
Apocalypse 19:21;SKN;50-0813A;30;2;fut sortait
Ephesiens 1:13;SKN;50-0813A;31;2;cru levangile
Ephesiens 1:13-14;SKN;50-0813A;31;2;cru levangile
Malachie 3:1;SKN;50-0813A;32;2;lange prenez
Exode 13:21;SKN;50-0813A;34;2;allait nuit
Genese 1:11;SKN;50-0813A;35;2;plante semence
Matthieu 24:29;SKN;50-0813A;35;2;aussitot soleil
Actes 10:35;SKN;50-0813A;36;2;justice quen
Genese 22:14;SKN;50-0813A;38;2;jehovah montagne
Genese 2:7;SKN;50-0813A;42;3;ame leternel vivante
Matthieu 1:18;SKN;50-0813A;44;2;ensemble marie
Jeremie 8:22;SKN;50-0813A;45;2;fille medecin
Jean 3:16;SKN;50-0813A;46;2;croit quiconque
Actes 2:24;SKN;50-0813A;48;2;possible ressuscite
Jean 3:21;SKN;50-0813A;59;2;manifestees soient
Genese 22:14;SKN;50-0813E;2;2;leternel montagne
Esaie 40:3;SKN;50-0813E;2;2;desert leternel
Esaie 27:12;SKN;50-0813E;2;2;degypte leternel
Apocalypse 10:1;SKN;50-0813E;3;2;ange nuee
Apocalypse 10:1-7;SKN;50-0813E;3;2;ange nuee
Matthieu 24:24;SKN;50-0813E;4;2;prodiges signes
Deuteronome 18:15;SKN;50-0813E;4;2;milieu tes
Genese 3:16;SKN;50-0813E;4;2;grandes tes
Matthieu 24:24;SKN;50-0813E;5;2;prodiges signes
Hebreux 1:1;SKN;50-0813E;6;2;plusieurs reprises
Zacharie 11:12;SKN;50-0813E;7;2;laissez sinon
Matthieu 3:16;SKN;50-0813E;8;2;aussitot descendre
Deuteronome 18:22;SKN;50-0813E;9;2;naura parlera
Actes 20:24;SKN;50-0813E;9;2;aucun temoignage
Apocalypse 17:3;SKN;50-0813E;14;2;assise vis
Genese 3:1;SKN;50-0813E;14;2;arbre serpent
Apocalypse 10:7;SKN;50-0813E;18;2;septieme voix
Matthieu 3:16;SKN;50-0813E;18;2;baptise leau
Matthieu 3:16;SKN;50-0813E;19;2;baptise cieux
Matthieu 10:1;SKN;50-0813E;20;2;appele donna
Apocalypse 19:21;SKN;50-0813E;20;2;fut tue
Apocalypse 10:1;SKN;50-0813E;25;2;pieds visage
Apocalypse 10:1-7;SKN;50-0813E;25;2;pieds visage
Psaumes 41:9;SKN;50-0813E;26;2;ami leve
Apocalypse 6:6;SKN;50-0813E;27;2;mesure voix
Psaumes 16:8;SKN;50-0813E;27;2;droite serai
Matthieu 24:24;SKN;50-0813E;30;2;prodiges signes
Matthieu 24:24;SKN;50-0813E;31;2;prodiges signes
Joel 2:28;SKN;50-0813E;31;2;filles jeunes
Apocalypse 17:17;SKN;50-0813E;31;2;donner soient
Jean 3:21;SKN;50-0813E;31;2;quelles soient
Genese 6:4;SKN;50-0813E;31;2;filles quelles
Ephesiens 2:12;SKN;50-0813E;34;2;droit etant
Deuteronome 18:22;SKN;50-0813E;37;2;dite peur
Jean 5:14;SKN;50-0813E;37;2;gueri peur
Hebreux 6:4;SKN;50-0813E;38;2;celeste don
Genese 1:11;SKN;50-0813E;39;3;espece selon semence
Galates 3:29;SKN;50-0813E;39;2;selon semence
Matthieu 10:1;SKN;50-0813E;41;2;guerir maladie
Genese 3:16;SKN;50-0813E;41;2;grandes tes
Ezechiel 28:12;SKN;50-0813E;41;3;accomplie etais forme
Apocalypse 10:1;SKN;50-0813E;43;2;pieds puissant
Apocalypse 10:1-7;SKN;50-0813E;43;2;pieds puissant
Apocalypse 3:14;SKN;50-0813E;44;2;lange veritable
Hebreux 3:1;SKN;50-0813E;45;2;celeste lapotre
Luc 7:36;SKN;50-0813E;46;2;manger table
Actes 20:24;SKN;50-0813E;48;2;rendre temoignage
Hebreux 6:4;SKN;50-0813E;54;2;don impossible
Joel 2:28;SKN;50-0813E;55;2;filles jeunes
Apocalypse 22:18;SKN;50-0813E;58;3;entend paroles temoignage
Jeremie 8:22;SKN;50-0813E;61;2;fille medecin
Exode 13:21;SKN;50-0813E;61;2;chemin nuit
Hebreux 1:1;SKN;50-0813E;70;2;plusieurs reprises
Hebreux 6:4;SKN;50-0813E;70;2;celeste don
Matthieu 24:24;SKN;50-0814;1;2;grands possible
Jean 5:7;SKN;50-0814;2;3;leau malade viens
Actes 1:8;SKN;50-0814;2;2;judee venant
Apocalypse 10:7;SKN;50-0814;2;2;nouvelle septieme
Matthieu 10:1;SKN;50-0814;2;2;ayant guerir
Ephesiens 1:13;SKN;50-0814;2;2;ayant cru
Hebreux 12:24;SKN;50-0814;2;2;mieux nouvelle
Ephesiens 1:13-14;SKN;50-0814;2;2;ayant cru
Genese 14:18;SKN;50-0814;2;2;roi vin
Exode 13:21;SKN;50-0814;5;2;allait nuit
Jean 14:12;SKN;50-0814;6;2;celles grandes
Matthieu 24:24;SKN;50-0814;6;2;prodiges signes
Jean 5:24;SKN;50-0814;7;2;envoye jugement
Matthieu 24:24;SKN;50-0814;7;2;prodiges signes
Matthieu 12:42;SKN;50-0814;7;2;jugement midi
Esaie 50:6;SKN;50-0814;7;2;face nai
Romains 8:11;SKN;50-0814;8;2;dentre habite
Matthieu 12:42;SKN;50-0814;8;2;generation jugement
Genese 15:16;SKN;50-0814;8;2;generation quatrieme
Jean 5:24;SKN;50-0814;9;2;envoye jugement
Jean 5:24;SKN;50-0814;10;2;envoye jugement
Apocalypse 10:7;SKN;50-0814;13;2;ange annonce
Actes 20:24;SKN;50-0814;14;3;cas service tiens
Apocalypse 20:4;SKN;50-0814;16;2;rendu temoignage
Joel 2:28;SKN;50-0814;17;2;songes visions
Esaie 61:1;SKN;50-0814;17;2;brise envoye
Matthieu 24:24;SKN;50-0814;18;2;prodiges signes
Apocalypse 20:4;SKN;50-0814;18;2;ames jugement
Marc 11:23;SKN;50-0814;27;2;mer montagne
Jean 5:7;SKN;50-0814;28;3;jette leau malade
Hebreux 3:1;SKN;50-0814;30;2;celeste confession
Matthieu 10:1;SKN;50-0814;39;2;guerir maladie
Exode 13:21;SKN;50-0814;41;2;chemin marchent
Actes 1:8;SKN;50-0814;44;2;bout jusquau
Marc 13:27;SKN;50-0814;44;2;bout jusquau
Apocalypse 10:7;SKN;50-0814;45;2;termine voix
Esaie 40:3;SKN;50-0814;45;2;chemin voix
Psaumes 42:7;SKN;50-0814;45;2;tes voix
Jean 3:16;SKN;50-0815;5;2;croit quiconque
Apocalypse 22:18;SKN;50-0815;5;3;ajoute quiconque temoignage
Matthieu 16:18;SKN;50-0815;5;3;batirai portes prevaudront
Matthieu 18:10;SKN;50-0815;5;2;cieux prenez
Hebreux 12:25;SKN;50-0815;5;2;cieux prenez
Jacques 5:14;SKN;50-0815;6;2;anciens malade
Jean 5:7;SKN;50-0815;6;2;malade viens
Matthieu 10:1;SKN;50-0815;6;2;ayant guerir
Ephesiens 1:13;SKN;50-0815;6;3;auquel ayant cru
Ephesiens 2:12;SKN;50-0815;6;2;etant israel
Apocalypse 5:9;SKN;50-0815;6;2;digne nation
Ephesiens 1:13-14;SKN;50-0815;6;3;auquel ayant cru
Matthieu 24:24;SKN;50-0815;12;2;maniere possible
Apocalypse 17:17;SKN;50-0815;12;2;royaume soient
Matthieu 28:18;SKN;50-0815;12;2;autorite donnee
Actes 2:24;SKN;50-0815;12;2;delie possible
Josue 10:12;SKN;50-0815;12;3;arrete josue soleil
Josue 10:12;SKN;50-0815;17;2;arrete soleil
Apocalypse 13:14;SKN;50-0815;18;2;fut image
Matthieu 24:29;SKN;50-0815;18;3;cieux etoiles soleil
Apocalypse 20:4;SKN;50-0815;18;2;fut image
Matthieu 3:16;SKN;50-0815;18;2;cieux vit
Genese 1:28;SKN;50-0815;18;3;cieux mer poissons
Genese 2:7;SKN;50-0815;19;2;ame sol
Matthieu 24:29;SKN;50-0815;20;2;cieux etoiles
Apocalypse 21:19;SKN;50-0815;20;2;premier troisieme
Genese 3:8;SKN;50-0815;21;2;jardin milieu
Jean 12:14;SKN;50-0815;21;2;ayant ecrit
Matthieu 24:24;SKN;50-0815;23;2;prodiges signes
Apocalypse 13:14;SKN;50-0815;23;2;fut miracles
Matthieu 3:16;SKN;50-0815;26;2;aussitot vit
Psaumes 103:3;SKN;50-0815;32;2;guerit tes
Jean 3:16;SKN;50-0815;34;2;croit quiconque
Matthieu 10:1;SKN;50-0815;34;2;autorite guerir
Hebreux 3:1;SKN;50-0815;35;3;confession sacrificateur souverain
Hebreux 9:11;SKN;50-0815;35;2;sacrificateur souverain
Esaie 53:5;SKN;50-0815;35;3;blesse gueris meurtrissures
Hebreux 9:11-14;SKN;50-0815;35;2;sacrificateur souverain
Hebreux 4:15;SKN;50-0815;35;2;sacrificateur souverain
Hebreux 4:14;SKN;50-0815;35;3;confession sacrificateur souverain
Actes 20:24;SKN;50-0815;36;2;cas temoignage
Jeremie 8:22;SKN;50-0815;40;2;fille medecin
Apocalypse 1:1;SKN;50-0815;40;2;donnee montrer
Matthieu 24:24;SKN;50-0815;47;2;grands possible
Esaie 53:12;SKN;50-0815;47;2;forts grands
Actes 2:24;SKN;50-0815;47;2;lequel possible
Jean 5:39;SKN;50-0815;51;2;rendent temoignage
Matthieu 10:1;SKN;50-0815;53;2;autorite maladie
Actes 20:24;SKN;50-0815;57;2;cas service
Amos 3:7;SKN;50-0816;2;2;leternel serviteurs
Genese 22:14;SKN;50-0816;2;2;leternel montagne
Nombres 12:6;SKN;50-0816;2;3;ferai leternel paroles
Zacharie 14:7;SKN;50-0816;2;2;leternel nuit
Exode 13:21;SKN;50-0816;2;2;leternel nuit
Genese 4:16;SKN;50-0816;2;2;leternel sortit
Ezechiel 28:12;SKN;50-0816;2;2;leternel roi
Deuteronome 18:22;SKN;50-0816;2;2;leternel peur
Genese 2:18-21;SKN;50-0816;2;2;ferai leternel
Esaie 27:12;SKN;50-0816;2;2;disrael leternel
Josue 10:12;SKN;50-0816;2;2;disrael leternel
Matthieu 24:24;SKN;50-0816;3;2;maniere prophetes
Amos 3:7;SKN;50-0816;3;2;prophetes serviteurs
Apocalypse 19:11;SKN;50-0816;6;2;appele combat
Apocalypse 19:11;SKN;50-0816;8;2;blanc juge
Matthieu 24:24;SKN;50-0816;15;2;faux signes
Malachie 3:1;SKN;50-0816;24;2;prenez viendra
Jeremie 8:22;SKN;50-0816;27;2;fille medecin
Nombres 12:6;SKN;50-0816;28;2;ferai vision
Apocalypse 10:7;SKN;50-0816;30;2;sonner voix
Apocalypse 17:3;SKN;50-0816;34;2;assise desert
Zacharie 14:6;SKN;50-0816;37;2;aura seront
Esaie 53:12;SKN;50-0816;37;2;aura compte
Actes 20:24;SKN;50-0816;37;2;cas rendre
Esaie 28:11;SKN;50-0816;37;2;langue levres
Matthieu 24:24;SKN;50-0816;38;2;prodiges signes
Hebreux 1:1;SKN;50-0816;38;2;autrefois peres
Matthieu 10:1;SKN;50-0816;38;2;disciples maladie
Matthieu 18:10;SKN;50-0816;38;2;face voient
Esaie 27:12;SKN;50-0816;38;2;arrivera rassembles
Esaie 50:6;SKN;50-0816;38;2;face lopprobre
Actes 20:24;SKN;50-0816;38;2;temoignage tiens
Matthieu 10:1;SKN;50-0816;41;2;esprits maladie
Apocalypse 22:18;SKN;50-0818;5;2;entend paroles
Hebreux 10:26;SKN;50-0818;6;2;peches sacrifice
Esaie 53:5;SKN;50-0818;6;2;gueris meurtrissures
Luc 7:36;SKN;50-0818;12;2;manger table
Malachie 3:1;SKN;50-0818;14;2;prenez viendra
Joel 2:28;SKN;50-0818;15;2;filles visions
Matthieu 18:10;SKN;50-0818;15;3;anges face voient
Matthieu 24:29;SKN;50-0818;16;2;etoiles soleil
Apocalypse 10:1;SKN;50-0818;17;2;ange soleil
Apocalypse 10:1-7;SKN;50-0818;17;2;ange soleil
Esaie 32:2;SKN;50-0818;17;2;aura vent
Matthieu 24:29;SKN;50-0818;17;2;lune soleil
Zacharie 14:7;SKN;50-0818;17;2;aura nuit
Apocalypse 21:23;SKN;50-0818;17;2;lune soleil
Esaie 53:12;SKN;50-0818;17;2;aura grands
Josue 10:12;SKN;50-0818;17;2;lune soleil
Jean 14:12;SKN;50-0818;18;2;grandes men
Hebreux 6:4;SKN;50-0818;20;2;celeste don
Actes 20:24;SKN;50-0818;21;2;levangile temoignage
Jean 5:39;SKN;50-0818;21;2;rendent temoignage
Matthieu 1:18;SKN;50-0818;23;2;etant naissance
Apocalypse 10:7;SKN;50-0818;23;2;nouvelle termine
Nombres 12:6;SKN;50-0818;24;2;songe vision
Actes 20:24;SKN;50-0818;24;2;aucun tiens
Matthieu 24:24;SKN;50-0818;26;3;maniere prodiges signes
Apocalypse 3:14;SKN;50-0818;27;2;lange temoin
Apocalypse 5:9;SKN;50-0818;30;2;cantique chantent
Joel 2:28;SKN;50-0818;31;2;filles jeunes
Jean 12:20;SKN;50-0818;31;2;dentre montes
Apocalypse 10:1;SKN;50-0818;32;2;descendant pieds
Apocalypse 10:1-7;SKN;50-0818;32;2;descendant pieds
Actes 20:24;SKN;50-0818;36;2;aucun temoignage
Actes 20:24;SKN;50-0818;37;2;aucun temoignage
Matthieu 24:24;SKN;50-0818;39;2;maniere possible
Apocalypse 10:1;SKN;50-0818;39;2;ange descendant
Apocalypse 10:1-7;SKN;50-0818;39;2;ange descendant
Marc 11:23;SKN;50-0818;41;2;aura dira
Esaie 53:9;SKN;50-0818;45;2;bouche navait
Hebreux 6:4;SKN;50-0818;46;2;celeste don
Ephesiens 1:13;SKN;50-0818;46;2;ayant cru
Luc 7:36;SKN;50-0818;46;2;manger table
Actes 2:24;SKN;50-0818;46;2;ayant lequel
Ephesiens 1:13-14;SKN;50-0818;46;2;ayant cru
Matthieu 24:24;SKN;50-0818;47;3;grands prodiges signes
Marc 11:23;SKN;50-0818;47;2;aura dira
Zacharie 14:7;SKN;50-0818;47;2;aura nuit
Esaie 53:12;SKN;50-0818;47;2;aura grands
Apocalypse 20:4;SKN;50-0818;49;2;jugement temoignage
Hebreux 6:4;SKN;50-0818;53;2;celeste impossible
Matthieu 24:29;SKN;50-0818;53;2;aussitot donnera
Apocalypse 22:18;SKN;50-0818;54;3;entend rends temoignage
Matthieu 24:29;SKN;50-0818;54;2;lune puissances
Apocalypse 20:4;SKN;50-0818;54;2;rendu temoignage
Malachie 3:1;SKN;50-0818;57;2;chemin prenez
Apocalypse 22:18;SKN;50-0818;62;2;rends temoignage
Marc 11:23;SKN;50-0818;65;2;montagne ote
Matthieu 10:1;SKN;50-0818;67;2;chasser guerir
Matthieu 24:24;SKN;50-0819;4;3;possible prodiges signes
Actes 1:8;SKN;50-0819;6;2;bout jusquau
Marc 13:27;SKN;50-0819;6;2;bout jusquau
Apocalypse 6:11;SKN;50-0819;8;2;blanche robe
Jean 14:12;SKN;50-0819;11;2;grandes men
Actes 2:38;SKN;50-0819;11;2;don peches
Amos 3:7;SKN;50-0819;11;2;leternel revele
Hebreux 6:4;SKN;50-0819;11;2;celeste don
Esaie 61:1;SKN;50-0819;11;2;envoye leternel
Ezechiel 28:12;SKN;50-0819;11;2;etais leternel
Jean 14:7;SKN;50-0819;13;2;connaissez lavez
Jean 14:9;SKN;50-0819;13;2;montre philippe
Matthieu 24:24;SKN;50-0819;14;3;possible prodiges signes
Apocalypse 22:18;SKN;50-0819;16;2;entend paroles
Marc 11:23;SKN;50-0819;17;2;aura mer
1 Timothee 3:16;SKN;50-0819;21;2;justifie nations
Hebreux 13:10;SKN;50-0819;21;2;autel droit
Hebreux 13:10;SKN;50-0819;22;2;autel droit
Matthieu 18:10;SKN;50-0819;23;2;anges cieux
Hebreux 12:25;SKN;50-0819;23;2;cieux parlait
Joel 2:28;SKN;50-0819;25;2;chair verront
Deuteronome 32:11;SKN;50-0819;26;2;ailes nid
Jacques 5:14;SKN;50-0819;27;2;anciens malade
Matthieu 24:29;SKN;50-0819;29;2;lune soleil
Apocalypse 21:23;SKN;50-0819;29;2;lune soleil
Deuteronome 32:11;SKN;50-0819;29;2;ailes prend
Josue 10:12;SKN;50-0819;29;3;arrete lune soleil
Esaie 32:2;SKN;50-0819;30;2;rocher vent
Apocalypse 19:21;SKN;50-0819;30;2;fut sortait
Apocalypse 6:11;SKN;50-0819;37;2;blanche longue
Apocalypse 10:1;SKN;50-0819;38;2;soleil visage
Apocalypse 10:1-7;SKN;50-0819;38;2;soleil visage
Joel 2:25;SKN;50-0819;38;2;annees milieu
Apocalypse 19:21;SKN;50-0819;39;2;oiseaux tue
Galates 3:16;SKN;50-0819;40;2;semence semences
Genese 1:11;SKN;50-0819;41;3;espece selon semence
Galates 3:29;SKN;50-0819;41;2;selon semence
Genese 1:26;SKN;50-0819;44;2;cieux selon
Esaie 28:19;SKN;50-0819;44;2;nuit passera
Genese 1:11;SKN;50-0819;44;2;plante selon
Esaie 32:2;SKN;50-0819;44;2;aura deau
Zacharie 14:7;SKN;50-0819;44;3;aura leternel nuit
Exode 13:21;SKN;50-0819;44;2;leternel nuit
Genese 4:16;SKN;50-0819;44;2;leternel sortit
Deuteronome 18:22;SKN;50-0819;44;2;leternel peur
Matthieu 18:10;SKN;50-0819;44;2;cieux prenez
Hebreux 12:25;SKN;50-0819;44;2;cieux prenez
Luc 24:49;SKN;50-0819;45;2;den revetus
1 Timothee 3:16;SKN;50-0819;45;2;chair manifeste
Luc 24:49;SKN;50-0819;46;2;den revetus
Actes 1:8;SKN;50-0819;46;2;jerusalem venant
Joel 2:28;SKN;50-0819;48;2;chair repandrai
Actes 1:8;SKN;50-0819;48;2;jerusalem judee
Matthieu 24:24;SKN;50-0819;49;3;prodiges prophetes signes
1 Timothee 3:16;SKN;50-0819;51;2;chair manifeste
Esaie 32:2;SKN;50-0819;52;2;deau rocher
Apocalypse 2:20;SKN;50-0819;52;2;enseigne manger
Ezechiel 28:12;SKN;50-0819;55;2;forme roi
Actes 1:8;SKN;50-0819;56;2;bout jusquau
Marc 13:27;SKN;50-0819;56;2;bout jusquau
Actes 1:8;SKN;50-0819;57;2;bout jusquau
Marc 13:27;SKN;50-0819;57;2;bout jusquau
Josue 10:12;SKN;50-0819;59;2;josue leternel
Matthieu 18:10;SKN;50-0819;60;2;anges garde
Exode 13:21;SKN;50-0819;61;2;conduire nuit
Genese 1:11;SKN;50-0819;62;2;ayant larbre
Apocalypse 10:1;SKN;50-0819;63;2;ange visage
Apocalypse 10:1-7;SKN;50-0819;63;2;ange visage
1 Timothee 3:16;SKN;50-0819;63;2;manifeste preche
Luc 7:36;SKN;50-0819;65;2;entrant table
Josue 10:12;SKN;50-0819;65;2;parla soleil
Matthieu 10:1;SKN;50-0819;68;2;appele maladie
Apocalypse 3:14;SKN;50-0819;68;2;lange temoin
Apocalypse 22:8;SKN;50-0819;70;2;lange pieds
Joel 2:28;SKN;50-0820A;6;2;filles jeunes
Joel 2:25;SKN;50-0820A;7;2;annees qua
Hebreux 9:11;SKN;50-0820A;9;2;etant tabernacle
Hebreux 9:11-14;SKN;50-0820A;9;2;etant tabernacle
Matthieu 12:42;SKN;50-0820A;10;2;bouts midi
Jean 3:21;SKN;50-0820A;10;2;quelles soient
Esaie 40:3;SKN;50-0820A;12;3;crie desert voix
Apocalypse 21:19;SKN;50-0820A;13;2;premier troisieme
Apocalypse 17:17;SKN;50-0820A;21;2;paroles soient
Hebreux 13:12;SKN;50-0820A;22;3;hors propre souffert
Hebreux 3:1;SKN;50-0820A;22;2;sacrificateur souverain
Hebreux 9:11;SKN;50-0820A;22;3;sacrificateur souverain tabernacle
Hebreux 9:11-14;SKN;50-0820A;22;3;sacrificateur souverain tabernacle
Hebreux 4:15;SKN;50-0820A;22;3;navons sacrificateur souverain
Nombres 19:9;SKN;50-0820A;22;2;camp hors
Hebreux 4:14;SKN;50-0820A;22;2;sacrificateur souverain
Joel 2:28;SKN;50-0820A;23;2;filles jeunes
Apocalypse 21:23;SKN;50-0820A;23;3;cite lune soleil
Josue 10:12;SKN;50-0820A;23;2;lune soleil
Ephesiens 2:12;SKN;50-0820A;24;2;cite etrangers
Apocalypse 21:23;SKN;50-0820A;24;2;cite soleil
Matthieu 3:16;SKN;50-0820A;24;2;descendre vit
Apocalypse 21:23;SKN;50-0820A;25;2;cite lune
Joel 2:28;SKN;50-0820A;28;2;filles jeunes
Luc 7:36;SKN;50-0820A;34;2;manger table
Apocalypse 20:4;SKN;50-0820A;39;2;jugement temoignage
Apocalypse 6:3;SKN;50-0820A;40;2;sceau viens
Deuteronome 18:15;SKN;50-0820A;44;2;dentre milieu
Apocalypse 10:1;SKN;50-0820A;50;2;revetu visage
Apocalypse 10:1-7;SKN;50-0820A;50;2;revetu visage
Hebreux 12:25;SKN;50-0820A;50;2;garde nont
Apocalypse 13:14;SKN;50-0820A;53;2;lepee miracles
Ephesiens 1:13;SKN;50-0820A;53;2;levangile salut
Ezechiel 28:12;SKN;50-0820A;53;2;leternel plein
Ephesiens 1:13-14;SKN;50-0820A;53;2;levangile salut
Joel 2:28;SKN;50-0820A;60;2;filles jeunes
Matthieu 1:18;SKN;50-0820A;61;2;etant marie
Marc 16:1;SKN;50-0820A;61;2;etant marie
Apocalypse 17:17;SKN;50-0820A;62;2;donner pensee
Apocalypse 19:21;SKN;50-0820A;63;2;chair fut
Genese 3:1;SKN;50-0820A;63;2;animal jardin
Galates 4:27;SKN;50-0820A;64;2;ecrit travail
Joel 2:28;SKN;50-0820A;66;2;filles jeunes
Exode 13:21;SKN;50-0820A;76;2;allait nuit
Hebreux 13:10;SKN;50-0820A;77;2;droit tabernacle
Galates 4:27;SKN;50-0820A;77;2;cris joie
Jean 5:7;SKN;50-0820A;83;2;nai viens
Zacharie 11:12;SKN;50-0820A;86;2;dargent donnez
Luc 7:36;SKN;50-0820A;103;2;entrant manger
Daniel 7:9;SKN;50-0820A;104;2;cheveux vis
Esaie 40:3;SKN;50-0820A;105;2;route voix
Apocalypse 6:1;SKN;50-0820A;105;2;viens voix
Zacharie 11:12;SKN;50-0820A;107;2;dargent pieces
Apocalypse 10:1;SKN;50-0820A;111;2;soleil vis
Apocalypse 10:1-7;SKN;50-0820A;111;2;soleil vis
Matthieu 24:29;SKN;50-0820A;111;3;cieux seront soleil
Matthieu 3:16;SKN;50-0820A;111;2;cieux descendre
Esaie 61:1;SKN;50-0820A;112;2;brise nouvelles
Genese 2:7;SKN;50-0820A;115;2;ame poussiere
Actes 2:38;SKN;50-0820A;118;2;don peches
Esaie 53:12;SKN;50-0820A;119;2;ame compte
Daniel 7:9;SKN;50-0820A;120;2;blanc neige
Apocalypse 6:11;SKN;50-0820A;122;2;blanche robe
1 Timothee 3:16;SKN;50-0820A;125;2;manifeste preche
Marc 11:23;SKN;50-0820A;128;2;aura ote
Zacharie 14:7;SKN;50-0820A;128;2;aura leternel
Genese 2:18-21;SKN;50-0820A;128;2;aide leternel
Zacharie 14:6;SKN;50-0820A;131;2;aura seront
Esaie 53:12;SKN;50-0820A;131;2;ame aura
Joel 2:28;SKN;50-0820A;132;2;jeunes verront
Deuteronome 18:15;SKN;50-0820A;132;2;dentre milieu
Marc 11:23;SKN;50-0820A;132;3;aura dira ote
Esaie 40:3;SKN;50-0820A;132;2;crie route
Esaie 32:2;SKN;50-0820A;132;2;aura vent
Matthieu 24:29;SKN;50-0820A;132;2;cieux seront
Daniel 7:9;SKN;50-0820A;132;2;cheveux neige
Ephesiens 1:20;SKN;50-0820A;132;2;dentre droite
Zacharie 14:6;SKN;50-0820A;132;2;aura seront
Matthieu 18:10;SKN;50-0820A;132;3;cieux face voient
Esaie 53:12;SKN;50-0820A;132;2;ame aura
Hebreux 12:25;SKN;50-0820A;132;2;cieux echappe
Esaie 9:6;SKN;50-0820E;3;2;fort prince
Actes 2:4;SKN;50-0820E;3;2;furent selon
Ephesiens 1:5;SKN;50-0820E;3;2;ayant selon
Genese 1:11;SKN;50-0820E;3;2;ayant selon
Matthieu 10:1;SKN;50-0820E;3;2;ayant maladie
Apocalypse 19:21;SKN;50-0820E;3;2;furent fut
Ephesiens 2:12;SKN;50-0820E;3;2;etant israel
Hebreux 12:24;SKN;50-0820E;3;2;mieux nouvelle
Matthieu 18:10;SKN;50-0820E;3;2;garde prenez
Matthieu 3:16;SKN;50-0820E;3;2;ayant furent
Hebreux 12:25;SKN;50-0820E;3;2;garde prenez
Apocalypse 6:12;SKN;50-0820E;3;2;fit lorsquil
Jean 12:14;SKN;50-0820E;3;2;ayant selon
Jean 12:20;SKN;50-0820E;5;2;dentre montes
Esaie 53:12;SKN;50-0820E;7;2;ame aura
Jean 5:7;SKN;50-0820E;9;2;jette leau
Matthieu 24:29;SKN;50-0820E;10;2;aussitot lune
Actes 1:8;SKN;50-0820E;16;2;bout serez
1 Timothee 3:16;SKN;50-0820E;18;2;eleve preche
Ezechiel 28:12;SKN;50-0820E;18;2;eleve roi
Romains 8:11;SKN;50-0820E;28;2;dentre ressuscite
Jean 5:7;SKN;50-0820E;33;2;nai viens
Actes 1:8;SKN;50-0820E;34;3;bout jusquau venant
Marc 13:27;SKN;50-0820E;34;2;bout jusquau
Jeremie 8:22;SKN;50-0820E;35;2;fille medecin
Matthieu 10:1;SKN;50-0820E;49;2;guerir maladie
Apocalypse 20:4;SKN;50-0820E;54;2;rendu temoignage
Exode 13:21;SKN;50-0820E;55;2;allait colonne
Jean 5:39;SKN;50-0820E;57;2;rendent temoignage
Ezechiel 28:12;SKN;50-0820E;60;2;etais roi
Marc 11:21;SKN;50-0820E;60;2;rabbi setait
Jean 14:9;SKN;50-0820E;60;3;connu mas philippe
Matthieu 24:29;SKN;50-0820E;64;2;seront soleil
1 Timothee 3:16;SKN;50-0820E;65;2;cru preche
Ephesiens 1:13;SKN;50-0820E;65;2;cru levangile
Ephesiens 1:13-14;SKN;50-0820E;65;2;cru levangile
Matthieu 10:1;SKN;50-0820E;74;2;guerir maladie
Apocalypse 10:1;SKN;50-0820E;75;2;descendant pieds
Apocalypse 10:1-7;SKN;50-0820E;75;2;descendant pieds
Matthieu 10:1;SKN;50-0820E;75;2;guerir maladie
Apocalypse 1:1;SKN;50-0821;4;2;arriver doivent
Jean 5:14;SKN;50-0821;4;2;gueri peur
Jean 5:24;SKN;50-0821;9;2;croit eternelle
Malachie 4:5;SKN;50-0821;12;2;elie leternel
Jean 3:21;SKN;50-0821;13;2;manifestees soient
Jean 16:21;SKN;50-0821;15;2;heure lenfant
Apocalypse 10:7;SKN;50-0821;21;2;ange voix
Hebreux 6:4;SKN;50-0821;21;2;celeste don
Apocalypse 6:6;SKN;50-0821;21;2;mesure voix
Apocalypse 6:1;SKN;50-0821;21;2;viens voix
Exode 13:21;SKN;50-0821;23;2;colonne nuit
Jean 12:20;SKN;50-0821;24;2;adorer dentre
Matthieu 19:28;SKN;50-0821;25;2;douze serez
Esaie 14:12;SKN;50-0821;32;2;cieux tombe
Matthieu 19:28;SKN;50-0821;32;2;disrael suivi
Matthieu 24:29;SKN;50-0821;33;2;etoiles lune
Jean 14:9;SKN;50-0821;34;2;mas montre
Apocalypse 10:1;SKN;50-0821;35;2;pieds visage
Apocalypse 10:1-7;SKN;50-0821;35;2;pieds visage
Apocalypse 6:11;SKN;50-0821;35;2;blanche robe
Esaie 40:3;SKN;50-0821;36;2;desert voix
Apocalypse 17:15;SKN;50-0821;37;2;assise peuples
Psaumes 35:11;SKN;50-0821;38;2;nai temoins
Matthieu 12:42;SKN;50-0821;41;2;levera salomon
Malachie 3:1;SKN;50-0821;41;2;temple viendra
Esaie 61:1;SKN;50-0821;46;2;apporter envoye
1 Timothee 3:16;SKN;50-0821;50;2;justifie preche
Matthieu 24:7;SKN;50-0821;53;2;divers royaume
Ephesiens 1:5;SKN;50-0821;63;3;plaisir selon volonte
Ephesiens 1:5;SKN;50-0821;64;2;plaisir selon
Apocalypse 6:11;SKN;50-0821;68;2;blanche robe
Joel 2:28;SKN;50-0821;73;2;filles jeunes
Apocalypse 17:8;SKN;50-0821;73;2;voyant vue
Esaie 28:19;SKN;50-0822;2;2;entendre nuit
Apocalypse 6:11;SKN;50-0822;7;3;blanche robe soient
Joel 2:28;SKN;50-0822;10;2;filles jeunes
Genese 3:16;SKN;50-0822;11;2;mari tes
Matthieu 12:42;SKN;50-0822;17;2;entendre midi
Matthieu 11:25;SKN;50-0822;18;3;cache intelligents sages
Apocalypse 19:11;SKN;50-0822;21;2;appele justice
1 Timothee 3:16;SKN;50-0822;22;3;contredit cru justifie
Matthieu 1:18;SKN;50-0822;24;2;etant marie
Marc 16:1;SKN;50-0822;24;2;etant marie
Hebreux 9:11;SKN;50-0822;25;2;sacrificateur souverain
Hebreux 9:11-14;SKN;50-0822;25;2;sacrificateur souverain
Hebreux 4:15;SKN;50-0822;25;2;sacrificateur souverain
Hebreux 4:14;SKN;50-0822;25;3;confession sacrificateur souverain
Hebreux 3:1;SKN;50-0822;30;3;confession sacrificateur souverain
Hebreux 9:11;SKN;50-0822;30;2;sacrificateur souverain
Hebreux 9:11-14;SKN;50-0822;30;2;sacrificateur souverain
Hebreux 4:15;SKN;50-0822;30;2;sacrificateur souverain
Hebreux 4:14;SKN;50-0822;30;3;confession sacrificateur souverain
Apocalypse 22:19;SKN;50-0822;37;2;otera sainte
Esaie 53:5;SKN;50-0822;37;2;blesse meurtrissures
Hebreux 11:1;SKN;50-0822;38;3;celles espere voit
Jean 3:16;SKN;50-0822;39;2;croit quiconque
Jean 5:24;SKN;50-0822;40;2;croit entend
Jean 3:16;SKN;50-0822;40;2;croit quiconque
Apocalypse 22:18;SKN;50-0822;40;2;entend quiconque
Matthieu 5:28;SKN;50-0822;40;2;commis quiconque
Zacharie 11:12;SKN;50-0822;41;2;laissez sinon
Jean 14:12;SKN;50-0822;46;2;grandes uvres
Jean 14:9;SKN;50-0822;46;2;montre philippe
Apocalypse 22:18;SKN;50-0822;55;2;rends temoignage
Esaie 53:12;SKN;50-0823;4;2;compte grands
Zacharie 14:6;SKN;50-0823;8;2;aura seront
Apocalypse 17:17;SKN;50-0823;9;2;royaume soient
Psaumes 41:9;SKN;50-0823;10;2;intime leve
Joel 2:28;SKN;50-0823;12;2;filles jeunes
Genese 1:11;SKN;50-0823;12;2;espece portant
Joel 2:28;SKN;50-0823;13;2;filles jeunes
Joel 2:28;SKN;50-0823;17;2;filles jeunes
Apocalypse 1:1;SKN;50-0823;17;2;arriver montrer
Joel 2:28;SKN;50-0823;18;2;filles jeunes
Matthieu 24:29;SKN;50-0823;19;3;etoiles lune soleil
Apocalypse 21:23;SKN;50-0823;19;2;lune soleil
Apocalypse 6:12;SKN;50-0823;19;2;soleil tremblement
Josue 10:12;SKN;50-0823;19;2;lune soleil
Genese 1:11;SKN;50-0823;20;2;ayant semence
Matthieu 3:16;SKN;50-0823;20;2;ayant vit
Matthieu 11:10;SKN;50-0823;21;2;ecrit messager
Esaie 53:5;SKN;50-0823;22;3;blesse gueris meurtrissures
Apocalypse 13:14;SKN;50-0823;24;2;fut miracles
Jeremie 8:22;SKN;50-0823;27;2;fille medecin
Jean 14:7;SKN;50-0823;30;3;auriez connu maviez
Hebreux 3:1;SKN;50-0823;30;3;celeste considerez saints
Ephesiens 1:5;SKN;50-0823;31;2;ayant plaisir
Genese 1:11;SKN;50-0823;31;2;ayant espece
Ephesiens 1:13;SKN;50-0823;32;2;ayant levangile
Ephesiens 1:13-14;SKN;50-0823;32;2;ayant levangile
Apocalypse 17:17;SKN;50-0823;33;2;accomplies royaume
Apocalypse 19:21;SKN;50-0823;35;2;chair fut
Esaie 61:1;SKN;50-0823;36;2;bonnes envoye
Malachie 3:1;SKN;50-0823;38;2;chemin lange
Esaie 9:6;SKN;50-0823;41;2;fort merveilleux
Deuteronome 18:15;SKN;50-0823;41;2;dentre tes
Genese 3:16;SKN;50-0823;41;2;desir tes
Esaie 53:12;SKN;50-0823;41;2;grands plusieurs
Jean 3:21;SKN;50-0823;41;2;quelles soient
Actes 1:8;SKN;50-0823;44;2;serez venant
Apocalypse 10:1;SKN;50-0823;49;2;pieds puissant
Apocalypse 10:1-7;SKN;50-0823;49;2;pieds puissant
Ephesiens 1:20;SKN;50-0823;51;2;dentre droite
Luc 7:36;SKN;50-0823;51;2;manger table
Amos 3:7;SKN;50-0823;53;2;revele secret
Esaie 28:19;SKN;50-0823;54;2;entendre passera
1 Timothee 3:16;SKN;50-0823;56;2;cru mystere
Hebreux 6:4;SKN;50-0823;59;2;celeste don
Jean 3:21;SKN;50-0823;59;2;quelles soient
Genese 1:28;SKN;50-0823;63;2;cieux meut
Ezechiel 28:12;SKN;50-0824;5;2;etais forme
Apocalypse 20:4;SKN;50-0824;7;2;fut temoignage
Esaie 9:6;SKN;50-0824;9;2;fort merveilleux
1 Timothee 3:16;SKN;50-0824;11;2;cru eleve
Matthieu 12:42;SKN;50-0824;14;2;entendre midi
Jean 14:9;SKN;50-0824;15;2;connu montre
Esaie 9:6;SKN;50-0824;17;2;merveilleux paix
Genese 3:16;SKN;50-0824;17;2;mari tourne
Apocalypse 17:17;SKN;50-0824;18;3;curs donner soient
Actes 2:24;SKN;50-0824;18;2;ayant possible
Apocalypse 6:12;SKN;50-0824;19;2;sac sceau
Esaie 53:12;SKN;50-0824;26;2;aura plusieurs
Actes 2:24;SKN;50-0824;29;2;lequel possible
Jean 5:24;SKN;50-0824;33;2;envoye jugement
Esaie 61:1;SKN;50-0824;33;2;brise envoye
Actes 2:38;SKN;50-0824;34;2;don peches
Jean 5:14;SKN;50-0824;35;2;gueri peur
Psaumes 103:3;SKN;50-0824;36;2;guerit tes
Matthieu 24:29;SKN;50-0824;40;2;aussitot seront
Zacharie 14:6;SKN;50-0824;41;2;arrivera seront
Actes 2:38;SKN;50-0824;43;2;don peches
Esaie 53:12;SKN;50-0827A;2;2;aura plusieurs
Esaie 53:12;SKN;50-0827A;6;2;ame grands
Apocalypse 19:21;SKN;50-0827A;9;2;fut tue
Hebreux 13:10;SKN;50-0827A;14;2;droit tabernacle
Jeremie 8:22;SKN;50-0827A;14;2;fille medecin
Esaie 27:12;SKN;50-0827A;15;2;courant serez
Joel 2:28;SKN;50-0827A;19;2;filles jeunes
Matthieu 3:16;SKN;50-0827A;22;2;aussitot vit
Joel 2:28;SKN;50-0827A;24;2;filles jeunes
Luc 7:36;SKN;50-0827A;28;2;manger table
Apocalypse 6:11;SKN;50-0827A;31;2;longue robe
Matthieu 12:42;SKN;50-0827A;33;2;entendre midi
Esaie 40:3;SKN;50-0827A;34;2;chemin crie
Matthieu 3:16;SKN;50-0827A;36;2;aussitot descendre
Esaie 28:19;SKN;50-0827A;38;2;entendre nuit
Esaie 28:19;SKN;50-0827A;39;2;entendre nuit
Apocalypse 2:20;SKN;50-0827A;39;2;enseigne manger
Matthieu 12:42;SKN;50-0827A;41;2;entendre midi
Apocalypse 10:1;SKN;50-0827A;44;2;pieds soleil
Apocalypse 10:1-7;SKN;50-0827A;44;2;pieds soleil
Hebreux 6:1;SKN;50-0827A;45;2;dhommes repentance
Matthieu 12:42;SKN;50-0827A;49;2;jugement midi
Esaie 27:12;SKN;50-0827A;49;2;rassembles serez
Esaie 53:12;SKN;50-0827A;49;2;ame plusieurs
Apocalypse 21:23;SKN;50-0827A;50;2;lune soleil
Josue 10:12;SKN;50-0827A;50;2;lune soleil
Esaie 40:3;SKN;50-0827A;51;2;chemin route
Actes 10:35;SKN;50-0827A;51;2;nation quen
Matthieu 18:10;SKN;50-0827A;51;2;garde prenez
Malachie 3:1;SKN;50-0827A;51;2;chemin prenez
Esaie 53:12;SKN;50-0827A;51;3;ame aura compte
Matthieu 24:7;SKN;50-0827A;51;2;aura nation
Hebreux 12:25;SKN;50-0827A;51;2;garde prenez
Deuteronome 18:15;SKN;50-0827A;53;2;dentre tes
Apocalypse 17:17;SKN;50-0827A;53;2;royaume soient
Genese 3:16;SKN;50-0827A;54;2;desir tes
Apocalypse 17:17;SKN;50-0827A;54;2;royaume soient
Apocalypse 22:8;SKN;50-0827A;54;2;lange pieds
Jacques 5:14;SKN;50-0827A;55;2;appelle prient
Hebreux 1:1;SKN;50-0827A;55;2;ayant plusieurs
Apocalypse 22:8;SKN;50-0827E;3;2;hommage rendre
Marc 13:27;SKN;50-0827E;3;2;bout enverra
1 Timothee 3:16;SKN;50-0827E;4;2;cru manifeste
Actes 2:38;SKN;50-0827E;5;2;don peches
Galates 1:8;SKN;50-0827E;5;2;memes outre
Joel 2:28;SKN;50-0827E;5;2;arrivera visions
Jacques 5:14;SKN;50-0827E;5;2;lassemblee malade
Psaumes 103:3;SKN;50-0827E;5;3;guerit pardonne tes
Deuteronome 18:15;SKN;50-0827E;5;3;dentre leternel tes
Actes 1:8;SKN;50-0827E;5;2;bout jerusalem
Hebreux 1:1;SKN;50-0827E;5;2;ayant plusieurs
Amos 3:7;SKN;50-0827E;5;3;leternel revele serviteurs
Apocalypse 10:1;SKN;50-0827E;5;2;nuee puissant
Hebreux 3:1;SKN;50-0827E;5;3;celeste confession saints
Marc 11:23;SKN;50-0827E;5;3;aura jette mer
Matthieu 1:18;SKN;50-0827E;5;2;etant soient
Apocalypse 10:7;SKN;50-0827E;5;3;annonce termine voix
Genese 2:7;SKN;50-0827E;5;2;ame leternel
Apocalypse 10:1-7;SKN;50-0827E;5;2;nuee puissant
1 Timothee 3:16;SKN;50-0827E;5;3;anges cru preche
Ephesiens 1:5;SKN;50-0827E;5;2;ayant selon
Hebreux 10:26;SKN;50-0827E;5;2;peches sacrifice
Hebreux 13:10;SKN;50-0827E;5;2;manger tabernacle
Hebreux 6:4;SKN;50-0827E;5;2;celeste don
Apocalypse 22:19;SKN;50-0827E;5;3;larbre paroles prophetie
Psaumes 16:10;SKN;50-0827E;5;2;ame voie
Esaie 28:19;SKN;50-0827E;5;2;entendre nuit
Hebreux 9:11;SKN;50-0827E;5;2;etant tabernacle
Apocalypse 17:8;SKN;50-0827E;5;3;noms voyant vue
Genese 22:14;SKN;50-0827E;5;2;jehovah leternel
Apocalypse 3:14;SKN;50-0827E;5;3;commencement lange lassemblee
Esaie 14:12;SKN;50-0827E;5;2;cieux tombe
Apocalypse 13:14;SKN;50-0827E;5;2;fut miracles
Genese 3:16;SKN;50-0827E;5;3;desir tes travail
Apocalypse 17:15;SKN;50-0827E;5;2;assise eaux
Luc 16:16;SKN;50-0827E;5;2;annonce lors
Esaie 32:2;SKN;50-0827E;5;2;aura rocher
Ephesiens 1:13;SKN;50-0827E;5;3;ayant cru levangile
Galates 3:16;SKN;50-0827E;5;2;plusieurs promesses
Genese 3:8;SKN;50-0827E;5;2;leternel voix
Matthieu 12:42;SKN;50-0827E;5;2;entendre jugement
Esaie 61:1;SKN;50-0827E;5;3;envoye leternel oint
Actes 15:14;SKN;50-0827E;5;3;premierement raconte tirer
Apocalypse 19:21;SKN;50-0827E;5;2;bouche fut
Ephesiens 2:12;SKN;50-0827E;5;2;etant etiez
Malachie 3:6;SKN;50-0827E;5;2;change leternel
Esaie 53:5;SKN;50-0827E;5;2;gueris meurtrissures
Matthieu 28:18;SKN;50-0827E;5;2;donnee parla
Matthieu 11:10;SKN;50-0827E;5;3;chemin ecrit lequel
Apocalypse 6:6;SKN;50-0827E;5;2;mesure voix
Ephesiens 1:20;SKN;50-0827E;5;2;dentre droite
Marc 9:7;SKN;50-0827E;5;2;nuee voix
Genese 3:1;SKN;50-0827E;5;2;leternel serpent
Zacharie 14:6;SKN;50-0827E;5;3;arrivera aura seront
Matthieu 19:28;SKN;50-0827E;5;2;disrael trone
Apocalypse 19:11;SKN;50-0827E;5;3;appele juge ouvert
Apocalypse 22:8;SKN;50-0827E;5;3;lange montrait rendre
Luc 21:24;SKN;50-0827E;5;2;jerusalem seront
Deuteronome 18:22;SKN;50-0827E;5;2;leternel peur
Genese 2:18-21;SKN;50-0827E;5;2;ferai leternel
Apocalypse 16:13;SKN;50-0827E;5;3;bouche esprits faux
Esaie 53:9;SKN;50-0827E;5;3;aucune bouche navait
Psaumes 22:18;SKN;50-0827E;5;2;robe sort
Zacharie 11:12;SKN;50-0827E;5;2;laissez sinon
Apocalypse 3:21;SKN;50-0827E;5;2;sasseoir trone
Matthieu 24:7;SKN;50-0827E;5;2;aura divers
Galates 4:27;SKN;50-0827E;5;3;ecrit nes travail
Malachie 4:5;SKN;50-0827E;5;3;envoie leternel vienne
Galates 3:29;SKN;50-0827E;5;2;dabraham selon
Jean 5:14;SKN;50-0827E;5;2;gueri peur
Hebreux 9:11-14;SKN;50-0827E;5;2;etant tabernacle
Jean 3:21;SKN;50-0827E;5;2;quelles soient
Genese 6:4;SKN;50-0827E;5;3;jadis quelles renom
Actes 2:24;SKN;50-0827E;5;3;ayant lequel possible
Jean 3:14;SKN;50-0827E;5;2;desert serpent
Jean 12:14;SKN;50-0827E;5;3;ayant ecrit selon
Psaumes 16:8;SKN;50-0827E;5;3;droite leternel serai
Marc 13:27;SKN;50-0827E;5;2;anges bout
Psaumes 42:7;SKN;50-0827E;5;3;tes vagues voix
Nombres 19:9;SKN;50-0827E;5;3;disrael eau lassemblee
Apocalypse 6:1;SKN;50-0827E;5;2;viens voix
Ephesiens 1:13-14;SKN;50-0827E;5;3;ayant cru levangile
Esaie 9:5;SKN;50-0827E;5;2;guerre seront
Apocalypse 1:20;SKN;50-0827E;5;2;anges droite
Matthieu 3:16;SKN;51-0413;8;3;ayant descendre vit
Genese 14:18;SKN;51-0413;8;2;roi vin
Actes 1:8;SKN;51-0413;9;2;judee venant
Apocalypse 10:7;SKN;51-0413;9;2;nouvelle septieme
Apocalypse 13:14;SKN;51-0413;9;2;fut miracles
Hebreux 12:24;SKN;51-0413;9;2;mieux nouvelle
Jean 5:39;SKN;51-0413;10;2;rendent temoignage
Hebreux 9:11;SKN;51-0413;11;2;etant tabernacle
Hebreux 9:11-14;SKN;51-0413;11;2;etant tabernacle
Apocalypse 10:1;SKN;51-0413;12;2;ange soleil
Apocalypse 10:7;SKN;51-0413;12;3;ange annonce nouvelle
Apocalypse 10:1-7;SKN;51-0413;12;2;ange soleil
Jean 5:39;SKN;51-0413;12;2;rendent temoignage
Esaie 53:12;SKN;51-0413;13;2;ame aura
Apocalypse 17:15;SKN;51-0413;14;2;eaux nations
Zacharie 14:6;SKN;51-0413;14;2;aura seront
Luc 21:24;SKN;51-0413;14;3;nations pieds seront
Jean 16:21;SKN;51-0413;14;2;heure joie
Apocalypse 22:18;SKN;51-0413;16;2;paroles temoignage
Jean 5:39;SKN;51-0413;16;2;rendent temoignage
Apocalypse 17:17;SKN;51-0413;23;2;curs donner
Jean 5:24;SKN;51-0413;24;2;eternelle jugement
Ezechiel 28:12;SKN;51-0413;25;3;etais forme plein
Jean 5:39;SKN;51-0413;27;2;rendent temoignage
Zacharie 14:6;SKN;51-0413;30;2;aura seront
Matthieu 24:7;SKN;51-0413;30;2;aura royaume
Apocalypse 1:1;SKN;51-0413;42;2;ange arriver
Esaie 50:6;SKN;51-0413;46;2;dos joues
Romains 8:22;SKN;51-0413;50;2;creation soupire
1 Timothee 3:16;SKN;51-0413;52;2;cru piete
Ephesiens 1:5;SKN;51-0413;52;2;ayant selon
Genese 1:11;SKN;51-0413;52;2;ayant selon
Ephesiens 1:13;SKN;51-0413;52;2;ayant cru
Jean 12:14;SKN;51-0413;52;2;ayant selon
Ephesiens 1:13-14;SKN;51-0413;52;2;ayant cru
Hebreux 3:1;SKN;51-0413;53;2;celeste saints
Matthieu 1:18;SKN;51-0413;53;2;ensemble soient
Apocalypse 22:18;SKN;51-0413;53;2;paroles temoignage
Esaie 53:5;SKN;51-0413;53;2;gueris meurtrissures
Ephesiens 1:20;SKN;51-0413;53;2;celestes lieux
Apocalypse 20:4;SKN;51-0413;53;3;ames rendu temoignage
Zacharie 14:6;SKN;51-0413;53;2;aura seront
Luc 21:24;SKN;51-0413;53;2;captifs seront
Esaie 53:12;SKN;51-0413;53;2;aura plusieurs
Matthieu 24:7;SKN;51-0413;53;3;aura lieux royaume
Apocalypse 10:1;SKN;51-0414;4;3;puissant soleil visage
Apocalypse 10:1-7;SKN;51-0414;4;3;puissant soleil visage
Apocalypse 13:14;SKN;51-0414;4;2;fut miracles
Apocalypse 19:21;SKN;51-0414;4;2;cheval fut
Apocalypse 20:4;SKN;51-0414;4;2;fut rendu
Matthieu 1:18;SKN;51-0414;6;2;ensemble soient
Ephesiens 2:12;SKN;51-0414;8;2;etant israel
Ezechiel 28:12;SKN;51-0414;8;2;etais roi
Apocalypse 10:7;SKN;51-0414;11;2;ange voix
Apocalypse 22:18;SKN;51-0414;11;2;entend temoignage
1 Timothee 3:16;SKN;51-0414;11;2;anges chair
Ephesiens 2:12;SKN;51-0414;12;2;etant israel
Exode 13:21;SKN;51-0414;13;2;colonne conduire
Ezechiel 28:12;SKN;51-0414;13;2;forme roi
Apocalypse 1:1;SKN;51-0414;14;2;ange montrer
Jean 14:9;SKN;51-0414;14;2;montre philippe
Esaie 53:12;SKN;51-0414;20;2;grands plusieurs
Matthieu 3:16;SKN;51-0414;24;2;aussitot ayant
Jean 16:21;SKN;51-0414;27;2;heure joie
Romains 8:22;SKN;51-0414;28;2;ensemble travail
Joel 2:25;SKN;51-0414;30;2;annees milieu
Jean 3:16;SKN;51-0414;33;2;croit quiconque
Apocalypse 10:7;SKN;51-0414;34;2;annonce termine
Actes 2:38;SKN;51-0414;35;2;don peches
Ephesiens 2:12;SKN;51-0414;38;2;etiez etrangers
Jean 5:7;SKN;51-0414;40;2;agitee malade
Ephesiens 2:12;SKN;51-0414;40;2;etiez etrangers
Ezechiel 28:12;SKN;51-0414;40;2;etais plein
Exode 13:21;SKN;51-0415A;11;2;allait chemin
Joel 2:28;SKN;51-0415A;22;2;filles jeunes
Matthieu 3:16;SKN;51-0415A;23;2;descendre leau
Luc 7:36;SKN;51-0415A;26;2;manger table
Jacques 5:14;SKN;51-0415A;29;2;appelle lassemblee
Hebreux 1:1;SKN;51-0415A;34;2;plusieurs reprises
Deuteronome 18:15;SKN;51-0415A;36;2;dentre leternel
Ezechiel 28:12;SKN;51-0415A;36;2;leternel roi
Galates 4:27;SKN;51-0415A;36;2;eclate travail
Esaie 40:3;SKN;51-0415A;39;2;chemin leternel
Zacharie 14:7;SKN;51-0415A;39;2;leternel nuit
Exode 13:21;SKN;51-0415A;39;3;chemin leternel nuit
Esaie 60:1;SKN;51-0415A;39;2;leternel leve
Malachie 3:1;SKN;51-0415A;39;2;chemin lange
Matthieu 3:16;SKN;51-0415A;39;2;aussitot leau
Genese 3:8;SKN;51-0415A;41;2;arbres voix
Joel 2:28;SKN;51-0415A;44;2;filles jeunes
Joel 2:28;SKN;51-0415A;45;2;filles jeunes
Jeremie 8:22;SKN;51-0415A;48;2;fille medecin
Joel 2:28;SKN;51-0415A;56;2;filles jeunes
Galates 4:27;SKN;51-0415A;58;2;ecrit travail
Exode 13:21;SKN;51-0415A;64;2;allait nuit
Apocalypse 10:1;SKN;51-0415A;72;2;descendant larc
Apocalypse 10:1-7;SKN;51-0415A;72;2;descendant larc
Matthieu 24:29;SKN;51-0415A;72;2;cieux etoiles
Apocalypse 19:21;SKN;51-0415A;80;2;fut tue
Exode 13:21;SKN;51-0415A;81;2;allait nuit
Esaie 32:2;SKN;51-0415A;82;2;deau vent
Exode 13:21;SKN;51-0415A;82;2;chemin nuit
Joel 2:28;SKN;51-0415A;84;2;filles jeunes
Esaie 32:2;SKN;51-0415A;88;2;deau vent
Jean 16:21;SKN;51-0415A;90;2;heure tristesse
Exode 13:21;SKN;51-0415A;92;2;chemin conduire
Exode 13:21;SKN;51-0415A;97;2;allait nuit
Esaie 9:6;SKN;51-0415A;100;2;merveilleux paix
Genese 3:16;SKN;51-0415A;103;2;tes travail
Hebreux 6:4;SKN;51-0415A;106;2;celeste devenus
Galates 4:27;SKN;51-0415A;108;2;joie travail
Matthieu 18:10;SKN;51-0415A;110;2;cieux garde
Hebreux 12:25;SKN;51-0415A;110;2;cieux garde
Daniel 7:9;SKN;51-0415A;111;2;blanc cheveux
Daniel 7:9;SKN;51-0415A;113;2;blanc cheveux
Exode 13:21;SKN;51-0415A;115;2;allait nuit
Zacharie 14:7;SKN;51-0415A;117;2;connu nuit
Exode 13:21;SKN;51-0415A;117;2;chemin nuit
Esaie 27:12;SKN;51-0415A;117;2;courant jusquau
Psaumes 16:10;SKN;51-0415A;122;2;ame voie
Matthieu 18:10;SKN;51-0415A;122;2;anges face
Malachie 3:1;SKN;51-0415A;125;2;prenez viendra
Hebreux 12:25;SKN;51-0415A;125;2;nont prenez
Actes 2:38;SKN;51-0415A;126;2;baptise peches
Psaumes 103:3;SKN;51-0415A;126;2;pardonne tes
Apocalypse 1:1;SKN;51-0415E;2;2;bientot montrer
Apocalypse 11:3;SKN;51-0415E;8;2;donnerai temoins
Actes 1:8;SKN;51-0415E;12;2;jerusalem judee
Matthieu 24:7;SKN;51-0415E;12;2;divers royaume
Apocalypse 17:17;SKN;51-0415E;13;3;curs paroles soient
Esaie 53:12;SKN;51-0415E;13;2;ame plusieurs
Jean 5:24;SKN;51-0415E;18;2;envoye jugement
Matthieu 1:18;SKN;51-0415E;20;2;joseph soient
Apocalypse 6:11;SKN;51-0415E;20;2;fut soient
Apocalypse 10:1;SKN;51-0415E;24;2;ange puissant
Apocalypse 10:1-7;SKN;51-0415E;24;2;ange puissant
Apocalypse 1:20;SKN;51-0415E;24;2;anges droite
Psaumes 42:7;SKN;51-0415E;25;3;abime appelle tes
Apocalypse 1:20;SKN;51-0415E;25;2;anges droite
Actes 1:8;SKN;51-0415E;28;2;jerusalem samarie
Joel 2:25;SKN;51-0415E;29;2;armee milieu
Jean 5:39;SKN;51-0415E;29;2;rendent temoignage
Malachie 3:1;SKN;51-0415E;31;2;chemin temple
Jean 14:12;SKN;51-0415E;33;2;grandes uvres
Galates 1:8;SKN;51-0415E;33;2;memes outre
Hebreux 6:4;SKN;51-0415E;44;2;celeste don
Apocalypse 3:14;SKN;51-0501;1;2;fidele lassemblee
Apocalypse 19:11;SKN;51-0501;1;2;combat fidele
Hebreux 4:15;SKN;51-0501;5;2;navons tente
Jean 12:24;SKN;51-0501;14;2;ble fruit
Apocalypse 13:14;SKN;51-0501;15;2;fut miracles
Jean 5:14;SKN;51-0501;17;2;gueri peur
Jean 5:14;SKN;51-0501;18;2;gueri peur
Matthieu 3:16;SKN;51-0501;26;2;aussitot leau
Apocalypse 6:1;SKN;51-0501;26;2;sept voix
Apocalypse 20:4;SKN;51-0501;27;2;navaient rendu
Esaie 61:1;SKN;51-0501;28;2;apporter envoye
Apocalypse 6:11;SKN;51-0501;28;2;blanche robe
Jean 14:12;SKN;51-0501;30;2;grandes men
Genese 3:16;SKN;51-0501;30;2;grandes mari
Jean 14:9;SKN;51-0501;30;3;connu mas philippe
Genese 1:11;SKN;51-0501;31;2;espece portant
Esaie 50:6;SKN;51-0501;31;2;dos nai
Nombres 12:6;SKN;51-0501;36;2;ferai vision
Hebreux 6:4;SKN;51-0501;38;2;celeste don
Daniel 7:9;SKN;51-0501;39;3;blanc cheveux vis
Apocalypse 19:11;SKN;51-0501;39;2;blanc vis
Malachie 3:1;SKN;51-0501;39;2;chemin viendra
Apocalypse 6:12;SKN;51-0501;39;2;lorsquil vis
Actes 1:8;SKN;51-0501;40;2;jerusalem judee
Apocalypse 10:7;SKN;51-0501;40;2;nouvelle voix
Esaie 40:3;SKN;51-0501;40;2;crie voix
Matthieu 24:7;SKN;51-0501;40;2;divers royaume
Deuteronome 18:15;SKN;51-0501;41;2;dentre milieu
Joel 2:25;SKN;51-0501;41;2;milieu qua
Apocalypse 10:7;SKN;51-0501;42;3;ange nouvelle prophetes
Matthieu 19:28;SKN;51-0501;42;2;disrael suivi
Jean 5:7;SKN;51-0501;47;2;descend viens
Hebreux 1:1;SKN;51-0501;47;2;plusieurs reprises
Esaie 53:12;SKN;51-0501;47;2;compte plusieurs
Joel 2:25;SKN;51-0501;49;2;annees qua
Esaie 28:19;SKN;51-0501;50;2;entendre passera
Ezechiel 28:12;SKN;51-0501;51;2;etais roi
Esaie 27:12;SKN;51-0501;51;2;arrivera disrael
Jean 14:9;SKN;51-0501;51;2;connu philippe
Matthieu 24:29;SKN;51-0501;53;2;etoiles lune
Apocalypse 1:20;SKN;51-0501;53;2;etoiles vues
Ephesiens 2:12;SKN;51-0501;59;2;droit etiez
Apocalypse 20:4;SKN;51-0501;61;2;rendu temoignage
Apocalypse 22:18;SKN;51-0501;62;2;paroles temoignage
Apocalypse 3:14;SKN;51-0501;68;2;lassemblee temoin
Apocalypse 1:1;SKN;51-0501;71;2;arriver montrer
Jean 5:7;SKN;51-0502;1;2;malade viens
Malachie 3:6;SKN;51-0502;6;2;change netes
Nombres 12:6;SKN;51-0502;8;2;connaitre vision
Genese 3:16;SKN;51-0502;10;2;grandes travail
Galates 4:27;SKN;51-0502;11;2;eclate joie
Deuteronome 18:15;SKN;51-0502;12;2;leternel milieu
Genese 22:14;SKN;51-0502;12;2;leternel montagne
Esaie 40:3;SKN;51-0502;12;2;desert leternel
Genese 3:8;SKN;51-0502;12;2;leternel milieu
Hebreux 1:1;SKN;51-0502;13;2;peres plusieurs
Esaie 53:12;SKN;51-0502;13;2;grands plusieurs
Hebreux 1:1;SKN;51-0502;14;2;autrefois plusieurs
1 Timothee 3:16;SKN;51-0502;14;2;manifeste preche
Apocalypse 22:8;SKN;51-0502;14;2;lange rendre
Esaie 53:12;SKN;51-0502;14;3;compte grands plusieurs
Josue 10:12;SKN;51-0502;15;2;disrael josue
Apocalypse 21:19;SKN;51-0502;17;2;jaspe premier
Zacharie 11:12;SKN;51-0502;17;2;dargent pieces
Matthieu 1:18;SKN;51-0502;19;2;etant joseph
Jean 5:7;SKN;51-0502;20;2;nai viens
Luc 21:24;SKN;51-0502;20;2;jerusalem menes
Ezechiel 28:12;SKN;51-0502;22;2;eleve plein
Apocalypse 16:13;SKN;51-0502;22;2;bete dragon
Apocalypse 19:21;SKN;51-0502;23;2;fut tue
Jean 3:14;SKN;51-0502;23;2;desert eleve
Exode 13:21;SKN;51-0502;24;2;colonne nuit
Ephesiens 1:20;SKN;51-0502;25;3;asseoir celestes lieux
Apocalypse 19:21;SKN;51-0502;27;2;bouche tue
Genese 6:4;SKN;51-0502;27;2;eurent filles
Apocalypse 22:19;SKN;51-0502;28;2;ote sainte
Esaie 14:12;SKN;51-0502;28;2;cieux tombe
Apocalypse 22:19;SKN;51-0502;29;2;ote sainte
Exode 13:21;SKN;51-0502;29;2;colonne nuit
Zacharie 14:7;SKN;51-0502;32;3;aura connu nuit
Exode 13:21;SKN;51-0502;32;2;colonne nuit
Joel 2:25;SKN;51-0502;32;2;annees milieu
Exode 13:21;SKN;51-0502;33;2;chemin colonne
Matthieu 11:10;SKN;51-0502;33;2;chemin jenvoie
Malachie 3:1;SKN;51-0502;33;2;chemin jenvoie
Apocalypse 1:1;SKN;51-0502;33;2;ange arriver
Apocalypse 10:7;SKN;51-0502;35;2;ange voix
Esaie 40:3;SKN;51-0502;35;2;chemin voix
Exode 13:21;SKN;51-0502;35;2;chemin marchent
Malachie 3:1;SKN;51-0502;35;3;chemin lalliance lange
Esaie 53:9;SKN;51-0502;35;2;aucune navait
Apocalypse 1:1;SKN;51-0502;35;2;ange arriver
Psaumes 42:7;SKN;51-0502;35;2;tes voix
1 Timothee 3:16;SKN;51-0502;37;2;chair manifeste
Apocalypse 17:17;SKN;51-0502;37;3;accomplies donner soient
Esaie 53:12;SKN;51-0502;38;2;ame compte
Apocalypse 10:7;SKN;51-0502;39;2;ange nouvelle
Esaie 40:3;SKN;51-0502;40;2;desert leternel
Matthieu 24:29;SKN;51-0502;40;2;lune soleil
Zacharie 14:7;SKN;51-0502;40;2;leternel nuit
Exode 13:21;SKN;51-0502;40;2;leternel nuit
Apocalypse 21:23;SKN;51-0502;40;2;lune soleil
Josue 10:12;SKN;51-0502;40;3;leternel lune soleil
Jean 14:9;SKN;51-0502;40;2;montre philippe
Jeremie 8:22;SKN;51-0502;43;2;fille medecin
Apocalypse 22:8;SKN;51-0502;43;3;lange pieds rendre
Actes 1:8;SKN;51-0502;44;2;bout jusquau
Jeremie 8:22;SKN;51-0502;44;2;fille medecin
Apocalypse 17:3;SKN;51-0502;44;2;ayant sept
Marc 13:27;SKN;51-0502;44;2;bout jusquau
Hebreux 4:14;SKN;51-0502;44;2;ayant ferme
Apocalypse 22:18;SKN;51-0502;45;2;rends temoignage
Esaie 61:1;SKN;51-0502;47;2;envoye leternel
Jean 5:7;SKN;51-0502;48;2;leau nai
Matthieu 3:16;SKN;51-0502;48;2;descendre leau
Esaie 14:12;SKN;51-0502;49;2;cieux tombe
Matthieu 3:16;SKN;51-0502;49;2;cieux furent
Matthieu 24:7;SKN;51-0502;50;2;aura divers
Apocalypse 10:1;SKN;51-0502;55;2;ange pieds
Apocalypse 10:1-7;SKN;51-0502;55;2;ange pieds
1 Timothee 3:16;SKN;51-0502;55;2;chair preche
Apocalypse 10:1;SKN;51-0502;56;2;ange pieds
Apocalypse 10:7;SKN;51-0502;56;2;ange voix
Apocalypse 10:1-7;SKN;51-0502;56;2;ange pieds
Jeremie 8:22;SKN;51-0502;56;2;fille medecin
Apocalypse 22:8;SKN;51-0502;56;2;lange pieds
Esaie 61:1;SKN;51-0502;57;2;leternel nouvelles
Galates 3:16;SKN;51-0502;58;2;parlant plusieurs
Genese 1:11;SKN;51-0502;61;2;espece selon
Apocalypse 1:1;SKN;51-0502;64;2;ange arriver
Hebreux 6:4;SKN;51-0502;68;2;celeste don
Jean 5:14;SKN;51-0503;4;2;gueri peur
Jean 5:7;SKN;51-0503;8;2;nai viens
Esaie 61:1;SKN;51-0503;8;2;apporter envoye
Ezechiel 28:12;SKN;51-0503;10;2;roi sagesse
Hebreux 9:11;SKN;51-0503;12;2;sacrificateur souverain
Hebreux 9:11-14;SKN;51-0503;12;2;sacrificateur souverain
Hebreux 4:15;SKN;51-0503;12;2;sacrificateur souverain
Hebreux 4:14;SKN;51-0503;12;3;confession sacrificateur souverain
Marc 11:23;SKN;51-0503;13;3;jette montagne ote
Hebreux 9:11;SKN;51-0503;14;2;sacrificateur souverain
Hebreux 9:11-14;SKN;51-0503;14;2;sacrificateur souverain
Hebreux 4:15;SKN;51-0503;14;2;sacrificateur souverain
Hebreux 4:14;SKN;51-0503;14;3;confession sacrificateur souverain
Genese 22:14;SKN;51-0503;15;2;jehovah montagne
Matthieu 24:29;SKN;51-0503;16;2;puissances seront
Genese 1:11;SKN;51-0503;22;2;selon semence
Matthieu 3:16;SKN;51-0503;22;2;aussitot vit
Galates 3:29;SKN;51-0503;22;2;selon semence
Genese 1:26;SKN;51-0503;24;2;mer selon
Deuteronome 18:15;SKN;51-0503;24;2;leternel tes
Jean 5:7;SKN;51-0503;24;2;malade nai
Genese 1:11;SKN;51-0503;24;2;plante selon
Genese 3:16;SKN;51-0503;24;2;grandes tes
Esaie 40:3;SKN;51-0503;24;2;desert leternel
Zacharie 14:7;SKN;51-0503;24;2;leternel nuit
Exode 13:21;SKN;51-0503;24;2;leternel nuit
Esaie 60:1;SKN;51-0503;24;2;leternel leve
Genese 22:16;SKN;51-0503;24;2;jure leternel
Jean 12:14;SKN;51-0503;24;2;ecrit selon
Psaumes 16:8;SKN;51-0503;24;3;droite leternel serai
Ephesiens 1:5;SKN;51-0503;28;2;selon volonte
Jean 5:7;SKN;51-0503;32;2;malade viens
Jean 14:12;SKN;51-0503;33;2;grandes men
Genese 3:16;SKN;51-0503;33;2;grandes mari
Jeremie 8:22;SKN;51-0503;49;2;fille medecin
Luc 21:24;SKN;51-0503;52;2;pieds seront
Hebreux 12:25;SKN;51-0503;55;2;nont prenez
Apocalypse 3:14;SKN;51-0505;1;2;lange lassemblee
Galates 4:27;SKN;51-0505;9;2;cris joie
Apocalypse 6:6;SKN;51-0505;14;2;mesure voix
Matthieu 3:16;SKN;51-0505;15;2;cieux leau
Genese 1:11;SKN;51-0505;18;2;espece larbre
Ezechiel 28:12;SKN;51-0505;18;2;etais roi
Marc 11:21;SKN;51-0505;18;2;rabbi setait
Jean 14:9;SKN;51-0505;18;3;connu mas philippe
Apocalypse 22:18;SKN;51-0505;21;2;paroles rends
Jean 14:9;SKN;51-0505;21;2;mas montre
Esaie 14:12;SKN;51-0505;27;2;cieux nations
Apocalypse 20:4;SKN;51-0505;27;2;rendu temoignage
Luc 21:24;SKN;51-0505;27;2;jerusalem nations
Hebreux 3:1;SKN;51-0505;28;3;confession sacrificateur souverain
Hebreux 9:11;SKN;51-0505;28;2;sacrificateur souverain
Hebreux 9:11-14;SKN;51-0505;28;2;sacrificateur souverain
Hebreux 4:15;SKN;51-0505;28;2;sacrificateur souverain
Hebreux 4:14;SKN;51-0505;28;3;confession sacrificateur souverain
Esaie 9:6;SKN;51-0505;35;2;merveilleux paix
Apocalypse 19:11;SKN;51-0505;35;2;appele justice
Esaie 53:12;SKN;51-0505;35;2;ame compte
Apocalypse 6:12;SKN;51-0505;35;2;fit lorsquil
Zacharie 14:7;SKN;51-0505;38;2;connu leternel
Jean 5:7;SKN;51-0505;40;2;descend leau
Amos 3:7;SKN;51-0505;40;2;leternel revele
Nombres 12:6;SKN;51-0505;40;2;connaitre leternel
Esaie 40:3;SKN;51-0505;40;2;leternel voix
Genese 3:8;SKN;51-0505;40;2;leternel voix
Esaie 53:12;SKN;51-0505;44;2;compte grands
Matthieu 1:18;SKN;51-0505;46;2;etant soient
Matthieu 24:29;SKN;51-0505;48;2;lune seront
Nombres 12:6;SKN;51-0505;53;2;connaitre vision
Apocalypse 3:14;SKN;51-0505;60;2;lange temoin
Jean 14:9;SKN;51-0505;60;2;connu mas
Ephesiens 2:12;SKN;51-0505;61;2;etant etiez
Malachie 3:1;SKN;51-0505;61;2;chemin cherchez
Apocalypse 3:14;SKN;51-0505;72;2;lange veritable
Malachie 3:1;SKN;51-0505;81;2;lange prenez
Actes 2:24;SKN;51-0505;81;2;douleurs lequel
Esaie 50:6;SKN;51-0505;84;2;dos nai
Esaie 60:1;SKN;51-0505;89;2;leve levee
Esaie 60:1;SKN;51-0505;91;2;leve levee
Jean 5:7;SKN;51-0506A;4;2;descend malade
Galates 4:27;SKN;51-0506A;9;2;joie pousse
Matthieu 3:16;SKN;51-0506A;11;3;cieux descendre leau
Hebreux 4:14;SKN;51-0506A;11;2;cieux ferme
Esaie 28:19;SKN;51-0506A;14;2;nuit prendra
Jean 16:21;SKN;51-0506A;14;2;heure lenfant
Genese 1:26;SKN;51-0506A;16;2;image mer
Matthieu 1:18;SKN;51-0506A;16;3;ensemble joseph naissance
Apocalypse 17:3;SKN;51-0506A;17;2;pleine vis
Hebreux 1:1;SKN;51-0506A;19;2;autrefois reprises
Luc 16:16;SKN;51-0506A;19;2;loi lors
Apocalypse 19:11;SKN;51-0506A;19;2;cheval veritable
Jean 5:24;SKN;51-0506A;22;2;croit entend
Jean 3:16;SKN;51-0506A;22;2;croit quiconque
Apocalypse 22:18;SKN;51-0506A;22;2;entend quiconque
Apocalypse 22:18;SKN;51-0506A;23;2;ecrites paroles
Apocalypse 17:17;SKN;51-0506A;23;2;donner paroles
Hebreux 3:1;SKN;51-0506A;25;3;lappel sacrificateur souverain
1 Timothee 3:16;SKN;51-0506A;25;2;anges eleve
Hebreux 9:11;SKN;51-0506A;25;2;sacrificateur souverain
Hebreux 9:11-14;SKN;51-0506A;25;2;sacrificateur souverain
Hebreux 4:15;SKN;51-0506A;25;2;sacrificateur souverain
Hebreux 4:14;SKN;51-0506A;25;2;sacrificateur souverain
Hebreux 9:11;SKN;51-0506A;26;2;biens sacrificateur
Apocalypse 20:4;SKN;51-0506A;26;2;navaient rendu
Hebreux 9:11-14;SKN;51-0506A;26;2;biens sacrificateur
Hebreux 4:15;SKN;51-0506A;26;2;navons sacrificateur
Matthieu 1:18;SKN;51-0506A;28;2;joseph naissance
Matthieu 1:18;SKN;51-0506A;29;2;ensemble naissance
Hebreux 6:4;SKN;51-0506A;30;2;celeste impossible
Genese 1:26;SKN;51-0506A;31;2;betail faisons
Zacharie 14:7;SKN;51-0506A;31;2;leternel nuit
Exode 13:21;SKN;51-0506A;31;2;leternel nuit
Esaie 60:1;SKN;51-0506A;31;2;leternel leve
Esaie 50:6;SKN;51-0506A;31;2;face joues
Apocalypse 19:21;SKN;51-0506A;32;2;chair oiseaux
Hebreux 12:24;SKN;51-0506A;32;2;mieux nouvelle
Hebreux 3:1;SKN;51-0506A;35;2;sacrificateur souverain
Hebreux 9:11;SKN;51-0506A;35;2;sacrificateur souverain
Hebreux 9:11-14;SKN;51-0506A;35;2;sacrificateur souverain
Hebreux 4:15;SKN;51-0506A;35;2;sacrificateur souverain
Hebreux 4:14;SKN;51-0506A;35;2;sacrificateur souverain
Esaie 28:19;SKN;51-0506A;41;2;entendre nuit
Matthieu 3:16;SKN;51-0506A;41;2;descendre leau
Genese 1:26;SKN;51-0506A;43;2;cieux mer
Genese 1:28;SKN;51-0506A;43;2;cieux mer
Matthieu 1:18;SKN;51-0506A;46;3;fiancee marie naissance
Esaie 40:3;SKN;51-0506A;49;2;chemin sterile
Malachie 3:1;SKN;51-0506A;49;2;chemin lange
Galates 4:27;SKN;51-0506A;49;2;joie sterile
Marc 11:23;SKN;51-0506A;52;2;mer montagne
1 Timothee 3:16;SKN;51-0506A;53;2;anges cru
Apocalypse 10:1;SKN;51-0506A;54;2;ange puissant
Apocalypse 10:1-7;SKN;51-0506A;54;2;ange puissant
Genese 3:16;SKN;51-0506E;2;2;grandes travail
Apocalypse 17:17;SKN;51-0506E;2;2;accomplies donner
Jean 14:12;SKN;51-0506E;8;2;celles grandes
Romains 8:11;SKN;51-0506E;8;2;dentre ressuscite
Apocalypse 19:11;SKN;51-0506E;8;2;blanc cheval
Apocalypse 17:17;SKN;51-0506E;9;2;paroles soient
Genese 1:11;SKN;51-0506E;13;2;larbre selon
Ezechiel 28:12;SKN;51-0506E;13;2;etais roi
Apocalypse 6:3;SKN;51-0506E;13;2;lorsquil viens
Jean 5:7;SKN;51-0506E;14;2;leau nai
Jean 14:12;SKN;51-0506E;15;2;grandes men
Apocalypse 1:1;SKN;51-0506E;15;2;ange arriver
Apocalypse 17:17;SKN;51-0506E;18;2;bete royaume
Apocalypse 20:4;SKN;51-0506E;18;2;ames bete
Apocalypse 6:3;SKN;51-0506E;18;2;sceau viens
Matthieu 24:7;SKN;51-0506E;18;2;aura royaume
Actes 10:35;SKN;51-0506E;33;2;nation quen
Genese 6:4;SKN;51-0506E;35;2;filles venus
Jean 5:14;SKN;51-0506E;37;2;gueri peur
Apocalypse 17:8;SKN;51-0506E;41;2;monter vue
Zacharie 14:6;SKN;51-0506E;42;2;arrivera seront
Actes 15:14;SKN;51-0507;5;2;raconte tirer
Jacques 5:14;SKN;51-0507;11;3;anciens dhuile prient
Zacharie 14:6;SKN;51-0507;17;2;aura seront
Luc 21:24;SKN;51-0507;17;2;jerusalem seront
Esaie 53:12;SKN;51-0507;17;2;aura grands
Apocalypse 17:17;SKN;51-0507;19;2;donner soient
Apocalypse 3:14;SKN;51-0507;20;2;commencement temoin
Apocalypse 6:11;SKN;51-0507;22;2;blanche longue
Amos 3:7;SKN;51-0507;23;2;prophetes revele
Apocalypse 1:1;SKN;51-0507;26;2;arriver revelation
Actes 2:24;SKN;51-0507;26;2;ayant possible
Galates 3:16;SKN;51-0507;27;2;plusieurs promesses
Nombres 19:9;SKN;51-0507;27;2;eau pur
Joel 2:25;SKN;51-0507;28;2;annees milieu
Jean 5:14;SKN;51-0507;30;3;gueri peur temple
Jeremie 8:22;SKN;51-0507;34;2;fille medecin
Malachie 3:1;SKN;51-0507;36;2;lange prenez
Jean 5:7;SKN;51-0507;41;2;descend leau
Matthieu 3:16;SKN;51-0507;42;2;cieux leau
Luc 17:28;SKN;51-0507;44;2;buvait mangeait
Psaumes 41:9;SKN;51-0507;44;2;mangeait pain
Jean 3:16;SKN;51-0508;4;2;croit quiconque
Hebreux 13:10;SKN;51-0508;7;2;droit nont
Hebreux 1:1;SKN;51-0508;10;2;plusieurs reprises
Jean 5:39;SKN;51-0508;10;2;rendent temoignage
Actes 2:4;SKN;51-0508;11;2;langues remplis
Hebreux 11:1;SKN;51-0508;24;2;celles espere
Actes 2:4;SKN;51-0508;27;2;donnait selon
Genese 3:1;SKN;51-0508;28;2;arbre serpent
Esaie 53:5;SKN;51-0508;30;3;blesse gueris meurtrissures
Jean 3:14;SKN;51-0508;30;3;desert eleve serpent
Matthieu 5:28;SKN;51-0508;30;2;commis quiconque
Matthieu 24:29;SKN;51-0508;33;2;etoiles lune
Apocalypse 13:14;SKN;51-0508;39;2;fut miracles
Ephesiens 1:13;SKN;51-0508;39;2;cru levangile
Ephesiens 1:13-14;SKN;51-0508;39;2;cru levangile
Jeremie 8:22;SKN;51-0508;46;2;applique medecin
Actes 1:8;SKN;51-0508;51;2;jusquau serez
Esaie 27:12;SKN;51-0508;51;2;jusquau serez
Actes 2:24;SKN;51-0508;51;2;delie possible
Esaie 53:9;SKN;51-0508;53;2;aucune bouche
Jean 5:14;SKN;51-0508;55;2;gueri peur
Jeremie 8:22;SKN;51-0508;57;2;fille medecin
Apocalypse 3:14;SKN;51-0508;59;2;fidele lange
Matthieu 24:29;SKN;51-0508;70;2;aussitot seront
Zacharie 14:6;SKN;51-0508;83;2;arrivera seront
Luc 7:36;SKN;51-0508;85;2;manger table
Hebreux 1:1;SKN;51-0509;2;2;plusieurs reprises
Apocalypse 20:4;SKN;51-0509;2;3;fut rendu temoignage
Esaie 53:12;SKN;51-0509;3;2;ame grands
Zacharie 14:6;SKN;51-0509;5;2;aura seront
Marc 11:23;SKN;51-0509;9;2;aura mer
Esaie 53:12;SKN;51-0509;9;2;aura forts
Matthieu 24:7;SKN;51-0509;9;2;aura royaume
Matthieu 11:10;SKN;51-0509;12;2;face jenvoie
Esaie 50:6;SKN;51-0509;12;2;face nai
Jean 14:12;SKN;51-0509;16;3;croit grandes men
Jean 5:24;SKN;51-0509;16;2;croit eternelle
Jean 3:16;SKN;51-0509;16;2;croit eternelle
Actes 2:4;SKN;51-0509;16;2;furent selon
Ephesiens 1:5;SKN;51-0509;16;3;ayant selon volonte
Genese 1:11;SKN;51-0509;16;2;ayant selon
Genese 3:16;SKN;51-0509;16;2;grandes mari
Matthieu 25:46;SKN;51-0509;16;2;eternelle sen
Apocalypse 19:21;SKN;51-0509;16;2;furent fut
Ephesiens 2:12;SKN;51-0509;16;2;etant israel
Apocalypse 17:17;SKN;51-0509;16;2;donner royaume
Apocalypse 20:4;SKN;51-0509;16;2;fut temoignage
Matthieu 18:10;SKN;51-0509;16;2;garde prenez
Matthieu 3:16;SKN;51-0509;16;3;ayant furent leau
Apocalypse 6:3;SKN;51-0509;16;2;lorsquil viens
Hebreux 12:25;SKN;51-0509;16;2;garde prenez
Apocalypse 6:12;SKN;51-0509;16;2;fit lorsquil
Jean 12:14;SKN;51-0509;16;2;ayant selon
Jean 5:39;SKN;51-0509;16;2;eternelle temoignage
Apocalypse 22:18;SKN;51-0509;17;2;paroles temoignage
Jean 5:39;SKN;51-0509;17;3;eternelle rendent temoignage
Esaie 53:12;SKN;51-0509;18;3;ame grands plusieurs
Joel 2:28;SKN;51-0509;19;2;filles jeunes
Apocalypse 10:1;SKN;51-0509;19;2;pieds puissant
Matthieu 1:18;SKN;51-0509;19;2;ensemble joseph
Apocalypse 10:1-7;SKN;51-0509;19;2;pieds puissant
Apocalypse 22:18;SKN;51-0509;20;2;rends temoignage
Apocalypse 20:4;SKN;51-0509;20;2;ames temoignage
Apocalypse 22:18;SKN;51-0509;21;2;paroles temoignage
Actes 10:35;SKN;51-0509;22;2;nation quen
Daniel 7:9;SKN;51-0509;25;2;cheveux places
Exode 13:21;SKN;51-0509;37;2;allait chemin
Ezechiel 28:12;SKN;51-0509;38;2;etais roi
Jean 14:12;SKN;51-0509;39;2;grandes men
Galates 1:8;SKN;51-0509;40;2;ange memes
Apocalypse 20:4;SKN;51-0509;41;2;rendu temoignage
Genese 1:26;SKN;51-0509;43;2;faisons mer
Marc 11:23;SKN;51-0509;43;2;aura mer
Esaie 28:19;SKN;51-0509;44;2;entendre nuit
Marc 11:23;SKN;51-0509;45;2;aura dira
Matthieu 24:7;SKN;51-0509;45;2;aura royaume
Malachie 3:1;SKN;51-0509;46;2;lange plaisir
Luc 1:17;SKN;51-0509;46;2;ira justes
Actes 2:4;SKN;51-0509;47;2;dautres selon
Ephesiens 1:5;SKN;51-0509;47;2;selon volonte
Apocalypse 22:8;SKN;51-0509;47;2;lange rendre
Matthieu 11:10;SKN;51-0509;54;2;ecrit lequel
Hebreux 1:1;SKN;51-0509;57;2;plusieurs reprises
Matthieu 1:18;SKN;51-0509;58;2;marie soient
Nombres 12:6;SKN;51-0509;59;2;connaitre vision
Actes 2:24;SKN;51-0509;68;2;delie possible
Esaie 53:12;SKN;51-0509;69;2;ame compte
Esaie 9:6;SKN;51-0509;83;2;fort gouvernement
1 Timothee 3:16;SKN;51-0509;87;2;chair manifeste
Exode 13:21;SKN;51-0509;87;2;allait nuit
Hebreux 9:11;SKN;51-0509;88;2;etant parfait
Hebreux 9:11-14;SKN;51-0509;88;2;etant parfait
Apocalypse 10:1;SKN;51-0509;97;2;pieds puissant
Apocalypse 10:1-7;SKN;51-0509;97;2;pieds puissant
Apocalypse 10:7;SKN;51-0714;6;2;trompette voix
Apocalypse 1:10;SKN;51-0714;6;2;trompette voix
Hebreux 1:1;SKN;51-0714;10;2;plusieurs reprises
Matthieu 18:10;SKN;51-0714;10;2;garde voient
Malachie 3:1;SKN;51-0714;12;2;lange temple
Actes 2:24;SKN;51-0714;13;2;possible ressuscite
Malachie 3:1;SKN;51-0714;16;2;lange temple
Jean 5:14;SKN;51-0714;16;2;gueri temple
Actes 2:4;SKN;51-0714;17;2;dautres selon
Matthieu 1:18;SKN;51-0714;20;2;joseph marie
Apocalypse 10:1;SKN;51-0714;23;2;descendant soleil
Apocalypse 10:1-7;SKN;51-0714;23;2;descendant soleil
Jean 3:16;SKN;51-0714;28;2;croit quiconque
Genese 1:26;SKN;51-0714;28;2;mer selon
Marc 11:23;SKN;51-0714;28;2;mer quiconque
Ephesiens 1:13;SKN;51-0714;28;2;levangile salut
Jean 12:14;SKN;51-0714;28;2;ecrit selon
Ephesiens 1:13-14;SKN;51-0714;28;2;levangile salut
Matthieu 1:18;SKN;51-0714;29;2;arriva marie
Apocalypse 19:11;SKN;51-0714;30;2;appele fidele
Joel 2:25;SKN;51-0714;31;2;annees milieu
Esaie 9:6;SKN;51-0714;32;2;fort merveilleux
Galates 4:27;SKN;51-0714;33;2;ecrit pousse
Matthieu 3:16;SKN;51-0714;35;2;descendre vit
Actes 1:8;SKN;51-0714;41;2;bout jusquau
Marc 13:27;SKN;51-0714;41;2;bout jusquau
Apocalypse 10:1;SKN;51-0714;45;2;descendant soleil
Apocalypse 10:1-7;SKN;51-0714;45;2;descendant soleil
1 Timothee 3:16;SKN;51-0714;47;2;eleve preche
Josue 10:12;SKN;51-0714;52;2;arrete lune
Esaie 53:12;SKN;51-0714;54;2;aura grands
Exode 13:21;SKN;51-0714;55;2;chemin eclairer
Jean 5:14;SKN;51-0714;58;2;gueri peur
Matthieu 18:10;SKN;51-0714;59;2;garde prenez
Hebreux 12:25;SKN;51-0714;59;3;garde nont prenez
Esaie 9:6;SKN;51-0714;63;2;fort merveilleux
Jean 5:14;SKN;51-0714;65;2;gueri peur
Genese 1:11;SKN;51-0714;66;2;espece portant
Genese 1:11;SKN;51-0714;69;2;espece portant
Deuteronome 18:15;SKN;51-0717;3;2;dentre milieu
Apocalypse 10:7;SKN;51-0717;6;2;ange voix
Esaie 40:3;SKN;51-0717;6;2;chemin voix
Exode 13:21;SKN;51-0717;6;2;chemin conduire
Matthieu 11:10;SKN;51-0717;6;2;chemin jenvoie
Malachie 3:1;SKN;51-0717;6;2;chemin jenvoie
Apocalypse 1:1;SKN;51-0717;6;2;ange arriver
Psaumes 42:7;SKN;51-0717;6;2;tes voix
Jean 5:7;SKN;51-0717;9;2;malade viens
Apocalypse 17:17;SKN;51-0717;9;2;paroles soient
Jean 3:21;SKN;51-0717;9;2;quelles soient
Ephesiens 1:5;SKN;51-0717;12;2;selon volonte
Esaie 53:5;SKN;51-0717;14;3;blesse gueris meurtrissures
Apocalypse 19:21;SKN;51-0717;15;2;bouche tue
Esaie 53:5;SKN;51-0717;15;3;blesse gueris meurtrissures
Genese 3:1;SKN;51-0717;16;2;animal serpent
Hebreux 9:11;SKN;51-0717;17;2;biens parfait
Hebreux 9:11-14;SKN;51-0717;17;2;biens parfait
Hebreux 9:11;SKN;51-0717;18;2;sacrificateur souverain
Hebreux 9:11-14;SKN;51-0717;18;2;sacrificateur souverain
Hebreux 4:15;SKN;51-0717;18;2;sacrificateur souverain
Hebreux 4:14;SKN;51-0717;18;3;confession sacrificateur souverain
Apocalypse 1:20;SKN;51-0717;18;2;droite sept
Actes 2:38;SKN;51-0717;19;2;peches repentez
Esaie 9:6;SKN;51-0717;19;2;fort paix
Hebreux 9:11;SKN;51-0717;19;2;sacrificateur souverain
Hebreux 9:11-14;SKN;51-0717;19;2;sacrificateur souverain
Hebreux 4:15;SKN;51-0717;19;2;sacrificateur souverain
Hebreux 4:14;SKN;51-0717;19;3;confession sacrificateur souverain
Hebreux 3:1;SKN;51-0717;21;3;confession sacrificateur souverain
Hebreux 9:11;SKN;51-0717;21;3;etant sacrificateur souverain
Ephesiens 2:12;SKN;51-0717;21;2;droit etant
Hebreux 9:11-14;SKN;51-0717;21;3;etant sacrificateur souverain
Hebreux 4:15;SKN;51-0717;21;2;sacrificateur souverain
Hebreux 4:14;SKN;51-0717;21;3;confession sacrificateur souverain
Zacharie 14:6;SKN;51-0717;25;2;arrivera aura
Matthieu 1:18;SKN;51-0717;26;2;etant naissance
Esaie 40:3;SKN;51-0717;27;3;crie desert voix
Apocalypse 22:8;SKN;51-0717;29;2;montrait pieds
Actes 1:8;SKN;51-0717;30;2;jerusalem judee
Esaie 61:1;SKN;51-0717;31;2;bonnes oint
Joel 2:28;SKN;51-0717;34;2;arrivera visions
Zacharie 14:6;SKN;51-0717;34;2;arrivera seront
Jean 14:7;SKN;51-0717;35;2;connaissez connu
Matthieu 11:10;SKN;51-0717;35;2;face lequel
Jean 14:9;SKN;51-0717;35;3;connu mas philippe
Apocalypse 22:8;SKN;51-0717;37;2;lange montrait
Malachie 3:1;SKN;51-0717;37;2;chemin lange
Jean 14:9;SKN;51-0717;37;2;mas montre
Esaie 53:12;SKN;51-0717;39;2;aura plusieurs
Luc 1:17;SKN;51-0717;39;2;delie ira
Malachie 3:1;SKN;51-0717;40;2;lalliance lange
Nombres 19:9;SKN;51-0717;40;2;disrael hors
Hebreux 3:1;SKN;51-0717;42;2;celeste considerez
Matthieu 11:25;SKN;51-0717;42;3;cache intelligents sages
Matthieu 24:29;SKN;51-0717;45;2;etoiles lune
Matthieu 18:10;SKN;51-0717;45;2;anges prenez
Malachie 3:1;SKN;51-0717;45;2;lange prenez
Apocalypse 1:20;SKN;51-0717;45;2;anges etoiles
Apocalypse 10:7;SKN;51-0717;46;2;ange prophetes
Matthieu 18:10;SKN;51-0717;46;2;anges garde
Malachie 3:1;SKN;51-0717;46;3;chemin cherchez lange
Esaie 61:1;SKN;51-0717;47;2;apporter envoye
Jean 5:7;SKN;51-0717;52;2;descend nai
Actes 2:24;SKN;51-0717;60;2;lequel possible
Jean 14:9;SKN;51-0717;60;3;connu mas philippe
Apocalypse 6:6;SKN;51-0717;70;2;mesure voix
Ephesiens 2:12;SKN;51-0717;71;2;droit etiez
Marc 11:23;SKN;51-0718;7;2;aura ote
Actes 2:4;SKN;51-0718;8;2;dautres selon
Ephesiens 1:5;SKN;51-0718;8;2;selon volonte
1 Timothee 3:16;SKN;51-0718;10;2;cru preche
Ephesiens 1:13;SKN;51-0718;10;2;cru levangile
Ephesiens 1:13-14;SKN;51-0718;10;2;cru levangile
Actes 2:4;SKN;51-0718;12;2;dautres furent
Esaie 53:5;SKN;51-0718;14;3;blesse gueris meurtrissures
Marc 13:27;SKN;51-0718;14;2;bout enverra
Hebreux 4:14;SKN;51-0718;15;2;confession ferme
Luc 7:36;SKN;51-0718;17;2;manger table
Nombres 12:6;SKN;51-0718;20;2;connaitre vision
Malachie 3:6;SKN;51-0718;21;2;change leternel
Zacharie 14:7;SKN;51-0718;21;2;aura leternel
Genese 3:1;SKN;51-0718;21;2;champs leternel
Malachie 4:5;SKN;51-0718;21;2;elie leternel
Actes 1:8;SKN;51-0718;22;2;serez venant
Exode 13:21;SKN;51-0718;22;2;colonne nuit
Apocalypse 20:4;SKN;51-0718;22;2;navaient rendu
Jeremie 8:22;SKN;51-0718;23;2;fille medecin
Apocalypse 10:1;SKN;51-0718;24;2;pieds visage
Apocalypse 10:1-7;SKN;51-0718;24;2;pieds visage
Apocalypse 22:8;SKN;51-0718;24;2;lange pieds
Jeremie 8:22;SKN;51-0718;25;2;fille medecin
Genese 22:14;SKN;51-0718;30;3;jehovah jire leternel
Matthieu 3:16;SKN;51-0718;33;2;aussitot descendre
Actes 2:38;SKN;51-0718;37;2;don peches
Jean 14:12;SKN;51-0718;38;2;celles grandes
Genese 1:26;SKN;51-0718;39;2;cieux mer
Apocalypse 10:1;SKN;51-0718;39;2;descendant pieds
Apocalypse 10:1-7;SKN;51-0718;39;2;descendant pieds
Exode 13:21;SKN;51-0718;39;2;chemin colonne
Matthieu 11:10;SKN;51-0718;39;2;chemin ecrit
Apocalypse 20:4;SKN;51-0718;39;2;rendu temoignage
Matthieu 3:16;SKN;51-0718;39;2;cieux ouverts
Genese 1:28;SKN;51-0718;39;2;cieux mer
Apocalypse 10:1;SKN;51-0718;43;2;ange visage
Apocalypse 10:1-7;SKN;51-0718;43;2;ange visage
Esaie 28:19;SKN;51-0718;43;2;passera prendra
Esaie 28:18;SKN;51-0718;43;2;passera subsistera
Esaie 53:12;SKN;51-0718;45;2;aura compte
Apocalypse 10:1;SKN;51-0718;49;3;ange nuee pieds
Apocalypse 10:1-7;SKN;51-0718;49;3;ange nuee pieds
Esaie 40:3;SKN;51-0718;49;2;chemin leternel
Zacharie 14:7;SKN;51-0718;49;2;leternel nuit
Apocalypse 22:8;SKN;51-0718;49;2;lange pieds
Malachie 3:1;SKN;51-0718;49;3;chemin lalliance lange
Esaie 53:12;SKN;51-0718;49;2;compte plusieurs
Apocalypse 19:11;SKN;51-0718;53;2;combat juge
Esaie 61:1;SKN;51-0719;1;2;bonnes nouvelles
Zacharie 14:7;SKN;51-0719;1;2;connu nuit
Jean 5:14;SKN;51-0719;3;2;gueri temple
Jeremie 8:22;SKN;51-0719;5;2;fille medecin
Esaie 53:12;SKN;51-0719;6;2;compte plusieurs
Genese 1:26;SKN;51-0719;8;2;faisons selon
Apocalypse 1:1;SKN;51-0719;8;2;ange arriver
Matthieu 3:16;SKN;51-0719;8;2;aussitot leau
Matthieu 3:16;SKN;51-0719;12;2;aussitot leau
Jean 14:12;SKN;51-0719;14;2;celles grandes
Hebreux 11:1;SKN;51-0719;14;2;celles voit
Jean 5:14;SKN;51-0719;15;2;gueri peur
Apocalypse 20:4;SKN;51-0719;20;2;jugement temoignage
Exode 13:21;SKN;51-0719;23;2;allait nuit
Matthieu 3:16;SKN;51-0719;29;2;descendre vit
Matthieu 24:29;SKN;51-0719;32;2;aussitot cieux
Matthieu 3:16;SKN;51-0719;32;2;aussitot cieux
Apocalypse 22:8;SKN;51-0719;35;2;lange pieds
Apocalypse 10:1;SKN;51-0719;40;2;pieds puissant
Apocalypse 10:1-7;SKN;51-0719;40;2;pieds puissant
Jean 14:9;SKN;51-0719;40;2;mas montre
Jeremie 8:22;SKN;51-0719;42;2;appareil fille
Apocalypse 6:11;SKN;51-0719;42;2;complet fut
Zacharie 11:12;SKN;51-0719;43;2;dargent pieces
Apocalypse 22:19;SKN;51-0719;45;2;ote paroles
Apocalypse 17:8;SKN;51-0719;45;2;monter vue
Nombres 12:6;SKN;51-0719;45;2;paroles vision
Jeremie 8:22;SKN;51-0719;45;2;appareil fille
Romains 8:11;SKN;51-0719;46;2;dentre ressuscite
Deuteronome 18:15;SKN;51-0719;47;2;dentre leternel
Esaie 61:1;SKN;51-0719;47;2;envoye leternel
Exode 13:21;SKN;51-0719;47;2;leternel marchent
Genese 3:16;SKN;51-0719;48;2;grandes tes
Apocalypse 10:7;SKN;51-0719;49;2;ange voix
Genese 3:16;SKN;51-0719;49;2;desir grandes
Apocalypse 1:1;SKN;51-0719;49;2;ange montrer
Esaie 53:5;SKN;51-0719;50;3;blesse gueris meurtrissures
1 Timothee 3:16;SKN;51-0719;52;2;cru preche
Deuteronome 18:15;SKN;51-0719;53;2;dentre tes
Romains 8:11;SKN;51-0719;53;2;dentre ressuscite
Actes 2:24;SKN;51-0719;53;2;possible ressuscite
Actes 2:38;SKN;51-0719;58;2;don peches
Psaumes 103:3;SKN;51-0719;58;2;guerit tes
Esaie 60:1;SKN;51-0720;2;2;leternel leve
Malachie 4:5;SKN;51-0720;2;2;leternel vienne
Zacharie 14:7;SKN;51-0720;3;2;aura nuit
Jean 14:12;SKN;51-0720;4;2;grandes men
Apocalypse 10:1;SKN;51-0720;4;2;pieds soleil
Hebreux 3:1;SKN;51-0720;4;2;celeste saints
Apocalypse 10:1-7;SKN;51-0720;4;2;pieds soleil
1 Timothee 3:16;SKN;51-0720;5;2;nations piete
Ephesiens 1:5;SKN;51-0720;5;2;ayant plaisir
Luc 21:24;SKN;51-0720;5;2;jerusalem nations
Romains 8:11;SKN;51-0720;7;2;dentre ressuscite
Psaumes 14:1;SKN;51-0720;7;2;fasse rendu
Psaumes 103:3;SKN;51-0720;8;2;pardonne tes
Apocalypse 17:17;SKN;51-0720;8;2;royaume soient
Hebreux 1:1;SKN;51-0720;10;2;plusieurs prophetes
Luc 16:16;SKN;51-0720;10;2;lors prophetes
Ephesiens 2:12;SKN;51-0720;10;2;droit etant
Genese 1:26;SKN;51-0720;12;2;cieux mer
Ephesiens 1:20;SKN;51-0720;12;2;dentre droite
Matthieu 3:16;SKN;51-0720;12;3;cieux descendre leau
Genese 1:28;SKN;51-0720;12;2;cieux mer
Apocalypse 6:12;SKN;51-0720;12;2;lorsquil sac
Ephesiens 1:5;SKN;51-0720;14;2;plaisir selon
Malachie 3:1;SKN;51-0720;14;3;lange plaisir viendra
Jean 12:14;SKN;51-0720;14;2;ecrit selon
Malachie 3:1;SKN;51-0720;18;2;chemin lange
Jean 5:24;SKN;51-0720;19;2;croit envoye
Jean 5:7;SKN;51-0720;20;2;malade nai
Hebreux 13:10;SKN;51-0720;20;2;droit servent
Matthieu 19:28;SKN;51-0720;20;2;douze serez
Matthieu 18:10;SKN;51-0720;20;2;anges cieux
Luc 7:36;SKN;51-0720;22;2;manger table
Apocalypse 19:21;SKN;51-0720;29;2;bouche sortait
Nombres 12:6;SKN;51-0720;32;2;connaitre vision
Esaie 53:12;SKN;51-0720;32;2;aura plusieurs
Zacharie 11:12;SKN;51-0720;32;2;donnez sinon
Hebreux 3:1;SKN;51-0720;35;2;sacrificateur souverain
Hebreux 9:11;SKN;51-0720;35;2;sacrificateur souverain
Hebreux 9:11-14;SKN;51-0720;35;2;sacrificateur souverain
Hebreux 4:15;SKN;51-0720;35;2;sacrificateur souverain
Hebreux 4:14;SKN;51-0720;35;2;sacrificateur souverain
Hebreux 12:25;SKN;51-0720;36;2;nont prenez
Esaie 9:6;SKN;51-0720;37;2;merveilleux prince
Matthieu 24:29;SKN;51-0720;37;2;aussitot cieux
Matthieu 3:16;SKN;51-0720;37;2;aussitot cieux
Apocalypse 10:1;SKN;51-0720;38;2;pieds visage
Apocalypse 10:1-7;SKN;51-0720;38;2;pieds visage
Apocalypse 6:11;SKN;51-0720;38;2;blanche robe
Hebreux 13:10;SKN;51-0720;40;2;droit manger
Hebreux 6:4;SKN;51-0720;43;2;celeste impossible
Jean 3:21;SKN;51-0720;43;2;quelles soient
Genese 1:11;SKN;51-0720;47;3;espece selon semence
Galates 3:29;SKN;51-0720;47;2;selon semence
Hebreux 13:10;SKN;51-0720;49;2;droit nont
Hebreux 12:25;SKN;51-0720;49;2;nont parlait
Psaumes 103:3;SKN;51-0720;51;2;guerit iniquites
Apocalypse 10:1;SKN;51-0720;51;2;ange puissant
Apocalypse 10:1-7;SKN;51-0720;51;2;ange puissant
Hebreux 10:26;SKN;51-0720;51;2;peches sacrifice
Esaie 61:1;SKN;51-0720;51;2;brise envoye
Malachie 3:1;SKN;51-0720;51;2;lange messager
Apocalypse 6:6;SKN;51-0720;52;2;mesure voix
Apocalypse 6:6;SKN;51-0721;2;2;jentendis mesure
Matthieu 24:29;SKN;51-0721;9;2;aussitot lune
Matthieu 3:16;SKN;51-0721;13;2;baptise leau
Jean 5:7;SKN;51-0721;14;3;leau nai viens
1 Timothee 3:16;SKN;51-0721;14;2;cru nations
Apocalypse 13:14;SKN;51-0721;14;2;habitent miracles
Actes 15:14;SKN;51-0721;14;2;nations tirer
Matthieu 3:16;SKN;51-0721;14;2;baptise leau
Apocalypse 22:18;SKN;51-0721;19;2;paroles temoignage
Nombres 12:6;SKN;51-0721;19;2;paroles vision
Matthieu 24:29;SKN;51-0721;19;2;lune soleil
Apocalypse 21:23;SKN;51-0721;19;2;lune soleil
Josue 10:12;SKN;51-0721;19;2;lune soleil
Apocalypse 10:1;SKN;51-0721;22;2;vis visage
Hebreux 3:1;SKN;51-0721;22;2;celeste souverain
Apocalypse 22:18;SKN;51-0721;22;2;rends temoignage
Apocalypse 10:1-7;SKN;51-0721;22;2;vis visage
Apocalypse 20:4;SKN;51-0721;22;2;temoignage vis
Jean 5:7;SKN;51-0721;23;3;agitee descend leau
Matthieu 3:16;SKN;51-0721;24;2;aussitot descendre
Jean 5:7;SKN;51-0721;29;2;nai viens
Apocalypse 6:1;SKN;51-0721;29;2;sept viens
Apocalypse 17:8;SKN;51-0721;30;2;monter vue
Matthieu 3:16;SKN;51-0721;32;2;aussitot vit
Psaumes 35:11;SKN;51-0721;34;2;nai temoins
Genese 1:11;SKN;51-0721;36;2;larbre portant
Psaumes 42:7;SKN;51-0721;38;2;tes voix
Jean 14:9;SKN;51-0721;38;2;connu mas
Luc 10:1;SKN;51-0722A;3;2;devait face
Hebreux 1:1;SKN;51-0722A;4;2;manieres plusieurs
Esaie 28:19;SKN;51-0722A;7;2;entendre nuit
Zacharie 14:7;SKN;51-0722A;7;2;aura nuit
Jean 14:12;SKN;51-0722A;13;2;croit men
Jean 5:24;SKN;51-0722A;13;3;croit envoye jugement
Esaie 9:6;SKN;51-0722A;13;2;fort merveilleux
Matthieu 12:42;SKN;51-0722A;13;2;jugement midi
Hebreux 3:1;SKN;51-0722A;14;2;sacrificateur souverain
Hebreux 9:11;SKN;51-0722A;14;3;sacrificateur souverain tabernacle
Hebreux 9:11-14;SKN;51-0722A;14;3;sacrificateur souverain tabernacle
Hebreux 4:15;SKN;51-0722A;14;3;navons sacrificateur souverain
Nombres 19:9;SKN;51-0722A;14;2;camp hors
Hebreux 4:14;SKN;51-0722A;14;2;sacrificateur souverain
Matthieu 18:10;SKN;51-0722A;15;2;anges face
Matthieu 12:42;SKN;51-0722A;16;2;midi vint
Actes 1:8;SKN;51-0722A;19;2;bout serez
Jean 5:7;SKN;51-0722A;27;2;nai viens
Malachie 3:1;SKN;51-0722A;27;2;chemin plaisir
Matthieu 3:16;SKN;51-0722A;37;2;aussitot leau
Daniel 7:9;SKN;51-0722A;38;2;cheveux lancien
Joel 2:28;SKN;51-0722A;40;2;filles jeunes
Genese 6:4;SKN;51-0722A;40;3;filles quelles venus
Joel 2:28;SKN;51-0722A;41;2;filles jeunes
Malachie 3:1;SKN;51-0722A;43;2;lange viendra
Galates 4:27;SKN;51-0722A;48;2;ecrit travail
Nombres 12:6;SKN;51-0722A;50;2;connaitre ferai
Actes 15:14;SKN;51-0722A;50;2;raconte visite
Zacharie 11:12;SKN;51-0722A;56;2;dargent pieces
Galates 4:27;SKN;51-0722A;60;2;cris joie
Jean 5:7;SKN;51-0722A;65;2;nai viens
Matthieu 3:16;SKN;51-0722A;72;2;descendre leau
Jeremie 8:22;SKN;51-0722A;80;2;appareil medecin
Matthieu 18:10;SKN;51-0722A;81;2;garde prenez
Hebreux 12:25;SKN;51-0722A;81;2;garde prenez
Jean 5:7;SKN;51-0722A;82;2;nai viens
Nombres 12:6;SKN;51-0722A;82;2;ferai vision
Jean 5:24;SKN;51-0722A;92;2;croit envoye
Jean 3:16;SKN;51-0722A;92;2;croit quiconque
Apocalypse 22:18;SKN;51-0722A;92;2;paroles quiconque
Apocalypse 22:19;SKN;51-0722A;92;2;cite paroles
Matthieu 24:29;SKN;51-0722A;92;2;lune soleil
Apocalypse 21:23;SKN;51-0722A;92;3;cite lune soleil
Josue 10:12;SKN;51-0722A;92;2;lune soleil
Jean 14:9;SKN;51-0722A;96;2;connu mas
Exode 13:21;SKN;51-0722A;97;2;allait nuit
Jean 16:21;SKN;51-0722A;97;2;heure lenfant
Josue 10:12;SKN;51-0722A;99;2;arrete lune
Jean 5:7;SKN;51-0722A;100;2;malade viens
Esaie 53:12;SKN;51-0722A;103;2;ame aura
Jean 16:21;SKN;51-0722A;103;2;joie lenfant
Hebreux 12:25;SKN;51-0722A;104;2;garde nont
Apocalypse 3:14;SKN;51-0722E;3;2;fidele veritable
Apocalypse 19:11;SKN;51-0722E;3;2;fidele veritable
Malachie 3:1;SKN;51-0722E;11;2;chemin lange
Malachie 3:1;SKN;51-0722E;12;2;jenvoie prenez
Jean 5:7;SKN;51-0722E;15;3;leau malade nai
Actes 1:8;SKN;51-0722E;15;2;judee venant
Apocalypse 10:7;SKN;51-0722E;15;2;nouvelle septieme
Apocalypse 13:14;SKN;51-0722E;15;2;fut miracles
Apocalypse 6:11;SKN;51-0722E;15;2;fut reposent
Hebreux 12:24;SKN;51-0722E;15;2;mieux nouvelle
Apocalypse 6:3;SKN;51-0722E;15;2;lorsquil second
Apocalypse 6:12;SKN;51-0722E;15;2;fit lorsquil
Actes 2:24;SKN;51-0722E;15;2;ayant possible
Genese 14:18;SKN;51-0722E;15;3;fit roi vin
Matthieu 24:7;SKN;51-0722E;16;2;aura royaume
Jean 14:12;SKN;51-0727;1;2;grandes uvres
Jean 3:21;SKN;51-0727;1;2;manifestees uvres
Apocalypse 22:18;SKN;51-0727;3;2;entend paroles
Apocalypse 10:7;SKN;51-0727;5;2;ange termine
Matthieu 3:16;SKN;51-0727;5;3;aussitot ayant leau
Jean 5:7;SKN;51-0727;6;2;agitee leau
Jean 5:7;SKN;51-0727;7;2;agitee leau
Jean 12:14;SKN;51-0727;7;2;ayant ecrit
Esaie 53:12;SKN;51-0727;9;2;grands plusieurs
Ezechiel 28:12;SKN;51-0727;10;2;eleve sagesse
Jean 3:14;SKN;51-0727;10;3;desert eleve serpent
Jean 3:14;SKN;51-0727;11;3;eleva eleve serpent
Jean 5:7;SKN;51-0727;12;2;leau malade
1 Timothee 3:16;SKN;51-0727;13;2;anges cru
Genese 22:14;SKN;51-0727;13;3;jehovah jire pourvu
Ephesiens 1:13;SKN;51-0727;13;2;auquel cru
Ephesiens 1:13-14;SKN;51-0727;13;2;auquel cru
Apocalypse 17:15;SKN;51-0727;15;2;langues nations
Actes 2:38;SKN;51-0727;16;2;peches recevrez
Genese 1:11;SKN;51-0727;16;2;fruit semence
Ephesiens 1:13;SKN;51-0727;16;2;levangile salut
Esaie 53:5;SKN;51-0727;16;3;blesse gueris meurtrissures
Ephesiens 1:13-14;SKN;51-0727;16;2;levangile salut
Hebreux 3:1;SKN;51-0727;17;3;confession sacrificateur souverain
Hebreux 9:11;SKN;51-0727;17;2;sacrificateur souverain
Hebreux 9:11-14;SKN;51-0727;17;2;sacrificateur souverain
Hebreux 4:15;SKN;51-0727;17;2;sacrificateur souverain
Hebreux 4:14;SKN;51-0727;17;3;confession sacrificateur souverain
Genese 1:11;SKN;51-0727;18;2;selon semence
Ephesiens 1:13;SKN;51-0727;18;2;cru levangile
Galates 3:29;SKN;51-0727;18;2;selon semence
Jean 12:14;SKN;51-0727;18;2;ecrit selon
Ephesiens 1:13-14;SKN;51-0727;18;2;cru levangile
Hebreux 11:1;SKN;51-0727;22;2;celles voit
Apocalypse 22:19;SKN;51-0727;23;2;cite paroles
Hebreux 11:1;SKN;51-0727;23;2;celles voit
Hebreux 3:1;SKN;51-0727;24;2;sacrificateur souverain
Apocalypse 22:19;SKN;51-0727;24;2;cite paroles
Hebreux 9:11;SKN;51-0727;24;2;sacrificateur souverain
Apocalypse 17:17;SKN;51-0727;24;3;accomplies paroles soient
Hebreux 9:11-14;SKN;51-0727;24;2;sacrificateur souverain
Jean 3:21;SKN;51-0727;24;2;soient uvres
Hebreux 4:15;SKN;51-0727;24;2;sacrificateur souverain
Hebreux 4:14;SKN;51-0727;24;2;sacrificateur souverain
Genese 14:18;SKN;51-0727;24;2;roi sacrificateur
Apocalypse 22:18;SKN;51-0727;26;2;paroles prophetie
Apocalypse 22:19;SKN;51-0727;26;2;paroles prophetie
Genese 1:11;SKN;51-0727;26;2;selon semence
Nombres 12:6;SKN;51-0727;26;2;leternel paroles
Apocalypse 17:17;SKN;51-0727;26;2;curs paroles
Galates 3:29;SKN;51-0727;26;2;selon semence
Jean 12:14;SKN;51-0727;26;2;ecrit selon
Jacques 5:14;SKN;51-0727;27;2;lassemblee malade
Nombres 19:9;SKN;51-0727;27;2;camp lassemblee
Matthieu 19:9;SKN;51-0727;28;2;epouse quiconque
Daniel 7:9;SKN;51-0727;29;2;cheveux vetement
Apocalypse 22:8;SKN;51-0727;29;2;lange pieds
Esaie 53:5;SKN;51-0727;39;3;blesse gueris meurtrissures
Apocalypse 22:18;SKN;51-0727;40;2;paroles quiconque
Hebreux 9:11;SKN;51-0727;40;2;sacrificateur souverain
Hebreux 9:11-14;SKN;51-0727;40;2;sacrificateur souverain
Hebreux 4:15;SKN;51-0727;40;2;sacrificateur souverain
Luc 17:33;SKN;51-0727;40;2;quiconque sauver
Hebreux 4:14;SKN;51-0727;40;3;confession sacrificateur souverain
Deuteronome 18:15;SKN;51-0727;45;2;leternel tes
Genese 2:7;SKN;51-0727;45;2;ame leternel
Matthieu 1:18;SKN;51-0727;47;2;etant naissance
Jean 14:12;SKN;51-0727;48;2;grandes men
Jean 5:7;SKN;51-0727;48;2;malade nai
Genese 3:16;SKN;51-0727;48;2;grandes mari
Apocalypse 22:8;SKN;51-0727;48;2;jeus lange
Jean 14:9;SKN;51-0727;48;3;connu mas philippe
Matthieu 1:18;SKN;51-0727;51;2;etant soient
Apocalypse 17:17;SKN;51-0727;51;2;paroles soient
Esaie 53:5;SKN;51-0727;52;3;blesse gueris meurtrissures
Matthieu 1:18;SKN;51-0727;54;2;ensemble soient
Apocalypse 17:17;SKN;51-0727;54;2;curs soient
Jean 3:16;SKN;51-0727;58;2;croit quiconque
Hebreux 3:1;SKN;51-0727;58;2;considerez sacrificateur
Psaumes 22:18;SKN;51-0727;58;2;sort vetements
Psaumes 103:3;SKN;51-0727;77;2;pardonne tes
Malachie 4:5;SKN;51-0727;77;2;envoie vienne
Genese 1:28;SKN;51-0727;77;2;cieux vivant
Nombres 12:6;SKN;51-0727;83;2;connaitre paroles
Apocalypse 3:14;SKN;51-0727;83;2;lange lassemblee
Genese 3:16;SKN;51-0727;83;2;tes tourne
Zacharie 14:6;SKN;51-0727;83;2;arrivera seront
Matthieu 19:28;SKN;51-0727;83;2;douze serez
Esaie 27:12;SKN;51-0727;83;2;arrivera serez
Matthieu 11:25;SKN;51-0727;83;2;cache loue
Psaumes 16:10;SKN;51-0727;85;2;permettras voie
Ephesiens 2:12;SKN;51-0727;85;2;etant nayant
Ephesiens 1:5;SKN;51-0727;86;2;ayant selon
Genese 1:11;SKN;51-0727;86;2;ayant selon
Jean 12:14;SKN;51-0727;86;2;ayant selon
Esaie 28:19;SKN;51-0728;1;2;entendre nuit
Zacharie 14:7;SKN;51-0728;1;2;aura nuit
Apocalypse 5:9;SKN;51-0728;1;2;cantique chantent
Joel 2:28;SKN;51-0728;4;2;chair jeunes
Apocalypse 22:8;SKN;51-0728;5;2;lange pieds
Jean 3:16;SKN;51-0728;10;2;eternelle quiconque
Hebreux 6:4;SKN;51-0728;10;3;devenus don participants
Matthieu 1:18;SKN;51-0728;12;2;ensemble naissance
Apocalypse 1:1;SKN;51-0728;12;2;bientot montrer
Apocalypse 10:7;SKN;51-0728;13;2;septieme voix
Genese 3:8;SKN;51-0728;16;2;arbres jardin
Genese 3:1;SKN;51-0728;16;2;arbre jardin
Deuteronome 18:15;SKN;51-0728;17;2;milieu tes
1 Timothee 3:16;SKN;51-0728;17;2;anges manifeste
Deuteronome 18:15;SKN;51-0728;18;2;dentre tes
Jean 5:14;SKN;51-0728;18;2;gueri temple
Actes 2:24;SKN;51-0728;18;2;lequel possible
Luc 1:17;SKN;51-0728;18;2;ira pensee
Jean 5:24;SKN;51-0728;19;2;envoye eternelle
Luc 16:16;SKN;51-0728;19;3;loi lors prophetes
Matthieu 11:10;SKN;51-0728;19;2;ecrit lequel
Ezechiel 28:12;SKN;51-0728;19;2;etais roi
Marc 11:21;SKN;51-0728;19;2;figuier rabbi
Jean 12:14;SKN;51-0728;19;2;ecrit selon
Jean 5:39;SKN;51-0728;19;2;eternelle temoignage
Nombres 19:9;SKN;51-0728;19;2;disrael eau
Apocalypse 13:8;SKN;51-0728;20;2;ecrit fondation
Ephesiens 1:5;SKN;51-0728;21;2;ayant plaisir
Apocalypse 17:3;SKN;51-0728;21;2;ayant noms
Zacharie 14:6;SKN;51-0728;21;2;aura seront
Apocalypse 22:18;SKN;51-0728;23;2;rends temoignage
Zacharie 14:7;SKN;51-0728;24;2;connu nuit
Esaie 61:1;SKN;51-0728;26;2;bonnes nouvelles
Galates 4:27;SKN;51-0728;27;2;ecrit travail
Joel 2:28;SKN;51-0728;28;2;filles jeunes
Exode 13:21;SKN;51-0728;28;2;chemin conduire
Joel 2:28;SKN;51-0728;30;2;filles jeunes
Actes 2:4;SKN;51-0728;30;2;langues selon
Genese 1:11;SKN;51-0728;30;2;espece selon
Apocalypse 1:1;SKN;51-0728;35;2;arriver montrer
Apocalypse 10:7;SKN;51-0728;36;2;ange voix
Zacharie 14:7;SKN;51-0728;39;2;aura nuit
Luc 7:36;SKN;51-0728;41;2;entrant manger
Marc 11:23;SKN;51-0728;43;2;aura montagne
Luc 16:16;SKN;51-0728;43;2;prophetes royaume
Matthieu 24:29;SKN;51-0728;43;2;cieux puissances
Matthieu 24:7;SKN;51-0728;43;2;aura royaume
Psaumes 41:9;SKN;51-0728;44;2;leve pain
Apocalypse 19:21;SKN;51-0728;49;2;bouche sortait
Exode 13:21;SKN;51-0728;49;2;allait nuit
Apocalypse 20:4;SKN;51-0728;49;2;rendu temoignage
Apocalypse 22:8;SKN;51-0728;49;2;lange pieds
Deuteronome 18:15;SKN;51-0728;50;2;dentre milieu
Hebreux 12:25;SKN;51-0728;50;2;garde parlait
Joel 2:28;SKN;51-0728;52;2;filles jeunes
Apocalypse 6:11;SKN;51-0728;53;2;devaient robe
Genese 1:26;SKN;51-0728;54;2;faisons mer
Jeremie 8:22;SKN;51-0728;54;2;appareil fille
Apocalypse 1:1;SKN;51-0728;60;2;arriver doivent
Hebreux 13:10;SKN;51-0728;61;2;droit nont
Apocalypse 20:4;SKN;51-0728;62;2;image vis
Psaumes 42:7;SKN;51-0728;65;2;tes voix
Nombres 12:6;SKN;51-0728;67;2;paroles vision
Esaie 28:11;SKN;51-0728;67;2;langue levres
Deuteronome 18:15;SKN;51-0728;70;2;dentre tes
Romains 8:11;SKN;51-0728;70;2;dentre ressuscite
Matthieu 1:18;SKN;51-0728;72;2;etant naissance
Esaie 61:1;SKN;51-0728;72;2;apporter envoye
Apocalypse 19:11;SKN;51-0729A;17;2;cheval veritable
Jean 5:7;SKN;51-0729A;25;2;nai viens
Jean 3:16;SKN;51-0729A;26;2;croit quiconque
Marc 11:23;SKN;51-0729A;26;2;dira quiconque
Matthieu 1:18;SKN;51-0729A;26;2;ensemble marie
Apocalypse 17:17;SKN;51-0729A;28;2;paroles soient
Esaie 28:11;SKN;51-0729A;28;2;levres parlera
Josue 10:12;SKN;51-0729A;32;2;arrete soleil
Apocalypse 21:23;SKN;51-0729A;33;2;lune soleil
Josue 10:12;SKN;51-0729A;33;2;lune soleil
Genese 1:26;SKN;51-0729A;34;2;faisons image
Ezechiel 28:12;SKN;51-0729A;34;2;dhomme forme
Colossiens 1:15;SKN;51-0729A;34;3;creation image invisible
Joel 2:28;SKN;51-0729A;36;2;chair filles
Apocalypse 10:7;SKN;51-0729A;41;2;annonce trompette
Esaie 61:1;SKN;51-0729A;41;2;bonnes envoye
Malachie 3:1;SKN;51-0729A;42;2;lange temple
Apocalypse 20:4;SKN;51-0729A;44;2;fut rendu
Psaumes 14:1;SKN;51-0729A;44;2;actions rendu
Matthieu 1:18;SKN;51-0729A;45;3;enceinte fiancee joseph
Matthieu 1:23;SKN;51-0729A;45;2;enceinte vierge
Hebreux 3:1;SKN;51-0729A;46;2;considerez sacrificateur
Actes 2:4;SKN;51-0729A;47;2;dautres selon
Actes 1:8;SKN;51-0729A;49;3;bout judee jusquau
Esaie 61:1;SKN;51-0729A;49;2;bonnes nouvelles
Apocalypse 22:8;SKN;51-0729A;49;2;lange rendre
Esaie 27:12;SKN;51-0729A;49;2;courant jusquau
Marc 13:27;SKN;51-0729A;49;2;bout jusquau
Daniel 7:9;SKN;51-0729A;51;2;blanc lancien
Actes 1:8;SKN;51-0729A;53;2;bout jusquau
Marc 13:27;SKN;51-0729A;53;2;bout jusquau
Apocalypse 6:1;SKN;51-0729A;56;2;lagneau voix
1 Timothee 3:16;SKN;51-0729A;62;2;nations preche
Luc 21:24;SKN;51-0729A;62;2;jerusalem nations
Marc 11:23;SKN;51-0729A;63;2;aura ote
Zacharie 14:6;SKN;51-0729A;63;2;arrivera aura
Genese 14:18;SKN;51-0729A;63;2;roi sacrificateur
Ephesiens 5:26;SKN;51-0729A;64;2;deau sanctifie
Esaie 32:2;SKN;51-0729A;64;2;deau rocher
Genese 6:4;SKN;51-0729A;64;2;eurent filles
Genese 14:18;SKN;51-0729A;65;2;fit pain
Zacharie 11:12;SKN;51-0729A;66;2;donnez sinon
Actes 1:8;SKN;51-0729A;67;2;jusquau venant
Esaie 40:3;SKN;51-0729A;67;2;desert route
Jean 16:21;SKN;51-0729A;67;2;heure joie
Hebreux 13:10;SKN;51-0729A;68;2;droit manger
Luc 24:49;SKN;51-0729A;69;2;den revetus
Matthieu 19:28;SKN;51-0729A;69;2;disrael serez
Esaie 27:12;SKN;51-0729A;69;2;disrael serez
Genese 1:26;SKN;51-0729A;70;2;faisons mer
Matthieu 1:18;SKN;51-0729A;71;2;ensemble marie
Jean 5:7;SKN;51-0729A;72;2;leau malade
Jean 5:7;SKN;51-0729A;73;2;descend leau
Esaie 32:2;SKN;51-0729A;73;3;deau sec vent
Actes 1:8;SKN;51-0729A;74;2;jerusalem recevrez
Jean 5:7;SKN;51-0729A;77;2;descend leau
Jean 14:12;SKN;51-0729A;82;2;croit men
Jean 5:24;SKN;51-0729A;82;2;croit envoye
Apocalypse 21:19;SKN;51-0729A;83;2;premier troisieme
Matthieu 12:42;SKN;51-0729A;85;2;entendre vint
Matthieu 27:51;SKN;51-0729A;85;2;temple voile
Apocalypse 10:7;SKN;51-0729A;86;2;nouvelle termine
Amos 3:7;SKN;51-0729A;87;2;prophetes revele
Genese 2:7;SKN;51-0729A;89;2;ame leternel
Malachie 4:5;SKN;51-0729A;89;2;elie leternel
Jean 5:7;SKN;51-0729A;91;2;nai viens
Jean 3:16;SKN;51-0729A;94;2;croit quiconque
Marc 11:23;SKN;51-0729A;94;2;aura quiconque
Apocalypse 22:8;SKN;51-0729A;98;2;montrait pieds
Genese 1:26;SKN;51-0729A;99;2;mer poissons
Marc 11:23;SKN;51-0729A;99;2;mer montagne
Genese 1:28;SKN;51-0729A;99;2;mer poissons
Psaumes 103:3;SKN;51-0729A;100;2;guerit tes
Hebreux 1:1;SKN;51-0729E;6;2;ayant plusieurs
Ephesiens 1:13;SKN;51-0729E;6;2;ayant cru
Matthieu 24:29;SKN;51-0729E;6;2;etoiles lune
Ephesiens 1:13-14;SKN;51-0729E;6;2;ayant cru
Hebreux 11:1;SKN;51-0729E;8;3;celles espere voit
Hebreux 11:1;SKN;51-0729E;11;3;celles espere voit
Apocalypse 13:14;SKN;51-0729E;16;2;fut miracles
Apocalypse 19:21;SKN;51-0729E;16;2;fut tue
Apocalypse 6:11;SKN;51-0729E;16;2;fut soient
Exode 13:21;SKN;51-0729E;18;2;chemin nuit
Matthieu 12:42;SKN;51-0729E;20;2;bouts jugement
Daniel 7:9;SKN;51-0729E;20;2;cheveux lancien
Marc 11:23;SKN;51-0729E;27;2;mer montagne
Matthieu 24:29;SKN;51-0729E;27;2;aussitot seront
Ephesiens 2:12;SKN;51-0729E;27;2;droit israel
Jean 5:14;SKN;51-0729E;27;2;gueri peur
Jean 5:7;SKN;51-0729E;28;2;leau malade
Actes 1:8;SKN;51-0729E;28;2;judee venant
Apocalypse 10:7;SKN;51-0729E;28;3;annonce nouvelle septieme
Apocalypse 13:14;SKN;51-0729E;28;2;fut miracles
Ephesiens 1:13;SKN;51-0729E;28;2;ayant cru
Malachie 3:6;SKN;51-0729E;28;2;change leternel
Hebreux 12:24;SKN;51-0729E;28;2;mieux nouvelle
Ezechiel 28:12;SKN;51-0729E;28;2;leternel roi
Deuteronome 18:22;SKN;51-0729E;28;2;dite leternel
Actes 2:24;SKN;51-0729E;28;2;ayant possible
Ephesiens 1:13-14;SKN;51-0729E;28;2;ayant cru
Genese 14:18;SKN;51-0729E;28;3;fit roi vin
Marc 11:21;SKN;51-0729E;29;2;rabbi setait
Genese 1:26;SKN;51-0729E;33;3;cieux mer poissons
Jean 5:7;SKN;51-0729E;33;2;descend leau
Hebreux 9:11;SKN;51-0729E;33;2;sacrificateur souverain
Hebreux 9:11-14;SKN;51-0729E;33;2;sacrificateur souverain
Genese 1:28;SKN;51-0729E;33;3;cieux mer poissons
Hebreux 4:15;SKN;51-0729E;33;2;sacrificateur souverain
Hebreux 3:1;SKN;51-0729E;39;2;sacrificateur souverain
Hebreux 9:11;SKN;51-0729E;39;2;sacrificateur souverain
Apocalypse 17:3;SKN;51-0729E;39;2;assise pleine
Hebreux 9:11-14;SKN;51-0729E;39;2;sacrificateur souverain
Hebreux 4:15;SKN;51-0729E;39;2;sacrificateur souverain
Hebreux 4:14;SKN;51-0729E;39;2;sacrificateur souverain
Genese 14:18;SKN;51-0729E;39;2;pain sacrificateur
Zacharie 14:7;SKN;51-0729E;40;2;leternel nuit
Joel 2:28;SKN;51-0729E;44;2;songes visions
Nombres 12:6;SKN;51-0729E;44;2;connaitre songe
Jean 12:24;SKN;51-0729E;44;2;meure meurt
Hebreux 13:10;SKN;51-0729E;47;2;manger nont
Zacharie 14:7;SKN;51-0729E;47;2;aura nuit
Zacharie 14:6;SKN;51-0729E;47;2;arrivera aura
Apocalypse 22:8;SKN;51-0729E;47;2;lange montrait
Joel 2:28;SKN;51-0729E;50;2;jeunes visions
Apocalypse 19:21;SKN;51-0729E;50;2;bouche tue
Esaie 53:9;SKN;51-0729E;50;2;bouche navait
Jean 16:21;SKN;51-0729E;51;2;heure lenfant
Apocalypse 6:11;SKN;51-0729E;55;2;blanche robe
Genese 3:1;SKN;51-0729E;55;2;arbre jardin
Apocalypse 21:23;SKN;51-0729E;55;2;lagneau soleil
Apocalypse 3:21;SKN;51-0729E;55;2;sasseoir trone
Genese 1:28;SKN;51-0729E;55;2;oiseaux vivant
Marc 11:23;SKN;51-0729E;56;2;aura dira
Hebreux 6:4;SKN;51-0729E;57;2;celeste don
Galates 3:16;SKN;51-0729E;57;2;parlant plusieurs
Matthieu 24:7;SKN;51-0729E;57;2;aura nation
Apocalypse 17:8;SKN;51-0729E;64;2;voyant vue
Hebreux 6:4;SKN;51-0729E;75;2;celeste don
Jeremie 8:22;SKN;51-0729E;79;2;fille medecin
Matthieu 19:28;SKN;51-0729E;79;2;douze suivi
Apocalypse 3:14;SKN;51-0923;8;2;lassemblee temoin
Apocalypse 3:14;SKN;51-0923;9;2;lassemblee temoin
Esaie 40:3;SKN;51-0923;10;2;chemin route
Matthieu 11:10;SKN;51-0923;10;2;chemin lequel
Actes 2:24;SKN;51-0923;10;2;lequel ressuscite
Apocalypse 1:20;SKN;51-0923;11;2;sept vues
Apocalypse 17:8;SKN;51-0923;13;2;monter vue
Matthieu 24:29;SKN;51-0923;13;2;aussitot cieux
Matthieu 19:28;SKN;51-0923;15;2;mavez trone
Psaumes 35:11;SKN;51-0923;19;2;connues levent
Jean 5:7;SKN;51-0923;21;2;agitee leau
Apocalypse 13:14;SKN;51-0923;21;2;fut habitent
Jean 14:12;SKN;51-0923;23;2;celles grandes
Hebreux 11:1;SKN;51-0923;23;2;celles voit
Deuteronome 18:15;SKN;51-0923;24;2;leternel tes
Genese 2:7;SKN;51-0923;24;2;ame leternel
Apocalypse 6:11;SKN;51-0923;27;2;complet fut
Hebreux 9:11;SKN;51-0923;31;2;sacrificateur souverain
Hebreux 9:11-14;SKN;51-0923;31;2;sacrificateur souverain
Hebreux 4:15;SKN;51-0923;31;2;sacrificateur souverain
Hebreux 4:14;SKN;51-0923;31;3;confession sacrificateur souverain
Apocalypse 1:20;SKN;51-0923;31;2;droite sept
Luc 17:33;SKN;51-0923;38;2;quiconque sauver
Esaie 53:5;SKN;51-0923;40;2;blesse meurtrissures
Ephesiens 1:13;SKN;51-0923;41;2;cru levangile
Ephesiens 1:13-14;SKN;51-0923;41;2;cru levangile
Malachie 3:1;SKN;51-0923;42;2;prenez temple
Apocalypse 3:21;SKN;51-0923;42;2;donnerai vaincra
Jean 5:7;SKN;51-0923;44;2;leau nai
Esaie 32:2;SKN;51-0923;44;2;aura vent
Apocalypse 6:1;SKN;51-0923;44;2;sceaux voix
Matthieu 1:18;SKN;51-0923;48;2;joseph trouva
Ezechiel 28:12;SKN;51-0923;48;2;accomplie etais
Jeremie 8:22;SKN;51-0923;53;2;fille medecin
Apocalypse 6:1;SKN;51-0923;56;2;sept voix
Apocalypse 10:7;SKN;51-0923;65;2;sonner voix
Ezechiel 28:12;SKN;51-0923;66;2;forme plein
Esaie 53:5;SKN;51-0923;70;2;meurtri meurtrissures
Apocalypse 17:17;SKN;51-0923;76;2;accomplies soient
Apocalypse 6:1;SKN;51-0923;76;2;viens vis
Apocalypse 17:15;SKN;51-0923;79;2;assise vues
Romains 8:11;SKN;51-0923;84;2;dentre ressuscite
Apocalypse 17:17;SKN;51-0923;87;2;donner soient
Psaumes 35:11;SKN;51-0923;95;2;nai temoins
Jean 5:24;SKN;51-0923;97;2;entend envoye
Esaie 61:1;SKN;51-0923;97;2;envoye oint
Apocalypse 19:11;SKN;51-0923;98;2;appele ouvert
Esaie 50:6;SKN;51-0923;98;2;cache nai
Jean 14:9;SKN;51-0923;100;3;connu mas philippe
Romains 8:11;SKN;51-0923;101;2;dentre ressuscite
Daniel 7:9;SKN;51-0928;1;2;places vis
Luc 16:16;SKN;51-0928;4;2;loi royaume
Ephesiens 2:12;SKN;51-0928;4;2;droit israel
Malachie 4:5;SKN;51-0928;7;2;elie leternel
Amos 3:7;SKN;51-0928;8;2;leternel prophetes
Genese 22:14;SKN;51-0928;8;2;jehovah leternel
Esaie 27:12;SKN;51-0928;8;3;disrael leternel rassembles
Malachie 4:5;SKN;51-0928;8;2;elie leternel
Josue 10:12;SKN;51-0928;8;2;disrael leternel
Hebreux 3:1;SKN;51-0928;9;2;celeste lappel
Marc 11:23;SKN;51-0928;9;2;mer montagne
Matthieu 1:18;SKN;51-0928;9;2;arriva trouva
Hebreux 6:4;SKN;51-0928;9;2;celeste don
Genese 22:14;SKN;51-0928;9;2;jehovah montagne
Jean 5:14;SKN;51-0928;9;2;gueri trouva
Jean 14:9;SKN;51-0928;9;2;montre philippe
Esaie 32:2;SKN;51-0928;10;2;aura lombre
Apocalypse 20:4;SKN;51-0928;10;2;ames temoignage
Zacharie 14:6;SKN;51-0928;10;2;aura seront
Luc 21:24;SKN;51-0928;10;3;jerusalem nations seront
Jean 16:21;SKN;51-0928;12;2;heure joie
Nombres 12:6;SKN;51-0928;14;2;connaitre vision
Esaie 28:19;SKN;51-0928;21;2;nuit passera
Esaie 40:3;SKN;51-0928;23;2;route voix
Matthieu 24:29;SKN;51-0928;23;2;aussitot lune
Actes 2:24;SKN;51-0928;28;2;possible ressuscite
Esaie 50:6;SKN;51-0928;29;2;joues nai
Jeremie 8:22;SKN;51-0928;32;2;appareil fille
Apocalypse 22:8;SKN;51-0928;35;3;lange montrait pieds
Marc 11:23;SKN;51-0928;36;2;aura mer
Zacharie 14:6;SKN;51-0928;36;2;arrivera aura
Genese 14:18;SKN;51-0928;36;2;pain roi
Hebreux 10:26;SKN;51-0928;37;2;connaissance peches
Apocalypse 6:1;SKN;51-0928;37;2;animaux viens
Matthieu 11:10;SKN;51-0928;42;2;chemin lequel
Zacharie 14:6;SKN;51-0928;42;2;arrivera aura
Matthieu 19:28;SKN;51-0928;42;2;douze serez
Esaie 27:12;SKN;51-0928;42;2;arrivera serez
Psaumes 42:7;SKN;51-0928;50;2;tes voix
Apocalypse 6:1;SKN;51-0928;50;2;viens voix
Apocalypse 17:8;SKN;51-0928;53;2;monter vue
Matthieu 1:18;SKN;51-0928;56;3;ensemble marie naissance
Ezechiel 28:12;SKN;51-0928;56;2;forme plein
Hebreux 3:1;SKN;51-0928;58;3;confession sacrificateur souverain
Hebreux 9:11;SKN;51-0928;58;2;sacrificateur souverain
Hebreux 9:11-14;SKN;51-0928;58;2;sacrificateur souverain
Hebreux 4:15;SKN;51-0928;58;2;sacrificateur souverain
Esaie 9:6;SKN;51-0928;59;2;fort merveilleux
Malachie 4:5;SKN;51-0928;62;2;envoie vienne
Psaumes 103:3;SKN;51-0929;3;2;guerit tes
Deuteronome 18:15;SKN;51-0929;3;2;leternel tes
Genese 3:1;SKN;51-0929;3;2;leternel quaucun
Matthieu 1:18;SKN;51-0929;6;2;etant naissance
Esaie 9:6;SKN;51-0929;7;2;fort merveilleux
Esaie 40:3;SKN;51-0929;7;2;chemin desert
Hebreux 1:1;SKN;51-0929;9;2;plusieurs prophetes
Nombres 19:9;SKN;51-0929;10;2;camp disrael
Genese 14:18;SKN;51-0929;10;2;fit roi
Zacharie 14:6;SKN;51-0929;11;2;aura seront
Luc 21:24;SKN;51-0929;11;2;menes seront
Galates 4:27;SKN;51-0929;11;2;ecrit joie
Jean 16:21;SKN;51-0929;11;2;joie tristesse
Ezechiel 28:12;SKN;51-0929;12;2;forme roi
Romains 8:11;SKN;51-0929;13;2;mortels ressuscite
Psaumes 41:9;SKN;51-0929;16;2;ami leve
Malachie 3:1;SKN;51-0929;18;2;chemin lange
Esaie 53:9;SKN;51-0929;18;2;bouche navait
Malachie 3:1;SKN;51-0929;19;2;cherchez prenez
Actes 2:24;SKN;51-0929;20;2;lequel ressuscite
Jean 14:9;SKN;51-0929;20;3;connu mas philippe
Jean 14:12;SKN;51-0929;21;2;celles grandes
Genese 3:16;SKN;51-0929;21;2;grandes mari
Hebreux 11:1;SKN;51-0929;21;2;celles voit
Jean 14:9;SKN;51-0929;21;2;montre philippe
Jean 14:12;SKN;51-0929;23;2;grandes men
Actes 15:14;SKN;51-0929;26;3;premierement raconte tirer
Esaie 27:12;SKN;51-0929;35;2;arrivera rassembles
Malachie 3:1;SKN;51-0929;36;2;chemin lange
Apocalypse 22:18;SKN;51-0929;39;2;rends temoignage
Actes 2:38;SKN;51-0929;44;2;don peches
Nombres 12:6;SKN;51-0929;46;2;connaitre vision
Malachie 3:1;SKN;51-0929;46;3;chemin cherchez lange
Apocalypse 6:1;SKN;51-0929;47;2;viens voix
Amos 3:7;SKN;51-0929;52;2;revele secret
Ephesiens 2:12;SKN;51-0929;56;2;etant etiez
Psaumes 41:9;SKN;51-0929;61;2;ami leve
Esaie 28:19;SKN;51-0930A;13;2;den entendre
Deuteronome 18:15;SKN;51-0930A;63;2;leternel suscitera
Apocalypse 1:1;SKN;51-0930A;81;2;ange montrer
Matthieu 18:10;SKN;51-0930A;83;2;cieux face
Esaie 9:6;SKN;51-0930A;95;3;conseiller paix prince
Actes 1:8;SKN;51-0930E;1;2;bout jusquau
Marc 13:27;SKN;51-0930E;1;2;bout jusquau
Ephesiens 1:5;SKN;51-0930E;6;2;selon volonte
Ephesiens 1:5;SKN;51-0930E;7;2;selon volonte
Actes 1:8;SKN;51-0930E;8;2;jerusalem judee
Luc 16:16;SKN;51-0930E;8;2;loi royaume
Malachie 3:1;SKN;51-0930E;8;2;prenez temple
Matthieu 24:7;SKN;51-0930E;8;2;divers royaume
Josue 10:12;SKN;51-0930E;8;2;disrael lune
Actes 1:8;SKN;51-0930E;9;2;judee samarie
Jean 12:14;SKN;51-0930E;9;2;ecrit selon
Malachie 4:5;SKN;51-0930E;11;2;envoie vienne
Joel 2:28;SKN;51-0930E;14;2;arrivera filles
Esaie 27:12;SKN;51-0930E;14;2;arrivera jusquau
Apocalypse 10:7;SKN;51-0930E;17;2;septieme termine
Apocalypse 6:12;SKN;51-0930E;17;2;soleil vis
Actes 2:4;SKN;51-0930E;21;2;dautres langues
Matthieu 27:51;SKN;51-0930E;26;2;temple voile
Jean 5:14;SKN;51-0930E;28;2;gueri temple
Jean 5:14;SKN;51-0930E;29;2;gueri temple
Apocalypse 10:7;SKN;51-0930E;34;2;termine voix
Esaie 9:6;SKN;51-0930E;35;2;fort merveilleux
Jean 16:21;SKN;51-0930E;36;2;heure lenfant
Jean 14:9;SKN;51-0930E;42;2;mas montre
Hebreux 13:10;SKN;51-0930E;43;2;droit manger
Hebreux 3:1;SKN;51-0930E;44;2;celeste saints
Psaumes 16:10;SKN;51-0930E;44;3;ame corruption voie
Psaumes 14:1;SKN;51-0930E;44;2;fasse rendu
Esaie 53:5;SKN;51-0930E;45;2;gueris meurtrissures
Esaie 9:6;SKN;51-0930E;46;2;fort merveilleux
Actes 2:24;SKN;51-0930E;48;2;lequel possible
Malachie 3:1;SKN;51-0930E;49;2;lalliance lange
Deuteronome 18:15;SKN;51-0930E;57;2;leternel tes
Genese 2:7;SKN;51-0930E;57;2;ame leternel
Apocalypse 17:8;SKN;51-0930E;59;2;fondation vue
Matthieu 19:28;SKN;51-0930E;59;2;disrael suivi
Apocalypse 17:17;SKN;51-0930E;60;2;donner paroles
Jean 5:14;SKN;51-0930E;73;2;gueri peur
Esaie 60:1;SKN;51-0930E;76;2;leve levee
Zacharie 14:6;SKN;51-1003;4;2;arrivera aura
Zacharie 11:12;SKN;51-1003;4;2;donnez laissez
Luc 16:16;SKN;51-1003;14;2;annonce loi
Apocalypse 19:11;SKN;51-1003;14;2;cheval ouvert
Jean 3:16;SKN;51-1003;17;2;croit quiconque
Apocalypse 13:8;SKN;51-1003;18;3;fondation immole lagneau
Apocalypse 5:9;SKN;51-1003;18;2;digne immole
Apocalypse 10:7;SKN;51-1003;19;2;nouvelle termine
Galates 4:27;SKN;51-1003;19;2;denfant sterile
Malachie 4:5;SKN;51-1003;19;2;elie vienne
Apocalypse 5:9;SKN;51-1003;20;2;den ouvrir
Romains 8:11;SKN;51-1003;23;2;dentre ressuscite
Actes 10:35;SKN;51-1003;23;2;agreable justice
Apocalypse 10:7;SKN;51-1003;25;2;annonce trompette
Hebreux 3:1;SKN;51-1003;27;2;sacrificateur saints
Apocalypse 3:14;SKN;51-1003;27;2;lange lassemblee
Malachie 3:1;SKN;51-1003;27;2;lange temple
Jean 5:14;SKN;51-1003;27;2;peur temple
Apocalypse 20:4;SKN;51-1003;28;2;fut rendu
Matthieu 18:10;SKN;51-1003;30;2;anges prenez
Galates 4:27;SKN;51-1003;30;2;denfant sterile
Matthieu 1:23;SKN;51-1003;30;2;enceinte vierge
Malachie 4:5;SKN;51-1003;30;2;envoie vienne
1 Timothee 3:16;SKN;51-1003;31;2;cru manifeste
Apocalypse 3:21;SKN;51-1003;31;2;vaincra vaincu
Genese 6:4;SKN;51-1003;38;2;filles furent
Esaie 32:2;SKN;51-1003;39;2;deau rocher
Malachie 3:1;SKN;51-1003;39;2;cherchez prenez
Esaie 9:6;SKN;51-1003;41;2;appellera merveilleux
Actes 2:4;SKN;51-1003;41;2;dautres langues
Hebreux 13:10;SKN;51-1003;41;2;droit manger
Jacques 5:14;SKN;51-1003;42;2;anciens malade
Zacharie 11:12;SKN;51-1003;42;2;laissez sinon
Matthieu 24:29;SKN;51-1003;43;2;aussitot lune
Jean 16:21;SKN;51-1003;43;2;joie lenfant
Galates 4:27;SKN;51-1003;44;2;denfant joie
Jacques 5:14;SKN;51-1003;45;2;dhuile malade
Actes 1:8;SKN;51-1003;49;2;jerusalem judee
Actes 2:38;SKN;51-1003;51;2;baptise peches
Hebreux 10:26;SKN;51-1003;51;2;peches sacrifice
Esaie 14:12;SKN;51-1003;51;2;cieux tombe
Jean 14:9;SKN;51-1003;54;2;mas montre
Apocalypse 21:19;SKN;51-1003;55;2;premier troisieme
Galates 4:27;SKN;51-1003;57;2;nes travail
Apocalypse 17:8;SKN;51-1003;58;2;monter vue
Genese 2:7;SKN;51-1003;63;3;ame leternel vivante
Malachie 4:5;SKN;51-1003;63;2;elie leternel
Psaumes 16:8;SKN;51-1003;63;2;droite leternel
Hebreux 3:1;SKN;51-1003;65;3;confession sacrificateur souverain
Hebreux 9:11;SKN;51-1003;65;2;sacrificateur souverain
Hebreux 11:1;SKN;51-1003;65;3;celles espere voit
Jeremie 8:22;SKN;51-1003;65;2;fille medecin
Hebreux 9:11-14;SKN;51-1003;65;2;sacrificateur souverain
Hebreux 4:15;SKN;51-1003;65;2;sacrificateur souverain
Hebreux 6:4;SKN;51-1003;66;2;goute impossible
Hebreux 11:1;SKN;51-1003;66;3;celles espere voit
Hebreux 11:1;SKN;51-1003;67;3;celles espere voit
Hebreux 3:1;SKN;51-1003;68;3;confession sacrificateur souverain
Hebreux 9:11;SKN;51-1003;68;2;sacrificateur souverain
Hebreux 9:11-14;SKN;51-1003;68;2;sacrificateur souverain
Hebreux 4:15;SKN;51-1003;68;2;sacrificateur souverain
Hebreux 4:14;SKN;51-1003;68;3;confession sacrificateur souverain
Hebreux 11:1;SKN;51-1003;69;3;celles espere voit
Ephesiens 1:13;SKN;51-1003;69;2;cru espere
Ephesiens 1:13-14;SKN;51-1003;69;2;cru espere
Apocalypse 17:15;SKN;51-1003;70;2;assise prostituee
Genese 1:26;SKN;51-1003;71;2;cieux mer
Hebreux 9:11;SKN;51-1003;71;2;sacrificateur souverain
Matthieu 18:10;SKN;51-1003;71;2;cieux garde
Hebreux 9:11-14;SKN;51-1003;71;2;sacrificateur souverain
Genese 1:28;SKN;51-1003;71;3;cieux mer vivant
Hebreux 4:15;SKN;51-1003;71;3;sacrificateur souverain tente
Hebreux 12:25;SKN;51-1003;71;2;cieux garde
Actes 2:24;SKN;51-1003;72;2;ayant possible
Hebreux 4:14;SKN;51-1003;72;3;ayant confession ferme
Jean 3:16;SKN;51-1003;73;2;croit quiconque
Apocalypse 17:17;SKN;51-1003;76;2;royaume soient
Esaie 40:3;SKN;52-0224;5;2;route voix
Marc 11:23;SKN;52-0224;6;2;dira montagne
Psaumes 42:7;SKN;52-0224;6;2;appelle tes
Hebreux 4:14;SKN;52-0224;6;2;cieux tenons
Nombres 12:6;SKN;52-0224;15;2;ferai vision
Esaie 53:9;SKN;52-0224;25;2;aucune navait
Apocalypse 21:19;SKN;52-0224;29;2;premier troisieme
Apocalypse 17:17;SKN;52-0224;55;2;donner soient
Luc 21:24;SKN;52-0224;60;2;nations seront
Jean 12:24;SKN;52-0224;82;3;ble grain meurt
1 Timothee 3:16;SKN;52-0224;87;2;cru nations
Jean 5:24;SKN;52-0224;93;2;croit eternelle
Jean 3:16;SKN;52-0224;93;2;croit eternelle
Hebreux 10:26;SKN;52-0224;100;2;peches sacrifice
Apocalypse 17:17;SKN;52-0224;104;2;donner royaume
Galates 4:27;SKN;52-0224;106;2;cris pousse
Genese 1:11;SKN;52-0224;123;2;selon semence
Genese 22:14;SKN;52-0224;123;3;jehovah jire pourvu
Apocalypse 17:3;SKN;52-0224;123;2;noms sept
Genese 22:14;SKN;52-0224;125;3;jehovah jire pourvu
1 Timothee 3:16;SKN;52-0224;126;2;cru nations
Ephesiens 1:13;SKN;52-0224;126;2;auquel cru
Jean 12:14;SKN;52-0224;126;2;ecrit selon
Ephesiens 1:13-14;SKN;52-0224;126;2;auquel cru
Deuteronome 18:15;SKN;52-0224;138;2;leternel tes
Jean 14:7;SKN;52-0224;142;2;auriez connu
Ephesiens 1:13;SKN;52-0224;149;2;levangile salut
Ephesiens 1:13-14;SKN;52-0224;149;2;levangile salut
Genese 22:14;SKN;52-0224;169;3;jehovah jire pourvu
Ephesiens 1:13;SKN;52-0224;169;2;auquel salut
Apocalypse 17:3;SKN;52-0224;169;2;noms sept
Ephesiens 1:13-14;SKN;52-0224;169;2;auquel salut
Ezechiel 28:12;SKN;52-0224;177;2;etais plein
Jean 14:12;SKN;52-0224;180;2;grandes men
Jean 15:7;SKN;52-0224;180;3;demanderez demeurez voudrez
Jean 14:12;SKN;52-0224;183;2;croit men
Actes 2:38;SKN;52-0224;183;3;don peches recevrez
Jean 3:16;SKN;52-0224;183;2;croit eternelle
Joel 2:28;SKN;52-0224;183;3;filles jeunes visions
Jacques 5:14;SKN;52-0224;183;3;dhuile lassemblee malade
Genese 1:26;SKN;52-0224;183;2;cieux selon
Psaumes 103:3;SKN;52-0224;183;3;guerit pardonne tes
Deuteronome 18:15;SKN;52-0224;183;3;dentre leternel tes
Actes 1:8;SKN;52-0224;183;3;bout jusquau recevrez
Hebreux 1:1;SKN;52-0224;183;2;ayant reprises
Actes 2:4;SKN;52-0224;183;2;dautres selon
Hebreux 3:1;SKN;52-0224;183;3;celeste confession saints
Marc 11:23;SKN;52-0224;183;3;aura dira ote
Apocalypse 22:18;SKN;52-0224;183;2;entend temoignage
Genese 2:7;SKN;52-0224;183;2;ame leternel
Romains 8:11;SKN;52-0224;183;2;dentre ressuscite
Ephesiens 1:5;SKN;52-0224;183;2;ayant selon
Matthieu 16:18;SKN;52-0224;183;3;batirai portes prevaudront
Hebreux 13:10;SKN;52-0224;183;2;droit tabernacle
Hebreux 6:4;SKN;52-0224;183;2;celeste don
Hebreux 9:11;SKN;52-0224;183;2;etant tabernacle
Genese 22:14;SKN;52-0224;183;2;leternel pourvu
Nombres 12:6;SKN;52-0224;183;2;leternel vision
Apocalypse 3:14;SKN;52-0224;183;2;lange lassemblee
Esaie 14:12;SKN;52-0224;183;2;cieux tombe
Esaie 40:3;SKN;52-0224;183;3;leternel preparez route
Esaie 32:2;SKN;52-0224;183;2;aura rocher
Ephesiens 1:13;SKN;52-0224;183;3;ayant levangile salut
Esaie 61:1;SKN;52-0224;183;2;envoye leternel
Matthieu 25:46;SKN;52-0224;183;3;eternelle justes sen
Actes 10:35;SKN;52-0224;183;2;justice nation
Malachie 3:6;SKN;52-0224;183;2;leternel netes
Esaie 53:5;SKN;52-0224;183;3;blesse gueris meurtrissures
Apocalypse 17:17;SKN;52-0224;183;2;pensee soient
Zacharie 14:7;SKN;52-0224;183;3;aura leternel nuit
Matthieu 11:10;SKN;52-0224;183;2;ecrit lequel
Apocalypse 6:11;SKN;52-0224;183;3;complet fut soient
Apocalypse 21:19;SKN;52-0224;183;2;premier second
Ephesiens 1:20;SKN;52-0224;183;3;dentre droite operee
Apocalypse 17:3;SKN;52-0224;183;3;assise ayant pleine
Esaie 60:1;SKN;52-0224;183;2;leternel leve
Deuteronome 18:22;SKN;52-0224;183;2;leternel peur
Matthieu 18:10;SKN;52-0224;183;2;cieux garde
Genese 2:18-21;SKN;52-0224;183;2;aide leternel
Esaie 27:12;SKN;52-0224;183;2;jusquau leternel
Apocalypse 16:13;SKN;52-0224;183;2;esprits faux
Psaumes 41:9;SKN;52-0224;183;2;intime leve
Apocalypse 1:1;SKN;52-0224;183;2;ange doivent
Apocalypse 3:21;SKN;52-0224;183;2;sasseoir vaincu
Psaumes 14:1;SKN;52-0224;183;2;fasse rendu
Apocalypse 6:3;SKN;52-0224;183;2;second viens
Matthieu 24:7;SKN;52-0224;183;2;aura nation
Galates 4:27;SKN;52-0224;183;2;ecrit nes
Malachie 4:5;SKN;52-0224;183;3;elie envoie leternel
Galates 3:29;SKN;52-0224;183;2;selon semence
Jean 5:14;SKN;52-0224;183;2;gueri peur
Hebreux 9:11-14;SKN;52-0224;183;2;etant tabernacle
Joel 2:25;SKN;52-0224;183;2;annees qua
Jean 3:21;SKN;52-0224;183;2;quelles soient
Genese 6:4;SKN;52-0224;183;3;filles quelles venus
Hebreux 12:25;SKN;52-0224;183;2;cieux garde
Jean 12:14;SKN;52-0224;183;3;ayant ecrit selon
Psaumes 16:8;SKN;52-0224;183;2;droite leternel
Josue 10:12;SKN;52-0224;183;2;arrete leternel
Jean 5:39;SKN;52-0224;183;2;eternelle temoignage
Marc 13:27;SKN;52-0224;183;2;bout jusquau
Psaumes 42:7;SKN;52-0224;183;2;tes vagues
Ephesiens 1:13-14;SKN;52-0224;183;3;ayant levangile salut
Esaie 28:19;SKN;52-0713A;2;2;entendre nuit
Matthieu 12:42;SKN;52-0713A;2;2;entendre midi
Apocalypse 10:7;SKN;52-0713A;3;2;annonce termine
Apocalypse 17:8;SKN;52-0713A;3;2;fondation noms
Daniel 7:9;SKN;52-0713A;5;2;blanc cheveux
Apocalypse 22:18;SKN;52-0713A;6;2;paroles rends
1 Timothee 3:16;SKN;52-0713A;6;2;nations preche
Nombres 12:6;SKN;52-0713A;6;2;leternel paroles
Genese 3:8;SKN;52-0713A;6;2;jardin leternel
Apocalypse 17:17;SKN;52-0713A;6;2;donner paroles
Zacharie 14:7;SKN;52-0713A;6;2;leternel nuit
Genese 4:16;SKN;52-0713A;6;2;deden leternel
Ezechiel 28:12;SKN;52-0713A;6;2;forme leternel
Genese 3:1;SKN;52-0713A;6;2;jardin leternel
Deuteronome 18:22;SKN;52-0713A;6;2;leternel peur
Psaumes 16:8;SKN;52-0713A;6;2;leternel serai
Matthieu 11:10;SKN;52-0713A;7;2;ecrit face
Hebreux 12:24;SKN;52-0713A;7;2;mieux nouvelle
Matthieu 18:10;SKN;52-0713A;7;2;cieux face
Genese 2:18-21;SKN;52-0713A;7;2;aide ferai
Esaie 50:6;SKN;52-0713A;7;2;face nai
Hebreux 12:25;SKN;52-0713A;7;2;cieux parlait
Ephesiens 1:5;SKN;52-0713A;8;2;plaisir selon
Genese 1:11;SKN;52-0713A;8;2;lherbe selon
Joel 2:28;SKN;52-0713A;9;2;chair jeunes
Galates 3:16;SKN;52-0713A;9;2;parlant plusieurs
Apocalypse 19:21;SKN;52-0713A;9;2;bouche chair
Apocalypse 17:17;SKN;52-0713A;9;2;dexecuter paroles
Genese 3:1;SKN;52-0713A;9;2;arbre serpent
Apocalypse 22:8;SKN;52-0713A;9;2;lange pieds
Psaumes 35:11;SKN;52-0713A;10;2;levent nai
Ephesiens 1:5;SKN;52-0713A;11;2;selon volonte
Nombres 12:6;SKN;52-0713A;11;2;ferai vision
Zacharie 14:7;SKN;52-0713A;11;3;aura connu nuit
Esaie 50:6;SKN;52-0713A;11;2;lopprobre nai
Marc 11:23;SKN;52-0713A;12;2;aura mer
Esaie 28:19;SKN;52-0713A;13;2;entendre nuit
Apocalypse 6:1;SKN;52-0713A;13;2;sept voix
Genese 3:16;SKN;52-0713A;14;2;tes travail
Genese 3:1;SKN;52-0713A;14;2;arbre serpent
Zacharie 11:12;SKN;52-0713A;15;2;donnez sinon
Daniel 7:9;SKN;52-0713A;16;2;cheveux laine
Joel 2:28;SKN;52-0713A;17;2;jeunes visions
Actes 15:14;SKN;52-0713A;17;2;premierement raconte
Ephesiens 2:12;SKN;52-0713A;17;2;cite droit
Apocalypse 17:3;SKN;52-0713A;20;2;assise sept
Matthieu 24:29;SKN;52-0713A;23;2;etoiles lune
Hebreux 12:25;SKN;52-0713A;23;3;garde nont parlait
Actes 2:38;SKN;52-0713A;25;2;baptise peches
Apocalypse 17:8;SKN;52-0713A;25;2;monter vue
Esaie 14:12;SKN;52-0713A;25;2;cieux laurore
Matthieu 12:42;SKN;52-0713A;25;2;entendre midi
Matthieu 24:29;SKN;52-0713A;25;2;cieux etoiles
Jean 12:20;SKN;52-0713A;26;2;adorer dentre
Nombres 19:9;SKN;52-0713A;26;2;disrael lassemblee
Malachie 3:1;SKN;52-0713A;28;2;lange viendra
Esaie 40:3;SKN;52-0713A;30;2;chemin route
Ezechiel 28:12;SKN;52-0713A;31;2;plein sagesse
Apocalypse 3:14;SKN;52-0713A;32;2;lassemblee veritable
Malachie 3:1;SKN;52-0713A;32;2;prenez temple
Matthieu 24:7;SKN;52-0713A;32;2;lieux selevera
Genese 22:14;SKN;52-0713A;33;3;jehovah jire pourvu
Esaie 32:2;SKN;52-0713A;34;2;aura vent
Jean 5:24;SKN;52-0713A;35;2;croit envoye
Ezechiel 28:12;SKN;52-0713A;36;2;eleve roi
Deuteronome 18:22;SKN;52-0713A;36;2;naura parlera
Esaie 28:19;SKN;52-0713A;37;2;nuit prendra
Zacharie 14:7;SKN;52-0713A;37;2;aura nuit
Genese 14:18;SKN;52-0713A;38;2;apporter roi
Romains 8:22;SKN;52-0713A;39;2;ensemble travail
Apocalypse 1:1;SKN;52-0713A;39;2;arriver bientot
Malachie 3:1;SKN;52-0713A;41;2;chemin lange
Matthieu 18:10;SKN;52-0713A;44;2;garde prenez
Hebreux 12:25;SKN;52-0713A;44;2;garde prenez
Ezechiel 28:12;SKN;52-0713A;45;2;forme plein
Matthieu 19:28;SKN;52-0713A;46;2;mavez suivi
Esaie 40:3;SKN;52-0713A;50;2;chemin route
Zacharie 14:6;SKN;52-0713A;50;2;arrivera seront
Malachie 3:1;SKN;52-0713A;50;2;chemin viendra
Esaie 27:12;SKN;52-0713A;50;2;arrivera jusquau
Esaie 40:3;SKN;52-0713A;51;2;chemin route
Matthieu 18:10;SKN;52-0713A;52;2;continuellement face
Hebreux 4:14;SKN;52-0713A;53;2;cieux ferme
Matthieu 24:29;SKN;52-0713A;58;2;cieux lune
Apocalypse 1:20;SKN;52-0713A;58;2;droite lampes
Nombres 12:6;SKN;52-0713A;59;2;ferai vision
Actes 1:8;SKN;52-0713A;60;2;bout jusquau
Nombres 12:6;SKN;52-0713A;60;2;connaitre vision
Marc 13:27;SKN;52-0713A;60;2;bout jusquau
Apocalypse 6:1;SKN;52-0713A;62;2;sept voix
Jean 14:12;SKN;52-0713A;66;2;celles croit
Apocalypse 6:6;SKN;52-0713A;67;2;mesure voix
Matthieu 12:42;SKN;52-0713E;5;2;entendre midi
Nombres 12:6;SKN;52-0713E;8;2;ferai vision
Zacharie 14:6;SKN;52-0713E;8;2;aura seront
Esaie 61:1;SKN;52-0713E;9;2;brise envoye
Genese 15:16;SKN;52-0713E;13;3;generation liniquite quatrieme
Hebreux 1:1;SKN;52-0713E;14;2;autrefois plusieurs
Genese 1:11;SKN;52-0713E;14;3;espece selon semence
Galates 3:16;SKN;52-0713E;14;2;plusieurs semence
Galates 3:29;SKN;52-0713E;14;2;selon semence
Genese 1:11;SKN;52-0713E;15;2;espece selon
Jean 3:16;SKN;52-0713E;16;2;croit unique
Apocalypse 19:21;SKN;52-0713E;27;2;chair tue
Marc 11:23;SKN;52-0713E;29;2;dira ote
Esaie 28:19;SKN;52-0713E;29;2;entendre nuit
Psaumes 103:3;SKN;52-0713E;30;2;guerit tes
Deuteronome 18:15;SKN;52-0713E;30;2;leternel tes
Genese 3:16;SKN;52-0713E;30;2;tes travail
Apocalypse 16:13;SKN;52-0713E;30;2;esprits faux
Nombres 12:6;SKN;52-0713E;33;2;songe vision
Psaumes 16:8;SKN;52-0713E;38;2;droite serai
Apocalypse 22:18;SKN;52-0713E;40;2;rends temoignage
Apocalypse 20:4;SKN;52-0713E;41;2;rendu temoignage
Matthieu 18:10;SKN;52-0713E;43;2;cieux voient
Hebreux 12:25;SKN;52-0713E;43;2;cieux nont
Apocalypse 3:14;SKN;52-0713E;47;2;lange temoin
Zacharie 11:12;SKN;52-0713E;47;2;laissez sinon
Apocalypse 19:11;SKN;52-0713E;50;2;appele justice
Actes 10:35;SKN;52-0713E;52;2;justice quen
Matthieu 11:10;SKN;52-0713E;56;2;lequel messager
Apocalypse 17:8;SKN;52-0713E;59;2;monter vue
Matthieu 25:46;SKN;52-0713E;60;2;eternelle sen
Genese 1:28;SKN;52-0713E;60;2;cieux vivant
Apocalypse 17:17;SKN;52-0713E;67;2;pensee soient
Jean 3:16;SKN;52-0713E;69;2;croit eternelle
Psaumes 103:3;SKN;52-0713E;82;2;pardonne tes
Actes 2:38;SKN;52-0713E;83;2;peches repentez
Apocalypse 6:11;SKN;52-0713E;83;2;blanche robe
Hebreux 9:11;SKN;52-0713E;87;2;etant parfait
Hebreux 9:11-14;SKN;52-0713E;87;2;etant parfait
Luc 16:16;SKN;52-0715;3;2;lors royaume
Hebreux 12:24;SKN;52-0715;3;2;mieux nouvelle
Genese 3:8;SKN;52-0715;8;2;arbres jardin
Actes 15:14;SKN;52-0715;8;2;raconte visite
Apocalypse 19:21;SKN;52-0715;8;2;fut tue
Apocalypse 6:11;SKN;52-0715;8;2;fut soient
Genese 3:1;SKN;52-0715;8;2;arbre jardin
Apocalypse 20:4;SKN;52-0715;8;2;fut vis
Apocalypse 6:12;SKN;52-0715;8;2;lorsquil vis
Apocalypse 19:11;SKN;52-0715;17;2;appele veritable
Genese 1:11;SKN;52-0715;20;2;plante semence
Jean 12:24;SKN;52-0715;20;3;ble demeure grain
Jean 12:24;SKN;52-0715;21;2;ble grain
Jean 3:16;SKN;52-0715;22;2;croit eternelle
Matthieu 19:9;SKN;52-0715;22;2;adultere commet
Nombres 12:6;SKN;52-0715;24;2;parlerai paroles
Esaie 28:8;SKN;52-0715;24;3;pleines tables vomissements
Esaie 40:3;SKN;52-0715;26;2;chemin voix
Matthieu 11:10;SKN;52-0715;26;2;chemin ecrit
Apocalypse 19:21;SKN;52-0715;32;2;bouche sortait
Actes 1:8;SKN;52-0715;33;2;serez venant
Apocalypse 6:11;SKN;52-0715;33;2;blanche complet
1 Timothee 3:16;SKN;52-0715;43;2;eleve mystere
Deuteronome 18:15;SKN;52-0715;45;2;dentre tes
Zacharie 11:12;SKN;52-0715;47;2;donnez sinon
Apocalypse 6:3;SKN;52-0715;47;2;lorsquil viens
Hebreux 12:25;SKN;52-0715;52;2;garde nont
Hebreux 3:1;SKN;52-0715;61;2;celeste confession
Daniel 7:9;SKN;52-0715;68;2;blanc vetement
Esaie 53:5;SKN;52-0716;2;3;blesse gueris meurtrissures
Actes 2:24;SKN;52-0716;7;2;possible ressuscite
Zacharie 14:6;SKN;52-0716;8;3;arrivera aura seront
Amos 3:7;SKN;52-0716;10;2;revele secret
Genese 1:26;SKN;52-0716;11;2;faisons selon
Actes 1:8;SKN;52-0716;11;2;jerusalem samarie
Apocalypse 17:8;SKN;52-0716;12;2;monter vue
Apocalypse 17:17;SKN;52-0716;15;2;donner royaume
Apocalypse 17:8;SKN;52-0716;17;2;monter vue
Apocalypse 22:8;SKN;52-0716;21;2;lange pieds
Apocalypse 13:14;SKN;52-0716;22;2;fut miracles
Jean 14:12;SKN;52-0716;23;2;celles grandes
Jean 3:16;SKN;52-0716;28;2;croit eternelle
Apocalypse 22:18;SKN;52-0716;30;2;paroles temoignage
Apocalypse 22:18;SKN;52-0716;31;2;paroles temoignage
Actes 1:8;SKN;52-0716;32;2;bout samarie
Matthieu 11:10;SKN;52-0716;32;2;chemin lequel
Esaie 53:9;SKN;52-0716;32;2;fraude navait
Jean 14:7;SKN;52-0716;33;2;connu lavez
Ezechiel 28:12;SKN;52-0716;33;2;etais roi
Jean 14:9;SKN;52-0716;33;3;connu mas philippe
Matthieu 11:25;SKN;52-0716;34;2;intelligents sages
Apocalypse 13:14;SKN;52-0716;37;2;fut miracles
1 Timothee 3:16;SKN;52-0716;51;2;manifeste preche
Ephesiens 1:20;SKN;52-0716;51;2;dentre droite
Hebreux 6:1;SKN;52-0716;58;2;commencement fondement
Genese 3:16;SKN;52-0716;61;2;tes travail
Esaie 53:5;SKN;52-0716;61;2;gueris paix
Genese 2:7;SKN;52-0716;70;2;ame vivante
Esaie 50:6;SKN;52-0717;1;2;face nai
Apocalypse 22:19;SKN;52-0717;7;2;cite larbre
Zacharie 14:6;SKN;52-0717;7;2;arrivera seront
Nombres 12:6;SKN;52-0717;11;3;connaitre ferai leternel
Genese 2:18-21;SKN;52-0717;11;2;ferai leternel
Jean 14:12;SKN;52-0717;13;2;celles croit
Jean 5:24;SKN;52-0717;13;2;croit envoye
Jacques 5:14;SKN;52-0717;13;3;anciens malade prient
Apocalypse 22:18;SKN;52-0717;14;2;rends temoignage
Psaumes 35:11;SKN;52-0717;14;2;nai temoins
Luc 7:36;SKN;52-0717;14;2;manger table
Apocalypse 22:8;SKN;52-0717;15;2;lange montrait
Nombres 12:6;SKN;52-0717;21;2;ferai vision
Zacharie 14:6;SKN;52-0717;27;2;arrivera aura
Apocalypse 22:8;SKN;52-0717;38;2;lange rendre
Jean 5:24;SKN;52-0717;42;2;croit envoye
Actes 1:8;SKN;52-0717;61;2;jerusalem jusquau
Romains 5:1;SKN;52-0717;62;2;ayant paix
Ephesiens 1:13;SKN;52-0717;62;2;ayant levangile
Ephesiens 1:13-14;SKN;52-0717;62;2;ayant levangile
Hebreux 1:1;SKN;52-0717;68;2;plusieurs reprises
Apocalypse 1:1;SKN;52-0717;72;2;bientot montrer
Jean 3:21;SKN;52-0717;72;2;quelles soient
Apocalypse 22:18;SKN;52-0718;6;2;ajoute quiconque
Apocalypse 6:11;SKN;52-0718;15;2;blanche longue
Matthieu 12:42;SKN;52-0718;16;2;entendre midi
Apocalypse 22:8;SKN;52-0718;16;2;hommage rendre
Matthieu 24:29;SKN;52-0718;22;2;etoiles soleil
Apocalypse 22:8;SKN;52-0718;29;2;hommage rendre
Psaumes 16:10;SKN;52-0718;30;2;sheol voie
Psaumes 16:10;SKN;52-0718;31;3;ame corruption voie
Genese 1:26;SKN;52-0718;36;2;cieux selon
Matthieu 24:29;SKN;52-0718;36;2;cieux seront
Matthieu 18:10;SKN;52-0718;36;2;cieux voient
Galates 4:27;SKN;52-0718;36;2;cris pousse
Genese 1:26;SKN;52-0718;38;2;cieux oiseaux
Genese 2:7;SKN;52-0718;38;2;ame poussiere
Apocalypse 19:21;SKN;52-0718;38;2;fut oiseaux
Matthieu 27:51;SKN;52-0718;38;3;dechira temple voile
Genese 1:28;SKN;52-0718;38;2;cieux oiseaux
Zacharie 14:6;SKN;52-0718;40;2;aura seront
Marc 11:23;SKN;52-0718;44;2;jette mer
Matthieu 24:7;SKN;52-0718;51;2;aura royaume
Marc 11:23;SKN;52-0718;54;2;aura ote
Esaie 9:5;SKN;52-0719;3;2;guerre pature
Marc 11:23;SKN;52-0719;7;2;aura dira
Esaie 32:2;SKN;52-0719;10;2;rocher vent
Nombres 19:9;SKN;52-0719;11;2;eau hors
Nombres 19:9;SKN;52-0719;12;2;eau pur
Psaumes 42:7;SKN;52-0719;13;2;abime appelle
Zacharie 14:6;SKN;52-0719;14;2;aura seront
Deuteronome 32:11;SKN;52-0719;14;2;ailes etend
Ephesiens 2:12;SKN;52-0719;19;3;etant etiez etrangers
Apocalypse 1:1;SKN;52-0719;22;2;ange montrer
Matthieu 11:10;SKN;52-0719;24;2;chemin ecrit
Jean 5:24;SKN;52-0719;26;2;croit envoye
Genese 1:26;SKN;52-0719;26;2;cieux selon
Apocalypse 22:18;SKN;52-0719;26;2;paroles temoignage
Apocalypse 17:17;SKN;52-0719;26;3;donner paroles pensee
Matthieu 18:10;SKN;52-0719;26;2;cieux voient
Psaumes 22:7;SKN;52-0719;26;2;bouche voient
Jean 16:21;SKN;52-0719;26;2;heure joie
Jean 5:24;SKN;52-0719;29;2;entend envoye
Esaie 14:12;SKN;52-0719;29;2;cieux tombe
Nombres 12:6;SKN;52-0719;34;2;ferai paroles
Esaie 61:1;SKN;52-0719;36;2;envoye oint
Esaie 53:5;SKN;52-0719;36;3;blesse gueris meurtrissures
Apocalypse 19:21;SKN;52-0720A;2;2;furent fut
Matthieu 24:29;SKN;52-0720A;7;2;cieux soleil
Hebreux 4:14;SKN;52-0720A;7;2;cieux traverse
Hebreux 13:12;SKN;52-0720A;8;3;hors propre souffert
Hebreux 3:1;SKN;52-0720A;8;2;sacrificateur souverain
Hebreux 13:10;SKN;52-0720A;8;3;autel manger nont
Apocalypse 22:19;SKN;52-0720A;8;2;cite paroles
Hebreux 9:11;SKN;52-0720A;8;2;sacrificateur souverain
Hebreux 9:11-14;SKN;52-0720A;8;2;sacrificateur souverain
Hebreux 4:15;SKN;52-0720A;8;3;navons sacrificateur souverain
Nombres 19:9;SKN;52-0720A;8;2;camp hors
Hebreux 4:14;SKN;52-0720A;8;2;sacrificateur souverain
Ephesiens 2:12;SKN;52-0720A;9;2;cite etrangers
Apocalypse 22:19;SKN;52-0720A;10;2;cite larbre
Ephesiens 2:12;SKN;52-0720A;10;2;cite etiez
Hebreux 1:1;SKN;52-0720A;12;2;ayant plusieurs
Deuteronome 18:15;SKN;52-0720A;16;2;leternel tes
Genese 2:7;SKN;52-0720A;16;2;leternel vivante
Esaie 27:12;SKN;52-0720A;16;2;arrivera leternel
Actes 1:8;SKN;52-0720A;20;2;bout jusquau
Marc 13:27;SKN;52-0720A;20;2;bout jusquau
Esaie 32:2;SKN;52-0720A;21;2;deau lombre
Romains 8:22;SKN;52-0720A;24;2;ensemble travail
Genese 3:1;SKN;52-0720A;32;2;arbre champs
Esaie 40:3;SKN;52-0720A;37;2;chemin route
Daniel 7:9;SKN;52-0720A;39;3;blanc cheveux neige
Jean 16:21;SKN;52-0720A;40;2;heure lenfant
Luc 16:16;SKN;52-0720A;42;2;lors use
Esaie 9:5;SKN;52-0720A;43;2;guerre manteau
Esaie 14:12;SKN;52-0720A;47;2;abattu tombe
Genese 6:4;SKN;52-0720A;53;2;filles quelles
Apocalypse 6:1;SKN;52-0720A;58;2;viens vis
Hebreux 4:14;SKN;52-0720A;58;2;ferme traverse
Galates 4:27;SKN;52-0720A;63;2;ecrit travail
Matthieu 24:29;SKN;52-0720A;71;2;etoiles lune
Galates 4:27;SKN;52-0720A;77;2;joie travail
Esaie 9:6;SKN;52-0720A;78;2;fort merveilleux
Hebreux 13:10;SKN;52-0720A;83;2;droit tabernacle
Esaie 50:6;SKN;52-0720A;83;2;dos nai
Galates 4:27;SKN;52-0720A;86;2;cris joie
Galates 4:27;SKN;52-0720A;87;2;cris joie
Actes 1:8;SKN;52-0720A;108;2;bout jusquau
Esaie 27:12;SKN;52-0720A;108;2;courant jusquau
Marc 13:27;SKN;52-0720A;108;2;bout jusquau
Esaie 40:3;SKN;52-0720A;111;2;chemin route
Esaie 32:2;SKN;52-0720A;111;2;deau vent
Hebreux 1:1;SKN;52-0720A;112;2;plusieurs reprises
Apocalypse 19:11;SKN;52-0720A;122;2;ouvert vis
Apocalypse 16:13;SKN;52-0720A;122;2;bouche vis
Actes 1:8;SKN;52-0720A;125;2;bout jusquau
Marc 13:27;SKN;52-0720A;125;2;bout jusquau
Matthieu 24:29;SKN;52-0720A;129;2;lune soleil
Apocalypse 21:23;SKN;52-0720A;129;2;lune soleil
Josue 10:12;SKN;52-0720A;129;2;lune soleil
Apocalypse 22:19;SKN;52-0720A;130;2;cite ote
Apocalypse 21:19;SKN;52-0720A;130;2;cite precieuse
Genese 2:7;SKN;52-0720A;136;3;ame poussiere sol
1 Timothee 3:16;SKN;52-0720A;136;2;anges preche
Genese 3:8;SKN;52-0720A;137;2;arbres voix
Psaumes 42:7;SKN;52-0720A;137;2;appelle voix
Jean 3:21;SKN;52-0720A;147;2;quelles soient
Jean 12:24;SKN;52-0720A;151;2;ble grain
Jacques 5:14;SKN;52-0720A;160;2;appelle prient
Ephesiens 1:5;SKN;52-0720A;162;2;selon volonte
Matthieu 25:46;SKN;52-0720A;163;2;iront sen
Jean 3:16;SKN;52-0720A;164;2;croit eternelle
Matthieu 12:42;SKN;52-0720A;164;2;jugement midi
Jean 5:24;SKN;52-0720A;165;3;croit envoye eternelle
Actes 2:38;SKN;52-0720A;165;2;peches recevrez
Jean 3:16;SKN;52-0720A;165;2;croit eternelle
Hebreux 3:1;SKN;52-0720A;165;2;confession saints
Hebreux 10:26;SKN;52-0720A;165;2;connaissance peches
Psaumes 16:10;SKN;52-0720A;165;2;ame voie
Esaie 40:3;SKN;52-0720A;165;2;chemin voix
Genese 3:8;SKN;52-0720A;165;2;jardin voix
Hebreux 12:24;SKN;52-0720A;165;2;mieux nouvelle
Apocalypse 19:11;SKN;52-0720A;165;2;appele justice
Malachie 4:5;SKN;52-0720A;165;2;envoie vienne
Jean 5:39;SKN;52-0720A;165;2;eternelle temoignage
Apocalypse 6:1;SKN;52-0720A;165;2;viens voix
Esaie 61:1;SKN;52-0720E;6;2;nouvelles oint
Actes 2:24;SKN;52-0720E;6;2;lequel possible
1 Timothee 3:16;SKN;52-0720E;12;2;cru eleve
Esaie 61:1;SKN;52-0720E;12;2;brise leternel
Ezechiel 28:12;SKN;52-0720E;12;2;eleve leternel
Esaie 53:5;SKN;52-0720E;13;2;gueris meurtrissures
Esaie 53:5;SKN;52-0720E;14;3;blesse gueris meurtrissures
Hebreux 6:4;SKN;52-0720E;22;2;celeste impossible
Ezechiel 28:12;SKN;52-0720E;23;3;etais forme roi
Psaumes 16:10;SKN;52-0720E;25;2;ame voie
Zacharie 14:6;SKN;52-0720E;36;2;arrivera aura
Genese 1:11;SKN;52-0720E;38;2;espece portant
Ephesiens 2:12;SKN;52-0720E;39;2;etant etiez
Apocalypse 21:23;SKN;52-0720E;41;2;lagneau lune
Matthieu 11:10;SKN;52-0720E;45;2;face lequel
Esaie 40:3;SKN;52-0725;14;2;chemin route
Zacharie 14:7;SKN;52-0725;14;2;aura nuit
Jeremie 8:22;SKN;52-0725;14;2;fille medecin
Apocalypse 1:1;SKN;52-0725;14;2;arriver montrer
Jeremie 8:22;SKN;52-0725;20;2;appareil medecin
Zacharie 14:7;SKN;52-0725;28;2;aura nuit
Zacharie 14:6;SKN;52-0725;28;2;arrivera aura
Esaie 40:3;SKN;52-0725;41;2;crie route
Actes 1:8;SKN;52-0725;46;2;bout jusquau
Marc 13:27;SKN;52-0725;46;2;bout jusquau
Genese 3:16;SKN;52-0725;47;2;grandes tourne
Esaie 60:1;SKN;52-0725;50;2;leternel leve
Psaumes 16:8;SKN;52-0725;50;2;leternel serai
Josue 10:12;SKN;52-0725;50;2;josue leternel
Actes 1:8;SKN;52-0725;55;2;judee venant
Apocalypse 13:14;SKN;52-0725;55;2;fut miracles
Hebreux 12:24;SKN;52-0725;55;2;mieux nouvelle
Apocalypse 6:3;SKN;52-0725;55;2;lorsquil second
Apocalypse 6:12;SKN;52-0725;55;2;fit lorsquil
Genese 14:18;SKN;52-0725;55;3;fit roi vin
Psaumes 103:3;SKN;52-0725;58;2;pardonne tes
Apocalypse 1:1;SKN;52-0725;58;2;arriver bientot
Esaie 53:5;SKN;52-0725;59;3;blesse gueris meurtrissures
Nombres 12:6;SKN;52-0725;69;2;connaitre songe
Jean 5:24;SKN;52-0725;77;2;croit eternelle
Jean 3:16;SKN;52-0725;77;2;croit eternelle
Jacques 5:14;SKN;52-0725;83;2;lassemblee malade
Apocalypse 22:8;SKN;52-0725;84;2;lange pieds
Psaumes 103:3;SKN;52-0726;1;2;guerit pardonne
Ephesiens 1:20;SKN;52-0726;1;2;celestes lieux
Galates 4:27;SKN;52-0726;1;2;ecrit nes
Esaie 53:5;SKN;52-0726;5;3;chatiment gueris meurtrissures
Deuteronome 18:15;SKN;52-0726;9;2;dentre leternel
Esaie 61:1;SKN;52-0726;9;2;brise leternel
Ephesiens 2:12;SKN;52-0726;9;2;droit etant
Malachie 4:5;SKN;52-0726;9;2;envoie leternel
Genese 1:26;SKN;52-0726;13;2;cieux mer
Marc 11:23;SKN;52-0726;13;3;aura croira mer
Esaie 14:12;SKN;52-0726;13;2;cieux tombe
Zacharie 14:7;SKN;52-0726;13;2;aura nuit
Genese 1:28;SKN;52-0726;13;2;cieux mer
Apocalypse 22:18;SKN;52-0726;26;2;ecrites paroles
Actes 2:24;SKN;52-0726;26;2;lequel possible
Hebreux 10:26;SKN;52-0726;28;2;peches sacrifice
Genese 22:14;SKN;52-0726;28;3;jehovah jire pourvu
Jean 14:9;SKN;52-0726;39;2;connu montre
Matthieu 11:6;SKN;52-0726;41;2;naura quiconque
Apocalypse 6:12;SKN;52-0726;43;2;lorsquil sixieme
Hebreux 1:1;SKN;52-0726;47;2;ayant manieres
Matthieu 28:20;SKN;52-0726;50;2;consommation siecle
Apocalypse 16:13;SKN;52-0726;57;2;bouche esprits
Matthieu 25:46;SKN;52-0726;58;2;eternelle sen
Jean 5:39;SKN;52-0726;58;2;eternelle temoignage
Apocalypse 17:17;SKN;52-0726;61;2;paroles soient
Apocalypse 22:18;SKN;52-0726;64;2;paroles temoignage
Apocalypse 22:19;SKN;52-0726;64;2;ote paroles
Apocalypse 6:6;SKN;52-0726;64;2;mesure milieu
Apocalypse 22:8;SKN;52-0726;64;2;montrait rendre
Genese 22:14;SKN;52-0726;65;2;jehovah jire
Esaie 27:12;SKN;52-0726;68;2;arrivera disrael
Josue 10:12;SKN;52-0726;68;2;disrael parla
Esaie 14:12;SKN;52-0726;77;2;cieux nations
Malachie 4:5;SKN;52-0726;77;2;envoie vienne
Matthieu 24:19;SKN;52-0726;78;2;celles malheur
Apocalypse 17:8;SKN;52-0726;79;2;ecrits noms
Apocalypse 17:17;SKN;52-0726;79;2;royaume soient
Apocalypse 6:1;SKN;52-0726;79;2;lagneau viens
Apocalypse 6:11;SKN;52-0727;1;2;fut soient
Esaie 9:6;SKN;52-0727;2;2;merveilleux paix
1 Timothee 3:16;SKN;52-0727;2;2;chair eleve
Ezechiel 28:12;SKN;52-0727;2;2;eleve etais
Matthieu 24:7;SKN;52-0727;2;2;aura nation
Apocalypse 5:9;SKN;52-0727;2;2;digne nation
Apocalypse 17:3;SKN;52-0727;5;2;sept vis
Luc 1:17;SKN;52-0727;5;2;pensee preparer
Apocalypse 6:1;SKN;52-0727;5;2;sept vis
Luc 17:33;SKN;52-0727;6;2;perdra quiconque
Galates 4:27;SKN;52-0727;8;2;ecrit pousse
Jean 12:14;SKN;52-0727;8;2;ecrit selon
Apocalypse 1:1;SKN;52-0727;9;2;bientot donnee
Marc 11:23;SKN;52-0727;10;2;aura dira
Esaie 50:6;SKN;52-0727;10;2;face joues
Esaie 28:19;SKN;52-0727;11;2;entendre nuit
Zacharie 14:7;SKN;52-0727;12;2;aura nuit
Apocalypse 6:11;SKN;52-0727;13;2;blanche longue
Apocalypse 1:7;SKN;52-0727;14;2;lont verra
Actes 1:8;SKN;52-0727;15;2;recevrez serez
Hebreux 3:1;SKN;52-0727;15;2;sacrificateur souverain
Hebreux 9:11;SKN;52-0727;15;2;sacrificateur souverain
Hebreux 9:11-14;SKN;52-0727;15;2;sacrificateur souverain
Hebreux 4:15;SKN;52-0727;15;2;sacrificateur souverain
Hebreux 4:14;SKN;52-0727;15;2;sacrificateur souverain
Hebreux 3:1;SKN;52-0727;18;2;sacrificateur souverain
Hebreux 9:11;SKN;52-0727;18;3;etant sacrificateur souverain
Esaie 53:9;SKN;52-0727;18;2;bouche navait
Hebreux 9:11-14;SKN;52-0727;18;3;etant sacrificateur souverain
Hebreux 4:15;SKN;52-0727;18;2;sacrificateur souverain
Marc 16:1;SKN;52-0727;18;2;etant marie
Hebreux 4:14;SKN;52-0727;18;2;sacrificateur souverain
Luc 2:7;SKN;52-0727;18;2;lemmaillota premier
Genese 1:11;SKN;52-0727;20;2;portant selon
Nombres 12:6;SKN;52-0727;23;2;leternel paroles
Esaie 27:12;SKN;52-0727;23;2;jusquau leternel
Psaumes 16:8;SKN;52-0727;23;2;droite leternel
Apocalypse 19:21;SKN;52-0727;27;2;furent fut
Apocalypse 3:21;SKN;52-0727;28;2;vaincra vaincu
Jean 14:12;SKN;52-0727;31;2;celles grandes
Actes 2:4;SKN;52-0727;31;2;dautres selon
Hebreux 11:1;SKN;52-0727;31;2;celles voit
Jean 12:14;SKN;52-0727;31;2;ecrit selon
Jean 14:12;SKN;52-0727;32;2;grandes men
Malachie 4:5;SKN;52-0727;33;2;envoie vienne
Jean 14:9;SKN;52-0727;33;2;mas montre
Genese 1:11;SKN;52-0727;35;2;selon semence
Esaie 40:3;SKN;52-0727;35;3;crie desert voix
Genese 3:8;SKN;52-0727;35;2;jardin voix
Apocalypse 17:3;SKN;52-0727;35;2;desert sept
Ezechiel 28:12;SKN;52-0727;35;2;forme plein
Genese 3:1;SKN;52-0727;35;2;jardin serpent
Galates 3:29;SKN;52-0727;35;2;selon semence
Jean 3:14;SKN;52-0727;35;2;desert serpent
Apocalypse 6:1;SKN;52-0727;35;2;sept voix
Apocalypse 22:18;SKN;52-0727;39;2;paroles temoignage
Actes 2:4;SKN;52-0809;1;2;donnait selon
Apocalypse 6:11;SKN;52-0809;1;2;blanche fut
Genese 14:18;SKN;52-0809;1;2;fit sacrificateur
Hebreux 9:11;SKN;52-0809;3;2;etant sacrificateur
Apocalypse 22:8;SKN;52-0809;3;2;lange rendre
Hebreux 9:11-14;SKN;52-0809;3;2;etant sacrificateur
Marc 16:1;SKN;52-0809;3;2;etant marie
Apocalypse 6:11;SKN;52-0809;9;2;devaient longue
Genese 1:26;SKN;52-0809;10;2;betail cieux
Matthieu 24:29;SKN;52-0809;10;2;cieux lune
Apocalypse 6:12;SKN;52-0809;10;2;lorsquil vis
Esaie 60:1;SKN;52-0809;11;2;leternel leve
Josue 10:12;SKN;52-0809;11;2;arrete leternel
1 Timothee 3:16;SKN;52-0809;12;2;chair cru
Apocalypse 17:15;SKN;52-0809;12;2;assise langues
Zacharie 14:6;SKN;52-0809;12;2;arrivera seront
Esaie 27:12;SKN;52-0809;12;2;arrivera disrael
Apocalypse 13:6;SKN;52-0809;13;2;bouche habitent
Esaie 53:9;SKN;52-0809;13;2;bouche violence
Luc 10:1;SKN;52-0809;13;2;face villes
Apocalypse 22:18;SKN;52-0809;14;2;rends temoignage
Apocalypse 1:1;SKN;52-0809;14;2;arriver doivent
Genese 3:16;SKN;52-0809;15;2;desir tes
Matthieu 24:29;SKN;52-0809;15;2;cieux seront
Luc 21:24;SKN;52-0809;15;2;pieds seront
Deuteronome 18:15;SKN;52-0809;16;2;leternel tes
Hebreux 4:14;SKN;52-0809;19;2;cieux ferme
Psaumes 42:7;SKN;52-0809;20;2;appelle tes
Actes 2:38;SKN;52-0809;21;2;don peches
Jean 3:16;SKN;52-0810A;2;2;croit quiconque
Apocalypse 13:8;SKN;52-0810A;5;2;fondation immole
Hebreux 4:14;SKN;52-0810A;13;2;ayant sacrificateur
Apocalypse 1:20;SKN;52-0810A;13;2;anges vues
Matthieu 24:29;SKN;52-0810A;16;2;etoiles lune
Apocalypse 3:14;SKN;52-0810A;17;2;fidele veritable
Apocalypse 19:11;SKN;52-0810A;17;3;fidele veritable vis
Apocalypse 1:1;SKN;52-0810A;17;2;ange doivent
Apocalypse 1:20;SKN;52-0810A;19;2;anges droite
Nombres 12:6;SKN;52-0810A;20;2;paroles vision
Josue 10:12;SKN;52-0810A;21;2;arrete parla
Hebreux 11:1;SKN;52-0810A;23;2;espere voit
Ephesiens 1:13;SKN;52-0810A;23;2;cru espere
Ephesiens 1:13-14;SKN;52-0810A;23;2;cru espere
Esaie 40:3;SKN;52-0810A;24;2;chemin desert
Ephesiens 2:12;SKN;52-0810A;24;2;droit israel
Matthieu 16:9;SKN;52-0810A;27;2;pains paniers
Marc 11:23;SKN;52-0810A;32;2;jette mer
Apocalypse 17:3;SKN;52-0810A;32;2;assise desert
Matthieu 24:7;SKN;52-0810A;38;2;lieux royaume
Apocalypse 17:8;SKN;52-0810A;44;2;monter vue
Matthieu 12:42;SKN;52-0810A;44;2;jugement midi
Hebreux 12:24;SKN;52-0810A;44;2;mieux nouvelle
Psaumes 41:9;SKN;52-0810A;44;2;ami mangeait
Esaie 40:3;SKN;52-0810A;45;2;desert voix
Ephesiens 1:5;SKN;52-0810A;46;2;ayant plaisir
Esaie 40:3;SKN;52-0810A;46;2;preparez route
Luc 7:36;SKN;52-0810A;46;2;manger table
Jean 5:24;SKN;52-0810A;49;2;envoye jugement
Apocalypse 21:19;SKN;52-0810A;50;2;premier troisieme
Matthieu 12:42;SKN;52-0810A;52;2;entendre midi
Josue 10:12;SKN;52-0810A;53;2;arrete lune
Genese 2:7;SKN;52-0810A;58;2;ame vivante
Genese 3:16;SKN;52-0810A;58;2;desir tes
Esaie 40:3;SKN;52-0810A;58;2;chemin route
Psaumes 41:9;SKN;52-0810A;60;3;ami intime leve
Genese 1:26;SKN;52-0810E;2;2;faisons selon
Actes 2:4;SKN;52-0810E;2;2;dautres selon
Hebreux 12:24;SKN;52-0810E;2;2;alliance mieux
Esaie 53:5;SKN;52-0810E;3;2;blesse meurtrissures
Genese 3:1;SKN;52-0810E;3;2;arbre jardin
Esaie 40:3;SKN;52-0810E;7;2;chemin route
Actes 1:8;SKN;52-0810E;8;2;recevrez serez
Apocalypse 19:11;SKN;52-0810E;9;2;appele fidele
Apocalypse 19:11;SKN;52-0810E;10;2;fidele vis
Apocalypse 6:12;SKN;52-0810E;16;2;lorsquil noir
Genese 1:26;SKN;52-0810E;19;2;animal selon
Genese 3:1;SKN;52-0810E;19;2;animal serpent
Ephesiens 1:5;SKN;52-0810E;22;3;plaisir selon volonte
Daniel 12:3;SKN;52-0810E;24;2;enseigne multitude
Psaumes 41:9;SKN;52-0810E;27;2;ami leve
Hebreux 12:25;SKN;52-0810E;27;2;garde nont
Jean 14:9;SKN;52-0810E;28;2;mas montre
Actes 2:4;SKN;52-0810E;29;2;dautres selon
Jean 14:9;SKN;52-0810E;32;2;montre philippe
Ezechiel 28:12;SKN;52-0810E;33;2;etais roi
Jean 14:9;SKN;52-0810E;33;3;connu mas philippe
Apocalypse 13:8;SKN;52-0810E;38;2;fondation immole
Esaie 40:3;SKN;52-0810E;38;3;crie desert voix
Apocalypse 17:3;SKN;52-0810E;38;2;desert sept
Jean 3:14;SKN;52-0810E;38;2;desert serpent
Apocalypse 6:1;SKN;52-0810E;38;2;sept voix
Genese 3:8;SKN;52-0810E;42;2;arbres jardin
Genese 3:1;SKN;52-0810E;42;2;arbre jardin
Jean 5:39;SKN;52-0810E;44;2;rendent temoignage
Apocalypse 22:18;SKN;52-0810E;47;2;paroles rends
Hebreux 6:4;SKN;52-0810E;47;2;celeste don
Jean 14:9;SKN;52-0810E;47;2;mas montre
Apocalypse 22:19;SKN;52-0810E;48;2;larbre paroles
Apocalypse 22:8;SKN;52-0810E;54;2;lange pieds
Apocalypse 16:13;SKN;52-0810E;56;2;esprits faux
Jean 3:16;SKN;52-0810E;58;2;croit eternelle
Apocalypse 22:18;SKN;52-0810E;58;2;entend paroles
Jean 5:14;SKN;52-0810E;58;2;peur tarrive
Apocalypse 6:12;SKN;52-0810E;59;2;lorsquil vis
Nombres 12:6;SKN;52-0810E;61;2;connaitre vision
Apocalypse 22:19;SKN;52-0810E;66;2;paroles sainte
Nombres 12:6;SKN;52-0810E;67;2;connaitre vision
Matthieu 19:28;SKN;52-0810E;69;2;douze serez
Psaumes 41:9;SKN;52-0816;1;2;ami intime
Apocalypse 3:14;SKN;52-0816;5;2;lange veritable
Apocalypse 19:11;SKN;52-0816;5;2;appele veritable
Apocalypse 22:8;SKN;52-0816;6;2;lange rendre
Ephesiens 1:5;SKN;52-0816;12;2;selon volonte
Apocalypse 22:8;SKN;52-0816;15;2;lange rendre
Ephesiens 2:12;SKN;52-0816;22;2;droit etant
Hebreux 1:1;SKN;52-0816;23;2;ayant plusieurs
Apocalypse 17:3;SKN;52-0816;23;2;ayant sept
Apocalypse 1:20;SKN;52-0816;23;2;droite sept
Zacharie 14:6;SKN;52-0816;24;2;aura seront
Apocalypse 22:18;SKN;52-0816;25;2;prophetie rends
Romains 8:11;SKN;52-0816;25;2;dentre ressuscite
Apocalypse 6:1;SKN;52-0816;25;2;sceaux voix
Nombres 12:6;SKN;52-0816;33;2;songe vision
Ezechiel 28:12;SKN;52-0816;41;2;leternel roi
Deuteronome 18:15;SKN;52-0816;42;2;dentre leternel
Amos 3:7;SKN;52-0816;42;2;leternel prophetes
Ezechiel 28:12;SKN;52-0816;42;2;leternel roi
Luc 10:1;SKN;52-0816;45;2;devait face
Apocalypse 3:14;SKN;52-0816;46;2;lange veritable
Ephesiens 1:13;SKN;52-0816;46;2;ayant cru
Matthieu 11:10;SKN;52-0816;46;2;chemin lequel
Actes 2:24;SKN;52-0816;46;2;ayant lequel
Ephesiens 1:13-14;SKN;52-0816;46;2;ayant cru
Ephesiens 1:5;SKN;52-0816;49;2;plaisir volonte
Luc 1:17;SKN;52-0816;49;2;dispose retourner
Hebreux 1:1;SKN;52-0816;50;2;autrefois ayant
Esaie 28:19;SKN;52-0816;50;2;entendre nuit
Apocalypse 17:3;SKN;52-0816;50;2;ayant pleine
Genese 1:28;SKN;52-0816;50;2;poissons vivant
Jean 12:14;SKN;52-0816;50;2;ayant sassit
Esaie 28:19;SKN;52-0816;51;2;entendre nuit
Genese 1:26;SKN;52-0816;52;2;mer poissons
Marc 11:23;SKN;52-0816;52;2;jette mer
Genese 1:28;SKN;52-0816;52;2;mer poissons
Apocalypse 6:3;SKN;52-0816;53;2;lorsquil viens
Hebreux 6:4;SKN;52-0816;54;2;celeste don
Hebreux 1:1;SKN;52-0816;60;2;plusieurs reprises
Esaie 53:5;SKN;52-0816;60;2;gueris meurtrissures
Hebreux 3:1;SKN;52-0816;64;2;celeste confession
Ephesiens 1:13;SKN;52-0816;64;2;ayant levangile
Apocalypse 17:3;SKN;52-0816;64;2;ayant vis
Ephesiens 1:13-14;SKN;52-0816;64;2;ayant levangile
Hebreux 4:14;SKN;52-0816;64;2;ayant confession
Nombres 12:6;SKN;52-0817A;1;2;paroles vision
Matthieu 12:42;SKN;52-0817A;1;2;entendre midi
Nombres 12:6;SKN;52-0817A;5;2;ferai vision
Apocalypse 22:8;SKN;52-0817A;5;2;lange rendre
Luc 7:36;SKN;52-0817A;5;2;manger table
Apocalypse 22:18;SKN;52-0817A;6;2;paroles temoignage
Nombres 12:6;SKN;52-0817A;6;2;paroles vision
Apocalypse 17:17;SKN;52-0817A;6;2;paroles soient
Ezechiel 28:12;SKN;52-0817A;6;2;dhomme forme
Apocalypse 22:18;SKN;52-0817A;11;2;ajoute temoignage
Nombres 19:9;SKN;52-0817A;11;2;disrael lassemblee
Jeremie 8:22;SKN;52-0817A;14;2;fille medecin
Genese 1:28;SKN;52-0817A;16;2;cieux remplissez
Esaie 28:11;SKN;52-0817A;16;2;langue levres
Esaie 14:12;SKN;52-0817A;17;2;cieux tombe
Esaie 60:1;SKN;52-0817A;17;2;leve levee
Hebreux 13:10;SKN;52-0817A;21;2;droit nont
Apocalypse 1:20;SKN;52-0817A;21;2;sept vues
Marc 11:21;SKN;52-0817A;25;2;sec setait
Actes 1:8;SKN;52-0817A;26;2;bout jusquau
Marc 13:27;SKN;52-0817A;26;2;bout jusquau
Jeremie 8:22;SKN;52-0817A;28;2;fille medecin
Matthieu 11:10;SKN;52-0817A;28;3;chemin ecrit lequel
Apocalypse 1:1;SKN;52-0817A;29;2;ange arriver
Esaie 61:1;SKN;52-0817A;32;2;envoye leternel
Esaie 53:5;SKN;52-0817A;32;2;blesse meurtri
Ezechiel 28:12;SKN;52-0817A;32;2;etais leternel
Matthieu 18:10;SKN;52-0817A;32;2;cieux garde
Hebreux 12:25;SKN;52-0817A;32;2;cieux garde
Psaumes 42:7;SKN;52-0817A;36;2;appelle cataractes
Actes 2:4;SKN;52-0817A;39;2;dautres selon
Malachie 3:6;SKN;52-0817A;39;2;change jacob
Apocalypse 6:3;SKN;52-0817A;39;2;lorsquil viens
Galates 3:29;SKN;52-0817A;39;3;dabraham heritiers selon
Actes 15:14;SKN;52-0817A;42;2;raconte simeon
Luc 10:1;SKN;52-0817A;42;2;devait face
Genese 14:18;SKN;52-0817A;42;2;roi sacrificateur
Esaie 61:1;SKN;52-0817A;43;2;brise leternel
Esaie 60:1;SKN;52-0817A;43;2;leternel leve
Apocalypse 17:3;SKN;52-0817A;46;2;assise sept
Apocalypse 17:17;SKN;52-0817A;47;2;royaume soient
Jean 14:12;SKN;52-0817E;5;2;grandes men
Hebreux 10:26;SKN;52-0817E;5;2;peches sacrifice
Esaie 53:5;SKN;52-0817E;5;2;blesse meurtri
Jean 14:12;SKN;52-0817E;9;2;celles grandes
Hebreux 11:1;SKN;52-0817E;9;2;celles voit
Marc 16:1;SKN;52-0817E;9;2;etant sabbat
Hebreux 9:11;SKN;52-0817E;12;2;sacrificateur souverain
Hebreux 9:11-14;SKN;52-0817E;12;2;sacrificateur souverain
Hebreux 4:15;SKN;52-0817E;12;2;sacrificateur souverain
Psaumes 16:8;SKN;52-0817E;12;2;droite serai
Hebreux 4:14;SKN;52-0817E;12;3;confession sacrificateur souverain
Esaie 61:1;SKN;52-0817E;14;2;envoye nouvelles
Jean 14:9;SKN;52-0817E;25;2;mas montre
Marc 13:27;SKN;52-0817E;28;2;bout jusquau
Hebreux 13:10;SKN;52-0817E;29;2;droit manger
Actes 10:35;SKN;52-0817E;30;2;craint nation
Hebreux 12:25;SKN;52-0817E;34;2;garde parlait
Genese 22:14;SKN;52-0817E;35;3;jehovah jire pourvu
Ephesiens 1:20;SKN;52-0817E;37;2;dentre droite
Apocalypse 6:3;SKN;52-0817E;44;2;lorsquil viens
Apocalypse 17:8;SKN;52-0817E;45;2;voyant vue
Apocalypse 17:8;SKN;52-0817E;48;2;fondation voyant
Jean 3:21;SKN;52-0817E;63;2;quelles soient
Hebreux 13:10;SKN;52-0817E;66;2;droit nont
Ephesiens 2:12;SKN;52-0817E;66;2;droit etiez
Ezechiel 28:12;SKN;52-0817E;71;2;etais forme
Actes 10:35;SKN;52-0900;2;2;justice quen
Apocalypse 6:1;SKN;52-0900;4;2;viens voix
Apocalypse 22:19;SKN;52-0900;7;2;paroles sainte
Esaie 28:19;SKN;52-0900;7;2;passera prendra
Nombres 12:6;SKN;52-0900;7;2;leternel paroles
Esaie 32:2;SKN;52-0900;7;2;aura ruisseaux
Matthieu 25:46;SKN;52-0900;7;2;eternelle iront
Apocalypse 17:17;SKN;52-0900;7;2;bete paroles
Zacharie 14:7;SKN;52-0900;7;2;aura leternel
Apocalypse 17:3;SKN;52-0900;7;2;bete desert
Galates 4:27;SKN;52-0900;7;2;cris joie
Jean 3:16;SKN;52-0900;10;2;croit eternelle
Matthieu 24:7;SKN;52-0900;10;2;aura royaume
Ephesiens 4:30;SKN;52-0900;11;3;lequel nattristez redemption
Esaie 27:12;SKN;52-0900;16;2;degypte disrael
Matthieu 19:28;SKN;52-0900;19;2;disrael suivi
Marc 11:21;SKN;52-0900;22;2;figuier setait
Hebreux 10:26;SKN;52-0900;24;2;peches sacrifice
Genese 4:16;SKN;52-0900;26;2;cain deden
Genese 1:26;SKN;52-0900;62;2;cieux mer
Genese 1:28;SKN;52-0900;62;2;cieux mer
Esaie 32:2;SKN;52-0900;64;2;aura deau
Genese 22:14;SKN;52-0900;71;3;jehovah jire pourvu
Hebreux 4:14;SKN;52-0900;77;2;cieux ferme
Genese 2:7;SKN;52-0900;103;2;ame leternel
Esaie 27:12;SKN;52-0900;110;2;jusquau leternel
Marc 13:27;SKN;52-0900;110;2;enverra jusquau
Zacharie 14:7;SKN;52-0900;118;2;aura leternel
Jean 3:16;SKN;52-0900;136;2;croit quiconque
Marc 11:23;SKN;52-0900;164;2;aura montagne
Jacques 5:14;SKN;52-0900;184;2;anciens malade
Luc 24:49;SKN;52-0900;193;2;den revetus
Zacharie 11:12;SKN;52-0900;222;2;dargent pieces
Hebreux 3:1;SKN;52-0900;227;2;sacrificateur souverain
Hebreux 9:11;SKN;52-0900;227;2;sacrificateur souverain
Hebreux 9:11-14;SKN;52-0900;227;2;sacrificateur souverain
Hebreux 4:15;SKN;52-0900;227;2;sacrificateur souverain
Hebreux 4:14;SKN;52-0900;227;2;sacrificateur souverain
Hebreux 3:1;SKN;52-0900;232;2;sacrificateur souverain
Hebreux 9:11;SKN;52-0900;232;2;sacrificateur souverain
Hebreux 9:11-14;SKN;52-0900;232;2;sacrificateur souverain
Hebreux 4:15;SKN;52-0900;232;2;sacrificateur souverain
Hebreux 4:14;SKN;52-0900;232;2;sacrificateur souverain
Esaie 32:2;SKN;52-0900;242;2;aura vent
Psaumes 41:9;SKN;52-0900;245;2;ami leve
Marc 11:23;SKN;52-1027;3;2;aura dira
1 Timothee 3:16;SKN;52-1027;3;2;manifeste preche
Matthieu 19:28;SKN;52-1027;5;2;mavez trone
Actes 2:38;SKN;52-1027;7;2;don peches
Esaie 53:5;SKN;52-1027;7;3;blesse gueris meurtrissures
Jean 5:14;SKN;52-1027;9;2;gueri peur
Genese 6:4;SKN;52-1027;13;2;eurent venus
Ezechiel 28:12;SKN;52-1027;17;2;etais roi
Jean 14:9;SKN;52-1027;17;3;connu mas philippe
Hebreux 13:10;SKN;52-1027;18;2;droit nont
Ezechiel 28:12;SKN;52-1027;19;2;dhomme plein
Nombres 12:6;SKN;52-1027;23;2;paroles vision
Zacharie 14:6;SKN;52-1027;25;2;aura seront
Zacharie 14:6;SKN;52-1027;34;2;arrivera aura
Jean 5:14;SKN;52-1027;34;2;gueri peur
Genese 1:11;SKN;52-1027;35;2;larbre portant
Esaie 27:12;SKN;52-1027;35;2;arrivera serez
Psaumes 41:9;SKN;52-1027;44;2;mangeait pain
Luc 7:36;SKN;52-1027;44;2;manger table
Esaie 53:5;SKN;53-0215;5;3;blesse gueris meurtrissures
Luc 1:17;SKN;53-0215;13;2;curs retourner
Matthieu 12:42;SKN;53-0215;15;2;entendre midi
Actes 2:38;SKN;53-0215;22;2;don peches
Actes 2:38;SKN;53-0215;29;2;don recevrez
Apocalypse 17:3;SKN;53-0215;30;2;ayant desert
1 Timothee 3:16;SKN;53-0215;31;2;chair cru
Esaie 53:5;SKN;53-0215;33;3;gueris meurtrissures paix
Actes 2:38;SKN;53-0215;34;2;don peches
Apocalypse 17:15;SKN;53-0215E;4;2;assise langues
Apocalypse 17:3;SKN;53-0215E;4;2;assise vis
Jeremie 8:22;SKN;53-0215E;6;2;fille medecin
Jean 5:14;SKN;53-0215E;9;2;gueri peur
Psaumes 103:3;SKN;53-0215E;12;2;pardonne tes
Hebreux 9:11;SKN;53-0215E;12;2;etant parfait
Hebreux 9:11-14;SKN;53-0215E;12;2;etant parfait
Hebreux 1:1;SKN;53-0215E;13;2;autrefois ayant
Actes 2:24;SKN;53-0215E;13;2;ayant possible
Ephesiens 2:12;SKN;53-0215E;15;2;etant etiez
Hebreux 12:25;SKN;53-0215E;15;2;parlait prenez
Apocalypse 1:1;SKN;53-0216;2;2;ange arriver
Psaumes 42:7;SKN;53-0216;2;2;tes voix
Esaie 32:2;SKN;53-0216;5;2;rocher vent
Apocalypse 3:21;SKN;53-0216;8;2;donnerai vaincra
1 Timothee 3:16;SKN;53-0216;11;2;cru manifeste
Genese 3:8;SKN;53-0216;11;2;jardin voix
Apocalypse 17:3;SKN;53-0216;11;2;desert sept
Genese 3:1;SKN;53-0216;11;2;jardin serpent
Jean 3:14;SKN;53-0216;11;2;desert serpent
Apocalypse 6:1;SKN;53-0216;11;3;sept viens voix
Apocalypse 1:1;SKN;53-0216;20;2;ange montrer
Galates 4:27;SKN;53-0216;20;2;eclate joie
Zacharie 14:6;SKN;53-0216;22;2;arrivera aura
Actes 2:38;SKN;53-0216;28;2;don recevrez
Matthieu 18:10;SKN;53-0216;32;2;face garde
Esaie 50:6;SKN;53-0216;32;2;dos face
Esaie 53:5;SKN;53-0216;34;2;gueris paix
Ezechiel 28:12;SKN;53-0216;35;2;etais roi
Jean 14:9;SKN;53-0216;35;2;connu philippe
Ezechiel 28:12;SKN;53-0216;36;2;etais plein
Apocalypse 17:3;SKN;53-0216;40;2;assise ayant
Psaumes 103:3;SKN;53-0217;6;2;pardonne tes
Matthieu 24:7;SKN;53-0217;6;2;aura royaume
Apocalypse 17:15;SKN;53-0218;4;2;assise langues
Apocalypse 17:3;SKN;53-0218;4;2;assise vis
Jeremie 8:22;SKN;53-0218;6;2;fille medecin
Jean 5:14;SKN;53-0218;9;2;gueri peur
Psaumes 103:3;SKN;53-0218;12;2;pardonne tes
Hebreux 9:11;SKN;53-0218;12;2;etant parfait
Hebreux 9:11-14;SKN;53-0218;12;2;etant parfait
Hebreux 1:1;SKN;53-0218;13;2;autrefois ayant
Actes 2:24;SKN;53-0218;13;2;ayant possible
Ephesiens 2:12;SKN;53-0218;15;2;etant etiez
Hebreux 12:25;SKN;53-0218;15;2;parlait prenez
Esaie 53:5;SKN;53-0219;7;3;gueris meurtri meurtrissures
Hebreux 9:11;SKN;53-0219;10;3;etant sacrificateur souverain
Hebreux 9:11-14;SKN;53-0219;10;3;etant sacrificateur souverain
Hebreux 4:15;SKN;53-0219;10;2;sacrificateur souverain
Hebreux 4:14;SKN;53-0219;10;3;confession sacrificateur souverain
Hebreux 9:11;SKN;53-0219;11;2;sacrificateur souverain
Hebreux 9:11-14;SKN;53-0219;11;2;sacrificateur souverain
Hebreux 4:15;SKN;53-0219;11;2;sacrificateur souverain
Hebreux 4:14;SKN;53-0219;11;3;confession sacrificateur souverain
Genese 1:26;SKN;53-0219;12;2;mer poissons
Marc 11:23;SKN;53-0219;12;2;dira mer
Hebreux 9:11;SKN;53-0219;12;2;sacrificateur souverain
Hebreux 9:11-14;SKN;53-0219;12;2;sacrificateur souverain
Genese 1:28;SKN;53-0219;12;2;mer poissons
Hebreux 4:15;SKN;53-0219;12;2;sacrificateur souverain
Hebreux 4:14;SKN;53-0219;12;3;confession sacrificateur souverain
Luc 10:1;SKN;53-0219;13;2;devait envoya
Hebreux 4:14;SKN;53-0219;13;2;cieux confession
Genese 2:7;SKN;53-0219;16;2;ame sol
Genese 3:16;SKN;53-0219;17;2;grandes tes
Jean 14:12;SKN;53-0325;31;3;croit grandes uvres
Jean 5:24;SKN;53-0325;31;3;croit envoye eternelle
Actes 2:38;SKN;53-0325;31;2;baptise don
Galates 1:8;SKN;53-0325;31;3;anatheme ange memes
Jean 3:16;SKN;53-0325;31;3;croit eternelle unique
Hebreux 4:12;SKN;53-0325;31;3;discerne epee tranchants
Jacques 5:14;SKN;53-0325;31;2;anciens appelle
Psaumes 103:3;SKN;53-0325;31;3;guerit pardonne tes
Jean 14:7;SKN;53-0325;31;3;auriez connaissez connu
Deuteronome 18:15;SKN;53-0325;31;2;milieu tes
Hebreux 13:12;SKN;53-0325;31;3;hors propre sanctifie
Amos 3:7;SKN;53-0325;31;2;revele serviteurs
Romains 5:1;SKN;53-0325;31;2;ayant paix
Hebreux 3:1;SKN;53-0325;31;3;celeste considerez saints
Marc 11:23;SKN;53-0325;31;2;aura dira
Apocalypse 22:18;SKN;53-0325;31;2;paroles temoignage
Genese 2:7;SKN;53-0325;31;3;ame devint sol
Hebreux 10:26;SKN;53-0325;31;2;connaissance sacrifice
Apocalypse 13:8;SKN;53-0325;31;3;ecrit fondation immole
Matthieu 16:18;SKN;53-0325;31;3;batirai portes prevaudront
Hebreux 13:10;SKN;53-0325;31;3;droit manger tabernacle
Hebreux 6:4;SKN;53-0325;31;3;celeste don impossible
Apocalypse 22:19;SKN;53-0325;31;2;ecrits paroles
Psaumes 16:10;SKN;53-0325;31;3;ame corruption voie
Esaie 28:19;SKN;53-0325;31;3;entendre nuit prendra
Luc 17:28;SKN;53-0325;31;2;arriva lot
Esaie 14:12;SKN;53-0325;31;3;cieux nations tombe
Ephesiens 5:26;SKN;53-0325;31;2;lavage sanctifie
Esaie 32:2;SKN;53-0325;31;3;aura rocher vent
Galates 3:16;SKN;53-0325;31;3;plusieurs promesses semence
Genese 3:8;SKN;53-0325;31;3;jardin milieu voix
Matthieu 12:42;SKN;53-0325;31;2;entendre vint
Matthieu 25:46;SKN;53-0325;31;2;eternelle justes
Actes 15:14;SKN;53-0325;31;3;nations premierement tirer
Actes 10:35;SKN;53-0325;31;2;justice nation
Malachie 3:6;SKN;53-0325;31;2;change jacob
Zacharie 14:7;SKN;53-0325;31;3;aura connu nuit
Matthieu 28:18;SKN;53-0325;31;2;donnee parla
Daniel 7:9;SKN;53-0325;31;2;places vetement
Esaie 28:18;SKN;53-0325;31;2;alliance serez
Genese 4:1;SKN;53-0325;31;3;cain concut eve
Hebreux 12:24;SKN;53-0325;31;3;alliance mieux nouvelle
Genese 4:16;SKN;53-0325;31;2;cain sortit
Apocalypse 13:6;SKN;53-0325;31;2;blasphemer bouche
Marc 9:7;SKN;53-0325;31;2;vint voix
Genese 3:1;SKN;53-0325;31;2;animal jardin
Zacharie 14:6;SKN;53-0325;31;3;aura obscurcis seront
Apocalypse 21:23;SKN;53-0325;31;2;lampe soleil
Matthieu 19:28;SKN;53-0325;31;3;douze serez tribus
Apocalypse 2:20;SKN;53-0325;31;2;enseigne manger
Genese 22:16;SKN;53-0325;31;3;jure refuse unique
Jean 15:7;SKN;53-0325;31;2;demeurent paroles
Esaie 27:12;SKN;53-0325;31;3;courant fleuve serez
Psaumes 22:7;SKN;53-0325;31;3;bouche moquent voient
Psaumes 22:18;SKN;53-0325;31;2;jettent robe
Psaumes 41:9;SKN;53-0325;31;3;ami leve pain
Apocalypse 1:7;SKN;53-0325;31;2;tribus verra
Psaumes 14:1;SKN;53-0325;31;2;corrompus fasse
Apocalypse 6:3;SKN;53-0325;31;2;animal sceau
Matthieu 1:23;SKN;53-0325;31;2;emmanuel interprete
Luc 7:36;SKN;53-0325;31;3;manger mit table
Malachie 4:5;SKN;53-0325;31;2;terrible vienne
Galates 3:29;SKN;53-0325;31;2;selon semence
Jean 5:14;SKN;53-0325;31;3;peur temple trouva
Matthieu 11:25;SKN;53-0325;31;2;cache repondit
Joel 2:25;SKN;53-0325;31;3;annees milieu rendrai
Jean 3:21;SKN;53-0325;31;3;quelles soient uvres
Genese 6:4;SKN;53-0325;31;3;jadis quelles venus
Hebreux 12:25;SKN;53-0325;31;3;cieux parlait prenez
Hebreux 6:1;SKN;53-0325;31;3;commencement fondement uvres
Actes 10:44;SKN;53-0325;31;2;mots prononcait
Actes 2:24;SKN;53-0325;31;3;ayant lequel possible
Jean 16:21;SKN;53-0325;31;3;heure joie tristesse
Luc 11:29;SKN;53-0325;31;2;jonas mit
Jean 3:14;SKN;53-0325;31;3;desert eleva eleve
Jean 12:14;SKN;53-0325;31;3;ayant ecrit selon
Psaumes 16:8;SKN;53-0325;31;3;droite ebranle serai
Josue 10:12;SKN;53-0325;31;3;arrete parla soleil
Daniel 12:3;SKN;53-0325;31;3;enseigne etoiles justice
Psaumes 42:7;SKN;53-0325;31;3;appelle tes voix
Marc 16:1;SKN;53-0325;31;3;etant marie sabbat
Jean 14:9;SKN;53-0325;31;2;connu montre
Colossiens 1:15;SKN;53-0325;31;2;image premier
Apocalypse 6:1;SKN;53-0325;31;3;animaux sept voix
Luc 2:7;SKN;53-0325;31;2;mit premier
Apocalypse 6:1;SKN;53-0326;3;2;sept viens
Nombres 12:6;SKN;53-0326;12;2;connaitre ferai
Galates 3:29;SKN;53-0326;13;2;heritiers selon
Zacharie 14:6;SKN;53-0326;14;2;aura seront
Esaie 9:6;SKN;53-0326;21;3;fort merveilleux prince
Apocalypse 1:1;SKN;53-0326;23;2;ange arriver
Jean 3:16;SKN;53-0326;32;3;croit eternelle quiconque
Apocalypse 6:1;SKN;53-0326;40;2;sept viens
Matthieu 18:10;SKN;53-0326;45;2;garde prenez
Hebreux 12:25;SKN;53-0326;45;2;garde prenez
Galates 3:29;SKN;53-0326;48;2;heritiers selon
Luc 16:16;SKN;53-0326;51;2;prophetes royaume
Marc 11:23;SKN;53-0326;52;2;aura montagne
Esaie 32:2;SKN;53-0326;52;2;aura rocher
Luc 21:24;SKN;53-0326;52;2;nations pieds
Matthieu 24:7;SKN;53-0326;52;2;aura royaume
Esaie 9:5;SKN;53-0326;52;2;guerre roule
Matthieu 11:25;SKN;53-0326;55;2;intelligents sages
Apocalypse 19:21;SKN;53-0326;63;2;chair fut
Jean 3:16;SKN;53-0326;87;2;eternelle unique
Matthieu 25:46;SKN;53-0326;87;2;eternelle iront
Ezechiel 28:12;SKN;53-0326;98;2;eleve roi
Genese 14:18;SKN;53-0326;98;2;fit roi
Genese 3:1;SKN;53-0326;105;2;arbre jardin
Apocalypse 19:21;SKN;53-0326;115;2;fut tue
Apocalypse 17:8;SKN;53-0326;118;2;monter voyant
Jean 3:16;SKN;53-0326;125;2;croit eternelle
Ephesiens 1:20;SKN;53-0326;131;2;celestes lieux
Psaumes 42:7;SKN;53-0326;145;2;tes voix
Apocalypse 6:12;SKN;53-0326;149;2;devint fit
Matthieu 12:42;SKN;53-0326;151;2;jugement vint
Genese 3:1;SKN;53-0326;160;2;arbre jardin
Apocalypse 17:3;SKN;53-0326;161;2;blaspheme desert
Esaie 32:2;SKN;53-0326;163;2;aura rocher
Matthieu 27:51;SKN;53-0326;163;2;temple voile
Ephesiens 1:5;SKN;53-0326;180;2;ayant plaisir
Matthieu 18:10;SKN;53-0326;184;2;continuellement face
Apocalypse 13:8;SKN;53-0327;5;2;fondation immole
Apocalypse 5:9;SKN;53-0327;5;3;immole ouvrir sceaux
Luc 1:17;SKN;53-0327;10;2;curs pensee
Jean 3:16;SKN;53-0327;20;2;croit eternelle
Apocalypse 22:19;SKN;53-0327;20;2;cite paroles
Matthieu 12:42;SKN;53-0327;20;2;jugement vint
Jean 12:24;SKN;53-0327;29;2;ble grain
Jean 12:24;SKN;53-0327;30;2;ble grain
Genese 1:26;SKN;53-0327;32;2;animal image
Apocalypse 13:8;SKN;53-0327;32;2;fondation immole
Apocalypse 13:14;SKN;53-0327;32;2;fut image
Jean 12:14;SKN;53-0327;37;2;ecrit selon
Apocalypse 6:12;SKN;53-0327;40;2;fit sceau
Apocalypse 13:14;SKN;53-0327;51;2;miracles plaie
Esaie 28:19;SKN;53-0327;81;2;nuit prendra
Apocalypse 5:9;SKN;53-0327;93;2;cantique nation
Hebreux 1:1;SKN;53-0327;95;2;autrefois peres
Deuteronome 32:11;SKN;53-0327;112;2;ailes etend
Ephesiens 1:20;SKN;53-0327;114;2;celestes lieux
Ephesiens 1:20;SKN;53-0327;115;2;celestes lieux
Actes 2:4;SKN;53-0327;126;2;commencerent furent
Genese 1:26;SKN;53-0327;129;2;mer poissons
Genese 1:28;SKN;53-0327;129;2;mer poissons
Genese 1:26;SKN;53-0327;131;2;mer poissons
Genese 1:28;SKN;53-0327;131;2;mer poissons
Esaie 28:8;SKN;53-0327;133;3;pleines tables vomissements
Apocalypse 19:21;SKN;53-0327;137;2;furent fut
Hebreux 12:24;SKN;53-0327;140;3;alliance mieux nouvelle
Ephesiens 2:12;SKN;53-0327;144;2;etant israel
Actes 2:4;SKN;53-0327;147;2;commencerent furent
Hebreux 13:10;SKN;53-0327;147;2;droit manger
Galates 4:27;SKN;53-0327;150;2;cris joie
Genese 6:4;SKN;53-0327;170;2;eurent furent
Apocalypse 5:9;SKN;53-0327;184;2;digne langue
Hebreux 4:14;SKN;53-0327;184;2;sacrificateur traverse
Apocalypse 13:8;SKN;53-0327;206;2;fondation immole
Apocalypse 5:9;SKN;53-0327;206;2;digne immole
Jean 3:14;SKN;53-0327;207;2;eleve serpent
Jean 3:14;SKN;53-0327;208;3;desert eleve serpent
Jean 5:24;SKN;53-0327;209;2;croit eternelle
Jean 3:14;SKN;53-0327;209;2;eleve serpent
Luc 17:33;SKN;53-0327;209;2;quiconque sauver
Apocalypse 22:8;SKN;53-0327;214;2;montrait pieds
Psaumes 103:3;SKN;53-0327;215;2;pardonne tes
Apocalypse 17:3;SKN;53-0327;216;2;ayant tetes
Esaie 9:6;SKN;53-0327;219;2;paix prince
Jean 3:14;SKN;53-0327;219;2;eleve serpent
Matthieu 12:42;SKN;53-0328;7;2;jugement levera
Apocalypse 13:8;SKN;53-0328;8;2;fondation immole
Apocalypse 5:9;SKN;53-0328;8;3;digne immole ouvrir
Hebreux 13:10;SKN;53-0328;15;2;autel tabernacle
Apocalypse 17:3;SKN;53-0328;15;2;ayant sept
Nombres 19:9;SKN;53-0328;15;2;camp genisse
Apocalypse 6:12;SKN;53-0328;18;2;fit vis
Luc 10:1;SKN;53-0328;19;2;devait envoya
Matthieu 11:10;SKN;53-0328;21;2;ecrit face
Jean 3:16;SKN;53-0328;28;2;croit eternelle
Hebreux 9:11;SKN;53-0328;36;2;biens parfait
Hebreux 9:11-14;SKN;53-0328;36;2;biens parfait
Matthieu 11:10;SKN;53-0328;40;2;ecrit lequel
Apocalypse 19:21;SKN;53-0328;45;2;chair fut
Apocalypse 13:14;SKN;53-0328;56;2;fut plaie
Luc 7:36;SKN;53-0328;66;2;entrant mit
Marc 11:23;SKN;53-0328;84;2;mer montagne
Genese 6:4;SKN;53-0328;115;2;eurent jadis
Apocalypse 6:11;SKN;53-0328;117;2;longue robe
Genese 3:16;SKN;53-0328;118;2;grandes mari
Galates 4:27;SKN;53-0328;141;2;cris joie
Genese 2:18-21;SKN;53-0328;143;2;aide ferai
Esaie 53:9;SKN;53-0328;143;2;bouche donna
Galates 4:27;SKN;53-0328;150;2;cris joie
Genese 2:7;SKN;53-0328;153;2;narines poussiere
Nombres 19:9;SKN;53-0328;166;2;eau hors
Marc 11:23;SKN;53-0328;167;2;aura quiconque
Apocalypse 6:12;SKN;53-0328;167;2;fit noir
Genese 14:18;SKN;53-0328;167;2;fit pain
Hebreux 10:26;SKN;53-0328;173;2;peches sacrifice
Matthieu 12:42;SKN;53-0328;174;2;jugement vint
Jean 3:14;SKN;53-0328;179;2;eleva serpent
Esaie 53:5;SKN;53-0328;180;3;blesse gueris meurtrissures
Apocalypse 19:21;SKN;53-0328;181;2;furent fut
Esaie 50:6;SKN;53-0328;187;2;face joues
Matthieu 24:7;SKN;53-0328;191;2;aura royaume
Apocalypse 6:11;SKN;53-0328;199;2;blanche longue
Daniel 7:9;SKN;53-0328;207;2;cheveux vis
Genese 3:16;SKN;53-0329;29;2;mari travail
Amos 3:7;SKN;53-0329;30;2;revele secret
Jean 14:12;SKN;53-0329;32;2;grandes uvres
Ezechiel 28:12;SKN;53-0329;40;2;eleve etais
Genese 1:26;SKN;53-0329;43;2;mer selon
Genese 1:11;SKN;53-0329;43;2;plante selon
Jean 12:14;SKN;53-0329;43;2;ecrit selon
Psaumes 16:8;SKN;53-0329;43;2;droite serai
Josue 10:12;SKN;53-0329;43;2;josue soleil
Apocalypse 1:20;SKN;53-0329;43;2;anges droite
Jean 5:24;SKN;53-0329;46;2;envoye jugement
Jean 3:14;SKN;53-0329;46;2;desert serpent
Luc 21:24;SKN;53-0329;47;2;nations pieds
Apocalypse 19:21;SKN;53-0329;55;2;cheval fut
Genese 14:18;SKN;53-0329;64;2;fit roi
Genese 3:16;SKN;53-0329;71;2;grandes tes
Hebreux 13:12;SKN;53-0329;80;3;hors propre souffert
Ephesiens 2:12;SKN;53-0329;90;2;etant israel
Esaie 28:18;SKN;53-0329;96;2;alliance serez
Josue 10:12;SKN;53-0329;98;2;josue parla
Nombres 19:9;SKN;53-0329;101;2;camp eau
Luc 10:1;SKN;53-0329;103;2;devait face
Actes 2:38;SKN;53-0329;104;2;peches remission
Esaie 60:1;SKN;53-0329;135;2;leve levee
Psaumes 42:7;SKN;53-0403;31;2;tes voix
1 Timothee 3:16;SKN;53-0403;36;2;cru eleve
Hebreux 10:26;SKN;53-0403;36;2;peches sacrifice
Nombres 12:6;SKN;53-0403;36;2;leternel paroles
Luc 16:16;SKN;53-0403;36;2;annonce violence
Esaie 61:1;SKN;53-0403;36;3;brise leternel oint
Genese 15:16;SKN;53-0403;36;2;generation liniquite
Jean 5:24;SKN;53-0403;38;2;envoye jugement
Galates 4:27;SKN;53-0403;38;2;joie rejouis
Daniel 12:3;SKN;53-0403;49;2;enseigne letendue
Colossiens 1:15;SKN;53-0403;51;2;image premier
Genese 2:7;SKN;53-0403;53;3;forma poussiere sol
Hebreux 4:12;SKN;53-0403;55;2;lame vivante
Genese 2:7;SKN;53-0403;55;3;ame poussiere vivante
Luc 10:1;SKN;53-0403;76;2;devait face
Psaumes 16:10;SKN;53-0403;80;2;ame voie
Apocalypse 13:8;SKN;53-0403;92;3;fondation immole lagneau
Genese 3:16;SKN;53-0403;96;2;mari tes
Genese 3:1;SKN;53-0403;97;3;champs ruse serpent
Genese 4:1;SKN;53-0403;105;2;cain eve
Genese 4:16;SKN;53-0403;105;2;cain deden
Genese 4:1;SKN;53-0403;110;2;cain leternel
Genese 4:16;SKN;53-0403;110;2;cain leternel
Esaie 27:12;SKN;53-0403;129;2;jusquau serez
Genese 1:11;SKN;53-0403;135;2;plante semence
Hebreux 3:1;SKN;53-0403;140;2;celeste considerez
Apocalypse 13:8;SKN;53-0403;144;2;fondation lagneau
Hebreux 9:11;SKN;53-0403;151;2;etant parfait
Hebreux 9:11-14;SKN;53-0403;151;2;etant parfait
Matthieu 27:51;SKN;53-0403;158;2;rochers voile
Matthieu 11:10;SKN;53-0403;158;2;chemin ecrit
Hebreux 3:1;SKN;53-0403;167;2;sacrificateur souverain
Hebreux 9:11;SKN;53-0403;167;2;sacrificateur souverain
Hebreux 9:11-14;SKN;53-0403;167;2;sacrificateur souverain
Hebreux 4:15;SKN;53-0403;167;2;sacrificateur souverain
Hebreux 4:14;SKN;53-0403;167;2;sacrificateur souverain
Hebreux 3:1;SKN;53-0403;168;2;sacrificateur souverain
Hebreux 9:11;SKN;53-0403;168;2;sacrificateur souverain
Hebreux 9:11-14;SKN;53-0403;168;2;sacrificateur souverain
Hebreux 4:15;SKN;53-0403;168;2;sacrificateur souverain
Hebreux 4:14;SKN;53-0403;168;2;sacrificateur souverain
Hebreux 3:1;SKN;53-0403;170;2;sacrificateur souverain
Hebreux 9:11;SKN;53-0403;170;2;sacrificateur souverain
Hebreux 9:11-14;SKN;53-0403;170;2;sacrificateur souverain
Hebreux 4:15;SKN;53-0403;170;2;sacrificateur souverain
Hebreux 4:14;SKN;53-0403;170;2;sacrificateur souverain
Apocalypse 1:7;SKN;53-0403;201;2;lont perce
Apocalypse 6:1;SKN;53-0403;201;2;lagneau sept
Matthieu 18:10;SKN;53-0403;203;2;anges cieux
Apocalypse 1:20;SKN;53-0403;203;2;anges etoiles
Apocalypse 13:8;SKN;53-0403;204;3;fondation immole lagneau
Esaie 61:1;SKN;53-0403;219;2;brise leternel
Psaumes 41:9;SKN;53-0405E;3;2;ami intime
Nombres 19:9;SKN;53-0405E;11;2;eau lassemblee
Zacharie 14:6;SKN;53-0405E;33;2;aura seront
Genese 1:11;SKN;53-0405E;39;2;produise selon
Apocalypse 13:8;SKN;53-0405E;41;2;fondation immole
Apocalypse 6:1;SKN;53-0405E;41;2;ouvrit sceaux
Luc 24:49;SKN;53-0405E;44;2;den revetus
Genese 14:18;SKN;53-0405E;77;2;roi vin
Apocalypse 3:14;SKN;53-0405E;79;2;temoin veritable
Ephesiens 2:12;SKN;53-0405E;83;2;droit etant
Josue 10:12;SKN;53-0405E;88;2;josue leternel
Marc 13:27;SKN;53-0405E;109;2;bout jusquau
Esaie 28:19;SKN;53-0405E;112;2;entendre nuit
Marc 13:27;SKN;53-0405E;119;2;bout jusquau
Esaie 61:1;SKN;53-0405E;126;2;apporter envoye
Genese 14:18;SKN;53-0405E;126;2;apporter roi
Hebreux 3:1;SKN;53-0405E;144;2;sacrificateur souverain
Hebreux 9:11;SKN;53-0405E;144;2;sacrificateur souverain
Hebreux 9:11-14;SKN;53-0405E;144;2;sacrificateur souverain
Hebreux 4:15;SKN;53-0405E;144;2;sacrificateur souverain
Hebreux 4:14;SKN;53-0405E;144;2;sacrificateur souverain
Apocalypse 19:21;SKN;53-0405E;165;2;chair oiseaux
Esaie 27:12;SKN;53-0405E;166;2;disrael leternel
Josue 10:12;SKN;53-0405E;166;2;disrael leternel
Hebreux 1:1;SKN;53-0405E;167;2;plusieurs reprises
Esaie 27:12;SKN;53-0405E;169;2;disrael leternel
Josue 10:12;SKN;53-0405E;169;2;disrael leternel
Psaumes 41:9;SKN;53-0405E;181;2;mangeait pain
Galates 4:27;SKN;53-0405E;183;2;cris pousse
Genese 2:7;SKN;53-0405E;189;2;ame leternel
Esaie 27:12;SKN;53-0405E;194;2;jusquau leternel
Marc 13:27;SKN;53-0405E;194;2;enverra jusquau
Amos 3:7;SKN;53-0405E;199;2;leternel prophetes
Genese 2:7;SKN;53-0405E;201;2;ame vivante
Amos 3:7;SKN;53-0405E;202;2;leternel prophetes
Genese 2:7;SKN;53-0405E;203;2;ame leternel
Hebreux 13:10;SKN;53-0405E;211;2;droit tabernacle
Genese 2:7;SKN;53-0405E;265;2;ame leternel
Psaumes 103:3;SKN;53-0405M;1;2;pardonne tes
Deuteronome 18:15;SKN;53-0405M;1;2;dentre tes
Marc 11:23;SKN;53-0405M;1;2;aura mer
Romains 8:11;SKN;53-0405M;1;2;dentre ressuscite
Apocalypse 17:3;SKN;53-0405M;1;2;ayant tetes
Genese 1:28;SKN;53-0405M;1;2;mer vivant
Actes 2:24;SKN;53-0405M;1;2;ayant ressuscite
Psaumes 41:9;SKN;53-0405S;10;2;ami leve
Apocalypse 6:6;SKN;53-0405S;12;2;mesure milieu
Psaumes 41:9;SKN;53-0405S;24;2;ami intime
Galates 4:27;SKN;53-0405S;26;2;cris pousse
Galates 4:27;SKN;53-0405S;27;2;cris pousse
Matthieu 18:10;SKN;53-0405S;36;2;cieux face
Apocalypse 6:12;SKN;53-0405S;36;2;lorsquil soleil
Psaumes 41:9;SKN;53-0405S;37;2;ami intime
Esaie 32:2;SKN;53-0405S;43;2;deau vent
Genese 2:7;SKN;53-0405S;50;2;ame poussiere
Psaumes 16:10;SKN;53-0405S;50;2;ame corruption
Galates 3:29;SKN;53-0405S;54;2;dabraham semence
Apocalypse 13:14;SKN;53-0405S;67;2;fut miracles
Apocalypse 19:21;SKN;53-0405S;67;2;bouche fut
Jean 3:16;SKN;53-0405S;71;2;croit quiconque
Jean 5:39;SKN;53-0405S;72;2;eternelle temoignage
Esaie 50:6;SKN;53-0405S;74;3;arrachaient crachats frappaient
Apocalypse 6:11;SKN;53-0405S;86;2;blanche longue
Actes 2:4;SKN;53-0405S;88;2;commencerent dautres
Marc 16:1;SKN;53-0405S;89;2;marie sabbat
Psaumes 16:10;SKN;53-0405S;91;2;ame corruption
Malachie 3:6;SKN;53-0405S;94;2;change netes
Marc 16:1;SKN;53-0405S;97;2;aromates marie
Jean 3:16;SKN;53-0405S;115;2;croit eternelle
Apocalypse 22:8;SKN;53-0405S;122;2;pieds rendre
Luc 16:16;SKN;53-0405S;132;2;annonce prophetes
Matthieu 18:10;SKN;53-0405S;142;2;cieux face
Apocalypse 19:21;SKN;53-0405S;144;2;oiseaux tue
Zacharie 14:6;SKN;53-0405S;155;2;arrivera aura
Genese 2:7;SKN;53-0405S;166;2;ame poussiere
Luc 24:49;SKN;53-0405S;182;2;den revetus
Psaumes 41:9;SKN;53-0405S;189;2;leve pain
Psaumes 41:9;SKN;53-0405S;190;2;ami pain
Actes 2:24;SKN;53-0405S;236;2;possible ressuscite
Actes 2:24;SKN;53-0405S;238;2;possible ressuscite
Jean 14:9;SKN;53-0405S;238;2;montre philippe
Hebreux 1:1;SKN;53-0405S;282;2;autrefois peres
Genese 1:26;SKN;53-0405S;284;2;mer oiseaux
Genese 1:28;SKN;53-0405S;284;2;mer oiseaux
Apocalypse 19:11;SKN;53-0405S;286;3;combat juge justice
Apocalypse 11:3;SKN;53-0405S;312;2;donnerai temoins
Galates 4:27;SKN;53-0405S;314;2;joie nes
Hebreux 6:4;SKN;53-0500;2;2;celeste don
Ephesiens 2:12;SKN;53-0500;2;2;droit etant
Matthieu 18:10;SKN;53-0500;4;2;cieux garde
Hebreux 12:25;SKN;53-0500;4;2;cieux garde
Apocalypse 6:11;SKN;53-0500;8;2;reposent soient
Apocalypse 1:1;SKN;53-0500;8;2;arriver montrer
Ephesiens 2:12;SKN;53-0500;9;2;etant etiez
Hebreux 10:26;SKN;53-0500;10;2;connaissance peches
Apocalypse 17:8;SKN;53-0500;13;2;voyant vue
Genese 3:16;SKN;53-0500;14;2;mari tes
Psaumes 41:9;SKN;53-0500;14;2;ami intime
Ephesiens 2:12;SKN;53-0500;17;2;droit etiez
Esaie 53:5;SKN;53-0500;17;2;gueris meurtrissures
Esaie 27:12;SKN;53-0500;17;2;arrivera serez
Ephesiens 1:20;SKN;53-0500;18;2;celestes lieux
Matthieu 24:7;SKN;53-0500;18;2;aura lieux
Genese 3:8;SKN;53-0506;2;2;arbres jardin
Romains 8:22;SKN;53-0506;4;2;ensemble travail
Apocalypse 19:11;SKN;53-0506;4;2;appele blanc
Marc 11:23;SKN;53-0506;5;2;aura dira
Hebreux 1:1;SKN;53-0506;7;2;plusieurs reprises
Hebreux 12:24;SKN;53-0506;7;2;mieux nouvelle
Hebreux 3:1;SKN;53-0506;8;2;celeste saints
Apocalypse 13:8;SKN;53-0506;8;3;fondation immole lagneau
Apocalypse 17:3;SKN;53-0506;8;2;pleine sept
Apocalypse 1:20;SKN;53-0506;8;2;droite sept
Deuteronome 18:15;SKN;53-0506;9;2;dentre tes
1 Timothee 3:16;SKN;53-0506;9;2;anges preche
Zacharie 14:6;SKN;53-0506;9;2;aura seront
Marc 13:27;SKN;53-0506;9;2;anges bout
Apocalypse 1:20;SKN;53-0506;9;2;anges sept
Jean 14:12;SKN;53-0506;11;2;celles grandes
Hebreux 11:1;SKN;53-0506;11;2;celles voit
Apocalypse 3:21;SKN;53-0506;11;2;vaincra vaincu
Hebreux 9:11;SKN;53-0506;12;2;sacrificateur souverain
Hebreux 9:11-14;SKN;53-0506;12;2;sacrificateur souverain
Hebreux 4:15;SKN;53-0506;12;2;sacrificateur souverain
Hebreux 4:14;SKN;53-0506;12;3;confession sacrificateur souverain
Hebreux 1:1;SKN;53-0506;13;2;peres plusieurs
Hebreux 6:1;SKN;53-0506;13;2;commencement fondement
Jacques 5:14;SKN;53-0506;16;2;appelle malade
Apocalypse 3:14;SKN;53-0506;16;2;creation lange
Apocalypse 13:14;SKN;53-0506;19;2;fut image
Jean 14:9;SKN;53-0506;21;2;mas philippe
Hebreux 3:1;SKN;53-0506;23;2;sacrificateur saints
Nombres 19:9;SKN;53-0506;25;2;disrael eau
Esaie 50:6;SKN;53-0506;30;2;dos nai
Jean 14:12;SKN;53-0506;32;2;celles grandes
Nombres 12:6;SKN;53-0506;32;2;paroles vision
Hebreux 11:1;SKN;53-0506;32;2;celles voit
Luc 1:17;SKN;53-0506;33;2;delie dispose
Psaumes 41:9;SKN;53-0506;38;2;ami intime
Psaumes 41:9;SKN;53-0506;39;2;ami intime
Deuteronome 18:15;SKN;53-0506;43;2;leternel milieu
Genese 3:8;SKN;53-0506;43;2;leternel milieu
Esaie 60:1;SKN;53-0506;43;2;leternel leve
Jean 14:12;SKN;53-0507;10;2;grandes men
Esaie 9:6;SKN;53-0507;11;2;merveilleux paix
Jean 14:7;SKN;53-0507;15;2;connaissez lavez
Ephesiens 1:20;SKN;53-0507;15;2;celestes lieux
Genese 1:11;SKN;53-0507;16;2;larbre semence
Hebreux 3:1;SKN;53-0507;21;2;sacrificateur saints
Josue 10:12;SKN;53-0507;21;2;leternel lune
Genese 14:18;SKN;53-0507;21;2;roi sacrificateur
Marc 13:27;SKN;53-0507;22;2;anges jusquau
Zacharie 11:12;SKN;53-0507;23;2;dargent laissez
Genese 1:26;SKN;53-0507;24;2;cieux mer
Matthieu 25:46;SKN;53-0507;24;2;iront sen
Genese 1:28;SKN;53-0507;24;2;cieux mer
Hebreux 12:25;SKN;53-0507;24;2;cieux nont
Apocalypse 3:21;SKN;53-0507;27;2;donnerai vaincra
Jean 14:7;SKN;53-0507;28;2;connu lavez
Esaie 28:19;SKN;53-0507;29;2;den prendra
Genese 14:18;SKN;53-0507;32;2;roi sacrificateur
Josue 10:12;SKN;53-0507;33;2;arrete disrael
Jean 5:24;SKN;53-0507;34;2;croit envoye
Jeremie 8:22;SKN;53-0507;36;2;fille medecin
Hebreux 4:14;SKN;53-0507;38;2;cieux traverse
Genese 22:14;SKN;53-0507;39;3;jehovah jire pourvu
Ephesiens 1:13;SKN;53-0507;39;2;auquel levangile
Ephesiens 1:13-14;SKN;53-0507;39;2;auquel levangile
Esaie 53:5;SKN;53-0507;40;2;gueris paix
Psaumes 35:11;SKN;53-0507;46;2;levent nai
Actes 2:24;SKN;53-0507;51;2;possible ressuscite
Esaie 50:6;SKN;53-0507;56;2;dos nai
Psaumes 103:3;SKN;53-0507;60;2;pardonne tes
Esaie 53:5;SKN;53-0507;60;2;gueris paix
Psaumes 42:7;SKN;53-0507;62;2;appelle tes
Apocalypse 3:14;SKN;53-0507;66;2;lange lassemblee
Esaie 9:6;SKN;53-0508;1;3;fort merveilleux paix
Nombres 12:6;SKN;53-0508;1;2;leternel vision
Ephesiens 1:13;SKN;53-0508;1;2;levangile salut
Genese 3:8;SKN;53-0508;1;2;leternel voix
Matthieu 11:10;SKN;53-0508;1;2;chemin lequel
Genese 22:16;SKN;53-0508;1;2;leternel unique
Esaie 27:12;SKN;53-0508;1;3;courant leternel serez
Psaumes 35:11;SKN;53-0508;1;2;nai temoins
Josue 10:12;SKN;53-0508;1;2;leternel lune
Ephesiens 1:13-14;SKN;53-0508;1;2;levangile salut
Apocalypse 13:8;SKN;53-0508;2;3;fondation immole lagneau
Genese 1:11;SKN;53-0508;2;2;produise semence
Apocalypse 5:9;SKN;53-0508;2;3;immole ouvrir sceaux
Apocalypse 6:1;SKN;53-0508;2;2;lagneau sceaux
Apocalypse 22:19;SKN;53-0508;7;2;ote sainte
Jean 3:14;SKN;53-0508;8;2;desert serpent
Galates 4:27;SKN;53-0508;9;2;cris travail
Luc 1:17;SKN;53-0508;16;2;pensee peres
Esaie 27:12;SKN;53-0508;18;2;leternel rassembles
Malachie 4:5;SKN;53-0508;18;2;leternel vienne
Daniel 12:3;SKN;53-0508;26;2;enseigne justice
Apocalypse 19:21;SKN;53-0508;28;2;chair oiseaux
Esaie 27:12;SKN;53-0508;28;2;disrael leternel
Josue 10:12;SKN;53-0508;28;2;disrael leternel
Genese 2:7;SKN;53-0508;36;2;ame vivante
Matthieu 12:42;SKN;53-0508;38;2;entendre vint
Jean 14:12;SKN;53-0508;39;2;grandes men
Ephesiens 1:20;SKN;53-0508;42;2;dentre droite
Nombres 19:9;SKN;53-0508;44;2;camp disrael
1 Timothee 3:16;SKN;53-0508;46;2;piete preche
Ephesiens 1:5;SKN;53-0508;46;2;ayant plaisir
Ephesiens 1:13;SKN;53-0508;47;2;ayant levangile
Jean 5:14;SKN;53-0508;47;2;gueri temple
Ephesiens 1:13-14;SKN;53-0508;47;2;ayant levangile
Apocalypse 6:12;SKN;53-0508;52;2;noir sac
Jean 14:9;SKN;53-0508;73;3;connu mas philippe
Genese 1:11;SKN;53-0508;79;2;espece portant
Genese 3:16;SKN;53-0508;80;2;mari tes
Apocalypse 6:11;SKN;53-0508;83;2;blanche robe
Jean 5:14;SKN;53-0508;84;2;gueri peur
Hebreux 12:25;SKN;53-0508;87;2;garde nont
Apocalypse 19:11;SKN;53-0509;3;2;appele vis
Luc 16:16;SKN;53-0509;5;2;annonce prophetes
Apocalypse 19:21;SKN;53-0509;7;2;lepee tue
Luc 21:24;SKN;53-0509;7;2;lepee nations
Deuteronome 18:15;SKN;53-0509;12;2;leternel tes
Genese 3:8;SKN;53-0509;12;2;leternel voix
Zacharie 14:7;SKN;53-0509;12;2;leternel nuit
Matthieu 11:10;SKN;53-0509;12;2;chemin jenvoie
Marc 9:7;SKN;53-0509;12;2;nuee voix
Apocalypse 1:1;SKN;53-0509;12;2;ange arriver
Psaumes 16:8;SKN;53-0509;12;2;leternel serai
Psaumes 42:7;SKN;53-0509;12;2;tes voix
Apocalypse 3:14;SKN;53-0509;13;2;commencement lange
Hebreux 6:1;SKN;53-0509;13;2;commencement laissant
Apocalypse 3:14;SKN;53-0509;14;2;commencement creation
Apocalypse 21:23;SKN;53-0509;16;2;lune soleil
Josue 10:12;SKN;53-0509;16;2;lune soleil
1 Timothee 3:16;SKN;53-0509;19;2;chair manifeste
Genese 3:8;SKN;53-0509;23;2;jardin voix
Apocalypse 17:3;SKN;53-0509;23;2;desert sept
Genese 3:1;SKN;53-0509;23;2;jardin serpent
Jean 3:14;SKN;53-0509;23;2;desert serpent
Apocalypse 6:1;SKN;53-0509;23;2;sept voix
Genese 3:8;SKN;53-0509;25;2;arbres jardin
Jean 5:24;SKN;53-0509;26;2;croit envoye
Ephesiens 1:5;SKN;53-0509;27;2;ayant predestines
Actes 2:24;SKN;53-0509;27;2;ayant possible
Hebreux 6:1;SKN;53-0509;28;2;faits fondement
Genese 22:14;SKN;53-0509;33;3;jehovah jire pourvu
Marc 13:27;SKN;53-0509;53;2;bout jusquau
Genese 2:18-21;SKN;53-0509;68;2;aide ferai
Esaie 14:12;SKN;53-0509;69;2;cieux tombe
Nombres 12:6;SKN;53-0509;72;2;connaitre vision
Ephesiens 2:12;SKN;53-0509;72;2;etant etiez
Matthieu 25:46;SKN;53-0509;75;2;eternelle sen
Jeremie 8:22;SKN;53-0509;80;2;fille medecin
Apocalypse 6:1;SKN;53-0509;80;2;sept viens
Jacques 5:14;SKN;53-0509;83;2;lassemblee malade
Esaie 50:6;SKN;53-0509;83;2;face nai
Apocalypse 13:14;SKN;53-0510;2;2;fut miracles
Hebreux 12:24;SKN;53-0510;2;2;mieux nouvelle
Apocalypse 6:3;SKN;53-0510;2;2;lorsquil second
Apocalypse 6:12;SKN;53-0510;2;2;fit lorsquil
Genese 14:18;SKN;53-0510;2;3;fit roi vin
Luc 24:49;SKN;53-0510;3;2;den revetus
Deuteronome 18:15;SKN;53-0510;3;2;dentre tes
Romains 8:11;SKN;53-0510;3;2;dentre ressuscite
Matthieu 11:10;SKN;53-0510;3;2;ecrit lequel
Jean 12:24;SKN;53-0510;3;2;demeure meure
Actes 2:24;SKN;53-0510;3;2;lequel ressuscite
Romains 8:11;SKN;53-0510;6;2;dentre ressuscite
Jean 14:9;SKN;53-0510;6;2;connu montre
Esaie 28:19;SKN;53-0510;7;2;den nuit
Apocalypse 17:3;SKN;53-0510;9;2;pleine tetes
Romains 8:11;SKN;53-0510;12;2;dentre ressuscite
Actes 15:14;SKN;53-0510;22;2;nations raconte
Esaie 50:6;SKN;53-0510;22;2;dos nai
Apocalypse 6:11;SKN;53-0510;26;2;longue robe
Luc 7:36;SKN;53-0510;26;2;manger table
Deuteronome 18:15;SKN;53-0510;33;2;dentre tes
Jean 5:14;SKN;53-0510;33;2;gueri peur
Amos 3:7;SKN;53-0510;36;3;prophetes revele secret
Genese 2:7;SKN;53-0510;38;3;ame leternel vivante
Malachie 4:5;SKN;53-0510;38;2;elie leternel
Luc 16:16;SKN;53-0511;4;2;loi prophetes
Matthieu 11:10;SKN;53-0511;4;2;ecrit lequel
Marc 11:21;SKN;53-0511;4;2;figuier rabbi
Actes 2:4;SKN;53-0511;5;2;dautres selon
Jean 3:14;SKN;53-0511;5;3;desert eleve serpent
Esaie 61:1;SKN;53-0511;6;2;captifs envoye
Jean 3:14;SKN;53-0511;6;2;eleve serpent
Esaie 53:9;SKN;53-0511;10;2;aucune fraude
Marc 11:21;SKN;53-0511;11;2;figuier rabbi
Jean 14:9;SKN;53-0511;11;2;connu mas
Apocalypse 1:7;SKN;53-0511;16;2;lont verra
Galates 4:27;SKN;53-0511;17;2;joie rejouis
Hebreux 9:11;SKN;53-0511;20;2;sacrificateur souverain
Esaie 53:5;SKN;53-0511;20;2;gueris meurtrissures
Deuteronome 18:22;SKN;53-0511;20;2;naura peur
Jean 5:14;SKN;53-0511;20;2;gueri peur
Hebreux 9:11-14;SKN;53-0511;20;2;sacrificateur souverain
Hebreux 4:15;SKN;53-0511;20;2;sacrificateur souverain
Jean 15:7;SKN;53-0511;21;3;demanderez demeurez voudrez
Hebreux 4:15;SKN;53-0511;23;2;sacrificateur souverain
Hebreux 10:26;SKN;53-0511;24;2;peches sacrifice
Esaie 53:5;SKN;53-0511;24;3;blesse gueris meurtrissures
Hebreux 4:15;SKN;53-0511;24;2;sacrificateur souverain
Hebreux 3:1;SKN;53-0511;25;3;confession sacrificateur souverain
Hebreux 4:15;SKN;53-0511;25;2;sacrificateur souverain
Deuteronome 18:15;SKN;53-0511;26;2;leternel tes
Genese 2:7;SKN;53-0511;26;2;ame leternel
Hebreux 1:1;SKN;53-0511;31;2;plusieurs reprises
Jeremie 8:22;SKN;53-0511;32;2;appareil medecin
Genese 1:26;SKN;53-0511;34;2;cieux selon
Psaumes 103:3;SKN;53-0511;34;2;guerit tes
Apocalypse 6:11;SKN;53-0511;39;2;blanche robe
Daniel 7:9;SKN;53-0512;3;2;cheveux vis
Apocalypse 6:1;SKN;53-0512;3;2;viens vis
Jean 12:24;SKN;53-0512;5;2;ble grain
Jean 12:24;SKN;53-0512;9;2;ble grain
Jean 3:16;SKN;53-0512;10;2;croit eternelle
Nombres 12:6;SKN;53-0512;11;2;leternel paroles
Josue 10:12;SKN;53-0512;11;2;leternel parla
Psaumes 103:3;SKN;53-0512;12;2;pardonne tes
Genese 1:11;SKN;53-0512;12;2;selon semence
Esaie 27:12;SKN;53-0512;14;2;degypte disrael
Matthieu 11:25;SKN;53-0512;18;3;cache intelligents sages
Apocalypse 17:3;SKN;53-0512;22;2;noms sept
Esaie 9:6;SKN;53-0512;26;2;fort prince
Hebreux 1:1;SKN;53-0512;26;2;plusieurs prophetes
Matthieu 11:10;SKN;53-0512;28;2;chemin jenvoie
Esaie 32:2;SKN;53-0512;29;2;rocher sec
Esaie 32:2;SKN;53-0512;30;2;rocher sec
Apocalypse 19:11;SKN;53-0512;33;2;appele justice
Apocalypse 6:6;SKN;53-0512;44;2;mesure voix
Hebreux 12:25;SKN;53-0512;55;2;cieux nont
Malachie 4:5;SKN;53-0512;58;2;envoie vienne
Apocalypse 17:3;SKN;53-0512;60;2;assise sept
Marc 11:23;SKN;53-0513;3;2;aura mer
Jean 14:12;SKN;53-0513;5;2;grandes men
Hebreux 13:10;SKN;53-0513;5;2;nont servent
Genese 4:1;SKN;53-0513;5;2;acquis cain
Apocalypse 21:19;SKN;53-0513;6;2;precieuse premier
Apocalypse 19:11;SKN;53-0513;8;2;blanc cheval
Esaie 61:1;SKN;53-0513;9;2;apporter envoye
Esaie 28:19;SKN;53-0513;10;2;entendre nuit
Esaie 50:6;SKN;53-0513;10;2;face joues
Apocalypse 22:19;SKN;53-0513;16;2;cite prophetie
Psaumes 103:3;SKN;53-0513;17;2;infirmites iniquites
Jean 14:7;SKN;53-0513;18;2;connu lavez
Jacques 5:14;SKN;53-0513;23;2;dhuile malade
Genese 3:8;SKN;53-0513;26;2;frais milieu
Genese 22:14;SKN;53-0513;30;2;montagne pourvu
Genese 22:14;SKN;53-0513;31;2;jehovah montagne
Apocalypse 21:19;SKN;53-0513;31;2;jaspe premier
Hebreux 1:1;SKN;53-0513;32;2;plusieurs reprises
Jean 5:14;SKN;53-0513;33;2;gueri peur
Josue 10:12;SKN;53-0513;37;2;arrete soleil
Matthieu 19:28;SKN;53-0513;39;2;disrael douze
Jean 3:14;SKN;53-0513;39;3;desert eleve serpent
Jean 3:14;SKN;53-0513;40;3;eleva eleve serpent
Marc 11:21;SKN;53-0513;42;2;figuier setait
Esaie 53:9;SKN;53-0513;42;2;bouche navait
Genese 2:7;SKN;53-0513;43;2;leternel sol
Genese 22:14;SKN;53-0513;43;2;leternel pourvu
Deuteronome 18:22;SKN;53-0513;43;2;leternel peur
Jean 5:14;SKN;53-0513;43;2;peur temple
Actes 2:38;SKN;53-0513;44;2;don peches
Esaie 53:5;SKN;53-0513;44;3;blesse gueris meurtrissures
Genese 3:16;SKN;53-0531;1;2;grandes souffrances
Luc 16:16;SKN;53-0531;4;2;loi prophetes
Matthieu 11:10;SKN;53-0531;4;2;ecrit lequel
Marc 11:21;SKN;53-0531;4;2;figuier rabbi
Galates 1:8;SKN;53-0531;5;2;ange memes
Galates 4:27;SKN;53-0531;5;2;ecrit nes
Jean 12:24;SKN;53-0531;6;2;ble grain
Apocalypse 19:21;SKN;53-0531;12;2;bouche chair
Apocalypse 3:21;SKN;53-0531;13;2;vaincra vaincu
Jean 14:9;SKN;53-0531;19;3;connu mas philippe
Hebreux 13:10;SKN;53-0531;20;2;droit manger
Apocalypse 17:15;SKN;53-0531;20;2;eaux prostituee
Hebreux 11:1;SKN;53-0531;23;2;celles voit
Jean 15:7;SKN;53-0531;23;2;demeurez voudrez
Apocalypse 1:7;SKN;53-0531;23;2;lont verra
Ephesiens 1:20;SKN;53-0531;24;2;asseoir droite
Genese 1:11;SKN;53-0531;25;2;portant selon
Esaie 53:9;SKN;53-0531;25;2;aucune navait
Esaie 53:5;SKN;53-0531;28;2;gueris meurtrissures
Hebreux 10:14;SKN;53-0531;30;2;rendu sanctifies
Marc 11:23;SKN;53-0531;32;2;aura croira
Jean 14:9;SKN;53-0531;37;2;connu philippe
Jean 14:12;SKN;53-0531;41;2;celles grandes
Ephesiens 2:12;SKN;53-0531;43;2;droit etant
Esaie 28:18;SKN;53-0531;43;2;passera serez
Matthieu 19:28;SKN;53-0531;43;2;mavez serez
Nombres 12:6;SKN;53-0531;44;2;connaitre parlerai
Matthieu 19:28;SKN;53-0531;51;2;douze mavez
Esaie 27:12;SKN;53-0600;1;2;arrivera serez
Zacharie 11:12;SKN;53-0600;1;2;laissez sinon
Hebreux 12:25;SKN;53-0600;1;2;nont prenez
Psaumes 35:11;SKN;53-0601;2;2;connues nai
Deuteronome 18:15;SKN;53-0601;3;2;dentre tes
Hebreux 6:1;SKN;53-0601;4;2;letat mortes
Genese 22:14;SKN;53-0601;6;2;jehovah jire
Genese 1:11;SKN;53-0601;11;3;espece selon semence
Galates 3:29;SKN;53-0601;11;2;selon semence
Hebreux 4:15;SKN;53-0601;11;2;sacrificateur souverain
Ephesiens 1:13;SKN;53-0601;12;2;cru salut
Ephesiens 2:12;SKN;53-0601;12;2;droit etant
Esaie 53:5;SKN;53-0601;12;3;blesse gueris meurtrissures
Hebreux 4:15;SKN;53-0601;12;2;sacrificateur souverain
Ephesiens 1:13-14;SKN;53-0601;12;2;cru salut
Hebreux 11:1;SKN;53-0601;13;3;celles espere voit
Ephesiens 1:13;SKN;53-0601;13;2;espere salut
Ephesiens 1:13-14;SKN;53-0601;13;2;espere salut
Psaumes 41:9;SKN;53-0601;16;3;ami leve pain
Esaie 14:12;SKN;53-0601;17;2;nations tombe
Luc 16:16;SKN;53-0601;18;2;prophetes royaume
Esaie 50:6;SKN;53-0601;22;2;dos nai
Galates 1:8;SKN;53-0601;23;2;ange memes
Nombres 12:6;SKN;53-0601;23;2;connaitre vision
Amos 3:7;SKN;53-0601;26;2;revele secret
Apocalypse 17:8;SKN;53-0601;30;2;ecrits noms
Esaie 9:6;SKN;53-0601;32;2;fort merveilleux
Ephesiens 2:12;SKN;53-0601;33;2;droit etant
Matthieu 19:28;SKN;53-0601;35;2;mavez serez
Jeremie 8:22;SKN;53-0601;39;2;fille medecin
Jean 14:12;SKN;53-0602;5;3;croit grandes uvres
Jean 5:24;SKN;53-0602;5;2;croit envoye
Actes 2:38;SKN;53-0602;5;2;don peches
Jean 3:16;SKN;53-0602;5;2;croit quiconque
Psaumes 103:3;SKN;53-0602;5;3;guerit pardonne tes
Jean 14:7;SKN;53-0602;5;2;connaissez connu
Deuteronome 18:15;SKN;53-0602;5;2;milieu tes
Hebreux 1:1;SKN;53-0602;5;2;autrefois plusieurs
Hebreux 13:12;SKN;53-0602;5;3;propre sanctifie souffert
Amos 3:7;SKN;53-0602;5;2;revele serviteurs
Hebreux 10:26;SKN;53-0602;5;2;connaissance peches
Hebreux 6:4;SKN;53-0602;5;2;celeste don
Apocalypse 22:19;SKN;53-0602;5;2;ecrits paroles
Psaumes 16:10;SKN;53-0602;5;2;ame voie
Genese 1:11;SKN;53-0602;5;3;espece portant semence
Esaie 14:12;SKN;53-0602;5;3;cieux nations tombe
Apocalypse 13:14;SKN;53-0602;5;2;fut miracles
Apocalypse 17:15;SKN;53-0602;5;3;assise langues nations
Hebreux 11:1;SKN;53-0602;5;2;espere voit
Ephesiens 1:13;SKN;53-0602;5;3;cru espere salut
Galates 3:16;SKN;53-0602;5;3;parlant plusieurs semence
Genese 3:8;SKN;53-0602;5;3;jardin milieu voix
Esaie 61:1;SKN;53-0602;5;3;apporter envoye nouvelles
Actes 15:14;SKN;53-0602;5;2;nations raconte
Ephesiens 2:12;SKN;53-0602;5;3;droit etant etiez
Esaie 53:5;SKN;53-0602;5;3;blesse gueris meurtrissures
Matthieu 11:10;SKN;53-0602;5;2;chemin lequel
Apocalypse 6:6;SKN;53-0602;5;3;mesure milieu voix
Apocalypse 6:11;SKN;53-0602;5;3;fut longue soient
Apocalypse 21:19;SKN;53-0602;5;2;precieuse premier
Genese 3:1;SKN;53-0602;5;2;jardin serpent
Zacharie 14:6;SKN;53-0602;5;2;arrivera seront
Matthieu 19:28;SKN;53-0602;5;3;douze serez suivi
Luc 21:24;SKN;53-0602;5;3;nations pieds seront
Matthieu 18:10;SKN;53-0602;5;2;cieux prenez
Genese 2:18-21;SKN;53-0602;5;2;aide ferai
Esaie 27:12;SKN;53-0602;5;2;arrivera serez
Esaie 50:6;SKN;53-0602;5;2;cache dos
Jean 5:14;SKN;53-0602;5;2;gueri peur
Joel 2:25;SKN;53-0602;5;3;annees armee milieu
Jean 3:21;SKN;53-0602;5;3;manifestees soient uvres
Genese 1:28;SKN;53-0602;5;2;cieux vivant
Hebreux 4:15;SKN;53-0602;5;2;sacrificateur souverain
Hebreux 12:25;SKN;53-0602;5;2;cieux prenez
Hebreux 6:1;SKN;53-0602;5;2;commencement uvres
Actes 2:24;SKN;53-0602;5;3;lequel possible ressuscite
Jean 3:14;SKN;53-0602;5;3;desert eleve serpent
Psaumes 42:7;SKN;53-0602;5;3;tes vagues voix
Jean 14:9;SKN;53-0602;5;2;connu montre
Apocalypse 6:1;SKN;53-0602;5;3;sept viens voix
Ephesiens 1:13-14;SKN;53-0602;5;3;cru espere salut
Genese 14:18;SKN;53-0602;5;2;apporter sacrificateur
Ephesiens 1:13;SKN;53-0603;1;2;cru levangile
Ephesiens 1:13-14;SKN;53-0603;1;2;cru levangile
Deuteronome 18:15;SKN;53-0603;2;2;leternel tes
Genese 3:8;SKN;53-0603;2;2;leternel voix
Zacharie 14:7;SKN;53-0603;2;2;leternel nuit
Matthieu 11:10;SKN;53-0603;2;2;chemin jenvoie
Marc 9:7;SKN;53-0603;2;2;nuee voix
Apocalypse 1:1;SKN;53-0603;2;2;ange arriver
Psaumes 16:8;SKN;53-0603;2;2;leternel serai
Psaumes 42:7;SKN;53-0603;2;2;tes voix
Zacharie 14:7;SKN;53-0603;4;2;aura connu
Zacharie 14:6;SKN;53-0603;4;2;aura seront
Apocalypse 3:14;SKN;53-0603;8;2;lange veritable
Matthieu 18:10;SKN;53-0603;8;2;anges prenez
Josue 10:12;SKN;53-0603;8;2;disrael lune
Apocalypse 1:20;SKN;53-0603;8;2;anges etoiles
Apocalypse 22:8;SKN;53-0603;9;2;lange rendre
Jean 14:12;SKN;53-0603;10;2;celles grandes
Genese 3:16;SKN;53-0603;10;2;grandes tes
Matthieu 11:10;SKN;53-0603;10;2;chemin jenvoie
Apocalypse 1:1;SKN;53-0603;10;2;ange arriver
Genese 22:14;SKN;53-0603;15;2;jehovah jire
Esaie 53:9;SKN;53-0603;17;2;aucune navait
Jean 14:7;SKN;53-0603;18;2;connaissez lavez
Apocalypse 1:1;SKN;53-0603;22;2;arriver doivent
Jean 12:14;SKN;53-0603;23;2;ecrit selon
Hebreux 12:25;SKN;53-0603;25;2;garde nont
Esaie 28:18;SKN;53-0603;26;2;serez subsistera
Jean 14:12;SKN;53-0603;32;2;grandes men
Hebreux 6:4;SKN;53-0603;32;2;celeste don
Genese 3:16;SKN;53-0603;32;2;grandes tes
Psaumes 42:7;SKN;53-0603;32;2;tes voix
Apocalypse 6:1;SKN;53-0603;32;2;viens voix
Jean 14:12;SKN;53-0603;33;2;celles grandes
Jean 14:9;SKN;53-0603;34;2;mas montre
Nombres 12:6;SKN;53-0603;43;3;connaitre leternel vision
Esaie 61:1;SKN;53-0603;43;2;envoye leternel
Genese 2:18-21;SKN;53-0603;43;2;aide leternel
Genese 1:11;SKN;53-0603;46;2;espece selon
Matthieu 11:10;SKN;53-0603;46;3;ecrit jenvoie lequel
Jean 12:14;SKN;53-0603;46;2;ecrit selon
Galates 1:8;SKN;53-0603;47;2;ange memes
Jean 3:14;SKN;53-0603;48;3;desert eleve serpent
Psaumes 103:3;SKN;53-0604;1;2;pardonne tes
Jean 5:24;SKN;53-0604;4;3;croit envoye jugement
Marc 11:23;SKN;53-0604;6;2;aura mer
Zacharie 14:7;SKN;53-0604;8;2;aura nuit
Romains 8:11;SKN;53-0604;10;2;dentre ressuscite
Jean 5:14;SKN;53-0604;11;2;gueri temple
Romains 8:11;SKN;53-0604;12;2;dentre ressuscite
Apocalypse 6:11;SKN;53-0604;14;2;blanche fut
Jeremie 8:22;SKN;53-0604;15;2;fille medecin
Jean 14:7;SKN;53-0604;16;2;connu lavez
Daniel 7:9;SKN;53-0604;16;2;blanc lancien
Ephesiens 2:12;SKN;53-0604;18;2;droit etiez
Nombres 12:6;SKN;53-0604;20;2;ferai paroles
Jean 15:7;SKN;53-0604;20;2;demanderez paroles
Jeremie 8:22;SKN;53-0604;22;2;fille medecin
Esaie 50:6;SKN;53-0604;23;2;dos nai
Luc 7:36;SKN;53-0604;26;2;manger table
Esaie 60:1;SKN;53-0604;28;2;leve levee
Apocalypse 19:11;SKN;53-0604;28;2;juge ouvert
Deuteronome 18:15;SKN;53-0604;31;2;milieu tes
Luc 10:1;SKN;53-0604;31;2;lieux villes
Esaie 28:19;SKN;53-0604;35;2;nuit passera
Esaie 14:12;SKN;53-0604;39;2;cieux tombe
Psaumes 41:9;SKN;53-0604;42;2;mangeait pain
Luc 7:36;SKN;53-0604;42;2;manger table
Jean 14:12;SKN;53-0604;47;2;grandes men
Genese 3:16;SKN;53-0604;49;2;mari tes
Jean 5:24;SKN;53-0604;50;2;entend envoye
Apocalypse 6:12;SKN;53-0604;51;2;noir soleil
Matthieu 24:7;SKN;53-0605;2;2;divers royaume
Apocalypse 17:3;SKN;53-0605;6;2;desert sept
Psaumes 41:9;SKN;53-0605;8;2;ami intime
Esaie 28:19;SKN;53-0605;12;2;entendre passera
Esaie 61:1;SKN;53-0605;12;2;envoye nouvelles
Apocalypse 1:1;SKN;53-0605;19;2;arriver montrer
Esaie 53:9;SKN;53-0605;20;2;aucune navait
Apocalypse 21:19;SKN;53-0605;25;2;fondement premier
Hebreux 11:1;SKN;53-0605;29;3;celles espere voit
Apocalypse 1:1;SKN;53-0605;30;2;bientot montrer
Malachie 4:5;SKN;53-0605;30;2;envoie vienne
Marc 11:23;SKN;53-0605;34;2;dira mer
Esaie 53:5;SKN;53-0605;35;2;gueris meurtrissures
Apocalypse 22:8;SKN;53-0605;36;2;lange pieds
Romains 8:11;SKN;53-0605;37;2;dentre ressuscite
Romains 8:11;SKN;53-0605;38;2;dentre ressuscite
Ephesiens 1:13;SKN;53-0605;40;2;ayant cru
Ephesiens 1:13-14;SKN;53-0605;40;2;ayant cru
Romains 8:11;SKN;53-0605;41;2;dentre ressuscite
Deuteronome 18:15;SKN;53-0605;48;2;dentre tes
Romains 8:11;SKN;53-0605;48;2;dentre ressuscite
Apocalypse 17:3;SKN;53-0605;48;2;assise tetes
Ephesiens 2:12;SKN;53-0606;3;2;etant israel
Esaie 27:12;SKN;53-0606;3;2;degypte disrael
Nombres 19:9;SKN;53-0606;3;2;disrael hors
Matthieu 11:25;SKN;53-0606;6;3;cache intelligents sages
Amos 3:7;SKN;53-0606;7;2;leternel secret
Esaie 9:6;SKN;53-0606;9;2;fort prince
Matthieu 12:42;SKN;53-0606;9;2;levera vint
Apocalypse 22:8;SKN;53-0606;9;2;lange pieds
Esaie 53:9;SKN;53-0606;9;2;navait sepulcre
Hebreux 1:1;SKN;53-0606;10;2;plusieurs prophetes
Nombres 19:9;SKN;53-0606;11;2;camp disrael
Genese 1:26;SKN;53-0606;13;2;animal rampant
Genese 3:8;SKN;53-0606;13;2;jardin leternel
Matthieu 12:42;SKN;53-0606;13;3;jugement sagesse vint
Apocalypse 17:3;SKN;53-0606;13;2;bete desert
Genese 4:16;SKN;53-0606;13;2;deden leternel
Jean 3:14;SKN;53-0606;13;2;desert serpent
Josue 10:12;SKN;53-0606;13;2;leternel parla
Jean 3:14;SKN;53-0606;14;2;eleva serpent
Apocalypse 17:15;SKN;53-0606;20;2;foules prostituee
Apocalypse 19:21;SKN;53-0606;20;2;chair fut
Apocalypse 6:11;SKN;53-0606;20;2;fut robe
Jean 3:14;SKN;53-0606;20;3;eleva eleve serpent
Ephesiens 1:13;SKN;53-0606;24;2;levangile salut
Psaumes 41:9;SKN;53-0606;24;2;ami leve
Ephesiens 1:13-14;SKN;53-0606;24;2;levangile salut
Jean 3:16;SKN;53-0606;25;3;croit eternelle unique
Ephesiens 1:13;SKN;53-0606;25;2;cru levangile
Malachie 4:5;SKN;53-0606;25;2;envoie vienne
Ephesiens 1:13-14;SKN;53-0606;25;2;cru levangile
Apocalypse 17:3;SKN;53-0606;27;2;assise vis
Apocalypse 1:7;SKN;53-0606;28;2;lont verra
Romains 8:11;SKN;53-0606;29;2;dentre ressuscite
Esaie 53:5;SKN;53-0606;31;3;blesse gueris meurtrissures
Romains 8:11;SKN;53-0606;35;2;dentre ressuscite
Apocalypse 6:6;SKN;53-0606;38;2;mesure voix
Psaumes 42:7;SKN;53-0606;38;2;tes voix
Deuteronome 18:15;SKN;53-0606;40;2;leternel tes
Amos 3:7;SKN;53-0606;40;2;leternel serviteurs
Deuteronome 18:22;SKN;53-0606;40;2;leternel peur
Romains 8:11;SKN;53-0606;41;2;dentre ressuscite
Apocalypse 17:3;SKN;53-0606;42;2;assise blaspheme
Matthieu 11:25;SKN;53-0606;42;2;intelligents sages
Esaie 28:19;SKN;53-0606;50;2;entendre nuit
Apocalypse 13:8;SKN;53-0606;52;2;immole lagneau
Jacques 5:14;SKN;53-0606;53;2;lassemblee malade
Deuteronome 18:15;SKN;53-0607A;1;2;dentre milieu
Romains 8:11;SKN;53-0607A;1;2;dentre ressuscite
Esaie 61:1;SKN;53-0607A;1;3;apporter bonnes nouvelles
Apocalypse 19:21;SKN;53-0607A;7;3;bouche cheval sortait
Luc 10:1;SKN;53-0607A;7;2;devait face
Romains 8:11;SKN;53-0607A;10;2;dentre ressuscite
Jean 3:16;SKN;53-0607A;11;2;croit quiconque
Esaie 9:6;SKN;53-0607A;11;2;fort merveilleux
Luc 17:33;SKN;53-0607A;11;2;quiconque sauver
Matthieu 12:42;SKN;53-0607A;12;3;entendre jugement midi
Genese 6:4;SKN;53-0607A;12;2;filles quelles
Esaie 28:19;SKN;53-0607A;14;2;entendre prendra
Matthieu 12:42;SKN;53-0607A;14;2;entendre midi
Marc 16:1;SKN;53-0607A;16;2;etant marie
Jean 5:24;SKN;53-0607A;17;2;croit jugement
Genese 3:8;SKN;53-0607A;19;2;milieu voix
Apocalypse 6:6;SKN;53-0607A;19;2;milieu voix
Apocalypse 17:3;SKN;53-0607A;19;2;desert sept
Apocalypse 6:1;SKN;53-0607A;19;3;sept viens voix
Zacharie 14:6;SKN;53-0607A;20;2;arrivera seront
Genese 1:26;SKN;53-0607A;21;2;cieux mer
Marc 11:23;SKN;53-0607A;21;2;jette mer
Apocalypse 3:14;SKN;53-0607A;21;2;fidele lange
Genese 1:28;SKN;53-0607A;21;2;cieux mer
Psaumes 16:8;SKN;53-0607A;21;2;droite leternel
Apocalypse 1:20;SKN;53-0607A;21;2;anges droite
Matthieu 1:23;SKN;53-0607A;37;2;enceinte vierge
Genese 2:7;SKN;53-0607A;41;2;ame poussiere
Galates 4:27;SKN;53-0607A;43;2;cris joie
Genese 1:28;SKN;53-0607A;44;2;mer vivant
Hebreux 6:4;SKN;53-0607A;45;2;celeste goute
Jacques 5:14;SKN;53-0607A;47;2;anciens malade
Josue 10:12;SKN;53-0607A;55;2;disrael lune
Amos 3:7;SKN;53-0607A;56;2;leternel serviteurs
Genese 2:18-21;SKN;53-0607A;56;2;ferai leternel
Esaie 27:12;SKN;53-0607A;56;2;arrivera leternel
Genese 6:4;SKN;53-0607A;56;2;eurent filles
Luc 21:24;SKN;53-0607A;60;2;jerusalem pieds
Amos 3:7;SKN;53-0607A;63;2;prophetes revele
Matthieu 11:25;SKN;53-0607A;63;2;cache repondit
Amos 3:7;SKN;53-0607A;64;3;leternel revele secret
Malachie 4:5;SKN;53-0607A;64;2;elie leternel
Jean 3:16;SKN;53-0607A;67;2;croit quiconque
Jean 3:16;SKN;53-0607A;68;2;croit quiconque
Genese 1:26;SKN;53-0607A;71;2;mer poissons
Marc 11:23;SKN;53-0607A;71;2;mer montagne
Genese 1:28;SKN;53-0607A;71;2;mer poissons
Zacharie 14:7;SKN;53-0607E;2;2;aura connu
Jean 5:24;SKN;53-0607E;4;2;envoye jugement
Actes 2:4;SKN;53-0607E;4;2;dautres selon
Ephesiens 1:5;SKN;53-0607E;4;2;selon volonte
Genese 3:8;SKN;53-0607E;4;2;milieu voix
Apocalypse 6:6;SKN;53-0607E;4;2;milieu voix
Jean 14:7;SKN;53-0607E;5;2;auriez connu
Hebreux 10:26;SKN;53-0607E;8;2;peches sacrifice
Ephesiens 1:13;SKN;53-0607E;8;2;auquel salut
Esaie 53:5;SKN;53-0607E;8;3;blesse gueris meurtrissures
Ephesiens 1:13-14;SKN;53-0607E;8;2;auquel salut
Apocalypse 6:11;SKN;53-0607E;9;2;blanche longue
Jean 5:14;SKN;53-0607E;9;2;peur temple
Esaie 53:9;SKN;53-0607E;10;2;bouche navait
Psaumes 22:7;SKN;53-0607E;10;2;bouche moquent
Apocalypse 6:11;SKN;53-0607E;15;2;blanche longue
Esaie 60:1;SKN;53-0607E;15;2;leternel leve
Esaie 27:12;SKN;53-0607E;15;2;jusquau leternel
Josue 10:12;SKN;53-0607E;15;2;arrete leternel
Marc 13:27;SKN;53-0607E;15;2;bout jusquau
Apocalypse 2:20;SKN;53-0607E;17;2;enseigne prophetesse
Hebreux 13:10;SKN;53-0607E;19;2;manger nont
Matthieu 12:42;SKN;53-0607E;19;2;jugement midi
Genese 3:1;SKN;53-0607E;19;2;arbre champs
Apocalypse 19:21;SKN;53-0607E;23;2;bouche sortait
Matthieu 18:10;SKN;53-0607E;23;2;garde prenez
Hebreux 12:25;SKN;53-0607E;23;2;garde prenez
Deuteronome 18:15;SKN;53-0607E;24;2;dentre tes
Psaumes 42:7;SKN;53-0607E;24;2;tes voix
Jean 14:9;SKN;53-0607E;24;2;mas montre
Jeremie 8:22;SKN;53-0607E;27;2;appareil fille
Jeremie 8:22;SKN;53-0607E;30;2;appareil fille
Luc 21:24;SKN;53-0607E;31;2;nations pieds
Jean 14:12;SKN;53-0607E;32;2;grandes men
Hebreux 3:1;SKN;53-0607E;32;2;celeste lappel
Genese 3:16;SKN;53-0607E;32;2;grandes tes
Malachie 4:5;SKN;53-0607E;32;2;envoie vienne
Amos 3:7;SKN;53-0607E;35;2;prophetes serviteurs
Hebreux 12:25;SKN;53-0607E;36;2;garde parlait
Matthieu 12:42;SKN;53-0607E;37;2;entendre midi
Apocalypse 6:11;SKN;53-0607E;40;2;longue soient
Genese 1:11;SKN;53-0607E;46;2;espece portant
Jean 3:21;SKN;53-0608A;6;2;quelles soient
Deuteronome 18:15;SKN;53-0608A;12;2;leternel tes
Genese 2:7;SKN;53-0608A;12;2;ame leternel
Matthieu 12:42;SKN;53-0608A;14;2;midi sagesse
Jean 5:24;SKN;53-0608A;20;3;croit envoye eternelle
Jean 3:16;SKN;53-0608A;20;3;croit eternelle quiconque
Jean 3:16;SKN;53-0608A;24;2;croit eternelle
Hebreux 6:1;SKN;53-0608A;27;2;commencement faits
Genese 2:7;SKN;53-0608A;28;2;poussiere sol
Hebreux 13:10;SKN;53-0608A;31;2;droit manger
Jean 12:24;SKN;53-0608A;39;2;ble grain
Colossiens 1:15;SKN;53-0608A;44;2;invisible premier
Genese 1:11;SKN;53-0608A;45;2;espece selon
Hebreux 13:12;SKN;53-0608A;57;2;propre sanctifie
Psaumes 103:3;SKN;53-0608A;74;3;guerit pardonne tes
Deuteronome 18:15;SKN;53-0608A;74;2;leternel tes
Apocalypse 17:8;SKN;53-0608A;78;2;monter vue
Apocalypse 19:21;SKN;53-0608A;79;2;chair tue
Psaumes 103:3;SKN;53-0608A;107;2;pardonne tes
Genese 6:4;SKN;53-0608A;107;2;quelles venus
Hebreux 12:24;SKN;53-0608E;1;2;mieux nouvelle
Hebreux 12:24;SKN;53-0608E;2;2;mieux nouvelle
Genese 3:8;SKN;53-0608E;7;2;milieu voix
Apocalypse 6:6;SKN;53-0608E;7;2;milieu voix
Hebreux 10:14;SKN;53-0608E;7;2;offrande rendu
Apocalypse 17:3;SKN;53-0608E;8;2;assise ayant
Apocalypse 6:12;SKN;53-0608E;8;2;fit ouvrit
Esaie 28:19;SKN;53-0608E;10;2;entendre nuit
Apocalypse 17:3;SKN;53-0608E;10;2;ayant pleine
Zacharie 14:6;SKN;53-0608E;14;2;arrivera seront
Luc 21:24;SKN;53-0608E;14;2;pieds seront
Luc 7:36;SKN;53-0608E;14;2;mit table
Genese 1:26;SKN;53-0608E;18;2;mer poissons
Marc 11:23;SKN;53-0608E;18;2;jette mer
Esaie 28:19;SKN;53-0608E;18;2;entendre nuit
Genese 1:28;SKN;53-0608E;18;2;mer poissons
Apocalypse 6:11;SKN;53-0608E;24;2;blanche longue
Apocalypse 17:3;SKN;53-0608E;24;2;assise desert
Apocalypse 6:11;SKN;53-0608E;25;2;blanche longue
Genese 14:18;SKN;53-0608E;30;2;fit roi
Matthieu 18:10;SKN;53-0608E;31;2;cieux prenez
Hebreux 12:25;SKN;53-0608E;31;2;cieux prenez
Genese 3:16;SKN;53-0608E;32;2;grandes tes
Esaie 28:19;SKN;53-0608E;33;2;entendre nuit
Apocalypse 13:14;SKN;53-0608E;37;2;fut miracles
Luc 21:24;SKN;53-0608E;37;2;jerusalem seront
Apocalypse 1:1;SKN;53-0609A;23;2;ange arriver
Actes 2:4;SKN;53-0609A;25;2;dautres langues
Galates 1:8;SKN;53-0609A;29;2;anatheme ange
Apocalypse 19:11;SKN;53-0609A;44;2;blanc veritable
Luc 16:16;SKN;53-0609A;50;2;annonce loi
Apocalypse 19:11;SKN;53-0609A;59;2;appele juge
Genese 1:11;SKN;53-0609A;63;2;lherbe plante
Jean 3:16;SKN;53-0609A;67;2;croit eternelle
Esaie 32:2;SKN;53-0609A;68;2;aura vent
Apocalypse 1:1;SKN;53-0609A;71;2;donnee revelation
Deuteronome 18:15;SKN;53-0609A;93;3;dentre leternel tes
Amos 3:7;SKN;53-0609A;93;2;leternel serviteurs
Genese 2:7;SKN;53-0609A;93;2;ame leternel
Zacharie 14:7;SKN;53-0609A;93;2;leternel nuit
Genese 4:1;SKN;53-0609A;93;2;connut leternel
Genese 2:18-21;SKN;53-0609A;93;2;ferai leternel
Josue 10:12;SKN;53-0609A;93;2;leternel parla
Esaie 9:5;SKN;53-0609A;93;2;guerre manteau
Luc 16:16;SKN;53-0609A;96;2;prophetes royaume
Apocalypse 21:19;SKN;53-0609A;97;2;premier troisieme
Apocalypse 1:1;SKN;53-0609A;104;2;donnee revelation
Apocalypse 19:11;SKN;53-0609A;105;2;blanc cheval
Genese 1:26;SKN;53-0609A;134;2;faisons selon
Esaie 28:19;SKN;53-0609A;159;2;den entendre
Esaie 50:6;SKN;53-0609A;163;2;face nai
Psaumes 16:10;SKN;53-0609A;201;3;ame corruption voie
Apocalypse 1:7;SKN;53-0609A;201;2;lont verra
Luc 16:16;SKN;53-0609A;202;2;annonce prophetes
Apocalypse 1:20;SKN;53-0609A;211;2;droite etoiles
Matthieu 12:42;SKN;53-0609A;233;2;jugement midi
Jeremie 8:22;SKN;53-0609E;4;2;fille medecin
Apocalypse 17:3;SKN;53-0609E;5;2;assise sept
Apocalypse 1:20;SKN;53-0609E;5;2;droite sept
Amos 3:7;SKN;53-0609E;8;3;leternel prophetes serviteurs
Esaie 32:2;SKN;53-0609E;8;2;deau vent
Genese 3:8;SKN;53-0609E;8;2;arbres leternel
Genese 3:1;SKN;53-0609E;8;2;champs leternel
Esaie 27:12;SKN;53-0609E;8;2;disrael leternel
Actes 2:24;SKN;53-0609E;8;2;delie possible
Josue 10:12;SKN;53-0609E;8;2;disrael leternel
Hebreux 1:1;SKN;53-0609E;9;2;autrefois prophetes
Zacharie 11:12;SKN;53-0609E;12;2;laissez pieces
Apocalypse 19:11;SKN;53-0609E;13;2;blanc veritable
Apocalypse 5:9;SKN;53-0609E;14;2;den nation
Daniel 7:9;SKN;53-0609E;18;2;cheveux places
Apocalypse 17:3;SKN;53-0609E;22;2;desert sept
Amos 3:7;SKN;53-0609E;23;2;leternel serviteurs
Amos 3:7;SKN;53-0609E;25;2;leternel prophetes
Genese 2:7;SKN;53-0609E;25;2;ame leternel
Malachie 4:5;SKN;53-0609E;25;2;elie leternel
Amos 3:7;SKN;53-0609E;26;2;leternel prophetes
Genese 2:7;SKN;53-0609E;26;2;ame leternel
Malachie 4:5;SKN;53-0609E;26;2;elie leternel
Nombres 19:9;SKN;53-0609E;27;2;camp disrael
Jacques 5:14;SKN;53-0609E;28;2;dhuile malade
Apocalypse 1:10;SKN;53-0609E;28;2;journee trompette
Josue 10:12;SKN;53-0609E;31;2;disrael josue
Apocalypse 21:19;SKN;53-0609E;32;2;premier troisieme
Luc 16:16;SKN;53-0609E;33;2;loi use
Luc 1:17;SKN;53-0609E;34;2;delie pensee
Luc 24:49;SKN;53-0609E;35;2;den revetus
Esaie 27:12;SKN;53-0609E;35;2;jusquau rassembles
Esaie 32:2;SKN;53-0609E;38;3;aura deau vent
Zacharie 14:7;SKN;53-0609E;38;2;aura leternel
Jean 3:16;SKN;53-0609E;39;3;perisse quiconque unique
Esaie 32:2;SKN;53-0609E;39;2;deau rocher
Nombres 19:9;SKN;53-0609E;39;2;disrael eau
Romains 8:11;SKN;53-0610;15;2;dentre ressuscite
Ephesiens 2:12;SKN;53-0610;30;2;etant nayant
Romains 8:11;SKN;53-0610;31;2;dentre ressuscite
Marc 11:23;SKN;53-0610;87;2;aura croira
Ephesiens 2:12;SKN;53-0610;87;2;droit etant
Apocalypse 6:6;SKN;53-0610;87;2;mesure voix
Apocalypse 22:8;SKN;53-0610;87;2;lange pieds
Matthieu 24:7;SKN;53-0610;87;2;aura royaume
Jean 5:14;SKN;53-0610;87;2;gueri peur
Luc 1:17;SKN;53-0610;87;2;pensee retourner
Apocalypse 21:19;SKN;53-0611;2;2;premier troisieme
Apocalypse 19:11;SKN;53-0611;6;2;appele blanc
Hebreux 13:10;SKN;53-0611;7;2;manger nont
Apocalypse 6:12;SKN;53-0611;7;2;noir sac
Esaie 60:1;SKN;53-0611;8;2;leve levee
Ephesiens 1:13;SKN;53-0611;11;2;auquel levangile
Ephesiens 1:13-14;SKN;53-0611;11;2;auquel levangile
Jean 5:24;SKN;53-0611;12;2;eternelle jugement
Jean 14:7;SKN;53-0611;12;2;connaissez lavez
Luc 1:17;SKN;53-0611;12;2;preparer retourner
Jean 14:9;SKN;53-0611;12;2;montre philippe
Jean 14:9;SKN;53-0611;15;2;montre philippe
Romains 8:11;SKN;53-0611;19;2;dentre ressuscite
Jean 3:21;SKN;53-0611;19;2;quelles soient
Apocalypse 6:11;SKN;53-0611;28;2;blanche longue
Genese 3:8;SKN;53-0611;30;2;arbres milieu
Apocalypse 21:19;SKN;53-0611;34;2;jaspe premier
Genese 2:7;SKN;53-0611;36;2;ame vivante
Josue 10:12;SKN;53-0611;36;2;arrete soleil
Genese 3:1;SKN;53-0611;37;2;animal arbre
Genese 3:1;SKN;53-0611;38;2;animal arbre
Esaie 28:19;SKN;53-0611;45;2;entendre nuit
Hebreux 12:25;SKN;53-0611;46;2;garde parlait
Genese 1:26;SKN;53-0611;47;2;oiseaux poissons
Genese 1:28;SKN;53-0611;47;3;meut oiseaux poissons
Genese 3:16;SKN;53-0611;48;2;grandes tourne
Matthieu 18:10;SKN;53-0611;48;2;face garde
Genese 1:28;SKN;53-0611;48;2;mer meut
Jean 12:24;SKN;53-0611;51;2;ble grain
Galates 4:27;SKN;53-0611;53;2;joie nes
Hebreux 12:24;SKN;53-0611;64;2;mieux nouvelle
Esaie 53:9;SKN;53-0611;68;2;aucune donna
Apocalypse 19:21;SKN;53-0611;69;2;chair oiseaux
Deuteronome 18:15;SKN;53-0611;70;2;leternel tes
Genese 2:18-21;SKN;53-0611;70;2;ferai leternel
Esaie 27:12;SKN;53-0611;70;2;disrael leternel
Josue 10:12;SKN;53-0611;70;2;disrael leternel
Apocalypse 3:14;SKN;53-0611;72;2;commencement creation
Apocalypse 6:12;SKN;53-0611;75;2;fit soleil
Marc 11:21;SKN;53-0611;77;2;figuier setait
Genese 3:16;SKN;53-0611;78;2;mari tes
Marc 9:7;SKN;53-0611;78;2;vint voix
Esaie 50:6;SKN;53-0611;78;2;dos face
Psaumes 42:7;SKN;53-0611;78;2;tes voix
Genese 3:1;SKN;53-0611;79;2;jardin serpent
Romains 8:11;SKN;53-0611;81;2;habite ressuscite
Actes 2:4;SKN;53-0611;84;2;langues remplis
Esaie 27:12;SKN;53-0611;88;2;jusquau serez
Marc 13:27;SKN;53-0611;88;2;bout jusquau
Jacques 5:14;SKN;53-0611;91;2;dhuile malade
Apocalypse 13:14;SKN;53-0611;91;2;fut miracles
Jeremie 8:22;SKN;53-0611;91;2;fille medecin
Hebreux 1:1;SKN;53-0611;95;2;ayant peres
Ephesiens 1:5;SKN;53-0611;95;2;ayant selon
Apocalypse 11:3;SKN;53-0611;95;2;temoins vetus
Luc 1:17;SKN;53-0611;95;2;dispose peres
Jean 12:14;SKN;53-0611;95;2;ayant selon
Apocalypse 17:8;SKN;53-0611;98;2;monter voyant
Galates 1:8;SKN;53-0611;100;2;ange memes
Romains 8:11;SKN;53-0611;100;2;dentre ressuscite
Psaumes 16:10;SKN;53-0611;100;2;ame voie
Genese 6:4;SKN;53-0611;100;2;filles quelles
Actes 2:38;SKN;53-0611;110;2;peches repentez
Galates 1:8;SKN;53-0612;1;2;memes outre
Genese 1:26;SKN;53-0612;1;2;faisons mer
Hebreux 13:10;SKN;53-0612;1;2;droit tabernacle
Luc 16:16;SKN;53-0612;1;2;annonce lors
Zacharie 14:7;SKN;53-0612;1;2;connu nuit
Josue 10:12;SKN;53-0612;1;2;arrete lune
Apocalypse 22:8;SKN;53-0612;2;2;lange montrait
Apocalypse 19:11;SKN;53-0612;4;2;appele juge
Actes 2:4;SKN;53-0612;5;2;dautres langues
Genese 3:16;SKN;53-0612;7;2;grandes travail
Jean 14:12;SKN;53-0612;10;3;croit grandes men
Esaie 9:6;SKN;53-0612;10;3;fort merveilleux paix
Luc 24:49;SKN;53-0612;10;2;den jenvoie
Jacques 5:14;SKN;53-0612;10;3;anciens appelle malade
Genese 1:26;SKN;53-0612;10;2;cieux mer
Psaumes 103:3;SKN;53-0612;10;2;guerit tes
Jean 14:7;SKN;53-0612;10;3;connaissez connu lavez
Hebreux 1:1;SKN;53-0612;10;3;autrefois ayant plusieurs
Actes 2:4;SKN;53-0612;10;2;dautres langues
Hebreux 13:12;SKN;53-0612;10;2;propre souffert
Amos 3:7;SKN;53-0612;10;2;leternel revele
Romains 5:1;SKN;53-0612;10;2;ayant paix
Marc 11:23;SKN;53-0612;10;3;dira mer ote
Genese 2:7;SKN;53-0612;10;2;ame leternel
Romains 8:11;SKN;53-0612;10;3;dentre habite ressuscite
Ephesiens 1:5;SKN;53-0612;10;3;adopter ayant volonte
Apocalypse 13:8;SKN;53-0612;10;3;ecrit fondation immole
Hebreux 6:4;SKN;53-0612;10;3;celeste don goute
Psaumes 16:10;SKN;53-0612;10;2;ame voie
Esaie 28:19;SKN;53-0612;10;3;den nuit passera
Apocalypse 3:14;SKN;53-0612;10;2;fidele lange
Esaie 14:12;SKN;53-0612;10;3;abattu cieux tombe
Apocalypse 13:14;SKN;53-0612;10;2;miracles repris
Luc 16:16;SKN;53-0612;10;2;annonce lors
Esaie 32:2;SKN;53-0612;10;2;deau vent
Galates 3:16;SKN;53-0612;10;2;parlant plusieurs
Actes 15:14;SKN;53-0612;10;2;simeon tirer
Matthieu 27:51;SKN;53-0612;10;2;jusquen temple
Esaie 53:5;SKN;53-0612;10;3;blesse gueris paix
Zacharie 14:7;SKN;53-0612;10;3;connu leternel nuit
Jeremie 8:22;SKN;53-0612;10;2;fille medecin
Esaie 28:18;SKN;53-0612;10;3;foules passera serez
Apocalypse 6:6;SKN;53-0612;10;3;animaux milieu voix
Apocalypse 21:19;SKN;53-0612;10;2;premier troisieme
Ephesiens 1:20;SKN;53-0612;10;2;dentre droite
Romains 8:22;SKN;53-0612;10;2;ensemble travail
Esaie 60:1;SKN;53-0612;10;3;leternel leve levee
Matthieu 19:28;SKN;53-0612;10;3;serez suivi trone
Luc 21:24;SKN;53-0612;10;2;pieds tranchant
Deuteronome 18:22;SKN;53-0612;10;3;leternel parlera peur
Marc 11:21;SKN;53-0612;10;2;figuier setait
Genese 2:18-21;SKN;53-0612;10;3;aide ferai leternel
Deuteronome 32:11;SKN;53-0612;10;2;plumes prend
Esaie 27:12;SKN;53-0612;10;3;courant leternel serez
Apocalypse 16:13;SKN;53-0612;10;3;bouche esprits faux
Psaumes 22:7;SKN;53-0612;10;2;bouche voient
Psaumes 41:9;SKN;53-0612;10;2;ami leve
Apocalypse 1:1;SKN;53-0612;10;3;arriver montrer revelation
Apocalypse 1:10;SKN;53-0612;10;2;journee voix
Apocalypse 1:7;SKN;53-0612;10;2;lont verra
Apocalypse 3:21;SKN;53-0612;10;3;donnerai sasseoir trone
Apocalypse 6:3;SKN;53-0612;10;3;lorsquil sceau viens
Luc 7:36;SKN;53-0612;10;3;entrant manger table
Jean 3:21;SKN;53-0612;10;2;quelles soient
Hebreux 4:15;SKN;53-0612;10;2;navons tente
Genese 6:4;SKN;53-0612;10;3;jadis quelles venus
Hebreux 6:1;SKN;53-0612;10;2;letat mortes
Apocalypse 6:12;SKN;53-0612;10;3;lorsquil noir sceau
Jean 16:21;SKN;53-0612;10;3;enfante joie lenfant
Luc 1:17;SKN;53-0612;10;2;dispose retourner
Esaie 28:11;SKN;53-0612;10;2;langue parlera
Luc 10:1;SKN;53-0612;10;2;devait face
Luc 11:29;SKN;53-0612;10;2;foules generation
Jean 3:14;SKN;53-0612;10;3;desert eleve serpent
Jean 12:14;SKN;53-0612;10;2;ayant ecrit
Psaumes 16:8;SKN;53-0612;10;3;droite leternel serai
Josue 10:12;SKN;53-0612;10;3;arrete leternel lune
Marc 13:27;SKN;53-0612;10;2;anges bout
Psaumes 42:7;SKN;53-0612;10;3;appelle tes voix
Colossiens 1:15;SKN;53-0612;10;2;invisible premier
Genese 14:18;SKN;53-0612;10;2;apporter vin
Esaie 9:5;SKN;53-0612;10;2;guerre roule
Apocalypse 1:20;SKN;53-0612;10;2;anges droite
Apocalypse 21:23;SKN;53-0613;3;2;lampe lune
Genese 3:16;SKN;53-0613;5;2;mari tes
Genese 3:1;SKN;53-0613;5;2;arbre champs
Jean 14:12;SKN;53-0613;14;2;grandes men
Jean 5:24;SKN;53-0613;14;3;entend envoye jugement
Galates 1:8;SKN;53-0613;14;2;ange memes
Luc 24:49;SKN;53-0613;14;2;den revetus
Genese 1:26;SKN;53-0613;14;3;animal cieux oiseaux
Jean 14:7;SKN;53-0613;14;2;connu lavez
Hebreux 1:1;SKN;53-0613;14;2;ayant peres
Hebreux 13:12;SKN;53-0613;14;3;hors propre souffert
Amos 3:7;SKN;53-0613;14;2;leternel serviteurs
Romains 5:1;SKN;53-0613;14;2;ayant paix
Jean 12:20;SKN;53-0613;14;2;dentre montes
Genese 2:7;SKN;53-0613;14;3;ame leternel poussiere
Romains 8:11;SKN;53-0613;14;2;dentre ressuscite
Hebreux 10:26;SKN;53-0613;14;2;peches sacrifice
Hebreux 13:10;SKN;53-0613;14;3;droit manger nont
Hebreux 6:4;SKN;53-0613;14;3;celeste devenus don
Apocalypse 22:19;SKN;53-0613;14;3;ote paroles sainte
Psaumes 16:10;SKN;53-0613;14;2;ame voie
Esaie 28:19;SKN;53-0613;14;3;den entendre nuit
Luc 17:28;SKN;53-0613;14;3;arriva buvait mangeait
Apocalypse 3:14;SKN;53-0613;14;3;lange lassemblee temoin
Esaie 14:12;SKN;53-0613;14;3;cieux nations tombe
Apocalypse 13:14;SKN;53-0613;14;2;fut plaie
Hebreux 11:1;SKN;53-0613;14;2;conviction voit
Actes 15:14;SKN;53-0613;14;2;nations tirer
Actes 10:35;SKN;53-0613;14;2;nation quen
Ephesiens 2:12;SKN;53-0613;14;3;droit etant etiez
Jeremie 8:22;SKN;53-0613;14;3;applique fille medecin
Matthieu 28:18;SKN;53-0613;14;2;donnee parla
Esaie 28:18;SKN;53-0613;14;3;fleau serez subsistera
Matthieu 11:10;SKN;53-0613;14;2;chemin ecrit
Apocalypse 11:3;SKN;53-0613;14;2;donnerai temoins
Apocalypse 21:19;SKN;53-0613;14;2;premier troisieme
Ephesiens 1:20;SKN;53-0613;14;3;asseoir dentre droite
Hebreux 12:24;SKN;53-0613;14;2;mieux nouvelle
Genese 4:16;SKN;53-0613;14;2;leternel sortit
Matthieu 19:9;SKN;53-0613;14;2;epouse quiconque
Marc 9:7;SKN;53-0613;14;2;vint voix
Zacharie 14:6;SKN;53-0613;14;3;arrivera aura seront
Esaie 60:1;SKN;53-0613;14;2;leternel leve
Apocalypse 21:23;SKN;53-0613;14;3;lagneau lune soleil
Matthieu 19:28;SKN;53-0613;14;3;disrael mavez serez
Apocalypse 22:8;SKN;53-0613;14;2;lange rendre
Luc 21:24;SKN;53-0613;14;3;jerusalem nations seront
Apocalypse 2:20;SKN;53-0613;14;2;laisses manger
Deuteronome 18:22;SKN;53-0613;14;3;dite leternel peur
Jean 15:7;SKN;53-0613;14;2;demanderez paroles
Genese 2:18-21;SKN;53-0613;14;2;aide leternel
Esaie 50:6;SKN;53-0613;14;2;dos nai
Psaumes 22:7;SKN;53-0613;14;2;bouche voient
Psaumes 22:18;SKN;53-0613;14;2;robe sort
Psaumes 35:11;SKN;53-0613;14;3;levent nai temoins
Zacharie 11:12;SKN;53-0613;14;3;donnez laissez sinon
Genese 15:16;SKN;53-0613;14;3;generation liniquite quatrieme
Apocalypse 1:10;SKN;53-0613;14;2;journee voix
Apocalypse 1:7;SKN;53-0613;14;2;lont verra
Apocalypse 3:21;SKN;53-0613;14;2;donnerai sasseoir
Psaumes 14:1;SKN;53-0613;14;2;fasse rendu
Apocalypse 6:3;SKN;53-0613;14;2;animal viens
Matthieu 24:7;SKN;53-0613;14;3;aura nation royaume
Matthieu 1:23;SKN;53-0613;14;2;appellera vierge
Luc 7:36;SKN;53-0613;14;2;manger pharisien
Apocalypse 5:9;SKN;53-0613;14;3;den immole nation
Matthieu 11:25;SKN;53-0613;14;2;intelligents sages
Joel 2:25;SKN;53-0613;14;2;annees milieu
Genese 1:28;SKN;53-0613;14;3;cieux oiseaux vivant
Hebreux 4:15;SKN;53-0613;14;3;navons sacrificateur souverain
Apocalypse 6:12;SKN;53-0613;14;2;soleil vis
Luc 10:1;SKN;53-0613;14;2;devait villes
Jean 3:14;SKN;53-0613;14;3;desert eleve serpent
Jean 12:14;SKN;53-0613;14;2;ayant ecrit
Psaumes 16:8;SKN;53-0613;14;3;droite leternel serai
Daniel 12:3;SKN;53-0613;14;2;etoiles sages
Jean 5:39;SKN;53-0613;14;2;rendent temoignage
Psaumes 42:7;SKN;53-0613;14;3;appelle tes voix
Marc 16:1;SKN;53-0613;14;2;etant marie
Luc 17:33;SKN;53-0613;14;2;quiconque sauver
Jean 14:9;SKN;53-0613;14;3;connu montre philippe
Esaie 9:5;SKN;53-0613;14;2;pature seront
Genese 3:16;SKN;53-0614;3;2;desir grandes
Ephesiens 2:12;SKN;53-0614;6;2;droit etant
Actes 2:38;SKN;53-0614;9;2;don peches
Esaie 53:5;SKN;53-0614;9;3;blesse gueris meurtrissures
Apocalypse 22:19;SKN;53-0614;13;2;otera prophetie
Ephesiens 2:12;SKN;53-0614;14;2;droit etant
Genese 3:16;SKN;53-0614;17;2;mari travail
Jeremie 8:22;SKN;53-0614;17;2;medecin pansement
Daniel 7:9;SKN;53-0614;23;2;blanc cheveux
Luc 7:36;SKN;53-0614;31;2;manger mit
Jeremie 8:22;SKN;53-0614;43;2;fille medecin
Jean 5:14;SKN;53-0614;61;2;gueri peur
Actes 2:24;SKN;53-0614A;1;2;possible ressuscite
Jean 12:14;SKN;53-0614A;6;2;ecrit selon
Apocalypse 6:1;SKN;53-0614A;6;3;lagneau sceaux sept
Apocalypse 1:20;SKN;53-0614A;6;2;droite sept
Esaie 9:6;SKN;53-0614A;11;2;fort paix
Matthieu 18:10;SKN;53-0614A;11;2;anges garde
Hebreux 12:25;SKN;53-0614A;11;2;garde nont
Apocalypse 19:21;SKN;53-0614A;13;2;furent fut
Romains 8:11;SKN;53-0614A;14;2;dentre ressuscite
Romains 8:11;SKN;53-0614A;15;2;dentre ressuscite
Apocalypse 5:9;SKN;53-0614A;20;2;langue nation
Hebreux 12:24;SKN;53-0614A;21;2;mieux nouvelle
Genese 4:16;SKN;53-0614A;24;2;cain deden
Genese 4:16;SKN;53-0614A;25;2;cain deden
Galates 3:16;SKN;53-0614A;26;2;semence semences
Jean 5:39;SKN;53-0614A;28;2;rendent temoignage
Genese 4:16;SKN;53-0614A;33;2;cain deden
Genese 3:1;SKN;53-0614A;33;2;arbre jardin
Hebreux 1:1;SKN;53-0614A;34;2;ayant peres
Apocalypse 17:3;SKN;53-0614A;34;2;ayant desert
Genese 3:1;SKN;53-0614A;34;2;arbre jardin
Hebreux 13:10;SKN;53-0614A;38;2;autel droit
Genese 4:1;SKN;53-0614A;39;2;cain leternel
Genese 4:16;SKN;53-0614A;39;2;cain leternel
Psaumes 16:8;SKN;53-0614A;39;2;droite leternel
Josue 10:12;SKN;53-0614A;39;2;leternel lune
Jean 5:24;SKN;53-0614A;40;2;envoye jugement
Actes 2:38;SKN;53-0614A;40;2;baptise peches
Galates 1:8;SKN;53-0614A;40;2;ange memes
Jacques 5:14;SKN;53-0614A;40;3;anciens appelle malade
Psaumes 103:3;SKN;53-0614A;40;2;guerit tes
Jean 14:7;SKN;53-0614A;40;2;connaissez lavez
Hebreux 1:1;SKN;53-0614A;40;2;ayant plusieurs
Jean 12:20;SKN;53-0614A;40;3;adorer dentre fete
Genese 2:7;SKN;53-0614A;40;3;ame leternel sol
Hebreux 10:26;SKN;53-0614A;40;2;peches sacrifice
Apocalypse 13:8;SKN;53-0614A;40;3;fondation immole lagneau
Hebreux 13:10;SKN;53-0614A;40;3;autel droit manger
Psaumes 16:10;SKN;53-0614A;40;2;ame voie
Apocalypse 17:8;SKN;53-0614A;40;3;bete fondation vue
Genese 22:14;SKN;53-0614A;40;2;leternel pourvu
Luc 17:28;SKN;53-0614A;40;2;lot mangeait
Apocalypse 3:14;SKN;53-0614A;40;3;commencement creation lange
Apocalypse 13:14;SKN;53-0614A;40;2;bete miracles
Genese 3:16;SKN;53-0614A;40;2;mari tes
Apocalypse 17:15;SKN;53-0614A;40;2;langues peuples
Esaie 32:2;SKN;53-0614A;40;3;deau rocher vent
Galates 3:16;SKN;53-0614A;40;2;parlant plusieurs
Genese 3:8;SKN;53-0614A;40;3;jardin leternel milieu
Matthieu 12:42;SKN;53-0614A;40;2;entendre jugement
Matthieu 25:46;SKN;53-0614A;40;3;iront justes sen
Ephesiens 2:12;SKN;53-0614A;40;3;droit etiez israel
Malachie 3:6;SKN;53-0614A;40;3;change jacob leternel
Esaie 53:5;SKN;53-0614A;40;2;gueris meurtrissures
Jeremie 8:22;SKN;53-0614A;40;2;fille medecin
Apocalypse 6:6;SKN;53-0614A;40;2;lhuile milieu
Apocalypse 6:11;SKN;53-0614A;40;2;blanche soient
Genese 4:1;SKN;53-0614A;40;2;cain leternel
Ephesiens 1:20;SKN;53-0614A;40;2;dentre droite
Hebreux 12:24;SKN;53-0614A;40;3;mieux nouvelle quabel
Jean 12:24;SKN;53-0614A;40;2;demeure meure
Romains 8:22;SKN;53-0614A;40;2;creation ensemble
Esaie 60:1;SKN;53-0614A;40;2;leternel leve
Apocalypse 21:23;SKN;53-0614A;40;2;lagneau lune
Apocalypse 19:11;SKN;53-0614A;40;2;combat juge
Apocalypse 22:8;SKN;53-0614A;40;3;lange montrait rendre
Genese 22:16;SKN;53-0614A;40;2;leternel refuse
Matthieu 18:10;SKN;53-0614A;40;2;cieux prenez
Apocalypse 16:13;SKN;53-0614A;40;3;bete esprits faux
Esaie 50:6;SKN;53-0614A;40;2;joues nai
Psaumes 35:11;SKN;53-0614A;40;2;levent nai
Psaumes 41:9;SKN;53-0614A;40;2;leve mangeait
Zacharie 11:12;SKN;53-0614A;40;2;dargent donnez
Apocalypse 1:7;SKN;53-0614A;40;2;lont verra
Matthieu 24:7;SKN;53-0614A;40;3;divers nation royaume
Luc 7:36;SKN;53-0614A;40;2;entrant manger
Apocalypse 5:9;SKN;53-0614A;40;3;immole langue nation
Malachie 4:5;SKN;53-0614A;40;3;elie envoie leternel
Joel 2:25;SKN;53-0614A;40;2;annees milieu
Jean 3:21;SKN;53-0614A;40;2;quelles soient
Hebreux 4:15;SKN;53-0614A;40;3;sacrificateur souverain tente
Genese 6:4;SKN;53-0614A;40;2;jadis quelles
Hebreux 12:25;SKN;53-0614A;40;3;cieux parlait prenez
Hebreux 6:1;SKN;53-0614A;40;2;commencement laissant
Actes 2:24;SKN;53-0614A;40;2;ayant possible
Luc 1:17;SKN;53-0614A;40;3;ira justes retourner
Esaie 28:11;SKN;53-0614A;40;2;langue levres
Jean 3:14;SKN;53-0614A;40;3;desert eleve serpent
Jean 12:14;SKN;53-0614A;40;2;ayant selon
Psaumes 16:8;SKN;53-0614A;40;2;droite leternel
Psaumes 42:7;SKN;53-0614A;40;2;appelle tes
Nombres 19:9;SKN;53-0614A;40;3;camp disrael pur
Apocalypse 6:1;SKN;53-0614A;40;2;lagneau sept
Genese 14:18;SKN;53-0614A;40;2;roi sacrificateur
Apocalypse 1:20;SKN;53-0614A;40;2;droite sept
Apocalypse 6:12;SKN;53-0729;13;2;devint fit
Apocalypse 13:14;SKN;53-0729;17;2;fut image
Colossiens 1:15;SKN;53-0729;17;2;image premier
Colossiens 1:15;SKN;53-0729;21;2;creation image
Apocalypse 3:14;SKN;53-0729;22;2;commencement creation
Colossiens 1:15;SKN;53-0729;22;2;creation premier
Genese 1:26;SKN;53-0729;23;2;faisons image
Apocalypse 3:14;SKN;53-0729;27;2;commencement creation
Apocalypse 6:12;SKN;53-0729;35;2;fit soleil
Josue 10:12;SKN;53-0729;35;2;arrete soleil
Genese 1:26;SKN;53-0729;45;2;betail poissons
Colossiens 1:15;SKN;53-0729;51;2;image premier
Apocalypse 6:11;SKN;53-0729;58;2;fut soient
Colossiens 1:15;SKN;53-0729;61;2;image premier
Marc 16:1;SKN;53-0729;63;2;magdala marie
Apocalypse 1:20;SKN;53-0729;63;2;anges sept
Genese 1:26;SKN;53-0729;65;2;animal image
Apocalypse 13:14;SKN;53-0729;65;2;fut image
Colossiens 1:15;SKN;53-0729;65;2;image premier
Genese 3:1;SKN;53-0729;69;2;animal champs
Apocalypse 13:14;SKN;53-0729;72;3;bete fut image
Apocalypse 1:20;SKN;53-0729;73;3;anges droite mystere
Apocalypse 21:19;SKN;53-0729;78;2;premier second
Apocalypse 21:19;SKN;53-0729;79;2;premier second
Genese 4:1;SKN;53-0729;93;2;cain eve
Genese 4:16;SKN;53-0729;108;2;cain sortit
Apocalypse 19:21;SKN;53-0729;109;2;furent fut
Daniel 7:9;SKN;53-0729;109;2;blanc furent
Genese 4:16;SKN;53-0729;113;2;cain nod
Genese 3:1;SKN;53-0729;113;2;arbre jardin
Genese 4:1;SKN;53-0729;123;2;cain eve
Genese 4:16;SKN;53-0729;126;2;cain nod
Matthieu 19:9;SKN;53-0729;144;2;adultere quiconque
Matthieu 5:28;SKN;53-0729;144;3;adultere convoiter quiconque
Matthieu 19:9;SKN;53-0729;147;3;adultere commet quiconque
Matthieu 5:28;SKN;53-0729;147;3;adultere commis quiconque
Matthieu 19:9;SKN;53-0729;148;2;adultere quiconque
Apocalypse 21:23;SKN;53-0729;151;2;lune soleil
Josue 10:12;SKN;53-0729;151;2;lune soleil
Hebreux 6:1;SKN;53-0729;161;2;commencement uvres
Genese 2:7;SKN;53-0729;162;2;ame vivante
Apocalypse 21:19;SKN;53-0729;178;2;premier second
Actes 2:4;SKN;53-0729;201;3;commencerent furent langues
Luc 7:36;SKN;53-0729;214;2;manger table
Actes 2:4;SKN;53-0729;215;2;langues remplis
Apocalypse 17:15;SKN;53-0729;216;2;langues nations
Luc 7:36;SKN;53-0729;218;2;pria table
Apocalypse 19:21;SKN;53-0729;221;2;furent fut
Luc 21:24;SKN;53-0729;223;2;jerusalem pieds
Apocalypse 13:14;SKN;53-0729;228;2;fut miracles
Jean 5:14;SKN;53-0729;228;2;gueri temple
Actes 2:24;SKN;53-0729;228;2;lequel ressuscite
Apocalypse 19:11;SKN;53-0729;232;3;blanc cheval fidele
Apocalypse 21:23;SKN;53-0729;240;2;lune soleil
Josue 10:12;SKN;53-0729;240;2;lune soleil
Apocalypse 13:14;SKN;53-0729;243;2;fut plaie
Apocalypse 21:23;SKN;53-0729;244;2;lune soleil
Josue 10:12;SKN;53-0729;244;2;lune soleil
Daniel 7:9;SKN;53-0729;254;2;cheveux pure
Zacharie 14:6;SKN;53-0729;261;2;aura seront
Zacharie 14:6;SKN;53-0729;267;2;aura seront
Apocalypse 16:13;SKN;53-0729;269;2;bouche dragon
Apocalypse 17:8;SKN;53-0729;273;2;ecrits noms
Matthieu 12:42;SKN;53-0729;273;3;jugement reine vint
Apocalypse 19:21;SKN;53-0729;273;2;furent fut
Daniel 7:9;SKN;53-0729;273;3;cheveux furent laine
Apocalypse 19:11;SKN;53-0729;273;2;juge ouvert
Hebreux 13:12;SKN;53-0729;279;2;hors sanctifie
Apocalypse 22:19;SKN;53-0729;280;2;prophetie sainte
Actes 2:24;SKN;53-0729;280;2;ayant possible
Matthieu 18:10;SKN;53-0729;281;2;garde prenez
Hebreux 12:25;SKN;53-0729;281;2;garde prenez
Jean 14:12;SKN;53-0800;4;2;grandes uvres
Apocalypse 6:6;SKN;53-0800;5;3;mesure mesures voix
Apocalypse 6:6;SKN;53-0800;6;2;mesure voix
Apocalypse 6:1;SKN;53-0800;6;2;viens voix
Apocalypse 22:19;SKN;53-0800;10;2;prophetie sainte
Luc 1:17;SKN;53-0800;17;2;ira retourner
Hebreux 10:26;SKN;53-0829;2;2;peches sacrifice
Genese 22:14;SKN;53-0829;3;2;jehovah jire
Psaumes 41:9;SKN;53-0829;3;2;ami intime
Jean 5:24;SKN;53-0829;5;2;envoye eternelle
Genese 3:8;SKN;53-0829;5;2;promenait voix
Esaie 61:1;SKN;53-0829;5;2;bonnes envoye
Jean 5:39;SKN;53-0829;5;3;eternelle rendent temoignage
Romains 8:11;SKN;53-0829;6;2;dentre ressuscite
Jean 14:12;SKN;53-0829;7;2;grandes men
Romains 8:11;SKN;53-0829;7;2;dentre ressuscite
Esaie 53:5;SKN;53-0829;12;2;gueris paix
Matthieu 11:10;SKN;53-0829;25;2;chemin face
Jean 12:24;SKN;53-0829;33;3;ble grain meurt
Genese 6:4;SKN;53-0829;37;2;quelles venus
Romains 8:11;SKN;53-0829;43;2;dentre ressuscite
Romains 8:11;SKN;53-0829;44;3;dentre habite ressuscite
Apocalypse 22:8;SKN;53-0829;48;2;lange pieds
Psaumes 14:1;SKN;53-0829;48;2;actions rendu
Marc 13:27;SKN;53-0829;49;2;bout jusquau
Romains 8:11;SKN;53-0829;51;2;dentre ressuscite
Romains 8:11;SKN;53-0829;56;2;dentre ressuscite
Genese 1:26;SKN;53-0829;63;2;mer selon
Ephesiens 1:13;SKN;53-0829;63;2;cru salut
Ephesiens 1:13-14;SKN;53-0829;63;2;cru salut
Romains 8:11;SKN;53-0829;73;2;dentre ressuscite
Hebreux 13:10;SKN;53-0829;76;2;manger nont
Romains 8:11;SKN;53-0829;78;2;dentre ressuscite
Matthieu 18:10;SKN;53-0829;85;2;cieux garde
Hebreux 12:25;SKN;53-0829;85;2;cieux garde
Psaumes 103:3;SKN;53-0830A;1;2;pardonne tes
Psaumes 42:7;SKN;53-0830A;1;2;tes voix
Matthieu 12:42;SKN;53-0830A;5;2;bouts midi
Ephesiens 1:5;SKN;53-0830A;15;2;selon volonte
Jean 12:14;SKN;53-0830A;15;2;ecrit selon
Hebreux 6:1;SKN;53-0830A;21;2;commencement fondement
Hebreux 6:1;SKN;53-0830A;22;2;commencement fondement
Galates 3:16;SKN;53-0830A;23;2;semence semences
Marc 11:21;SKN;53-0830A;31;2;figuier setait
Luc 10:1;SKN;53-0830A;31;2;devait face
Apocalypse 19:21;SKN;53-0830A;39;2;fut tue
Genese 4:16;SKN;53-0830A;39;2;cain deden
Genese 3:8;SKN;53-0830A;42;2;arbres jardin
Genese 4:16;SKN;53-0830A;42;2;cain deden
Jean 12:24;SKN;53-0830A;46;3;ble grain meure
Genese 22:14;SKN;53-0830A;48;2;leternel montagne
Esaie 27:12;SKN;53-0830A;48;2;disrael leternel
Nombres 19:9;SKN;53-0830A;48;2;camp disrael
Jacques 5:14;SKN;53-0830A;49;2;dhuile malade
Apocalypse 13:8;SKN;53-0830A;57;3;fondation immole lagneau
Apocalypse 17:8;SKN;53-0830A;57;2;fondation vue
Zacharie 14:7;SKN;53-0830A;57;2;aura leternel
Joel 2:25;SKN;53-0830A;57;2;qua sauterelle
Genese 3:8;SKN;53-0830A;59;2;arbres leternel
Joel 2:25;SKN;53-0830A;59;2;qua sauterelle
Genese 3:8;SKN;53-0830A;62;2;arbres leternel
Malachie 3:6;SKN;53-0830A;62;2;consumes leternel
Genese 3:1;SKN;53-0830A;62;2;arbre leternel
Malachie 4:5;SKN;53-0830A;62;2;envoie leternel
Genese 3:8;SKN;53-0830A;63;2;arbres leternel
Genese 3:1;SKN;53-0830A;63;2;arbre leternel
Romains 8:11;SKN;53-0830A;64;2;dentre ressuscite
Ephesiens 1:5;SKN;53-0830A;64;2;ayant plaisir
Esaie 32:2;SKN;53-0830A;64;2;aura vent
Apocalypse 17:3;SKN;53-0830A;64;2;ayant vis
Actes 2:24;SKN;53-0830A;64;2;ayant ressuscite
Marc 13:27;SKN;53-0830A;66;2;bout jusquau
Hebreux 13:10;SKN;53-0830A;67;2;manger tabernacle
Actes 2:4;SKN;53-0830A;68;3;donnait langues selon
Actes 15:14;SKN;53-0830A;69;2;nations tirer
Luc 24:49;SKN;53-0830A;70;2;den revetus
Daniel 7:9;SKN;53-0830A;73;2;cheveux vis
Apocalypse 19:11;SKN;53-0830A;73;3;combat fidele vis
Luc 21:24;SKN;53-0830A;75;2;nations pieds
Deuteronome 18:15;SKN;53-0830A;76;2;dentre tes
Genese 3:16;SKN;53-0830A;76;2;tes travail
Ephesiens 1:13;SKN;53-0830A;76;2;cru scelles
Matthieu 11:10;SKN;53-0830A;76;2;chemin lequel
Ephesiens 1:13-14;SKN;53-0830A;76;2;cru scelles
Genese 3:1;SKN;53-0830A;77;2;arbre champs
Actes 2:38;SKN;53-0830A;82;2;baptise don
Marc 13:27;SKN;53-0830A;83;2;bout jusquau
Deuteronome 18:15;SKN;53-0830E;2;2;dentre tes
Romains 8:11;SKN;53-0830E;2;2;dentre ressuscite
Actes 2:24;SKN;53-0830E;2;2;possible ressuscite
Romains 8:11;SKN;53-0830E;4;2;dentre ressuscite
Jean 14:12;SKN;53-0830E;7;2;celles grandes
Apocalypse 17:8;SKN;53-0830E;7;2;monter voyant
Luc 16:16;SKN;53-0830E;7;2;loi prophetes
Matthieu 11:10;SKN;53-0830E;7;2;ecrit lequel
Marc 11:21;SKN;53-0830E;7;2;figuier rabbi
Romains 8:11;SKN;53-0830E;23;2;dentre ressuscite
Galates 4:27;SKN;53-0830E;32;2;denfant nes
Deuteronome 18:15;SKN;53-0830E;33;2;dentre tes
Romains 8:11;SKN;53-0830E;33;2;dentre ressuscite
Jeremie 8:22;SKN;53-0830E;34;2;fille medecin
Jacques 5:14;SKN;53-0830E;37;2;lassemblee malade
Genese 3:16;SKN;53-0830E;40;2;desir mari
Zacharie 14:7;SKN;53-0831;1;2;aura nuit
Matthieu 19:28;SKN;53-0831;1;2;suivi trone
Hebreux 1:1;SKN;53-0831;4;2;ayant peres
Zacharie 14:7;SKN;53-0831;4;2;aura nuit
Apocalypse 22:8;SKN;53-0831;4;2;lange pieds
Matthieu 24:7;SKN;53-0831;4;2;aura royaume
Deuteronome 18:15;SKN;53-0831;13;2;leternel tes
Matthieu 11:10;SKN;53-0831;13;3;chemin face jenvoie
Genese 2:18-21;SKN;53-0831;13;2;ferai leternel
Nombres 19:9;SKN;53-0831;17;2;camp disrael
Marc 7:7;SKN;53-0831;19;2;dhommes doctrines
Apocalypse 2:20;SKN;53-0831;22;2;laisses manger
Romains 8:11;SKN;53-0831;28;2;dentre ressuscite
Hebreux 1:1;SKN;53-0831;29;2;manieres plusieurs
Luc 16:16;SKN;53-0831;31;2;annonce lors
Hebreux 1:1;SKN;53-0831;32;2;plusieurs reprises
Esaie 32:2;SKN;53-0831;36;2;deau rocher
Esaie 32:2;SKN;53-0831;37;2;rocher sec
Psaumes 42:7;SKN;53-0831;38;2;tes voix
Genese 3:8;SKN;53-0831;49;2;leternel milieu
Genese 3:1;SKN;53-0831;49;2;leternel serpent
Psaumes 41:9;SKN;53-0831;50;2;leve pain
Genese 14:18;SKN;53-0831;52;2;roi vin
Genese 14:18;SKN;53-0831;57;2;roi vin
Apocalypse 1:20;SKN;53-0831;61;2;anges droite
Apocalypse 19:11;SKN;53-0831;64;2;blanc fidele
Apocalypse 3:21;SKN;53-0831;64;2;donnerai trone
Marc 13:27;SKN;53-0831;64;3;bout jusquau vents
Actes 2:4;SKN;53-0831;67;2;dautres remplis
Marc 13:27;SKN;53-0831;68;2;bout jusquau
Apocalypse 17:8;SKN;53-0901;3;2;voyant vue
Esaie 61:1;SKN;53-0901;3;2;envoye oint
Zacharie 14:7;SKN;53-0901;3;2;connu nuit
Jean 3:21;SKN;53-0901;3;2;manifestees soient
Psaumes 42:7;SKN;53-0901;3;2;appelle tes
Romains 8:11;SKN;53-0901;5;2;dentre ressuscite
Ephesiens 1:20;SKN;53-0901;10;2;celestes lieux
Genese 6:4;SKN;53-0901;10;2;quelles venus
Ephesiens 1:20;SKN;53-0901;11;2;celestes lieux
Matthieu 24:7;SKN;53-0901;11;2;lieux royaume
Genese 6:4;SKN;53-0901;11;2;filles quelles
Romains 8:11;SKN;53-0901;13;2;dentre ressuscite
Actes 2:4;SKN;53-0901;14;2;dautres selon
Genese 3:16;SKN;53-0901;18;2;mari tes
Esaie 61:1;SKN;53-0901;24;2;envoye nouvelles
Jean 3:21;SKN;53-0901;25;2;quelles soient
Psaumes 103:3;SKN;53-0901;30;2;pardonne tes
Malachie 4:5;SKN;53-0901;30;2;envoie leternel
Genese 3:16;SKN;53-0901;50;2;desir mari
Matthieu 18:10;SKN;53-0902;5;2;face garde
Malachie 3:6;SKN;53-0902;8;2;change netes
Hebreux 10:26;SKN;53-0902;10;2;peches sacrifice
Luc 16:16;SKN;53-0902;10;2;annonce violence
Esaie 61:1;SKN;53-0902;10;2;brise leternel
Genese 15:16;SKN;53-0902;10;2;generation liniquite
Jacques 5:14;SKN;53-0902;11;2;anciens appelle
Genese 1:26;SKN;53-0902;12;3;cieux mer poissons
Genese 1:28;SKN;53-0902;12;3;cieux mer poissons
Jeremie 8:22;SKN;53-0902;30;2;fille medecin
Apocalypse 6:12;SKN;53-0902;31;2;lorsquil noir
Genese 3:8;SKN;53-0902;38;2;milieu voix
Apocalypse 6:6;SKN;53-0902;38;2;milieu voix
Apocalypse 6:1;SKN;53-0902;39;2;viens voix
Jeremie 8:22;SKN;53-0902;41;2;fille medecin
Genese 6:4;SKN;53-0902;41;2;quelles venus
Matthieu 12:42;SKN;53-0902;44;2;midi vint
Jean 14:7;SKN;53-0902;45;2;connaissez lavez
Jean 14:7;SKN;53-0902;48;2;connaissez connu
Romains 8:11;SKN;53-0902;50;2;dentre ressuscite
Zacharie 11:12;SKN;53-0902;50;2;laissez pieces
Nombres 19:9;SKN;53-0902;50;2;camp lassemblee
Psaumes 103:3;SKN;53-0902;51;2;infirmites tes
Jacques 5:14;SKN;53-0902;62;2;lassemblee malade
Romains 5:1;SKN;53-0902;80;2;ayant paix
Psaumes 103:3;SKN;53-0902;87;2;guerit tes
Genese 3:16;SKN;53-0902;87;2;souffrances tes
Esaie 9:6;SKN;53-0903;4;2;fort paix
Hebreux 4:12;SKN;53-0903;4;2;epee lame
Apocalypse 17:15;SKN;53-0903;4;2;nations peuples
Ephesiens 1:13;SKN;53-0903;4;2;levangile salut
Actes 15:14;SKN;53-0903;4;2;nations simeon
Luc 21:24;SKN;53-0903;4;3;jerusalem nations seront
Apocalypse 2:20;SKN;53-0903;4;2;laisses prophetesse
Marc 16:1;SKN;53-0903;4;2;etant marie
Ephesiens 1:13-14;SKN;53-0903;4;2;levangile salut
Esaie 27:12;SKN;53-0903;8;2;courant serez
Matthieu 11:10;SKN;53-0903;17;2;lequel messager
Apocalypse 6:11;SKN;53-0903;17;2;blanche longue
Amos 3:7;SKN;53-0903;18;2;prophetes revele
Matthieu 1:23;SKN;53-0903;20;2;enceinte vierge
Matthieu 27:51;SKN;53-0903;22;2;temple voile
Esaie 60:1;SKN;53-0903;22;2;leternel leve
Ephesiens 1:13;SKN;53-0903;24;2;levangile salut
Matthieu 18:10;SKN;53-0903;24;2;cieux face
Genese 1:28;SKN;53-0903;24;2;benit cieux
Ephesiens 1:13-14;SKN;53-0903;24;2;levangile salut
Jeremie 8:22;SKN;53-0903;30;2;applique baume
Hebreux 11:1;SKN;53-0903;33;2;celles voit
Jean 14:12;SKN;53-0903;34;2;grandes men
Actes 2:24;SKN;53-0903;38;2;lequel possible
Luc 7:36;SKN;53-0903;43;2;manger table
Esaie 9:6;SKN;53-0903;55;3;fort merveilleux prince
Matthieu 18:10;SKN;53-0903;57;2;cieux prenez
Hebreux 12:25;SKN;53-0903;57;2;cieux prenez
Jean 14:9;SKN;53-0904;2;2;connu montre
Galates 3:29;SKN;53-0904;13;2;selon semence
Actes 2:24;SKN;53-0904;16;2;lequel possible
Apocalypse 17:8;SKN;53-0904;25;2;ecrits noms
Jean 3:21;SKN;53-0904;29;2;manifestees soient
Actes 2:24;SKN;53-0904;30;2;lequel possible
Apocalypse 19:11;SKN;53-0904;33;2;appele justice
Deuteronome 18:22;SKN;53-0904;33;2;leternel peur
Malachie 4:5;SKN;53-0904;33;2;envoie leternel
Matthieu 19:28;SKN;53-0904;34;2;douze serez
Jean 14:7;SKN;53-0904;39;2;connaissez connu
Actes 2:24;SKN;53-0904;46;2;lequel ressuscite
Actes 2:24;SKN;53-0904;49;2;possible ressuscite
Genese 2:7;SKN;53-0904;50;2;ame vivante
Jean 3:21;SKN;53-0904;50;2;pratique quelles
Genese 6:4;SKN;53-0904;50;2;quelles venus
Psaumes 16:8;SKN;53-0904;60;2;droite serai
Apocalypse 17:3;SKN;53-0904;61;2;assise ayant
Jean 3:21;SKN;53-0905;3;2;quelles soient
Romains 8:22;SKN;53-0905;8;2;ensemble travail
Marc 13:27;SKN;53-0905;11;2;bout jusquau
Apocalypse 19:11;SKN;53-0905;27;2;appele justice
Apocalypse 6:12;SKN;53-0905;27;2;fit lorsquil
Jean 5:14;SKN;53-0905;36;2;gueri peur
Apocalypse 22:8;SKN;53-0905;37;2;lange rendre
Apocalypse 6:3;SKN;53-0905;41;2;lorsquil viens
Jean 14:9;SKN;53-0905;41;3;connu mas philippe
Amos 3:7;SKN;53-0905;44;2;leternel secret
Esaie 27:12;SKN;53-0905;44;2;leternel serez
Luc 7:36;SKN;53-0905;61;2;manger table
Ephesiens 1:20;SKN;53-0905;75;2;celestes lieux
Daniel 7:9;SKN;53-0906A;20;2;blanc vetement
Hebreux 12:25;SKN;53-0906A;20;2;parlait prenez
Esaie 50:6;SKN;53-0906A;22;2;dos nai
Jean 3:16;SKN;53-0906A;25;2;croit quiconque
Hebreux 4:15;SKN;53-0906A;32;2;sacrificateur souverain
Esaie 61:1;SKN;53-0906A;33;2;leternel oint
Hebreux 1:1;SKN;53-0906A;34;2;plusieurs reprises
Marc 13:27;SKN;53-0906A;35;2;anges jusquau
Actes 2:4;SKN;53-0906A;38;2;dautres selon
Malachie 3:6;SKN;53-0906A;40;2;change netes
Genese 2:7;SKN;53-0906A;45;2;ame poussiere
Jean 16:21;SKN;53-0906A;47;2;joie lenfant
Actes 2:4;SKN;53-0906A;52;3;furent langues remplis
Matthieu 12:42;SKN;53-0906A;52;2;midi vint
Actes 2:38;SKN;53-0906A;55;2;baptise don
Esaie 32:2;SKN;53-0906A;58;2;aura deau
Esaie 28:11;SKN;53-0906A;58;2;langue parlera
Jean 5:24;SKN;53-0906A;64;2;croit eternelle
Jean 3:16;SKN;53-0906A;64;2;croit eternelle
Esaie 53:9;SKN;53-0906A;70;2;aucune navait
Ephesiens 1:20;SKN;53-0906A;79;2;dentre droite
Psaumes 16:10;SKN;53-0906A;85;2;ame corruption
Genese 1:26;SKN;53-0906A;86;2;mer poissons
Esaie 32:2;SKN;53-0906A;86;2;deau vent
Genese 1:28;SKN;53-0906A;86;2;mer poissons
Genese 1:26;SKN;53-0906A;87;2;cieux mer
Genese 1:28;SKN;53-0906A;87;2;cieux mer
Hebreux 12:25;SKN;53-0906A;87;2;cieux parlait
Romains 8:11;SKN;53-0906A;89;2;dentre ressuscite
Genese 1:28;SKN;53-0906A;91;2;cieux vivant
Jean 3:16;SKN;53-0906A;99;2;eternelle quiconque
Actes 10:44;SKN;53-0906A;100;2;mots prononcait
Hebreux 13:10;SKN;53-0906A;102;2;autel droit
Esaie 61:1;SKN;53-0906E;3;2;apporter envoye
Hebreux 12:25;SKN;53-0906E;13;2;parlait prenez
Apocalypse 17:3;SKN;53-0906E;16;2;assise ayant
Galates 4:27;SKN;53-0906E;26;2;cris denfant
Apocalypse 13:14;SKN;53-0906E;28;2;fut miracles
Matthieu 25:46;SKN;53-0906E;28;2;iront sen
Matthieu 24:7;SKN;53-0906E;29;2;aura royaume
Psaumes 103:3;SKN;53-0906E;30;2;pardonne tes
Apocalypse 3:14;SKN;53-0906E;30;2;lange veritable
Apocalypse 6:11;SKN;53-0906E;30;2;reposent soient
Zacharie 11:12;SKN;53-0906E;41;2;laissez sinon
Matthieu 19:28;SKN;53-0906E;42;2;mavez serez
Esaie 27:12;SKN;53-0906E;42;2;arrivera serez
Actes 2:4;SKN;53-0906E;47;2;dautres selon
Romains 8:11;SKN;53-0906E;53;2;dentre ressuscite
Esaie 9:6;SKN;53-0906E;64;3;merveilleux paix prince
Galates 1:8;SKN;53-0907A;5;2;memes outre
Genese 1:26;SKN;53-0907A;5;2;faisons mer
Actes 2:4;SKN;53-0907A;17;2;dautres donnait
Amos 3:7;SKN;53-0907A;17;2;leternel serviteurs
Hebreux 13:10;SKN;53-0907A;17;2;autel tabernacle
Zacharie 14:7;SKN;53-0907A;17;2;leternel nuit
Deuteronome 18:22;SKN;53-0907A;17;2;leternel peur
Malachie 4:5;SKN;53-0907A;17;2;envoie leternel
Psaumes 103:3;SKN;53-0907A;18;2;pardonne tes
Apocalypse 22:8;SKN;53-0907A;21;2;lange rendre
Genese 4:16;SKN;53-0907A;28;2;leternel lorient
Apocalypse 22:19;SKN;53-0907A;34;2;larbre prophetie
Apocalypse 21:23;SKN;53-0907A;35;2;lune soleil
Apocalypse 6:11;SKN;53-0907A;36;2;complet fut
Apocalypse 6:6;SKN;53-0907A;45;2;animaux mesure
Deuteronome 32:11;SKN;53-0907A;45;2;nid prend
Apocalypse 6:12;SKN;53-0907A;50;2;fit soleil
Apocalypse 21:19;SKN;53-0907A;52;2;jaspe premier
Apocalypse 17:3;SKN;53-0907A;52;2;ayant sept
Apocalypse 1:20;SKN;53-0907A;52;2;dor sept
Zacharie 11:12;SKN;53-0907A;56;2;laissez pieces
Matthieu 18:10;SKN;53-0907A;57;2;face prenez
Hebreux 1:1;SKN;53-0907A;59;2;plusieurs reprises
Deuteronome 32:11;SKN;53-0907A;61;2;ailes nid
Deuteronome 32:11;SKN;53-0907A;62;3;ailes nid prend
Esaie 32:2;SKN;53-0907A;64;2;rocher vent
Deuteronome 32:11;SKN;53-0907A;64;2;ailes plumes
Hebreux 1:1;SKN;53-0907A;66;2;plusieurs reprises
Galates 4:27;SKN;53-0907A;70;2;joie pousse
Galates 4:27;SKN;53-0907A;71;2;eclate joie
Apocalypse 6:11;SKN;53-0907A;73;2;fut longue
Psaumes 16:8;SKN;53-0907A;76;2;ebranle leternel
Hebreux 13:10;SKN;53-0907A;87;2;droit manger
Genese 1:28;SKN;53-0907A;89;2;cieux mer
Jean 5:14;SKN;53-0907A;90;2;gueri temple
Apocalypse 13:14;SKN;53-0907A;92;2;bete fut
Apocalypse 6:11;SKN;53-0907A;96;2;blanche longue
Apocalypse 3:14;SKN;53-0907A;97;2;lange lassemblee
Zacharie 14:7;SKN;53-0907A;101;2;leternel nuit
Matthieu 24:7;SKN;53-0907E;1;2;aura lieux
Romains 8:11;SKN;53-0907E;8;2;dentre ressuscite
Jean 5:14;SKN;53-0907E;21;2;gueri pis
Esaie 9:6;SKN;53-0907E;24;2;epaule merveilleux
Psaumes 103:3;SKN;53-0907E;27;2;guerit tes
Apocalypse 17:8;SKN;53-0907E;33;2;fondation voyant
Ephesiens 1:13;SKN;53-0907E;36;2;ayant cru
Ephesiens 1:13-14;SKN;53-0907E;36;2;ayant cru
Romains 8:11;SKN;53-0907E;37;2;dentre ressuscite
Jean 3:21;SKN;53-0907E;43;2;quelles soient
Amos 3:7;SKN;53-0907E;45;2;revele secret
Ephesiens 1:5;SKN;53-1018;3;2;selon volonte
Apocalypse 17:3;SKN;53-1018;5;2;desert vis
Psaumes 16:10;SKN;53-1018;6;2;ame voie
Zacharie 14:7;SKN;53-1018;7;2;aura nuit
Esaie 14:12;SKN;53-1018;9;2;cieux nations
Luc 21:24;SKN;53-1018;9;2;nations seront
Matthieu 24:7;SKN;53-1018;9;2;nation royaume
Galates 1:8;SKN;53-1018;10;2;ange memes
Ephesiens 1:5;SKN;53-1018;10;3;ayant selon volonte
Jean 12:14;SKN;53-1018;10;2;ayant selon
Jean 12:24;SKN;53-1018;12;2;ble grain
Ephesiens 1:5;SKN;53-1018;13;2;selon volonte
Matthieu 12:42;SKN;53-1018;13;2;jugement levera
Luc 16:16;SKN;53-1018;15;2;lors royaume
Zacharie 14:7;SKN;53-1018;15;2;aura nuit
Luc 21:24;SKN;53-1018;15;2;captifs seront
Matthieu 24:7;SKN;53-1018;15;3;aura nation royaume
Apocalypse 1:20;SKN;53-1018;15;2;anges droite
Apocalypse 5:9;SKN;53-1018;16;2;achete nation
Matthieu 24:7;SKN;53-1018;17;2;nation royaume
Esaie 61:1;SKN;53-1018;21;2;envoye nouvelles
Jacques 5:14;SKN;53-1018;22;2;dhuile prient
Malachie 4:5;SKN;53-1018;22;2;elie envoie
Esaie 28:19;SKN;53-1018;23;2;entendre nuit
Matthieu 24:7;SKN;53-1018;24;3;famines nation pestes
Jean 5:24;SKN;53-1018;25;2;envoye jugement
Jeremie 8:22;SKN;53-1018;25;2;fille medecin
Daniel 7:9;SKN;53-1018;25;2;blanc cheveux
Apocalypse 3:14;SKN;53-1018;27;2;commencement veritable
Actes 15:14;SKN;53-1018;27;2;nations visite
Matthieu 24:7;SKN;53-1018;27;2;nation tremblements
Jean 12:20;SKN;53-1018;32;2;fete montes
Actes 10:35;SKN;53-1018;32;2;nation pratique
Zacharie 11:12;SKN;53-1018;32;2;donnez laissez
Hebreux 1:1;SKN;53-1018;33;2;autrefois plusieurs
Apocalypse 21:23;SKN;53-1018;33;2;lune soleil
Matthieu 19:28;SKN;53-1018;36;3;disrael douze tribus
Matthieu 19:28;SKN;53-1018;38;3;disrael douze tribus
Malachie 4:5;SKN;53-1018;39;2;elie envoie
Jean 5:24;SKN;53-1018;40;2;envoye jugement
Genese 3:1;SKN;53-1018;40;2;jardin serpent
Jean 3:14;SKN;53-1018;40;3;desert eleve serpent
Ephesiens 1:5;SKN;53-1018;43;2;ayant plaisir
Malachie 4:5;SKN;53-1018;44;2;elie envoie
Genese 1:28;SKN;53-1018;44;2;cieux mer
Apocalypse 6:1;SKN;53-1018;46;2;sept viens
Luc 21:24;SKN;53-1018;48;2;seront tomberont
Daniel 7:9;SKN;53-1018;49;2;blanc pure
Apocalypse 19:11;SKN;53-1018;49;2;blanc cheval
Apocalypse 6:11;SKN;53-1018;52;2;longue robe
Esaie 61:1;SKN;53-1018;57;2;brise nouvelles
Zacharie 14:7;SKN;53-1018;57;2;aura connu
Daniel 7:9;SKN;53-1018;58;2;cheveux vis
Psaumes 41:9;SKN;53-1018;61;2;intime leve
Actes 10:35;SKN;53-1018;63;2;nation quen
Matthieu 24:7;SKN;53-1018;63;2;aura nation
Apocalypse 5:9;SKN;53-1018;63;2;cantique nation
Malachie 4:5;SKN;53-1018;63;2;envoie terrible
Genese 14:18;SKN;53-1018;63;2;roi sacrificateur
Matthieu 18:10;SKN;53-1018;66;2;anges face
Psaumes 42:7;SKN;53-1018;66;2;appelle voix
Apocalypse 19:11;SKN;53-1018;68;2;appele vis
Psaumes 41:9;SKN;53-1018;68;2;intime mangeait
Genese 1:28;SKN;53-1018;69;2;cieux meut
Psaumes 103:3;SKN;53-1100;3;2;pardonne tes
Psaumes 42:7;SKN;53-1100;3;2;tes voix
Apocalypse 6:1;SKN;53-1100;3;2;viens voix
Actes 2:38;SKN;53-1100;7;2;don peches
Amos 3:7;SKN;53-1100;7;2;prophetes serviteurs
Hebreux 6:4;SKN;53-1100;7;2;celeste don
Hebreux 6:4;SKN;53-1103;2;2;goute impossible
Esaie 28:19;SKN;53-1103;3;2;entendre nuit
Hebreux 11:1;SKN;53-1103;3;3;celles espere voit
Actes 2:38;SKN;53-1103;7;2;don peches
Apocalypse 19:11;SKN;53-1103;7;2;veritable vis
Psaumes 103:3;SKN;53-1103;8;2;guerit pardonne
Jean 5:24;SKN;53-1103;12;2;envoye jugement
Psaumes 42:7;SKN;53-1104;6;2;appelle tes
Actes 2:4;SKN;53-1104;7;2;langues selon
Ephesiens 1:5;SKN;53-1104;7;2;plaisir selon
Genese 3:8;SKN;53-1104;11;2;jardin voix
Apocalypse 6:1;SKN;53-1104;11;2;sept voix
Apocalypse 5:9;SKN;53-1104;12;2;cantique nation
Luc 7:36;SKN;53-1104;13;2;manger table
Actes 2:38;SKN;53-1104;15;2;don peches
Genese 2:7;SKN;53-1104;15;2;ame leternel
Matthieu 24:7;SKN;53-1104;15;2;nation royaume
Psaumes 16:8;SKN;53-1104;15;2;leternel serai
Matthieu 11:10;SKN;53-1104;16;2;chemin face
Matthieu 18:10;SKN;53-1104;16;3;anges face garde
Esaie 50:6;SKN;53-1104;16;2;dos face
Matthieu 18:10;SKN;53-1104;22;2;garde prenez
Apocalypse 22:8;SKN;53-1104;23;2;lange pieds
Esaie 14:12;SKN;53-1104;31;2;cieux tombe
Apocalypse 6:6;SKN;53-1104;37;2;mesure milieu
Matthieu 18:10;SKN;53-1104;37;2;cieux garde
Psaumes 103:3;SKN;53-1104;40;2;guerit pardonne
Apocalypse 6:12;SKN;53-1104;44;2;lorsquil noir
Romains 8:22;SKN;53-1106;7;2;ensemble travail
Esaie 28:19;SKN;53-1106;8;2;nuit prendra
Apocalypse 13:8;SKN;53-1106;9;2;ecrit lagneau
Daniel 7:9;SKN;53-1106;13;2;cheveux vetement
Jean 12:14;SKN;53-1106;13;2;ayant ecrit
Daniel 7:9;SKN;53-1106;17;2;blanc vis
Apocalypse 19:11;SKN;53-1106;17;2;blanc vis
Esaie 27:12;SKN;53-1106;20;2;jusquau rassembles
Genese 3:1;SKN;53-1106;26;2;arbre champs
Romains 5:1;SKN;53-1106;32;2;ayant paix
Apocalypse 22:8;SKN;53-1106;41;2;montrait pieds
Esaie 27:12;SKN;53-1106;41;2;courant jusquau
Marc 13:27;SKN;53-1106;41;2;bout jusquau
Hebreux 4:15;SKN;53-1106;42;2;navons souverain
Esaie 53:9;SKN;53-1106;51;2;aucune navait
Jean 14:9;SKN;53-1106;51;2;montre philippe
Hebreux 6:4;SKN;53-1106;55;2;celeste impossible
Apocalypse 6:12;SKN;53-1106;63;2;noir soleil
Jean 14:12;SKN;53-1107A;3;3;celles grandes men
Ephesiens 1:13;SKN;53-1107A;3;2;cru levangile
Ephesiens 1:13-14;SKN;53-1107A;3;2;cru levangile
Apocalypse 21:19;SKN;53-1107A;14;2;second troisieme
Esaie 32:2;SKN;53-1107A;15;2;aura lombre
Matthieu 12:42;SKN;53-1108A;1;2;entendre midi
Jacques 5:14;SKN;53-1108A;2;2;appelle malade
Hebreux 13:12;SKN;53-1108A;6;3;hors propre souffert
Apocalypse 22:19;SKN;53-1108A;6;2;cite paroles
Hebreux 4:15;SKN;53-1108A;6;3;navons sacrificateur souverain
Nombres 19:9;SKN;53-1108A;6;2;camp hors
Zacharie 11:12;SKN;53-1108A;11;2;laissez pieces
Esaie 53:9;SKN;53-1108A;19;2;navait riche
Luc 16:16;SKN;53-1108A;22;2;lors use
Apocalypse 19:11;SKN;53-1108A;26;2;ouvert vis
Psaumes 41:9;SKN;53-1108A;26;2;leve pain
Apocalypse 22:19;SKN;53-1108A;28;2;cite larbre
Apocalypse 21:19;SKN;53-1108A;29;2;cite fondements
Psaumes 42:7;SKN;53-1108A;34;2;appelle voix
Genese 3:1;SKN;53-1108A;35;2;arbre jardin
Esaie 14:12;SKN;53-1108A;42;2;abattu tombe
Apocalypse 17:8;SKN;53-1108A;63;2;fondation monter
Apocalypse 19:11;SKN;53-1108A;82;3;fidele ouvert vis
Zacharie 11:12;SKN;53-1108A;85;2;dargent pieces
Galates 4:27;SKN;53-1108A;93;2;ecrit travail
Esaie 28:19;SKN;53-1108A;99;2;den entendre
Apocalypse 5:9;SKN;53-1108A;99;2;den ouvrir
Galates 1:8;SKN;53-1108E;2;2;memes outre
Jean 5:24;SKN;53-1108E;5;3;croit envoye eternelle
Jean 3:16;SKN;53-1108E;5;2;croit eternelle
Amos 3:7;SKN;53-1108E;7;2;prophetes revele
Jean 5:24;SKN;53-1108E;10;2;envoye eternelle
Ephesiens 1:13;SKN;53-1108E;10;2;ayant cru
Ephesiens 1:13-14;SKN;53-1108E;10;2;ayant cru
Marc 16:1;SKN;53-1108E;12;2;etant marie
Ephesiens 1:13;SKN;53-1108E;14;2;cru levangile
Ephesiens 1:13-14;SKN;53-1108E;14;2;cru levangile
Esaie 28:19;SKN;53-1108E;22;2;entendre nuit
Matthieu 12:42;SKN;53-1108E;22;2;entendre vint
Jean 5:24;SKN;53-1108E;27;2;envoye eternelle
Apocalypse 6:3;SKN;53-1108E;35;2;lorsquil viens
Marc 11:21;SKN;53-1108E;36;2;figuier rabbi
Jean 14:9;SKN;53-1108E;36;3;connu mas philippe
Malachie 4:5;SKN;53-1108E;38;2;envoie vienne
Luc 7:36;SKN;53-1108E;42;2;manger table
Apocalypse 3:14;SKN;53-1108E;46;2;lange lassemblee
Esaie 50:6;SKN;53-1108E;52;2;dos face
Apocalypse 6:12;SKN;53-1108E;52;2;lorsquil noir
Psaumes 35:11;SKN;53-1108E;55;2;levent nai
Ephesiens 1:5;SKN;53-1109;1;2;selon volonte
Apocalypse 6:3;SKN;53-1109;4;2;animal lorsquil
Galates 4:27;SKN;53-1109;7;2;cris pousse
Galates 4:27;SKN;53-1109;9;2;ecrit pousse
Apocalypse 6:12;SKN;53-1109;9;2;lorsquil soleil
Jean 3:16;SKN;53-1109;14;2;perisse quiconque
Genese 1:28;SKN;53-1109;15;3;cieux mer poissons
Ephesiens 1:13;SKN;53-1109;16;2;levangile scelles
Matthieu 11:10;SKN;53-1109;16;2;chemin lequel
Ephesiens 1:13-14;SKN;53-1109;16;2;levangile scelles
Matthieu 24:7;SKN;53-1109;18;2;aura royaume
Esaie 28:11;SKN;53-1109;25;2;langue levres
Esaie 50:6;SKN;53-1109;28;2;dos nai
Jean 5:24;SKN;53-1109;31;3;croit envoye eternelle
Jean 3:16;SKN;53-1109;31;2;croit eternelle
Jean 5:39;SKN;53-1109;31;2;eternelle temoignage
Galates 1:8;SKN;53-1109;38;2;ange outre
Apocalypse 19:11;SKN;53-1109;38;2;appele veritable
Jean 14:9;SKN;53-1109;57;2;mas montre
Apocalypse 1:7;SKN;53-1109;58;2;lont verra
Apocalypse 17:8;SKN;53-1109;63;2;voyant vue
Jean 3:21;SKN;53-1109;64;2;quelles soient
Apocalypse 3:14;SKN;53-1109;66;2;lassemblee veritable
Esaie 14:12;SKN;53-1109;73;2;cieux tombe
Joel 2:25;SKN;53-1110;2;2;qua sauterelle
Zacharie 14:7;SKN;53-1110;3;2;aura leternel
Genese 3:1;SKN;53-1110;3;2;leternel mangerez
Ephesiens 1:5;SKN;53-1110;4;2;ayant selon
Galates 3:29;SKN;53-1110;4;2;selon semence
Jean 12:14;SKN;53-1110;4;2;ayant selon
Galates 3:16;SKN;53-1110;10;2;semence semences
Genese 4:1;SKN;53-1110;11;2;cain eve
Genese 4:16;SKN;53-1110;11;2;cain deden
Genese 3:1;SKN;53-1110;11;2;arbre jardin
Genese 22:14;SKN;53-1110;15;2;appela jehovah
Apocalypse 21:23;SKN;53-1110;16;2;lagneau lune
Daniel 7:9;SKN;53-1110;17;2;cheveux laine
Nombres 19:9;SKN;53-1110;22;2;camp disrael
Apocalypse 6:1;SKN;53-1110;22;2;lagneau sept
Nombres 19:9;SKN;53-1110;23;2;camp disrael
Apocalypse 13:14;SKN;53-1110;24;2;image miracles
Galates 3:29;SKN;53-1110;27;2;dabraham selon
Apocalypse 6:12;SKN;53-1110;31;2;fit soleil
Genese 3:8;SKN;53-1110;33;2;arbres milieu
Apocalypse 3:14;SKN;53-1110;38;2;commencement lange
Hebreux 6:1;SKN;53-1110;38;2;commencement fondement
Genese 3:8;SKN;53-1110;39;2;arbres milieu
Ephesiens 1:5;SKN;53-1110;40;2;ayant plaisir
Hebreux 6:4;SKN;53-1110;43;2;don impossible
Genese 14:18;SKN;53-1110;44;2;apporter sacrificateur
Luc 24:49;SKN;53-1110;48;2;den revetus
Romains 5:1;SKN;53-1110;54;2;ayant paix
Amos 3:7;SKN;53-1110;57;2;revele secret
Esaie 9:6;SKN;53-1110;69;2;fort merveilleux
Psaumes 42:7;SKN;53-1111;1;2;appelle voix
Apocalypse 6:1;SKN;53-1111;1;2;viens voix
Galates 1:8;SKN;53-1111;6;2;anatheme ange
Hebreux 10:26;SKN;53-1111;11;2;peches sacrifice
Matthieu 24:7;SKN;53-1111;12;2;aura divers
Apocalypse 5:9;SKN;53-1111;12;3;digne ouvrir sceaux
Apocalypse 11:3;SKN;53-1111;14;2;temoins vetus
Luc 1:17;SKN;53-1111;15;2;curs preparer
Genese 3:8;SKN;53-1111;17;2;arbres jardin
Genese 3:1;SKN;53-1111;17;2;arbre jardin
Apocalypse 22:19;SKN;53-1111;20;2;paroles sainte
Matthieu 11:10;SKN;53-1111;21;2;chemin face
Actes 2:4;SKN;53-1111;22;2;furent selon
Genese 2:7;SKN;53-1111;23;2;ame poussiere
Genese 3:1;SKN;53-1111;26;2;jardin serpent
Apocalypse 17:8;SKN;53-1111;27;2;fondation monter
Jean 5:24;SKN;53-1111;33;2;envoye jugement
Apocalypse 6:3;SKN;53-1111;36;2;animal viens
Apocalypse 6:1;SKN;53-1111;36;3;animaux tonnerre viens
Apocalypse 22:19;SKN;53-1111;41;2;ote sainte
Esaie 27:12;SKN;53-1111;47;2;arrivera serez
Actes 10:44;SKN;53-1111;47;2;mots prononcait
Apocalypse 1:20;SKN;53-1111;49;2;mystere sept
Ephesiens 1:13;SKN;53-1111;92;2;cru salut
Ephesiens 1:13-14;SKN;53-1111;92;2;cru salut
Ephesiens 1:5;SKN;53-1111;95;2;adopter selon
Luc 16:16;SKN;53-1111;95;2;loi royaume
Jean 12:14;SKN;53-1111;95;2;ecrit selon
Apocalypse 13:14;SKN;53-1112;2;2;fut miracles
Psaumes 16:8;SKN;53-1112;2;2;droite ebranle
Matthieu 11:10;SKN;53-1112;9;2;chemin ecrit
Daniel 7:9;SKN;53-1112;12;2;cheveux vetement
Apocalypse 16:13;SKN;53-1112;14;2;esprits faux
Jean 12:14;SKN;53-1112;14;2;ayant ecrit
Jean 5:39;SKN;53-1112;18;2;rendent temoignage
Marc 11:21;SKN;53-1112;23;2;maudit setait
Apocalypse 21:19;SKN;53-1112;26;2;premier troisieme
Marc 13:27;SKN;53-1112;26;2;anges jusquau
Esaie 53:9;SKN;53-1112;27;2;aucune navait
Jean 12:24;SKN;53-1112;28;3;ble demeure grain
Apocalypse 22:19;SKN;53-1112;29;2;ote sainte
Psaumes 16:10;SKN;53-1112;31;3;ame corruption voie
Zacharie 11:12;SKN;53-1112;33;2;dargent pieces
Matthieu 11:25;SKN;53-1112;33;3;cache intelligents sages
Apocalypse 3:14;SKN;53-1112;36;2;commencement creation
Colossiens 1:15;SKN;53-1112;36;2;creation premier
Actes 2:38;SKN;53-1112;37;2;peches remission
Apocalypse 6:12;SKN;53-1112;37;2;lorsquil tremblement
Genese 1:28;SKN;53-1112;39;2;cieux vivant
Apocalypse 6:3;SKN;53-1112;40;2;lorsquil viens
Matthieu 24:7;SKN;53-1112;40;2;aura royaume
Apocalypse 17:8;SKN;53-1112;41;2;monter vue
Apocalypse 21:19;SKN;53-1112;41;2;premier troisieme
Apocalypse 17:8;SKN;53-1112;44;2;noms vue
Ephesiens 1:13;SKN;53-1112;44;2;cru levangile
Apocalypse 21:23;SKN;53-1112;44;2;cite lune
Luc 21:24;SKN;53-1112;44;2;pieds seront
Ephesiens 1:13-14;SKN;53-1112;44;2;cru levangile
Psaumes 16:8;SKN;53-1112;45;2;droite leternel
Apocalypse 1:20;SKN;53-1112;45;2;anges droite
Apocalypse 6:11;SKN;53-1112;46;3;blanche robe soient
Luc 1:17;SKN;53-1112;48;2;pensee retourner
Amos 3:7;SKN;53-1112;49;2;prophetes revele
Hebreux 6:4;SKN;53-1112;49;2;celeste don
Jean 14:7;SKN;53-1112;51;2;connaissez lavez
Apocalypse 22:19;SKN;53-1112;51;2;paroles sainte
Matthieu 19:28;SKN;53-1112;51;2;mavez serez
Jean 3:21;SKN;53-1112;53;2;quelles soient
Esaie 27:12;SKN;53-1112;55;2;arrivera courant
Jean 3:21;SKN;53-1112;56;2;quelles soient
Galates 1:8;SKN;53-1114;1;2;ange memes
Esaie 28:19;SKN;53-1114;1;2;den nuit
Ephesiens 5:26;SKN;53-1114;1;2;deau lavage
Esaie 32:2;SKN;53-1114;1;2;aura deau
Genese 3:8;SKN;53-1114;1;2;frais milieu
Zacharie 14:7;SKN;53-1114;1;2;aura nuit
Luc 16:16;SKN;53-1114;4;2;lors royaume
Galates 1:8;SKN;53-1114;8;2;ange memes
Apocalypse 17:8;SKN;53-1114;13;2;monter vue
Esaie 50:6;SKN;53-1114;17;2;dos nai
Jean 14:7;SKN;53-1114;20;2;connu lavez
Luc 7:36;SKN;53-1114;20;2;manger table
Psaumes 41:9;SKN;53-1114;27;2;ami leve
Psaumes 41:9;SKN;53-1114;28;2;ami leve
Ephesiens 1:20;SKN;53-1114;50;2;asseoir dentre
Marc 16:1;SKN;53-1114;53;2;etant marie
Jean 14:9;SKN;53-1114;57;2;mas montre
Esaie 60:1;SKN;53-1114;60;2;leternel leve
Psaumes 16:8;SKN;53-1114;60;2;leternel serai
Apocalypse 19:11;SKN;53-1114;63;2;appele blanc
Psaumes 35:11;SKN;53-1114;63;2;nai temoins
Luc 16:16;SKN;53-1114;66;2;annonce lors
Zacharie 11:12;SKN;53-1114;66;2;dargent laissez
Hebreux 11:1;SKN;53-1114;67;3;celles espere voit
Ephesiens 1:13;SKN;53-1114;67;2;ayant espere
Jean 5:39;SKN;53-1114;67;2;rendent temoignage
Ephesiens 1:13-14;SKN;53-1114;67;2;ayant espere
Jean 15:7;SKN;53-1114;70;2;demanderez paroles
Apocalypse 3:21;SKN;53-1114;70;2;donnerai vaincu
Galates 3:29;SKN;53-1114;71;2;selon semence
Apocalypse 6:1;SKN;53-1114;80;2;sept voix
Zacharie 14:7;SKN;53-1115E;6;2;aura connu
Esaie 50:6;SKN;53-1115E;14;2;face nai
Luc 17:28;SKN;53-1115E;21;2;buvait mangeait
Genese 3:1;SKN;53-1115E;31;2;arbre champs
Apocalypse 22:8;SKN;53-1115E;32;2;lange rendre
Apocalypse 6:11;SKN;53-1115E;35;2;complet soient
Ephesiens 1:20;SKN;53-1115E;46;2;dentre droite
Jean 3:16;SKN;53-1115M;3;2;croit eternelle
Hebreux 6:1;SKN;53-1115M;7;2;mortes repentance
Esaie 9:6;SKN;53-1115M;14;2;appellera merveilleux
Esaie 27:12;SKN;53-1115M;16;2;degypte serez
Apocalypse 21:19;SKN;53-1115M;20;2;jaspe premier
Apocalypse 21:23;SKN;53-1115M;24;2;lune soleil
Matthieu 11:10;SKN;53-1115M;28;2;chemin ecrit
Esaie 60:1;SKN;53-1115M;32;2;leve levee
Marc 16:1;SKN;53-1115M;34;2;jacques marie
Jean 14:7;SKN;53-1115M;36;2;connaissez lavez
Apocalypse 13:8;SKN;53-1115M;38;2;ecrit lagneau
Matthieu 12:42;SKN;53-1115M;44;2;entendre jugement
Matthieu 25:46;SKN;53-1115M;48;2;eternelle sen
Jean 5:39;SKN;53-1115M;48;2;eternelle temoignage
Esaie 28:11;SKN;53-1115M;52;2;etrangere langue
Hebreux 13:10;SKN;53-1115M;56;2;droit nont
Matthieu 12:42;SKN;53-1115M;56;2;generation vint
Jacques 5:14;SKN;53-1115M;61;2;anciens malade
Deuteronome 32:11;SKN;53-1115M;65;2;ailes nid
Deuteronome 32:11;SKN;53-1115M;66;2;nid plumes
Apocalypse 6:3;SKN;53-1115M;72;2;animal lorsquil
Deuteronome 18:22;SKN;53-1115M;73;2;leternel peur
Esaie 32:2;SKN;53-1115M;79;2;deau rocher
Esaie 32:2;SKN;53-1115M;80;2;deau rocher
Nombres 19:9;SKN;53-1115M;80;2;eau lassemblee
Esaie 32:2;SKN;53-1115M;81;2;rocher sec
Esaie 32:2;SKN;53-1115M;82;3;deau rocher sec
Esaie 32:2;SKN;53-1115M;83;2;rocher sec
Apocalypse 17:15;SKN;53-1115M;92;2;assise eaux
Esaie 32:2;SKN;53-1115M;92;2;rocher vent
Jean 3:21;SKN;53-1118;87;2;quelles soient
Apocalypse 22:8;SKN;53-1120;13;2;lange pieds
Apocalypse 17:8;SKN;53-1120;18;2;monter vue
Amos 3:7;SKN;53-1120;25;2;prophetes revele
Hebreux 13:10;SKN;53-1120;30;2;droit manger
Jean 3:21;SKN;53-1120;42;2;quelles soient
Genese 2:7;SKN;53-1121;1;2;ame leternel
Esaie 32:2;SKN;53-1121;1;2;aura deau
Zacharie 14:7;SKN;53-1121;1;2;aura leternel
Genese 3:1;SKN;53-1121;1;2;leternel serpent
Esaie 27:12;SKN;53-1121;1;3;degypte disrael leternel
Jean 3:14;SKN;53-1121;1;2;desert serpent
Nombres 19:9;SKN;53-1121;1;2;disrael hors
Genese 14:18;SKN;53-1121;1;2;fit pain
Jacques 5:14;SKN;53-1121;3;2;malade prient
Luc 21:24;SKN;53-1121;3;2;pieds seront
Apocalypse 21:19;SKN;53-1121;4;2;fondement premier
Jean 3:14;SKN;53-1121;4;2;eleve serpent
Matthieu 19:28;SKN;53-1121;7;2;mavez serez
Luc 16:16;SKN;53-1121;14;2;loi prophetes
Matthieu 11:10;SKN;53-1121;14;2;ecrit lequel
Genese 22:14;SKN;53-1121;15;2;jehovah montagne
Apocalypse 22:8;SKN;53-1121;15;2;lange pieds
Apocalypse 21:19;SKN;53-1121;18;2;premier troisieme
Apocalypse 22:8;SKN;53-1121;18;2;montrait pieds
Esaie 14:12;SKN;53-1121;21;2;cieux tombe
Genese 3:1;SKN;53-1121;21;2;jardin serpent
Jean 3:14;SKN;53-1121;21;3;desert eleve serpent
Romains 5:1;SKN;53-1121;24;2;ayant paix
Jean 3:14;SKN;53-1121;24;3;desert eleve serpent
Ephesiens 1:13;SKN;53-1121;25;2;ayant salut
Ephesiens 1:13-14;SKN;53-1121;25;2;ayant salut
Actes 2:4;SKN;53-1121;28;2;dautres selon
Apocalypse 6:6;SKN;53-1121;37;2;mesure milieu
Jean 14:7;SKN;53-1121;41;2;connaissez connu
Hebreux 4:12;SKN;53-1121;42;2;lame vivante
Genese 2:7;SKN;53-1121;42;3;ame poussiere vivante
Apocalypse 3:14;SKN;53-1121;46;2;lange lassemblee
Apocalypse 16:13;SKN;53-1121;52;2;bouche esprits
Psaumes 22:7;SKN;53-1121;52;2;bouche voient
Luc 16:16;SKN;53-1122;5;2;annonce lors
Apocalypse 6:12;SKN;53-1122;8;2;fit lorsquil
Colossiens 1:15;SKN;53-1122;13;2;image premier
Esaie 9:6;SKN;53-1122;14;2;merveilleux paix
Esaie 28:19;SKN;53-1122;17;2;den entendre
Apocalypse 5:9;SKN;53-1122;17;2;achete den
Genese 2:7;SKN;53-1122;21;2;leternel vivante
Esaie 27:12;SKN;53-1122;22;2;jusquau leternel
Jean 12:14;SKN;53-1122;28;2;ecrit selon
Jacques 5:14;SKN;53-1122;29;2;appelle malade
Genese 3:1;SKN;53-1122;32;2;jardin serpent
Malachie 4:5;SKN;53-1122;33;2;envoie vienne
Galates 1:8;SKN;53-1122;39;2;anatheme ange
Apocalypse 16:13;SKN;53-1122;39;2;esprits faux
Psaumes 16:8;SKN;53-1122;40;2;droite leternel
Apocalypse 1:20;SKN;53-1122;40;2;anges droite
Genese 6:4;SKN;53-1122;43;2;eurent filles
Apocalypse 21:19;SKN;53-1122;47;2;premier second
Jean 16:21;SKN;53-1122;55;2;joie lenfant
Ephesiens 1:13;SKN;53-1122;61;2;ayant cru
Ephesiens 1:13-14;SKN;53-1122;61;2;ayant cru
Genese 3:8;SKN;53-1122;65;2;arbres leternel
Joel 2:25;SKN;53-1122;65;2;qua sauterelle
Genese 3:8;SKN;53-1122;67;2;arbres leternel
Malachie 4:5;SKN;53-1122;68;2;envoie leternel
Genese 3:1;SKN;53-1122;69;2;champs leternel
Genese 6:4;SKN;53-1122;71;2;filles jadis
Amos 3:7;SKN;53-1122;84;2;revele serviteurs
Malachie 4:5;SKN;53-1122;85;2;elie leternel
Jean 14:7;SKN;53-1122;90;2;connu lavez
Daniel 7:9;SKN;53-1127;1;2;blanc vetement
Esaie 53:9;SKN;53-1127;1;2;fraude navait
Hebreux 13:10;SKN;53-1129A;6;2;droit tabernacle
Ephesiens 1:20;SKN;53-1129A;13;2;dentre droite
Esaie 14:12;SKN;53-1129A;18;2;nations tombe
Joel 2:25;SKN;53-1129A;22;2;annees qua
Galates 3:29;SKN;53-1129A;29;2;selon semence
Galates 3:16;SKN;53-1129A;34;2;semence semences
Genese 3:8;SKN;53-1129A;35;2;jardin milieu
Genese 4:1;SKN;53-1129A;35;2;cain eve
Hebreux 6:1;SKN;53-1129A;36;2;commencement dhommes
Genese 4:16;SKN;53-1129A;41;2;cain deden
Apocalypse 1:7;SKN;53-1129A;43;2;lont verra
Joel 2:25;SKN;53-1129A;46;2;envoyee qua
Jean 3:21;SKN;53-1129A;50;2;quelles soient
Genese 4:1;SKN;53-1129A;54;2;cain eve
Genese 4:16;SKN;53-1129A;54;2;cain deden
Esaie 50:6;SKN;53-1129A;55;2;cache face
Luc 10:1;SKN;53-1129A;55;2;devait face
Hebreux 12:24;SKN;53-1129A;57;2;mieux nouvelle
Genese 4:16;SKN;53-1129A;61;2;cain deden
Esaie 50:6;SKN;53-1129A;63;2;crachats dos
Genese 3:8;SKN;53-1129A;67;2;arbres milieu
Hebreux 13:10;SKN;53-1129A;69;2;droit manger
Malachie 3:6;SKN;53-1129A;69;2;jacob netes
Apocalypse 1:20;SKN;53-1129A;72;2;droite sept
Esaie 27:12;SKN;53-1129A;75;2;disrael fleuve
Nombres 19:9;SKN;53-1129A;80;2;camp disrael
Ephesiens 1:13;SKN;53-1129A;86;2;cru levangile
Genese 3:8;SKN;53-1129A;86;2;arbres milieu
Ephesiens 1:13-14;SKN;53-1129A;86;2;cru levangile
Deuteronome 32:11;SKN;53-1129A;96;2;ailes laigle
Jean 12:20;SKN;53-1129A;97;2;adorer dentre
Deuteronome 32:11;SKN;53-1129A;98;2;ailes laigle
Esaie 32:2;SKN;53-1129A;101;2;deau vent
Genese 3:8;SKN;53-1129A;103;2;arbres leternel
Genese 3:8;SKN;53-1129A;104;2;arbres leternel
Jean 12:24;SKN;53-1129A;110;2;ble grain
Galates 3:16;SKN;53-1129A;114;2;semence semences
Jean 3:21;SKN;53-1129A;115;2;pratique soient
Apocalypse 17:8;SKN;53-1129A;124;2;monter vue
Psaumes 16:10;SKN;53-1129A;125;2;ame voie
Matthieu 12:42;SKN;53-1129A;129;2;jugement midi
Esaie 14:12;SKN;53-1129A;132;2;brillant cieux
Apocalypse 6:12;SKN;53-1129A;132;2;noir soleil
Apocalypse 22:8;SKN;53-1129A;138;2;lange pieds
Apocalypse 13:14;SKN;53-1129E;2;2;fut miracles
Hebreux 12:24;SKN;53-1129E;2;2;mieux nouvelle
Apocalypse 6:3;SKN;53-1129E;2;2;lorsquil second
Apocalypse 6:12;SKN;53-1129E;2;2;fit lorsquil
Genese 14:18;SKN;53-1129E;2;3;fit roi vin
Jean 5:39;SKN;53-1129E;7;2;eternelle temoignage
Matthieu 12:42;SKN;53-1129E;15;2;entendre vint
Genese 22:14;SKN;53-1129E;20;3;jehovah jire pourvu
Esaie 53:9;SKN;53-1129E;21;2;aucune navait
Apocalypse 6:6;SKN;53-1129E;27;2;mesure milieu
Matthieu 11:10;SKN;53-1129E;34;2;ecrit lequel
Esaie 50:6;SKN;53-1129E;46;2;joues nai
Esaie 53:9;SKN;53-1129E;46;3;aucune bouche navait
Apocalypse 21:23;SKN;53-1129E;62;3;lampe lune soleil
Galates 1:8;SKN;53-1129E;67;2;anatheme ange
Psaumes 42:7;SKN;53-1129E;84;2;tes voix
Psaumes 103:3;SKN;53-1129E;85;2;guerit pardonne
Esaie 50:6;SKN;53-1129E;89;2;cache nai
Genese 22:14;SKN;53-1130;1;2;appela leternel
Genese 3:1;SKN;53-1130;1;2;leternel quaucun
Apocalypse 3:14;SKN;53-1130;3;3;commencement creation temoin
Apocalypse 17:15;SKN;53-1130;5;2;langues nations
Actes 2:4;SKN;53-1130;7;2;langues selon
Esaie 60:1;SKN;53-1130;8;2;leve levee
Hebreux 13:10;SKN;53-1130;9;2;manger nont
Matthieu 12:42;SKN;53-1130;9;2;entendre jugement
Luc 7:36;SKN;53-1130;9;2;manger table
Zacharie 11:12;SKN;53-1130;18;2;donnez laissez
Joel 2:25;SKN;53-1130;41;2;envoyee qua
Psaumes 42:7;SKN;53-1130;43;2;cataractes tes
Joel 2:25;SKN;53-1130;47;2;annees armee
Romains 5:1;SKN;53-1130;62;2;ayant paix
Jean 14:7;SKN;53-1130;69;2;auriez lavez
Matthieu 11:10;SKN;53-1201;2;3;chemin ecrit lequel
Jean 5:14;SKN;53-1201;2;2;gueri peur
Jacques 5:14;SKN;53-1201;9;3;anciens dhuile malade
Genese 3:8;SKN;53-1201;13;2;arbres jardin
Genese 3:1;SKN;53-1201;13;2;arbre jardin
Actes 2:38;SKN;53-1201;18;2;peches remission
Ephesiens 4:30;SKN;53-1201;19;3;lequel nattristez redemption
Hebreux 12:24;SKN;53-1201;20;2;mieux nouvelle
Esaie 14:12;SKN;53-1201;23;2;cieux tombe
Matthieu 12:42;SKN;53-1201;23;2;entendre midi
Luc 17:28;SKN;53-1201;24;2;arriva mangeait
Matthieu 12:42;SKN;53-1201;26;2;jugement vint
Colossiens 1:15;SKN;53-1201;30;2;creation premier
Apocalypse 6:1;SKN;53-1201;30;2;tonnerre viens
Genese 22:14;SKN;53-1201;31;2;leternel pourvu
Genese 3:8;SKN;53-1201;31;2;leternel voix
Deuteronome 18:22;SKN;53-1201;31;2;leternel peur
Malachie 4:5;SKN;53-1201;31;2;leternel terrible
Amos 3:7;SKN;53-1201;33;2;leternel secret
Malachie 4:5;SKN;53-1201;33;2;leternel vienne
Apocalypse 22:8;SKN;53-1201;41;2;pieds rendre
Ephesiens 1:5;SKN;53-1201;42;2;plaisir selon
Apocalypse 3:14;SKN;53-1201;46;3;lange lassemblee temoin
Nombres 19:9;SKN;53-1201;46;2;disrael lassemblee
Esaie 32:2;SKN;53-1201;55;2;deau rocher
Genese 22:14;SKN;53-1201;62;2;montagne pourvu
Esaie 32:2;SKN;53-1201;62;2;aura deau
Matthieu 12:42;SKN;53-1201;62;2;jugement vint
Malachie 4:5;SKN;53-1201;65;3;elie envoie leternel
Malachie 4:5;SKN;53-1201;68;2;elie envoie
Esaie 60:1;SKN;53-1201;75;2;leve levee
Genese 22:14;SKN;53-1201;76;2;leternel pourvu
Luc 24:49;SKN;53-1201;78;2;den revetus
Genese 22:14;SKN;53-1201;79;2;leternel pourvu
Malachie 4:5;SKN;53-1201;79;2;elie leternel
Matthieu 24:7;SKN;53-1201;81;2;aura nation
Jacques 5:14;SKN;53-1201;82;2;dhuile malade
Jean 5:39;SKN;53-1201;82;2;rendent temoignage
Actes 2:4;SKN;53-1201;88;2;langues selon
Apocalypse 5:9;SKN;53-1201;88;3;langue nation tribu
Apocalypse 6:11;SKN;53-1201;89;2;reposent robe
Actes 10:44;SKN;53-1201;94;2;mots prononcait
Matthieu 11:10;SKN;53-1203;1;2;chemin jenvoie
Psaumes 42:7;SKN;53-1203;1;2;tes voix
Psaumes 16:8;SKN;53-1203;8;2;droite serai
Hebreux 13:10;SKN;53-1203;15;2;droit manger
Psaumes 103:3;SKN;53-1203;17;2;guerit tes
Matthieu 19:28;SKN;53-1203;19;3;douze serez tribus
Matthieu 24:7;SKN;53-1203;25;2;nation royaume
Apocalypse 5:9;SKN;53-1203;25;2;den nation
Esaie 9:5;SKN;53-1203;46;2;guerre manteau
Esaie 50:6;SKN;53-1203;61;2;dos nai
Daniel 7:9;SKN;53-1203;75;2;blanc cheveux
Actes 2:4;SKN;53-1203;83;2;dautres langues
Psaumes 35:11;SKN;53-1203;84;2;levent nai
Apocalypse 6:11;SKN;53-1203;85;2;robe soient
Esaie 28:19;SKN;53-1204;1;2;entendre nuit
Apocalypse 6:3;SKN;53-1204;1;2;lorsquil viens
Galates 3:29;SKN;53-1204;2;3;dabraham heritiers selon
Jean 15:7;SKN;53-1204;3;2;demanderez paroles
Hebreux 13:12;SKN;53-1204;8;2;hors propre
Apocalypse 5:9;SKN;53-1204;10;2;achete den
Hebreux 6:4;SKN;53-1204;12;2;devenus don
Luc 16:16;SKN;53-1204;13;3;annonce lors royaume
Joel 2:25;SKN;53-1204;19;2;annees milieu
Apocalypse 1:10;SKN;53-1204;27;2;journee voix
Esaie 50:6;SKN;53-1204;42;2;dos nai
Luc 1:17;SKN;53-1204;48;2;ira pensee
Apocalypse 6:12;SKN;53-1204;51;2;soleil vis
Matthieu 25:46;SKN;53-1204;55;2;iront sen
Esaie 50:6;SKN;53-1204;56;2;face nai
Luc 10:1;SKN;53-1204;56;2;devait face
Malachie 4:5;SKN;53-1204;71;2;envoie vienne
Luc 7:36;SKN;53-1204;78;2;manger table
Apocalypse 3:21;SKN;53-1205;1;2;vaincra vaincu
Jean 12:14;SKN;53-1205;2;2;ecrit selon
Esaie 14:12;SKN;53-1205;3;2;cieux nations
Ephesiens 1:5;SKN;53-1205;10;2;predestines selon
Esaie 32:2;SKN;53-1205;12;2;abri protection
Marc 13:27;SKN;53-1205;15;2;bout jusquau
Esaie 50:6;SKN;53-1205;16;2;dos poil
Apocalypse 6:12;SKN;53-1205;16;2;poil soleil
Zacharie 11:12;SKN;53-1205;18;2;dargent pieces
Daniel 7:9;SKN;53-1205;27;2;lancien vis
Apocalypse 16:13;SKN;53-1205;27;2;esprits vis
Matthieu 5:28;SKN;53-1205;28;2;adultere commis
Daniel 12:3;SKN;53-1205;31;2;enseigne etoiles
Apocalypse 1:20;SKN;53-1205;31;2;anges etoiles
Matthieu 11:25;SKN;53-1205;34;2;intelligents sages
Jean 3:21;SKN;53-1205;35;2;quelles soient
Apocalypse 1:20;SKN;53-1205;37;2;anges droite
Apocalypse 13:8;SKN;53-1205;40;2;ecrit lagneau
Apocalypse 17:8;SKN;53-1205;40;2;ecrits noms
Matthieu 1:23;SKN;53-1205;42;2;enceinte vierge
Luc 16:16;SKN;53-1205;54;2;lors royaume
Genese 1:28;SKN;53-1205;55;2;cieux oiseaux
Jean 12:20;SKN;53-1205;61;2;dentre montes
Hebreux 13:10;SKN;53-1205;61;2;droit nont
Esaie 14:12;SKN;53-1205;61;2;cieux tombe
Luc 16:16;SKN;53-1205;63;2;annonce royaume
Luc 16:16;SKN;53-1205;64;2;prophetes royaume
Apocalypse 21:19;SKN;53-1205;67;3;premier second troisieme
Matthieu 12:42;SKN;53-1205;81;2;midi salomon
Genese 1:28;SKN;53-1205;81;2;cieux mer
Apocalypse 17:8;SKN;53-1205;96;2;ecrits noms
Psaumes 41:9;SKN;53-1205;96;2;ami intime
Luc 1:17;SKN;53-1205;97;2;preparer retourner
Actes 2:4;SKN;53-1205;102;2;furent langues
Actes 2:38;SKN;53-1205;103;3;baptise don repentez
Luc 21:24;SKN;53-1205;105;2;seront tomberont
Hebreux 13:12;SKN;53-1206A;2;2;propre sanctifie
Daniel 7:9;SKN;53-1206A;3;3;blanc cheveux neige
Jean 12:24;SKN;53-1206A;3;2;demeure tombant
Esaie 53:9;SKN;53-1206A;3;2;navait riche
Daniel 12:3;SKN;53-1206A;3;2;enseigne splendeur
Genese 3:8;SKN;53-1206E;32;2;arbres milieu
Apocalypse 6:6;SKN;53-1206E;32;2;mesure milieu
Galates 1:8;SKN;53-1206E;67;2;ange memes
Joel 2:25;SKN;53-1206E;67;2;milieu qua
Jean 5:14;SKN;53-1206E;84;2;gueri peur
Romains 5:1;SKN;53-1206E;90;2;ayant paix
Genese 6:4;SKN;53-1212;2;2;quelles venus
Esaie 9:6;SKN;53-1212;18;2;fort merveilleux
Genese 22:14;SKN;53-1212;29;3;leternel montagne pourvu
Esaie 32:2;SKN;53-1212;29;2;aura deau
Genese 3:1;SKN;53-1212;29;2;leternel serpent
Jean 3:14;SKN;53-1212;29;2;desert serpent
Nombres 19:9;SKN;53-1212;29;2;disrael hors
Genese 14:18;SKN;53-1212;29;2;fit pain
Genese 15:16;SKN;53-1212;31;2;generation quatrieme
Actes 2:4;SKN;53-1212;34;2;dautres selon
Jean 12:24;SKN;53-1212;37;2;ble grain
Amos 3:7;SKN;53-1212;52;2;prophetes serviteurs
Luc 10:1;SKN;53-1212;56;2;face villes
Matthieu 11:10;SKN;53-1212;57;2;chemin face
Luc 1:17;SKN;53-1212;59;2;justes pensee
Actes 2:4;SKN;53-1212;63;2;langues selon
Esaie 9:6;SKN;53-1212;95;2;merveilleux paix
Genese 2:18-21;SKN;53-1213E;12;2;aide ferai
Zacharie 11:12;SKN;53-1213E;21;2;dargent donnez
Apocalypse 17:15;SKN;53-1213E;25;2;eaux peuples
Genese 3:8;SKN;53-1213E;25;3;leternel milieu voix
Matthieu 11:10;SKN;53-1213E;25;2;chemin jenvoie
Apocalypse 6:6;SKN;53-1213E;25;2;milieu voix
Psaumes 16:8;SKN;53-1213E;25;2;leternel serai
Psaumes 42:7;SKN;53-1213E;25;2;tes voix
Actes 2:4;SKN;53-1213E;27;2;dautres remplis
Galates 3:29;SKN;53-1213E;29;3;dabraham heritiers selon
Galates 3:29;SKN;53-1213E;30;2;dabraham heritiers
Esaie 28:18;SKN;53-1213E;33;2;fleau serez
Matthieu 11:10;SKN;53-1213E;33;2;chemin face
Jean 3:21;SKN;53-1213E;37;2;quelles soient
Jean 3:14;SKN;53-1213E;37;3;desert eleve serpent
Apocalypse 5:9;SKN;53-1213E;42;2;ouvrir sceaux
Malachie 4:5;SKN;53-1213E;50;2;terrible vienne
Esaie 60:1;SKN;53-1213E;59;2;leternel leve
Amos 3:7;SKN;53-1213E;70;3;leternel prophetes revele
Hebreux 11:1;SKN;53-1213M;4;3;celles espere voit
Malachie 3:6;SKN;53-1213M;7;2;change leternel
Apocalypse 13:8;SKN;53-1213M;13;3;fondation immole lagneau
Apocalypse 17:8;SKN;53-1213M;13;2;fondation vue
Apocalypse 21:23;SKN;53-1213M;18;2;lune soleil
Apocalypse 21:19;SKN;53-1213M;21;2;fondement premier
Matthieu 1:23;SKN;53-1213M;21;3;emmanuel enfantera vierge
Ephesiens 1:20;SKN;53-1213M;23;2;celestes lieux
Zacharie 11:12;SKN;53-1213M;27;2;dargent pieces
Esaie 9:6;SKN;53-1213M;31;3;conseiller paix prince
Zacharie 11:12;SKN;53-1213M;33;2;donnez pieces
Daniel 7:9;SKN;53-1213M;36;3;cheveux laine lancien
Psaumes 35:11;SKN;53-1213M;46;2;levent nai
Psaumes 41:9;SKN;53-1213M;48;2;ami intime
Esaie 9:6;SKN;53-1213M;51;3;merveilleux paix prince
Luc 16:16;SKN;53-1213M;52;2;lors prophetes
Apocalypse 13:8;SKN;53-1213M;54;2;immole lagneau
Apocalypse 13:8;SKN;53-1213M;55;2;immole lagneau
Apocalypse 5:9;SKN;53-1213M;55;2;cantique immole
Apocalypse 13:8;SKN;53-1213M;57;2;immole lagneau
Apocalypse 13:8;SKN;53-1213M;58;2;immole lagneau
Apocalypse 13:8;SKN;54-0103E;10;2;fondation immole
Apocalypse 13:8;SKN;54-0103E;12;2;fondation immole
Apocalypse 13:8;SKN;54-0103E;13;2;fondation immole
Apocalypse 5:9;SKN;54-0103E;13;2;immole ouvrir
Ephesiens 1:20;SKN;54-0103E;31;3;celestes droite lieux
Esaie 28:18;SKN;54-0103E;45;2;passera serez
Jean 5:39;SKN;54-0103E;61;2;rendent temoignage
Jean 5:39;SKN;54-0103E;62;2;rendent temoignage
Genese 15:16;SKN;54-0103E;65;2;generation quatrieme
Daniel 7:9;SKN;54-0103E;68;2;blanc furent
Matthieu 19:28;SKN;54-0103E;68;2;jugeant trone
Luc 21:24;SKN;54-0103E;91;2;pieds tranchant
Hebreux 6:1;SKN;54-0103E;100;2;commencement repentance
Luc 16:16;SKN;54-0103E;101;2;annonce prophetes
Galates 1:8;SKN;54-0103E;103;2;memes outre
Amos 3:7;SKN;54-0103E;115;2;prophetes revele
Esaie 28:8;SKN;54-0103E;133;2;pleines tables
Esaie 28:8;SKN;54-0103E;134;2;pleines tables
Actes 15:14;SKN;54-0103E;165;2;nations simeon
Luc 21:24;SKN;54-0103E;166;2;pieds seront
Psaumes 41:9;SKN;54-0103E;173;2;ami intime
Matthieu 24:7;SKN;54-0103E;173;2;nation royaume
Genese 3:8;SKN;54-0103E;179;2;milieu voix
Apocalypse 6:6;SKN;54-0103E;179;2;milieu voix
Psaumes 41:9;SKN;54-0103E;192;2;ami leve
Actes 10:35;SKN;54-0103E;203;2;justice pratique
Jean 5:39;SKN;54-0103E;207;2;rendent temoignage
Matthieu 11:10;SKN;54-0103E;210;2;chemin lequel
Matthieu 24:19;SKN;54-0103M;66;3;celles enceintes malheur
Esaie 14:12;SKN;54-0103M;68;2;cieux nations
Luc 21:24;SKN;54-0103M;77;2;captifs nations
Actes 15:14;SKN;54-0103M;83;2;nations tirer
Apocalypse 17:15;SKN;54-0103M;93;2;foules nations
Luc 21:24;SKN;54-0103M;93;3;jerusalem nations seront
Luc 21:24;SKN;54-0103M;96;2;jerusalem nations
Actes 2:4;SKN;54-0103M;99;2;furent selon
Daniel 7:9;SKN;54-0103M;99;3;cheveux furent laine
Matthieu 11:10;SKN;54-0103M;99;2;ecrit lequel
Jean 12:14;SKN;54-0103M;99;2;ecrit selon
Apocalypse 17:8;SKN;54-0103M;102;2;ecrits noms
Daniel 7:9;SKN;54-0103M;105;2;blanc furent
Ephesiens 1:20;SKN;54-0103M;106;2;celestes lieux
Ephesiens 1:20;SKN;54-0103M;107;2;celestes lieux
Ephesiens 1:5;SKN;54-0103M;113;2;ayant plaisir
Genese 4:16;SKN;54-0103M;123;2;cain nod
Genese 6:4;SKN;54-0103M;125;3;geants renom venus
Matthieu 5:28;SKN;54-0103M;125;2;adultere commis
Genese 15:16;SKN;54-0103M;148;2;generation reviendront
Malachie 4:5;SKN;54-0103M;172;2;envoie terrible
Actes 10:35;SKN;54-0103M;175;2;justice pratique
Hebreux 13:10;SKN;54-0103M;176;2;autel tabernacle
Esaie 28:19;SKN;54-0103M;176;2;entendre nuit
Genese 1:28;SKN;54-0103M;181;2;cieux mer
Genese 1:28;SKN;54-0103M;196;2;mer vivant
Marc 13:27;SKN;54-0103M;196;2;anges vents
Marc 13:27;SKN;54-0103M;197;2;anges vents
Genese 3:8;SKN;54-0103M;198;2;arbres voix
Apocalypse 6:12;SKN;54-0103M;198;2;sceau vis
Marc 13:27;SKN;54-0103M;198;2;anges vents
Matthieu 19:28;SKN;54-0103M;200;2;douze tribus
Matthieu 19:28;SKN;54-0103M;201;3;douze tribus trone
Apocalypse 5:9;SKN;54-0103M;201;3;langue nation tribu
Apocalypse 5:9;SKN;54-0103M;203;3;langue nation tribu
Apocalypse 6:12;SKN;54-0103M;211;2;sceau vis
Luc 21:24;SKN;54-0103M;213;2;jerusalem nations
Esaie 9:5;SKN;54-0103M;215;2;guerre seront
Luc 21:24;SKN;54-0103M;222;2;jerusalem nations
Matthieu 24:7;SKN;54-0103M;234;2;aura royaume
Matthieu 24:7;SKN;54-0103M;240;2;nation royaume
Matthieu 19:28;SKN;54-0103M;248;2;douze tribus
Apocalypse 5:9;SKN;54-0103M;252;2;cantique chantent
Apocalypse 5:9;SKN;54-0103M;254;2;cantique chantent
Jean 3:14;SKN;54-0103M;269;2;eleve serpent
Jean 3:14;SKN;54-0103M;270;2;eleve serpent
Zacharie 11:12;SKN;54-0216;5;2;laissez pieces
Apocalypse 17:8;SKN;54-0216;8;2;voyant vue
Galates 3:29;SKN;54-0216;11;2;selon semence
Jacques 5:14;SKN;54-0216;12;2;lassemblee malade
Malachie 4:5;SKN;54-0216;19;2;elie envoie
Matthieu 5:28;SKN;54-0216;23;3;adultere commis convoiter
Nombres 19:9;SKN;54-0216;25;2;camp disrael
Marc 13:27;SKN;54-0216;27;2;bout jusquau
Jean 16:21;SKN;54-0216;28;2;heure lenfant
Apocalypse 17:15;SKN;54-0216;31;2;assise foules
Joel 2:25;SKN;54-0216;31;2;annees milieu
Ephesiens 1:20;SKN;54-0216;37;2;celestes lieux
Zacharie 11:12;SKN;54-0216;45;2;laissez sinon
Apocalypse 21:23;SKN;54-0216;59;2;lune soleil
Jean 5:14;SKN;54-0216;61;2;gueri peur
Psaumes 103:3;SKN;54-0216;63;2;guerit tes
Matthieu 11:10;SKN;54-0216;65;2;chemin lequel
Malachie 4:5;SKN;54-0216;72;2;envoie vienne
Genese 1:28;SKN;54-0216;72;2;meut vivant
Amos 3:7;SKN;54-0217;4;2;leternel prophetes
Genese 22:14;SKN;54-0217;4;3;appela jehovah leternel
Esaie 53:9;SKN;54-0217;4;2;donna navait
Malachie 4:5;SKN;54-0217;4;2;elie leternel
Apocalypse 13:14;SKN;54-0217;8;2;fut miracles
Actes 2:4;SKN;54-0217;9;2;commencerent furent
Matthieu 19:28;SKN;54-0217;9;2;disrael mavez
Jacques 5:14;SKN;54-0217;10;2;anciens malade
Apocalypse 5:9;SKN;54-0217;10;2;digne nation
Amos 3:7;SKN;54-0217;18;2;leternel prophetes
Malachie 3:6;SKN;54-0217;18;2;change leternel
Daniel 7:9;SKN;54-0217;19;2;cheveux sassit
Apocalypse 17:15;SKN;54-0217;20;3;assise langues nations
Apocalypse 1:20;SKN;54-0217;24;2;droite sept
Psaumes 41:9;SKN;54-0217;29;3;ami intime leve
Psaumes 41:9;SKN;54-0217;31;2;ami intime
Hebreux 6:4;SKN;54-0217;42;2;goute impossible
Hebreux 11:1;SKN;54-0217;42;2;celles espere
Esaie 50:6;SKN;54-0217;47;2;face nai
Galates 3:29;SKN;54-0217;54;3;dabraham heritiers selon
Genese 1:28;SKN;54-0217;54;2;cieux mer
Matthieu 28:18;SKN;54-0217;62;2;autorite parla
Luc 10:1;SKN;54-0217;62;2;devait envoya
Apocalypse 17:8;SKN;54-0217;64;2;voyant vue
Actes 2:4;SKN;54-0217;68;2;dautres langues
Galates 3:16;SKN;54-0217;71;2;parlant plusieurs
Hebreux 12:24;SKN;54-0220;22;2;mieux nouvelle
Esaie 9:6;SKN;54-0220;23;2;merveilleux paix
Esaie 9:6;SKN;54-0220;27;2;merveilleux paix
Apocalypse 1:20;SKN;54-0220;27;2;anges mystere
Apocalypse 21:23;SKN;54-0220;31;2;lune soleil
Apocalypse 1:20;SKN;54-0220;31;2;anges etoiles
Psaumes 42:7;SKN;54-0220;32;2;appelle tes
Esaie 14:12;SKN;54-0220;35;2;brillant cieux
Apocalypse 21:19;SKN;54-0220;35;2;jaspe premier
Esaie 32:2;SKN;54-0220;39;2;aura rocher
Deuteronome 32:11;SKN;54-0220;39;3;ailes laigle plumes
Esaie 50:6;SKN;54-0220;41;2;dos face
Luc 10:1;SKN;54-0220;41;2;devait face
Amos 3:7;SKN;54-0220;44;2;prophetes revele
Jean 5:14;SKN;54-0220;44;2;peur temple
Esaie 28:19;SKN;54-0220;45;2;entendre nuit
Actes 2:4;SKN;54-0220;54;2;dautres selon
Ephesiens 1:5;SKN;54-0220;54;2;selon volonte
Matthieu 25:46;SKN;54-0220;54;2;justes sen
Jean 12:14;SKN;54-0220;54;2;ecrit selon
Esaie 53:9;SKN;54-0220;60;2;aucune bouche
Hebreux 6:4;SKN;54-0220;68;2;devenus don
Daniel 7:9;SKN;54-0220;71;2;vetement vis
Jean 5:14;SKN;54-0220;72;2;peur tarrive
Matthieu 24:7;SKN;54-0221;2;2;nation royaume
Luc 10:1;SKN;54-0221;5;2;devait villes
Genese 14:18;SKN;54-0221;7;2;roi salem
Esaie 28:19;SKN;54-0221;11;2;entendre nuit
Jacques 5:14;SKN;54-0221;14;2;lassemblee malade
Esaie 28:19;SKN;54-0221;19;2;den nuit
Jean 12:24;SKN;54-0221;34;2;ble grain
Apocalypse 22:19;SKN;54-0221;35;2;larbre ote
Esaie 53:9;SKN;54-0221;36;2;aucune navait
Psaumes 41:9;SKN;54-0221;39;2;leve pain
Luc 7:36;SKN;54-0221;39;2;manger table
Psaumes 103:3;SKN;54-0221;47;2;pardonne tes
Malachie 4:5;SKN;54-0221;47;2;envoie vienne
Psaumes 103:3;SKN;54-0221;51;2;guerit tes
Matthieu 11:25;SKN;54-0221;51;2;cache loue
Jean 12:14;SKN;54-0228A;5;2;ecrit selon
Esaie 9:6;SKN;54-0228A;7;2;appellera merveilleux
Actes 2:4;SKN;54-0228A;23;2;dautres langues
Esaie 9:6;SKN;54-0228A;33;2;merveilleux paix
Ephesiens 1:5;SKN;54-0228A;33;2;selon volonte
Apocalypse 21:23;SKN;54-0228A;36;2;lampe lune
Ephesiens 1:20;SKN;54-0228A;41;2;celestes lieux
Deuteronome 32:11;SKN;54-0228A;43;2;nid prend
Marc 13:27;SKN;54-0228A;44;2;bout jusquau
Jean 12:24;SKN;54-0228A;54;2;ble grain
Galates 3:29;SKN;54-0228A;54;2;selon semence
Luc 1:17;SKN;54-0228A;57;3;dispose pensee retourner
Actes 2:4;SKN;54-0228A;59;2;dautres remplis
Daniel 12:3;SKN;54-0228A;72;2;enseigne etoiles
Actes 15:14;SKN;54-0228A;84;2;premierement simeon
Psaumes 42:7;SKN;54-0228A;84;2;appelle tes
Deuteronome 32:11;SKN;54-0228A;87;2;ailes nid
Deuteronome 32:11;SKN;54-0228A;88;3;ailes nid plumes
Esaie 32:2;SKN;54-0228A;91;3;abri rocher vent
Apocalypse 6:6;SKN;54-0228A;91;2;milieu voix
Hebreux 6:4;SKN;54-0228A;92;2;celeste devenus
Hebreux 13:10;SKN;54-0228A;96;2;autel droit
Matthieu 19:28;SKN;54-0228A;100;2;serez trone
Luc 16:16;SKN;54-0228E;1;2;lors royaume
Apocalypse 22:19;SKN;54-0228E;8;2;ecrits paroles
Apocalypse 17:8;SKN;54-0228E;8;2;ecrits voyant
Luc 16:16;SKN;54-0228E;8;2;loi prophetes
Matthieu 11:10;SKN;54-0228E;8;2;ecrit lequel
Marc 11:21;SKN;54-0228E;8;2;figuier rabbi
Apocalypse 13:8;SKN;54-0228E;10;3;fondation immole lagneau
Actes 2:4;SKN;54-0228E;11;2;donnait langues
Zacharie 11:12;SKN;54-0228E;13;2;donnez laissez
Psaumes 41:9;SKN;54-0228E;14;2;ami intime
Esaie 9:5;SKN;54-0228E;28;2;guerre seront
Psaumes 16:8;SKN;54-0228E;30;2;droite serai
Esaie 53:9;SKN;54-0228E;34;2;bouche navait
Hebreux 11:1;SKN;54-0228E;37;2;celles voit
Psaumes 41:9;SKN;54-0228E;40;2;ami leve
Psaumes 41:9;SKN;54-0228E;43;2;ami leve
Actes 2:38;SKN;54-0228E;52;2;don peches
Psaumes 14:1;SKN;54-0228E;52;2;actions fasse
Hebreux 13:12;SKN;54-0228E;70;2;hors souffert
Malachie 4:5;SKN;54-0228E;78;2;envoie vienne
Hebreux 11:1;SKN;54-0301;9;3;celles espere voit
Jean 5:14;SKN;54-0301;9;2;gueri peur
Apocalypse 17:15;SKN;54-0301;10;2;eaux peuples
Apocalypse 6:6;SKN;54-0301;10;2;milieu voix
Psaumes 16:8;SKN;54-0301;10;2;leternel serai
Psaumes 42:7;SKN;54-0301;10;2;tes voix
Galates 3:16;SKN;54-0301;11;2;parlant semence
Apocalypse 21:19;SKN;54-0301;14;2;jaspe premier
Matthieu 11:25;SKN;54-0301;18;3;cache intelligents sages
Esaie 14:12;SKN;54-0301;27;2;cieux tombe
Esaie 9:6;SKN;54-0301;28;2;fort prince
Matthieu 19:28;SKN;54-0301;32;2;disrael trone
Psaumes 42:7;SKN;54-0301;33;2;tes voix
Apocalypse 13:14;SKN;54-0301;37;2;fut miracles
Psaumes 103:3;SKN;54-0301;44;3;iniquites pardonne tes
Apocalypse 1:20;SKN;54-0301;56;2;anges sept
Apocalypse 3:14;SKN;54-0301;58;2;lange veritable
Matthieu 19:28;SKN;54-0301;60;2;disrael trone
Apocalypse 3:21;SKN;54-0301;60;2;sasseoir trone
Luc 21:24;SKN;54-0301;68;2;pieds seront
Ephesiens 1:20;SKN;54-0301;74;2;dentre droite
Hebreux 6:4;SKN;54-0301;78;2;celeste don
Ephesiens 1:5;SKN;54-0301;80;2;selon volonte
Apocalypse 5:9;SKN;54-0302;3;2;chantent den
Hebreux 11:1;SKN;54-0302;13;3;celles espere voit
Genese 1:28;SKN;54-0302;15;2;mer poissons
Nombres 19:9;SKN;54-0302;15;2;hors lassemblee
Matthieu 27:51;SKN;54-0302;16;2;temple voile
Genese 1:28;SKN;54-0302;16;2;cieux mer
Genese 1:28;SKN;54-0302;18;2;cieux mer
Esaie 50:6;SKN;54-0302;24;2;face lopprobre
Luc 10:1;SKN;54-0302;24;2;devait face
Joel 2:25;SKN;54-0302;26;2;annees milieu
Malachie 3:6;SKN;54-0302;33;2;change netes
Actes 2:4;SKN;54-0302;34;2;dautres langues
Luc 10:1;SKN;54-0302;36;2;devait face
Malachie 4:5;SKN;54-0302;39;2;envoie vienne
Genese 22:14;SKN;54-0302;48;2;jehovah leternel
Esaie 50:6;SKN;54-0302;48;2;face joues
Malachie 3:6;SKN;54-0302;49;2;change leternel
Psaumes 41:9;SKN;54-0302;52;2;mangeait pain
Actes 2:4;SKN;54-0302;58;2;dautres langues
Daniel 12:3;SKN;54-0302;58;2;brilleront etoiles
Esaie 50:6;SKN;54-0302;68;2;cache dos
Daniel 7:9;SKN;54-0303;2;2;lancien places
Luc 10:1;SKN;54-0303;5;2;lieux villes
Jean 12:14;SKN;54-0303;15;2;ecrit selon
Genese 14:18;SKN;54-0303;15;2;pain roi
Ephesiens 1:20;SKN;54-0303;25;2;celestes lieux
Malachie 3:6;SKN;54-0303;34;2;change leternel
Apocalypse 3:14;SKN;54-0303;41;2;lassemblee temoin
Ephesiens 1:20;SKN;54-0303;43;3;celestes dentre lieux
Marc 13:27;SKN;54-0303;44;2;bout jusquau
Jean 12:20;SKN;54-0303;46;2;dentre montes
Psaumes 22:18;SKN;54-0303;49;2;robe sort
Apocalypse 1:7;SKN;54-0303;51;2;lont verra
Luc 21:24;SKN;54-0303;60;2;pieds seront
Luc 17:28;SKN;54-0303;62;2;buvait mangeait
Genese 1:28;SKN;54-0303;71;2;meut vivant
Psaumes 16:10;SKN;54-0304;20;2;corruption voie
Psaumes 16:10;SKN;54-0304;28;2;ame voie
Genese 1:28;SKN;54-0304;37;2;meut vivant
Zacharie 11:12;SKN;54-0304;43;2;donnez laissez
Nombres 19:9;SKN;54-0304;44;2;camp eau
Luc 1:17;SKN;54-0304;45;2;curs retourner
Psaumes 16:8;SKN;54-0305;12;2;droite serai
Apocalypse 21:23;SKN;54-0305;15;2;lune soleil
Hebreux 6:1;SKN;54-0305;15;2;commencement fondement
Apocalypse 21:23;SKN;54-0305;16;2;lune soleil
Psaumes 103:3;SKN;54-0305;39;2;infirmites tes
Matthieu 27:51;SKN;54-0305;40;2;rochers voile
Genese 1:28;SKN;54-0305;40;2;cieux vivant
Apocalypse 17:15;SKN;54-0305;54;2;nations peuples
Jacques 5:14;SKN;54-0305;63;2;lassemblee malade
Esaie 60:1;SKN;54-0305;67;2;leve levee
Esaie 28:18;SKN;54-0306;2;2;inonde serez
Luc 16:16;SKN;54-0306;11;2;annonce lors
Hebreux 10:26;SKN;54-0306;18;2;peches sacrifice
Genese 2:18-21;SKN;54-0306;20;2;ferai leternel
Joel 2:25;SKN;54-0306;20;2;qua rendrai
Esaie 50:6;SKN;54-0306;26;2;cache nai
Psaumes 42:7;SKN;54-0306;31;2;appelle tes
Ephesiens 1:5;SKN;54-0306;42;2;selon volonte
Galates 3:16;SKN;54-0306;42;2;semence semences
Apocalypse 21:19;SKN;54-0306;42;2;fondement premier
Hebreux 12:24;SKN;54-0306;42;2;alliance mieux
Apocalypse 6:12;SKN;54-0306;42;2;lorsquil soleil
Galates 3:16;SKN;54-0306;43;2;plusieurs semence
Ephesiens 1:20;SKN;54-0306;45;2;asseoir droite
Galates 3:29;SKN;54-0306;45;2;dabraham semence
Galates 3:29;SKN;54-0306;46;2;dabraham semence
Apocalypse 6:12;SKN;54-0306;46;2;lorsquil soleil
Galates 3:29;SKN;54-0306;47;2;dabraham semence
Galates 3:29;SKN;54-0306;48;3;dabraham selon semence
Psaumes 16:8;SKN;54-0306;48;2;ebranle serai
Galates 3:29;SKN;54-0306;49;2;dabraham semence
Apocalypse 6:12;SKN;54-0306;49;2;lorsquil sixieme
Galates 3:29;SKN;54-0306;51;2;dabraham semence
Apocalypse 6:12;SKN;54-0306;52;2;lorsquil vis
Galates 3:16;SKN;54-0306;55;2;promesses semence
Galates 3:29;SKN;54-0306;55;2;dabraham semence
Galates 3:29;SKN;54-0306;57;2;dabraham semence
Apocalypse 6:3;SKN;54-0306;71;2;lorsquil viens
Ephesiens 1:20;SKN;54-0306;72;3;celestes dentre lieux
Galates 3:29;SKN;54-0306;72;2;dabraham semence
Romains 8:22;SKN;54-0306;77;2;ensemble travail
Galates 3:29;SKN;54-0306;77;3;dabraham selon semence
Galates 3:29;SKN;54-0306;79;2;dabraham semence
Jacques 5:14;SKN;54-0306;84;2;appelle malade
Galates 3:29;SKN;54-0306;95;2;dabraham semence
Nombres 19:9;SKN;54-0306;96;2;hors lassemblee
Jacques 5:14;SKN;54-0306;99;2;appelle lassemblee
Jean 14:7;SKN;54-0307;5;2;connu maviez
Hebreux 13:10;SKN;54-0307;5;2;manger nont
Luc 7:36;SKN;54-0307;5;2;manger table
Genese 6:4;SKN;54-0307;5;2;filles quelles
Hebreux 13:10;SKN;54-0307;8;2;manger nont
Zacharie 11:12;SKN;54-0307;8;2;donnez laissez
Deuteronome 18:22;SKN;54-0307;10;2;dite peur
Ephesiens 1:20;SKN;54-0307;26;2;dentre droite
Hebreux 13:10;SKN;54-0307;29;2;manger nont
Matthieu 24:7;SKN;54-0307;30;2;nation royaume
Apocalypse 5:9;SKN;54-0307;30;2;nation ouvrir
Galates 3:16;SKN;54-0307;33;2;semence semences
Apocalypse 21:23;SKN;54-0307;33;2;lune soleil
Esaie 9:5;SKN;54-0307;37;2;guerre seront
Genese 4:1;SKN;54-0307;39;2;cain eve
Jean 12:24;SKN;54-0307;41;2;fruit meurt
Luc 1:17;SKN;54-0307;42;2;peres retourner
Jean 12:24;SKN;54-0307;44;2;ble grain
Apocalypse 13:8;SKN;54-0307;47;2;immole lagneau
Genese 14:18;SKN;54-0307;48;2;apporter pain
Jean 12:24;SKN;54-0307;49;2;ble grain
Esaie 28:8;SKN;54-0307;50;2;pleines sorte
Actes 2:38;SKN;54-0307;52;3;baptise peches repentez
Genese 4:16;SKN;54-0307;74;2;cain deden
Deuteronome 18:22;SKN;54-0307;77;2;leternel naura
Zacharie 11:12;SKN;54-0307;77;2;laissez sinon
Psaumes 41:9;SKN;54-0307E;2;2;ami intime
Nombres 19:9;SKN;54-0307E;12;2;lassemblee pur
Joel 2:25;SKN;54-0307E;17;2;milieu qua
Psaumes 41:9;SKN;54-0307E;36;2;ami intime
Apocalypse 3:14;SKN;54-0307E;49;2;lange lassemblee
Apocalypse 3:14;SKN;54-0307E;65;2;fidele lassemblee
Apocalypse 6:3;SKN;54-0314;3;2;lorsquil viens
Psaumes 103:3;SKN;54-0314;10;2;guerit tes
Luc 7:36;SKN;54-0314;23;2;manger table
Marc 9:7;SKN;54-0314;30;2;nuee voix
Galates 3:16;SKN;54-0314;31;2;parlant plusieurs
Genese 22:14;SKN;54-0314;32;3;jehovah jire pourvu
Jean 12:20;SKN;54-0314;36;2;dentre grecs
Genese 6:4;SKN;54-0314;41;2;eurent venus
Esaie 53:9;SKN;54-0314;44;2;aucune navait
Esaie 53:9;SKN;54-0314;49;2;bouche navait
Apocalypse 16:13;SKN;54-0314;55;2;esprits faux
Luc 16:16;SKN;54-0314;68;2;annonce loi
Apocalypse 16:13;SKN;54-0314;68;2;bouche esprits
Psaumes 42:7;SKN;54-0314;72;2;tes voix
Jean 14:7;SKN;54-0320;6;2;connaissez connu
Apocalypse 3:14;SKN;54-0320;22;2;commencement lassemblee
Esaie 53:9;SKN;54-0320;23;2;aucune riche
Jean 12:14;SKN;54-0320;23;2;ecrit selon
Jean 3:21;SKN;54-0320;24;2;quelles soient
Hebreux 11:1;SKN;54-0320;29;3;celles espere voit
Genese 2:18-21;SKN;54-0320;37;2;ferai leternel
Nombres 19:9;SKN;54-0320;37;2;camp hors
Matthieu 27:51;SKN;54-0320;42;2;temple voile
Genese 2:18-21;SKN;54-0320;42;2;aide leternel
Joel 2:25;SKN;54-0320;43;2;annees qua
Genese 14:18;SKN;54-0320;46;2;sacrificateur vin
Genese 22:14;SKN;54-0320;52;2;jehovah leternel
Apocalypse 1:20;SKN;54-0320;54;2;mystere sept
Esaie 50:6;SKN;54-0320;62;2;face nai
Ephesiens 1:5;SKN;54-0320;63;2;selon volonte
Genese 1:28;SKN;54-0320;63;2;cieux oiseaux
Hebreux 11:1;SKN;54-0320;65;3;celles espere voit
Psaumes 16:10;SKN;54-0320;67;3;ame corruption voie
Psaumes 16:8;SKN;54-0320;107;2;droite serai
Actes 2:38;SKN;54-0320;110;2;peches recevrez
Jacques 5:14;SKN;54-0320;110;2;lassemblee prient
Hebreux 10:26;SKN;54-0320;110;2;peches sacrifice
Apocalypse 13:8;SKN;54-0321;8;2;fondation immole
Jean 16:21;SKN;54-0321;11;2;heure joie
Luc 16:16;SKN;54-0321;15;2;loi prophetes
Apocalypse 21:23;SKN;54-0321;21;2;lune soleil
Esaie 60:1;SKN;54-0321;22;2;leternel leve
Psaumes 16:8;SKN;54-0321;22;2;leternel serai
Apocalypse 13:8;SKN;54-0321;26;2;ecrit lagneau
Matthieu 27:51;SKN;54-0321;26;2;temple voile
Amos 3:7;SKN;54-0321;27;2;leternel prophetes
Genese 14:18;SKN;54-0321;27;2;roi sacrificateur
Esaie 9:6;SKN;54-0321;28;3;conseiller paix prince
Luc 16:16;SKN;54-0321;28;2;prophetes royaume
Marc 9:7;SKN;54-0321;32;2;nuee voix
Matthieu 16:18;SKN;54-0321;47;3;batirai portes prevaudront
Genese 22:16;SKN;54-0321;47;2;nas refuse
Genese 1:28;SKN;54-0321;47;3;cieux oiseaux vivant
Matthieu 16:18;SKN;54-0321;49;2;portes prevaudront
Marc 13:27;SKN;54-0328;4;2;bout jusquau
Apocalypse 22:19;SKN;54-0328;11;2;cite paroles
Jean 3:21;SKN;54-0328;11;2;quelles soient
Joel 2:25;SKN;54-0328;16;2;annees milieu
Actes 2:4;SKN;54-0328;18;2;dautres selon
Jean 3:14;SKN;54-0328;18;2;desert serpent
Psaumes 22:7;SKN;54-0328;25;2;bouche voient
Psaumes 14:1;SKN;54-0328;34;2;fasse rendu
Daniel 7:9;SKN;54-0328;41;2;pure vetement
Apocalypse 21:23;SKN;54-0329;19;2;lune soleil
Apocalypse 6:12;SKN;54-0329;20;2;lorsquil soleil
Luc 1:17;SKN;54-0329;28;2;pensee retourner
Apocalypse 13:8;SKN;54-0329;30;2;fondation immole
Apocalypse 5:9;SKN;54-0329;30;3;digne immole sceaux
Luc 21:24;SKN;54-0329;73;2;lepee pieds
Matthieu 19:28;SKN;54-0329;75;2;disrael serez
Esaie 28:8;SKN;54-0329;87;3;pleines tables vomissements
Apocalypse 13:14;SKN;54-0329;92;2;image miracles
Matthieu 16:18;SKN;54-0329;117;2;portes prevaudront
Joel 2:25;SKN;54-0329;130;2;armee milieu
Nombres 19:9;SKN;54-0329;131;2;camp disrael
Esaie 60:1;SKN;54-0329;133;2;leternel leve
Nombres 19:9;SKN;54-0329;137;2;camp disrael
Nombres 19:9;SKN;54-0329;142;2;camp disrael
Esaie 9:6;SKN;54-0329;145;2;merveilleux paix
Ephesiens 1:20;SKN;54-0329;162;2;celestes lieux
Matthieu 24:7;SKN;54-0329;162;2;lieux royaume
Genese 4:16;SKN;54-0330;44;2;leternel sortit
Luc 21:24;SKN;54-0330;84;2;lepee tranchant
Esaie 9:6;SKN;54-0330;110;2;fort merveilleux
Deuteronome 18:22;SKN;54-0330;180;2;leternel peur
Joel 2:25;SKN;54-0330;204;2;envoyee milieu
Esaie 28:11;SKN;54-0330;204;2;langue levres
Luc 10:1;SKN;54-0331;1;2;lieux villes
Hebreux 13:10;SKN;54-0331;5;2;droit tabernacle
Galates 1:8;SKN;54-0331;8;2;ange outre
Hebreux 13:12;SKN;54-0331;10;2;propre souffert
Colossiens 1:15;SKN;54-0331;10;2;image premier
Luc 1:17;SKN;54-0331;21;2;pensee preparer
Amos 3:7;SKN;54-0331;28;2;revele serviteurs
Esaie 60:1;SKN;54-0331;28;2;leve levee
Apocalypse 21:19;SKN;54-0331;43;2;premier troisieme
Psaumes 103:3;SKN;54-0331;50;2;guerit tes
Apocalypse 17:8;SKN;54-0401;10;2;monter voyant
Luc 21:24;SKN;54-0401;15;2;pieds seront
Esaie 53:9;SKN;54-0401;15;2;aucune mechants
Marc 13:27;SKN;54-0401;16;2;bout jusquau
Apocalypse 1:20;SKN;54-0401;26;2;anges droite
Luc 16:16;SKN;54-0401;27;2;annonce loi
Jean 3:21;SKN;54-0401;33;2;quelles soient
Esaie 9:5;SKN;54-0401;35;2;manteau roule
Psaumes 103:3;SKN;54-0401;41;2;guerit tes
Luc 16:16;SKN;54-0401;49;2;prophetes royaume
Matthieu 24:7;SKN;54-0401;49;3;aura nation royaume
Apocalypse 5:9;SKN;54-0401;49;2;langue nation
Esaie 50:6;SKN;54-0401;53;2;dos nai
Esaie 53:9;SKN;54-0401;56;2;bouche navait
Esaie 9:6;SKN;54-0401;57;2;paix prince
Apocalypse 17:8;SKN;54-0401;58;2;monter vue
Esaie 50:6;SKN;54-0401;58;2;crachats dos
Hebreux 12:24;SKN;54-0401;61;2;mieux nouvelle
Apocalypse 2:20;SKN;54-0401;69;2;manger prophetesse
Apocalypse 6:6;SKN;54-0401;70;2;milieu voix
Esaie 60:1;SKN;54-0401;70;2;leve levee
Actes 15:14;SKN;54-0401;71;2;nations simeon
Deuteronome 18:22;SKN;54-0401;72;2;naura peur
Galates 3:16;SKN;54-0401;73;2;parlant plusieurs
Esaie 50:6;SKN;54-0401;75;2;face nai
Psaumes 41:9;SKN;54-0401;79;2;ami leve
Zacharie 11:12;SKN;54-0401;83;2;donnez laissez
Esaie 50:6;SKN;54-0402;2;2;dos nai
Jacques 5:14;SKN;54-0402;3;2;anciens dhuile
Apocalypse 21:23;SKN;54-0402;3;2;lampe lune
Esaie 53:9;SKN;54-0402;9;2;aucune navait
Zacharie 11:12;SKN;54-0402;19;2;dargent pieces
Luc 10:1;SKN;54-0402;19;2;devait face
Zacharie 11:12;SKN;54-0402;20;2;dargent pieces
Esaie 53:9;SKN;54-0402;21;2;aucune navait
Luc 10:1;SKN;54-0402;22;2;devait face
Joel 2:25;SKN;54-0402;25;2;milieu qua
Matthieu 16:18;SKN;54-0402;30;2;assemblee portes
Ephesiens 1:20;SKN;54-0402;30;3;asseoir celestes lieux
Apocalypse 1:20;SKN;54-0402;32;2;anges mystere
Psaumes 42:7;SKN;54-0402;34;2;tes voix
Jean 14:7;SKN;54-0402;40;2;connaissez lavez
Apocalypse 13:8;SKN;54-0403;6;2;fondation immole
Psaumes 103:3;SKN;54-0403;7;2;pardonne tes
Marc 13:27;SKN;54-0403;15;2;bout jusquau
Apocalypse 1:7;SKN;54-0403;24;2;lont verra
Amos 3:7;SKN;54-0403;25;2;leternel prophetes
Apocalypse 21:19;SKN;54-0403;31;2;premier troisieme
Amos 3:7;SKN;54-0403;34;2;leternel prophetes
Nombres 19:9;SKN;54-0403;43;3;disrael eau hors
Hebreux 10:26;SKN;54-0403;48;2;peches sacrifice
Luc 17:33;SKN;54-0403;48;2;quiconque sauver
Amos 3:7;SKN;54-0403;50;2;prophetes revele
Luc 21:24;SKN;54-0403;51;2;seront tomberont
Apocalypse 13:14;SKN;54-0403;55;2;fut miracles
Daniel 7:9;SKN;54-0403;66;2;cheveux vetement
Actes 2:38;SKN;54-0403;73;2;peches repentez
Esaie 28:11;SKN;54-0403;74;2;langue levres
Esaie 9:6;SKN;54-0403;78;2;paix prince
Matthieu 24:7;SKN;54-0404E;14;2;aura royaume
Ephesiens 1:5;SKN;54-0404E;30;2;selon volonte
Matthieu 11:25;SKN;54-0404E;46;2;intelligents sages
Hebreux 10:26;SKN;54-0404E;67;2;peches sacrifice
Ephesiens 1:5;SKN;54-0404E;86;2;selon volonte
Genese 22:14;SKN;54-0404E;99;3;jehovah jire pourvu
Hebreux 10:26;SKN;54-0404E;100;2;connaissance sacrifice
Genese 22:16;SKN;54-0404E;100;2;leternel unique
Genese 22:14;SKN;54-0404E;101;2;jehovah jire
Jean 3:14;SKN;54-0404E;104;2;desert serpent
Jean 3:14;SKN;54-0404E;109;3;desert eleve serpent
Jean 3:14;SKN;54-0404E;110;2;eleve serpent
Nombres 19:9;SKN;54-0404E;144;2;disrael hors
Hebreux 10:26;SKN;54-0404E;145;2;peches sacrifice
Psaumes 35:11;SKN;54-0404E;147;2;levent nai
Hebreux 10:26;SKN;54-0404E;161;2;peches sacrifice
Psaumes 103:3;SKN;54-0404E;164;2;guerit tes
Matthieu 24:7;SKN;54-0404E;173;2;aura nation
Ephesiens 1:20;SKN;54-0404E;174;2;celestes lieux
Apocalypse 3:14;SKN;54-0404E;178;2;lange temoin
Hebreux 10:26;SKN;54-0404E;183;2;peches sacrifice
Hebreux 10:26;SKN;54-0404E;184;2;peches sacrifice
Genese 22:14;SKN;54-0404E;189;3;jehovah jire pourvu
Jacques 5:14;SKN;54-0404E;195;2;lassemblee malade
Ephesiens 1:5;SKN;54-0404E;195;2;selon volonte
Psaumes 16:10;SKN;54-0404E;195;2;ame voie
Apocalypse 3:14;SKN;54-0404E;195;3;lange lassemblee temoin
Ephesiens 1:20;SKN;54-0404E;195;2;dentre operee
Romains 8:22;SKN;54-0404E;195;2;ensemble travail
Marc 11:21;SKN;54-0404E;195;2;rabbi setait
Esaie 50:6;SKN;54-0404E;195;2;dos nai
Psaumes 35:11;SKN;54-0404E;195;2;levent nai
Jean 5:39;SKN;54-0404E;195;2;eternelle rendent
Marc 13:27;SKN;54-0404E;195;2;anges bout
Psaumes 42:7;SKN;54-0404E;195;2;tes voix
Nombres 19:9;SKN;54-0404E;195;2;disrael lassemblee
Apocalypse 1:20;SKN;54-0404E;195;2;anges sept
Apocalypse 5:9;SKN;54-0404M;1;2;chantent langue
Nombres 19:9;SKN;54-0404M;21;2;camp hors
Hebreux 10:14;SKN;54-0404M;24;2;offrande sanctifies
Ephesiens 1:5;SKN;54-0404M;29;2;ayant plaisir
Apocalypse 3:14;SKN;54-0404M;29;2;commencement ecris
Jean 12:14;SKN;54-0404M;29;2;ayant ecrit
Nombres 19:9;SKN;54-0404M;42;3;camp eau pur
Ephesiens 1:5;SKN;54-0404M;52;2;plaisir selon
Psaumes 16:10;SKN;54-0404M;64;2;ame voie
Luc 1:17;SKN;54-0411;3;2;ira retourner
Jean 12:20;SKN;54-0411;4;2;dentre grecs
Luc 16:16;SKN;54-0411;10;2;lors royaume
Esaie 53:9;SKN;54-0411;10;2;navait riche
Marc 11:21;SKN;54-0411;14;2;maudit setait
Luc 10:1;SKN;54-0411;19;2;devait face
Apocalypse 6:6;SKN;54-0411;22;2;mesure voix
Esaie 53:9;SKN;54-0411;22;2;aucune navait
Apocalypse 13:14;SKN;54-0411;23;2;miracles repris
Esaie 53:9;SKN;54-0411;23;2;aucune navait
Apocalypse 16:13;SKN;54-0411;31;2;bouche esprits
Esaie 53:9;SKN;54-0411;31;2;bouche fraude
Psaumes 16:8;SKN;54-0411;32;2;droite serai
Joel 2:25;SKN;54-0509;1;2;annees milieu
Luc 16:16;SKN;54-0509;33;2;annonce prophetes
Joel 2:25;SKN;54-0509;62;2;milieu qua
Hebreux 4:12;SKN;54-0509;81;2;epee tranchants
Joel 2:25;SKN;54-0509;160;2;annees armee
Nombres 19:9;SKN;54-0509;245;2;disrael pur
Ephesiens 1:5;SKN;54-0509;259;2;ayant plaisir
Marc 7:7;SKN;54-0509;259;2;commandements enseignant
Marc 13:27;SKN;54-0509;260;2;bout jusquau
Jean 3:21;SKN;54-0509;261;2;quelles soient
Esaie 9:6;SKN;54-0509;262;2;merveilleux paix
Galates 3:16;SKN;54-0512;17;2;semence semences
Apocalypse 1:20;SKN;54-0512;28;2;mystere sept
Apocalypse 6:12;SKN;54-0512;30;2;sceau sixieme
Apocalypse 5:9;SKN;54-0512;33;2;ouvrir sceaux
Jean 12:14;SKN;54-0512;38;2;ecrit selon
Apocalypse 22:19;SKN;54-0512;47;2;paroles prophetie
Apocalypse 3:14;SKN;54-0512;53;2;fidele temoin
Genese 14:18;SKN;54-0512;55;2;roi sacrificateur
Genese 14:18;SKN;54-0512;62;2;pain sacrificateur
Apocalypse 21:19;SKN;54-0512;68;2;premier troisieme
Apocalypse 3:21;SKN;54-0512;79;2;donnerai vaincra
Matthieu 1:23;SKN;54-0512;104;2;emmanuel vierge
Colossiens 1:15;SKN;54-0512;105;2;image premier
Apocalypse 1:20;SKN;54-0512;105;2;etoiles sept
Apocalypse 21:19;SKN;54-0512;110;2;jaspe premier
Apocalypse 1:20;SKN;54-0512;110;2;etoiles sept
Apocalypse 1:10;SKN;54-0512;118;2;trompette voix
Apocalypse 1:10;SKN;54-0512;140;2;trompette voix
Apocalypse 1:10;SKN;54-0512;147;2;trompette voix
Luc 21:24;SKN;54-0512;151;2;nations pieds
Esaie 14:12;SKN;54-0512;152;2;cieux nations
Luc 21:24;SKN;54-0512;152;2;nations pieds
Esaie 9:6;SKN;54-0512;165;3;fort merveilleux siecle
Hebreux 4:12;SKN;54-0512;165;3;discerne epee tranchants
Jean 14:7;SKN;54-0512;165;3;connaissez connu lavez
Hebreux 13:12;SKN;54-0512;165;2;propre souffert
Matthieu 16:18;SKN;54-0512;165;2;assemblee portes
Apocalypse 22:19;SKN;54-0512;165;3;cite ote paroles
Psaumes 16:10;SKN;54-0512;165;3;ame corruption voie
Apocalypse 3:14;SKN;54-0512;165;3;commencement laodicee veritable
Esaie 14:12;SKN;54-0512;165;2;nations tombe
Matthieu 28:20;SKN;54-0512;165;2;enseignant siecle
Luc 16:16;SKN;54-0512;165;2;lors prophetes
Galates 3:16;SKN;54-0512;165;2;parlant plusieurs
Actes 15:14;SKN;54-0512;165;2;nations premierement
Actes 10:35;SKN;54-0512;165;3;craint justice pratique
Esaie 28:18;SKN;54-0512;165;3;alliance fleau serez
Hebreux 12:24;SKN;54-0512;165;3;alliance mieux nouvelle
Romains 8:22;SKN;54-0512;165;2;ensemble travail
Apocalypse 21:23;SKN;54-0512;165;3;cite lampe soleil
Matthieu 19:28;SKN;54-0512;165;3;douze serez trone
Luc 21:24;SKN;54-0512;165;3;nations pieds tranchant
Apocalypse 2:20;SKN;54-0512;165;2;enseigne manger
Apocalypse 16:13;SKN;54-0512;165;3;bete bouche faux
Esaie 50:6;SKN;54-0512;165;2;face frappaient
Esaie 53:9;SKN;54-0512;165;2;bouche mechants
Psaumes 22:18;SKN;54-0512;165;2;robe sort
Apocalypse 3:21;SKN;54-0512;165;3;donnerai trone vaincra
Luc 7:36;SKN;54-0512;165;2;manger table
Apocalypse 5:9;SKN;54-0512;165;2;digne langue
Joel 2:25;SKN;54-0512;165;2;annees milieu
Jean 3:21;SKN;54-0512;165;2;pratique uvres
Hebreux 6:1;SKN;54-0512;165;2;commencement uvres
Apocalypse 6:12;SKN;54-0512;165;2;sixieme soleil
Jean 16:21;SKN;54-0512;165;3;heure joie souvient
Luc 1:17;SKN;54-0512;165;2;curs peres
Jean 12:14;SKN;54-0512;165;3;ayant ecrit selon
Apocalypse 17:8;SKN;54-0513;22;2;bete vue
Apocalypse 13:14;SKN;54-0513;39;2;bete image
Apocalypse 13:14;SKN;54-0513;40;2;bete image
Colossiens 1:15;SKN;54-0513;42;2;image premier
Daniel 7:9;SKN;54-0513;43;2;trones vis
Apocalypse 16:13;SKN;54-0513;43;2;bete vis
Daniel 7:9;SKN;54-0513;46;2;cheveux laine
Luc 21:24;SKN;54-0513;57;2;jerusalem pieds
Genese 15:16;SKN;54-0513;72;2;generation quatrieme
Apocalypse 16:13;SKN;54-0513;123;2;bete vis
Apocalypse 16:13;SKN;54-0513;124;3;bete dragon vis
Apocalypse 16:13;SKN;54-0513;125;2;bete dragon
Apocalypse 16:13;SKN;54-0513;127;2;bete dragon
Apocalypse 21:23;SKN;54-0513;129;2;lune soleil
Apocalypse 21:23;SKN;54-0513;130;2;lune soleil
Matthieu 19:28;SKN;54-0513;130;2;douze trone
Luc 21:24;SKN;54-0513;130;2;nations pieds
Apocalypse 1:20;SKN;54-0513;130;2;etoiles sept
Apocalypse 21:23;SKN;54-0513;131;2;lune soleil
Apocalypse 16:13;SKN;54-0513;140;2;bete dragon
Matthieu 19:9;SKN;54-0513;148;2;adultere epouse
Apocalypse 17:8;SKN;54-0513;158;2;bete monter
Apocalypse 16:13;SKN;54-0513;158;2;bete vis
Apocalypse 16:13;SKN;54-0513;160;2;bete dragon
Apocalypse 17:8;SKN;54-0513;185;2;bete perdition
Apocalypse 17:15;SKN;54-0513;186;3;assise eaux prostituee
Apocalypse 1:20;SKN;54-0513;186;2;anges sept
Matthieu 19:9;SKN;54-0513;190;2;adultere commet
Apocalypse 16:13;SKN;54-0513;193;2;bete vis
Apocalypse 17:8;SKN;54-0513;194;2;bete noms
Apocalypse 17:15;SKN;54-0513;194;2;assise nations
Apocalypse 16:13;SKN;54-0513;194;2;bete vis
Apocalypse 16:13;SKN;54-0513;196;2;bete dragon
Apocalypse 1:20;SKN;54-0513;205;2;etoiles sept
Jean 14:7;SKN;54-0513;217;2;auriez connu
Ephesiens 1:20;SKN;54-0513;227;2;celestes lieux
Apocalypse 1:20;SKN;54-0513;241;2;mystere sept
Apocalypse 17:8;SKN;54-0513;242;2;bete vue
Apocalypse 17:8;SKN;54-0513;243;2;bete monter
Apocalypse 17:8;SKN;54-0513;244;2;bete perdition
Apocalypse 13:8;SKN;54-0513;245;2;ecrit fondation
Galates 3:29;SKN;54-0513;250;3;heritiers selon semence
Apocalypse 17:15;SKN;54-0513;253;2;assise prostituee
Apocalypse 2:20;SKN;54-0513;253;2;commettre enseigne
Jean 16:21;SKN;54-0513;259;2;heure joie
Apocalypse 1:20;SKN;54-0513;262;2;sept vues
Apocalypse 6:12;SKN;54-0513;274;2;fit soleil
Luc 1:17;SKN;54-0514;23;2;ira retourner
Apocalypse 13:8;SKN;54-0514;33;2;fondation immole
Apocalypse 6:6;SKN;54-0514;47;2;milieu voix
Apocalypse 1:20;SKN;54-0514;47;2;lampes sept
Apocalypse 21:23;SKN;54-0514;52;2;lune soleil
Hebreux 6:1;SKN;54-0514;54;2;commencement uvres
Galates 3:29;SKN;54-0514;58;3;heritiers selon semence
Colossiens 1:15;SKN;54-0514;92;2;creation premier
Apocalypse 21:23;SKN;54-0514;94;2;illuminee lampe
Zacharie 11:12;SKN;54-0514;124;2;laissez sinon
Jean 12:24;SKN;54-0514;172;3;ble grain meurt
Genese 14:18;SKN;54-0514;205;3;pain sacrificateur vin
Esaie 28:8;SKN;54-0514;208;3;pleines tables vomissements
Esaie 28:11;SKN;54-0514;208;2;levres parlera
Apocalypse 6:12;SKN;54-0514;239;2;noir vis
Marc 13:27;SKN;54-0514;239;2;anges vents
Marc 13:27;SKN;54-0514;240;2;anges vents
Matthieu 19:28;SKN;54-0514;242;2;douze tribus
Apocalypse 5:9;SKN;54-0514;242;3;langue nation tribu
Apocalypse 5:9;SKN;54-0514;243;2;langue nation
Apocalypse 5:9;SKN;54-0514;246;2;langue nation
Marc 13:27;SKN;54-0514;254;2;anges vents
Marc 13:27;SKN;54-0514;271;2;anges vents
Marc 7:7;SKN;54-0514;283;2;commandements doctrines
Psaumes 16:10;SKN;54-0514;290;2;ame voie
Jean 14:7;SKN;54-0514;300;2;auriez connu
Jean 5:39;SKN;54-0515;86;2;rendent temoignage
Jean 5:39;SKN;54-0515;87;2;rendent temoignage
Luc 24:49;SKN;54-0515;101;2;den revetus
Apocalypse 5:9;SKN;54-0515;101;2;den immole
Matthieu 16:18;SKN;54-0515;105;3;batirai portes prevaudront
Genese 6:4;SKN;54-0515;112;2;furent venus
Apocalypse 5:9;SKN;54-0515;152;2;nation tribu
Matthieu 19:28;SKN;54-0515;153;3;disrael douze tribus
Apocalypse 5:9;SKN;54-0515;154;3;langue nation tribu
Luc 7:36;SKN;54-0515;168;2;mit table
Ephesiens 5:26;SKN;54-0515;169;2;deau lavage
Apocalypse 22:19;SKN;54-0515;185;2;ote sainte
Luc 21:24;SKN;54-0515;187;2;jerusalem nations
Matthieu 1:23;SKN;54-0515;208;3;enceinte enfantera vierge
Matthieu 16:18;SKN;54-0515;234;3;batirai portes prevaudront
Matthieu 16:18;SKN;54-0515;237;3;batirai portes prevaudront
Matthieu 16:18;SKN;54-0515;238;3;batirai portes prevaudront
Matthieu 16:18;SKN;54-0515;250;2;portes prevaudront
Apocalypse 6:6;SKN;54-0515;274;2;lhuile voix
Marc 9:7;SKN;54-0515;274;2;vint voix
Genese 6:4;SKN;54-0515;275;2;furent quelles
Esaie 28:18;SKN;54-0515;277;2;passera serez
Hebreux 10:26;SKN;54-0515;304;2;peches sacrifice
Esaie 14:12;SKN;54-0515;304;2;cieux tombe
Matthieu 27:51;SKN;54-0515;304;2;rochers voile
Psaumes 22:18;SKN;54-0515;309;2;sort vetements
Apocalypse 16:13;SKN;54-0515;315;2;bouche dragon
Galates 3:16;SKN;54-0515;325;2;parlant plusieurs
Apocalypse 5:9;SKN;54-0515;362;2;cantique den
Hebreux 4:12;SKN;54-0516;1;2;epee tranchants
Hebreux 12:24;SKN;54-0516;1;2;mieux nouvelle
Hebreux 10:26;SKN;54-0516;8;2;connaissance peches
Jacques 5:14;SKN;54-0516;11;2;anciens lassemblee
Marc 16:1;SKN;54-0516;17;2;magdala marie
Matthieu 16:18;SKN;54-0516;22;3;batirai portes prevaudront
Jean 5:39;SKN;54-0516;23;2;rendent temoignage
Ephesiens 5:26;SKN;54-0516;27;2;deau lavage
Jean 16:21;SKN;54-0516;27;2;enfante lenfant
Marc 7:7;SKN;54-0516;34;2;dhommes enseignant
Galates 1:8;SKN;54-0516;36;2;anatheme ange
Matthieu 5:28;SKN;54-0516;41;2;commis quiconque
Jean 3:21;SKN;54-0516;51;2;quelles soient
Apocalypse 21:23;SKN;54-0516;53;2;lune soleil
Apocalypse 21:23;SKN;54-0516;54;2;lune soleil
Apocalypse 21:23;SKN;54-0516;55;2;lune soleil
Apocalypse 21:23;SKN;54-0516;56;2;lune soleil
Apocalypse 21:23;SKN;54-0516;57;2;lune soleil
Apocalypse 21:23;SKN;54-0516;59;2;lune soleil
Apocalypse 21:23;SKN;54-0516;60;2;lune soleil
Apocalypse 1:20;SKN;54-0516;61;2;etoiles sept
Apocalypse 16:13;SKN;54-0516;63;2;bete dragon
Apocalypse 3:21;SKN;54-0516;64;3;trone vaincra vaincu
Ephesiens 1:20;SKN;54-0516;65;2;celestes lieux
Apocalypse 16:13;SKN;54-0516;66;2;bete dragon
Apocalypse 16:13;SKN;54-0516;67;2;bete dragon
Apocalypse 16:13;SKN;54-0516;68;2;dragon esprits
Apocalypse 16:13;SKN;54-0516;69;2;bete dragon
Apocalypse 6:6;SKN;54-0516;73;2;jentendis voix
Apocalypse 1:10;SKN;54-0516;73;2;jentendis voix
Apocalypse 3:21;SKN;54-0516;73;2;donnerai vaincu
Luc 16:16;SKN;54-0516;76;2;loi lors
Hebreux 10:26;SKN;54-0516;78;2;peches sacrifice
Marc 16:1;SKN;54-0516;78;2;etant sabbat
Matthieu 5:28;SKN;54-0516;79;2;adultere commis
Apocalypse 13:8;SKN;54-0516;80;2;immole lagneau
Matthieu 5:28;SKN;54-0516;84;2;commis convoiter
Genese 4:1;SKN;54-0516;87;2;cain eve
Genese 4:16;SKN;54-0516;87;2;cain deden
Ephesiens 1:20;SKN;54-0516;98;2;celestes lieux
Psaumes 22:18;SKN;54-0516;100;2;robe sort
Luc 16:16;SKN;54-0516;103;2;loi royaume
Apocalypse 21:23;SKN;54-0516;103;2;lagneau soleil
Jean 12:14;SKN;54-0619;19;2;ayant selon
Jean 12:14;SKN;54-0619;27;2;ayant ecrit
Joel 2:25;SKN;54-0620;9;2;qua sauterelle
Ephesiens 1:20;SKN;54-0620;11;2;celestes lieux
Colossiens 1:15;SKN;54-0620;15;2;image premier
Galates 1:8;SKN;54-0620;16;2;anatheme ange
Apocalypse 3:14;SKN;54-0620;16;2;commencement lange
Luc 16:16;SKN;54-0620;17;2;annonce prophetes
Genese 4:1;SKN;54-0620;18;2;cain eve
Colossiens 1:15;SKN;54-0620;18;2;image premier
Genese 4:16;SKN;54-0620;20;2;cain deden
Genese 4:16;SKN;54-0620;23;2;cain deden
Hebreux 6:1;SKN;54-0620;26;2;commencement letat
Jean 12:24;SKN;54-0620;32;2;ble fruit
Genese 22:14;SKN;54-0620;33;2;jehovah pourvu
Jacques 5:14;SKN;54-0620;43;3;appelle dhuile malade
Apocalypse 22:19;SKN;54-0620;43;2;paroles prophetie
Apocalypse 17:15;SKN;54-0620;43;2;langues prostituee
Malachie 3:6;SKN;54-0620;43;3;change jacob leternel
Genese 4:1;SKN;54-0620;43;2;cain leternel
Genese 4:16;SKN;54-0620;43;2;cain leternel
Apocalypse 13:6;SKN;54-0620;43;2;bouche habitent
Genese 2:18-21;SKN;54-0620;43;2;ferai leternel
Apocalypse 16:13;SKN;54-0620;43;2;bouche faux
Psaumes 22:7;SKN;54-0620;43;2;bouche moquent
Apocalypse 5:9;SKN;54-0620;43;2;den nation
Joel 2:25;SKN;54-0620;43;3;annees milieu sauterelle
Genese 6:4;SKN;54-0620;43;2;filles quelles
Luc 1:17;SKN;54-0620;43;2;curs ira
Jean 3:14;SKN;54-0620;43;2;desert eleve
Jean 12:14;SKN;54-0620;43;2;ayant selon
Nombres 19:9;SKN;54-0620;43;2;camp disrael
Genese 14:18;SKN;54-0620;43;2;fit roi
Esaie 9:5;SKN;54-0620;43;2;pature seront
Apocalypse 21:19;SKN;54-0620E;19;2;fondement premier
Esaie 53:9;SKN;54-0620E;22;2;aucune navait
Nombres 19:9;SKN;54-0620E;26;2;disrael hors
Apocalypse 6:6;SKN;54-0620E;34;2;milieu voix
Genese 22:14;SKN;54-0620E;39;2;leternel pourvu
Romains 5:1;SKN;54-0620E;40;2;ayant paix
Apocalypse 13:8;SKN;54-0620E;40;3;fondation immole lagneau
Apocalypse 22:19;SKN;54-0620E;45;2;paroles prophetie
Hebreux 10:26;SKN;54-0620E;74;2;connaissance sacrifice
Luc 21:24;SKN;54-0620E;74;2;jerusalem pieds
Apocalypse 21:23;SKN;54-0624;2;2;lune soleil
Deuteronome 32:11;SKN;54-0624;4;2;ailes nid
Deuteronome 32:11;SKN;54-0624;5;2;ailes nid
Ephesiens 1:20;SKN;54-0624;6;2;celestes lieux
Deuteronome 32:11;SKN;54-0624;6;2;nid prend
Deuteronome 32:11;SKN;54-0624;7;3;ailes nid plumes
Psaumes 16:10;SKN;54-0624;26;3;ame corruption voie
Matthieu 28:18;SKN;54-0624;49;2;autorite parla
Galates 1:8;SKN;54-0624;65;2;ange memes
Apocalypse 5:9;SKN;54-0718A;2;2;cantique den
Luc 21:24;SKN;54-0718A;3;2;jerusalem seront
Genese 2:18-21;SKN;54-0718A;5;2;aide ferai
Esaie 14:12;SKN;54-0718A;8;2;cieux nations
Apocalypse 21:23;SKN;54-0718A;8;2;lune soleil
Luc 21:24;SKN;54-0718A;8;2;nations seront
Genese 22:16;SKN;54-0718A;8;2;leternel unique
Luc 11:29;SKN;54-0718A;11;2;generation mechante
Luc 10:1;SKN;54-0718A;22;2;devait villes
Jean 15:7;SKN;54-0718A;23;2;demanderez paroles
Luc 11:29;SKN;54-0718A;23;2;generation mechante
Jean 12:14;SKN;54-0718A;26;2;ayant ecrit
Esaie 9:6;SKN;54-0718A;33;2;fort paix
Actes 10:35;SKN;54-0718A;39;2;justice nation
Luc 16:16;SKN;54-0718A;44;2;annonce prophetes
Apocalypse 17:15;SKN;54-0718A;46;2;nations vues
Jean 3:21;SKN;54-0718A;50;2;pratique soient
Apocalypse 6:6;SKN;54-0718A;59;2;milieu voix
Nombres 19:9;SKN;54-0718A;59;2;camp eau
Esaie 53:9;SKN;54-0718E;24;2;bouche navait
Hebreux 6:1;SKN;54-0718E;28;2;dhommes laissant
Psaumes 16:10;SKN;54-0718E;35;3;ame corruption voie
Psaumes 16:10;SKN;54-0718E;36;3;ame corruption voie
Ephesiens 1:20;SKN;54-0718E;38;2;dentre droite
Apocalypse 6:3;SKN;54-0718E;46;2;lorsquil viens
Luc 21:24;SKN;54-0718E;48;2;jerusalem pieds
Apocalypse 6:6;SKN;54-0718E;56;2;mesure voix
Jean 14:7;SKN;54-0718E;75;2;connaissez lavez
Apocalypse 2:20;SKN;54-0719A;5;2;enseigne manger
Apocalypse 5:9;SKN;54-0719A;12;2;ouvrir sceaux
Jacques 5:14;SKN;54-0719A;13;3;appelle malade prient
Hebreux 13:12;SKN;54-0719A;13;2;hors propre
Hebreux 10:26;SKN;54-0719A;13;3;connaissance peches sacrifice
Apocalypse 13:8;SKN;54-0719A;13;3;ecrit fondation immole
Psaumes 16:10;SKN;54-0719A;13;3;ame corruption voie
Genese 22:14;SKN;54-0719A;13;3;leternel montagne pourvu
Esaie 14:12;SKN;54-0719A;13;2;cieux tombe
Matthieu 28:20;SKN;54-0719A;13;2;enseignant garder
Apocalypse 17:15;SKN;54-0719A;13;2;eaux langues
Galates 3:16;SKN;54-0719A;13;2;plusieurs promesses
Matthieu 25:46;SKN;54-0719A;13;2;eternelle sen
Matthieu 27:51;SKN;54-0719A;13;2;rochers temple
Malachie 3:6;SKN;54-0719A;13;2;leternel netes
Apocalypse 6:6;SKN;54-0719A;13;3;mesure milieu voix
Genese 4:1;SKN;54-0719A;13;2;cain leternel
Ephesiens 1:20;SKN;54-0719A;13;2;dentre droite
Hebreux 12:24;SKN;54-0719A;13;2;mieux nouvelle
Jean 12:24;SKN;54-0719A;13;3;ble fruit grain
Genese 4:16;SKN;54-0719A;13;2;cain leternel
Marc 9:7;SKN;54-0719A;13;2;vint voix
Esaie 60:1;SKN;54-0719A;13;2;leternel leve
Apocalypse 21:23;SKN;54-0719A;13;3;cite lune soleil
Matthieu 19:28;SKN;54-0719A;13;3;disrael serez trone
Apocalypse 2:20;SKN;54-0719A;13;2;enseigne manger
Deuteronome 18:22;SKN;54-0719A;13;3;leternel naura peur
Genese 22:16;SKN;54-0719A;13;2;leternel nas
Jean 15:7;SKN;54-0719A;13;2;demanderez paroles
Apocalypse 16:13;SKN;54-0719A;13;2;esprits faux
Esaie 53:9;SKN;54-0719A;13;3;aucune donna navait
Zacharie 11:12;SKN;54-0719A;13;2;laissez sinon
Apocalypse 1:10;SKN;54-0719A;13;2;journee voix
Apocalypse 3:21;SKN;54-0719A;13;2;trone vaincu
Psaumes 14:1;SKN;54-0719A;13;2;fasse rendu
Apocalypse 6:3;SKN;54-0719A;13;3;lorsquil ouvrit sceau
Luc 7:36;SKN;54-0719A;13;2;manger pharisiens
Apocalypse 5:9;SKN;54-0719A;13;3;den immole sceaux
Galates 3:29;SKN;54-0719A;13;2;dabraham selon
Joel 2:25;SKN;54-0719A;13;3;annees milieu qua
Jean 16:21;SKN;54-0719A;13;3;heure joie lenfant
Jean 3:14;SKN;54-0719A;13;3;desert eleve serpent
Jean 12:14;SKN;54-0719A;13;3;ayant ecrit selon
Psaumes 16:8;SKN;54-0719A;13;2;droite leternel
Daniel 12:3;SKN;54-0719A;13;2;enseigne justice
Jean 5:39;SKN;54-0719A;13;3;eternelle rendent temoignage
Marc 16:1;SKN;54-0719A;13;2;etant jacques
Nombres 19:9;SKN;54-0719A;13;3;disrael hors pur
Genese 14:18;SKN;54-0719A;13;3;apporter pain roi
Esaie 9:5;SKN;54-0719A;13;2;guerre seront
Apocalypse 1:20;SKN;54-0719A;13;3;droite mystere sept
Jean 3:21;SKN;54-0719E;3;2;quelles soient
Esaie 9:6;SKN;54-0719E;6;2;merveilleux paix
Esaie 60:1;SKN;54-0719E;12;2;leternel leve
Nombres 19:9;SKN;54-0719E;12;2;camp disrael
Genese 22:14;SKN;54-0719E;13;3;jehovah jire pourvu
Nombres 19:9;SKN;54-0719E;15;2;disrael eau
Genese 22:14;SKN;54-0719E;20;2;jehovah jire
Nombres 19:9;SKN;54-0719E;20;2;camp disrael
Nombres 19:9;SKN;54-0719E;21;2;camp disrael
Genese 22:14;SKN;54-0719E;22;2;jehovah jire
Jean 3:14;SKN;54-0719E;22;2;eleve serpent
Jean 3:14;SKN;54-0719E;25;2;desert serpent
Genese 22:14;SKN;54-0719E;26;3;jehovah jire pourvu
Genese 22:14;SKN;54-0719E;27;3;jehovah jire pourvu
Genese 22:14;SKN;54-0719E;28;3;jehovah jire pourvu
Apocalypse 17:15;SKN;54-0719E;29;2;eaux langues
Jean 3:14;SKN;54-0719E;29;2;eleva serpent
Genese 22:14;SKN;54-0719E;30;3;jehovah jire pourvu
Hebreux 10:26;SKN;54-0719E;31;2;peches sacrifice
Galates 3:16;SKN;54-0719E;31;2;semence semences
Jean 12:24;SKN;54-0719E;31;2;ble grain
Hebreux 10:26;SKN;54-0719E;32;2;peches sacrifice
Genese 6:4;SKN;54-0719E;34;2;filles venus
Jean 3:14;SKN;54-0719E;34;2;eleve serpent
Hebreux 11:1;SKN;54-0719E;40;2;celles voit
Jean 12:24;SKN;54-0719E;61;2;ble meurt
Jean 3:21;SKN;54-0719E;62;2;quelles soient
Matthieu 25:46;SKN;54-0720A;4;2;eternelle sen
Marc 9:7;SKN;54-0720A;29;2;vint voix
Jean 12:14;SKN;54-0720A;29;2;ayant selon
Apocalypse 1:20;SKN;54-0720A;36;2;anges droite
Genese 22:14;SKN;54-0720A;46;2;leternel montagne
Deuteronome 18:22;SKN;54-0720A;46;2;leternel peur
Esaie 60:1;SKN;54-0720A;47;2;leternel leve
Matthieu 16:18;SKN;54-0720A;73;3;batirai portes prevaudront
Apocalypse 1:20;SKN;54-0720A;75;2;anges sept
Jean 3:14;SKN;54-0720A;79;2;eleve serpent
Zacharie 11:12;SKN;54-0720A;93;2;dargent donnez
Genese 14:18;SKN;54-0720E;8;2;apporter pain
Actes 10:35;SKN;54-0720E;19;2;nation quen
Apocalypse 17:15;SKN;54-0720E;24;2;nations peuples
Jean 3:21;SKN;54-0720E;48;2;quelles soient
Jean 5:39;SKN;54-0720E;53;2;rendent temoignage
Galates 1:8;SKN;54-0721;12;2;ange outre
Hebreux 13:12;SKN;54-0721;12;3;propre sanctifie souffert
Apocalypse 22:19;SKN;54-0721;12;2;ote prophetie
Genese 22:14;SKN;54-0721;12;2;jehovah montagne
Esaie 14:12;SKN;54-0721;12;3;cieux nations tombe
Apocalypse 17:15;SKN;54-0721;12;2;assise nations
Galates 3:16;SKN;54-0721;12;2;parlant semence
Actes 15:14;SKN;54-0721;12;3;nations tirer visite
Apocalypse 6:6;SKN;54-0721;12;2;mesure voix
Ephesiens 1:20;SKN;54-0721;12;3;celestes droite lieux
Esaie 60:1;SKN;54-0721;12;2;leve levee
Apocalypse 16:13;SKN;54-0721;12;2;esprits faux
Genese 15:16;SKN;54-0721;12;2;generation quatrieme
Apocalypse 1:10;SKN;54-0721;12;2;journee voix
Psaumes 14:1;SKN;54-0721;12;2;fasse rendu
Matthieu 1:23;SKN;54-0721;12;2;emmanuel interprete
Apocalypse 5:9;SKN;54-0721;12;3;cantique chantent nation
Jean 3:21;SKN;54-0721;12;3;manifestees soient uvres
Genese 6:4;SKN;54-0721;12;2;eurent venus
Jean 16:21;SKN;54-0721;12;2;heure joie
Luc 1:17;SKN;54-0721;12;3;curs pensee preparer
Luc 11:29;SKN;54-0721;12;3;generation jonas mechante
Hebreux 10:14;SKN;54-0721;12;2;parfaits rendu
Apocalypse 1:20;SKN;54-0721;12;2;anges droite
Apocalypse 5:9;SKN;54-0722;2;2;cantique digne
Hebreux 12:24;SKN;54-0722;5;2;mieux nouvelle
Hebreux 10:26;SKN;54-0722;12;2;connaissance sacrifice
Jacques 5:14;SKN;54-0722;26;2;appelle malade
Hebreux 13:12;SKN;54-0722;27;2;hors propre
Apocalypse 22:19;SKN;54-0723;3;2;ecrits paroles
Apocalypse 2:20;SKN;54-0723;5;2;commettre idoles
Joel 2:25;SKN;54-0723;21;2;annees milieu
Ephesiens 1:20;SKN;54-0723;22;2;asseoir droite
Apocalypse 5:9;SKN;54-0723;28;2;langue nation
Zacharie 11:12;SKN;54-0723;32;2;laissez pieces
Apocalypse 17:15;SKN;54-0723;48;2;langues peuples
Actes 15:14;SKN;54-0723;48;2;premierement tirer
Luc 11:29;SKN;54-0723;67;2;generation mechante
Ephesiens 1:20;SKN;54-0724;1;2;asseoir dentre
Galates 1:8;SKN;54-0724;12;2;ange memes
Marc 11:21;SKN;54-0724;14;2;sec setait
Apocalypse 1:20;SKN;54-0724;19;2;mystere sept
Apocalypse 21:23;SKN;54-0724;27;2;lune soleil
Deuteronome 32:11;SKN;54-0724;28;2;ailes plumes
Esaie 28:11;SKN;54-0724;36;2;langue parlera
Jean 12:20;SKN;54-0724;37;2;adorer dentre
Ephesiens 1:20;SKN;54-0724;37;2;asseoir dentre
Luc 17:28;SKN;54-0724;41;2;buvait mangeait
Apocalypse 1:10;SKN;54-0724;51;2;fus journee
Apocalypse 17:15;SKN;54-0724;74;2;assise langues
Apocalypse 6:6;SKN;54-0725;3;2;mesure milieu
Apocalypse 6:3;SKN;54-0725;15;2;lorsquil viens
Jean 3:21;SKN;54-0725;30;2;quelles soient
Luc 7:36;SKN;54-0725;45;2;manger table
Esaie 60:1;SKN;54-0725;53;2;leve levee
Jacques 5:14;SKN;54-0803;10;2;appelle malade
Matthieu 28:18;SKN;54-0803;50;2;autorite donnee
Apocalypse 17:15;SKN;54-0803;87;2;assise eaux
Apocalypse 21:19;SKN;54-0804;53;2;jaspe premier
Esaie 60:1;SKN;54-0809A;2;2;leve levee
Esaie 53:9;SKN;54-0809A;3;2;bouche navait
Joel 2:25;SKN;54-0809A;8;2;qua sauterelle
Jacques 5:14;SKN;54-0809A;26;2;dhuile malade
Genese 4:16;SKN;54-0809A;26;2;cain deden
Jean 5:39;SKN;54-0809A;28;2;eternelle temoignage
Matthieu 16:18;SKN;54-0809A;31;3;batirai portes prevaudront
Matthieu 16:18;SKN;54-0809A;32;2;portes prevaudront
Genese 4:16;SKN;54-0809A;33;2;cain deden
Genese 4:1;SKN;54-0809A;40;2;cain leternel
Genese 4:16;SKN;54-0809A;40;2;cain leternel
Esaie 53:9;SKN;54-0809A;48;2;aucune bouche
Apocalypse 6:6;SKN;54-0809A;49;2;mesure milieu
Apocalypse 17:15;SKN;54-0809A;55;2;assise langues
Luc 1:17;SKN;54-0809E;16;2;ira retourner
Luc 16:16;SKN;54-0809E;18;2;prophetes royaume
Esaie 14:12;SKN;54-0809E;50;2;cieux tombe
Jacques 5:14;SKN;54-0810;13;2;appelle malade
Jean 14:7;SKN;54-0811;1;2;connaissez lavez
Apocalypse 21:19;SKN;54-0811;10;2;jaspe premier
Apocalypse 6:3;SKN;54-0811;11;2;animal lorsquil
Deuteronome 32:11;SKN;54-0811;12;2;ailes plumes
Deuteronome 32:11;SKN;54-0811;19;2;nid plumes
Deuteronome 32:11;SKN;54-0811;22;2;ailes nid
Deuteronome 32:11;SKN;54-0811;23;3;ailes nid plumes
Deuteronome 32:11;SKN;54-0811;24;2;ailes nid
Deuteronome 32:11;SKN;54-0811;25;2;ailes plumes
Genese 4:16;SKN;54-0811;27;2;leternel sortit
Apocalypse 6:3;SKN;54-0811;29;2;lorsquil viens
Matthieu 27:51;SKN;54-0811;35;2;rochers voile
Psaumes 16:10;SKN;54-0811;42;3;ame corruption voie
Apocalypse 21:23;SKN;54-0811;44;2;lune soleil
Apocalypse 6:3;SKN;54-0811;44;2;lorsquil viens
Esaie 14:12;SKN;54-0811;47;2;cieux tombe
Apocalypse 21:23;SKN;54-0811;50;2;lune soleil
Psaumes 16:8;SKN;54-0811;50;2;droite leternel
Apocalypse 6:6;SKN;54-0811;53;2;mesure milieu
Jacques 5:14;SKN;54-0811;62;2;appelle malade
Hebreux 10:26;SKN;54-0812;6;2;peches sacrifice
Jean 14:7;SKN;54-0812;7;2;connu lavez
Esaie 60:1;SKN;54-0813;1;2;leternel leve
Genese 22:14;SKN;54-0813;3;2;jehovah leternel
Malachie 3:6;SKN;54-0813;3;2;change leternel
Deuteronome 18:22;SKN;54-0813;3;2;leternel peur
Jean 3:14;SKN;54-0813;3;2;desert eleve
Apocalypse 3:21;SKN;54-0813;6;2;donnerai vaincu
Genese 14:18;SKN;54-0813;6;2;pain sacrificateur
Luc 7:36;SKN;54-0813;8;2;manger table
Luc 11:29;SKN;54-0813;13;2;jonas mit
Romains 8:22;SKN;54-0813;17;2;ensemble travail
Luc 7:36;SKN;54-0813;17;2;manger table
Apocalypse 16:13;SKN;54-0813;30;2;esprits faux
Romains 8:22;SKN;54-0813;37;2;ensemble travail
Jacques 5:14;SKN;54-0813;42;2;malade prient
Ephesiens 1:20;SKN;54-0814;1;2;asseoir lieux
Luc 16:16;SKN;54-0814;2;2;loi use
Galates 3:29;SKN;54-0814;2;2;dabraham selon
Jean 12:14;SKN;54-0814;2;3;ayant ecrit selon
Jean 14:7;SKN;54-0814;3;2;connaissez lavez
Genese 2:18-21;SKN;54-0814;7;2;ferai leternel
Ephesiens 1:20;SKN;54-0814;8;2;celestes lieux
Marc 11:21;SKN;54-0814;11;2;figuier setait
Matthieu 11:25;SKN;54-0814;24;2;intelligents sages
Esaie 28:18;SKN;54-0814;30;2;alliance serez
Galates 3:29;SKN;54-0814;31;3;dabraham heritiers selon
Galates 3:29;SKN;54-0814;32;2;dabraham semence
Malachie 3:6;SKN;54-0814;38;2;change netes
Malachie 3:6;SKN;54-0814;41;2;change leternel
Galates 3:29;SKN;54-0814;49;2;dabraham selon
Apocalypse 22:19;SKN;54-0814;51;2;cite larbre
Luc 7:36;SKN;54-0814;64;2;manger table
Hebreux 12:24;SKN;54-0824;4;2;mieux nouvelle
Joel 2:25;SKN;54-0824;27;2;milieu qua
Apocalypse 21:19;SKN;54-0824;31;3;precieuse second troisieme
Marc 11:21;SKN;54-0825;14;2;figuier rabbi
Jean 3:21;SKN;54-0825;41;2;manifestees soient
Esaie 53:9;SKN;54-0829A;9;2;aucune navait
Joel 2:25;SKN;54-0829A;11;2;qua sauterelle
Apocalypse 13:8;SKN;54-0829A;13;3;fondation immole lagneau
Jean 12:24;SKN;54-0829A;17;2;fruit grain
Apocalypse 16:13;SKN;54-0829A;19;2;bete esprits
Genese 4:1;SKN;54-0829A;20;2;cain eve
Genese 4:16;SKN;54-0829A;20;2;cain deden
Jacques 5:14;SKN;54-0829A;33;2;dhuile malade
Apocalypse 13:8;SKN;54-0829A;35;3;fondation immole lagneau
Genese 4:16;SKN;54-0829A;38;2;cain deden
Esaie 53:9;SKN;54-0829A;43;2;aucune bouche
Joel 2:25;SKN;54-0829A;52;2;annees qua
Apocalypse 17:15;SKN;54-0829A;57;2;assise langues
Hebreux 12:24;SKN;54-0829A;57;2;mieux nouvelle
Jacques 5:14;SKN;54-0829A;59;2;anciens malade
Jean 12:14;SKN;54-0900;7;2;ecrit selon
Apocalypse 22:19;SKN;54-0900;10;2;larbre ote
Jean 12:20;SKN;54-0900;25;2;dentre montes
Esaie 14:12;SKN;54-0902;4;2;nations tombe
Jean 12:14;SKN;54-0902;38;2;ayant ecrit
Apocalypse 22:19;SKN;54-0902;64;2;ecrits paroles
Apocalypse 22:19;SKN;54-1003E;48;2;paroles prophetie
Matthieu 19:28;SKN;54-1003E;105;2;douze serez
Deuteronome 32:11;SKN;54-1003E;109;2;etend prend
Apocalypse 16:13;SKN;54-1003E;121;2;esprits faux
Ephesiens 4:30;SKN;54-1003E;124;3;lequel redemption scelles
Ephesiens 4:30;SKN;54-1003E;142;2;redemption scelles
Genese 14:18;SKN;54-1003E;155;2;apporter sacrificateur
Hebreux 12:24;SKN;54-1003E;164;2;alliance nouvelle
Apocalypse 13:8;SKN;54-1003E;171;2;immole lagneau
Hebreux 10:14;SKN;54-1003E;172;3;parfaits rendu sanctifies
Genese 14:18;SKN;54-1003E;185;2;pain vin
Luc 7:36;SKN;54-1003E;188;2;mit table
Psaumes 16:10;SKN;54-1003M;243;3;ame corruption voie
Jean 16:21;SKN;54-1003M;274;2;joie tristesse
Hebreux 10:26;SKN;54-1006;28;3;connaissance peches sacrifice
Apocalypse 17:15;SKN;54-1006;44;2;nations peuples
Marc 9:7;SKN;54-1006;46;2;couvrit vint
Psaumes 16:10;SKN;54-1006;54;2;ame corruption
Genese 22:14;SKN;54-1006;67;2;jehovah montagne
Matthieu 5:28;SKN;54-1006;74;2;adultere commis
Hebreux 11:1;SKN;54-1006;77;2;espere voit
Hebreux 10:14;SKN;54-1006;80;2;parfaits rendu
Matthieu 5:28;SKN;54-1006;97;2;adultere commis
Hebreux 12:24;SKN;54-1006;118;2;mieux nouvelle
Psaumes 16:10;SKN;54-1006;182;2;ame voie
Hebreux 10:26;SKN;54-1024;16;2;peches sacrifice
Hebreux 10:14;SKN;54-1024;30;2;offrande sanctifies
Esaie 28:18;SKN;54-1024;45;2;passera subsistera
Hebreux 11:1;SKN;54-1024;63;2;celles espere
Marc 7:7;SKN;54-1024;94;3;commandements enseignant vain
Jean 3:14;SKN;54-1024;180;3;desert eleve serpent
Matthieu 5:28;SKN;54-1024;183;2;adultere commis
Matthieu 5:28;SKN;54-1024;184;2;adultere commis
Hebreux 10:26;SKN;54-1024;189;3;peches sacrifice volontairement
Hebreux 10:26;SKN;54-1024;244;3;connaissance sacrifice volontairement
Jean 16:21;SKN;54-1024;268;2;joie tristesse
Hebreux 12:24;SKN;54-1114;1;2;mieux nouvelle
Jean 14:7;SKN;54-1114;5;2;connu lavez
Esaie 14:12;SKN;54-1114;14;2;cieux tombe
Marc 16:1;SKN;54-1114;21;2;etant jacques
Matthieu 19:28;SKN;54-1114;25;3;disrael douze tribus
Psaumes 16:10;SKN;54-1114;34;2;ame voie
Apocalypse 22:19;SKN;54-1114;35;2;ote paroles
Matthieu 19:28;SKN;54-1114;37;2;disrael douze
Jean 3:14;SKN;54-1114;47;2;desert serpent
Psaumes 16:8;SKN;54-1114;48;2;leternel serai
Jean 5:39;SKN;54-1114;55;2;eternelle rendent
Apocalypse 13:8;SKN;54-1203;11;3;fondation immole lagneau
Genese 4:16;SKN;54-1203;24;2;cain deden
Apocalypse 13:8;SKN;54-1203;30;3;fondation immole lagneau
Matthieu 5:28;SKN;54-1203;30;2;adultere commis
Apocalypse 6:3;SKN;54-1203;32;2;animal lorsquil
Hebreux 10:26;SKN;54-1203;37;2;peches sacrifice
Hebreux 10:14;SKN;54-1203;38;2;offrande sanctifies
Galates 3:29;SKN;54-1203;41;2;selon semence
Marc 16:1;SKN;54-1203;42;2;etant marie
Jean 12:14;SKN;54-1203;51;2;ecrit selon
Apocalypse 13:8;SKN;54-1203;67;3;fondation immole lagneau
Jean 14:7;SKN;54-1204;3;2;connaissez connu
Jean 12:14;SKN;54-1204;8;2;ayant selon
Hebreux 10:26;SKN;54-1204;9;2;connaissance sacrifice
Matthieu 5:28;SKN;54-1204;13;2;adultere commis
Esaie 14:12;SKN;54-1204;21;2;cieux tombe
Apocalypse 13:6;SKN;54-1204;35;2;blasphemer bouche
Hebreux 10:26;SKN;54-1204;36;3;connaissance sacrifice volontairement
Joel 2:25;SKN;54-1204;46;2;annees sauterelle
Apocalypse 16:13;SKN;54-1204;51;2;esprits faux
Jean 12:24;SKN;54-1204;53;2;demeure meurt
Matthieu 11:25;SKN;54-1204;55;2;intelligents sages
Luc 10:1;SKN;54-1204;70;2;devait face
Genese 14:18;SKN;54-1204;71;2;apporter roi
Daniel 12:3;SKN;54-1204;73;2;enseigne justice
Apocalypse 17:15;SKN;54-1205;10;2;eaux prostituee
Luc 1:17;SKN;54-1205;14;2;pensee retourner
Matthieu 19:28;SKN;54-1205;15;2;serez suivi
Esaie 53:9;SKN;54-1205;15;2;aucune navait
Joel 2:25;SKN;54-1205;25;2;annees milieu
Zacharie 11:12;SKN;54-1205;35;2;donnez laissez
Apocalypse 6:6;SKN;54-1206;14;2;animaux voix
Marc 9:7;SKN;54-1206;14;2;vint voix
Esaie 53:9;SKN;54-1206;14;2;mechants navait
Apocalypse 6:3;SKN;54-1206;14;2;lorsquil viens
Luc 11:29;SKN;54-1206;14;2;jonas mechante
Jean 14:7;SKN;54-1206;17;2;auriez connu
Luc 10:1;SKN;54-1206;38;2;devait lieux
Apocalypse 13:8;SKN;54-1206;41;3;fondation immole lagneau
Esaie 60:1;SKN;54-1206;43;2;leternel leve
Jean 12:20;SKN;54-1206;54;2;dentre montes
Galates 1:8;SKN;54-1206;73;2;ange memes
Luc 10:1;SKN;54-1206;74;2;face lieux
Psaumes 35:11;SKN;54-1207;5;2;levent nai
Matthieu 11:25;SKN;54-1207;29;3;cache intelligents sages
Joel 2:25;SKN;54-1207;49;2;milieu qua
Jean 14:7;SKN;54-1207;79;2;connaissez connu
Genese 14:18;SKN;54-1212;18;2;roi salem
Jean 3:21;SKN;54-1212;39;2;quelles soient
Jean 3:14;SKN;54-1212;49;2;desert serpent
Genese 15:16;SKN;54-1212;59;2;liniquite quatrieme
Genese 6:4;SKN;54-1212;60;2;filles quelles
Psaumes 16:10;SKN;54-1212;67;3;ame corruption voie
Hebreux 10:26;SKN;54-1212;72;3;connaissance sacrifice volontairement
Hebreux 10:26;SKN;54-1212;77;2;connaissance sacrifice
Hebreux 6:1;SKN;54-1212;84;2;commencement fondement
Genese 22:16;SKN;54-1212;110;2;jure leternel
Genese 22:16;SKN;54-1212;117;2;jure leternel
Apocalypse 13:6;SKN;54-1212;120;2;blasphemes bouche
Genese 6:4;SKN;54-1212;126;2;filles quelles
Apocalypse 6:6;SKN;54-1212;132;2;animaux milieu
Galates 3:29;SKN;54-1212;212;3;dabraham heritiers selon
Psaumes 16:10;SKN;54-1212;247;3;ame corruption voie
Apocalypse 13:8;SKN;54-1212;252;3;fondation immole lagneau
Romains 5:1;SKN;54-1219E;59;2;ayant paix
Apocalypse 17:15;SKN;54-1219E;97;2;nations peuples
Matthieu 16:18;SKN;54-1219E;110;2;batirai roc
Zacharie 11:12;SKN;54-1219E;123;2;donnez laissez
Apocalypse 21:19;SKN;54-1219E;176;2;precieuse premier
Apocalypse 22:19;SKN;54-1219E;178;2;ecrits ote
Genese 14:18;SKN;54-1219M;26;2;roi salem
Galates 3:16;SKN;54-1219M;44;2;semence semences
Apocalypse 22:19;SKN;54-1219M;82;2;cite sainte
Psaumes 16:8;SKN;54-1219M;95;2;ebranle leternel
Luc 24:49;SKN;54-1219M;124;2;den jenvoie
Zacharie 11:12;SKN;54-1219M;127;3;dargent donnez salaire
Psaumes 16:10;SKN;54-1219M;195;2;ame corruption
Psaumes 16:10;SKN;54-1219M;196;3;ame corruption voie
Psaumes 16:10;SKN;54-1219M;198;3;ame corruption voie
Jean 16:21;SKN;54-1219M;203;2;joie tristesse
Luc 24:49;SKN;54-1219M;234;2;den revetus
Apocalypse 22:19;SKN;54-1219M;234;3;ote otera paroles
Luc 17:28;SKN;54-1219M;234;2;arriva mangeait
Matthieu 25:46;SKN;54-1219M;234;2;eternelle sen
Actes 15:14;SKN;54-1219M;234;2;premierement tirer
Malachie 3:6;SKN;54-1219M;234;2;change netes
Apocalypse 6:6;SKN;54-1219M;234;2;mesure milieu
Jean 12:24;SKN;54-1219M;234;2;demeure meure
Esaie 60:1;SKN;54-1219M;234;2;leve levee
Matthieu 19:28;SKN;54-1219M;234;2;disrael mavez
Zacharie 11:12;SKN;54-1219M;234;3;donnez laissez pieces
Apocalypse 6:3;SKN;54-1219M;234;2;lorsquil viens
Luc 7:36;SKN;54-1219M;234;2;mit pharisiens
Joel 2:25;SKN;54-1219M;234;2;annees milieu
Jean 3:21;SKN;54-1219M;234;2;quelles soient
Genese 6:4;SKN;54-1219M;234;3;jadis quelles renom
Luc 1:17;SKN;54-1219M;234;2;peres retourner
Luc 10:1;SKN;54-1219M;234;2;devait face
Luc 11:29;SKN;54-1219M;234;2;generation mit
Jean 5:39;SKN;54-1219M;234;2;eternelle temoignage
Genese 14:18;SKN;54-1219M;234;3;apporter fit sacrificateur
Jean 16:21;SKN;54-1231;21;2;heure lenfant
Esaie 53:9;SKN;54-1231;37;2;aucune navait
Joel 2:25;SKN;54-1231;54;2;annees milieu
Apocalypse 13:8;SKN;54-1231;64;3;fondation immole lagneau
Apocalypse 17:15;SKN;54-1231;128;2;nations peuples
Actes 10:44;SKN;54-1231;166;2;mots prononcait
Genese 14:18;SKN;55-0109E;42;2;fit roi
Genese 14:18;SKN;55-0109E;43;2;roi vin
Genese 14:18;SKN;55-0109E;45;2;fit vin
Apocalypse 17:15;SKN;55-0109E;56;2;assise vues
Joel 2:25;SKN;55-0109E;84;2;annees milieu
Actes 10:35;SKN;55-0109E;113;2;justice pratique
Actes 15:14;SKN;55-0109E;128;2;nations visite
Apocalypse 17:15;SKN;55-0109E;140;2;eaux peuples
Daniel 12:3;SKN;55-0109E;152;3;etoiles justice perpetuite
Apocalypse 21:19;SKN;55-0109E;153;2;fondement fondements
Luc 10:1;SKN;55-0109E;165;2;face lieux
Jean 16:21;SKN;55-0109E;169;2;joie tristesse
Apocalypse 13:8;SKN;55-0109M;29;2;fondation immole
Romains 5:1;SKN;55-0109M;112;2;ayant paix
Galates 3:16;SKN;55-0109M;114;2;promesses semence
Galates 3:29;SKN;55-0109M;114;2;selon semence
Apocalypse 22:19;SKN;55-0109M;130;2;cite ote
Genese 6:4;SKN;55-0109M;145;3;eurent furent venus
Genese 14:18;SKN;55-0109M;156;3;roi sacrificateur salem
Hebreux 10:14;SKN;55-0109M;160;2;perpetuite rendu
Hebreux 10:26;SKN;55-0113;1;2;peches sacrifice
Jean 15:7;SKN;55-0113;14;3;demeurent demeurez paroles
Jean 15:7;SKN;55-0113;34;2;demeurez paroles
Luc 11:29;SKN;55-0113;61;2;generation mechante
Esaie 14:12;SKN;55-0114;25;2;cieux nations
Apocalypse 13:8;SKN;55-0114;34;2;fondation immole
Esaie 53:9;SKN;55-0115;9;2;aucune navait
Hebreux 10:26;SKN;55-0115;15;2;peches sacrifice
Hebreux 10:14;SKN;55-0115;15;2;offrande sanctifies
Hebreux 10:26;SKN;55-0115;22;2;peches sacrifice
Apocalypse 13:8;SKN;55-0115;22;2;ecrit lagneau
Ephesiens 5:26;SKN;55-0115;22;2;deau sanctifie
Marc 7:7;SKN;55-0115;22;2;commandements vain
Matthieu 5:28;SKN;55-0115;22;2;adultere commis
Colossiens 1:15;SKN;55-0115;22;2;image premier
Apocalypse 13:8;SKN;55-0115;34;3;fondation immole lagneau
Apocalypse 16:13;SKN;55-0115;36;2;bete faux
Luc 7:36;SKN;55-0115;38;2;entrant mit
Marc 11:21;SKN;55-0115;39;2;maudit setait
Psaumes 16:10;SKN;55-0115;46;3;ame corruption voie
Romains 5:1;SKN;55-0115;49;2;paix principe
Hebreux 10:14;SKN;55-0115;51;2;parfaits rendu
Marc 9:7;SKN;55-0116A;48;2;couvrit nuee
Hebreux 12:24;SKN;55-0116A;51;2;mieux nouvelle
Apocalypse 21:19;SKN;55-0116E;22;2;premier troisieme
Matthieu 11:25;SKN;55-0116E;26;2;intelligents sages
Marc 11:21;SKN;55-0116E;66;2;rabbi setait
Galates 3:16;SKN;55-0117;8;2;parlant semence
Galates 3:29;SKN;55-0117;8;2;selon semence
Apocalypse 13:8;SKN;55-0117;13;3;fondation immole lagneau
Galates 1:8;SKN;55-0117;116;2;anatheme ange
Hebreux 6:1;SKN;55-0117;118;3;fondement mortes repentance
Luc 17:33;SKN;55-0118;44;2;quiconque sauver
Deuteronome 32:11;SKN;55-0118;45;2;etend prend
Zacharie 11:12;SKN;55-0118;58;2;laissez sinon
Psaumes 16:8;SKN;55-0119;3;2;leternel serai
Jean 12:24;SKN;55-0119;7;2;ble fruit
Psaumes 16:8;SKN;55-0119;10;2;leternel serai
Deuteronome 18:22;SKN;55-0119;11;2;leternel peur
Genese 6:4;SKN;55-0119;20;2;eurent geants
Hebreux 10:26;SKN;55-0119;31;2;peches sacrifice
Malachie 3:6;SKN;55-0119;31;2;change netes
Luc 10:1;SKN;55-0119;35;2;devait face
Esaie 60:1;SKN;55-0119;38;2;leternel leve
Psaumes 16:8;SKN;55-0119;38;2;leternel serai
Deuteronome 18:22;SKN;55-0119;40;2;leternel peur
Psaumes 16:8;SKN;55-0119;40;2;leternel serai
Jean 12:24;SKN;55-0119;42;2;demeure meurt
Deuteronome 18:22;SKN;55-0119;42;2;leternel peur
Genese 2:18-21;SKN;55-0119;42;2;ferai leternel
Deuteronome 18:22;SKN;55-0119;44;2;leternel peur
Galates 3:16;SKN;55-0120;7;2;parlant plusieurs
Luc 10:1;SKN;55-0120;36;2;devait face
Hebreux 10:26;SKN;55-0120;63;2;connaissance sacrifice
Hebreux 10:26;SKN;55-0120;76;2;peches sacrifice
Luc 7:36;SKN;55-0120;84;2;manger table
Esaie 60:1;SKN;55-0120;93;2;leve levee
Apocalypse 16:13;SKN;55-0121;10;2;bouche vis
Apocalypse 13:8;SKN;55-0121;11;2;fondation immole
Matthieu 16:18;SKN;55-0121;17;2;assemblee portes
Apocalypse 21:19;SKN;55-0121;17;2;premier troisieme
Ephesiens 5:26;SKN;55-0121;23;2;lavage purifiant
Ephesiens 5:26;SKN;55-0121;24;2;lavage purifiant
Apocalypse 21:19;SKN;55-0122;5;2;premier troisieme
Hebreux 13:12;SKN;55-0122;10;2;hors propre
Apocalypse 22:19;SKN;55-0122;19;2;ote sainte
Galates 3:29;SKN;55-0122;20;2;dabraham semence
Apocalypse 13:8;SKN;55-0122;22;3;fondation immole lagneau
Esaie 60:1;SKN;55-0122;32;2;leternel leve
Deuteronome 18:22;SKN;55-0122;35;2;leternel peur
Jean 5:39;SKN;55-0122;38;2;eternelle temoignage
Hebreux 12:24;SKN;55-0122;53;2;alliance mieux
Psaumes 16:10;SKN;55-0123A;96;2;ame voie
Esaie 60:1;SKN;55-0123A;97;2;leve levee
Hebreux 13:12;SKN;55-0123E;3;2;hors sanctifie
Hebreux 12:24;SKN;55-0123E;4;2;alliance nouvelle
Esaie 53:9;SKN;55-0123E;5;2;aucune navait
Apocalypse 6:3;SKN;55-0123E;5;2;lorsquil viens
Apocalypse 6:3;SKN;55-0123E;17;2;lorsquil viens
Apocalypse 21:19;SKN;55-0123E;23;2;cite troisieme
Actes 10:44;SKN;55-0123E;27;2;mots prononcait
Ephesiens 5:26;SKN;55-0220A;16;2;deau lavage
Jean 5:39;SKN;55-0220A;22;2;rendent temoignage
Jean 12:20;SKN;55-0220A;29;2;dentre montes
Hebreux 6:1;SKN;55-0220A;32;2;commencement fondement
Apocalypse 22:19;SKN;55-0220A;33;2;cite paroles
Esaie 28:18;SKN;55-0220A;35;2;alliance serez
Apocalypse 17:15;SKN;55-0220A;52;2;langues nations
Esaie 60:1;SKN;55-0220A;60;2;leve levee
Esaie 60:1;SKN;55-0220A;61;2;leve levee
Joel 2:25;SKN;55-0220E;12;2;milieu qua
Jean 5:39;SKN;55-0220E;18;2;eternelle temoignage
Marc 11:21;SKN;55-0220E;33;2;rabbi setait
Zacharie 11:12;SKN;55-0220E;60;2;laissez sinon
Esaie 60:1;SKN;55-0220E;63;2;leve levee
Esaie 60:1;SKN;55-0220E;65;2;leve levee
Esaie 28:18;SKN;55-0220E;89;2;passera serez
Genese 6:4;SKN;55-0221;3;2;filles venus
Genese 6:4;SKN;55-0221;5;2;filles quelles
Apocalypse 6:3;SKN;55-0221;15;2;animal lorsquil
Hebreux 13:12;SKN;55-0221;27;2;hors propre
Apocalypse 13:8;SKN;55-0221;41;2;immole lagneau
Apocalypse 17:15;SKN;55-0221;57;2;eaux langues
Esaie 60:1;SKN;55-0221;61;2;leve levee
Esaie 60:1;SKN;55-0221;83;2;leve levee
Ephesiens 5:26;SKN;55-0221;84;2;deau lavage
Romains 5:1;SKN;55-0222;17;2;ayant justifies
Jean 15:7;SKN;55-0222;17;2;demanderez paroles
Luc 1:17;SKN;55-0222;19;2;pensee peres
Galates 3:16;SKN;55-0222;25;2;plusieurs semence
Esaie 60:1;SKN;55-0222;33;2;leternel levee
Esaie 28:18;SKN;55-0222;39;2;passera serez
Galates 3:29;SKN;55-0222;39;2;dabraham semence
Galates 3:29;SKN;55-0222;45;3;dabraham heritiers selon
Matthieu 11:25;SKN;55-0222;50;3;cache intelligents sages
Malachie 3:6;SKN;55-0222;52;2;change netes
Jean 12:20;SKN;55-0222;58;2;adorer dentre
Apocalypse 13:8;SKN;55-0222;62;3;fondation immole lagneau
Esaie 60:1;SKN;55-0222;75;2;leve levee
Luc 10:1;SKN;55-0223;19;2;devait face
Luc 7:36;SKN;55-0223;27;2;manger mit
Apocalypse 6:3;SKN;55-0223;33;2;animal lorsquil
Genese 6:4;SKN;55-0223;50;2;filles quelles
Actes 15:14;SKN;55-0223;51;2;nations premierement
Esaie 14:12;SKN;55-0223;63;2;cieux tombe
Matthieu 25:46;SKN;55-0223;66;2;sen tourments
Esaie 14:12;SKN;55-0223;72;2;nations tombe
Ephesiens 5:26;SKN;55-0223;75;2;deau lavage
Genese 2:18-21;SKN;55-0223;90;2;aide ferai
Esaie 14:12;SKN;55-0224;38;2;nations tombe
Apocalypse 17:15;SKN;55-0224;44;2;eaux nations
Esaie 60:1;SKN;55-0224;58;2;leve levee
Apocalypse 22:19;SKN;55-0224;59;2;paroles sainte
Matthieu 16:18;SKN;55-0225;18;3;batirai portes prevaudront
Matthieu 16:18;SKN;55-0225;21;3;batirai portes prevaudront
Matthieu 16:18;SKN;55-0225;22;3;batirai portes prevaudront
Psaumes 16:10;SKN;55-0225;35;2;ame voie
Galates 3:16;SKN;55-0225;35;2;semence semences
Malachie 3:6;SKN;55-0225;36;2;change jacob
Joel 2:25;SKN;55-0225;45;2;annees envoyee
Esaie 14:12;SKN;55-0225;50;2;cieux tombe
Actes 15:14;SKN;55-0225;54;2;raconte visite
Matthieu 19:28;SKN;55-0225;55;2;suivi trone
Matthieu 16:18;SKN;55-0225;56;3;batirai portes prevaudront
Esaie 60:1;SKN;55-0225;58;2;leve levee
Esaie 60:1;SKN;55-0225;60;2;leve levee
Luc 7:36;SKN;55-0227A;10;2;manger table
Psaumes 16:10;SKN;55-0227A;14;3;ame corruption voie
Apocalypse 1:7;SKN;55-0227A;19;2;perce verra
Apocalypse 17:15;SKN;55-0227A;28;2;eaux langues
Galates 1:8;SKN;55-0227A;31;2;anatheme ange
Actes 15:14;SKN;55-0227A;40;2;premierement tirer
Matthieu 5:28;SKN;55-0227A;50;2;adultere commis
Psaumes 16:10;SKN;55-0227A;57;2;ame voie
Esaie 28:11;SKN;55-0227E;16;2;langue levres
Luc 1:17;SKN;55-0227E;35;2;preparer retourner
Jean 12:24;SKN;55-0227E;38;2;meure meurt
Ephesiens 1:21;SKN;55-0227E;43;2;autorite domination
Apocalypse 6:3;SKN;55-0227E;57;2;lorsquil viens
Apocalypse 6:3;SKN;55-0227E;58;2;lorsquil viens
Joel 2:25;SKN;55-0227E;64;2;annees milieu
Jean 5:39;SKN;55-0227E;78;2;eternelle temoignage
Galates 1:8;SKN;55-0227E;87;2;ange memes
Zacharie 11:12;SKN;55-0228;15;2;donnez sinon
Actes 10:35;SKN;55-0228;25;2;agreable pratique
Hebreux 10:14;SKN;55-0228;25;2;offrande rendu
Jean 14:7;SKN;55-0228;29;2;connaissez lavez
Luc 1:17;SKN;55-0228;30;2;ira pensee
Psaumes 16:8;SKN;55-0228;46;2;droite serai
Malachie 3:6;SKN;55-0228;47;2;change leternel
Esaie 60:1;SKN;55-0228;49;2;leternel leve
Matthieu 25:46;SKN;55-0228;53;2;eternelle sen
Esaie 28:18;SKN;55-0228;77;2;passera serez
Matthieu 19:28;SKN;55-0228;77;2;mavez serez
Hebreux 10:14;SKN;55-0301;9;2;offrande rendu
Apocalypse 6:6;SKN;55-0301;34;2;mesure voix
Psaumes 22:7;SKN;55-0301;41;2;ouvrent voient
Esaie 60:1;SKN;55-0301;46;2;leve levee
Zacharie 11:12;SKN;55-0301;58;2;laissez sinon
Apocalypse 22:19;SKN;55-0302;14;2;larbre ote
Apocalypse 6:6;SKN;55-0302;17;2;mesure milieu
Genese 2:18-21;SKN;55-0302;25;2;ferai leternel
Matthieu 11:25;SKN;55-0302;27;2;intelligents sages
Matthieu 19:28;SKN;55-0302;29;2;disrael douze
Marc 16:1;SKN;55-0302;31;2;etant sabbat
Luc 7:36;SKN;55-0302;51;2;manger table
Apocalypse 22:19;SKN;55-0302;62;2;larbre ote
Apocalypse 2:20;SKN;55-0311;8;2;enseigne manger
Ephesiens 4:30;SKN;55-0311;14;2;lequel scelles
Apocalypse 16:13;SKN;55-0311;17;2;esprits faux
Hebreux 6:1;SKN;55-0311;43;2;repentance uvres
Zacharie 11:12;SKN;55-0311;83;2;donnez laissez
Joel 2:25;SKN;55-0311;88;2;annees milieu
Jean 5:39;SKN;55-0311;88;2;rendent temoignage
Matthieu 16:18;SKN;55-0312;20;3;batirai portes prevaudront
Romains 5:1;SKN;55-0312;34;2;ayant paix
Apocalypse 17:15;SKN;55-0312;45;2;langues peuples
Hebreux 6:1;SKN;55-0312;47;2;commencement uvres
Matthieu 19:28;SKN;55-0312;49;2;douze tribus
Genese 6:4;SKN;55-0312;52;2;furent venus
Zacharie 11:12;SKN;55-0312;53;2;laissez sinon
Hebreux 6:1;SKN;55-0312;56;2;faits repentance
Psaumes 16:10;SKN;55-0400;63;2;ame corruption
Apocalypse 6:3;SKN;55-0400;64;2;lorsquil viens
Daniel 12:3;SKN;55-0403;22;2;enseigne etoiles
Apocalypse 6:6;SKN;55-0403;27;2;animaux mesure
Apocalypse 6:6;SKN;55-0403;28;2;animaux voix
Hebreux 6:1;SKN;55-0403;28;2;commencement faits
Galates 3:16;SKN;55-0403;30;2;parlant plusieurs
Apocalypse 13:6;SKN;55-0403;30;2;habitation habitent
Colossiens 1:15;SKN;55-0403;34;2;image invisible
Hebreux 6:1;SKN;55-0403;40;2;commencement fondement
Marc 7:7;SKN;55-0403;42;2;enseignant vain
Genese 4:1;SKN;55-0403;42;2;cain eve
Marc 9:7;SKN;55-0403;43;2;vint voix
Psaumes 16:10;SKN;55-0403;49;2;ame voie
Luc 1:17;SKN;55-0403;49;2;pensee peres
Hebreux 13:12;SKN;55-0403;51;2;propre souffert
Genese 2:18-21;SKN;55-0403;52;2;aide ferai
Colossiens 1:15;SKN;55-0403;61;2;creation premier
Luc 2:7;SKN;55-0403;61;2;mit premier
Matthieu 27:51;SKN;55-0403;67;2;temple voile
Ephesiens 4:30;SKN;55-0403;76;2;redemption scelles
Jean 5:39;SKN;55-0403;76;2;eternelle temoignage
Jean 5:39;SKN;55-0403;78;2;eternelle rendent
Romains 5:1;SKN;55-0410M;57;2;justifies paix
Marc 16:1;SKN;55-0410M;157;2;magdala marie
Marc 16:1;SKN;55-0410M;163;2;magdala marie
Apocalypse 16:13;SKN;55-0410M;186;2;esprits faux
Galates 1:8;SKN;55-0410M;196;2;ange memes
Romains 5:1;SKN;55-0410M;196;2;ayant paix
Matthieu 16:18;SKN;55-0410M;196;2;assemblee portes
Psaumes 16:10;SKN;55-0410M;196;2;ame voie
Apocalypse 17:15;SKN;55-0410M;196;2;assise vues
Esaie 28:18;SKN;55-0410M;196;2;alliance serez
Deuteronome 18:22;SKN;55-0410M;196;2;dite peur
Luc 7:36;SKN;55-0410M;196;2;pharisiens table
Luc 1:17;SKN;55-0410M;196;2;pensee retourner
Psaumes 16:8;SKN;55-0410M;196;2;droite serai
Marc 16:1;SKN;55-0410S;41;2;magdala marie
Psaumes 16:10;SKN;55-0410S;44;3;ame corruption voie
Malachie 3:6;SKN;55-0410S;98;2;jacob leternel
Apocalypse 6:3;SKN;55-0410S;138;2;lorsquil sceau
Esaie 28:11;SKN;55-0410S;157;2;langue levres
Luc 7:36;SKN;55-0501A;18;2;manger table
Deuteronome 18:22;SKN;55-0501A;29;2;leternel peur
Genese 6:4;SKN;55-0501A;43;2;filles quelles
Galates 1:8;SKN;55-0501A;67;2;ange memes
Deuteronome 18:22;SKN;55-0501A;67;2;leternel peur
Psaumes 16:8;SKN;55-0501A;67;2;leternel serai
Matthieu 5:28;SKN;55-0501A;71;3;adultere commis convoiter
Matthieu 25:46;SKN;55-0501E;2;2;eternelle sen
Jean 14:7;SKN;55-0501E;9;2;connaissez lavez
Hebreux 12:24;SKN;55-0501E;12;2;mieux nouvelle
Apocalypse 16:13;SKN;55-0501E;17;3;bouche esprits faux
Genese 4:16;SKN;55-0501E;24;2;cain deden
Matthieu 16:18;SKN;55-0501E;26;2;batirai portes
Matthieu 16:18;SKN;55-0501E;27;3;batirai portes prevaudront
Matthieu 11:25;SKN;55-0501E;27;2;intelligents sages
Apocalypse 6:6;SKN;55-0501E;50;2;milieu voix
Galates 1:8;SKN;55-0501E;61;2;memes outre
Matthieu 25:46;SKN;55-0501E;61;2;iront sen
Jean 15:7;SKN;55-0522;41;2;demanderez paroles
Genese 4:1;SKN;55-0522;56;2;cain eve
Genese 4:16;SKN;55-0522;59;2;cain nod
Jean 16:21;SKN;55-0522;84;2;enfante lenfant
Matthieu 16:18;SKN;55-0522;163;3;batirai portes prevaudront
Actes 15:14;SKN;55-0522;170;2;premierement tirer
Hebreux 6:1;SKN;55-0603;12;2;commencement repentance
Luc 7:36;SKN;55-0603;34;2;mit pria
Psaumes 16:8;SKN;55-0603;36;2;droite serai
Malachie 3:6;SKN;55-0604;4;2;change leternel
Malachie 3:6;SKN;55-0604;6;2;change leternel
Genese 2:18-21;SKN;55-0604;6;2;aide leternel
Esaie 9:5;SKN;55-0604;11;2;guerre seront
Apocalypse 16:13;SKN;55-0604;63;2;bouche esprits
Jean 16:21;SKN;55-0605;14;2;heure lenfant
Colossiens 1:15;SKN;55-0605;16;2;creation image
Marc 11:21;SKN;55-0605;21;2;figuier setait
Actes 10:35;SKN;55-0605;22;2;craint justice
Deuteronome 18:22;SKN;55-0605;22;2;leternel peur
Apocalypse 6:3;SKN;55-0605;30;2;lorsquil viens
Galates 3:16;SKN;55-0605;31;2;plusieurs semence
Genese 4:1;SKN;55-0605;34;2;cain leternel
Genese 4:16;SKN;55-0605;34;3;cain deden leternel
Matthieu 16:18;SKN;55-0605;38;3;batirai portes prevaudront
Matthieu 5:28;SKN;55-0605;48;2;adultere commis
Apocalypse 17:15;SKN;55-0606;1;2;langues peuples
Ephesiens 5:26;SKN;55-0606;4;2;lavage purifiant
Apocalypse 17:15;SKN;55-0606;6;2;foules nations
Apocalypse 2:20;SKN;55-0606;10;2;enseigne manger
Psaumes 16:10;SKN;55-0606;13;2;ame voie
Actes 15:14;SKN;55-0606;13;2;nations tirer
Matthieu 16:18;SKN;55-0606;39;2;assemblee portes
Esaie 28:11;SKN;55-0606;49;2;langue levres
Apocalypse 16:13;SKN;55-0606;57;2;bouche esprits
Genese 4:1;SKN;55-0607;17;2;cain eve
Genese 4:16;SKN;55-0607;17;2;cain deden
Genese 4:1;SKN;55-0607;19;2;cain eve
Genese 4:16;SKN;55-0607;19;2;cain deden
Marc 11:21;SKN;55-0607;19;2;maudit setait
Genese 4:1;SKN;55-0607;23;2;cain leternel
Genese 4:16;SKN;55-0607;23;2;cain leternel
Esaie 14:12;SKN;55-0607;24;2;nations tombe
Psaumes 35:11;SKN;55-0607;27;2;nai temoins
Apocalypse 6:3;SKN;55-0607;46;2;animal lorsquil
Hebreux 12:24;SKN;55-0607;70;2;mediateur mieux
Malachie 3:6;SKN;55-0607;79;2;jacob leternel
Apocalypse 16:13;SKN;55-0607;79;2;bete faux
Apocalypse 16:13;SKN;55-0607;81;2;bouche esprits
Apocalypse 6:6;SKN;55-0608;4;2;mesure voix
Ephesiens 4:30;SKN;55-0608;12;2;lequel redemption
Hebreux 12:24;SKN;55-0608;41;2;alliance nouvelle
Matthieu 11:25;SKN;55-0608;48;3;cache intelligents sages
Galates 3:29;SKN;55-0608;60;2;dabraham semence
Hebreux 12:24;SKN;55-0608;61;2;mieux nouvelle
Jean 12:24;SKN;55-0608;61;2;ble grain
Matthieu 25:46;SKN;55-0608;63;2;iront sen
Esaie 14:12;SKN;55-0608;64;2;abattu tombe
Apocalypse 6:6;SKN;55-0608;87;2;mesure milieu
Galates 1:8;SKN;55-0609;31;2;ange memes
Luc 11:29;SKN;55-0609;43;2;generation mechante
Jean 5:39;SKN;55-0610;10;2;rendent temoignage
Apocalypse 6:3;SKN;55-0610;41;2;animal lorsquil
Deuteronome 32:11;SKN;55-0611;55;3;ailes nid prend
Deuteronome 32:11;SKN;55-0611;57;3;ailes nid plumes
Genese 22:16;SKN;55-0612;3;2;refuse unique
Luc 24:49;SKN;55-0612;5;2;den jenvoie
Esaie 9:5;SKN;55-0612;11;2;manteau roule
Genese 6:4;SKN;55-0612;14;2;quelles venus
Esaie 9:5;SKN;55-0612;18;2;guerre manteau
Marc 16:1;SKN;55-0612;47;2;etant marie
Psaumes 16:10;SKN;55-0612;53;2;ame corruption
Matthieu 25:46;SKN;55-0620;3;2;iront sen
Luc 10:1;SKN;55-0620;15;2;devait envoya
Apocalypse 2:20;SKN;55-0621;13;2;idoles manger
Matthieu 11:25;SKN;55-0624;22;3;cache intelligents sages
Matthieu 11:25;SKN;55-0624;23;3;cache intelligents sages
Colossiens 1:15;SKN;55-0625;8;2;creation premier
Galates 3:16;SKN;55-0625;21;2;promesses semence
Luc 1:17;SKN;55-0626A;2;2;pensee retourner
Luc 11:29;SKN;55-0626E;6;3;generation jonas mechante
Genese 4:1;SKN;55-0626E;15;2;cain eve
Genese 4:16;SKN;55-0626E;15;2;cain deden
Genese 4:16;SKN;55-0626E;16;2;cain deden
Genese 6:4;SKN;55-0626E;16;2;furent venus
Matthieu 16:18;SKN;55-0626E;21;3;batirai portes prevaudront
Genese 4:16;SKN;55-0626E;35;2;cain deden
Marc 7:7;SKN;55-0724;56;2;dhommes doctrines
Jean 12:24;SKN;55-0724;84;2;ble grain
Psaumes 16:8;SKN;55-0724;88;2;droite leternel
Psaumes 22:18;SKN;55-0724;111;2;sort vetements
Genese 6:4;SKN;55-0724;147;2;quelles venus
Genese 6:4;SKN;55-0724;160;2;furent vaillants
Esaie 28:11;SKN;55-0724;164;2;langue levres
Deuteronome 18:22;SKN;55-0731;127;2;leternel peur
Deuteronome 32:11;SKN;55-0731;227;2;ailes plumes
Apocalypse 17:15;SKN;55-0731;228;2;nations peuples
Marc 7:7;SKN;55-0731;243;2;commandements dhommes
Romains 8:22;SKN;55-0806;7;2;ensemble travail
Matthieu 11:25;SKN;55-0806;9;3;cache intelligents sages
Luc 1:17;SKN;55-0806;19;2;ira pensee
Galates 3:16;SKN;55-0806;22;2;parlant plusieurs
Matthieu 16:18;SKN;55-0806;40;3;batirai portes prevaudront
Matthieu 11:25;SKN;55-0807A;10;3;cache intelligents sages
Deuteronome 32:11;SKN;55-0807A;31;2;etend prend
Esaie 28:8;SKN;55-0807A;38;2;sales sorte
Luc 1:17;SKN;55-0807A;64;2;curs dispose
Matthieu 16:18;SKN;55-0807E;11;3;batirai portes prevaudront
Apocalypse 2:20;SKN;55-0807E;33;2;laisses prophetesse
Luc 17:33;SKN;55-0813;2;2;gagnera perdra
Galates 3:29;SKN;55-0813;5;2;selon semence
Psaumes 16:8;SKN;55-0813;23;2;droite serai
Matthieu 11:25;SKN;55-0815;3;3;cache intelligents sages
Actes 10:35;SKN;55-0817;6;2;justice nation
Luc 11:29;SKN;55-0817;27;2;generation mechante
Galates 3:16;SKN;55-0818;14;2;promesses semence
Genese 6:4;SKN;55-0818;21;2;quelles venus
Apocalypse 16:13;SKN;55-0818;32;2;esprits faux
Esaie 28:11;SKN;55-0818;34;2;etrangere parlera
Actes 15:14;SKN;55-0819;1;2;nations visite
Galates 1:8;SKN;55-0819;5;2;ange memes
Apocalypse 16:13;SKN;55-0819;11;2;esprits vis
Daniel 12:3;SKN;55-0819;18;2;etoiles sages
Daniel 12:3;SKN;55-0819;21;2;etoiles sages
Hebreux 13:12;SKN;55-0826;7;2;hors propre
Esaie 14:12;SKN;55-0826;7;2;cieux tombe
Colossiens 1:15;SKN;55-0826;9;2;creation premier
Matthieu 25:46;SKN;55-0828A;4;2;eternelle sen
Romains 5:1;SKN;55-0828A;11;2;ayant paix
Jean 14:7;SKN;55-0828A;43;2;auriez connu
Jean 5:39;SKN;55-0828E;2;2;eternelle temoignage
Esaie 9:5;SKN;55-0828E;18;2;guerre manteau
Deuteronome 18:22;SKN;55-0911;60;2;leternel peur
Psaumes 16:10;SKN;55-0911;178;2;ame voie
Jean 14:7;SKN;55-0911;249;2;connaissez lavez
Actes 15:14;SKN;55-1001;11;2;simeon tirer
Apocalypse 3:21;SKN;55-1001;21;3;donnerai vaincra vaincu
Apocalypse 1:7;SKN;55-1001;43;2;lont verra
Matthieu 1:23;SKN;55-1001;49;2;enfantera vierge
Matthieu 16:18;SKN;55-1001;110;3;batirai portes prevaudront
Matthieu 11:25;SKN;55-1002;1;3;cache intelligents sages
Luc 10:1;SKN;55-1002;20;2;devait face
Psaumes 16:8;SKN;55-1002;63;2;droite serai
Apocalypse 1:10;SKN;55-1003;2;2;trompette voix
Galates 1:8;SKN;55-1003;10;2;ange outre
Genese 6:4;SKN;55-1003;17;2;eurent venus
Actes 15:14;SKN;55-1003;56;2;raconte tirer
Deuteronome 32:11;SKN;55-1003;56;2;ailes plumes
Apocalypse 3:21;SKN;55-1003;64;2;trone vaincu
Galates 1:8;SKN;55-1003;70;2;ange memes
Galates 1:8;SKN;55-1003;82;2;ange memes
Actes 15:14;SKN;55-1004;16;2;nations premierement
Apocalypse 3:21;SKN;55-1005;3;2;trone vaincu
Genese 6:4;SKN;55-1005;6;2;furent venus
Esaie 14:12;SKN;55-1006A;5;2;nations tombe
Marc 9:7;SKN;55-1006A;24;2;nuee voix
Matthieu 27:51;SKN;55-1006A;28;2;temple voile
Apocalypse 3:21;SKN;55-1006A;38;3;donnerai vaincra vaincu
Matthieu 16:18;SKN;55-1006E;10;2;portes prevaudront
Esaie 9:5;SKN;55-1006E;10;2;pature seront
Hebreux 10:14;SKN;55-1006E;16;2;offrande rendu
Matthieu 16:18;SKN;55-1006E;17;3;batirai portes prevaudront
Psaumes 22:18;SKN;55-1006E;21;2;robe vetements
Luc 17:33;SKN;55-1006E;43;2;quiconque sauver
Genese 4:1;SKN;55-1007;6;2;cain eve
Galates 3:16;SKN;55-1007;18;2;plusieurs promesses
Genese 6:4;SKN;55-1007;38;2;filles furent
Deuteronome 32:11;SKN;55-1007;55;3;ailes nid plumes
Deuteronome 32:11;SKN;55-1007;56;2;ailes nid
Jean 5:39;SKN;55-1007;80;2;eternelle temoignage
Matthieu 25:46;SKN;55-1007;102;2;eternelle tourments
Luc 1:17;SKN;55-1008;12;2;pensee preparer
Actes 15:14;SKN;55-1008;31;2;premierement tirer
Hebreux 6:1;SKN;55-1008;40;2;commencement uvres
Matthieu 16:18;SKN;55-1008;61;3;batirai portes prevaudront
Genese 4:16;SKN;55-1008;61;2;cain deden
Jean 14:7;SKN;55-1008;81;2;connaissez connu
Romains 5:1;SKN;55-1008;81;3;ayant paix principe
Esaie 14:12;SKN;55-1008;81;2;brillant tombe
Apocalypse 17:15;SKN;55-1008;81;3;assise foules langues
Esaie 28:18;SKN;55-1008;81;2;foules serez
Apocalypse 1:7;SKN;55-1008;81;2;lont verra
Apocalypse 6:3;SKN;55-1008;81;2;lorsquil viens
Hebreux 6:1;SKN;55-1008;81;2;laissant uvres
Luc 17:33;SKN;55-1008;81;2;quiconque sauver
Genese 2:18-21;SKN;55-1009;11;2;aide ferai
Actes 15:14;SKN;55-1009;27;2;premierement raconte
Jean 16:21;SKN;55-1009;53;2;heure joie
Galates 3:16;SKN;55-1009;61;2;parlant plusieurs
Luc 1:17;SKN;55-1110;27;2;pensee retourner
Apocalypse 3:21;SKN;55-1110;46;2;donnerai vaincra
Psaumes 35:11;SKN;55-1110;62;2;levent nai
Colossiens 1:15;SKN;55-1111;28;2;image premier
Romains 5:1;SKN;55-1111;30;2;ayant paix
Jean 5:39;SKN;55-1111;58;2;rendent temoignage
Jean 14:7;SKN;55-1113;15;2;connu lavez
Jean 5:39;SKN;55-1113;35;2;eternelle temoignage
Apocalypse 6:3;SKN;55-1113;41;2;lorsquil viens
Apocalypse 1:7;SKN;55-1113;62;2;lont verra
Jean 15:7;SKN;55-1113;81;3;demanderez paroles voudrez
Hebreux 13:12;SKN;55-1114;27;2;hors propre
Matthieu 11:25;SKN;55-1114;38;2;intelligents sages
Matthieu 11:25;SKN;55-1114;39;2;intelligents sages
Luc 10:1;SKN;55-1114;46;2;devait face
Galates 1:8;SKN;55-1115;9;2;ange outre
Apocalypse 1:7;SKN;55-1115;14;2;lont tribus
Marc 11:21;SKN;55-1115;26;2;sec setait
Psaumes 35:11;SKN;55-1116;4;2;levent nai
Genese 2:18-21;SKN;55-1116;10;2;ferai leternel
Esaie 28:11;SKN;55-1116;21;2;etrangere langue
Malachie 3:6;SKN;55-1116;38;2;change leternel
Esaie 28:18;SKN;55-1116;42;2;alliance serez
Esaie 28:8;SKN;55-1116;43;2;pleines sales
Genese 2:18-21;SKN;55-1116;44;2;aide ferai
Apocalypse 6:3;SKN;55-1116;48;2;lorsquil viens
Jean 14:7;SKN;55-1116;55;2;connaissez connu
Apocalypse 2:20;SKN;55-1116;56;2;enseigne manger
Actes 10:35;SKN;55-1117;19;2;nation quen
Psaumes 35:11;SKN;55-1117;28;2;nai temoins
Matthieu 1:23;SKN;55-1118;1;2;emmanuel vierge
Luc 24:49;SKN;55-1118;28;2;den revetus
Galates 1:8;SKN;55-1118;33;2;ange memes
Genese 22:16;SKN;55-1118;42;2;refuse unique
Psaumes 14:1;SKN;55-1119;4;2;actions rendu
Apocalypse 6:3;SKN;55-1119;25;2;animal lorsquil
Matthieu 11:25;SKN;55-1119;34;3;cache intelligents sages
Malachie 3:6;SKN;55-1119;37;2;change jacob
Malachie 3:6;SKN;55-1119;38;2;change jacob
Psaumes 16:8;SKN;55-1119;42;2;leternel serai
Hebreux 13:12;SKN;55-1119;53;2;hors propre
Matthieu 25:46;SKN;55-1119;64;2;eternelle iront
Psaumes 16:8;SKN;55-1120;7;2;droite serai
Hebreux 12:24;SKN;55-1120;47;2;mieux nouvelle
Jean 16:21;SKN;55-1120;83;2;heure tristesse
Psaumes 22:18;SKN;56-0101;29;2;robe vetements
Matthieu 25:46;SKN;56-0101;38;2;eternels justes
Apocalypse 3:21;SKN;56-0101;86;2;donnerai vaincra
Matthieu 11:25;SKN;56-0101;98;2;cache loue
Apocalypse 6:3;SKN;56-0101;105;2;animal second
Matthieu 27:51;SKN;56-0101;116;2;dechira voile
Luc 10:1;SKN;56-0101;193;2;devait envoya
Luc 1:17;SKN;56-0108;5;2;pensee peres
Hebreux 12:24;SKN;56-0108;7;2;mieux nouvelle
Galates 3:16;SKN;56-0108;9;2;parlant plusieurs
Luc 10:1;SKN;56-0108;20;2;devait face
Jean 14:7;SKN;56-0108;29;2;connaissez connu
Apocalypse 17:15;SKN;56-0108;39;2;langues nations
Esaie 28:11;SKN;56-0108;58;2;langue levres
Romains 8:22;SKN;56-0115;11;2;ensemble travail
Deuteronome 32:11;SKN;56-0115;23;2;ailes laigle
Luc 17:28;SKN;56-0115;25;2;arriva lot
Luc 17:28;SKN;56-0115;26;2;arriva lot
Apocalypse 17:15;SKN;56-0115;60;2;assise nations
Genese 2:18-21;SKN;56-0120;12;2;aide ferai
Hebreux 10:14;SKN;56-0120;13;2;offrande rendu
Colossiens 1:15;SKN;56-0120;18;2;creation image
Luc 1:17;SKN;56-0120;21;2;ira retourner
Jean 15:7;SKN;56-0120;34;2;demeurez voudrez
Apocalypse 6:3;SKN;56-0120;37;2;animal lorsquil
Actes 10:35;SKN;56-0120;39;2;nation quen
Apocalypse 17:15;SKN;56-0120;41;2;eaux nations
Actes 15:14;SKN;56-0120;41;2;nations premierement
Luc 10:1;SKN;56-0120;56;2;devait envoya
Ephesiens 5:26;SKN;56-0120;58;2;deau lavage
Jean 15:7;SKN;56-0120;78;3;demanderez demeurez paroles
Jean 16:21;SKN;56-0121;2;2;heure joie
Jean 14:7;SKN;56-0121;5;2;connaissez connu
Ephesiens 4:30;SKN;56-0121;12;2;lequel redemption
Romains 5:1;SKN;56-0121;20;3;justifies paix principe
Jean 14:7;SKN;56-0121;26;2;auriez connu
Hebreux 12:24;SKN;56-0121;84;2;mieux nouvelle
Jean 5:39;SKN;56-0121;116;2;rendent temoignage
Esaie 9:5;SKN;56-0122;12;2;guerre seront
Jean 5:39;SKN;56-0122;22;2;rendent temoignage
Luc 10:1;SKN;56-0122;34;2;devait villes
Hebreux 6:1;SKN;56-0122;52;2;commencement fondement
Actes 15:14;SKN;56-0122;95;2;nations visite
Deuteronome 32:11;SKN;56-0122;96;2;ailes nid
Deuteronome 32:11;SKN;56-0122;97;2;nid plumes
Deuteronome 32:11;SKN;56-0122;99;2;ailes plumes
Luc 1:17;SKN;56-0122;102;2;curs pensee
Matthieu 19:9;SKN;56-0128;26;2;epouse quiconque
Ephesiens 5:26;SKN;56-0128;43;2;deau lavage
Genese 4:1;SKN;56-0128;49;2;cain eve
Hebreux 12:24;SKN;56-0128;49;2;nouvelle quabel
Matthieu 16:18;SKN;56-0128;53;3;batirai portes roc
Apocalypse 6:3;SKN;56-0128;68;2;lorsquil viens
Luc 1:17;SKN;56-0128;77;2;curs peres
Hebreux 12:24;SKN;56-0129;2;2;mieux nouvelle
Actes 15:14;SKN;56-0129;11;2;nations visite
Hebreux 13:12;SKN;56-0129;28;2;hors sanctifie
Jean 15:7;SKN;56-0129;34;3;demeurent demeurez paroles
Actes 10:35;SKN;56-0129;47;2;nation pratique
Matthieu 19:9;SKN;56-0129;47;2;adultere commet
Romains 8:22;SKN;56-0129;47;2;ensemble travail
Luc 17:28;SKN;56-0129;54;2;buvait mangeait
Actes 15:14;SKN;56-0129;60;2;nations tirer
Hebreux 6:1;SKN;56-0129;65;2;commencement repentance
Apocalypse 6:3;SKN;56-0200;6;2;animal lorsquil
Marc 9:7;SKN;56-0200;21;2;vint voix
Apocalypse 6:3;SKN;56-0200;25;2;lorsquil viens
Deuteronome 18:22;SKN;56-0212;5;2;leternel peur
Psaumes 35:11;SKN;56-0212;6;2;levent nai
Hebreux 10:14;SKN;56-0212;17;2;offrande sanctifies
Ephesiens 5:26;SKN;56-0212;40;2;deau lavage
Ephesiens 5:26;SKN;56-0212;43;2;deau lavage
Romains 8:22;SKN;56-0212;51;2;ensemble soupire
Hebreux 10:14;SKN;56-0212;54;2;parfaits rendu
Matthieu 25:46;SKN;56-0218E;10;2;eternelle sen
Actes 15:14;SKN;56-0219;18;2;premierement tirer
Matthieu 1:23;SKN;56-0219;40;2;enfantera vierge
Deuteronome 32:11;SKN;56-0219;62;2;etend prend
Genese 2:18-21;SKN;56-0223;6;2;ferai leternel
Apocalypse 2:20;SKN;56-0223;12;2;enseigne manger
Matthieu 1:23;SKN;56-0223;30;2;emmanuel vierge
Matthieu 25:46;SKN;56-0223;39;2;eternelle justes
Galates 3:16;SKN;56-0223;52;2;semence semences
Genese 22:16;SKN;56-0224;18;2;leternel unique
Matthieu 25:46;SKN;56-0224;21;2;eternelle justes
Psaumes 22:18;SKN;56-0224;34;2;robe vetements
Matthieu 11:25;SKN;56-0224;49;3;cache intelligents sages
Jean 12:24;SKN;56-0224;56;2;ble grain
Deuteronome 18:22;SKN;56-0224;65;2;leternel peur
Hebreux 6:1;SKN;56-0225;26;2;commencement repentance
Marc 9:7;SKN;56-0225;27;2;vint voix
Galates 1:8;SKN;56-0304;83;2;ange memes
Actes 10:35;SKN;56-0304;83;2;justice nation
Marc 7:7;SKN;56-0304;83;2;commandements enseignant
Hebreux 12:24;SKN;56-0304;83;2;mieux nouvelle
Marc 9:7;SKN;56-0304;83;2;vint voix
Apocalypse 2:20;SKN;56-0304;83;2;esclaves laisses
Hebreux 6:1;SKN;56-0304;83;2;fondement uvres
Jean 16:21;SKN;56-0304;83;2;heure joie
Luc 1:17;SKN;56-0304;83;3;curs pensee preparer
Luc 10:1;SKN;56-0304;83;2;devait face
Daniel 12:3;SKN;56-0304;83;2;etoiles justice
Luc 17:33;SKN;56-0304;83;2;quiconque sauver
Ephesiens 4:30;SKN;56-0311A;13;2;redemption scelles
Genese 4:1;SKN;56-0311A;28;2;cain eve
Genese 4:1;SKN;56-0311A;29;2;cain eve
Genese 4:16;SKN;56-0311A;30;2;cain deden
Galates 3:16;SKN;56-0311A;32;2;semence semences
Apocalypse 6:3;SKN;56-0311A;40;2;lorsquil viens
Apocalypse 3:21;SKN;56-0311E;40;2;donnerai vaincu
Jean 14:7;SKN;56-0311E;49;2;connu lavez
Apocalypse 16:13;SKN;56-0311E;51;2;bouche faux
Ephesiens 1:21;SKN;56-0401M;10;3;autorite domination siecle
Galates 3:16;SKN;56-0401M;22;2;parlant semence
Jean 12:24;SKN;56-0401M;22;3;ble grain meurt
Genese 4:16;SKN;56-0401M;47;2;deden leternel
Ephesiens 1:21;SKN;56-0401M;48;2;domination principaute
Matthieu 5:28;SKN;56-0401M;51;2;adultere commis
Apocalypse 1:10;SKN;56-0401M;55;2;trompette voix
Matthieu 25:46;SKN;56-0401M;88;2;eternelle sen
Luc 1:17;SKN;56-0403;13;2;curs retourner
Jean 15:7;SKN;56-0404;17;2;demanderez paroles
Genese 2:18-21;SKN;56-0404;17;2;ferai leternel
Apocalypse 16:13;SKN;56-0404;21;2;bete faux
Malachie 3:6;SKN;56-0404;22;3;change leternel netes
Galates 3:16;SKN;56-0404;28;2;plusieurs semence
Galates 3:16;SKN;56-0404;31;2;plusieurs semence
Romains 8:22;SKN;56-0404;68;2;ensemble travail
Luc 1:17;SKN;56-0405;8;2;ira retourner
Matthieu 27:51;SKN;56-0405;11;3;dechira temple voile
Apocalypse 1:10;SKN;56-0405;12;2;trompette voix
Jean 5:39;SKN;56-0405;14;2;rendent temoignage
Apocalypse 1:7;SKN;56-0405;23;2;lont perce
Marc 11:21;SKN;56-0405;33;2;rabbi setait
Galates 3:16;SKN;56-0405;34;2;plusieurs promesses
Romains 8:22;SKN;56-0406;29;2;ensemble travail
Psaumes 35:11;SKN;56-0406;41;2;levent nai
Apocalypse 6:3;SKN;56-0406;42;2;lorsquil viens
Matthieu 25:46;SKN;56-0406;46;2;eternelle eternels
Deuteronome 18:22;SKN;56-0407;25;2;leternel peur
Matthieu 27:51;SKN;56-0407;33;2;jusquen temple
Apocalypse 3:21;SKN;56-0407;36;2;sasseoir trone
Genese 2:18-21;SKN;56-0408A;22;2;ferai leternel
Jean 5:39;SKN;56-0408A;187;2;rendent temoignage
Genese 2:18-21;SKN;56-0408E;10;2;aide ferai
Galates 3:16;SKN;56-0408E;16;2;semence semences
Luc 10:1;SKN;56-0408E;18;2;devait villes
Luc 1:17;SKN;56-0408E;21;2;curs pensee
Luc 10:1;SKN;56-0408E;21;2;devait lieux
Jean 12:24;SKN;56-0408E;22;2;ble fruit
Luc 1:17;SKN;56-0408E;51;2;curs retourner
Marc 11:21;SKN;56-0414;23;2;sec setait
Deuteronome 18:22;SKN;56-0414;26;2;leternel peur
Deuteronome 18:22;SKN;56-0414;45;2;dite narrivera
Actes 15:14;SKN;56-0415;15;2;nations simeon
Deuteronome 32:11;SKN;56-0415;29;2;ailes laigle
Apocalypse 1:7;SKN;56-0415;34;2;lont verra
Actes 15:14;SKN;56-0415;42;2;nations simeon
Deuteronome 32:11;SKN;56-0415;42;2;etend prend
Hebreux 12:24;SKN;56-0415;54;2;alliance mediateur
Matthieu 11:25;SKN;56-0419;29;2;intelligents sages
Romains 8:22;SKN;56-0419;40;2;ensemble travail
Apocalypse 3:21;SKN;56-0419;40;2;donnerai sasseoir
Jean 16:21;SKN;56-0419;50;2;heure joie
Malachie 3:6;SKN;56-0419;63;2;change netes
Galates 1:8;SKN;56-0420;55;2;ange memes
Apocalypse 16:13;SKN;56-0421;11;2;esprits vis
Esaie 9:5;SKN;56-0421;58;2;guerre roule
Galates 1:8;SKN;56-0421;79;2;ange memes
Jean 14:7;SKN;56-0421;79;2;connaissez lavez
Matthieu 25:46;SKN;56-0421;79;3;eternelle eternels sen
Apocalypse 2:20;SKN;56-0421;79;2;esclaves manger
Jean 15:7;SKN;56-0421;79;3;demeurent demeurez paroles
Psaumes 22:7;SKN;56-0421;79;2;bouche voient
Psaumes 35:11;SKN;56-0421;79;2;levent nai
Apocalypse 3:21;SKN;56-0421;79;2;donnerai trone
Apocalypse 6:3;SKN;56-0421;79;2;sceau viens
Jean 16:21;SKN;56-0421;79;2;heure lenfant
Esaie 9:5;SKN;56-0422;58;2;guerre roule
Galates 1:8;SKN;56-0422;79;2;ange memes
Jean 14:7;SKN;56-0422;79;2;connaissez lavez
Matthieu 25:46;SKN;56-0422;79;3;eternelle eternels sen
Apocalypse 2:20;SKN;56-0422;79;2;esclaves manger
Jean 15:7;SKN;56-0422;79;3;demeurent demeurez paroles
Psaumes 22:7;SKN;56-0422;79;2;bouche voient
Psaumes 35:11;SKN;56-0422;79;2;levent nai
Apocalypse 3:21;SKN;56-0422;79;2;donnerai trone
Jean 16:21;SKN;56-0422;79;2;heure lenfant
Matthieu 11:25;SKN;56-0426;5;3;cache intelligents sages
Actes 15:14;SKN;56-0426;17;2;nations premierement
Jean 5:39;SKN;56-0426;22;2;eternelle temoignage
Jean 12:20;SKN;56-0426;26;2;dentre grecs
Hebreux 12:24;SKN;56-0427;28;2;alliance nouvelle
Luc 2:7;SKN;56-0427;39;2;mit premier
Genese 2:18-21;SKN;56-0427;55;2;ferai leternel
Psaumes 16:8;SKN;56-0427;55;2;leternel serai
Jean 14:7;SKN;56-0427;89;2;auriez lavez
Matthieu 25:46;SKN;56-0428;18;2;eternelle sen
Deuteronome 18:22;SKN;56-0428;45;2;leternel peur
Jean 12:24;SKN;56-0428;59;2;demeure fruit
Jean 15:7;SKN;56-0428;59;2;demeurez voudrez
Matthieu 25:46;SKN;56-0428;60;2;eternelle sen
Matthieu 11:25;SKN;56-0428;81;3;cache intelligents sages
Jean 12:20;SKN;56-0428;86;2;adorer dentre
Matthieu 11:25;SKN;56-0428;92;2;intelligents sages
Matthieu 25:46;SKN;56-0429;18;2;eternelle sen
Deuteronome 18:22;SKN;56-0429;45;2;leternel peur
Jean 12:24;SKN;56-0429;59;2;demeure fruit
Jean 15:7;SKN;56-0429;59;2;demeurez voudrez
Matthieu 25:46;SKN;56-0429;60;2;eternelle sen
Matthieu 11:25;SKN;56-0429;81;3;cache intelligents sages
Jean 12:20;SKN;56-0429;86;2;adorer dentre
Matthieu 11:25;SKN;56-0429;92;2;intelligents sages
Galates 1:8;SKN;56-0513;1;3;ange memes outre
Jean 14:7;SKN;56-0513;1;2;connaissez connu
Hebreux 13:12;SKN;56-0513;1;2;hors propre
Jean 12:20;SKN;56-0513;1;2;fete montes
Galates 3:16;SKN;56-0513;1;2;parlant promesses
Matthieu 25:46;SKN;56-0513;1;2;eternelle tourments
Actes 15:14;SKN;56-0513;1;3;premierement raconte tirer
Actes 10:35;SKN;56-0513;1;2;agreable nation
Malachie 3:6;SKN;56-0513;1;2;change jacob
Matthieu 28:18;SKN;56-0513;1;2;autorite donnee
Hebreux 12:24;SKN;56-0513;1;3;mediateur mieux nouvelle
Apocalypse 13:6;SKN;56-0513;1;2;bouche habitent
Matthieu 19:9;SKN;56-0513;1;2;epouse quiconque
Marc 9:7;SKN;56-0513;1;2;nuee voix
Romains 8:22;SKN;56-0513;1;2;ensemble travail
Genese 2:18-21;SKN;56-0513;1;2;aide ferai
Psaumes 22:18;SKN;56-0513;1;3;jettent robe sort
Apocalypse 1:10;SKN;56-0513;1;3;journee trompette voix
Apocalypse 3:21;SKN;56-0513;1;2;donnerai trone
Ephesiens 1:21;SKN;56-0513;1;2;autorite nomme
Matthieu 11:25;SKN;56-0513;1;2;cache loue
Hebreux 6:1;SKN;56-0513;1;3;fondement mortes uvres
Esaie 28:11;SKN;56-0513;1;2;langue levres
Luc 10:1;SKN;56-0513;1;2;devait face
Marc 16:1;SKN;56-0513;1;2;etant marie
Luc 17:33;SKN;56-0513;1;3;perdra quiconque sauver
Luc 2:7;SKN;56-0513;1;2;creche premier
Luc 11:29;SKN;56-0527;11;2;generation mechante
Esaie 28:8;SKN;56-0527;54;2;sales sorte
Luc 10:1;SKN;56-0527;55;2;devait villes
Jean 16:21;SKN;56-0527;77;2;joie tristesse
Marc 16:1;SKN;56-0603;23;2;etant sabbat
Actes 15:14;SKN;56-0603;26;2;nations premierement
Matthieu 1:23;SKN;56-0603;28;2;appellera vierge
Jean 12:24;SKN;56-0603;43;2;demeure fruit
Galates 1:8;SKN;56-0610;1;2;ange memes
Romains 5:1;SKN;56-0610;1;2;ayant paix
Matthieu 28:20;SKN;56-0610;1;3;enseignant garder siecle
Matthieu 25:46;SKN;56-0610;1;2;eternelle sen
Actes 10:35;SKN;56-0610;1;3;justice nation quen
Matthieu 27:51;SKN;56-0610;1;3;jusquen temple voile
Malachie 3:6;SKN;56-0610;1;3;change jacob leternel
Esaie 28:18;SKN;56-0610;1;2;serez subsistera
Genese 4:1;SKN;56-0610;1;2;eve leternel
Hebreux 12:24;SKN;56-0610;1;3;mediateur mieux nouvelle
Jean 12:24;SKN;56-0610;1;2;demeure fruit
Genese 4:16;SKN;56-0610;1;2;deden leternel
Matthieu 19:9;SKN;56-0610;1;2;adultere epouse
Marc 9:7;SKN;56-0610;1;3;nuee vint voix
Apocalypse 2:20;SKN;56-0610;1;3;egare laisses manger
Deuteronome 18:22;SKN;56-0610;1;2;leternel peur
Genese 22:16;SKN;56-0610;1;2;leternel unique
Genese 2:18-21;SKN;56-0610;1;3;aide ferai leternel
Deuteronome 32:11;SKN;56-0610;1;2;ailes prend
Psaumes 22:7;SKN;56-0610;1;2;bouche voient
Psaumes 22:18;SKN;56-0610;1;2;robe sort
Psaumes 35:11;SKN;56-0610;1;2;nai temoins
Apocalypse 1:10;SKN;56-0610;1;2;trompette voix
Psaumes 14:1;SKN;56-0610;1;3;actions fasse rendu
Hebreux 6:1;SKN;56-0610;1;3;avancons commencement uvres
Esaie 28:11;SKN;56-0610;1;2;langue levres
Luc 10:1;SKN;56-0610;1;3;devait face villes
Psaumes 16:8;SKN;56-0610;1;3;droite leternel serai
Matthieu 5:28;SKN;56-0610;1;2;adultere commis
Luc 17:33;SKN;56-0610;1;2;cherchera sauver
Luc 1:17;SKN;56-0611;10;2;curs justes
Psaumes 22:18;SKN;56-0611;28;2;robe vetements
Romains 5:1;SKN;56-0612;4;2;ayant paix
Genese 15:16;SKN;56-0612;47;2;generation quatrieme
Colossiens 1:15;SKN;56-0612;48;2;creation premier
Galates 1:8;SKN;56-0612;85;2;ange memes
Jean 15:7;SKN;56-0613;35;3;demeurent demeurez paroles
Deuteronome 32:11;SKN;56-0613;39;2;laigle nid
Deuteronome 32:11;SKN;56-0613;40;2;ailes laigle
Actes 15:14;SKN;56-0613;64;2;nations premierement
Galates 1:8;SKN;56-0613;69;2;ange memes
Matthieu 11:25;SKN;56-0614;34;3;cache intelligents sages
Jean 12:20;SKN;56-0614;39;3;adorer dentre montes
Malachie 3:6;SKN;56-0615;15;2;change jacob
Jean 14:7;SKN;56-0615;66;2;auriez connaissez
Hebreux 12:24;SKN;56-0615;80;2;mieux nouvelle
Matthieu 11:25;SKN;56-0617;16;2;intelligents sages
Jean 16:21;SKN;56-0617;24;2;joie tristesse
Colossiens 1:15;SKN;56-0617;55;2;invisible premier
Galates 1:8;SKN;56-0617;78;2;ange memes
Luc 1:17;SKN;56-0617;127;2;pensee retourner
Luc 11:29;SKN;56-0621;15;2;generation mechante
Hebreux 6:1;SKN;56-0621;24;2;avancons commencement
Hebreux 10:14;SKN;56-0621;41;2;rendu sanctifies
Jean 14:7;SKN;56-0621;43;2;auriez connu
Hebreux 4:12;SKN;56-0621;44;2;lame vivante
Ephesiens 5:26;SKN;56-0621;58;2;lavage sanctifie
Matthieu 11:25;SKN;56-0715;9;2;intelligents sages
Jean 14:7;SKN;56-0715;20;3;auriez connu maviez
Apocalypse 2:20;SKN;56-0715;23;2;esclaves manger
Romains 8:22;SKN;56-0715;56;2;creation ensemble
Apocalypse 3:21;SKN;56-0722;14;2;sasseoir vaincu
Jean 16:21;SKN;56-0722;26;2;heure lenfant
Genese 4:16;SKN;56-0723;37;2;cain deden
Matthieu 16:18;SKN;56-0723;40;3;batirai portes prevaudront
Psaumes 22:18;SKN;56-0723;61;3;robe sort vetements
Marc 9:7;SKN;56-0723;76;2;vint voix
Hebreux 4:12;SKN;56-0723;82;2;epee tranchants
Esaie 28:11;SKN;56-0726;4;2;levres parlera
Jean 12:24;SKN;56-0726;24;2;ble grain
Luc 24:49;SKN;56-0726;32;2;den revetus
Jean 16:21;SKN;56-0726;35;2;heure lenfant
Jean 12:24;SKN;56-0726;46;2;demeure meurt
Deuteronome 32:11;SKN;56-0726;77;2;ailes prend
Apocalypse 3:21;SKN;56-0726;86;2;trone vaincu
Matthieu 11:25;SKN;56-0728;10;2;intelligents sages
Psaumes 14:1;SKN;56-0728;19;2;fasse rendu
Deuteronome 18:22;SKN;56-0728;22;2;leternel peur
Romains 5:1;SKN;56-0731;11;2;ayant paix
Apocalypse 3:21;SKN;56-0801;52;3;trone vaincra vaincu
Luc 17:33;SKN;56-0801;72;2;quiconque sauver
Apocalypse 13:6;SKN;56-0805;74;2;bouche ouvrit
Marc 9:7;SKN;56-0805;124;2;vint voix
Genese 2:18-21;SKN;56-0805;131;2;aide ferai
Luc 10:1;SKN;56-0814;5;2;devait face
Malachie 3:6;SKN;56-0815;22;2;jacob leternel
Romains 8:22;SKN;56-0815;47;2;ensemble travail
Esaie 28:18;SKN;56-0815;75;2;alliance serez
Apocalypse 3:21;SKN;56-0816;32;3;trone vaincra vaincu
Esaie 28:18;SKN;56-0816;69;2;alliance serez
Hebreux 6:1;SKN;56-0826;4;2;avancons laissant
Jean 16:21;SKN;56-0826;9;2;joie tristesse
Apocalypse 3:21;SKN;56-0826;32;2;vaincra vaincu
Psaumes 35:11;SKN;56-0902;13;2;nai temoins
Actes 15:14;SKN;56-0902;16;2;nations premierement
Luc 17:28;SKN;56-0902;20;2;achetait vendait
Daniel 12:3;SKN;56-0902;26;2;etoiles splendeur
Deuteronome 32:11;SKN;56-0902;32;2;laigle plumes
Galates 3:16;SKN;56-0902;35;2;promesses semences
Apocalypse 1:10;SKN;56-0902;57;2;fus voix
Romains 8:22;SKN;56-0917;2;2;ensemble travail
Esaie 9:5;SKN;56-0917;31;2;manteau seront
Marc 9:7;SKN;56-0923;46;3;couvrit nuee voix
Marc 16:1;SKN;56-0923;66;2;etant jacques
Marc 16:1;SKN;56-0923;95;2;etant jacques
Matthieu 16:18;SKN;56-0923;105;3;batirai portes prevaudront
Matthieu 16:18;SKN;56-0923;107;3;batirai portes prevaudront
Marc 9:7;SKN;56-0923;117;2;nuee voix
Marc 9:7;SKN;56-0930;8;3;couvrit nuee voix
Jean 12:24;SKN;56-0930;15;2;ble grain
Matthieu 16:18;SKN;56-0930;18;2;batirai portes
Matthieu 16:18;SKN;56-0930;19;3;batirai portes prevaudront
Genese 4:16;SKN;56-0930;21;2;cain deden
Hebreux 10:14;SKN;56-0930;24;2;offrande rendu
Marc 9:7;SKN;56-0930;34;2;nuee voix
Apocalypse 1:7;SKN;56-0930E;25;2;lont perce
Luc 11:29;SKN;56-0930E;27;2;generation jonas
Deuteronome 32:11;SKN;56-1001;47;3;ailes laigle plane
Luc 11:29;SKN;56-1001;50;2;generation jonas
Luc 11:29;SKN;56-1001;51;2;generation jonas
Hebreux 4:12;SKN;56-1002A;21;2;epee tranchants
Matthieu 19:9;SKN;56-1002A;21;2;adultere quiconque
Hebreux 13:12;SKN;56-1002A;24;2;hors sanctifie
Genese 4:1;SKN;56-1002A;35;2;cain leternel
Genese 4:16;SKN;56-1002A;35;2;cain leternel
Marc 9:7;SKN;56-1002A;52;2;vint voix
Apocalypse 11:3;SKN;56-1002A;54;2;prophetiseront temoins
Colossiens 1:15;SKN;56-1002A;54;2;creation premier
Esaie 28:18;SKN;56-1004;4;2;passera serez
Galates 3:16;SKN;56-1004;54;2;parlant plusieurs
Psaumes 22:18;SKN;56-1005;40;2;jettent vetements
Luc 17:28;SKN;56-1005;41;2;buvait mangeait
Apocalypse 3:21;SKN;56-1005;50;2;vaincra vaincu
Matthieu 19:9;SKN;56-1005;57;2;adultere quiconque
Genese 2:18-21;SKN;56-1005;59;2;aide ferai
Matthieu 19:9;SKN;56-1125E;7;2;commet fornication
Daniel 12:3;SKN;56-1125E;15;2;enseigne justice
Psaumes 14:1;SKN;56-1125E;16;2;fasse rendu
Matthieu 5:28;SKN;56-1125E;16;2;adultere commis
Hebreux 13:12;SKN;56-1125E;36;2;hors souffert
Romains 5:1;SKN;56-1125E;36;2;ayant paix
Romains 5:1;SKN;56-1125E;37;2;ayant paix
Hebreux 4:12;SKN;56-1125M;95;2;discerne epee
Malachie 3:6;SKN;56-1206;10;2;leternel netes
Esaie 28:8;SKN;56-1206;21;2;sales sorte
Marc 16:1;SKN;56-1206;115;2;etant jacques
Hebreux 6:1;SKN;56-1207;15;2;commencement repentance
Actes 10:35;SKN;56-1207;19;2;craint quen
Marc 16:1;SKN;56-1207;31;2;etant marie
Romains 5:1;SKN;56-1208;12;3;ayant justifies paix
Galates 3:16;SKN;56-1208;17;2;semence semences
Marc 16:1;SKN;56-1208;31;2;etant marie
Apocalypse 13:6;SKN;56-1209A;2;2;habitation habitent
Matthieu 19:9;SKN;56-1209A;48;2;adultere quiconque
Hebreux 6:1;SKN;56-1209A;51;2;fondement repentance
Romains 8:22;SKN;56-1209E;13;2;ensemble travail
Esaie 28:11;SKN;56-1209E;29;2;etrangere langue
Jean 16:21;SKN;56-1209E;59;2;enfante lenfant
Jean 12:20;SKN;56-1209E;62;2;adorer dentre
Actes 15:14;SKN;56-1209E;71;2;nations visite
Esaie 28:11;SKN;56-1209E;98;2;levres parlera
Hebreux 10:14;SKN;56-1215;3;2;offrande sanctifies
Marc 9:7;SKN;56-1215;7;3;couvrit nuee voix
Genese 15:16;SKN;56-1215;13;2;generation quatrieme
Marc 16:1;SKN;56-1215;40;2;jacques sabbat
Hebreux 6:1;SKN;56-1215;43;2;commencement uvres
Apocalypse 3:21;SKN;56-1215;62;2;donnerai trone
Romains 5:1;SKN;56-1215;68;2;ayant paix
Psaumes 22:18;SKN;56-1215;73;2;sort vetements
Esaie 28:11;SKN;56-1215;90;2;levres parlera
Matthieu 19:9;SKN;56-1230;3;2;adultere commet
Matthieu 5:28;SKN;56-1230;3;2;adultere commis
Apocalypse 2:20;SKN;56-1230;34;2;enseigne manger
Matthieu 11:25;SKN;56-1230;39;3;cache intelligents sages
Genese 4:16;SKN;56-1230;41;2;cain nod
Galates 3:16;SKN;56-1230;42;2;semence semences
Galates 3:16;SKN;56-1230;73;2;semence semences
Jean 16:21;SKN;56-1230;75;2;joie tristesse
Actes 15:14;SKN;56-1230;77;2;raconte visite
Matthieu 25:46;SKN;57-0104;10;2;eternelle sen
Jean 12:20;SKN;57-0104;21;2;fete grecs
Matthieu 11:25;SKN;57-0104;47;3;cache intelligents sages
Marc 9:7;SKN;57-0105;26;3;couvrit nuee voix
Jean 16:21;SKN;57-0105;54;2;joie tristesse
Deuteronome 32:11;SKN;57-0105;70;2;ailes laigle
Genese 2:18-21;SKN;57-0105;78;2;aide ferai
Apocalypse 3:21;SKN;57-0105;86;3;trone vaincra vaincu
Genese 4:16;SKN;57-0106;13;2;deden leternel
Deuteronome 18:22;SKN;57-0106;13;2;leternel peur
Apocalypse 2:20;SKN;57-0106;19;2;idoles manger
Actes 15:14;SKN;57-0106;24;2;nations premierement
Esaie 28:18;SKN;57-0106;45;2;alliance serez
Ephesiens 4:30;SKN;57-0113;21;2;lequel redemption
Marc 9:7;SKN;57-0113;45;2;vint voix
Jean 12:24;SKN;57-0114;28;2;ble meurt
Actes 15:14;SKN;57-0114;30;2;premierement tirer
Deuteronome 32:11;SKN;57-0115;20;2;laigle plane
Deuteronome 32:11;SKN;57-0115;22;3;ailes laigle plumes
Deuteronome 32:11;SKN;57-0115;23;2;ailes plane
Jean 12:24;SKN;57-0115;70;2;ble grain
Jean 12:24;SKN;57-0120E;15;2;demeure grain
Galates 1:8;SKN;57-0120E;21;2;anatheme ange
Genese 22:16;SKN;57-0120E;47;2;jure leternel
Genese 2:18-21;SKN;57-0120E;64;2;aide ferai
Matthieu 19:9;SKN;57-0120E;66;2;adultere fornication
Deuteronome 32:11;SKN;57-0120M;18;2;laigle nid
Ephesiens 5:26;SKN;57-0120M;22;2;deau lavage
Luc 11:29;SKN;57-0120M;30;2;generation jonas
Luc 24:49;SKN;57-0120M;31;2;den revetus
Esaie 28:11;SKN;57-0120M;45;2;langue levres
Marc 9:7;SKN;57-0125;10;3;couvrit nuee voix
Galates 3:16;SKN;57-0125;21;2;parlant plusieurs
Matthieu 11:25;SKN;57-0125;34;3;cache intelligents sages
Deuteronome 32:11;SKN;57-0125;42;2;ailes laigle
Colossiens 1:15;SKN;57-0125;44;2;creation invisible
Ephesiens 5:26;SKN;57-0125;57;2;deau lavage
Jean 12:24;SKN;57-0126B;26;2;ble grain
Galates 1:8;SKN;57-0126B;46;2;anatheme ange
Marc 16:1;SKN;57-0126B;61;2;etant marie
Galates 1:8;SKN;57-0126E;8;2;memes outre
Deuteronome 32:11;SKN;57-0127A;13;2;ailes plumes
Hebreux 6:1;SKN;57-0127A;54;2;commencement mortes
Jean 16:21;SKN;57-0127E;22;2;lenfant tristesse
Deuteronome 32:11;SKN;57-0127E;25;2;laigle prend
Malachie 3:6;SKN;57-0127E;28;2;change leternel
Hebreux 6:1;SKN;57-0127E;29;2;commencement faits
Apocalypse 3:21;SKN;57-0226;14;3;trone vaincra vaincu
Jean 12:20;SKN;57-0226;16;2;adorer grecs
Jean 12:20;SKN;57-0226;17;2;grecs montes
Hebreux 6:1;SKN;57-0226;83;2;avancons laissant
Romains 8:22;SKN;57-0228;6;2;creation travail
Luc 10:1;SKN;57-0228;31;2;devait face
Marc 11:21;SKN;57-0301;15;2;sec setait
Malachie 3:6;SKN;57-0301;23;2;change netes
Luc 17:33;SKN;57-0302;65;2;quiconque sauver
Jean 12:24;SKN;57-0303A;47;2;ble meurt
Jean 16:21;SKN;57-0303E;1;2;joie tristesse
Luc 17:28;SKN;57-0303E;28;2;achetait vendait
Matthieu 11:25;SKN;57-0303E;42;3;intelligents loue sages
Matthieu 11:25;SKN;57-0305;7;2;intelligents sages
Galates 1:8;SKN;57-0306;43;2;anatheme ange
Deuteronome 18:22;SKN;57-0307;14;2;leternel naura
Luc 24:49;SKN;57-0307;45;2;den revetus
Hebreux 4:12;SKN;57-0307;46;2;epee tranchants
Matthieu 25:46;SKN;57-0308;33;2;justes sen
Jean 12:24;SKN;57-0308;33;2;ble grain
Ephesiens 5:26;SKN;57-0308;35;2;deau lavage
Ephesiens 5:26;SKN;57-0309E;6;2;deau lavage
Genese 22:16;SKN;57-0309E;39;2;jure unique
Genese 2:18-21;SKN;57-0309E;53;2;ferai leternel
Apocalypse 1:10;SKN;57-0310A;9;2;journee voix
Psaumes 22:18;SKN;57-0310A;21;2;robe sort
Ephesiens 5:26;SKN;57-0310A;22;2;deau lavage
Esaie 28:8;SKN;57-0310A;37;2;sales sorte
Romains 8:22;SKN;57-0310E;7;2;ensemble travail
Marc 9:7;SKN;57-0310E;17;3;couvrit nuee voix
Psaumes 35:11;SKN;57-0310E;21;2;nai temoins
Marc 16:1;SKN;57-0310E;35;2;jacques sabbat
Luc 17:33;SKN;57-0310E;38;2;perdra sauver
Marc 11:21;SKN;57-0310E;64;2;figuier rabbi
Matthieu 1:23;SKN;57-0317;32;2;emmanuel vierge
Marc 9:7;SKN;57-0322;9;3;couvrit nuee voix
Marc 16:1;SKN;57-0322;9;2;etant jacques
Matthieu 5:28;SKN;57-0322;36;3;adultere commis convoiter
Matthieu 5:28;SKN;57-0322;37;3;adultere commis convoiter
Ephesiens 5:26;SKN;57-0322;60;2;lavage sanctifie
Apocalypse 2:20;SKN;57-0323;8;2;idoles manger
Matthieu 25:46;SKN;57-0323;58;2;eternelle sen
Hebreux 13:12;SKN;57-0324;7;2;propre sanctifie
Jean 12:24;SKN;57-0324;72;2;ble meurt
Hebreux 6:1;SKN;57-0324;72;2;faits mortes
Romains 8:22;SKN;57-0324;74;2;creation ensemble
Jean 12:20;SKN;57-0324;75;2;adorer montes
Matthieu 11:25;SKN;57-0325;18;3;cache intelligents sages
Genese 4:1;SKN;57-0325;19;2;cain leternel
Genese 4:16;SKN;57-0325;19;2;cain leternel
Matthieu 16:18;SKN;57-0325;23;3;batirai portes prevaudront
Jean 12:24;SKN;57-0325;27;2;ble fruit
Malachie 3:6;SKN;57-0325;46;2;change netes
Hebreux 13:12;SKN;57-0325;78;2;hors propre
Esaie 28:11;SKN;57-0326;36;2;etrangere langue
Jean 12:20;SKN;57-0326;70;2;adorer dentre
Esaie 9:5;SKN;57-0407E;5;2;manteau seront
Psaumes 14:1;SKN;57-0407E;7;2;fasse rendu
Apocalypse 2:20;SKN;57-0407E;21;2;esclaves idoles
Ephesiens 1:21;SKN;57-0407E;41;2;autorite domination
Ephesiens 4:30;SKN;57-0407M;9;2;lequel redemption
Romains 5:1;SKN;57-0407M;9;2;ayant paix
Jean 12:20;SKN;57-0407M;9;3;adorer dentre montes
Matthieu 16:18;SKN;57-0407M;9;3;batirai portes prevaudront
Matthieu 11:6;SKN;57-0407M;9;2;naura quiconque
Actes 10:35;SKN;57-0407M;9;2;nation quen
Matthieu 27:51;SKN;57-0407M;9;3;jusquen rochers voile
Esaie 28:18;SKN;57-0407M;9;2;passera serez
Apocalypse 11:3;SKN;57-0407M;9;2;donnerai temoins
Genese 4:16;SKN;57-0407M;9;2;leternel lorient
Apocalypse 13:6;SKN;57-0407M;9;2;bouche habitent
Matthieu 19:9;SKN;57-0407M;9;2;epouse quiconque
Romains 8:22;SKN;57-0407M;9;2;ensemble travail
Genese 22:16;SKN;57-0407M;9;2;leternel nas
Jean 15:7;SKN;57-0407M;9;2;paroles voudrez
Marc 11:21;SKN;57-0407M;9;2;maudit setait
Genese 2:18-21;SKN;57-0407M;9;2;aide leternel
Psaumes 22:7;SKN;57-0407M;9;2;bouche voient
Psaumes 22:18;SKN;57-0407M;9;2;sort vetements
Psaumes 35:11;SKN;57-0407M;9;2;nai temoins
Apocalypse 1:7;SKN;57-0407M;9;2;lont verra
Psaumes 14:1;SKN;57-0407M;9;2;fasse rendu
Jean 16:21;SKN;57-0407M;9;3;heure joie souvient
Daniel 12:3;SKN;57-0407M;9;2;etoiles multitude
Matthieu 5:28;SKN;57-0407M;9;2;commis quiconque
Luc 17:33;SKN;57-0407M;9;2;quiconque sauver
Esaie 9:5;SKN;57-0407M;9;2;roule seront
Apocalypse 2:20;SKN;57-0414;133;2;commettre fornication
Romains 8:22;SKN;57-0417;75;2;creation ensemble
Matthieu 19:9;SKN;57-0417;82;3;adultere epouse fornication
Apocalypse 2:20;SKN;57-0417;82;2;commettre fornication
Matthieu 5:28;SKN;57-0417;82;2;adultere commis
Jean 12:20;SKN;57-0418;51;2;adorer dentre
Matthieu 28:20;SKN;57-0418;51;2;garder siecle
Matthieu 25:46;SKN;57-0418;51;2;eternelle sen
Malachie 3:6;SKN;57-0418;51;3;change jacob netes
Genese 15:16;SKN;57-0418;51;2;generation liniquite
Matthieu 5:28;SKN;57-0419;33;2;adultere commis
Hebreux 10:14;SKN;57-0419;48;2;offrande sanctifies
Ephesiens 5:26;SKN;57-0419;99;2;deau lavage
Matthieu 27:51;SKN;57-0419;106;2;temple voile
Jean 16:21;SKN;57-0419;115;2;joie tristesse
Matthieu 16:18;SKN;57-0420;32;3;batirai portes prevaudront
Matthieu 16:18;SKN;57-0420;34;3;batirai portes prevaudront
Matthieu 27:51;SKN;57-0420;63;2;rochers voile
Luc 10:1;SKN;57-0420;68;2;devait face
Psaumes 22:18;SKN;57-0421E;8;2;sort vetements
Matthieu 25:46;SKN;57-0421E;33;2;iront sen
Romains 8:22;SKN;57-0421M;64;2;ensemble travail
Psaumes 22:18;SKN;57-0421M;64;2;robe vetements
Jean 16:21;SKN;57-0421M;64;3;heure joie tristesse
Jean 12:20;SKN;57-0516;12;3;adorer fete grecs
Genese 4:16;SKN;57-0516;15;2;habita sortit
Actes 10:44;SKN;57-0516;17;2;entendaient mots
Psaumes 22:18;SKN;57-0516;25;2;robe vetements
Psaumes 35:11;SKN;57-0516;37;2;nai temoins
Jean 16:21;SKN;57-0516;67;2;joie tristesse
Matthieu 25:46;SKN;57-0517;7;2;eternelle sen
Esaie 28:8;SKN;57-0517;8;2;sales sorte
Luc 11:29;SKN;57-0517;15;3;generation jonas mechante
Matthieu 24:19;SKN;57-0517;18;2;celles malheur
Hebreux 4:12;SKN;57-0517;29;3;discerne epee tranchants
Luc 11:29;SKN;57-0517;34;2;generation jonas
Hebreux 13:12;SKN;57-0518;4;2;hors propre
Apocalypse 2:20;SKN;57-0518;20;3;enseigne esclaves manger
Psaumes 35:11;SKN;57-0518;72;2;levent nai
Actes 10:35;SKN;57-0518;108;2;justice quen
Marc 9:7;SKN;57-0519A;13;3;couvrit nuee voix
Marc 16:1;SKN;57-0519A;19;2;etant jacques
Psaumes 22:18;SKN;57-0519A;40;2;robe vetements
Genese 2:18-21;SKN;57-0519A;50;2;aide ferai
Matthieu 11:6;SKN;57-0519A;85;2;bienheureux naura
Romains 5:1;SKN;57-0519E;22;2;ayant paix
Luc 24:49;SKN;57-0519E;57;2;den revetus
Actes 10:35;SKN;57-0519E;84;2;justice pratique
Romains 8:22;SKN;57-0602;16;2;ensemble soupire
Matthieu 19:9;SKN;57-0602;33;2;adultere quiconque
Matthieu 16:18;SKN;57-0602;47;2;assemblee portes
Matthieu 11:6;SKN;57-0602;53;2;naura quiconque
Deuteronome 18:22;SKN;57-0602;53;2;leternel naura
Hebreux 4:12;SKN;57-0602;56;2;epee tranchants
Hebreux 6:1;SKN;57-0610;20;2;commencement faits
Marc 7:7;SKN;57-0610;26;3;commandements enseignant vain
Psaumes 35:11;SKN;57-0613E;7;2;connues nai
Hebreux 6:1;SKN;57-0613E;10;2;mortes uvres
Matthieu 25:46;SKN;57-0613E;16;2;eternelle eternels
Luc 17:28;SKN;57-0613E;29;3;achetait arriva vendait
Luc 11:29;SKN;57-0613E;75;2;generation mechante
Matthieu 27:51;SKN;57-0623;33;2;fendirent rochers
Hebreux 13:12;SKN;57-0623;46;2;hors propre
Matthieu 25:46;SKN;57-0623;62;2;eternelle iront
Deuteronome 18:22;SKN;57-0623;62;2;leternel parlera
Matthieu 25:46;SKN;57-0629;15;2;eternelle eternels
Genese 22:16;SKN;57-0630;15;2;leternel unique
Esaie 9:5;SKN;57-0630;42;2;chausse chaussure
Matthieu 19:9;SKN;57-0630;43;2;adultere quiconque
Luc 10:1;SKN;57-0705;12;2;devait villes
Hebreux 13:12;SKN;57-0705;13;2;hors propre
Matthieu 25:46;SKN;57-0705;13;3;iront justes sen
Malachie 3:6;SKN;57-0705;13;3;change jacob netes
Romains 8:22;SKN;57-0705;13;2;creation ensemble
Matthieu 24:19;SKN;57-0705;13;2;celles malheur
Apocalypse 1:10;SKN;57-0705;13;2;fus voix
Apocalypse 1:7;SKN;57-0705;13;2;perce verra
Luc 10:1;SKN;57-0705;13;2;devait lieux
Colossiens 1:15;SKN;57-0705;13;2;creation premier
Luc 2:7;SKN;57-0705;13;2;mit premier
Matthieu 16:18;SKN;57-0714;112;3;batirai portes prevaudront
Marc 9:7;SKN;57-0725;13;3;couvrit nuee voix
Esaie 28:11;SKN;57-0725;21;2;langue levres
Matthieu 5:28;SKN;57-0725;23;3;adultere commis convoiter
Matthieu 25:46;SKN;57-0725;33;2;eternelle sen
Deuteronome 18:22;SKN;57-0725;38;2;leternel peur
Genese 2:18-21;SKN;57-0725;38;2;ferai leternel
Esaie 28:8;SKN;57-0727;25;2;pleines sorte
Hebreux 4:12;SKN;57-0728;31;2;lame vivante
Matthieu 25:46;SKN;57-0728;51;2;iront sen
Hebreux 6:1;SKN;57-0728;74;2;commencement uvres
Esaie 28:18;SKN;57-0804A;8;2;foules serez
Luc 24:49;SKN;57-0804A;42;2;den revetus
Hebreux 4:12;SKN;57-0804A;46;2;lame vivante
Jean 12:20;SKN;57-0804E;9;3;adorer grecs montes
Esaie 28:11;SKN;57-0804E;17;2;langue levres
Matthieu 11:25;SKN;57-0804E;19;3;cache intelligents sages
Luc 11:29;SKN;57-0805;3;3;generation jonas mechante
Apocalypse 3:21;SKN;57-0805;30;2;donnerai trone
Luc 11:29;SKN;57-0805;31;2;generation jonas
Actes 10:35;SKN;57-0805;32;2;nation quen
Esaie 28:8;SKN;57-0805;71;2;sales sorte
Luc 10:1;SKN;57-0806;19;2;devait face
Marc 9:7;SKN;57-0807;2;3;couvrit nuee voix
Matthieu 11:25;SKN;57-0807;5;2;intelligents sages
Luc 24:49;SKN;57-0807;9;2;den revetus
Psaumes 35:11;SKN;57-0807;10;2;nai temoins
Marc 16:1;SKN;57-0807;13;2;etant jacques
Malachie 3:6;SKN;57-0807;59;2;leternel netes
Genese 15:16;SKN;57-0808;14;2;liniquite quatrieme
Apocalypse 1:10;SKN;57-0808;16;2;jentendis voix
Hebreux 6:1;SKN;57-0808;27;2;dhommes faits
Daniel 12:3;SKN;57-0808;45;2;etoiles splendeur
Apocalypse 3:21;SKN;57-0808;46;2;trone vaincu
Esaie 9:5;SKN;57-0808;47;2;manteau seront
Matthieu 25:46;SKN;57-0808;64;2;eternelle eternels
Romains 8:22;SKN;57-0808;66;2;ensemble travail
Malachie 3:6;SKN;57-0809;26;2;change leternel
Deuteronome 18:22;SKN;57-0810;2;2;leternel peur
Matthieu 11:25;SKN;57-0810;42;3;cache intelligents sages
Ephesiens 4:30;SKN;57-0810;49;2;lequel redemption
Jean 12:20;SKN;57-0810;50;2;adorer dentre
Genese 22:16;SKN;57-0810;52;2;refuse unique
Esaie 28:11;SKN;57-0810;72;2;levres parlera
Esaie 28:11;SKN;57-0811A;47;2;langue levres
Malachie 3:6;SKN;57-0811E;31;2;change jacob
Malachie 3:6;SKN;57-0811E;61;2;change netes
Psaumes 35:11;SKN;57-0811E;62;2;nai temoins
Matthieu 11:25;SKN;57-0821;109;2;intelligents sages
Romains 5:1;SKN;57-0821;132;2;ayant paix
Luc 2:7;SKN;57-0825E;113;2;mit premier
Ephesiens 4:30;SKN;57-0825E;150;2;lequel redemption
Hebreux 13:12;SKN;57-0825E;150;3;propre sanctifie souffert
Matthieu 16:18;SKN;57-0825E;150;2;assemblee portes
Ephesiens 5:26;SKN;57-0825E;150;2;lavage sanctifie
Psaumes 22:18;SKN;57-0825E;150;2;robe sort
Psaumes 14:1;SKN;57-0825E;150;2;fasse rendu
Luc 10:1;SKN;57-0825E;150;2;devait lieux
Colossiens 1:15;SKN;57-0825E;150;2;image premier
Hebreux 10:14;SKN;57-0825E;150;3;offrande rendu sanctifies
Daniel 12:3;SKN;57-0825M;13;2;etoiles sages
Luc 10:1;SKN;57-0828;233;2;devait face
Apocalypse 3:21;SKN;57-0901E;39;2;trone vaincu
Matthieu 5:28;SKN;57-0901E;44;2;adultere commis
Matthieu 19:9;SKN;57-0901E;45;2;adultere quiconque
Hebreux 4:2;SKN;57-0901E;57;2;entendirent servit
Hebreux 4:2;SKN;57-0901E;73;2;entendirent servit
Actes 10:35;SKN;57-0901E;75;2;justice nation
Daniel 12:3;SKN;57-0901E;103;2;etoiles multitude
Matthieu 19:9;SKN;57-0901E;115;2;adultere quiconque
Matthieu 19:9;SKN;57-0901E;123;2;adultere quiconque
Luc 17:28;SKN;57-0901E;141;2;buvait mangeait
Esaie 28:8;SKN;57-0901E;158;3;pleines tables vomissements
Esaie 28:8;SKN;57-0901E;160;3;pleines tables vomissements
Esaie 28:8;SKN;57-0901E;166;3;pleines tables vomissements
Esaie 28:8;SKN;57-0901E;167;3;pleines tables vomissements
Esaie 28:8;SKN;57-0901E;168;3;pleines tables vomissements
Esaie 28:8;SKN;57-0901E;170;3;pleines tables vomissements
Esaie 28:8;SKN;57-0901E;175;3;pleines tables vomissements
Esaie 28:8;SKN;57-0901E;185;3;pleines tables vomissements
Hebreux 4:12;SKN;57-0901E;213;2;epee tranchants
Hebreux 6:1;SKN;57-0901E;229;2;commencement faits
Esaie 28:18;SKN;57-0901M;4;2;fleau passera
Luc 10:1;SKN;57-0901M;62;2;devait face
Romains 8:22;SKN;57-0901M;211;2;soupire travail
Matthieu 11:25;SKN;57-0908E;223;3;cache intelligents sages
Hebreux 10:14;SKN;57-0908E;249;2;parfaits rendu
Hebreux 6:1;SKN;57-0908E;260;2;fondement mortes
Hebreux 6:1;SKN;57-0908E;269;3;fondement laissant mortes
Hebreux 10:14;SKN;57-0908E;292;2;parfaits rendu
Hebreux 6:1;SKN;57-0908E;301;2;fondement posant
Psaumes 22:18;SKN;57-0908E;371;2;jettent vetements
Hebreux 13:12;SKN;57-0908E;407;2;hors propre
Marc 9:7;SKN;57-0908E;443;2;vint voix
Romains 5:1;SKN;57-0908E;479;2;ayant paix
Daniel 12:3;SKN;57-0908M;49;2;enseigne justice
Hebreux 10:14;SKN;57-0908M;72;2;parfaits rendu
Hebreux 13:12;SKN;57-0908M;93;2;propre sanctifie
Psaumes 14:1;SKN;57-0908M;118;2;fasse rendu
Hebreux 10:14;SKN;57-0908M;126;2;offrande sanctifies
Esaie 28:8;SKN;57-0908M;161;2;pleines tables
Daniel 12:3;SKN;57-0915E;15;2;justice perpetuite
Hebreux 10:14;SKN;57-0915E;15;2;perpetuite rendu
Daniel 12:3;SKN;57-0915E;23;2;justice perpetuite
Hebreux 10:14;SKN;57-0915E;23;2;perpetuite rendu
Hebreux 10:14;SKN;57-0915E;27;2;perpetuite rendu
Romains 5:1;SKN;57-0915E;75;2;ayant principe
Hebreux 10:14;SKN;57-0915E;93;2;perpetuite rendu
Romains 5:1;SKN;57-0915E;130;2;ayant paix
Matthieu 19:9;SKN;57-0915E;152;2;adultere quiconque
Matthieu 5:28;SKN;57-0915E;153;2;adultere commis
Genese 15:16;SKN;57-0915E;161;2;generation quatrieme
Matthieu 16:18;SKN;57-0915E;182;2;assemblee portes
Hebreux 10:14;SKN;57-0915M;598;2;parfaits rendu
Colossiens 1:15;SKN;57-0915M;628;2;image premier
Esaie 28:11;SKN;57-0915M;650;2;langue levres
Matthieu 19:9;SKN;57-0922E;348;2;adultere quiconque
Hebreux 4:12;SKN;57-0922E;430;3;discerne epee tranchants
Hebreux 13:12;SKN;57-0922M;5;2;propre sanctifie
Hebreux 13:12;SKN;57-0922M;35;2;propre souffert
Matthieu 25:46;SKN;57-0925;28;3;eternelle iront justes
Matthieu 25:46;SKN;57-0925;29;3;eternelle iront justes
Matthieu 25:46;SKN;57-0925;30;2;eternelle iront
Matthieu 25:46;SKN;57-0925;32;2;eternelle iront
Matthieu 25:46;SKN;57-0925;33;2;iront justes
Matthieu 19:9;SKN;57-0925;37;2;epouse quiconque
Actes 10:35;SKN;57-0925;75;2;justice nation
Matthieu 11:25;SKN;57-0925;124;3;cache intelligents sages
Marc 16:1;SKN;57-0925;138;2;etant marie
Matthieu 16:18;SKN;57-0925;169;3;batirai portes roc
Genese 4:1;SKN;57-0925;177;2;cain eve
Matthieu 11:25;SKN;57-0925;180;2;cache repondit
Genese 4:1;SKN;57-0925;182;3;concut connut enfanta
Genese 4:1;SKN;57-0925;191;3;concut connut enfanta
Matthieu 25:46;SKN;57-0925;247;2;eternelle justes
Ephesiens 4:30;SKN;57-1002;515;2;lequel redemption
Esaie 9:5;SKN;57-1002;537;2;guerre seront
Genese 4:1;SKN;57-1006;575;3;cain connut eve
Genese 4:16;SKN;57-1006;575;2;cain nod
Genese 4:1;SKN;57-1006;579;2;cain eve
Genese 4:1;SKN;57-1006;581;2;cain eve
Genese 4:1;SKN;57-1006;583;2;cain eve
Genese 4:1;SKN;57-1006;600;3;cain connut eve
Genese 4:1;SKN;57-1006;602;2;cain eve
Genese 4:1;SKN;57-1006;608;2;cain connut
Genese 4:1;SKN;57-1006;648;2;cain eve
Matthieu 16:18;SKN;57-1006;654;3;batirai portes prevaudront
Apocalypse 3:21;SKN;57-1006;680;2;trone vaincu
Ephesiens 4:30;SKN;57-1006;710;2;lequel redemption
Matthieu 5:28;SKN;57-1006;795;2;adultere commis
Matthieu 19:9;SKN;57-1006;796;2;adultere quiconque
Matthieu 5:28;SKN;57-1006;797;2;adultere commis
Esaie 28:8;SKN;57-1006;878;2;sales sorte
Apocalypse 1:10;SKN;57-1208;17;2;journee voix
Psaumes 22:7;SKN;57-1208;60;2;ouvrent voient
Actes 10:35;SKN;57-1208;66;2;pratique quen
Matthieu 11:25;SKN;57-1211;20;2;intelligents sages
Genese 2:18-21;SKN;57-1211;24;2;aide leternel
Luc 17:28;SKN;57-1211;31;2;arriva lot
Romains 8:22;SKN;57-1211;47;2;ensemble travail
Hebreux 13:12;SKN;57-1212;69;2;propre souffert
Luc 17:33;SKN;57-1213;61;2;quiconque sauver
Marc 11:21;SKN;57-1215;9;3;figuier maudit setait
Romains 8:22;SKN;57-1215;26;2;creation ensemble
Romains 5:1;SKN;57-1222;10;2;ayant paix
Jean 12:20;SKN;57-1222;10;2;adorer fete
Malachie 3:6;SKN;57-1222;10;2;change jacob
Apocalypse 2:20;SKN;57-1222;10;2;enseigne manger
Genese 2:18-21;SKN;57-1222;10;2;aide ferai
Apocalypse 1:10;SKN;57-1222;10;2;journee voix
Apocalypse 3:21;SKN;57-1222;10;2;trone vaincu
Luc 10:1;SKN;57-1222;10;2;devait villes
Marc 16:1;SKN;57-1222;10;3;etant jacques marie
Luc 17:33;SKN;57-1222;10;2;cherchera sauver
Marc 11:21;SKN;57-1229;21;2;rabbi setait
Marc 11:21;SKN;58-0105;24;2;rabbi setait
Psaumes 35:11;SKN;58-0105;39;2;levent nai
Actes 10:35;SKN;58-0107;31;2;nation quen
Luc 17:28;SKN;58-0109;3;2;arriva lot
Luc 17:28;SKN;58-0109;10;2;arriva lot
Luc 17:28;SKN;58-0109;11;2;arriva lot
Psaumes 22:7;SKN;58-0109;14;2;moquent voient
Psaumes 35:11;SKN;58-0109;15;2;connues nai
Luc 17:28;SKN;58-0109;21;2;arriva lot
Apocalypse 1:10;SKN;58-0110;4;2;jentendis voix
Apocalypse 3:21;SKN;58-0110;23;2;trone vaincu
Apocalypse 3:21;SKN;58-0110;36;2;trone vaincu
Marc 11:21;SKN;58-0110;40;2;rabbi setait
Actes 10:35;SKN;58-0112A;23;2;justice nation
Apocalypse 3:21;SKN;58-0112E;5;2;vaincra vaincu
Deuteronome 18:22;SKN;58-0125;31;2;narrivera peur
Hebreux 13:12;SKN;58-0125;55;2;hors propre
Marc 9:7;SKN;58-0126;3;3;couvrit nuee voix
Matthieu 11:6;SKN;58-0126;5;2;naura quiconque
Jean 15:7;SKN;58-0126;26;3;demeurent demeurez paroles
Hebreux 13:12;SKN;58-0126;29;2;propre souffert
Marc 9:7;SKN;58-0126;29;2;vint voix
Genese 15:16;SKN;58-0126;29;2;generation liniquite
Marc 11:21;SKN;58-0126;31;2;rabbi setait
Deuteronome 18:22;SKN;58-0127;4;2;leternel peur
Matthieu 19:9;SKN;58-0127;34;2;adultere commet
Deuteronome 18:22;SKN;58-0127;37;2;naura nauras
Actes 10:35;SKN;58-0128;37;2;justice nation
Daniel 12:3;SKN;58-0128;42;2;brilleront etoiles
Hebreux 13:12;SKN;58-0128;135;2;hors propre
Romains 5:1;SKN;58-0128;135;2;ayant paix
Matthieu 28:18;SKN;58-0128;135;2;autorite donnee
Psaumes 35:11;SKN;58-0128;135;2;levent temoins
Apocalypse 1:10;SKN;58-0128;135;2;journee voix
Ephesiens 1:21;SKN;58-0128;135;2;autorite domination
Actes 10:35;SKN;58-0130;53;2;nation quen
Luc 17:28;SKN;58-0202;16;2;arriva lot
Luc 17:28;SKN;58-0202;37;2;arriva lot
Luc 17:28;SKN;58-0202;57;2;arriva lot
Luc 17:28;SKN;58-0202;68;2;arriva lot
Actes 10:35;SKN;58-0202;91;2;justice quen
Genese 2:18-21;SKN;58-0207;5;2;aide leternel
Romains 8:22;SKN;58-0207;48;2;ensemble travail
Matthieu 19:9;SKN;58-0208;8;2;epouse quiconque
Hebreux 13:12;SKN;58-0208;51;2;propre sanctifie
Marc 9:7;SKN;58-0209A;6;3;couvrit nuee voix
Matthieu 19:9;SKN;58-0209A;29;2;adultere quiconque
Deuteronome 18:22;SKN;58-0209A;44;2;leternel naura
Actes 10:35;SKN;58-0209A;55;2;agreable quen
Actes 10:35;SKN;58-0209E;39;2;nation pratique
Ephesiens 5:26;SKN;58-0214;15;2;deau lavage
Apocalypse 3:21;SKN;58-0214;31;2;vaincra vaincu
Jean 15:7;SKN;58-0223;20;2;demeurez voudrez
Apocalypse 3:21;SKN;58-0223;32;2;vaincra vaincu
Marc 11:21;SKN;58-0223;35;2;rabbi setait
Marc 11:21;SKN;58-0223;36;2;rabbi setait
Apocalypse 1:7;SKN;58-0223;40;2;lont tribus
Deuteronome 18:22;SKN;58-0228;3;2;leternel peur
Matthieu 19:9;SKN;58-0228;26;2;adultere quiconque
Esaie 28:8;SKN;58-0228;30;2;sales sorte
Matthieu 5:28;SKN;58-0228;37;2;adultere commis
Matthieu 16:18;SKN;58-0301B;22;2;batirai roc
Romains 5:1;SKN;58-0301B;42;2;ayant principe
Hebreux 13:12;SKN;58-0301B;43;2;propre souffert
Marc 9:7;SKN;58-0301E;3;3;couvrit nuee voix
Marc 16:1;SKN;58-0301E;7;2;etant jacques
Psaumes 22:18;SKN;58-0301E;23;2;robe vetements
Marc 9:7;SKN;58-0301E;25;3;couvrit nuee voix
Actes 10:35;SKN;58-0301E;28;2;justice quen
Marc 11:21;SKN;58-0301E;46;2;figuier rabbi
Malachie 3:6;SKN;58-0301E;55;2;change netes
Malachie 3:6;SKN;58-0302;68;2;change netes
Luc 17:28;SKN;58-0309E;4;2;arriva lot
Luc 17:28;SKN;58-0309E;13;2;arriva lot
Luc 17:28;SKN;58-0309E;31;2;arriva lot
Luc 17:28;SKN;58-0309E;33;2;arriva lot
Luc 17:28;SKN;58-0309E;53;2;arriva lot
Actes 10:35;SKN;58-0309M;17;2;agreable justice
Matthieu 5:28;SKN;58-0309M;25;3;adultere commis convoiter
Genese 15:16;SKN;58-0309M;42;2;amoreens comble
Esaie 28:8;SKN;58-0309M;44;2;sales tables
Hebreux 13:12;SKN;58-0312;85;2;hors propre
Luc 11:29;SKN;58-0313;8;2;generation jonas
Luc 11:29;SKN;58-0313;14;2;generation jonas
Jean 12:20;SKN;58-0313;60;2;adorer dentre
Actes 10:35;SKN;58-0313;77;2;nation quen
Luc 17:28;SKN;58-0315;66;2;achetait vendait
Luc 17:28;SKN;58-0315;75;2;arriva lot
Matthieu 19:9;SKN;58-0316A;44;2;adultere quiconque
Deuteronome 18:22;SKN;58-0316E;97;2;leternel peur
Ephesiens 4:30;SKN;58-0323;7;2;lequel redemption
Malachie 3:6;SKN;58-0323;9;2;leternel netes
Romains 8:22;SKN;58-0323;14;2;creation ensemble
Marc 9:7;SKN;58-0324;3;3;couvrit nuee voix
Daniel 12:3;SKN;58-0324;10;2;enseigne sages
Matthieu 19:9;SKN;58-0324;25;2;adultere quiconque
Hebreux 4:12;SKN;58-0324;62;2;epee tranchants
Genese 15:16;SKN;58-0325;45;2;comble liniquite
Ephesiens 4:30;SKN;58-0326;17;2;lequel scelles
Romains 5:1;SKN;58-0326;17;2;ayant paix
Matthieu 16:18;SKN;58-0326;17;3;batirai portes prevaudront
Luc 17:28;SKN;58-0326;17;2;achetait vendait
Actes 10:35;SKN;58-0326;17;3;agreable nation quen
Esaie 28:18;SKN;58-0326;17;2;passera serez
Apocalypse 2:20;SKN;58-0326;17;2;esclaves manger
Deuteronome 18:22;SKN;58-0326;17;2;leternel peur
Genese 22:16;SKN;58-0326;17;3;jure leternel unique
Psaumes 22:18;SKN;58-0326;17;2;sort vetements
Psaumes 35:11;SKN;58-0326;17;2;nai temoins
Apocalypse 1:10;SKN;58-0326;17;2;journee voix
Ephesiens 1:21;SKN;58-0326;17;2;autorite domination
Esaie 28:8;SKN;58-0326;17;2;sales sorte
Esaie 9:5;SKN;58-0326;17;3;manteau roule seront
Apocalypse 1:10;SKN;58-0329;5;2;jentendis voix
Matthieu 16:18;SKN;58-0330A;142;3;batirai portes prevaudront
Actes 10:35;SKN;58-0330E;22;2;nation quen
Luc 11:29;SKN;58-0330E;33;2;generation jonas
Luc 17:33;SKN;58-0330E;44;2;quiconque sauver
Daniel 12:3;SKN;58-0406E;17;2;sages splendeur
Apocalypse 1:10;SKN;58-0406E;32;2;journee voix
Daniel 12:3;SKN;58-0406E;42;2;etoiles justice
Esaie 9:5;SKN;58-0406E;42;2;guerre seront
Actes 10:35;SKN;58-0406E;44;2;nation quen
Malachie 3:6;SKN;58-0406E;44;2;change netes
Romains 8:22;SKN;58-0406E;44;2;ensemble travail
Jean 15:7;SKN;58-0406E;44;2;demanderez paroles
Psaumes 35:11;SKN;58-0406E;44;2;levent nai
Hebreux 4:12;SKN;58-0406S;19;3;lame quaucune vivante
Matthieu 16:18;SKN;58-0406S;36;3;batirai portes roc
Marc 16:1;SKN;58-0500;4;2;etant jacques
Ephesiens 4:30;SKN;58-0501;16;2;lequel redemption
Luc 11:29;SKN;58-0503;14;3;generation jonas mechante
Luc 11:29;SKN;58-0503;15;3;generation jonas mechante
Luc 11:29;SKN;58-0503;36;3;generation jonas mechante
Luc 17:28;SKN;58-0503;38;2;arriva lot
Marc 16:1;SKN;58-0508;27;2;marie sabbat
Matthieu 5:28;SKN;58-0512;28;2;adultere commis
Matthieu 19:9;SKN;58-0512;29;2;adultere quiconque
Luc 17:28;SKN;58-0515;54;2;arriva lot
Psaumes 22:18;SKN;58-0517;21;2;sort vetements
Romains 5:1;SKN;58-0519;14;2;ayant paix
Esaie 9:5;SKN;58-0519;19;2;roule seront
Esaie 28:8;SKN;58-0519;48;2;sales sorte
Apocalypse 2:20;SKN;58-0519;61;2;enseigne manger
Matthieu 19:9;SKN;58-0519;65;2;adultere quiconque
Matthieu 19:9;SKN;58-0519;66;2;adultere quiconque
Matthieu 5:28;SKN;58-0519;66;3;adultere convoiter quiconque
Psaumes 14:1;SKN;58-0520;1;2;actions fasse
Hebreux 10:14;SKN;58-0520;19;2;offrande rendu
Ephesiens 4:30;SKN;58-0520;63;2;lequel redemption
Luc 17:28;SKN;58-0520;114;2;arriva lot
Esaie 9:5;SKN;58-0521;12;2;guerre manteau
Actes 10:35;SKN;58-0521;17;2;nation quen
Psaumes 35:11;SKN;58-0521;66;2;nai temoins
Matthieu 16:18;SKN;58-0523;9;2;assemblee portes
Jean 12:20;SKN;58-0523;18;2;fete grecs
Matthieu 16:18;SKN;58-0528;21;3;batirai portes prevaudront
Genese 2:18-21;SKN;58-0529;14;2;aide ferai
Actes 10:35;SKN;58-0529;18;2;nation quen
Esaie 9:5;SKN;58-0529;31;2;manteau seront
Matthieu 19:9;SKN;58-0529;37;2;adultere quiconque
Malachie 3:6;SKN;58-0529;64;2;change netes
Hebreux 10:14;SKN;58-0530;6;2;offrande rendu
Marc 11:21;SKN;58-0530;36;2;maudit rabbi
Luc 17:28;SKN;58-0530;62;2;arriva lot
Matthieu 19:9;SKN;58-0609;27;2;adultere quiconque
Esaie 28:8;SKN;58-0611;57;3;pleines tables vomissements
Matthieu 27:51;SKN;58-0611;78;2;jusquen rochers
Luc 11:29;SKN;58-0613;26;3;generation jonas mechante
Luc 11:29;SKN;58-0613;27;2;generation mechante
Genese 22:16;SKN;58-0613;50;2;nas unique
Matthieu 5:28;SKN;58-0613;53;2;adultere commis
Matthieu 19:9;SKN;58-0617;34;2;adultere commet
Matthieu 5:28;SKN;58-0617;34;2;adultere commis
Actes 10:35;SKN;58-0618;25;2;nation pratique
Luc 17:28;SKN;58-0618;29;2;arriva lot
Jean 12:20;SKN;58-0618;39;2;dentre fete
Jean 12:20;SKN;58-0618;49;2;dentre fete
Colossiens 1:15;SKN;58-0619B;81;2;creation premier
Jean 12:20;SKN;58-0619E;48;2;dentre grecs
Luc 11:29;SKN;58-0620;26;2;generation jonas
Luc 11:29;SKN;58-0620;32;3;generation jonas mechante
Romains 8:22;SKN;58-0625;4;2;ensemble travail
Psaumes 35:11;SKN;58-0625;14;2;levent nai
Luc 11:29;SKN;58-0625;25;3;generation jonas mechante
Luc 11:29;SKN;58-0625;27;3;generation jonas mechante
Apocalypse 13:6;SKN;58-0625;33;2;bouche ouvrit
Luc 11:29;SKN;58-0625;34;3;generation jonas mechante
Apocalypse 1:10;SKN;58-0625;52;2;jentendis voix
Marc 9:7;SKN;58-0625;76;2;vint voix
Apocalypse 3:21;SKN;58-0720M;40;2;sasseoir trone
Luc 24:49;SKN;58-0720M;53;2;den revetus
Romains 8:22;SKN;58-0927;12;2;ensemble travail
Genese 15:16;SKN;58-0927;78;3;generation liniquite quatrieme
Malachie 3:6;SKN;58-0927;80;2;jacob leternel
Esaie 28:8;SKN;58-0927;102;3;pleines tables vomissements
Colossiens 1:15;SKN;58-0927;145;2;creation premier
Romains 8:22;SKN;58-0927;283;2;creation ensemble
Genese 15:16;SKN;58-0928E;18;2;generation liniquite
Matthieu 19:9;SKN;58-0928E;21;2;adultere quiconque
Genese 15:16;SKN;58-0928E;21;2;generation liniquite
Daniel 12:3;SKN;58-0928E;149;2;enseigne sages
Matthieu 5:28;SKN;58-0928E;163;2;adultere commis
Genese 4:1;SKN;58-0928E;198;2;cain eve
Matthieu 19:9;SKN;58-0928E;225;2;adultere quiconque
Matthieu 19:9;SKN;58-0928E;281;2;adultere quiconque
Matthieu 5:28;SKN;58-0928E;281;3;adultere commis quiconque
Genese 2:18-21;SKN;58-0928E;282;2;ferai leternel
Matthieu 19:9;SKN;58-0928M;35;2;adultere quiconque
Genese 15:16;SKN;58-0928M;36;2;generation quatrieme
Colossiens 1:15;SKN;58-0928M;81;2;image premier
Genese 15:16;SKN;58-0928M;98;2;generation quatrieme
Marc 7:7;SKN;58-0928M;121;2;commandements doctrines
Matthieu 5:28;SKN;58-1001;36;2;adultere commis
Apocalypse 1:10;SKN;58-1002;9;2;journee voix
Marc 7:7;SKN;58-1002;13;3;commandements enseignant vain
Jean 12:20;SKN;58-1002;27;2;fete montes
Marc 7:7;SKN;58-1002;34;2;commandements doctrines
Luc 24:49;SKN;58-1002;40;2;den revetus
Actes 10:35;SKN;58-1002;54;2;justice quen
Actes 10:44;SKN;58-1002;60;3;entendaient mots prononcait
Genese 2:18-21;SKN;58-1003;8;2;ferai leternel
Marc 11:21;SKN;58-1003;39;2;figuier rabbi
Hebreux 4:12;SKN;58-1004;70;2;epee tranchants
Actes 10:44;SKN;58-1005E;130;2;mots prononcait
Psaumes 22:7;SKN;58-1005E;177;2;bouche voient
Apocalypse 1:10;SKN;58-1005M;34;2;journee voix
Esaie 28:11;SKN;58-1005M;64;2;etrangere langue
Marc 9:7;SKN;58-1005M;66;2;nuee voix
Marc 7:7;SKN;58-1005M;92;3;commandements enseignant vain
Apocalypse 1:10;SKN;58-1012;15;2;trompette voix
Luc 11:29;SKN;58-1012;43;2;generation mechante
Actes 10:35;SKN;58-1012;48;2;justice nation
Romains 5:1;SKN;58-1012;77;2;paix principe
Apocalypse 1:10;SKN;58-1012;111;3;journee trompette voix
Romains 8:22;SKN;58-1130;18;2;ensemble travail
Daniel 12:3;SKN;58-1130;86;2;etoiles justice
Matthieu 28:18;SKN;58-1130;190;2;autorite parla
Romains 5:1;SKN;58-1221E;146;2;ayant paix
Apocalypse 1:10;SKN;58-1221E;151;2;trompette voix
Marc 16:1;SKN;58-1221M;61;2;etant marie
Daniel 12:3;SKN;58-1221M;66;2;etoiles sages
Hebreux 4:12;SKN;58-1221M;105;2;lame vivante
Actes 10:35;SKN;58-1221M;105;2;justice quen
Marc 9:7;SKN;58-1221M;105;2;vint voix
Apocalypse 2:20;SKN;58-1221M;105;2;idoles manger
Genese 22:16;SKN;58-1221M;105;2;nas unique
Psaumes 22:7;SKN;58-1221M;105;2;bouche voient
Apocalypse 1:10;SKN;58-1221M;105;2;journee voix
Apocalypse 1:7;SKN;58-1221M;105;3;lamenteront lont verra
Psaumes 14:1;SKN;58-1221M;105;2;fasse rendu
Luc 11:29;SKN;58-1221M;105;2;generation jonas
Actes 10:35;SKN;59-0301E;1;2;agreable quen
Apocalypse 2:20;SKN;59-0301E;26;2;commettre egare
Actes 10:35;SKN;59-0301M;1;2;agreable quen
Matthieu 19:9;SKN;59-0301M;149;2;adultere quiconque
Ephesiens 4:30;SKN;59-0329M;26;2;lequel redemption
Hebreux 13:12;SKN;59-0329M;57;2;propre souffert
Romains 5:1;SKN;59-0329M;57;2;ayant justifies
Matthieu 28:18;SKN;59-0329M;57;2;autorite donnee
Esaie 28:18;SKN;59-0329M;57;2;inonde passera
Marc 7:7;SKN;59-0329M;57;2;commandements enseignant
Marc 16:1;SKN;59-0329M;57;2;etant marie
Esaie 28:11;SKN;59-0329S;9;2;langue parlera
Marc 16:1;SKN;59-0329S;18;2;etant marie
Matthieu 27:51;SKN;59-0329S;32;2;rochers voile
Psaumes 22:18;SKN;59-0329S;32;3;robe sort vetements
Matthieu 27:51;SKN;59-0403;21;2;rochers voile
Apocalypse 1:7;SKN;59-0403;22;2;lont perce
Matthieu 27:51;SKN;59-0403;24;2;rochers voile
Romains 5:1;SKN;59-0403;29;2;justifies paix
Genese 2:18-21;SKN;59-0404;7;2;aide ferai
Matthieu 19:9;SKN;59-0404;35;2;commet quiconque
Jean 12:20;SKN;59-0405A;16;2;fete montes
Luc 11:29;SKN;59-0405E;10;2;generation jonas
Esaie 28:11;SKN;59-0407;40;2;levres parlera
Apocalypse 1:10;SKN;59-0408;4;2;journee trompette
Genese 22:16;SKN;59-0408;41;2;jure leternel
Luc 24:49;SKN;59-0409;20;2;den revetus
Matthieu 19:9;SKN;59-0410;6;2;commet quiconque
Matthieu 5:28;SKN;59-0410;6;2;commis quiconque
Luc 11:29;SKN;59-0410;45;2;generation jonas
Actes 10:35;SKN;59-0411E;15;2;justice nation
Luc 17:28;SKN;59-0415A;48;2;arriva lot
Actes 10:35;SKN;59-0415E;57;2;justice quen
Esaie 28:18;SKN;59-0415E;91;2;passera serez
Jean 15:7;SKN;59-0416;35;3;demeurent demeurez paroles
Actes 10:35;SKN;59-0417;44;2;nation quen
Genese 22:16;SKN;59-0417;54;2;nas unique
Matthieu 19:9;SKN;59-0417;57;2;adultere quiconque
Matthieu 5:28;SKN;59-0417;57;2;adultere quiconque
Luc 17:33;SKN;59-0417;57;2;quiconque sauver
Genese 2:18-21;SKN;59-0418;12;2;aide leternel
Hebreux 13:12;SKN;59-0419A;21;3;hors propre souffert
Hebreux 10:14;SKN;59-0419A;163;2;offrande rendu
Matthieu 19:9;SKN;59-0419E;4;2;epouse quiconque
Luc 24:49;SKN;59-0419E;35;2;den revetus
Luc 17:28;SKN;59-0422;40;2;arriva lot
Luc 17:28;SKN;59-0422;42;2;arriva lot
Jean 15:7;SKN;59-0423;12;2;demanderez paroles
Genese 2:18-21;SKN;59-0423;12;2;aide ferai
Genese 15:16;SKN;59-0423;47;2;generation quatrieme
Marc 11:21;SKN;59-0424A;61;2;maudit setait
Jean 12:20;SKN;59-0424E;71;2;adorer montes
Luc 24:49;SKN;59-0510E;25;2;den revetus
Apocalypse 1:10;SKN;59-0510E;39;2;journee voix
Hebreux 4:12;SKN;59-0510M;92;2;epee tranchants
Colossiens 1:15;SKN;59-0525;29;2;creation image
Colossiens 1:15;SKN;59-0525;42;2;image premier
Colossiens 1:15;SKN;59-0525;59;2;image premier
Jean 15:7;SKN;59-0611;62;2;demanderez demeurez
Matthieu 5:28;SKN;59-0612;25;2;adultere commis
Matthieu 5:28;SKN;59-0612;71;2;adultere commis
Apocalypse 3:21;SKN;59-0613;30;2;sasseoir trone
Ephesiens 5:26;SKN;59-0613;40;2;deau lavage
Genese 2:18-21;SKN;59-0613;46;2;aide ferai
Matthieu 19:9;SKN;59-0614;28;2;adultere quiconque
Luc 17:33;SKN;59-0614;68;2;perdra quiconque
Romains 8:22;SKN;59-0628E;5;2;ensemble travail
Marc 9:7;SKN;59-0628E;96;2;vint voix
Ephesiens 1:21;SKN;59-0628E;140;2;autorite siecle
Apocalypse 2:20;SKN;59-0628E;185;2;commettre fornication
Matthieu 5:28;SKN;59-0628E;188;2;adultere commis
Ephesiens 4:30;SKN;59-0628E;193;2;lequel scelles
Ephesiens 5:26;SKN;59-0628M;2;2;deau lavage
Genese 22:16;SKN;59-0628M;3;2;leternel nas
Psaumes 22:7;SKN;59-0628M;45;2;moquent voient
Genese 4:1;SKN;59-0702;1;2;connut leternel
Genese 22:16;SKN;59-0702;1;2;leternel nas
Hebreux 4:12;SKN;59-0702;35;2;epee tranchants
Genese 22:16;SKN;59-0707;10;2;nas unique
Matthieu 28:20;SKN;59-0707;32;2;consommation siecle
Apocalypse 1:7;SKN;59-0707;32;2;lont verra
Jean 15:7;SKN;59-0707;38;3;demanderez demeurez paroles
Marc 11:21;SKN;59-0707;49;2;rabbi setait
Matthieu 5:28;SKN;59-0708E;13;2;adultere commis
Matthieu 5:28;SKN;59-0708E;17;3;adultere commis convoiter
Luc 17:28;SKN;59-0708E;52;2;arriva lot
Ephesiens 5:26;SKN;59-0708M;69;2;lavage sanctifie
Hebreux 10:14;SKN;59-0712;7;2;offrande rendu
Luc 17:33;SKN;59-0802;19;2;quiconque sauver
Esaie 28:18;SKN;59-0802;27;2;alliance passera
Esaie 28:11;SKN;59-0802;89;2;langue levres
Genese 22:16;SKN;59-0811;13;2;leternel nas
Jean 12:20;SKN;59-0811;14;2;adorer dentre
Genese 22:16;SKN;59-0811;23;2;leternel nas
Matthieu 19:9;SKN;59-0812;44;2;adultere quiconque
Luc 17:28;SKN;59-0812;65;2;arriva lot
Esaie 9:5;SKN;59-0813;65;2;roule seront
Psaumes 35:11;SKN;59-0814;53;2;levent nai
Psaumes 35:11;SKN;59-0815;52;2;levent nai
Marc 11:21;SKN;59-0815;65;2;rabbi setait
Hebreux 13:12;SKN;59-0815;76;2;propre sanctifie
Ephesiens 5:26;SKN;59-0823;26;3;deau lavage sanctifie
Hebreux 13:12;SKN;59-0823;126;2;propre sanctifie
Romains 5:1;SKN;59-0823;126;2;ayant principe
Jean 12:20;SKN;59-0823;126;2;adorer dentre
Ephesiens 5:26;SKN;59-0823;126;2;deau sanctifie
Matthieu 19:9;SKN;59-0823;126;2;fornication quiconque
Marc 9:7;SKN;59-0823;126;2;vint voix
Apocalypse 2:20;SKN;59-0823;126;3;enseigne fornication manger
Genese 2:18-21;SKN;59-0823;126;2;aide leternel
Psaumes 35:11;SKN;59-0823;126;2;nai temoins
Psaumes 14:1;SKN;59-0823;126;2;actions fasse
Esaie 28:8;SKN;59-0823;126;2;sales sorte
Daniel 12:3;SKN;59-0823;126;2;enseigne justice
Marc 16:1;SKN;59-0823;126;2;jacques marie
Luc 17:33;SKN;59-0823;126;2;quiconque sauver
Romains 5:1;SKN;59-0920;8;2;ayant paix
Esaie 28:18;SKN;59-0920;8;3;foules passera serez
Genese 22:16;SKN;59-0920;8;2;jure unique
Jean 15:7;SKN;59-0920;8;2;demanderez paroles
Apocalypse 1:10;SKN;59-0920;8;2;journee voix
Apocalypse 3:21;SKN;59-0920;8;2;donnerai trone
Psaumes 14:1;SKN;59-0920;8;3;corrompus fasse rendu
Matthieu 1:23;SKN;59-0920;8;3;appellera emmanuel vierge
Esaie 28:11;SKN;59-0920;8;2;langue levres
Luc 11:29;SKN;59-0920;8;3;foules jonas mit
Marc 16:1;SKN;59-0920;8;3;etant marie sabbat
Luc 17:33;SKN;59-0920;8;2;quiconque sauver
Luc 2:7;SKN;59-0920;8;2;mit premier
Hebreux 13:12;SKN;59-1004E;8;2;propre sanctifie
Jean 15:7;SKN;59-1004E;8;2;demeurez voudrez
Hebreux 4:12;SKN;59-1004E;45;2;epee tranchants
Jean 12:20;SKN;59-1004M;23;2;adorer fete
Psaumes 35:11;SKN;59-1108;1;2;nai temoins
Genese 22:16;SKN;59-1108;11;2;jure unique
Apocalypse 1:7;SKN;59-1108;87;2;lont verra
Marc 9:7;SKN;59-1120;53;2;vint voix
Marc 16:1;SKN;59-1121;15;2;etant marie
Hebreux 4:12;SKN;59-1122;33;3;discerne epee tranchants
Esaie 28:11;SKN;59-1122;47;2;levres parlera
Hebreux 4:12;SKN;59-1124;44;3;discerne epee tranchants
Matthieu 19:9;SKN;59-1124;51;2;adultere quiconque
Marc 7:7;SKN;59-1125;24;2;commandements enseignant
Luc 24:49;SKN;59-1125;42;2;den revetus
Luc 17:28;SKN;59-1125;49;2;arriva lot
Hebreux 13:12;SKN;59-1125;55;2;hors souffert
Hebreux 4:12;SKN;59-1125;65;3;discerne epee tranchants
Marc 16:1;SKN;59-1126;17;2;marie sabbat
Matthieu 1:23;SKN;59-1126;20;3;appellera enfantera vierge
Matthieu 1:23;SKN;59-1126;21;2;appellera vierge
Marc 16:1;SKN;59-1126;28;2;etant marie
Luc 17:28;SKN;59-1126;56;2;buvait mangeait
Matthieu 19:9;SKN;59-1127;4;2;epouse quiconque
Esaie 28:8;SKN;59-1127;23;2;sales sorte
Ephesiens 4:30;SKN;59-1127;46;3;lequel redemption scelles
Hebreux 4:12;SKN;59-1128;40;3;discerne epee tranchants
Psaumes 35:11;SKN;59-1128;59;2;levent temoins
Apocalypse 1:10;SKN;59-1129;97;2;fus voix
Luc 17:28;SKN;59-1216;35;2;arriva lot
Ephesiens 4:30;SKN;59-1216;50;2;lequel scelles
Jean 15:7;SKN;59-1216;56;2;demanderez paroles
Esaie 28:8;SKN;59-1216;71;2;pleines tables
Esaie 28:8;SKN;59-1216;87;3;pleines tables vomissements
Ephesiens 4:30;SKN;59-1216;95;2;redemption scelles
Esaie 9:5;SKN;59-1216;122;2;seront tumulte
Actes 10:44;SKN;59-1216;126;2;mots prononcait
Marc 9:7;SKN;59-1217;48;2;nuee voix
Jean 15:7;SKN;59-1217;70;3;demeurent demeurez paroles
Marc 9:7;SKN;59-1217;97;2;nuee vint
Apocalypse 1:10;SKN;59-1217;140;3;fus jentendis voix
Daniel 12:3;SKN;59-1217;154;2;etoiles justice
Hebreux 13:12;SKN;59-1217;174;2;propre sanctifie
Romains 5:1;SKN;59-1219;28;2;ayant paix
Esaie 28:11;SKN;59-1219;79;2;etrangere langue
Esaie 28:11;SKN;59-1219;82;2;etrangere langue
Luc 2:7;SKN;59-1219;163;2;mit premier
Ephesiens 4:30;SKN;59-1219;167;2;redemption scelles
Psaumes 35:11;SKN;59-1220E;35;2;levent nai
Psaumes 14:1;SKN;59-1220E;114;2;fasse rendu
Romains 8:22;SKN;59-1220M;62;2;creation ensemble
Luc 17:28;SKN;59-1220M;72;2;arriva lot
Esaie 9:5;SKN;59-1220M;89;2;roule seront
Jean 15:7;SKN;59-1223;49;2;demeurez paroles
Actes 10:44;SKN;59-1223;122;2;mots prononcait
Hebreux 13:12;SKN;59-1223;159;2;hors sanctifie
Marc 11:21;SKN;59-1227E;155;2;figuier maudit
Matthieu 1:23;SKN;59-1227M;34;2;enfantera vierge
Matthieu 1:23;SKN;59-1227M;51;2;enfantera vierge
Matthieu 1:23;SKN;59-1227M;53;2;emmanuel vierge
Matthieu 1:23;SKN;59-1227M;59;3;emmanuel enfantera vierge
Matthieu 1:23;SKN;59-1227M;61;2;enfantera vierge
Luc 2:7;SKN;59-1227M;65;2;creche premier
Matthieu 1:23;SKN;59-1227M;69;2;emmanuel vierge
Matthieu 1:23;SKN;59-1227M;72;2;emmanuel vierge
Matthieu 1:23;SKN;59-1227M;77;2;emmanuel vierge
Matthieu 1:23;SKN;59-1227M;83;2;enfantera vierge
Luc 17:28;SKN;59-1227M;89;2;arriva lot
Hebreux 13:12;SKN;59-1227M;134;2;propre sanctifie
Marc 9:7;SKN;59-1227M;135;2;vint voix
Luc 2:7;SKN;59-1227M;135;2;creche mit
Esaie 9:5;SKN;59-1231;62;2;guerre seront
Luc 24:49;SKN;60-0108;32;2;den revetus
Marc 16:1;SKN;60-0108;32;2;etant marie
Romains 8:22;SKN;60-0109;12;2;creation ensemble
Luc 17:28;SKN;60-0109;46;2;arriva lot
Hebreux 4:12;SKN;60-0109;81;3;discerne epee tranchants
Luc 11:29;SKN;60-0110;14;3;generation jonas mechante
Luc 11:29;SKN;60-0110;26;3;generation jonas mechante
Luc 11:29;SKN;60-0110;27;3;generation jonas mechante
Luc 17:28;SKN;60-0110;29;2;arriva lot
Romains 8:22;SKN;60-0110;56;2;ensemble travail
Matthieu 1:23;SKN;60-0110;74;2;emmanuel vierge
Luc 11:29;SKN;60-0110;86;2;generation jonas
Marc 9:7;SKN;60-0210;7;2;vint voix
Marc 11:21;SKN;60-0210;8;2;sec setait
Luc 17:28;SKN;60-0210;21;2;arriva lot
Apocalypse 1:7;SKN;60-0210;27;2;lont verra
Psaumes 35:11;SKN;60-0210;36;2;levent nai
Actes 10:44;SKN;60-0210;40;2;mots prononcait
Luc 17:28;SKN;60-0221;89;2;arriva lot
Luc 17:28;SKN;60-0221;90;2;arriva lot
Hebreux 4:12;SKN;60-0221;109;2;discerne epee
Matthieu 1:23;SKN;60-0221;182;2;emmanuel vierge
Esaie 28:8;SKN;60-0221;204;3;pleines tables vomissements
Ephesiens 5:26;SKN;60-0228;61;2;deau lavage
Romains 5:1;SKN;60-0229;54;2;ayant paix
Luc 17:28;SKN;60-0229;54;2;arriva lot
Matthieu 19:9;SKN;60-0229;54;2;adultere epouse
Marc 9:7;SKN;60-0229;54;2;vint voix
Romains 8:22;SKN;60-0229;54;2;creation ensemble
Apocalypse 2:20;SKN;60-0229;54;2;commettre laisses
Jean 15:7;SKN;60-0229;54;2;demeurez paroles
Actes 10:44;SKN;60-0229;54;2;mots tomba
Luc 11:29;SKN;60-0229;54;3;generation mechante mit
Luc 24:49;SKN;60-0302;29;2;den revetus
Esaie 28:8;SKN;60-0302;63;2;sorte vomissements
Apocalypse 3:21;SKN;60-0303;82;3;donnerai vaincra vaincu
Apocalypse 3:21;SKN;60-0303;92;2;donnerai vaincra
Actes 10:44;SKN;60-0304;43;2;mots prononcait
Hebreux 4:12;SKN;60-0304;107;2;lame vivante
Jean 12:20;SKN;60-0305;3;2;adorer dentre
Matthieu 16:9;SKN;60-0305;8;2;pains paniers
Romains 5:1;SKN;60-0305;35;2;ayant paix
Colossiens 1:15;SKN;60-0306;11;2;creation premier
Jean 12:20;SKN;60-0306;24;2;adorer fete
Psaumes 22:7;SKN;60-0308;37;2;bouche ouvrent
Psaumes 22:7;SKN;60-0308;47;2;moquent voient
Marc 11:21;SKN;60-0309;8;2;figuier setait
Romains 8:22;SKN;60-0310;17;2;creation ensemble
Marc 16:1;SKN;60-0311;11;3;etant marie sabbat
Romains 5:1;SKN;60-0311;12;2;ayant paix
Hebreux 13:12;SKN;60-0311;43;2;propre sanctifie
Psaumes 14:1;SKN;60-0312;10;2;fasse rendu
Marc 9:7;SKN;60-0313;15;3;couvrit nuee voix
Psaumes 22:18;SKN;60-0313;37;2;robe vetements
Actes 10:44;SKN;60-0313;64;2;mots prononcait
Matthieu 19:9;SKN;60-0328;28;2;adultere quiconque
Jean 15:7;SKN;60-0329;35;2;demanderez paroles
Matthieu 1:23;SKN;60-0331;27;2;emmanuel vierge
Marc 16:1;SKN;60-0331;50;2;etant marie
Luc 11:29;SKN;60-0401E;19;2;generation mechante
Marc 7:7;SKN;60-0401M;17;2;commandements vain
Marc 11:21;SKN;60-0402;8;2;maudit setait
Hebreux 13:12;SKN;60-0402;32;2;propre souffert
Matthieu 19:9;SKN;60-0402;39;2;adultere quiconque
Matthieu 5:28;SKN;60-0402;40;2;adultere commis
Luc 17:28;SKN;60-0402;41;2;achetait vendait
Apocalypse 1:10;SKN;60-0403;106;2;trompette voix
Apocalypse 1:10;SKN;60-0403;109;2;trompette voix
Apocalypse 1:10;SKN;60-0403;143;2;trompette voix
Luc 17:28;SKN;60-0403;205;2;arriva lot
Marc 16:1;SKN;60-0417M;3;2;magdala marie
Marc 16:1;SKN;60-0417M;18;2;jacques marie
Daniel 12:3;SKN;60-0515M;106;2;etoiles splendeur
Marc 11:21;SKN;60-0515M;141;2;sec setait
Romains 8:22;SKN;60-0518;30;2;creation soupire
Romains 5:1;SKN;60-0518;35;2;ayant paix
Colossiens 1:15;SKN;60-0518;54;2;image premier
Matthieu 5:28;SKN;60-0518;105;2;adultere commis
Romains 5:1;SKN;60-0518;148;2;ayant justifies
Psaumes 22:18;SKN;60-0518;192;2;robe vetements
Romains 8:22;SKN;60-0522E;1;2;ensemble travail
Ephesiens 4:30;SKN;60-0522E;150;2;redemption scelles
Ephesiens 4:30;SKN;60-0522E;163;2;redemption scelles
Ephesiens 4:30;SKN;60-0522E;165;3;lequel redemption scelles
Ephesiens 4:30;SKN;60-0522E;172;3;lequel redemption scelles
Matthieu 19:9;SKN;60-0522M;56;2;adultere commet
Matthieu 5:28;SKN;60-0522M;56;2;adultere commis
Romains 8:22;SKN;60-0522M;158;2;creation soupire
Ephesiens 4:30;SKN;60-0522M;175;2;lequel scelles
Psaumes 14:1;SKN;60-0522M;187;2;actions fasse
Psaumes 22:18;SKN;60-0604;15;2;robe vetements
Actes 10:44;SKN;60-0604;81;2;entendaient prononcait
Esaie 9:5;SKN;60-0607;8;2;guerre seront
Genese 4:1;SKN;60-0607;18;2;cain eve
Esaie 28:11;SKN;60-0607;61;2;begayantes levres
Hebreux 10:14;SKN;60-0607;68;2;rendu sanctifies
Romains 5:1;SKN;60-0608;13;2;ayant paix
Marc 11:21;SKN;60-0608;31;2;figuier setait
Marc 11:21;SKN;60-0608;34;2;figuier setait
Psaumes 14:1;SKN;60-0608;39;2;linsense rendu
Romains 5:1;SKN;60-0608;44;2;ayant paix
Jean 12:20;SKN;60-0608;59;2;dentre montes
Apocalypse 1:10;SKN;60-0608;71;2;fus voix
Luc 11:29;SKN;60-0609;45;2;generation mechante
Luc 11:29;SKN;60-0609;63;3;generation jonas mechante
Matthieu 5:28;SKN;60-0610;47;2;adultere commis
Colossiens 1:15;SKN;60-0611B;7;2;creation premier
Jean 12:20;SKN;60-0611B;10;2;adorer dentre
Ephesiens 5:26;SKN;60-0611B;27;2;deau lavage
Hebreux 10:14;SKN;60-0611B;40;2;parfaits rendu
Jean 12:20;SKN;60-0611B;57;2;adorer dentre
Luc 11:29;SKN;60-0611E;153;3;generation jonas mechante
Matthieu 19:9;SKN;60-0612;25;2;adultere commet
Psaumes 35:11;SKN;60-0612;65;2;levent temoins
Matthieu 1:23;SKN;60-0708;20;2;emmanuel vierge
Luc 17:28;SKN;60-0708;59;2;arriva lot
Luc 11:29;SKN;60-0710;46;3;generation jonas mechante
Luc 11:29;SKN;60-0710;47;2;generation mechante
Luc 11:29;SKN;60-0710;48;3;generation jonas mechante
Luc 24:49;SKN;60-0710;53;2;den revetus
Esaie 28:11;SKN;60-0710;75;2;langue levres
Luc 11:29;SKN;60-0710;75;2;generation mechante
Luc 17:33;SKN;60-0711;31;2;quiconque sauver
Daniel 12:3;SKN;60-0712;25;2;etoiles sages
Luc 17:28;SKN;60-0712;27;2;arriva lot
Luc 17:28;SKN;60-0712;47;2;achetait vendait
Esaie 28:18;SKN;60-0713;57;2;alliance inonde
Psaumes 35:11;SKN;60-0717;4;2;levent nai
Matthieu 16:9;SKN;60-0717;44;2;pains paniers
Luc 11:29;SKN;60-0717;99;2;generation mechante
Apocalypse 1:10;SKN;60-0717;118;2;journee voix
Matthieu 16:9;SKN;60-0720;16;2;pains paniers
Actes 10:44;SKN;60-0720;35;2;mots prononcait
Luc 11:29;SKN;60-0720;68;2;generation mechante
Apocalypse 1:10;SKN;60-0722;11;2;journee voix
Apocalypse 1:10;SKN;60-0722;12;2;journee voix
Romains 5:1;SKN;60-0722;33;2;ayant paix
Marc 11:21;SKN;60-0723;41;2;figuier setait
Matthieu 1:23;SKN;60-0724;27;2;enceinte vierge
Matthieu 1:23;SKN;60-0724;36;3;emmanuel enfantera vierge
Matthieu 1:23;SKN;60-0724;78;2;emmanuel enceinte
Apocalypse 2:20;SKN;60-0729;26;2;commettre enseigne
Colossiens 1:15;SKN;60-0729;30;2;creation premier
Esaie 9:5;SKN;60-0729;50;2;guerre seront
Romains 5:1;SKN;60-0731;3;2;ayant paix
Esaie 28:11;SKN;60-0731;27;2;langue levres
Matthieu 5:28;SKN;60-0731;56;2;adultere commis
Esaie 9:5;SKN;60-0731;63;2;guerre seront
Hebreux 4:12;SKN;60-0731;69;3;discerne epee tranchants
Psaumes 22:18;SKN;60-0803;51;2;robe vetements
Matthieu 5:28;SKN;60-0804;31;3;adultere commis convoiter
Apocalypse 1:10;SKN;60-0804;55;2;trompette voix
Esaie 9:5;SKN;60-0804;58;2;roule seront
Esaie 9:5;SKN;60-0805;37;2;guerre pature
Romains 8:22;SKN;60-0806;51;2;ensemble travail
Psaumes 22:18;SKN;60-0806;57;2;robe vetements
Apocalypse 2:20;SKN;60-0911E;53;2;enseigne fornication
Marc 7:7;SKN;60-0911E;56;2;commandements enseignant
Esaie 28:8;SKN;60-0911E;82;2;pleines tables
Hebreux 4:12;SKN;60-0911E;94;2;discerne epee
Esaie 28:18;SKN;60-0911M;149;2;alliance foules
Romains 8:22;SKN;60-0911M;149;2;ensemble travail
Apocalypse 2:20;SKN;60-0911M;149;2;esclaves laisses
Psaumes 22:7;SKN;60-0911M;149;2;bouche voient
Psaumes 14:1;SKN;60-0911M;149;2;fasse rendu
Luc 11:29;SKN;60-0911M;149;2;foules generation
Matthieu 5:28;SKN;60-0911M;149;2;adultere commis
Esaie 9:5;SKN;60-0911M;149;2;manteau seront
Apocalypse 1:10;SKN;60-0924;9;2;fus voix
Psaumes 22:18;SKN;60-0925;17;2;sort vetements
Matthieu 27:51;SKN;60-0925;40;2;fendirent rochers
Matthieu 27:51;SKN;60-0925;53;2;rochers voile
Apocalypse 13:6;SKN;60-0925;127;2;bouche ouvrit
Psaumes 22:7;SKN;60-0930;44;2;bouche voient
Matthieu 5:28;SKN;60-1002;48;2;adultere commis
Matthieu 27:51;SKN;60-1002;168;2;rochers voile
Matthieu 16:9;SKN;60-1002;171;2;pains paniers
Matthieu 1:5;SKN;60-1002;185;2;obed ruth
Matthieu 27:51;SKN;60-1002;198;2;temple voile
Hebreux 4:2;SKN;60-1113;182;2;melee netant
Marc 7:7;SKN;60-1113;214;2;dhommes enseignant
Hebreux 4:12;SKN;60-1113;230;2;epee tranchants
Matthieu 5:28;SKN;60-1125;34;2;commis quiconque
Hebreux 4:12;SKN;60-1126;24;2;epee tranchants
Luc 11:29;SKN;60-1127E;26;3;generation jonas mechante
Luc 11:29;SKN;60-1127E;43;2;generation jonas
Marc 7:7;SKN;60-1127M;36;3;commandements dhommes enseignant
Hebreux 4:12;SKN;60-1127M;49;2;discerne epee
Apocalypse 1:10;SKN;60-1204E;90;3;fus trompette voix
Apocalypse 1:10;SKN;60-1204E;98;2;fus voix
Esaie 28:8;SKN;60-1204E;122;3;pleines tables vomissements
Esaie 28:11;SKN;60-1204E;122;2;levres parlera
Apocalypse 1:10;SKN;60-1204E;133;2;trompette voix
Romains 5:1;SKN;60-1204E;158;2;ayant paix
Esaie 28:18;SKN;60-1204E;158;3;foules passera serez
Apocalypse 11:3;SKN;60-1204E;158;3;donnerai prophetiseront temoins
Apocalypse 13:6;SKN;60-1204E;158;2;bouche ouvrit
Romains 8:22;SKN;60-1204E;158;2;creation ensemble
Matthieu 24:19;SKN;60-1204E;158;2;celles malheur
Psaumes 22:18;SKN;60-1204E;158;3;robe sort vetements
Genese 15:16;SKN;60-1204E;158;2;generation quatrieme
Ephesiens 1:21;SKN;60-1204E;158;2;autorite domination
Matthieu 1:23;SKN;60-1204E;158;2;interprete vierge
Actes 10:44;SKN;60-1204E;158;2;prononcait tomba
Esaie 28:11;SKN;60-1204E;158;2;langue parlera
Daniel 12:3;SKN;60-1204E;158;3;etoiles justice sages
Luc 17:33;SKN;60-1204E;158;2;quiconque sauver
Colossiens 1:15;SKN;60-1204E;158;3;creation image premier
Luc 2:7;SKN;60-1204E;158;2;creche premier
Genese 15:16;SKN;60-1204M;28;2;generation quatrieme
Genese 4:1;SKN;60-1204M;138;2;cain eve
Apocalypse 1:7;SKN;60-1204M;308;3;lamenteront perce tribus
Apocalypse 1:7;SKN;60-1204M;314;2;lamenteront perce
Apocalypse 1:7;SKN;60-1204M;315;2;nuees perce
Apocalypse 1:7;SKN;60-1204M;342;2;nuees perce
Apocalypse 1:7;SKN;60-1204M;347;2;perce tribus
Apocalypse 1:7;SKN;60-1204M;368;3;nuees perce verra
Genese 15:16;SKN;60-1204M;401;2;quatrieme reviendront
Apocalypse 2:20;SKN;60-1205;240;2;enseigne manger
Matthieu 5:28;SKN;60-1206;132;2;adultere commis
Matthieu 1:23;SKN;60-1206;139;3;emmanuel enfantera vierge
Ephesiens 4:30;SKN;60-1206;160;3;lequel redemption scelles
Hebreux 4:12;SKN;60-1206;191;2;epee tranchants
Romains 8:22;SKN;60-1207;35;2;ensemble travail
Hebreux 4:12;SKN;60-1207;52;2;epee tranchants
Apocalypse 2:20;SKN;60-1207;52;2;idoles sacrifiees
Hebreux 4:12;SKN;60-1207;86;2;epee tranchants
Apocalypse 2:20;SKN;60-1207;140;3;fornication idoles sacrifiees
Apocalypse 2:20;SKN;60-1207;173;2;enseigne fornication
Esaie 28:8;SKN;60-1207;264;2;sales sorte
Matthieu 28:18;SKN;60-1207;278;2;autorite donnee
Hebreux 4:12;SKN;60-1208;45;2;epee tranchants
Apocalypse 2:20;SKN;60-1208;105;3;idoles prophetesse sacrifiees
Marc 7:7;SKN;60-1208;146;2;commandements doctrines
Esaie 9:5;SKN;60-1208;223;2;guerre seront
Jean 12:20;SKN;60-1209;37;2;adorer fete
Matthieu 28:18;SKN;60-1209;97;2;autorite donnee
Ephesiens 4:30;SKN;60-1210;139;2;lequel scelles
Esaie 28:18;SKN;60-1210;139;2;alliance serez
Apocalypse 11:3;SKN;60-1210;139;2;donnerai temoins
Matthieu 24:19;SKN;60-1210;139;2;celles malheur
Psaumes 22:7;SKN;60-1210;139;2;bouche moquent
Psaumes 35:11;SKN;60-1210;139;2;levent temoins
Hebreux 10:14;SKN;60-1210;139;2;perpetuite sanctifies
Colossiens 1:15;SKN;60-1211E;110;2;creation premier
Colossiens 1:15;SKN;60-1211E;111;2;creation premier
Psaumes 22:18;SKN;60-1211E;152;2;robe vetements
Psaumes 22:18;SKN;60-1211E;220;2;robe sort
Esaie 9:5;SKN;60-1211M;111;2;guerre seront
Matthieu 27:51;SKN;60-1211M;291;2;rochers voile
Daniel 12:3;SKN;60-1211M;294;2;etoiles justice
Hebreux 4:12;SKN;60-1211M;344;2;epee tranchants
Hebreux 4:12;SKN;60-1218;80;3;epee penetrante tranchants
Matthieu 1:5;SKN;60-1225;20;2;ruth salmon
Matthieu 1:5;SKN;60-1225;21;2;obed ruth
Matthieu 1:23;SKN;60-1225;32;3;emmanuel enfantera vierge
Luc 2:7;SKN;60-1225;46;2;creche lhotellerie
Luc 2:7;SKN;60-1225;79;2;creche premier
Daniel 12:3;SKN;60-1225;94;2;etoiles sages
Jean 12:20;SKN;60-1231;21;2;fete montes
Apocalypse 1:10;SKN;60-1231;58;2;trompette voix
Apocalypse 1:10;SKN;60-1231;114;2;trompette voix
Matthieu 28:18;SKN;60-1231;128;2;donnee parla
Apocalypse 11:3;SKN;60-1231;128;3;donnerai temoins vetus
Apocalypse 2:20;SKN;60-1231;128;2;enseigne manger
Apocalypse 1:10;SKN;60-1231;128;3;fus trompette voix
Daniel 12:3;SKN;60-1231;128;2;enseigne justice
Luc 2:7;SKN;61-0101;149;2;creche premier
Esaie 28:18;SKN;61-0101;179;2;alliance subsistera
Matthieu 27:51;SKN;61-0101;226;2;temple voile
Matthieu 27:51;SKN;61-0101;227;3;dechira temple voile
Psaumes 22:18;SKN;61-0101;307;2;robe vetements
Daniel 12:3;SKN;61-0101;310;2;brilleront etoiles
Matthieu 1:23;SKN;61-0108;128;2;emmanuel vierge
Ephesiens 5:26;SKN;61-0108;167;2;lavage purifiant
Psaumes 22:18;SKN;61-0108;282;2;robe vetements
Jean 12:20;SKN;61-0108;292;2;adorer montes
Esaie 28:11;SKN;61-0108;297;2;etrangere langue
Matthieu 1:23;SKN;61-0117;14;2;appellera vierge
Ephesiens 1:21;SKN;61-0117;16;2;autorite domination
Matthieu 28:18;SKN;61-0117;37;2;autorite donnee
Colossiens 1:15;SKN;61-0117;39;2;image invisible
Matthieu 1:23;SKN;61-0118;29;2;enfantera vierge
Matthieu 28:18;SKN;61-0119E;146;2;autorite donnee
Romains 5:1;SKN;61-0121;12;2;ayant paix
Matthieu 1:23;SKN;61-0121;12;3;appellera enfantera vierge
Matthieu 1:23;SKN;61-0121;42;2;enceinte vierge
Esaie 28:11;SKN;61-0123;8;2;langue parlera
Ephesiens 5:26;SKN;61-0123;17;2;deau lavage
Hebreux 4:12;SKN;61-0123;46;3;epee penetrante tranchants
Ephesiens 4:30;SKN;61-0123;53;2;lequel redemption
Marc 11:21;SKN;61-0124;21;2;sec setait
Genese 22:16;SKN;61-0124;30;2;leternel unique
Daniel 12:3;SKN;61-0124;35;2;enseigne justice
Jean 15:7;SKN;61-0128;12;2;demanderez paroles
Hebreux 4:12;SKN;61-0128;16;3;discerne epee tranchants
Jean 12:20;SKN;61-0205E;27;3;adorer fete grecs
Jean 15:7;SKN;61-0205E;31;3;demeurent demeurez voudrez
Marc 11:21;SKN;61-0205E;51;2;rabbi setait
Hebreux 4:12;SKN;61-0205E;90;3;discerne epee tranchants
Hebreux 4:12;SKN;61-0207;17;2;epee tranchants
Jean 12:20;SKN;61-0208;23;2;adorer grecs
Psaumes 35:11;SKN;61-0208;94;2;nai violents
Hebreux 4:12;SKN;61-0208;101;3;discerne epee tranchants
Daniel 12:3;SKN;61-0210;189;2;enseigne justice
Apocalypse 2:20;SKN;61-0211;45;2;commettre fornication
Matthieu 1:23;SKN;61-0211;52;2;emmanuel vierge
Psaumes 22:7;SKN;61-0212M;50;2;bouche voient
Ephesiens 5:26;SKN;61-0214;44;2;deau lavage
Ephesiens 5:26;SKN;61-0214;47;2;deau lavage
Esaie 28:18;SKN;61-0214;65;2;passera serez
Daniel 12:3;SKN;61-0215;30;2;enseigne justice
Hebreux 4:12;SKN;61-0216;31;2;epee tranchants
Marc 11:21;SKN;61-0216;35;2;maudit setait
Esaie 9:5;SKN;61-0216;51;2;guerre manteau
Daniel 12:3;SKN;61-0217;19;2;enseigne justice
Esaie 28:18;SKN;61-0217;46;2;alliance passera
Ephesiens 4:30;SKN;61-0217;67;2;redemption scelles
Genese 15:16;SKN;61-0218;10;2;generation quatrieme
Marc 11:21;SKN;61-0218;40;2;maudit setait
Hebreux 4:12;SKN;61-0219;91;3;discerne epee tranchants
Matthieu 16:9;SKN;61-0224;18;2;pains paniers
Esaie 28:18;SKN;61-0226;46;2;alliance passera
Esaie 28:18;SKN;61-0226;47;2;alliance pacte
Esaie 28:18;SKN;61-0226;48;2;alliance pacte
Daniel 12:3;SKN;61-0305;27;2;etoiles multitude
Daniel 12:3;SKN;61-0305;35;2;enseigne multitude
Luc 17:33;SKN;61-0308;7;2;quiconque sauver
Genese 15:16;SKN;61-0308;72;2;generation quatrieme
Apocalypse 2:20;SKN;61-0308;84;2;laisses prophetesse
Hebreux 4:12;SKN;61-0311;12;3;atteignant epee tranchants
Matthieu 16:9;SKN;61-0311;30;2;pains paniers
Colossiens 1:15;SKN;61-0312;54;2;image premier
Colossiens 1:15;SKN;61-0312;55;2;creation premier
Romains 5:1;SKN;61-0315;175;2;ayant justifies
Luc 17:33;SKN;61-0315;219;2;quiconque sauver
Psaumes 14:1;SKN;61-0317;68;2;fasse rendu
Esaie 28:11;SKN;61-0318;100;2;langue levres
Hebreux 10:14;SKN;61-0402;66;2;offrande rendu
Daniel 12:3;SKN;61-0402;91;2;enseigne justice
Ephesiens 4:30;SKN;61-0402;112;2;lequel scelles
Ephesiens 4:30;SKN;61-0402;144;2;redemption scelles
Genese 4:1;SKN;61-0402;199;2;cain eve
Genese 4:1;SKN;61-0409;4;2;acquis leternel
Ephesiens 5:26;SKN;61-0409;17;2;deau lavage
Jean 12:20;SKN;61-0409;22;2;dentre grecs
Ephesiens 4:30;SKN;61-0410;48;2;lequel redemption
Marc 11:21;SKN;61-0410;48;2;figuier setait
Jean 12:20;SKN;61-0411;71;2;fete montes
Marc 11:21;SKN;61-0412;54;2;figuier rabbi
Psaumes 35:11;SKN;61-0413;119;2;connues nai
Esaie 28:18;SKN;61-0414;15;2;foules serez
Hebreux 4:12;SKN;61-0414;65;2;epee tranchants
Apocalypse 2:20;SKN;61-0415E;47;2;commettre enseigne
Luc 24:49;SKN;61-0415E;77;2;den revetus
Jean 15:7;SKN;61-0416;37;2;demeurez voudrez
Hebreux 4:12;SKN;61-0423;71;3;discerne epee tranchants
Jean 15:7;SKN;61-0423;71;2;demeurez voudrez
Apocalypse 11:3;SKN;61-0423;95;2;donnerai temoins
Hebreux 4:12;SKN;61-0424;94;2;epee tranchants
Jean 15:7;SKN;61-0427;56;2;demeurez voudrez
Jean 12:20;SKN;61-0429B;26;2;dentre fete
Psaumes 22:18;SKN;61-0429B;36;2;robe vetements
Psaumes 35:11;SKN;61-0429B;108;2;levent nai
Colossiens 1:15;SKN;61-0429E;26;2;creation image
Psaumes 22:7;SKN;61-0429E;81;2;moquent voient
Matthieu 1:23;SKN;61-0430;31;2;enfantera vierge
Matthieu 1:23;SKN;61-0430;79;3;enceinte enfantera vierge
Jean 12:20;SKN;61-0515;65;2;adorer dentre
Esaie 9:5;SKN;61-0515;70;2;guerre seront
Psaumes 35:11;SKN;61-0515;103;2;levent nai
Apocalypse 13:6;SKN;61-0516M;53;2;bouche ouvrit
Matthieu 16:9;SKN;61-0517;23;2;pains paniers
Jean 15:7;SKN;61-0519;29;2;demeurez voudrez
Genese 22:16;SKN;61-0519;36;2;leternel refuse
Ephesiens 4:30;SKN;61-0611;99;3;lequel redemption scelles
Ephesiens 4:30;SKN;61-0618;82;2;redemption scelles
Genese 15:16;SKN;61-0723E;99;2;generation liniquite
Esaie 28:8;SKN;61-0723E;220;2;sales sorte
Luc 24:49;SKN;61-0723E;228;2;den revetus
Esaie 9:5;SKN;61-0730E;40;2;guerre seront
Genese 22:16;SKN;61-0730E;128;2;leternel nas
Esaie 9:5;SKN;61-0730M;67;2;guerre seront
Genese 22:16;SKN;61-0730M;86;2;leternel refuse
Genese 15:16;SKN;61-0730M;157;2;comble liniquite
Esaie 9:5;SKN;61-0730M;160;2;guerre seront
Esaie 9:5;SKN;61-0806;40;2;guerre seront
Matthieu 27:51;SKN;61-0806;72;2;jusquen temple
Genese 15:16;SKN;61-0806;156;2;amoreens comble
Apocalypse 2:20;SKN;61-0808;98;2;egare laisses
Matthieu 28:18;SKN;61-0827;100;2;autorite parla
Apocalypse 1:7;SKN;61-1001E;163;2;lont verra
Hebreux 4:12;SKN;61-1001M;14;2;lame vivante
Psaumes 22:18;SKN;61-1001M;87;2;robe vetements
Luc 24:49;SKN;61-1001M;168;2;den revetus
Daniel 12:3;SKN;61-1001M;204;2;justice sages
Esaie 28:11;SKN;61-1015M;92;2;etrangere langue
Apocalypse 11:3;SKN;61-1105;58;2;temoins vetus
Esaie 28:8;SKN;61-1105;143;2;pleines tables
Esaie 28:8;SKN;61-1105;144;3;pleines tables vomissements
Esaie 28:8;SKN;61-1105;151;2;tables vomissements
Hebreux 4:12;SKN;61-1105;154;2;epee tranchants
Esaie 28:11;SKN;61-1105;161;3;langue levres parlera
Matthieu 28:20;SKN;61-1105;187;2;enseignant siecle
Hebreux 4:12;SKN;61-1105;200;2;epee vivante
Luc 2:7;SKN;61-1112;23;2;mit premier
Hebreux 4:12;SKN;61-1112;240;2;epee tranchants
Matthieu 27:51;SKN;61-1112;241;2;jusquen temple
Apocalypse 2:20;SKN;61-1112;241;2;enseigne laisses
Psaumes 22:7;SKN;61-1112;241;2;moquent voient
Daniel 12:3;SKN;61-1112;241;2;enseigne justice
Actes 10:44;SKN;61-1119;6;2;mots prononcait
Marc 7:7;SKN;61-1119;349;3;commandements doctrines enseignant
Matthieu 16:9;SKN;61-1210;157;2;pains paniers
Matthieu 16:9;SKN;61-1210;159;2;pains paniers
Apocalypse 2:20;SKN;61-1217;84;2;esclaves idoles
Matthieu 28:18;SKN;61-1217;195;2;autorite donnee
Jean 15:7;SKN;61-1224;181;3;demeurent demeurez paroles
Esaie 28:8;SKN;61-1231M;140;3;pleines tables vomissements
Jean 15:7;SKN;61-1231M;168;2;demeurent demeurez
Jean 15:7;SKN;61-1231M;170;3;demeurent demeurez paroles
Ephesiens 4:30;SKN;61-1231M;189;2;redemption scelles
Jean 15:7;SKN;62-0117;48;2;demeurez voudrez
Esaie 28:11;SKN;62-0117;75;2;langue levres
Genese 4:1;SKN;62-0117;196;2;cain leternel
Esaie 9:5;SKN;62-0118;91;2;guerre manteau
Luc 2:7;SKN;62-0118;108;2;mit premier
Jean 15:7;SKN;62-0118;122;3;demeurent demeurez paroles
Ephesiens 5:26;SKN;62-0119;61;2;deau lavage
Marc 7:7;SKN;62-0119;69;2;commandements vain
Colossiens 1:15;SKN;62-0121E;47;2;image premier
Luc 2:7;SKN;62-0121E;47;2;mit premier
Hebreux 4:12;SKN;62-0121M;27;3;epee penetrante tranchants
Genese 22:16;SKN;62-0121M;34;2;refuse unique
Jean 15:7;SKN;62-0121M;41;2;demeurez voudrez
Ephesiens 5:26;SKN;62-0121M;42;2;deau lavage
Jean 15:7;SKN;62-0121M;90;2;demeurez voudrez
Hebreux 4:12;SKN;62-0121M;107;3;epee penetrante tranchants
Jean 15:7;SKN;62-0122;28;3;demeurez paroles voudrez
Jean 15:7;SKN;62-0123;103;3;demeurent demeurez paroles
Psaumes 22:7;SKN;62-0123;124;2;bouche voient
Jean 15:7;SKN;62-0123;125;3;demeurent demeurez paroles
Jean 15:7;SKN;62-0124;71;3;demeurent demeurez paroles
Psaumes 22:18;SKN;62-0127;64;2;robe vetements
Psaumes 35:11;SKN;62-0128A;20;2;nai temoins
Jean 15:7;SKN;62-0128A;58;2;demeurez voudrez
Colossiens 1:15;SKN;62-0128A;71;2;image premier
Esaie 9:5;SKN;62-0128M;48;2;guerre roule
Jean 15:7;SKN;62-0129;6;3;demeurent demeurez paroles
Ephesiens 4:30;SKN;62-0204;12;2;redemption scelles
Jean 15:7;SKN;62-0204;120;3;demeurent demeurez paroles
Psaumes 22:7;SKN;62-0204;127;2;bouche voient
Colossiens 1:15;SKN;62-0211;14;2;creation premier
Genese 4:1;SKN;62-0211;111;2;cain eve
Genese 4:1;SKN;62-0211;113;2;cain eve
Genese 4:1;SKN;62-0211;114;2;cain eve
Genese 4:1;SKN;62-0211;116;2;cain eve
Genese 4:1;SKN;62-0211;117;2;cain eve
Ephesiens 5:26;SKN;62-0218;15;2;deau lavage
Ephesiens 5:26;SKN;62-0218;17;2;deau lavage
Luc 24:49;SKN;62-0311;197;2;demeurez revetus
Matthieu 27:51;SKN;62-0311;197;2;jusquen temple
Apocalypse 2:20;SKN;62-0311;197;2;enseigne manger
Genese 22:16;SKN;62-0311;197;2;leternel nas
Psaumes 22:18;SKN;62-0311;197;2;robe sort
Daniel 12:3;SKN;62-0311;197;2;enseigne justice
Colossiens 1:15;SKN;62-0311;197;2;creation premier
Luc 24:49;SKN;62-0318E;1;2;den jenvoie
Matthieu 11:6;SKN;62-0318E;1;2;naura quiconque
Esaie 28:18;SKN;62-0318E;1;2;passera serez
Marc 7:7;SKN;62-0318E;1;2;dhommes doctrines
Genese 4:1;SKN;62-0318E;1;3;cain eve leternel
Psaumes 22:7;SKN;62-0318E;1;2;bouche voient
Psaumes 22:18;SKN;62-0318E;1;2;robe sort
Apocalypse 1:7;SKN;62-0318E;1;2;lont perce
Psaumes 14:1;SKN;62-0318E;1;3;actions fasse rendu
Matthieu 1:23;SKN;62-0318E;1;3;appellera enceinte vierge
Esaie 28:8;SKN;62-0318E;1;2;sales sorte
Luc 24:49;SKN;62-0318M;28;2;den jenvoie
Matthieu 11:6;SKN;62-0318M;28;2;naura quiconque
Matthieu 27:51;SKN;62-0318M;28;2;temple voile
Marc 7:7;SKN;62-0318M;28;2;commandements dhommes
Apocalypse 11:3;SKN;62-0318M;28;2;donnerai vetus
Genese 4:1;SKN;62-0318M;28;2;eve leternel
Apocalypse 2:20;SKN;62-0318M;28;3;enseigne idoles manger
Genese 22:16;SKN;62-0318M;28;2;leternel unique
Psaumes 22:7;SKN;62-0318M;28;2;bouche voient
Psaumes 22:18;SKN;62-0318M;28;3;robe sort vetements
Genese 15:16;SKN;62-0318M;28;3;generation liniquite reviendront
Apocalypse 1:7;SKN;62-0318M;28;3;lont perce tribus
Psaumes 14:1;SKN;62-0318M;28;2;fasse rendu
Actes 10:44;SKN;62-0318M;28;2;mots tomba
Esaie 28:11;SKN;62-0318M;28;2;langue levres
Colossiens 1:15;SKN;62-0318M;28;3;creation image premier
Genese 4:1;SKN;62-0401;160;2;eve leternel
Genese 4:1;SKN;62-0401;267;2;cain eve
Marc 7:7;SKN;62-0401;355;2;commandements enseignant
Marc 7:7;SKN;62-0407;97;2;commandements enseignant
Esaie 28:18;SKN;62-0422;90;2;alliance passera
Psaumes 22:18;SKN;62-0506;47;2;robe vetements
Luc 24:49;SKN;62-0518;56;2;den revetus
Ephesiens 5:26;SKN;62-0519;39;2;deau lavage
Luc 2:7;SKN;62-0527;87;2;coucha mit
Apocalypse 2:20;SKN;62-0527;198;2;esclaves manger
Esaie 28:18;SKN;62-0601;30;2;passera serez
Matthieu 1:23;SKN;62-0601;223;2;enceinte vierge
Ephesiens 4:30;SKN;62-0603;30;2;lequel redemption
Matthieu 28:20;SKN;62-0603;30;2;consommation enseignant
Marc 7:7;SKN;62-0603;30;3;commandements doctrines enseignant
Genese 22:16;SKN;62-0603;30;2;refuse unique
Psaumes 22:7;SKN;62-0603;30;2;bouche voient
Psaumes 22:18;SKN;62-0603;30;2;robe sort
Genese 15:16;SKN;62-0603;30;2;generation quatrieme
Psaumes 14:1;SKN;62-0603;30;3;actions fasse rendu
Esaie 28:8;SKN;62-0603;30;2;sales sorte
Daniel 12:3;SKN;62-0603;30;2;etoiles justice
Esaie 9:5;SKN;62-0603;30;2;seront tumulte
Hebreux 10:14;SKN;62-0603;30;2;offrande rendu
Apocalypse 2:20;SKN;62-0607;49;2;esclaves manger
Luc 24:49;SKN;62-0608;32;2;den revetus
Psaumes 35:11;SKN;62-0608;87;2;levent nai
Apocalypse 2:20;SKN;62-0611;9;2;esclaves manger
Apocalypse 2:20;SKN;62-0611;12;2;enseigne manger
Esaie 9:5;SKN;62-0623;24;2;chaussure manteau
Ephesiens 4:30;SKN;62-0623;34;3;lequel nattristez redemption
Ephesiens 5:26;SKN;62-0627;23;2;deau lavage
Luc 17:33;SKN;62-0629;9;2;quiconque sauver
Ephesiens 5:26;SKN;62-0630E;46;2;deau lavage
Genese 22:16;SKN;62-0705;17;2;refuse unique
Ephesiens 4:30;SKN;62-0706;82;2;lequel redemption
Matthieu 1:23;SKN;62-0708;55;3;enceinte enfantera vierge
Matthieu 1:23;SKN;62-0708;103;2;emmanuel vierge
Genese 22:16;SKN;62-0708;133;2;jure refuse
Matthieu 1:23;SKN;62-0711;40;2;emmanuel vierge
Matthieu 16:9;SKN;62-0711;45;2;pains paniers
Ephesiens 4:30;SKN;62-0718;27;2;lequel redemption
Actes 10:44;SKN;62-0718;52;2;mots prononcait
Esaie 28:8;SKN;62-0719B;1;2;sorte tables
Esaie 28:11;SKN;62-0724;11;2;langue parlera
Genese 22:16;SKN;62-0728;25;2;leternel unique
Matthieu 27:51;SKN;62-0908;111;2;rochers voile
Matthieu 28:20;SKN;62-0909M;26;2;garder siecle
Daniel 12:3;SKN;62-0909M;26;2;enseigne etoiles
Luc 2:7;SKN;62-0909M;26;2;mit premier
Daniel 12:3;SKN;62-1007;138;2;enseigne justice
Actes 10:44;SKN;62-1014E;44;2;mots prononcait
Luc 17:33;SKN;62-1104E;15;2;quiconque sauver
Daniel 12:3;SKN;62-1111E;91;2;enseigne sages
Apocalypse 13:6;SKN;62-1111E;246;2;bouche ouvrit
Daniel 12:3;SKN;62-1123;37;2;enseigne justice
Matthieu 27:51;SKN;62-1123;56;2;rochers voile
Luc 24:49;SKN;62-1123;60;3;den jenvoie revetus
Genese 22:16;SKN;62-1125E;16;2;leternel unique
Luc 17:33;SKN;62-1209;43;2;quiconque sauver
Esaie 28:11;SKN;62-1209;44;2;langue levres
Matthieu 24:19;SKN;62-1216;11;2;celles malheur
Psaumes 14:1;SKN;62-1216;11;2;fasse rendu
Esaie 9:5;SKN;62-1216;11;2;roule seront
Ephesiens 4:30;SKN;62-1216;59;2;lequel redemption
Matthieu 28:18;SKN;62-1216;59;2;donnee parla
Marc 7:7;SKN;62-1216;59;2;doctrines vain
Psaumes 14:1;SKN;62-1216;59;3;corrompus fasse rendu
Daniel 12:3;SKN;62-1216;59;2;etoiles justice
Luc 17:33;SKN;62-1216;59;2;quiconque sauver
Esaie 9:5;SKN;62-1216;59;2;manteau seront
Luc 2:7;SKN;62-1216;59;3;creche mit premier
Psaumes 14:1;SKN;62-1223;25;2;fasse rendu
Daniel 12:3;SKN;62-1223;160;2;etoiles sages
Genese 15:16;SKN;62-1230E;117;2;liniquite quatrieme
Hebreux 10:14;SKN;62-1230M;38;2;rendu sanctifies
Esaie 9:5;SKN;62-1230M;210;2;guerre seront
Psaumes 22:7;SKN;63-0112;54;2;moquent voient
Esaie 28:11;SKN;63-0114;30;2;langue parlera
Esaie 28:18;SKN;63-0114;76;2;passera subsistera
Esaie 28:18;SKN;63-0114;130;2;passera subsistera
Apocalypse 1:7;SKN;63-0115;244;2;lont verra
Psaumes 22:7;SKN;63-0120E;29;2;bouche voient
Genese 22:16;SKN;63-0122;29;2;leternel unique
Genese 22:16;SKN;63-0127;66;2;nas refuse
Ephesiens 4:30;SKN;63-0317E;65;3;lequel redemption scelles
Ephesiens 4:30;SKN;63-0317E;75;2;redemption scelles
Ephesiens 4:30;SKN;63-0317E;145;2;redemption scelles
Ephesiens 4:30;SKN;63-0317E;146;2;lequel redemption
Psaumes 14:1;SKN;63-0317M;66;2;fasse rendu
Ephesiens 4:30;SKN;63-0318;100;2;redemption scelles
Apocalypse 11:3;SKN;63-0318;232;2;sacs temoins
Daniel 12:3;SKN;63-0318;267;2;enseigne justice
Marc 7:7;SKN;63-0318;296;3;commandements dhommes doctrines
Esaie 28:18;SKN;63-0318;359;2;alliance pacte
Esaie 28:18;SKN;63-0319;313;2;alliance foules
Actes 10:44;SKN;63-0319;360;2;mots prononcait
Ephesiens 4:30;SKN;63-0320;41;2;lequel redemption
Esaie 28:11;SKN;63-0320;313;2;begayantes levres
Psaumes 22:18;SKN;63-0321;122;2;robe vetements
Ephesiens 4:30;SKN;63-0321;137;2;lequel redemption
Psaumes 22:18;SKN;63-0323;89;2;robe vetements
Apocalypse 1:7;SKN;63-0323;182;3;lamenteront nuees tribus
Apocalypse 1:7;SKN;63-0323;184;3;lamenteront nuees tribus
Apocalypse 11:3;SKN;63-0323;284;3;donnerai sacs temoins
Ephesiens 4:30;SKN;63-0324M;112;2;redemption scelles
Genese 15:16;SKN;63-0412E;54;2;generation liniquite
Actes 10:44;SKN;63-0412E;189;2;mots prononcait
Actes 10:44;SKN;63-0412E;353;2;mots prononcait
Genese 22:16;SKN;63-0421;96;2;jure unique
Genese 22:16;SKN;63-0421;113;2;refuse unique
Matthieu 27:51;SKN;63-0421;116;2;rochers temple
Esaie 28:11;SKN;63-0421;116;2;langue parlera
Psaumes 14:1;SKN;63-0601;28;2;actions rendu
Luc 24:49;SKN;63-0604;89;2;den revetus
Luc 17:33;SKN;63-0608;44;2;quiconque sauver
Matthieu 1:23;SKN;63-0626;142;2;emmanuel vierge
Ephesiens 4:30;SKN;63-0628E;78;2;lequel redemption
Luc 24:49;SKN;63-0628E;78;3;demeurez den jenvoie
Matthieu 27:51;SKN;63-0628E;78;2;temple voile
Matthieu 28:18;SKN;63-0628E;78;2;autorite donnee
Marc 7:7;SKN;63-0628E;78;2;commandements dhommes
Apocalypse 11:3;SKN;63-0628E;78;2;donnerai temoins
Apocalypse 13:6;SKN;63-0628E;78;2;bouche habitent
Genese 22:16;SKN;63-0628E;78;3;jure leternel nas
Psaumes 22:7;SKN;63-0628E;78;3;bouche moquent voient
Apocalypse 1:7;SKN;63-0628E;78;2;lont verra
Luc 2:7;SKN;63-0628E;78;2;creche premier
Luc 2:7;SKN;63-0630E;35;2;mit premier
Genese 15:16;SKN;63-0630M;30;2;amoreens comble
Genese 15:16;SKN;63-0630M;48;2;amoreens comble
Genese 15:16;SKN;63-0630M;54;2;amoreens comble
Genese 15:16;SKN;63-0630M;56;2;amoreens comble
Genese 15:16;SKN;63-0630M;59;2;amoreens comble
Esaie 28:18;SKN;63-0630M;92;2;passera serez
Actes 10:44;SKN;63-0630M;137;2;mots tomba
Psaumes 22:7;SKN;63-0707M;153;2;moquent voient
Matthieu 27:51;SKN;63-0707M;354;2;rochers voile
Genese 15:16;SKN;63-0714M;47;2;amoreens comble
Psaumes 14:1;SKN;63-0721;78;2;actions rendu
Genese 15:16;SKN;63-0721;122;2;generation quatrieme
Genese 15:16;SKN;63-0724;110;2;amoreens comble
Luc 24:49;SKN;63-0731;144;2;den revetus
Psaumes 22:7;SKN;63-0731;193;2;bouche voient
Matthieu 27:51;SKN;63-0818;136;2;rochers temple
Ephesiens 5:26;SKN;63-0825M;46;2;deau sanctifie
Esaie 28:8;SKN;63-0825M;191;2;sales sorte
Matthieu 1:5;SKN;63-0901E;91;2;obed ruth
Luc 17:33;SKN;63-1028;79;2;quiconque sauver
Ephesiens 4:30;SKN;63-1110E;42;2;lequel redemption
Psaumes 22:7;SKN;63-1110E;42;2;bouche voient
Esaie 28:8;SKN;63-1110E;42;2;sorte tables
Actes 10:44;SKN;63-1110E;42;3;mots prononcait tomba
Luc 17:33;SKN;63-1110E;42;2;quiconque sauver
Luc 2:7;SKN;63-1110E;42;2;mit premier
Ephesiens 4:30;SKN;63-1110M;141;2;redemption scelles
Luc 24:49;SKN;63-1114;192;2;den revetus
Luc 24:49;SKN;63-1117;128;2;den revetus
Genese 15:16;SKN;63-1117;137;2;generation liniquite
Hebreux 10:14;SKN;63-1124E;117;2;offrande rendu
Psaumes 14:1;SKN;63-1124M;42;2;fasse rendu
Matthieu 1:23;SKN;63-1127;104;2;emmanuel vierge
Genese 22:16;SKN;63-1128M;92;2;nas unique
Matthieu 1:23;SKN;63-1129;7;2;enceinte enfantera
Esaie 28:18;SKN;63-1129;60;2;alliance serez
Apocalypse 1:7;SKN;63-1129;60;2;lont verra
Matthieu 1:23;SKN;63-1129;60;3;emmanuel enfantera vierge
Esaie 28:8;SKN;63-1129;60;2;sales sorte
Luc 17:33;SKN;63-1129;60;2;quiconque sauver
Hebreux 10:14;SKN;63-1129;60;2;parfaits rendu
Matthieu 16:9;SKN;63-1130E;48;2;pains paniers
Esaie 28:18;SKN;63-1201X;3;2;alliance serez
Matthieu 1:5;SKN;63-1214;51;2;ruth salmon
Matthieu 1:5;SKN;63-1214;52;3;engendra obed ruth
Matthieu 1:23;SKN;63-1216;67;2;enceinte vierge
Matthieu 1:23;SKN;63-1216;108;3;appellera enfantera vierge
Genese 22:16;SKN;63-1222;32;2;leternel unique
Genese 22:16;SKN;63-1229E;99;2;leternel unique
Matthieu 1:5;SKN;63-1229M;42;2;obed ruth
Matthieu 1:23;SKN;63-1229M;98;2;emmanuel vierge
Esaie 28:11;SKN;63-1229M;102;2;levres parlera
Esaie 28:8;SKN;63-1229M;129;3;pleines tables vomissements
Matthieu 1:23;SKN;64-0119;61;2;emmanuel vierge
Esaie 28:18;SKN;64-0205;78;2;passera serez
Psaumes 14:1;SKN;64-0206B;128;2;fasse rendu
Hebreux 10:14;SKN;64-0206B;213;2;rendu sanctifies
Matthieu 27:51;SKN;64-0207;66;2;dechira voile
Matthieu 27:51;SKN;64-0207;80;2;dechira voile
Ephesiens 4:30;SKN;64-0208;178;3;lequel redemption scelles
Psaumes 22:18;SKN;64-0213;56;2;sort vetements
Luc 2:7;SKN;64-0214;1;2;mit premier
Matthieu 28:20;SKN;64-0216;55;2;enseignant garder
Esaie 28:18;SKN;64-0216;55;2;passera serez
Marc 7:7;SKN;64-0216;55;2;commandements enseignant
Psaumes 14:1;SKN;64-0216;55;2;fasse rendu
Ephesiens 1:21;SKN;64-0216;55;2;autorite domination
Luc 17:33;SKN;64-0216;55;2;quiconque sauver
Hebreux 10:14;SKN;64-0216;55;2;offrande rendu
Matthieu 16:9;SKN;64-0305;117;2;pains paniers
Actes 10:44;SKN;64-0306;78;2;mots prononcait
Ephesiens 4:30;SKN;64-0307;99;2;lequel scelles
Psaumes 22:7;SKN;64-0312;160;2;ouvrent voient
Luc 2:7;SKN;64-0313;1;2;mit premier
Marc 7:7;SKN;64-0315;215;2;dhommes doctrines
Psaumes 22:18;SKN;64-0315;255;2;robe sort
Psaumes 22:18;SKN;64-0320;12;2;robe vetements
Luc 2:7;SKN;64-0321E;1;2;mit premier
Marc 7:7;SKN;64-0321E;160;2;commandements doctrines
Genese 22:16;SKN;64-0402;10;2;refuse unique
Luc 2:7;SKN;64-0402;95;2;coucha mit
Luc 2:7;SKN;64-0402;118;2;mit premier
Psaumes 14:1;SKN;64-0405;8;2;fasse rendu
Apocalypse 11:3;SKN;64-0405;27;2;donnerai temoins
Luc 24:49;SKN;64-0405;28;2;den revetus
Genese 15:16;SKN;64-0410;14;2;generation quatrieme
Psaumes 14:1;SKN;64-0411;9;2;corrompus fasse
Matthieu 16:9;SKN;64-0416;40;2;pains paniers
Psaumes 22:18;SKN;64-0418B;47;2;robe vetements
Psaumes 22:18;SKN;64-0418E;70;2;robe vetements
Psaumes 14:1;SKN;64-0427;20;2;fasse rendu
Luc 24:49;SKN;64-0427;96;2;den revetus
Matthieu 27:51;SKN;64-0614M;97;2;temple voile
Matthieu 27:51;SKN;64-0614M;101;2;temple voile
Matthieu 27:51;SKN;64-0614M;105;2;temple voile
Matthieu 27:51;SKN;64-0614M;111;2;jusquen voile
Matthieu 27:51;SKN;64-0614M;113;2;temple voile
Matthieu 27:51;SKN;64-0614M;119;2;temple voile
Matthieu 27:51;SKN;64-0614M;125;2;temple voile
Matthieu 27:51;SKN;64-0614M;133;2;temple voile
Matthieu 27:51;SKN;64-0614M;156;2;temple voile
Matthieu 27:51;SKN;64-0614M;187;2;temple voile
Matthieu 27:51;SKN;64-0614M;191;2;temple voile
Matthieu 27:51;SKN;64-0614M;206;2;temple voile
Luc 17:33;SKN;64-0614M;305;2;quiconque sauver
Psaumes 22:18;SKN;64-0620B;99;2;robe sort
Apocalypse 1:7;SKN;64-0621;124;2;lont verra
Genese 15:16;SKN;64-0705;24;2;generation liniquite
Matthieu 16:9;SKN;64-0719E;147;2;pains paniers
Apocalypse 13:6;SKN;64-0726E;40;2;habitation habitent
Psaumes 22:18;SKN;64-0726E;55;2;robe vetements
Genese 22:16;SKN;64-0726E;95;2;nas unique
Esaie 28:18;SKN;64-0802;354;3;inonde passera serez
Marc 7:7;SKN;64-0802;354;2;commandements vain
Apocalypse 1:7;SKN;64-0802;354;3;lont tribus verra
Ephesiens 5:26;SKN;64-0816;118;2;deau sanctifie
Esaie 28:18;SKN;64-0823E;99;2;passera serez
Actes 10:44;SKN;64-0823M;74;3;mots prononcait tomba
Actes 10:44;SKN;64-0823M;83;2;mots prononcait
Ephesiens 5:26;SKN;64-0830M;207;2;deau sanctifie
Matthieu 28:20;SKN;64-0830M;207;2;garder siecle
Genese 22:16;SKN;64-0830M;207;3;leternel nas refuse
Psaumes 22:7;SKN;64-0830M;207;2;bouche voient
Psaumes 14:1;SKN;64-0830M;207;3;actions fasse rendu
Actes 10:44;SKN;64-0830M;207;3;entendaient mots tomba
Hebreux 10:14;SKN;64-0830M;207;2;rendu sanctifies
Luc 2:7;SKN;64-0830M;207;2;mit premier
Marc 7:7;SKN;64-1212;244;2;enseignant vain
Marc 7:7;SKN;64-1212;248;3;commandements enseignant vain
Luc 2:7;SKN;64-1221;15;3;coucha creche premier
Esaie 28:8;SKN;64-1221;40;2;pleines tables
Marc 7:7;SKN;65-0118;51;2;enseignant vain
Psaumes 14:1;SKN;65-0218;39;2;fasse rendu
Matthieu 28:20;SKN;65-0218;105;2;enseignant garder
Matthieu 28:18;SKN;65-0218;105;2;donnee parla
Marc 7:7;SKN;65-0218;105;2;doctrines enseignant
Psaumes 22:7;SKN;65-0218;105;2;bouche voient
Psaumes 14:1;SKN;65-0218;105;3;actions fasse rendu
Marc 7:7;SKN;65-0220;80;2;commandements vain
Matthieu 28:18;SKN;65-0220X;4;2;autorite donnee
Hebreux 10:14;SKN;65-0221E;29;2;perpetuite rendu
Luc 2:7;SKN;65-0418M;122;2;mit premier
Marc 7:7;SKN;65-0425;40;2;enseignant vain
Hebreux 10:14;SKN;65-0427;19;2;offrande rendu
Matthieu 28:18;SKN;65-0429E;20;2;autorite parla
Matthieu 24:19;SKN;65-0429E;20;2;celles enceintes
Psaumes 22:18;SKN;65-0429E;20;3;robe sort vetements
Esaie 28:8;SKN;65-0429E;20;2;pleines sorte
Luc 17:33;SKN;65-0429E;20;2;cherchera quiconque
Luc 2:7;SKN;65-0429E;20;2;mit premier
Luc 17:33;SKN;65-0711;60;3;perdra quiconque sauver
Esaie 28:8;SKN;65-0711;115;2;sales sorte
Marc 7:7;SKN;65-0718M;138;2;commandements vain
Matthieu 24:19;SKN;65-0725M;14;3;celles enceintes malheur
Psaumes 22:7;SKN;65-0801E;21;2;moquent voient
Apocalypse 1:7;SKN;65-0801E;122;2;lont perce
Genese 15:16;SKN;65-0801M;133;2;amoreens comble
Ephesiens 5:26;SKN;65-0822E;24;2;lavage purifiant
Luc 2:7;SKN;65-0911;81;2;mit premier
Matthieu 24:19;SKN;65-0911;178;2;celles malheur
Luc 17:33;SKN;65-0911;181;2;quiconque sauver
Esaie 28:8;SKN;65-1125;8;2;pleines sorte
Luc 2:7;SKN;65-1125;172;2;mit premier
Luc 2:7;SKN;65-1126;304;2;mit premier
Marc 7:7;SKN;65-1128M;81;3;commandements enseignant vain
Marc 7:7;SKN;65-1128M;87;3;commandements enseignant vain
Ephesiens 1:21;SKN;65-1128M;237;2;autorite domination
Psaumes 14:1;SKN;65-1204;34;2;corrompus rendu
Matthieu 28:20;SKN;65-1207;38;3;consommation enseignant garder
Matthieu 28:18;SKN;65-1207;38;2;donnee parla
Marc 7:7;SKN;65-1207;38;3;commandements enseignant vain
Apocalypse 13:6;SKN;65-1207;38;2;bouche ouvrit
Psaumes 22:7;SKN;65-1207;38;2;bouche voient
Psaumes 14:1;SKN;65-1207;38;2;fasse rendu
Esaie 28:8;SKN;65-1207;38;2;pleines sorte
Luc 17:33;SKN;65-1207;38;2;quiconque sauver
Hebreux 10:14;SKN;65-1207;38;2;offrande rendu
Luc 2:7;SKN;65-1207;38;2;mit premier
Genese 22:16;VGR;51-0503;68;2;jure leternel
Luc 24:49;VGR;52-0900;193;2;den revetus
Genese 15:16;VGR;53-0403;36;2;generation liniquite
Apocalypse 1:7;VGR;53-0403;201;2;lont perce
Psaumes 22:7;VGR;53-0603;16;2;bouche voient
Apocalypse 1:7;VGR;53-0609A;201;2;lont verra
Esaie 28:8;VGR;54-0103E;133;3;pleines tables vomissements
Esaie 28:8;VGR;54-0103E;134;3;pleines tables vomissements
Genese 22:16;VGR;54-0103E;176;2;nas refuse
Matthieu 24:19;VGR;54-0103M;66;3;celles enceintes malheur
Apocalypse 11:3;VGR;54-0103M;70;2;donnerai temoins
Luc 24:49;VGR;54-0329;81;2;den revetus
Esaie 28:8;VGR;54-0329;87;3;pleines tables vomissements
Genese 22:16;VGR;54-0404E;83;2;nas refuse
Marc 7:7;VGR;54-0509;259;2;commandements enseignant
Apocalypse 1:7;VGR;54-0512;95;2;lont nuees
Genese 15:16;VGR;54-0512;98;2;generation reviendront
Marc 7:7;VGR;54-0514;283;3;commandements dhommes doctrines
Luc 24:49;VGR;54-0515;101;2;den revetus
Actes 10:44;VGR;54-0515;221;2;mots prononcait
Marc 7:7;VGR;54-0516;54;2;dhommes enseignant
Psaumes 14:1;VGR;54-1003M;75;2;fasse rendu
Actes 10:44;VGR;54-1003M;151;2;mots prononcait
Ephesiens 5:26;VGR;54-1024;70;2;deau lavage
Genese 15:16;VGR;54-1212;59;2;generation quatrieme
Genese 22:16;VGR;54-1212;110;2;jure leternel
Genese 22:16;VGR;54-1212;117;2;jure leternel
Luc 24:49;VGR;54-1219M;124;2;den revetus
Luc 24:49;VGR;54-1219M;290;2;den revetus
Hebreux 10:14;VGR;55-0109M;160;2;perpetuite rendu
Marc 7:7;VGR;55-0403;131;3;dhommes enseignant vain
Ephesiens 5:26;VGR;55-0403;199;2;deau lavage
Matthieu 28:18;VGR;55-0611;37;2;autorite donnee
Marc 7:7;VGR;55-0724;56;2;dhommes doctrines
Luc 2:7;VGR;55-0826;9;2;mit premier
Luc 2:7;VGR;55-0911;85;2;mit premier
Marc 7:7;VGR;56-0101;67;2;dhommes doctrines
Ephesiens 1:21;VGR;56-0401M;25;2;autorite siecle
Luc 17:33;VGR;56-0513;46;2;perdra sauver
Luc 17:33;VGR;56-0513;47;2;perdra sauver
Luc 17:33;VGR;56-0513;50;2;perdra sauver
Luc 17:33;VGR;56-0513;51;2;perdra sauver
Luc 17:33;VGR;56-0513;64;2;perdra sauver
Ephesiens 5:26;VGR;57-0120M;63;2;deau lavage
Luc 24:49;VGR;57-0120M;82;2;den revetus
Luc 24:49;VGR;57-0120M;84;2;den revetus
Psaumes 14:1;VGR;57-0407M;175;2;fasse rendu
Hebreux 10:14;VGR;57-0419;48;2;offrande sanctifies
Apocalypse 1:7;VGR;57-0420;62;2;lont perce
Ephesiens 5:26;VGR;57-0825E;194;2;deau lavage
Hebreux 4:2;VGR;57-0901E;57;2;lentendirent servit
Hebreux 4:2;VGR;57-0901E;73;2;lentendirent servit
Ephesiens 5:26;VGR;57-0901M;143;2;deau sanctifie
Hebreux 10:14;VGR;57-0908M;72;2;parfaits rendu
Psaumes 14:1;VGR;57-0908M;118;2;fasse rendu
Hebreux 10:14;VGR;57-0915E;15;2;perpetuite rendu
Hebreux 10:14;VGR;57-0915E;23;2;perpetuite rendu
Hebreux 10:14;VGR;57-0915E;27;2;perpetuite rendu
Hebreux 10:14;VGR;57-0915E;93;2;perpetuite rendu
Genese 15:16;VGR;57-0915E;161;3;generation liniquite quatrieme
Apocalypse 11:3;VGR;57-1006;716;2;sacs temoins
Luc 24:49;VGR;58-0720M;143;2;den revetus
Genese 15:16;VGR;58-0927;78;3;generation liniquite quatrieme
Genese 15:16;VGR;58-0928E;18;2;generation liniquite
Genese 15:16;VGR;58-0928E;21;2;generation liniquite
Matthieu 28:18;VGR;58-0928E;149;2;donnee sapprochant
Actes 10:44;VGR;58-1005E;130;2;mots prononcait
Marc 7:7;VGR;58-1005M;184;2;mhonorent vain
Psaumes 14:1;VGR;59-0419A;33;2;fasse rendu
Luc 24:49;VGR;59-0510E;72;2;den revetus
Ephesiens 5:26;VGR;59-0628M;2;2;deau lavage
Apocalypse 1:7;VGR;59-1108;59;2;lont verra
Apocalypse 1:7;VGR;59-1108;87;2;lont verra
Actes 10:44;VGR;59-1216;126;2;mots prononcait
Actes 10:44;VGR;59-1219;17;2;mots prononcait
Luc 24:49;VGR;59-1219;48;2;den revetus
Actes 10:44;VGR;59-1219;84;2;mots prononcait
Apocalypse 1:7;VGR;59-1219;128;2;lont perce
Psaumes 14:1;VGR;59-1220E;114;2;fasse rendu
Actes 10:44;VGR;59-1223;122;2;mots prononcait
Psaumes 22:7;VGR;60-0308;37;2;bouche ouvrent
Psaumes 22:7;VGR;60-0308;47;2;moquent voient
Ephesiens 5:26;VGR;60-0515E;44;2;deau lavage
Ephesiens 5:26;VGR;60-0515E;86;2;deau lavage
Luc 24:49;VGR;60-0518;180;2;den revetus
Actes 10:44;VGR;60-0604;300;2;mots prononcait
Marc 7:7;VGR;60-0911E;56;3;commandements dhommes enseignant
Marc 7:7;VGR;60-0911M;72;3;commandements dhommes enseignant
Hebreux 4:2;VGR;60-1113;215;2;melee netant
Apocalypse 1:7;VGR;60-1204M;303;2;nuees perce
Apocalypse 1:7;VGR;60-1204M;304;2;lont perce
Apocalypse 1:7;VGR;60-1204M;334;2;perce tribus
Apocalypse 1:7;VGR;60-1204M;335;3;lamenteront perce tribus
Apocalypse 1:7;VGR;60-1204M;338;2;lont perce
Genese 15:16;VGR;60-1204M;385;2;quatrieme reviendront
Marc 7:7;VGR;60-1208;138;3;commandements dhommes enseignant
Apocalypse 13:6;VGR;60-1208;138;2;bouche ouvrit
Matthieu 1:5;VGR;60-1225;28;2;ruth salmon
Matthieu 1:5;VGR;60-1225;29;2;obed ruth
Luc 2:7;VGR;60-1225;30;2;creche premier
Luc 2:7;VGR;60-1225;61;2;creche lhotellerie
Luc 17:33;VGR;60-1231;48;2;quiconque sauver
Actes 10:44;VGR;61-0101;131;2;mots prononcait
Luc 2:7;VGR;61-0101;143;2;creche premier
Luc 2:7;VGR;61-0108;282;2;mit premier
Genese 15:16;VGR;61-0723E;99;3;generation liniquite quatrieme
Genese 15:16;VGR;61-0730M;157;2;comble liniquite
Genese 15:16;VGR;61-0806;156;2;amoreens comble
Luc 2:7;VGR;61-1112;23;2;mit premier
Actes 10:44;VGR;61-1112;276;2;entendaient prononcait
Actes 10:44;VGR;61-1119;6;2;mots prononcait
Matthieu 16:9;VGR;61-1119;304;2;pains recueillis
Matthieu 28:18;VGR;61-1217;195;2;autorite donnee
Ephesiens 5:26;VGR;61-1231M;207;2;deau lavage
Psaumes 22:7;VGR;62-0204;127;2;bouche voient
Matthieu 11:6;VGR;62-0318M;403;2;naura quiconque
Marc 7:7;VGR;62-0318M;403;2;dhommes doctrines
Psaumes 22:7;VGR;62-0318M;403;2;bouche voient
Psaumes 14:1;VGR;62-0318M;403;2;actions fasse
Marc 7:7;VGR;62-0422;245;2;dhommes doctrines
Actes 10:44;VGR;62-0513M;27;2;mots prononcait
Marc 7:7;VGR;62-0513M;166;2;dhommes doctrines
Marc 7:7;VGR;62-0513M;290;2;dhommes doctrines
Actes 10:44;VGR;62-1014E;44;2;mots prononcait
Luc 17:33;VGR;62-1209;46;2;quiconque sauver
Psaumes 14:1;VGR;62-1223;29;2;fasse rendu
Ephesiens 5:26;VGR;62-1231;53;2;deau lavage
Actes 10:44;VGR;63-0114;280;2;mots prononcait
Ephesiens 5:26;VGR;63-0223;93;2;deau lavage
Psaumes 14:1;VGR;63-0317M;66;2;fasse rendu
Apocalypse 11:3;VGR;63-0318;232;2;sacs temoins
Actes 10:44;VGR;63-0319;361;2;mots prononcait
Apocalypse 11:3;VGR;63-0323;284;3;donnerai sacs temoins
Luc 17:33;VGR;63-0421;52;2;quiconque sauver
Apocalypse 11:3;VGR;63-0623M;70;2;donnerai temoins
Psaumes 22:7;VGR;63-0707;153;2;moquent voient
Psaumes 22:7;VGR;63-0707M;153;2;moquent voient
Matthieu 28:18;VGR;63-0728;196;2;autorite donnee
Matthieu 16:9;VGR;63-0825E;25;3;pains paniers recueillis
Psaumes 22:7;VGR;63-1110E;31;2;bouche voient
Matthieu 1:5;VGR;63-1214;51;2;ruth salmon
Matthieu 1:5;VGR;63-1214;52;2;obed ruth
Matthieu 1:5;VGR;63-1229M;42;2;obed ruth
Matthieu 16:9;VGR;64-0305;117;2;pains paniers
Actes 10:44;VGR;64-0306;78;2;mots prononcait
Luc 2:7;VGR;64-0313;1;2;mit premier
Psaumes 22:7;VGR;64-0313;156;2;moquent voient
Luc 2:7;VGR;64-0321E;1;2;mit premier
Matthieu 16:9;VGR;64-0416;40;2;pains paniers
Psaumes 14:1;VGR;64-0419;99;3;actions fasse rendu
Psaumes 14:1;VGR;64-0419;103;2;actions rendu
Luc 17:33;VGR;64-0614M;305;2;quiconque sauver
Matthieu 16:9;VGR;64-0719E;147;2;pains paniers
Apocalypse 13:6;VGR;64-0726E;40;2;habitation habitent
Actes 10:44;VGR;64-0823M;83;2;mots prononcait
Hebreux 10:14;VGR;65-0221E;29;2;perpetuite rendu
Hebreux 10:14;VGR;65-0427;38;2;offrande rendu
Luc 17:33;VGR;65-0711;114;3;perdra quiconque sauver
Matthieu 24:19;VGR;65-0725M;14;3;celles enceintes malheur
Psaumes 22:7;VGR;65-0801E;21;2;moquent voient
Hebreux 10:14;VGR;65-0801E;157;2;offrande rendu
