ref;traduction;code;paragraphe;statut;note
Actes 2:38;SKN;60-1225;42;EXACT;repentez chacun soit baptise nom jesus christ peches [couverture 11/14]
Actes 10:35;SKN;60-1225;97;PARTIEL;commencé, pas achevé — nation
Apocalypse 1:20;SKN;60-1225;105;PARTIEL;commencé, pas achevé — etoiles
Apocalypse 20:0;SKN;60-1225;105;VALIDE;chap->v.4: vis etaient avaient jesus
Luc 2:7;SKN;60-1225;10;VALIDE;monde fils premier lemmaillota coucha creche parce quil
Matthieu 1:5;SKN;60-1225;17;PARTIEL;commencé, pas achevé — salmon
1 Chroniques 13:0;SKN;65-0718M;27;VALIDE;chap->v.2: david cela bon cela vienne dieu nos
1 Chroniques 13:0;SKN;65-0718M;29;VALIDE;chap->v.2: david cela bon cela vienne dieu nos
Amos 3:7;SKN;65-0718M;117;VALIDE;seigneur rien revele prophetes
Amos 3:7;SKN;65-0718M;158;VALIDE;seigneur fera revele
Amos 3:7;SKN;65-0718M;160;VALIDE;seigneur fera rien revele
Apocalypse 10:0;SKN;65-0718M;147;VALIDE;chap->v.7: jours sera mystere dieu sera annonce
Apocalypse 10:0;SKN;65-0718M;166;VALIDE;chap->v.7: jours septieme ange sonner trompette mystere dieu
Apocalypse 10:0;SKN;65-0718M;178;VALIDE;chap->v.4: sept parle disant choses sept
Deuteronome 4:0;SKN;65-0718M;186;VALIDE;chap->v.1: maintenant israel ecoute ordonnances enseigne afin viviez entriez
Joel 2:28;SKN;65-0718M;152;PARTIEL;commencé, pas achevé — apres cela
Luc 7:7;SKN;65-0718M;138;VALIDE;suis meme dis parole
Luc 17:30;SKN;65-0718M;178;PARTIEL;commencé, pas achevé — fils
Malachie 4:0;SKN;65-0718M;147;VALIDE;chap->v.5: envoie prophete avant jour
Malachie 4:0;SKN;65-0718M;171;VALIDE;chap->v.5: voici prophete avant vienne grand jour
Malachie 4:0;SKN;65-0718M;178;VALIDE;chap->v.4: loi serviteur lui
Marc 7:7;SKN;65-0718M;27;PARTIEL;commencé, pas achevé — vain commandements
1 Chroniques 17:0;SKN;63-0317M;66;VALIDE;chap->v.5: nai habite maison depuis jour jai monter israel
1 Corinthiens 13:0;SKN;63-0317M;248;VALIDE;chap->v.1: parle langues hommes anges suis airain resonne cymbale
Apocalypse 21:0;SKN;63-0317M;78;VALIDE;chap->v.4: dieu larme yeux mort sera aura deuil premieres
Esaie 40:0;SKN;63-0317M;297;VALIDE;chap->v.3: voix celui crie desert preparez chemin leternel aplanissez
Jean 3:16;SKN;63-0317M;392;PARTIEL;commencé, pas achevé — dieu
Jean 14:0;SKN;63-0317M;79;VALIDE;chap->v.10: moi pere pere moi moi dis dis moi
Malachie 3:0;SKN;63-0317M;297;VALIDE;chap->v.1: voici jenvoie messager preparera chemin devant moi seigneur
Malachie 3:0;SKN;63-0317M;315;VALIDE;chap->v.1: voici messager preparera chemin devant moi lalliance
Malachie 4:0;SKN;63-0317M;213;VALIDE;chap->v.5: elie grand jour
Marc 11:22;SKN;63-0317M;419;PARTIEL;commencé, pas achevé — jesus dieu
Matthieu 11:10;SKN;63-0317M;299;EXACT;cest ici celui voici moi jenvoie messager devant [couverture 9/14]
Matthieu 11:10;SKN;63-0317M;363;EXACT;cest ici moi devant [couverture 5/14]
1 Corinthiens 11:23-32;SKN;59-0301E;137;EXACT;moi jai seigneur cest jesus quil [couverture 7/14]
1 Rois 19:0;SKN;59-0301E;22;VALIDE;chap->v.10: jai leternel dieu armees fils disrael ont abandonne
1 Corinthiens 11:24;SKN;63-0324M;283;VALIDE;ceci corps moi
1 Corinthiens 12:0;SKN;63-0324M;7;VALIDE;chap->v.9: autre meme esprit autre dons meme esprit
1 Rois 17:0;SKN;63-0324M;369;VALIDE;chap->v.13: elie lui fais fais cela
1 Rois 19:0;SKN;63-0324M;330;VALIDE;chap->v.9: passa parole lui lui fais ici elie
Actes 2:0;SKN;63-0324M;151;VALIDE;chap->v.38: pierre chacun soit baptise nom jesus don saint
Actes 2:38;SKN;63-0324M;148;EXACT;pierre soit nom jesus saint esprit [couverture 6/14]
Apocalypse 5:9;SKN;63-0324M;268;EXACT;chantent cantique nouveau disant digne prendre livre den [couverture 8/14]
Apocalypse 5:9;SKN;63-0324M;270;EXACT;cantique nouveau disant digne prendre livre den ouvrir [couverture 9/14]
Apocalypse 6:0;SKN;63-0324M;267;VALIDE;chap->v.1: lagneau lun lun quatre disant
Apocalypse 6:0;SKN;63-0324M;272;VALIDE;chap->v.11: donne chacun robe blanche quils
Apocalypse 6:6;SKN;63-0324M;102;PARTIEL;commencé, pas achevé — lhuile
Apocalypse 6:6;SKN;63-0324M;282;EXACT;jentendis voix milieu quatre mesure denier mesures dorge [couverture 9/14]
Apocalypse 6:11;SKN;63-0324M;271;VALIDE;donne chacun robe blanche quils
Apocalypse 6:11;SKN;63-0324M;279;PARTIEL;commencé, pas achevé — robe blanche
Apocalypse 7:14;SKN;63-0324M;280;EXACT;dis seigneur ceux grande ont lave robes sang [couverture 8/14]
Apocalypse 11:0;SKN;63-0324M;227;VALIDE;chap->v.11: apres trois demi lesprit vie dieu
Apocalypse 11:3;SKN;63-0324M;329;PARTIEL;commencé, pas achevé — deux temoins
Apocalypse 16:0;SKN;63-0324M;367;VALIDE;chap->v.9: grande nom dieu lui donner
Apocalypse 18:8;SKN;63-0324M;367;VALIDE;cest seul mort sera dieu
Daniel 9:27;SKN;63-0324M;224;VALIDE;semaine milieu fera
Genese 4:1;SKN;63-0324M;129;VALIDE;connut eve femme concut enfanta cain jai homme
Jean 10:0;SKN;63-0324M;327;VALIDE;chap->v.9: suis porte quelquun sera
Luc 24:49;SKN;63-0324M;151;PARTIEL;commencé, pas achevé — pere puissance
Malachie 3:0;SKN;63-0324M;263;VALIDE;chap->v.1: messager preparera chemin devant moi
Malachie 3:0;SKN;63-0324M;330;VALIDE;chap->v.15: maintenant ceux meme meme
Malachie 4:0;SKN;63-0324M;329;VALIDE;chap->v.2: nom justice sera
Malachie 4:5;SKN;63-0324M;369;PARTIEL;commencé, pas achevé — elie grand
Matthieu 5:0;SKN;63-0324M;142;VALIDE;chap->v.16: ainsi hommes sorte quils quils pere
Matthieu 11:0;SKN;63-0324M;256;VALIDE;chap->v.3: lui celui devons attendre autre
Matthieu 22:11;SKN;63-0324M;323;PARTIEL;commencé, pas achevé — homme noces
Matthieu 24:0;SKN;63-0324M;69;VALIDE;chap->v.2: voyez choses dis sera ici pierre pierre
Matthieu 25:0;SKN;63-0324M;41;VALIDE;chap->v.1: alors sera dix vierges lampes
Matthieu 28:19;SKN;63-0324M;148;EXACT;nom pere fils saint esprit [couverture 5/10]
Matthieu 28:19;SKN;63-0324M;151;VALIDE;allez faites disciples nations baptisant nom pere fils
1 Corinthiens 12:0;SKN;50-0823;30;VALIDE;chap->v.13: avons baptises dun seul esprit seul corps soit
1 Corinthiens 12:0;SKN;50-0827E;5;VALIDE;chap->v.3: cest pourquoi fais savoir nul homme lesprit dieu
1 Corinthiens 12:0;SKN;52-0717;13;VALIDE;chap->v.9: autre foi meme esprit autre dons meme esprit
1 Corinthiens 12:0;SKN;52-0900;187;VALIDE;chap->v.12: corps membres membres corps seul corps christ
Actes 19:0;SKN;52-0900;172;VALIDE;chap->v.2: avez recu saint cru meme saint
Esaie 35:0;SKN;52-0900;7;VALIDE;chap->v.2: fleurira sera lallegresse lallegresse gloire liban lui sera
Jean 11:0;SKN;52-0900;148;VALIDE;chap->v.6: quil lazare etait etait
Marc 11:24;SKN;52-0900;190;EXACT;cest dis demanderez priant croyez [couverture 5/8]
1 Corinthiens 12:0;SKN;54-0301;29;VALIDE;chap->v.12: meme corps quil plusieurs membres membres corps soient
Jean 5:19;SKN;54-0301;49;EXACT;jesus dis rien lui meme quil chose pere [couverture 7/14]
1 Corinthiens 12:0;SKN;54-1219E;78;VALIDE;chap->v.15: suis main suis corps qua cela corps
Actes 2:38;SKN;54-1219E;35;EXACT;pierre repentez chacun soit baptise nom jesus peches [couverture 11/14]
Jean 5:0;SKN;54-1219E;124;VALIDE;chap->v.26: pere vie lui meme donne fils vie lui
1 Corinthiens 12:0;SKN;56-0223;17;VALIDE;chap->v.3: cest fais savoir homme parlant dieu jesus jesus
Actes 19:0;SKN;56-0223;62;VALIDE;chap->v.2: avez recu lesprit saint cru lui navons meme
colossiens 1:25;SKN;56-0223;15;CORRIGE;annoncé Ephesiens 1:25
Exode 19:0;SKN;56-0223;65;VALIDE;chap->v.4: avez jai comment moi
Genese 22:0;SKN;56-0223;68;VALIDE;chap->v.13: abraham yeux vit voici avait lui belier abraham
Romains 4:0;SKN;56-0223;45;VALIDE;chap->v.18: contre esperance crut esperance pere selon ainsi sera
Romains 8:0;SKN;56-0223;16;VALIDE;chap->v.9: esprit esprit dieu quelquun esprit nest lui
1 Corinthiens 12:0;SKN;56-0225;15;VALIDE;chap->v.15: suis main suis corps qua cause cela nest
Hebreux 13:8;SKN;56-0225;9;VALIDE;jesus meme hier aujourdhui eternellement
Jean 5:0;SKN;56-0225;50;VALIDE;chap->v.4: ange descendait agitait leau premier apres leau avait
Jean 5:0;SKN;56-0225;52;VALIDE;chap->v.4: ange descendait agitait leau premier apres leau avait
Jean 5:7;SKN;56-0225;59;EXACT;lui seigneur nai personne leau pendant moi [couverture 7/14]
Jean 5:19;SKN;56-0225;57;EXACT;jesus verite dis fils rien lui meme quil [couverture 8/14]
Jean 14:7;SKN;56-0225;59;PARTIEL;commencé, pas achevé — pere maintenant
Luc 16:16;SKN;56-0225;26;VALIDE;loi prophetes ont jusqua jean lors royaume dieu
1 Corinthiens 12:0;SKN;56-0723;24;VALIDE;chap->v.3: cest pourquoi savoir homme lesprit dieu jesus seigneur
Luc 24:49;SKN;56-0723;51;VALIDE;voici moi ville jusqua soyez revetus puissance den
Marc 11:24;SKN;56-0723;51;VALIDE;cest dis sera
Romains 8:1;SKN;56-0723;11;VALIDE;maintenant aucune condamnation ceux christ jesus
1 Corinthiens 12:0;SKN;56-1207;28;VALIDE;chap->v.3: cest pourquoi fais homme lesprit dieu jesus seigneur
Actes 19:0;SKN;56-1207;9;VALIDE;chap->v.4: paul peuple quils celui venait lui cest
Jean 5:19;SKN;56-1207;30;EXACT;jesus verite dis fils rien lui meme quil [couverture 7/14]
1 Corinthiens 12:0;SKN;57-0114;15;VALIDE;chap->v.3: cest fais homme lesprit dieu jesus seigneur jesus
Actes 4:0;SKN;57-0114;64;VALIDE;chap->v.10: peuple nom jesus christ dieu ressuscite dentre morts
Hebreux 13:8;SKN;57-0114;49;VALIDE;jesus christ meme hier aujourdhui eternellement
Jean 4:0;SKN;57-0114;113;VALIDE;chap->v.10: jesus lui don dieu celui donne moi boire
Jean 5:0;SKN;57-0114;76;VALIDE;chap->v.4: ange agitait leau premier entrait apres leau avait
Jean 5:19;SKN;57-0114;45;EXACT;jesus dis fils rien lui meme quil pere [couverture 8/14]
Jean 14:7;SKN;57-0114;69;PARTIEL;commencé, pas achevé — connu
Marc 16:0;SKN;57-0114;52;VALIDE;chap->v.6: lui jesus ressuscite nest ici voici mis
Psaumes 103:3;SKN;57-0114;34;VALIDE;cest lui tes guerit
1 Corinthiens 12:0;SKN;57-0908M;113;VALIDE;chap->v.13: avons seul esprit seul corps soit soit soit
1 Corinthiens 12:0;SKN;57-0908M;117;VALIDE;chap->v.12: corps corps soient seul corps ainsi christ
Hebreux 10:0;SKN;57-0908M;169;VALIDE;chap->v.26: volontairement apres recu connaissance verite reste sacrifice
Romains 8:1;SKN;57-0908M;109;EXACT;maintenant aucune condamnation ceux christ jesus [couverture 6/6]
1 Corinthiens 12:0;SKN;57-1002;361;VALIDE;chap->v.13: avons baptises seul esprit seul corps soit soit
1 Corinthiens 12:0;SKN;57-1002;364;VALIDE;chap->v.9: autre meme esprit autre dons grace meme esprit
1 Jean 5:7;SKN;57-1002;477;EXACT;trois rendent temoignage [couverture 3/3]
Actes 2:27;SKN;57-1002;376;PARTIEL;commencé, pas achevé — ame saint
Actes 7:55;SKN;57-1002;440;VALIDE;saint ciel dieu jesus
Actes 19:0;SKN;57-1002;366;VALIDE;chap->v.2: avez recu saint cru meme saint
Apocalypse 5:0;SKN;57-1002;354;VALIDE;chap->v.1: vis etait assis
Apocalypse 5:0;SKN;57-1002;548;VALIDE;chap->v.7: livre main etait
Apocalypse 11:0;SKN;57-1002;354;VALIDE;chap->v.11: apres trois demi vie dieu pieds
Apocalypse 11:0;SKN;57-1002;548;VALIDE;chap->v.9: corps mort trois corps
Apocalypse 21:0;SKN;57-1002;548;VALIDE;chap->v.11: gloire etait pierre pierre
Apocalypse 21:19;SKN;57-1002;354;VALIDE;etaient pierre etait
Ephesiens 1:20;SKN;57-1002;440;PARTIEL;commencé, pas achevé — droite
Ephesiens 1:20;SKN;57-1002;451;EXACT;christ ressuscitant morts asseoir droite lieux celestes [couverture 7/10]
Esaie 9:6;SKN;57-1002;497;PARTIEL;commencé, pas achevé — fils sera
Esther 6:0;SKN;57-1002;354;VALIDE;chap->v.13: femme lui etait arrive femme lui
Genese 38:0;SKN;57-1002;354;VALIDE;chap->v.28: deux main femme main fil
Genese 38:0;SKN;57-1002;548;VALIDE;chap->v.24: trois mois apres belle prostituee
Jean 5:7;SKN;57-1002;479;PARTIEL;commencé, pas achevé — lui
Jean 5:24;SKN;57-1002;377;EXACT;parole croit vie eternelle vient mort [couverture 5/14]
Marc 14:62;SKN;57-1002;440;EXACT;jesus suis verrez fils assis droite puissance venant [couverture 10/11]
Matthieu 24:0;SKN;57-1002;516;VALIDE;chap->v.2: voyez dis sera soit
Matthieu 24:0;SKN;57-1002;517;VALIDE;chap->v.2: voyez dis sera soit
Matthieu 27:0;SKN;57-1002;418;VALIDE;chap->v.58: celui alle corps jesus alors corps
Psaumes 16:0;SKN;57-1002;376;VALIDE;chap->v.7: donne meme mes
Psaumes 16:10;SKN;57-1002;408;VALIDE;ame permettras saint voie corruption
Romains 8:1;SKN;57-1002;400;EXACT;maintenant aucune condamnation ceux christ jesus [couverture 6/6]
1 Corinthiens 12:0;SKN;58-0207;18;VALIDE;chap->v.13: avons baptises seul esprit seul corps soit soit
1 Corinthiens 12:0;SKN;58-0207;49;VALIDE;chap->v.3: cest pourquoi fais savoir homme lesprit dieu jesus
Hebreux 13:8;SKN;58-0207;14;VALIDE;jesus meme hier aujourdhui eternellement
Hebreux 13:8;SKN;58-0207;16;EXACT;jesus christ meme hier aujourdhui eternellement [couverture 5/6]
Jean 1:0;SKN;58-0207;25;VALIDE;chap->v.30: cest celui moi apres moi homme prend place
Jean 4:0;SKN;58-0207;68;VALIDE;chap->v.25: femme lui sais christ vient sera fera choses
Jean 5:0;SKN;58-0207;37;VALIDE;chap->v.4: ange descendait agitait leau premier apres leau avait
Jean 5:19;SKN;58-0207;23;EXACT;jesus verite dis fils rien lui meme quil [couverture 6/14]
Jean 15:0;SKN;58-0207;19;VALIDE;chap->v.2: sarment porte fruit sarment porte fruit afin quil
Psaumes 103:3;SKN;58-0207;5;VALIDE;cest lui tes guerit
1 Corinthiens 12:0;SKN;58-0214;8;VALIDE;chap->v.3: cest pourquoi nul homme lesprit dieu jesus nul
Hebreux 13:8;SKN;58-0214;19;VALIDE;jesus meme hier aujourdhui eternellement
Jean 5:0;SKN;58-0214;42;VALIDE;chap->v.19: jesus verite verite dis fils rien lui meme
Jean 12:20;SKN;58-0214;19;VALIDE;avait quelques grecs ceux etaient montes adorer pendant
Jean 14:7;SKN;58-0214;26;PARTIEL;commencé, pas achevé — pere maintenant
Jean 15:0;SKN;58-0214;26;VALIDE;chap->v.5: moi suis cep sarments celui moi moi lui
1 Corinthiens 12:0;SKN;58-0223;11;VALIDE;chap->v.12: meme corps quil corps seul corps ainsi christ
Hebreux 13:8;SKN;58-0223;16;VALIDE;jesus christ meme hier aujourdhui eternellement
Jean 1:0;SKN;58-0223;45;VALIDE;chap->v.30: cest moi apres moi homme avant moi etait
Jean 4:0;SKN;58-0223;65;VALIDE;chap->v.50: jesus lui fils parole jesus lui avait sen
Jean 5:0;SKN;58-0223;42;VALIDE;chap->v.19: jesus verite verite dis fils rien lui meme
Jean 5:19;SKN;58-0223;43;EXACT;jesus verite dis fils rien lui meme quil [couverture 12/14]
Matthieu 10:0;SKN;58-0223;37;VALIDE;chap->v.37: celui pere moi nest moi celui fils moi
Psaumes 103:3;SKN;58-0223;12;VALIDE;cest lui tes guerit
1 Corinthiens 12:0;SKN;58-0312;53;VALIDE;chap->v.3: cest pourquoi fais nul homme lesprit dieu jesus
Jean 1:0;SKN;58-0312;33;VALIDE;chap->v.41: andre frere simon pierre etait deux avaient lui
Jean 1:0;SKN;58-0312;35;VALIDE;chap->v.47: nathanael lui venir quelque chose bon nazareth philippe
Jean 5:19;SKN;58-0312;50;EXACT;jesus verite dis fils rien lui meme quil [couverture 5/14]
Jean 5:19;SKN;58-0312;51;EXACT;jesus verite dis fils rien lui meme quil [couverture 5/14]
Jean 11:0;SKN;58-0312;47;VALIDE;chap->v.51: cela lui meme souverain sacrificateur annee jesus nation
Jean 15:0;SKN;58-0312;30;VALIDE;chap->v.2: sarment porte fruit sarment porte fruit quil porte
Psaumes 103:3;SKN;58-0312;20;VALIDE;cest lui tes guerit
1 Corinthiens 12:0;SKN;59-0422;53;VALIDE;chap->v.15: parce suis main suis corps qua cela nest
Hebreux 13:8;SKN;59-0422;12;VALIDE;jesus christ meme hier aujourdhui eternellement
Jean 4:0;SKN;59-0422;32;VALIDE;chap->v.50: jesus lui fils vit lhomme parole jesus lui
Jean 4:0;SKN;59-0422;60;VALIDE;chap->v.50: jesus lui fils parole jesus lui avait dite
Jean 5:0;SKN;59-0422;60;VALIDE;chap->v.19: jesus dis fils rien lui meme quil voie
Jean 5:19;SKN;59-0422;22;EXACT;jesus verite dis fils rien lui meme quil [couverture 6/14]
Jean 5:19;SKN;59-0422;56;EXACT;jesus verite dis fils rien lui meme quil [couverture 7/14]
Jean 6:0;SKN;59-0422;32;VALIDE;chap->v.22: etait lautre cote quil avait dautre petit celui
Marc 16:0;SKN;59-0422;76;VALIDE;chap->v.16: celui cru sera sauve celui cru sera
Matthieu 10:0;SKN;59-0422;31;VALIDE;chap->v.25: disciple quil maitre quil ont appele maitre maison
1 Corinthiens 12:0;SKN;59-0814;63;VALIDE;chap->v.10: autre autre prophetie autre autre langues autre linterpretation
Psaumes 46:1;SKN;59-0814;14;VALIDE;dieu refuge secours
Psaumes 119:56;SKN;59-0814;14;VALIDE;cela jai tes preceptes
1 Corinthiens 12:0;SKN;59-0823;126;VALIDE;chap->v.3: cest pourquoi fais savoir nul homme lesprit dieu
1 Corinthiens 13:0;SKN;59-0823;112;VALIDE;chap->v.13: maintenant foi lamour cest lamour
Apocalypse 12:0;SKN;59-0823;126;VALIDE;chap->v.11: eux lont cause sang lagneau cause parole temoignage
Galates 1:8;SKN;59-0823;126;VALIDE;memes ange venu ciel avons quil soit anatheme
Matthieu 1:0;SKN;59-0823;126;VALIDE;chap->v.18: naissance jesus christ arriva ainsi mere marie fiancee
Matthieu 11:0;SKN;59-0823;59;VALIDE;chap->v.27: mont pere fils nest pere pere nest fils
Matthieu 28:19;SKN;59-0823;126;VALIDE;allez faites disciples nations baptisant nom pere fils
Romains 3:0;SKN;59-0823;34;VALIDE;chap->v.4: dieu soit vrai homme menteur selon ecrit sorte
Romains 3:4;SKN;59-0823;64;VALIDE;dieu soit vrai ecrit
1 Corinthiens 12:0;SKN;59-1125;48;VALIDE;chap->v.13: avons baptises seul esprit seul corps soit juifs
Jean 14:0;SKN;59-1125;52;VALIDE;chap->v.10: moi suis pere pere moi paroles moi dis
Jean 19:5;SKN;59-1125;54;PARTIEL;commencé, pas achevé — jesus vetement
1 Corinthiens 12:0;SKN;59-1216;131;VALIDE;chap->v.13: avons baptises dun seul esprit seul corps soit
1 Jean 2:0;SKN;59-1216;60;VALIDE;chap->v.1: mes enfants ecris choses afin pechiez quelquun peche
1 Jean 2:1;SKN;59-1216;60;EXACT;mes enfants ecris choses afin pechiez quelquun peche [couverture 13/14]
1 Jean 2:12;SKN;59-1216;60;EXACT;ecris enfants parce vos peches [couverture 5/7]
jean 16:7;SKN;59-1216;59;CORRIGE;annoncé 1 Jean 16:7
Actes 1:8;SKN;59-1216;101;EXACT;recevrez puissance saint serez mes temoins jerusalem judee [couverture 11/14]
Actes 2:0;SKN;59-1216;97;VALIDE;chap->v.17: derniers jours dieu repandrai esprit chair vos fils
Actes 8:14;SKN;59-1216;124;VALIDE;etaient jerusalem ayant avait recu parole dieu pierre
Apocalypse 11:0;SKN;59-1216;93;VALIDE;chap->v.11: apres jours lesprit vie dieu eux pieds
Ephesiens 4:30;SKN;59-1216;45;EXACT;nattristez saint dieu lequel avez scelles jour redemption [couverture 8/9]
Ephesiens 4:30;SKN;59-1216;46;EXACT;nattristez saint dieu lequel avez scelles jour redemption [couverture 8/9]
Esaie 28:0;SKN;59-1216;67;VALIDE;chap->v.8: tables pleines sales quil place
Galates 1:8;SKN;59-1216;131;VALIDE;ange venu ciel avons quil soit anatheme
Galates 3:29;SKN;59-1216;40;EXACT;etes christ dabraham heritiers selon promesse [couverture 7/8]
Hebreux 4:0;SKN;59-1216;95;VALIDE;chap->v.10: celui repos lui sest repose dieu sest repose
Jean 14:0;SKN;59-1216;52;VALIDE;chap->v.10: moi suis moi moi dis dis moi meme
Jean 14:0;SKN;59-1216;56;VALIDE;chap->v.17: lesprit verite monde recevoir parce quil voit connait
Jean 16:7;SKN;59-1216;59;EXACT;dis verite avantageux moi men aille vais consolateur [couverture 13/14]
Joel 2:28;SKN;59-1216;96;EXACT;apres cela repandrai esprit chair vos fils filles [couverture 12/14]
Luc 24:49;SKN;59-1216;98;VALIDE;voici pere ville jusqua soyez revetus puissance den
Romains 4:0;SKN;59-1216;41;VALIDE;chap->v.11: signe circoncision foi avait quil soit etant
1 Corinthiens 12:0;SKN;60-0911E;141;VALIDE;chap->v.3: pourquoi parlant dieu jesus jesus
Actes 1:0;SKN;60-0911E;77;VALIDE;chap->v.3: apres lui vivant etant jours
Actes 1:8;SKN;60-0911E;72;EXACT;recevrez puissance saint serez mes temoins jerusalem judee [couverture 10/14]
Actes 1:8;SKN;60-0911E;73;EXACT;recevrez puissance saint serez mes temoins jerusalem judee [couverture 10/14]
Actes 1:8;SKN;60-0911E;80;VALIDE;saint serez mes temoins
Actes 5:32;SKN;60-0911E;89;EXACT;lui sommes temoins choses ainsi saint dieu donne [couverture 10/12]
Actes 7:38;SKN;60-0911E;31;PARTIEL;commencé, pas achevé — lui nos
Actes 19:0;SKN;60-0911E;139;VALIDE;chap->v.2: avez recu saint cru lui saint
Apocalypse 13:0;SKN;60-0911E;49;VALIDE;chap->v.1: vis mer bete avait dix cornes sept tetes
Apocalypse 13:0;SKN;60-0911E;50;VALIDE;chap->v.1: vis mer bete avait dix cornes sept tetes
Apocalypse 17:0;SKN;60-0911E;41;VALIDE;chap->v.1: sept anges avaient sept coupes vint disant viens
Colossiens 1:0;SKN;60-0911E;78;VALIDE;chap->v.18: corps lui commencement premier morts afin choses lui
Colossiens 1:17;SKN;60-0911E;78;EXACT;lui avant choses subsistent [couverture 6/6]
colossiens 3:11;SKN;60-0911E;155;CORRIGE;annoncé Colossiens 3:26
Ephesiens 1:0;SKN;60-0911E;74;VALIDE;chap->v.1: jesus christ dieu christ jesus
Ephesiens 1:22;SKN;60-0911E;74;VALIDE;pieds donne chef
Ephesiens 4:30;SKN;60-0911E;137;EXACT;saint dieu lequel avez scelles jour redemption [couverture 7/9]
Ephesiens 5:25;SKN;60-0911E;158;PARTIEL;commencé, pas achevé — christ
Galates 3:26;SKN;60-0911E;155;EXACT;etes fils dieu foi christ jesus [couverture 6/6]
Hebreux 11:0;SKN;60-0911E;61;VALIDE;chap->v.4: foi offrit dieu sacrifice sacrifice juste dieu
Hebreux 12:13;SKN;60-0911E;159;PARTIEL;commencé, pas achevé — afin plutot
Hebreux 13:8;SKN;60-0911E;89;VALIDE;jesus meme hier
Hebreux 13:12;SKN;60-0911E;157;EXACT;jesus afin sanctifie peuple propre sang souffert hors [couverture 9/12]
Jean 3:5;SKN;60-0911E;163;EXACT;jesus verite entrer royaume dieu [couverture 6/12]
Jean 14:0;SKN;60-0911E;90;VALIDE;chap->v.12: verite verite dis celui croit moi fera lui
Jean 14:12;SKN;60-0911E;90;EXACT;verite dis celui croit moi fera lui fais [couverture 12/14]
Luc 24:0;SKN;60-0911E;86;VALIDE;chap->v.46: ainsi ecrit ainsi christ ressuscite morts troisieme jour
Luc 24:26;SKN;60-0911E;86;PARTIEL;commencé, pas achevé — christ choses
Luc 24:29;SKN;60-0911E;118;PARTIEL;commencé, pas achevé — rester
Luc 24:49;SKN;60-0911E;71;EXACT;voici pere ville soyez revetus puissance haut [couverture 7/13]
Marc 16:0;SKN;60-0911E;92;VALIDE;chap->v.14: apparut onze etaient table reprocha incredulite durete parce
Marc 16:0;SKN;60-0911E;117;VALIDE;chap->v.16: celui aura cru aura baptise sera celui cru
Matthieu 10:0;SKN;60-0911E;111;VALIDE;chap->v.1: douze disciples donna esprits chasser guerir maladie
Matthieu 10:1;SKN;60-0911E;105;PARTIEL;commencé, pas achevé — disciples chasser
Matthieu 10:1;SKN;60-0911E;111;VALIDE;douze disciples donna esprits chasser guerir maladie
Matthieu 16:0;SKN;60-0911E;75;VALIDE;chap->v.28: verite dis quelques ceux ici
Matthieu 16:18;SKN;60-0911E;10;VALIDE;dis pierre roc batirai portes prevaudront contre
Matthieu 16:18;SKN;60-0911E;72;VALIDE;roc batirai portes contre
Matthieu 28:20;SKN;60-0911E;88;VALIDE;choses voici moi suis
1 Corinthiens 12:0;SKN;61-0118;69;VALIDE;chap->v.15: disait parce main corps qua cela nest corps
actes 10:48;SKN;61-0118;60;CORRIGE;annoncé Actes 10:49
Apocalypse 11:0;SKN;61-0118;66;VALIDE;chap->v.5: quelquun veut feu sort quelquun veut quil
Esaie 9:0;SKN;61-0118;29;VALIDE;chap->v.6: enfant donne sera nom conseiller dieu pere
Hebreux 13:8;SKN;61-0118;25;VALIDE;jesus meme hier aujourdhui eternellement
Jean 4:0;SKN;61-0118;86;VALIDE;chap->v.25: femme lui sais messie christ vient sera venu
Jean 5:0;SKN;61-0118;55;VALIDE;chap->v.19: jesus verite verite dis fils rien lui meme
Jean 5:19;SKN;61-0118;55;EXACT;jesus verite dis fils rien lui meme quil [couverture 5/14]
Jean 6:0;SKN;61-0118;57;VALIDE;chap->v.57: pere envoye moi vis cause pere meme celui
Jean 14:12;SKN;61-0118;27;VALIDE;dis celui croit moi fera lui fais
Marc 16:0;SKN;61-0118;97;VALIDE;chap->v.16: celui cru sera celui cru sera
1 Corinthiens 12:0;SKN;61-0414;12;VALIDE;chap->v.12: meme corps quil corps soient seul corps ainsi
1 Timothee 3:16;SKN;61-0414;70;EXACT;contredit mystere piete grand dieu manifeste chair esprit [couverture 8/14]
Actes 4:0;SKN;61-0414;31;VALIDE;chap->v.19: pierre jean sil juste devant dieu ecouter plutot
Jean 5:19;SKN;61-0414;5;EXACT;jesus verite dis fils rien lui meme quil [couverture 5/14]
Jean 14:7;SKN;61-0414;68;PARTIEL;commencé, pas achevé — pere maintenant
Matthieu 12:0;SKN;61-0414;6;VALIDE;chap->v.31: cest dis peche sera hommes lesprit sera hommes
1 Corinthiens 12:0;SKN;61-0515;6;VALIDE;chap->v.15: disait parce suis main suis corps qua cela
Apocalypse 1:0;SKN;61-0515;89;VALIDE;chap->v.8: moi suis lalpha lomega seigneur dieu celui etait
Marc 16:0;SKN;61-0515;21;VALIDE;chap->v.6: lui jesus nest ici voici mis
1 Corinthiens 12:0;SKN;62-0609E;36;VALIDE;chap->v.15: pied parce suis main suis corps qua cela
Actes 2:38;SKN;62-0609E;48;VALIDE;pierre repentez chacun soit baptise nom jesus christ
Esaie 32:2;SKN;62-0609E;9;VALIDE;sera contre vent abri deau lieu lombre dun
Hebreux 4:12;SKN;62-0609E;68;VALIDE;parole dieu penetrante epee deux tranchants jusqua lesprit
Jean 5:24;SKN;62-0609E;48;VALIDE;verite celui entend parole croit envoye vie eternelle
Jean 14:0;SKN;62-0609E;51;VALIDE;chap->v.10: moi suis pere pere moi moi moi meme
Jean 14:12;SKN;62-0609E;49;VALIDE;verite celui croit moi fera lui fais parce
Marc 16:0;SKN;62-0609E;48;VALIDE;chap->v.16: celui cru baptise sera celui cru sera
Marc 16:0;SKN;62-0609E;49;VALIDE;chap->v.16: celui cru baptise sera celui cru sera
Proverbes 18:10;SKN;62-0609E;9;VALIDE;nom leternel forte tour juste trouve
1 Corinthiens 12:0;SKN;62-1014M;266;VALIDE;chap->v.15: parce corps qua cela nest corps
Actes 2:38;SKN;62-1014M;129;PARTIEL;commencé, pas achevé — jesus christ
Actes 7:0;SKN;62-1014M;52;VALIDE;chap->v.44: nos peres avaient tabernacle temoignage desert avait ordonne
actes 10:44;SKN;62-1014M;164;CORRIGE;annoncé Actes 10:49
Actes 19:11;SKN;62-1014M;151;PARTIEL;commencé, pas achevé — dieu
Actes 28:19;SKN;62-1014M;129;PARTIEL;commencé, pas achevé — quelque contre
Ephesiens 4:0;SKN;62-1014M;224;VALIDE;chap->v.11: lui donne uns apotres autres prophetes autres evangelistes
Esaie 28:19;SKN;62-1014M;215;VALIDE;quil apres jour sera
Hebreux 10:0;SKN;62-1014M;53;VALIDE;chap->v.5: cest pourquoi entrant monde nas voulu sacrifice mas
Hebreux 11:0;SKN;62-1014M;84;VALIDE;chap->v.6: foi impossible lui celui dieu dieu quil remunerateur
Hebreux 11:0;SKN;62-1014M;268;VALIDE;chap->v.35: femmes morts resurrection dautres furent tortures delivrance afin
Jacques 5:14;SKN;62-1014M;151;VALIDE;quelquun quil lui
Jean 3:0;SKN;62-1014M;78;VALIDE;chap->v.3: jesus lui dis quelquun nest nouveau voir royaume
Jean 3:16;SKN;62-1014M;151;EXACT;dieu monde quil lui [couverture 5/14]
Jean 5:14;SKN;62-1014M;151;PARTIEL;commencé, pas achevé — choses lui
Jean 14:7;SKN;62-1014M;108;PARTIEL;commencé, pas achevé — maintenant
Matthieu 5:48;SKN;62-1014M;222;EXACT;soyez parfaits pere celeste parfait [couverture 5/5]
Matthieu 5:48;SKN;62-1014M;223;EXACT;soyez parfaits pere celeste parfait [couverture 5/5]
Psaumes 1:0;SKN;62-1014M;139;VALIDE;chap->v.3: sera arbre plante pres quil
1 Corinthiens 12:0;SKN;62-1104M;153;VALIDE;chap->v.10: autre autre autre autre langues autre
1 Timothee 3:0;SKN;62-1104M;167;VALIDE;chap->v.13: ceux ont eux christ jesus
2 Pierre 1:0;SKN;62-1104M;61;VALIDE;chap->v.3: puissance donne vie piete connaissance vertu
2 Timothee 4:0;SKN;62-1104M;236;VALIDE;chap->v.3: temps supporteront sain ayant docteurs selon propres convoitises
Apocalypse 3:0;SKN;62-1104M;174;VALIDE;chap->v.17: parce dis suis suis nai
Apocalypse 16:0;SKN;62-1104M;173;VALIDE;chap->v.1: grande disant sept anges terre sept coupes
Apocalypse 17:0;SKN;62-1104M;178;VALIDE;chap->v.5: nom ecrit grande mere prostituees terre
Apocalypse 17:3;SKN;62-1104M;173;EXACT;esprit desert vis femme assise bete ecarlate pleine [couverture 5/14]
Apocalypse 17:3;SKN;62-1104M;175;EXACT;esprit desert vis femme assise bete ecarlate pleine [couverture 11/14]
Apocalypse 17:15;SKN;62-1104M;174;VALIDE;eaux prostituee assise
Ephesiens 1:5;SKN;62-1104M;134;VALIDE;predestines jesus christ bon
Ephesiens 4:30;SKN;62-1104M;150;EXACT;saint dieu lequel scelles jour redemption [couverture 6/9]
Hebreux 11:0;SKN;62-1104M;79;VALIDE;chap->v.6: foi lui dieu croie dieu ceux
Jean 3:16;SKN;62-1104M;157;VALIDE;dieu fils lui
Jean 14:0;SKN;62-1104M;157;VALIDE;chap->v.10: pere pere dis dis meme pere
1 Corinthiens 12:0;SKN;63-0728;180;VALIDE;chap->v.13: baptises esprit corps soit soit soit soit
Apocalypse 7:0;SKN;63-0728;228;VALIDE;chap->v.14: dis sais ceux grande ont ont
Apocalypse 17:0;SKN;63-0728;560;VALIDE;chap->v.5: avait nom grande terre
Esther 2:0;SKN;63-0728;637;VALIDE;chap->v.17: roi lui couronne tete
Hebreux 11:0;SKN;63-0728;626;VALIDE;chap->v.6: lui faut dieu dieu quil
Hebreux 13:8;SKN;63-0728;131;EXACT;christ meme hier aujourdhui eternellement [couverture 5/6]
Jean 5:0;SKN;63-0728;125;VALIDE;chap->v.36: moi grand celui jean uvres uvres fais
Jean 5:24;SKN;63-0728;24;EXACT;celui entend parole croit envoye vie vient jugement [couverture 10/14]
Jean 14:12;SKN;63-0728;125;EXACT;dis celui croit moi fera uvres fais [couverture 9/14]
Jean 14:12;SKN;63-0728;578;EXACT;dis celui croit moi fera lui uvres fais [couverture 10/14]
Malachie 3:0;SKN;63-0728;340;VALIDE;chap->v.1: jenvoie messager chemin devant moi seigneur
Malachie 3:0;SKN;63-0728;577;VALIDE;chap->v.1: voici jenvoie messager devant moi lalliance
Malachie 4:0;SKN;63-0728;330;VALIDE;chap->v.4: souvenez loi lui
Malachie 4:0;SKN;63-0728;574;VALIDE;chap->v.5: voici envoie elie prophete avant jour
Malachie 4:0;SKN;63-0728;577;VALIDE;chap->v.1: voici jour vient jour vient
Marc 16:0;SKN;63-0728;238;VALIDE;chap->v.17: accompagneront ceux auront cru demons langues
Marc 16:0;SKN;63-0728;536;VALIDE;chap->v.11: quil etait quil avait
Matthieu 11:25;SKN;63-0728;291;EXACT;temps jesus pere ciel terre parce cache sages [couverture 9/14]
Matthieu 16:15;SKN;63-0728;214;EXACT;dites suis [couverture 2/2]
Matthieu 24:0;SKN;63-0728;565;VALIDE;chap->v.21: grande telle quil jusqua maintenant quil
Psaumes 1:0;SKN;63-0728;427;VALIDE;chap->v.3: sera arbre plante pres rend fruit saison feuille
Psaumes 22:0;SKN;63-0728;113;VALIDE;chap->v.16: mont ont perce mes mains mes pieds
1 Corinthiens 12:0;SKN;63-0901M;217;VALIDE;chap->v.12: meme corps quil membres membres corps soient seul
1 Corinthiens 12:0;SKN;63-0901M;262;VALIDE;chap->v.13: avons baptises dun seul esprit seul corps soit
Actes 16:31;SKN;63-0901M;366;EXACT;crois seigneur jesus sauve toi [couverture 5/8]
Actes 19:0;SKN;63-0901M;103;VALIDE;chap->v.2: avez recu saint apres cru lui navons entendu
Ephesiens 2:12;SKN;63-0901M;376;PARTIEL;commencé, pas achevé — temps dieu
Ephesiens 4:30;SKN;63-0901M;400;EXACT;nattristez saint esprit dieu lequel avez scelles jour [couverture 9/9]
Genese 4:10;SKN;63-0901M;355;VALIDE;sang frere crie terre
Genese 4:10;SKN;63-0901M;357;VALIDE;sang frere crie terre
Genese 9:0;SKN;63-0901M;322;VALIDE;chap->v.17: dieu cest signe lalliance moi chair
Hebreux 9:11-14;SKN;63-0901M;376;VALIDE;venu grand main cest
Hebreux 10:12;SKN;63-0901M;357;VALIDE;celui seul dieu
Hebreux 11:0;SKN;63-0901M;88;VALIDE;chap->v.16: maintenant cest cest dieu deux dieu
Hebreux 12:24;SKN;63-0901M;357;VALIDE;jesus sang parle mieux
Hebreux 13:0;SKN;63-0901M;322;VALIDE;chap->v.20: dieu grand sang lalliance eternelle jesus
Hebreux 13:8;SKN;63-0901M;387;EXACT;jesus christ meme hier aujourdhui eternellement [couverture 6/6]
Hebreux 13:8;SKN;63-0901M;432;EXACT;jesus christ meme hier aujourdhui eternellement [couverture 5/6]
Hebreux 13:10;SKN;63-0901M;322;PARTIEL;commencé, pas achevé — avons ceux
Hebreux 13:10;SKN;63-0901M;324;PARTIEL;commencé, pas achevé — avons
Jean 14:12;SKN;63-0901M;328;EXACT;celui croit moi fera fais [couverture 7/14]
Romains 8:1;SKN;63-0901M;330;EXACT;maintenant aucune condamnation ceux jesus [couverture 5/6]
1 Corinthiens 12:0;SKN;63-1128E;177;VALIDE;chap->v.15: parce suis main suis corps qua cela corps
Actes 16:31;SKN;63-1128E;169;EXACT;crois seigneur jesus seras sauve toi maison [couverture 7/8]
Ephesiens 2:12;SKN;63-1128E;172;VALIDE;christ promesse dieu monde
Ephesiens 4:30;SKN;63-1128E;54;VALIDE;saint esprit dieu jour redemption
Ephesiens 4:30;SKN;63-1128E;176;EXACT;nattristez saint dieu lequel avez scelles jour redemption [couverture 8/9]
Esaie 9:6;SKN;63-1128E;26;PARTIEL;commencé, pas achevé — fils dieu
Esaie 28:19;SKN;63-1128E;26;PARTIEL;commencé, pas achevé — jour
Esaie 35:0;SKN;63-1128E;26;VALIDE;chap->v.4: ont dieu vient dieu
Genese 4:1;SKN;63-1128E;166;PARTIEL;commencé, pas achevé — cain
Hebreux 9:11;SKN;63-1128E;172;VALIDE;christ main cest
Hebreux 13:8;SKN;63-1128E;175;EXACT;jesus christ meme hier aujourdhui eternellement [couverture 6/6]
Hebreux 13:10;SKN;63-1128E;149;PARTIEL;commencé, pas achevé — ceux
Jean 5:24;SKN;63-1128E;189;EXACT;dis celui parole croit envoye vie eternelle vient [couverture 11/14]
1 Corinthiens 12:0;SKN;64-0208;138;VALIDE;chap->v.15: parce suis main suis corps qua cela corps
Actes 16:31;SKN;64-0208;128;VALIDE;seigneur jesus sauve maison
Ephesiens 4:30;SKN;64-0208;138;EXACT;saint dieu lequel avez scelles jour redemption [couverture 7/9]
Exode 12:12;SKN;64-0208;2;EXACT;passerai pays nuit frapperai premier depuis jugements dieux [couverture 8/14]
Genese 4:10;SKN;64-0208;127;VALIDE;voix sang crie
Hebreux 1:0;SKN;64-0208;111;VALIDE;chap->v.1: dieu autrefois plusieurs plusieurs manieres parle peres prophetes
Hebreux 9:11-14;SKN;64-0208;136;VALIDE;christ etant main
Hebreux 12:24;SKN;64-0208;127;VALIDE;jesus sang parle mieux
Hebreux 13:0;SKN;64-0208;106;VALIDE;chap->v.20: dieu morts puissance sang jesus
Hebreux 13:8;SKN;64-0208;137;PARTIEL;commencé, pas achevé — christ meme
Jean 14:12;SKN;64-0208;160;EXACT;dis celui croit moi fera fais grandes parce [couverture 9/14]
Malachie 4:0;SKN;64-0208;187;VALIDE;chap->v.6: fera peres peres
1 Corinthiens 12:0;SKN;64-0614M;242;VALIDE;chap->v.13: avons seul seul soit soit soit soit
1 Corinthiens 12:0;SKN;64-0614M;287;VALIDE;chap->v.10: autre autre autre autre autre
1 Timothee 3:16;SKN;64-0614M;79;EXACT;contredit mystere piete grand dieu chair parmi [couverture 7/14]
2 Corinthiens 3:0;SKN;64-0614M;16;VALIDE;chap->v.14: ont jusqua aujourdhui meme prend
Apocalypse 10:0;SKN;64-0614M;336;VALIDE;chap->v.7: jours septieme ange sera mystere dieu sera
Apocalypse 10:0;SKN;64-0614M;341;VALIDE;chap->v.4: sept parle ciel disant scelle sept
Apocalypse 10:0;SKN;64-0614M;342;VALIDE;chap->v.4: sept parle ciel disant scelle choses sept
Apocalypse 19:0;SKN;64-0614M;342;VALIDE;chap->v.11: ciel cheval blanc celui appele
Apocalypse 22:0;SKN;64-0614M;62;VALIDE;chap->v.18: quiconque quelquun ajoute dieu lui ajoutera
Exode 19:0;SKN;64-0614M;129;VALIDE;chap->v.7: moise peuple devant eux lui avait
Genese 1:0;SKN;64-0614M;62;VALIDE;chap->v.25: dieu selon selon selon dieu
Genese 1:0;SKN;64-0614M;75;VALIDE;chap->v.25: dieu terre selon selon selon dieu
Hebreux 1:0;SKN;64-0614M;286;VALIDE;chap->v.1: dieu plusieurs reprises plusieurs parle peres prophetes
Hebreux 13:8;SKN;64-0614M;88;EXACT;jesus meme hier aujourdhui eternellement [couverture 5/6]
Hebreux 13:8;SKN;64-0614M;322;PARTIEL;commencé, pas achevé — jesus meme
Hebreux 13:8;SKN;64-0614M;346;VALIDE;meme hier aujourdhui eternellement
Jean 1:0;SKN;64-0614M;83;VALIDE;chap->v.1: commencement etait parole parole etait dieu parole etait
Jean 12:20;SKN;64-0614M;94;VALIDE;grecs dentre etaient
Jean 14:12;SKN;64-0614M;302;EXACT;verite celui moi lui fais [couverture 7/14]
Joel 2:28;SKN;64-0614M;74;VALIDE;apres repandrai esprit fils
Luc 17:28;SKN;64-0614M;322;PARTIEL;commencé, pas achevé — meme
Luc 17:28-29;SKN;64-0614M;302;VALIDE;meme jours jour
Malachie 4:0;SKN;64-0614M;73;VALIDE;chap->v.6: fera fils fils frappe
Malachie 4:0;SKN;64-0614M;302;VALIDE;chap->v.5: voici envoie elie prophete avant jour
Malachie 4:0;SKN;64-0614M;322;VALIDE;chap->v.5: prophete avant grand
Marc 16:0;SKN;64-0614M;181;VALIDE;chap->v.4: regarde voient etait etait
Matthieu 24:24;SKN;64-0614M;169;EXACT;faux signes prodiges possible meme elus [couverture 7/14]
Matthieu 28:0;SKN;64-0614M;302;VALIDE;chap->v.1: jour jour lautre voir
Philippiens 2:0;SKN;64-0614M;19;VALIDE;chap->v.2: rendez joie ayez meme pensee ayant meme amour
1 Corinthiens 12:13;SKN;59-1217;156;VALIDE;avons baptises seul esprit corps
1 Timothee 3:16;SKN;59-1217;20;EXACT;contredit mystere piete grand dieu manifeste chair parmi [couverture 8/14]
Actes 4:0;SKN;59-1217;169;VALIDE;chap->v.30: main quil fasse prodiges nom saint serviteur jesus
Actes 18:0;SKN;59-1217;61;VALIDE;chap->v.10: parce suis toi personne toi parce jai grand
Actes 19:0;SKN;59-1217;61;VALIDE;chap->v.2: avez recu lesprit saint apres cru lui entendu
Ephesiens 4:30;SKN;59-1217;63;VALIDE;nattristez saint dieu lequel avez scelles jour redemption
Jean 1:0;SKN;59-1217;54;VALIDE;chap->v.1: commencement etait parole parole etait dieu parole etait
Jean 12:24;SKN;59-1217;150;EXACT;dis grain ble terre sil meurt [couverture 6/14]
Jean 14:0;SKN;59-1217;19;VALIDE;chap->v.10: moi pere pere moi moi dis dis moi
Jean 14:0;SKN;59-1217;21;VALIDE;chap->v.10: moi suis pere pere moi moi dis dis
Jean 14:12;SKN;59-1217;53;EXACT;verite dis celui croit moi lui vais [couverture 8/14]
Jean 14:12;SKN;59-1217;60;EXACT;verite dis celui croit moi lui fais vais [couverture 8/14]
Jean 14:12;SKN;59-1217;65;VALIDE;verite dis celui croit moi fera lui fais
Jean 14:12;SKN;59-1217;78;EXACT;dis moi lui fais parce [couverture 5/14]
Jean 14:14;SKN;59-1217;14;VALIDE;demandez quelque chose nom moi ferai
Jean 17:17;SKN;59-1217;54;EXACT;sanctifie verite parole [couverture 4/4]
Matthieu 10:0;SKN;59-1217;55;VALIDE;chap->v.37: celui pere moi nest moi celui fils moi
1 Corinthiens 13:0;SKN;54-0829A;4;VALIDE;chap->v.2: jai prophetie mysteres connaissance foi montagnes lamour suis
Joel 1:0;SKN;54-0829A;11;VALIDE;chap->v.2: ecoutez ceci vieillards pretez loreille habitants pays ceci
Matthieu 16:0;SKN;54-0829A;30;VALIDE;chap->v.17: jesus lui simon chair sang tont revele cela
1 Corinthiens 13:0;SKN;54-1205;14;VALIDE;chap->v.3: mes biens corps afin brule lamour cela rien
Hebreux 13:8;SKN;54-1205;1;EXACT;jesus meme hier aujourdhui eternellement [couverture 5/6]
Jean 5:0;SKN;54-1205;13;VALIDE;chap->v.19: jesus verite verite dis fils rien lui meme
1 Corinthiens 13:0;SKN;56-0406;61;VALIDE;chap->v.13: maintenant choses foi lamour choses cest lamour
Actes 2:0;SKN;56-0406;33;VALIDE;chap->v.36: certainement dieu seigneur christ jesus avez crucifie
Hebreux 13:8;SKN;56-0406;59;VALIDE;jesus christ meme hier aujourdhui eternellement
Jacques 5:15;SKN;56-0406;83;VALIDE;priere sil lui
Jean 4:0;SKN;56-0406;68;VALIDE;chap->v.10: jesus lui connaissais don dieu celui donne moi
Jean 5:19;SKN;56-0406;60;EXACT;jesus verite dis fils rien lui meme quil [couverture 8/14]
Jean 14:12;SKN;56-0406;49;EXACT;verite dis celui croit moi fera fais grandes [couverture 5/14]
Matthieu 8:0;SKN;56-0406;16;VALIDE;chap->v.17: esaie prophete lui pris nos porte nos
1 Corinthiens 13:0;SKN;57-0309B;13;VALIDE;chap->v.2: prophetie mysteres connaissance foi suis rien
Joel 2:25;SKN;57-0309B;7;VALIDE;qua sauterelle grande
actes 2:38;SKN;57-0309B;11;CORRIGE;annoncé Joel 2:38
1 Corinthiens 13:0;SKN;57-0915E;193;VALIDE;chap->v.2: mysteres connaissance foi montagnes suis rien
Esther 2:0;SKN;57-0915E;194;VALIDE;chap->v.5: homme fils fils fils
Hebreux 13:12;SKN;57-0915E;181;EXACT;pourquoi jesus afin sanctifie peuple propre sang souffert [couverture 10/12]
Jeremie 1:4;SKN;57-0915E;128;PARTIEL;commencé, pas achevé — vint moi
Matthieu 26:26;SKN;57-0915E;65;EXACT;mangeaient jesus pain beni rompit donna disciples prenez [couverture 11/14]
Romains 5:1;SKN;57-0915E;181;EXACT;justifies foi avons paix dieu seigneur jesus [couverture 7/10]
1 Corinthiens 13:0;SKN;59-0301M;91;VALIDE;chap->v.1: parle langues hommes anges lamour suis
Deuteronome 14:2;SKN;59-0301M;95;PARTIEL;commencé, pas achevé — dieu
1 Corinthiens 13:0;SKN;61-0217;45;VALIDE;chap->v.13: maintenant trois choses foi lamour choses cest lamour
1 Jean 5:7;SKN;61-0217;58;VALIDE;trois rendent temoignage
Actes 19:0;SKN;61-0217;55;VALIDE;chap->v.4: paul jean baptise bapteme peuple quils venait apres
Apocalypse 7:0;SKN;61-0217;42;VALIDE;chap->v.1: apres cela vis quatre anges debout quatre coins
Apocalypse 14:6;SKN;61-0217;41;VALIDE;vis autre ange milieu levangile eternel ceux terre
Apocalypse 17:0;SKN;61-0217;60;VALIDE;chap->v.6: femme sang sang temoins jesus dun
Ephesiens 1:13;SKN;61-0217;55;VALIDE;avez parole verite levangile cru scelles saint promesse
Ephesiens 4:30;SKN;61-0217;55;VALIDE;nattristez saint dieu lequel avez scelles jour redemption
Esaie 28:8-12;SKN;61-0217;62;PARTIEL;commencé, pas achevé — quil annonce
Exode 19:0;SKN;61-0217;47;VALIDE;chap->v.20: montagne montagne moise montagne moise monta
Exode 21:6;SKN;61-0217;72;VALIDE;alors maitre venir devant lui loreille poincon
Ezechiel 9:0;SKN;61-0217;42;VALIDE;chap->v.4: lui passe milieu milieu jerusalem marque
Galates 1:8;SKN;61-0217;55;EXACT;memes ange venu ciel quil soit anatheme [couverture 5/11]
Genese 4:15;SKN;61-0217;15;VALIDE;lui cest pourquoi cain fois signe
Genese 14:0;SKN;61-0217;15;VALIDE;chap->v.24: seulement gens part moi eux
Hebreux 4:0;SKN;61-0217;62;VALIDE;chap->v.7: fois jour david longtemps apres aujourdhui aujourdhui entendez
Jean 5:24;SKN;61-0217;17;VALIDE;verite dis celui parole croit envoye vie eternelle
Jean 17:17;SKN;61-0217;63;PARTIEL;commencé, pas achevé — sanctifie verite
1 Corinthiens 13:0;SKN;65-1127B;247;VALIDE;chap->v.1: parle langues hommes anges suis
Amos 3:7;SKN;65-1127B;210;VALIDE;seigneur fera rien revele prophetes
Apocalypse 1:0;SKN;65-1127B;44;VALIDE;chap->v.20: sept sept sept sept sept
Apocalypse 10:0;SKN;65-1127B;301;VALIDE;chap->v.6: jura celui vit siecles siecles ciel choses terre
Apocalypse 10:0;SKN;65-1127B;322;VALIDE;chap->v.9: men allai lui livre prends
Deuteronome 4:0;SKN;65-1127B;322;VALIDE;chap->v.10: jour devant dieu moi mes
Deuteronome 4:4;SKN;65-1127B;322;PARTIEL;commencé, pas achevé — dieu
Jean 15:0;SKN;65-1127B;19;VALIDE;chap->v.2: sarment porte fruit sarment porte fruit porte fruit
Joel 2:28;SKN;65-1127B;217;VALIDE;cela esprit vos fils
Luc 17:30;SKN;65-1127B;212;VALIDE;meme jour fils
Malachie 3:0;SKN;65-1127B;211;VALIDE;chap->v.1: messager devant moi seigneur viendra
Malachie 4:0;SKN;65-1127B;210;VALIDE;chap->v.5: elie prophete avant vienne grand jour
Malachie 4:0;SKN;65-1127B;301;VALIDE;chap->v.5: envoie vienne jour
Malachie 4:0;SKN;65-1127B;322;VALIDE;chap->v.4: moise lui israel
Marc 7:7;SKN;65-1127B;104;PARTIEL;commencé, pas achevé — vain commandements
Matthieu 11:0;SKN;65-1127B;211;VALIDE;chap->v.27: mont pere fils pere pere fils
Psaumes 22:0;SKN;65-1127B;315;VALIDE;chap->v.16: ont perce mes mains mes pieds
Romains 8:0;SKN;65-1127B;139;VALIDE;chap->v.17: dieu christ lui afin lui
1 corinthiens 13:13;SKN;61-0723E;40;CORRIGE;annoncé 1 Corinthiens 13:14
1 Pierre 3:0;SKN;61-0723E;53;VALIDE;chap->v.18: christ souffert fois peches juste injustes afin quil
1 Pierre 3:18;SKN;61-0723E;52;EXACT;christ souffert fois peches juste injustes afin quil [couverture 13/14]
Actes 2:0;SKN;61-0723E;54;VALIDE;chap->v.30: prophete dieu lui avait serment quil asseoir quelquun
Actes 2:38;SKN;61-0723E;37;EXACT;soit baptise nom jesus don saint esprit [couverture 7/14]
Ezechiel 38:0;SKN;61-0723E;101;VALIDE;chap->v.14: cest dis gog ainsi seigneur leternel israel
Ezechiel 38:0;SKN;61-0723E;102;VALIDE;chap->v.14: cest dis gog ainsi seigneur leternel israel
Hebreux 6:0;SKN;61-0723E;85;VALIDE;chap->v.8: epines chardons reprouvee pres fin detre
Hebreux 6:0;SKN;61-0723E;86;VALIDE;chap->v.8: epines chardons reprouvee pres fin detre
Jean 5:24;SKN;61-0723E;58;EXACT;celui parole croit envoye vie eternelle vient jugement [couverture 10/14]
Matthieu 24:0;SKN;61-0723E;108;VALIDE;chap->v.15: verrez labomination desolation parle daniel prophete etablie lieu
Matthieu 28:19;SKN;61-0723E;37;EXACT;faites nom pere fils saint esprit [couverture 6/10]
Matthieu 28:19;SKN;61-0723E;40;EXACT;nom pere fils saint esprit [couverture 5/10]
Psaumes 106:0;SKN;61-0723E;158;VALIDE;chap->v.7: nos peres egypte attentifs tes multitude tes rebelles
1 Corinthiens 15:0;SKN;52-0713A;34;VALIDE;chap->v.3: avant choses jai recu christ mort nos selon
Actes 19:0;SKN;52-0713A;7;VALIDE;chap->v.2: avez recu lesprit saint apres cru lui meme
1 Corinthiens 15:0;SKN;52-0726;29;VALIDE;chap->v.28: choses lui alors fils lui meme sera celui
Actes 2:22;SKN;52-0726;64;EXACT;hommes israelites ecoutez paroles jesus homme dieu miracles [couverture 8/14]
Hebreux 13:8;SKN;52-0726;64;EXACT;jesus meme hier aujourdhui eternellement [couverture 5/6]
Jean 5:19;SKN;52-0726;39;EXACT;jesus verite dis fils rien lui meme quil [couverture 6/14]
1 Corinthiens 15:0;SKN;60-0417M;165;VALIDE;chap->v.9: suis suis digne dieu
Jean 14:12;SKN;60-0417M;51;VALIDE;dis celui croit moi fera lui uvres fais
Marc 11:23;SKN;60-0417M;222;VALIDE;dis dira toi
Marc 16:0;SKN;60-0417M;34;VALIDE;chap->v.9: etant ressuscite matin premier jour semaine apparut marie
1 Corinthiens 15:29;SKN;54-0515;317;EXACT;autrement ceux baptises morts ressuscitent absolument pourquoi eux [couverture 10/11]
Actes 1:0;SKN;54-0515;101;VALIDE;chap->v.2: jour ciel apres lesprit saint avait
Actes 1:8;SKN;54-0515;90;EXACT;puissance saint esprit serez mes temoins jerusalem judee [couverture 11/14]
Actes 2:0;SKN;54-0515;102;VALIDE;chap->v.4: furent remplis lesprit saint parler dautres langues selon
Actes 2:38;SKN;54-0515;183;EXACT;pierre baptise nom jesus don saint [couverture 6/14]
Actes 2:38;SKN;54-0515;218;EXACT;pierre soit baptise nom jesus saint [couverture 6/14]
Actes 2:38;SKN;54-0515;219;EXACT;pierre soit baptise nom jesus saint [couverture 6/14]
Actes 7:48;SKN;54-0515;218;PARTIEL;commencé, pas achevé — main
actes 10:44;SKN;54-0515;112;CORRIGE;annoncé Actes 10:49
actes 10:48;SKN;54-0515;218;CORRIGE;annoncé Actes 10:49
Actes 19:5;SKN;54-0515;218;EXACT;choses furent baptises nom seigneur jesus [couverture 6/8]
Apocalypse 7:0;SKN;54-0515;153;VALIDE;chap->v.14: lui dis ceux viennent grande tribulation ont lave
Ephesiens 1:13;SKN;54-0515;84;VALIDE;avez scelles saint
Ephesiens 4:30;SKN;54-0515;84;VALIDE;nattristez saint dieu lequel avez scelles jour redemption
Galates 1:8;SKN;54-0515;353;EXACT;ange ciel quil soit anatheme [couverture 5/11]
Galates 1:9;SKN;54-0515;353;EXACT;deja maintenant dis avez recu quil soit anatheme [couverture 8/12]
Genese 2:0;SKN;54-0515;281;VALIDE;chap->v.7: dieu forma lhomme poussiere sol vie lhomme devint
Hebreux 13:12;SKN;54-0515;89;EXACT;cest jesus afin quil sanctifie peuple propre sang [couverture 11/12]
Luc 24:49;SKN;54-0515;90;EXACT;voici moi pere ville jusqua soyez revetus puissance [couverture 9/13]
Matthieu 28:0;SKN;54-0515;277;VALIDE;chap->v.19: allez nom pere fils saint
Matthieu 28:19;SKN;54-0515;169;VALIDE;disciples nom pere fils saint
Matthieu 28:19;SKN;54-0515;176;EXACT;faites nom pere fils saint [couverture 5/10]
Matthieu 28:19;SKN;54-0515;181;EXACT;allez faites disciples nations baptisant nom pere fils [couverture 9/10]
Matthieu 28:19;SKN;54-0515;198;EXACT;allez faites disciples nations baptisant nom pere fils [couverture 9/10]
Romains 5:1;SKN;54-0515;88;EXACT;justifies foi avons paix dieu seigneur jesus [couverture 7/10]
1 Jean 1:0;SKN;60-0709;24;VALIDE;chap->v.7: marchons lumiere lui meme lumiere avons communion autres
1 Jean 1:7;SKN;60-0709;24;VALIDE;marchons lumiere lui meme avons communion autres sang
Ephesiens 4:30;SKN;60-0709;101;VALIDE;nattristez saint dieu lequel avez jour redemption
Ephesiens 6:0;SKN;60-0709;46;VALIDE;chap->v.8: soit soit homme quelque quil seigneur
Genese 1:0;SKN;60-0709;26;VALIDE;chap->v.31: dieu quil avait voici cela etait bon soir
Hebreux 13:12;SKN;60-0709;52;VALIDE;cest jesus afin quil sanctifie peuple propre sang
Jean 4:0;SKN;60-0709;41;VALIDE;chap->v.10: jesus lui don dieu celui donne moi lui
Jean 5:24;SKN;60-0709;79;VALIDE;dis celui parole croit envoye vie eternelle passe
Nombres 19:0;SKN;60-0709;24;VALIDE;chap->v.20: lhomme sera sera purifie ame sera leternel
Nombres 19:0;SKN;60-0709;33;VALIDE;chap->v.4: eleazar sacrificateur sang doigt sang sept fois
Romains 5:1;SKN;60-0709;67;EXACT;justifies foi avons paix dieu seigneur jesus [couverture 6/10]
1 Jean 1:8-10;SKN;59-1223;139;VALIDE;disons peche seduisons verite confessons nos peches fidele
1 Jean 1:8-10;SKN;59-1223;140;VALIDE;disons peche seduisons verite confessons nos peches fidele
Actes 2:0;SKN;59-1223;168;VALIDE;chap->v.33: dieu recu saint repandu voyez
Apocalypse 22:0;SKN;59-1223;44;VALIDE;chap->v.16: moi jesus choses moi racine
Deuteronome 1:0;SKN;59-1223;175;VALIDE;chap->v.19: sommes avons desert avez dieu
Ephesiens 1:0;SKN;59-1223;117;VALIDE;chap->v.3: beni soit dieu pere seigneur jesus christ benis
Ephesiens 4:30;SKN;59-1223;171;EXACT;saint dieu lequel avez scelles jour redemption [couverture 7/9]
Hebreux 4:0;SKN;59-1223;173;VALIDE;chap->v.2: meme ceux parole foi ceux
Hebreux 6:0;SKN;59-1223;173;VALIDE;chap->v.4: impossible ceux ont fois eclaires ont goute don
Hebreux 6:4;SKN;59-1223;2;PARTIEL;commencé, pas achevé — don saint
Hebreux 10:26;SKN;59-1223;2;PARTIEL;commencé, pas achevé — connaissance
Ephesiens 4:30;SKN;59-1223;173;CORRIGE;annoncé Hebreux 10:26
Jean 5:24;SKN;59-1223;51;EXACT;celui entend parole croit envoye vie eternelle vient [couverture 5/14]
Jean 6:0;SKN;59-1223;51;VALIDE;chap->v.35: jesus moi suis vie celui vient moi jamais
Jeremie 1:4;SKN;59-1223;115;PARTIEL;commencé, pas achevé — moi
Romains 7:0;SKN;59-1223;92;VALIDE;chap->v.25: graces dieu jesus seigneur ainsi moi loi dieu
Romains 7:22;SKN;59-1223;92;PARTIEL;commencé, pas achevé — loi dieu
Romains 7:25;SKN;59-1223;2;VALIDE;dieu seigneur ainsi peche
1 Jean 2:15;SKN;65-1125;130;EXACT;monde choses aime [couverture 5/11]
Actes 2:38;SKN;65-1125;98;VALIDE;chacun don saint
Actes 2:38;SKN;65-1125;99;VALIDE;christ don saint
Actes 2:38;SKN;65-1125;131;VALIDE;pierre baptise nom christ saint
Apocalypse 3:0;SKN;65-1125;59;VALIDE;chap->v.5: celui celui sera vie
Apocalypse 10:0;SKN;65-1125;231;VALIDE;chap->v.7: jours septieme ange sera mystere dieu sera termine
Apocalypse 17:0;SKN;65-1125;114;VALIDE;chap->v.1: sept sept viens ici
Genese 4:16;SKN;65-1125;107;VALIDE;cain habita nod
Jean 14:12;SKN;65-1125;154;VALIDE;dis celui fera
joel 2:26;SKN;65-1125;154;CORRIGE;annoncé Joel 2:38
Luc 17:30;SKN;65-1125;154;VALIDE;sera jour manifeste
Luc 17:30;SKN;65-1125;225;VALIDE;meme jour fils manifeste
Luc 23:27;SKN;65-1125;91;VALIDE;grande multitude peuple femmes frappaient poitrine
Malachie 4:0;SKN;65-1125;180;VALIDE;chap->v.1: voici jour jour
Malachie 4:0;SKN;65-1125;236;VALIDE;chap->v.3: vos jour ferai
Marc 16:0;SKN;65-1125;85;VALIDE;chap->v.17: ici signes ceux auront cru
Matthieu 24:24;SKN;65-1125;142;PARTIEL;commencé, pas achevé — possible elus
Romains 5:1;SKN;65-1125;170;VALIDE;justifies foi dieu
Romains 7:0;SKN;65-1125;21;VALIDE;chap->v.3: ainsi mari etant vivant sera appelee adultere autre
Romains 7:0;SKN;65-1125;33;VALIDE;chap->v.2: femme mari mari loi tant vit mari loi
Romains 7:0;SKN;65-1125;117;VALIDE;chap->v.25: dieu jesus christ ainsi meme dieu chair
1 Jean 3:0;SKN;59-0810;4;VALIDE;chap->v.1: voyez quel don appeles dieu cest monde parce
Jean 14:0;SKN;59-0810;42;VALIDE;chap->v.10: moi pere pere moi moi dis dis moi
1 Jean 3:21;SKN;59-0706;35;VALIDE;condamne avons lassurance dieu
Psaumes 119:0;SKN;59-0706;7;VALIDE;chap->v.59: jai pense mes voies jai tourne mes pieds
1 Jean 3:21;SKN;63-0825E;66;VALIDE;condamne avons lassurance dieu
Actes 2:0;SKN;63-0825E;154;VALIDE;chap->v.17: arrivera derniers jours dieu esprit
Jacques 5:14;SKN;63-0825E;106;VALIDE;quil lui seigneur
Jean 3:21;SKN;63-0825E;65;PARTIEL;commencé, pas achevé — faites dieu
Jean 14:12;SKN;63-0825E;153;VALIDE;dis lui grandes parce
Jean 15:0;SKN;63-0825E;76;VALIDE;chap->v.4: demeurez moi moi lui meme quil demeure meme
Marc 11:23;SKN;63-0825E;153;VALIDE;dis toi quil aura
Marc 16:0;SKN;63-0825E;106;VALIDE;chap->v.20: eux seigneur eux parole
Marc 16:0;SKN;63-0825E;153;VALIDE;chap->v.16: aura aura sera sauve sera
1 Jean 4:0;SKN;50-0714;26;VALIDE;chap->v.6: dieu dieu nest dieu cela verite
1 Jean 4:0;SKN;57-0908E;358;VALIDE;chap->v.15: jesus dieu dieu lui lui dieu
Ephesiens 4:0;SKN;57-0908E;380;VALIDE;chap->v.30: saint esprit dieu lequel avez scelles jour redemption
Ephesiens 4:30;SKN;57-0908E;380;EXACT;saint esprit dieu lequel avez scelles jour redemption [couverture 8/9]
Galates 3:16;SKN;57-0908E;416;EXACT;abraham promesses ont faites plusieurs seul christ [couverture 7/14]
Hebreux 10:0;SKN;57-0908E;379;VALIDE;chap->v.1: loi ayant meme choses
Jean 4:0;SKN;57-0908E;358;VALIDE;chap->v.10: jesus lui dieu lui
Matthieu 3:0;SKN;57-0908E;440;VALIDE;chap->v.16: jesus voici cieux lui furent ouverts vit dieu
Matthieu 3:0;SKN;57-0908E;442;VALIDE;chap->v.16: jesus baptise aussitot voici cieux lui furent ouverts
Matthieu 3:0;SKN;57-0908E;443;VALIDE;chap->v.16: jesus baptise aussitot voici cieux lui furent ouverts
Matthieu 5:45;SKN;57-0908E;351;EXACT;soyez fils pere cieux lever soleil mechants bons [couverture 11/13]
1 Jean 4:3;SKN;55-0311;21;VALIDE;esprit confesse jesus christ venu chair dieu
Matthieu 11:0;SKN;55-0311;22;VALIDE;chap->v.23: toi ciel seras jusque miracles milieu toi
Matthieu 24:0;SKN;55-0311;24;VALIDE;chap->v.2: lui voyez choses verite dis sera soit bas
actes 10:44;SKN;65-0801M;199;CORRIGE;annoncé Actes 10:49
Apocalypse 3:14;SKN;65-0801M;46;PARTIEL;commencé, pas achevé — laodicee dieu
Apocalypse 13:4;SKN;65-0801M;82;EXACT;parce avait donne bete [couverture 5/14]
Apocalypse 13:6;SKN;65-0801M;124;VALIDE;dieu nom ceux
Apocalypse 18:0;SKN;65-0801M;45;VALIDE;chap->v.3: nations ont vin fureur fornication rois terre ont
Apocalypse 18:1;SKN;65-0801M;45;EXACT;apres choses vis autre ange ciel grand terre [couverture 10/14]
Ephesiens 2:0;SKN;65-0801M;62;VALIDE;chap->v.2: lesquels autrefois selon train monde selon maintenant
Ephesiens 2:1;SKN;65-0801M;62;EXACT;lorsque etiez morts vos peches [couverture 5/7]
Ephesiens 4:30;SKN;65-0801M;168;VALIDE;saint esprit dieu avez jour
Esaie 14:0;SKN;65-0801M;77;VALIDE;chap->v.13: toi monterai trone etoiles dieu montagne
Esaie 14:12;SKN;65-0801M;77;VALIDE;tombe fils terre toi nations
Galates 1:1-4;SKN;65-0801M;27;EXACT;paul apotre part hommes jesus christ dieu pere [couverture 9/12]
Hebreux 7:0;SKN;65-0801M;64;VALIDE;chap->v.4: combien grand etait celui abraham dime butin patriarche
Hebreux 13:8;SKN;65-0801M;161;VALIDE;jesus christ meme hier
Jean 1:0;SKN;65-0801M;71;VALIDE;chap->v.1: etait parole parole etait dieu parole etait dieu
Jean 1:0;SKN;65-0801M;88;VALIDE;chap->v.1: commencement etait parole parole etait dieu parole etait
Jean 3:10;SKN;65-0801M;135;PARTIEL;commencé, pas achevé — connais
Jean 14:12;SKN;65-0801M;104;PARTIEL;commencé, pas achevé — moi fera
Luc 17:30;SKN;65-0801M;104;VALIDE;meme jour fils manifeste
Malachie 4:0;SKN;65-0801M;36;VALIDE;chap->v.5: prophete grand jour
Malachie 4:0;SKN;65-0801M;104;VALIDE;chap->v.2: nom levera soleil guerison
Malachie 4:0;SKN;65-0801M;174;VALIDE;chap->v.1: voici jour vient jour vient
Matthieu 24:0;SKN;65-0801M;34;VALIDE;chap->v.24: faux faux prophetes signes prodiges seduire possible meme
Matthieu 27:15-23;SKN;65-0801M;71;VALIDE;avait alors barabbas
Proverbes 3:5;SKN;65-0801M;131;PARTIEL;commencé, pas achevé — confie intelligence
1 Jean 5:0;SKN;59-0628E;189;VALIDE;chap->v.16: voit frere peche soit mort lui lui donnera
1 Jean 5:16;SKN;59-0628E;189;EXACT;voit frere peche soit mort lui donnera vie [couverture 8/14]
1 Jean 5:18;SKN;59-0628E;183;EXACT;savons quiconque dieu peche lui [couverture 6/11]
Actes 19:0;SKN;59-0628E;45;VALIDE;chap->v.2: avez recu saint cru lui saint
Actes 19:0;SKN;59-0628E;146;VALIDE;chap->v.2: avez recu saint cru lui meme entendu saint
Apocalypse 12:0;SKN;59-0628E;75;VALIDE;chap->v.12: pourquoi rejouissez cieux terre diable descendu
Apocalypse 13:8;SKN;59-0628E;165;EXACT;ceux terre nom ecrit fondation monde livre vie [couverture 9/14]
Apocalypse 13:8;SKN;59-0628E;166;EXACT;ceux terre nom ecrit fondation monde livre vie [couverture 9/14]
Ephesiens 1:4-5;SKN;59-0628E;165;EXACT;selon elus lui avant fondation monde soyons saints [couverture 11/13]
Ephesiens 4:30;SKN;59-0628E;123;EXACT;saint esprit dieu lequel avez scelles jour redemption [couverture 8/9]
Esaie 14:12;SKN;59-0628E;66;VALIDE;tombe astre brillant fils abattu terre toi nations
Ezechiel 28:12;SKN;59-0628E;74;VALIDE;lui ainsi seigneur
Ezechiel 28:12;SKN;59-0628E;85;EXACT;fils complainte roi tyr lui ainsi seigneur etais [couverture 8/14]
Galates 1:8;SKN;59-0628E;157;VALIDE;ange ciel soit anatheme
Genese 3:8;SKN;59-0628E;174;PARTIEL;commencé, pas achevé — dieu femme
Genese 4:0;SKN;59-0628E;173;VALIDE;chap->v.1: connut eve femme concut enfanta cain homme
Hebreux 10:0;SKN;59-0628E;137;VALIDE;chap->v.12: celui seul sacrifice peches dieu
Jean 3:0;SKN;59-0628E;129;VALIDE;chap->v.13: monte ciel ciel ciel
Jean 5:0;SKN;59-0628E;47;VALIDE;chap->v.24: verite verite dis celui parole croit celui envoye
Jean 17:17;SKN;59-0628E;44;PARTIEL;commencé, pas achevé — verite parole
Luc 10:18;SKN;59-0628E;68;EXACT;voyais satan tombant ciel eclair [couverture 5/5]
Marc 16:0;SKN;59-0628E;92;VALIDE;chap->v.17: ici signes accompagneront ceux auront cru nom chasseront
Matthieu 1:18;SKN;59-0628E;150;EXACT;naissance jesus arriva ainsi mere marie fiancee joseph [couverture 7/14]
Matthieu 7:6;SKN;59-0628E;41;EXACT;donnez saint chiens jetez vos perles devant pourceaux [couverture 12/14]
Matthieu 7:21-23;SKN;59-0628E;155;VALIDE;ceux disent seigneur entreront royaume cieux celui volonte
Matthieu 19:9;SKN;59-0628E;184;EXACT;quiconque femme cause fornication autre commet adultere epouse [couverture 9/14]
Matthieu 19:9;SKN;59-0628E;185;EXACT;quiconque femme cause fornication autre commet adultere epouse [couverture 9/14]
Matthieu 25:1;SKN;59-0628E;103;VALIDE;dix vierges lampes rencontre
Matthieu 28:19;SKN;59-0628E;142;EXACT;faites disciples nations baptisant nom pere fils saint [couverture 8/10]
Matthieu 28:19;SKN;59-0628E;150;EXACT;faites disciples nom pere fils saint esprit [couverture 5/10]
Romains 4:0;SKN;59-0628E;45;VALIDE;chap->v.3: abraham crut dieu cela lui fut compte justice
Romains 4:8;SKN;59-0628E;184;PARTIEL;commencé, pas achevé — seigneur peche
Romains 8:0;SKN;59-0628E;119;VALIDE;chap->v.5: ceux selon ont ceux selon
1 Jean 5:1;SKN;53-1112;18;VALIDE;jesus dieu aime lui
Actes 2:0;SKN;53-1112;2;VALIDE;chap->v.22: hommes israelites ecoutez paroles jesus homme dieu miracles
Jean 7:5;SKN;53-1112;18;PARTIEL;commencé, pas achevé — lui
1 Jean 5:7;SKN;54-0516;23;VALIDE;trois rendent temoignage
Apocalypse 12:0;SKN;54-0516;53;VALIDE;chap->v.1: grand signe ciel femme soleil lune pieds
Romains 8:1;SKN;54-0516;84;VALIDE;maintenant aucune condamnation ceux jesus
1 Jean 5:7;SKN;57-0901E;125;EXACT;trois rendent temoignage [couverture 3/3]
1 Timothee 3:16;SKN;57-0901E;131;EXACT;contredit mystere piete grand dieu manifeste chair esprit [couverture 11/14]
Apocalypse 13:0;SKN;57-0901E;103;VALIDE;chap->v.11: autre bete terre avait deux cornes agneau parlait
Galates 1:8;SKN;57-0901E;114;VALIDE;ange ciel soit anatheme
Hebreux 13:0;SKN;57-0901E;20;VALIDE;chap->v.7: vos annonce parole dieu conduite
Matthieu 1:18;SKN;57-0901E;129;VALIDE;naissance jesus ainsi marie
Matthieu 20:0;SKN;57-0901E;152;VALIDE;chap->v.12: disant avons jour
Matthieu 28:0;SKN;57-0901E;157;VALIDE;chap->v.7: allez dites voici voici lai
Romains 8:1;SKN;57-0901E;209;EXACT;maintenant aucune condamnation ceux christ jesus [couverture 6/6]
1 Jean 5:7;SKN;60-0611B;30;VALIDE;trois rendent temoignage
Romains 5:0;SKN;60-0611B;31;VALIDE;chap->v.12: cest seul homme peche monde peche passe ont
Romains 8:0;SKN;60-0611B;31;VALIDE;chap->v.26: meme lesprit savons quil faut lesprit lui meme
1 Jean 5:7;SKN;61-0312;58;VALIDE;trois rendent temoignage
Actes 19:0;SKN;61-0312;13;VALIDE;chap->v.10: cela pendant deux ans ceux parole
Ephesiens 4:30;SKN;61-0312;41;VALIDE;nattristez saint dieu lequel avez jour redemption
Genese 1:26;SKN;61-0312;70;VALIDE;dieu homme mer cieux terre
Genese 12:0;SKN;61-0312;37;VALIDE;chap->v.4: lui avait lui etait ans
Genese 12:0;SKN;61-0312;60;VALIDE;chap->v.4: lui avait lui etait age ans
Genese 12:0;SKN;61-0312;63;VALIDE;chap->v.4: sen lui avait lot sen lui etait ans
Genese 15:0;SKN;61-0312;60;VALIDE;chap->v.4: voici parole lui celui sera celui tes lui
Genese 17:0;SKN;61-0312;60;VALIDE;chap->v.5: nom sera appele nom sera abraham pere dune
Genese 18:0;SKN;61-0312;63;VALIDE;chap->v.18: abraham doit devenir grande quen lui
Genese 18:0;SKN;61-0312;76;VALIDE;chap->v.5: apres cest cela avez passe pres
Genese 18:0;SKN;61-0312;79;VALIDE;chap->v.10: toi terme sera voici sara femme fils sara
Genese 22:0;SKN;61-0312;95;VALIDE;chap->v.7: isaac abraham pere pere voici fils voici feu
Marc 16:0;SKN;61-0312;59;VALIDE;chap->v.16: celui cru sera celui cru sera
1 Jean 5:7;SKN;63-0116;60;EXACT;trois rendent temoignage [couverture 3/3]
Actes 4:0;SKN;63-0116;315;VALIDE;chap->v.17: afin cela soit parmi peuple nom soit
Apocalypse 10:0;SKN;63-0116;74;VALIDE;chap->v.6: jura celui vit siecles siecles ciel choses terre
Apocalypse 11:0;SKN;63-0116;130;VALIDE;chap->v.10: sujet autres deux prophetes
Hebreux 1:0;SKN;63-0116;142;VALIDE;chap->v.1: dieu autrefois plusieurs reprises plusieurs manieres parle peres
Malachie 3:0;SKN;63-0116;225;VALIDE;chap->v.1: voici messager devant viendra
Malachie 3:0;SKN;63-0116;228;VALIDE;chap->v.1: messager chemin devant moi viendra
Malachie 4:0;SKN;63-0116;187;VALIDE;chap->v.6: fera retourner peres peres
Malachie 4:0;SKN;63-0116;222;VALIDE;chap->v.5: voici envoie avant vienne jour
Malachie 4:0;SKN;63-0116;224;VALIDE;chap->v.5: voici envoie avant vienne jour
Malachie 4:0;SKN;63-0116;225;VALIDE;chap->v.1: voici jour chaume jour
Malachie 4:0;SKN;63-0116;226;VALIDE;chap->v.1: jour chaume jour
Malachie 4:0;SKN;63-0116;228;VALIDE;chap->v.1: jour chaume jour
Matthieu 24:0;SKN;63-0116;127;VALIDE;chap->v.33: meme verrez choses sachez cela proche porte
1 Jean 5:7;SKN;63-0320;172;EXACT;trois rendent temoignage [couverture 3/3]
1 Timothee 3:16;SKN;63-0320;112;EXACT;contredit mystere piete grand dieu manifeste chair [couverture 7/14]
2 Timothee 3:0;SKN;63-0320;197;VALIDE;chap->v.17: dieu soit accompli parfaitement accompli
Actes 2:0;SKN;63-0320;118;VALIDE;chap->v.22: hommes israelites ecoutez paroles jesus homme dieu miracles
Actes 2:0;SKN;63-0320;119;VALIDE;chap->v.22: hommes israelites ecoutez paroles jesus homme dieu miracles
Actes 2:0;SKN;63-0320;309;VALIDE;chap->v.26: cest pourquoi rejoui joie
Actes 2:38;SKN;63-0320;136;PARTIEL;commencé, pas achevé — don
Apocalypse 10:0;SKN;63-0320;41;VALIDE;chap->v.6: celui vit siecles siecles lequel ciel terre mer
Apocalypse 10:0;SKN;63-0320;177;VALIDE;chap->v.7: jours septieme ange sera sonner trompette mystere dieu
apocalypse 10:7;SKN;63-0320;197;CORRIGE;annoncé Apocalypse 10:17
Apocalypse 17:0;SKN;63-0320;139;VALIDE;chap->v.2: rois terre ont commis fornication terre ont fornication
Apocalypse 17:0;SKN;63-0320;140;VALIDE;chap->v.2: rois terre ont commis fornication terre ont fornication
Hebreux 4:0;SKN;63-0320;242;VALIDE;chap->v.2: meme ceux parole ceux
Hebreux 13:8;SKN;63-0320;246;VALIDE;meme hier aujourdhui eternellement
Jean 1:0;SKN;63-0320;98;VALIDE;chap->v.1: commencement etait parole parole etait dieu parole etait
Jean 14:12;SKN;63-0320;197;VALIDE;dis fera lui parce
Jean 14:12;SKN;63-0320;242;VALIDE;dis fera lui fais parce
Jean 17:17;SKN;63-0320;174;PARTIEL;commencé, pas achevé — sanctifie parole
joel 2:11;SKN;63-0320;197;CORRIGE;annoncé Joel 2:38
Levitique 8:12;SKN;63-0320;305;PARTIEL;commencé, pas achevé — lhuile
Malachie 4:0;SKN;63-0320;162;VALIDE;chap->v.5: prophete vienne jour
Malachie 4:0;SKN;63-0320;242;VALIDE;chap->v.1: jour ceux jour
Matthieu 4:11;SKN;63-0320;275;PARTIEL;commencé, pas achevé — alors diable
Matthieu 14:25;SKN;63-0320;305;PARTIEL;commencé, pas achevé — sen
Matthieu 25:4;SKN;63-0320;305;PARTIEL;commencé, pas achevé — lhuile
Zacharie 4:12;SKN;63-0320;305;VALIDE;fois cote conduits
Apocalypse 3:0;SKN;64-0705;148;VALIDE;chap->v.12: celui colonne dieu lui dieu
Apocalypse 3:0;SKN;64-0705;161;VALIDE;chap->v.2: reste mourir nai dieu
Apocalypse 10:0;SKN;64-0705;167;VALIDE;chap->v.7: jours septieme ange sera dieu sera annonce
Jean 12:0;SKN;64-0705;128;VALIDE;chap->v.19: eux voyez rien alle apres
Jean 12:24;SKN;64-0705;116;EXACT;dis grain ble terre seul sil [couverture 6/14]
Jean 14:0;SKN;64-0705;68;VALIDE;chap->v.10: moi pere pere moi moi moi meme pere
Luc 17:0;SKN;64-0705;170;VALIDE;chap->v.34: deux seront meme
Malachie 3:0;SKN;64-0705;110;VALIDE;chap->v.14: cest dieu quel quil
Malachie 4:0;SKN;64-0705;158;VALIDE;chap->v.3: vos jour leternel
Malachie 4:0;SKN;64-0705;159;VALIDE;chap->v.3: vos jour leternel
Malachie 4:0;SKN;64-0705;166;VALIDE;chap->v.1: jour seront jour
Marc 9:7;SKN;64-0705;72;EXACT;nuee voix celui fils ecoutez [couverture 6/10]
Matthieu 24:24;SKN;64-0705;126;VALIDE;seduire possible elus
1 Pierre 1:0;SKN;62-1111E;212;VALIDE;chap->v.5: etes dieu foi pret dernier
1 Samuel 8:4;SKN;62-1111E;22;VALIDE;anciens vinrent samuel rama
2 Timothee 3:0;SKN;62-1111E;196;VALIDE;chap->v.1: derniers jours temps
Actes 2:38;SKN;62-1111E;64;VALIDE;jesus christ don
Actes 2:38;SKN;62-1111E;66;VALIDE;jesus christ don
Apocalypse 17:0;SKN;62-1111E;171;VALIDE;chap->v.3: vis femme assise bete ecarlate pleine noms blaspheme
Apocalypse 17:0;SKN;62-1111E;181;VALIDE;chap->v.17: dieu mis seule meme donner bete
Apocalypse 18:0;SKN;62-1111E;181;VALIDE;chap->v.3: ont rois terre ont terre riches
Apocalypse 18:0;SKN;62-1111E;189;VALIDE;chap->v.1: apres vis autre ange ciel grand terre
Galates 1:8;SKN;62-1111E;100;VALIDE;ange ciel soit anatheme
Jean 3:0;SKN;62-1111E;59;VALIDE;chap->v.2: lui lui savons docteur venu dieu personne fais
Marc 16:0;SKN;62-1111E;64;VALIDE;chap->v.18: auront quelque chose cela mains ceux
Marc 16:0;SKN;62-1111E;66;VALIDE;chap->v.17: ici accompagneront ceux auront cru demons
Nombres 16:1;SKN;62-1111E;41;PARTIEL;commencé, pas achevé — levi dathan
1 Pierre 1:18;SKN;61-0611;148;PARTIEL;commencé, pas achevé — avait lor
Actes 2:38;SKN;61-0611;77;EXACT;repentez chacun baptise nom jesus remission peches don [couverture 9/14]
Levitique 25:0;SKN;61-0611;130;VALIDE;chap->v.25: frere pauvre vend possession alors proche parent rachete
Levitique 25:0;SKN;61-0611;132;VALIDE;chap->v.25: frere pauvre vend possession alors celui proche parent
Levitique 25:23;SKN;61-0611;130;PARTIEL;commencé, pas achevé — pays
Matthieu 5:0;SKN;61-0611;126;VALIDE;chap->v.5: debonnaires heriteront terre
Matthieu 28:0;SKN;61-0611;78;VALIDE;chap->v.19: nom pere fils saint
Romains 8:22;SKN;61-0611;103;VALIDE;savons creation soupire maintenant
1 Pierre 1:19-20;SKN;60-0515E;102;VALIDE;sang precieux christ agneau defaut tache avant fondation
Apocalypse 13:0;SKN;60-0515E;102;VALIDE;chap->v.8: ceux terre nom ecrit fondation monde livre vie
Apocalypse 13:8;SKN;60-0515E;104;EXACT;ceux terre nom ecrit fondation monde livre vie [couverture 9/14]
Apocalypse 17:8;SKN;60-0515E;102;VALIDE;bete vue etait monter aller perdition ceux terre
Apocalypse 17:8;SKN;60-0515E;103;EXACT;bete vue etait monter aller perdition ceux terre [couverture 9/14]
Ephesiens 4:30;SKN;60-0515E;110;VALIDE;saint dieu lequel avez scelles jour redemption
Genese 1:26;SKN;60-0515E;99;VALIDE;dieu selon mer terre
Genese 2:0;SKN;60-0515E;100;VALIDE;chap->v.4: ici terre jour dieu terre
Joel 2:28;SKN;60-0515E;38;EXACT;apres repandrai esprit chair vos fils filles prophetiseront [couverture 10/14]
1 Pierre 3:19;SKN;57-1006;613;VALIDE;alle preche esprits prison
1 Pierre 3:19;SKN;57-1006;615;EXACT;lequel alle preche esprits prison [couverture 5/6]
2 Pierre 2:4;SKN;57-1006;613;EXACT;dieu epargne anges ont peche precipites livres gardes [couverture 10/13]
Apocalypse 5:0;SKN;57-1006;677;VALIDE;chap->v.1: vis droite celui etait assis trone livre ecrit
Apocalypse 5:0;SKN;57-1006;678;VALIDE;chap->v.1: vis droite celui etait assis trone livre ecrit
Apocalypse 11:0;SKN;57-1006;624;VALIDE;chap->v.11: apres jours dieu entra pieds
Apocalypse 11:0;SKN;57-1006;710;VALIDE;chap->v.4: deux deux seigneur terre
Apocalypse 11:0;SKN;57-1006;712;VALIDE;chap->v.11: apres trois demi vie
Apocalypse 11:0;SKN;57-1006;716;VALIDE;chap->v.9: corps mort trois jours demi corps
Apocalypse 11:0;SKN;57-1006;725;VALIDE;chap->v.8: mort sera grande appelee spirituellement sodome egypte seigneur
Apocalypse 21:19;SKN;57-1006;668;VALIDE;etaient pierre etait jaspe
Esther 2:0;SKN;57-1006;615;VALIDE;chap->v.8: lorsque furent furent
Galates 1:8;SKN;57-1006;762;VALIDE;ange ciel soit anatheme
Genese 1:0;SKN;57-1006;601;VALIDE;chap->v.24: dieu terre vivants selon terre selon
Genese 1:28;SKN;57-1006;824;PARTIEL;commencé, pas achevé — dieu
Genese 2:0;SKN;57-1006;601;VALIDE;chap->v.23: fois celle mes celle sera femme quelle
Genese 2:0;SKN;57-1006;824;VALIDE;chap->v.8: dieu planta jardin placa avait forme
Genese 5:16;SKN;57-1006;600;PARTIEL;commencé, pas achevé — apres engendre
Genese 38:0;SKN;57-1006;693;VALIDE;chap->v.8: juda femme frere frere suscite frere
Genese 38:0;SKN;57-1006;706;VALIDE;chap->v.28: main sage lia main fil disant
Psaumes 23:0;SKN;57-1006;833;VALIDE;chap->v.4: meme vallee mort aucun
Daniel 12:1;SKN;62-0311;20;CORRIGE;annoncé 1 Pierre 5:8-10
Daniel 12:0;SKN;62-0311;119;VALIDE;chap->v.1: grand chef sera detresse tel quil
Daniel 12:1-14;SKN;62-0311;20;VALIDE;temps grand sera quil
Ephesiens 6:10;SKN;62-0311;197;VALIDE;reste mes freres fortifiez seigneur puissance force
Ephesiens 6:10-17;SKN;62-0311;20;PARTIEL;commencé, pas achevé — reste
Genese 3:1;SKN;62-0311;97;VALIDE;etait dieu jardin
Genese 3:4;SKN;62-0311;171;EXACT;serpent femme mourrez certainement [couverture 4/4]
Genese 3:4;SKN;62-0311;173;EXACT;serpent femme mourrez certainement [couverture 4/4]
Hebreux 4:0;SKN;62-0311;128;VALIDE;chap->v.12: parole dieu penetrante epee deux tranchants jusqua lame
Hebreux 4:0;SKN;62-0311;197;VALIDE;chap->v.7: fois certain jour disant david longtemps apres aujourdhui
Jacques 4:7;SKN;62-0311;197;VALIDE;dieu resistez diable
Matthieu 24:0;SKN;62-0311;119;VALIDE;chap->v.21: aura grande telle quil maintenant quil aura jamais
1 Rois 13:0;SKN;51-0722A;69;VALIDE;chap->v.23: apres quil eut mange apres quil eut quil
Hebreux 13:0;SKN;51-0722A;14;VALIDE;chap->v.12: cest pourquoi jesus afin quil sanctifie peuple propre
Matthieu 24:0;SKN;51-0722A;11;VALIDE;chap->v.2: lui voyez choses dis sera laisse ici soit
1 Rois 13:0;SKN;53-1114;33;VALIDE;chap->v.14: lhomme dieu assis lui lhomme dieu venu cest
Luc 11:24;SKN;53-1114;70;PARTIEL;commencé, pas achevé — homme
1 Rois 19:1-12;SKN;59-0412E;1;EXACT;achab jezabel avait comment tue lepee prophetes envoya [couverture 8/11]
Jean 4:0;SKN;59-0412E;58;VALIDE;chap->v.25: femme lui sais messie vient celui sera venu
1 Samuel 18:10;SKN;59-1219;88;VALIDE;mauvais esprit dieu saul
Actes 2:0;SKN;59-1219;33;VALIDE;chap->v.6: bruit ceci repandu multitude fut confondue chacun entendait
Actes 19:5;SKN;59-1219;17;PARTIEL;commencé, pas achevé — seigneur jesus
Hebreux 6:0;SKN;59-1219;203;VALIDE;chap->v.4: ceux ont ont goute saint
Hebreux 6:4-6;SKN;59-1219;160;VALIDE;ceux fois don saint parole
Hebreux 10:0;SKN;59-1219;168;VALIDE;chap->v.26: pechons volontairement apres recu connaissance verite sacrifice peches
Jean 3:3;SKN;59-1219;29;VALIDE;jesus lui dis voir royaume dieu
Jean 3:16;SKN;59-1219;29;VALIDE;dieu aime donne lui
Jean 5:24;SKN;59-1219;162;VALIDE;dis celui parole croit envoye vie eternelle vient
Jean 6:0;SKN;59-1219;162;VALIDE;chap->v.35: jesus moi vie celui vient moi jamais celui
Jean 14:0;SKN;59-1219;45;VALIDE;chap->v.10: moi suis pere pere moi moi moi meme
Jean 17:17;SKN;59-1219;39;EXACT;sanctifie verite parole [couverture 4/4]
Luc 24:49;SKN;59-1219;39;PARTIEL;commencé, pas achevé — pere
1 Thessaloniciens 4:16;SKN;65-0410;179;EXACT;lui meme dieu morts ressusciteront [couverture 5/14]
Apocalypse 1:17-18;SKN;65-0410;14;VALIDE;pieds mort disant premier dernier
Galates 1:8;SKN;65-0410;33;EXACT;ange ciel avons soit anatheme [couverture 5/11]
Hebreux 13:8;SKN;65-0410;162;VALIDE;jesus meme hier
Jean 1:0;SKN;65-0410;42;VALIDE;chap->v.1: commencement etait parole parole etait dieu parole etait
Jean 5:24;SKN;65-0410;74;EXACT;verite celui entend parole croit envoye vie eternelle [couverture 13/14]
Jean 14:12;SKN;65-0410;94;VALIDE;lui fais parce
Matthieu 27:0;SKN;65-0410;178;VALIDE;chap->v.57: venu etait joseph lui meme etait
Matthieu 27:51;SKN;65-0410;175;PARTIEL;commencé, pas achevé — voici terre
Matthieu 28:1-10;SKN;65-0410;14;VALIDE;jour sabbat premier semaine marie magdala voir sepulcre
Romains 8:11;SKN;65-0410;14;VALIDE;ressuscite jesus morts vos corps
Romains 8:11;SKN;65-0410;27;EXACT;celui ressuscite jesus morts habite vivifiera corps esprit [couverture 9/14]
Romains 8:11;SKN;65-0410;226;EXACT;celui ressuscite morts christ vos corps mortels [couverture 8/14]
1 Thessaloniciens 5:21;SKN;64-0816;60;VALIDE;choses retenez bon
Apocalypse 22:0;SKN;64-0816;160;VALIDE;chap->v.18: moi paroles livre ajoute dieu lui ajoutera
Esaie 9:6;SKN;64-0816;142;VALIDE;enfant fils donne sera nom dieu
Hebreux 4:12;SKN;64-0816;164;VALIDE;parole dieu epee deux tranchants jusqua
Hebreux 4:15;SKN;64-0816;250;VALIDE;souverain sacrificateur nos infirmites avons
Hebreux 6:0;SKN;64-0816;128;VALIDE;chap->v.4: impossible ceux ont fois eclaires ont saint
Hebreux 13:8;SKN;64-0816;222;VALIDE;jesus christ meme hier aujourdhui eternellement
Hebreux 13:8;SKN;64-0816;229;PARTIEL;commencé, pas achevé — jesus meme
Hebreux 13:8;SKN;64-0816;233;EXACT;jesus meme hier aujourdhui eternellement [couverture 5/6]
Hebreux 13:8;SKN;64-0816;250;VALIDE;meme hier aujourdhui eternellement
Jean 1:0;SKN;64-0816;149;VALIDE;chap->v.1: commencement etait parole parole etait dieu parole etait
Jean 5:19;SKN;64-0816;196;EXACT;jesus dis rien lui quil pere [couverture 6/14]
Jean 14:12;SKN;64-0816;220;EXACT;verite dis celui croit moi fera lui fais [couverture 9/14]
Jean 14:12;SKN;64-0816;223;VALIDE;verite dis moi fera lui fais grandes
Joel 2:28;SKN;64-0816;219;EXACT;arrivera apres cela repandrai esprit chair vos fils [couverture 9/14]
Luc 17:30;SKN;64-0816;221;EXACT;sera meme jour fils lhomme manifeste [couverture 5/7]
Luc 24:49;SKN;64-0816;219;EXACT;voici moi pere ville jusqua soyez revetus puissance [couverture 9/13]
Malachie 3:0;SKN;64-0816;86;VALIDE;chap->v.16: alors leternel ont leternel ecrit
Malachie 4:0;SKN;64-0816;122;VALIDE;chap->v.1: vient ceux vient
Malachie 4:0;SKN;64-0816;221;VALIDE;chap->v.1: voici jour vient ceux jour vient
Marc 4:0;SKN;64-0816;220;VALIDE;chap->v.20: ceux terre ceux parole lun lun lun
Marc 5:0;SKN;64-0816;56;VALIDE;chap->v.33: femme effrayee tremblante sachant lui etait arrive vint
Marc 16:0;SKN;64-0816;220;VALIDE;chap->v.16: celui cru baptise sera sauve celui cru sera
Matthieu 24:24;SKN;64-0816;212;PARTIEL;commencé, pas achevé — meme elus
1 Timothee 2:9;SKN;64-0823M;172;VALIDE;meme femmes parent dun tresses
Actes 10:47;SKN;64-0823M;62;VALIDE;leau afin ceux soient recu saint
Actes 19:0;SKN;64-0823M;90;VALIDE;chap->v.4: paul jean baptise bapteme repentance quils apres lui
Actes 22:16;SKN;64-0823M;62;VALIDE;maintenant leve sois baptise tes peches invoquant nom
Apocalypse 20:4;SKN;64-0823M;224;EXACT;assis jugement fut donne ames ceux decapites temoignage [couverture 9/14]
Galates 1:8;SKN;64-0823M;93;EXACT;ange ciel quil soit anatheme [couverture 5/11]
Genese 6:4;SKN;64-0823M;102;EXACT;geants etaient apres fils dieu furent venus filles [couverture 6/14]
Jean 5:19;SKN;64-0823M;162;EXACT;jesus verite dis fils rien lui quil chose [couverture 10/14]
Luc 21:36;SKN;64-0823M;157;VALIDE;choses arriver devant fils
Marc 16:0;SKN;64-0823M;215;VALIDE;chap->v.16: aura aura sera sauve sera
Matthieu 24:19;SKN;64-0823M;32;EXACT;malheur celles enceintes jours [couverture 5/6]
Matthieu 24:19;SKN;64-0823M;33;EXACT;malheur celles enceintes allaitent jours [couverture 5/6]
Matthieu 24:24;SKN;64-0823M;40;VALIDE;selevera faux christs prophetes grands prodiges
Matthieu 24:26;SKN;64-0823M;51;VALIDE;desert chambres croyez
Matthieu 24:28;SKN;64-0823M;52;VALIDE;soit mort sassembleront aigles
1 Timothee 3:0;SKN;56-0120;65;VALIDE;chap->v.7: quil ait dehors afin quil
1 Timothee 3:0;SKN;60-0710;68;VALIDE;chap->v.7: quil bon temoignage ceux quil
Matthieu 5:0;SKN;60-0710;62;VALIDE;chap->v.6: ceux ont faim soif justice cest eux seront
Matthieu 12:0;SKN;60-0710;28;VALIDE;chap->v.42: reine midi levera generation condamnera vint terre entendre
Matthieu 12:42;SKN;60-0710;28;VALIDE;reine midi levera generation condamnera vint terre entendre
1 Timothee 3:16;SKN;54-0402;32;VALIDE;contredit mystere piete grand dieu manifeste chair esprit
Actes 19:0;SKN;54-0402;2;VALIDE;chap->v.34: quil etait dune seule pres deux grande
1 Timothee 3:16;SKN;60-0608;48;VALIDE;contredit mystere piete grand dieu manifeste chair esprit
1 Timothee 3:16;SKN;60-1002;165;EXACT;contredit mystere piete grand dieu manifeste chair nations [couverture 8/14]
Jean 5:19;SKN;60-1002;216;EXACT;jesus verite dis fils rien lui meme chose [couverture 11/14]
1 Timothee 3:16;SKN;61-0212E;13;VALIDE;contredit mystere piete grand dieu manifeste chair parmi
Hebreux 13:8;SKN;61-0212E;8;VALIDE;jesus christ meme hier aujourdhui eternellement
Hebreux 13:8;SKN;61-0212E;10;EXACT;jesus meme hier aujourdhui eternellement [couverture 5/6]
Jean 4:0;SKN;61-0212E;43;VALIDE;chap->v.25: femme lui sais messie appele celui sera venu
Jean 4:0;SKN;61-0212E;70;VALIDE;chap->v.25: femme lui sais messie appele vient celui sera
Jean 4:0;SKN;61-0212E;71;VALIDE;chap->v.25: femme lui sais messie appele vient celui sera
Jean 5:19;SKN;61-0212E;11;EXACT;jesus verite dis fils rien lui meme quil [couverture 7/14]
Matthieu 14:27;SKN;61-0212E;21;EXACT;jesus parla aussitot disant cest moi nayez peur [couverture 5/11]
1 Timothee 3:16;SKN;62-0712;34;EXACT;contredit mystere piete grand dieu manifeste chair parmi [couverture 8/14]
Deuteronome 18:0;SKN;62-0712;50;VALIDE;chap->v.5: leternel dieu lui fils dentre tes quil toujours
Deuteronome 18:0;SKN;62-0712;51;VALIDE;chap->v.5: leternel dieu lui fils dentre tes quil toujours
Esaie 9:6;SKN;62-0712;48;VALIDE;enfant donne sera dieu pere
Hebreux 4:0;SKN;62-0712;83;VALIDE;chap->v.14: ayant grand souverain sacrificateur cieux jesus dieu confession
Hebreux 13:8;SKN;62-0712;25;VALIDE;jesus christ meme hier aujourdhui eternellement
Jean 4:0;SKN;62-0712;95;VALIDE;chap->v.50: jesus lui fils vit parole jesus lui avait
Jean 5:19;SKN;62-0712;71;EXACT;jesus verite dis fils rien lui meme quil [couverture 12/14]
Jean 6:0;SKN;62-0712;69;VALIDE;chap->v.35: jesus moi suis vie celui moi jamais celui
Malachie 3:0;SKN;62-0712;58;VALIDE;chap->v.16: alors ceux leternel ont parle leternel ecrit
Malachie 4:0;SKN;62-0712;58;VALIDE;chap->v.1: voici jour vient ceux jour vient
Matthieu 11:6;SKN;62-0712;58;PARTIEL;commencé, pas achevé — moi
1 Timothee 3:16;SKN;64-0401;40;EXACT;contredit mystere piete grand dieu manifeste chair cru [couverture 8/14]
Apocalypse 17:0;SKN;64-0401;110;VALIDE;chap->v.1: parla disant ici
Jean 4:0;SKN;64-0401;242;VALIDE;chap->v.10: lui don dieu donne moi lui
Jean 6:0;SKN;64-0401;169;VALIDE;chap->v.11: jesus ayant ceux etaient assis meme
Jean 14:12;SKN;64-0401;195;PARTIEL;commencé, pas achevé — celui
Luc 17:0;SKN;64-0401;195;VALIDE;chap->v.30: meme jour fils lhomme
Luc 17:0;SKN;64-0401;204;VALIDE;chap->v.30: sera meme jour fils lhomme sera manifeste
Malachie 3:6;SKN;64-0401;87;VALIDE;leternel change netes
Zacharie 14:6;SKN;64-0401;189;VALIDE;jour quil lumiere
1 Timothee 3:16;VGR;64-0112;8;EXACT;contredit mystere piete grand dieu manifeste chair [couverture 7/14]
Apocalypse 10:0;VGR;64-0112;170;VALIDE;chap->v.7: jours septieme ange sera mystere dieu sera
Apocalypse 17:0;VGR;64-0112;73;VALIDE;chap->v.2: laquelle terre ont terre ont vin
Esaie 60:0;VGR;64-0112;29;VALIDE;chap->v.2: voici tenebres terre lobscurite peuples toi leternel gloire
Esaie 60:1;VGR;64-0112;29;EXACT;leve toi lumiere gloire leternel [couverture 6/10]
Esaie 60:1;VGR;64-0112;115;EXACT;leve toi resplendis lumiere venue [couverture 6/10]
Esaie 62:0;VGR;64-0112;29;VALIDE;chap->v.11: voici leternel terre voici salut vient voici
Hebreux 1:0;VGR;64-0112;116;VALIDE;chap->v.1: dieu autrefois plusieurs reprises plusieurs manieres parle peres
Hebreux 4:0;VGR;64-0112;241;VALIDE;chap->v.10: celui repos lui sest repose uvres dieu sest
Jean 14:0;VGR;64-0112;172;VALIDE;chap->v.10: moi pere pere moi paroles moi moi pere
Psaumes 60:0;VGR;64-0112;29;VALIDE;chap->v.10: toi dieu dieu
Psaumes 62:0;VGR;64-0112;144;VALIDE;chap->v.8: lui temps lui dieu
Psaumes 62:1;VGR;64-0112;31;EXACT;dieu ame repose lui vient salut [couverture 6/8]
2 Chroniques 18:12;SKN;54-0509;33;EXACT;messager etait alle appeler michee lui parla disant [couverture 10/14]
2 Chroniques 18:22-27;SKN;56-1002A;4;VALIDE;maintenant voici leternel mis esprit mensonge bouche tes
2 Chroniques 18:22-27;SKN;56-1002A;5;VALIDE;maintenant voici leternel mis esprit mensonge bouche tes
Esaie 40:0;SKN;56-1002A;52;VALIDE;chap->v.14: lui donne instruit juste lui enseigne lui
Hebreux 3:0;SKN;56-1002A;36;VALIDE;chap->v.10: cest jai contre jai nont
Luc 24:49;SKN;56-1002A;54;VALIDE;voici moi jusqua soyez revetus puissance den haut
Marc 16:0;SKN;56-1002A;59;VALIDE;chap->v.19: seigneur apres parle fut ciel dieu
2 Chroniques 22:0;SKN;63-1128M;134;VALIDE;chap->v.3: lui maison etait
2 Corinthiens 9:0;SKN;63-1128M;14;VALIDE;chap->v.12: parce beaucoup graces rendues dieu
Marc 11:22;SKN;63-1128M;64;PARTIEL;commencé, pas achevé — dieu
Psaumes 23:0;SKN;63-1128M;5;VALIDE;chap->v.4: meme mort mal eux
2 Chroniques 26:0;SKN;62-1013;63;VALIDE;chap->v.21: roi ozias fut lepreux jour lepreux maison fut
Actes 1:8;SKN;62-1013;151;EXACT;recevrez puissance saint venant serez mes temoins jerusalem [couverture 8/14]
Hebreux 13:8;SKN;62-1013;16;EXACT;jesus christ meme hier aujourdhui eternellement [couverture 5/6]
Jean 14:7;SKN;62-1013;19;PARTIEL;commencé, pas achevé — pere maintenant
Jean 15:0;SKN;62-1013;20;VALIDE;chap->v.2: sarment moi porte fruit sarment porte fruit afin
Luc 24:49;SKN;62-1013;151;EXACT;voici moi promesse pere demeurez ville jusqua soyez [couverture 12/13]
Luc 24:49;SKN;62-1013;152;EXACT;voici moi promesse pere demeurez ville jusqua soyez [couverture 12/13]
2 Chroniques 26:0;SKN;64-0315;74;VALIDE;chap->v.1: ozias etait ans roi place pere amatsia
2 Chroniques 26:0;SKN;64-0315;82;VALIDE;chap->v.5: dieu avait dieu leternel dieu
Jean 5:19;SKN;64-0315;306;EXACT;jesus fils rien lui meme quil pere quelque [couverture 8/14]
Luc 24:49;SKN;64-0315;198;EXACT;voici promesse pere ville jusqua soyez revetus puissance [couverture 10/13]
2 Corinthiens 5:17;SKN;54-0719E;3;VALIDE;quelquun christ cest nouvelle choses passees voici nouvelles
Jean 5:19;SKN;54-0719E;40;EXACT;jesus verite dis fils rien lui meme quil [couverture 7/14]
2 Corinthiens 6:7-10;SKN;62-0506;36;EXACT;parole verite puissance dieu armes justice main gloire [couverture 7/10]
Genese 14:18-19;SKN;62-0506;36;VALIDE;roi salem fit apporter pain vin etait sacrificateur
2 Pierre 1:7;SKN;62-1124E;37;PARTIEL;commencé, pas achevé — piete lamour
Esaie 1:0;SKN;62-1124E;32;VALIDE;chap->v.15: vos mes meme priere vos sang
Esaie 1:0;SKN;62-1124E;33;VALIDE;chap->v.15: vos mains mes meme vos mains
Esaie 50:0;SKN;62-1124E;56;VALIDE;chap->v.7: seigneur cest pourquoi cest pourquoi jai sais
Esaie 53:5;SKN;62-1124E;47;VALIDE;blesse nos meurtri iniquites chatiment paix lui meurtrissures
Hebreux 9:11;SKN;62-1124E;48;EXACT;etant venu venir nest main cest [couverture 6/14]
Romains 8:32;SKN;62-1124E;4;EXACT;meme epargne propre fils livre comment don choses [couverture 8/12]
2 Pierre 3:0;SKN;64-0802;40;VALIDE;chap->v.18: croissez grace connaissance seigneur sauveur jesus christ lui
Apocalypse 2:0;SKN;64-0802;354;VALIDE;chap->v.7: celui oreilles ecoute lesprit celui vaincra lui donnerai
Apocalypse 2:7;SKN;64-0802;354;VALIDE;celui oreilles ecoute lesprit vaincra lui donnerai manger
Apocalypse 6:14;SKN;64-0802;184;VALIDE;ciel retira livre
Apocalypse 11:0;SKN;64-0802;354;VALIDE;chap->v.15: septieme ange trompette ciel grandes voix disant royaume
Apocalypse 21:0;SKN;64-0802;52;VALIDE;chap->v.1: vis nouveau ciel nouvelle terre ciel terre sen
Apocalypse 21:0;SKN;64-0802;172;VALIDE;chap->v.1: nouveau terre terre mer
Apocalypse 21:0;SKN;64-0802;305;VALIDE;chap->v.1: vis nouveau ciel nouvelle terre ciel terre nest
Apocalypse 21:0;SKN;64-0802;354;VALIDE;chap->v.1: vis nouveau ciel nouvelle terre premier ciel premiere
Apocalypse 21:2;SKN;64-0802;186;EXACT;vis nouvelle jerusalem ciel daupres dieu [couverture 6/13]
Apocalypse 21:3;SKN;64-0802;354;VALIDE;grande voix ciel disant voici dieu hommes habitera
Apocalypse 21:18;SKN;64-0802;354;VALIDE;muraille etait batie cite dor pur verre
Apocalypse 21:23;SKN;64-0802;354;VALIDE;cite besoin soleil lune gloire dieu lagneau
Ephesiens 1:10;SKN;64-0802;239;EXACT;plenitude temps choses christ terre lui [couverture 6/12]
Esaie 4:5;SKN;64-0802;354;VALIDE;leternel chaque demeure montagne sion nuee jour dune
Esaie 9:6;SKN;64-0802;354;VALIDE;enfant fils donne sera epaule appellera nom merveilleux
Esaie 65:0;SKN;64-0802;60;VALIDE;chap->v.22: batiront quun autre habite planteront quun autre mange
Esaie 65:17;SKN;64-0802;60;EXACT;cree nouveaux cieux nouvelle terre ont [couverture 5/12]
Esaie 65:25;SKN;64-0802;354;VALIDE;loup lagneau ensemble lion mangera poussiere sera nourriture
Genese 1:1;SKN;64-0802;76;PARTIEL;commencé, pas achevé — dieu
Hebreux 4:0;SKN;64-0802;133;VALIDE;chap->v.2: meme parole rien
Hebreux 11:0;SKN;64-0802;311;VALIDE;chap->v.4: dieu sacrifice sacrifice juste dieu
Jean 14:0;SKN;64-0802;56;VALIDE;chap->v.10: suis pere pere dis dis pere demeure
Jean 14:0;SKN;64-0802;270;VALIDE;chap->v.6: jesus lui moi chemin vie vient moi
Jean 14:0;SKN;64-0802;294;VALIDE;chap->v.3: men vais prepare place reviendrai prendrai moi afin
Jean 14:0;SKN;64-0802;298;VALIDE;chap->v.3: men vais prepare place reviendrai prendrai afin suis
Malachie 3:0;SKN;64-0802;81;VALIDE;chap->v.15: maintenant ceux meme meme dieu
Matthieu 5:5;SKN;64-0802;193;VALIDE;debonnaires cest heriteront terre
Matthieu 19:28;SKN;64-0802;177;EXACT;jesus regeneration lhomme assis serez [couverture 6/14]
Tite 3:5;SKN;64-0802;176;PARTIEL;commencé, pas achevé — regeneration
2 Samuel 6:14;SKN;63-0321;100;EXACT;david devant leternel etait [couverture 5/11]
Actes 2:38;SKN;63-0321;289;EXACT;soit baptise nom jesus christ don saint [couverture 7/14]
Amos 3:7;SKN;63-0321;63;VALIDE;leternel quil revele prophetes
Apocalypse 2:18;SKN;63-0321;349;PARTIEL;commencé, pas achevé — dieu
Apocalypse 2:18-20;SKN;63-0321;349;PARTIEL;commencé, pas achevé — dieu
Apocalypse 2:22;SKN;63-0321;272;PARTIEL;commencé, pas achevé — lit quils
Apocalypse 10:0;SKN;63-0321;37;VALIDE;chap->v.2: avait main livre pied droit mer terre
Apocalypse 10:0;SKN;63-0321;378;VALIDE;chap->v.7: jours septieme ange sera dieu sera
Apocalypse 10:1-7;SKN;63-0321;46;PARTIEL;commencé, pas achevé — ange
Apocalypse 10:7;SKN;63-0321;151;PARTIEL;commencé, pas achevé — jours sera
Apocalypse 10:7;SKN;63-0321;351;PARTIEL;commencé, pas achevé — dieu annonce
Apocalypse 12:0;SKN;63-0321;164;VALIDE;chap->v.13: dragon vit quil avait precipite terre persecuta femme
Apocalypse 12:13;SKN;63-0321;160;PARTIEL;commencé, pas achevé — quil terre
Apocalypse 13:1-8;SKN;63-0321;160;PARTIEL;commencé, pas achevé — bete etait
Apocalypse 13:1-8;SKN;63-0321;167;EXACT;vis monter mer bete avait dix cornes sept [couverture 14/14]
Apocalypse 13:14;SKN;63-0321;271;VALIDE;quil devant bete
Apocalypse 19:0;SKN;63-0321;312;VALIDE;chap->v.12: porte nom ecrit lui seul
Apocalypse 19:0;SKN;63-0321;356;VALIDE;chap->v.15: epee aigue deux sort bouche quil frappe nations
Apocalypse 19:0;SKN;63-0321;377;VALIDE;chap->v.12: yeux plusieurs ecrit seul
Esaie 28:19;SKN;63-0321;73;PARTIEL;commencé, pas achevé — quil
Genese 1:1;SKN;63-0321;94;EXACT;commencement dieu crea cieux terre [couverture 5/5]
Jean 6:0;SKN;63-0321;66;VALIDE;chap->v.63: cest lesprit vivifie chair rien paroles dites esprit
Joel 2:28;SKN;63-0321;73;PARTIEL;commencé, pas achevé — cela
Luc 24:49;SKN;63-0321;73;EXACT;voici moi promesse pere jusqua [couverture 5/13]
Malachie 4:0;SKN;63-0321;126;VALIDE;chap->v.1: vient four ceux vient
Malachie 4:0;SKN;63-0321;378;VALIDE;chap->v.5: elie prophete jour
Matthieu 4:0;SKN;63-0321;182;VALIDE;chap->v.10: jesus lui ten satan seigneur dieu lui
Psaumes 16:8-11;SKN;63-0321;99;EXACT;leternel devant parce quil serai cest [couverture 5/11]
2 Thessaloniciens 2:3;SKN;63-0319;104;PARTIEL;commencé, pas achevé — viendra
Matthieu 4:8;SKN;63-0319;267;CORRIGE;annoncé 2 Thessaloniciens 2:3
Amos 3:0;SKN;63-0319;331;VALIDE;chap->v.4: sil sil quelque chose
Apocalypse 10:1-7;SKN;63-0319;182;PARTIEL;commencé, pas achevé — ange
Apocalypse 19:11;SKN;63-0319;321;EXACT;vis ciel ouvert voici cheval blanc celui appele [couverture 12/14]
Jean 14:12;SKN;63-0319;208;EXACT;verite dis celui croit moi fera lui fais [couverture 11/14]
Jean 14:12;SKN;63-0319;218;PARTIEL;commencé, pas achevé — verite lui
Joel 2:25;SKN;63-0319;177;VALIDE;qua sauterelle milieu
Malachie 4:0;SKN;63-0319;183;VALIDE;chap->v.1: jour vient four jour vient brulera
Marc 16:0;SKN;63-0319;218;VALIDE;chap->v.15: allez monde prechez levangile creation
Matthieu 4:0;SKN;63-0319;280;VALIDE;chap->v.8: lui royaumes monde
Matthieu 4:8;SKN;63-0319;268;EXACT;transporte haute montagne lui montre royaumes monde [couverture 7/10]
Matthieu 11:25-26;SKN;63-0319;78;EXACT;temps jesus seigneur parce cache choses sages intelligents [couverture 7/14]
Matthieu 24:0;SKN;63-0319;231;VALIDE;chap->v.6: entendrez parler guerres bruits guerres fin nest
2 Thessaloniciens 2:7;SKN;63-0318;84;EXACT;mystere diniquite deja seulement celui retient maintenant jusqua [couverture 9/13]
2 Thessaloniciens 2:9;SKN;63-0318;310;PARTIEL;commencé, pas achevé — mensonge
Actes 2:38;SKN;63-0318;212;PARTIEL;commencé, pas achevé — soit don
Apocalypse 5:0;SKN;63-0318;61;VALIDE;chap->v.1: celui etait livre scelle sceaux
Apocalypse 10:0;SKN;63-0318;205;VALIDE;chap->v.7: voix septieme ange sera mystere dieu sera annonce
Apocalypse 10:1;SKN;63-0318;68;PARTIEL;commencé, pas achevé — autre ange
Apocalypse 10:1-7;SKN;63-0318;68;PARTIEL;commencé, pas achevé — autre ange
Apocalypse 12:7-9;SKN;63-0318;362;PARTIEL;commencé, pas achevé — contre
Apocalypse 13:0;SKN;63-0318;363;VALIDE;chap->v.14: terre cause lui bete
Apocalypse 17:0;SKN;63-0318;99;VALIDE;chap->v.10: sept venu sera venu quil temps
Apocalypse 19:11;SKN;63-0318;273;EXACT;vis ciel ouvert voici cheval blanc celui appele [couverture 12/14]
Daniel 9:0;SKN;63-0318;334;VALIDE;chap->v.26: apres semaines messie sera retranche naura rien peuple
Hebreux 4:0;SKN;63-0318;205;VALIDE;chap->v.12: parole dieu penetrante epee deux tranchants jusqua
Jean 12:0;SKN;63-0318;142;VALIDE;chap->v.24: verite verite dis grain ble terre seul sil
Malachie 3:0;SKN;63-0318;209;VALIDE;chap->v.18: alors juste celui celui
Malachie 4:0;SKN;63-0318;206;VALIDE;chap->v.5: prophete avant grand jour
Malachie 4:0;SKN;63-0318;209;VALIDE;chap->v.5: prophete avant jour
Malachie 4:0;SKN;63-0318;214;VALIDE;chap->v.1: voici jour jour
Matthieu 10:0;SKN;63-0318;113;VALIDE;chap->v.15: dis sort sera jour jugement celui
Matthieu 24:0;SKN;63-0318;135;VALIDE;chap->v.6: entendrez parler guerres bruits guerres troubles arrive fin
Matthieu 28:19;SKN;63-0318;212;PARTIEL;commencé, pas achevé — pere
Actes 2:38;SKN;60-1218;403;EXACT;repentez chacun soit baptise nom jesus peches recevrez [couverture 10/14]
Actes 2:39;SKN;60-1218;417;EXACT;promesse vos enfants ceux loin seigneur dieu appellera [couverture 9/10]
Apocalypse 21:0;SKN;60-1218;234;VALIDE;chap->v.1: nouveau ciel nouvelle terre premier ciel premiere terre
Genese 22:0;SKN;60-1218;330;VALIDE;chap->v.12: main lui rien maintenant sais dieu mas fils
Hebreux 11:7;SKN;60-1218;331;PARTIEL;commencé, pas achevé — foi maison
Hebreux 11:17;SKN;60-1218;331;EXACT;foi abraham isaac avait recu offrit fils unique [couverture 8/13]
Hebreux 11:17-19;SKN;60-1218;331;EXACT;foi abraham isaac avait recu offrit fils unique [couverture 8/13]
Hebreux 13:12;SKN;60-1218;381;VALIDE;cest jesus quil
Jean 5:19;SKN;60-1218;368;EXACT;dis fils rien lui quil pere [couverture 6/14]
Jean 14:12;SKN;60-1218;372;EXACT;dis celui lui fais grandes celles men vais [couverture 6/14]
Jean 15:0;SKN;60-1218;285;VALIDE;chap->v.7: demeurez moi mes paroles demeurent voudrez sera
Marc 16:0;SKN;60-1218;373;VALIDE;chap->v.16: celui cru baptise sera sauve celui cru sera
Marc 16:0;SKN;60-1218;422;VALIDE;chap->v.16: celui baptise sera sauve celui naura sera condamne
Marc 16:0;SKN;60-1218;469;VALIDE;chap->v.18: chose cela imposeront mains ceux
Matthieu 10:0;SKN;60-1218;421;VALIDE;chap->v.37: celui moi nest moi celui moi nest
Matthieu 17:0;SKN;60-1218;378;VALIDE;chap->v.1: apres six jours jesus lui pierre jacques jean
Matthieu 17:2;SKN;60-1218;378;VALIDE;fut transfigure devant eux
Matthieu 24:35;SKN;60-1218;227;PARTIEL;commencé, pas achevé — terre passeront
Matthieu 24:35;SKN;60-1218;233;VALIDE;ciel terre passeront
2 Timothee 2:4;SKN;62-0908;145;PARTIEL;commencé, pas achevé — homme
2 Timothee 4:0;SKN;62-0908;13;VALIDE;chap->v.2: preche parole insiste temps temps reprends exhorte doctrine
2 Timothee 4:0;SKN;62-0908;14;VALIDE;chap->v.1: ten devant dieu jesus juger vivants morts apparition
2 Timothee 4:0;SKN;62-0908;145;VALIDE;chap->v.18: seigneur celeste lui amen
2 Timothee 4:2;SKN;62-0908;13;VALIDE;preche parole insiste temps reprends exhorte doctrine
Daniel 9:0;SKN;62-0908;99;VALIDE;chap->v.4: dieu dis dieu
Daniel 12:0;SKN;62-0908;99;VALIDE;chap->v.8: dis quelle sera choses
Esaie 61:1;SKN;62-0908;36;EXACT;seigneur moi parce oint envoye ceux ont [couverture 6/14]
2 Timothee 2:16;SKN;54-0103E;136;EXACT;evite discours vains profanes ceux avant [couverture 6/9]
Esaie 4:1;SKN;54-0103E;92;EXACT;femmes saisiront seul homme jour disant mangerons propre [couverture 11/14]
Exode 4:24;SKN;54-0103E;79;VALIDE;vint lui mourir
genese 44:8;SKN;54-0103E;165;CORRIGE;annoncé Genese 44:49
Jean 17:17;SKN;54-0103E;56;PARTIEL;commencé, pas achevé — sanctifie
Matthieu 10:0;SKN;54-0103E;56;VALIDE;chap->v.39: celui aura vie celui aura vie moi
2 Timothee 3:0;SKN;58-0109;20;VALIDE;chap->v.5: ayant piete ayant renie toi gens
2 Timothee 3:0;SKN;61-0117;35;VALIDE;chap->v.5: ayant piete ayant puissance gens
Actes 2:38;SKN;61-0117;44;VALIDE;pierre repentez chacun baptise nom jesus recevrez don
Actes 2:38;SKN;61-0117;45;VALIDE;pierre chacun baptise nom jesus recevrez don saint
Actes 19:0;SKN;61-0117;44;VALIDE;chap->v.2: avez recu saint apres cru lui meme saint
Apocalypse 11:0;SKN;61-0117;74;VALIDE;chap->v.1: donne leve dieu ceux
Apocalypse 17:0;SKN;61-0117;74;VALIDE;chap->v.13: ceux seule meme puissance bete
Esaie 9:6;SKN;61-0117;14;VALIDE;fils donne sera nom conseiller dieu pere
Esaie 9:6;SKN;61-0117;16;EXACT;fils donne sera conseiller dieu pere [couverture 5/14]
Esaie 40:0;SKN;61-0117;41;VALIDE;chap->v.10: voici seigneur puissance lui voici lui lui
Ezechiel 1:26;SKN;61-0117;74;PARTIEL;commencé, pas achevé — avait
Genese 1:26;SKN;61-0117;16;VALIDE;dieu homme selon ressemblance poissons mer oiseaux cieux
Genese 3:15;SKN;61-0117;14;VALIDE;toi femme semence lui
Hebreux 6:0;SKN;61-0117;57;VALIDE;chap->v.4: impossible ceux ont fois ont don saint
Jean 5:19;SKN;61-0117;67;EXACT;jesus verite dis fils rien lui meme chose [couverture 7/14]
Jean 14:12;SKN;61-0117;26;VALIDE;dis celui croit moi fera lui fais parce
Jean 14:12;SKN;61-0117;64;EXACT;dis celui croit moi fera lui fais parce [couverture 5/14]
Jean 15:0;SKN;61-0117;46;VALIDE;chap->v.7: demeurez moi mes paroles demeurent demanderez voudrez sera
Malachie 4:0;SKN;61-0117;48;VALIDE;chap->v.1: voici jour vient four ceux seront jour vient
Malachie 4:0;SKN;61-0117;49;VALIDE;chap->v.1: voici jour vient four ceux seront jour vient
Malachie 4:5;SKN;61-0117;49;VALIDE;voici elie prophete avant vienne grand terrible jour
Marc 11:24;SKN;61-0117;19;VALIDE;pourquoi dis croyez
Marc 16:0;SKN;61-0117;26;VALIDE;chap->v.16: celui cru baptise sera sauve celui cru sera
Matthieu 24:0;SKN;61-0117;57;VALIDE;chap->v.2: lui voyez choses verite dis sera laisse ici
2 Timothee 3:0;SKN;62-0401;290;VALIDE;chap->v.5: ayant forme piete ayant renie puissance gens
Apocalypse 12:0;SKN;62-0401;366;VALIDE;chap->v.9: celui celui terre
Apocalypse 13:11;SKN;62-0401;223;VALIDE;bete terre deux
Genese 1:11;SKN;62-0401;232;EXACT;dieu terre plante semence fruit [couverture 5/14]
Genese 3:1;SKN;62-0401;79;EXACT;serpent etait ruse champs leternel dieu avait femme [couverture 12/14]
Genese 3:1-17;SKN;62-0401;97;VALIDE;etait dieu femme
Hebreux 2:0;SKN;62-0401;332;VALIDE;chap->v.8: lui lui soit maintenant
Hebreux 4:0;SKN;62-0401;317;VALIDE;chap->v.2: meme ceux parole servit rien foi ceux lentendirent
Hebreux 4:2;SKN;62-0401;332;VALIDE;avons meme parole foi
Hebreux 11:0;SKN;62-0401;206;VALIDE;chap->v.5: foi fut quil fut parce dieu avant
Hebreux 11:0;SKN;62-0401;281;VALIDE;chap->v.4: foi abel offrit dieu excellent sacrifice cain sacrifice
Hebreux 13:8;SKN;62-0401;266;VALIDE;jesus meme hier aujourdhui
Jean 10:0;SKN;62-0401;63;VALIDE;chap->v.1: verite verite dis celui nentre porte bergerie brebis
Jean 14:0;SKN;62-0401;258;VALIDE;chap->v.10: crois moi pere pere moi moi dis dis
Jean 14:11;SKN;62-0401;233;PARTIEL;commencé, pas achevé — moi pere
Malachie 4:0;SKN;62-0401;328;VALIDE;chap->v.1: jour ceux jour
Malachie 4:0;SKN;62-0401;329;VALIDE;chap->v.1: jour ceux jour
Matthieu 28:19;SKN;62-0401;167;VALIDE;nom pere fils saint
Psaumes 1:0;SKN;62-0401;228;VALIDE;chap->v.3: sera arbre plante pres fruit saison fletrit quil
Zacharie 4:6;SKN;62-0401;359;EXACT;parla cest ici parole force puissance esprit [couverture 7/14]
2 Timothee 3:0;SKN;63-0412M;102;VALIDE;chap->v.8: meme maniere jannes jambres moise ainsi verite hommes
Apocalypse 10:1-7;SKN;63-0412M;171;EXACT;vis autre ange ciel [couverture 5/14]
Apocalypse 13:0;SKN;63-0412M;200;VALIDE;chap->v.10: quelquun quelquun cest
Apocalypse 17:0;SKN;63-0412M;200;VALIDE;chap->v.1: parla viens ici
Deuteronome 4:0;SKN;63-0412M;16;VALIDE;chap->v.10: jour devant leternel dieu horeb leternel assemble moi
Deuteronome 4:10;SKN;63-0412M;16;EXACT;jour devant leternel dieu horeb assemble moi peuple [couverture 12/14]
Hebreux 12:25;SKN;63-0412M;17;EXACT;garde celui parle ceux nont echappe refuserent oracles [couverture 11/14]
2 Timothee 3:0;SKN;63-0707M;325;VALIDE;chap->v.4: traitres enfles plutot dieu
Actes 2:0;SKN;63-0707M;164;VALIDE;chap->v.17: arrivera derniers jours dieu esprit chair vos fils
Actes 2:38;SKN;63-0707M;122;PARTIEL;commencé, pas achevé — christ saint
Apocalypse 17:0;SKN;63-0707M;55;VALIDE;chap->v.17: dieu seule meme
Hebreux 6:0;SKN;63-0707M;233;VALIDE;chap->v.4: impossible ceux ont fois eclaires ont goute don
Hebreux 6:1;SKN;63-0707M;233;EXACT;pourquoi laissant parole christ nouveau fondement repentance [couverture 7/14]
Hebreux 10:0;SKN;63-0707M;247;VALIDE;chap->v.7: alors ecrit moi dieu
Hebreux 13:8;SKN;63-0707M;81;VALIDE;jesus christ meme hier
Hebreux 13:8;SKN;63-0707M;120;VALIDE;jesus christ meme hier
Hebreux 13:8;SKN;63-0707M;159;VALIDE;jesus meme hier
Hebreux 13:8;SKN;63-0707M;226;EXACT;jesus christ meme hier aujourdhui [couverture 5/6]
Hebreux 13:8;SKN;63-0707M;232;VALIDE;jesus christ meme hier
Jean 1:0;SKN;63-0707M;232;VALIDE;chap->v.1: etait parole parole etait dieu parole etait dieu
Jean 14:12;SKN;63-0707M;168;PARTIEL;commencé, pas achevé — fais
Jean 14:12;SKN;63-0707M;226;VALIDE;moi lui fais
Jean 15:0;SKN;63-0707M;226;VALIDE;chap->v.4: demeurez moi moi lui meme demeure meme
actes 2:38;SKN;63-0707M;164;CORRIGE;annoncé Joel 2:38
Marc 16:0;SKN;63-0707M;160;VALIDE;chap->v.17: ici signes accompagneront ceux auront cru nom chasseront
Marc 16:0;SKN;63-0707M;179;VALIDE;chap->v.16: celui cru baptise sera sauve celui cru sera
2 Timothee 3:0;SKN;63-1115;179;VALIDE;chap->v.5: ayant piete ayant renie puissance gens
Apocalypse 6:12;SKN;63-1115;52;EXACT;ouvrit sixieme sceau grand tremblement terre soleil devint [couverture 10/14]
Hebreux 12:25;SKN;63-1115;52;VALIDE;garde celui parle ceux echappe refuserent oracles terre
Hebreux 13:8;SKN;63-1115;210;VALIDE;jesus meme eternellement
Matthieu 10:0;SKN;63-1115;109;VALIDE;chap->v.16: voici moi soyez
2 Timothee 3:0;SKN;63-1201E;58;VALIDE;chap->v.4: enfles dorgueil dieu
Actes 2:38;SKN;63-1201E;101;EXACT;pierre repentez chacun soit baptise nom jesus peches [couverture 9/14]
Apocalypse 3:0;SKN;63-1201E;53;VALIDE;chap->v.12: dieu jamais dehors lui nom dieu nom
Apocalypse 17:0;SKN;63-1201E;49;VALIDE;chap->v.4: femme etait main
2 Timothee 3:0;SKN;64-0726M;163;VALIDE;chap->v.1: ceci derniers jours temps
2 Timothee 3:0;SKN;64-0726M;165;VALIDE;chap->v.5: ayant piete ayant gens
Apocalypse 3:0;SKN;64-0726M;57;VALIDE;chap->v.12: celui dieu jamais nom dieu nom
Apocalypse 11:0;SKN;64-0726M;67;VALIDE;chap->v.15: septieme trompette monde venu
Ezechiel 37:0;SKN;64-0726M;54;VALIDE;chap->v.1: main leternel leternel milieu etait remplie dossements
Malachie 3:0;SKN;64-0726M;110;VALIDE;chap->v.1: voici jenvoie messager preparera chemin devant moi seigneur
Malachie 4:0;SKN;64-0726M;119;VALIDE;chap->v.1: voici jour vient jour vient
Malachie 4:0;SKN;64-0726M;120;VALIDE;chap->v.1: voici jour vient jour vient
Malachie 4:0;SKN;64-0726M;121;VALIDE;chap->v.1: voici jour vient jour vient
2 Timothee 3:1;SKN;62-0603;30;VALIDE;ceci derniers jours temps
Apocalypse 17:0;SKN;62-0603;30;VALIDE;chap->v.1: lun sept anges avaient sept vint parla disant
Exode 34:12;SKN;62-0603;30;VALIDE;garde toi pays lequel vas entrer peur quil
Genese 6:0;SKN;62-0603;30;VALIDE;chap->v.9: ici generations noe noe etait homme juste etait
Jean 5:24;SKN;62-0603;30;VALIDE;verite dis celui entend parole croit envoye vie
Jean 14:0;SKN;62-0603;30;VALIDE;chap->v.10: crois moi suis pere pere moi paroles moi
Malachie 3:0;SKN;62-0603;30;VALIDE;chap->v.7: jours vos peres etes mes avez gardes moi
Malachie 4:0;SKN;62-0603;30;VALIDE;chap->v.6: fera retourner peres fils fils peres peur vienne
Marc 16:0;SKN;62-0603;30;VALIDE;chap->v.9: etant ressuscite matin premier jour semaine apparut marie
Matthieu 11:6;SKN;62-0603;30;PARTIEL;commencé, pas achevé — quiconque moi
Matthieu 24:0;SKN;62-0603;30;VALIDE;chap->v.2: lui voyez choses verite dis sera laisse ici
2 Timothee 4:0;SKN;57-0120M;13;VALIDE;chap->v.5: toi sois choses fais dun evangeliste pleinement
2 Timothee 4:0;SKN;57-0126B;57;VALIDE;chap->v.3: aura temps sain ayant docteurs selon
Actes 2:0;SKN;57-0126B;52;VALIDE;chap->v.29: freres quil soit quil mort quil
Jean 3:16;SKN;57-0126B;51;VALIDE;dieu monde quil unique
Jean 5:19;SKN;57-0126B;59;EXACT;jesus verite dis fils rien lui quil chose [couverture 5/14]
Jean 14:12;SKN;57-0126B;22;VALIDE;verite lui fais parce
Marc 11:24;SKN;57-0126B;22;PARTIEL;commencé, pas achevé — cest croyez
Marc 16:0;SKN;57-0126B;8;VALIDE;chap->v.6: lui jesus nest ici voici lieu lavait mis
Marc 16:0;SKN;57-0126B;13;VALIDE;chap->v.6: lui nest ici voici lavait mis
Marc 16:0;SKN;57-0126B;22;VALIDE;chap->v.6: lui jesus ressuscite nest ici voici lieu
Marc 16:0;SKN;57-0126B;23;VALIDE;chap->v.6: lui jesus ressuscite nest ici voici lieu
Marc 16:0;SKN;57-0126B;26;VALIDE;chap->v.6: lui jesus ressuscite nest ici voici
2 Timothee 4:0;SKN;64-0830E;122;VALIDE;chap->v.8: seigneur juste jour seulement moi
Apocalypse 7:0;SKN;64-0830E;77;VALIDE;chap->v.14: lui seigneur sais ceux grande tribulation ont ont
Apocalypse 10:0;SKN;64-0830E;153;VALIDE;chap->v.7: septieme ange sera sera
Apocalypse 10:0;SKN;64-0830E;154;VALIDE;chap->v.2: main livre terre
Apocalypse 12:0;SKN;64-0830E;132;VALIDE;chap->v.14: deux femme quelle temps
Apocalypse 22:8;SKN;64-0830E;59;VALIDE;cest moi jean choses terre lange
Genese 6:3;SKN;64-0830E;156;PARTIEL;commencé, pas achevé — lhomme ans
Job 14:0;SKN;64-0830E;87;VALIDE;chap->v.22: lui meme ame lui meme
Job 14:21;SKN;64-0830E;86;PARTIEL;commencé, pas achevé — sen
Malachie 3:0;SKN;64-0830E;158;VALIDE;chap->v.1: voici jenvoie messager devant moi seigneur
Malachie 4:0;SKN;64-0830E;76;VALIDE;chap->v.1: jour vient ceux seront jour vient
Malachie 4:0;SKN;64-0830E;77;VALIDE;chap->v.1: jour vient ceux seront jour vient
Malachie 4:0;SKN;64-0830E;154;VALIDE;chap->v.6: cur peres cur peres
Malachie 4:0;SKN;64-0830E;156;VALIDE;chap->v.6: cur peres cur peres
Malachie 4:0;SKN;64-0830E;158;VALIDE;chap->v.6: cur peres fils cur fils peres
Marc 16:0;SKN;64-0830E;121;VALIDE;chap->v.9: etant matin premier jour premierement avait
Marc 16:0;SKN;64-0830E;139;VALIDE;chap->v.18: serpents auront quelque chose cela mains
Marc 16:18;SKN;64-0830E;138;EXACT;serpents auront quelque chose cela mains [couverture 6/13]
Matthieu 24:28;SKN;64-0830E;123;VALIDE;soit sassembleront aigles
Romains 7:14-18;SKN;64-0830E;25;VALIDE;savons loi spirituelle moi suis charnel vendu peche
Actes 1:0;SKN;50-0716;64;VALIDE;chap->v.8: puissance saint serez mes temoins jerusalem judee samarie
Deuteronome 7:14;SKN;50-0716;15;PARTIEL;commencé, pas achevé — parmi
Luc 24:49;SKN;50-0716;64;VALIDE;moi promesse ville jusqua soyez revetus puissance den
Marc 16:0;SKN;50-0716;86;VALIDE;chap->v.17: ici accompagneront ceux auront cru nom chasseront demons
Actes 1:0;VGR;54-0515;101;VALIDE;chap->v.2: jour ciel apres lesprit saint quil
Actes 1:8;VGR;54-0515;90;EXACT;puissance saint esprit serez mes temoins jerusalem judee [couverture 11/14]
Actes 2:0;VGR;54-0515;102;VALIDE;chap->v.4: furent remplis lesprit saint parler dautres langues selon
Actes 2:38;VGR;54-0515;183;EXACT;pierre baptise nom jesus don saint esprit [couverture 7/14]
Actes 2:38;VGR;54-0515;218;EXACT;pierre baptise nom jesus saint esprit [couverture 6/14]
Actes 2:38;VGR;54-0515;219;EXACT;pierre baptise nom jesus saint [couverture 5/14]
Actes 7:48;VGR;54-0515;218;PARTIEL;commencé, pas achevé — haut main
actes 10:44;VGR;54-0515;112;CORRIGE;annoncé Actes 10:49
actes 10:48;VGR;54-0515;218;CORRIGE;annoncé Actes 10:49
Actes 19:5;VGR;54-0515;218;VALIDE;baptises nom seigneur jesus
Apocalypse 7:0;VGR;54-0515;153;VALIDE;chap->v.14: lui dis ceux grande tribulation ont lave robes
Ephesiens 1:13;VGR;54-0515;84;VALIDE;avez scelles saint esprit
Ephesiens 4:30;VGR;54-0515;84;VALIDE;nattristez saint esprit dieu lequel avez scelles jour
Galates 1:8;VGR;54-0515;353;EXACT;ange ciel quil soit anatheme [couverture 5/11]
Galates 1:9;VGR;54-0515;353;EXACT;deja maintenant avez recu quil soit anatheme [couverture 7/12]
Genese 2:0;VGR;54-0515;281;VALIDE;chap->v.7: dieu lhomme poussiere sol vie lhomme ame vivante
Hebreux 13:12;VGR;54-0515;89;EXACT;cest jesus afin sanctifie peuple propre sang souffert [couverture 10/12]
Luc 24:49;VGR;54-0515;90;EXACT;voici moi pere ville jusqua soyez revetus puissance [couverture 10/13]
Matthieu 28:0;VGR;54-0515;277;VALIDE;chap->v.19: allez nom pere fils saint esprit
Matthieu 28:19;VGR;54-0515;169;VALIDE;disciples nom pere fils saint esprit
Matthieu 28:19;VGR;54-0515;176;VALIDE;nom pere fils saint
Matthieu 28:19;VGR;54-0515;181;EXACT;allez faites disciples nations baptisant nom pere fils [couverture 10/10]
Matthieu 28:19;VGR;54-0515;198;EXACT;allez faites disciples nations baptisant nom pere fils [couverture 9/10]
Romains 5:1;VGR;54-0515;88;EXACT;justifies foi avons paix dieu seigneur jesus [couverture 7/10]
Actes 1:0;VGR;59-1219;53;VALIDE;chap->v.12: alors sen jerusalem pres jerusalem dun
Actes 19:5;VGR;59-1219;17;VALIDE;choses seigneur jesus
Hebreux 6:0;VGR;59-1219;191;VALIDE;chap->v.4: impossible ceux ont fois eclaires ont goute don
Hebreux 6:0;VGR;59-1219;203;VALIDE;chap->v.4: ceux ont ont goute don saint
Hebreux 6:4-6;VGR;59-1219;160;VALIDE;ceux ont fois don saint parole
Hebreux 10:0;VGR;59-1219;168;VALIDE;chap->v.26: pechons volontairement apres recu connaissance verite reste sacrifice
Jean 3:0;VGR;59-1219;29;VALIDE;chap->v.3: jesus lui dis quelquun nouveau voir royaume dieu
Jean 3:16;VGR;59-1219;29;VALIDE;dieu tant aime quil donne lui
Jean 5:24;VGR;59-1219;162;VALIDE;dis celui parole croit envoye vie eternelle jugement
Jean 6:0;VGR;59-1219;162;VALIDE;chap->v.35: jesus moi suis vie celui moi jamais celui
Jean 14:0;VGR;59-1219;45;VALIDE;chap->v.10: moi suis pere pere moi moi dis dis
Jean 17:17;VGR;59-1219;39;EXACT;sanctifie verite parole [couverture 4/4]
Luc 24:49;VGR;59-1219;39;PARTIEL;commencé, pas achevé — pere jusqua
Actes 1:0;VGR;60-0911E;77;VALIDE;chap->v.2: jour apres lesprit saint quil
Actes 1:8;VGR;60-0911E;72;EXACT;recevrez puissance saint serez mes temoins jerusalem judee [couverture 10/14]
Actes 1:8;VGR;60-0911E;73;EXACT;recevrez puissance saint serez mes temoins jerusalem judee [couverture 10/14]
Actes 1:8;VGR;60-0911E;80;VALIDE;saint serez mes temoins
Actes 5:32;VGR;60-0911E;89;VALIDE;lui sommes temoins choses saint dieu donne ceux
Actes 7:38;VGR;60-0911E;31;VALIDE;cest lui nos
Actes 19:0;VGR;60-0911E;139;VALIDE;chap->v.2: avez recu saint cru lui saint
Apocalypse 13:0;VGR;60-0911E;50;VALIDE;chap->v.1: vis bete avait dix cornes sept tetes cornes
Apocalypse 17:0;VGR;60-0911E;41;VALIDE;chap->v.1: sept anges avaient sept coupes vint parla disant
Colossiens 1:0;VGR;60-0911E;78;VALIDE;chap->v.18: corps lui commencement premier dentre morts afin choses
Colossiens 1:17;VGR;60-0911E;78;EXACT;lui avant choses subsistent [couverture 6/6]
colossiens 3:11;VGR;60-0911E;155;CORRIGE;annoncé Colossiens 3:26
Ephesiens 4:0;VGR;60-0911E;180;VALIDE;chap->v.9: quil soit quest quil terre
Ephesiens 4:30;VGR;60-0911E;137;EXACT;nattristez saint dieu lequel avez scelles jour redemption [couverture 8/9]
Ephesiens 5:25;VGR;60-0911E;158;PARTIEL;commencé, pas achevé — christ
Galates 3:26;VGR;60-0911E;155;EXACT;etes fils dieu foi christ jesus [couverture 6/6]
Galates 3:26-28;VGR;60-0911E;155;EXACT;etes fils dieu foi christ jesus avez baptises [couverture 6/6]
Genese 1:0;VGR;60-0911E;176;VALIDE;chap->v.26: dieu faisons homme image selon quils mer oiseaux
Hebreux 11:0;VGR;60-0911E;61;VALIDE;chap->v.6: foi lui faut dieu dieu quil ceux
Hebreux 13:8;VGR;60-0911E;89;EXACT;jesus meme hier aujourdhui eternellement [couverture 5/6]
Hebreux 13:12;VGR;60-0911E;157;EXACT;cest jesus afin sanctifie peuple propre sang souffert [couverture 10/12]
Jean 3:5;VGR;60-0911E;163;EXACT;jesus nest deau lesprit entrer royaume dieu [couverture 6/12]
Jean 14:0;VGR;60-0911E;90;VALIDE;chap->v.12: verite verite dis celui croit moi fera lui
Jean 14:12;VGR;60-0911E;90;EXACT;verite dis celui croit moi fera lui uvres [couverture 13/14]
Luc 24:0;VGR;60-0911E;86;VALIDE;chap->v.46: ainsi ecrit ainsi fallait christ quil dentre morts
Luc 24:46;VGR;60-0911E;86;EXACT;ainsi ecrit fallait christ quil dentre morts troisieme [couverture 10/12]
Luc 24:49;VGR;60-0911E;71;EXACT;voici moi jenvoie promesse pere demeurez ville jusqua [couverture 13/13]
Luc 24:49;VGR;60-0911E;118;EXACT;voici moi jenvoie promesse pere demeurez ville jusqua [couverture 13/13]
Marc 16:0;VGR;60-0911E;92;VALIDE;chap->v.14: apparut onze etaient table reprocha incredulite durete cur
Marc 16:0;VGR;60-0911E;117;VALIDE;chap->v.16: celui aura cru aura baptise sera sauve celui
Matthieu 10:0;VGR;60-0911E;111;VALIDE;chap->v.1: appele douze disciples donna esprits chasser guerir maladie
Matthieu 10:1;VGR;60-0911E;105;VALIDE;appele disciples chasser
Matthieu 10:1;VGR;60-0911E;111;VALIDE;appele douze disciples donna esprits chasser guerir maladie
Matthieu 16:18;VGR;60-0911E;10;VALIDE;dis pierre batirai portes prevaudront contre
Matthieu 16:18;VGR;60-0911E;72;EXACT;moi pierre batirai portes contre [couverture 5/10]
Matthieu 28:20;VGR;60-0911E;88;VALIDE;choses voici moi suis jours jusqua siecle
Actes 1:8;SKN;53-0613;14;VALIDE;recevrez puissance saint esprit venant serez mes temoins
Actes 19:0;SKN;53-0613;14;VALIDE;chap->v.2: avez recu lesprit saint apres cru lui navons
Actes 1:8;SKN;53-1111;14;VALIDE;recevrez puissance saint serez mes temoins jerusalem judee
Actes 2:0;SKN;53-1111;13;VALIDE;chap->v.22: hommes jesus homme dieu miracles prodiges dieu
Actes 2:8;SKN;53-1111;14;PARTIEL;commencé, pas achevé — comment sommes
Exode 4:0;SKN;53-1111;13;VALIDE;chap->v.16: parlera toi sera place bouche toi lui place
Hebreux 3:1;SKN;53-1111;102;VALIDE;freres souverain sacrificateur confession jesus
Hebreux 11:0;SKN;53-1111;95;VALIDE;chap->v.13: ceux morts foi recu choses confesse
Marc 11:24;SKN;53-1111;65;PARTIEL;commencé, pas achevé — dis sera
Marc 16:0;SKN;53-1111;64;VALIDE;chap->v.17: accompagneront ceux auront cru nom chasseront demons parleront
Actes 1:8;SKN;54-0724;8;VALIDE;recevrez puissance saint venant serez mes temoins jerusalem
Hebreux 13:8;SKN;54-0724;9;VALIDE;jesus meme hier aujourdhui eternellement
Luc 24:49;SKN;54-0724;8;VALIDE;voici moi promesse pere ville jusqua soyez revetus
Actes 1:8;SKN;56-1125M;114;EXACT;recevrez puissance saint esprit venant mes [couverture 6/14]
Actes 1:8;SKN;57-0115;76;VALIDE;puissance saint serez mes temoins jerusalem judee samarie
Actes 2:0;SKN;57-0115;78;VALIDE;chap->v.2: coup ciel dun impetueux remplit maison etaient assis
Actes 19:0;SKN;57-0115;11;VALIDE;chap->v.2: avez recu lesprit saint apres cru lui meme
Ephesiens 4:30;SKN;57-0115;12;VALIDE;nattristez saint dieu lequel avez jour redemption
Esaie 9:6;SKN;57-0115;44;EXACT;enfant fils donne sera nom dieu fort [couverture 5/14]
Hebreux 3:0;SKN;57-0115;87;VALIDE;chap->v.1: cest pourquoi freres lappel souverain sacrificateur confession jesus
Hebreux 13:8;SKN;57-0115;88;EXACT;jesus christ meme hier aujourdhui eternellement [couverture 5/6]
Jean 4:0;SKN;57-0115;90;VALIDE;chap->v.25: femme lui messie appele christ celui sera venu
Jean 5:19;SKN;57-0115;68;EXACT;jesus verite dis fils rien lui meme quil [couverture 5/14]
Luc 24:49;SKN;57-0115;76;VALIDE;voici moi ville jusqua soyez revetus puissance den
Matthieu 8:0;SKN;57-0115;68;VALIDE;chap->v.17: accompli esaie prophete lui meme pris nos nos
Actes 1:8;SKN;57-0725;16;VALIDE;recevrez puissance saint esprit serez mes temoins jerusalem
Deuteronome 33:0;SKN;57-0725;2;VALIDE;chap->v.7: ceci eternel quil lui lui
Jean 5:19;SKN;57-0725;11;VALIDE;jesus verite dis fils rien lui quil chose
Jean 5:24;SKN;57-0725;19;VALIDE;verite dis celui parole croit envoye vie eternelle
Actes 1:8;SKN;58-0315;45;EXACT;recevrez puissance saint jerusalem terre [couverture 5/14]
Jean 5:19;SKN;58-0315;94;EXACT;jesus verite dis fils rien lui meme quil [couverture 12/14]
Luc 24:49;SKN;58-0315;45;EXACT;voici pere ville jusqua soyez revetus puissance den [couverture 7/13]
Actes 1:8;SKN;58-0510;39;VALIDE;recevrez puissance saint esprit serez mes samarie
Actes 19:0;SKN;58-0510;66;VALIDE;chap->v.4: jean quils venait lui cest
Hebreux 13:8;SKN;58-0510;60;VALIDE;jesus christ meme hier aujourdhui eternellement
Jean 4:0;SKN;58-0510;65;VALIDE;chap->v.9: femme lui toi juif moi suis femme juifs
Jean 5:19;SKN;58-0510;40;EXACT;jesus dis rien lui meme quil chose pere [couverture 5/14]
Jean 11:0;SKN;58-0510;53;VALIDE;chap->v.25: jesus lui moi suis resurrection vie celui croit
Actes 1:8;SKN;62-0120;46;VALIDE;puissance saint serez mes temoins jerusalem judee samarie
Esaie 9:6;SKN;62-0120;50;EXACT;enfant fils donne sera epaule nom dieu [couverture 6/14]
Hebreux 11:0;SKN;62-0120;23;VALIDE;chap->v.5: foi fut quil voie fut trouve parce dieu
Hebreux 13:8;SKN;62-0120;59;EXACT;jesus meme hier aujourdhui eternellement [couverture 5/6]
Hebreux 13:8;SKN;62-0120;85;EXACT;jesus christ meme hier aujourdhui eternellement [couverture 6/6]
Jean 14:12;SKN;62-0120;85;EXACT;dis celui croit moi fera lui fais [couverture 9/14]
Luc 24:49;SKN;62-0120;46;EXACT;voici moi promesse ville jusqua soyez revetus puissance [couverture 6/13]
Marc 11:22;SKN;62-0120;26;VALIDE;jesus foi dieu
Marc 16:0;SKN;62-0120;45;VALIDE;chap->v.16: aura cru aura sera sauve cru sera
Actes 1:8;SKN;62-0607;84;VALIDE;recevrez puissance saint serez mes temoins jerusalem judee
Genese 6:0;SKN;62-0607;36;VALIDE;chap->v.9: noe noe etait homme juste etait temps noe
Genese 6:0;SKN;62-0607;44;VALIDE;chap->v.9: ici noe noe etait homme juste etait parmi
Hebreux 13:8;SKN;62-0607;91;VALIDE;jesus meme hier eternellement
Jean 14:12;SKN;62-0607;78;EXACT;dis celui croit moi fera lui fais grandes [couverture 5/14]
Job 14:0;SKN;62-0607;53;VALIDE;chap->v.14: homme meurt revivra jours detresse etat changer
Luc 24:49;SKN;62-0607;84;VALIDE;voici promesse pere ville soyez revetus puissance
Marc 16:0;SKN;62-0607;89;VALIDE;chap->v.17: ici accompagneront ceux auront cru nom chasseront demons
Matthieu 28:0;SKN;62-0607;79;VALIDE;chap->v.7: allez disciples ressuscite morts devant lai
Actes 1:8;SKN;62-0909M;26;VALIDE;recevrez puissance saint esprit venant serez mes temoins
Hebreux 13:8;SKN;62-0909M;26;VALIDE;jesus christ meme hier eternellement
Jean 5:7;SKN;62-0909M;26;VALIDE;malade lui seigneur nai personne lorsque pendant moi
Jean 5:24;SKN;62-0909M;26;VALIDE;verite dis celui entend parole croit envoye vie
Actes 1:8;SKN;62-1007;141;EXACT;recevrez puissance saint serez mes temoins jerusalem judee [couverture 11/14]
Actes 19:0;SKN;62-1007;139;VALIDE;chap->v.2: avez recu lesprit saint apres cru meme lesprit
Apocalypse 13:0;SKN;62-1007;34;VALIDE;chap->v.4: parce quil avait donne
Jean 5:7;SKN;62-1007;140;VALIDE;seigneur nai leau
Jean 5:24;SKN;62-1007;137;EXACT;celui parole croit envoye vie eternelle mort [couverture 7/14]
Actes 1:8;VGR;56-1125M;114;EXACT;recevrez puissance saint esprit venant serez [couverture 6/14]
Actes 1:8;VGR;59-1216;101;EXACT;recevrez puissance saint serez mes temoins jerusalem judee [couverture 11/14]
Actes 2:0;VGR;59-1216;97;VALIDE;chap->v.17: derniers jours dieu repandrai esprit chair vos fils
Actes 8:14;VGR;59-1216;124;VALIDE;etaient jerusalem ayant avait recu parole dieu pierre
Apocalypse 11:0;VGR;59-1216;93;VALIDE;chap->v.11: apres trois jours lesprit vie dieu eux pieds
Ephesiens 4:30;VGR;59-1216;45;EXACT;nattristez saint dieu lequel avez scelles jour redemption [couverture 8/9]
Ephesiens 4:30;VGR;59-1216;46;EXACT;nattristez saint dieu lequel avez scelles jour redemption [couverture 8/9]
Esaie 28:0;VGR;59-1216;67;VALIDE;chap->v.8: tables pleines sales quil place
Galates 1:8;VGR;59-1216;131;VALIDE;ange venu ciel avons quil soit anatheme
Galates 3:29;VGR;59-1216;40;EXACT;etes christ dabraham heritiers selon promesse [couverture 7/8]
Hebreux 4:0;VGR;59-1216;95;VALIDE;chap->v.10: celui repos lui sest repose uvres dieu sest
Jean 2:1;VGR;59-1216;60;PARTIEL;commencé, pas achevé — jesus
Jean 2:12;VGR;59-1216;60;PARTIEL;commencé, pas achevé — lui
Jean 14:0;VGR;59-1216;52;VALIDE;chap->v.10: moi suis moi moi dis dis moi meme
Jean 14:0;VGR;59-1216;56;VALIDE;chap->v.17: lesprit verite monde recevoir parce quil voit connait
Jean 16:7;VGR;59-1216;59;EXACT;dis verite avantageux moi men aille vais consolateur [couverture 13/14]
Joel 2:28;VGR;59-1216;96;EXACT;apres cela repandrai esprit chair vos fils filles [couverture 12/14]
Luc 24:49;VGR;59-1216;98;VALIDE;voici pere ville jusqua soyez revetus puissance den
Romains 4:0;VGR;59-1216;41;VALIDE;chap->v.11: signe circoncision foi avait quil soit etant
Actes 1:8;VGR;62-0909M;39;EXACT;recevrez puissance saint esprit serez mes temoins [couverture 5/14]
Hebreux 13:8;VGR;62-0909M;91;VALIDE;jesus meme hier aujourdhui eternellement
Jean 5:7;VGR;62-0909M;36;VALIDE;seigneur nai lorsque leau
Jean 5:24;VGR;62-0909M;38;EXACT;dis celui parole croit envoye vie eternelle passe [couverture 7/14]
Actes 1:8;VGR;62-1007;141;EXACT;recevrez puissance saint esprit serez mes temoins jerusalem [couverture 10/14]
Actes 19:0;VGR;62-1007;139;VALIDE;chap->v.4: paul jean baptise bapteme quils celui apres cest
Apocalypse 13:0;VGR;62-1007;34;VALIDE;chap->v.10: quelquun quelquun faut quil cest
Jean 5:7;VGR;62-1007;140;VALIDE;seigneur nai personne leau
Jean 5:24;VGR;62-1007;137;EXACT;verite celui parole croit envoye vie eternelle passe [couverture 7/14]
Actes 1:8;VGR;62-1013;152;EXACT;recevrez puissance saint esprit serez mes temoins jerusalem [couverture 8/14]
Hebreux 13:8;VGR;62-1013;16;EXACT;jesus christ meme hier aujourdhui eternellement [couverture 5/6]
Jean 14:7;VGR;62-1013;19;PARTIEL;commencé, pas achevé — pere maintenant
Jean 15:0;VGR;62-1013;20;VALIDE;chap->v.5: moi suis cep sarments celui moi moi lui
Luc 24:49;VGR;62-1013;152;EXACT;voici moi promesse pere ville jusqua soyez revetus [couverture 11/13]
Actes 2:0;SKN;52-0716;30;VALIDE;chap->v.22: hommes israelites ecoutez paroles jesus homme approuve dieu
Actes 2:22;SKN;52-0716;30;VALIDE;hommes israelites ecoutez paroles jesus homme approuve dieu
Ephesiens 4:30;SKN;52-0716;37;VALIDE;nattristez saint dieu lequel avez scelles jour redemption
Hebreux 9:0;SKN;52-0716;28;VALIDE;chap->v.14: christ eternel lui meme dieu conscience
Jean 5:19;SKN;52-0716;26;EXACT;jesus verite dis fils rien lui meme quil [couverture 6/14]
Jean 16:30;SKN;52-0716;30;EXACT;maintenant savons choses personne cause cela venu dieu [couverture 6/14]
Jean 17:0;SKN;52-0716;34;VALIDE;chap->v.3: cest ici vie quils connaissent seul vrai dieu
Actes 2:0;SKN;54-0103M;42;VALIDE;chap->v.38: pierre baptise nom jesus recevrez don saint
actes 10:48;SKN;54-0103M;42;CORRIGE;annoncé Actes 10:49
Actes 19:0;SKN;54-0103M;44;VALIDE;chap->v.2: avez recu saint apres cru dirent meme saint
Actes 19:5;SKN;54-0103M;41;VALIDE;baptises nom jesus
Apocalypse 1:0;SKN;54-0103M;99;VALIDE;chap->v.5: part jesus christ terre laves
Apocalypse 6:0;SKN;54-0103M;194;VALIDE;chap->v.9: ouvrit cinquieme sceau vis dieu
Apocalypse 11:0;SKN;54-0103M;69;VALIDE;chap->v.6: ont pouvoir fermer ciel afin jours prophetie ont
Apocalypse 11:0;SKN;54-0103M;70;VALIDE;chap->v.6: ont pouvoir fermer ciel afin jours prophetie ont
Ephesiens 4:30;SKN;54-0103M;210;EXACT;saint dieu lequel avez scelles jour redemption [couverture 7/9]
Ezechiel 9:0;SKN;54-0103M;208;VALIDE;chap->v.4: ville jerusalem marque hommes soupirent gemissent cause
Luc 21:24;SKN;54-0103M;51;EXACT;parmi nations jerusalem sera pieds [couverture 6/14]
Marc 16:0;SKN;54-0103M;33;VALIDE;chap->v.16: celui baptise sera sauve celui sera
Matthieu 2:0;SKN;54-0103M;54;VALIDE;chap->v.15: fut mort afin fut accompli avait prophete disant
Actes 2:0;SKN;54-0514;257;VALIDE;chap->v.47: louant dieu peuple seigneur ceux
Apocalypse 7:0;SKN;54-0514;239;VALIDE;chap->v.1: apres cela vis quatre anges debout quatre coins
Apocalypse 12:0;SKN;54-0514;52;VALIDE;chap->v.1: grand signe femme soleil lune pieds tete
Ephesiens 4:30;SKN;54-0514;165;EXACT;saint dieu lequel avez scelles jour redemption [couverture 7/9]
Ephesiens 4:30;SKN;54-0514;173;EXACT;saint dieu lequel avez scelles jour redemption [couverture 7/9]
Ephesiens 4:30;SKN;54-0514;261;VALIDE;saint dieu jour
Ezechiel 9:0;SKN;54-0514;164;VALIDE;chap->v.8: frappaient reste seigneur eternel reste
Hebreux 12:0;SKN;54-0514;52;VALIDE;chap->v.1: grande nuee temoins fardeau peche enveloppe
Hebreux 13:8;SKN;54-0514;38;VALIDE;jesus meme hier eternellement
Jean 17:17;SKN;54-0514;150;EXACT;sanctifie verite parole [couverture 4/4]
Actes 2:0;SKN;54-0809A;49;VALIDE;chap->v.22: hommes israelites jesus homme dieu miracles prodiges signes
Ephesiens 4:30;SKN;54-0809A;28;VALIDE;nattristez saint dieu lequel avez scelles jour redemption
Genese 1:0;SKN;54-0809A;14;VALIDE;chap->v.10: dieu sec terre dieu cela etait bon
Actes 2:0;SKN;54-1024;111;VALIDE;chap->v.22: israelites jesus homme dieu miracles prodiges signes dieu
Ephesiens 4:30;SKN;54-1024;56;EXACT;saint esprit dieu lequel avez scelles jour redemption [couverture 8/9]
Genese 3:0;SKN;54-1024;124;VALIDE;chap->v.5: dieu yeux serez dieu connaissant
Romains 8:1;SKN;54-1024;36;VALIDE;maintenant aucune condamnation ceux christ jesus
Actes 2:0;SKN;54-1231;68;VALIDE;chap->v.38: pierre baptise nom jesus peches don saint
Actes 2:38;SKN;54-1231;76;EXACT;pierre repentez chacun jesus don [couverture 5/14]
Jean 5:24;SKN;54-1231;84;EXACT;celui parole croit envoye vie eternelle [couverture 7/14]
Actes 2:0;SKN;55-0302;20;VALIDE;chap->v.22: hommes israelites jesus homme dieu prodiges signes dieu
Amos 8:11;SKN;55-0302;48;VALIDE;seigneur famine pain dentendre
Actes 2:0;SKN;55-0625;38;VALIDE;chap->v.38: pierre nom jesus christ peches don saint esprit
Jean 1:0;SKN;55-0625;21;VALIDE;chap->v.1: commencement etait parole parole etait dieu parole etait
Jean 5:0;SKN;55-0625;36;VALIDE;chap->v.19: jesus verite verite dis fils rien lui meme
Jean 5:19;SKN;55-0625;36;EXACT;jesus verite dis fils rien lui meme quil [couverture 7/14]
Jean 11:0;SKN;55-0625;24;VALIDE;chap->v.6: apres quil lazare etait malade deux jours etait
Jean 14:1;SKN;55-0625;4;VALIDE;soit trouble croyez dieu moi
Actes 2:0;SKN;55-0806;42;VALIDE;chap->v.22: hommes israelites ecoutez jesus homme dieu miracles prodiges
actes 10:48;SKN;55-0806;54;CORRIGE;annoncé Actes 10:49
Hebreux 13:8;SKN;55-0806;13;VALIDE;jesus meme hier eternellement
Jean 5:0;SKN;55-0806;48;VALIDE;chap->v.3: etaient couches boiteux gens avaient membres attendant mouvement
Jean 5:19;SKN;55-0806;72;EXACT;jesus verite dis fils rien lui meme voie [couverture 7/14]
Jean 14:7;SKN;55-0806;53;PARTIEL;commencé, pas achevé — pere maintenant
Luc 2:0;SKN;55-0806;34;VALIDE;chap->v.25: voici avait homme nom etait homme etait juste
Marc 16:0;SKN;55-0806;58;VALIDE;chap->v.17: ici signes accompagneront ceux auront cru demons langues
Actes 2:0;SKN;55-0815;31;VALIDE;chap->v.22: hommes israelites ecoutez paroles jesus homme dieu aupres
Jean 5:0;SKN;55-0815;28;VALIDE;chap->v.19: jesus verite verite dis fils rien lui meme
Jean 5:19;SKN;55-0815;28;EXACT;jesus verite dis fils rien lui meme chose [couverture 8/14]
Jean 5:19;SKN;55-0815;29;EXACT;jesus verite dis fils rien lui meme chose [couverture 9/14]
Actes 2:0;SKN;55-1008;66;VALIDE;chap->v.22: hommes israelites ecoutez jesus homme approuve dieu miracles
Actes 19:0;SKN;55-1008;63;VALIDE;chap->v.2: avez recu lesprit saint apres cru lui meme
Ephesiens 4:30;SKN;55-1008;38;VALIDE;nattristez saint dieu lequel avez scelles jour redemption
Esaie 28:8;SKN;55-1008;39;VALIDE;tables pleines sorte quil place
Hebreux 3:0;SKN;55-1008;25;VALIDE;chap->v.1: cest freres souverain sacrificateur confession jesus
Hebreux 4:0;SKN;55-1008;40;VALIDE;chap->v.8: josue avait donne repos parle cela dun autre
Jean 3:0;SKN;55-1008;73;VALIDE;chap->v.18: celui croit lui nest celui croit deja parce
Jean 3:16;SKN;55-1008;20;EXACT;dieu aime monde quil donne afin lui [couverture 8/14]
Jean 5:19;SKN;55-1008;81;EXACT;jesus verite dis fils rien lui meme quil [couverture 6/14]
Actes 2:0;SKN;55-1113;63;VALIDE;chap->v.22: hommes israelites ecoutez jesus homme dieu aupres miracles
Jean 5:0;SKN;55-1113;54;VALIDE;chap->v.19: jesus verite verite dis fils rien lui meme
Jean 5:0;SKN;55-1113;60;VALIDE;chap->v.19: jesus verite verite dis fils rien lui meme
Jean 5:19;SKN;55-1113;62;EXACT;jesus verite dis fils rien lui meme quil [couverture 6/14]
Jean 14:7;SKN;55-1113;62;PARTIEL;commencé, pas achevé — pere maintenant
Marc 16:0;SKN;55-1113;33;VALIDE;chap->v.6: jesus ressuscite nest ici voici mis
Marc 16:0;SKN;55-1113;34;VALIDE;chap->v.11: ceux quil etait vivant quil avait delle
Actes 2:0;SKN;56-0115;2;VALIDE;chap->v.17: derniers jours dieu repandrai esprit chair vos fils
Apocalypse 11:0;SKN;56-0115;13;VALIDE;chap->v.6: ceux pouvoir ciel afin quil tombe jours pouvoir
Jean 17:0;SKN;56-0115;40;VALIDE;chap->v.3: cest ici vie eternelle quils seul dieu celui
Joel 2:0;SKN;56-0115;2;VALIDE;chap->v.28: apres cela repandrai esprit chair vos fils vos
Joel 2:28;SKN;56-0115;2;VALIDE;apres cela repandrai esprit chair vos fils filles
Actes 2:0;SKN;56-0121;56;VALIDE;chap->v.38: pierre repentez chacun soit baptise nom jesus peches
Apocalypse 1:0;SKN;56-0121;78;VALIDE;chap->v.8: moi suis lalpha lomega seigneur dieu etait
Actes 2:0;SKN;56-0122;29;VALIDE;chap->v.17: derniers jours dieu repandrai esprit chair vos fils
Ephesiens 4:30;SKN;56-0122;93;VALIDE;saint dieu lequel avez jour redemption
Hebreux 1:0;SKN;56-0122;69;VALIDE;chap->v.5: jamais fils moi moi serai pere sera
Hebreux 11:0;SKN;56-0122;69;VALIDE;chap->v.4: foi abel offrit dieu excellent sacrifice cain sacrifice
Jean 3:0;SKN;56-0122;111;VALIDE;chap->v.14: moise eleva serpent desert faut fils soit eleve
Joel 2:0;SKN;56-0122;29;VALIDE;chap->v.28: apres cela repandrai esprit chair vos fils vos
Romains 9:0;SKN;56-0122;37;VALIDE;chap->v.3: moi meme christ mes freres mes
Actes 2:0;SKN;56-0403;47;VALIDE;chap->v.22: hommes israelites jesus homme approuve dieu miracles prodiges
Jean 7:12;SKN;56-0403;42;VALIDE;avait grande homme
Actes 2:0;SKN;56-0419;42;VALIDE;chap->v.33: ayant droite dieu ayant part pere lesprit saint
Ephesiens 4:30;SKN;56-0419;49;VALIDE;nattristez saint esprit dieu lequel avez jour redemption
Hebreux 8:0;SKN;56-0419;16;VALIDE;chap->v.10: cest ici apres jours seigneur mes
Jean 5:0;SKN;56-0419;35;VALIDE;chap->v.19: jesus dis rien lui meme quil voie chose
Jean 5:0;SKN;56-0419;36;VALIDE;chap->v.19: jesus verite verite dis fils rien lui meme
Jean 5:0;SKN;56-0419;38;VALIDE;chap->v.19: jesus verite verite dis fils rien lui meme
Marc 16:0;SKN;56-0419;47;VALIDE;chap->v.16: celui cru baptise sera sauve celui cru sera
Actes 2:0;SKN;56-1004;41;VALIDE;chap->v.2: coup ciel souffle violent impetueux remplit maison etaient
Jean 19:0;SKN;56-1004;61;VALIDE;chap->v.38: apres choses joseph etait jesus secret
Matthieu 22:0;SKN;56-1004;14;VALIDE;chap->v.32: moi suis dieu dieu dieu dieu dieu
Psaumes 1:0;SKN;56-1004;7;VALIDE;chap->v.2: loi loi jour
Actes 2:0;SKN;57-0925;108;VALIDE;chap->v.38: pierre repentez chacun soit baptise nom jesus christ
Actes 2:0;SKN;57-0925;158;VALIDE;chap->v.38: baptise nom jesus remission peches saint
Actes 2:0;SKN;57-0925;213;VALIDE;chap->v.22: hommes jesus homme approuve dieu prodiges signes dieu
Actes 2:38;SKN;57-0925;103;VALIDE;chacun jesus don
Actes 2:38;SKN;57-0925;105;VALIDE;nom jesus don saint
Actes 2:38;SKN;57-0925;107;EXACT;pierre repentez chacun soit baptise nom jesus christ [couverture 5/14]
Actes 2:38;SKN;57-0925;109;EXACT;pierre repentez chacun soit baptise nom jesus christ [couverture 12/14]
Actes 2:38;SKN;57-0925;115;VALIDE;baptise jesus don
actes 10:48;SKN;57-0925;111;CORRIGE;annoncé Actes 10:49
Apocalypse 11:0;SKN;57-0925;7;VALIDE;chap->v.1: donne toi temple dieu
Apocalypse 11:0;SKN;57-0925;38;VALIDE;chap->v.17: seigneur dieu celui etait pris
Ephesiens 4:30;SKN;57-0925;50;EXACT;saint dieu lequel avez scelles jour redemption [couverture 7/9]
Ezechiel 9:0;SKN;57-0925;40;VALIDE;chap->v.6: hommes vierges femmes ont
Galates 1:8;SKN;57-0925;161;VALIDE;ange ciel soit anatheme
Genese 3:8;SKN;57-0925;178;EXACT;entendirent voix dieu jardin jour femme cacherent milieu [couverture 7/14]
Genese 3:8;SKN;57-0925;217;VALIDE;jardin jour femme
Hebreux 11:1;SKN;57-0925;168;PARTIEL;commencé, pas achevé — foi
Jean 6:0;SKN;57-0925;184;VALIDE;chap->v.32: jesus pain vient ciel pain vient
Luc 16:16;SKN;57-0925;156;EXACT;loi prophetes ont jean lors royaume annonce [couverture 7/13]
Matthieu 25:46;SKN;57-0925;17;PARTIEL;commencé, pas achevé — ceux
Matthieu 25:46;SKN;57-0925;24;VALIDE;ceux iront vie
Matthieu 25:46;SKN;57-0925;25;EXACT;ceux iront justes vie eternelle [couverture 5/8]
Matthieu 28:0;SKN;57-0925;129;VALIDE;chap->v.19: nom pere fils saint
Matthieu 28:19;SKN;57-0925;103;PARTIEL;commencé, pas achevé — pere
Matthieu 28:19;SKN;57-0925;105;EXACT;allez faites disciples nations baptisant nom pere fils [couverture 9/10]
Matthieu 28:19;SKN;57-0925;107;EXACT;allez faites disciples nations baptisant nom pere fils [couverture 9/10]
Matthieu 28:19;SKN;57-0925;114;PARTIEL;commencé, pas achevé — fils
Matthieu 28:19;SKN;57-0925;146;EXACT;faites disciples nations baptisant nom pere fils saint [couverture 8/10]
Matthieu 28:19;SKN;57-0925;176;VALIDE;disciples nom saint
Actes 2:0;SKN;58-0316A;79;VALIDE;chap->v.30: etant dieu lui avait quil quelquun
Deuteronome 32:1-12;SKN;58-0316A;2;PARTIEL;commencé, pas achevé — bouche
Jean 3:16;SKN;58-0316A;79;VALIDE;dieu tant aime monde quil donne fils unique
Actes 2:0;SKN;58-0523;38;VALIDE;chap->v.17: dieu esprit vos fils vos vos
Actes 4:0;SKN;58-0523;28;VALIDE;chap->v.17: afin cela parmi peuple parler nom
actes 10:48;SKN;58-0523;38;CORRIGE;annoncé Actes 10:49
Hebreux 13:8;SKN;58-0523;10;VALIDE;jesus meme hier aujourdhui eternellement
Jean 4:0;SKN;58-0523;61;VALIDE;chap->v.9: femme lui toi juif moi femme juifs nont
Jean 5:19;SKN;58-0523;21;EXACT;jesus verite dis fils rien lui meme quil [couverture 5/14]
Jean 6:0;SKN;58-0523;24;VALIDE;chap->v.32: jesus verite verite dis moise donne vient pere
Jean 12:20;SKN;58-0523;10;VALIDE;avait quelques grecs dentre ceux etaient montes adorer
Psaumes 103:3;SKN;58-0523;13;EXACT;cest lui pardonne iniquites guerit [couverture 5/8]
Actes 2:0;SKN;58-0927;133;VALIDE;chap->v.17: chair vos fils vos filles prophetiseront vos
Actes 2:0;SKN;58-0927;187;VALIDE;chap->v.2: fit coup ciel dun impetueux remplit maison etaient
Actes 2:0;SKN;58-0927;188;VALIDE;chap->v.2: fit coup ciel dun impetueux remplit maison etaient
Apocalypse 1:0;SKN;58-0927;180;VALIDE;chap->v.4: jean sept part etait part sept devant
Apocalypse 2:20;SKN;58-0927;179;VALIDE;jai contre toi laisses femme prophetesse enseigne mes
Apocalypse 13:0;SKN;58-0927;38;VALIDE;chap->v.5: lui fut donne choses pouvoir lui fut donne
Apocalypse 13:0;SKN;58-0927;60;VALIDE;chap->v.18: ici sagesse celui lintelligence nombre bete cest nombre
Apocalypse 17:0;SKN;58-0927;31;VALIDE;chap->v.1: sept anges sept coupes vint parla disant viens
Apocalypse 19:2;SKN;58-0927;110;EXACT;jugements veritables justes juge grande prostituee corrompait terre [couverture 11/14]
Deuteronome 23:0;SKN;58-0927;74;VALIDE;chap->v.2: illegitime nentrera leternel meme generation nentrera leternel
Galates 1:8;SKN;58-0927;160;EXACT;ange ciel quil soit anatheme [couverture 5/11]
Genese 3:16;SKN;58-0927;150;VALIDE;femme tes desir mari
Genese 3:16;SKN;58-0927;152;VALIDE;femme tes desir mari lui
Romains 8:0;SKN;58-0927;108;VALIDE;chap->v.32: celui meme livre don
Romains 8:0;SKN;58-0927;224;VALIDE;chap->v.30: ceux quil predestines appeles ceux quil appeles justifies
Actes 2:0;SKN;59-0418;35;VALIDE;chap->v.2: coup ciel dun impetueux remplit maison etaient assis
Jean 4:0;SKN;59-0418;69;VALIDE;chap->v.25: femme lui sais messie appele vient celui sera
Jean 4:0;SKN;59-0418;71;VALIDE;chap->v.25: femme lui sais messie appele celui sera venu
Actes 2:0;SKN;59-1115;93;VALIDE;chap->v.38: pierre repentez chacun soit baptise nom jesus christ
Esther 9:0;SKN;59-1115;52;VALIDE;chap->v.4: etait grand maison homme toujours
Marc 16:0;SKN;59-1115;85;VALIDE;chap->v.17: ici signes accompagneront ceux auront cru nom chasseront
Psaumes 22:0;SKN;59-1115;67;VALIDE;chap->v.9: cest toi mas porte mas donne
Actes 2:0;SKN;60-0724;49;VALIDE;chap->v.22: paroles jesus homme dieu miracles prodiges dieu
Actes 19:0;SKN;60-0724;22;VALIDE;chap->v.22: envoye deux lui meme quelque temps
Apocalypse 13:0;SKN;60-0724;68;VALIDE;chap->v.5: fut donne choses pouvoir mois fut donne
Esaie 9:6;SKN;60-0724;36;VALIDE;enfant fils donne sera epaule nom conseiller dieu
Hebreux 4:0;SKN;60-0724;95;VALIDE;chap->v.12: parole dieu penetrante epee deux tranchants jusqua lesprit
Jean 5:19;SKN;60-0724;95;VALIDE;jesus dis rien lui meme quil voie chose
Jean 14:0;SKN;60-0724;2;VALIDE;chap->v.10: moi suis moi moi dis dis moi meme
Matthieu 24:35;SKN;60-0724;27;VALIDE;ciel terre passeront mes paroles
Actes 2:0;SKN;60-0807;13;VALIDE;chap->v.5: avait juifs jerusalem hommes pieux nation ceux ciel
Actes 2:0;SKN;60-0807;19;VALIDE;chap->v.5: avait juifs jerusalem hommes nation ceux
Actes 2:4;SKN;60-0807;9;VALIDE;furent remplis saint parler langues selon donnait
Actes 2:4;SKN;60-0807;15;EXACT;furent remplis saint parler langues selon donnait [couverture 7/12]
Actes 2:4;SKN;60-0807;19;VALIDE;saint parler langues
Actes 2:4;SKN;60-0807;25;VALIDE;remplis saint parler langues
Actes 2:38;SKN;60-0807;2;EXACT;repentez chacun soit baptise nom jesus peches recevrez [couverture 11/14]
Actes 8:0;SKN;60-0807;19;VALIDE;chap->v.14: etaient jerusalem avait recu dieu pierre
Actes 10:44;SKN;60-0807;9;VALIDE;pierre prononcait mots saint ceux parole
actes 10:44;SKN;60-0807;9;CORRIGE;annoncé Actes 10:49
actes 10:46;SKN;60-0807;19;CORRIGE;annoncé Actes 10:49
Actes 19:5;SKN;60-0807;9;VALIDE;choses furent jesus
Actes 19:6;SKN;60-0807;9;VALIDE;paul impose mains saint vint eux langues
Actes 2:0;SKN;60-1125;52;VALIDE;chap->v.38: pierre repentez chacun soit baptise nom jesus christ
Actes 4:0;SKN;60-1125;56;VALIDE;chap->v.12: salut autre dautre nom ciel soit donne parmi
Exode 19:0;SKN;60-1125;33;VALIDE;chap->v.1: mois apres disrael meme jour
job 7:4;SKN;60-1125;55;CORRIGE;annoncé Job 7:27
Joel 2:28;SKN;60-1125;50;VALIDE;apres cela repandrai esprit chair vos fils filles
Actes 2:0;SKN;60-1127M;23;VALIDE;chap->v.17: jours dieu esprit chair fils filles
Actes 19:0;SKN;60-1127M;46;VALIDE;chap->v.2: avez recu lesprit saint cru lui meme lesprit
Genese 1:0;SKN;60-1127M;16;VALIDE;chap->v.25: dieu fit terre selon espece selon espece selon
Marc 11:22;SKN;60-1127M;7;PARTIEL;commencé, pas achevé — jesus dieu
Actes 2:0;SKN;60-1205;157;VALIDE;chap->v.38: baptise nom jesus don saint esprit
Actes 19:0;SKN;60-1205;103;VALIDE;chap->v.2: avez recu saint apres cru lui meme saint
Galates 1:8;SKN;60-1205;203;VALIDE;ange ciel soit anatheme
Hebreux 6:0;SKN;60-1205;236;VALIDE;chap->v.7: terre pluie vient souvent herbes dieu
Hebreux 11:0;SKN;60-1205;41;VALIDE;chap->v.37: vetus peaux brebis peaux chevres besoin
Hebreux 13:8;SKN;60-1205;121;VALIDE;jesus meme hier
Marc 16:0;SKN;60-1205;43;VALIDE;chap->v.9: etant premier jour sept
Matthieu 5:0;SKN;60-1205;89;VALIDE;chap->v.44: dis aimez ceux maudissent faites ceux ceux font
Actes 2:0;SKN;61-0209;33;VALIDE;chap->v.33: ayant dieu ayant part pere saint promis voyez
Exode 19:0;SKN;61-0209;29;VALIDE;chap->v.5: maintenant ecoutez gardez alliance propre terre
Galates 3:0;SKN;61-0209;22;VALIDE;chap->v.16: cest abraham ont plusieurs dun seul christ
Genese 12:0;SKN;61-0209;16;VALIDE;chap->v.4: sen lui avait sen lui etait
Jean 15:0;SKN;61-0209;46;VALIDE;chap->v.19: monde monde serait parce monde moi monde cela
Actes 2:0;SKN;61-0210;40;VALIDE;chap->v.24: dieu delie netait quil soit
Actes 19:0;SKN;61-0210;189;VALIDE;chap->v.4: paul jean baptise bapteme repentance disant peuple celui
Daniel 12:0;SKN;61-0210;78;VALIDE;chap->v.3: brilleront ceux etoiles toujours perpetuite
Ephesiens 4:30;SKN;61-0210;191;EXACT;nattristez saint dieu lequel avez scelles jour redemption [couverture 5/9]
Galates 1:8;SKN;61-0210;189;EXACT;ange ciel avons quil soit anatheme [couverture 6/11]
Genese 1:26;SKN;61-0210;105;PARTIEL;commencé, pas achevé — dieu selon
Genese 13:14;SKN;61-0210;201;VALIDE;apres separe lui tes
Genese 13:16;SKN;61-0210;57;EXACT;semence sera poussiere terre compter [couverture 9/13]
Genese 15:0;SKN;61-0210;201;VALIDE;chap->v.4: lui celui sera celui tes lui
Genese 15:5;SKN;61-0210;58;EXACT;dehors regarde compte etoiles peux compter lui ainsi [couverture 9/13]
Genese 17:1;SKN;61-0210;201;VALIDE;etait lui suis dieu
Genese 22:14;SKN;61-0210;200;PARTIEL;commencé, pas achevé — abraham sera
Actes 2:0;SKN;61-0318;58;VALIDE;chap->v.38: pierre soit baptise nom jesus don saint
Apocalypse 1:3;SKN;61-0318;39;PARTIEL;commencé, pas achevé — choses temps
Apocalypse 11:0;SKN;61-0318;38;VALIDE;chap->v.11: apres trois jours vie dieu
Matthieu 12:0;SKN;61-0318;95;VALIDE;chap->v.10: avait homme avait main jour afin
Actes 2:0;SKN;61-0319;89;VALIDE;chap->v.33: dieu recu part pere saint promis voyez
Actes 2:38;SKN;61-0319;89;VALIDE;pierre jesus saint
Apocalypse 2:20;SKN;61-0319;59;PARTIEL;commencé, pas achevé — femme prophetesse
Apocalypse 13:0;SKN;61-0319;31;VALIDE;chap->v.5: lui fut donne grandes pouvoir lui fut donne
Apocalypse 17:17;SKN;61-0319;31;VALIDE;dieu meme donner bete
Malachie 3:0;SKN;61-0319;85;VALIDE;chap->v.1: voici messager chemin devant moi seigneur viendra
Malachie 4:0;SKN;61-0319;85;VALIDE;chap->v.5: voici elie prophete avant grand jour
Matthieu 17:0;SKN;61-0319;84;VALIDE;chap->v.1: apres jours jesus lui jean frere
Actes 2:0;SKN;61-0410;37;VALIDE;chap->v.22: hommes jesus homme dieu prodiges signes dieu
Esaie 1:18;SKN;61-0410;8;VALIDE;venez plaidons leternel vos peches cramoisi deviendront blancs
Galates 1:8;SKN;61-0410;61;VALIDE;memes ange ciel quil soit anatheme
Joel 2:0;SKN;61-0410;83;VALIDE;chap->v.11: leternel devant grand parole jour leternel grand
Luc 24:49;SKN;61-0410;74;EXACT;moi pere ville jusqua den haut [couverture 5/13]
Actes 2:0;SKN;61-0808;71;VALIDE;chap->v.17: arrivera derniers jours dieu esprit vos vos vos
Apocalypse 7:0;SKN;61-0808;71;VALIDE;chap->v.14: dis seigneur sais ceux ont ont sang
Jean 5:24;SKN;61-0808;59;EXACT;celui parole croit envoye vie eternelle vient jugement [couverture 10/14]
Actes 2:0;SKN;61-0813;16;VALIDE;chap->v.38: pierre chacun baptise nom jesus peches recevrez don
Actes 2:0;SKN;61-0813;23;VALIDE;chap->v.4: remplis lesprit saint langues selon lesprit
Jacques 5:14;SKN;61-0813;13;EXACT;quelquun parmi malade quil appelle anciens quils prient [couverture 10/14]
Actes 2:0;SKN;62-0407;125;VALIDE;chap->v.38: pierre soit nom jesus peches don saint
Apocalypse 3:1-3;SKN;62-0407;93;VALIDE;voici sept dieu
Apocalypse 13:0;SKN;62-0407;100;VALIDE;chap->v.15: lui fut donne donner limage bete limage bete
Apocalypse 17:0;SKN;62-0407;97;VALIDE;chap->v.17: dieu seule meme donner jusqua
Apocalypse 21:0;SKN;62-0407;24;VALIDE;chap->v.7: choses lui dieu lui sera fils
Deuteronome 18:22;SKN;62-0407;44;EXACT;prophete parlera leternel chose cest parole dite [couverture 6/14]
Genese 1:11;SKN;62-0407;36;VALIDE;dieu terre semence selon espece
Hebreux 2:4;SKN;62-0407;37;EXACT;dieu temoignage eux signes prodiges divers miracles saint [couverture 6/14]
Hebreux 2:4;SKN;62-0407;66;VALIDE;dieu temoignage signes prodiges lesprit saint selon
Jean 15:0;SKN;62-0407;98;VALIDE;chap->v.5: moi suis cep sarments celui moi moi celui
Luc 17:0;SKN;62-0407;110;VALIDE;chap->v.4: fois jour toi fois toi disant lui
Malachie 3:0;SKN;62-0407;43;VALIDE;chap->v.16: alors ceux leternel ont parle lun leternel livre
Malachie 3:0;SKN;62-0407;83;VALIDE;chap->v.7: jours vos peres detournes mes moi leternel
Malachie 4:0;SKN;62-0407;81;VALIDE;chap->v.1: jour vient ceux jour vient
Marc 16:0;SKN;62-0407;66;VALIDE;chap->v.11: ceux quil etait quil avait
Genese 1:11;SKN;62-0407;39;CORRIGE;annoncé Matthieu 11:6
Matthieu 12:24;SKN;62-0407;105;PARTIEL;commencé, pas achevé — cela
Matthieu 13:24;SKN;62-0407;107;VALIDE;disant homme bonne
Matthieu 24:0;SKN;62-0407;46;VALIDE;chap->v.24: faux faux prophetes signes prodiges maniere possible meme
Matthieu 24:0;SKN;62-0407;51;VALIDE;chap->v.2: lui repondant voyez choses verite dis ici
Matthieu 24:0;SKN;62-0407;73;VALIDE;chap->v.21: aura quil jusqua maintenant quil aura jamais
Matthieu 24:0;SKN;62-0407;110;VALIDE;chap->v.21: alors aura quil jusqua maintenant quil aura
Zacharie 14:7;SKN;62-0407;115;VALIDE;sera jour leternel nuit temps soir aura lumiere
Actes 2:0;SKN;62-0624;11;VALIDE;chap->v.30: etant dieu lui avait quil quelquun
Genese 22:16;SKN;62-0624;42;VALIDE;jai moi leternel parce chose fils
Malachie 3:0;SKN;62-0624;57;VALIDE;chap->v.16: alors ceux leternel ont lun lautre leternel ecrit
Malachie 4:0;SKN;62-0624;55;VALIDE;chap->v.5: elie prophete avant vienne grand jour leternel
Malachie 4:0;SKN;62-0624;57;VALIDE;chap->v.5: elie prophete avant vienne grand jour leternel
Matthieu 11:6;SKN;62-0624;56;PARTIEL;commencé, pas achevé — moi
Actes 2:0;SKN;63-0123;208;VALIDE;chap->v.38: pierre repentez chacun baptise nom jesus christ peches
Galates 1:8;SKN;63-0123;227;EXACT;ange ciel quil soit anatheme [couverture 5/11]
Hebreux 13:8;SKN;63-0123;293;PARTIEL;commencé, pas achevé — jesus meme
Jean 3:16;SKN;63-0123;48;EXACT;dieu tant aime monde quil donne fils unique [couverture 14/14]
Jean 3:16;SKN;63-0123;86;VALIDE;dieu quil lui
Jean 5:19;SKN;63-0123;291;EXACT;jesus verite dis fils rien lui meme quil [couverture 9/14]
Jean 14:12;SKN;63-0123;242;EXACT;celui croit moi fera lui fais [couverture 8/14]
Malachie 4:0;SKN;63-0123;282;VALIDE;chap->v.1: jour vient jour vient
Philippiens 2:5;SKN;63-0123;32;VALIDE;quil christ jesus
Actes 2:0;SKN;63-0608;111;VALIDE;chap->v.33: dieu part pere saint promis voyez
Actes 4:0;SKN;63-0608;90;VALIDE;chap->v.10: peuple nom jesus avez dieu ressuscite cest
actes 10:44;SKN;63-0608;82;CORRIGE;annoncé Actes 10:49
Actes 19:0;SKN;63-0608;82;VALIDE;chap->v.2: avez recu lesprit saint apres cru lui navons
Actes 2:0;SKN;63-0628E;78;VALIDE;chap->v.38: pierre repentez chacun soit baptise nom jesus christ
Hebreux 13:8;SKN;63-0628E;10;EXACT;jesus meme hier aujourdhui eternellement [couverture 5/6]
Jean 14:12;SKN;63-0628E;78;VALIDE;verite dis celui croit moi fera lui uvres
Marc 11:23;SKN;63-0628E;20;EXACT;dis montagne ote cur quil aura [couverture 5/14]
Marc 12:0;SKN;63-0628E;26;VALIDE;chap->v.29: lui repondit ecoute seigneur dieu seigneur
Matthieu 11:22;SKN;63-0628E;20;VALIDE;dis sort sera
Matthieu 24:0;SKN;63-0628E;30;VALIDE;chap->v.2: lui voyez dis sera laisse pierre pierre
Romains 8:0;SKN;63-0628E;58;VALIDE;chap->v.5: selon choses selon choses lesprit
Actes 2:0;SKN;63-0628M;231;VALIDE;chap->v.46: jours dun commun accord
Actes 19:0;SKN;63-0628M;77;VALIDE;chap->v.27: tombe grande soit rien quil
Apocalypse 17:0;SKN;63-0628M;92;VALIDE;chap->v.5: avait nom grande mere
Actes 2:0;SKN;63-1201M;24;VALIDE;chap->v.30: etant prophete sachant dieu lui avait jure serment
Actes 20:24;SKN;63-1201M;102;EXACT;fais aucun cas vie moi jai [couverture 6/14]
Apocalypse 22:19;SKN;63-1201M;95;EXACT;quelquun quelque chose paroles livre dieu part vie [couverture 8/14]
Apocalypse 22:19;SKN;63-1201M;106;VALIDE;quelquun quelque chose
Esaie 9:6;SKN;63-1201M;64;PARTIEL;commencé, pas achevé — dieu
Jacques 5:0;SKN;63-1201M;35;VALIDE;chap->v.17: elie etait homme pria instance quil
Jean 1:0;SKN;63-1201M;95;VALIDE;chap->v.1: etait parole parole etait dieu parole etait dieu
Job 14:0;SKN;63-1201M;115;VALIDE;chap->v.13: voulais cacher tenir cache jusqua colere puis moi
Philippiens 1:0;SKN;63-1201M;22;VALIDE;chap->v.20: selon vive attente esperance rien maintenant toujours christ
Romains 5:0;SKN;63-1201M;120;VALIDE;chap->v.1: justifies foi avons paix dieu seigneur jesus christ
Romains 8:1;SKN;63-1201M;120;VALIDE;maintenant christ jesus
Actes 2:0;SKN;64-0629;176;VALIDE;chap->v.29: hommes quil soit quil quil
Actes 2:0;SKN;64-0629;199;VALIDE;chap->v.1: jour etaient meme
Actes 4:0;SKN;64-0629;200;VALIDE;chap->v.13: pierre jean etaient sen
Deuteronome 18:15;SKN;64-0629;51;EXACT;leternel dieu suscitera prophete moi milieu toi tes [couverture 8/11]
Ezechiel 2:3;SKN;64-0629;50;VALIDE;fils moi jour
Genese 1:0;SKN;64-0629;69;VALIDE;chap->v.4: dieu quelle etait dieu
Genese 18:0;SKN;64-0629;146;VALIDE;chap->v.10: sera sara fils sara tente
Hebreux 1:0;SKN;64-0629;57;VALIDE;chap->v.1: dieu plusieurs reprises plusieurs manieres parle peres prophetes
Hebreux 1:0;SKN;64-0629;145;VALIDE;chap->v.5: fils moi aujourdhui moi lui lui sera
Hebreux 13:8;SKN;64-0629;98;EXACT;jesus meme hier aujourdhui eternellement [couverture 5/6]
Hebreux 13:8;SKN;64-0629;175;EXACT;jesus meme hier aujourdhui eternellement [couverture 5/6]
Jean 1:0;SKN;64-0629;67;VALIDE;chap->v.1: commencement etait parole parole etait dieu parole etait
Jean 12:20;SKN;64-0629;64;PARTIEL;commencé, pas achevé — quelques grecs
Joel 2:28;SKN;64-0629;91;PARTIEL;commencé, pas achevé — vos fils
Malachie 3:0;SKN;64-0629;25;VALIDE;chap->v.15: maintenant meme meme dieu
Philippiens 2:0;SKN;64-0629;20;VALIDE;chap->v.2: rendez joie ceci ayez meme pensee ayant meme
Actes 2:0;SKN;64-1205;78;VALIDE;chap->v.1: jour pentecote etaient ensemble meme lieu
Apocalypse 22:0;SKN;64-1205;68;VALIDE;chap->v.11: celui celui celui juste celui saint soit
Genese 22:0;SKN;64-1205;38;VALIDE;chap->v.9: dieu lui avait abraham bois isaac fils
Marc 9:7;SKN;64-1205;53;VALIDE;nuee voix celui fils ecoutez
Marc 16:0;SKN;64-1205;42;VALIDE;chap->v.16: celui cru sera celui cru sera
Actes 2:0;SKN;65-0123;81;VALIDE;chap->v.17: dieu vos vos vos
Apocalypse 22:18;SKN;65-0123;54;VALIDE;moi paroles livre ajoute dieu
Apocalypse 22:18;SKN;65-0123;57;EXACT;paroles ajoute dieu lui ajoutera [couverture 5/14]
Genese 17:0;SKN;65-0123;187;VALIDE;chap->v.17: abraham homme ans ans
Hebreux 13:0;SKN;65-0123;153;VALIDE;chap->v.8: meme hier eternellement
Hebreux 13:8;SKN;65-0123;60;VALIDE;jesus meme hier eternellement
Jean 3:16;SKN;65-0123;153;EXACT;dieu tant aime monde donne fils unique afin [couverture 12/14]
Jean 7:37-38;SKN;65-0123;181;EXACT;fete jesus soif vienne moi boive [couverture 5/14]
Job 7:20;SKN;65-0123;8;VALIDE;peche place suis
Psaumes 36:9;SKN;65-0123;186;PARTIEL;commencé, pas achevé — source vie
Zacharie 13:0;SKN;65-0123;185;VALIDE;chap->v.1: source ouverte maison david peche
Actes 2:0;VGR;54-0103M;42;VALIDE;chap->v.38: pierre repentez soit baptise nom jesus recevrez don
actes 10:48;VGR;54-0103M;42;CORRIGE;annoncé Actes 10:49
Actes 19:0;VGR;54-0103M;44;VALIDE;chap->v.4: paul jean baptise bapteme repentance disant quils celui
Actes 19:5;VGR;54-0103M;41;VALIDE;baptises nom jesus
Apocalypse 1:0;VGR;54-0103M;99;VALIDE;chap->v.3: celui ceux choses ecrites temps proche
Apocalypse 6:0;VGR;54-0103M;194;VALIDE;chap->v.9: ouvrit cinquieme sceau vis dieu
Ephesiens 4:30;VGR;54-0103M;210;EXACT;nattristez saint esprit dieu lequel avez scelles jour [couverture 9/9]
Esaie 5:24;VGR;54-0103M;1;PARTIEL;commencé, pas achevé — cest
Ezechiel 9:0;VGR;54-0103M;208;VALIDE;chap->v.4: passe ville jerusalem fais marque hommes soupirent gemissent
Luc 21:24;VGR;54-0103M;51;EXACT;parmi nations jerusalem sera pieds jusqua [couverture 7/14]
Marc 16:0;VGR;54-0103M;33;VALIDE;chap->v.16: celui baptise sera sauve celui sera
Matthieu 2:0;VGR;54-0103M;54;VALIDE;chap->v.15: fut mort afin fut avait prophete appele fils
Actes 2:0;VGR;54-0514;257;VALIDE;chap->v.2: coup ciel dun impetueux etaient
Apocalypse 7:0;VGR;54-0514;239;VALIDE;chap->v.1: apres cela vis quatre anges debout quatre coins
Apocalypse 12:0;VGR;54-0514;52;VALIDE;chap->v.1: grand signe femme soleil lune pieds tete
Ephesiens 4:30;VGR;54-0514;165;EXACT;nattristez saint dieu lequel avez scelles jour redemption [couverture 8/9]
Ephesiens 4:30;VGR;54-0514;173;EXACT;nattristez saint esprit dieu lequel avez scelles jour [couverture 9/9]
Ephesiens 4:30;VGR;54-0514;261;VALIDE;saint esprit dieu jour
Ezechiel 9:0;VGR;54-0514;164;VALIDE;chap->v.8: arriva moi reste dis seigneur eternel reste
Hebreux 12:0;VGR;54-0514;52;VALIDE;chap->v.1: cest grande nuee temoins fardeau peche enveloppe
Hebreux 13:8;VGR;54-0514;38;EXACT;jesus meme hier aujourdhui eternellement [couverture 5/6]
Jean 17:17;VGR;54-0514;150;EXACT;sanctifie verite parole [couverture 4/4]
Matthieu 10:0;VGR;54-0514;151;VALIDE;chap->v.29: sou eux pere
Matthieu 24:24;VGR;54-0514;90;VALIDE;grands possible meme elus
Actes 2:0;VGR;54-1024;111;VALIDE;chap->v.22: hommes israelites jesus homme dieu miracles prodiges signes
Ephesiens 4:30;VGR;54-1024;56;EXACT;nattristez saint dieu lequel avez scelles jour redemption [couverture 8/9]
Genese 3:0;VGR;54-1024;124;VALIDE;chap->v.5: dieu mangerez yeux serez dieu connaissant
Romains 8:1;VGR;54-1024;36;VALIDE;maintenant aucune condamnation ceux christ jesus
Actes 2:0;VGR;56-0115;7;VALIDE;chap->v.17: derniers jours dieu repandrai esprit chair vos fils
Apocalypse 11:0;VGR;56-0115;33;VALIDE;chap->v.3: donnerai mes deux temoins jours
Jean 17:0;VGR;56-0115;111;VALIDE;chap->v.1: choses leva yeux pere lheure venue
Joel 2:0;VGR;56-0115;7;VALIDE;chap->v.28: cela repandrai esprit chair vos fils vos filles
Joel 2:28;VGR;56-0115;7;EXACT;cela repandrai esprit chair vos fils filles prophetiseront [couverture 11/14]
Actes 2:0;VGR;56-0122;72;VALIDE;chap->v.17: derniers jours dieu repandrai esprit chair vos fils
Ephesiens 4:30;VGR;56-0122;242;EXACT;nattristez saint dieu lequel avez scelles jour redemption [couverture 8/9]
Hebreux 1:0;VGR;56-0122;169;VALIDE;chap->v.9: aime cest pourquoi dieu dieu
Hebreux 11:0;VGR;56-0122;169;VALIDE;chap->v.4: foi abel offrit dieu excellent sacrifice cain sacrifice
Jean 3:0;VGR;56-0122;296;VALIDE;chap->v.14: moise eleva serpent desert faut fils lhomme soit
Joel 2:0;VGR;56-0122;72;VALIDE;chap->v.28: apres repandrai esprit chair vos fils vos filles
Romains 9:0;VGR;56-0122;92;VALIDE;chap->v.13: ainsi quil jai jacob jai hai esau
Actes 2:0;VGR;57-0925;108;VALIDE;chap->v.38: pierre repentez chacun baptise nom jesus christ peches
Actes 2:0;VGR;57-0925;158;VALIDE;chap->v.33: ayant ayant recu part pere saint voyez
Actes 2:0;VGR;57-0925;213;VALIDE;chap->v.22: hommes israelites jesus homme dieu prodiges signes dieu
Actes 2:38;VGR;57-0925;103;PARTIEL;commencé, pas achevé — jesus don
Actes 2:38;VGR;57-0925;105;VALIDE;nom jesus don saint
Actes 2:38;VGR;57-0925;107;EXACT;pierre repentez chacun baptise nom jesus christ peches [couverture 5/14]
Actes 2:38;VGR;57-0925;109;EXACT;pierre repentez chacun baptise nom jesus christ peches [couverture 11/14]
Actes 2:38;VGR;57-0925;115;VALIDE;baptise jesus don
actes 10:48;VGR;57-0925;111;CORRIGE;annoncé Actes 10:49
Apocalypse 11:0;VGR;57-0925;38;VALIDE;chap->v.6: ceux ont ciel afin quil tombe ont
Ephesiens 4:30;VGR;57-0925;50;EXACT;nattristez saint dieu lequel avez scelles jour redemption [couverture 8/9]
Ezechiel 9:0;VGR;57-0925;40;VALIDE;chap->v.6: hommes vierges femmes ont eux
Galates 1:8;VGR;57-0925;161;EXACT;ange ciel quil soit anatheme [couverture 5/11]
Genese 3:8;VGR;57-0925;178;EXACT;entendirent voix leternel dieu jardin lhomme femme cacherent [couverture 10/14]
Genese 3:8;VGR;57-0925;217;PARTIEL;commencé, pas achevé — jardin femme
Hebreux 11:1;VGR;57-0925;168;PARTIEL;commencé, pas achevé — foi choses
Luc 16:16;VGR;57-0925;156;EXACT;loi prophetes ont jusqua jean lors royaume annonce [couverture 8/13]
Matthieu 25:46;VGR;57-0925;17;PARTIEL;commencé, pas achevé — vie
Matthieu 25:46;VGR;57-0925;24;VALIDE;ceux iront vie
Matthieu 25:46;VGR;57-0925;25;EXACT;ceux iront justes vie eternelle [couverture 5/8]
Matthieu 28:0;VGR;57-0925;129;VALIDE;chap->v.19: allez faites nom pere fils saint
Matthieu 28:19;VGR;57-0925;103;PARTIEL;commencé, pas achevé — pere
Matthieu 28:19;VGR;57-0925;105;EXACT;allez faites disciples nations baptisant nom pere fils [couverture 9/10]
Matthieu 28:19;VGR;57-0925;107;EXACT;allez faites disciples nations baptisant nom pere fils [couverture 9/10]
Matthieu 28:19;VGR;57-0925;114;PARTIEL;commencé, pas achevé — nations fils
Matthieu 28:19;VGR;57-0925;146;EXACT;allez faites disciples nations baptisant nom pere fils [couverture 10/10]
Matthieu 28:19;VGR;57-0925;176;VALIDE;disciples nom saint
Actes 2:0;VGR;58-0927;133;VALIDE;chap->v.17: chair vos fils vos filles prophetiseront vos
Actes 2:0;VGR;58-0927;187;VALIDE;chap->v.2: ciel dun impetueux remplit maison etaient assis
Actes 2:0;VGR;58-0927;188;VALIDE;chap->v.38: soit baptise nom jesus christ don saint esprit
Apocalypse 1:0;VGR;58-0927;180;VALIDE;chap->v.13: milieu sept quelquun semblable fils lhomme vetu dune
Apocalypse 2:20;VGR;58-0927;179;VALIDE;jai contre toi laisses femme prophetesse enseigne mes
Apocalypse 13:0;VGR;58-0927;38;VALIDE;chap->v.11: vis bete terre avait deux cornes agneau parlait
Apocalypse 13:0;VGR;58-0927;60;VALIDE;chap->v.18: ici sagesse celui nombre bete cest nombre dhomme
Apocalypse 19:2;VGR;58-0927;110;EXACT;jugements veritables justes juge grande prostituee corrompait terre [couverture 14/14]
Deuteronome 23:0;VGR;58-0927;74;VALIDE;chap->v.2: illegitime nentrera leternel meme generation nentrera leternel
Galates 1:8;VGR;58-0927;160;EXACT;ange ciel quil soit anatheme [couverture 5/11]
Genese 3:16;VGR;58-0927;150;VALIDE;femme tes mari
Genese 3:16;VGR;58-0927;152;VALIDE;femme tes mari lui
Romains 8:0;VGR;58-0927;108;VALIDE;chap->v.3: etait etait dieu
Romains 8:0;VGR;58-0927;224;VALIDE;chap->v.30: ceux quil predestines appeles ceux quil appeles justifies
Actes 2:0;VGR;59-0418;84;VALIDE;chap->v.38: pierre soit nom jesus christ don saint esprit
Jean 4:0;VGR;59-0418;163;VALIDE;chap->v.10: jesus lui don dieu celui donne moi lui
Jean 4:0;VGR;59-0418;167;VALIDE;chap->v.42: femme nest avons connaissons
Actes 2:0;VGR;59-1223;168;VALIDE;chap->v.4: lesprit saint parler langues lesprit
Apocalypse 22:0;VGR;59-1223;44;VALIDE;chap->v.14: quils aient droit vie quils
Deuteronome 1:0;VGR;59-1223;175;VALIDE;chap->v.27: avez avez cest parce quil sortir
Ephesiens 1:0;VGR;59-1223;117;VALIDE;chap->v.3: beni soit dieu pere seigneur jesus christ benis
Ephesiens 4:30;VGR;59-1223;171;EXACT;nattristez saint dieu lequel avez scelles jour redemption [couverture 8/9]
Hebreux 4:6;VGR;59-1223;173;VALIDE;puisquil reste ceux avaient entres
Hebreux 6:4;VGR;59-1223;2;VALIDE;ont fois don lesprit saint
Hebreux 6:4;VGR;59-1223;173;VALIDE;impossible ceux ont fois eclaires goute don celeste
Hebreux 10:26;VGR;59-1223;2;PARTIEL;commencé, pas achevé — reste
Hebreux 10:26;VGR;59-1223;173;PARTIEL;commencé, pas achevé — reste
Jean 1:8;VGR;59-1223;139;PARTIEL;commencé, pas achevé — lui
Jean 1:8;VGR;59-1223;140;PARTIEL;commencé, pas achevé — lui
Jean 5:24;VGR;59-1223;51;EXACT;celui parole croit envoye vie eternelle vient jugement [couverture 7/14]
Jean 6:0;VGR;59-1223;51;VALIDE;chap->v.35: jesus moi suis vie celui vient moi jamais
Jeremie 1:4;VGR;59-1223;115;PARTIEL;commencé, pas achevé — moi
Romains 7:0;VGR;59-1223;92;VALIDE;chap->v.25: graces dieu jesus seigneur ainsi moi lentendement loi
Romains 7:22;VGR;59-1223;92;PARTIEL;commencé, pas achevé — loi dieu
Romains 7:25;VGR;59-1223;2;VALIDE;dieu seigneur moi
Actes 2:0;VGR;60-1205;149;VALIDE;chap->v.38: soit jesus christ don saint esprit
Actes 19:0;VGR;60-1205;101;VALIDE;chap->v.4: paul jean baptise bapteme quils croient celui apres
Galates 1:8;VGR;60-1205;173;EXACT;ange ciel quil soit anatheme [couverture 5/11]
Hebreux 6:0;VGR;60-1205;205;VALIDE;chap->v.7: terre pluie vient souvent herbes dieu
Hebreux 11:0;VGR;60-1205;41;VALIDE;chap->v.37: vetus peaux brebis peaux chevres besoin
Hebreux 13:8;VGR;60-1205;114;EXACT;jesus meme hier aujourdhui eternellement [couverture 5/6]
Jean 6:0;VGR;60-1205;214;VALIDE;chap->v.32: jesus dis moise donne pain pere donne pain
Marc 16:0;VGR;60-1205;43;VALIDE;chap->v.17: ici signes accompagneront ceux auront cru
Matthieu 5:0;VGR;60-1205;88;VALIDE;chap->v.11: etes quon persecutera quon contre cause
Actes 2:0;VGR;61-0319;91;VALIDE;chap->v.33: dieu part pere saint promis voyez
Actes 2:0;VGR;61-0319;92;VALIDE;chap->v.33: dieu part pere saint promis voyez
Actes 2:38;VGR;61-0319;92;VALIDE;pierre soit jesus saint
Apocalypse 2:20;VGR;61-0319;63;PARTIEL;commencé, pas achevé — femme prophetesse
Apocalypse 13:0;VGR;61-0319;34;VALIDE;chap->v.15: lui donne donner bete afin bete parle meme
Apocalypse 17:17;VGR;61-0319;34;VALIDE;dieu meme donner bete
Malachie 3:0;VGR;61-0319;88;VALIDE;chap->v.1: voici jenvoie messager chemin devant moi seigneur
Malachie 4:0;VGR;61-0319;88;VALIDE;chap->v.5: voici elie prophete avant grand jour leternel
Malachie 4:0;VGR;61-0319;89;VALIDE;chap->v.1: voici jour vient chaume jour vient brulera
Matthieu 17:0;VGR;61-0319;87;VALIDE;chap->v.12: dis quelie lont lui ont quils ont
Actes 2:0;VGR;61-0723E;54;VALIDE;chap->v.30: prophete dieu lui avait serment quil asseoir quelquun
Actes 2:38;VGR;61-0723E;37;EXACT;soit baptise nom jesus don saint esprit [couverture 7/14]
Apocalypse 1:0;VGR;61-0723E;8;VALIDE;chap->v.4: sept grace part part sept
Ezechiel 38:0;VGR;61-0723E;101;VALIDE;chap->v.2: gog pays magog contre lui
Hebreux 6:0;VGR;61-0723E;85;VALIDE;chap->v.8: epines chardons reprouvee pres fin detre
Hebreux 6:0;VGR;61-0723E;86;VALIDE;chap->v.8: epines chardons reprouvee pres fin detre
Jean 5:24;VGR;61-0723E;58;EXACT;celui parole croit envoye vie eternelle vient jugement [couverture 10/14]
Matthieu 24:0;VGR;61-0723E;108;VALIDE;chap->v.15: verrez labomination desolation parle daniel prophete etablie lieu
Matthieu 28:19;VGR;61-0723E;37;EXACT;faites nom pere fils saint esprit [couverture 6/10]
Matthieu 28:19;VGR;61-0723E;40;EXACT;nom pere fils saint esprit [couverture 5/10]
Psaumes 106:0;VGR;61-0723E;158;VALIDE;chap->v.7: nos peres egypte attentifs tes multitude tes rebelles
Actes 2:0;VGR;61-0808;181;VALIDE;chap->v.38: soit nom jesus christ don saint
Apocalypse 7:0;VGR;61-0808;182;VALIDE;chap->v.9: apres choses personne nation
Jean 5:24;VGR;61-0808;147;EXACT;celui parole croit envoye vie eternelle vient jugement [couverture 10/14]
Actes 2:0;VGR;61-0813;42;VALIDE;chap->v.38: pierre chacun baptise nom jesus peches recevrez don
Actes 2:0;VGR;61-0813;72;VALIDE;chap->v.4: remplis lesprit saint langues selon lesprit
Jacques 5:14;VGR;61-0813;27;EXACT;quelquun parmi malade quil appelle anciens quils prient [couverture 7/14]
Actes 2:0;VGR;63-0123;208;VALIDE;chap->v.38: pierre repentez chacun baptise nom jesus christ peches
Galates 1:8;VGR;63-0123;227;EXACT;ange ciel quil soit anatheme [couverture 5/11]
Hebreux 13:8;VGR;63-0123;293;PARTIEL;commencé, pas achevé — jesus meme
Jean 3:16;VGR;63-0123;48;EXACT;dieu tant aime monde quil donne fils unique [couverture 14/14]
Jean 3:16;VGR;63-0123;86;VALIDE;dieu quil lui
Jean 5:19;VGR;63-0123;291;EXACT;jesus verite dis fils rien lui meme quil [couverture 9/14]
Jean 14:12;VGR;63-0123;242;EXACT;celui croit moi fera lui uvres fais [couverture 9/14]
Malachie 4:0;VGR;63-0123;282;VALIDE;chap->v.1: jour vient jour vient
Philippiens 2:5;VGR;63-0123;32;VALIDE;quil pensee christ jesus
Actes 2:0;VGR;63-0320;118;VALIDE;chap->v.22: hommes israelites ecoutez paroles jesus homme dieu miracles
Actes 2:0;VGR;63-0320;119;VALIDE;chap->v.22: hommes israelites ecoutez paroles jesus homme dieu miracles
Actes 2:0;VGR;63-0320;309;VALIDE;chap->v.30: dieu lui avait quil
Actes 2:38;VGR;63-0320;136;PARTIEL;commencé, pas achevé — don
Apocalypse 10:0;VGR;63-0320;41;VALIDE;chap->v.6: celui vit siecles siecles lequel ciel terre mer
Apocalypse 10:0;VGR;63-0320;177;VALIDE;chap->v.7: jours septieme ange sera mystere dieu sera
Apocalypse 10:0;VGR;63-0320;197;VALIDE;chap->v.7: jours sera dieu sera
Apocalypse 17:0;VGR;63-0320;139;VALIDE;chap->v.2: rois terre ont commis fornication terre ont fornication
Apocalypse 17:0;VGR;63-0320;140;VALIDE;chap->v.2: rois terre ont commis fornication terre ont fornication
Hebreux 4:0;VGR;63-0320;242;VALIDE;chap->v.2: meme ceux parole ceux
Hebreux 13:8;VGR;63-0320;246;VALIDE;meme hier aujourdhui
Jean 1:0;VGR;63-0320;98;VALIDE;chap->v.1: commencement etait parole parole etait dieu parole etait
Jean 5:7;VGR;63-0320;172;PARTIEL;commencé, pas achevé — nai leau
Jean 14:12;VGR;63-0320;197;VALIDE;dis fera lui uvres parce
Jean 14:12;VGR;63-0320;242;VALIDE;dis fera lui fais parce
Jean 17:17;VGR;63-0320;174;PARTIEL;commencé, pas achevé — sanctifie parole
actes 2:38;VGR;63-0320;197;CORRIGE;annoncé Joel 2:38
Levitique 8:12;VGR;63-0320;305;PARTIEL;commencé, pas achevé — lhuile
Malachie 4:0;VGR;63-0320;162;VALIDE;chap->v.6: fera cur cur
Malachie 4:0;VGR;63-0320;242;VALIDE;chap->v.6: fera cur cur pays
Matthieu 4:11;VGR;63-0320;275;PARTIEL;commencé, pas achevé — alors diable
Matthieu 14:0;VGR;63-0320;305;VALIDE;chap->v.19: donne pris deux
Matthieu 25:4;VGR;63-0320;305;PARTIEL;commencé, pas achevé — lhuile
Zacharie 4:12;VGR;63-0320;305;EXACT;fois deux cote conduits [couverture 5/14]
Actes 2:0;VGR;63-0324M;151;VALIDE;chap->v.38: pierre chacun soit baptise nom jesus don saint
Actes 2:38;VGR;63-0324M;148;EXACT;pierre soit nom jesus don saint esprit [couverture 7/14]
Apocalypse 5:0;VGR;63-0324M;270;VALIDE;chap->v.9: cantique nouveau disant digne prendre livre den ouvrir
Apocalypse 5:9;VGR;63-0324M;268;EXACT;chantent cantique nouveau disant digne prendre livre den [couverture 8/14]
Apocalypse 6:0;VGR;63-0324M;267;VALIDE;chap->v.1: lagneau lun sceaux lun quatre disant
Apocalypse 6:0;VGR;63-0324M;272;VALIDE;chap->v.1: lagneau sept sceaux quatre disant
Apocalypse 6:0;VGR;63-0324M;274;VALIDE;chap->v.4: autre donne etait quils
Apocalypse 6:6;VGR;63-0324M;102;PARTIEL;commencé, pas achevé — lhuile
Apocalypse 6:6;VGR;63-0324M;282;VALIDE;jentendis voix milieu quatre mesure denier dorge lhuile
Apocalypse 6:11;VGR;63-0324M;271;VALIDE;donne chacun robe blanche quils
Apocalypse 6:11;VGR;63-0324M;279;VALIDE;donne robe blanche
Apocalypse 7:14;VGR;63-0324M;280;EXACT;dis seigneur sais ceux grande ont lave robes [couverture 9/14]
Apocalypse 11:0;VGR;63-0324M;227;VALIDE;chap->v.11: apres trois demi lesprit vie dieu
Apocalypse 11:3;VGR;63-0324M;329;PARTIEL;commencé, pas achevé — deux temoins
Apocalypse 16:0;VGR;63-0324M;367;VALIDE;chap->v.9: grande nom dieu lui donner
Apocalypse 18:8;VGR;63-0324M;367;VALIDE;cest seul mort sera dieu
Daniel 9:27;VGR;63-0324M;224;VALIDE;semaine milieu fera
Genese 4:1;VGR;63-0324M;129;VALIDE;lhomme connut eve femme concut enfanta cain jai
Luc 24:49;VGR;63-0324M;151;PARTIEL;commencé, pas achevé — pere puissance
Malachie 3:0;VGR;63-0324M;263;VALIDE;chap->v.1: messager preparera chemin devant moi
Malachie 3:0;VGR;63-0324M;330;VALIDE;chap->v.15: maintenant ceux meme meme
Malachie 4:0;VGR;63-0324M;329;VALIDE;chap->v.2: nom justice sera
Malachie 4:5;VGR;63-0324M;369;PARTIEL;commencé, pas achevé — elie grand
Matthieu 5:0;VGR;63-0324M;142;VALIDE;chap->v.16: hommes sorte quils quils pere
Matthieu 11:0;VGR;63-0324M;256;VALIDE;chap->v.3: lui celui devons attendre autre
Matthieu 22:11;VGR;63-0324M;323;PARTIEL;commencé, pas achevé — homme noces
Matthieu 24:0;VGR;63-0324M;69;VALIDE;chap->v.2: voyez choses dis sera ici pierre pierre
Matthieu 25:0;VGR;63-0324M;41;VALIDE;chap->v.1: alors sera dix vierges lampes
Matthieu 28:19;VGR;63-0324M;148;EXACT;nom pere fils saint esprit [couverture 5/10]
Matthieu 28:19;VGR;63-0324M;151;VALIDE;allez faites disciples nations baptisant nom pere fils
Actes 2:0;VGR;63-0608;327;VALIDE;chap->v.38: chacun baptise jesus don saint
Actes 4:0;VGR;63-0608;270;VALIDE;chap->v.30: main quil miracles nom saint jesus
Actes 4:0;VGR;63-0608;271;VALIDE;chap->v.30: main quil miracles nom saint jesus
Actes 4:0;VGR;63-0608;319;VALIDE;chap->v.10: christ avez dieu cest
actes 10:44;VGR;63-0608;237;CORRIGE;annoncé Actes 10:49
Actes 19:0;VGR;63-0608;238;VALIDE;chap->v.1: etait paul traverse contrees superieures trouve certains
Actes 2:0;VGR;63-0628M;231;VALIDE;chap->v.2: ciel dun impetueux assis
Actes 19:0;VGR;63-0628M;77;VALIDE;chap->v.4: paul peuple lui cest
Apocalypse 17:0;VGR;63-0628M;92;VALIDE;chap->v.17: dieu seule meme paroles
Actes 2:0;VGR;63-0707;164;VALIDE;chap->v.17: derniers jours dieu repandrai esprit chair vos fils
Actes 2:38;VGR;63-0707;122;VALIDE;jesus christ don saint
Apocalypse 17:0;VGR;63-0707;55;VALIDE;chap->v.17: dieu seule meme jusqua
Hebreux 6:0;VGR;63-0707;233;VALIDE;chap->v.1: cest pourquoi laissant parole christ nouveau fondement
Hebreux 6:1;VGR;63-0707;234;EXACT;cest pourquoi laissant parole christ nouveau fondement repentance [couverture 8/14]
Hebreux 10:0;VGR;63-0707;248;VALIDE;chap->v.7: alors ecrit moi dieu
Hebreux 13:8;VGR;63-0707;81;EXACT;jesus meme hier aujourdhui eternellement [couverture 5/6]
Hebreux 13:8;VGR;63-0707;120;EXACT;jesus christ meme hier aujourdhui eternellement [couverture 6/6]
Hebreux 13:8;VGR;63-0707;159;EXACT;jesus meme hier aujourdhui eternellement [couverture 5/6]
Hebreux 13:8;VGR;63-0707;226;EXACT;jesus christ meme hier aujourdhui eternellement [couverture 6/6]
Hebreux 13:8;VGR;63-0707;232;EXACT;jesus christ meme hier aujourdhui eternellement [couverture 6/6]
Jean 1:0;VGR;63-0707;232;VALIDE;chap->v.1: etait parole parole etait dieu parole etait dieu
Jean 14:12;VGR;63-0707;168;VALIDE;dis uvres fais vais
Jean 14:12;VGR;63-0707;226;EXACT;moi lui uvres fais [couverture 5/14]
Jean 15:0;VGR;63-0707;226;VALIDE;chap->v.4: demeurez moi moi lui meme quil demeure meme
actes 2:38;VGR;63-0707;164;CORRIGE;annoncé Joel 2:38
Malachie 4:0;VGR;63-0707;275;VALIDE;chap->v.6: cur peres cur peres
Marc 16:0;VGR;63-0707;160;VALIDE;chap->v.17: ici signes accompagneront ceux auront cru nom chasseront
Marc 16:0;VGR;63-0707;179;VALIDE;chap->v.16: celui cru baptise sera sauve celui cru sera
Actes 2:0;VGR;63-0707M;164;VALIDE;chap->v.17: derniers jours dieu repandrai esprit chair vos fils
Actes 2:38;VGR;63-0707M;122;VALIDE;jesus christ don saint
Apocalypse 17:0;VGR;63-0707M;55;VALIDE;chap->v.17: dieu seule meme jusqua
Hebreux 6:0;VGR;63-0707M;233;VALIDE;chap->v.1: cest pourquoi laissant parole christ nouveau fondement
Hebreux 6:1;VGR;63-0707M;234;EXACT;cest pourquoi laissant parole christ nouveau fondement repentance [couverture 8/14]
Hebreux 10:0;VGR;63-0707M;248;VALIDE;chap->v.7: alors ecrit moi dieu
Hebreux 13:8;VGR;63-0707M;81;EXACT;jesus meme hier aujourdhui eternellement [couverture 5/6]
Hebreux 13:8;VGR;63-0707M;120;EXACT;jesus christ meme hier aujourdhui eternellement [couverture 6/6]
Hebreux 13:8;VGR;63-0707M;159;EXACT;jesus meme hier aujourdhui eternellement [couverture 5/6]
Hebreux 13:8;VGR;63-0707M;226;EXACT;jesus christ meme hier aujourdhui eternellement [couverture 6/6]
Hebreux 13:8;VGR;63-0707M;232;EXACT;jesus christ meme hier aujourdhui eternellement [couverture 6/6]
Jean 1:0;VGR;63-0707M;232;VALIDE;chap->v.1: etait parole parole etait dieu parole etait dieu
Jean 14:12;VGR;63-0707M;168;VALIDE;dis uvres fais vais
Jean 14:12;VGR;63-0707M;226;EXACT;moi lui uvres fais [couverture 5/14]
Jean 15:0;VGR;63-0707M;226;VALIDE;chap->v.4: demeurez moi moi lui meme quil demeure meme
actes 2:38;VGR;63-0707M;164;CORRIGE;annoncé Joel 2:38
Malachie 4:0;VGR;63-0707M;275;VALIDE;chap->v.6: cur peres cur peres
Marc 16:0;VGR;63-0707M;160;VALIDE;chap->v.17: ici signes accompagneront ceux auront cru nom chasseront
Marc 16:0;VGR;63-0707M;179;VALIDE;chap->v.16: celui cru baptise sera sauve celui cru sera
Actes 2:0;VGR;63-0825E;154;VALIDE;chap->v.22: jesus homme dieu signes dieu
Jacques 5:14;VGR;63-0825E;106;VALIDE;quil lui seigneur
Jean 3:21;VGR;63-0825E;65;PARTIEL;commencé, pas achevé — dieu
Jean 3:21;VGR;63-0825E;66;VALIDE;celui vient dieu
Jean 14:12;VGR;63-0825E;153;VALIDE;lui uvres fais grandes parce
Jean 15:0;VGR;63-0825E;76;VALIDE;chap->v.4: demeurez moi moi lui meme quil demeure meme
Marc 11:23;VGR;63-0825E;153;VALIDE;dira toi quil
Marc 16:0;VGR;63-0825E;106;VALIDE;chap->v.6: lui jesus ici mis
Marc 16:0;VGR;63-0825E;153;VALIDE;chap->v.4: regarde etait etait grande
Actes 2:0;VGR;63-1201M;24;VALIDE;chap->v.30: prophete dieu lui avait jure serment quil asseoir
Actes 20:24;VGR;63-1201M;102;VALIDE;aucun moi jai
Apocalypse 22:19;VGR;63-1201M;95;EXACT;quelquun quelque chose paroles livre dieu part vie [couverture 8/14]
Apocalypse 22:19;VGR;63-1201M;106;PARTIEL;commencé, pas achevé — quelque chose
Esaie 9:6;VGR;63-1201M;64;PARTIEL;commencé, pas achevé — dieu
Jacques 5:0;VGR;63-1201M;35;VALIDE;chap->v.17: elie etait homme pria instance quil
Jean 1:0;VGR;63-1201M;95;VALIDE;chap->v.1: etait parole parole etait dieu parole etait dieu
Job 14:0;VGR;63-1201M;115;VALIDE;chap->v.13: voulais cacher tenir cache jusqua colere puis moi
Philippiens 1:0;VGR;63-1201M;22;VALIDE;chap->v.20: selon vive attente esperance rien maintenant toujours christ
Romains 5:0;VGR;63-1201M;120;VALIDE;chap->v.1: justifies foi avons paix dieu seigneur jesus christ
Romains 8:1;VGR;63-1201M;120;VALIDE;maintenant christ jesus
Actes 2:0;VGR;64-0629;176;VALIDE;chap->v.29: hommes quil soit quil quil
Actes 2:0;VGR;64-0629;199;VALIDE;chap->v.24: dieu ressuscite mort quil
Actes 4:0;VGR;64-0629;200;VALIDE;chap->v.13: pierre jean etaient sen
Deuteronome 18:15;VGR;64-0629;51;EXACT;leternel dieu suscitera prophete moi milieu toi tes [couverture 8/11]
Ezechiel 2:3;VGR;64-0629;50;VALIDE;fils moi jour
Genese 1:0;VGR;64-0629;69;VALIDE;chap->v.4: dieu quelle etait dieu
Genese 18:0;VGR;64-0629;146;VALIDE;chap->v.10: sera sara fils sara tente
Hebreux 1:0;VGR;64-0629;57;VALIDE;chap->v.1: dieu plusieurs reprises plusieurs manieres parle peres prophetes
Hebreux 1:0;VGR;64-0629;145;VALIDE;chap->v.5: fils moi aujourdhui moi lui lui sera
Hebreux 13:8;VGR;64-0629;63;EXACT;jesus christ meme hier aujourdhui [couverture 5/6]
Hebreux 13:8;VGR;64-0629;98;VALIDE;jesus meme hier aujourdhui
Hebreux 13:8;VGR;64-0629;175;VALIDE;jesus meme hier aujourdhui
Jean 1:0;VGR;64-0629;67;VALIDE;chap->v.1: commencement etait parole parole etait dieu parole etait
Jean 12:20;VGR;64-0629;64;PARTIEL;commencé, pas achevé — quelques grecs
Joel 2:28;VGR;64-0629;91;PARTIEL;commencé, pas achevé — vos fils
Malachie 3:0;VGR;64-0629;25;VALIDE;chap->v.15: maintenant meme meme dieu
Philippiens 2:0;VGR;64-0629;20;VALIDE;chap->v.2: rendez joie ceci ayez meme pensee ayant meme
Actes 2:0;VGR;64-1205;174;VALIDE;chap->v.24: dieu ressuscite mort
Genese 22:0;VGR;64-1205;74;VALIDE;chap->v.9: dieu lui avait abraham bois isaac fils
Marc 9:7;VGR;64-1205;106;EXACT;nuee voix celui fils ecoutez [couverture 6/10]
Marc 16:0;VGR;64-1205;83;VALIDE;chap->v.16: celui cru sera celui cru sera
Actes 2:0;VGR;65-0123;82;VALIDE;chap->v.17: dieu esprit vos vos vos
Apocalypse 22:18;VGR;65-0123;55;EXACT;moi paroles livre quelquun ajoute dieu [couverture 5/14]
Apocalypse 22:18;VGR;65-0123;58;EXACT;paroles quelquun ajoute dieu lui [couverture 5/14]
Genese 17:0;VGR;65-0123;189;VALIDE;chap->v.1: ans suis dieu
Hebreux 13:0;VGR;65-0123;154;VALIDE;chap->v.8: meme hier aujourdhui eternellement
Hebreux 13:8;VGR;65-0123;61;EXACT;jesus meme hier aujourdhui eternellement [couverture 5/6]
Jean 3:16;VGR;65-0123;154;EXACT;dieu tant aime monde quil donne fils unique [couverture 14/14]
Jean 7:37-38;VGR;65-0123;183;EXACT;fete jesus quelquun soif quil vienne moi boive [couverture 7/14]
Psaumes 36:9;VGR;65-0123;188;PARTIEL;commencé, pas achevé — source vie
Zacharie 13:0;VGR;65-0123;187;VALIDE;chap->v.1: source ouverte maison david peche
Actes 2:4;SKN;53-1129A;86;VALIDE;remplis lesprit saint parler
Actes 2:24;SKN;53-1129A;86;VALIDE;dieu quil soit
Apocalypse 1:0;SKN;53-1129A;91;VALIDE;chap->v.8: moi suis lalpha lomega seigneur dieu etait
Jean 3:0;SKN;53-1129A;25;VALIDE;chap->v.3: jesus lui verite verite dis nouveau voir royaume
Marc 3:6;SKN;53-1129A;83;PARTIEL;commencé, pas achevé — aussitot lui
Marc 16:0;SKN;53-1129A;83;VALIDE;chap->v.18: auront quelque chose cela imposeront mains ceux
Actes 2:4;SKN;55-0117;88;VALIDE;saint parler langues donnait
Actes 2:38;SKN;55-0117;88;VALIDE;chacun don saint
actes 10:48;SKN;55-0117;88;CORRIGE;annoncé Actes 10:49
Actes 2:4;SKN;59-1220E;18;VALIDE;saint parler dautres langues
Actes 2:6;SKN;59-1220E;18;VALIDE;bruit multitude parler langage
Actes 8:18;SKN;59-1220E;21;VALIDE;simon saint etait donne
Hebreux 6:0;SKN;59-1220E;36;VALIDE;chap->v.10: dieu nest injuste lamour servi
Actes 2:4;SKN;61-0112;117;VALIDE;saint parler langues selon
Actes 2:4;SKN;61-0112;244;VALIDE;saint parler langues selon
Actes 2:4;SKN;61-0112;253;EXACT;furent saint parler langues selon [couverture 5/12]
Actes 2:38;SKN;61-0112;224;VALIDE;chacun christ don saint
Actes 2:38;SKN;61-0112;237;PARTIEL;commencé, pas achevé — don
Actes 19:0;SKN;61-0112;301;VALIDE;chap->v.6: paul saint langues
Esaie 28:0;SKN;61-0112;98;VALIDE;chap->v.11: levres langue parlera peuple
Hebreux 6:0;SKN;61-0112;206;VALIDE;chap->v.7: terre pluie souvent dieu
Hebreux 6:0;SKN;61-0112;223;VALIDE;chap->v.4: impossible ceux ont fois eclaires ont don saint
Jean 13:0;SKN;61-0112;452;VALIDE;chap->v.3: jesus lui mis choses etait venu dieu allait
Luc 3:0;SKN;61-0112;383;VALIDE;chap->v.16: jean disant moi vient celui moi
Luc 3:14-16;SKN;61-0112;429;VALIDE;gens commettez personne contentez
Malachie 4:0;SKN;61-0112;415;VALIDE;chap->v.5: avant grand terrible jour
Matthieu 3:0;SKN;61-0112;438;VALIDE;chap->v.3: ici parle prophete
Matthieu 18:10;SKN;61-0112;312;EXACT;mepriser petits dis cieux anges voient continuellement face [couverture 10/12]
Matthieu 18:10;SKN;61-0112;316;EXACT;prenez mepriser petits cieux anges voient continuellement face [couverture 10/12]
Matthieu 28:19;SKN;61-0112;224;VALIDE;allez fils saint
Actes 2:4;SKN;61-0128;18;PARTIEL;commencé, pas achevé — saint parler
Actes 19:0;SKN;61-0128;45;VALIDE;chap->v.2: avez recu lesprit saint apres cru lui lesprit
Galates 1:8;SKN;61-0128;45;VALIDE;ange ciel avons quil soit anatheme
Genese 1:26;SKN;61-0128;79;VALIDE;dieu homme ressemblance mer cieux terre
Hebreux 3:0;SKN;61-0128;82;VALIDE;chap->v.1: cest souverain sacrificateur confession jesus
Jean 5:24;SKN;61-0128;74;VALIDE;celui parole croit envoye vie eternelle jugement passe
Jeremie 8:22;SKN;61-0128;13;VALIDE;baume galaad medecin pourquoi fille peuple
Psaumes 103:3;SKN;61-0128;35;VALIDE;cest tes guerit
Actes 2:4;SKN;61-0316;35;VALIDE;saint parler langues selon
Actes 2:4;SKN;61-0316;52;VALIDE;saint parler langues selon
Actes 2:4;SKN;61-0316;53;VALIDE;saint parler langues selon
Exode 19:0;SKN;61-0316;14;VALIDE;chap->v.1: sortis pays meme jour desert sinai
Exode 19:0;SKN;61-0316;27;VALIDE;chap->v.3: monta dieu montagne ainsi maison
Exode 19:0;SKN;61-0316;30;VALIDE;chap->v.3: monta dieu montagne ainsi maison fils
Exode 19:0;SKN;61-0316;32;VALIDE;chap->v.1: apres fils pays meme jour sinai
Jean 5:24;SKN;61-0316;71;VALIDE;dis celui entend parole croit envoye vie eternelle
Actes 2:4;SKN;61-0424;26;PARTIEL;commencé, pas achevé — saint
Hebreux 1:0;SKN;61-0424;127;VALIDE;chap->v.1: dieu plusieurs reprises plusieurs manieres parle peres prophetes
Hebreux 1:1;SKN;61-0424;127;EXACT;dieu plusieurs reprises manieres parle peres prophetes [couverture 8/10]
Jean 5:19;SKN;61-0424;125;EXACT;jesus dis fils rien lui pere [couverture 5/14]
Jean 15:0;SKN;61-0424;152;VALIDE;chap->v.2: sarment porte fruit sarment porte fruit porte fruit
Jean 20:13;SKN;61-0424;44;EXACT;lui femme pourquoi pleures enleve seigneur sais [couverture 7/11]
Marc 16:0;SKN;61-0424;7;VALIDE;chap->v.17: ici signes accompagneront ceux auront cru demons
Marc 16:0;SKN;61-0424;26;VALIDE;chap->v.14: tard etaient parce cru ceux
Actes 2:4;SKN;62-0728;28;VALIDE;saint parler selon
Hebreux 4:12;SKN;62-0728;60;VALIDE;parole dieu epee deux tranchants jusqua
Hebreux 13:8;SKN;62-0728;57;VALIDE;jesus christ meme hier aujourdhui eternellement
Hebreux 13:8;SKN;62-0728;79;VALIDE;jesus christ meme hier aujourdhui eternellement
Jean 4:0;SKN;62-0728;77;VALIDE;chap->v.25: femme lui messie appele christ celui sera venu
Jean 12:32;SKN;62-0728;11;VALIDE;moi suis eleve terre jattirerai hommes meme
Job 14:0;SKN;62-0728;41;VALIDE;chap->v.13: voulais cacher tenir cache jusqua colere temps moi
Malachie 4:0;SKN;62-0728;59;VALIDE;chap->v.6: fera peres fils fils peres
Actes 2:4;SKN;65-0124;46;PARTIEL;commencé, pas achevé — saint
Apocalypse 21:0;SKN;65-0124;61;VALIDE;chap->v.1: vis nouveau ciel nouvelle terre premier ciel premiere
Jean 3:16;SKN;65-0124;46;VALIDE;dieu aime monde donne croit lui
Jean 5:7;SKN;65-0124;32;VALIDE;malade nai personne
Jean 16:0;SKN;65-0124;26;VALIDE;chap->v.20: verite verite dis pleurerez lamenterez monde rejouira serez
Jean 16:21;SKN;65-0124;26;VALIDE;femme enfante tristesse parce heure donne jour souvient
Malachie 3:0;SKN;65-0124;88;VALIDE;chap->v.15: maintenant heureux ceux meme meme dieu
Malachie 3:1;SKN;65-0124;90;VALIDE;voici messager chemin devant moi
Malachie 4:0;SKN;65-0124;88;VALIDE;chap->v.1: jour vient ceux jour vient
Malachie 4:0;SKN;65-0124;90;VALIDE;chap->v.5: voici elie prophete
Malachie 4:0;SKN;65-0124;144;VALIDE;chap->v.1: voici jour jour
Matthieu 24:0;SKN;65-0124;74;VALIDE;chap->v.30: alors signe fils alors terre fils
Matthieu 24:0;SKN;65-0124;75;VALIDE;chap->v.30: alors signe fils alors terre fils
Matthieu 24:24;SKN;65-0124;128;VALIDE;possible meme elus
Actes 2:4;VGR;55-0117;88;VALIDE;parler langues donnait
Actes 2:38;VGR;55-0117;88;PARTIEL;commencé, pas achevé — chacun don
actes 10:48;VGR;55-0117;88;CORRIGE;annoncé Actes 10:49
Actes 2:4;VGR;59-1220E;18;VALIDE;saint parler dautres langues
Actes 2:6;VGR;59-1220E;18;EXACT;bruit ceci setant repandu parler [couverture 5/13]
Actes 8:18;VGR;59-1220E;20;VALIDE;simon saint etait donne
Hebreux 6:0;VGR;59-1220E;36;VALIDE;chap->v.10: dieu nest injuste lamour servi
Actes 2:4;VGR;61-0112;117;EXACT;lesprit saint parler langues [couverture 5/12]
Actes 2:4;VGR;61-0112;244;VALIDE;saint parler langues
Actes 2:4;VGR;61-0112;253;VALIDE;saint parler langues
Actes 2:38;VGR;61-0112;224;VALIDE;christ don saint
Actes 2:38;VGR;61-0112;237;PARTIEL;commencé, pas achevé — don
Actes 19:0;VGR;61-0112;301;VALIDE;chap->v.2: avez saint saint
Esaie 28:0;VGR;61-0112;98;VALIDE;chap->v.11: levres langue etrangere parlera peuple
Hebreux 6:0;VGR;61-0112;206;VALIDE;chap->v.7: terre pluie souvent herbes dieu
Hebreux 6:0;VGR;61-0112;223;VALIDE;chap->v.4: impossible ceux ont fois eclaires ont don saint
Jean 13:0;VGR;61-0112;452;VALIDE;chap->v.3: jesus lui mis quil etait venu dieu allait
Luc 1:17;VGR;61-0112;455;PARTIEL;commencé, pas achevé — lesprit delie
Luc 3:0;VGR;61-0112;383;VALIDE;chap->v.4: ecrit livre seigneur faites
Luc 3:14-16;VGR;61-0112;429;VALIDE;commettez personne contentez
Malachie 4:0;VGR;61-0112;415;VALIDE;chap->v.5: avant grand terrible jour leternel
Matthieu 3:0;VGR;61-0112;438;VALIDE;chap->v.3: cest ici parle prophete disant
Matthieu 18:10;VGR;61-0112;312;EXACT;mepriser petits dis cieux anges voient continuellement face [couverture 10/12]
Matthieu 18:10;VGR;61-0112;316;EXACT;prenez garde mepriser petits cieux anges voient continuellement [couverture 11/12]
Matthieu 28:19;VGR;61-0112;224;VALIDE;allez fils saint
Actes 2:17;SKN;65-1126;290;EXACT;arrivera derniers jours dieu vos fils jeunes [couverture 9/14]
Amos 3:7;SKN;65-1126;337;VALIDE;seigneur rien revele prophetes
Apocalypse 10:0;SKN;65-1126;294;VALIDE;chap->v.7: septieme ange dieu
Apocalypse 10:7;SKN;65-1126;311;VALIDE;sera dieu annonce
Ephesiens 1:1-5;SKN;65-1126;129;VALIDE;jesus dieu part
Genese 1:0;SKN;65-1126;136;VALIDE;chap->v.27: dieu crea image crea dieu crea
Genese 2:0;SKN;65-1126;136;VALIDE;chap->v.4: ici terre dieu terre
Genese 22:1;SKN;65-1126;79;EXACT;choses dieu abraham lui voici [couverture 6/9]
Jean 1:26;SKN;65-1126;188;PARTIEL;commencé, pas achevé — jean milieu
Jean 6:44-46;SKN;65-1126;118;VALIDE;venir moi pere seront dieu
Jean 6:44-46;SKN;65-1126;122;EXACT;nul venir moi pere dieu [couverture 5/10]
Luc 17:30;SKN;65-1126;292;PARTIEL;commencé, pas achevé — jour fils
Malachie 4:0;SKN;65-1126;311;VALIDE;chap->v.1: jour ceux jour
Romains 4:0;SKN;65-1126;224;VALIDE;chap->v.17: selon ecrit etabli pere nations devant dieu cru
Romains 8:28-34;SKN;65-1126;129;EXACT;choses ceux dieu appeles predestines [couverture 5/11]
Actes 2:17;VGR;65-1126;290;EXACT;arrivera derniers jours dieu vos fils jeunes [couverture 9/14]
Amos 3:7;VGR;65-1126;337;EXACT;seigneur rien quil revele prophetes [couverture 5/9]
Apocalypse 10:0;VGR;65-1126;294;VALIDE;chap->v.7: jours septieme ange dieu
Ephesiens 1:1-5;VGR;65-1126;129;VALIDE;jesus dieu part
Genese 1:0;VGR;65-1126;136;VALIDE;chap->v.27: dieu crea lhomme image crea limage dieu crea
Genese 2:0;VGR;65-1126;136;VALIDE;chap->v.22: dieu forma femme quil avait lhomme lhomme
Genese 22:1-9;VGR;65-1126;79;EXACT;apres choses dieu abraham lui voici prends fils [couverture 7/9]
Jean 1:26;VGR;65-1126;188;PARTIEL;commencé, pas achevé — jean milieu
Jean 6:44;VGR;65-1126;118;EXACT;nul venir moi pere [couverture 5/10]
Jean 6:44;VGR;65-1126;122;EXACT;nul venir moi pere [couverture 5/10]
Luc 17:30;VGR;65-1126;292;VALIDE;meme jour fils lhomme
Malachie 4:0;VGR;65-1126;311;VALIDE;chap->v.1: voici jour ceux jour
Romains 4:0;VGR;65-1126;224;VALIDE;chap->v.17: selon quil ecrit tai etabli pere nations devant
Romains 8:28-34;VGR;65-1126;129;EXACT;choses ceux dieu appeles propos quil predestines [couverture 5/11]
Actes 2:24;SKN;53-1110;39;VALIDE;dieu ayant mort quil soit
Romains 9:0;SKN;53-1110;20;VALIDE;chap->v.11: avant enfants nes quils rien bon afin dieu
Actes 2:24;SKN;53-1115E;21;VALIDE;dieu mort netait quil soit
Actes 19:0;SKN;53-1115E;30;VALIDE;chap->v.2: avez recu lesprit saint lui meme entendu lesprit
Jean 5:19;SKN;53-1115E;24;EXACT;jesus dis fils rien lui meme quil chose [couverture 7/14]
Actes 2:27;VGR;57-1002;376;PARTIEL;commencé, pas achevé — ame saint
Actes 7:55;VGR;57-1002;440;VALIDE;ciel dieu jesus
Actes 19:0;VGR;57-1002;366;VALIDE;chap->v.1: apollos etait paul apres traverse contrees superieures certains
Apocalypse 5:0;VGR;57-1002;354;VALIDE;chap->v.6: vis quatre animaux anciens sept sept
Apocalypse 21:0;VGR;57-1002;548;VALIDE;chap->v.7: choses lui serai lui sera
Apocalypse 21:19;VGR;57-1002;354;PARTIEL;commencé, pas achevé — pierre etait
Ephesiens 1:20;VGR;57-1002;440;VALIDE;quil christ droite
Ephesiens 1:20;VGR;57-1002;451;EXACT;quil christ ressuscitant morts asseoir droite lieux celestes [couverture 8/10]
Esaie 9:6;VGR;57-1002;497;PARTIEL;commencé, pas achevé — enfant sera
Genese 38:0;VGR;57-1002;354;VALIDE;chap->v.28: deux main femme main fil
Genese 38:0;VGR;57-1002;548;VALIDE;chap->v.8: femme frere envers beau frere frere
Jean 5:7;VGR;57-1002;477;PARTIEL;commencé, pas achevé — leau moi
Jean 5:7;VGR;57-1002;479;VALIDE;lui leau moi
Jean 5:24;VGR;57-1002;377;EXACT;celui parole croit vie eternelle mort [couverture 6/14]
Marc 14:62;VGR;57-1002;440;EXACT;jesus suis verrez fils lhomme assis droite puissance [couverture 11/11]
Matthieu 24:0;VGR;57-1002;516;VALIDE;chap->v.21: aura quil jusqua maintenant quil aura
Matthieu 24:0;VGR;57-1002;517;VALIDE;chap->v.21: aura quil jusqua maintenant quil aura
Matthieu 27:0;VGR;57-1002;418;VALIDE;chap->v.63: pendant quil etait apres trois jours ressuscite
Psaumes 16:10;VGR;57-1002;376;PARTIEL;commencé, pas achevé — ame saint
Psaumes 16:10;VGR;57-1002;408;EXACT;nabandonneras ame permettras saint voie corruption [couverture 6/7]
Romains 8:1;VGR;57-1002;400;EXACT;maintenant aucune condamnation ceux christ jesus [couverture 6/6]
Actes 2:30;SKN;52-0810A;30;PARTIEL;commencé, pas achevé — dieu
Psaumes 72:0;SKN;52-0810A;24;VALIDE;chap->v.19: soit terre soit amen amen
Actes 2:36;SKN;60-1204M;371;EXACT;maison sache dieu seigneur christ jesus avez crucifie [couverture 8/10]
Actes 19:0;SKN;60-1204M;264;VALIDE;chap->v.2: avez recu saint apres cru lui saint
Apocalypse 11:0;SKN;60-1204M;312;VALIDE;chap->v.18: nations venue temps prophetes ceux
Apocalypse 15:3;SKN;60-1204M;197;EXACT;chantent cantique moise dieu disant grandes tes seigneur [couverture 10/14]
Apocalypse 17:0;SKN;60-1204M;213;VALIDE;chap->v.17: dieu meme royaume
Apocalypse 22:0;SKN;60-1204M;113;VALIDE;chap->v.6: paroles seigneur dieu prophetes envoye ange choses doivent
Esaie 9:6;SKN;60-1204M;286;EXACT;fils donne sera dieu pere [couverture 5/14]
Genese 45:0;SKN;60-1204M;319;VALIDE;chap->v.3: joseph freres suis joseph pere vit freres lui
Hebreux 11:0;SKN;60-1204M;57;VALIDE;chap->v.4: dieu excellent temoignage juste dieu
Hebreux 11:0;SKN;60-1204M;142;VALIDE;chap->v.4: foi abel offrit dieu excellent sacrifice sacrifice juste
Hebreux 13:8;SKN;60-1204M;235;VALIDE;meme hier eternellement
Jean 5:7;SKN;60-1204M;376;VALIDE;lui repondit nai personne
Jean 14:7;SKN;60-1204M;372;PARTIEL;commencé, pas achevé — connu pere
Marc 16:0;SKN;60-1204M;150;VALIDE;chap->v.17: ceux auront cru nom demons
Matthieu 1:18;SKN;60-1204M;176;PARTIEL;commencé, pas achevé — jesus christ
Matthieu 16:18;SKN;60-1204M;132;EXACT;moi dis pierre roc batirai portes prevaudront contre [couverture 8/10]
Matthieu 28:19;SKN;60-1204M;294;VALIDE;nom pere fils saint
Zacharie 12:0;SKN;60-1204M;311;VALIDE;chap->v.10: repandrai maison david habitants jerusalem esprit grace moi
Zacharie 12:0;SKN;60-1204M;320;VALIDE;chap->v.4: jour ceux maison
Actes 2:36;VGR;60-1204M;357;EXACT;maison disrael sache dieu seigneur christ jesus avez [couverture 9/10]
Actes 19:0;VGR;60-1204M;258;VALIDE;chap->v.1: apollos etait paul apres traverse contrees superieures trouve
Apocalypse 1:0;VGR;60-1204M;26;VALIDE;chap->v.1: revelation jesus christ dieu
Apocalypse 4:0;VGR;60-1204M;26;VALIDE;chap->v.8: chacun deux jour
Apocalypse 11:0;VGR;60-1204M;301;VALIDE;chap->v.18: nations venue temps prophetes ceux
Apocalypse 15:3;VGR;60-1204M;191;EXACT;chantent cantique moise dieu lagneau disant grandes tes [couverture 12/14]
Apocalypse 17:0;VGR;60-1204M;207;VALIDE;chap->v.6: vis femme jesus dun
Apocalypse 22:0;VGR;60-1204M;109;VALIDE;chap->v.6: seigneur dieu prophetes envoye ange choses doivent arriver
Esaie 9:6;VGR;60-1204M;274;EXACT;fils donne sera dieu pere [couverture 5/14]
Genese 45:0;VGR;60-1204M;307;VALIDE;chap->v.3: joseph freres suis joseph pere vit freres lui
Hebreux 11:0;VGR;60-1204M;57;VALIDE;chap->v.16: maintenant cest cest dieu honte dieu
Hebreux 11:0;VGR;60-1204M;139;VALIDE;chap->v.4: foi abel offrit dieu excellent sacrifice sacrifice juste
Hebreux 13:8;VGR;60-1204M;230;VALIDE;meme hier aujourdhui eternellement
Jean 5:7-8;VGR;60-1204M;362;VALIDE;lui nai personne leau
Jean 14:7;VGR;60-1204M;358;PARTIEL;commencé, pas achevé — pere
Marc 16:0;VGR;60-1204M;147;VALIDE;chap->v.17: signes accompagneront ceux auront cru nom demons
Matthieu 1:18;VGR;60-1204M;172;VALIDE;jesus christ soient
Matthieu 16:18;VGR;60-1204M;128;EXACT;moi dis pierre batirai portes prevaudront contre [couverture 7/10]
Matthieu 28:19;VGR;60-1204M;281;EXACT;allez nom pere fils saint esprit [couverture 6/10]
Zacharie 12:0;VGR;60-1204M;300;VALIDE;chap->v.10: repandrai maison david habitants jerusalem esprit grace moi
Zacharie 12:0;VGR;60-1204M;309;VALIDE;chap->v.12: pays famille famille maison famille maison
Actes 2:38;SKN;54-0303;17;VALIDE;pierre soit nom jesus christ peches recevrez don
Ephesiens 4:30;SKN;54-0303;20;VALIDE;nattristez saint esprit dieu lequel avez scelles jour
Jean 9:0;SKN;54-0303;51;VALIDE;chap->v.25: sil sais sais chose cest jetais maintenant vois
Marc 11:24;SKN;54-0303;25;VALIDE;cest pourquoi demanderez priant croyez sera
Actes 2:38;SKN;54-0403;29;VALIDE;pierre repentez chacun soit baptise nom jesus christ
Jean 5:19;SKN;54-0403;55;EXACT;jesus verite dis fils rien lui meme quil [couverture 5/14]
Luc 2:0;SKN;54-0403;39;VALIDE;chap->v.7: monde fils quil avait place eux
Marc 16:0;SKN;54-0403;24;VALIDE;chap->v.17: ici signes accompagneront ceux auront cru nom chasseront
Actes 2:38;SKN;55-0731;169;EXACT;pierre repentez chacun soit baptise nom jesus peches [couverture 11/14]
Psaumes 1:0;SKN;55-0731;37;VALIDE;chap->v.3: sera arbre plante pres rend fruit saison quil
Actes 2:38;SKN;57-0127A;29;VALIDE;pierre repentez chacun soit baptise nom jesus christ
Actes 2:38;SKN;57-0825E;150;VALIDE;pierre repentez chacun soit baptise nom jesus christ
Actes 10:5;SKN;57-0825E;150;VALIDE;maintenant hommes fais venir pierre
actes 10:48;SKN;57-0825E;150;CORRIGE;annoncé Actes 10:49
Actes 19:0;SKN;57-0825E;150;VALIDE;chap->v.2: avez recu saint apres cru lui dirent meme
Matthieu 28:18;SKN;57-0825E;121;VALIDE;jesus parla ciel terre
Matthieu 28:19;SKN;57-0825E;150;VALIDE;faites disciples nations baptisant nom pere fils saint
Psaumes 8:4;SKN;57-0825E;119;VALIDE;quest lui fils visites
Actes 2:38;SKN;58-0326;17;VALIDE;pierre repentez chacun soit baptise nom jesus christ
Jean 11:0;SKN;58-0326;17;VALIDE;chap->v.25: jesus lui moi suis resurrection vie celui croit
Actes 2:38;SKN;59-0628M;81;VALIDE;christ don saint
Marc 16:0;SKN;59-0628M;81;VALIDE;chap->v.6: lui ressuscite ici voici lieu mis
Actes 2:38;SKN;60-0626;91;EXACT;baptise nom jesus peches saint [couverture 5/14]
Actes 19:0;SKN;60-0626;170;VALIDE;chap->v.2: avez recu saint apres cru meme saint
Esaie 28:11;SKN;60-0626;225;VALIDE;levres parlera peuple
Esaie 35:0;SKN;60-0626;249;VALIDE;chap->v.8: grande route chemin chemin ceux ceux vont
Genese 1:26;SKN;60-0626;116;VALIDE;dieu image terre
Actes 2:38;SKN;60-1126;85;EXACT;pierre repentez chacun soit baptise nom jesus christ [couverture 11/14]
Hebreux 13:8;SKN;60-1126;74;VALIDE;jesus meme hier aujourdhui eternellement
Psaumes 103:3;SKN;60-1126;33;VALIDE;cest lui tes guerit
Actes 2:38;SKN;60-1207;186;EXACT;pierre chacun baptise jesus don saint [couverture 6/14]
Apocalypse 17:0;SKN;60-1207;116;VALIDE;chap->v.5: avait grande mere terre
Apocalypse 17:0;SKN;60-1207;139;VALIDE;chap->v.2: ont fornication ceux ont fornication
Apocalypse 17:0;SKN;60-1207;167;VALIDE;chap->v.1: sept anges avaient sept coupes vint disant viens
Hebreux 4:0;SKN;60-1207;89;VALIDE;chap->v.12: parole dieu vivante epee deux tranchants
Hebreux 4:12;SKN;60-1207;89;EXACT;parole dieu vivante epee deux tranchants [couverture 6/14]
Jean 1:0;SKN;60-1207;89;VALIDE;chap->v.1: commencement etait parole parole etait dieu parole etait
Matthieu 28:19;SKN;60-1207;273;VALIDE;nom fils saint
Nombres 22:0;SKN;60-1207;202;VALIDE;chap->v.6: maintenant moi peuple moi
Nombres 23:9;SKN;60-1207;238;EXACT;sommet rochers vois contemple peuple sera compte nations [couverture 8/14]
Actes 2:38;SKN;61-0108;234;EXACT;pierre chacun baptise nom jesus peches saint [couverture 7/14]
Actes 2:38;SKN;61-0108;330;EXACT;pierre chacun soit baptise nom jesus don saint [couverture 8/14]
Actes 2:38;SKN;61-0108;338;EXACT;chacun soit baptise nom jesus don saint [couverture 7/14]
Actes 2:38;SKN;61-0108;358;VALIDE;jesus don saint
Actes 19:0;SKN;61-0108;169;VALIDE;chap->v.2: avez recu saint apres cru saint
Apocalypse 1:0;SKN;61-0108;128;VALIDE;chap->v.20: sept etoiles sept lampes sept etoiles sept sept
Apocalypse 2:5;SKN;61-0108;202;PARTIEL;commencé, pas achevé — toi
Apocalypse 3:0;SKN;61-0108;70;VALIDE;chap->v.20: voici porte entend voix porte lui lui
Apocalypse 4:0;SKN;61-0108;116;VALIDE;chap->v.5: trone eclairs voix tonnerres sept devant trone sept
Apocalypse 4:0;SKN;61-0108;259;VALIDE;chap->v.3: voir autour trone voir
Apocalypse 4:1;SKN;61-0108;72;EXACT;apres choses vis voici porte ouverte ciel voix [couverture 9/14]
Apocalypse 5:0;SKN;61-0108;260;VALIDE;chap->v.2: ange voix livre
Apocalypse 15:0;SKN;61-0108;199;VALIDE;chap->v.2: mer verre feu avaient bete image nombre nom
Apocalypse 15:0;SKN;61-0108;202;VALIDE;chap->v.2: vis mer verre melee feu ceux avaient bete
Apocalypse 22:0;SKN;61-0108;200;VALIDE;chap->v.8: moi jean entendu entendu terre
Ephesiens 4:30;SKN;61-0108;213;EXACT;saint esprit dieu lequel avez scelles jour redemption [couverture 7/9]
Ephesiens 5:0;SKN;61-0108;162;VALIDE;chap->v.2: meme sacrifice dieu bonne
Esaie 6:0;SKN;61-0108;280;VALIDE;chap->v.1: mort roi ozias vis seigneur assis trone eleve
Esaie 9:6;SKN;61-0108;340;EXACT;enfant fils donne nom dieu pere [couverture 6/14]
Exode 19:16;SKN;61-0108;109;PARTIEL;commencé, pas achevé — montagne trompette
Exode 25:10;SKN;61-0108;304;PARTIEL;commencé, pas achevé — deux
Genese 1:0;SKN;61-0108;78;VALIDE;chap->v.10: dieu sec terre eaux dieu cela etait
Genese 3:24;SKN;61-0108;286;VALIDE;chassa placa jardin cherubins tournait garder chemin vie
Genese 4:16;SKN;61-0108;299;PARTIEL;commencé, pas achevé — cain
Genese 49:0;SKN;61-0108;321;VALIDE;chap->v.4: eaux monte couche pere alors monte lit
Luc 10:1;SKN;61-0108;344;CORRIGE;annoncé Jean 14:12
Jean 14:12;SKN;61-0108;356;EXACT;verite dis celui croit moi fera fais grandes [couverture 11/14]
Jean 15:7;SKN;61-0108;360;EXACT;demeurez moi mes paroles demeurent voudrez sera [couverture 7/8]
Levitique 16:0;SKN;61-0108;101;VALIDE;chap->v.15: egorgera bouc peche peuple apportera sang voile fera
Levitique 16:14;SKN;61-0108;101;EXACT;prendra sang taureau fera doigt devant propitiatoire sept [couverture 10/14]
Luc 10:0;SKN;61-0108;369;VALIDE;chap->v.11: poussiere meme ville attachee nos pieds secouons contre
Luc 10:1;SKN;61-0108;346;VALIDE;seigneur deux devant meme
Luc 11:0;SKN;61-0108;373;VALIDE;chap->v.31: reine midi levera jugement hommes generation condamnera vint
Luc 10:1;SKN;61-0108;346;CORRIGE;annoncé Luc 11:29
Luc 11:29;SKN;61-0108;374;EXACT;mit generation mechante demande signe lui sera donne [couverture 11/14]
Luc 24:49;SKN;61-0108;234;VALIDE;voici soyez den
Luc 10:1;SKN;61-0108;345;CORRIGE;annoncé Marc 11:21
Marc 11:21;SKN;61-0108;367;EXACT;pierre passe lui rabbi voici figuier maudit [couverture 6/10]
Marc 16:0;SKN;61-0108;362;VALIDE;chap->v.14: apparut onze etaient table reprocha incredulite durete parce
Matthieu 1:0;SKN;61-0108;338;VALIDE;chap->v.18: naissance jesus arriva mere marie fiancee joseph avant
Matthieu 1:18;SKN;61-0108;338;EXACT;naissance jesus arriva mere marie fiancee joseph avant [couverture 9/14]
Matthieu 10:0;SKN;61-0108;347;VALIDE;chap->v.1: ayant appele douze disciples donna
Esaie 9:6;SKN;61-0108;343;CORRIGE;annoncé Matthieu 10:1
Matthieu 10:1;SKN;61-0108;347;EXACT;ayant appele douze disciples donna [couverture 5/12]
Matthieu 10:1;SKN;61-0108;349;EXACT;ayant appele douze disciples donna esprits chasser guerir [couverture 9/12]
Jean 14:12;SKN;61-0108;355;CORRIGE;annoncé Matthieu 10:1
Matthieu 11:0;SKN;61-0108;366;VALIDE;chap->v.27: mont pere fils pere pere fils
Matthieu 17:0;SKN;61-0108;281;VALIDE;chap->v.14: furent homme lui lui
Matthieu 21:0;SKN;61-0108;367;VALIDE;chap->v.21: jesus verite dis foi figuier meme montagne ote
Matthieu 28:19;SKN;61-0108;183;EXACT;faites disciples nations baptisant nom pere fils saint [couverture 8/10]
Matthieu 28:19;SKN;61-0108;334;EXACT;faites disciples nations baptisant nom pere fils saint [couverture 8/10]
Matthieu 28:19;SKN;61-0108;337;VALIDE;nom pere fils saint
Actes 2:38;SKN;61-0119M;10;VALIDE;soit jesus saint
Galates 1:8;SKN;61-0119M;11;EXACT;ange ciel quil soit anatheme [couverture 5/11]
Jean 14:0;SKN;61-0119M;38;VALIDE;chap->v.17: parce quil parce quil quil sera
Jean 15:0;SKN;61-0119M;38;VALIDE;chap->v.2: sarment porte fruit sarment porte fruit quil porte
Actes 2:38;SKN;61-0315;218;VALIDE;chacun soit baptise nom jesus christ peches don
Hebreux 13:8;SKN;61-0315;194;EXACT;jesus meme hier aujourdhui eternellement [couverture 5/6]
Jean 5:19;SKN;61-0315;172;EXACT;jesus verite dis fils rien lui meme quil [couverture 10/14]
Marc 16:0;SKN;61-0315;186;VALIDE;chap->v.17: accompagneront ceux auront cru nom chasseront demons parleront
Marc 16:0;SKN;61-0315;218;VALIDE;chap->v.16: celui cru baptise sera sauve celui cru sera
Actes 2:38;SKN;61-0425B;163;EXACT;pierre repentez baptise nom jesus don saint [couverture 7/14]
Actes 2:38;SKN;61-0425B;183;EXACT;pierre baptise nom jesus saint [couverture 5/14]
Actes 2:38;SKN;61-0425B;208;EXACT;pierre nom jesus christ saint [couverture 5/14]
actes 10:44;SKN;61-0425B;251;CORRIGE;annoncé Actes 10:49
Colossiens 3:0;SKN;61-0425B;300;VALIDE;chap->v.13: supportant lun lautre uns autres lun sujet autre
Esaie 9:6;SKN;61-0425B;137;EXACT;enfant fils donne sera conseiller dieu fort [couverture 7/14]
Esaie 35:0;SKN;61-0425B;39;VALIDE;chap->v.2: sera lui sera
Jean 3:0;SKN;61-0425B;180;VALIDE;chap->v.3: jesus dis nest voir dieu
Jean 5:24;SKN;61-0425B;293;EXACT;dis celui parole croit envoye vie eternelle vient [couverture 11/14]
Jean 6:0;SKN;61-0425B;128;VALIDE;chap->v.41: contre lui parce quil avait suis
Jean 14:0;SKN;61-0425B;130;VALIDE;chap->v.10: crois suis pere pere dis dis meme pere
Jean 14:0;SKN;61-0425B;180;VALIDE;chap->v.28: men vais men vais
Marc 11:24;SKN;61-0425B;84;PARTIEL;commencé, pas achevé — cest dis
Marc 16:0;SKN;61-0425B;231;VALIDE;chap->v.4: regarde etait etait
Matthieu 1:18;SKN;61-0425B;200;EXACT;naissance jesus arriva ainsi mere marie fiancee joseph [couverture 10/14]
Matthieu 28:0;SKN;61-0425B;175;VALIDE;chap->v.1: tard jour jour voir
Matthieu 28:19;SKN;61-0425B;161;EXACT;allez faites disciples nations baptisant nom pere fils [couverture 9/10]
Matthieu 28:19;SKN;61-0425B;163;EXACT;allez faites disciples nations baptisant nom pere fils [couverture 9/10]
Matthieu 28:19;SKN;61-0425B;183;VALIDE;nom pere fils saint
Matthieu 28:19;SKN;61-0425B;188;EXACT;nom pere fils saint esprit [couverture 5/10]
Matthieu 28:19;SKN;61-0425B;195;EXACT;allez faites disciples nations baptisant nom pere fils [couverture 9/10]
Matthieu 28:19;SKN;61-0425B;208;VALIDE;nom pere fils saint
Romains 4:0;SKN;61-0425B;301;VALIDE;chap->v.12: quil soit pere seulement ceux ceux foi qua
Actes 2:38;SKN;61-1015M;37;VALIDE;pierre soit baptise nom jesus don saint
Actes 2:38;SKN;61-1015M;39;EXACT;pierre soit baptise nom jesus saint [couverture 6/14]
Actes 19:5;SKN;61-1015M;49;VALIDE;nom seigneur jesus
Apocalypse 2:0;SKN;61-1015M;198;VALIDE;chap->v.7: lui vie dieu
Matthieu 16:9;SKN;61-1015M;196;CORRIGE;annoncé Apocalypse 2:9
Apocalypse 21:0;SKN;61-1015M;201;VALIDE;chap->v.2: nouvelle jerusalem ciel daupres dieu preparee epouse
Hebreux 6:4;SKN;61-1015M;58;EXACT;impossible ceux ont fois eclaires goute don celeste [couverture 8/13]
Hebreux 6:4;SKN;61-1015M;59;EXACT;impossible ceux ont fois eclaires goute don celeste [couverture 10/13]
Hebreux 6:4;SKN;61-1015M;60;EXACT;impossible ceux ont fois eclaires goute don celeste [couverture 10/13]
Hebreux 10:0;SKN;61-1015M;59;VALIDE;chap->v.26: pechons volontairement apres recu connaissance verite reste sacrifice
Hebreux 10:0;SKN;61-1015M;64;VALIDE;chap->v.28: loi moise meurt misericorde deposition deux trois temoins
Hebreux 10:26;SKN;61-1015M;59;VALIDE;pechons volontairement apres recu connaissance verite reste sacrifice
Jean 21:15;SKN;61-1015M;79;VALIDE;quils jesus pierre ceux lui seigneur
Matthieu 5:0;SKN;61-1015M;170;VALIDE;chap->v.32: dis femme cause fornication adultere femme repudiee
Matthieu 16:9;SKN;61-1015M;192;VALIDE;cinq pains hommes combien paniers avez
Matthieu 16:9;SKN;61-1015M;193;VALIDE;cinq pains hommes combien paniers avez
Matthieu 16:10;SKN;61-1015M;193;VALIDE;sept pains hommes combien corbeilles avez
Matthieu 28:19;SKN;61-1015M;40;EXACT;allez faites disciples nations baptisant nom pere fils [couverture 9/10]
Actes 2:38;SKN;61-1119;305;EXACT;pierre chacun baptise nom jesus peches don [couverture 7/14]
Actes 2:38;SKN;61-1119;313;EXACT;repentez chacun baptise nom jesus peches don saint [couverture 8/14]
Exode 4:14;SKN;61-1119;182;EXACT;alors colere contre moise frere voici [couverture 6/14]
Hebreux 11:34;SKN;61-1119;117;EXACT;faibles etaient furent rendus vigoureux forts [couverture 6/14]
Psaumes 22:0;SKN;61-1119;320;VALIDE;chap->v.1: dieu dieu pourquoi abandonne tenant paroles
Actes 2:38;SKN;62-0318E;1;VALIDE;pierre repentez chacun soit baptise nom jesus christ
Actes 10:48;SKN;62-0318E;1;VALIDE;quils soient baptises nom seigneur alors demeurer quelques
Actes 20:0;SKN;62-0318E;1;VALIDE;chap->v.18: furent venus lui savez quelle maniere suis conduit
Apocalypse 13:16;SKN;62-0318E;1;VALIDE;qua petits grands pauvres donne marque main front
Apocalypse 17:0;SKN;62-0318E;1;VALIDE;chap->v.10: sept rois cinq lun lautre nest venu sera
Ephesiens 5:22;SKN;62-0318E;1;VALIDE;femmes soyez vos seigneur
Ephesiens 5:23;SKN;62-0318E;1;VALIDE;parce mari chef femme christ lassemblee lui sauveur
Esaie 9:6;SKN;62-0318E;1;EXACT;enfant fils donne gouvernement sera epaule appellera nom [couverture 5/14]
Esaie 54:1;SKN;62-0318E;1;VALIDE;exulte sterile nenfantais eclate chants triomphe pousse cris
esaie 54:1;SKN;62-0318E;1;CORRIGE;annoncé Esaie 54:53
Galates 1:8;SKN;62-0318E;1;VALIDE;memes ange venu ciel outre avons quil soit
Genese 1:0;SKN;62-0318E;1;VALIDE;chap->v.31: dieu vit quil avait voici cela etait bon
Genese 1:11;SKN;62-0318E;1;VALIDE;dieu terre produise plante semence fruit selon espece
Hebreux 6:0;SKN;62-0318E;1;VALIDE;chap->v.4: impossible ceux ont fois eclaires ont goute don
Hebreux 13:8;SKN;62-0318E;1;VALIDE;jesus christ meme hier aujourdhui eternellement
Jean 3:16;SKN;62-0318E;1;EXACT;dieu tant aime monde quil donne fils unique [couverture 5/14]
Jean 5:19;SKN;62-0318E;1;EXACT;jesus verite dis fils rien lui meme quil [couverture 6/14]
Jean 6:0;SKN;62-0318E;1;VALIDE;chap->v.32: jesus verite verite dis moise donne pain vient
Jean 13:20;SKN;62-0318E;1;VALIDE;verite dis celui recoit quelquun jenvoie envoye
Jean 14:12;SKN;62-0318E;1;EXACT;verite dis celui croit moi fera lui fais [couverture 5/14]
Jean 15:16;SKN;62-0318E;1;VALIDE;nest choisi cest moi choisis etablis afin fruit
Jean 20:0;SKN;62-0318E;1;VALIDE;chap->v.17: jesus lui touche suis monte pere mes freres
Joel 2:28;SKN;62-0318E;1;VALIDE;arrivera apres cela esprit chair vos fils filles
Luc 10:16;SKN;62-0318E;1;VALIDE;celui ecoute mecoute rejette envoye
Malachie 3:0;SKN;62-0318E;1;VALIDE;chap->v.16: alors ceux leternel ont parle lun lautre leternel
Malachie 4:0;SKN;62-0318E;1;VALIDE;chap->v.5: voici envoie elie prophete avant vienne grand terrible
Marc 1:22;SKN;62-0318E;1;VALIDE;doctrine enseignait ayant autorite scribes
Matthieu 16:0;SKN;62-0318E;1;VALIDE;chap->v.19: donnerai royaume cieux lieras terre sera lie cieux
Matthieu 16:19;SKN;62-0318E;1;VALIDE;donnerai royaume cieux lieras terre sera lie delieras
Matthieu 24:0;SKN;62-0318E;1;VALIDE;chap->v.21: alors aura grande tribulation telle quil depuis commencement
Matthieu 28:18;SKN;62-0318E;1;VALIDE;jesus sapprochant parla disant autorite donnee ciel terre
Matthieu 28:19;SKN;62-0318E;1;VALIDE;allez faites disciples nations nom pere fils saint
Romains 11:29;SKN;62-0318E;1;VALIDE;dons grace lappel dieu repentir
Actes 2:38;SKN;62-0318M;28;VALIDE;pierre repentez chacun soit baptise nom jesus christ
Actes 19:0;SKN;62-0318M;28;VALIDE;chap->v.4: paul jean baptise bapteme repentance disant peuple quils
Apocalypse 21:0;SKN;62-0318M;28;VALIDE;chap->v.1: vis nouveau ciel nouvelle terre premier ciel premiere
Genese 1:0;SKN;62-0318M;28;VALIDE;chap->v.31: dieu vit quil avait voici cela etait bon
Genese 1:1;SKN;62-0318M;28;VALIDE;commencement dieu crea cieux terre
Genese 1:11;SKN;62-0318M;28;VALIDE;dieu terre produise plante semence larbre fruitier fruit
Genese 17:0;SKN;62-0318M;28;VALIDE;chap->v.7: jetablirai alliance moi toi semence apres toi alliance
Jean 3:0;SKN;62-0318M;28;VALIDE;chap->v.18: celui croit lui nest juge celui croit deja
Jean 3:5;SKN;62-0318M;28;VALIDE;jesus repondit verite dis quelquun nest deau lesprit
Jean 3:14;SKN;62-0318M;28;VALIDE;moise eleva serpent desert ainsi faut fils lhomme
Jean 5:19;SKN;62-0318M;28;VALIDE;jesus repondit verite dis fils rien lui meme
Jean 14:12;SKN;62-0318M;28;VALIDE;verite dis celui croit moi fera lui fais
Joel 2:0;SKN;62-0318M;28;VALIDE;chap->v.27: saurez suis milieu moi leternel suis dieu quil
Matthieu 24:0;SKN;62-0318M;28;VALIDE;chap->v.21: alors aura grande tribulation telle quil depuis commencement
Matthieu 24:35;SKN;62-0318M;28;VALIDE;ciel terre passeront mes paroles
Matthieu 28:19;SKN;62-0318M;28;VALIDE;allez faites disciples nations baptisant nom pere fils
Actes 2:38;SKN;62-0610M;16;EXACT;pierre repentez soit baptise nom jesus don saint [couverture 6/14]
Deuteronome 18:22;SKN;62-0610M;87;VALIDE;prophete nom chose cest parole
Deuteronome 18:22;SKN;62-0610M;90;VALIDE;prophete chose cest parole dite
Ephesiens 1:0;SKN;62-0610M;77;VALIDE;chap->v.1: paul jesus christ dieu christ jesus
Ephesiens 1:5;SKN;62-0610M;77;VALIDE;predestines jesus christ selon bon
Galates 1:8;SKN;62-0610M;66;EXACT;ange venu ciel quil soit anatheme [couverture 6/11]
Hebreux 6:0;SKN;62-0610M;73;VALIDE;chap->v.4: ceux ont fois ont don saint
Jean 14:12;SKN;62-0610M;87;VALIDE;dis celui croit moi fera lui fais men
Jean 15:0;SKN;62-0610M;73;VALIDE;chap->v.2: sarment fruit sarment fruit quil fruit
Joel 2:28;SKN;62-0610M;95;VALIDE;cela repandrai esprit chair vos fils filles prophetiseront
Marc 16:0;SKN;62-0610M;87;VALIDE;chap->v.17: accompagneront ceux auront cru nom chasseront demons parleront
Nombres 14:0;SKN;62-0610M;37;VALIDE;chap->v.44: sobstinerent monter sommet montagne larche lalliance leternel moise
Nombres 14:41-45;SKN;62-0610M;39;EXACT;moise pourquoi transgressez ainsi leternel cela reussira montez [couverture 7/8]
Actes 2:38;SKN;62-0714;97;VALIDE;repentez chacun soit baptise nom jesus peches recevrez
Hebreux 13:8;SKN;62-0714;97;VALIDE;jesus meme hier aujourdhui eternellement
Jean 14:12;SKN;62-0714;91;EXACT;dis celui croit moi fera lui fais parce [couverture 6/14]
Malachie 4:0;SKN;62-0714;55;VALIDE;chap->v.1: jour vient jour vient
Marc 16:0;SKN;62-0714;93;VALIDE;chap->v.16: celui aura cru aura baptise sera sauve celui
Actes 2:38;SKN;62-1014E;103;EXACT;pierre repentez chacun soit baptise nom jesus christ [couverture 11/14]
Ephesiens 4:30;SKN;62-1014E;2;EXACT;nattristez saint dieu lequel avez scelles jour redemption [couverture 8/9]
Exode 13:21;SKN;62-1014E;49;EXACT;devant eux jour colonne nuee chemin nuit feu [couverture 9/14]
Marc 16:0;SKN;62-1014E;104;VALIDE;chap->v.16: celui cru baptise sera celui cru sera
Actes 2:38;SKN;62-1123;72;VALIDE;pierre repentez chacun baptise nom jesus peches don
Hebreux 13:8;SKN;62-1123;85;VALIDE;jesus christ meme hier aujourdhui eternellement
Jean 5:19;SKN;62-1123;98;EXACT;verite dis fils rien lui meme quil chose [couverture 7/14]
Jean 12:4;SKN;62-1123;49;PARTIEL;commencé, pas achevé — fils
Jeremie 8:22;SKN;62-1123;9;EXACT;baume galaad medecin pourquoi fille peuple [couverture 6/9]
Psaumes 22:0;SKN;62-1123;53;VALIDE;chap->v.16: mont ont perce mes mains mes pieds
Actes 2:38;SKN;62-1125M;101;VALIDE;chacun soit don saint
Actes 2:38;SKN;63-0421;99;VALIDE;pierre baptise don saint
Genese 22:0;SKN;63-0421;106;VALIDE;chap->v.7: isaac abraham pere pere voici fils voici bois
Hebreux 11:0;SKN;63-0421;18;VALIDE;chap->v.4: foi abel offrit dieu excellent sacrifice cain sacrifice
Jacques 5:14;SKN;63-0421;116;VALIDE;parmi malade anciens lui nom seigneur
Matthieu 24:0;SKN;63-0421;54;VALIDE;chap->v.7: nation contre nation royaume contre royaume aura terre
Actes 2:38;SKN;63-1124E;146;EXACT;repentez chacun soit baptise nom jesus peches recevrez [couverture 10/14]
Esaie 35:0;SKN;63-1124E;34;VALIDE;chap->v.8: aura grande route chemin sera appele chemin passera
Jean 6:0;SKN;63-1124E;26;VALIDE;chap->v.64: quelques croient jesus savait commencement etaient ceux croyaient
Jean 6:60;SKN;63-1124E;22;PARTIEL;commencé, pas achevé — parole
Jean 15:0;SKN;63-1124E;199;VALIDE;chap->v.4: demeurez moi moi lui meme demeure meme pouvez
Matthieu 10:0;SKN;63-1124E;101;VALIDE;chap->v.41: prophete prophete prophete juste juste
Psaumes 22:0;SKN;63-1124E;109;VALIDE;chap->v.1: dieu dieu pourquoi abandonne paroles
Romains 4:0;SKN;63-1124E;64;VALIDE;chap->v.20: promesse dieu incredulite fut fortifie donnant gloire dieu
Actes 2:38;SKN;63-1127;160;VALIDE;soit don saint
Deuteronome 4:0;SKN;63-1127;25;VALIDE;chap->v.9: seulement prends garde toi garde ame peur noublies
Ephesiens 4:30;SKN;63-1127;201;EXACT;nattristez saint dieu lequel avez scelles jour redemption [couverture 8/9]
Esaie 9:6;SKN;63-1127;103;EXACT;enfant fils donne epaule conseiller dieu pere [couverture 7/14]
Esaie 9:6;SKN;63-1127;150;PARTIEL;commencé, pas achevé — sera dieu
Hebreux 4:0;SKN;63-1127;207;VALIDE;chap->v.12: parole dieu epee deux tranchants
Hebreux 11:0;SKN;63-1127;128;VALIDE;chap->v.12: cest dun seul dun nes gens etoiles
Hebreux 13:8;SKN;63-1127;97;EXACT;jesus meme hier aujourdhui eternellement [couverture 5/6]
Hebreux 13:8;SKN;63-1127;147;EXACT;jesus christ meme hier aujourdhui eternellement [couverture 6/6]
Jean 12:14;SKN;63-1127;202;PARTIEL;commencé, pas achevé — quil
Malachie 3:0;SKN;63-1127;16;VALIDE;chap->v.14: dites cest dieu quel quil
Actes 2:38;SKN;64-0427;67;VALIDE;pierre repentez chacun baptise nom jesus christ peches
Deuteronome 18:15;SKN;64-0427;72;VALIDE;leternel dieu suscitera prophete moi toi
Ezechiel 2:1;SKN;64-0427;72;PARTIEL;commencé, pas achevé — fils toi
Hebreux 13:8;SKN;64-0427;25;VALIDE;jesus meme hier aujourdhui
Jacques 5:14;SKN;64-0427;19;VALIDE;quelquun parmi malade quil appelle anciens quils prient
Jacques 5:14;SKN;64-0427;20;EXACT;quelquun parmi malade quil appelle anciens quils prient [couverture 10/14]
Jacques 5:14;SKN;64-0427;22;VALIDE;quelquun malade quil quils lui dhuile
Jacques 5:14;SKN;64-0427;31;VALIDE;quelquun malade quil quils lui dhuile
Jean 3:16;SKN;64-0427;85;EXACT;dieu monde quil fils lui [couverture 6/14]
Jean 14:5;SKN;64-0427;65;VALIDE;lui seigneur comment savoir
Jean 14:12;SKN;64-0427;7;VALIDE;verite dis moi lui grandes
Luc 17:0;SKN;64-0427;70;VALIDE;chap->v.30: sera meme jour fils lhomme sera manifeste
Luc 17:23;SKN;64-0427;25;PARTIEL;commencé, pas achevé — ici
Malachie 3:0;SKN;64-0427;78;VALIDE;chap->v.1: jenvoie messager chemin devant moi seigneur
Malachie 4:0;SKN;64-0427;76;VALIDE;chap->v.5: envoie prophete avant jour
Malachie 4:0;SKN;64-0427;78;VALIDE;chap->v.6: peres fils fils peres frappe
Marc 4:0;SKN;64-0427;25;VALIDE;chap->v.15: ici ceux parole ont entendu satan vient parole
Marc 6:0;SKN;64-0427;7;VALIDE;chap->v.14: parler lui nom etait jean ressuscite dentre morts
Marc 11:0;SKN;64-0427;22;VALIDE;chap->v.33: jesus savons jesus moi dis quelle choses
Marc 11:22;SKN;64-0427;22;VALIDE;jesus foi dieu
Marc 16:0;SKN;64-0427;7;VALIDE;chap->v.12: apres choses autre forme deux dentre eux chemin
Marc 16:0;SKN;64-0427;12;VALIDE;chap->v.16: aura aura sera naura sera
Marc 16:0;SKN;64-0427;18;VALIDE;chap->v.6: lui nest ici voici mis
Marc 16:0;SKN;64-0427;20;VALIDE;chap->v.6: lui jesus nest ici voici mis
Marc 16:0;SKN;64-0427;22;VALIDE;chap->v.6: lui jesus nest ici voici mis
Marc 16:0;SKN;64-0427;31;VALIDE;chap->v.18: quelque chose cela imposeront mains ceux
Marc 16:0;SKN;64-0427;67;VALIDE;chap->v.16: celui baptise sera sauve celui sera condamne
Marc 16:0;SKN;64-0427;85;VALIDE;chap->v.18: auront quelque chose cela imposeront mains infirmes ceux
Marc 16:0;SKN;64-0427;94;VALIDE;chap->v.17: ici signes accompagneront ceux auront cru nom
Actes 2:38;SKN;65-0219;96;EXACT;pierre chacun baptise nom jesus remission peches recevrez [couverture 10/14]
Apocalypse 3:0;SKN;65-0219;141;VALIDE;chap->v.17: parce dis suis riche suis besoin rien malheureux
Apocalypse 10:0;SKN;65-0219;165;VALIDE;chap->v.7: septieme ange sera mystere dieu sera
Daniel 12:4;SKN;65-0219;133;PARTIEL;commencé, pas achevé — daniel connaissance
Esaie 40:0;SKN;65-0219;115;VALIDE;chap->v.24: meme meme meme eux
Esaie 61:0;SKN;65-0219;43;VALIDE;chap->v.1: seigneur moi parce apporter
Esaie 61:0;SKN;65-0219;44;VALIDE;chap->v.1: seigneur moi parce apporter
Esaie 61:1-2;SKN;65-0219;44;VALIDE;seigneur moi parce apporter ont
Genese 1:0;SKN;65-0219;205;VALIDE;chap->v.5: dieu appela jour appela soir jour
Genese 23:0;SKN;65-0219;189;VALIDE;chap->v.16: avait parle fils
Hebreux 13:8;SKN;65-0219;242;PARTIEL;commencé, pas achevé — meme hier
Jean 5:19;SKN;65-0219;77;EXACT;jesus verite dis fils rien lui meme chose [couverture 10/14]
Jean 16:0;SKN;65-0219;34;VALIDE;chap->v.27: moi suis dieu
actes 2:38;SKN;65-0219;124;CORRIGE;annoncé Joel 2:38
Luc 17:30;SKN;65-0219;196;EXACT;sera meme jour fils [couverture 5/7]
Malachie 4:0;SKN;65-0219;152;VALIDE;chap->v.6: retourner cur peres fils cur fils peres
Matthieu 24:0;SKN;65-0219;132;VALIDE;chap->v.7: nation contre nation royaume contre royaume terre
Matthieu 24:0;SKN;65-0219;149;VALIDE;chap->v.7: nation contre nation contre tremblements terre divers
Actes 2:38;SKN;65-0221M;183;EXACT;pierre baptise nom jesus don saint [couverture 5/14]
Apocalypse 10:0;SKN;65-0221M;58;VALIDE;chap->v.7: jours septieme ange sera sonner trompette mystere dieu
Esaie 53:0;SKN;65-0221M;99;VALIDE;chap->v.7: ouvert bouche ceux ouvert bouche
Ezechiel 44:22;SKN;65-0221M;156;EXACT;femme veuve vierge sacrificateur [couverture 6/14]
Genese 3:0;SKN;65-0221M;70;VALIDE;chap->v.1: etait dieu avait femme dieu
Genese 3:0;SKN;65-0221M;141;VALIDE;chap->v.19: sueur visage mangeras pain retournes sol lui pris
Genese 3:16;SKN;65-0221M;71;PARTIEL;commencé, pas achevé — femme mari
Genese 3:16;SKN;65-0221M;143;EXACT;femme tes souffrances grossesse enfanteras enfants desir sera [couverture 9/14]
Job 14:0;SKN;65-0221M;153;VALIDE;chap->v.13: temps puis moi
Levitique 21:7;SKN;65-0221M;156;EXACT;femme sacrificateur dieu [couverture 5/13]
Luc 17:0;SKN;65-0221M;35;VALIDE;chap->v.4: fois jour contre fois lui
Matthieu 5:0;SKN;65-0221M;157;VALIDE;chap->v.32: moi dis quiconque repudiera femme cause fornication adultere
Matthieu 5:32;SKN;65-0221M;158;EXACT;moi dis quiconque repudiera femme cause fornication adultere [couverture 10/14]
Matthieu 16:18;SKN;65-0221M;185;VALIDE;dis pierre batirai portes
Matthieu 28:19;SKN;65-0221M;183;EXACT;faites disciples nations baptisant nom pere fils saint [couverture 8/10]
Matthieu 28:19;SKN;65-0221M;184;EXACT;faites disciples nations baptisant nom pere fils saint [couverture 8/10]
Romains 9:0;SKN;65-0221M;109;VALIDE;chap->v.17: pharaon cela meme tai suscite montrer toi puissance
Romains 9:14;SKN;65-0221M;109;PARTIEL;commencé, pas achevé — dirons dieu
Actes 2:38;SKN;65-0711;82;VALIDE;soit nom jesus don saint esprit
Genese 24:7;SKN;65-0711;50;VALIDE;dieu pris maison jure lui
Luc 24:49;SKN;65-0711;105;EXACT;voici moi jenvoie promesse pere ville jusqua soyez [couverture 12/13]
Marc 16:0;SKN;65-0711;84;VALIDE;chap->v.6: lui jesus ici voici lieu mis
Actes 2:38;VGR;54-1219E;35;EXACT;pierre repentez chacun soit baptise nom jesus peches [couverture 11/14]
Jean 5:0;VGR;54-1219E;124;VALIDE;chap->v.24: celui parole croit celui envoye vie eternelle passe
Romains 8:1;VGR;54-1219E;78;EXACT;maintenant aucune condamnation ceux christ jesus [couverture 6/6]
Actes 2:38;VGR;57-0825E;208;EXACT;pierre repentez chacun baptise nom jesus christ peches [couverture 12/14]
Actes 10:5;VGR;57-0825E;209;PARTIEL;commencé, pas achevé — pierre
actes 10:48;VGR;57-0825E;208;CORRIGE;annoncé Actes 10:49
Matthieu 28:18;VGR;57-0825E;121;VALIDE;jesus parla ciel terre
Matthieu 28:19;VGR;57-0825E;203;EXACT;allez faites disciples nations nom pere fils saint [couverture 9/10]
psaumes 8:4;VGR;57-0825E;119;CORRIGE;annoncé Psaumes 8:46
Actes 2:38;VGR;59-0628M;81;VALIDE;christ don saint
Marc 16:0;VGR;59-0628M;81;VALIDE;chap->v.6: lui ressuscite ici voici mis
Actes 2:38;VGR;60-0626;89;EXACT;repentez baptise nom jesus remission peches saint [couverture 7/14]
Actes 19:0;VGR;60-0626;166;VALIDE;chap->v.2: avez recu saint apres cru lui meme saint
Esaie 35:0;VGR;60-0626;244;VALIDE;chap->v.8: grande route chemin chemin ceux ceux
Genese 1:26;VGR;60-0626;111;VALIDE;dieu image cieux terre
Actes 2:38;VGR;60-1207;183;EXACT;pierre chacun baptise nom jesus christ don saint [couverture 8/14]
Apocalypse 17:0;VGR;60-1207;112;VALIDE;chap->v.4: etait dor main dor
Apocalypse 17:0;VGR;60-1207;135;VALIDE;chap->v.13: ceux ont meme pouvoir
Hebreux 4:0;VGR;60-1207;85;VALIDE;chap->v.12: parole dieu vivante epee deux tranchants
Hebreux 4:12;VGR;60-1207;85;EXACT;parole dieu vivante epee deux tranchants [couverture 6/14]
Jean 1:0;VGR;60-1207;85;VALIDE;chap->v.1: commencement etait parole parole etait dieu parole etait
Matthieu 28:19;VGR;60-1207;254;VALIDE;pere fils saint esprit
Nombres 22:0;VGR;60-1207;199;VALIDE;chap->v.20: dieu balaam lui leve toi eux
Nombres 23:9;VGR;60-1207;229;EXACT;sommet rochers contemple cest peuple sera nations [couverture 7/14]
Actes 2:38;VGR;60-1218;403;EXACT;repentez chacun baptise nom jesus remission peches recevrez [couverture 10/14]
Apocalypse 21:0;VGR;60-1218;234;VALIDE;chap->v.1: vis nouveau ciel nouvelle terre premier ciel premiere
Genese 22:0;VGR;60-1218;330;VALIDE;chap->v.12: main lui rien maintenant sais dieu mas fils
Hebreux 11:0;VGR;60-1218;331;VALIDE;chap->v.17: foi abraham isaac avait recu offrit fils unique
Hebreux 11:17;VGR;60-1218;331;EXACT;foi abraham isaac avait recu offrit fils unique [couverture 8/13]
Hebreux 13:12;VGR;60-1218;381;VALIDE;cest jesus quil
Jean 5:19;VGR;60-1218;368;EXACT;dis fils rien lui meme quil chose pere [couverture 8/14]
Jean 14:12;VGR;60-1218;372;EXACT;dis celui lui uvres fais grandes men vais [couverture 6/14]
Jean 15:0;VGR;60-1218;285;VALIDE;chap->v.4: demeurez moi moi lui quil demeure pouvez
Marc 16:0;VGR;60-1218;373;VALIDE;chap->v.17: ici signes accompagneront ceux auront cru chasseront demons
Marc 16:0;VGR;60-1218;422;VALIDE;chap->v.16: celui aura aura baptise sera sauve celui naura
Marc 16:0;VGR;60-1218;469;VALIDE;chap->v.18: chose cela mains ceux
Matthieu 10:0;VGR;60-1218;421;VALIDE;chap->v.37: celui moi nest moi celui moi nest
Matthieu 17:0;VGR;60-1218;378;VALIDE;chap->v.1: apres six jours jesus lui pierre jacques jean
Matthieu 24:35;VGR;60-1218;227;PARTIEL;commencé, pas achevé — terre passeront
Matthieu 24:35;VGR;60-1218;233;VALIDE;ciel terre passeront
Actes 2:38;VGR;60-1225;57;EXACT;repentez chacun baptise nom jesus christ peches recevrez [couverture 10/14]
Actes 10:35;VGR;60-1225;124;PARTIEL;commencé, pas achevé — nation craint
Apocalypse 1:20;VGR;60-1225;130;PARTIEL;commencé, pas achevé — etoiles
Apocalypse 20:0;VGR;60-1225;130;VALIDE;chap->v.1: vis grande main
Luc 2:7;VGR;60-1225;12;VALIDE;monde fils premier lemmaillota coucha creche parce quil
Matthieu 1:5;VGR;60-1225;24;PARTIEL;commencé, pas achevé — salmon
Actes 2:38;VGR;61-0108;228;EXACT;pierre repentez chacun baptise nom jesus peches saint [couverture 8/14]
Actes 2:38;VGR;61-0108;325;EXACT;pierre repentez chacun soit baptise nom jesus don [couverture 9/14]
Actes 2:38;VGR;61-0108;333;EXACT;repentez chacun soit baptise nom jesus christ don [couverture 9/14]
Actes 2:38;VGR;61-0108;350;VALIDE;jesus don saint
Actes 19:0;VGR;61-0108;166;VALIDE;chap->v.2: avez recu saint apres cru lui meme entendu
Apocalypse 1:0;VGR;61-0108;128;VALIDE;chap->v.20: sept etoiles sept lampes sept etoiles sept sept
Apocalypse 2:5;VGR;61-0108;195;PARTIEL;commencé, pas achevé — uvres
Apocalypse 3:0;VGR;61-0108;70;VALIDE;chap->v.20: voici porte entend voix quil porte lui lui
Apocalypse 4:0;VGR;61-0108;116;VALIDE;chap->v.5: trone eclairs voix tonnerres sept devant trone sept
Apocalypse 4:0;VGR;61-0108;253;VALIDE;chap->v.6: trone verre trone trone
Apocalypse 4:1;VGR;61-0108;72;EXACT;apres choses voici porte ouverte ciel voix entendue [couverture 8/14]
Apocalypse 5:0;VGR;61-0108;254;VALIDE;chap->v.11: voix beaucoup danges trone anciens
Apocalypse 11:13;VGR;61-0108;246;PARTIEL;commencé, pas achevé — partie
Apocalypse 15:0;VGR;61-0108;192;VALIDE;chap->v.2: mer verre feu ceux avaient bete image nombre
Apocalypse 15:0;VGR;61-0108;195;VALIDE;chap->v.2: vis mer verre melee feu ceux avaient bete
Apocalypse 22:0;VGR;61-0108;193;VALIDE;chap->v.8: cest moi jean entendu entendu terre
Ephesiens 4:30;VGR;61-0108;207;EXACT;nattristez saint esprit dieu lequel avez scelles jour [couverture 8/9]
Ephesiens 5:0;VGR;61-0108;160;VALIDE;chap->v.21: soumis uns autres crainte
Esaie 6:0;VGR;61-0108;274;VALIDE;chap->v.1: lannee mort roi ozias vis seigneur assis trone
Esaie 9:6;VGR;61-0108;333;EXACT;enfant fils donne nom dieu pere [couverture 6/14]
Exode 19:16;VGR;61-0108;109;VALIDE;quil montagne trompette
Exode 25:10;VGR;61-0108;299;PARTIEL;commencé, pas achevé — deux dune
Genese 1:0;VGR;61-0108;78;VALIDE;chap->v.2: terre etait vide avait labime lesprit dieu eaux
Genese 3:24;VGR;61-0108;280;VALIDE;chassa lhomme lorient jardin deden cherubins garder chemin
Genese 4:16;VGR;61-0108;294;PARTIEL;commencé, pas achevé — cain
Genese 49:0;VGR;61-0108;316;VALIDE;chap->v.28: douze tribus disrael cest pere chacun
Luc 10:1;VGR;61-0108;337;CORRIGE;annoncé Jean 14:12
Jean 14:12;VGR;61-0108;348;EXACT;verite dis celui croit moi fera uvres fais [couverture 12/14]
Jean 15:7;VGR;61-0108;352;EXACT;demeurez moi mes paroles demeurent voudrez sera [couverture 7/8]
Levitique 16:0;VGR;61-0108;101;VALIDE;chap->v.14: prendra sang taureau fera doigt devant propitiatoire lorient
Levitique 16:14;VGR;61-0108;101;EXACT;prendra sang taureau fera doigt devant propitiatoire lorient [couverture 11/14]
Luc 10:1;VGR;61-0108;338;EXACT;choses seigneur deux devant meme [couverture 5/14]
Luc 10:1;VGR;61-0108;361;PARTIEL;commencé, pas achevé — apres lui
Luc 10:1;VGR;61-0108;338;CORRIGE;annoncé Luc 11:29
Luc 11:29;VGR;61-0108;367;EXACT;mit generation mechante demande signe sera donne jonas [couverture 10/14]
Luc 11:29;VGR;61-0108;368;EXACT;mit generation mechante demande signe sera donne nest [couverture 9/14]
Luc 24:49;VGR;61-0108;228;VALIDE;voici soyez den
Marc 11:21;VGR;61-0108;338;PARTIEL;commencé, pas achevé — voici
Marc 11:21;VGR;61-0108;359;EXACT;pierre setait passe lui rabbi voici figuier maudit [couverture 8/10]
Marc 16:0;VGR;61-0108;338;VALIDE;chap->v.6: jesus ici voici mis
Marc 16:0;VGR;61-0108;354;VALIDE;chap->v.14: tard apparut onze etaient table reprocha incredulite durete
Matthieu 1:0;VGR;61-0108;333;VALIDE;chap->v.18: naissance jesus christ arriva mere marie fiancee joseph
Matthieu 1:18;VGR;61-0108;333;EXACT;naissance jesus christ arriva mere marie fiancee joseph [couverture 11/14]
Matthieu 10:0;VGR;61-0108;339;VALIDE;chap->v.2: ici douze apotres appele frere jean
Actes 2:38;VGR;61-0108;336;CORRIGE;annoncé Matthieu 10:1
Matthieu 10:1;VGR;61-0108;339;EXACT;ayant appele douze disciples donna [couverture 5/12]
Matthieu 10:1;VGR;61-0108;341;EXACT;ayant appele douze disciples donna esprits chasser guerir [couverture 9/12]
Jean 14:12;VGR;61-0108;347;CORRIGE;annoncé Matthieu 10:1
Matthieu 11:0;VGR;61-0108;358;VALIDE;chap->v.27: mont pere fils nest pere pere nest fils
Matthieu 17:0;VGR;61-0108;275;VALIDE;chap->v.5: voici voici voix jai
Matthieu 21:0;VGR;61-0108;359;VALIDE;chap->v.21: jesus verite dis foi figuier montagne ote
Matthieu 28:19;VGR;61-0108;177;EXACT;allez faites disciples nations baptisant nom pere fils [couverture 10/10]
Matthieu 28:19;VGR;61-0108;329;EXACT;allez faites disciples nations baptisant nom pere fils [couverture 9/10]
Matthieu 28:19;VGR;61-0108;332;VALIDE;nom pere fils saint
Actes 2:38;VGR;61-0119M;10;VALIDE;soit jesus don saint
Galates 1:8;VGR;61-0119M;11;EXACT;ange ciel quil soit anatheme [couverture 5/11]
Jean 14:0;VGR;61-0119M;42;VALIDE;chap->v.10: suis dis dis meme
Jean 15:0;VGR;61-0119M;42;VALIDE;chap->v.2: sarment porte fruit sarment porte fruit porte fruit
Actes 2:38;VGR;61-0425B;163;EXACT;pierre repentez baptise nom jesus don saint esprit [couverture 8/14]
Actes 2:38;VGR;61-0425B;183;EXACT;pierre baptise nom jesus saint [couverture 5/14]
Actes 2:38;VGR;61-0425B;209;EXACT;pierre nom jesus christ saint [couverture 5/14]
actes 10:44;VGR;61-0425B;252;CORRIGE;annoncé Actes 10:49
Colossiens 3:0;VGR;61-0425B;301;VALIDE;chap->v.17: quelque chose faites jesus lui dieu pere
Esaie 9:6;VGR;61-0425B;137;EXACT;enfant fils donne sera conseiller dieu fort [couverture 7/14]
Esaie 35:0;VGR;61-0425B;39;VALIDE;chap->v.6: alors boiteux sautera cerf
Jean 3:0;VGR;61-0425B;180;VALIDE;chap->v.3: jesus dis nest voir dieu
Jean 5:24;VGR;61-0425B;294;EXACT;dis celui parole croit envoye vie eternelle vient [couverture 11/14]
Jean 6:0;VGR;61-0425B;128;VALIDE;chap->v.41: contre lui parce quil avait suis
Jean 14:0;VGR;61-0425B;130;VALIDE;chap->v.10: crois suis pere pere dis dis meme pere
Jean 14:0;VGR;61-0425B;180;VALIDE;chap->v.9: jesus celui comment dis
Marc 11:24;VGR;61-0425B;84;PARTIEL;commencé, pas achevé — cest
Marc 16:0;VGR;61-0425B;232;VALIDE;chap->v.4: regarde etait etait
Matthieu 1:18;VGR;61-0425B;200;EXACT;naissance jesus christ arriva ainsi mere marie fiancee [couverture 11/14]
Matthieu 28:0;VGR;61-0425B;175;VALIDE;chap->v.1: tard jour jour voir
Matthieu 28:19;VGR;61-0425B;161;EXACT;allez faites disciples nations baptisant nom pere fils [couverture 10/10]
Matthieu 28:19;VGR;61-0425B;163;EXACT;allez faites disciples nations baptisant nom pere fils [couverture 10/10]
Matthieu 28:19;VGR;61-0425B;183;VALIDE;nom pere fils saint
Matthieu 28:19;VGR;61-0425B;188;EXACT;nom pere fils saint esprit [couverture 5/10]
Matthieu 28:19;VGR;61-0425B;195;EXACT;allez faites disciples nations baptisant nom pere fils [couverture 9/10]
Matthieu 28:19;VGR;61-0425B;209;VALIDE;nom pere fils saint
Romains 4:0;VGR;61-0425B;334;VALIDE;chap->v.17: selon quil ecrit dieu quil
Actes 2:38;VGR;61-0611;76;EXACT;repentez chacun soit baptise nom jesus christ peches [couverture 11/14]
Levitique 25:0;VGR;61-0611;129;VALIDE;chap->v.25: frere pauvre vend partie possession alors droit rachat
Levitique 25:0;VGR;61-0611;131;VALIDE;chap->v.25: frere pauvre vend possession alors droit rachat proche
Levitique 25:23;VGR;61-0611;129;PARTIEL;commencé, pas achevé — pays
Matthieu 5:0;VGR;61-0611;125;VALIDE;chap->v.5: debonnaires cest heriteront terre
Matthieu 28:0;VGR;61-0611;77;VALIDE;chap->v.19: nom pere fils saint esprit
Romains 8:22;VGR;61-0611;102;EXACT;savons creation soupire jusqua maintenant [couverture 5/7]
Actes 2:38;VGR;61-1015M;37;VALIDE;pierre soit baptise nom jesus don saint
Actes 2:38;VGR;61-1015M;39;EXACT;pierre baptise nom jesus christ don saint [couverture 7/14]
Actes 19:5;VGR;61-1015M;49;VALIDE;choses nom seigneur jesus
apocalypse 2:1;VGR;61-1015M;196;CORRIGE;annoncé Apocalypse 2:99
Apocalypse 21:0;VGR;61-1015M;201;VALIDE;chap->v.2: nouvelle jerusalem ciel daupres dieu preparee epouse
Hebreux 6:4;VGR;61-1015M;58;VALIDE;impossible ceux ont fois eclaires goute don celeste
Hebreux 6:4;VGR;61-1015M;59;EXACT;impossible ceux ont fois eclaires goute don celeste [couverture 9/13]
Hebreux 6:4;VGR;61-1015M;60;EXACT;impossible ceux ont fois eclaires goute don celeste [couverture 10/13]
Hebreux 10:0;VGR;61-1015M;59;VALIDE;chap->v.29: pensez sera juge digne celui foule pieds fils
Hebreux 10:0;VGR;61-1015M;64;VALIDE;chap->v.28: loi moise meurt misericorde deposition deux trois temoins
Hebreux 10:26;VGR;61-1015M;59;VALIDE;pechons volontairement apres recu connaissance verite reste sacrifice
Hebreux 10:26-39;VGR;61-1015M;58;VALIDE;pechons volontairement apres recu connaissance verite reste sacrifice
Jean 21:15;VGR;61-1015M;79;VALIDE;quils jesus pierre ceux lui seigneur
Matthieu 5:0;VGR;61-1015M;170;VALIDE;chap->v.32: moi dis quiconque femme nest cause fornication commettre
Matthieu 16:9;VGR;61-1015M;192;VALIDE;cinq pains hommes combien paniers avez
Matthieu 16:9;VGR;61-1015M;193;VALIDE;cinq pains hommes combien paniers avez
Matthieu 16:10;VGR;61-1015M;193;VALIDE;sept pains hommes combien corbeilles avez
Matthieu 28:19;VGR;61-1015M;40;EXACT;allez faites disciples nations baptisant nom pere fils [couverture 9/10]
Actes 2:38;VGR;61-1119;305;EXACT;pierre repentez chacun baptise nom jesus remission peches [couverture 9/14]
Exode 4:14;VGR;61-1119;182;EXACT;alors colere contre moise frere sais quil voici [couverture 8/14]
Hebreux 11:34;VGR;61-1119;117;EXACT;faibles quils etaient furent rendus vigoureux forts [couverture 7/14]
Psaumes 22:0;VGR;61-1119;320;VALIDE;chap->v.1: dieu dieu pourquoi mas abandonne
Actes 2:38;VGR;62-0318M;68;EXACT;repentez baptise nom jesus don saint [couverture 6/14]
Actes 2:38;VGR;62-0318M;403;VALIDE;pierre repentez chacun soit baptise nom jesus christ
Actes 10:48;VGR;62-0318M;404;VALIDE;quils soient baptises nom seigneur alors demeurer quelques
Actes 19:0;VGR;62-0318M;336;VALIDE;chap->v.4: paul jean baptise bapteme repentance apres cest
Actes 20:0;VGR;62-0318M;403;VALIDE;chap->v.18: furent venus lui savez quelle maniere suis conduit
Apocalypse 13:16;VGR;62-0318M;434;VALIDE;qua marque main
Apocalypse 17:0;VGR;62-0318M;403;VALIDE;chap->v.10: sept rois cinq lun lautre nest venu sera
Apocalypse 21:0;VGR;62-0318M;73;VALIDE;chap->v.4: dieu sera aura choses
Ephesiens 5:22;VGR;62-0318M;403;VALIDE;femmes soyez vos seigneur
Ephesiens 5:23;VGR;62-0318M;403;VALIDE;parce mari chef femme christ lassemblee lui corps
Esaie 9:6;VGR;62-0318M;403;EXACT;enfant fils donne gouvernement sera epaule appellera nom [couverture 5/14]
Esaie 9:6;VGR;62-0318M;418;EXACT;fils donne sera nom dieu pere [couverture 6/14]
Esaie 54:1;VGR;62-0318M;403;VALIDE;exulte sterile nenfantais eclate chants triomphe pousse cris
esaie 54:1;VGR;62-0318M;403;CORRIGE;annoncé Esaie 54:53
Galates 1:8;VGR;62-0318M;403;VALIDE;memes ange venu ciel outre avons quil soit
Genese 1:0;VGR;62-0318M;361;VALIDE;chap->v.25: dieu selon espece selon espece selon espece dieu
Genese 1:0;VGR;62-0318M;403;VALIDE;chap->v.31: dieu vit quil avait voici cela etait bon
Genese 1:1;VGR;62-0318M;221;PARTIEL;commencé, pas achevé — commencement dieu
Genese 1:11;VGR;62-0318M;105;EXACT;dieu produise plante semence selon espece [couverture 6/14]
Genese 1:11;VGR;62-0318M;414;VALIDE;dieu produise selon espece
Genese 17:0;VGR;62-0318M;236;VALIDE;chap->v.7: jetablirai alliance moi toi semence apres toi alliance
Hebreux 6:0;VGR;62-0318M;403;VALIDE;chap->v.4: impossible ceux ont fois eclaires ont goute don
Hebreux 13:8;VGR;62-0318M;403;VALIDE;jesus christ meme hier aujourdhui eternellement
Jean 3:0;VGR;62-0318M;161;VALIDE;chap->v.31: celui den celui terre terre parle terre celui
Jean 3:5;VGR;62-0318M;120;EXACT;jesus repondit verite dis quelquun deau entrer royaume [couverture 10/12]
Jean 3:14;VGR;62-0318M;135;EXACT;moise eleva serpent desert faut fils lhomme soit [couverture 9/10]
Jean 3:16;VGR;62-0318M;403;EXACT;dieu tant aime monde quil donne fils unique [couverture 5/14]
Jean 5:19;VGR;62-0318M;203;EXACT;jesus fils rien lui meme quil chose pere [couverture 7/14]
Jean 5:19;VGR;62-0318M;420;EXACT;jesus rien lui meme quil chose pere [couverture 7/14]
Jean 6:0;VGR;62-0318M;403;VALIDE;chap->v.32: jesus verite verite dis moise donne pain vient
Jean 13:20;VGR;62-0318M;403;VALIDE;verite dis celui recoit quelquun jenvoie envoye
Jean 14:12;VGR;62-0318M;176;EXACT;verite dis celui croit moi fera lui uvres [couverture 13/14]
Jean 14:12;VGR;62-0318M;209;EXACT;dis celui moi lui uvres celles parce vais [couverture 5/14]
Jean 14:12;VGR;62-0318M;403;VALIDE;verite dis celui croit moi fera lui uvres
Jean 15:16;VGR;62-0318M;403;VALIDE;nest choisi cest moi etablis afin fruit demeure
Jean 20:0;VGR;62-0318M;403;VALIDE;chap->v.17: jesus lui touche suis monte pere mes freres
Joel 2:0;VGR;62-0318M;292;VALIDE;chap->v.23: premiere pluie premiere pluie
Joel 2:28;VGR;62-0318M;403;VALIDE;apres cela esprit chair vos fils filles jeunes
Luc 10:16;VGR;62-0318M;403;VALIDE;celui ecoute mecoute rejette envoye
Malachie 3:0;VGR;62-0318M;432;VALIDE;chap->v.1: messager devant moi seigneur viendra
Malachie 4:0;VGR;62-0318M;430;VALIDE;chap->v.5: elie prophete avant grand jour
Malachie 4:0;VGR;62-0318M;439;VALIDE;chap->v.1: voici jour vient ceux jour vient
Marc 1:22;VGR;62-0318M;403;VALIDE;doctrine enseignait ayant autorite scribes
Matthieu 16:0;VGR;62-0318M;403;VALIDE;chap->v.19: donnerai royaume cieux lieras terre sera lie cieux
Matthieu 16:19;VGR;62-0318M;403;VALIDE;donnerai royaume cieux lieras terre sera lie delieras
Matthieu 24:0;VGR;62-0318M;85;VALIDE;chap->v.2: voyez choses verite dis ici soit
Matthieu 24:0;VGR;62-0318M;349;VALIDE;chap->v.2: voyez verite dis sera ici soit
Matthieu 24:0;VGR;62-0318M;436;VALIDE;chap->v.2: lui voyez choses dis sera soit
Matthieu 24:35;VGR;62-0318M;85;EXACT;terre passeront mes paroles [couverture 5/6]
Matthieu 24:35;VGR;62-0318M;331;EXACT;terre passeront mes paroles [couverture 5/6]
Matthieu 28:18;VGR;62-0318M;403;VALIDE;jesus parla disant autorite donnee ciel terre
Matthieu 28:19;VGR;62-0318M;68;EXACT;allez faites disciples nations baptisant nom pere fils [couverture 9/10]
Matthieu 28:19;VGR;62-0318M;403;VALIDE;allez faites disciples nations nom pere fils saint
Romains 11:29;VGR;62-0318M;403;VALIDE;dons grace lappel dieu
Actes 2:38;VGR;62-1014E;103;EXACT;pierre repentez chacun baptise nom jesus christ remission [couverture 11/14]
Ephesiens 4:30;VGR;62-1014E;2;EXACT;nattristez saint dieu lequel avez scelles jour redemption [couverture 8/9]
Exode 13:21;VGR;62-1014E;49;EXACT;devant eux jour colonne nuee chemin nuit feu [couverture 9/14]
Marc 16:0;VGR;62-1014E;104;VALIDE;chap->v.16: celui cru baptise sera celui cru sera
Actes 2:38;VGR;62-1014M;164;PARTIEL;commencé, pas achevé — christ
Actes 7:0;VGR;62-1014M;67;VALIDE;chap->v.44: nos peres avaient tabernacle temoignage desert avait ordonne
actes 10:44;VGR;62-1014M;214;CORRIGE;annoncé Actes 10:49
Actes 28:19;VGR;62-1014M;164;PARTIEL;commencé, pas achevé — contre
Ephesiens 4:0;VGR;62-1014M;304;VALIDE;chap->v.13: jusqua lunite foi connaissance fils dieu letat dhomme
Esaie 28:19;VGR;62-1014M;295;VALIDE;quil apres jour den
Hebreux 10:0;VGR;62-1014M;68;VALIDE;chap->v.5: cest pourquoi entrant monde nas voulu sacrifice mas
Hebreux 11:0;VGR;62-1014M;104;VALIDE;chap->v.6: foi impossible lui celui dieu dieu quil remunerateur
Hebreux 11:0;VGR;62-1014M;363;VALIDE;chap->v.35: femmes morts resurrection dautres furent tortures delivrance afin
Jacques 5:14;VGR;62-1014M;194;PARTIEL;commencé, pas achevé — lui
Jean 3:0;VGR;62-1014M;98;VALIDE;chap->v.3: jesus lui dis quelquun nest nouveau voir royaume
Jean 3:16;VGR;62-1014M;194;PARTIEL;commencé, pas achevé — monde lui
Jean 5:14;VGR;62-1014M;194;PARTIEL;commencé, pas achevé — lui
Jean 14:7;VGR;62-1014M;138;PARTIEL;commencé, pas achevé — maintenant
Matthieu 5:48;VGR;62-1014M;302;EXACT;soyez parfaits pere celeste parfait [couverture 5/5]
Psaumes 1:0;VGR;62-1014M;176;VALIDE;chap->v.3: sera arbre plante pres quil
Actes 2:38;VGR;62-1111E;65;VALIDE;soit jesus christ don
Actes 2:38;VGR;62-1111E;67;VALIDE;soit jesus christ don
Apocalypse 17:0;VGR;62-1111E;183;VALIDE;chap->v.3: esprit vis femme assise bete pleine noms blaspheme
Apocalypse 18:0;VGR;62-1111E;194;VALIDE;chap->v.3: ont rois terre ont terre riches
Apocalypse 18:0;VGR;62-1111E;202;VALIDE;chap->v.1: apres choses vis autre ange ciel grand pouvoir
Galates 1:8;VGR;62-1111E;104;EXACT;ange ciel quil soit anatheme [couverture 5/11]
Jean 3:0;VGR;62-1111E;60;VALIDE;chap->v.2: lui lui rabbi savons docteur venu dieu personne
Marc 16:0;VGR;62-1111E;65;VALIDE;chap->v.18: auront quelque chose cela mains ceux
Marc 16:0;VGR;62-1111E;67;VALIDE;chap->v.17: ici signes accompagneront ceux auront cru demons
Nombres 16:1;VGR;62-1111E;41;PARTIEL;commencé, pas achevé — levi dathan
Actes 2:38;VGR;63-0318;212;PARTIEL;commencé, pas achevé — soit don
Apocalypse 5:0;VGR;63-0318;61;VALIDE;chap->v.1: celui etait livre scelle sept sceaux
Apocalypse 10:0;VGR;63-0318;205;VALIDE;chap->v.7: voix septieme ange sera mystere dieu sera
Apocalypse 10:1;VGR;63-0318;68;PARTIEL;commencé, pas achevé — autre ange
Apocalypse 12:7-9;VGR;63-0318;362;PARTIEL;commencé, pas achevé — contre
Apocalypse 13:0;VGR;63-0318;363;VALIDE;chap->v.14: terre cause lui bete
Apocalypse 17:0;VGR;63-0318;99;VALIDE;chap->v.10: sept venu sera venu quil
Apocalypse 19:11;VGR;63-0318;273;EXACT;vis ciel ouvert voici cheval blanc celui appele [couverture 12/14]
Daniel 9:0;VGR;63-0318;334;VALIDE;chap->v.26: apres semaines messie sera retranche naura rien peuple
Hebreux 4:0;VGR;63-0318;205;VALIDE;chap->v.12: parole dieu penetrante epee deux tranchants jusqua
Jean 12:0;VGR;63-0318;142;VALIDE;chap->v.24: verite verite dis grain ble terre seul sil
Malachie 3:0;VGR;63-0318;209;VALIDE;chap->v.14: dites cest quel quil
Malachie 4:0;VGR;63-0318;206;VALIDE;chap->v.5: prophete avant grand jour
Malachie 4:0;VGR;63-0318;209;VALIDE;chap->v.5: prophete avant jour
Malachie 4:0;VGR;63-0318;214;VALIDE;chap->v.1: voici jour jour
Matthieu 10:0;VGR;63-0318;113;VALIDE;chap->v.15: dis sort sera jour jugement celui
Matthieu 24:0;VGR;63-0318;135;VALIDE;chap->v.6: entendrez parler guerres bruits guerres troubles fin
Matthieu 28:19;VGR;63-0318;212;PARTIEL;commencé, pas achevé — pere
Actes 2:38;VGR;63-0321;289;EXACT;soit baptise nom jesus christ don saint [couverture 7/14]
Amos 3:7;VGR;63-0321;63;VALIDE;seigneur quil revele prophetes
Apocalypse 2:18;VGR;63-0321;349;PARTIEL;commencé, pas achevé — dieu
Apocalypse 2:22;VGR;63-0321;272;PARTIEL;commencé, pas achevé — lit quils
Apocalypse 10:0;VGR;63-0321;37;VALIDE;chap->v.2: avait main livre pied droit mer terre
Apocalypse 10:0;VGR;63-0321;378;VALIDE;chap->v.7: jours septieme ange sera dieu sera
Apocalypse 10:1-7;VGR;63-0321;46;PARTIEL;commencé, pas achevé — ange
Apocalypse 10:7;VGR;63-0321;151;PARTIEL;commencé, pas achevé — jours sera
Apocalypse 10:7;VGR;63-0321;351;VALIDE;jours dieu annonce
Apocalypse 12:0;VGR;63-0321;164;VALIDE;chap->v.13: dragon vit quil avait precipite terre femme avait
Apocalypse 12:13;VGR;63-0321;160;PARTIEL;commencé, pas achevé — quil terre
Apocalypse 13:1;VGR;63-0321;160;PARTIEL;commencé, pas achevé — bete sept
Apocalypse 13:1;VGR;63-0321;167;EXACT;vis monter mer bete avait dix cornes sept [couverture 14/14]
Apocalypse 13:14;VGR;63-0321;271;VALIDE;quil devant bete
Apocalypse 19:0;VGR;63-0321;312;VALIDE;chap->v.11: ciel cheval blanc assis combat
Apocalypse 19:0;VGR;63-0321;356;VALIDE;chap->v.15: epee aigue deux sort bouche quil frappe nations
Apocalypse 19:0;VGR;63-0321;377;VALIDE;chap->v.12: yeux plusieurs ecrit seul
Esaie 28:19;VGR;63-0321;73;PARTIEL;commencé, pas achevé — quil
Genese 1:1;VGR;63-0321;94;EXACT;commencement dieu crea cieux terre [couverture 5/5]
Jean 6:0;VGR;63-0321;66;VALIDE;chap->v.63: cest lesprit vivifie chair rien paroles dites esprit
Luc 24:49;VGR;63-0321;73;CORRIGE;annoncé Joel 2:28
Luc 24:49;VGR;63-0321;73;EXACT;voici moi promesse pere jusqua [couverture 5/13]
Malachie 4:0;VGR;63-0321;126;VALIDE;chap->v.1: vient four ceux vient
Malachie 4:0;VGR;63-0321;351;VALIDE;chap->v.5: elie prophete jour
Malachie 4:0;VGR;63-0321;378;VALIDE;chap->v.5: elie prophete jour
Matthieu 4:0;VGR;63-0321;182;VALIDE;chap->v.10: alors jesus lui ten satan seigneur dieu lui
Psaumes 16:8;VGR;63-0321;99;EXACT;toujours leternel devant parce quil serai [couverture 6/11]
Actes 2:38;VGR;63-0421;169;VALIDE;pierre baptise don saint
Genese 22:0;VGR;63-0421;186;VALIDE;chap->v.7: isaac abraham pere pere voici fils voici bois
Hebreux 11:0;VGR;63-0421;36;VALIDE;chap->v.4: foi abel offrit dieu excellent sacrifice cain sacrifice
Jacques 5:14;VGR;63-0421;258;PARTIEL;commencé, pas achevé — quil
Matthieu 24:0;VGR;63-0421;98;VALIDE;chap->v.7: nation nation royaume royaume aura terre
Actes 2:38;VGR;63-1124E;222;EXACT;repentez chacun soit baptise nom jesus christ peches [couverture 12/14]
Esaie 35:0;VGR;63-1124E;49;VALIDE;chap->v.8: aura grande route chemin sera appele chemin saintete
Jean 6:0;VGR;63-1124E;41;VALIDE;chap->v.64: quelques croient jesus savait commencement etaient ceux croyaient
Jean 6:60;VGR;63-1124E;34;PARTIEL;commencé, pas achevé — parole
Jean 15:0;VGR;63-1124E;304;VALIDE;chap->v.4: demeurez moi moi meme demeure meme pouvez
Matthieu 10:0;VGR;63-1124E;143;VALIDE;chap->v.37: celui moi moi celui fils moi
Psaumes 22:0;VGR;63-1124E;157;VALIDE;chap->v.1: dieu dieu pourquoi mas abandonne paroles
Romains 4:0;VGR;63-1124E;87;VALIDE;chap->v.17: quil tai etabli pere nations dieu quil cru
Actes 2:38;VGR;64-0427;198;EXACT;pierre repentez chacun soit baptise nom jesus peches [couverture 11/14]
Deuteronome 18:15;VGR;64-0427;218;EXACT;leternel dieu suscitera prophete moi [couverture 5/11]
Ezechiel 2:1;VGR;64-0427;217;PARTIEL;commencé, pas achevé — fils
Hebreux 13:8;VGR;64-0427;76;EXACT;jesus meme hier aujourdhui eternellement [couverture 5/6]
Jacques 5:14;VGR;64-0427;61;EXACT;quelquun parmi malade quil appelle anciens quils prient [couverture 10/14]
Jacques 5:14;VGR;64-0427;62;EXACT;quelquun parmi malade quil appelle anciens quils prient [couverture 10/14]
Jacques 5:14;VGR;64-0427;63;EXACT;quelquun parmi malade quil appelle anciens quils prient [couverture 10/14]
Jacques 5:14;VGR;64-0427;69;PARTIEL;commencé, pas achevé — quil lui
Jacques 5:14;VGR;64-0427;87;EXACT;quelquun parmi malade quil quils lui dhuile [couverture 6/14]
Jean 3:16;VGR;64-0427;256;VALIDE;dieu monde quil donne lui
Jean 14:5;VGR;64-0427;194;PARTIEL;commencé, pas achevé — comment savoir
Jean 14:12;VGR;64-0427;22;PARTIEL;commencé, pas achevé — fais vais
Luc 17:0;VGR;64-0427;211;VALIDE;chap->v.30: sera meme jour fils lhomme sera manifeste
Luc 17:23;VGR;64-0427;76;PARTIEL;commencé, pas achevé — voici ici
Malachie 3:0;VGR;64-0427;237;VALIDE;chap->v.1: jenvoie messager devant viendra
Malachie 4:0;VGR;64-0427;232;VALIDE;chap->v.4: souvenez loi lui
Malachie 4:0;VGR;64-0427;237;VALIDE;chap->v.1: jour vient jour vient
Marc 4:0;VGR;64-0427;76;VALIDE;chap->v.5: terre parce quils terre
Marc 11:0;VGR;64-0427;70;VALIDE;chap->v.33: jesus savons jesus dis choses
Marc 11:22;VGR;64-0427;70;PARTIEL;commencé, pas achevé — jesus dieu
Marc 16:0;VGR;64-0427;22;VALIDE;chap->v.6: jesus nest ici lavait
Marc 16:0;VGR;64-0427;23;VALIDE;chap->v.6: jesus nest ici lavait
Marc 16:0;VGR;64-0427;41;VALIDE;chap->v.6: jesus nest mis
Marc 16:0;VGR;64-0427;59;VALIDE;chap->v.18: quelque chose cela imposeront mains
Marc 16:0;VGR;64-0427;60;VALIDE;chap->v.6: lui nest lavait mis
Marc 16:0;VGR;64-0427;63;VALIDE;chap->v.6: lui nest lavait mis
Marc 16:0;VGR;64-0427;69;VALIDE;chap->v.6: lui jesus nest lieu
Marc 16:0;VGR;64-0427;87;VALIDE;chap->v.6: lui nest ici lavait mis
Marc 16:0;VGR;64-0427;197;VALIDE;chap->v.16: celui baptise sera sauve celui sera condamne
Marc 16:0;VGR;64-0427;256;VALIDE;chap->v.6: lui nest ici voici
Marc 16:0;VGR;64-0427;275;VALIDE;chap->v.17: signes accompagneront ceux auront cru
Actes 2:38;VGR;65-0219;96;EXACT;pierre repentez chacun baptise nom jesus remission peches [couverture 11/14]
Apocalypse 3:0;VGR;65-0219;141;VALIDE;chap->v.17: parce dis suis riche suis nai besoin rien
Apocalypse 10:0;VGR;65-0219;165;VALIDE;chap->v.7: septieme ange sera mystere dieu sera
Daniel 12:4;VGR;65-0219;133;VALIDE;daniel jusquau temps connaissance
Esaie 40:0;VGR;65-0219;115;VALIDE;chap->v.24: meme meme meme quil eux
Esaie 61:0;VGR;65-0219;43;VALIDE;chap->v.1: lesprit seigneur moi parce
Esaie 61:1;VGR;65-0219;44;VALIDE;lesprit seigneur moi parce ceux
Genese 1:0;VGR;65-0219;205;VALIDE;chap->v.1: commencement dieu crea cieux terre
Hebreux 13:8;VGR;65-0219;242;VALIDE;meme hier aujourdhui eternellement
Jean 5:19;VGR;65-0219;77;EXACT;jesus verite dis fils rien lui meme quil [couverture 11/14]
Jean 16:0;VGR;65-0219;34;VALIDE;chap->v.15: moi cest jai prend
actes 2:38;VGR;65-0219;124;CORRIGE;annoncé Joel 2:38
Luc 17:30;VGR;65-0219;196;VALIDE;meme jour fils lhomme
Malachie 4:0;VGR;65-0219;152;VALIDE;chap->v.6: cur peres fils cur fils peres
Matthieu 24:0;VGR;65-0219;132;VALIDE;chap->v.7: nation selevera contre nation royaume contre royaume terre
Matthieu 24:0;VGR;65-0219;149;VALIDE;chap->v.7: nation contre nation contre tremblements terre divers lieux
Actes 2:38;VGR;65-0221M;263;EXACT;baptise nom jesus don saint esprit [couverture 6/14]
Apocalypse 10:0;VGR;65-0221M;80;VALIDE;chap->v.7: jours septieme ange sera sonner trompette mystere dieu
Esaie 53:0;VGR;65-0221M;132;VALIDE;chap->v.9: lui parce quil navait quil avait
Ezechiel 44:22;VGR;65-0221M;221;EXACT;femme veuve vierge dun sacrificateur [couverture 7/14]
Genese 3:0;VGR;65-0221M;96;VALIDE;chap->v.6: femme etait bon quil etait etait
Genese 3:0;VGR;65-0221M;195;VALIDE;chap->v.19: sueur visage mangeras pain jusqua retournes sol cest
Genese 3:16;VGR;65-0221M;97;VALIDE;femme mari lui
Genese 3:16;VGR;65-0221M;199;VALIDE;femme tes enfants desir sera lui
Job 14:0;VGR;65-0221M;213;VALIDE;chap->v.22: lui meme ame lui meme
Levitique 21:7;VGR;65-0221M;221;EXACT;femme sacrificateur dieu [couverture 5/13]
Luc 17:0;VGR;65-0221M;49;VALIDE;chap->v.2: lui lui quil soit
Matthieu 5:0;VGR;65-0221M;222;VALIDE;chap->v.18: verite jusqua seul seul soit
Matthieu 5:32;VGR;65-0221M;225;EXACT;moi dis quiconque repudiera femme nest fornication commettre [couverture 13/14]
Matthieu 16:18;VGR;65-0221M;267;EXACT;moi dis pierre batirai portes [couverture 5/10]
Matthieu 28:19;VGR;65-0221M;263;EXACT;allez faites disciples nations baptisant nom pere fils [couverture 10/10]
Matthieu 28:19;VGR;65-0221M;265;EXACT;allez faites disciples nations baptisant nom pere fils [couverture 10/10]
Romains 9:0;VGR;65-0221M;149;VALIDE;chap->v.17: lecriture pharaon cest meme tai suscite montrer toi
Romains 9:14;VGR;65-0221M;149;VALIDE;dirons linjustice dieu
Actes 2:38;VGR;65-0711;156;VALIDE;nom jesus saint esprit
Genese 24:7;VGR;65-0711;92;VALIDE;dieu jure lui
Luc 24:49;VGR;65-0711;203;EXACT;voici promesse pere ville jusqua revetus puissance den [couverture 9/13]
Marc 16:0;VGR;65-0711;160;VALIDE;chap->v.8: avaient rien personne avaient peur
Actes 2:38;VGR;65-1125;131;VALIDE;christ don saint
Actes 2:38;VGR;65-1125;132;VALIDE;christ don saint
Actes 2:38;VGR;65-1125;175;EXACT;pierre soit baptise nom christ saint [couverture 6/14]
Apocalypse 10:0;VGR;65-1125;299;VALIDE;chap->v.7: septieme ange mystere dieu annonce
Apocalypse 17:0;VGR;65-1125;153;VALIDE;chap->v.1: sept sept viens ici
Daniel 5:12;VGR;65-1125;182;PARTIEL;commencé, pas achevé — ont
Genese 4:16;VGR;65-1125;143;EXACT;cain sortit leternel nod deden [couverture 5/9]
Actes 2:38;VGR;65-1125;174;CORRIGE;annoncé Jean 2:15
Jean 14:12;VGR;65-1125;202;PARTIEL;commencé, pas achevé — fera
actes 2:38;VGR;65-1125;202;CORRIGE;annoncé Joel 2:38
Luc 17:30;VGR;65-1125;202;VALIDE;sera jour manifeste
Luc 17:30;VGR;65-1125;288;VALIDE;meme jour fils lhomme
Luc 23:27;VGR;65-1125;119;EXACT;grande multitude peuple femmes frappaient poitrine [couverture 6/8]
Malachie 4:0;VGR;65-1125;240;VALIDE;chap->v.1: voici jour jour
Malachie 4:0;VGR;65-1125;288;VALIDE;chap->v.6: cur fils cur fils pays
Marc 16:0;VGR;65-1125;109;VALIDE;chap->v.16: celui aura cru aura celui cru
Matthieu 24:24;VGR;65-1125;189;VALIDE;possible meme elus
Romains 5:1;VGR;65-1125;224;VALIDE;justifies foi dieu
Romains 7:0;VGR;65-1125;23;VALIDE;chap->v.3: ainsi mari etant vivant sera appelee adultere autre
Romains 7:0;VGR;65-1125;37;VALIDE;chap->v.2: femme mari mari loi tant quil mari loi
Romains 7:0;VGR;65-1125;158;VALIDE;chap->v.4: cest mort christ autre celui
Actes 2:38-39;SKN;57-0807;82;EXACT;repentez chacun soit baptise nom jesus peches recevrez [couverture 10/14]
Jean 14:0;SKN;57-0807;12;VALIDE;chap->v.10: moi suis pere pere moi moi moi meme
Jean 15:0;SKN;57-0807;56;VALIDE;chap->v.2: sarment porte fruit sarment porte fruit quil porte
Actes 3:0;SKN;61-0409;19;VALIDE;chap->v.24: meme depuis ceux lont suivi ceux ont parle
Actes 10:0;SKN;61-0409;28;VALIDE;chap->v.17: pierre etait lui meme vision quil avait hommes
Hebreux 13:8;SKN;61-0409;19;VALIDE;jesus christ meme hier aujourdhui eternellement
Hebreux 13:8;SKN;61-0409;22;EXACT;jesus christ meme hier aujourdhui eternellement [couverture 6/6]
Jean 1:0;SKN;61-0409;27;VALIDE;chap->v.30: cest celui moi apres moi homme prend avant
Jean 1:0;SKN;61-0409;33;VALIDE;chap->v.30: cest celui moi apres moi vient homme avant
Jean 4:0;SKN;61-0409;66;VALIDE;chap->v.9: femme samaritaine lui toi juif moi suis femme
Jean 5:19;SKN;61-0409;46;EXACT;jesus verite dis rien lui meme quil voie [couverture 5/14]
Jean 12:20;SKN;61-0409;19;VALIDE;avait quelques grecs dentre ceux etaient montes adorer
Jean 14:0;SKN;61-0409;26;VALIDE;chap->v.12: verite verite dis celui croit moi fera lui
Jean 14:7;SKN;61-0409;26;PARTIEL;commencé, pas achevé — pere maintenant
Actes 4:0;SKN;60-0228;48;VALIDE;chap->v.10: peuple nom jesus christ dieu dentre cest
Apocalypse 21:0;SKN;60-0228;5;VALIDE;chap->v.1: vis nouveau ciel nouvelle terre premier ciel premiere
Actes 4:0;SKN;61-0205M;5;VALIDE;chap->v.9: aujourdhui sommes sujet bonne faite homme quon comment
Esaie 6:9;SKN;61-0205M;48;PARTIEL;commencé, pas achevé — dis
Actes 4:0;SKN;62-0601;273;VALIDE;chap->v.12: autre nom ciel soit donne parmi hommes
Esaie 9:6;SKN;62-0601;223;VALIDE;enfant dieu pere
Jean 10:0;SKN;62-0601;127;VALIDE;chap->v.41: lui disaient jean aucun choses jean celui
Joel 2:0;SKN;62-0601;22;VALIDE;chap->v.3: devant devore apres devant apres
Actes 4:0;SKN;62-0704;93;VALIDE;chap->v.10: peuple nom jesus dieu cest
actes 10:44;SKN;62-0704;122;CORRIGE;annoncé Actes 10:49
Hebreux 4:0;SKN;62-0704;120;VALIDE;chap->v.12: parole dieu epee deux tranchants lesprit
Hebreux 13:8;SKN;62-0704;45;EXACT;jesus meme hier aujourdhui eternellement [couverture 5/6]
Jean 1:0;SKN;62-0704;92;VALIDE;chap->v.31: afin quil manifeste israel suis venu baptiser
Jean 4:0;SKN;62-0704;217;VALIDE;chap->v.9: femme samaritaine lui moi suis femme samaritaine
Jean 5:19;SKN;62-0704;124;EXACT;jesus verite dis fils rien lui meme quil [couverture 9/14]
Jean 6:0;SKN;62-0704;128;VALIDE;chap->v.35: moi suis vie celui moi celui moi
Jean 12:20;SKN;62-0704;45;EXACT;avait quelques grecs dentre ceux etaient montes adorer [couverture 10/10]
Jean 14:12;SKN;62-0704;180;EXACT;celui croit moi fera fais men vais [couverture 7/14]
Jean 15:0;SKN;62-0704;172;VALIDE;chap->v.2: sarment porte fruit sarment porte fruit quil porte
Josue 1:0;SKN;62-0704;71;VALIDE;chap->v.15: jusqua donne vos pays dieu donne alors
Marc 16:0;SKN;62-0704;63;VALIDE;chap->v.15: allez monde prechez levangile creation
Actes 4:0;SKN;63-0626;42;VALIDE;chap->v.31: etaient assembles fut saint dieu
Actes 19:0;SKN;63-0626;176;VALIDE;chap->v.2: recu saint meme saint
Actes 4:0;SKN;64-0418B;63;VALIDE;chap->v.8: alors pierre etant lesprit saint peuple anciens disrael
Josue 10:0;SKN;64-0418B;22;VALIDE;chap->v.14: jour celui avant apres leternel ait ecoute voix
Marc 11:22;SKN;64-0418B;34;VALIDE;jesus ayez foi dieu
Marc 16:0;SKN;64-0418B;47;VALIDE;chap->v.6: lui jesus nest ici lavait
Actes 4:0;VGR;59-1217;169;VALIDE;chap->v.10: disrael nom jesus christ avez dieu dentre cest
Actes 18:0;VGR;59-1217;61;VALIDE;chap->v.10: parce suis toi personne toi parce jai grand
Actes 19:0;VGR;59-1217;61;VALIDE;chap->v.2: avez recu lesprit saint apres cru lui entendu
Ephesiens 4:30;VGR;59-1217;63;EXACT;nattristez saint esprit dieu lequel avez scelles jour [couverture 5/9]
Jean 1:0;VGR;59-1217;54;VALIDE;chap->v.1: commencement etait parole parole etait dieu parole etait
Jean 12:24;VGR;59-1217;150;EXACT;dis grain ble terre sil meurt [couverture 6/14]
Jean 14:0;VGR;59-1217;19;VALIDE;chap->v.10: moi pere pere moi moi dis dis moi
Jean 14:0;VGR;59-1217;21;VALIDE;chap->v.9: jesus lui suis depuis longtemps mas philippe pere
Jean 14:12;VGR;59-1217;53;EXACT;verite dis celui croit moi lui uvres vais [couverture 8/14]
Jean 14:12;VGR;59-1217;60;EXACT;verite dis celui croit moi lui fais vais [couverture 9/14]
Jean 14:12;VGR;59-1217;65;EXACT;verite dis celui croit moi fera lui uvres [couverture 8/14]
Jean 14:12;VGR;59-1217;78;EXACT;dis moi lui uvres fais celles parce [couverture 7/14]
Jean 14:14;VGR;59-1217;14;VALIDE;demandez quelque chose nom moi ferai
Jean 17:17;VGR;59-1217;54;EXACT;sanctifie verite parole [couverture 4/4]
Matthieu 10:0;VGR;59-1217;55;VALIDE;chap->v.37: celui pere moi nest moi celui fils moi
Actes 4:0;VGR;62-0601;273;VALIDE;chap->v.10: peuple nom jesus christ crucifie dieu cest
Esaie 9:6;VGR;62-0601;223;PARTIEL;commencé, pas achevé — dieu pere
Jean 9:26;VGR;62-0601;127;VALIDE;lui dirent comment ouvert yeux
Joel 2:0;VGR;62-0601;22;VALIDE;chap->v.3: devant lui devore apres lui devant lui apres
Actes 4:0;VGR;63-0116;317;VALIDE;chap->v.10: peuple nom jesus avez dieu dentre cest
Apocalypse 10:0;VGR;63-0116;75;VALIDE;chap->v.6: celui vit siecles siecles ciel choses terre choses
Hebreux 1:0;VGR;63-0116;144;VALIDE;chap->v.1: dieu autrefois plusieurs reprises plusieurs manieres parle peres
Jean 5:7;VGR;63-0116;61;VALIDE;seigneur nai personne leau
Malachie 3:0;VGR;63-0116;227;VALIDE;chap->v.1: jenvoie messager devant viendra
Malachie 3:0;VGR;63-0116;230;VALIDE;chap->v.1: messager chemin devant moi viendra
Malachie 4:0;VGR;63-0116;224;VALIDE;chap->v.5: envoie avant vienne terrible jour
Malachie 4:0;VGR;63-0116;226;VALIDE;chap->v.5: envoie elie avant vienne jour
Malachie 4:0;VGR;63-0116;227;VALIDE;chap->v.5: elie avant vienne jour
Malachie 4:0;VGR;63-0116;228;VALIDE;chap->v.1: jour chaume jour
Malachie 4:0;VGR;63-0116;230;VALIDE;chap->v.1: jour chaume jour
Matthieu 24:0;VGR;63-0116;129;VALIDE;chap->v.32: apprenez figuier parabole quil quil pousse connaissez lete
Zacharie 14:0;VGR;63-0116;55;VALIDE;chap->v.7: sera jour connu leternel jour nuit temps soir
Actes 4:0;VGR;64-0418B;168;VALIDE;chap->v.10: peuple nom jesus christ dieu cest
Josue 10:12;VGR;64-0418B;60;EXACT;alors josue parla leternel jour livra amoreens disrael [couverture 12/14]
Marc 11:22;VGR;64-0418B;95;VALIDE;jesus foi dieu
Marc 16:0;VGR;64-0418B;131;VALIDE;chap->v.11: quil etait vivant quil avait
Actes 4:32;SKN;62-0211;165;VALIDE;avaient etait ame choses
Actes 19:0;SKN;62-0211;222;VALIDE;chap->v.4: paul jean baptise bapteme repentance disant celui venait
Apocalypse 22:0;SKN;62-0211;63;VALIDE;chap->v.19: ote quelque chose dieu otera part sainte
Genese 1:26;SKN;62-0211;6;EXACT;dieu faisons image selon ressemblance poissons mer oiseaux [couverture 10/14]
Genese 1:27;SKN;62-0211;19;VALIDE;dieu crea image male femelle
Hebreux 4:0;SKN;62-0211;28;VALIDE;chap->v.4: ainsi part jour dieu jour
Hebreux 4:12;SKN;62-0211;26;VALIDE;parole dieu epee deux tranchants
Jean 14:12;SKN;62-0211;188;EXACT;verite dis celui croit moi fera fais men [couverture 8/14]
Jean 17:11;SKN;62-0211;17;VALIDE;pere mas afin
Actes 5:0;SKN;52-0715;25;VALIDE;chap->v.9: pierre lui comment etes seigneur voici ceux ont
Jean 5:24;SKN;52-0715;23;EXACT;verite dis celui entend parole croit envoye vie [couverture 12/14]
Jean 6:0;SKN;52-0715;23;VALIDE;chap->v.26: jesus verite verite dis parce avez parce avez
Jean 14:0;SKN;52-0715;16;VALIDE;chap->v.10: crois moi suis moi moi dis dis moi
Actes 5:9;SKN;61-1112;158;PARTIEL;commencé, pas achevé — seigneur ont
Apocalypse 3:0;SKN;61-1112;183;VALIDE;chap->v.12: celui dieu jamais lui dieu
Apocalypse 3:0;SKN;61-1112;241;VALIDE;chap->v.20: voici tiens porte frappe quelquun entend voix quil
Esaie 40:3;SKN;61-1112;179;EXACT;voix celui crie desert preparez chemin aplanissez lieu [couverture 9/12]
Ezechiel 24:24;SKN;61-1112;24;EXACT;ezechiel signe quil ferez cela saurez suis seigneur [couverture 6/12]
Malachie 3:0;SKN;61-1112;179;VALIDE;chap->v.1: messager chemin devant moi seigneur viendra
Malachie 3:0;SKN;61-1112;232;VALIDE;chap->v.1: voici jenvoie messager preparera chemin devant moi seigneur
Malachie 3:0;SKN;61-1112;240;VALIDE;chap->v.1: voici jenvoie messager chemin devant moi seigneur cherchez
Malachie 4:0;SKN;61-1112;183;VALIDE;chap->v.1: jour vient jour vient
Malachie 4:0;SKN;61-1112;241;VALIDE;chap->v.3: foulerez mechants seront cendre plante vos pieds jour
Matthieu 3:0;SKN;61-1112;241;VALIDE;chap->v.3: cest ici celui parle prophete disant voix celui
Matthieu 11:0;SKN;61-1112;240;VALIDE;chap->v.8: quetes alles voir homme vetu vetements precieux voici
Actes 5:9;VGR;61-1112;158;VALIDE;lui etes seigneur ont
Apocalypse 3:0;VGR;61-1112;183;VALIDE;chap->v.12: dieu jamais lui dieu
Apocalypse 3:0;VGR;61-1112;245;VALIDE;chap->v.21: celui lui moi moi jai pere
Esaie 40:3;VGR;61-1112;179;EXACT;voix celui crie desert preparez chemin aplanissez dieu [couverture 8/12]
Ezechiel 24:24;VGR;61-1112;25;EXACT;ezechiel sera signe quil ferez cela arrivera saurez [couverture 5/12]
Malachie 3:0;VGR;61-1112;179;VALIDE;chap->v.1: messager preparera chemin devant moi seigneur viendra
Malachie 3:0;VGR;61-1112;232;VALIDE;chap->v.1: voici messager preparera chemin devant moi seigneur cherchez
Malachie 3:0;VGR;61-1112;240;VALIDE;chap->v.16: ceux leternel ont parle lautre leternel entendu ecrit
Malachie 4:0;VGR;61-1112;183;VALIDE;chap->v.1: jour vient jour vient
Malachie 4:0;VGR;61-1112;241;VALIDE;chap->v.2: craignez nom levera soleil justice guerison sera ailes
Matthieu 3:0;VGR;61-1112;243;VALIDE;chap->v.3: cest ici celui parle prophete celui chemin
Matthieu 11:0;VGR;61-1112;240;VALIDE;chap->v.7: sen allaient jesus mit jean foules quetes alles
Actes 5:19;SKN;60-1210;139;VALIDE;ange seigneur nuit portes prison dehors
Actes 9:0;SKN;60-1210;139;VALIDE;chap->v.34: pierre lui jesus christ leve toi fais toi
Actes 15:0;SKN;60-1210;139;VALIDE;chap->v.7: grande ayant lieu pierre leva hommes freres savez
Actes 15:14;SKN;60-1210;139;VALIDE;raconte comment dieu visite nations peuple nom
Apocalypse 2:13;SKN;60-1210;139;VALIDE;sais trone satan tiens ferme nom renie foi
Apocalypse 2:17;SKN;60-1210;139;VALIDE;celui oreilles ecoute assemblees vaincra lui donnerai manne
Apocalypse 3:0;SKN;60-1210;17;VALIDE;chap->v.12: celui colonne dieu nom dieu nom
Apocalypse 3:0;SKN;60-1210;139;VALIDE;chap->v.9: voici donne ceux synagogue satan disent juifs mentent
Apocalypse 3:7;SKN;60-1210;17;PARTIEL;commencé, pas achevé — philadelphie celui
Apocalypse 21:0;SKN;60-1210;139;VALIDE;chap->v.1: vis nouveau ciel nouvelle terre premier ciel premiere
Daniel 12:3;SKN;60-1210;139;VALIDE;sages brilleront splendeur ceux ont enseigne justice multitude
Ephesiens 2:19;SKN;60-1210;139;VALIDE;ainsi etrangers etes concitoyens saints gens maison dieu
Ephesiens 3:15;SKN;60-1210;139;PARTIEL;commencé, pas achevé — cieux terre
Galates 1:8;SKN;60-1210;139;VALIDE;ange venu ciel avons soit
Jean 5:19;SKN;60-1210;88;EXACT;jesus repondit dis rien lui meme chose pere [couverture 9/14]
Jean 10:7;SKN;60-1210;112;EXACT;jesus verite dis moi suis porte brebis [couverture 7/8]
Jean 10:17;SKN;60-1210;112;VALIDE;moi vie afin
Jean 17:7;SKN;60-1210;123;PARTIEL;commencé, pas achevé — maintenant ont
Jean 17:17;SKN;60-1210;139;VALIDE;sanctifie verite parole
Marc 16:0;SKN;60-1210;44;VALIDE;chap->v.17: ici signes accompagneront ceux auront cru nom chasseront
Marc 16:0;SKN;60-1210;46;VALIDE;chap->v.17: ici signes accompagneront ceux auront cru nom chasseront
Matthieu 16:18;SKN;60-1210;137;VALIDE;moi dis pierre roc batirai assemblee portes prevaudront
Matthieu 28:19;SKN;60-1210;139;VALIDE;allez faites disciples nations baptisant nom pere fils
Romains 2:29;SKN;60-1210;139;VALIDE;celui juif circoncision esprit lettre louange vient hommes
Romains 5:1;SKN;60-1210;139;VALIDE;ayant justifies foi avons paix dieu seigneur jesus
Actes 7:0;SKN;62-0724;65;VALIDE;chap->v.37: cest fils disrael dieu freres prophete ecoutez
actes 10:48;SKN;62-0724;65;CORRIGE;annoncé Actes 10:49
Hebreux 13:8;SKN;62-0724;34;VALIDE;jesus meme hier aujourdhui eternellement
Hebreux 13:8;SKN;62-0724;35;VALIDE;jesus christ meme hier aujourdhui eternellement
Hebreux 13:8;SKN;62-0724;37;EXACT;jesus christ meme hier aujourdhui eternellement [couverture 5/6]
Jean 5:19;SKN;62-0724;47;EXACT;jesus verite dis fils rien lui meme quil [couverture 10/14]
Jean 5:39;SKN;62-0724;49;VALIDE;sondez ecritures vie eternelle rendent temoignage moi
Jean 6:0;SKN;62-0724;71;VALIDE;chap->v.51: moi suis pain descendu ciel quelquun mange pain
Jean 12:20;SKN;62-0724;34;VALIDE;avait quelques grecs ceux etaient montes adorer pendant
Jean 12:20;SKN;62-0724;48;PARTIEL;commencé, pas achevé — avait
Jean 14:12;SKN;62-0724;43;VALIDE;dis celui croit moi fera lui fais vais
Luc 17:28;SKN;62-0724;78;PARTIEL;commencé, pas achevé — meme arriva
Matthieu 3:0;SKN;62-0724;47;VALIDE;chap->v.14: jean disant moi jai detre baptise moi
Actes 7:44-49;SKN;62-1111M;14;VALIDE;nos peres avaient tabernacle temoignage desert avait ordonne
Hebreux 10:1-5;SKN;62-1111M;14;VALIDE;venir meme choses
Hebreux 10:5;SKN;62-1111M;14;VALIDE;pourquoi entrant monde voulu sacrifice forme corps
Hebreux 10:5;SKN;62-1111M;36;PARTIEL;commencé, pas achevé — sacrifice corps
Romains 5:1;SKN;62-1111M;6;VALIDE;justifies foi avons paix dieu seigneur jesus christ
Actes 7:49;SKN;61-1217;37;VALIDE;ciel trone terre marchepied quelle maison batirez seigneur
Apocalypse 17:0;SKN;61-1217;154;VALIDE;chap->v.2: laquelle fornication ceux fornication
Jeremie 7:0;SKN;61-1217;37;VALIDE;chap->v.18: ramassent bois peres allument feu femmes petrissent pate
Nombres 25:0;SKN;61-1217;164;VALIDE;chap->v.4: moise chefs peuple fais pendre devant face soleil
Actes 7:49;VGR;61-1217;37;VALIDE;ciel trone terre marchepied quelle maison batirez seigneur
Apocalypse 17:0;VGR;61-1217;154;VALIDE;chap->v.17: dieu mis meme jusqua
Jeremie 7:0;VGR;61-1217;37;VALIDE;chap->v.14: maison nom laquelle avez confiance lieu donne vos
Nombres 25:0;VGR;61-1217;164;VALIDE;chap->v.4: leternel moise chefs peuple fais pendre devant leternel
Actes 9:0;SKN;64-0830M;207;VALIDE;chap->v.27: prit raconta comment chemin avait seigneur lui avait
Actes 20:0;SKN;64-0830M;207;VALIDE;chap->v.18: furent venus lui savez quelle maniere suis envers
Apocalypse 1:0;SKN;64-0830M;207;VALIDE;chap->v.4: jean sept grace part celui etait vient part
Apocalypse 11:0;SKN;64-0830M;191;VALIDE;chap->v.5: quelquun veut nuire sort quelquun veut nuire quil
Apocalypse 11:0;SKN;64-0830M;207;VALIDE;chap->v.6: ceux ont pouvoir ciel afin quil tombe pluie
Apocalypse 11:3-12;SKN;64-0830M;190;VALIDE;deux jours oliviers devant
Apocalypse 11:4;SKN;64-0830M;190;VALIDE;deux oliviers devant seigneur
Apocalypse 13:0;SKN;64-0830M;207;VALIDE;chap->v.15: lui fut donne donner limage bete afin limage
Apocalypse 20:0;SKN;64-0830M;207;VALIDE;chap->v.12: vis morts grands petits tenant devant livres furent
Apocalypse 20:7;SKN;64-0830M;207;VALIDE;ans seront accomplis satan sera delie prison
apocalypse 20:12;SKN;64-0830M;207;CORRIGE;annoncé Apocalypse 20:27
Ezechiel 9:0;SKN;64-0830M;70;VALIDE;chap->v.4: passe milieu ville milieu marque soupirent gemissent cause
Habakuk 2:1;SKN;64-0830M;194;EXACT;Habacuc=Habakuk(Darby): placerai observation tiendrai tour veillerai voir quil dira [couverture 7/11]
Habakuk 2:1;SKN;64-0830M;195;EXACT;Habacuc=Habakuk(Darby): placerai observation tiendrai tour veillerai voir quil dira [couverture 11/11]
Habakuk 2:14;SKN;64-0830M;193;PARTIEL;commencé, pas achevé — Habacuc=Habakuk(Darby): pleine leternel
Hebreux 13:12;SKN;64-0830M;207;VALIDE;cest pourquoi jesus afin quil sanctifie peuple propre
Jean 5:24;SKN;64-0830M;207;VALIDE;verite dis celui entend parole croit envoye vie
Jean 14:0;SKN;64-0830M;207;VALIDE;chap->v.12: verite verite dis celui croit moi fera lui
Jean 14:12;SKN;64-0830M;207;VALIDE;verite dis celui croit moi fera lui uvres
Jean 17:17;SKN;64-0830M;207;VALIDE;sanctifie verite parole
Marc 13:27;SKN;64-0830M;207;VALIDE;alors enverra anges rassemblera elus quatre vents depuis
Marc 16:0;SKN;64-0830M;207;VALIDE;chap->v.9: etant ressuscite matin premier jour semaine apparut premierement
Matthieu 10:0;SKN;64-0830M;207;VALIDE;chap->v.37: celui aime pere mere moi nest moi celui
Zacharie 4:0;SKN;64-0830M;190;VALIDE;chap->v.12: lui dis deux oliviers cote deux
Zacharie 4:0;SKN;64-0830M;191;VALIDE;chap->v.12: lui dis deux oliviers cote deux
Zacharie 4:0;SKN;64-0830M;207;VALIDE;chap->v.2: vois dis vois voici chandelier dor coupe sommet
zacharie 4:12;SKN;64-0830M;190;CORRIGE;annoncé Zacharie 4:121
Actes 9:0;VGR;60-1210;248;VALIDE;chap->v.27: apotres avait lui avait parle avait
Actes 15:0;VGR;60-1210;262;VALIDE;chap->v.13: jacques disant hommes freres ecoutez moi
Actes 15:14;VGR;60-1210;262;EXACT;raconte comment dieu nations peuple nom [couverture 6/10]
Apocalypse 2:13;VGR;60-1210;198;VALIDE;sais trone satan nom
Apocalypse 2:17;VGR;60-1210;265;EXACT;celui oreilles lesprit vaincra lui donnerai manne cachee [couverture 12/14]
Apocalypse 3:0;VGR;60-1210;158;VALIDE;chap->v.15: connais tes uvres nes froid bouillant froid bouillant
Apocalypse 3:7;VGR;60-1210;17;VALIDE;lange philadelphie celui
Apocalypse 21:0;VGR;60-1210;260;VALIDE;chap->v.1: vis nouveau ciel nouvelle terre premier ciel terre
Daniel 12:3;VGR;60-1210;240;EXACT;brilleront splendeur ceux enseigne justice multitude etoiles toujours [couverture 9/12]
Ephesiens 2:19;VGR;60-1210;246;EXACT;ainsi netes etrangers etes concitoyens saints gens maison [couverture 9/10]
Ephesiens 3:15;VGR;60-1210;258;PARTIEL;commencé, pas achevé — cieux terre
Galates 1:8;VGR;60-1210;248;VALIDE;ange quil soit anatheme
Jean 5:19;VGR;60-1210;83;EXACT;jesus verite dis rien meme quil chose pere [couverture 10/14]
Jean 10:7;VGR;60-1210;99;EXACT;jesus verite dis moi suis porte brebis [couverture 8/8]
Jean 10:17;VGR;60-1210;99;VALIDE;cest moi vie afin
Jean 17:7;VGR;60-1210;110;VALIDE;maintenant ont vient
Jean 17:17;VGR;60-1210;225;EXACT;sanctifie verite parole [couverture 4/4]
Marc 16:0;VGR;60-1210;44;VALIDE;chap->v.17: accompagneront ceux auront cru nom chasseront demons parleront
Marc 16:0;VGR;60-1210;46;VALIDE;chap->v.16: celui aura cru aura baptise sera sauve celui
Matthieu 16:18;VGR;60-1210;124;VALIDE;moi dis pierre batirai portes contre
Matthieu 28:19;VGR;60-1210;167;EXACT;allez faites disciples nations baptisant nom pere fils [couverture 10/10]
Matthieu 28:19;VGR;60-1210;172;EXACT;allez faites disciples nations baptisant nom pere fils [couverture 9/10]
Romains 2:29;VGR;60-1210;202;EXACT;celui juif lest circoncision cur esprit lettre louange [couverture 12/13]
Romains 5:1;VGR;60-1210;224;VALIDE;justifies foi dieu jesus
Actes 9:0;VGR;64-0830M;236;VALIDE;chap->v.13: seigneur jai entendu homme combien
Actes 9:0;VGR;64-0830M;237;VALIDE;chap->v.13: seigneur jai entendu homme combien
Actes 20:0;VGR;64-0830M;236;VALIDE;chap->v.25: maintenant voici moi sais jai passe
Apocalypse 1:0;VGR;64-0830M;279;VALIDE;chap->v.14: cheveux etaient blancs laine blanche
Apocalypse 11:0;VGR;64-0830M;191;VALIDE;chap->v.5: quelquun veut sort quelquun veut quil
Apocalypse 11:3-12;VGR;64-0830M;190;VALIDE;deux jours oliviers devant
Apocalypse 11:4;VGR;64-0830M;190;VALIDE;deux oliviers devant seigneur
Apocalypse 13:0;VGR;64-0830M;261;VALIDE;chap->v.7: lui fut guerre saints lui fut
Apocalypse 20:0;VGR;64-0830M;261;VALIDE;chap->v.5: reste jusqua ans accomplis cest ici resurrection
Apocalypse 20:7;VGR;64-0830M;260;VALIDE;ans seront accomplis satan sera delie prison
apocalypse 20:5;VGR;64-0830M;235;CORRIGE;annoncé Apocalypse 20:27
Ezechiel 9:0;VGR;64-0830M;70;VALIDE;chap->v.4: passe milieu ville milieu fais marque soupirent gemissent
Hebreux 13:12;VGR;64-0830M;288;EXACT;cest jesus quil sanctifie sang porte [couverture 5/12]
Jean 5:24;VGR;64-0830M;283;EXACT;dis celui parole croit envoye vie eternelle jugement [couverture 10/14]
Jean 14:0;VGR;64-0830M;300;VALIDE;chap->v.10: crois moi pere pere moi moi moi meme
Jean 14:12;VGR;64-0830M;300;VALIDE;croit moi fera uvres fais celles vais
Jean 17:17;VGR;64-0830M;275;EXACT;sanctifie verite parole [couverture 4/4]
Marc 13:27;VGR;64-0830M;260;VALIDE;alors enverra anges rassemblera elus quatre vents terre
Marc 13:27;VGR;64-0830M;261;VALIDE;alors enverra anges rassemblera elus quatre vents terre
Marc 16:0;VGR;64-0830M;300;VALIDE;chap->v.16: aura cru aura sera sauve cru sera
Matthieu 10:0;VGR;64-0830M;271;VALIDE;chap->v.37: celui moi nest moi celui moi nest
Zacharie 4:0;VGR;64-0830M;190;VALIDE;chap->v.12: lui dis deux oliviers cote deux
Zacharie 4:0;VGR;64-0830M;191;VALIDE;chap->v.12: lui dis deux oliviers cote deux
Zacharie 4:0;VGR;64-0830M;298;VALIDE;chap->v.10: jour choses sept main terre
Zacharie 4:12-14;VGR;64-0830M;190;VALIDE;lui dis deux oliviers cote
Actes 9:5;SKN;60-0522M;99;PARTIEL;commencé, pas achevé — seigneur suis
Actes 19:0;SKN;60-0522M;110;VALIDE;chap->v.2: avez recu saint apres lui entendu saint
Galates 1:0;SKN;60-0522M;109;VALIDE;chap->v.10: maintenant hommes dieu cherche hommes hommes serais christ
Galates 1:0;SKN;60-0522M;110;VALIDE;chap->v.10: maintenant hommes dieu cherche hommes hommes serais christ
Galates 1:0;SKN;60-0522M;175;VALIDE;chap->v.8: ange venu ciel avons soit anatheme
Hebreux 9:11;SKN;60-0522M;134;EXACT;christ souverain sacrificateur biens venir tabernacle grand parfait [couverture 9/14]
Jean 17:17;SKN;60-0522M;67;EXACT;sanctifie verite parole [couverture 4/4]
Matthieu 28:19;SKN;60-0522M;214;EXACT;allez faites disciples nations baptisant nom pere fils [couverture 9/10]
Actes 9:5;VGR;60-0522M;99;PARTIEL;commencé, pas achevé — seigneur suis
Actes 19:0;VGR;60-0522M;110;VALIDE;chap->v.4: paul baptise bapteme quils celui apres lui cest
Galates 1:0;VGR;60-0522M;109;VALIDE;chap->v.9: lavons maintenant dis quelquun avez recu quil soit
Galates 1:0;VGR;60-0522M;110;VALIDE;chap->v.9: lavons maintenant quelquun avez recu quil soit anatheme
Galates 1:0;VGR;60-0522M;175;VALIDE;chap->v.8: ange venu ciel avons quil soit anatheme
Hebreux 9:11;VGR;60-0522M;134;EXACT;christ souverain sacrificateur biens venir tabernacle grand parfait [couverture 12/14]
Jean 17:17;VGR;60-0522M;67;EXACT;sanctifie verite parole [couverture 4/4]
Matthieu 28:19;VGR;60-0522M;214;EXACT;allez faites disciples nations baptisant nom pere fils [couverture 9/10]
Actes 10:0;SKN;55-0620;15;VALIDE;chap->v.17: pierre etait lui meme vision quil avait voici
Jean 5:0;SKN;55-0620;11;VALIDE;chap->v.19: jesus verite verite dis fils rien lui meme
Jean 5:19;SKN;55-0620;12;EXACT;jesus verite dis fils rien lui meme quil [couverture 5/14]
Actes 10:0;SKN;63-0113E;226;VALIDE;chap->v.44: pierre prononcait mots saint ceux parole
Hebreux 4:12;SKN;63-0113E;100;EXACT;parole dieu epee deux tranchants [couverture 5/14]
Jean 12:0;SKN;63-0113E;154;VALIDE;chap->v.44: jesus celui croit moi croit moi celui envoye
Jean 14:12;SKN;63-0113E;154;EXACT;verite celui croit moi fera fais vais [couverture 9/14]
Actes 10:0;VGR;63-0113E;226;VALIDE;chap->v.17: pierre meme quil voici hommes
Hebreux 4:12;VGR;63-0113E;100;EXACT;parole dieu epee deux tranchants [couverture 5/14]
Jean 12:0;VGR;63-0113E;154;VALIDE;chap->v.44: jesus celui croit moi croit moi celui envoye
Jean 14:12;VGR;63-0113E;154;EXACT;verite celui croit moi fera uvres fais vais [couverture 10/14]
Actes 10:35;SKN;57-1222;10;VALIDE;nation celui pratique justice lui
Daniel 12:3;SKN;57-1222;10;VALIDE;sages brilleront splendeur ceux ont enseigne justice multitude
Marc 11:24;SKN;57-1222;10;VALIDE;pourquoi dis croyez recevez sera
Romains 8:1;SKN;57-1222;10;VALIDE;maintenant aucune condamnation ceux christ jesus
Actes 10:35;SKN;58-0301B;14;VALIDE;nation pratique justice lui
Jean 5:24;SKN;58-0301B;22;VALIDE;verite dis celui entend parole croit envoye vie
Jean 12:0;SKN;58-0301B;53;VALIDE;chap->v.29: etait avait entendu coup tonnerre avait lui parle
Matthieu 10:0;SKN;58-0301B;7;VALIDE;chap->v.8: morts lepreux demons avez recu gratuitement donnez gratuitement
Psaumes 42:7;SKN;58-0301B;70;VALIDE;appelle autre passe moi
Actes 10:35;SKN;63-1216;132;VALIDE;nation pratique justice lui
Daniel 2:43;SKN;63-1216;131;PARTIEL;commencé, pas achevé — meme
Deuteronome 22:0;SKN;63-1216;81;VALIDE;chap->v.23: jeune fille fiancee homme homme trouve ville
Deuteronome 22:23;SKN;63-1216;66;VALIDE;jeune fille vierge homme ville
Esaie 9:0;SKN;63-1216;108;VALIDE;chap->v.6: enfant fils donne sera conseiller dieu pere
Galates 1:0;SKN;63-1216;111;VALIDE;chap->v.10: maintenant cherche christ
Galates 4:19;SKN;63-1216;111;VALIDE;enfants christ forme
Malachie 4:0;SKN;63-1216;164;VALIDE;chap->v.6: fera peres peres pays
Actes 10:44;SKN;59-0329M;56;EXACT;pierre prononcait mots saint ceux entendaient parole [couverture 7/9]
Actes 19:0;SKN;59-0329M;57;VALIDE;chap->v.4: paul jean baptise bapteme repentance disant peuple croient
actes 19:4;SKN;59-0329M;57;CORRIGE;annoncé Actes 19:58
Apocalypse 21:0;SKN;59-0329M;57;VALIDE;chap->v.1: vis nouveau ciel nouvelle terre premier ciel premiere
Marc 16:0;SKN;59-0329M;30;VALIDE;chap->v.16: celui cru baptise sera sauve celui cru sera
Matthieu 1:18;SKN;59-0329M;49;EXACT;naissance jesus arriva mere marie fiancee joseph avant [couverture 9/14]
Matthieu 28:19;SKN;59-0329M;36;EXACT;allez nations baptisant nom pere fils saint [couverture 7/10]
Matthieu 28:19;SKN;59-0329M;39;EXACT;allez faites disciples nations nom pere fils saint [couverture 8/10]
Actes 10:44;VGR;59-0329M;64;EXACT;pierre prononcait mots lesprit saint ceux entendaient parole [couverture 6/9]
Actes 19:0;VGR;59-0329M;64;VALIDE;chap->v.2: avez recu lesprit saint apres cru lui dirent
Apocalypse 21:0;VGR;59-0329M;67;VALIDE;chap->v.3: ciel disant voici dieu eux peuple
Marc 16:0;VGR;59-0329M;40;VALIDE;chap->v.16: celui cru baptise sera sauve celui cru sera
Matthieu 1:18;VGR;59-0329M;58;EXACT;naissance jesus christ arriva mere marie fiancee joseph [couverture 11/14]
Matthieu 28:19;VGR;59-0329M;46;EXACT;allez nations baptisant nom pere fils saint [couverture 7/10]
Matthieu 28:19;VGR;59-0329M;49;EXACT;allez faites disciples nations nom pere fils saint [couverture 8/10]
Actes 10:47;VGR;64-0823M;62;EXACT;pourrait leau ceux soient recu saint [couverture 5/14]
Actes 19:0;VGR;64-0823M;90;VALIDE;chap->v.2: avez recu saint apres cru lui meme entendu
Actes 22:16;VGR;64-0823M;62;VALIDE;maintenant leve toi sois baptise tes peches invoquant
Apocalypse 20:4;VGR;64-0823M;224;EXACT;etaient assis jugement fut donne ames ceux avaient [couverture 11/14]
Galates 1:8;VGR;64-0823M;93;EXACT;ange ciel quil soit anatheme [couverture 5/11]
Genese 6:4;VGR;64-0823M;102;VALIDE;geants etaient apres fils dieu venus filles hommes
Jean 5:19;VGR;64-0823M;162;EXACT;jesus verite dis fils rien lui meme quil [couverture 9/14]
Luc 21:36;VGR;64-0823M;157;VALIDE;choses devant fils
Marc 16:0;VGR;64-0823M;215;VALIDE;chap->v.20: eux partout seigneur eux parole signes
Matthieu 24:19;VGR;64-0823M;32;VALIDE;malheur celles enceintes jours
Matthieu 24:19;VGR;64-0823M;33;EXACT;malheur celles enceintes allaitent jours [couverture 5/6]
Matthieu 24:24;VGR;64-0823M;40;VALIDE;selevera faux christs prophetes grands prodiges meme
Matthieu 24:26;VGR;64-0823M;51;VALIDE;desert chambres croyez
Matthieu 24:28;VGR;64-0823M;52;VALIDE;soit mort sassembleront aigles
Psaumes 23:0;VGR;64-0823M;48;VALIDE;chap->v.4: meme mal moi
actes 10:44;SKN;53-0327;42;CORRIGE;annoncé Actes 10:49
Ephesiens 4:30;SKN;53-0327;29;EXACT;saint esprit dieu lequel avez scelles jour redemption [couverture 8/9]
Ephesiens 6:12;SKN;53-0327;114;EXACT;lutte contre sang chair autorites tenebres puissance spirituelle [couverture 11/14]
Esaie 28:0;SKN;53-0327;48;VALIDE;chap->v.15: avons alliance mort avons passe avons
Exode 12:0;SKN;53-0327;49;VALIDE;chap->v.30: eut grand egypte avait eut mort
Romains 8:1;SKN;53-0327;90;EXACT;maintenant aucune condamnation ceux christ jesus [couverture 6/6]
actes 10:48;SKN;58-0323;47;CORRIGE;annoncé Actes 10:49
Hebreux 13:8;SKN;58-0323;29;EXACT;jesus meme hier aujourdhui eternellement [couverture 5/6]
Hebreux 13:8;SKN;58-0323;35;VALIDE;jesus christ meme hier aujourdhui eternellement
Jean 1:0;SKN;58-0323;41;VALIDE;chap->v.47: nathanael lui venir quelque chose bon nazareth philippe
Jean 12:0;SKN;58-0323;41;VALIDE;chap->v.34: lui avons appris christ demeure eternellement toi dis
Jean 17:0;SKN;58-0323;52;VALIDE;chap->v.3: cest vie eternelle seul dieu celui jesus christ
Psaumes 103:3;SKN;58-0323;9;VALIDE;cest lui tes guerit
actes 10:44;SKN;58-0612;19;CORRIGE;annoncé Actes 10:49
Hebreux 13:8;SKN;58-0612;6;VALIDE;jesus meme hier aujourdhui eternellement
Jean 1:0;SKN;58-0612;29;VALIDE;chap->v.30: cest moi apres moi vient homme prend avant
Jean 1:0;SKN;58-0612;30;VALIDE;chap->v.30: cest celui moi apres moi vient homme prend
Jean 1:0;SKN;58-0612;39;VALIDE;chap->v.33: celui envoye deau celui celui verras lesprit descendre
Jean 3:0;SKN;58-0612;39;VALIDE;chap->v.2: celui lui nuit lui rabbi savons docteur venu
Jean 4:0;SKN;58-0612;39;VALIDE;chap->v.14: celui leau lui jamais leau lui sera lui
Jean 4:0;SKN;58-0612;72;VALIDE;chap->v.10: jesus lui don dieu celui donne moi lui
Jean 5:0;SKN;58-0612;39;VALIDE;chap->v.19: jesus verite verite dis fils lui meme quil
Jean 5:19;SKN;58-0612;23;VALIDE;jesus verite dis fils rien lui meme quil
Jean 5:19;SKN;58-0612;24;EXACT;jesus verite dis fils rien lui meme quil [couverture 6/14]
Jean 6:0;SKN;58-0612;42;VALIDE;chap->v.32: jesus verite verite dis moise donne vient pere
Jean 6:0;SKN;58-0612;55;VALIDE;chap->v.35: jesus moi suis vie vient moi jamais moi
Romains 8:0;SKN;58-0612;26;VALIDE;chap->v.24: avons quon voit nest quelquun voit pourquoi
actes 10:44;SKN;61-0224;45;CORRIGE;annoncé Actes 10:49
Jean 4:0;SKN;61-0224;102;VALIDE;chap->v.10: jesus lui don dieu celui donne moi toi
Jean 5:0;SKN;61-0224;29;VALIDE;chap->v.19: jesus dis fils rien lui meme voie chose
Jean 5:19;SKN;61-0224;32;VALIDE;jesus dis fils lui meme chose pere quelque
Jean 5:19;SKN;61-0224;33;VALIDE;jesus dis fils rien lui meme chose pere
Jean 5:19;SKN;61-0224;38;EXACT;jesus verite dis fils rien lui meme chose [couverture 10/14]
Jean 5:24;SKN;61-0224;119;VALIDE;verite celui entend parole croit envoye vie eternelle
Jean 6:0;SKN;61-0224;56;VALIDE;chap->v.35: jesus moi suis vie vient moi croit moi
actes 10:48;SKN;63-0604;90;CORRIGE;annoncé Actes 10:49
Jean 5:19;SKN;63-0604;153;VALIDE;jesus lui meme quil chose quelque celui
Jean 5:19;SKN;63-0604;162;EXACT;jesus verite dis fils rien lui meme quil [couverture 11/14]
Jean 6:0;SKN;63-0604;140;VALIDE;chap->v.41: juifs contre lui quil avait moi suis
Jean 12:20;SKN;63-0604;28;EXACT;quelques grecs ceux etaient montes adorer pendant fete [couverture 8/10]
Jean 20:0;SKN;63-0604;28;VALIDE;chap->v.17: jesus lui monte pere monte pere pere
actes 10:44;SKN;64-1212;171;CORRIGE;annoncé Actes 10:49
Apocalypse 1:0;SKN;64-1212;140;VALIDE;chap->v.20: sept etoiles sept sept etoiles anges sept sept
Apocalypse 17:0;SKN;64-1212;329;VALIDE;chap->v.17: dieu pensee meme pensee
Apocalypse 22:18;SKN;64-1212;108;EXACT;entend livre ajoute choses dieu lui [couverture 6/14]
Apocalypse 22:18;SKN;64-1212;237;EXACT;quiconque ajoute dieu lui ajoutera [couverture 5/14]
Hebreux 13:8;SKN;64-1212;68;EXACT;jesus christ meme hier aujourdhui eternellement [couverture 6/6]
Hebreux 13:8;SKN;64-1212;186;VALIDE;meme hier aujourdhui eternellement
Jean 1:0;SKN;64-1212;60;VALIDE;chap->v.1: commencement etait parole parole etait dieu parole etait
Jean 6:48;SKN;64-1212;57;EXACT;moi suis pain vie [couverture 4/4]
Jean 14:12;SKN;64-1212;186;EXACT;dis celui croit moi fera lui fais vais [couverture 7/14]
Luc 17:20;SKN;64-1212;354;PARTIEL;commencé, pas achevé — dieu
Malachie 4:0;SKN;64-1212;353;VALIDE;chap->v.6: fera peres fils fils peres
Matthieu 24:24;SKN;64-1212;238;EXACT;faux possible meme elus [couverture 5/14]
Matthieu 24:24;SKN;64-1212;310;PARTIEL;commencé, pas achevé — meme elus
Matthieu 24:24;SKN;64-1212;347;VALIDE;possible meme elus
Romains 8:0;SKN;64-1212;46;VALIDE;chap->v.32: celui meme livre comment don choses lui
actes 10:44;SKN;65-0418M;177;CORRIGE;annoncé Actes 10:49
Actes 19:0;SKN;65-0418M;179;VALIDE;chap->v.3: quel bapteme avez baptises bapteme
Actes 19:0;SKN;65-0418M;189;VALIDE;chap->v.2: avez recu saint cru saint
Apocalypse 1:0;SKN;65-0418M;19;VALIDE;chap->v.17: lorsque vis tombai pieds mort droite moi disant
Apocalypse 1:18;SKN;65-0418M;20;EXACT;vivant mort voici suis siecles tiens [couverture 9/12]
Hebreux 13:8;SKN;65-0418M;62;VALIDE;christ meme hier
Hebreux 13:8;SKN;65-0418M;277;VALIDE;jesus meme hier
Jean 5:24;SKN;65-0418M;159;EXACT;celui entend parole croit envoye vie eternelle passe [couverture 9/14]
Jean 14:12;SKN;65-0418M;64;VALIDE;dis lui uvres fais parce
Jean 14:12;SKN;65-0418M;113;EXACT;verite dis celui croit moi fera lui uvres [couverture 11/14]
Jean 14:12;SKN;65-0418M;316;EXACT;dis celui moi lui [couverture 5/14]
Luc 17:30;SKN;65-0418M;92;VALIDE;sera jour fils
Malachie 4:0;SKN;65-0418M;93;VALIDE;chap->v.1: jour ceux jour
Malachie 4:0;SKN;65-0418M;243;VALIDE;chap->v.1: jour vient jour vient
Marc 16:0;SKN;65-0418M;22;VALIDE;chap->v.1: sabbat passe marie magdala marie mere jacques salome
Marc 16:1;SKN;65-0418M;19;PARTIEL;commencé, pas achevé — venir
Matthieu 27:51;SKN;65-0418M;281;PARTIEL;commencé, pas achevé — terre
Matthieu 27:51;SKN;65-0418M;290;PARTIEL;commencé, pas achevé — terre
Matthieu 28:18-19;SKN;65-0418M;53;VALIDE;ciel terre allez disciples
Romains 8:1;SKN;65-0418M;119;VALIDE;maintenant ceux jesus
Romains 8:11;SKN;65-0418M;19;EXACT;celui ressuscite jesus morts habite christ vos corps [couverture 6/14]
Romains 8:11;SKN;65-0418M;69;EXACT;celui ressuscite morts habite christ vos corps mortels [couverture 9/14]
Romains 8:11;SKN;65-0418M;120;EXACT;celui ressuscite jesus morts habite corps esprit [couverture 8/14]
actes 10:44;VGR;65-0418M;177;CORRIGE;annoncé Actes 10:49
Actes 19:0;VGR;65-0418M;189;VALIDE;chap->v.2: avez recu saint cru saint
Apocalypse 1:0;VGR;65-0418M;14;VALIDE;chap->v.14: tete cheveux etaient blancs laine blanche yeux
Apocalypse 1:18;VGR;65-0418M;20;EXACT;vivant jai mort voici suis siecles tiens [couverture 10/12]
Hebreux 13:8;VGR;65-0418M;62;EXACT;christ meme hier aujourdhui eternellement [couverture 5/6]
Hebreux 13:8;VGR;65-0418M;277;EXACT;jesus meme hier aujourdhui eternellement [couverture 5/6]
Jean 5:24;VGR;65-0418M;159;EXACT;dis celui entend parole croit envoye vie eternelle [couverture 11/14]
Jean 14:12;VGR;65-0418M;64;EXACT;dis celui moi lui uvres fais parce [couverture 6/14]
Jean 14:12;VGR;65-0418M;113;EXACT;verite dis celui croit moi fera lui uvres [couverture 11/14]
Jean 14:12;VGR;65-0418M;316;VALIDE;dis moi lui
Luc 17:30;VGR;65-0418M;92;EXACT;sera meme jour fils lhomme [couverture 6/7]
Malachie 4:0;VGR;65-0418M;93;VALIDE;chap->v.1: jour ceux jour
Marc 16:1;VGR;65-0418M;19;PARTIEL;commencé, pas achevé — venir
Marc 16:1;VGR;65-0418M;36;PARTIEL;commencé, pas achevé — passe
Matthieu 27:51;VGR;65-0418M;281;PARTIEL;commencé, pas achevé — terre
Romains 8:1;VGR;65-0418M;119;VALIDE;maintenant ceux jesus
Romains 8:11;VGR;65-0418M;19;VALIDE;lesprit celui ressuscite jesus dentre morts habite christ
Romains 8:11;VGR;65-0418M;69;EXACT;lesprit ressuscite dentre morts habite christ vivifiera vos [couverture 11/14]
Romains 8:11;VGR;65-0418M;120;EXACT;lesprit celui ressuscite jesus dentre morts habite corps [couverture 11/14]
actes 10:44;VGR;65-0801M;199;CORRIGE;annoncé Actes 10:49
Apocalypse 3:14;VGR;65-0801M;46;PARTIEL;commencé, pas achevé — laodicee dieu
Apocalypse 13:4;VGR;65-0801M;82;EXACT;parce quil avait donne bete [couverture 6/14]
Apocalypse 13:6;VGR;65-0801M;124;VALIDE;dieu nom ceux
Apocalypse 18:0;VGR;65-0801M;45;VALIDE;chap->v.3: nations ont vin fureur fornication rois terre ont
Apocalypse 18:1;VGR;65-0801M;45;EXACT;apres choses vis autre ange ciel grand terre [couverture 10/14]
Ephesiens 2:0;VGR;65-0801M;62;VALIDE;chap->v.2: lesquels avez marche autrefois selon train monde selon
Ephesiens 2:1;VGR;65-0801M;62;EXACT;lorsque etiez morts vos fautes [couverture 6/7]
Ephesiens 2:2;VGR;65-0801M;136;VALIDE;marche train maintenant
Ephesiens 4:30;VGR;65-0801M;168;VALIDE;saint dieu lequel avez jour
Esaie 14:0;VGR;65-0801M;77;VALIDE;chap->v.13: toi cur monterai jeleverai trone etoiles dieu massierai
Esaie 14:12;VGR;65-0801M;77;EXACT;tombe astre brillant fils laurore terre toi nations [couverture 5/13]
Galates 1:1;VGR;65-0801M;27;EXACT;paul apotre part hommes jesus christ dieu pere [couverture 10/12]
Hebreux 7:0;VGR;65-0801M;64;VALIDE;chap->v.4: combien grand etait celui abraham dime butin lui
Hebreux 13:8;VGR;65-0801M;161;VALIDE;jesus christ meme hier aujourdhui eternellement
Jean 1:0;VGR;65-0801M;71;VALIDE;chap->v.30: cest celui moi moi homme place avant moi
Jean 1:0;VGR;65-0801M;88;VALIDE;chap->v.1: commencement etait parole parole etait dieu parole etait
Jean 3:10;VGR;65-0801M;135;PARTIEL;commencé, pas achevé — lui connais
Jean 4:5;VGR;65-0801M;58;PARTIEL;commencé, pas achevé — pres terre
Jean 14:12;VGR;65-0801M;104;EXACT;moi fera lui [couverture 5/14]
Luc 17:30;VGR;65-0801M;104;VALIDE;meme jour fils
Malachie 4:0;VGR;65-0801M;104;VALIDE;chap->v.1: jour vient jour vient
Malachie 4:0;VGR;65-0801M;174;VALIDE;chap->v.1: jour vient jour vient
Matthieu 24:0;VGR;65-0801M;34;VALIDE;chap->v.24: selevera faux faux prophetes signes prodiges maniere seduire
Matthieu 27:15;VGR;65-0801M;71;VALIDE;avait celui quils
Proverbes 3:5;VGR;65-0801M;131;PARTIEL;commencé, pas achevé — intelligence
Actes 15:0;SKN;63-0322;236;VALIDE;chap->v.7: discussion ayant pierre hommes freres dieu choisi
Actes 15:14;SKN;63-0322;236;EXACT;raconte comment dieu nations peuple nom [couverture 6/10]
Actes 19:0;SKN;63-0322;469;VALIDE;chap->v.4: paul jean baptise peuple quils croient apres lui
Apocalypse 3:2;SKN;63-0322;165;EXACT;sois vigilant affermis reste devant dieu [couverture 6/13]
Apocalypse 3:3;SKN;63-0322;180;EXACT;toi comment recu entendu garde repens veilles viendrai [couverture 13/14]
Apocalypse 10:1-7;SKN;63-0322;193;PARTIEL;commencé, pas achevé — autre
Apocalypse 10:1-7;SKN;63-0322;211;PARTIEL;commencé, pas achevé — autre
Apocalypse 10:7;SKN;63-0322;320;PARTIEL;commencé, pas achevé — septieme ange
Apocalypse 11:0;SKN;63-0322;302;VALIDE;chap->v.6: ont pouvoir quil jours ont pouvoir
Apocalypse 11:0;SKN;63-0322;335;VALIDE;chap->v.7: auront acheve temoignage bete monte labime fera guerre
Apocalypse 13:0;SKN;63-0322;97;VALIDE;chap->v.11: vis autre avait deux agneau
Apocalypse 19:0;SKN;63-0322;430;VALIDE;chap->v.11: vis ciel cheval blanc assis
Apocalypse 22:0;SKN;63-0322;203;VALIDE;chap->v.9: garde suis compagnon celui tes freres prophetes livre
Apocalypse 22:8;SKN;63-0322;454;EXACT;cest moi entendu choses [couverture 5/14]
Apocalypse 22:19;SKN;63-0322;204;VALIDE;chose livre dieu
Esaie 35:0;SKN;63-0322;56;VALIDE;chap->v.8: sera sera ceux ceux vont
Malachie 4:0;SKN;63-0322;320;VALIDE;chap->v.4: souvenez loi moise lui
Malachie 4:0;SKN;63-0322;321;VALIDE;chap->v.4: souvenez loi lui
Malachie 4:0;SKN;63-0322;323;VALIDE;chap->v.4: souvenez loi moise lui
Malachie 4:0;SKN;63-0322;325;VALIDE;chap->v.4: loi moise lui
Matthieu 28:19;SKN;63-0322;80;PARTIEL;commencé, pas achevé — nom
Actes 15:0;VGR;63-0322;236;VALIDE;chap->v.14: raconte comment dieu nations peuple nom
Actes 15:14;VGR;63-0322;236;EXACT;raconte comment dieu nations peuple nom [couverture 6/10]
Actes 19:0;VGR;63-0322;469;VALIDE;chap->v.4: paul jean baptise peuple quils croient apres lui
Apocalypse 3:2;VGR;63-0322;165;EXACT;sois vigilant affermis reste devant dieu [couverture 6/13]
Apocalypse 3:3;VGR;63-0322;180;EXACT;toi comment recu entendu garde repens veilles viendrai [couverture 13/14]
Apocalypse 10:1;VGR;63-0322;193;PARTIEL;commencé, pas achevé — autre
Apocalypse 10:1;VGR;63-0322;211;PARTIEL;commencé, pas achevé — autre
Apocalypse 10:7;VGR;63-0322;320;PARTIEL;commencé, pas achevé — septieme ange
Apocalypse 11:0;VGR;63-0322;302;VALIDE;chap->v.6: ont pouvoir quil jours ont pouvoir
Apocalypse 11:0;VGR;63-0322;335;VALIDE;chap->v.7: auront acheve temoignage bete monte labime guerre vaincra
Apocalypse 13:0;VGR;63-0322;97;VALIDE;chap->v.11: vis autre avait deux agneau
Apocalypse 19:0;VGR;63-0322;430;VALIDE;chap->v.11: vis ciel cheval blanc assis
Apocalypse 22:0;VGR;63-0322;203;VALIDE;chap->v.9: garde suis compagnon celui tes freres prophetes livre
Apocalypse 22:8;VGR;63-0322;454;EXACT;cest moi entendu choses [couverture 5/14]
Esaie 35:0;VGR;63-0322;56;VALIDE;chap->v.8: sera sera ceux ceux vont
Malachie 4:0;VGR;63-0322;320;VALIDE;chap->v.4: souvenez loi moise lui
Malachie 4:0;VGR;63-0322;321;VALIDE;chap->v.4: souvenez loi lui
Malachie 4:0;VGR;63-0322;323;VALIDE;chap->v.4: souvenez loi moise lui
Malachie 4:0;VGR;63-0322;325;VALIDE;chap->v.1: voici vient vient
Matthieu 28:19;VGR;63-0322;80;PARTIEL;commencé, pas achevé — nom
Actes 15:14;SKN;61-0806;195;VALIDE;dieu nations peuple nom
Apocalypse 11:0;SKN;61-0806;150;VALIDE;chap->v.6: ceux ont quil ont
Apocalypse 11:0;SKN;61-0806;168;VALIDE;chap->v.11: trois jours demi lesprit vie dieu eux grande
Apocalypse 11:3;SKN;61-0806;221;EXACT;donnerai mes deux temoins jours [couverture 5/9]
Apocalypse 13:0;SKN;61-0806;184;VALIDE;chap->v.15: lui bete bete parle meme fasse
Apocalypse 13:14;SKN;61-0806;180;EXACT;terre cause quil lui donne bete disant image [couverture 7/14]
Apocalypse 13:14;SKN;61-0806;182;EXACT;terre quil lui donne bete disant image [couverture 6/14]
Apocalypse 19:21;SKN;61-0806;193;PARTIEL;commencé, pas achevé — reste
Daniel 7:0;SKN;61-0806;142;VALIDE;chap->v.6: apres cela vis autre avait bete avait
Daniel 9:0;SKN;61-0806;61;VALIDE;chap->v.4: dieu confession dis dieu grand
Daniel 12:0;SKN;61-0806;67;VALIDE;chap->v.5: moi daniel deux autres lun
Galates 3:16;SKN;61-0806;195;VALIDE;cest abraham ont dun seul christ
Genese 12:3;SKN;61-0806;195;PARTIEL;commencé, pas achevé — ceux terre
Levitique 25:0;SKN;61-0806;197;VALIDE;chap->v.11: annee lan cinquantieme sera jubile soi meme
Levitique 25:8;SKN;61-0806;197;PARTIEL;commencé, pas achevé — ans
Luc 21:24;SKN;61-0806;75;EXACT;tomberont tranchant lepee seront captifs parmi nations jerusalem [couverture 13/14]
Malachie 3:0;SKN;61-0806;146;VALIDE;chap->v.7: jours vos peres etes mes moi
Malachie 4:0;SKN;61-0806;146;VALIDE;chap->v.1: voici jour ceux jour
Matthieu 11:6;SKN;61-0806;146;PARTIEL;commencé, pas achevé — moi
Matthieu 24:0;SKN;61-0806;180;VALIDE;chap->v.2: lui voyez dis sera ici
Matthieu 24:0;SKN;61-0806;182;VALIDE;chap->v.2: lui voyez dis sera ici soit
Actes 15:14;VGR;61-0806;195;VALIDE;dieu nations peuple nom
Apocalypse 11:0;VGR;61-0806;150;VALIDE;chap->v.6: ceux ont quil ont
Apocalypse 11:0;VGR;61-0806;168;VALIDE;chap->v.11: trois jours demi lesprit vie dieu eux grande
Apocalypse 11:3;VGR;61-0806;221;EXACT;donnerai mes deux temoins jours [couverture 5/9]
Apocalypse 13:0;VGR;61-0806;184;VALIDE;chap->v.18: ici nombre bete cest nombre nombre
Apocalypse 13:14;VGR;61-0806;180;EXACT;terre cause quil lui donne bete disant image [couverture 7/14]
Apocalypse 13:14;VGR;61-0806;182;EXACT;terre quil lui donne bete disant image [couverture 6/14]
Apocalypse 19:21;VGR;61-0806;193;PARTIEL;commencé, pas achevé — reste celui
Daniel 7:0;VGR;61-0806;142;VALIDE;chap->v.23: bete sera terre sera different terre
Daniel 9:0;VGR;61-0806;61;VALIDE;chap->v.4: dieu confession dis dieu grand
Daniel 12:0;VGR;61-0806;67;VALIDE;chap->v.5: moi daniel voici deux autres lun
Galates 3:16;VGR;61-0806;195;VALIDE;cest abraham ont dun seul christ
Genese 12:3;VGR;61-0806;195;PARTIEL;commencé, pas achevé — ceux terre
Levitique 25:0;VGR;61-0806;197;VALIDE;chap->v.11: annee lan cinquantieme sera jubile soi meme
Levitique 25:8;VGR;61-0806;197;PARTIEL;commencé, pas achevé — ans
Luc 21:24;VGR;61-0806;75;EXACT;tomberont tranchant lepee seront captifs parmi nations jerusalem [couverture 13/14]
Malachie 3:0;VGR;61-0806;146;VALIDE;chap->v.7: jours vos peres etes mes moi
Malachie 4:0;VGR;61-0806;146;VALIDE;chap->v.1: voici jour ceux jour
Matthieu 11:6;VGR;61-0806;146;PARTIEL;commencé, pas achevé — moi
Matthieu 24:0;VGR;61-0806;180;VALIDE;chap->v.2: lui voyez dis sera ici
Matthieu 24:0;VGR;61-0806;182;VALIDE;chap->v.2: lui voyez dis sera ici soit
Actes 16:31;SKN;64-0308;135;VALIDE;crois seigneur sauve maison
Apocalypse 17:0;SKN;64-0308;164;VALIDE;chap->v.10: nest faut quil demeure
Ephesiens 2:12;SKN;64-0308;139;PARTIEL;commencé, pas achevé — dieu
Ephesiens 4:30;SKN;64-0308;147;EXACT;nattristez saint dieu lequel avez scelles jour redemption [couverture 8/9]
Esaie 35:0;SKN;64-0308;76;VALIDE;chap->v.2: sera gloire lui sera
Genese 4:10;SKN;64-0308;134;VALIDE;sang frere terre
Hebreux 9:11;SKN;64-0308;140;VALIDE;nest main cest
Hebreux 10:26;SKN;64-0308;93;EXACT;pechons volontairement apres recu connaissance verite reste sacrifice [couverture 8/9]
Hebreux 12:0;SKN;64-0308;134;VALIDE;chap->v.24: dune sang parle mieux
Hebreux 13:8;SKN;64-0308;146;VALIDE;jesus christ meme
Hebreux 13:10;SKN;64-0308;116;PARTIEL;commencé, pas achevé — manger
Jean 14:12;SKN;64-0308;168;EXACT;verite dis celui croit moi fera uvres fais [couverture 13/14]
Malachie 4:0;SKN;64-0308;108;VALIDE;chap->v.6: cur peres cur peres
Actes 16:31;VGR;63-0901M;366;EXACT;crois seigneur jesus sauve toi maison [couverture 6/8]
Actes 19:0;VGR;63-0901M;103;VALIDE;chap->v.2: avez recu saint apres cru lui navons entendu
Ephesiens 2:12;VGR;63-0901M;376;PARTIEL;commencé, pas achevé — temps dieu
Ephesiens 4:30;VGR;63-0901M;400;EXACT;nattristez saint esprit dieu lequel avez scelles jour [couverture 9/9]
Genese 4:10;VGR;63-0901M;355;VALIDE;sang frere crie terre
Genese 4:10;VGR;63-0901M;357;VALIDE;sang frere crie terre
Genese 9:0;VGR;63-0901M;322;VALIDE;chap->v.17: dieu cest signe lalliance moi chair
Hebreux 9:11-14;VGR;63-0901M;376;VALIDE;venu grand main cest
Hebreux 10:12;VGR;63-0901M;357;VALIDE;celui seul dieu
Hebreux 11:0;VGR;63-0901M;88;VALIDE;chap->v.16: maintenant cest cest dieu deux detre dieu
Hebreux 12:24;VGR;63-0901M;357;VALIDE;jesus sang parle mieux
Hebreux 13:0;VGR;63-0901M;322;VALIDE;chap->v.20: dieu grand sang lalliance eternelle jesus
Hebreux 13:8;VGR;63-0901M;387;EXACT;jesus christ meme hier aujourdhui [couverture 5/6]
Hebreux 13:8;VGR;63-0901M;432;VALIDE;jesus christ meme hier aujourdhui
Hebreux 13:10;VGR;63-0901M;322;PARTIEL;commencé, pas achevé — avons ceux
Hebreux 13:10;VGR;63-0901M;324;PARTIEL;commencé, pas achevé — avons
Jean 14:12;VGR;63-0901M;328;EXACT;celui croit moi fera uvres fais [couverture 8/14]
Romains 8:1;VGR;63-0901M;330;EXACT;maintenant aucune condamnation ceux jesus [couverture 5/6]
Actes 16:31;VGR;64-0208;128;VALIDE;seigneur jesus sauve maison
Ephesiens 4:30;VGR;64-0208;138;EXACT;nattristez saint dieu lequel avez scelles jour redemption [couverture 8/9]
Exode 12:12;VGR;64-0208;2;EXACT;passerai pays degypte nuit frapperai premier depuis jusquaux [couverture 12/14]
Genese 4:10;VGR;64-0208;127;VALIDE;voix sang crie
Hebreux 1:0;VGR;64-0208;111;VALIDE;chap->v.1: dieu autrefois plusieurs reprises plusieurs manieres parle peres
Hebreux 9:11;VGR;64-0208;136;VALIDE;christ etant grand cest
Hebreux 12:24;VGR;64-0208;127;VALIDE;jesus sang parle mieux
Hebreux 13:0;VGR;64-0208;106;VALIDE;chap->v.12: cest jesus quil peuple sang porte
Hebreux 13:8;VGR;64-0208;137;VALIDE;christ meme aujourdhui
Jean 14:12;VGR;64-0208;160;EXACT;dis celui croit moi fera lui uvres fais [couverture 11/14]
Malachie 4:0;VGR;64-0208;187;VALIDE;chap->v.6: fera cur peres cur peres
Actes 16:31;VGR;64-0308;135;VALIDE;crois seigneur sauve maison
Apocalypse 17:0;VGR;64-0308;164;VALIDE;chap->v.10: nest faut quil demeure
Ephesiens 2:12;VGR;64-0308;139;PARTIEL;commencé, pas achevé — christ dieu
Ephesiens 4:30;VGR;64-0308;147;EXACT;nattristez saint dieu lequel avez scelles jour redemption [couverture 8/9]
Esaie 35:0;VGR;64-0308;76;VALIDE;chap->v.2: sera gloire lui sera
Genese 4:10;VGR;64-0308;134;VALIDE;sang frere terre
Hebreux 9:11;VGR;64-0308;140;EXACT;christ nest main cest [couverture 5/14]
Hebreux 10:26;VGR;64-0308;93;EXACT;pechons volontairement apres recu connaissance verite reste sacrifice [couverture 8/9]
Hebreux 12:0;VGR;64-0308;134;VALIDE;chap->v.24: dune sang parle mieux
Hebreux 13:8;VGR;64-0308;146;VALIDE;jesus christ meme
Hebreux 13:10;VGR;64-0308;116;PARTIEL;commencé, pas achevé — manger
Jean 14:12;VGR;64-0308;168;EXACT;verite dis celui croit moi fera uvres fais [couverture 13/14]
Malachie 4:0;VGR;64-0308;108;VALIDE;chap->v.6: cur peres cur peres
Actes 19:0;SKN;51-0509;56;VALIDE;chap->v.10: cela continua pendant ans ceux parole seigneur tant
Jean 5:19;SKN;51-0509;35;EXACT;jesus verite dis fils rien lui quil voie [couverture 9/14]
Jean 5:19;SKN;51-0509;36;EXACT;jesus verite dis fils rien lui quil voie [couverture 11/14]
Jean 14:0;SKN;51-0509;34;VALIDE;chap->v.10: crois moi pere pere moi moi dis dis
Actes 19:0;SKN;51-0720;54;VALIDE;chap->v.15: connais jesus sais paul etes
Marc 11:24;SKN;51-0720;47;VALIDE;cest dis demanderez priant croyez recevez sera
Actes 19:0;SKN;51-0722E;12;VALIDE;chap->v.2: avez saint apres cru lui meme saint
Jean 4:46;SKN;51-0722E;15;VALIDE;cana galilee avait leau vin capernaum seigneur cour
Actes 19:0;SKN;51-0727;58;VALIDE;chap->v.15: lesprit connais jesus sais paul etes
Hebreux 3:1;SKN;51-0727;40;VALIDE;cest saints celeste souverain sacrificateur confession jesus
Hebreux 8:13;SKN;51-0727;23;PARTIEL;commencé, pas achevé — pres
Jean 5:0;SKN;51-0727;20;VALIDE;chap->v.19: jesus verite verite dis fils rien lui meme
Jean 14:12;SKN;51-0727;23;EXACT;verite dis moi lui uvres fais grandes celles [couverture 6/14]
Marc 16:0;SKN;51-0727;18;VALIDE;chap->v.17: ici accompagneront ceux auront cru nom chasseront demons
Matthieu 24:0;SKN;51-0727;15;VALIDE;chap->v.21: alors aura quil monde maintenant quil aura jamais
Psaumes 103:3;SKN;51-0727;45;VALIDE;cest lui pardonne tes iniquites guerit
Actes 19:0;SKN;51-0729E;26;VALIDE;chap->v.2: avez recu saint cru lui dirent meme saint
Esaie 53:0;SKN;51-0729E;28;VALIDE;chap->v.11: ame serviteur juste plusieurs lui portera
Hebreux 3:1;SKN;51-0729E;33;VALIDE;cest freres considerez souverain sacrificateur confession
Jean 4:46;SKN;51-0729E;28;VALIDE;cana galilee avait leau vin capernaum seigneur fils
Actes 19:0;SKN;51-0923;73;VALIDE;chap->v.2: avez lesprit apres cru lui meme entendu lesprit
Hebreux 3:0;SKN;51-0923;31;VALIDE;chap->v.17: contre fut ans nest contre ont peche
Jean 14:7;SKN;51-0923;47;VALIDE;connu pere maintenant
Psaumes 103:3;SKN;51-0923;24;VALIDE;cest lui pardonne tes iniquites guerit
Actes 19:0;SKN;53-0328;43;VALIDE;chap->v.2: avez recu saint cru lui meme entendu saint
Ephesiens 4:30;SKN;53-0328;40;EXACT;saint dieu lequel avez jour redemption [couverture 6/9]
Jean 5:24;SKN;53-0328;28;EXACT;dis celui parole croit envoye vie eternelle vient [couverture 11/14]
Psaumes 103:3;SKN;53-0328;52;VALIDE;lui tes guerit
Romains 8:1;SKN;53-0328;106;EXACT;maintenant aucune condamnation ceux jesus [couverture 5/6]
Actes 19:0;SKN;53-0531;31;VALIDE;chap->v.2: avez lesprit saint lui meme lesprit saint
Hebreux 13:8;SKN;53-0531;4;VALIDE;jesus christ meme hier aujourdhui eternellement
Jean 5:0;SKN;53-0531;21;VALIDE;chap->v.19: jesus verite verite dis fils rien lui meme
Jean 5:0;SKN;53-0531;23;VALIDE;chap->v.19: jesus verite verite dis fils rien lui meme
Jean 5:19;SKN;53-0531;23;EXACT;jesus verite dis fils rien lui meme quil [couverture 7/14]
Jean 12:0;SKN;53-0531;23;VALIDE;chap->v.18: cest pourquoi foule alla devant lui parce quils
Jean 14:12;SKN;53-0531;23;EXACT;verite dis croit moi lui fais grandes celles [couverture 5/14]
Actes 19:0;SKN;53-0604;5;VALIDE;chap->v.2: avez recu lesprit saint apres cru lui lesprit
Ephesiens 4:30;SKN;53-0604;5;VALIDE;nattristez saint dieu lequel avez jour redemption
Hebreux 11:2;SKN;53-0604;10;PARTIEL;commencé, pas achevé — cest temoignage
Actes 19:0;SKN;53-0608A;52;VALIDE;chap->v.2: avez lui navons meme
Jean 5:7;SKN;53-0608A;57;VALIDE;lui seigneur nai leau
Psaumes 103:1;SKN;53-0608A;12;EXACT;ame benis leternel moi benisse saint nom [couverture 7/8]
Actes 19:0;SKN;53-0729;198;VALIDE;chap->v.2: avez recu saint cru lui dirent meme saint
Apocalypse 11:0;SKN;53-0729;224;VALIDE;chap->v.11: trois jours demi vie pieds
Ephesiens 1:0;SKN;53-0729;58;VALIDE;chap->v.3: beni soit dieu pere seigneur jesus christ benis
Ephesiens 4:30;SKN;53-0729;138;EXACT;saint dieu lequel scelles jour redemption [couverture 6/9]
Esaie 28:0;SKN;53-0729;139;VALIDE;chap->v.12: ici repos faites celui ici
Esaie 28:0;SKN;53-0729;165;VALIDE;chap->v.10: ligne ligne ligne ligne ici
Galates 1:8;SKN;53-0729;163;VALIDE;ange ciel soit anatheme
Genese 1:0;SKN;53-0729;42;VALIDE;chap->v.25: dieu fit terre selon betail selon sol selon
Genese 1:26;SKN;53-0729;9;PARTIEL;commencé, pas achevé — terre
Genese 1:26;SKN;53-0729;10;VALIDE;dieu faisons image selon ressemblance poissons mer oiseaux
Genese 1:26;SKN;53-0729;12;EXACT;dieu faisons homme image selon ressemblance poissons mer [couverture 11/14]
Genese 1:26;SKN;53-0729;14;EXACT;dieu faisons homme image selon ressemblance poissons mer [couverture 11/14]
Genese 1:26;SKN;53-0729;15;EXACT;dieu homme image selon ressemblance betail terre [couverture 7/14]
Genese 1:26;SKN;53-0729;48;EXACT;dieu homme image selon ressemblance terre [couverture 6/14]
Genese 1:26;SKN;53-0729;54;VALIDE;dieu image terre
Genese 1:26;SKN;53-0729;78;VALIDE;dieu homme mer terre
Genese 2:0;SKN;53-0729;46;VALIDE;chap->v.7: dieu forma poussiere sol souffla vie devint ame
Genese 2:0;SKN;53-0729;93;VALIDE;chap->v.18: dieu bon soit seul lui ferai aide lui
Genese 2:7;SKN;53-0729;9;VALIDE;forma poussiere souffla narines
Genese 2:7;SKN;53-0729;10;EXACT;dieu forma poussiere souffla narines [couverture 5/14]
Genese 2:7;SKN;53-0729;13;EXACT;dieu forma poussiere souffla narines vie devint ame [couverture 9/14]
Genese 2:7;SKN;53-0729;14;EXACT;dieu forma poussiere souffla narines vie devint ame [couverture 9/14]
Genese 2:7;SKN;53-0729;46;EXACT;dieu forma poussiere sol souffla vie devint ame [couverture 9/14]
Genese 2:7;SKN;53-0729;78;EXACT;dieu forma poussiere souffla narines vie [couverture 5/14]
Genese 2:18-21;SKN;53-0729;93;EXACT;dieu bon soit seul lui ferai aide forma [couverture 6/12]
Genese 2:18-21;SKN;53-0729;94;EXACT;dieu bon soit seul lui ferai aide forma [couverture 8/12]
Hebreux 4:0;SKN;53-0729;152;VALIDE;chap->v.2: avons ceux parole servit rien foi ceux
Hebreux 9:0;SKN;53-0729;151;VALIDE;chap->v.11: etant venu venir main
Jean 1:0;SKN;53-0729;32;VALIDE;chap->v.1: commencement etait parole parole etait dieu parole etait
Jean 5:7;SKN;53-0729;257;PARTIEL;commencé, pas achevé — lui
Jean 17:17;SKN;53-0729;277;EXACT;sanctifie verite parole [couverture 4/4]
Matthieu 10:0;SKN;53-0729;279;VALIDE;chap->v.1: ayant appele donna esprits chasser guerir
Matthieu 24:0;SKN;53-0729;241;VALIDE;chap->v.29: apres tribulation soleil lune donnera lumiere etoiles tomberont
Matthieu 24:0;SKN;53-0729;281;VALIDE;chap->v.2: lui voyez dis sera ici soit
Matthieu 24:29;SKN;53-0729;240;EXACT;apres tribulation soleil lune donnera lumiere etoiles tomberont [couverture 9/14]
Actes 19:0;SKN;53-1104;24;VALIDE;chap->v.34: quil etait dune voix durant pres deux heures
Jeremie 1:4;SKN;53-1104;11;PARTIEL;commencé, pas achevé — parole moi
Actes 19:0;SKN;53-1201;3;VALIDE;chap->v.34: connu quil etait seule durant pres heures grande
Actes 19:0;SKN;53-1205;102;VALIDE;chap->v.4: paul jean baptise bapteme repentance disant quils croient
Ephesiens 4:30;SKN;53-1205;9;VALIDE;nattristez saint esprit dieu lequel avez scelles jour
Galates 1:8;SKN;53-1205;31;EXACT;ange venu ciel avons quil soit anatheme [couverture 6/11]
Actes 19:0;SKN;54-0216;19;VALIDE;chap->v.2: recu saint apres lui meme entendu saint
Actes 19:0;SKN;54-1207;3;VALIDE;chap->v.2: recu saint cru lui meme saint
Hebreux 13:8;SKN;54-1207;23;EXACT;jesus meme hier aujourdhui eternellement [couverture 5/6]
Hebreux 13:8;SKN;54-1207;33;VALIDE;jesus meme hier aujourdhui eternellement
Jean 5:19;SKN;54-1207;31;EXACT;jesus verite dis fils rien lui meme quil [couverture 6/14]
Actes 19:0;SKN;55-0612;5;VALIDE;chap->v.10: cela pendant deux ans sorte ceux seigneur
Jean 5:0;SKN;55-0612;62;VALIDE;chap->v.19: jesus verite verite dis fils rien lui meme
Jean 5:19;SKN;55-0612;63;EXACT;jesus verite dis fils rien lui meme quil [couverture 7/14]
Actes 19:0;SKN;55-1120;31;VALIDE;chap->v.4: paul jean baptise bapteme repentance celui venait apres
Jean 5:24;SKN;55-1120;76;EXACT;dis celui entend parole croit envoye vie eternelle [couverture 9/14]
Actes 19:0;SKN;56-0414;3;VALIDE;chap->v.10: cela pendant deux ans ceux seigneur tant
Jean 5:19;SKN;56-0414;12;EXACT;jesus verite dis fils rien lui meme quil [couverture 5/14]
Jean 5:24;SKN;56-0414;42;VALIDE;verite dis celui parole croit envoye vie eternelle
Jean 15:0;SKN;56-0414;63;VALIDE;chap->v.2: sarment moi porte fruit sarment porte fruit afin
Marc 11:24;SKN;56-0414;59;VALIDE;cest dis demanderez priant croyez sera
Marc 16:0;SKN;56-0414;57;VALIDE;chap->v.17: accompagneront ceux auront cru nom chasseront demons parleront
Actes 19:0;SKN;56-0415;7;VALIDE;chap->v.34: quil etait dune seule deux heures grande
Jean 5:0;SKN;56-0415;58;VALIDE;chap->v.19: jesus verite verite dis fils rien lui meme
Jean 5:19;SKN;56-0415;58;EXACT;jesus verite dis fils rien lui meme quil [couverture 8/14]
Jean 5:24;SKN;56-0415;46;VALIDE;dis celui parole croit envoye vie eternelle vient
Actes 19:0;SKN;56-0815;29;VALIDE;chap->v.4: paul bapteme disant quils croient celui lui cest
Ephesiens 4:30;SKN;56-0815;29;VALIDE;nattristez saint esprit dieu lequel avez jour
Hebreux 1:0;SKN;56-0815;30;VALIDE;chap->v.5: jamais fils lui pere lui sera
Jean 5:19;SKN;56-0815;77;EXACT;jesus verite dis fils rien lui meme quil [couverture 9/14]
Actes 19:0;SKN;56-1005;7;VALIDE;chap->v.10: cela pendant deux ans ceux asie parole seigneur
Hebreux 11:0;SKN;56-1005;12;VALIDE;chap->v.40: dieu ayant quelque chose perfection
Actes 19:0;SKN;56-1208;34;VALIDE;chap->v.2: avez recu saint apres cru lui navons meme
Ephesiens 4:30;SKN;56-1208;35;VALIDE;nattristez saint dieu lequel avez jour redemption
Hebreux 13:8;SKN;56-1208;48;VALIDE;jesus christ meme hier aujourdhui eternellement
Hebreux 13:8;SKN;56-1208;63;VALIDE;jesus christ meme hier aujourdhui eternellement
Jean 5:24;SKN;56-1208;51;EXACT;verite dis celui parole croit envoye vie eternelle [couverture 6/14]
Romains 4:0;SKN;56-1208;3;VALIDE;chap->v.12: quil pere ceux ceux foi qua pere
Actes 19:0;SKN;57-0305;58;VALIDE;chap->v.2: avez saint lui navons meme saint
Hebreux 13:8;SKN;57-0305;56;VALIDE;jesus christ meme hier aujourdhui eternellement
Jean 1:0;SKN;57-0305;55;VALIDE;chap->v.30: cest celui moi moi homme avant moi etait
Jean 5:19;SKN;57-0305;54;VALIDE;jesus verite dis fils rien lui meme quil
Actes 19:0;SKN;57-0518;1;VALIDE;chap->v.2: avez apres lui meme
Jean 5:0;SKN;57-0518;43;VALIDE;chap->v.24: verite verite dis celui parole croit celui envoye
Jean 5:19;SKN;57-0518;44;EXACT;jesus verite dis fils rien lui meme quil [couverture 7/14]
Actes 19:0;SKN;57-0728;77;VALIDE;chap->v.15: lesprit malin connais jesus sais paul etes
Jean 5:19;SKN;57-0728;60;EXACT;jesus verite dis fils rien lui meme quil [couverture 12/14]
Psaumes 47:0;SKN;57-0728;39;VALIDE;chap->v.9: dieu terre dieu fort
Psaumes 63:0;SKN;57-0728;28;VALIDE;chap->v.1: dieu dieu cherche jour ame soif toi chair
Romains 8:0;SKN;57-0728;74;VALIDE;chap->v.5: ceux selon ont choses ceux selon choses lesprit
Actes 19:0;SKN;58-0126;14;VALIDE;chap->v.2: avez recu lesprit saint apres cru lui entendu
Psaumes 103:3;SKN;58-0126;52;VALIDE;cest lui tes guerit
Actes 19:0;SKN;58-0209E;3;VALIDE;chap->v.10: cela pendant ceux parole seigneur tant
Jean 3:0;SKN;58-0209E;41;VALIDE;chap->v.19: cest ici lumiere hommes ont lumiere etaient
Jean 5:19;SKN;58-0209E;72;EXACT;jesus verite dis fils rien lui meme quil [couverture 10/14]
Actes 19:0;SKN;58-0316E;96;VALIDE;chap->v.4: paul disant peuple quils celui lui cest
Jean 1:0;SKN;58-0316E;81;VALIDE;chap->v.47: nathanael lui venir quelque chose bon nazareth philippe
Jean 5:19;SKN;58-0316E;78;EXACT;jesus verite dis fils rien lui meme quil [couverture 10/14]
Marc 16:0;SKN;58-0316E;50;VALIDE;chap->v.11: ceux quil etait quil avait
Marc 16:0;SKN;58-0316E;51;VALIDE;chap->v.16: celui cru sera celui cru sera
Actes 19:0;SKN;58-0330A;60;VALIDE;chap->v.2: avez recu saint apres cru saint
Jacques 5:14;SKN;58-0330A;31;VALIDE;malade lui seigneur
Marc 16:0;SKN;58-0330A;22;VALIDE;chap->v.17: ici signes accompagneront ceux auront cru nom chasseront
Marc 16:0;SKN;58-0330A;31;VALIDE;chap->v.18: auront quelque chose cela imposeront mains ceux
Marc 16:0;SKN;58-0330A;36;VALIDE;chap->v.18: quelque chose cela mains ceux
Marc 16:0;SKN;58-0330A;37;VALIDE;chap->v.18: quelque chose cela mains ceux
Marc 16:0;SKN;58-0330A;38;VALIDE;chap->v.17: signes accompagneront ceux auront cru
Marc 16:0;SKN;58-0330A;55;VALIDE;chap->v.6: jesus ressuscite ici
Actes 19:0;SKN;58-0330E;9;VALIDE;chap->v.2: avez saint apres lui meme saint
Jean 14:0;SKN;58-0330E;40;VALIDE;chap->v.10: moi suis moi moi dis dis moi meme
Actes 19:0;SKN;58-1002;61;VALIDE;chap->v.4: paul jean baptise bapteme repentance disant quils celui
Galates 1:8;SKN;58-1002;62;EXACT;ange venu ciel avons quil soit anatheme [couverture 7/11]
Jean 13:0;SKN;58-1002;37;VALIDE;chap->v.19: dis maintenant avant cela arrive afin arrive cest
Luc 24:49;SKN;58-1002;22;VALIDE;voici jenvoie pere ville jusqua soyez revetus puissance
Actes 19:0;SKN;58-1005M;90;VALIDE;chap->v.2: avez recu saint lui meme entendu saint
Galates 1:8;SKN;58-1005M;103;EXACT;ange ciel avons soit anatheme [couverture 5/11]
Jean 5:19;SKN;58-1005M;99;EXACT;jesus verite dis fils rien lui meme chose [couverture 5/14]
Actes 19:0;SKN;59-0415A;33;VALIDE;chap->v.4: paul jean baptise bapteme repentance disant peuple quils
ephesiens 4:30;SKN;59-0415A;66;CORRIGE;annoncé Ephesiens 4:40
Actes 19:0;SKN;59-0424A;47;VALIDE;chap->v.2: avez recu saint apres cru lui meme saint
Ephesiens 4:30;SKN;59-0424A;133;EXACT;nattristez saint esprit dieu lequel avez jour redemption [couverture 8/9]
Jean 5:24;SKN;59-0424A;79;EXACT;celui parole croit envoye vie eternelle vient jugement [couverture 10/14]
Actes 19:0;SKN;59-0424E;18;VALIDE;chap->v.2: avez recu saint apres lui meme saint
Jean 4:0;SKN;59-0424E;82;VALIDE;chap->v.25: femme lui sais sera venu fera connaitre
Jean 17:0;SKN;59-0424E;72;VALIDE;chap->v.3: cest ici vie eternelle quils seul vrai dieu
Actes 19:0;SKN;59-0707;42;VALIDE;chap->v.2: avez recu lesprit saint cru lui meme lesprit
Ephesiens 4:30;SKN;59-0707;43;VALIDE;nattristez saint dieu lequel avez jour redemption
Jean 4:0;SKN;59-0707;55;VALIDE;chap->v.25: femme lui sais messie christ vient sera venu
Jean 5:19;SKN;59-0707;37;EXACT;jesus verite dis fils rien lui meme quil [couverture 5/14]
Jeremie 8:22;SKN;59-0707;12;VALIDE;baume galaad medecin pourquoi fille peuple
Psaumes 103:0;SKN;59-0707;3;VALIDE;chap->v.10: selon nos peches selon nos
Actes 19:0;SKN;59-0708E;4;VALIDE;chap->v.4: paul jean quils croient celui lui cest
Jean 3:16;SKN;59-0708E;2;VALIDE;dieu aime monde quil lui
Jean 5:19;SKN;59-0708E;47;EXACT;jesus verite dis rien lui meme quil chose [couverture 8/14]
Actes 19:0;SKN;59-1220M;65;VALIDE;chap->v.2: avez recu saint cru lui meme entendu saint
Esaie 1:0;SKN;59-1220M;13;VALIDE;chap->v.4: peuple gens mal ont abandonne
Esaie 1:0;SKN;59-1220M;17;VALIDE;chap->v.18: venez plaidons ensemble leternel vos peches cramoisi deviendront
Esaie 9:6;SKN;59-1220M;39;VALIDE;enfant fils donne sera epaule conseiller dieu pere
Hebreux 6:4;SKN;59-1220M;6;VALIDE;ceux ont goute don celeste lesprit saint
Hebreux 10:0;SKN;59-1220M;7;VALIDE;chap->v.33: soit avez soit etes ceux ont ainsi
Psaumes 103:0;SKN;59-1220M;62;VALIDE;chap->v.3: cest lui tes guerit tes
Actes 19:0;SKN;59-1227M;114;VALIDE;chap->v.32: chose autres autre etait etaient
Actes 19:5;SKN;59-1227M;114;PARTIEL;commencé, pas achevé — jesus
Actes 19:0;SKN;60-0403;16;VALIDE;chap->v.10: cela pendant deux seigneur juifs
Deuteronome 32:11;SKN;60-0403;29;EXACT;laigle eveille petits ailes prend porte plumes [couverture 7/11]
Deuteronome 32:11;SKN;60-0403;31;EXACT;laigle eveille dessus petits ailes prend porte plumes [couverture 7/11]
Jean 4:0;SKN;60-0403;191;VALIDE;chap->v.9: femme juif boire moi suis femme juifs nont
Jean 4:0;SKN;60-0403;232;VALIDE;chap->v.29: venez voyez homme jai christ
Actes 19:0;SKN;60-0713;1;VALIDE;chap->v.12: meme corps mouchoirs maladies quittaient esprits malins sortaient
Jean 4:0;SKN;60-0713;101;VALIDE;chap->v.25: femme lui sais messie celui sera venu fera
Jean 5:19;SKN;60-0713;43;EXACT;jesus dis fils rien lui meme chose pere [couverture 5/14]
Actes 19:0;SKN;60-0731;52;VALIDE;chap->v.6: paul impose mains saint vint eux parlerent langues
Apocalypse 1:0;SKN;60-0731;31;VALIDE;chap->v.8: moi suis lalpha lomega seigneur dieu celui etait
Actes 19:0;SKN;60-1113;204;VALIDE;chap->v.2: avez recu saint cru lui meme saint
Deuteronome 30:0;SKN;60-1113;85;VALIDE;chap->v.10: leternel dieu loi leternel dieu
Galates 1:8;SKN;60-1113;207;EXACT;ange ciel avons quil soit anatheme [couverture 6/11]
Genese 1:11;SKN;60-1113;55;EXACT;dieu produise semence selon espece [couverture 5/14]
Hebreux 13:0;SKN;60-1113;81;VALIDE;chap->v.8: jesus meme hier aujourdhui eternellement
Jacques 5:14;SKN;60-1113;240;EXACT;quelquun parmi malade quil appelle anciens prient lui [couverture 10/14]
Actes 19:0;SKN;61-0521;11;VALIDE;chap->v.32: chose autres autre etait etaient
Jean 4:0;SKN;61-0521;88;VALIDE;chap->v.25: femme lui sais messie appele christ fera connaitre
Jean 4:0;SKN;61-0521;90;VALIDE;chap->v.25: femme lui sais messie appele christ sera connaitre
Jean 5:19;SKN;61-0521;80;VALIDE;jesus verite fils lui meme quil chose pere
Jean 14:8;SKN;61-0521;20;VALIDE;philippe lui seigneur montre pere cela suffit
Actes 19:0;SKN;62-0422;171;VALIDE;chap->v.1: apollos etait paul ayant trouve certains
Apocalypse 13:0;SKN;62-0422;183;VALIDE;chap->v.5: lui donne choses lui donne
Apocalypse 13:0;SKN;62-0422;211;VALIDE;chap->v.11: autre bete terre deux cornes semblables agneau parlait
Apocalypse 17:0;SKN;62-0422;183;VALIDE;chap->v.5: nom grande mere
Ephesiens 5:0;SKN;62-0422;113;VALIDE;chap->v.6: cause dieu vient fils
Genese 20:7;SKN;62-0422;39;PARTIEL;commencé, pas achevé — maintenant
Jean 5:7;SKN;62-0422;282;PARTIEL;commencé, pas achevé — nai moi
Jean 5:19;SKN;62-0422;332;EXACT;jesus verite dis fils rien lui meme chose [couverture 7/14]
Jean 13:0;SKN;62-0422;281;VALIDE;chap->v.19: maintenant avant cela arrive afin arrive moi
Luc 24:49;SKN;62-0422;281;EXACT;moi promesse pere ville soyez revetus puissance haut [couverture 7/13]
Malachie 4:0;SKN;62-0422;314;VALIDE;chap->v.5: elie prophete grand jour
Malachie 4:0;SKN;62-0422;321;VALIDE;chap->v.1: jour vient jour vient
Matthieu 27:0;SKN;62-0422;86;VALIDE;chap->v.53: apres resurrection entrerent ville apparurent plusieurs
Psaumes 1:0;SKN;62-0422;102;VALIDE;chap->v.3: sera arbre plante pres fruit feuille
Psaumes 1:0;SKN;62-0422;109;VALIDE;chap->v.3: sera arbre plante pres fruit saison
Actes 19:0;SKN;62-0705;46;VALIDE;chap->v.2: avez recu saint cru lui saint
Exode 19:0;SKN;62-0705;58;VALIDE;chap->v.5: maintenant alliance propre terre moi
Genese 12:0;SKN;62-0705;64;VALIDE;chap->v.4: alla lui avait alla lui etait age ans
Genese 12:0;SKN;62-0705;87;VALIDE;chap->v.4: sen lui avait sen lui
Genese 12:0;SKN;62-0705;90;VALIDE;chap->v.19: femme femme ten
Genese 13:0;SKN;62-0705;97;VALIDE;chap->v.8: lot ait moi toi mes bergers bergers sommes
Genese 13:0;SKN;62-0705;119;VALIDE;chap->v.16: ferai semence sorte semence
Genese 15:0;SKN;62-0705;149;VALIDE;chap->v.5: fit regarde lui sera semence
Jean 5:24;SKN;62-0705;134;EXACT;celui parole croit envoye vie eternelle [couverture 7/14]
Malachie 3:0;SKN;62-0705;56;VALIDE;chap->v.18: alors juste mechant celui dieu celui
Malachie 4:0;SKN;62-0705;55;VALIDE;chap->v.1: jour vient ceux jour vient brulera
Malachie 4:0;SKN;62-0705;57;VALIDE;chap->v.3: mechants cendre jour ferai
Matthieu 11:0;SKN;62-0705;56;VALIDE;chap->v.10: celui ecrit moi messager devant face devant
Actes 19:0;SKN;63-0623E;197;VALIDE;chap->v.4: paul jean baptise bapteme disant celui cest
Actes 19:5;SKN;63-0623E;198;VALIDE;baptises nom seigneur jesus
Esaie 5:0;SKN;63-0623E;116;VALIDE;chap->v.15: lhomme grand sera yeux seront
Galates 1:8;SKN;63-0623E;198;EXACT;ange ciel avons quil soit anatheme [couverture 6/11]
Genese 6:0;SKN;63-0623E;52;VALIDE;chap->v.2: fils dieu filles hommes etaient belles prirent femmes
Genese 6:0;SKN;63-0623E;142;VALIDE;chap->v.9: noe noe etait etait ceux temps noe
Genese 6:12;SKN;63-0623E;140;EXACT;dieu terre etait corrompue chair avait corrompu voie [couverture 7/11]
Jean 14:0;SKN;63-0623E;170;VALIDE;chap->v.3: men vais prepare place aupres moi afin moi
Luc 17:0;SKN;63-0623E;128;VALIDE;chap->v.29: jour lot sodome feu ciel
Luc 17:28;SKN;63-0623E;119;VALIDE;meme jours lot
Matthieu 5:28;SKN;63-0623E;112;EXACT;dis regarde femme commis adultere [couverture 5/10]
Matthieu 22:20;SKN;63-0623E;60;PARTIEL;commencé, pas achevé — image
Matthieu 24:0;SKN;63-0623E;52;VALIDE;chap->v.30: alors signe fils alors terre fils
Actes 19:0;SKN;63-0803B;194;VALIDE;chap->v.2: avez recu saint apres cru navons meme entendu
Esaie 28:19;SKN;63-0803B;184;EXACT;quil matin jour sera [couverture 5/14]
Exode 13:22;SKN;63-0803B;12;EXACT;colonne feu devant peuple [couverture 5/9]
Jean 14:12;SKN;63-0803B;88;EXACT;celui croit moi fera lui fais [couverture 7/14]
Joel 2:28;SKN;63-0803B;184;EXACT;cela repandrai esprit chair vos fils filles prophetiseront [couverture 11/14]
Luc 24:49;SKN;63-0803B;183;VALIDE;voici promesse pere
Luc 24:49;SKN;63-0803B;186;PARTIEL;commencé, pas achevé — voici
Marc 16:0;SKN;63-0803B;92;VALIDE;chap->v.6: lui jesus nest ici voici
Marc 16:0;SKN;63-0803B;209;VALIDE;chap->v.17: accompagneront ceux auront cru demons
Matthieu 5:0;SKN;63-0803B;225;VALIDE;chap->v.3: pauvres esprit cest eux royaume
Actes 19:0;SKN;63-1116B;180;VALIDE;chap->v.2: avez recu saint cru lui entendu saint
Apocalypse 3:0;SKN;63-1116B;87;VALIDE;chap->v.20: porte quelquun quil porte lui lui
Hebreux 4:0;SKN;63-1116B;161;VALIDE;chap->v.12: parole dieu vivante epee deux tranchants jusqua
Luc 24:49;SKN;63-1116B;177;EXACT;voici moi promesse pere ville jusqua soyez revetus [couverture 10/13]
Marc 16:0;SKN;63-1116B;108;VALIDE;chap->v.11: ceux quil etait quil avait
Actes 19:0;SKN;64-0719E;158;VALIDE;chap->v.4: paul baptise bapteme celui lui
Hebreux 13:0;SKN;64-0719E;126;VALIDE;chap->v.12: cest jesus quil sang hors porte
Hebreux 13:8;SKN;64-0719E;126;EXACT;jesus meme hier aujourdhui eternellement [couverture 5/6]
Hebreux 13:10;SKN;64-0719E;23;VALIDE;avons autel ceux tabernacle nont droit manger
Matthieu 17:4;SKN;64-0719E;41;EXACT;pierre jesus bon soyons ici trois tentes moise [couverture 9/14]
Actes 19:0;SKN;64-0719M;234;VALIDE;chap->v.4: paul jean baptise bapteme celui venait
Apocalypse 8:0;SKN;64-0719M;113;VALIDE;chap->v.7: premier sonna trompette grele feu sang jetes terre
Apocalypse 8:7;SKN;64-0719M;108;EXACT;premier sonna trompette grele feu sang terre [couverture 8/14]
Apocalypse 9:0;SKN;64-0719M;164;VALIDE;chap->v.3: terre pouvoir pouvoir terre
Apocalypse 9:1;SKN;64-0719M;156;EXACT;cinquieme trompette etoile tombee terre lui fut [couverture 7/14]
Apocalypse 9:13;SKN;64-0719M;119;VALIDE;sixieme trompette etait dieu
Apocalypse 10:0;SKN;64-0719M;45;VALIDE;chap->v.7: jours septieme ange sera mystere dieu sera bonne
Apocalypse 10:0;SKN;64-0719M;176;VALIDE;chap->v.7: septieme sera trompette mystere dieu sera termine
Apocalypse 10:0;SKN;64-0719M;177;VALIDE;chap->v.7: septieme sera trompette mystere dieu sera termine
Apocalypse 10:0;SKN;64-0719M;191;VALIDE;chap->v.7: septieme ange sera trompette dieu sera
Apocalypse 10:1;SKN;64-0719M;45;PARTIEL;commencé, pas achevé — ange
Apocalypse 10:1;SKN;64-0719M;99;PARTIEL;commencé, pas achevé — vis
Apocalypse 11:0;SKN;64-0719M;191;VALIDE;chap->v.4: ceux deux deux devant seigneur
Apocalypse 11:0;SKN;64-0719M;199;VALIDE;chap->v.15: septieme ange trompette monde seigneur christ
Apocalypse 17:8;SKN;64-0719M;156;EXACT;bete vue etait monter aller perdition ceux terre [couverture 9/14]
Apocalypse 19:0;SKN;64-0719M;151;VALIDE;chap->v.15: deux sort bouche lui fer
Esaie 18:0;SKN;64-0719M;17;VALIDE;chap->v.3: sera voyez trompette
Esaie 27:0;SKN;64-0719M;17;VALIDE;chap->v.3: moi moment visite
Esaie 27:12;SKN;64-0719M;23;EXACT;jour depuis fleuve torrent serez [couverture 5/14]
Esaie 27:12;SKN;64-0719M;208;PARTIEL;commencé, pas achevé — fils
Ezechiel 9:0;SKN;64-0719M;152;VALIDE;chap->v.4: lui milieu ville milieu marque hommes soupirent gemissent
Genese 1:0;SKN;64-0719M;76;VALIDE;chap->v.31: dieu avait cela etait bon soir jour
Hebreux 1:0;SKN;64-0719M;64;VALIDE;chap->v.1: dieu plusieurs reprises plusieurs manieres parle peres prophetes
Hebreux 4:0;SKN;64-0719M;177;VALIDE;chap->v.4: septieme dieu septieme
Hebreux 4:12;SKN;64-0719M;62;EXACT;parole dieu epee deux tranchants [couverture 5/14]
Hebreux 13:8;SKN;64-0719M;62;PARTIEL;commencé, pas achevé — jesus meme
Hebreux 13:8;SKN;64-0719M;87;VALIDE;christ meme hier eternellement
Hebreux 13:8;SKN;64-0719M;177;VALIDE;christ meme hier eternellement
Jean 5:24;SKN;64-0719M;231;EXACT;celui parole croit envoye vie eternelle vient jugement [couverture 10/14]
Levitique 12:0;SKN;64-0719M;114;VALIDE;chap->v.4: jours sang chose jours
Levitique 16:0;SKN;64-0719M;114;VALIDE;chap->v.15: peuple sang fera sang sang fera
Levitique 16:0;SKN;64-0719M;181;VALIDE;chap->v.6: peche meme meme maison
Levitique 16:0;SKN;64-0719M;187;VALIDE;chap->v.2: dis frere temps saint dedans devant
Levitique 23:0;SKN;64-0719M;114;VALIDE;chap->v.39: jour septieme terre fete pendant sept jours
Levitique 23:0;SKN;64-0719M;163;VALIDE;chap->v.3: six jours septieme jour sabbat repos sainte convocation
Levitique 23:0;SKN;64-0719M;179;VALIDE;chap->v.34: fils septieme mois fete pendant sept
Levitique 23:0;SKN;64-0719M;187;VALIDE;chap->v.2: parle fils dis jours mes jours
Levitique 23:26;SKN;64-0719M;181;PARTIEL;commencé, pas achevé — moise
Luc 17:0;SKN;64-0719M;68;VALIDE;chap->v.26: arriva jours sera jours fils
Luc 17:0;SKN;64-0719M;73;VALIDE;chap->v.26: arriva jours jours fils
Luc 17:30;SKN;64-0719M;177;VALIDE;sera meme fils
Luc 17:33;SKN;64-0719M;68;PARTIEL;commencé, pas achevé — vie
Luc 17:33;SKN;64-0719M;172;PARTIEL;commencé, pas achevé — vie
Luc 22:0;SKN;64-0719M;177;VALIDE;chap->v.18: dis fruit dieu soit venu
Malachie 3:0;SKN;64-0719M;48;VALIDE;chap->v.1: messager chemin devant moi viendra
Malachie 3:0;SKN;64-0719M;57;VALIDE;chap->v.15: maintenant ceux meme meme dieu
Malachie 4:0;SKN;64-0719M;47;VALIDE;chap->v.5: elie prophete jour
Malachie 4:0;SKN;64-0719M;65;VALIDE;chap->v.5: elie prophete avant jour
Malachie 4:0;SKN;64-0719M;67;VALIDE;chap->v.5: elie prophete avant jour
Malachie 4:0;SKN;64-0719M;87;VALIDE;chap->v.1: jour ceux jour
Malachie 4:0;SKN;64-0719M;177;VALIDE;chap->v.6: fera fils fils
Malachie 4:0;SKN;64-0719M;204;VALIDE;chap->v.5: elie prophete avant jour
Malachie 4:0;SKN;64-0719M;212;VALIDE;chap->v.1: voici vient ceux vient
Actes 19:0;SKN;65-0725M;277;VALIDE;chap->v.17: cela ceux furent nom seigneur jesus
Apocalypse 10:0;SKN;65-0725M;130;VALIDE;chap->v.7: jours septieme ange sera mystere dieu sera termine
Apocalypse 10:0;SKN;65-0725M;261;VALIDE;chap->v.7: jours voix septieme ange sera mystere sera termine
Apocalypse 10:1;SKN;65-0725M;260;PARTIEL;commencé, pas achevé — autre ange
Apocalypse 16:13;SKN;65-0725M;236;EXACT;bouche trois esprits grenouilles [couverture 6/13]
Apocalypse 16:13;SKN;65-0725M;238;EXACT;sortir bouche trois esprits grenouilles [couverture 7/13]
Ephesiens 5:1;SKN;65-0725M;160;PARTIEL;commencé, pas achevé — dieu
Hebreux 6:0;SKN;65-0725M;31;VALIDE;chap->v.4: impossible ceux ont fois eclaires ont goute don
Jean 14:12;SKN;65-0725M;50;VALIDE;dis celui croit moi fera lui uvres fais
Jean 14:12;SKN;65-0725M;51;EXACT;dis celui croit moi fera lui uvres fais [couverture 10/14]
Luc 17:30;SKN;65-0725M;259;EXACT;sera meme jour fils manifeste [couverture 5/7]
Luc 18:0;SKN;65-0725M;129;VALIDE;chap->v.4: temps cela lui meme quoique craigne dieu hommes
Malachie 4:0;SKN;65-0725M;130;VALIDE;chap->v.6: fera peres fils fils peres vienne
Malachie 4:0;SKN;65-0725M;259;VALIDE;chap->v.4: souvenez loi moise lui
Matthieu 5:24;SKN;65-0725M;32;PARTIEL;commencé, pas achevé — don
Matthieu 7:21;SKN;65-0725M;192;EXACT;ceux disent seigneur royaume cieux celui volonte pere [couverture 10/11]
Matthieu 24:0;SKN;65-0725M;23;VALIDE;chap->v.2: lui voyez choses verite ici
Matthieu 24:0;SKN;65-0725M;44;VALIDE;chap->v.2: lui voyez choses verite sera ici soit
Matthieu 24:0;SKN;65-0725M;168;VALIDE;chap->v.24: faux christs faux prophetes prodiges meme elus
Matthieu 24:24;SKN;65-0725M;46;VALIDE;faux christs prophetes meme elus
Matthieu 24:24;SKN;65-0725M;49;PARTIEL;commencé, pas achevé — faux meme
Matthieu 24:24;SKN;65-0725M;70;VALIDE;faux possible meme elus
Matthieu 24:24;SKN;65-0725M;156;VALIDE;faux christs prophetes seduire meme
Matthieu 24:24;SKN;65-0725M;192;PARTIEL;commencé, pas achevé — prophetes meme
Matthieu 24:24;SKN;65-0725M;212;VALIDE;possible meme elus
Matthieu 24:24;SKN;65-0725M;230;VALIDE;faux christs prophetes prodiges possible meme elus
Matthieu 24:24;SKN;65-0725M;231;EXACT;faux christs prophetes prodiges possible meme elus [couverture 7/14]
Matthieu 24:24;SKN;65-0725M;255;VALIDE;faux christs prophetes prodiges seduire meme elus
Matthieu 24:24;SKN;65-0725M;256;VALIDE;faux christs prophetes prodiges seduire meme elus
Matthieu 24:24;SKN;65-0725M;257;EXACT;faux christs prophetes prodiges seduire meme elus [couverture 8/14]
Matthieu 24:24;SKN;65-0725M;258;EXACT;faux christs prophetes prodiges seduire meme elus [couverture 8/14]
Matthieu 24:24;SKN;65-0725M;262;PARTIEL;commencé, pas achevé — prophetes meme
Matthieu 24:28;SKN;65-0725M;212;VALIDE;soit mort aigles
Actes 19:0;VGR;51-0923;191;VALIDE;chap->v.15: connais jesus sais paul etes
Hebreux 3:0;VGR;51-0923;81;VALIDE;chap->v.1: cest souverain sacrificateur confession jesus
Jean 14:7;VGR;51-0923;116;PARTIEL;commencé, pas achevé — pere maintenant
Psaumes 103:3;VGR;51-0923;64;EXACT;cest lui pardonne tes iniquites guerit [couverture 7/8]
Actes 19:0;VGR;52-0900;172;VALIDE;chap->v.2: avez recu saint apres cru meme saint
Esaie 35:0;VGR;52-0900;7;VALIDE;chap->v.2: fleurira sera lallegresse lallegresse gloire liban lui sera
Jean 11:0;VGR;52-0900;148;VALIDE;chap->v.6: quil lazare etait etait
Marc 11:24;VGR;52-0900;190;EXACT;cest demanderez priant croyez recevez sera [couverture 6/8]
Actes 19:0;VGR;53-0608A;52;VALIDE;chap->v.2: avez lui navons meme
Jean 5:7;VGR;53-0608A;57;VALIDE;lui seigneur nai leau
Psaumes 103:1;VGR;53-0608A;12;EXACT;ame benis leternel moi benisse saint nom [couverture 7/8]
Actes 19:0;VGR;53-0729;198;VALIDE;chap->v.1: apollos etait paul apres traverse contrees
Apocalypse 11:0;VGR;53-0729;224;VALIDE;chap->v.11: apres trois jours demi vie pieds
Ephesiens 1:0;VGR;53-0729;58;VALIDE;chap->v.3: beni soit dieu pere seigneur jesus christ benis
Ephesiens 4:30;VGR;53-0729;138;EXACT;nattristez saint esprit dieu lequel avez scelles jour [couverture 9/9]
Esaie 28:0;VGR;53-0729;139;VALIDE;chap->v.12: cest ici repos faites cest ici
Esaie 28:0;VGR;53-0729;165;VALIDE;chap->v.12: avait cest ici repos cest ici
Galates 1:8;VGR;53-0729;163;EXACT;ange ciel quil soit anatheme [couverture 5/11]
Genese 1:0;VGR;53-0729;42;VALIDE;chap->v.2: terre etait vide avait labime lesprit dieu eaux
Genese 1:26;VGR;53-0729;9;VALIDE;dieu selon terre
Genese 1:26;VGR;53-0729;10;VALIDE;dieu faisons image selon ressemblance quils dominent poissons
Genese 1:26;VGR;53-0729;12;EXACT;dieu faisons homme image selon ressemblance quils dominent [couverture 14/14]
Genese 1:26;VGR;53-0729;14;EXACT;dieu faisons homme image selon ressemblance quils dominent [couverture 14/14]
Genese 1:26;VGR;53-0729;15;EXACT;dieu faisons homme image selon ressemblance quils dominent [couverture 10/14]
Genese 1:26;VGR;53-0729;48;EXACT;dieu faisons homme image selon ressemblance terre [couverture 7/14]
Genese 1:26;VGR;53-0729;54;VALIDE;dieu image quils terre
Genese 1:26;VGR;53-0729;78;VALIDE;dieu homme quils terre
Genese 2:0;VGR;53-0729;46;VALIDE;chap->v.7: dieu forma lhomme poussiere sol vie lhomme ame
Genese 2:0;VGR;53-0729;93;VALIDE;chap->v.18: leternel dieu nest bon lhomme soit seul lui
Genese 2:7;VGR;53-0729;9;EXACT;dieu forma lhomme poussiere souffla narines [couverture 7/14]
Genese 2:7;VGR;53-0729;10;EXACT;dieu forma lhomme poussiere souffla narines [couverture 7/14]
Genese 2:7;VGR;53-0729;13;EXACT;dieu forma lhomme poussiere souffla narines vie devint [couverture 9/14]
Genese 2:7;VGR;53-0729;14;EXACT;dieu forma lhomme poussiere souffla narines vie devint [couverture 9/14]
Genese 2:7;VGR;53-0729;46;EXACT;dieu forma lhomme poussiere sol vie ame vivante [couverture 9/14]
Genese 2:7;VGR;53-0729;78;EXACT;dieu forma lhomme poussiere souffla narines vie [couverture 7/14]
Genese 2:18-21;VGR;53-0729;93;EXACT;leternel dieu nest bon lhomme soit seul lui [couverture 5/12]
Genese 2:18-21;VGR;53-0729;94;EXACT;leternel dieu nest bon lhomme soit seul lui [couverture 11/12]
Genese 3:0;VGR;53-0729;13;VALIDE;chap->v.22: dieu voici lhomme mal maintenant quil main
Genese 5:0;VGR;53-0729;26;VALIDE;chap->v.1: cest ici dieu crea dieu
Genese 7:0;VGR;53-0729;37;VALIDE;chap->v.4: terre pendant terre existe
Genese 9:0;VGR;53-0729;49;VALIDE;chap->v.5: main main lhomme main
Genese 11:0;VGR;53-0729;62;VALIDE;chap->v.6: voici cest ont commence
Genese 13:0;VGR;53-0729;74;VALIDE;chap->v.1: lui femme etait lui lui
Genese 15:0;VGR;53-0729;87;VALIDE;chap->v.9: trois ans trois ans trois ans
Genese 17:0;VGR;53-0729;96;VALIDE;chap->v.1: etait leternel lui dieu
Genese 19:0;VGR;53-0729;109;VALIDE;chap->v.11: etaient petit grand quils chercher
Genese 21:0;VGR;53-0729;121;VALIDE;chap->v.3: nom lui etait lui avait
Genese 23:0;VGR;53-0729;131;VALIDE;chap->v.9: quil donne quil donne
Genese 25:0;VGR;53-0729;144;VALIDE;chap->v.30: laisse moi cest
Genese 29:0;VGR;53-0729;165;VALIDE;chap->v.12: quil etait frere pere quil etait pere
Genese 31:0;VGR;53-0729;179;VALIDE;chap->v.16: dieu nos dieu
Genese 33:0;VGR;53-0729;199;VALIDE;chap->v.17: alla cest nom
Genese 35:0;VGR;53-0729;217;VALIDE;chap->v.10: dieu lui nom nom sera sera nom nom
Genese 37:0;VGR;53-0729;228;VALIDE;chap->v.3: fils parce quil etait lui fils lui
Genese 39:0;VGR;53-0729;240;VALIDE;chap->v.6: laissa lui lui chose quil
Genese 41:0;VGR;53-0729;254;VALIDE;chap->v.35: quils quils ble main quils
Genese 43:0;VGR;53-0729;271;VALIDE;chap->v.14: dieu devant quil autre frere moi
Genese 45:0;VGR;53-0729;281;VALIDE;chap->v.5: maintenant vendu ici cest vie dieu envoye
Hebreux 4:0;VGR;53-0729;152;VALIDE;chap->v.2: avons ceux parole servit rien netant foi ceux
Hebreux 9:0;VGR;53-0729;151;VALIDE;chap->v.11: venu biens venir main cest
Jacques 5:14;VGR;53-0729;263;PARTIEL;commencé, pas achevé — dhuile
Jean 1:0;VGR;53-0729;32;VALIDE;chap->v.1: commencement etait parole parole etait dieu parole etait
Jean 5:7;VGR;53-0729;257;PARTIEL;commencé, pas achevé — leau
Jean 17:17;VGR;53-0729;277;EXACT;sanctifie verite parole [couverture 4/4]
Matthieu 10:0;VGR;53-0729;279;VALIDE;chap->v.25: quil soit quil soit seigneur ont appele
Matthieu 24:0;VGR;53-0729;241;VALIDE;chap->v.29: apres tribulation soleil obscurci lune donnera lumiere etoiles
Matthieu 24:0;VGR;53-0729;281;VALIDE;chap->v.21: alors telle quil monde jusqua maintenant quil
Matthieu 24:29;VGR;53-0729;240;EXACT;apres tribulation soleil lune donnera lumiere etoiles tomberont [couverture 9/14]
Zacharie 4:0;VGR;53-0729;263;VALIDE;chap->v.6: cest ici puissance
Actes 19:0;VGR;58-1005M;175;VALIDE;chap->v.4: paul jean baptise quils cest
Galates 1:8;VGR;58-1005M;218;EXACT;ange ciel quil soit anatheme [couverture 5/11]
Jean 5:19;VGR;58-1005M;212;EXACT;jesus verite dis fils rien lui meme quil [couverture 12/14]
Actes 19:0;VGR;59-0628E;45;VALIDE;chap->v.4: paul jean bapteme repentance celui apres lui cest
Actes 19:0;VGR;59-0628E;146;VALIDE;chap->v.2: avez recu saint apres cru navons saint
Apocalypse 12:0;VGR;59-0628E;75;VALIDE;chap->v.12: cest rejouissez cieux terre diable descendu
Apocalypse 13:8;VGR;59-0628E;165;EXACT;ceux terre nom ecrit fondation monde livre vie [couverture 11/14]
Apocalypse 13:8;VGR;59-0628E;166;EXACT;ceux terre nom ecrit fondation monde livre vie [couverture 11/14]
Ephesiens 1:4;VGR;59-0628E;165;EXACT;selon quil elus lui avant fondation monde soyons [couverture 11/13]
Ephesiens 4:30;VGR;59-0628E;123;EXACT;nattristez saint esprit dieu lequel avez scelles jour [couverture 9/9]
Esaie 14:12;VGR;59-0628E;66;VALIDE;comment tombe astre brillant fils laurore abattu terre
Ezechiel 28:12;VGR;59-0628E;74;PARTIEL;commencé, pas achevé — lui seigneur
Ezechiel 28:12;VGR;59-0628E;85;EXACT;fils complainte roi tyr lui ainsi seigneur leternel [couverture 9/14]
Galates 1:8;VGR;59-0628E;157;VALIDE;ange ciel quil soit anatheme
Genese 3:8;VGR;59-0628E;173;VALIDE;dieu jour lhomme femme
Genese 4:1;VGR;59-0628E;172;VALIDE;lhomme connut eve femme concut enfanta cain jai
Hebreux 10:0;VGR;59-0628E;137;VALIDE;chap->v.33: soit avez soit etes ceux ont
Jean 3:0;VGR;59-0628E;129;VALIDE;chap->v.19: cest ici jugement hommes ont
Jean 5:0;VGR;59-0628E;47;VALIDE;chap->v.24: verite verite dis celui parole croit celui envoye
Jean 5:0;VGR;59-0628E;188;VALIDE;chap->v.19: jesus verite verite dis fils lui meme quil
Jean 5:16;VGR;59-0628E;188;VALIDE;cela jesus parce quil avait
Jean 5:18;VGR;59-0628E;182;VALIDE;cause parce quil dieu
Jean 14:12;VGR;59-0628E;171;VALIDE;verite dis celui croit moi fera lui uvres
Jean 17:17;VGR;59-0628E;44;EXACT;sanctifie verite parole [couverture 4/4]
Luc 10:18;VGR;59-0628E;68;VALIDE;voyais satan ciel eclair
Marc 16:0;VGR;59-0628E;92;VALIDE;chap->v.17: ici signes accompagneront ceux auront cru nom chasseront
Matthieu 1:18;VGR;59-0628E;150;EXACT;naissance jesus christ arriva mere marie fiancee joseph [couverture 6/14]
Matthieu 7:6;VGR;59-0628E;41;EXACT;donnez saint chiens jetez vos perles devant pourceaux [couverture 13/14]
Matthieu 7:21-23;VGR;59-0628E;155;VALIDE;ceux disent seigneur entreront royaume cieux volonte pere
Matthieu 19:9;VGR;59-0628E;183;EXACT;quiconque repudiera femme cause fornication epousera autre commet [couverture 11/14]
Matthieu 19:9;VGR;59-0628E;184;EXACT;dis quiconque repudiera femme cause fornication epousera autre [couverture 11/14]
Matthieu 25:1;VGR;59-0628E;103;EXACT;dix vierges lampes rencontre lepoux [couverture 5/13]
Matthieu 28:19;VGR;59-0628E;142;EXACT;allez faites disciples nations baptisant nom pere fils [couverture 10/10]
Matthieu 28:19;VGR;59-0628E;150;EXACT;allez disciples nom pere fils saint esprit [couverture 6/10]
Romains 4:0;VGR;59-0628E;45;VALIDE;chap->v.3: lecriture abraham crut dieu cela lui fut justice
Romains 4:8;VGR;59-0628E;183;VALIDE;lhomme seigneur peche
Romains 8:0;VGR;59-0628E;119;VALIDE;chap->v.3: etait quelle etait dieu envoye propre
Actes 19:0;VGR;60-1113;240;VALIDE;chap->v.3: quel bapteme avez baptises bapteme jean
Deuteronome 30:0;VGR;60-1113;109;VALIDE;chap->v.3: leternel dieu nouveau dentre leternel
Galates 1:8;VGR;60-1113;245;EXACT;ange ciel quil soit anatheme [couverture 5/11]
Genese 1:11;VGR;60-1113;74;EXACT;dieu produise semence selon espece [couverture 5/14]
Hebreux 13:0;VGR;60-1113;106;VALIDE;chap->v.8: jesus christ meme hier aujourdhui eternellement
Jacques 5:14;VGR;60-1113;294;EXACT;quelquun parmi malade quil appelle anciens prient lui [couverture 10/14]
Actes 19:0;VGR;62-0422;258;VALIDE;chap->v.4: paul jean baptise bapteme disant quils apres lui
Apocalypse 13:0;VGR;62-0422;331;VALIDE;chap->v.11: autre bete avait deux cornes agneau dragon
Apocalypse 17:0;VGR;62-0422;280;VALIDE;chap->v.13: ont meme donnent
Ephesiens 5:1;VGR;62-0422;167;PARTIEL;commencé, pas achevé — dieu enfants
Genese 20:0;VGR;62-0422;79;VALIDE;chap->v.7: maintenant rends femme homme prophete priera toi vivras
Genese 20:7;VGR;62-0422;69;PARTIEL;commencé, pas achevé — maintenant
Jean 5:7;VGR;62-0422;467;VALIDE;lui nai leau moi
Jean 5:19;VGR;62-0422;544;EXACT;jesus verite dis fils rien lui meme quil [couverture 11/14]
Jean 13:0;VGR;62-0422;463;VALIDE;chap->v.3: jesus pere lui quil venu
Luc 24:49;VGR;62-0422;464;EXACT;pere ville jusqua soyez revetus puissance den haut [couverture 8/13]
Malachie 4:0;VGR;62-0422;508;VALIDE;chap->v.5: elie prophete grand jour
Malachie 4:0;VGR;62-0422;517;VALIDE;chap->v.1: jour vient jour vient
Matthieu 27:0;VGR;62-0422;125;VALIDE;chap->v.54: ceux lui jesus terre venait eurent
Psaumes 1:0;VGR;62-0422;164;VALIDE;chap->v.3: sera arbre plante pres fruit saison quil
Actes 19:0;VGR;63-0623E;197;VALIDE;chap->v.4: paul jean baptise bapteme quils celui apres cest
Actes 19:5;VGR;63-0623E;198;EXACT;ayant baptises nom seigneur jesus [couverture 5/8]
Esaie 5:0;VGR;63-0623E;116;VALIDE;chap->v.16: leternel sera dieu saint sera
Galates 1:8;VGR;63-0623E;198;EXACT;ange ciel avons quil soit anatheme [couverture 6/11]
Genese 6:0;VGR;63-0623E;52;VALIDE;chap->v.2: fils dieu filles hommes etaient belles prirent femmes
Genese 6:0;VGR;63-0623E;143;VALIDE;chap->v.9: noe noe etait homme etait ceux temps noe
Genese 6:12;VGR;63-0623E;140;EXACT;dieu terre etait corrompue chair avait corrompu voie [couverture 8/11]
Jean 14:0;VGR;63-0623E;170;VALIDE;chap->v.10: moi suis pere pere moi moi dis dis
Luc 17:0;VGR;63-0623E;128;VALIDE;chap->v.15: eux quil etait gueri dieu
Luc 17:28;VGR;63-0623E;119;VALIDE;meme jours lot
Matthieu 5:28;VGR;63-0623E;112;VALIDE;regarde femme commis adultere
Matthieu 24:0;VGR;63-0623E;52;VALIDE;chap->v.30: alors signe fils alors terre fils
Actes 19:0;VGR;63-0803B;194;VALIDE;chap->v.2: avez recu saint apres cru saint
Esaie 28:19;VGR;63-0803B;184;EXACT;quil matin jour sera [couverture 5/14]
Exode 13:22;VGR;63-0803B;12;EXACT;colonne feu devant peuple [couverture 5/9]
Jean 14:12;VGR;63-0803B;88;EXACT;dis celui croit moi fera lui uvres fais [couverture 10/14]
Joel 2:28;VGR;63-0803B;184;EXACT;cela repandrai esprit chair vos fils filles prophetiseront [couverture 11/14]
Luc 24:49;VGR;63-0803B;183;VALIDE;voici promesse pere den
Luc 24:49;VGR;63-0803B;186;PARTIEL;commencé, pas achevé — voici
Marc 16:0;VGR;63-0803B;92;VALIDE;chap->v.17: ici signes accompagneront ceux auront cru
Marc 16:0;VGR;63-0803B;209;VALIDE;chap->v.6: lui jesus nest voici
Matthieu 5:0;VGR;63-0803B;225;VALIDE;chap->v.22: moi dis met contre frere sera frere
Actes 19:0;VGR;64-0719E;158;VALIDE;chap->v.4: paul baptise bapteme celui apres lui
Hebreux 13:10;VGR;64-0719E;23;VALIDE;avons autel ceux tabernacle nont droit manger
Hebreux 13:12;VGR;64-0719E;126;VALIDE;cest jesus quil sang hors porte
Matthieu 17:4;VGR;64-0719E;41;EXACT;pierre jesus bon soyons ici trois tentes moise [couverture 9/14]
Actes 19:0;VGR;64-0719M;322;VALIDE;chap->v.4: paul jean baptise bapteme quils celui venait cest
Apocalypse 8:0;VGR;64-0719M;150;VALIDE;chap->v.7: premier trompette grele feu sang terre terre
Apocalypse 8:7;VGR;64-0719M;144;EXACT;premier sonna trompette grele feu sang terre [couverture 8/14]
Apocalypse 9:0;VGR;64-0719M;226;VALIDE;chap->v.3: terre pouvoir pouvoir terre
Apocalypse 9:1;VGR;64-0719M;212;EXACT;cinquieme trompette etoile tombee terre labime lui fut [couverture 8/14]
Apocalypse 9:13;VGR;64-0719M;159;VALIDE;sixieme trompette dieu
Apocalypse 10:0;VGR;64-0719M;58;VALIDE;chap->v.7: jours septieme ange mystere dieu bonne
Apocalypse 10:0;VGR;64-0719M;245;VALIDE;chap->v.7: septieme sera trompette mystere dieu sera termine
Apocalypse 10:0;VGR;64-0719M;264;VALIDE;chap->v.7: septieme ange sera trompette dieu sera
Apocalypse 10:1;VGR;64-0719M;58;PARTIEL;commencé, pas achevé — ange
Apocalypse 11:0;VGR;64-0719M;274;VALIDE;chap->v.15: septieme ange trompette monde seigneur christ
Apocalypse 17:8;VGR;64-0719M;213;EXACT;bete vue etait nest monter labime aller perdition [couverture 11/14]
Apocalypse 19:0;VGR;64-0719M;206;VALIDE;chap->v.15: deux sort bouche quil fer
Esaie 18:0;VGR;64-0719M;21;VALIDE;chap->v.3: sera voyez trompette
Esaie 27:12;VGR;64-0719M;30;EXACT;jour leternel depuis fleuve jusquau torrent degypte serez [couverture 8/14]
Esaie 27:12;VGR;64-0719M;283;PARTIEL;commencé, pas achevé — jour
Genese 1:0;VGR;64-0719M;94;VALIDE;chap->v.31: dieu quil avait etait bon soir jour
Hebreux 1:0;VGR;64-0719M;82;VALIDE;chap->v.1: dieu plusieurs reprises plusieurs manieres parle peres prophetes
Hebreux 4:12;VGR;64-0719M;77;VALIDE;parole dieu deux
Hebreux 4:12;VGR;64-0719M;245;VALIDE;parole dieu deux
Hebreux 13:8;VGR;64-0719M;77;PARTIEL;commencé, pas achevé — jesus meme
Hebreux 13:8;VGR;64-0719M;107;EXACT;jesus christ meme hier aujourdhui [couverture 5/6]
Jean 5:24;VGR;64-0719M;319;EXACT;celui parole croit envoye vie eternelle vient jugement [couverture 10/14]
Levitique 12:0;VGR;64-0719M;151;VALIDE;chap->v.2: parle disrael sept jours
Levitique 16:0;VGR;64-0719M;151;VALIDE;chap->v.14: sang fera fera sang sept
Levitique 16:0;VGR;64-0719M;252;VALIDE;chap->v.6: peche meme meme maison
Levitique 16:0;VGR;64-0719M;260;VALIDE;chap->v.2: dis frere quil temps saint devant
Levitique 23:0;VGR;64-0719M;151;VALIDE;chap->v.41: fete fete sept jours chaque annee cest
Levitique 23:0;VGR;64-0719M;220;VALIDE;chap->v.27: meme dixieme jour septieme mois cest jour sera
Levitique 23:0;VGR;64-0719M;260;VALIDE;chap->v.28: meme jour cest jour devant dieu
Luc 17:30;VGR;64-0719M;247;CORRIGE;annoncé Levitique 23:26
Levitique 23:26;VGR;64-0719M;252;PARTIEL;commencé, pas achevé — moise
Luc 17:0;VGR;64-0719M;86;VALIDE;chap->v.26: arriva jours sera jours fils lhomme
Luc 17:0;VGR;64-0719M;91;VALIDE;chap->v.15: dentre eux quil etait dieu
Luc 17:30;VGR;64-0719M;245;VALIDE;sera meme fils
Luc 17:33;VGR;64-0719M;86;PARTIEL;commencé, pas achevé — vie
Luc 22:0;VGR;64-0719M;245;VALIDE;chap->v.37: dis quil ceci ecrit soit moi
Malachie 3:0;VGR;64-0719M;62;VALIDE;chap->v.1: voici jenvoie messager chemin devant viendra
Malachie 3:0;VGR;64-0719M;71;VALIDE;chap->v.16: alors ceux ont lun lautre ecrit
Malachie 4:0;VGR;64-0719M;60;VALIDE;chap->v.1: voici jour jour
Malachie 4:0;VGR;64-0719M;62;VALIDE;chap->v.1: voici jour jour
Malachie 4:0;VGR;64-0719M;83;VALIDE;chap->v.5: elie prophete avant jour
Malachie 4:0;VGR;64-0719M;85;VALIDE;chap->v.5: elie prophete avant jour
Malachie 4:0;VGR;64-0719M;107;VALIDE;chap->v.1: jour ceux jour
Malachie 4:0;VGR;64-0719M;245;VALIDE;chap->v.4: souvenez lui israel
Malachie 4:0;VGR;64-0719M;278;VALIDE;chap->v.5: elie prophete avant jour
Malachie 4:0;VGR;64-0719M;290;VALIDE;chap->v.1: voici vient ceux vient
Actes 19:5;SKN;58-0928M;135;EXACT;furent baptises nom seigneur jesus [couverture 5/8]
Apocalypse 3:0;SKN;58-0928M;115;VALIDE;chap->v.8: connais voici mis devant toi porte ouverte
Apocalypse 13:8;SKN;58-0928M;48;EXACT;ceux terre nom ecrit fondation monde livre vie [couverture 9/14]
Apocalypse 13:8;SKN;58-0928M;52;VALIDE;fondation monde immole lui
Apocalypse 17:0;SKN;58-0928M;30;VALIDE;chap->v.2: laquelle rois terre ont fornication terre ont vin
Apocalypse 17:0;SKN;58-0928M;48;VALIDE;chap->v.2: laquelle terre ceux terre
Apocalypse 17:8;SKN;58-0928M;57;EXACT;bete vue etait monter aller perdition ceux terre [couverture 9/14]
Ephesiens 1:0;SKN;58-0928M;151;VALIDE;chap->v.3: beni soit dieu pere seigneur jesus christ benis
Ephesiens 5:1;SKN;58-0928M;164;PARTIEL;commencé, pas achevé — dieu
Galates 1:8;SKN;58-0928M;137;VALIDE;ange ciel avons soit
Jean 5:24;SKN;58-0928M;58;EXACT;dis celui parole croit envoye vie eternelle vient [couverture 10/14]
Jean 14:8;SKN;58-0928M;94;VALIDE;lui montre pere cela
Matthieu 28:19;SKN;58-0928M;109;EXACT;faites disciples nations baptisant nom pere fils saint [couverture 8/10]
Matthieu 28:19;SKN;58-0928M;128;PARTIEL;commencé, pas achevé — nom saint
Actes 19:5;SKN;60-1209;76;VALIDE;baptises nom jesus
Apocalypse 13:0;SKN;60-1209;57;VALIDE;chap->v.7: donne saints donne langue
Apocalypse 17:0;SKN;60-1209;151;VALIDE;chap->v.17: dieu mis seule meme donner bete
Galates 1:8;SKN;60-1209;75;VALIDE;ange ciel avons soit anatheme
Hebreux 13:12;SKN;60-1209;119;EXACT;jesus afin sanctifie peuple propre sang souffert hors [couverture 9/12]
Luc 24:49;SKN;60-1209;119;VALIDE;ville soyez revetus puissance
Marc 16:0;SKN;60-1209;149;VALIDE;chap->v.17: ici signes ceux cru nom langues
Romains 5:1;SKN;60-1209;119;EXACT;justifies foi avons paix dieu seigneur jesus [couverture 7/10]
Actes 19:5;SKN;61-0415E;78;VALIDE;entendu nom seigneur jesus
Apocalypse 13:0;SKN;61-0415E;44;VALIDE;chap->v.7: lui fut donne lui fut donne peuple nation
Hebreux 13:8;SKN;61-0415E;79;VALIDE;jesus christ meme hier aujourdhui eternellement
Jean 5:24;SKN;61-0415E;73;EXACT;verite dis celui parole croit envoye vie eternelle [couverture 6/14]
Jean 14:7;SKN;61-0415E;75;PARTIEL;commencé, pas achevé — pere maintenant
Actes 19:5;SKN;63-1124M;140;EXACT;choses baptises nom seigneur jesus [couverture 5/8]
Apocalypse 13:0;SKN;63-1124M;92;VALIDE;chap->v.3: mort plaie mortelle avait terre etait bete
Apocalypse 13:8;SKN;63-1124M;90;VALIDE;ecrit monde vie
Apocalypse 17:0;SKN;63-1124M;95;VALIDE;chap->v.8: bete etait ceux terre noms ecrits fondation
Apocalypse 17:0;SKN;63-1124M;97;VALIDE;chap->v.8: bete etait ceux terre noms ecrits fondation
Ephesiens 4:30;SKN;63-1124M;103;EXACT;saint dieu lequel avez jour redemption [couverture 6/9]
Esaie 9:6;SKN;63-1124M;84;VALIDE;enfant fils donne sera merveilleux conseiller dieu pere
Galates 1:8;SKN;63-1124M;140;VALIDE;ange ciel soit anatheme
Hebreux 10:0;SKN;63-1124M;208;VALIDE;chap->v.26: pechons volontairement apres recu connaissance verite reste sacrifice
Hebreux 13:8;SKN;63-1124M;172;VALIDE;jesus meme hier eternellement
Jean 5:24;SKN;63-1124M;218;VALIDE;celui entend parole croit envoye vie eternelle vient
Malachie 4:0;SKN;63-1124M;86;VALIDE;chap->v.5: prophete vienne grand jour
Malachie 4:0;SKN;63-1124M;146;VALIDE;chap->v.5: envoie grand jour
Malachie 4:0;SKN;63-1124M;189;VALIDE;chap->v.3: mechants cendre jour ferai
Matthieu 27:0;SKN;63-1124M;39;VALIDE;chap->v.58: celui etant pilate demanda corps jesus alors pilate
Actes 19:5;VGR;60-1209;75;VALIDE;baptises nom jesus
Apocalypse 13:0;VGR;60-1209;56;VALIDE;chap->v.4: parce quil avait donne
Apocalypse 17:0;VGR;60-1209;146;VALIDE;chap->v.17: dieu mis seule meme donner bete jusqua
Galates 1:8;VGR;60-1209;74;EXACT;ange ciel avons quil soit anatheme [couverture 6/11]
Hebreux 13:12;VGR;60-1209;118;EXACT;cest jesus afin quil sanctifie peuple propre sang [couverture 11/12]
Luc 24:49;VGR;60-1209;118;EXACT;ville jusqua soyez revetus puissance den haut [couverture 7/13]
Marc 16:0;VGR;60-1209;144;VALIDE;chap->v.11: ceux quil etait vivant quil avait
Romains 5:1;VGR;60-1209;118;EXACT;justifies foi avons paix dieu seigneur jesus [couverture 7/10]
Actes 19:5;VGR;63-1124M;140;EXACT;choses baptises nom seigneur jesus [couverture 5/8]
Apocalypse 13:8;VGR;63-1124M;90;VALIDE;nom ecrit monde vie
Apocalypse 17:0;VGR;63-1124M;95;VALIDE;chap->v.10: sept lun lautre sera faut quil temps
Apocalypse 17:0;VGR;63-1124M;97;VALIDE;chap->v.8: bete etait nest ceux terre noms fondation
Ephesiens 4:30;VGR;63-1124M;103;EXACT;nattristez saint esprit dieu lequel avez scelles jour [couverture 9/9]
Esaie 9:6;VGR;63-1124M;84;VALIDE;enfant fils donne sera merveilleux conseiller dieu pere
Galates 1:8;VGR;63-1124M;140;EXACT;ange ciel quil soit anatheme [couverture 5/11]
Hebreux 10:0;VGR;63-1124M;208;VALIDE;chap->v.26: pechons volontairement apres recu connaissance verite reste sacrifice
Hebreux 13:8;VGR;63-1124M;172;EXACT;jesus meme hier aujourdhui eternellement [couverture 5/6]
Jean 5:24;VGR;63-1124M;218;VALIDE;dis celui entend parole croit envoye vie eternelle
Malachie 4:0;VGR;63-1124M;86;VALIDE;chap->v.1: jour vient jour vient
Malachie 4:0;VGR;63-1124M;146;VALIDE;chap->v.6: fera cur fils cur fils
Malachie 4:0;VGR;63-1124M;189;VALIDE;chap->v.3: mechants cendre jour ferai
Matthieu 27:0;VGR;63-1124M;39;VALIDE;chap->v.24: pilate voyant quil gagnait rien plutot tumulte prit
Actes 19:19;SKN;61-0426;63;PARTIEL;commencé, pas achevé — ceux quil
Actes 20:24;SKN;63-0127;59;VALIDE;fais aucun vie moi meme jai recu
Apocalypse 22:19;SKN;63-0127;60;EXACT;quelque chose paroles livre dieu part vie [couverture 6/14]
Hebreux 2:14-15;SKN;63-0127;62;VALIDE;ont part lui afin mort celui
Jean 1:0;SKN;63-0127;34;VALIDE;chap->v.1: commencement etait parole parole etait dieu parole etait
Jean 3:16;SKN;63-0127;63;EXACT;dieu aime monde quil donne afin croit lui [couverture 6/14]
Jean 4:17;SKN;63-0127;88;VALIDE;femme nai jesus lui
Jean 14:12;SKN;63-0127;40;VALIDE;verite dis celui croit moi fera lui fais
Malachie 3:0;SKN;63-0127;80;VALIDE;chap->v.1: messager preparera chemin devant moi viendra
Marc 16:0;SKN;63-0127;31;VALIDE;chap->v.17: accompagneront ceux auront cru nom chasseront demons parleront
Actes 20:27;SKN;63-1229E;18;PARTIEL;commencé, pas achevé — conseil dieu
Apocalypse 13:0;SKN;63-1229E;30;VALIDE;chap->v.2: bete etait ceux dun dun dragon
Esaie 45:22;SKN;63-1229E;101;VALIDE;moi terre dieu
Hebreux 13:8;SKN;63-1229E;207;VALIDE;jesus christ meme hier
Jean 14:12;SKN;63-1229E;207;VALIDE;dis celui moi fera lui fais parce
Malachie 4:0;SKN;63-1229E;70;VALIDE;chap->v.5: voici elie prophete avant jour
Actes 20:27;VGR;63-1229E;28;PARTIEL;commencé, pas achevé — conseil dieu
Apocalypse 13:0;VGR;63-1229E;46;VALIDE;chap->v.2: bete etait ceux dun dun dragon
Esaie 45:22;VGR;63-1229E;192;EXACT;tournez moi terre dieu [couverture 5/10]
Hebreux 13:8;VGR;63-1229E;334;VALIDE;jesus meme hier
Jean 14:12;VGR;63-1229E;334;EXACT;dis moi fera lui uvres fais [couverture 8/14]
Malachie 4:0;VGR;63-1229E;140;VALIDE;chap->v.5: voici envoie elie prophete avant jour
Actes 23:0;SKN;62-1230M;38;VALIDE;chap->v.11: nuit suivante seigneur pres bon courage rendu temoignage
Actes 23:11;SKN;62-1230M;38;VALIDE;nuit suivante seigneur pres bon courage rendu temoignage
Actes 26:15;SKN;62-1230M;38;EXACT;moi seigneur suis jesus persecutes [couverture 5/7]
Apocalypse 22:19;SKN;62-1230M;228;VALIDE;quelque chose dieu
Jean 5:0;SKN;62-1230M;237;VALIDE;chap->v.19: jesus verite verite dis fils rien lui meme
Jean 5:19;SKN;62-1230M;179;EXACT;jesus dis fils rien lui meme chose pere [couverture 8/14]
Jean 6:0;SKN;62-1230M;183;VALIDE;chap->v.35: jesus moi suis vie celui moi jamais celui
Jean 15:0;SKN;62-1230M;111;VALIDE;chap->v.20: parole moi dite mont
Malachie 3:0;SKN;62-1230M;175;VALIDE;chap->v.18: alors juste mechant celui dieu celui
Malachie 4:0;SKN;62-1230M;175;VALIDE;chap->v.1: jour vient jour vient
Philippiens 1:20;SKN;62-1230M;38;PARTIEL;commencé, pas achevé — maintenant
Actes 23:0;VGR;62-1230M;56;VALIDE;chap->v.11: nuit suivante seigneur pres bon courage rendu temoignage
Actes 23:11;VGR;62-1230M;54;VALIDE;nuit suivante seigneur pres courage rendu temoignage choses
Actes 26:15;VGR;62-1230M;53;EXACT;moi seigneur suis jesus persecutes [couverture 5/7]
Apocalypse 22:19;VGR;62-1230M;332;VALIDE;quelque chose dieu
Jean 5:0;VGR;62-1230M;346;VALIDE;chap->v.19: jesus verite verite dis fils rien lui meme
Jean 5:19;VGR;62-1230M;248;EXACT;dis fils rien lui meme quil pere celui [couverture 7/14]
Jean 6:0;VGR;62-1230M;260;VALIDE;chap->v.6: cela lui savait quil
Jean 15:0;VGR;62-1230M;155;VALIDE;chap->v.20: parole moi dite mont
Malachie 3:0;VGR;62-1230M;240;VALIDE;chap->v.18: alors ferez juste mechant celui dieu celui
Malachie 4:0;VGR;62-1230M;240;VALIDE;chap->v.1: voici jour vient jour vient
Malachie 4:0;VGR;62-1230M;241;VALIDE;chap->v.1: voici jour vient jour vient
Philippiens 1:20;VGR;62-1230M;54;PARTIEL;commencé, pas achevé — maintenant
Amos 3:0;SKN;62-0513M;51;VALIDE;chap->v.5: piege terre filet lui piege sol rien pris
Malachie 4:0;SKN;62-0513M;267;VALIDE;chap->v.2: nom sera sortirez
Amos 3:0;VGR;63-0319;331;VALIDE;chap->v.4: sil sil quelque chose
Apocalypse 2:6;VGR;63-0319;263;PARTIEL;commencé, pas achevé — moi
Apocalypse 10:1-7;VGR;63-0319;76;PARTIEL;commencé, pas achevé — ange dune
Apocalypse 10:1-7;VGR;63-0319;183;PARTIEL;commencé, pas achevé — ange
Apocalypse 19:11;VGR;63-0319;321;EXACT;vis ciel ouvert voici cheval blanc celui fidele [couverture 11/14]
Jean 14:12;VGR;63-0319;208;EXACT;verite dis celui croit moi fera lui uvres [couverture 12/14]
Jean 14:12;VGR;63-0319;218;PARTIEL;commencé, pas achevé — verite
Joel 2:25;VGR;63-0319;177;VALIDE;qua sauterelle milieu
Malachie 4:0;VGR;63-0319;183;VALIDE;chap->v.1: jour vient four jour vient brulera
Marc 16:0;VGR;63-0319;218;VALIDE;chap->v.20: eux partout eux confirmant parole signes
Matthieu 4:0;VGR;63-0319;280;VALIDE;chap->v.8: lui royaumes monde
Matthieu 4:8;VGR;63-0319;268;EXACT;transporte haute montagne lui montre royaumes monde [couverture 7/10]
Matthieu 11:25-26;VGR;63-0319;78;EXACT;temps jesus seigneur parce cache choses sages intelligents [couverture 9/14]
Matthieu 24:0;VGR;63-0319;231;VALIDE;chap->v.6: entendrez parler guerres bruits guerres nest
Amos 3:7;SKN;62-0319;26;VALIDE;seigneur leternel rien quil revele secret serviteurs prophetes
Genese 1:11;SKN;62-0319;4;VALIDE;dieu terre produise semence fruit selon espece
Hebreux 1:0;SKN;62-0319;87;VALIDE;chap->v.1: dieu plusieurs reprises plusieurs manieres parle prophetes
Job 14:0;SKN;62-0319;49;VALIDE;chap->v.13: voulais cacher tenir cache jusqua colere temps puis
Matthieu 24:0;SKN;62-0319;88;VALIDE;chap->v.7: nation contre nation royaume contre royaume aura
Amos 3:7;SKN;65-1127E;91;VALIDE;seigneur fera rien revele secret prophetes
Apocalypse 1:0;SKN;65-1127E;209;VALIDE;chap->v.1: jesus dieu lui choses arriver
Apocalypse 10:0;SKN;65-1127E;201;VALIDE;chap->v.7: jours septieme ange sera mystere dieu sera annonce
Esther 9:0;SKN;65-1127E;195;VALIDE;chap->v.20: juifs etaient ceux etaient pres ceux
Genese 17:0;SKN;65-1127E;72;VALIDE;chap->v.1: etait ans apparut lui suis dieu
Job 14:0;SKN;65-1127E;96;VALIDE;chap->v.14: homme meurt revivra jours detresse etat vienne changer
Luc 17:30;SKN;65-1127E;175;PARTIEL;commencé, pas achevé — meme jour
Luc 17:30;SKN;65-1127E;187;VALIDE;meme jour fils manifeste
Malachie 4:0;SKN;65-1127E;187;VALIDE;chap->v.6: fera cur fils cur fils
Malachie 4:0;SKN;65-1127E;201;VALIDE;chap->v.1: voici jour vient jour vient
Malachie 4:0;SKN;65-1127E;211;VALIDE;chap->v.6: fera cur cur
Marc 11:0;SKN;65-1127E;175;VALIDE;chap->v.13: avait voir quelque chose
Marc 11:23;SKN;65-1127E;128;EXACT;dis montagne ote toi cur [couverture 6/14]
Marc 14:0;SKN;65-1127E;169;VALIDE;chap->v.72: pierre parole jesus lui avait avant
Amos 3:7;SKN;65-1204;131;EXACT;seigneur fera rien revele serviteurs prophetes [couverture 6/9]
Apocalypse 3:0;SKN;65-1204;64;VALIDE;chap->v.17: parce dis suis riche suis besoin rien malheureux
Apocalypse 10:0;SKN;65-1204;75;VALIDE;chap->v.7: jours septieme ange sera trompette mystere dieu sera
Apocalypse 10:7;SKN;65-1204;75;EXACT;jours septieme ange sera trompette mystere dieu annonce [couverture 8/14]
Apocalypse 10:7;SKN;65-1204;107;EXACT;jours septieme ange sera mystere dieu [couverture 7/14]
Apocalypse 11:11;SKN;65-1204;180;EXACT;trois jours demi vie dieu eux [couverture 6/14]
Genese 1:0;SKN;65-1204;182;VALIDE;chap->v.5: dieu appela lumiere jour appela matin jour
Genese 4:0;SKN;65-1204;53;VALIDE;chap->v.17: cain ville nom ville nom
Jean 5:7;SKN;65-1204;166;PARTIEL;commencé, pas achevé — lui lorsque
Jean 11:38-44;SKN;65-1204;152;VALIDE;jesus meme vient mort
Jean 15:0;SKN;65-1204;98;VALIDE;chap->v.2: porte fruit porte fruit porte fruit
Luc 17:0;SKN;65-1204;141;VALIDE;chap->v.31: jour celui sera celui sera champs retourne
Malachie 4:0;SKN;65-1204;132;VALIDE;chap->v.1: jour vient jour vient
Malachie 4:0;SKN;65-1204;141;VALIDE;chap->v.1: voici jour vient jour vient
Matthieu 16:17;SKN;65-1204;70;EXACT;jesus lui simon chair sang revele cela pere [couverture 9/13]
Matthieu 18:16;SKN;65-1204;166;EXACT;deux bouche trois temoins parole soit etablie [couverture 8/14]
Matthieu 24:22-24;SKN;65-1204;114;VALIDE;jours elus alors
Psaumes 22:0;SKN;65-1204;63;VALIDE;chap->v.16: mont ont perce mes mains mes pieds
Psaumes 25:0;SKN;65-1204;29;VALIDE;chap->v.5: moi enseigne moi dieu salut toi jour
Psaumes 27:0;SKN;65-1204;14;VALIDE;chap->v.2: mes mes moi ont
Psaumes 27:0;SKN;65-1204;29;VALIDE;chap->v.2: mechants mes mes ennemis moi devorer chair
Amos 3:7;SKN;65-1206;52;EXACT;fera rien revele serviteurs prophetes [couverture 5/9]
Apocalypse 2:0;SKN;65-1206;213;VALIDE;chap->v.7: celui celui lui vie dieu
Apocalypse 3:0;SKN;65-1206;263;VALIDE;chap->v.2: reste sen trouve devant dieu
Apocalypse 3:0;SKN;65-1206;265;VALIDE;chap->v.2: reste sen trouve devant dieu
Apocalypse 10:7;SKN;65-1206;320;EXACT;septieme ange sera mystere dieu annonce [couverture 7/14]
Deuteronome 18:15;SKN;65-1206;275;VALIDE;dieu suscitera prophete moi
Esaie 7:14;SKN;65-1206;282;VALIDE;pourquoi lui vierge concevra
Esaie 9:6;SKN;65-1206;258;EXACT;enfant fils donne epaule nom conseiller dieu pere [couverture 8/14]
Esaie 9:6;SKN;65-1206;282;VALIDE;enfant dieu pere
Esaie 35:7;SKN;65-1206;282;PARTIEL;commencé, pas achevé — parc
Esaie 40:3;SKN;65-1206;222;EXACT;voix celui crie desert chemin aplanissez dieu [couverture 7/12]
Esaie 50:6;SKN;65-1206;282;PARTIEL;commencé, pas achevé — mes
Esaie 53:9;SKN;65-1206;282;VALIDE;lui riche mort parce avait bouche
Esaie 53:12;SKN;65-1206;282;VALIDE;pourquoi lui part parce ame
Genese 22:0;SKN;65-1206;283;VALIDE;chap->v.7: isaac pere pere voici voici
Hebreux 1:1;SKN;65-1206;68;VALIDE;dieu autrefois prophetes
Hebreux 13:8;SKN;65-1206;30;VALIDE;jesus meme hier eternellement
Hebreux 13:8;SKN;65-1206;288;VALIDE;jesus meme hier eternellement
Jean 1:0;SKN;65-1206;30;VALIDE;chap->v.1: commencement etait parole parole etait dieu parole etait
Jean 1:1;SKN;65-1206;258;EXACT;commencement etait parole dieu [couverture 9/10]
Luc 17:0;SKN;65-1206;54;VALIDE;chap->v.31: jour celui sera aura celui sera
Luc 17:0;SKN;65-1206;216;VALIDE;chap->v.8: moi moi apres
Luc 17:30;SKN;65-1206;294;EXACT;sera meme jour fils [couverture 5/7]
Malachie 3:0;SKN;65-1206;202;VALIDE;chap->v.15: maintenant meme meme dieu
Malachie 3:0;SKN;65-1206;211;VALIDE;chap->v.15: ceux meme meme dieu
Malachie 3:0;SKN;65-1206;212;VALIDE;chap->v.15: maintenant ceux meme meme dieu
Malachie 3:0;SKN;65-1206;226;VALIDE;chap->v.18: alors juste celui dieu celui
Malachie 3:0;SKN;65-1206;282;VALIDE;chap->v.15: maintenant meme meme dieu
Malachie 4:0;SKN;65-1206;54;VALIDE;chap->v.6: fera peres peres
Malachie 4:0;SKN;65-1206;211;VALIDE;chap->v.1: jour vient ceux jour vient
Malachie 4:0;SKN;65-1206;215;VALIDE;chap->v.1: jour vient jour vient
Matthieu 11:0;SKN;65-1206;207;VALIDE;chap->v.8: alles voir homme vetu precieux ceux choses rois
Matthieu 24:24;SKN;65-1206;125;VALIDE;possible meme elus
Psaumes 16:10;SKN;65-1206;282;VALIDE;ame saint voie corruption
Psaumes 22:0;SKN;65-1206;167;VALIDE;chap->v.1: dieu dieu pourquoi abandonne
Psaumes 22:0;SKN;65-1206;282;VALIDE;chap->v.16: mont ont perce mes mains mes pieds
Psaumes 22:7;SKN;65-1206;282;PARTIEL;commencé, pas achevé — bouche
Psaumes 22:18;SKN;65-1206;282;PARTIEL;commencé, pas achevé — mes vetements
Psaumes 35:11;SKN;65-1206;282;PARTIEL;commencé, pas achevé — temoins
Psaumes 41:9;SKN;65-1206;282;PARTIEL;commencé, pas achevé — ami
Zacharie 11:12;SKN;65-1206;282;PARTIEL;commencé, pas achevé — dis cela
Zacharie 12:0;SKN;65-1206;282;VALIDE;chap->v.13: part femmes part part femmes part
Esaie 7:14;SKN;65-1206;282;CORRIGE;annoncé Zacharie 13:7
Zacharie 14:7;SKN;65-1206;288;EXACT;sera jour nuit temps soir aura lumiere [couverture 6/10]
Amos 3:7;VGR;65-0718E;63;EXACT;seigneur leternel rien quil revele serviteurs prophetes [couverture 7/9]
Jean 1:0;VGR;65-0718E;68;VALIDE;chap->v.1: etait parole parole etait dieu parole etait dieu
Jean 14:12;VGR;65-0718E;126;EXACT;dis fera lui uvres fais men [couverture 6/14]
actes 2:38;VGR;65-0718E;126;CORRIGE;annoncé Joel 2:38
Luc 17:30;VGR;65-0718E;126;PARTIEL;commencé, pas achevé — meme jour
Malachie 4:0;VGR;65-0718E;160;VALIDE;chap->v.5: voici envoie elie prophete avant jour
Amos 3:7;VGR;65-0718M;117;EXACT;seigneur leternel rien quil revele prophetes [couverture 6/9]
Amos 3:7;VGR;65-0718M;158;VALIDE;seigneur fera quil revele
Amos 3:7;VGR;65-0718M;160;VALIDE;seigneur fera rien quil revele
Apocalypse 10:0;VGR;65-0718M;147;VALIDE;chap->v.7: jours sera mystere dieu sera annonce
Apocalypse 10:0;VGR;65-0718M;166;VALIDE;chap->v.6: celui ciel choses terre choses choses quil
Apocalypse 10:0;VGR;65-0718M;178;VALIDE;chap->v.6: cree choses terre choses choses quil
Deuteronome 4:0;VGR;65-0718M;186;VALIDE;chap->v.1: maintenant israel ecoute ordonnances enseigne afin viviez entriez
Joel 2:28;VGR;65-0718M;152;PARTIEL;commencé, pas achevé — apres cela
Luc 7:7;VGR;65-0718M;138;EXACT;cest suis meme dis parole [couverture 5/14]
Luc 17:30;VGR;65-0718M;178;VALIDE;sera meme fils
Malachie 4:0;VGR;65-0718M;147;VALIDE;chap->v.5: envoie elie prophete avant jour
Malachie 4:0;VGR;65-0718M;171;VALIDE;chap->v.5: voici prophete avant vienne grand jour
Malachie 4:0;VGR;65-0718M;178;VALIDE;chap->v.6: fera fils fils
Marc 7:7;VGR;65-0718M;27;VALIDE;mhonorent vain commandements dhommes
Amos 3:7;VGR;65-1127B;210;EXACT;seigneur fera rien quil revele prophetes [couverture 5/9]
Apocalypse 1:0;VGR;65-1127B;44;VALIDE;chap->v.20: sept sept sept sept sept
Apocalypse 10:0;VGR;65-1127B;301;VALIDE;chap->v.6: jura celui vit siecles siecles ciel choses terre
Deuteronome 4:0;VGR;65-1127B;322;VALIDE;chap->v.2: rien parole nen rien garder dieu
Deuteronome 4:4;VGR;65-1127B;322;PARTIEL;commencé, pas achevé — dieu aujourdhui
Jean 15:0;VGR;65-1127B;19;VALIDE;chap->v.2: sarment porte fruit sarment porte fruit quil porte
actes 2:38;VGR;65-1127B;217;CORRIGE;annoncé Joel 2:38
Luc 17:30;VGR;65-1127B;212;VALIDE;meme jour fils lhomme
Malachie 3:0;VGR;65-1127B;211;VALIDE;chap->v.1: voici jenvoie messager devant moi seigneur viendra
Malachie 4:0;VGR;65-1127B;210;VALIDE;chap->v.5: voici elie prophete avant vienne grand jour
Malachie 4:0;VGR;65-1127B;220;VALIDE;chap->v.1: jour ceux jour
Malachie 4:0;VGR;65-1127B;301;VALIDE;chap->v.5: envoie vienne jour
Malachie 4:0;VGR;65-1127B;322;VALIDE;chap->v.4: souvenez loi moise lui israel
Marc 7:7;VGR;65-1127B;104;VALIDE;mhonorent vain enseignant commandements dhommes
Matthieu 11:0;VGR;65-1127B;211;VALIDE;chap->v.10: cest ici celui voici moi jenvoie messager devant
Psaumes 22:0;VGR;65-1127B;315;VALIDE;chap->v.16: ont perce mes mains mes pieds
Romains 8:0;VGR;65-1127B;139;VALIDE;chap->v.5: selon ont choses selon choses
Amos 3:7;VGR;65-1127E;91;VALIDE;leternel rien quil revele secret prophetes
Apocalypse 1:0;VGR;65-1127E;209;VALIDE;chap->v.1: jesus dieu lui choses arriver
Apocalypse 10:0;VGR;65-1127E;201;VALIDE;chap->v.7: jours septieme ange sera mystere dieu sera annonce
Genese 17:0;VGR;65-1127E;72;VALIDE;chap->v.1: etait ans lui suis dieu devant
Job 14:0;VGR;65-1127E;96;VALIDE;chap->v.13: voulais cacher cache jusqua colere temps moi
Luc 17:30;VGR;65-1127E;175;PARTIEL;commencé, pas achevé — meme jour
Luc 17:30;VGR;65-1127E;187;VALIDE;meme jour fils lhomme manifeste
Malachie 4:0;VGR;65-1127E;187;VALIDE;chap->v.6: fera cur fils cur fils
Malachie 4:0;VGR;65-1127E;201;VALIDE;chap->v.1: voici jour ceux jour
Malachie 4:0;VGR;65-1127E;211;VALIDE;chap->v.6: fera cur cur
Marc 11:0;VGR;65-1127E;175;VALIDE;chap->v.13: loin avait voir quelque chose
Marc 11:23;VGR;65-1127E;128;EXACT;dis montagne ote toi cur quil [couverture 7/14]
Marc 14:0;VGR;65-1127E;169;VALIDE;chap->v.72: pierre parole jesus lui avait avant
Amos 3:7;VGR;65-1204;131;EXACT;seigneur fera rien quil revele serviteurs prophetes [couverture 7/9]
Apocalypse 3:0;VGR;65-1204;64;VALIDE;chap->v.17: parce dis suis riche suis nai besoin rien
Apocalypse 10:0;VGR;65-1204;75;VALIDE;chap->v.7: quaux jours septieme ange sera trompette mystere dieu
Apocalypse 10:7;VGR;65-1204;75;EXACT;quaux jours septieme ange sera trompette mystere dieu [couverture 9/14]
Apocalypse 10:7;VGR;65-1204;107;EXACT;septieme ange sera mystere dieu [couverture 6/14]
Genese 1:0;VGR;65-1204;182;VALIDE;chap->v.31: dieu quil avait cela etait matin jour
Genese 4:0;VGR;65-1204;53;VALIDE;chap->v.17: cain ville nom ville nom
Jean 5:7;VGR;65-1204;166;PARTIEL;commencé, pas achevé — lui lorsque
Jean 11:38-44;VGR;65-1204;152;VALIDE;jesus meme vient avait mort
Jean 15:0;VGR;65-1204;98;VALIDE;chap->v.2: porte fruit porte fruit porte fruit
Luc 17:0;VGR;65-1204;141;VALIDE;chap->v.31: jour celui sera celui sera champs retourne
Malachie 4:0;VGR;65-1204;132;VALIDE;chap->v.1: jour vient jour vient
Malachie 4:0;VGR;65-1204;141;VALIDE;chap->v.3: plante vos jour leternel
Matthieu 16:17;VGR;65-1204;70;EXACT;jesus lui simon chair sang tont revele cela [couverture 10/13]
Matthieu 18:16;VGR;65-1204;166;EXACT;deux trois temoins parole soit etablie [couverture 7/14]
Matthieu 24:22;VGR;65-1204;114;PARTIEL;commencé, pas achevé — jours elus
Psaumes 22:0;VGR;65-1204;63;VALIDE;chap->v.16: mont ont perce mes mains mes pieds
Psaumes 25:0;VGR;65-1204;29;VALIDE;chap->v.5: moi enseigne moi dieu salut cest jour
Psaumes 27:0;VGR;65-1204;14;VALIDE;chap->v.4: jai chose cest maison vie
Psaumes 27:0;VGR;65-1204;29;VALIDE;chap->v.4: jai demande chose leternel cest maison leternel vie
Amos 3:7;VGR;65-1206;52;EXACT;fera rien quil revele serviteurs prophetes [couverture 6/9]
Apocalypse 3:0;VGR;65-1206;263;VALIDE;chap->v.21: lui moi trone moi suis assis trone
Apocalypse 3:0;VGR;65-1206;265;VALIDE;chap->v.20: porte entend quil porte lui lui
Apocalypse 10:7;VGR;65-1206;320;EXACT;septieme ange sera mystere dieu termine [couverture 7/14]
Deuteronome 18:15;VGR;65-1206;275;EXACT;leternel dieu suscitera prophete moi [couverture 5/11]
Esaie 7:14;VGR;65-1206;282;VALIDE;cest pourquoi lui vierge concevra
Esaie 9:6;VGR;65-1206;258;EXACT;enfant fils donne sera epaule appellera nom conseiller [couverture 10/14]
Esaie 9:6;VGR;65-1206;282;VALIDE;enfant dieu pere
Esaie 35:7;VGR;65-1206;282;PARTIEL;commencé, pas achevé — parc
Esaie 40:3;VGR;65-1206;222;EXACT;voix celui crie desert preparez chemin aplanissez dieu [couverture 8/12]
Esaie 50:6;VGR;65-1206;282;PARTIEL;commencé, pas achevé — mes
Esaie 53:9;VGR;65-1206;282;EXACT;lui sepulcre riche mort parce quil avait bouche [couverture 5/14]
Esaie 53:12;VGR;65-1206;282;VALIDE;cest pourquoi lui part parce quil ame
Genese 22:0;VGR;65-1206;283;VALIDE;chap->v.1: choses dieu abraham lui abraham voici
Hebreux 1:1;VGR;65-1206;68;VALIDE;dieu autrefois prophetes
Hebreux 13:8;VGR;65-1206;30;EXACT;jesus meme hier aujourdhui eternellement [couverture 5/6]
Hebreux 13:8;VGR;65-1206;288;EXACT;jesus meme hier aujourdhui eternellement [couverture 5/6]
Jean 1:0;VGR;65-1206;30;VALIDE;chap->v.1: commencement etait parole parole etait dieu parole etait
Jean 1:1;VGR;65-1206;258;EXACT;commencement etait parole dieu [couverture 9/10]
Luc 17:0;VGR;65-1206;54;VALIDE;chap->v.31: jour celui sera aura celui sera
Luc 17:0;VGR;65-1206;216;VALIDE;chap->v.31: jour celui sera celui sera
Luc 17:30;VGR;65-1206;294;VALIDE;meme jour fils lhomme
Malachie 3:0;VGR;65-1206;202;VALIDE;chap->v.15: maintenant meme meme dieu
Malachie 3:0;VGR;65-1206;211;VALIDE;chap->v.14: cest dieu quel quil
Malachie 3:0;VGR;65-1206;212;VALIDE;chap->v.1: jenvoie messager devant viendra
Malachie 3:0;VGR;65-1206;226;VALIDE;chap->v.18: alors juste celui dieu celui
Malachie 3:0;VGR;65-1206;282;VALIDE;chap->v.14: cest quon dieu quil
Malachie 4:0;VGR;65-1206;54;VALIDE;chap->v.6: fera cur peres cur peres
Malachie 4:0;VGR;65-1206;211;VALIDE;chap->v.1: jour vient jour vient
Malachie 4:0;VGR;65-1206;215;VALIDE;chap->v.1: jour vient jour vient
Matthieu 11:0;VGR;65-1206;207;VALIDE;chap->v.7: jesus jean quetes alles voir roseau agite vent
Matthieu 24:24;VGR;65-1206;125;VALIDE;possible meme elus
Psaumes 16:10;VGR;65-1206;282;VALIDE;ame saint voie corruption
Psaumes 22:0;VGR;65-1206;167;VALIDE;chap->v.1: dieu dieu pourquoi mas abandonne
Psaumes 22:0;VGR;65-1206;282;VALIDE;chap->v.16: mont ont perce mes mains mes pieds
Psaumes 22:7;VGR;65-1206;282;PARTIEL;commencé, pas achevé — bouche
Psaumes 22:18;VGR;65-1206;282;PARTIEL;commencé, pas achevé — mes vetements
Psaumes 23:0;VGR;65-1206;167;VALIDE;chap->v.4: meme moi eux
Psaumes 35:11;VGR;65-1206;282;PARTIEL;commencé, pas achevé — temoins
Psaumes 41:9;VGR;65-1206;282;PARTIEL;commencé, pas achevé — ami
Zacharie 11:12;VGR;65-1206;282;EXACT;dis cela bon pieces dargent [couverture 5/14]
Zacharie 12:0;VGR;65-1206;282;VALIDE;chap->v.13: part femmes part part femmes part
Esaie 7:14;VGR;65-1206;282;CORRIGE;annoncé Zacharie 13:7
Zacharie 14:7;VGR;65-1206;288;EXACT;jour nuit temps soir aura lumiere [couverture 7/10]
Apocalypse 1:0;SKN;51-0502;17;VALIDE;chap->v.5: part jesus christ temoin premier terre celui nos
Apocalypse 13:0;SKN;51-0502;22;VALIDE;chap->v.14: ceux terre cause quil lui fut bete disant
Hebreux 12:0;SKN;51-0502;16;VALIDE;chap->v.1: cest pourquoi grande nuee temoins fardeau peche enveloppe
Apocalypse 1:0;SKN;53-0513;31;VALIDE;chap->v.4: grace part celui etait vient part devant
Hebreux 13:12;SKN;53-0513;13;EXACT;cest jesus afin quil hors porte [couverture 5/12]
Jean 4:0;SKN;53-0513;24;VALIDE;chap->v.50: jesus lui fils lhomme parole jesus lui
Jean 14:12;SKN;53-0513;24;EXACT;dis croit moi fera lui [couverture 6/14]
Marc 11:0;SKN;53-0513;18;VALIDE;chap->v.11: apres soir etait deja venu alla
Marc 11:24;SKN;53-0513;18;VALIDE;cest demanderez priant croyez sera
Marc 11:24;SKN;53-0513;24;VALIDE;cest dis croyez
Marc 16:0;SKN;53-0513;18;VALIDE;chap->v.6: lui jesus nest ici lieu mis
Marc 16:0;SKN;53-0513;20;VALIDE;chap->v.6: lui nest ici mis
Marc 16:0;SKN;53-0513;23;VALIDE;chap->v.18: serpents chose mortel cela imposeront mains
Marc 16:0;SKN;53-0513;24;VALIDE;chap->v.6: lui jesus nest ici mis
Marc 16:0;SKN;53-0513;43;VALIDE;chap->v.6: lui jesus nest ici voici
Matthieu 8:0;SKN;53-0513;17;VALIDE;chap->v.17: accompli esaie prophete lui meme pris nos nos
Apocalypse 1:0;SKN;53-0611;34;VALIDE;chap->v.4: sept part celui etait vient part sept
Genese 1:0;SKN;53-0611;75;VALIDE;chap->v.31: dieu quil avait voici cela etait bon eut
Genese 1:28;SKN;53-0611;76;PARTIEL;commencé, pas achevé — dieu terre
Marc 11:24;SKN;53-0611;93;VALIDE;cest dis croyez
Marc 16:0;SKN;53-0611;91;VALIDE;chap->v.18: auront quelque chose cela imposeront mains ceux
Marc 16:0;SKN;53-0611;92;VALIDE;chap->v.18: auront quelque chose cela imposeront mains ceux
Marc 16:0;SKN;53-0611;93;VALIDE;chap->v.18: auront quelque chose cela imposeront mains ceux
Apocalypse 1:0;SKN;54-0404E;108;VALIDE;chap->v.17: tombai pieds mort moi moi
Jacques 5:14;SKN;54-0404E;91;EXACT;quelquun parmi malade quil appelle anciens quils prient [couverture 10/14]
Jean 5:19;SKN;54-0404E;36;EXACT;dis rien lui quil chose pere quelque [couverture 7/14]
Apocalypse 1:0;SKN;54-0811;10;VALIDE;chap->v.8: moi suis seigneur dieu celui etait vient
Matthieu 27:0;SKN;54-0811;47;VALIDE;chap->v.63: disant pendant quil etait vie disait apres jours
Apocalypse 1:0;SKN;54-1212;54;VALIDE;chap->v.4: sept part celui etait part sept
Exode 19:0;SKN;54-1212;202;VALIDE;chap->v.1: mois disrael sortis meme jour desert
Jean 3:0;SKN;54-1212;62;VALIDE;chap->v.17: dieu envoye fils monde quil juge monde monde
Marc 16:0;SKN;54-1212;91;VALIDE;chap->v.6: lui nest ici
Apocalypse 1:0;SKN;56-1230;49;VALIDE;chap->v.4: jean sept grace part celui etait vient part
Genese 35:0;SKN;56-1230;17;VALIDE;chap->v.10: dieu lui sera appele israel sera israel
Genese 37:0;SKN;56-1230;21;VALIDE;chap->v.9: autre songe freres voici songe songe voici lune
Hebreux 11:0;SKN;56-1230;30;VALIDE;chap->v.22: foi joseph vie fit donna
Apocalypse 1:0;SKN;57-0125;39;VALIDE;chap->v.8: moi suis seigneur dieu celui etait vient
Galates 1:8;SKN;57-0125;25;VALIDE;ange ciel avons quil soit anatheme
Jean 5:19;SKN;57-0125;64;EXACT;jesus dis fils rien lui meme quil chose [couverture 7/14]
Jean 5:24;SKN;57-0125;54;VALIDE;dis celui entend parole croit envoye vie eternelle
Jean 14:0;SKN;57-0125;20;VALIDE;chap->v.10: crois moi pere pere moi moi moi meme
Apocalypse 1:0;SKN;59-0423;6;VALIDE;chap->v.8: moi suis seigneur dieu celui etait
Apocalypse 1:0;SKN;60-0712;84;VALIDE;chap->v.8: moi suis lalpha lomega seigneur dieu celui etait
Jean 5:24;SKN;60-0712;97;VALIDE;verite dis celui parole croit envoye vie eternelle
Apocalypse 1:0;SKN;61-0122;14;VALIDE;chap->v.4: jean sept part etait vient part sept
Deuteronome 32:11;SKN;61-0122;3;VALIDE;eveille petits ailes prend porte
Ephesiens 4:30;SKN;61-0122;90;VALIDE;saint esprit dieu lequel avez scelles jour redemption
Esther 7:7;SKN;61-0122;54;PARTIEL;commencé, pas achevé — sen vie
Apocalypse 1:0;SKN;62-0722;42;VALIDE;chap->v.4: sept part celui etait vient part sept
Jean 5:24;SKN;62-0722;56;VALIDE;verite celui parole croit vie eternelle vient
Jean 11:0;SKN;62-0722;56;VALIDE;chap->v.25: jesus lui moi suis vie celui croit moi
Jean 14:0;SKN;62-0722;56;VALIDE;chap->v.12: verite verite celui croit moi fera lui moi
Apocalypse 1:0;SKN;63-0317E;31;VALIDE;chap->v.16: avait main sept visage soleil
Apocalypse 10:0;SKN;63-0317E;29;VALIDE;chap->v.1: vis autre ange puissant ciel dune nuee larc
Apocalypse 10:6;SKN;63-0317E;223;PARTIEL;commencé, pas achevé — celui quil
Ephesiens 1:0;SKN;63-0317E;63;VALIDE;chap->v.13: avez entendu parole verite levangile salut cru avez
Ephesiens 1:13;SKN;63-0317E;65;EXACT;avez entendu parole verite levangile salut cru scelles [couverture 10/14]
Ephesiens 4:30;SKN;63-0317E;69;EXACT;nattristez saint esprit dieu lequel avez scelles jour [couverture 9/9]
Levitique 25:0;SKN;63-0317E;121;VALIDE;chap->v.25: frere possession alors droit parent rachete
Malachie 4:0;SKN;63-0317E;43;VALIDE;chap->v.1: voici vient seront vient
Malachie 4:0;SKN;63-0317E;218;VALIDE;chap->v.6: peres peres vienne frappe
Romains 8:22;SKN;63-0317E;76;EXACT;savons creation soupire jusqua maintenant [couverture 5/7]
Zacharie 3:0;SKN;63-0317E;235;VALIDE;chap->v.8: ecoute grand sacrificateur toi tes compagnons assis devant
Zacharie 3:8;SKN;63-0317E;235;EXACT;ecoute grand sacrificateur toi tes compagnons assis devant [couverture 12/14]
zacharie 4:10;SKN;63-0317E;236;CORRIGE;annoncé Zacharie 4:104
Apocalypse 1:0;SKN;63-1110M;157;VALIDE;chap->v.20: mystere sept sept sept anges sept sept
Apocalypse 10:7;SKN;63-1110M;156;VALIDE;septieme ange sera mystere dieu termine
Apocalypse 17:0;SKN;63-1110M;187;VALIDE;chap->v.2: laquelle ont ceux ont
Genese 1:0;SKN;63-1110M;352;VALIDE;chap->v.2: terre etait avait face dieu face eaux
Genese 15:16;SKN;63-1110M;308;VALIDE;quatrieme generation amoreens comble
Hebreux 11:0;SKN;63-1110M;142;VALIDE;chap->v.5: foi fut mort fut parce dieu avant
Hebreux 13:8;SKN;63-1110M;309;PARTIEL;commencé, pas achevé — jesus meme
Jean 4:0;SKN;63-1110M;39;VALIDE;chap->v.24: dieu esprit ceux esprit verite
Jean 6:49;SKN;63-1110M;235;EXACT;ont mange manne desert morts [couverture 5/7]
Jean 14:12;SKN;63-1110M;116;EXACT;celui croit moi fera lui fais parce vais [couverture 8/14]
Matthieu 6:9-13;SKN;63-1110M;412;EXACT;ainsi pere cieux nom soit sanctifie regne vienne [couverture 6/7]
Matthieu 23:0;SKN;63-1110M;244;VALIDE;chap->v.27: malheur scribes pharisiens hypocrites ressemblez sepulcres blanchis paraissent
Matthieu 23:0;SKN;63-1110M;245;VALIDE;chap->v.27: malheur scribes pharisiens hypocrites ressemblez sepulcres blanchis paraissent
Matthieu 23:7;SKN;63-1110M;243;PARTIEL;commencé, pas achevé — hommes
Apocalypse 1:0;SKN;65-0725E;147;VALIDE;chap->v.20: mystere sept sept sept anges sept sept
Apocalypse 10:1;SKN;65-0725E;148;PARTIEL;commencé, pas achevé — ange soleil
Apocalypse 16:9;SKN;65-0725E;97;VALIDE;grande nom dieu gloire
Esaie 29:6;SKN;65-0725E;97;VALIDE;tremblement terre grande
Esaie 40:0;SKN;65-0725E;74;VALIDE;chap->v.2: cur jerusalem lui accompli quelle main
Jean 14:0;SKN;65-0725E;118;VALIDE;chap->v.6: jesus lui moi suis chemin vie vient moi
Jean 14:12;SKN;65-0725E;116;EXACT;croit moi fera uvres fais [couverture 7/14]
Luc 17:22;SKN;65-0725E;117;PARTIEL;commencé, pas achevé — jours fils
Luc 17:30;SKN;65-0725E;148;VALIDE;sera meme jour fils
Luc 17:30;SKN;65-0725E;172;VALIDE;sera meme manifeste
Malachie 3:0;SKN;65-0725E;101;VALIDE;chap->v.7: vos avez moi armees
Malachie 3:0;SKN;65-0725E;105;VALIDE;chap->v.18: alors juste mechant celui celui
Malachie 3:0;SKN;65-0725E;107;VALIDE;chap->v.1: messager devant seigneur
Malachie 4:0;SKN;65-0725E;107;VALIDE;chap->v.5: elie prophete avant jour
Matthieu 21:1-11;SKN;65-0725E;28;EXACT;jerusalem furent arrives bethphage montagne oliviers jesus envoya [couverture 10/13]
Psaumes 22:0;SKN;65-0725E;85;VALIDE;chap->v.16: mont ont perce mes mains mes pieds
Zacharie 9:0;SKN;65-0725E;96;VALIDE;chap->v.9: toi fille sion pousse cris joie fille jerusalem
Zacharie 14:0;SKN;65-0725E;96;VALIDE;chap->v.8: arrivera jour eaux vives sortiront jerusalem moitie mer
Apocalypse 1:0;SKN;65-0822E;30;VALIDE;chap->v.14: tete cheveux etaient blancs laine blanche neige
Ephesiens 5:26;SKN;65-0822E;103;PARTIEL;commencé, pas achevé — lavage parole
Exode 19:0;SKN;65-0822E;97;VALIDE;chap->v.13: main homme cor
Malachie 4:0;SKN;65-0822E;157;VALIDE;chap->v.1: jour vient jour vient
Matthieu 24:24;SKN;65-0822E;151;VALIDE;seduire possible meme elus
Nombres 19:9;SKN;65-0822E;23;EXACT;homme pur ramassera cendre genisse deposera hors camp [couverture 13/14]
Apocalypse 1:0;VGR;54-0404E;108;VALIDE;chap->v.13: semblable fils lhomme dune pieds
Jacques 5:14;VGR;54-0404E;91;EXACT;quelquun parmi malade quil appelle anciens lui dhuile [couverture 8/14]
Jean 5:19;VGR;54-0404E;36;EXACT;dis rien lui quil voie chose pere quelque [couverture 8/14]
Apocalypse 1:0;VGR;54-1212;54;VALIDE;chap->v.20: sept sept dor sept sept sept
Exode 19:0;VGR;54-1212;202;VALIDE;chap->v.1: mois disrael sortis pays jour desert
Jean 3:0;VGR;54-1212;62;VALIDE;chap->v.17: dieu envoye fils monde quil juge monde monde
Marc 16:0;VGR;54-1212;91;VALIDE;chap->v.16: celui sera celui sera
Apocalypse 1:0;VGR;56-1230;123;VALIDE;chap->v.4: sept grace part celui etait vient part sept
Genese 35:0;VGR;56-1230;47;VALIDE;chap->v.1: dieu leve toi dieu
Genese 37:0;VGR;56-1230;59;VALIDE;chap->v.17: lhomme partis jai entendu allons dothan joseph alla
Hebreux 11:0;VGR;56-1230;80;VALIDE;chap->v.3: foi parole dieu sorte voit choses
Apocalypse 1:0;VGR;59-0510M;92;VALIDE;chap->v.16: main bouche sortait epee aigue deux tranchants
Jean 6:0;VGR;59-0510M;92;VALIDE;chap->v.39: cest celui quil ressuscite dernier jour
Apocalypse 1:0;VGR;63-0317E;31;VALIDE;chap->v.16: avait main sept visage soleil
Apocalypse 10:0;VGR;63-0317E;29;VALIDE;chap->v.1: vis autre ange puissant ciel dune nuee larc
Apocalypse 10:1;VGR;63-0317E;220;PARTIEL;commencé, pas achevé — autre ange
Apocalypse 10:6;VGR;63-0317E;223;PARTIEL;commencé, pas achevé — celui quil
Ephesiens 1:0;VGR;63-0317E;63;VALIDE;chap->v.13: avez entendu parole verite levangile salut cru avez
Ephesiens 1:13;VGR;63-0317E;65;EXACT;avez entendu parole verite levangile salut cru scelles [couverture 10/14]
Ephesiens 4:30;VGR;63-0317E;69;EXACT;nattristez saint dieu lequel avez scelles jour redemption [couverture 8/9]
Levitique 25:0;VGR;63-0317E;121;VALIDE;chap->v.25: frere possession alors droit parent rachete
Malachie 4:0;VGR;63-0317E;43;VALIDE;chap->v.1: voici vient vient
Malachie 4:0;VGR;63-0317E;218;VALIDE;chap->v.6: peres peres vienne frappe
Romains 8:22;VGR;63-0317E;76;EXACT;savons creation ensemble soupire jusqua maintenant [couverture 5/7]
Zacharie 3:0;VGR;63-0317E;235;VALIDE;chap->v.8: ecoute grand sacrificateur toi tes compagnons assis devant
Zacharie 3:8;VGR;63-0317E;235;EXACT;ecoute grand sacrificateur toi tes compagnons assis devant [couverture 12/14]
Zacharie 4:10;VGR;63-0317E;236;EXACT;jour choses rejouiront sept main zorobabel yeux leternel [couverture 10/14]
Apocalypse 1:0;VGR;63-1110M;157;VALIDE;chap->v.20: mystere sept sept sept anges sept sept
Apocalypse 10:7;VGR;63-1110M;156;VALIDE;septieme ange sera mystere dieu termine
Apocalypse 17:0;VGR;63-1110M;187;VALIDE;chap->v.10: sept lautre nest venu sera venu quil temps
Genese 1:0;VGR;63-1110M;352;VALIDE;chap->v.2: terre etait avait face dieu face eaux
Genese 15:16;VGR;63-1110M;308;EXACT;quatrieme generation liniquite amoreens nest comble [couverture 6/9]
Hebreux 11:0;VGR;63-1110M;142;VALIDE;chap->v.16: maintenant cest cest dieu dieu
Hebreux 13:8;VGR;63-1110M;309;PARTIEL;commencé, pas achevé — jesus meme
Jean 4:0;VGR;63-1110M;39;VALIDE;chap->v.24: dieu esprit ceux ladorent ladorent esprit verite
Jean 6:49;VGR;63-1110M;235;EXACT;ont mange manne desert morts [couverture 5/7]
Jean 14:12;VGR;63-1110M;116;EXACT;celui croit moi fera lui uvres fais parce [couverture 9/14]
Matthieu 6:9-13;VGR;63-1110M;412;EXACT;pere cieux nom soit sanctifie regne vienne volonte [couverture 5/7]
Matthieu 23:0;VGR;63-1110M;244;VALIDE;chap->v.27: malheur scribes pharisiens hypocrites ressemblez sepulcres blanchis paraissent
Matthieu 23:0;VGR;63-1110M;245;VALIDE;chap->v.27: malheur scribes pharisiens hypocrites ressemblez sepulcres blanchis paraissent
Matthieu 23:7;VGR;63-1110M;243;PARTIEL;commencé, pas achevé — hommes
Apocalypse 1:0;VGR;65-0725E;147;VALIDE;chap->v.20: mystere sept sept sept anges sept sept
Esaie 40:0;VGR;65-0725E;74;VALIDE;chap->v.2: cur jerusalem lui accompli quelle main
Jean 14:0;VGR;65-0725E;118;VALIDE;chap->v.6: jesus lui moi suis chemin vie vient moi
Jean 14:12;VGR;65-0725E;116;EXACT;croit moi fera uvres fais [couverture 7/14]
Luc 17:22;VGR;65-0725E;117;VALIDE;jours fils lhomme
Luc 17:30;VGR;65-0725E;148;EXACT;sera meme jour fils lhomme [couverture 6/7]
Luc 17:30;VGR;65-0725E;172;VALIDE;sera meme manifeste
Malachie 3:0;VGR;65-0725E;101;VALIDE;chap->v.17: seront moi leternel armees jour
Malachie 3:0;VGR;65-0725E;105;VALIDE;chap->v.1: voici jenvoie messager devant seigneur
Malachie 3:0;VGR;65-0725E;107;VALIDE;chap->v.1: voici jenvoie messager devant seigneur
Malachie 4:0;VGR;65-0725E;107;VALIDE;chap->v.5: voici elie prophete avant jour
Matthieu 21:1;VGR;65-0725E;28;EXACT;approcherent jerusalem quils furent arrives bethphage montagne oliviers [couverture 12/13]
Psaumes 22:0;VGR;65-0725E;85;VALIDE;chap->v.16: mont ont perce mes mains mes pieds
Zacharie 9:0;VGR;65-0725E;96;VALIDE;chap->v.9: toi fille sion pousse cris joie fille jerusalem
Zacharie 14:0;VGR;65-0725E;96;VALIDE;chap->v.4: pieds tiendront jour montagne oliviers face jerusalem lorient
Apocalypse 1:0;VGR;65-0822E;30;VALIDE;chap->v.9: moi suis frere royaume jesus parole
Ephesiens 5:26;VGR;65-0822E;19;PARTIEL;commencé, pas achevé — quil
Ephesiens 5:26;VGR;65-0822E;103;VALIDE;quil lavage parole
Exode 19:0;VGR;65-0822E;97;VALIDE;chap->v.13: main quelle soit homme cor
Malachie 4:0;VGR;65-0822E;157;VALIDE;chap->v.3: vos pieds jour
Matthieu 24:24;VGR;65-0822E;151;VALIDE;possible meme elus
Nombres 19:9;VGR;65-0822E;19;PARTIEL;commencé, pas achevé — homme
Nombres 19:9;VGR;65-0822E;23;EXACT;homme pur ramassera cendre genisse deposera hors camp [couverture 14/14]
Apocalypse 1:1;SKN;65-0801E;14;EXACT;revelation jesus christ dieu lui montrer choses arriver [couverture 5/14]
Apocalypse 10:0;SKN;65-0801E;129;VALIDE;chap->v.6: celui vit ciel choses terre choses choses quil
Esaie 9:6;SKN;65-0801E;44;VALIDE;enfant sera dieu
Esaie 9:6;SKN;65-0801E;105;VALIDE;sera conseiller dieu pere
Esaie 40:3;SKN;65-0801E;91;EXACT;voix celui crie desert preparez chemin dieu [couverture 7/12]
Esaie 40:3;SKN;65-0801E;95;VALIDE;desert chemin dieu
Esaie 50:6;SKN;65-0801E;122;PARTIEL;commencé, pas achevé — donne mes
Esaie 53:7;SKN;65-0801E;122;PARTIEL;commencé, pas achevé — devant
Esaie 53:9;SKN;65-0801E;122;VALIDE;lui donna riche mort quil avait
Esaie 53:12;SKN;65-0801E;122;VALIDE;cest pourquoi lui part quil aura ame
Genese 22:0;SKN;65-0801E;122;VALIDE;chap->v.7: isaac parla abraham pere pere voici fils voici
Hebreux 1:1;SKN;65-0801E;49;EXACT;dieu plusieurs reprises manieres prophetes [couverture 6/10]
Hebreux 13:8;SKN;65-0801E;126;VALIDE;jesus meme hier aujourdhui
Hebreux 13:8;SKN;65-0801E;131;VALIDE;jesus meme hier aujourdhui
Jean 15:0;SKN;65-0801E;129;VALIDE;chap->v.15: appelle appeles amis parce connaitre entendu pere
Luc 17:0;SKN;65-0801E;129;VALIDE;chap->v.4: fois jour toi fois retourne toi lui
Malachie 3:0;SKN;65-0801E;18;VALIDE;chap->v.1: voici jenvoie messager chemin devant moi seigneur
Malachie 3:0;SKN;65-0801E;91;VALIDE;chap->v.1: voici jenvoie messager chemin devant seigneur
Malachie 3:0;SKN;65-0801E;95;VALIDE;chap->v.14: dieu quel quil
Malachie 3:0;SKN;65-0801E;122;VALIDE;chap->v.1: voici messager devant moi seigneur
Malachie 4:0;SKN;65-0801E;129;VALIDE;chap->v.5: voici prophete avant grand jour
Psaumes 16:10;SKN;65-0801E;122;VALIDE;ame saint voie corruption
Psaumes 22:0;SKN;65-0801E;122;VALIDE;chap->v.1: dieu dieu pourquoi mas abandonne tenant paroles
Psaumes 22:7;SKN;65-0801E;122;PARTIEL;commencé, pas achevé — moi
Psaumes 22:18;SKN;65-0801E;122;PARTIEL;commencé, pas achevé — mes vetements
Psaumes 35:11;SKN;65-0801E;122;PARTIEL;commencé, pas achevé — temoins choses
Psaumes 41:9;SKN;65-0801E;122;VALIDE;ami leve moi
Romains 8:0;SKN;65-0801E;68;VALIDE;chap->v.3: etait etait chair dieu envoye fils chair
Zacharie 11:12;SKN;65-0801E;122;EXACT;dis cela vos moi pieces dargent [couverture 5/14]
Zacharie 13:7;SKN;65-0801E;122;PARTIEL;commencé, pas achevé — toi
Apocalypse 1:1;SKN;65-0822M;50;EXACT;revelation jesus christ dieu lui donnee montrer choses [couverture 9/14]
Apocalypse 10:1;SKN;65-0822M;158;VALIDE;vis ange ciel tete
Apocalypse 10:1;SKN;65-0822M;162;EXACT;vis autre ange ciel tete [couverture 6/14]
Apocalypse 22:18;SKN;65-0822M;136;VALIDE;livre ajoute dieu lui
Esaie 53:1;SKN;65-0822M;124;PARTIEL;commencé, pas achevé — avons revele
Galates 1:8;SKN;65-0822M;128;VALIDE;memes ange ciel avons soit anatheme
Hebreux 1:1;SKN;65-0822M;16;EXACT;dieu autrefois plusieurs reprises manieres parle peres prophetes [couverture 9/10]
Hebreux 1:1;SKN;65-0822M;52;EXACT;dieu autrefois plusieurs reprises parle peres prophetes [couverture 8/10]
Hebreux 1:1;SKN;65-0822M;101;EXACT;dieu plusieurs reprises manieres parle peres prophetes [couverture 7/10]
Hebreux 4:12;SKN;65-0822M;66;VALIDE;parole dieu epee deux tranchants
Hebreux 4:12;SKN;65-0822M;110;PARTIEL;commencé, pas achevé — parole dieu
Hebreux 13:8;SKN;65-0822M;79;VALIDE;jesus christ meme hier eternellement
Jean 1:1;SKN;65-0822M;16;VALIDE;commencement etait parole dieu
Jean 1:14;SKN;65-0822M;54;EXACT;parole chair fils part pere [couverture 5/14]
Jean 14:12;SKN;65-0822M;158;VALIDE;moi lui parce men
Jean 15:24;SKN;65-0822M;158;VALIDE;maintenant ont moi
Jeremie 1:6;SKN;65-0822M;120;VALIDE;dis parler suis
Luc 17:30;SKN;65-0822M;155;EXACT;sera meme jour fils [couverture 5/7]
Luc 17:30;SKN;65-0822M;158;VALIDE;sera meme jour fils
Malachie 4:0;SKN;65-0822M;154;VALIDE;chap->v.6: cur peres fils cur fils peres peur vienne
Malachie 4:0;SKN;65-0822M;158;VALIDE;chap->v.1: jour vient jour vient
Malachie 4:0;SKN;65-0822M;159;VALIDE;chap->v.1: jour vient jour vient
Apocalypse 1:1;VGR;65-0801E;14;EXACT;revelation jesus christ dieu lui montrer choses arriver [couverture 5/14]
Esaie 9:6;VGR;65-0801E;44;VALIDE;enfant sera dieu
Esaie 9:6;VGR;65-0801E;105;EXACT;sera appellera nom conseiller dieu pere [couverture 5/14]
Esaie 40:3;VGR;65-0801E;91;EXACT;voix celui crie desert preparez chemin dieu [couverture 7/12]
Esaie 40:3;VGR;65-0801E;95;VALIDE;celui desert chemin dieu
Esaie 50:6;VGR;65-0801E;122;PARTIEL;commencé, pas achevé — mes
Esaie 53:7;VGR;65-0801E;122;PARTIEL;commencé, pas achevé — devant
Esaie 53:9;VGR;65-0801E;122;EXACT;lui sepulcre riche mort quil avait [couverture 5/14]
Esaie 53:12;VGR;65-0801E;122;VALIDE;cest pourquoi lui part quil aura ame
Genese 22:0;VGR;65-0801E;122;VALIDE;chap->v.3: abraham bon matin lui deux hommes isaac fils
Hebreux 1:1;VGR;65-0801E;49;EXACT;dieu plusieurs manieres prophetes [couverture 5/10]
Hebreux 13:8;VGR;65-0801E;126;EXACT;jesus meme hier aujourdhui eternellement [couverture 5/6]
Hebreux 13:8;VGR;65-0801E;131;VALIDE;jesus meme hier aujourdhui eternellement
Jean 15:0;VGR;65-0801E;129;VALIDE;chap->v.15: appelle appeles amis parce connaitre entendu pere
Luc 17:0;VGR;65-0801E;129;VALIDE;chap->v.4: fois jour toi fois retourne toi lui
Malachie 3:0;VGR;65-0801E;18;VALIDE;chap->v.1: voici jenvoie messager chemin devant moi seigneur
Malachie 3:0;VGR;65-0801E;91;VALIDE;chap->v.1: voici jenvoie messager chemin devant seigneur
Malachie 3:0;VGR;65-0801E;95;VALIDE;chap->v.18: alors celui dieu celui
Malachie 3:0;VGR;65-0801E;122;VALIDE;chap->v.7: jours vos mes avez moi
Malachie 4:0;VGR;65-0801E;129;VALIDE;chap->v.5: voici prophete avant grand jour
Psaumes 16:10;VGR;65-0801E;122;VALIDE;ame saint voie corruption
Psaumes 22:0;VGR;65-0801E;122;VALIDE;chap->v.1: dieu dieu pourquoi mas abandonne tenant paroles
Psaumes 22:7;VGR;65-0801E;122;PARTIEL;commencé, pas achevé — moi
Psaumes 22:18;VGR;65-0801E;122;PARTIEL;commencé, pas achevé — mes vetements
Psaumes 35:11;VGR;65-0801E;122;PARTIEL;commencé, pas achevé — temoins choses
Psaumes 41:9;VGR;65-0801E;122;PARTIEL;commencé, pas achevé — ami moi
Romains 8:0;VGR;65-0801E;68;VALIDE;chap->v.3: etait etait chair dieu envoye fils chair
Zacharie 11:12;VGR;65-0801E;122;VALIDE;dis bon vos moi pieces dargent
Zacharie 13:7;VGR;65-0801E;122;PARTIEL;commencé, pas achevé — toi
Apocalypse 1:1;VGR;65-0822M;50;EXACT;revelation jesus christ dieu lui donnee montrer choses [couverture 7/14]
Apocalypse 10:1;VGR;65-0822M;158;VALIDE;vis ange ciel tete
Apocalypse 10:1;VGR;65-0822M;162;EXACT;vis autre ange ciel dune tete [couverture 7/14]
Apocalypse 22:18;VGR;65-0822M;136;VALIDE;livre ajoute dieu lui
Esaie 53:1;VGR;65-0822M;124;PARTIEL;commencé, pas achevé — avons revele
Galates 1:8;VGR;65-0822M;128;VALIDE;memes ange ciel avons quil soit anatheme
Hebreux 1:1;VGR;65-0822M;16;EXACT;dieu autrefois plusieurs reprises manieres parle peres prophetes [couverture 9/10]
Hebreux 1:1;VGR;65-0822M;52;EXACT;dieu autrefois plusieurs reprises parle peres prophetes [couverture 8/10]
Hebreux 1:1;VGR;65-0822M;101;VALIDE;dieu plusieurs reprises manieres parle peres prophetes
Hebreux 4:12;VGR;65-0822M;66;VALIDE;parole dieu epee deux tranchants jusqua lesprit
Hebreux 4:12;VGR;65-0822M;110;PARTIEL;commencé, pas achevé — parole dieu
Jean 1:1;VGR;65-0822M;16;VALIDE;commencement etait parole dieu
Jean 1:14;VGR;65-0822M;54;EXACT;parole chair fils part pere [couverture 5/14]
Jean 14:12;VGR;65-0822M;158;VALIDE;moi lui parce men vais
Jean 15:24;VGR;65-0822M;158;VALIDE;maintenant ont moi
Jeremie 1:6;VGR;65-0822M;120;PARTIEL;commencé, pas achevé — dis parler
Luc 17:30;VGR;65-0822M;155;EXACT;sera meme jour fils lhomme [couverture 6/7]
Luc 17:30;VGR;65-0822M;158;VALIDE;sera meme jour fils
Malachie 4:0;VGR;65-0822M;154;VALIDE;chap->v.6: cur peres fils cur fils peres peur vienne
Malachie 4:0;VGR;65-0822M;158;VALIDE;chap->v.1: jour vient jour vient
Malachie 4:0;VGR;65-0822M;159;VALIDE;chap->v.1: jour vient jour vient
Apocalypse 1:1-10;SKN;60-1231;102;VALIDE;jesus lui arriver
Apocalypse 1:10;SKN;60-1231;102;EXACT;fus esprit derriere moi grande voix trompette [couverture 7/11]
Apocalypse 1:10;SKN;60-1231;108;VALIDE;derriere grande voix trompette
Apocalypse 3:8;SKN;60-1231;94;EXACT;connais tes voici mis devant toi porte ouverte [couverture 10/14]
Apocalypse 4:2;SKN;60-1231;128;VALIDE;champ fus esprit voici trone etait place ciel
Apocalypse 19:0;SKN;60-1231;61;VALIDE;chap->v.7: rejouissons donnons lui gloire noces venues preparee
Apocalypse 19:0;SKN;60-1231;92;VALIDE;chap->v.8: lui donne fin lin eclatant pur fin lin
Apocalypse 21:0;SKN;60-1231;108;VALIDE;chap->v.3: grande voix ciel disant voici dieu eux peuple
Jean 10:0;SKN;60-1231;94;VALIDE;chap->v.12: berger brebis voit venir loup brebis
Jean 20:21;SKN;60-1231;128;VALIDE;jesus paix soit pere envoye moi envoie
Jean 21:20;SKN;60-1231;128;VALIDE;pierre disciple jesus aimait penche poitrine avait seigneur
Matthieu 16:13;SKN;60-1231;127;EXACT;lorsque jesus fut venu cesaree philippe disciples disant [couverture 7/14]
Apocalypse 1:7;SKN;51-0508;22;VALIDE;ceux terre lui
Ephesiens 4:30;SKN;51-0508;49;VALIDE;nattristez saint dieu lequel avez scelles jour redemption
Hebreux 11:1;SKN;51-0508;18;EXACT;foi choses quon espere celles voit [couverture 7/9]
Jean 4:0;SKN;51-0508;22;VALIDE;chap->v.10: jesus lui don dieu donne moi lui
Apocalypse 1:7;SKN;62-0909E;28;VALIDE;terre lui amen
Apocalypse 1:7;SKN;62-0909E;30;VALIDE;terre lui amen
Esaie 6:5;SKN;62-0909E;31;VALIDE;malheur moi suis homme levres impures milieu dun
Exode 3:0;SKN;62-0909E;18;VALIDE;chap->v.6: dieu dieu dabraham dieu disaac dieu jacob moise
Exode 19:19;SKN;62-0909E;20;VALIDE;moise dieu lui voix
Ezechiel 33:0;SKN;62-0909E;54;VALIDE;chap->v.5: lui alors avait ame
Hebreux 11:0;SKN;62-0909E;80;VALIDE;chap->v.9: terre terre etrangere tentes meme
Luc 5:8;SKN;62-0909E;22;EXACT;pierre cela seigneur moi suis homme [couverture 6/14]
Psaumes 16:0;SKN;62-0909E;76;VALIDE;chap->v.8: toujours leternel devant moi parce quil serai
Psaumes 16:8;SKN;62-0909E;74;EXACT;toujours leternel devant moi parce quil serai [couverture 6/11]
Apocalypse 1:7;VGR;62-0909E;28;VALIDE;voici ceux terre lui amen
Esaie 6:5;VGR;62-0909E;29;VALIDE;malheur moi suis homme levres impures milieu dun
Exode 3:0;VGR;62-0909E;17;VALIDE;chap->v.6: dieu dieu dabraham dieu dieu jacob moise
Exode 19:19;VGR;62-0909E;18;VALIDE;moise dieu lui voix
Ezechiel 33:0;VGR;62-0909E;51;VALIDE;chap->v.10: dis avez parle nos nos peches
Hebreux 11:0;VGR;62-0909E;77;VALIDE;chap->v.16: maintenant cest cest pourquoi dieu dieu
Luc 5:8;VGR;62-0909E;20;VALIDE;pierre seigneur retire moi suis homme
Psaumes 16:0;VGR;62-0909E;74;VALIDE;chap->v.8: toujours leternel devant moi parce quil serai
Psaumes 16:8;VGR;62-0909E;72;EXACT;toujours leternel devant moi parce quil serai [couverture 6/11]
Apocalypse 1:10;VGR;60-1231;98;EXACT;esprit derriere moi grande voix dune trompette [couverture 7/11]
Apocalypse 1:10;VGR;60-1231;104;VALIDE;derriere grande voix dune trompette
Apocalypse 3:8;VGR;60-1231;90;EXACT;connais tes uvres voici jai mis devant toi [couverture 12/14]
Apocalypse 4:2;VGR;60-1231;143;EXACT;fus esprit voici trone etait ciel quelquun assis [couverture 5/12]
Apocalypse 11:10;VGR;60-1231;98;PARTIEL;commencé, pas achevé — terre
Apocalypse 19:0;VGR;60-1231;59;VALIDE;chap->v.7: rejouissons donnons lui gloire noces lagneau venues sest
Apocalypse 19:0;VGR;60-1231;88;VALIDE;chap->v.7: rejouissons donnons lui gloire noces lagneau venues sest
Apocalypse 21:0;VGR;60-1231;104;VALIDE;chap->v.1: ciel terre premier ciel terre etaient
Jean 10:0;VGR;60-1231;90;VALIDE;chap->v.16: jai brebis bergerie seul seul berger
Jean 20:21;VGR;60-1231;137;PARTIEL;commencé, pas achevé — jesus moi
Jean 21:20;VGR;60-1231;137;EXACT;pierre disciple jesus aimait penche poitrine avait [couverture 7/14]
Matthieu 16:13;VGR;60-1231;123;EXACT;jesus cesaree philippe disciples disent suis moi [couverture 7/14]
Apocalypse 1:17;VGR;65-0410;21;VALIDE;pieds mort disant premier dernier
Apocalypse 1:17-18;VGR;65-0410;21;VALIDE;pieds mort disant premier dernier
Galates 1:8;VGR;65-0410;43;EXACT;ange ciel quil soit anatheme [couverture 5/11]
Hebreux 13:8;VGR;65-0410;187;EXACT;jesus meme hier aujourdhui eternellement [couverture 5/6]
Jean 1:0;VGR;65-0410;54;VALIDE;chap->v.1: commencement etait parole parole etait dieu parole etait
Jean 5:24;VGR;65-0410;89;EXACT;verite celui entend parole croit envoye vie eternelle [couverture 13/14]
Jean 14:0;VGR;65-0410;88;VALIDE;chap->v.6: jesus lui moi verite vie vient moi
Jean 14:12;VGR;65-0410;119;VALIDE;lui uvres fais
Matthieu 27:51;VGR;65-0410;208;PARTIEL;commencé, pas achevé — terre
Matthieu 28:1;VGR;65-0410;21;VALIDE;jour sabbat premier semaine marie magdala lautre voir
Matthieu 28:1-10;VGR;65-0410;21;VALIDE;jour sabbat premier semaine marie magdala lautre voir
Romains 8:0;VGR;65-0410;37;VALIDE;chap->v.11: lesprit celui ressuscite jesus dentre morts habite celui
Romains 8:11;VGR;65-0410;21;EXACT;ressuscite jesus dentre morts vos corps [couverture 8/14]
Romains 8:11;VGR;65-0410;275;EXACT;lesprit celui ressuscite dentre morts christ vos corps [couverture 11/14]
Apocalypse 2:0;SKN;54-0220;35;VALIDE;chap->v.7: celui ecoute celui lui larbre vie dieu
Apocalypse 12:0;SKN;54-0220;31;VALIDE;chap->v.1: femme soleil lune pieds tete douze etoiles
Apocalypse 17:0;SKN;54-0220;56;VALIDE;chap->v.8: bete etait nest aller ceux terre ecrits
Jean 5:19;SKN;54-0220;60;EXACT;jesus verite dis fils rien lui meme quil [couverture 13/14]
Apocalypse 2:0;SKN;55-1006A;38;VALIDE;chap->v.17: celui celui vaincra lui donnerai manne cachee lui
Apocalypse 2:0;VGR;64-0802;427;VALIDE;chap->v.7: celui oreilles lesprit celui vaincra donnerai manger larbre
Apocalypse 2:7;VGR;64-0802;427;EXACT;celui oreilles lesprit vaincra donnerai manger larbre vie [couverture 11/14]
Apocalypse 6:14;VGR;64-0802;184;VALIDE;ciel retira livre
Apocalypse 11:0;VGR;64-0802;484;VALIDE;chap->v.6: ont ciel quil tombe ont
Apocalypse 21:0;VGR;64-0802;52;VALIDE;chap->v.1: vis nouveau ciel nouvelle terre ciel terre sen
Apocalypse 21:0;VGR;64-0802;172;VALIDE;chap->v.1: nouveau terre terre mer
Apocalypse 21:0;VGR;64-0802;305;VALIDE;chap->v.1: vis nouveau ciel nouvelle terre ciel terre nest
Apocalypse 21:0;VGR;64-0802;402;VALIDE;chap->v.1: vis terre terre sen nest
Apocalypse 21:2;VGR;64-0802;186;EXACT;vis nouvelle jerusalem ciel daupres dieu [couverture 6/13]
Apocalypse 21:3;VGR;64-0802;440;VALIDE;voix dieu peuple
Apocalypse 21:18;VGR;64-0802;425;PARTIEL;commencé, pas achevé — etait dor
Apocalypse 21:23;VGR;64-0802;401;VALIDE;besoin gloire dieu lagneau
Ephesiens 1:10;VGR;64-0802;239;EXACT;plenitude temps choses christ terre lui [couverture 6/12]
Esaie 4:5;VGR;64-0802;385;VALIDE;leternel sion jour feu
Esaie 9:6;VGR;64-0802;486;EXACT;enfant sera epaule appellera nom conseiller dieu pere [couverture 8/14]
Esaie 65:0;VGR;64-0802;60;VALIDE;chap->v.22: batiront quun autre habite planteront quun autre mange
Esaie 65:17;VGR;64-0802;60;EXACT;cree nouveaux cieux nouvelle terre ont [couverture 5/12]
Esaie 65:25;VGR;64-0802;381;VALIDE;sera fera tort
Genese 1:1;VGR;64-0802;76;PARTIEL;commencé, pas achevé — dieu
Hebreux 4:0;VGR;64-0802;133;VALIDE;chap->v.2: meme parole rien
Hebreux 11:0;VGR;64-0802;311;VALIDE;chap->v.4: dieu sacrifice sacrifice juste dieu
Jean 14:0;VGR;64-0802;56;VALIDE;chap->v.10: suis pere pere dis dis pere demeure
Jean 14:0;VGR;64-0802;270;VALIDE;chap->v.6: jesus lui moi chemin vie vient moi
Jean 14:0;VGR;64-0802;294;VALIDE;chap->v.3: men vais prepare place reviendrai prendrai moi afin
Jean 14:0;VGR;64-0802;298;VALIDE;chap->v.3: men vais prepare place reviendrai prendrai afin suis
Malachie 3:0;VGR;64-0802;81;VALIDE;chap->v.15: maintenant ceux meme meme dieu
Matthieu 5:5;VGR;64-0802;193;VALIDE;debonnaires cest heriteront terre
Matthieu 19:28;VGR;64-0802;177;EXACT;jesus regeneration lhomme assis serez [couverture 6/14]
Tite 3:5;VGR;64-0802;176;PARTIEL;commencé, pas achevé — regeneration
Apocalypse 2:10;SKN;61-0101;288;PARTIEL;commencé, pas achevé — maniere choses
Apocalypse 3:21;SKN;61-0101;288;VALIDE;lui trone vaincu suis
Apocalypse 20:4;SKN;61-0101;288;VALIDE;trones etaient jugement avaient jesus
Apocalypse 21:10;SKN;61-0101;147;EXACT;esprit grande haute montagne montra sainte jerusalem ciel [couverture 9/13]
Daniel 7:0;SKN;61-0101;289;VALIDE;chap->v.10: fleuve feu coulait sortait devant lui milliers servaient
Daniel 7:0;SKN;61-0101;291;VALIDE;chap->v.10: fleuve feu coulait sortait devant lui milliers servaient
Ezechiel 1:0;SKN;61-0101;151;VALIDE;chap->v.1: trentieme annee quatrieme mois cinquieme jour mois milieu
Genese 8:20-22;SKN;61-0101;178;EXACT;noe batit autel prit bete pure oiseau pur [couverture 10/12]
Genese 9:0;SKN;61-0101;173;VALIDE;chap->v.17: dieu noe signe moi chair terre
Genese 9:13;SKN;61-0101;173;VALIDE;arc signe moi terre
Genese 48:0;SKN;61-0101;138;VALIDE;chap->v.9: joseph mes dieu ici moi
Hebreux 6:12;SKN;61-0101;199;PARTIEL;commencé, pas achevé — afin avait
Hebreux 9:23;SKN;61-0101;212;VALIDE;etait choses memes
Hebreux 13:0;SKN;61-0101;199;VALIDE;chap->v.20: dieu grand eternelle
Jean 1:5;SKN;61-0101;171;PARTIEL;commencé, pas achevé — lumiere
Marc 16:0;SKN;61-0101;261;VALIDE;chap->v.17: accompagneront ceux auront cru demons langues
Matthieu 17:0;SKN;61-0101;135;VALIDE;chap->v.1: prend lui pierre jean montagne
Matthieu 19:28;SKN;61-0101;288;VALIDE;jesus dis trone
Apocalypse 2:10;VGR;61-0101;282;PARTIEL;commencé, pas achevé — choses
Apocalypse 3:21;VGR;61-0101;282;EXACT;lui trone jai vaincu suis assis [couverture 5/14]
Apocalypse 20:4;VGR;61-0101;282;VALIDE;trones etaient assis jugement avaient jesus
Apocalypse 21:10;VGR;61-0101;141;EXACT;esprit grande haute montagne montra sainte jerusalem ciel [couverture 10/13]
Daniel 7:0;VGR;61-0101;283;VALIDE;chap->v.10: fleuve feu coulait sortait devant lui milliers servaient
Daniel 7:0;VGR;61-0101;285;VALIDE;chap->v.9: jusqua trones places lancien jours sassit vetement etait
Ezechiel 1:0;VGR;61-0101;145;VALIDE;chap->v.1: trentieme annee quatrieme mois cinquieme jour mois jetais
Genese 8:20;VGR;61-0101;173;EXACT;noe autel leternel prit bete pure oiseau pur [couverture 11/12]
Genese 9:0;VGR;61-0101;167;VALIDE;chap->v.17: dieu noe cest signe lalliance moi terre
Genese 9:13;VGR;61-0101;167;EXACT;arc nuee signe dalliance moi terre [couverture 6/8]
Genese 48:0;VGR;61-0101;132;VALIDE;chap->v.13: joseph ephraim main disrael main disrael
Hebreux 6:12;VGR;61-0101;194;PARTIEL;commencé, pas achevé — avait
Hebreux 9:23;VGR;61-0101;207;VALIDE;etait choses memes
Jean 1:5;VGR;61-0101;165;PARTIEL;commencé, pas achevé — lumiere lont
Marc 16:0;VGR;61-0101;255;VALIDE;chap->v.17: signes accompagneront ceux auront cru demons langues
Matthieu 17:0;VGR;61-0101;129;VALIDE;chap->v.1: prend lui pierre jean montagne
Matthieu 19:28;VGR;61-0101;282;VALIDE;jesus dis assis trone
Apocalypse 3:0;SKN;58-1130;67;VALIDE;chap->v.2: reste sen dieu
Esaie 21:1-12;SKN;58-1130;1;EXACT;desert mer midi vient pays terrible vision revelee [couverture 7/11]
Apocalypse 3:0;SKN;59-1128;13;VALIDE;chap->v.18: conseille dacheter moi lor passe feu afin deviennes
Apocalypse 3:17;SKN;59-1128;13;VALIDE;parce dis suis riche enrichi nai besoin rien
Apocalypse 3:0;SKN;62-1124B;13;VALIDE;chap->v.17: dis riche besoin rien malheureux miserable pauvre
Apocalypse 3:0;SKN;62-1124B;15;VALIDE;chap->v.17: dis riche besoin rien malheureux miserable pauvre
Esaie 9:6;SKN;62-1124B;59;VALIDE;enfant fils donne sera nom dieu pere
Luc 24:49;SKN;62-1124B;55;VALIDE;voici moi pere ville soyez den haut
Matthieu 5:0;SKN;62-1124B;64;VALIDE;chap->v.19: aura aura ainsi hommes appele petit royaume
Apocalypse 3:0;SKN;63-1229M;210;VALIDE;chap->v.12: dieu jamais dehors nom dieu nom
Genese 1:0;SKN;63-1229M;103;VALIDE;chap->v.31: dieu quil avait voici cela etait bon eut
Genese 1:3;SKN;63-1229M;58;EXACT;dieu lumiere soit fut [couverture 5/5]
Genese 1:3;SKN;63-1229M;89;VALIDE;dieu lumiere soit
Genese 3:0;SKN;63-1229M;64;VALIDE;chap->v.22: dieu lun maintenant quil main
Hebreux 13:8;SKN;63-1229M;216;EXACT;jesus christ meme hier aujourdhui eternellement [couverture 6/6]
Jean 14:12;SKN;63-1229M;218;VALIDE;fais grandes parce men vais
Joel 2:28;SKN;63-1229M;104;EXACT;cela repandrai esprit chair vos fils filles prophetiseront [couverture 11/14]
Malachie 4:0;SKN;63-1229M;160;VALIDE;chap->v.1: jour ceux jour
Marc 16:0;SKN;63-1229M;246;VALIDE;chap->v.17: ici accompagneront ceux auront cru nom chasseront demons
Matthieu 24:0;SKN;63-1229M;249;VALIDE;chap->v.21: alors grande quil monde jusqua maintenant quil jamais
Nombres 24:17;SKN;63-1229M;92;VALIDE;maintenant etoile jacob selevera
Psaumes 22:0;SKN;63-1229M;147;VALIDE;chap->v.16: ont perce mes mains mes pieds
Apocalypse 3:0;SKN;64-0119;48;VALIDE;chap->v.12: dieu dehors lui dieu
Esaie 6:0;SKN;64-0119;123;VALIDE;chap->v.5: dis suis suis homme dun
Esaie 60:1;SKN;64-0119;89;EXACT;leve toi lumiere venue [couverture 5/10]
Hebreux 13:8;SKN;64-0119;168;EXACT;jesus meme hier aujourdhui eternellement [couverture 5/6]
Jean 14:12;SKN;64-0119;100;EXACT;verite dis lui fais grandes parce men vais [couverture 5/14]
Psaumes 62:1-8;SKN;64-0119;5;EXACT;dieu ame repose lui vient salut rocher haute [couverture 6/8]
Apocalypse 3:0;SKN;64-0125;112;VALIDE;chap->v.12: dieu jamais dehors lui nom dieu nom
Apocalypse 17:0;SKN;64-0125;115;VALIDE;chap->v.10: lun venu venu temps
Esaie 42:1-7;SKN;64-0125;15;EXACT;voici serviteur soutiens elu ame plaisir esprit lui [couverture 9/14]
Hebreux 13:8;SKN;64-0125;29;VALIDE;jesus christ meme hier
Jean 15:0;SKN;64-0125;90;VALIDE;chap->v.2: sarment porte fruit sarment porte fruit porte fruit
Joel 2:28;SKN;64-0125;74;PARTIEL;commencé, pas achevé — apres cela
Malachie 4:0;SKN;64-0125;81;VALIDE;chap->v.6: fera fils fils
Malachie 4:0;SKN;64-0125;122;VALIDE;chap->v.5: prophete grand jour
Matthieu 4:0;SKN;64-0125;16;VALIDE;chap->v.16: peuple assis tenebres grande lumiere ceux assis region
Matthieu 4:15-16;SKN;64-0125;15;EXACT;terre zabulon mer jourdain galilee nations peuple assis [couverture 6/10]
Matthieu 24:0;SKN;64-0125;135;VALIDE;chap->v.2: lui voyez choses dis sera ici
Apocalypse 3:0;SKN;64-0312;162;VALIDE;chap->v.12: celui dieu lui nom dieu nom
Hebreux 4:0;SKN;64-0312;155;VALIDE;chap->v.12: parole dieu penetrante epee deux tranchants
Hebreux 4:0;SKN;64-0312;182;VALIDE;chap->v.14: ayant souverain sacrificateur jesus dieu
Hebreux 13:8;SKN;64-0312;107;VALIDE;meme hier eternellement
Hebreux 13:8;SKN;64-0312;137;VALIDE;jesus meme hier eternellement
Jean 14:8;SKN;64-0312;137;PARTIEL;commencé, pas achevé — lui cela
Jean 14:9;SKN;64-0312;137;VALIDE;jesus lui celui dis
Luc 17:28;SKN;64-0312;138;VALIDE;meme arriva jours
Luc 24:0;SKN;64-0312;10;VALIDE;chap->v.13: voici deux eux etaient meme jour chemin aller
Malachie 4:0;SKN;64-0312;158;VALIDE;chap->v.6: peres fils fils peres
Psaumes 22:0;SKN;64-0312;92;VALIDE;chap->v.1: dieu dieu pourquoi abandonne
Apocalypse 3:0;SKN;64-0313;101;VALIDE;chap->v.10: parole moi venir terre
Esaie 35:0;SKN;64-0313;98;VALIDE;chap->v.8: sera appele sera vont
Hebreux 1:1;SKN;64-0313;44;EXACT;dieu plusieurs reprises manieres parle peres prophetes [couverture 8/10]
Hebreux 4:0;SKN;64-0313;115;VALIDE;chap->v.15: souverain sacrificateur puisse nos infirmites avons choses
Luc 17:0;SKN;64-0313;92;VALIDE;chap->v.26: arriva jours ainsi sera jours fils
Luc 17:30;SKN;64-0313;86;EXACT;sera meme jour fils manifeste [couverture 6/7]
Malachie 3:0;SKN;64-0313;55;VALIDE;chap->v.1: voici messager devant moi seigneur
Malachie 3:0;SKN;64-0313;78;VALIDE;chap->v.18: juste mechant celui dieu celui
Malachie 4:0;SKN;64-0313;66;VALIDE;chap->v.5: elie prophete grand jour
Malachie 4:0;SKN;64-0313;78;VALIDE;chap->v.5: voici elie prophete avant grand terrible jour
Malachie 4:0;SKN;64-0313;94;VALIDE;chap->v.6: peres fils fils peres
Malachie 4:0;SKN;64-0313;106;VALIDE;chap->v.1: jour vient jour vient
Matthieu 24:0;SKN;64-0313;85;VALIDE;chap->v.2: lui voyez dis sera laisse
Nombres 12:6;SKN;64-0313;20;PARTIEL;commencé, pas achevé — prophete moi
Nombres 12:6;SKN;64-0313;44;VALIDE;prophete moi lui
Apocalypse 3:0;SKN;64-0411;78;VALIDE;chap->v.2: reste mourir nai trouve dieu
Marc 11:0;SKN;64-0411;40;VALIDE;chap->v.29: jesus moi chose moi fais choses
Apocalypse 3:0;SKN;64-0500;22;VALIDE;chap->v.21: celui lui moi trone moi suis pere trone
Hebreux 4:0;SKN;64-0500;39;VALIDE;chap->v.8: avait parle apres cela autre jour
Hebreux 4:12;SKN;64-0500;84;VALIDE;parole dieu deux
Luc 17:0;SKN;64-0500;41;VALIDE;chap->v.31: jour celui sera celui sera retourne
Malachie 3:0;SKN;64-0500;11;VALIDE;chap->v.1: voici messager chemin devant moi seigneur viendra
Malachie 3:0;SKN;64-0500;12;VALIDE;chap->v.1: voici messager chemin devant moi seigneur viendra
Malachie 4:0;SKN;64-0500;11;VALIDE;chap->v.5: voici elie prophete avant grand terrible jour
Malachie 4:0;SKN;64-0500;12;VALIDE;chap->v.5: voici elie prophete avant grand terrible jour
Marc 11:23;SKN;64-0500;65;PARTIEL;commencé, pas achevé — dis montagne
Matthieu 11:0;SKN;64-0500;11;VALIDE;chap->v.10: ici celui ecrit voici moi messager devant face
Matthieu 11:0;SKN;64-0500;12;VALIDE;chap->v.10: ici celui ecrit voici moi messager devant face
Matthieu 11:9;SKN;64-0500;11;VALIDE;alles voir prophete dis
Apocalypse 3:0;SKN;65-0429E;20;VALIDE;chap->v.17: parce dis suis riche suis nai besoin rien
Apocalypse 17:0;SKN;65-0429E;20;VALIDE;chap->v.1: sept anges avaient sept coupes vint parla disant
Esaie 53:2;SKN;65-0429E;20;VALIDE;devant lui terre forme voyons desirer
Hebreux 13:8;SKN;65-0429E;20;VALIDE;jesus christ meme
Apocalypse 3:0;SKN;65-0815;21;VALIDE;chap->v.17: parce dis suis riche suis enrichi besoin rien
Colossiens 1:15;SKN;65-0815;56;VALIDE;dieu invisible premier creation
Apocalypse 3:0;SKN;65-0829;76;VALIDE;chap->v.8: connais mis garde
Apocalypse 3:14;SKN;65-0829;15;PARTIEL;commencé, pas achevé — laodicee dieu
Apocalypse 14:0;SKN;65-0829;15;VALIDE;chap->v.10: lui dieu sera
Apocalypse 21:0;SKN;65-0829;102;VALIDE;chap->v.1: vis nouveau ciel nouvelle terre premier ciel premiere
Esaie 14:0;SKN;65-0829;38;VALIDE;chap->v.12: comment tombe astre brillant fils abattu terre toi
Malachie 4:0;SKN;65-0829;51;VALIDE;chap->v.1: voici jour ceux seront jour
Marc 16:0;SKN;65-0829;51;VALIDE;chap->v.17: ici signes accompagneront ceux auront cru nom chasseront
Matthieu 24:0;SKN;65-0829;13;VALIDE;chap->v.3: etait assis lui dis choses quel
Matthieu 24:24;SKN;65-0829;46;PARTIEL;commencé, pas achevé — signes
Apocalypse 3:0;SKN;65-0911;141;VALIDE;chap->v.17: parce dis suis suis rien connais
Apocalypse 10:0;SKN;65-0911;49;VALIDE;chap->v.7: ange sera mystere dieu sera bonne
Apocalypse 10:0;SKN;65-0911;62;VALIDE;chap->v.2: avait main petit droit terre
Apocalypse 10:0;SKN;65-0911;126;VALIDE;chap->v.7: jours sera dieu sera
Ephesiens 1:5;SKN;65-0911;154;VALIDE;predestines lui jesus
Ephesiens 5:26;SKN;65-0911;111;PARTIEL;commencé, pas achevé — parole
Esaie 9:6;SKN;65-0911;148;EXACT;enfant fils donne conseiller dieu pere [couverture 6/14]
Esaie 9:6;SKN;65-0911;150;EXACT;enfant fils donne sera conseiller dieu pere [couverture 6/14]
Esaie 14:0;SKN;65-0911;70;VALIDE;chap->v.24: disant pense ainsi conseil chose
Esaie 14:12;SKN;65-0911;67;VALIDE;comment tombe fils abattu terre toi nations
Genese 1:0;SKN;65-0911;21;VALIDE;chap->v.2: terre etait vide avait tenebres face dieu face
Genese 1:0;SKN;65-0911;26;VALIDE;chap->v.26: dieu homme image selon ressemblance mer terre
Genese 4:0;SKN;65-0911;52;VALIDE;chap->v.25: adam connut femme enfanta fils dieu autre
Genese 4:6;SKN;65-0911;125;EXACT;cain pourquoi irrite visage abattu [couverture 6/7]
Hebreux 10:26;SKN;65-0911;130;EXACT;pechons volontairement apres recu connaissance verite reste sacrifice [couverture 9/9]
Jean 1:0;SKN;65-0911;160;VALIDE;chap->v.1: commencement etait parole parole etait dieu parole etait
Jean 4:0;SKN;65-0911;27;VALIDE;chap->v.36: celui vie afin celui seme celui
Matthieu 24:24;SKN;65-0911;69;VALIDE;grands maniere meme elus
Psaumes 14:1;SKN;65-0911;120;PARTIEL;commencé, pas achevé — dieu
Psaumes 16:10;SKN;65-0911;173;VALIDE;ame saint voie corruption
Apocalypse 3:0;SKN;65-1031M;218;VALIDE;chap->v.20: porte porte lui lui
Apocalypse 3:0;SKN;65-1031M;273;VALIDE;chap->v.17: dis suis suis besoin connais
Ephesiens 1:5;SKN;65-1031M;291;PARTIEL;commencé, pas achevé — lui
Ephesiens 5:26;SKN;65-1031M;236;PARTIEL;commencé, pas achevé — parole
Esaie 9:6;SKN;65-1031M;284;EXACT;enfant fils donne sera nom conseiller dieu pere [couverture 8/14]
Esaie 9:6;SKN;65-1031M;285;EXACT;enfant fils donne sera nom conseiller dieu pere [couverture 8/14]
Esaie 14:12;SKN;65-1031M;205;PARTIEL;commencé, pas achevé — fils
Genese 1:0;SKN;65-1031M;60;VALIDE;chap->v.27: dieu crea image crea dieu crea male femelle
Genese 1:0;SKN;65-1031M;62;VALIDE;chap->v.27: dieu crea image crea dieu crea male femelle
Genese 1:0;SKN;65-1031M;90;VALIDE;chap->v.25: dieu selon espece selon espece selon espece dieu
Genese 4:0;SKN;65-1031M;122;VALIDE;chap->v.11: maintenant terre ouvert main frere
Genese 4:0;SKN;65-1031M;144;VALIDE;chap->v.17: cain connut femme concut enfanta henoc ville nom
Hebreux 10:26;SKN;65-1031M;252;CORRIGE;annoncé Genese 4:6
Hebreux 10:26;SKN;65-1031M;254;VALIDE;pechons volontairement apres recu connaissance verite reste sacrifice
Matthieu 24:24;SKN;65-1031M;135;VALIDE;seduire possible meme elus
Psaumes 14:1;SKN;65-1031M;240;PARTIEL;commencé, pas achevé — dieu
Apocalypse 3:0;VGR;58-1130;67;VALIDE;chap->v.12: dieu jamais dieu
Esaie 21:1-12;VGR;58-1130;1;EXACT;desert mer midi vient pays terrible vision revelee [couverture 7/11]
Apocalypse 3:0;VGR;61-0730M;41;VALIDE;chap->v.17: parce dis suis suis rien pauvre
Apocalypse 7:0;VGR;61-0730M;117;VALIDE;chap->v.12: amen gloire sagesse lhonneur puissance force dieu siecles
Apocalypse 10:0;VGR;61-0730M;63;VALIDE;chap->v.6: celui vit siecles siecles lequel ciel terre mer
Apocalypse 19:21;VGR;61-0730M;71;PARTIEL;commencé, pas achevé — etait
Daniel 3:0;VGR;61-0730M;10;VALIDE;chap->v.24: alors leva parole navons
Daniel 5:0;VGR;61-0730M;20;VALIDE;chap->v.15: maintenant sages ont moi quils men
Daniel 7:0;VGR;61-0730M;27;VALIDE;chap->v.23: sera terre sera different terre pieds
Daniel 9:0;VGR;61-0730M;35;VALIDE;chap->v.5: avons avons avons sommes sommes
Daniel 11:0;VGR;61-0730M;47;VALIDE;chap->v.27: cur meme cela fin temps
Genese 44:0;VGR;61-0730M;138;VALIDE;chap->v.28: alle moi lai jusqua present
Jeremie 32:6;VGR;61-0730M;60;PARTIEL;commencé, pas achevé — jeremie
Malachie 4:0;VGR;61-0730M;151;VALIDE;chap->v.6: fera cur peres fils cur fils peres
Matthieu 6:9-13;VGR;61-0730M;25;VALIDE;pere cieux nom soit sanctifie regne vienne volonte
Matthieu 24:0;VGR;61-0730M;107;VALIDE;chap->v.15: verrez labomination desolation parle daniel prophete etablie lieu
Matthieu 24:0;VGR;61-0730M;145;VALIDE;chap->v.15: labomination desolation parle daniel saint
Matthieu 24:15;VGR;61-0730M;109;EXACT;verrez labomination desolation parle daniel prophete etablie lieu [couverture 11/12]
Psaumes 99:0;VGR;61-0730M;10;VALIDE;chap->v.7: ont avait donne
Psaumes 99:0;VGR;61-0730M;12;VALIDE;chap->v.7: ont quil donne
Psaumes 99:1-9;VGR;61-0730M;23;EXACT;leternel regne peuples tremblent assis cherubins terre grand [couverture 7/8]
psaumes 99:4;VGR;61-0730M;23;CORRIGE;annoncé Psaumes 99:99
Apocalypse 3:0;VGR;62-1124B;17;VALIDE;chap->v.17: parce dis riche besoin rien connais malheureux miserable
Apocalypse 3:0;VGR;62-1124B;22;VALIDE;chap->v.20: frappe quil lui lui
Esaie 9:6;VGR;62-1124B;108;VALIDE;fils donne sera nom dieu
Luc 24:49;VGR;62-1124B;100;VALIDE;moi pere ville jusqua soyez den
Matthieu 5:0;VGR;62-1124B;123;VALIDE;chap->v.3: pauvres esprit cest eux royaume cieux
Apocalypse 3:0;VGR;63-1229M;210;VALIDE;chap->v.5: nom vie nom
Genese 1:0;VGR;63-1229M;103;VALIDE;chap->v.31: dieu quil avait voici cela etait bon eut
Genese 1:3;VGR;63-1229M;58;EXACT;dieu lumiere soit fut [couverture 5/5]
Genese 1:3;VGR;63-1229M;89;VALIDE;dieu lumiere soit fut
Genese 3:0;VGR;63-1229M;64;VALIDE;chap->v.6: etait bon quil etait etait
Hebreux 13:8;VGR;63-1229M;216;EXACT;jesus christ meme hier aujourdhui eternellement [couverture 6/6]
Jean 14:12;VGR;63-1229M;218;VALIDE;dis uvres fais grandes parce men vais
Joel 2:28;VGR;63-1229M;104;EXACT;arrivera cela repandrai esprit chair vos fils filles [couverture 12/14]
Malachie 4:0;VGR;63-1229M;160;VALIDE;chap->v.1: jour ceux jour
Marc 16:0;VGR;63-1229M;246;VALIDE;chap->v.17: ici signes accompagneront ceux auront cru nom chasseront
Matthieu 24:0;VGR;63-1229M;249;VALIDE;chap->v.21: aura grande telle quil monde jusqua maintenant quil
Nombres 24:17;VGR;63-1229M;92;VALIDE;maintenant etoile jacob selevera
Psaumes 22:0;VGR;63-1229M;147;VALIDE;chap->v.16: ont perce mes mains mes pieds
Apocalypse 3:0;VGR;64-0125;112;VALIDE;chap->v.12: celui dieu dehors lui nom dieu nom
Apocalypse 17:0;VGR;64-0125;115;VALIDE;chap->v.10: lun lautre venu venu quil
Esaie 42:1-7;VGR;64-0125;15;EXACT;voici serviteur elu ame plaisir esprit lui fera [couverture 8/14]
Hebreux 13:8;VGR;64-0125;29;EXACT;jesus christ meme hier aujourdhui eternellement [couverture 6/6]
Jean 15:0;VGR;64-0125;90;VALIDE;chap->v.2: sarment porte fruit sarment porte fruit quil porte
Joel 2:28;VGR;64-0125;74;PARTIEL;commencé, pas achevé — apres cela
Malachie 4:0;VGR;64-0125;81;VALIDE;chap->v.6: fera fils fils
Malachie 4:0;VGR;64-0125;94;VALIDE;chap->v.1: jour seront jour
Matthieu 4:0;VGR;64-0125;16;VALIDE;chap->v.16: peuple assis tenebres grande lumiere ceux assis region
Matthieu 4:15-16;VGR;64-0125;15;EXACT;terre zabulon nephthali mer jourdain galilee nations peuple [couverture 7/10]
Matthieu 24:0;VGR;64-0125;135;VALIDE;chap->v.21: quil depuis commencement jusqua maintenant quil
Apocalypse 3:0;VGR;64-0313;174;VALIDE;chap->v.10: parole moi venir terre
Esaie 35:0;VGR;64-0313;168;VALIDE;chap->v.2: sera lui sera
Hebreux 1:1;VGR;64-0313;79;EXACT;dieu plusieurs reprises manieres parle peres prophetes [couverture 8/10]
Hebreux 4:0;VGR;64-0313;201;VALIDE;chap->v.2: meme ceux quils foi ceux
Luc 17:0;VGR;64-0313;160;VALIDE;chap->v.31: jour celui sera aura celui sera retourne
Luc 17:30;VGR;64-0313;153;EXACT;sera meme jour fils lhomme manifeste [couverture 7/7]
Malachie 3:0;VGR;64-0313;97;VALIDE;chap->v.17: moi jour homme fils
Malachie 3:0;VGR;64-0313;142;VALIDE;chap->v.1: jenvoie messager devant seigneur
Malachie 4:0;VGR;64-0313;124;VALIDE;chap->v.5: elie prophete jour
Malachie 4:0;VGR;64-0313;141;VALIDE;chap->v.5: elie prophete avant grand jour leternel
Malachie 4:0;VGR;64-0313;143;VALIDE;chap->v.5: elie prophete avant grand jour leternel
Malachie 4:0;VGR;64-0313;162;VALIDE;chap->v.6: peres fils fils peres
Malachie 4:0;VGR;64-0313;182;VALIDE;chap->v.6: cur peres cur peres
Matthieu 24:0;VGR;64-0313;151;VALIDE;chap->v.21: quil depuis jusqua maintenant quil jamais
Nombres 12:6;VGR;64-0313;44;PARTIEL;commencé, pas achevé — prophete moi
Nombres 12:6;VGR;64-0313;77;PARTIEL;commencé, pas achevé — prophete lui
Apocalypse 3:0;VGR;64-0411;218;VALIDE;chap->v.16: parce tiede nes vais vomir bouche
Marc 11:0;VGR;64-0411;110;VALIDE;chap->v.29: moi chose moi quelle fais choses
Apocalypse 3:0;VGR;64-0705;148;VALIDE;chap->v.12: celui colonne dieu lui dieu
Apocalypse 3:0;VGR;64-0705;161;VALIDE;chap->v.2: reste mourir nai dieu
Apocalypse 10:0;VGR;64-0705;167;VALIDE;chap->v.7: jours septieme ange sera dieu sera annonce
Jean 12:0;VGR;64-0705;114;VALIDE;chap->v.1: jesus jours etait mort jesus avait
Jean 12:0;VGR;64-0705;128;VALIDE;chap->v.19: eux voyez rien alle apres
Jean 12:24;VGR;64-0705;116;EXACT;dis grain ble terre seul sil [couverture 6/14]
Jean 14:0;VGR;64-0705;68;VALIDE;chap->v.10: moi pere pere moi moi moi meme pere
Luc 17:0;VGR;64-0705;170;VALIDE;chap->v.34: deux seront meme
Malachie 3:0;VGR;64-0705;110;VALIDE;chap->v.14: cest dieu quel quil
Malachie 4:0;VGR;64-0705;158;VALIDE;chap->v.6: cur peres cur peres frappe
Malachie 4:0;VGR;64-0705;159;VALIDE;chap->v.6: cur peres cur peres frappe
Malachie 4:0;VGR;64-0705;166;VALIDE;chap->v.1: jour seront jour
Marc 9:7;VGR;64-0705;72;EXACT;nuee voix celui fils ecoutez [couverture 6/10]
Matthieu 24:24;VGR;64-0705;126;VALIDE;seduire possible elus
Apocalypse 3:0;VGR;64-0726M;57;VALIDE;chap->v.5: celui celui sera nom vie nom
Apocalypse 11:0;VGR;64-0726M;67;VALIDE;chap->v.10: font parce deux prophetes
Ezechiel 37:0;VGR;64-0726M;54;VALIDE;chap->v.1: main leternel leternel sortir etait remplie dossements
Malachie 3:0;VGR;64-0726M;110;VALIDE;chap->v.1: voici jenvoie messager preparera chemin devant moi seigneur
Malachie 4:0;VGR;64-0726M;119;VALIDE;chap->v.1: voici jour vient jour vient
Malachie 4:0;VGR;64-0726M;120;VALIDE;chap->v.1: voici jour vient jour vient
Malachie 4:0;VGR;64-0726M;121;VALIDE;chap->v.1: voici jour vient jour vient
Apocalypse 3:0;VGR;65-0815;33;VALIDE;chap->v.18: conseille dacheter moi lor passe feu afin deviennes
Colossiens 1:15;VGR;65-0815;112;VALIDE;dieu invisible premier creation
Apocalypse 3:0;VGR;65-0829;132;VALIDE;chap->v.12: dieu jamais dieu
Apocalypse 3:14;VGR;65-0829;19;PARTIEL;commencé, pas achevé — laodicee dieu
Apocalypse 21:0;VGR;65-0829;167;VALIDE;chap->v.1: vis nouveau ciel nouvelle terre premier ciel premiere
Esaie 14:0;VGR;65-0829;62;VALIDE;chap->v.12: tombe astre brillant fils laurore abattu jusqua terre
Malachie 4:0;VGR;65-0829;83;VALIDE;chap->v.1: voici jour jour
Marc 16:0;VGR;65-0829;83;VALIDE;chap->v.6: lui jesus nest ici voici
Matthieu 24:0;VGR;65-0829;16;VALIDE;chap->v.21: alors grande telle quil maintenant quil jamais
Matthieu 24:24;VGR;65-0829;76;PARTIEL;commencé, pas achevé — signes
Apocalypse 3:0;VGR;65-0911;204;VALIDE;chap->v.10: parce parole moi lheure terre
Apocalypse 10:0;VGR;65-0911;77;VALIDE;chap->v.6: celui choses terre choses choses quil
Apocalypse 10:0;VGR;65-0911;91;VALIDE;chap->v.10: pris petit main fut fut
Apocalypse 10:0;VGR;65-0911;185;VALIDE;chap->v.1: vis dune tete visage
Ephesiens 1:5;VGR;65-0911;225;VALIDE;predestines lui jesus
Ephesiens 5:26;VGR;65-0911;164;PARTIEL;commencé, pas achevé — quil parole
Esaie 9:6;VGR;65-0911;215;VALIDE;enfant fils donne sera conseiller dieu pere
Esaie 9:6;VGR;65-0911;219;VALIDE;fils sera dieu
Esaie 14:0;VGR;65-0911;105;VALIDE;chap->v.24: pense ainsi arrivera
Esaie 14:12;VGR;65-0911;100;EXACT;tombe astre brillant fils laurore terre toi nations [couverture 8/13]
Genese 1:0;VGR;65-0911;38;VALIDE;chap->v.2: terre etait vide tenebres lesprit dieu eaux
Genese 1:0;VGR;65-0911;45;VALIDE;chap->v.27: dieu crea lhomme image crea limage dieu crea
Genese 4:0;VGR;65-0911;81;VALIDE;chap->v.1: lhomme connut femme concut enfanta cain jai leternel
Genese 4:6;VGR;65-0911;183;EXACT;cain pourquoi visage abattu [couverture 5/7]
Hebreux 10:26;VGR;65-0911;189;EXACT;pechons volontairement apres connaissance verite reste sacrifice [couverture 7/9]
Jean 1:0;VGR;65-0911;234;VALIDE;chap->v.1: commencement etait parole parole etait dieu parole etait
Jean 4:0;VGR;65-0911;47;VALIDE;chap->v.24: dieu esprit faut ceux ladorent ladorent esprit verite
Matthieu 24:24;VGR;65-0911;103;PARTIEL;commencé, pas achevé — seduire elus
Psaumes 14:1;VGR;65-0911;175;VALIDE;linsense cur dieu personne
Psaumes 16:10;VGR;65-0911;253;VALIDE;ame voie corruption
Apocalypse 3:0;VGR;65-1031M;218;VALIDE;chap->v.17: parce malheureux miserable pauvre
Apocalypse 3:0;VGR;65-1031M;273;VALIDE;chap->v.18: conseille dacheter moi afin afin sois
Ephesiens 1:5;VGR;65-1031M;291;PARTIEL;commencé, pas achevé — lui
Ephesiens 5:26;VGR;65-1031M;236;PARTIEL;commencé, pas achevé — quil parole
Esaie 9:6;VGR;65-1031M;284;EXACT;enfant fils donne conseiller dieu pere [couverture 6/14]
Esaie 9:6;VGR;65-1031M;285;EXACT;enfant fils donne conseiller dieu pere [couverture 6/14]
Esaie 14:12;VGR;65-1031M;205;PARTIEL;commencé, pas achevé — fils
Genese 1:0;VGR;65-1031M;60;VALIDE;chap->v.27: dieu lhomme image limage dieu male femelle
Genese 1:0;VGR;65-1031M;62;VALIDE;chap->v.27: dieu lhomme image limage dieu male femelle
Genese 1:0;VGR;65-1031M;90;VALIDE;chap->v.25: dieu selon espece selon espece selon espece dieu
Genese 4:0;VGR;65-1031M;122;VALIDE;chap->v.11: maintenant terre main frere
Genese 4:0;VGR;65-1031M;144;VALIDE;chap->v.17: cain connut femme concut enfanta henoc batit ville
Hebreux 10:26;VGR;65-1031M;252;CORRIGE;annoncé Genese 4:6
Hebreux 10:26;VGR;65-1031M;254;VALIDE;pechons volontairement apres recu connaissance verite reste sacrifice
Matthieu 24:24;VGR;65-1031M;135;VALIDE;possible meme elus
Psaumes 14:1;VGR;65-1031M;240;VALIDE;linsense cur dieu personne
Apocalypse 3:14;SKN;57-1208;6;VALIDE;lange laodicee ecris voici lamen temoin fidele veritable
Jean 5:0;SKN;57-1208;47;VALIDE;chap->v.19: jesus verite verite dis fils rien lui meme
Apocalypse 3:14;SKN;62-1230E;111;VALIDE;lange lassemblee laodicee dieu
Apocalypse 5:1;SKN;62-1230E;154;EXACT;vis droite celui etait assis trone livre ecrit [couverture 12/13]
Apocalypse 6:0;SKN;62-1230E;185;VALIDE;chap->v.1: lorsque lagneau ouvrit lun sept sceaux jentendis lun
Apocalypse 17:0;SKN;62-1230E;164;VALIDE;chap->v.2: ont fornication ont fornication
Colossiens 4:3;SKN;62-1230E;117;EXACT;meme temps dieu mystere christ [couverture 5/14]
Ephesiens 3:1-11;SKN;62-1230E;117;VALIDE;cest cela moi christ jesus parler grace dieu
Ephesiens 5:28-32;SKN;62-1230E;117;VALIDE;meme corps celui lui personne
Ephesiens 6:19;SKN;62-1230E;117;EXACT;moi quil soit donne parler connaitre mystere [couverture 6/13]
Galates 2:20;SKN;62-1230E;117;EXACT;christ moi maintenant foi fils dieu livre [couverture 5/14]
Hebreux 13:8;SKN;62-1230E;117;EXACT;jesus christ meme hier aujourdhui eternellement [couverture 6/6]
Malachie 4:0;SKN;62-1230E;142;VALIDE;chap->v.1: jour vient jour vient
Malachie 4:0;SKN;62-1230E;221;VALIDE;chap->v.6: peres peres peur
Matthieu 13:0;SKN;62-1230E;115;VALIDE;chap->v.11: lui cest parce qua donne connaitre mysteres royaume
Matthieu 13:3-15;SKN;62-1230E;117;PARTIEL;commencé, pas achevé — voici quelques
Romains 11:25;SKN;62-1230E;117;VALIDE;mystere sages cest
Romains 16:25;SKN;62-1230E;117;EXACT;celui selon jesus christ revelation mystere [couverture 5/14]
Apocalypse 3:14;VGR;57-1208;12;EXACT;lange laodicee ecris voici lamen temoin fidele veritable [couverture 11/12]
Jean 5:0;VGR;57-1208;128;VALIDE;chap->v.19: jesus verite verite dis fils rien lui meme
Apocalypse 3:14;VGR;62-1230E;238;VALIDE;lange lassemblee laodicee dieu
Apocalypse 5:1;VGR;62-1230E;302;EXACT;vis droite celui etait assis trone livre ecrit [couverture 12/13]
Apocalypse 6:0;VGR;62-1230E;345;VALIDE;chap->v.1: lorsque lagneau lun sept sceaux jentendis lun quatre
Apocalypse 17:0;VGR;62-1230E;316;VALIDE;chap->v.2: ont fornication ont fornication
Colossiens 4:3;VGR;62-1230E;248;VALIDE;meme mystere christ
Ephesiens 3:1-11;VGR;62-1230E;248;PARTIEL;commencé, pas achevé — cest christ
Ephesiens 5:28-32;VGR;62-1230E;249;VALIDE;meme corps celui
Ephesiens 6:19;VGR;62-1230E;248;PARTIEL;commencé, pas achevé — mystere
Galates 2:20;VGR;62-1230E;250;VALIDE;christ foi dieu
Hebreux 13:8;VGR;62-1230E;250;EXACT;christ meme hier aujourdhui eternellement [couverture 5/6]
Malachie 4:0;VGR;62-1230E;292;VALIDE;chap->v.1: jour vient seront jour vient
Malachie 4:0;VGR;62-1230E;410;VALIDE;chap->v.6: cur peres cur peres
Matthieu 13:0;VGR;62-1230E;243;VALIDE;chap->v.11: lui cest parce qua donne connaitre mysteres royaume
Matthieu 13:3-50;VGR;62-1230E;245;PARTIEL;commencé, pas achevé — voici quelques
Romains 11:25;VGR;62-1230E;246;PARTIEL;commencé, pas achevé — mystere cest
Romains 16:25;VGR;62-1230E;248;VALIDE;celui christ mystere
Esaie 53:0;SKN;65-1128E;133;VALIDE;chap->v.5: blesse nos meurtri nos iniquites chatiment paix lui
Genese 8:8;SKN;65-1128E;97;EXACT;lacha lui colombe eaux avaient [couverture 5/10]
Genese 15:9;SKN;65-1128E;67;VALIDE;lui prends genisse trois ans chevre belier tourterelle
Levitique 12:0;SKN;65-1128E;76;VALIDE;chap->v.6: jours purification seront accomplis fils fille sacrificateur tente
Matthieu 3:0;SKN;65-1128E;30;VALIDE;chap->v.3: ici voix desert seigneur
Matthieu 3:16;SKN;65-1128E;37;EXACT;jesus ayant baptise remonta aussitot voici cieux lui [couverture 12/14]
Matthieu 3:16;SKN;65-1128E;98;VALIDE;jesus lui dieu
Psaumes 53:0;SKN;65-1128E;32;VALIDE;chap->v.5: sujet frayeur frayeur dieu contre
Psaumes 55:0;SKN;65-1128E;30;VALIDE;chap->v.3: cause voix devant mechant font tomber moi poursuivent
Psaumes 55:0;SKN;65-1128E;32;VALIDE;chap->v.3: cause voix devant mechant font tomber moi poursuivent
Esaie 53:0;VGR;65-1128E;133;VALIDE;chap->v.5: blesse nos meurtri nos chatiment paix lui meurtrissures
Genese 8:8;VGR;65-1128E;97;VALIDE;lui colombe eaux avaient
Genese 15:9;VGR;65-1128E;67;VALIDE;lui prends genisse trois ans chevre belier tourterelle
Levitique 12:0;VGR;65-1128E;76;VALIDE;chap->v.6: jours purification seront accomplis fils fille sacrificateur lentree
Matthieu 3:0;VGR;65-1128E;30;VALIDE;chap->v.3: cest ici voix desert seigneur
Matthieu 3:16;VGR;65-1128E;37;EXACT;jesus ayant baptise aussitot leau voici cieux lui [couverture 13/14]
Matthieu 3:16;VGR;65-1128E;98;VALIDE;jesus leau lui dieu
Psaumes 53:0;VGR;65-1128E;32;VALIDE;chap->v.5: sujet frayeur frayeur dieu contre
Psaumes 55:0;VGR;65-1128E;30;VALIDE;chap->v.3: cause voix lennemi devant loppression mechant font tomber
Psaumes 55:0;VGR;65-1128E;32;VALIDE;chap->v.3: cause voix lennemi devant loppression mechant font tomber
Apocalypse 3:20;SKN;58-0529;12;EXACT;porte frappe quelquun quil lui moi [couverture 5/14]
Apocalypse 3:21;SKN;63-0825M;156;EXACT;celui vaincra lui sasseoir moi trone jai vaincu [couverture 13/14]
Romains 8:1;SKN;63-0825M;68;VALIDE;maintenant ceux jesus
Apocalypse 3:21;VGR;63-0825M;156;EXACT;celui vaincra lui moi trone vaincu suis assis [couverture 10/14]
Romains 8:1;VGR;63-0825M;68;VALIDE;maintenant ceux jesus
Apocalypse 4:7;SKN;65-0220;110;VALIDE;premier lion face homme aigle volant
Deuteronome 16:0;SKN;65-0220;26;VALIDE;chap->v.6: lieu dieu choisi nom soir
Deuteronome 16:1;SKN;65-0220;10;EXACT;mois paque dieu sortir nuit [couverture 7/14]
Exode 12:0;SKN;65-0220;73;VALIDE;chap->v.18: mois quatorzieme jour mois soir jour mois
Exode 12:3-6;SKN;65-0220;73;VALIDE;dixieme jour mois agneau
Hebreux 13:8;SKN;65-0220;108;VALIDE;jesus meme hier eternellement
Luc 17:30;SKN;65-0220;108;VALIDE;meme jour fils
Malachie 3:0;SKN;65-0220;107;VALIDE;chap->v.15: maintenant meme meme dieu
Malachie 4:0;SKN;65-0220;108;VALIDE;chap->v.1: jour vient jour vient
Malachie 4:0;SKN;65-0220;109;VALIDE;chap->v.1: jour vient jour vient
Marc 16:0;SKN;65-0220;126;VALIDE;chap->v.12: choses autre forme eux etaient chemin
Romains 8:1;SKN;65-0220;46;EXACT;maintenant aucune condamnation ceux christ jesus [couverture 6/6]
Apocalypse 4:7;VGR;65-0220;110;EXACT;premier lion face dun homme aigle volant [couverture 5/14]
Deuteronome 16:0;VGR;65-0220;26;VALIDE;chap->v.6: lieu dieu choisi nom soir
Deuteronome 16:1;VGR;65-0220;10;EXACT;mois dabib paque leternel dieu sortir nuit degypte [couverture 11/14]
Exode 12:0;VGR;65-0220;73;VALIDE;chap->v.18: mois quatorzieme jour mois soir jour mois
Exode 12:3;VGR;65-0220;73;VALIDE;dixieme jour mois agneau
Hebreux 13:8;VGR;65-0220;108;VALIDE;jesus meme hier aujourdhui
Luc 17:30;VGR;65-0220;108;VALIDE;meme jour fils lhomme
Malachie 3:0;VGR;65-0220;107;VALIDE;chap->v.14: cest dieu quel quil
Malachie 4:0;VGR;65-0220;108;VALIDE;chap->v.1: jour vient jour vient
Malachie 4:0;VGR;65-0220;109;VALIDE;chap->v.1: jour vient jour vient
Marc 16:0;VGR;65-0220;126;VALIDE;chap->v.17: ici signes accompagneront ceux auront cru nom
Romains 8:1;VGR;65-0220;46;EXACT;maintenant aucune condamnation ceux christ jesus [couverture 6/6]
Apocalypse 5:0;VGR;57-1006;678;VALIDE;chap->v.5: lun anciens pleure voici lion tribu juda racine
Apocalypse 11:0;VGR;57-1006;624;VALIDE;chap->v.6: ont ciel afin quil jours ont
Apocalypse 11:0;VGR;57-1006;712;VALIDE;chap->v.11: apres trois demi vie
Apocalypse 21:19;VGR;57-1006;668;EXACT;fondements muraille etaient pierre premier fondement etait jaspe [couverture 8/14]
Galates 1:8;VGR;57-1006;762;EXACT;ange ciel quil soit anatheme [couverture 5/11]
Genese 1:0;VGR;57-1006;601;VALIDE;chap->v.27: dieu crea lhomme image crea dieu crea
Genese 1:28;VGR;57-1006;824;PARTIEL;commencé, pas achevé — dieu
Genese 2:0;VGR;57-1006;601;VALIDE;chap->v.23: lhomme fois mes sera femme parce quelle prise
Genese 2:0;VGR;57-1006;824;VALIDE;chap->v.8: dieu jardin lhomme quil avait forme
Genese 5:16;VGR;57-1006;600;VALIDE;apres quil engendre
Genese 38:0;VGR;57-1006;693;VALIDE;chap->v.8: juda femme frere devoir frere suscite frere
Genese 38:0;VGR;57-1006;706;VALIDE;chap->v.18: quel cordon main lui lui
Psaumes 23:0;VGR;57-1006;833;VALIDE;chap->v.4: meme vallee lombre mort moi
Apocalypse 6:0;SKN;63-0323;141;VALIDE;chap->v.8: voici etait lui lui
Apocalypse 6:0;SKN;63-0323;143;VALIDE;chap->v.9: sceau lautel parole quils
Apocalypse 6:1;SKN;63-0323;157;EXACT;lagneau ouvrit lun sept sceaux jentendis quatre disant [couverture 11/14]
Apocalypse 6:3;SKN;63-0323;160;EXACT;ouvrit second sceau jentendis disant viens vois [couverture 8/10]
Apocalypse 6:3;SKN;63-0323;161;EXACT;ouvrit second sceau jentendis viens vois [couverture 7/10]
Apocalypse 6:5;SKN;63-0323;164;EXACT;ouvrit troisieme sceau jentendis viens vois vis voici [couverture 11/14]
Apocalypse 6:9;SKN;63-0323;177;EXACT;ouvrit cinquieme sceau vis lautel ames ceux avaient [couverture 12/14]
Apocalypse 6:12;SKN;63-0323;180;EXACT;sixieme sceau grand terre soleil [couverture 5/14]
Apocalypse 11:0;SKN;63-0323;306;VALIDE;chap->v.6: ont pouvoir fermer afin quil tombe pluie jours
Apocalypse 13:0;SKN;63-0323;275;VALIDE;chap->v.7: fut guerre fut tribu peuple nation
Apocalypse 19:0;SKN;63-0323;304;VALIDE;chap->v.15: epee sort bouche afin quil fer
Apocalypse 22:0;SKN;63-0323;196;VALIDE;chap->v.2: milieu vie douze
Daniel 12:0;SKN;63-0323;277;VALIDE;chap->v.1: temps levera micael grand chef peuple sera temps
Daniel 12:0;SKN;63-0323;282;VALIDE;chap->v.1: temps fils sera temps quil
Exode 10:21-23;SKN;63-0323;272;EXACT;leternel moise etends main pays degypte tenebres etendit [couverture 9/12]
Matthieu 24:0;SKN;63-0323;141;VALIDE;chap->v.21: tribulation quil monde maintenant quil
Matthieu 24:0;SKN;63-0323;158;VALIDE;chap->v.6: entendrez parler guerres bruits guerres prenez garde troubles
Matthieu 24:0;SKN;63-0323;166;VALIDE;chap->v.2: voyez dis ici
Matthieu 24:0;SKN;63-0323;169;VALIDE;chap->v.7: nation selevera contre nation royaume contre royaume aura
Matthieu 24:0;SKN;63-0323;185;VALIDE;chap->v.30: alors paraitra signe fils lhomme ciel alors tribus
Matthieu 24:0;SKN;63-0323;278;VALIDE;chap->v.21: alors aura tribulation telle quil depuis jusqua maintenant
Matthieu 24:0;SKN;63-0323;423;VALIDE;chap->v.21: alors quil monde maintenant quil
Matthieu 24:6;SKN;63-0323;160;EXACT;entendrez parler guerres bruits prenez garde troubles faut [couverture 11/13]
Matthieu 24:7;SKN;63-0323;163;EXACT;nation selevera contre royaume aura famines pestes tremblements [couverture 14/14]
Matthieu 24:7;SKN;63-0323;172;PARTIEL;commencé, pas achevé — pestes terre
Matthieu 24:9-13;SKN;63-0323;175;EXACT;alors livreront mourir serez hais nations cause nom [couverture 8/10]
Matthieu 24:29;SKN;63-0323;180;EXACT;aussitot apres tribulation jours soleil lune donnera lumiere [couverture 12/14]
Matthieu 24:29;SKN;63-0323;184;EXACT;aussitot apres tribulation jours soleil lune donnera lumiere [couverture 12/14]
Matthieu 27:0;SKN;63-0323;312;VALIDE;chap->v.45: depuis sixieme heure eut tenebres jusqua neuvieme heure
Romains 11:0;SKN;63-0323;108;VALIDE;chap->v.22: considere dieu ceux dieu
Apocalypse 6:0;SKN;65-0117;68;VALIDE;chap->v.9: sceau parole dieu
Apocalypse 10:0;SKN;65-0117;68;VALIDE;chap->v.7: jours sera mystere dieu sera
Apocalypse 10:0;SKN;65-0117;70;VALIDE;chap->v.7: jours sera mystere dieu sera
Apocalypse 22:18;SKN;65-0117;72;VALIDE;livre ajoute dieu ajoutera
Exode 19:0;SKN;65-0117;60;VALIDE;chap->v.1: sortis meme jour desert
Hebreux 11:3;SKN;65-0117;85;VALIDE;parole dieu choses
Hebreux 11:3;SKN;65-0117;86;VALIDE;parole dieu choses
Hebreux 13:8;SKN;65-0117;115;VALIDE;jesus meme hier eternellement
Hebreux 13:8;SKN;65-0117;131;VALIDE;jesus meme hier eternellement
Jean 6:0;SKN;65-0117;65;VALIDE;chap->v.31: nos peres ont mange manne desert donne ciel
Jean 14:12;SKN;65-0117;44;PARTIEL;commencé, pas achevé — moi parce
Jean 14:12;SKN;65-0117;112;EXACT;verite dis celui fera lui fais parce [couverture 7/14]
Josue 10:12-14;SKN;65-0117;39;VALIDE;alors josue parla jour livra amoreens fils presence
Apocalypse 22:18;SKN;65-0117;70;CORRIGE;annoncé Luc 22:17
Marc 11:22;SKN;65-0117;32;PARTIEL;commencé, pas achevé — dieu
Apocalypse 6:0;VGR;63-0323;141;VALIDE;chap->v.8: etait lui lui
Apocalypse 6:0;VGR;63-0323;143;VALIDE;chap->v.9: sceau lautel parole quils
Apocalypse 6:1;VGR;63-0323;157;EXACT;lagneau ouvrit lun sept sceaux jentendis quatre disant [couverture 11/14]
Apocalypse 6:3;VGR;63-0323;160;EXACT;ouvrit second sceau jentendis disant viens vois [couverture 8/10]
Apocalypse 6:3;VGR;63-0323;161;EXACT;ouvrit second sceau jentendis viens vois [couverture 7/10]
Apocalypse 6:5;VGR;63-0323;164;EXACT;ouvrit troisieme sceau jentendis viens vois vis voici [couverture 11/14]
Apocalypse 6:9;VGR;63-0323;177;EXACT;ouvrit cinquieme sceau vis lautel ames ceux avaient [couverture 12/14]
Apocalypse 6:12;VGR;63-0323;180;EXACT;sixieme sceau grand terre soleil [couverture 5/14]
Apocalypse 11:0;VGR;63-0323;306;VALIDE;chap->v.6: ont pouvoir fermer afin quil tombe pluie jours
Apocalypse 13:0;VGR;63-0323;275;VALIDE;chap->v.7: fut guerre fut tribu peuple nation
Apocalypse 19:0;VGR;63-0323;304;VALIDE;chap->v.15: epee sort bouche afin quil fer
Daniel 12:0;VGR;63-0323;277;VALIDE;chap->v.1: temps levera micael grand chef fils peuple sera
Daniel 12:0;VGR;63-0323;282;VALIDE;chap->v.1: temps fils sera temps quil
Exode 10:21-23;VGR;63-0323;272;EXACT;leternel moise etends main pays degypte tenebres etendit [couverture 9/12]
Matthieu 24:0;VGR;63-0323;141;VALIDE;chap->v.21: alors tribulation quil monde maintenant quil
Matthieu 24:0;VGR;63-0323;158;VALIDE;chap->v.6: entendrez parler guerres bruits guerres prenez garde troubles
Matthieu 24:0;VGR;63-0323;166;VALIDE;chap->v.2: voyez dis ici
Matthieu 24:0;VGR;63-0323;169;VALIDE;chap->v.7: nation selevera contre nation royaume contre royaume aura
Matthieu 24:0;VGR;63-0323;185;VALIDE;chap->v.30: alors paraitra signe fils lhomme ciel alors tribus
Matthieu 24:0;VGR;63-0323;278;VALIDE;chap->v.21: alors aura tribulation telle quil depuis jusqua maintenant
Matthieu 24:0;VGR;63-0323;423;VALIDE;chap->v.21: alors quil monde maintenant quil
Matthieu 24:6;VGR;63-0323;160;EXACT;entendrez parler guerres bruits prenez garde troubles faut [couverture 11/13]
Matthieu 24:7;VGR;63-0323;163;EXACT;nation selevera contre royaume aura famines pestes tremblements [couverture 14/14]
Matthieu 24:7;VGR;63-0323;172;PARTIEL;commencé, pas achevé — pestes terre
Matthieu 24:9-13;VGR;63-0323;175;EXACT;alors mourir serez hais nations cause nom plusieurs [couverture 7/10]
Matthieu 24:29;VGR;63-0323;180;EXACT;aussitot apres tribulation jours soleil lune donnera lumiere [couverture 12/14]
Matthieu 24:29;VGR;63-0323;184;EXACT;aussitot apres tribulation jours soleil lune donnera lumiere [couverture 12/14]
Matthieu 27:0;VGR;63-0323;312;VALIDE;chap->v.45: depuis sixieme heure eut tenebres jusqua neuvieme heure
Romains 11:0;VGR;63-0323;108;VALIDE;chap->v.26: israel sera sauve quil
Apocalypse 6:1;SKN;61-0730M;71;PARTIEL;commencé, pas achevé — vis sceaux
Apocalypse 7:0;SKN;61-0730M;117;VALIDE;chap->v.12: amen gloire sagesse lhonneur puissance force dieu siecles
Apocalypse 10:0;SKN;61-0730M;63;VALIDE;chap->v.6: celui vit siecles siecles lequel ciel terre mer
Apocalypse 19:21;SKN;61-0730M;71;PARTIEL;commencé, pas achevé — etait
Genese 44:0;SKN;61-0730M;138;VALIDE;chap->v.26: pouvons alors pouvons voir homme nest
Jeremie 32:6;SKN;61-0730M;60;PARTIEL;commencé, pas achevé — jeremie
Malachie 4:0;SKN;61-0730M;151;VALIDE;chap->v.6: fera peres fils fils peres
Matthieu 24:0;SKN;61-0730M;107;VALIDE;chap->v.15: verrez labomination desolation parle daniel prophete etablie lieu
Matthieu 24:0;SKN;61-0730M;145;VALIDE;chap->v.2: voyez dis sera laisse soit
Matthieu 24:15;SKN;61-0730M;109;EXACT;verrez labomination desolation parle daniel prophete etablie lieu [couverture 12/12]
Psaumes 99:0;SKN;61-0730M;10;VALIDE;chap->v.7: parla ont avait donne
Psaumes 99:0;SKN;61-0730M;12;VALIDE;chap->v.7: ont quil donne
Psaumes 99:0;SKN;61-0730M;23;VALIDE;chap->v.4: force roi aime justice toi droiture exerces justice
Psaumes 99:1-9;SKN;61-0730M;23;EXACT;leternel regne peuples tremblent assis cherubins terre grand [couverture 7/8]
Apocalypse 7:0;SKN;60-1204E;158;VALIDE;chap->v.9: apres choses vis voici grande foule personne pouvait
Apocalypse 17:15;SKN;60-1204E;158;VALIDE;eaux vues assise peuples foules nations langues
Apocalypse 19:0;SKN;60-1204E;158;VALIDE;chap->v.11: vis ciel ouvert voici cheval blanc celui assis
Apocalypse 19:15;SKN;60-1204E;158;VALIDE;epee aigue deux tranchants sort bouche afin frappe
Apocalypse 21:23;SKN;60-1204E;158;VALIDE;besoin soleil gloire dieu lampe
Daniel 7:0;SKN;60-1204E;158;VALIDE;chap->v.10: fleuve feu coulait sortait devant lui milliers servaient
Daniel 7:9;SKN;60-1204E;158;VALIDE;vis trones furent jours vetement etait blanc neige
Ephesiens 4:30;SKN;60-1204E;23;EXACT;saint dieu lequel avez scelles jour redemption [couverture 7/9]
Esaie 28:0;SKN;60-1204E;119;VALIDE;chap->v.15: avons mort avons passe avons mensonge
Esaie 28:8;SKN;60-1204E;119;VALIDE;tables pleines vomissements sorte place
Esaie 35:0;SKN;60-1204E;102;VALIDE;chap->v.8: aura grande route chemin sera appele chemin saintete
Esther 6:0;SKN;60-1204E;158;VALIDE;chap->v.10: roi toi prends vetement cheval fais ainsi juif
Esther 8:0;SKN;60-1204E;158;VALIDE;chap->v.5: roi trouve bon jai trouve devant lui roi
Hebreux 4:0;SKN;60-1204E;113;VALIDE;chap->v.8: josue avait donne repos parle apres cela autre
Hebreux 4:2;SKN;60-1204E;158;VALIDE;avons meme ceux parole servit rien foi
Jean 5:22;SKN;60-1204E;158;VALIDE;pere juge personne donne jugement fils
Jean 15:0;SKN;60-1204E;158;VALIDE;chap->v.5: moi suis cep sarments celui moi moi lui
Jean 17:17;SKN;60-1204E;42;EXACT;sanctifie verite parole [couverture 4/4]
Malachie 4:0;SKN;60-1204E;132;VALIDE;chap->v.3: mechants seront cendre vos pieds jour
Malachie 4:0;SKN;60-1204E;158;VALIDE;chap->v.1: voici jour vient four ceux seront chaume jour
Marc 11:22;SKN;60-1204E;158;VALIDE;jesus foi dieu
Marc 16:0;SKN;60-1204E;158;VALIDE;chap->v.9: etant ressuscite matin premier jour semaine premierement marie
Matthieu 10:0;SKN;60-1204E;43;VALIDE;chap->v.15: verite dis pays sera jour
Matthieu 11:0;SKN;60-1204E;116;VALIDE;chap->v.28: venez moi etes charges moi donnerai repos
Matthieu 17:0;SKN;60-1204E;69;VALIDE;chap->v.9: jesus dites personne fils soit
Matthieu 17:0;SKN;60-1204E;100;VALIDE;chap->v.1: lui pierre frere
Matthieu 17:0;SKN;60-1204E;158;VALIDE;chap->v.1: apres six jours jesus prend lui pierre jacques
Matthieu 24:0;SKN;60-1204E;48;VALIDE;chap->v.24: faux faux prodiges possible meme elus
Matthieu 25:0;SKN;60-1204E;3;VALIDE;chap->v.20: avait cinq vint cinq autres disant remis
Matthieu 25:33;SKN;60-1204E;3;PARTIEL;commencé, pas achevé — brebis
Zacharie 4:1;SKN;60-1204E;154;EXACT;parlait moi revint reveilla homme reveille sommeil [couverture 7/9]
Apocalypse 7:0;SKN;60-1211M;59;VALIDE;chap->v.1: apres cela afin
Apocalypse 7:0;SKN;60-1211M;89;VALIDE;chap->v.1: apres cela vis quatre anges debout quatre coins
Apocalypse 9:0;SKN;60-1211M;250;VALIDE;chap->v.3: terre donne pouvoir pouvoir terre
Apocalypse 9:1-4;SKN;60-1211M;282;PARTIEL;commencé, pas achevé — vis lui
Apocalypse 11:0;SKN;60-1211M;113;VALIDE;chap->v.11: apres trois jours demi vie dieu entra eux
Apocalypse 11:0;SKN;60-1211M;136;VALIDE;chap->v.11: apres trois jours vie dieu eux
Apocalypse 12:0;SKN;60-1211M;53;VALIDE;chap->v.5: male doit paitre nations verge fer enfant fut
Apocalypse 13:0;SKN;60-1211M;240;VALIDE;chap->v.11: autre bete terre avait deux cornes agneau parlait
Apocalypse 13:15;SKN;60-1211M;240;EXACT;lui fut donne bete parle meme ceux [couverture 6/14]
Apocalypse 22:16;SKN;60-1211M;357;VALIDE;moi jesus envoye ange choses suis
Daniel 7:0;SKN;60-1211M;194;VALIDE;chap->v.8: considerais cornes voici autre corne petite monta milieu
Ephesiens 4:30;SKN;60-1211M;115;EXACT;saint esprit dieu avez scelles jour redemption [couverture 7/9]
Ephesiens 4:30;SKN;60-1211M;250;EXACT;saint dieu lequel scelles jour [couverture 5/9]
Ephesiens 4:30;SKN;60-1211M;282;EXACT;saint esprit dieu lequel avez scelles jour redemption [couverture 8/9]
Ezechiel 4:0;SKN;60-1211M;64;VALIDE;chap->v.16: fils voici jerusalem mesure
Ezechiel 4:0;SKN;60-1211M;65;VALIDE;chap->v.1: toi fils toi ville jerusalem
Ezechiel 9:0;SKN;60-1211M;155;VALIDE;chap->v.2: voici porte mort main
Matthieu 21:0;SKN;60-1211M;151;VALIDE;chap->v.13: ecrit maison sera maison avez
Matthieu 24:0;SKN;60-1211M;67;VALIDE;chap->v.15: verrez desolation parle daniel prophete etablie lieu saint
Matthieu 24:0;SKN;60-1211M;68;VALIDE;chap->v.15: verrez desolation parle daniel prophete etablie lieu saint
Matthieu 24:0;SKN;60-1211M;164;VALIDE;chap->v.24: faux christs faux prophetes grands prodiges seduire possible
Matthieu 24:24;SKN;60-1211M;164;EXACT;faux christs prophetes grands prodiges seduire possible meme [couverture 10/14]
Romains 2:22;SKN;60-1211M;186;PARTIEL;commencé, pas achevé — dis
Apocalypse 7:0;SKN;63-0324E;197;VALIDE;chap->v.8: tribu tribu joseph tribu benjamin
Apocalypse 7:0;SKN;63-0324E;199;VALIDE;chap->v.7: tribu tribu levi tribu
Apocalypse 7:0;SKN;63-0324E;386;VALIDE;chap->v.2: autre ange sceau dieu
Apocalypse 8:1;SKN;63-0324E;229;VALIDE;septieme sceau ciel
Apocalypse 10:1;SKN;63-0324E;384;VALIDE;autre ange dune tete
Apocalypse 10:1-7;SKN;63-0324E;304;VALIDE;vis ange dune
Apocalypse 11:0;SKN;63-0324E;107;VALIDE;chap->v.11: trois demi vie dieu eux
Apocalypse 14:0;SKN;63-0324E;222;VALIDE;chap->v.1: vis lui nom nom
Ephesiens 4:30;SKN;63-0324E;148;EXACT;nattristez saint dieu lequel avez scelles jour redemption [couverture 8/9]
Esaie 9:6;SKN;63-0324E;99;VALIDE;fils sera nom dieu
Ezechiel 48:1-7;SKN;63-0324E;221;PARTIEL;commencé, pas achevé — ici tribus
Matthieu 24:0;SKN;63-0324E;390;VALIDE;chap->v.21: alors aura grande quil maintenant quil aura
Matthieu 24:0;SKN;63-0324E;396;VALIDE;chap->v.21: alors telle quil monde maintenant quil
Matthieu 24:31;SKN;63-0324E;396;PARTIEL;commencé, pas achevé — grand
Apocalypse 7:0;VGR;60-1204E;216;VALIDE;chap->v.9: vis voici foule personne nation
Apocalypse 17:15;VGR;60-1204E;191;EXACT;eaux vues peuples foules langues [couverture 5/8]
Apocalypse 19:0;VGR;60-1204E;215;VALIDE;chap->v.11: vis ouvert voici cheval blanc celui fidele veritable
Apocalypse 19:15;VGR;60-1204E;183;EXACT;epee aigue sort bouche afin quil frappe nations [couverture 11/14]
Apocalypse 21:23;VGR;60-1204E;234;VALIDE;besoin soleil lagneau
Daniel 7:0;VGR;60-1204E;165;VALIDE;chap->v.9: vis jusqua trones furent lancien jours sassit vetement
Daniel 7:9;VGR;60-1204E;165;EXACT;vis jusqua trones furent lancien jours sassit vetement [couverture 9/14]
Daniel 7:9;VGR;60-1204E;167;EXACT;vis jusqua trones furent lancien jours sassit vetement [couverture 13/14]
Daniel 7:9;VGR;60-1204E;169;EXACT;vis jusqua trones furent lancien jours sassit vetement [couverture 12/14]
Daniel 7:9;VGR;60-1204E;188;EXACT;vis furent lancien jours etait blanc cheveux tete [couverture 7/14]
Ephesiens 4:30;VGR;60-1204E;23;EXACT;nattristez saint dieu lequel avez scelles jour redemption [couverture 8/9]
Esaie 28:0;VGR;60-1204E;108;VALIDE;chap->v.8: tables pleines vomissements sorte quil place
Esaie 28:8;VGR;60-1204E;108;EXACT;tables pleines vomissements sorte quil place [couverture 6/7]
Esaie 35:0;VGR;60-1204E;95;VALIDE;chap->v.8: aura grande route chemin sera appele chemin saintete
Hebreux 4:0;VGR;60-1204E;102;VALIDE;chap->v.7: certain jour disant david longtemps apres aujourdhui aujourdhui
Hebreux 4:2;VGR;60-1204E;214;PARTIEL;commencé, pas achevé — parole
Jean 5:22;VGR;60-1204E;157;EXACT;pere juge personne donne jugement fils [couverture 6/6]
Jean 5:22;VGR;60-1204E;168;VALIDE;pere juge personne jugement fils
Jean 15:0;VGR;60-1204E;146;VALIDE;chap->v.2: sarment porte fruit sarment porte fruit quil porte
Jean 17:17;VGR;60-1204E;37;EXACT;sanctifie verite parole [couverture 4/4]
Malachie 4:0;VGR;60-1204E;121;VALIDE;chap->v.3: mechants seront cendre vos pieds jour
Malachie 4:0;VGR;60-1204E;238;VALIDE;chap->v.1: voici jour vient four ceux pratiquent seront chaume
Marc 11:22;VGR;60-1204E;251;PARTIEL;commencé, pas achevé — foi dieu
Marc 16:0;VGR;60-1204E;220;VALIDE;chap->v.17: accompagneront ceux auront cru nom chasseront demons parleront
Matthieu 10:0;VGR;60-1204E;38;VALIDE;chap->v.15: verite dis pays sera jour
Matthieu 11:0;VGR;60-1204E;105;VALIDE;chap->v.29: prenez joug moi suis humble cur repos vos
Matthieu 17:0;VGR;60-1204E;63;VALIDE;chap->v.9: jesus personne vision jusqua fils soit
Matthieu 17:0;VGR;60-1204E;93;VALIDE;chap->v.12: dis lui ont quils ont ainsi
Matthieu 17:0;VGR;60-1204E;226;VALIDE;chap->v.1: apres six jours jesus lui pierre jacques jean
Matthieu 17:0;VGR;60-1204E;227;VALIDE;chap->v.1: apres six jours jesus lui pierre jacques jean
Matthieu 24:0;VGR;60-1204E;42;VALIDE;chap->v.21: alors quil depuis maintenant quil jamais
Matthieu 25:0;VGR;60-1204E;3;VALIDE;chap->v.20: avait cinq cinq autres remis
Matthieu 25:33;VGR;60-1204E;3;PARTIEL;commencé, pas achevé — brebis
Zacharie 4:1;VGR;60-1204E;142;EXACT;lange parlait moi revint reveilla homme reveille sommeil [couverture 8/9]
Apocalypse 7:0;VGR;60-1211M;56;VALIDE;chap->v.1: apres cela afin
Apocalypse 7:0;VGR;60-1211M;83;VALIDE;chap->v.1: apres cela vis quatre anges debout quatre coins
Apocalypse 11:0;VGR;60-1211M;107;VALIDE;chap->v.8: mort sera etendu place grande appelee sodome seigneur
Apocalypse 12:0;VGR;60-1211M;50;VALIDE;chap->v.5: male paitre nations verge fer enfant enleve dieu
Apocalypse 13:0;VGR;60-1211M;230;VALIDE;chap->v.15: lui fut donne limage bete afin limage bete
Apocalypse 13:15;VGR;60-1211M;230;EXACT;lui fut donne limage bete afin parle meme [couverture 9/14]
Apocalypse 22:16;VGR;60-1211M;353;EXACT;moi jesus jai envoye ange choses [couverture 7/14]
Daniel 7:0;VGR;60-1211M;188;VALIDE;chap->v.9: vis jusqua trones furent lancien jours sassit vetement
Ephesiens 4:30;VGR;60-1211M;109;EXACT;saint esprit dieu jour redemption [couverture 5/9]
Ephesiens 4:30;VGR;60-1211M;240;EXACT;nattristez saint dieu scelles jour [couverture 5/9]
Ephesiens 4:30;VGR;60-1211M;271;EXACT;nattristez saint esprit dieu lequel avez scelles jour [couverture 9/9]
Ezechiel 4:0;VGR;60-1211M;61;VALIDE;chap->v.14: voici sest jusqua maintenant rien
Ezechiel 4:0;VGR;60-1211M;62;VALIDE;chap->v.1: toi fils prends toi ville jerusalem
Ezechiel 9:0;VGR;60-1211M;149;VALIDE;chap->v.2: voici porte chacun mort main
Matthieu 21:0;VGR;60-1211M;145;VALIDE;chap->v.43: cest dis royaume dieu sera sera nation
Matthieu 24:0;VGR;60-1211M;64;VALIDE;chap->v.15: verrez labomination desolation parle daniel prophete etablie lieu
Matthieu 24:0;VGR;60-1211M;65;VALIDE;chap->v.15: verrez labomination desolation parle daniel prophete etablie lieu
Matthieu 24:0;VGR;60-1211M;158;VALIDE;chap->v.24: selevera faux christs faux prophetes grands prodiges seduire
Matthieu 24:24;VGR;60-1211M;158;EXACT;selevera faux christs prophetes grands prodiges seduire possible [couverture 11/14]
Romains 2:22;VGR;60-1211M;180;PARTIEL;commencé, pas achevé — dis
Apocalypse 7:0;VGR;63-0324E;197;VALIDE;chap->v.8: tribu tribu joseph tribu benjamin
Apocalypse 7:0;VGR;63-0324E;199;VALIDE;chap->v.7: tribu tribu levi tribu
Apocalypse 7:0;VGR;63-0324E;388;VALIDE;chap->v.2: autre ange sceau dieu
Apocalypse 10:1;VGR;63-0324E;386;PARTIEL;commencé, pas achevé — ange tete
Apocalypse 10:1-7;VGR;63-0324E;304;VALIDE;vis ange dune
Apocalypse 11:0;VGR;63-0324E;107;VALIDE;chap->v.11: trois demi vie dieu
Apocalypse 14:0;VGR;63-0324E;222;VALIDE;chap->v.1: vis lui nom nom
Ephesiens 4:30;VGR;63-0324E;148;EXACT;nattristez saint dieu lequel scelles jour redemption [couverture 7/9]
Esaie 9:6;VGR;63-0324E;99;VALIDE;fils sera nom dieu
Ezechiel 48:1;VGR;63-0324E;221;PARTIEL;commencé, pas achevé — ici tribus
Matthieu 24:0;VGR;63-0324E;392;VALIDE;chap->v.21: alors aura grande quil maintenant quil aura
Matthieu 24:0;VGR;63-0324E;398;VALIDE;chap->v.21: alors telle quil monde jusqua maintenant quil
Matthieu 24:31;VGR;63-0324E;398;PARTIEL;commencé, pas achevé — grand jusqua
Apocalypse 7:0;VGR;63-0728;228;VALIDE;chap->v.14: dis sais ceux grande ont lave ont
Apocalypse 17:0;VGR;63-0728;177;VALIDE;chap->v.6: sang saints sang jesus dun grand
Apocalypse 17:0;VGR;63-0728;560;VALIDE;chap->v.5: avait nom mystere grande
Hebreux 11:0;VGR;63-0728;626;VALIDE;chap->v.16: maintenant cest cest dieu dieu
Hebreux 13:8;VGR;63-0728;131;EXACT;christ meme hier aujourdhui eternellement [couverture 5/6]
Jean 5:0;VGR;63-0728;125;VALIDE;chap->v.36: moi grand celui jean uvres uvres fais
Jean 5:24;VGR;63-0728;24;EXACT;celui parole croit envoye vie jugement passe mort [couverture 8/14]
Jean 14:12;VGR;63-0728;125;EXACT;dis celui croit moi fera lui uvres fais [couverture 10/14]
Jean 14:12;VGR;63-0728;578;EXACT;dis celui croit moi fera lui uvres fais [couverture 11/14]
Malachie 3:0;VGR;63-0728;340;VALIDE;chap->v.1: jenvoie messager chemin devant moi seigneur
Malachie 3:0;VGR;63-0728;577;VALIDE;chap->v.18: alors juste mechant celui dieu celui
Malachie 4:0;VGR;63-0728;330;VALIDE;chap->v.3: seront plante jour ferai leternel
Malachie 4:0;VGR;63-0728;574;VALIDE;chap->v.5: voici envoie elie prophete avant jour
Malachie 4:0;VGR;63-0728;577;VALIDE;chap->v.1: jour vient jour vient
Marc 16:0;VGR;63-0728;238;VALIDE;chap->v.16: aura cru aura sera cru sera condamne
Marc 16:0;VGR;63-0728;536;VALIDE;chap->v.6: lui ressuscite nest voici
Matthieu 11:25;VGR;63-0728;291;EXACT;temps jesus loue pere ciel terre parce cache [couverture 10/14]
Matthieu 16:15;VGR;63-0728;214;EXACT;dites suis [couverture 2/2]
Matthieu 24:0;VGR;63-0728;565;VALIDE;chap->v.21: alors grande telle quil depuis jusqua quil jamais
Psaumes 1:0;VGR;63-0728;427;VALIDE;chap->v.3: arbre plante pres fruit saison fletrit
Psaumes 22:0;VGR;63-0728;113;VALIDE;chap->v.16: mont ont perce mes mains mes pieds
Apocalypse 7:0;VGR;64-0830E;77;VALIDE;chap->v.14: lui seigneur sais viennent grande tribulation ont ont
Apocalypse 10:0;VGR;64-0830E;153;VALIDE;chap->v.7: septieme ange sera sera
Apocalypse 10:0;VGR;64-0830E;154;VALIDE;chap->v.1: ange dune larc
Apocalypse 22:8;VGR;64-0830E;59;VALIDE;cest moi jean choses terre lange
Genese 6:3;VGR;64-0830E;156;PARTIEL;commencé, pas achevé — lhomme ans
Job 14:0;VGR;64-0830E;87;VALIDE;chap->v.14: homme meurt revivra jusqua etat
Job 14:21;VGR;64-0830E;86;PARTIEL;commencé, pas achevé — sen
Malachie 3:0;VGR;64-0830E;158;VALIDE;chap->v.1: voici jenvoie messager devant moi seigneur
Malachie 4:0;VGR;64-0830E;76;VALIDE;chap->v.5: elie prophete avant vienne grand jour
Malachie 4:0;VGR;64-0830E;77;VALIDE;chap->v.5: elie prophete avant vienne grand jour
Malachie 4:0;VGR;64-0830E;154;VALIDE;chap->v.6: cur peres cur peres
Malachie 4:0;VGR;64-0830E;156;VALIDE;chap->v.6: cur peres cur peres
Malachie 4:0;VGR;64-0830E;158;VALIDE;chap->v.6: cur peres fils cur fils peres
Marc 16:0;VGR;64-0830E;121;VALIDE;chap->v.9: etant matin premier jour premierement avait
Marc 16:0;VGR;64-0830E;139;VALIDE;chap->v.18: serpents auront quelque chose mains
Marc 16:18;VGR;64-0830E;138;EXACT;serpents auront quelque chose mains [couverture 5/13]
Matthieu 24:28;VGR;64-0830E;123;VALIDE;soit sassembleront aigles
Romains 7:14-18;VGR;64-0830E;25;VALIDE;savons loi spirituelle moi suis charnel vendu peche
Apocalypse 10:0;SKN;61-0618;209;VALIDE;chap->v.2: avait main livre ouvert pied mer terre
Ephesiens 1:13-14;SKN;61-0618;73;VALIDE;avez parole salut saint
Ephesiens 1:13-14;SKN;61-0618;81;EXACT;avez ayant scelles saint [couverture 6/14]
Ephesiens 4:30;SKN;61-0618;147;EXACT;saint esprit dieu lequel avez scelles jour redemption [couverture 8/9]
Jean 14:0;SKN;61-0618;120;VALIDE;chap->v.10: moi pere pere moi moi moi meme pere
Jeremie 32:0;SKN;61-0618;186;VALIDE;chap->v.4: sera main sera livre main babylone
Matthieu 28:19;SKN;61-0618;226;EXACT;allez faites disciples nations baptisant nom pere fils [couverture 9/10]
Apocalypse 10:0;SKN;63-0112;4;VALIDE;chap->v.7: jours ange sera sonner trompette mystere dieu sera
Apocalypse 10:0;SKN;63-0112;69;VALIDE;chap->v.7: jours septieme ange sonner trompette mystere dieu termine
Esaie 3:18;SKN;63-0112;54;VALIDE;jour seigneur otera pieds
Esaie 5:0;SKN;63-0112;54;VALIDE;chap->v.27: nul soit nul nul nul
Esaie 6:0;SKN;63-0112;12;VALIDE;chap->v.2: seraphins tenaient lui avaient chacun six ailes deux
Apocalypse 10:0;SKN;63-0818;100;VALIDE;chap->v.7: jours septieme ange sera sonner trompette mystere dieu
Malachie 4:0;SKN;63-0818;104;VALIDE;chap->v.1: voici jour vient jour vient
Psaumes 86:0;SKN;63-0818;29;VALIDE;chap->v.2: garde ame suis tes toi dieu sauve serviteur
Psaumes 86:0;SKN;63-0818;31;VALIDE;chap->v.2: garde ame suis tes toi dieu sauve serviteur
Apocalypse 10:0;SKN;64-0112;170;VALIDE;chap->v.7: jours septieme ange sera mystere dieu sera
Apocalypse 17:0;SKN;64-0112;73;VALIDE;chap->v.2: laquelle terre ont terre ont vin
Esaie 60:0;SKN;64-0112;29;VALIDE;chap->v.2: voici tenebres terre profonde peuples toi gloire toi
Esaie 60:1;SKN;64-0112;115;EXACT;leve toi lumiere venue [couverture 5/10]
Esaie 62:0;SKN;64-0112;29;VALIDE;chap->v.11: voici terre voici salut vient voici
Hebreux 1:0;SKN;64-0112;116;VALIDE;chap->v.1: dieu autrefois plusieurs plusieurs manieres parle peres prophetes
Jean 14:0;SKN;64-0112;172;VALIDE;chap->v.10: moi pere pere moi paroles moi dis dis
Psaumes 60:0;SKN;64-0112;29;VALIDE;chap->v.10: toi dieu dieu nos
Psaumes 62:0;SKN;64-0112;31;VALIDE;chap->v.8: peuple confiez lui temps repandez lui dieu refuge
Psaumes 62:0;SKN;64-0112;144;VALIDE;chap->v.8: lui temps lui dieu
Apocalypse 10:0;SKN;64-0419;29;VALIDE;chap->v.1: vis autre ange ciel ciel tete
Apocalypse 10:0;SKN;64-0419;63;VALIDE;chap->v.6: choses choses choses quil
Apocalypse 10:0;SKN;64-0419;80;VALIDE;chap->v.7: jours sera mystere dieu sera
Deuteronome 18:15;SKN;64-0419;73;EXACT;leternel dieu suscitera prophete moi [couverture 5/11]
Jean 14:12;SKN;64-0419;80;VALIDE;verite dis fais
Luc 17:30;SKN;64-0419;63;VALIDE;sera meme jour
Malachie 4:0;SKN;64-0419;29;VALIDE;chap->v.1: jour vient seront jour vient
Malachie 4:0;SKN;64-0419;76;VALIDE;chap->v.5: prophete avant jour
Malachie 4:0;SKN;64-0419;78;VALIDE;chap->v.6: peres fils fils peres
Marc 16:0;SKN;64-0419;16;VALIDE;chap->v.11: quil quil avait
Marc 16:0;SKN;64-0419;23;VALIDE;chap->v.6: lui jesus nest ici
Marc 16:0;SKN;64-0419;96;VALIDE;chap->v.12: apres choses autre forme deux eux
Marc 16:0;SKN;64-0419;99;VALIDE;chap->v.12: apres choses autre forme deux dentre eux
Apocalypse 10:0;SKN;64-0621;76;VALIDE;chap->v.7: jours voix septieme ange sera dieu sera
Hebreux 4:12;SKN;64-0621;171;VALIDE;parole dieu epee
Hebreux 13:8;SKN;64-0621;74;VALIDE;jesus meme hier aujourdhui eternellement
Jacques 5:14;SKN;64-0621;64;EXACT;quelquun parmi malade quil appelle anciens prient lui [couverture 10/14]
Jacques 5:14;SKN;64-0621;65;EXACT;quelquun parmi malade quil appelle anciens quils prient [couverture 10/14]
Jacques 5:14;SKN;64-0621;108;PARTIEL;commencé, pas achevé — malade quil
Luc 17:30;SKN;64-0621;75;EXACT;sera meme jour fils lhomme manifeste [couverture 6/7]
Malachie 4:0;SKN;64-0621;77;VALIDE;chap->v.6: peres fils fils peres
Malachie 4:0;SKN;64-0621;156;VALIDE;chap->v.5: avant vienne grand jour
Malachie 4:0;SKN;64-0621;164;VALIDE;chap->v.1: jour vient jour vient
Marc 16:0;SKN;64-0621;1;VALIDE;chap->v.9: etant ressuscite matin premier jour semaine apparut marie
Marc 16:0;SKN;64-0621;13;VALIDE;chap->v.6: lui jesus ici lavait mis
Marc 16:0;SKN;64-0621;35;VALIDE;chap->v.6: lui jesus ressuscite nest
Marc 16:0;SKN;64-0621;37;VALIDE;chap->v.11: quil quil avait
Marc 16:0;SKN;64-0621;45;VALIDE;chap->v.18: auront quelque chose cela mains ceux
Marc 16:0;SKN;64-0621;61;VALIDE;chap->v.18: auront quelque chose cela imposeront mains ceux
Marc 16:0;SKN;64-0621;62;VALIDE;chap->v.18: auront quelque chose cela imposeront mains ceux
Marc 16:0;SKN;64-0621;63;VALIDE;chap->v.18: auront quelque chose cela imposeront mains ceux
Marc 16:0;SKN;64-0621;109;VALIDE;chap->v.18: chose cela mains ceux
Marc 16:0;SKN;64-0621;149;VALIDE;chap->v.17: ici accompagneront ceux auront cru demons langues
Marc 16:0;SKN;64-0621;186;VALIDE;chap->v.11: ceux quil etait quil avait
Marc 16:0;SKN;64-0621;188;VALIDE;chap->v.18: cela imposeront mains ceux
Marc 16:0;SKN;64-0621;189;VALIDE;chap->v.18: cela imposeront mains
Marc 16:0;SKN;64-0621;198;VALIDE;chap->v.12: apres forme deux chemin
Apocalypse 10:0;SKN;65-0218;101;VALIDE;chap->v.6: celui choses terre choses choses
Galates 4:27;SKN;65-0218;43;EXACT;ecrit toi sterile eclate pousse cris enfants delaissee [couverture 8/14]
Hebreux 13:8;SKN;65-0218;101;VALIDE;jesus meme hier eternellement
Hebreux 13:8;SKN;65-0218;105;VALIDE;jesus christ meme hier eternellement
Jean 5:7;SKN;65-0218;49;PARTIEL;commencé, pas achevé — nai
Jean 5:24;SKN;65-0218;65;EXACT;celui entend parole croit envoye vie eternelle jugement [couverture 10/14]
Jean 14:12;SKN;65-0218;105;VALIDE;verite dis celui croit moi fera lui fais
Luc 17:30;SKN;65-0218;101;VALIDE;meme jour fils manifeste
Luc 17:30;SKN;65-0218;105;VALIDE;sera meme jour fils manifeste
Malachie 4:0;SKN;65-0218;105;VALIDE;chap->v.6: fera cur peres fils cur fils peres peur
Matthieu 24:24;SKN;65-0218;89;VALIDE;possible meme elus
romains 5:11;SKN;65-0218;65;CORRIGE;annoncé Romains 5:24
Romains 8:0;SKN;65-0218;65;VALIDE;chap->v.11: celui ressuscite jesus morts celui ressuscite christ morts
Apocalypse 10:0;VGR;61-0618;206;VALIDE;chap->v.6: vit ciel choses terre choses mer choses quil
Ephesiens 1:13;VGR;61-0618;73;VALIDE;parole salut saint
Ephesiens 1:13-14;VGR;61-0618;81;VALIDE;avez scelles saint
Ephesiens 4:30;VGR;61-0618;147;EXACT;nattristez saint esprit dieu lequel avez scelles jour [couverture 9/9]
Jean 14:0;VGR;61-0618;120;VALIDE;chap->v.10: moi pere pere moi moi moi pere demeure
Jeremie 32:0;VGR;61-0618;183;VALIDE;chap->v.28: cest voici livre main main babylone prendra
Matthieu 1:0;VGR;61-0618;224;VALIDE;chap->v.20: voici ange seigneur lui apparut songe joseph fils
Matthieu 28:19;VGR;61-0618;223;EXACT;allez faites disciples nations baptisant nom pere fils [couverture 10/10]
Apocalypse 10:0;VGR;63-0818;100;VALIDE;chap->v.7: jours septieme ange sera trompette mystere dieu sera
Hebreux 11:0;VGR;63-0818;123;VALIDE;chap->v.5: enleve quil voie mort dieu enleve
Malachie 4:0;VGR;63-0818;104;VALIDE;chap->v.1: voici jour vient jour vient
Psaumes 86:0;VGR;63-0818;29;VALIDE;chap->v.2: garde ame suis tes saints toi dieu sauve
Psaumes 86:0;VGR;63-0818;31;VALIDE;chap->v.2: garde ame suis tes saints toi dieu sauve
Apocalypse 10:0;VGR;64-0419;29;VALIDE;chap->v.7: jours septieme ange sera sonner trompette mystere dieu
Apocalypse 10:0;VGR;64-0419;63;VALIDE;chap->v.4: parle venant ciel choses
Apocalypse 10:0;VGR;64-0419;80;VALIDE;chap->v.7: jours sera mystere dieu sera
Deuteronome 18:15;VGR;64-0419;73;EXACT;leternel dieu suscitera prophete moi [couverture 5/11]
Hebreux 13:8;VGR;64-0419;29;PARTIEL;commencé, pas achevé — jesus meme
Jean 14:12;VGR;64-0419;80;VALIDE;verite dis lui uvres fais parce men
Luc 17:30;VGR;64-0419;63;VALIDE;sera meme jour
Malachie 4:0;VGR;64-0419;29;VALIDE;chap->v.1: jour ceux jour
Malachie 4:0;VGR;64-0419;76;VALIDE;chap->v.5: prophete avant jour
Malachie 4:0;VGR;64-0419;78;VALIDE;chap->v.6: cur peres fils cur fils peres
Marc 16:0;VGR;64-0419;16;VALIDE;chap->v.11: quil quil avait
Marc 16:0;VGR;64-0419;23;VALIDE;chap->v.14: etaient incredulite cur parce quils
Marc 16:0;VGR;64-0419;96;VALIDE;chap->v.12: apres choses autre forme deux eux
Marc 16:0;VGR;64-0419;99;VALIDE;chap->v.12: apres choses autre forme deux dentre eux
Apocalypse 10:0;VGR;64-0614M;336;VALIDE;chap->v.7: jours septieme ange sera mystere dieu sera
Apocalypse 10:0;VGR;64-0614M;341;VALIDE;chap->v.4: sept parle ciel disant scelle sept
Apocalypse 10:0;VGR;64-0614M;342;VALIDE;chap->v.4: sept parle ciel disant scelle choses sept
Apocalypse 19:0;VGR;64-0614M;342;VALIDE;chap->v.8: lui donne lin lin
Apocalypse 22:0;VGR;64-0614M;62;VALIDE;chap->v.18: quiconque ajoute dieu lui ajoutera
Exode 19:0;VGR;64-0614M;129;VALIDE;chap->v.7: moise peuple devant eux lui avait
Genese 1:0;VGR;64-0614M;62;VALIDE;chap->v.25: dieu selon selon selon dieu
Genese 1:0;VGR;64-0614M;75;VALIDE;chap->v.25: dieu terre selon selon selon dieu
Hebreux 1:0;VGR;64-0614M;286;VALIDE;chap->v.1: dieu plusieurs reprises plusieurs parle peres prophetes
Hebreux 13:8;VGR;64-0614M;88;EXACT;jesus meme hier aujourdhui eternellement [couverture 5/6]
Hebreux 13:8;VGR;64-0614M;322;PARTIEL;commencé, pas achevé — jesus meme
Hebreux 13:8;VGR;64-0614M;346;VALIDE;meme hier aujourdhui eternellement
Jean 1:0;VGR;64-0614M;83;VALIDE;chap->v.1: commencement etait parole parole etait dieu parole etait
Jean 12:20;VGR;64-0614M;94;VALIDE;grecs dentre etaient
Jean 14:12;VGR;64-0614M;302;EXACT;verite celui moi lui uvres fais [couverture 8/14]
Joel 2:28;VGR;64-0614M;74;VALIDE;apres repandrai esprit fils
Luc 17:28;VGR;64-0614M;322;PARTIEL;commencé, pas achevé — meme
Luc 17:28-29;VGR;64-0614M;302;VALIDE;meme jours jour
Malachie 4:0;VGR;64-0614M;73;VALIDE;chap->v.6: fera fils fils frappe
Malachie 4:0;VGR;64-0614M;302;VALIDE;chap->v.5: voici envoie elie prophete avant jour
Malachie 4:0;VGR;64-0614M;322;VALIDE;chap->v.6: cur fils cur fils
Marc 16:0;VGR;64-0614M;181;VALIDE;chap->v.4: regarde voient etait etait
Matthieu 24:24;VGR;64-0614M;169;EXACT;faux signes prodiges possible meme elus [couverture 7/14]
Matthieu 28:0;VGR;64-0614M;302;VALIDE;chap->v.1: jour jour lautre voir
Philippiens 2:0;VGR;64-0614M;19;VALIDE;chap->v.2: rendez joie ayez meme pensee ayant meme amour
Apocalypse 10:0;VGR;65-0218;101;VALIDE;chap->v.6: celui lequel choses terre choses choses quil
Galates 4:27;VGR;65-0218;43;EXACT;ecrit rejouis toi sterile nenfantes eclate joie pousse [couverture 10/14]
Hebreux 13:8;VGR;65-0218;101;VALIDE;jesus meme hier aujourdhui eternellement
Hebreux 13:8;VGR;65-0218;152;EXACT;jesus meme hier aujourdhui eternellement [couverture 5/6]
Jean 5:7;VGR;65-0218;49;PARTIEL;commencé, pas achevé — nai leau
Jean 5:24;VGR;65-0218;65;EXACT;celui parole croit envoye vie eternelle vient jugement [couverture 10/14]
Jean 14:12;VGR;65-0218;152;VALIDE;verite dis moi lui parce
Luc 17:30;VGR;65-0218;101;VALIDE;sera meme jour fils lhomme manifeste
Luc 17:30;VGR;65-0218;152;VALIDE;sera meme manifeste
Malachie 4:0;VGR;65-0218;124;VALIDE;chap->v.1: jour vient ceux jour vient
Malachie 4:0;VGR;65-0218;152;VALIDE;chap->v.1: voici vient vient
Matthieu 24:24;VGR;65-0218;89;VALIDE;possible meme elus
Romains 8:1;VGR;65-0218;65;EXACT;maintenant aucune condamnation ceux christ jesus [couverture 6/6]
Apocalypse 10:0;VGR;65-0725M;130;VALIDE;chap->v.7: jours septieme ange sera mystere dieu sera termine
Apocalypse 10:0;VGR;65-0725M;261;VALIDE;chap->v.7: jours voix septieme ange sera mystere sera termine
Apocalypse 10:1;VGR;65-0725M;260;PARTIEL;commencé, pas achevé — autre ange
Apocalypse 16:13;VGR;65-0725M;236;EXACT;bouche trois esprits grenouilles [couverture 6/13]
Apocalypse 16:13;VGR;65-0725M;238;EXACT;sortir bouche trois esprits grenouilles [couverture 7/13]
Ephesiens 5:1;VGR;65-0725M;160;PARTIEL;commencé, pas achevé — dieu
Hebreux 6:0;VGR;65-0725M;31;VALIDE;chap->v.4: impossible ceux ont fois eclaires ont goute don
Jean 14:12;VGR;65-0725M;50;VALIDE;dis celui croit moi fera lui uvres fais
Jean 14:12;VGR;65-0725M;51;EXACT;dis celui croit moi fera lui uvres fais [couverture 10/14]
Luc 17:30;VGR;65-0725M;259;EXACT;sera meme jour fils lhomme manifeste [couverture 6/7]
Luc 18:0;VGR;65-0725M;129;VALIDE;chap->v.8: dis fera justice fils lhomme viendra trouvera foi
Malachie 4:0;VGR;65-0725M;130;VALIDE;chap->v.6: fera peres fils fils peres vienne
Malachie 4:0;VGR;65-0725M;259;VALIDE;chap->v.4: souvenez loi moise lui
Matthieu 5:24;VGR;65-0725M;32;VALIDE;don lautel alors
Matthieu 7:21;VGR;65-0725M;192;EXACT;ceux disent seigneur royaume cieux celui volonte pere [couverture 10/11]
Matthieu 24:0;VGR;65-0725M;23;VALIDE;chap->v.21: alors aura quil maintenant quil aura
Matthieu 24:0;VGR;65-0725M;44;VALIDE;chap->v.24: selevera faux christs faux prophetes maniere meme elus
Matthieu 24:0;VGR;65-0725M;168;VALIDE;chap->v.24: selevera faux christs faux prophetes prodiges meme elus
Matthieu 24:24;VGR;65-0725M;46;VALIDE;selevera faux christs prophetes meme elus
Matthieu 24:24;VGR;65-0725M;49;VALIDE;faux signes meme
Matthieu 24:24;VGR;65-0725M;71;EXACT;selevera faux christs prophetes grands prodiges seduire possible [couverture 6/14]
Matthieu 24:24;VGR;65-0725M;156;VALIDE;selevera faux christs prophetes seduire meme
Matthieu 24:24;VGR;65-0725M;192;PARTIEL;commencé, pas achevé — prophetes meme
Matthieu 24:24;VGR;65-0725M;212;VALIDE;seduire possible meme elus
Matthieu 24:24;VGR;65-0725M;230;VALIDE;selevera faux christs prophetes prodiges possible meme elus
Matthieu 24:24;VGR;65-0725M;231;EXACT;selevera faux christs prophetes prodiges possible meme elus [couverture 8/14]
Matthieu 24:24;VGR;65-0725M;255;VALIDE;faux christs prophetes prodiges seduire meme elus
Matthieu 24:24;VGR;65-0725M;256;VALIDE;faux christs prophetes prodiges seduire meme elus
Matthieu 24:24;VGR;65-0725M;257;EXACT;faux christs prophetes prodiges seduire meme elus [couverture 8/14]
Matthieu 24:24;VGR;65-0725M;258;EXACT;faux christs prophetes prodiges seduire meme elus [couverture 8/14]
Matthieu 24:24;VGR;65-0725M;262;PARTIEL;commencé, pas achevé — prophetes meme
Matthieu 24:28;VGR;65-0725M;212;VALIDE;soit mort sassembleront aigles
Apocalypse 10:1-7;SKN;65-0221E;30;PARTIEL;commencé, pas achevé — autre
Apocalypse 21:16;SKN;65-0221E;96;PARTIEL;commencé, pas achevé — grande
Hebreux 7:2;SKN;65-0221E;98;CORRIGE;annoncé Exode 33:2
Genese 1:0;SKN;65-0221E;102;VALIDE;chap->v.10: dieu sec terre lappela dieu vit cela etait
Genese 18:0;SKN;65-0221E;102;VALIDE;chap->v.19: sais quil fils apres lui juste
Genese 18:0;SKN;65-0221E;103;VALIDE;chap->v.19: sais quil fils apres lui juste
Hebreux 7:1-3;SKN;65-0221E;29;VALIDE;roi salem sacrificateur dieu alla dabraham lorsquil revenait
Hebreux 7:2;SKN;65-0221E;96;EXACT;donna roi justice cest paix [couverture 5/14]
Hebreux 13:8;SKN;65-0221E;158;EXACT;christ meme hier aujourdhui eternellement [couverture 5/6]
Jean 4:0;SKN;65-0221E;146;VALIDE;chap->v.7: femme samarie leau jesus lui donne moi boire
Malachie 4:0;SKN;65-0221E;158;VALIDE;chap->v.6: cur fils cur fils
Malachie 4:0;SKN;65-0221E;168;VALIDE;chap->v.1: voici jour jour
Romains 8:1;SKN;65-0221E;71;EXACT;maintenant aucune condamnation ceux christ jesus [couverture 6/6]
Apocalypse 10:1-7;VGR;65-0221E;30;PARTIEL;commencé, pas achevé — autre dune
Apocalypse 21:16;VGR;65-0221E;96;PARTIEL;commencé, pas achevé — grande
Hebreux 7:2;VGR;65-0221E;98;CORRIGE;annoncé Exode 33:2
Genese 1:0;VGR;65-0221E;102;VALIDE;chap->v.10: dieu appela sec terre lappela dieu vit cela
Genese 18:0;VGR;65-0221E;102;VALIDE;chap->v.19: sais quil fils apres lui juste
Genese 18:0;VGR;65-0221E;103;VALIDE;chap->v.19: sais quil fils apres lui juste
Hebreux 7:2;VGR;65-0221E;96;EXACT;donna roi justice cest paix [couverture 5/14]
Hebreux 13:8;VGR;65-0221E;158;EXACT;christ meme hier aujourdhui eternellement [couverture 5/6]
Jean 4:0;VGR;65-0221E;146;VALIDE;chap->v.7: femme samarie leau jesus lui donne moi boire
Malachie 4:0;VGR;65-0221E;158;VALIDE;chap->v.6: cur fils cur fils
Malachie 4:0;VGR;65-0221E;168;VALIDE;chap->v.1: voici jour jour
Romains 8:1;VGR;65-0221E;71;EXACT;maintenant aucune condamnation ceux christ jesus [couverture 6/6]
Apocalypse 11:0;SKN;57-0821;27;VALIDE;chap->v.1: fut donne fut leve
Apocalypse 17:0;SKN;57-0821;82;VALIDE;chap->v.2: terre ont terre ont vin
Hebreux 7:0;SKN;57-0821;168;VALIDE;chap->v.1: melchisedec roi dieu revenait rois
Hebreux 11:0;SKN;57-0821;100;VALIDE;chap->v.37: scies errerent vetus peaux brebis peaux chevres
Matthieu 24:0;SKN;57-0821;112;VALIDE;chap->v.3: etait assis lui disant dis choses lieu quel
Apocalypse 11:0;SKN;62-0718;52;VALIDE;chap->v.17: disant seigneur dieu celui etait grande
Deuteronome 18:0;SKN;62-0718;44;VALIDE;chap->v.5: leternel dieu lui fils tes quil toujours devant
Genese 1:0;SKN;62-0718;73;VALIDE;chap->v.31: dieu quil avait cela etait bon matin jour
Genese 18:0;SKN;62-0718;73;VALIDE;chap->v.11: abraham sara etaient avances age sara avait
Hebreux 1:0;SKN;62-0718;45;VALIDE;chap->v.5: jamais fils moi aujourdhui moi lui pere lui
Hebreux 4:12;SKN;62-0718;44;EXACT;parole dieu penetrante epee deux tranchants [couverture 6/14]
Hebreux 11:0;SKN;62-0718;38;VALIDE;chap->v.16: maintenant cest celeste cest dieu savoir dieu
Jean 4:0;SKN;62-0718;94;VALIDE;chap->v.25: femme lui sais christ vient sera venu choses
Jean 5:19;SKN;62-0718;41;EXACT;jesus verite dis fils rien lui meme quil [couverture 8/14]
Jean 6:0;SKN;62-0718;65;VALIDE;chap->v.35: moi suis vie celui moi celui moi
Jean 12:20;SKN;62-0718;19;VALIDE;avait quelques grecs ceux etaient montes adorer pendant
Jean 14:12;SKN;62-0718;90;EXACT;verite dis celui croit moi fera lui fais [couverture 7/14]
Romains 4:0;SKN;62-0718;24;VALIDE;chap->v.13: nest promesse detre faite abraham foi
Apocalypse 11:0;VGR;57-0821;27;VALIDE;chap->v.15: ciel monde seigneur christ
Apocalypse 17:0;VGR;57-0821;82;VALIDE;chap->v.6: vis femme saints jesus dun grand
Hebreux 7:0;VGR;57-0821;168;VALIDE;chap->v.2: part roi puis roi cest
Hebreux 11:0;VGR;57-0821;100;VALIDE;chap->v.37: scies errerent vetus peaux brebis peaux chevres
Matthieu 24:0;VGR;57-0821;112;VALIDE;chap->v.3: etait assis lui disant dis choses lieu quel
Apocalypse 12:0;SKN;54-0513;128;VALIDE;chap->v.4: queue tiers etoiles ciel jeta terre dragon tenait
Apocalypse 12:0;SKN;54-0513;157;VALIDE;chap->v.5: fils fer enfant enleve dieu trone
Apocalypse 12:0;SKN;54-0513;187;VALIDE;chap->v.3: autre voici grand sept
Apocalypse 17:0;SKN;54-0513;124;VALIDE;chap->v.3: vis bete noms blaspheme sept tetes
Daniel 7:0;SKN;54-0513;126;VALIDE;chap->v.6: cela vis voici autre leopard avait quatre bete
Apocalypse 12:0;VGR;54-0513;128;VALIDE;chap->v.4: queue tiers etoiles ciel jeta terre dragon tenait
Apocalypse 12:0;VGR;54-0513;157;VALIDE;chap->v.5: fils fer enfant enleve dieu trone
Apocalypse 12:0;VGR;54-0513;187;VALIDE;chap->v.3: voici grand sept
Apocalypse 17:0;VGR;54-0513;124;VALIDE;chap->v.3: vis bete noms blaspheme sept tetes
Daniel 7:0;VGR;54-0513;126;VALIDE;chap->v.6: vis voici leopard avait quatre bete avait quatre
Apocalypse 12:0;VGR;54-0516;84;VALIDE;chap->v.1: grand signe ciel femme soleil lune pieds
Jean 5:7;VGR;54-0516;36;VALIDE;lui personne lorsque leau moi
Romains 8:1;VGR;54-0516;125;VALIDE;maintenant aucune condamnation ceux jesus
Apocalypse 13:0;SKN;54-0512;165;VALIDE;chap->v.14: ceux terre cause miracles lui donne devant bete
Apocalypse 17:15;SKN;54-0512;165;VALIDE;eaux peuples nations
Genese 1:26;SKN;54-0512;105;VALIDE;dieu homme image terre
Genese 2:0;SKN;54-0512;106;VALIDE;chap->v.23: fois celle chair chair celle femme
Apocalypse 13:0;SKN;54-1003E;92;VALIDE;chap->v.8: terre ecrit monde vie
Ephesiens 4:30;SKN;54-1003E;83;EXACT;saint dieu lequel avez scelles jour redemption [couverture 7/9]
Romains 5:1;SKN;54-1003E;148;EXACT;justifies foi avons paix dieu seigneur jesus [couverture 7/10]
Apocalypse 13:0;SKN;57-0306;33;VALIDE;chap->v.8: ceux habitent terre nom ecrit fondation monde livre
Apocalypse 21:0;SKN;57-0306;32;VALIDE;chap->v.1: nouveau ciel terre ciel terre sen etaient alles
Apocalypse 13:0;SKN;57-0322;23;VALIDE;chap->v.13: grands miracles sorte meme descendre ciel
Galates 1:0;SKN;57-0322;45;VALIDE;chap->v.1: part hommes lhomme jesus christ dieu pere
Hebreux 13:8;SKN;57-0322;62;EXACT;jesus meme hier aujourdhui eternellement [couverture 5/6]
Jean 1:0;SKN;57-0322;74;VALIDE;chap->v.30: cest moi moi vient homme prend place avant
Jean 4:0;SKN;57-0322;80;VALIDE;chap->v.9: femme samaritaine lui comment juif boire moi femme
Jean 5:19;SKN;57-0322;64;EXACT;jesus fils lui meme quil chose pere [couverture 7/14]
Psaumes 103:3;SKN;57-0322;65;VALIDE;cest lui tes guerit
Apocalypse 13:0;SKN;60-0803;33;VALIDE;chap->v.13: sorte meme feu ciel terre devant hommes
Esaie 10:0;SKN;60-0803;57;VALIDE;chap->v.4: qua ceux cela sest main
Esther 4:0;SKN;60-0803;47;VALIDE;chap->v.16: moi pendant jours nuit jour moi
Genese 22:0;SKN;60-0803;1;VALIDE;chap->v.7: isaac parla abraham pere pere voici fils voici
Jean 5:24;SKN;60-0803;62;EXACT;celui entend parole croit envoye vie eternelle vient [couverture 9/14]
Psaumes 103:3;SKN;60-0803;72;VALIDE;cest tes guerit
Apocalypse 13:0;SKN;63-0630M;53;VALIDE;chap->v.11: vis autre bete terre avait agneau
Apocalypse 13:0;SKN;63-0630M;54;VALIDE;chap->v.11: vis autre bete terre avait agneau
Apocalypse 17:0;SKN;63-0630M;100;VALIDE;chap->v.13: ont meme pensee donnent puissance pouvoir
Jean 6:0;SKN;63-0630M;130;VALIDE;chap->v.32: jesus verite verite dis moise donne pain ciel
Malachie 4:0;SKN;63-0630M;115;VALIDE;chap->v.6: fera peres fils fils peres frappe pays
Apocalypse 13:0;VGR;54-0512;269;VALIDE;chap->v.5: donne choses donne
Apocalypse 17:15;VGR;54-0512;211;PARTIEL;commencé, pas achevé — eaux foules
Genese 1:26;VGR;54-0512;105;VALIDE;dieu homme image terre
Genese 2:0;VGR;54-0512;106;VALIDE;chap->v.7: dieu lhomme poussiere sol vie lhomme
Apocalypse 13:0;VGR;57-0901E;103;VALIDE;chap->v.4: dragon parce quil avait donne pouvoir bete bete
Galates 1:8;VGR;57-0901E;114;EXACT;ange ciel quil soit anatheme [couverture 5/11]
Hebreux 13:0;VGR;57-0901E;20;VALIDE;chap->v.7: vos ont annonce parole dieu conduite foi
Jean 5:7;VGR;57-0901E;125;VALIDE;lui seigneur personne
Matthieu 1:18;VGR;57-0901E;129;VALIDE;naissance jesus marie quils
Romains 8:1;VGR;57-0901E;209;EXACT;maintenant aucune condamnation ceux christ jesus [couverture 6/6]
Apocalypse 13:0;VGR;60-0515E;102;VALIDE;chap->v.8: ceux terre nom ecrit fondation monde livre vie
Apocalypse 13:8;VGR;60-0515E;104;EXACT;ceux terre nom ecrit fondation monde livre vie [couverture 10/14]
Apocalypse 17:8;VGR;60-0515E;102;VALIDE;bete vue etait nest monter labime aller perdition
Apocalypse 17:8;VGR;60-0515E;103;EXACT;bete vue etait nest monter labime aller perdition [couverture 11/14]
Ephesiens 4:30;VGR;60-0515E;110;VALIDE;nattristez saint dieu lequel avez scelles jour redemption
Genese 1:26;VGR;60-0515E;99;VALIDE;dieu selon mer terre
Genese 2:0;VGR;60-0515E;100;VALIDE;chap->v.18: dieu bon lhomme seul lui lui
Joel 2:28;VGR;60-0515E;38;EXACT;apres repandrai esprit chair vos fils filles prophetiseront [couverture 10/14]
Apocalypse 13:0;VGR;60-1208;134;VALIDE;chap->v.1: vis monter mer bete avait dix cornes sept
Apocalypse 13:6;VGR;60-1208;131;VALIDE;contre dieu nom
Apocalypse 13:14;VGR;60-1208;132;EXACT;seduit terre cause quil lui donne bete disant [couverture 8/14]
Apocalypse 17:0;VGR;60-1208;87;VALIDE;chap->v.6: femme jesus dun grand
Apocalypse 17:0;VGR;60-1208;100;VALIDE;chap->v.4: femme etait pierres main
Hebreux 4:0;VGR;60-1208;30;VALIDE;chap->v.12: parole dieu vivante epee deux tranchants lesprit
Marc 16:0;VGR;60-1208;21;VALIDE;chap->v.6: lui nest ici lavait mis
Apocalypse 13:0;VGR;63-0630M;107;VALIDE;chap->v.4: quil avait pouvoir bete bete semblable
Apocalypse 13:0;VGR;63-0630M;108;VALIDE;chap->v.4: quil avait pouvoir bete bete semblable
Apocalypse 17:0;VGR;63-0630M;220;VALIDE;chap->v.4: femme etait paree dor main dor
Exode 3:0;VGR;63-0630M;14;VALIDE;chap->v.7: jai jai jai quil connais
Exode 5:0;VGR;63-0630M;29;VALIDE;chap->v.1: apres cela dieu laisse
Exode 9:0;VGR;63-0630M;51;VALIDE;chap->v.13: leternel moise toi bon matin tiens toi pharaon
Exode 11:0;VGR;63-0630M;65;VALIDE;chap->v.3: peuple etait grand pays
Exode 13:0;VGR;63-0630M;77;VALIDE;chap->v.19: joseph lui certainement dieu
Exode 15:0;VGR;63-0630M;88;VALIDE;chap->v.16: eux devenus peuple passe
Exode 19:0;VGR;63-0630M;115;VALIDE;chap->v.5: maintenant terre moi
Exode 21:0;VGR;63-0630M;127;VALIDE;chap->v.16: homme quil quil trouve main sera certainement
Exode 23:0;VGR;63-0630M;142;VALIDE;chap->v.5: vois couche lui
Exode 25:0;VGR;63-0630M;160;VALIDE;chap->v.32: trois cote trois cote
Exode 29:0;VGR;63-0630M;191;VALIDE;chap->v.30: sera lieu saint pendant
Exode 31:0;VGR;63-0630M;205;VALIDE;chap->v.17: cest signe toujours jours cieux terre jour
Exode 33:0;VGR;63-0630M;218;VALIDE;chap->v.5: fils etes peuple cou
Exode 35:0;VGR;63-0630M;231;VALIDE;chap->v.23: homme blanc poil
Exode 37:0;VGR;63-0630M;246;VALIDE;chap->v.3: quatre dor quatre deux deux
Exode 39:0;VGR;63-0630M;259;VALIDE;chap->v.5: etait etait meme meme
Jean 6:0;VGR;63-0630M;289;VALIDE;chap->v.33: pain dieu celui descend ciel vie monde
Malachie 4:0;VGR;63-0630M;255;VALIDE;chap->v.6: fera cur peres fils cur fils peres pays
Apocalypse 13:6;SKN;60-1208;138;VALIDE;contre dieu nom
Apocalypse 13:8;SKN;60-1208;141;VALIDE;ceux terre nom lui
Apocalypse 13:14;SKN;60-1208;139;EXACT;terre cause lui donne bete disant image [couverture 6/14]
Apocalypse 17:0;SKN;60-1208;87;VALIDE;chap->v.4: femme etait main
Apocalypse 17:0;SKN;60-1208;107;VALIDE;chap->v.5: avait grande mere prostituees
Hebreux 4:0;SKN;60-1208;30;VALIDE;chap->v.12: parole dieu vivante epee deux tranchants
Marc 16:0;SKN;60-1208;21;VALIDE;chap->v.19: seigneur apres fut dieu
Apocalypse 13:17;SKN;58-0928E;72;PARTIEL;commencé, pas achevé — nom
Apocalypse 17:0;SKN;58-0928E;12;VALIDE;chap->v.2: rois terre ont fornication terre ont vin fornication
Hebreux 7:0;SKN;58-0928E;79;VALIDE;chap->v.1: roi devant dabraham revenait defaite rois
Job 27:0;SKN;58-0928E;82;VALIDE;chap->v.22: dieu loin main
Romains 8:0;SKN;58-0928E;94;VALIDE;chap->v.32: celui meme propre fils livre comment don choses
Apocalypse 13:17;VGR;58-0928E;72;PARTIEL;commencé, pas achevé — nom
Apocalypse 17:0;VGR;58-0928E;12;VALIDE;chap->v.2: rois terre ont fornication terre ont vin fornication
Hebreux 7:0;VGR;58-0928E;79;VALIDE;chap->v.4: grand etait meme abraham dime lui
Job 27:0;VGR;58-0928E;82;VALIDE;chap->v.5: loin moi jusqua
Romains 8:0;VGR;58-0928E;94;VALIDE;chap->v.32: celui meme propre fils livre comment don choses
apocalypse 15:1;SKN;55-0109E;142;CORRIGE;annoncé Apocalypse 15:16
Daniel 12:0;SKN;55-0109E;5;VALIDE;chap->v.4: daniel livre fin
Apocalypse 16:17;VGR;62-1104M;204;VALIDE;coupe grande cest
Apocalypse 17:0;VGR;62-1104M;213;VALIDE;chap->v.3: esprit desert vis femme assise bete ecarlate pleine
Apocalypse 17:0;VGR;62-1104M;220;VALIDE;chap->v.2: laquelle terre ceux terre
Apocalypse 17:1;VGR;62-1104M;209;VALIDE;sept montrerai grande prostituee
Apocalypse 17:3;VGR;62-1104M;204;VALIDE;vis assise sept
Apocalypse 17:3;VGR;62-1104M;214;EXACT;esprit desert vis femme assise bete ecarlate pleine [couverture 10/14]
Apocalypse 17:15;VGR;62-1104M;210;VALIDE;eaux prostituee assise foules
Ephesiens 1:5;VGR;62-1104M;154;VALIDE;predestines jesus bon
Ephesiens 4:30;VGR;62-1104M;169;EXACT;nattristez saint esprit dieu lequel avez scelles jour [couverture 9/9]
Hebreux 11:0;VGR;62-1104M;83;VALIDE;chap->v.6: foi lui faut celui dieu croie dieu quil
Jean 3:16;VGR;62-1104M;178;PARTIEL;commencé, pas achevé — quil
Jean 14:0;VGR;62-1104M;178;VALIDE;chap->v.17: quil quil quil
Apocalypse 17:0;SKN;53-0326;40;VALIDE;chap->v.6: vis sang saints sang temoins jesus grand
Jean 5:24;SKN;53-0326;32;EXACT;celui parole croit envoye vie eternelle vient jugement [couverture 10/14]
Jean 6:0;SKN;53-0326;159;VALIDE;chap->v.31: nos peres ont mange manne desert donne manger
Matthieu 6:9-13;SKN;53-0326;189;EXACT;pere cieux nom soit sanctifie regne vienne volonte [couverture 5/7]
Matthieu 27:0;SKN;53-0326;76;VALIDE;chap->v.52: corps saints endormis ressusciterent
Romains 8:1;SKN;53-0326;30;EXACT;maintenant aucune condamnation ceux christ jesus [couverture 6/6]
Apocalypse 17:0;SKN;53-0329;81;VALIDE;chap->v.5: avait nom grande mere
Exode 17:0;SKN;53-0329;46;VALIDE;chap->v.11: moise main avait main avait
Genese 3:14;SKN;53-0329;46;VALIDE;dieu serpent parce
Josue 1:0;SKN;53-0329;41;VALIDE;chap->v.2: moise serviteur mort maintenant leve toi passe jourdain
Josue 1:0;SKN;53-0329;43;VALIDE;chap->v.2: moise serviteur mort maintenant leve toi passe jourdain
Apocalypse 17:0;SKN;56-0311A;27;VALIDE;chap->v.10: lun lautre venu sera venu faut quil temps
Jean 6:0;SKN;56-0311A;20;VALIDE;chap->v.31: peres ont mange manne desert quil ecrit donne
Jean 14:0;SKN;56-0311A;26;VALIDE;chap->v.17: lesprit monde quil quil quil
Psaumes 23:0;SKN;56-0311A;13;VALIDE;chap->v.4: meme vallee lombre mort mal moi
Apocalypse 17:0;SKN;57-0120E;65;VALIDE;chap->v.3: esprit vis femme assise bete ecarlate ayant sept
Galates 1:8;SKN;57-0120E;4;VALIDE;ange ciel quil soit anatheme
Jean 17:0;SKN;57-0120E;34;VALIDE;chap->v.2: lui donne chair quant lui donne donne vie
Ephesiens 4:30;SKN;58-0128;130;EXACT;saint dieu lequel avez scelles jour redemption [couverture 7/9]
Apocalypse 17:0;SKN;61-0208;27;VALIDE;chap->v.10: nest venu sera venu quil temps
Deuteronome 18:15;SKN;61-0208;41;VALIDE;leternel dieu suscitera prophete moi milieu toi
Exode 19:0;SKN;61-0208;18;VALIDE;chap->v.3: monta dieu montagne maison jacob
Hebreux 13:8;SKN;61-0208;20;VALIDE;jesus christ meme hier aujourdhui eternellement
Jean 1:0;SKN;61-0208;35;VALIDE;chap->v.30: cest celui moi apres moi homme place avant
Jean 1:0;SKN;61-0208;36;VALIDE;chap->v.30: cest celui moi moi homme place avant moi
Jean 4:0;SKN;61-0208;62;VALIDE;chap->v.9: femme samaritaine lui comment toi juif moi suis
Jean 6:0;SKN;61-0208;59;VALIDE;chap->v.35: jesus moi suis pain vie celui moi jamais
Jean 12:0;SKN;61-0208;35;VALIDE;chap->v.49: moi nai parle moi meme pere lui meme
Jean 12:20;SKN;61-0208;20;VALIDE;avait quelques grecs ceux etaient montes adorer pendant
Jean 14:12;SKN;61-0208;33;EXACT;verite dis celui croit moi fera lui fais [couverture 5/14]
Apocalypse 17:0;SKN;61-0211;45;VALIDE;chap->v.2: laquelle terre ont fornication ceux terre ont fornication
Hebreux 4:0;SKN;61-0211;56;VALIDE;chap->v.2: avons meme ceux parole quils foi ceux
Jean 5:24;SKN;61-0211;23;VALIDE;verite dis celui parole croit envoye vie eternelle
Matthieu 8:0;SKN;61-0211;55;VALIDE;chap->v.4: jesus lui personne montre don moise quil
Matthieu 12:0;SKN;61-0211;55;VALIDE;chap->v.40: jonas trois jours trois ainsi fils lhomme sera
Apocalypse 17:0;SKN;62-0707;155;VALIDE;chap->v.5: avait grande mere prostituees
Jean 5:19;SKN;62-0707;142;EXACT;dis fils rien lui meme pere celui [couverture 6/14]
Apocalypse 17:0;SKN;62-0729;44;VALIDE;chap->v.5: avait nom ecrit grande mere prostituees terre
Hebreux 4:12;SKN;62-0729;58;VALIDE;parole dieu epee deux tranchants jusqua lesprit
Apocalypse 17:0;SKN;62-1122;34;VALIDE;chap->v.3: femme pleine noms blaspheme
Ephesiens 1:5;SKN;62-1122;35;VALIDE;predestines adopter lui jesus christ selon
Hebreux 11:0;SKN;62-1122;76;VALIDE;chap->v.3: foi ont parole dieu sorte choses
Jean 8:0;SKN;62-1122;35;VALIDE;chap->v.42: jesus dieu etait pere moi dieu lui suis
Jean 8:35;SKN;62-1122;33;EXACT;demeure maison toujours fils [couverture 6/7]
Jean 14:12;SKN;62-1122;75;VALIDE;verite dis celui croit moi fera fais
Marc 16:0;SKN;62-1122;75;VALIDE;chap->v.17: signes accompagneront ceux auront cru nom chasseront demons
Apocalypse 17:0;SKN;62-1216;59;VALIDE;chap->v.1: lun anges avaient coupes vint parla disant ici
Esaie 40:0;SKN;62-1216;59;VALIDE;chap->v.14: tenu conseil lui donne instruit juste jugement lui
Hebreux 9:12;SKN;62-1216;59;VALIDE;sang propre fois lieux saints obtenu redemption eternelle
Hebreux 11:0;SKN;62-1216;59;VALIDE;chap->v.8: foi abraham etant appele sen aller lieu recevoir
Hebreux 12:0;SKN;62-1216;59;VALIDE;chap->v.3: considerez celui telle part contre lui meme afin
Hebreux 12:25;SKN;62-1216;21;VALIDE;garde celui parle ceux echappe refuserent oracles terre
Hebreux 13:8;SKN;62-1216;59;VALIDE;jesus christ meme hier eternellement
Michee 1:0;SKN;62-1216;21;VALIDE;chap->v.2: ecoutez peuples sois attentive terre toi seigneur soit
Apocalypse 17:0;SKN;63-0119;194;VALIDE;chap->v.5: avait ecrit abominations
Esaie 5:0;SKN;63-0119;113;VALIDE;chap->v.5: ferai sera sera
Genese 1:0;SKN;63-0119;57;VALIDE;chap->v.2: terre etait vide avait dieu eaux
Genese 2:0;SKN;63-0119;57;VALIDE;chap->v.4: cieux terre jour dieu terre cieux
Jean 4:0;SKN;63-0119;283;VALIDE;chap->v.10: lui don dieu celui moi lui
Jean 4:0;SKN;63-0119;292;VALIDE;chap->v.25: femme lui messie christ vient celui sera venu
Malachie 4:0;SKN;63-0119;239;VALIDE;chap->v.5: voici prophete avant jour
Apocalypse 17:0;SKN;63-0120E;78;VALIDE;chap->v.10: lun lautre nest faut quil
Hebreux 13:8;SKN;63-0120E;104;EXACT;jesus christ meme hier aujourdhui eternellement [couverture 6/6]
Jacques 5:14;SKN;63-0120E;86;PARTIEL;commencé, pas achevé — quil
Jean 3:16;SKN;63-0120E;86;PARTIEL;commencé, pas achevé — tant quil
Jean 14:12;SKN;63-0120E;104;EXACT;verite celui croit moi fera lui fais men [couverture 7/14]
Apocalypse 17:0;SKN;63-0721;112;VALIDE;chap->v.10: venu sera venu faut temps
Genese 6:4;SKN;63-0721;122;VALIDE;jours apres dieu hommes
Hebreux 2:0;SKN;63-0721;24;VALIDE;chap->v.4: dieu temoignage eux signes prodiges divers miracles saint
Hebreux 2:2-4;SKN;63-0721;23;VALIDE;parole anges transgression desobeissance recu juste retribution comment
Hebreux 4:0;SKN;63-0721;175;VALIDE;chap->v.14: souverain sacrificateur jesus dieu confession
Jean 5:24;SKN;63-0721;76;EXACT;dis celui entend parole croit envoye vie eternelle [couverture 9/14]
Jean 15:26;SKN;63-0721;34;VALIDE;lequel enverrai pere verite celui rendra temoignage
Apocalypse 17:0;SKN;63-0804A;67;VALIDE;chap->v.5: avait ecrit grande mere prostituees
Marc 16:0;SKN;63-0804A;31;VALIDE;chap->v.11: ceux quil etait quil avait
Apocalypse 17:0;SKN;63-1117;119;VALIDE;chap->v.10: sept lun lautre quil
Hebreux 3:0;SKN;63-1117;186;VALIDE;chap->v.10: cest jai jai mes
Hebreux 4:0;SKN;63-1117;182;VALIDE;chap->v.2: avons meme parole quils servit rien
Apocalypse 17:0;SKN;63-1130E;163;VALIDE;chap->v.6: femme jesus dun
Hebreux 4:0;SKN;63-1130E;218;VALIDE;chap->v.12: parole dieu epee deux tranchants lesprit
Hebreux 13:8;SKN;63-1130E;181;VALIDE;jesus christ meme
Hebreux 13:8;SKN;63-1130E;185;EXACT;jesus meme hier aujourdhui eternellement [couverture 5/6]
Jean 1:0;SKN;63-1130E;126;VALIDE;chap->v.1: etait parole parole etait dieu parole etait dieu
Jean 14:2;SKN;63-1130E;178;PARTIEL;commencé, pas achevé — etait
Apocalypse 17:0;SKN;63-1214;139;VALIDE;chap->v.12: dix dix nont pouvoir bete
Galates 1:8;SKN;63-1214;158;EXACT;ange ciel quil soit anatheme [couverture 5/11]
Hebreux 13:8;SKN;63-1214;122;EXACT;jesus christ meme hier aujourdhui eternellement [couverture 6/6]
Jean 3:16;SKN;63-1214;124;EXACT;dieu tant aime monde quil donne fils unique [couverture 10/14]
Jean 6:35;SKN;63-1214;79;VALIDE;jesus suis pain vie
Malachie 4:0;SKN;63-1214;133;VALIDE;chap->v.6: retourner fils fils frappe
Psaumes 23:0;SKN;63-1214;114;VALIDE;chap->v.3: restaure ame conduit justice cause nom
Apocalypse 17:0;SKN;64-0126;62;VALIDE;chap->v.4: etait main coupe
Hebreux 4:0;SKN;64-0126;155;VALIDE;chap->v.12: parole dieu quaucune epee deux tranchants
Hebreux 10:0;SKN;64-0126;146;VALIDE;chap->v.26: pechons volontairement apres recu connaissance verite reste sacrifice
Hebreux 13:8;SKN;64-0126;57;EXACT;jesus christ meme hier aujourdhui eternellement [couverture 5/6]
Hebreux 13:8;SKN;64-0126;128;EXACT;jesus meme hier aujourdhui eternellement [couverture 5/6]
Jean 14:12;SKN;64-0126;57;EXACT;celui croit moi fera fais parce [couverture 7/14]
Malachie 4:0;SKN;64-0126;89;VALIDE;chap->v.3: vos jour ferai
Matthieu 24:24;SKN;64-0126;69;PARTIEL;commencé, pas achevé — meme elus
Matthieu 28:0;SKN;64-0126;57;VALIDE;chap->v.20: choses voici moi jours jusqua
Matthieu 28:0;SKN;64-0126;128;VALIDE;chap->v.15: parole sest parmi aujourdhui
Apocalypse 17:0;SKN;65-0427;54;VALIDE;chap->v.17: dieu pensee meme pensee
Apocalypse 22:0;SKN;65-0427;100;VALIDE;chap->v.17: viens celui dise viens celui celui
Jean 4:0;SKN;65-0427;108;VALIDE;chap->v.24: dieu esprit esprit verite
Jean 14:12;SKN;65-0427;57;EXACT;dis croit moi fera lui fais [couverture 8/14]
Malachie 4:0;SKN;65-0427;82;VALIDE;chap->v.6: retourner fils fils peur
Marc 16:0;SKN;65-0427;57;VALIDE;chap->v.17: ici signes accompagneront ceux auront cru nom chasseront
Apocalypse 17:0;SKN;65-0429B;35;VALIDE;chap->v.4: femme etait main
Apocalypse 17:0;SKN;65-0429B;113;VALIDE;chap->v.10: nest venu sera venu quil temps
Esaie 9:6;SKN;65-0429B;97;EXACT;enfant fils donne sera conseiller dieu pere [couverture 7/14]
Galates 4:27;SKN;65-0429B;20;PARTIEL;commencé, pas achevé — ecrit nes
Galates 4:27-31;SKN;65-0429B;13;EXACT;ecrit rejouis toi sterile nenfantes eclate pousse cris [couverture 11/14]
Genese 2:0;SKN;65-0429B;48;VALIDE;chap->v.23: lhomme fois chair chair parce quelle
Jean 1:0;SKN;65-0429B;27;VALIDE;chap->v.1: commencement etait parole parole etait aupres dieu parole
Jean 5:24;SKN;65-0429B;50;EXACT;celui entend parole croit envoye vie eternelle jugement [couverture 9/14]
Luc 17:30;SKN;65-0429B;112;VALIDE;sera meme jour
Malachie 4:0;SKN;65-0429B;112;VALIDE;chap->v.1: voici jour jour
Matthieu 1:18;SKN;65-0429B;99;EXACT;naissance jesus arriva ainsi mere marie etant fiancee [couverture 10/14]
Apocalypse 17:0;VGR;57-0120E;183;VALIDE;chap->v.3: vis femme assise bete ecarlate sept tetes
Galates 1:8;VGR;57-0120E;12;EXACT;ange ciel quil soit anatheme [couverture 5/11]
Jean 17:0;VGR;57-0120E;84;VALIDE;chap->v.2: lui donne chair lui donne donne vie
Apocalypse 17:0;VGR;63-0804A;67;VALIDE;chap->v.5: avait ecrit grande mere prostituees
Marc 16:0;VGR;63-0804A;31;VALIDE;chap->v.6: lui jesus ressuscite lavait mis
Apocalypse 17:0;VGR;63-1214;139;VALIDE;chap->v.12: dix dix nont pouvoir bete
Galates 1:8;VGR;63-1214;158;EXACT;ange ciel quil soit anatheme [couverture 5/11]
Hebreux 13:8;VGR;63-1214;122;EXACT;jesus christ meme hier aujourdhui eternellement [couverture 6/6]
Jean 3:16;VGR;63-1214;124;EXACT;dieu tant aime monde quil donne fils unique [couverture 10/14]
Jean 6:35;VGR;63-1214;79;EXACT;jesus suis pain vie celui vient [couverture 7/14]
Malachie 4:0;VGR;63-1214;133;VALIDE;chap->v.6: retourner fils fils vienne frappe
Psaumes 23:0;VGR;63-1214;114;VALIDE;chap->v.3: restaure ame conduit sentiers justice cause nom
Apocalypse 17:0;VGR;64-0126;62;VALIDE;chap->v.4: etait main coupe
Hebreux 4:0;VGR;64-0126;155;VALIDE;chap->v.12: parole dieu epee deux tranchants
Hebreux 10:0;VGR;64-0126;146;VALIDE;chap->v.26: pechons volontairement apres recu connaissance verite reste sacrifice
Hebreux 13:8;VGR;64-0126;57;VALIDE;jesus christ meme hier aujourdhui
Hebreux 13:8;VGR;64-0126;128;VALIDE;jesus meme hier aujourdhui
Jean 14:12;VGR;64-0126;57;EXACT;celui croit moi fera uvres fais parce [couverture 8/14]
Malachie 4:0;VGR;64-0126;89;VALIDE;chap->v.3: vos jour ferai
Matthieu 24:24;VGR;64-0126;69;PARTIEL;commencé, pas achevé — meme elus
Matthieu 28:0;VGR;64-0126;57;VALIDE;chap->v.20: choses voici moi suis jours jusqua
Matthieu 28:0;VGR;64-0126;128;VALIDE;chap->v.15: parole sest parmi aujourdhui
Apocalypse 17:0;VGR;65-0427;108;VALIDE;chap->v.10: nest faut quil
Apocalypse 22:0;VGR;65-0427;212;VALIDE;chap->v.14: afin quils droit quils
Jean 4:0;VGR;65-0427;225;VALIDE;chap->v.9: femme moi suis femme
Jean 14:12;VGR;65-0427;114;EXACT;dis celui croit moi fera uvres fais [couverture 9/14]
Malachie 4:0;VGR;65-0427;169;VALIDE;chap->v.5: prophete avant jour
Marc 16:0;VGR;65-0427;114;VALIDE;chap->v.17: ici accompagneront ceux auront cru nom chasseront demons
Apocalypse 17:0;VGR;65-0429B;41;VALIDE;chap->v.10: nest sera quil temps
Apocalypse 17:0;VGR;65-0429B;127;VALIDE;chap->v.2: terre ont terre ont
Esaie 9:6;VGR;65-0429B;104;EXACT;enfant sera conseiller dieu pere [couverture 5/14]
Galates 4:27;VGR;65-0429B;26;PARTIEL;commencé, pas achevé — ecrit nes
Galates 4:27-31;VGR;65-0429B;20;EXACT;ecrit rejouis toi sterile nenfantes eclate pousse cris [couverture 11/14]
Genese 2:0;VGR;65-0429B;51;VALIDE;chap->v.3: dieu jour jour dieu crea
Jean 1:0;VGR;65-0429B;32;VALIDE;chap->v.1: commencement etait parole parole etait dieu parole etait
Jean 5:24;VGR;65-0429B;52;EXACT;celui entend parole croit envoye vie eternelle jugement [couverture 9/14]
Luc 17:30;VGR;65-0429B;125;PARTIEL;commencé, pas achevé — meme jour
Malachie 4:0;VGR;65-0429B;125;VALIDE;chap->v.5: avant grand jour
Matthieu 1:18;VGR;65-0429B;108;EXACT;naissance jesus christ arriva mere marie fiancee joseph [couverture 11/14]
Apocalypse 17:8;SKN;60-0518;38;PARTIEL;commencé, pas achevé — ceux fondation
Esaie 28:18;SKN;60-0518;124;PARTIEL;commencé, pas achevé — mort lui
Esaie 66:0;SKN;60-0518;78;VALIDE;chap->v.7: avant avant jour
Genese 1:0;SKN;60-0518;54;VALIDE;chap->v.27: dieu crea image crea dieu crea
Genese 2:0;SKN;60-0518;54;VALIDE;chap->v.23: fois chair chair sera femme parce
Hebreux 4:0;SKN;60-0518;129;VALIDE;chap->v.4: quelque part septieme jour dieu septieme jour
Hebreux 6:0;SKN;60-0518;125;VALIDE;chap->v.4: ceux ont fois ont goute don celeste saint
Hebreux 6:0;SKN;60-0518;127;VALIDE;chap->v.4: ont fois ont goute don celeste saint
Jean 1:17;SKN;60-0518;114;PARTIEL;commencé, pas achevé — jesus
Romains 8:0;SKN;60-0518;27;VALIDE;chap->v.14: ceux dieu ceux fils dieu
Apocalypse 17:8;VGR;60-0518;38;VALIDE;nest ceux fondation
Esaie 28:18;VGR;60-0518;124;PARTIEL;commencé, pas achevé — mort lui
Esaie 66:0;VGR;60-0518;78;VALIDE;chap->v.4: moi quils parce jai jai
Genese 1:0;VGR;60-0518;54;VALIDE;chap->v.27: dieu crea lhomme image crea limage dieu crea
Genese 2:0;VGR;60-0518;54;VALIDE;chap->v.18: dieu nest lhomme soit seul lui lui
Hebreux 4:0;VGR;60-0518;129;VALIDE;chap->v.10: celui repos sest repose uvres dieu sest repose
Hebreux 6:0;VGR;60-0518;125;VALIDE;chap->v.4: ceux ont fois ont goute don celeste saint
Hebreux 6:0;VGR;60-0518;127;VALIDE;chap->v.4: ceux ont fois ont goute don celeste saint
Jean 1:17;VGR;60-0518;114;PARTIEL;commencé, pas achevé — jesus
Romains 8:0;VGR;60-0518;27;VALIDE;chap->v.14: ceux dieu ceux fils dieu
Apocalypse 17:15;SKN;60-1124;31;VALIDE;eaux foules nations langues
Jean 14:7;SKN;60-1124;28;PARTIEL;commencé, pas achevé — maintenant
Apocalypse 17:17;SKN;54-0718A;35;EXACT;dieu mis pensee seule meme royaume accomplies [couverture 5/14]
Matthieu 16:1;SKN;54-0718A;23;VALIDE;lui signe ciel
Apocalypse 17:17;SKN;58-0202;87;PARTIEL;commencé, pas achevé — dieu meme
Marc 11:24;SKN;58-0202;13;PARTIEL;commencé, pas achevé — dis sera
Matthieu 16:0;SKN;58-0202;45;VALIDE;chap->v.17: jesus lui chair sang tont revele cela pere
Apocalypse 17:17;VGR;58-0202;112;PARTIEL;commencé, pas achevé — dieu meme
Luc 17:26-29;VGR;58-0202;20;EXACT;arriva jours noe sera fils lhomme jusquau jour [couverture 7/8]
Marc 11:24;VGR;58-0202;15;VALIDE;cest dis sera
Matthieu 16:0;VGR;58-0202;58;VALIDE;chap->v.17: jesus lui chair sang tont revele cela pere
Apocalypse 19:21;SKN;61-0730E;135;VALIDE;celui etait assis cheval sortait bouche
Apocalypse 20:0;SKN;61-0730E;98;VALIDE;chap->v.3: jeta labime lui afin quil nations jusqua ans
Daniel 9:0;SKN;61-0730E;4;VALIDE;chap->v.7: aujourdhui ceux pres ceux
Daniel 9:0;SKN;61-0730E;39;VALIDE;chap->v.24: semaines ont peuple sainte ville transgression liniquite justice
Daniel 12:0;SKN;61-0730E;105;VALIDE;chap->v.1: temps levera micael grand chef tient peuple sera
Esaie 11:0;SKN;61-0730E;132;VALIDE;chap->v.2: lesprit leternel reposera lui lesprit sagesse dintelligence lesprit
Esaie 65:0;SKN;61-0730E;130;VALIDE;chap->v.22: batiront quun autre habite planteront quun autre mange
Esaie 65:0;SKN;61-0730E;131;VALIDE;chap->v.22: batiront quun autre habite planteront quun autre mange
Ezechiel 43:0;SKN;61-0730E;118;VALIDE;chap->v.2: voici gloire dieu disrael cote lorient voix etait
Genese 45:0;SKN;61-0730E;59;VALIDE;chap->v.3: joseph freres joseph pere freres pouvaient etaient
Jeremie 3:0;SKN;61-0730E;128;VALIDE;chap->v.14: revenez fils infideles leternel moi epouses prendrai dune
Jeremie 3:12;SKN;61-0730E;128;VALIDE;crie paroles dis reviens israel leternel ferai peser
Levitique 8:10;SKN;61-0730E;122;EXACT;moise prit lhuile oignit tabernacle choses etaient sanctifia [couverture 8/9]
Matthieu 24:0;SKN;61-0730E;54;VALIDE;chap->v.21: alors aura quil maintenant quil aura
Romains 11:0;SKN;61-0730E;42;VALIDE;chap->v.22: considere bonte severite dieu severite envers ceux tombes
Romains 11:21;SKN;61-0730E;42;EXACT;dieu epargne selon nature quil tepargne [couverture 6/9]
Zacharie 12:0;SKN;61-0730E;80;VALIDE;chap->v.12: pays chaque famille part famille maison david part
Apocalypse 19:21;VGR;61-0730E;135;VALIDE;celui etait assis cheval bouche
Apocalypse 20:0;VGR;61-0730E;98;VALIDE;chap->v.1: vis ange ciel cle labime grande chaine main
Daniel 9:0;VGR;61-0730E;4;VALIDE;chap->v.7: aujourdhui ceux pres ceux
Daniel 9:0;VGR;61-0730E;39;VALIDE;chap->v.24: semaines ont peuple sainte ville transgression liniquite justice
Daniel 12:0;VGR;61-0730E;105;VALIDE;chap->v.1: temps levera micael grand chef tient fils peuple
Esaie 11:0;VGR;61-0730E;132;VALIDE;chap->v.2: lesprit leternel reposera lui lesprit sagesse lesprit conseil
Esaie 65:0;VGR;61-0730E;130;VALIDE;chap->v.22: batiront quun autre habite planteront quun autre mange
Esaie 65:0;VGR;61-0730E;131;VALIDE;chap->v.22: batiront quun autre habite planteront quun autre mange
Ezechiel 43:0;VGR;61-0730E;118;VALIDE;chap->v.2: voici gloire dieu disrael cote lorient voix etait
Genese 45:0;VGR;61-0730E;59;VALIDE;chap->v.3: joseph freres joseph pere freres pouvaient etaient
Jeremie 3:0;VGR;61-0730E;128;VALIDE;chap->v.12: crie paroles nord dis reviens israel linfidele leternel
Jeremie 3:12;VGR;61-0730E;128;VALIDE;crie paroles nord dis reviens israel linfidele leternel
Levitique 8:10;VGR;61-0730E;122;EXACT;moise prit lhuile oignit tabernacle choses etaient sanctifia [couverture 8/9]
Matthieu 24:0;VGR;61-0730E;54;VALIDE;chap->v.21: alors aura quil maintenant quil aura
Romains 11:0;VGR;61-0730E;42;VALIDE;chap->v.22: considere bonte severite dieu severite envers ceux tombes
Romains 11:21;VGR;61-0730E;42;EXACT;dieu epargne selon nature quil tepargne [couverture 6/9]
Zacharie 12:0;VGR;61-0730E;80;VALIDE;chap->v.12: pays chaque famille part famille maison david part
Apocalypse 21:0;SKN;62-0719E;23;VALIDE;chap->v.1: vis nouveau ciel nouvelle terre premier ciel premiere
Hebreux 4:12;SKN;62-0719E;55;VALIDE;parole dieu epee deux tranchants lesprit
Apocalypse 21:0;VGR;63-0317M;78;VALIDE;chap->v.4: dieu larme yeux mort sera aura deuil premieres
Esaie 40:0;VGR;63-0317M;297;VALIDE;chap->v.3: voix celui crie desert preparez chemin leternel aplanissez
Esther 8:0;VGR;63-0317M;42;VALIDE;chap->v.5: bon jai lui chose
Jean 3:16;VGR;63-0317M;392;PARTIEL;commencé, pas achevé — dieu
Jean 14:0;VGR;63-0317M;79;VALIDE;chap->v.10: moi pere pere moi moi dis dis moi
Malachie 3:0;VGR;63-0317M;297;VALIDE;chap->v.1: voici jenvoie messager preparera chemin devant moi seigneur
Malachie 3:0;VGR;63-0317M;315;VALIDE;chap->v.1: voici messager preparera chemin devant moi lalliance
Marc 11:22;VGR;63-0317M;419;PARTIEL;commencé, pas achevé — jesus dieu
Matthieu 11:10;VGR;63-0317M;299;EXACT;cest ici celui voici moi jenvoie messager devant [couverture 9/14]
Matthieu 11:10;VGR;63-0317M;363;VALIDE;cest moi devant
Apocalypse 21:0;VGR;65-0124;86;VALIDE;chap->v.1: vis nouveau ciel nouvelle terre premier ciel premiere
Jean 3:16;VGR;65-0124;65;EXACT;dieu aime monde quil donne croit lui [couverture 7/14]
Jean 5:7;VGR;65-0124;46;VALIDE;malade nai leau
Jean 16:0;VGR;65-0124;36;VALIDE;chap->v.15: qua moi cest jai quil quil
Jean 16:21;VGR;65-0124;36;PARTIEL;commencé, pas achevé — femme lenfant
Malachie 3:0;VGR;65-0124;124;VALIDE;chap->v.14: cest dieu quel quil
Malachie 3:1;VGR;65-0124;129;VALIDE;messager chemin devant moi
Malachie 4:0;VGR;65-0124;212;VALIDE;chap->v.6: cur peres cur peres
Matthieu 24:0;VGR;65-0124;102;VALIDE;chap->v.21: alors telle quil monde jusqua maintenant quil
Matthieu 24:0;VGR;65-0124;104;VALIDE;chap->v.21: alors telle quil monde maintenant quil
Matthieu 24:24;VGR;65-0124;192;VALIDE;possible meme elus
Apocalypse 22:0;SKN;64-0617;30;VALIDE;chap->v.11: celui celui celui juste celui soit
Deuteronome 18:0;SKN;64-0617;103;VALIDE;chap->v.20: prophete nom lui nom prophete
Deuteronome 18:15;SKN;64-0617;46;VALIDE;dieu prophete moi
Deuteronome 18:15;SKN;64-0617;49;EXACT;leternel dieu suscitera prophete moi [couverture 5/11]
Deuteronome 18:15;SKN;64-0617;99;PARTIEL;commencé, pas achevé — prophete
Hebreux 4:0;SKN;64-0617;59;VALIDE;chap->v.8: avait donne apres cela autre jour
Hebreux 4:12;SKN;64-0617;59;EXACT;parole dieu epee deux tranchants [couverture 5/14]
Hebreux 4:12;SKN;64-0617;171;VALIDE;parole dieu jusqua
Hebreux 13:8;SKN;64-0617;2;EXACT;jesus meme hier aujourdhui eternellement [couverture 5/6]
Hebreux 13:8;SKN;64-0617;22;EXACT;jesus meme hier aujourdhui eternellement [couverture 5/6]
Hebreux 13:8;SKN;64-0617;32;EXACT;jesus christ meme hier aujourdhui eternellement [couverture 6/6]
Hebreux 13:8;SKN;64-0617;135;EXACT;jesus christ meme hier aujourdhui eternellement [couverture 6/6]
Jean 1:0;SKN;64-0617;31;VALIDE;chap->v.1: commencement etait parole parole etait dieu parole etait
Jean 1:0;SKN;64-0617;34;VALIDE;chap->v.1: commencement etait parole parole etait dieu parole etait
Jean 1:0;SKN;64-0617;87;VALIDE;chap->v.1: etait parole parole etait dieu parole etait dieu
Jean 4:0;SKN;64-0617;122;VALIDE;chap->v.9: femme samaritaine lui toi juif boire moi suis
Jean 6:0;SKN;64-0617;124;VALIDE;chap->v.40: cest ici lui vie eternelle moi
Jean 10:35;SKN;64-0617;34;EXACT;sil dieux ceux parole dieu aneantie [couverture 5/9]
Luc 17:0;SKN;64-0617;68;VALIDE;chap->v.30: sera meme fils lhomme sera manifeste
Malachie 1:0;SKN;64-0617;32;VALIDE;chap->v.6: fils pere suis pere suis
Malachie 3:0;SKN;64-0617;81;VALIDE;chap->v.1: voici jenvoie messager chemin devant moi
Malachie 3:6;SKN;64-0617;32;PARTIEL;commencé, pas achevé — change fils
Malachie 3:6;SKN;64-0617;58;PARTIEL;commencé, pas achevé — change fils
Marc 16:0;SKN;64-0617;166;VALIDE;chap->v.6: lui jesus ici lavait
Marc 16:0;SKN;64-0617;199;VALIDE;chap->v.16: celui cru baptise sera sauve celui cru sera
Zacharie 14:6;SKN;64-0617;130;VALIDE;arrivera jour quil lumiere
Apocalypse 22:0;SKN;65-0217;123;VALIDE;chap->v.19: quelque chose dieu part vie
Jean 14:12;SKN;65-0217;132;VALIDE;verite celui moi fera lui parce
Luc 17:30;SKN;65-0217;132;PARTIEL;commencé, pas achevé — meme jour
Malachie 4:0;SKN;65-0217;132;VALIDE;chap->v.4: loi moise lui
Psaumes 22:0;SKN;65-0217;34;VALIDE;chap->v.16: mont ont perce mes mains mes pieds
Apocalypse 22:0;SKN;65-1205;45;VALIDE;chap->v.18: moi paroles livre ajoute choses dieu lui
Apocalypse 22:0;SKN;65-1205;83;VALIDE;chap->v.18: moi quiconque entend livre ajoute choses dieu lui
Genese 4:0;SKN;65-1205;55;VALIDE;chap->v.7: fais fais peche porte sera lui
Hebreux 13:8;SKN;65-1205;9;VALIDE;jesus meme hier
Jean 14:1;SKN;65-1205;17;VALIDE;trouble croyez dieu moi
Jean 17:0;SKN;65-1205;92;VALIDE;chap->v.21: soient toi pere moi moi toi soient toi
Matthieu 20:0;SKN;65-1205;108;VALIDE;chap->v.7: lui parce personne allez recevrez sera
Apocalypse 22:0;SKN;65-1207;38;VALIDE;chap->v.16: moi jesus envoye ange rendre temoignage choses assemblees
Ezechiel 9:0;SKN;65-1207;38;VALIDE;chap->v.4: lui passe milieu ville milieu fais marque fronts
Hebreux 11:23;SKN;65-1207;38;VALIDE;foi moise etant fut cache trois mois parents
Hebreux 13:8;SKN;65-1207;38;VALIDE;jesus christ meme hier eternellement
Malachie 4:0;SKN;65-1207;38;VALIDE;chap->v.6: fera retourner peres fils fils peres vienne frappe
Matthieu 24:24;SKN;65-1207;38;VALIDE;faux christs prophetes grands signes maniere seduire possible
Apocalypse 22:0;VGR;64-0617;30;VALIDE;chap->v.18: quiconque livre quelquun ajoute dieu ajoutera
Deuteronome 18:0;VGR;64-0617;103;VALIDE;chap->v.20: prophete nom lui nom prophete
Deuteronome 18:15;VGR;64-0617;46;VALIDE;dieu prophete moi
Deuteronome 18:15;VGR;64-0617;49;EXACT;leternel dieu suscitera prophete moi [couverture 5/11]
Deuteronome 18:15;VGR;64-0617;99;PARTIEL;commencé, pas achevé — prophete
Hebreux 4:0;VGR;64-0617;59;VALIDE;chap->v.4: ainsi quelque part jour dieu uvres jour
Hebreux 4:12;VGR;64-0617;59;EXACT;parole dieu epee deux tranchants [couverture 5/14]
Hebreux 4:12;VGR;64-0617;171;VALIDE;parole dieu jusqua
Hebreux 13:8;VGR;64-0617;2;EXACT;jesus meme hier aujourdhui eternellement [couverture 5/6]
Hebreux 13:8;VGR;64-0617;22;EXACT;jesus meme hier aujourdhui eternellement [couverture 5/6]
Hebreux 13:8;VGR;64-0617;32;EXACT;jesus christ meme hier aujourdhui eternellement [couverture 6/6]
Hebreux 13:8;VGR;64-0617;135;EXACT;jesus christ meme hier aujourdhui eternellement [couverture 6/6]
Jean 1:0;VGR;64-0617;31;VALIDE;chap->v.1: commencement etait parole parole etait dieu parole etait
Jean 1:0;VGR;64-0617;34;VALIDE;chap->v.1: commencement etait parole parole etait dieu parole etait
Jean 1:0;VGR;64-0617;87;VALIDE;chap->v.1: etait parole parole etait dieu parole etait dieu
Jean 4:0;VGR;64-0617;122;VALIDE;chap->v.9: femme samaritaine lui toi juif boire moi suis
Jean 6:0;VGR;64-0617;124;VALIDE;chap->v.40: cest ici lui vie eternelle moi
Jean 10:35;VGR;64-0617;34;EXACT;sil dieux ceux parole dieu lecriture aneantie [couverture 6/9]
Luc 17:0;VGR;64-0617;68;VALIDE;chap->v.30: sera meme fils lhomme sera manifeste
Malachie 1:0;VGR;64-0617;32;VALIDE;chap->v.6: fils pere suis pere suis
Malachie 3:0;VGR;64-0617;81;VALIDE;chap->v.1: voici jenvoie messager preparera chemin devant moi
Malachie 3:6;VGR;64-0617;32;PARTIEL;commencé, pas achevé — change fils
Malachie 3:6;VGR;64-0617;58;PARTIEL;commencé, pas achevé — change fils
Malachie 4:0;VGR;64-0617;157;VALIDE;chap->v.6: cur peres cur peres
Marc 16:0;VGR;64-0617;166;VALIDE;chap->v.4: voient etait etait
Marc 16:0;VGR;64-0617;199;VALIDE;chap->v.16: celui cru baptise sera sauve celui cru sera
Zacharie 14:6;VGR;64-0617;130;VALIDE;arrivera jour quil lumiere
Apocalypse 22:0;VGR;64-0816;160;VALIDE;chap->v.18: moi quiconque paroles livre ajoute dieu ajoutera
Esaie 9:6;VGR;64-0816;142;VALIDE;enfant fils donne sera nom dieu
Hebreux 4:12;VGR;64-0816;164;VALIDE;parole dieu epee deux tranchants
Hebreux 4:15;VGR;64-0816;250;EXACT;souverain sacrificateur nos infirmites avons choses [couverture 5/12]
Hebreux 6:0;VGR;64-0816;128;VALIDE;chap->v.4: impossible ceux ont fois eclaires ont saint
Hebreux 13:8;VGR;64-0816;222;VALIDE;jesus christ meme hier aujourdhui eternellement
Hebreux 13:8;VGR;64-0816;229;PARTIEL;commencé, pas achevé — jesus
Hebreux 13:8;VGR;64-0816;233;EXACT;jesus meme hier aujourdhui eternellement [couverture 5/6]
Hebreux 13:8;VGR;64-0816;250;VALIDE;meme hier aujourdhui eternellement
Jean 1:0;VGR;64-0816;149;VALIDE;chap->v.1: commencement etait parole parole etait dieu parole etait
Jean 14:12;VGR;64-0816;220;EXACT;dis celui croit moi fera lui uvres fais [couverture 9/14]
Jean 14:12;VGR;64-0816;223;VALIDE;dis moi lui uvres fais grandes
Joel 2:28;VGR;64-0816;219;EXACT;arrivera apres cela repandrai esprit chair vos fils [couverture 10/14]
Luc 17:30;VGR;64-0816;221;EXACT;sera meme jour fils lhomme manifeste [couverture 5/7]
Luc 24:49;VGR;64-0816;219;EXACT;voici moi pere ville jusqua soyez revetus puissance [couverture 10/13]
Malachie 3:0;VGR;64-0816;86;VALIDE;chap->v.14: cest dieu quel quil
Malachie 4:0;VGR;64-0816;122;VALIDE;chap->v.1: vient ceux vient
Malachie 4:0;VGR;64-0816;221;VALIDE;chap->v.6: fera cur peres fils cur fils peres
Marc 4:0;VGR;64-0816;220;VALIDE;chap->v.20: ceux terre ceux parole lun lun lun
Marc 5:0;VGR;64-0816;56;VALIDE;chap->v.30: aussitot jesus lui meme etait sortie lui retournant
Marc 16:0;VGR;64-0816;220;VALIDE;chap->v.16: celui aura cru aura baptise sera sauve celui
Matthieu 24:24;VGR;64-0816;212;VALIDE;maniere meme elus
Apocalypse 22:0;VGR;65-0217;123;VALIDE;chap->v.19: quelque chose dieu part vie
Jean 14:12;VGR;65-0217;132;VALIDE;verite celui moi lui parce
Luc 17:30;VGR;65-0217;132;PARTIEL;commencé, pas achevé — meme jour
Malachie 4:0;VGR;65-0217;132;VALIDE;chap->v.1: jour vient jour vient
Psaumes 22:0;VGR;65-0217;34;VALIDE;chap->v.1: dieu dieu pourquoi mas abandonne loin
Apocalypse 22:0;VGR;65-1205;45;VALIDE;chap->v.18: moi quiconque paroles livre quelquun ajoute choses dieu
Apocalypse 22:0;VGR;65-1205;83;VALIDE;chap->v.18: moi quiconque entend livre ajoute choses dieu lui
Genese 4:0;VGR;65-1205;55;VALIDE;chap->v.7: fais fais peche porte sera lui
Hebreux 13:8;VGR;65-1205;9;VALIDE;jesus meme hier aujourdhui eternellement
Jean 1:0;VGR;65-1205;9;VALIDE;chap->v.1: commencement etait parole parole etait dieu parole etait
Jean 14:0;VGR;65-1205;17;VALIDE;chap->v.3: men vais prepare place reviendrai prendrai moi afin
Jean 17:0;VGR;65-1205;92;VALIDE;chap->v.3: cest ici vie eternelle seul vrai dieu jesus
Apocalypse 22:0;VGR;65-1207;229;VALIDE;chap->v.18: temoignage quiconque livre ajoute dieu lui ajoutera
Ezechiel 9:0;VGR;65-1207;320;VALIDE;chap->v.4: passe ville fais marque hommes cause
Hebreux 11:23;VGR;65-1207;245;EXACT;foi moise etant mois etait [couverture 5/14]
Hebreux 13:8;VGR;65-1207;142;EXACT;jesus christ meme hier aujourdhui eternellement [couverture 6/6]
Malachie 4:0;VGR;65-1207;123;VALIDE;chap->v.5: envoie prophete avant
Matthieu 24:24;VGR;65-1207;140;VALIDE;possible meme elus
Apocalypse 22:18;SKN;65-0118;39;VALIDE;livre ajoute dieu ajoutera
Genese 1:0;SKN;65-0118;31;VALIDE;chap->v.29: dieu donne semence terre semence
Jean 1:0;SKN;65-0118;37;VALIDE;chap->v.1: commencement etait parole parole etait dieu parole etait
Jean 14:12;SKN;65-0118;98;EXACT;dis celui croit moi fera lui uvres fais [couverture 9/14]
Luc 22:0;SKN;65-0118;118;VALIDE;chap->v.27: celui celui celui moi suis celui
Matthieu 13:0;SKN;65-0118;1;VALIDE;chap->v.24: proposa autre parabole royaume cieux semblable homme bonne
Matthieu 24:24;SKN;65-0118;6;VALIDE;possible meme elus
Matthieu 24:24;SKN;65-0118;52;VALIDE;possible meme elus
Apocalypse 22:18;SKN;65-0119;65;EXACT;moi quiconque ajoute choses dieu lui ajoutera [couverture 7/14]
Exode 19:4;SKN;65-0119;75;EXACT;portes ailes daigle amenes moi [couverture 5/9]
Luc 17:30;SKN;65-0119;150;EXACT;sera jour fils lhomme [couverture 5/7]
Luc 17:30;SKN;65-0119;157;EXACT;sera meme jour fils lhomme [couverture 6/7]
Malachie 4:0;SKN;65-0119;103;VALIDE;chap->v.6: fils fils peur vienne frappe pays
Malachie 4:0;SKN;65-0119;157;VALIDE;chap->v.1: jour ceux jour
Apocalypse 22:18;SKN;65-0206;73;EXACT;moi livre ajoute dieu lui [couverture 5/14]
Apocalypse 22:18;VGR;65-0118;39;EXACT;quiconque livre ajoute dieu ajoutera [couverture 5/14]
Genese 1:0;VGR;65-0118;31;VALIDE;chap->v.29: dieu donne semence terre semence
Jean 1:0;VGR;65-0118;37;VALIDE;chap->v.1: commencement etait parole parole etait dieu parole etait
Jean 14:12;VGR;65-0118;98;EXACT;dis celui croit moi fera lui uvres fais [couverture 9/14]
Luc 22:0;VGR;65-0118;118;VALIDE;chap->v.61: pierre pierre lui avait avant
Matthieu 13:0;VGR;65-0118;1;VALIDE;chap->v.27: maitre maison lui dirent seigneur nas seme bonne
Matthieu 24:24;VGR;65-0118;6;VALIDE;possible meme elus
Matthieu 24:24;VGR;65-0118;52;VALIDE;possible meme elus
Apocalypse 22:18;VGR;65-0119;65;EXACT;moi quiconque ajoute choses dieu lui ajoutera [couverture 7/14]
Exode 19:4;VGR;65-0119;75;EXACT;portes ailes daigle amenes moi [couverture 5/9]
Luc 17:30;VGR;65-0119;150;EXACT;sera jour fils lhomme [couverture 5/7]
Luc 17:30;VGR;65-0119;157;EXACT;sera meme jour fils lhomme [couverture 6/7]
Malachie 4:0;VGR;65-0119;103;VALIDE;chap->v.6: fils fils peur vienne frappe pays
Malachie 4:0;VGR;65-0119;157;VALIDE;chap->v.1: jour ceux jour
Apocalypse 22:18;VGR;65-0206;100;VALIDE;moi paroles livre dieu
Apocalypse 22:19;SKN;65-0919;197;EXACT;chose livre dieu part vie [couverture 5/14]
Hebreux 13:8;SKN;65-0919;64;VALIDE;jesus meme hier eternellement
Hebreux 13:8;SKN;65-0919;125;VALIDE;meme hier eternellement
Jean 4:0;SKN;65-0919;147;VALIDE;chap->v.24: dieu esprit ceux esprit verite
Jean 6:33;SKN;65-0919;207;VALIDE;pain dieu vie
Marc 16:0;SKN;65-0919;61;VALIDE;chap->v.17: signes accompagneront ceux auront cru nom chasseront demons
Matthieu 5:0;SKN;65-0919;232;VALIDE;chap->v.44: moi vos ceux faites ceux ceux
Matthieu 24:24;SKN;65-0919;109;VALIDE;possible meme elus
Psaumes 42:0;SKN;65-0919;17;VALIDE;chap->v.10: mes mes disent jour dieu
Psaumes 42:0;SKN;65-0919;20;VALIDE;chap->v.2: ame soif dieu dieu vivant paraitrai devant dieu
Psaumes 42:0;SKN;65-0919;202;VALIDE;chap->v.1: apres ame apres toi dieu
Psaumes 42:7;SKN;65-0919;210;PARTIEL;commencé, pas achevé — appelle passe
Romains 7:21;SKN;65-0919;33;EXACT;trouve moi veux mal [couverture 5/7]
Apocalypse 22:19;VGR;65-0919;197;EXACT;chose livre dieu part vie [couverture 5/14]
Hebreux 13:8;VGR;65-0919;64;EXACT;jesus meme hier aujourdhui eternellement [couverture 5/6]
Hebreux 13:8;VGR;65-0919;125;VALIDE;meme hier aujourdhui eternellement
Jean 4:0;VGR;65-0919;147;VALIDE;chap->v.24: dieu esprit ceux esprit verite
Jean 6:33;VGR;65-0919;207;VALIDE;pain dieu vie
Marc 16:0;VGR;65-0919;61;VALIDE;chap->v.17: signes accompagneront ceux auront cru nom chasseront demons
Matthieu 5:0;VGR;65-0919;232;VALIDE;chap->v.44: moi vos ceux faites ceux priez ceux
Matthieu 24:24;VGR;65-0919;109;VALIDE;possible meme elus
Psaumes 42:0;VGR;65-0919;17;VALIDE;chap->v.10: mes mes disent jour dieu
Psaumes 42:0;VGR;65-0919;20;VALIDE;chap->v.1: apres courants deau ainsi ame apres toi dieu
Psaumes 42:0;VGR;65-0919;202;VALIDE;chap->v.1: apres deau ame apres toi dieu
Psaumes 42:7;VGR;65-0919;210;VALIDE;appelle passe moi
Romains 7:21;VGR;65-0919;33;EXACT;trouve moi veux mal [couverture 5/7]
Colossiens 1:15;SKN;63-0804E;135;PARTIEL;commencé, pas achevé — dieu invisible
Ephesiens 4:30;SKN;63-0804E;103;EXACT;nattristez saint dieu lequel avez scelles jour redemption [couverture 8/9]
Jean 3:0;SKN;63-0804E;53;VALIDE;chap->v.13: ciel ciel fils lhomme ciel
Marc 16:0;SKN;63-0804E;97;VALIDE;chap->v.11: quil etait quil avait
Matthieu 1:0;SKN;63-0804E;44;VALIDE;chap->v.21: fils nom jesus cest lui peches
Colossiens 3:0;SKN;61-0423;22;VALIDE;chap->v.13: lun uns autres lun sujet contre autre christ
Galates 3:29;SKN;61-0423;10;VALIDE;etes christ dabraham heritiers selon promesse
Genese 12:0;SKN;61-0423;16;VALIDE;chap->v.4: sen lui avait sen lui etait age ans
Genese 12:0;SKN;61-0423;27;VALIDE;chap->v.11: etait pres quil femme sais femme
Jean 1:0;SKN;61-0423;71;VALIDE;chap->v.30: cest moi apres moi homme prend avant moi
Jean 14:7;SKN;61-0423;12;PARTIEL;commencé, pas achevé — pere maintenant
Matthieu 3:0;SKN;61-0423;9;VALIDE;chap->v.11: moi celui apres moi moi suis
Matthieu 24:35;SKN;61-0423;14;PARTIEL;commencé, pas achevé — mes
Romains 9:0;SKN;61-0423;20;VALIDE;chap->v.11: avant enfants soient nes quils aient rien bon
Daniel 2:0;SKN;59-0411E;13;VALIDE;chap->v.19: alors daniel nuit alors daniel dieu cieux
Marc 16:0;SKN;59-0411E;29;VALIDE;chap->v.16: celui aura cru aura sera sauve celui cru
Daniel 5:25;SKN;58-0520;26;VALIDE;voici mene upharsin
Daniel 5:25;SKN;58-0618;7;VALIDE;voici mene upharsin
Daniel 9:0;VGR;62-0908;99;VALIDE;chap->v.11: loi sest alors ont loi
Daniel 12:0;VGR;62-0908;99;VALIDE;chap->v.8: dis quelle sera choses
Esaie 61:1;VGR;62-0908;36;EXACT;lesprit seigneur moi parce oint envoye ceux ont [couverture 7/14]
Daniel 12:0;VGR;62-0311;140;VALIDE;chap->v.1: grand sera detresse tel quil
Daniel 12:1-14;VGR;62-0311;19;EXACT;temps grand sera depuis [couverture 5/14]
Ephesiens 6:10;VGR;62-0311;298;VALIDE;reste mes freres seigneur
Ephesiens 6:10-17;VGR;62-0311;19;PARTIEL;commencé, pas achevé — reste puissiez
Genese 3:1;VGR;62-0311;112;VALIDE;etait dieu jardin
Genese 3:4;VGR;62-0311;210;EXACT;serpent femme mourrez certainement [couverture 4/4]
Hebreux 4:0;VGR;62-0311;152;VALIDE;chap->v.12: parole dieu penetrante epee deux tranchants jusqua lame
Hebreux 4:0;VGR;62-0311;422;VALIDE;chap->v.12: parole dieu epee deux tranchants lesprit
Jacques 4:7;VGR;62-0311;396;VALIDE;dieu resistez diable
Matthieu 24:0;VGR;62-0311;140;VALIDE;chap->v.21: alors aura grande telle quil maintenant quil aura
Deuteronome 7:7;SKN;61-0827;90;PARTIEL;commencé, pas achevé — etes
Hebreux 13:8;SKN;61-0827;185;VALIDE;jesus meme hier
Jean 4:0;SKN;61-0827;220;VALIDE;chap->v.7: femme samarie puiser jesus lui moi boire
Jean 5:24;SKN;61-0827;170;EXACT;verite celui parole croit envoye vie eternelle vient [couverture 12/14]
Deuteronome 14:0;SKN;60-0309;29;VALIDE;chap->v.24: trop parce lieu dieu aura mettre
Deuteronome 14:2;VGR;59-0301M;95;PARTIEL;commencé, pas achevé — dieu
Deuteronome 16:0;VGR;65-0425;86;VALIDE;chap->v.15: leternel dieu lieu leternel choisi leternel dieu
Ephesiens 1:21;VGR;65-0425;157;VALIDE;puissance nom nomme
Ephesiens 4:30;VGR;65-0425;96;EXACT;nattristez saint esprit dieu lequel avez scelles jour [couverture 9/9]
Hebreux 13:8;VGR;65-0425;187;VALIDE;jesus christ meme hier aujourdhui eternellement
Jean 1:0;VGR;65-0425;55;VALIDE;chap->v.1: commencement etait parole parole etait dieu parole etait
Jean 4:0;VGR;65-0425;113;VALIDE;chap->v.20: ont adore qua lieu faut
Jean 5:43;VGR;65-0425;67;EXACT;moi suis venu nom pere recevez autre propre [couverture 10/12]
Jean 14:12;VGR;65-0425;187;EXACT;dis celui croit moi fera lui uvres fais [couverture 10/14]
Malachie 4:0;VGR;65-0425;188;VALIDE;chap->v.6: fera cur peres cur peres
Marc 16:0;VGR;65-0425;150;VALIDE;chap->v.6: lui jesus ressuscite nest
Marc 16:0;VGR;65-0425;207;VALIDE;chap->v.6: lui jesus ressuscite nest ici voici lieu
Matthieu 1:23;VGR;65-0425;72;EXACT;fils appellera nom emmanuel dieu [couverture 5/11]
Matthieu 27:0;VGR;65-0425;180;VALIDE;chap->v.40: detruis temple batis trois jours fils dieu
Romains 8:1;VGR;65-0425;100;EXACT;maintenant aucune condamnation ceux christ jesus [couverture 6/6]
Romains 8:11;VGR;65-0425;147;EXACT;lesprit ressuscite jesus dentre morts habite vivifiera vos [couverture 11/14]
Romains 11:0;VGR;65-0425;147;VALIDE;chap->v.8: dieu donne esprit jour
Deuteronome 18:0;SKN;62-0117;200;VALIDE;chap->v.5: dieu lui devant lui
Deuteronome 18:15;SKN;62-0117;200;PARTIEL;commencé, pas achevé — dieu moi
Deuteronome 18:22;SKN;62-0117;183;EXACT;prophete leternel chose cest peur [couverture 6/14]
Esaie 28:11;SKN;62-0117;220;VALIDE;levres langue parlera peuple
Jean 14:12;SKN;62-0117;185;EXACT;celui croit moi fera lui fais [couverture 8/14]
Joel 2:28;SKN;62-0117;221;EXACT;cela repandrai esprit chair vos fils filles prophetiseront [couverture 10/14]
Nombres 14:41;SKN;62-0117;45;EXACT;moise pourquoi transgressez leternel cela reussira [couverture 6/8]
Deuteronome 18:0;SKN;63-0627;115;VALIDE;chap->v.22: prophete nom chose naura cest prophete
Hebreux 4:12;SKN;63-0627;68;EXACT;parole dieu epee deux tranchants [couverture 5/14]
Jean 1:0;SKN;63-0627;80;VALIDE;chap->v.33: celui baptiser deau celui celui lesprit descendre lui
Jean 4:0;SKN;63-0627;268;VALIDE;chap->v.25: femme lui sais messie vient sera fera
Jean 5:19;SKN;63-0627;144;EXACT;jesus verite dis fils rien lui quil pere [couverture 9/14]
Jean 6:0;SKN;63-0627;138;VALIDE;chap->v.35: jesus moi suis pain celui moi jamais celui
Jean 12:0;SKN;63-0627;33;VALIDE;chap->v.20: avait quelques grecs ceux etaient montes adorer pendant
Jean 12:20;SKN;63-0627;79;PARTIEL;commencé, pas achevé — avait ceux
Deuteronome 18:5;SKN;60-0110;74;EXACT;dieu lui fils tes quil nom [couverture 6/14]
Jean 5:19;SKN;60-0110;89;EXACT;jesus dis lui meme quil chose pere quelque [couverture 8/14]
Jean 15:0;SKN;60-0110;76;VALIDE;chap->v.2: sarment moi porte fruit sarment porte fruit quil
Marc 11:24;SKN;60-0110;77;VALIDE;cest pourquoi dis croyez sera
Deuteronome 18:15;SKN;60-0109;25;VALIDE;leternel dieu suscitera prophete moi milieu toi dentre
Hebreux 13:0;SKN;60-0109;13;VALIDE;chap->v.7: souvenez vos conducteurs ont annonce parole dieu imitez
Jean 1:0;SKN;60-0109;25;VALIDE;chap->v.19: cest ici temoignage jean lorsque juifs lui demander
Jean 1:0;SKN;60-0109;28;VALIDE;chap->v.30: cest celui moi apres moi homme avant moi
Jean 5:19;SKN;60-0109;36;EXACT;jesus verite dis fils rien lui meme quil [couverture 8/14]
Jean 14:12;SKN;60-0109;42;EXACT;verite dis celui croit moi lui fais parce [couverture 6/14]
Psaumes 103:0;SKN;60-0109;6;VALIDE;chap->v.3: cest lui pardonne tes iniquites guerit tes
Deuteronome 18:15;SKN;64-0311;89;EXACT;leternel dieu suscitera prophete moi milieu [couverture 6/11]
Hebreux 1:1;SKN;64-0311;64;EXACT;dieu plusieurs reprises parle prophetes [couverture 6/10]
Hebreux 1:1;SKN;64-0311;72;EXACT;dieu plusieurs reprises manieres parle peres prophetes [couverture 8/10]
Hebreux 1:1-3;SKN;64-0311;9;EXACT;dieu autrefois plusieurs reprises manieres parle peres prophetes [couverture 9/10]
Hebreux 4:12;SKN;64-0311;135;EXACT;parole dieu epee deux tranchants jusqua lesprit [couverture 7/14]
Hebreux 4:14;SKN;64-0311;143;EXACT;grand souverain sacrificateur jesus fils dieu [couverture 5/12]
Hebreux 10:1;SKN;64-0311;86;VALIDE;meme choses jamais
Hebreux 13:8;SKN;64-0311;72;EXACT;jesus christ meme hier aujourdhui eternellement [couverture 6/6]
Hebreux 13:8;SKN;64-0311;86;VALIDE;meme hier aujourdhui eternellement
Hebreux 13:8;SKN;64-0311;140;EXACT;jesus meme hier aujourdhui eternellement [couverture 5/6]
Jean 4:0;SKN;64-0311;161;VALIDE;chap->v.25: femme sais messie appele christ vient sera
Jean 5:19;SKN;64-0311;109;EXACT;jesus verite dis fils rien lui quil pere [couverture 9/14]
Jean 10:37;SKN;64-0311;58;VALIDE;fais pere croyez
Jean 14:12;SKN;64-0311;63;EXACT;dis celui croit moi fera lui fais parce [couverture 9/14]
Deuteronome 18:15;SKN;64-0320;88;VALIDE;dieu suscitera prophete moi
Hebreux 1:1;SKN;64-0320;3;EXACT;dieu autrefois plusieurs reprises manieres parle peres prophetes [couverture 9/10]
Hebreux 1:1;SKN;64-0320;84;EXACT;dieu autrefois manieres parle peres prophetes [couverture 6/10]
Hebreux 4:12;SKN;64-0320;94;PARTIEL;commencé, pas achevé — parole dieu
Hebreux 4:14;SKN;64-0320;98;EXACT;grand souverain sacrificateur jesus fils dieu [couverture 6/12]
Hebreux 13:8;SKN;64-0320;54;VALIDE;jesus meme hier aujourdhui eternellement
Hebreux 13:8;SKN;64-0320;84;VALIDE;jesus christ meme
Hebreux 13:8;SKN;64-0320;95;VALIDE;jesus meme hier aujourdhui eternellement
Jean 10:37;SKN;64-0320;57;VALIDE;fais pere croyez
Jean 14:12;SKN;64-0320;60;EXACT;dis celui croit moi fera lui fais [couverture 8/14]
Malachie 4:0;SKN;64-0320;70;VALIDE;chap->v.5: voici envoie elie prophete avant vienne grand jour
Matthieu 24:0;SKN;64-0320;8;VALIDE;chap->v.37: ont jours ainsi sera venue lhomme
Deuteronome 18:15;SKN;64-0409;72;VALIDE;dieu suscitera prophete moi
Genese 22:0;SKN;64-0409;109;VALIDE;chap->v.3: abraham leva deux fils
Hebreux 4:4-12;SKN;64-0409;94;EXACT;ainsi quelque jour dieu [couverture 5/11]
Hebreux 13:8;SKN;64-0409;23;VALIDE;jesus christ meme hier aujourdhui eternellement
Jean 1:0;SKN;64-0409;89;VALIDE;chap->v.30: cest celui moi apres moi vient homme avant
Jean 4:0;SKN;64-0409;124;VALIDE;chap->v.25: femme lui sais appele christ sera fera connaitre
Jean 4:0;SKN;64-0409;125;VALIDE;chap->v.10: jesus lui don dieu donne moi lui demande
Jean 6:0;SKN;64-0409;102;VALIDE;chap->v.57: pere envoye moi vis pere meme celui celui
Malachie 4:0;SKN;64-0409;117;VALIDE;chap->v.6: retourner peres fils fils peres
Deuteronome 18:15;SKN;64-0415;144;EXACT;leternel dieu suscitera prophete moi milieu [couverture 6/11]
Hebreux 1:0;SKN;64-0415;46;VALIDE;chap->v.3: etant gloire lempreinte soutenant choses parole lui meme
Hebreux 3:0;SKN;64-0415;26;VALIDE;chap->v.12: quil ait quelquun quil dieu
Hebreux 13:0;SKN;64-0415;46;VALIDE;chap->v.7: souvenez vos conducteurs ont annonce parole dieu imitez
Hebreux 13:5;SKN;64-0415;47;EXACT;soit etant avez lui meme tabandonnerai [couverture 5/11]
Jean 5:19;SKN;64-0415;236;EXACT;jesus dis rien lui meme quil chose pere [couverture 9/14]
Deuteronome 18:15;SKN;64-0618;31;VALIDE;dieu prophete moi
Jean 5:24;SKN;64-0618;204;EXACT;dis celui entend parole croit envoye vie eternelle [couverture 12/14]
Luc 17:0;SKN;64-0618;123;VALIDE;chap->v.28: meme jours lot
Malachie 3:0;SKN;64-0618;37;VALIDE;chap->v.1: voici messager preparera chemin devant seigneur
Matthieu 11:0;SKN;64-0618;16;VALIDE;chap->v.10: ici celui ecrit moi devant devant
Deuteronome 18:15;SKN;64-0620E;63;VALIDE;leternel dieu suscitera prophete moi milieu toi dentre
Deuteronome 18:15;VGR;64-0311;89;EXACT;leternel dieu suscitera prophete moi milieu [couverture 6/11]
Hebreux 1:1;VGR;64-0311;64;EXACT;dieu plusieurs reprises parle prophetes [couverture 6/10]
Hebreux 1:1;VGR;64-0311;72;EXACT;dieu plusieurs reprises manieres parle peres prophetes [couverture 8/10]
Hebreux 1:1-3;VGR;64-0311;9;EXACT;dieu autrefois plusieurs reprises manieres parle peres prophetes [couverture 9/10]
Hebreux 4:12;VGR;64-0311;135;EXACT;parole dieu epee deux tranchants jusqua lesprit [couverture 7/14]
Hebreux 4:14;VGR;64-0311;143;EXACT;grand souverain sacrificateur jesus fils dieu [couverture 5/12]
Hebreux 10:1;VGR;64-0311;86;VALIDE;meme choses jamais
Hebreux 13:8;VGR;64-0311;72;EXACT;jesus christ meme hier aujourdhui eternellement [couverture 6/6]
Hebreux 13:8;VGR;64-0311;86;VALIDE;meme hier aujourdhui eternellement
Hebreux 13:8;VGR;64-0311;140;EXACT;jesus meme hier aujourdhui eternellement [couverture 5/6]
Jean 4:0;VGR;64-0311;161;VALIDE;chap->v.25: femme sais messie appele christ vient sera
Jean 5:19;VGR;64-0311;109;EXACT;jesus verite dis fils rien lui quil pere [couverture 9/14]
Jean 10:37;VGR;64-0311;58;EXACT;fais uvres pere croyez [couverture 4/4]
Jean 14:12;VGR;64-0311;63;EXACT;celui croit moi fera lui uvres fais vais [couverture 9/14]
Deuteronome 18:15;VGR;64-0320;170;EXACT;leternel dieu suscitera prophete moi [couverture 5/11]
Hebreux 1:1;VGR;64-0320;10;PARTIEL;commencé, pas achevé — dieu
Hebreux 1:1;VGR;64-0320;116;EXACT;dieu autrefois parle peres prophetes [couverture 5/10]
Hebreux 1:1;VGR;64-0320;163;EXACT;dieu autrefois plusieurs reprises manieres parle peres prophetes [couverture 9/10]
Hebreux 4:0;VGR;64-0320;195;VALIDE;chap->v.8: parle apres cela autre jour
Hebreux 4:12;VGR;64-0320;192;PARTIEL;commencé, pas achevé — parole dieu
Hebreux 13:8;VGR;64-0320;96;EXACT;jesus meme hier aujourdhui eternellement [couverture 5/6]
Hebreux 13:8;VGR;64-0320;193;EXACT;jesus meme hier aujourdhui eternellement [couverture 5/6]
Jean 10:37;VGR;64-0320;104;EXACT;fais uvres pere croyez [couverture 4/4]
Jean 14:12;VGR;64-0320;110;EXACT;celui croit moi fera lui uvres fais [couverture 9/14]
Malachie 4:0;VGR;64-0320;124;VALIDE;chap->v.5: voici envoie elie prophete avant grand jour leternel
Matthieu 24:0;VGR;64-0320;23;VALIDE;chap->v.10: lun lautre lun lautre
Deuteronome 18:15;VGR;64-0409;109;EXACT;leternel dieu suscitera prophete moi [couverture 5/11]
Genese 22:0;VGR;64-0409;176;VALIDE;chap->v.1: arriva apres abraham abraham
Hebreux 4:0;VGR;64-0409;142;VALIDE;chap->v.8: avait donne apres cela jour
Hebreux 13:8;VGR;64-0409;50;EXACT;jesus christ meme hier aujourdhui eternellement [couverture 6/6]
Jean 1:0;VGR;64-0409;133;VALIDE;chap->v.1: etait parole parole etait dieu parole etait dieu
Jean 4:0;VGR;64-0409;216;VALIDE;chap->v.25: femme sais appele christ vient connaitre
Jean 4:0;VGR;64-0409;219;VALIDE;chap->v.11: femme seigneur rien puits
Jean 6:0;VGR;64-0409;159;VALIDE;chap->v.35: jesus moi suis vie celui moi celui moi
Malachie 4:0;VGR;64-0409;189;VALIDE;chap->v.6: cur peres fils cur fils peres
Deuteronome 18:15;VGR;64-0415;144;EXACT;leternel dieu suscitera prophete moi milieu [couverture 6/11]
Hebreux 1:0;VGR;64-0415;46;VALIDE;chap->v.1: dieu autrefois plusieurs reprises plusieurs manieres parle peres
Hebreux 3:0;VGR;64-0415;26;VALIDE;chap->v.1: cest souverain sacrificateur jesus
Hebreux 13:0;VGR;64-0415;46;VALIDE;chap->v.7: souvenez vos conducteurs ont annonce parole dieu imitez
Hebreux 13:5;VGR;64-0415;47;EXACT;soit etant avez lui meme tabandonnerai [couverture 5/11]
Jean 5:19;VGR;64-0415;236;EXACT;jesus rien lui meme quil voie chose pere [couverture 9/14]
Deuteronome 18:15;VGR;64-0618;31;VALIDE;dieu prophete moi
Jean 5:24;VGR;64-0618;204;EXACT;dis celui parole croit envoye vie eternelle vient [couverture 11/14]
Luc 17:0;VGR;64-0618;123;VALIDE;chap->v.28: meme arriva jours lot
Malachie 3:0;VGR;64-0618;37;VALIDE;chap->v.1: voici jenvoie messager chemin devant seigneur
Matthieu 11:0;VGR;64-0618;16;VALIDE;chap->v.10: cest ici celui ecrit moi devant devant
Deuteronome 18:15;VGR;64-0620E;76;VALIDE;dieu suscitera prophete moi
Jean 14:12;VGR;64-0620E;142;EXACT;celui croit moi fera lui uvres fais parce [couverture 9/14]
Deuteronome 18:15-22;SKN;61-0516A;33;VALIDE;leternel dieu suscitera prophete moi milieu toi freres
Genese 1:0;SKN;61-0516A;66;VALIDE;chap->v.31: dieu vit quil avait voici cela etait jour
Hebreux 13:8;SKN;61-0516A;21;VALIDE;jesus christ meme hier aujourdhui eternellement
Jean 5:19;SKN;61-0516A;51;VALIDE;jesus verite dis fils rien lui meme quil
Jean 5:24;SKN;61-0516A;60;VALIDE;dis celui entend parole croit envoye vie eternelle
Jean 6:0;SKN;61-0516A;48;VALIDE;chap->v.35: jesus moi suis vie celui vient moi jamais
Jean 12:0;SKN;61-0516A;28;VALIDE;chap->v.27: maintenant ame dirai pere moi cest cela suis
psaumes 103:22;SKN;61-0516A;15;CORRIGE;annoncé Psaumes 103:23
deuteronome 18:15;SKN;61-0519;35;CORRIGE;annoncé Deuteronome 18:35
Hebreux 13:8;SKN;61-0519;19;VALIDE;jesus meme hier aujourdhui eternellement
Jean 12:20;SKN;61-0519;19;VALIDE;quelques grecs ceux etaient montes adorer pendant fete
Malachie 4:0;SKN;61-0519;55;VALIDE;chap->v.5: elie prophete avant grand jour leternel
Deuteronome 22:18;SKN;62-0408;63;PARTIEL;commencé, pas achevé — ville
Hebreux 1:0;SKN;62-0408;7;VALIDE;chap->v.1: dieu autrefois plusieurs reprises plusieurs manieres parle peres
Hebreux 6:0;SKN;62-0408;46;VALIDE;chap->v.4: impossible ceux ont fois eclaires ont goute don
Jean 3:16;SKN;62-0408;26;VALIDE;dieu tant aime monde croit lui
Jean 14:12;SKN;62-0408;63;VALIDE;verite dis croit moi fera lui fais vais
Malachie 3:0;SKN;62-0408;81;VALIDE;chap->v.15: maintenant ceux meme meme dieu
Malachie 4:0;SKN;62-0408;81;VALIDE;chap->v.1: voici jour vient ceux jour vient brulera
Marc 16:0;SKN;62-0408;63;VALIDE;chap->v.16: aura cru aura sera cru sera
Deuteronome 32:11;SKN;59-0815;12;VALIDE;laigle eveille prend
Jean 5:19;SKN;59-0815;63;EXACT;jesus verite dis fils rien lui meme quil [couverture 5/14]
Jean 14:12;SKN;59-0815;56;EXACT;dis celui croit moi fera lui fais grandes [couverture 6/14]
Job 7:0;SKN;59-0815;22;VALIDE;chap->v.20: jai observes pourquoi tes suis
Psaumes 103:3;SKN;59-0815;60;VALIDE;cest lui tes guerit
Ecclesiaste 12:0;SKN;65-1128M;14;VALIDE;chap->v.13: fin crains dieu commandements
Ephesiens 1:21;SKN;65-1128M;270;PARTIEL;commencé, pas achevé — nom celui
Ephesiens 4:30;SKN;65-1128M;241;EXACT;saint dieu lequel avez scelles jour redemption [couverture 7/9]
Jean 1:0;SKN;65-1128M;193;VALIDE;chap->v.1: etait parole parole etait dieu parole etait dieu
Jean 1:0;SKN;65-1128M;221;VALIDE;chap->v.1: parole parole dieu parole dieu
Jean 5:43;SKN;65-1128M;213;EXACT;moi suis venu nom pere propre [couverture 7/12]
Jean 10:0;SKN;65-1128M;185;VALIDE;chap->v.11: suis bon berger bon berger met brebis
Matthieu 1:23;SKN;65-1128M;222;VALIDE;voici nom dieu
Romains 8:1;SKN;65-1128M;261;EXACT;maintenant aucune condamnation ceux christ jesus [couverture 6/6]
Ecclesiaste 12:0;VGR;65-1128M;14;VALIDE;chap->v.13: ecoutons fin crains dieu commandements cest
Ephesiens 1:21;VGR;65-1128M;270;PARTIEL;commencé, pas achevé — nom celui
Ephesiens 4:30;VGR;65-1128M;241;EXACT;nattristez saint dieu lequel avez scelles jour redemption [couverture 8/9]
Jean 1:0;VGR;65-1128M;193;VALIDE;chap->v.1: etait parole parole etait dieu parole etait dieu
Jean 1:0;VGR;65-1128M;221;VALIDE;chap->v.1: etait parole parole etait dieu parole etait dieu
Jean 5:43;VGR;65-1128M;213;EXACT;moi suis venu nom pere recevez propre [couverture 8/12]
Jean 10:0;VGR;65-1128M;185;VALIDE;chap->v.16: jai bergerie aura seul seul berger
Matthieu 1:23;VGR;65-1128M;222;PARTIEL;commencé, pas achevé — nom dieu
Romains 8:1;VGR;65-1128M;261;EXACT;maintenant aucune condamnation ceux christ jesus [couverture 6/6]
Ephesiens 1:0;SKN;51-0930E;59;VALIDE;chap->v.10: savoir choses choses cieux choses terre lui
Ephesiens 1:0;SKN;53-0325;31;VALIDE;chap->v.3: beni soit dieu pere seigneur jesus christ benis
Ephesiens 4:30;SKN;53-0325;31;VALIDE;saint esprit dieu lequel avez jour redemption
Galates 1:8;SKN;53-0325;28;VALIDE;ange ciel soit anatheme
Genese 15:7;SKN;53-0325;31;VALIDE;lui moi suis sortir dur chaldeens afin donner
Genese 45:0;SKN;53-0325;31;VALIDE;chap->v.1: joseph put contenir devant ceux tenaient pres lui
Jean 17:17;SKN;53-0325;31;VALIDE;sanctifie verite parole
job 7:20;SKN;53-0325;31;CORRIGE;annoncé Job 7:37
Matthieu 10:0;SKN;53-0325;31;VALIDE;chap->v.37: celui aime pere mere moi digne moi celui
Matthieu 24:0;SKN;53-0325;31;VALIDE;chap->v.2: lui voyez choses verite dis sera laisse ici
Romains 4:0;SKN;53-0325;31;VALIDE;chap->v.11: recut signe circoncision sceau justice foi avait soit
Romains 9:0;SKN;53-0325;31;VALIDE;chap->v.3: moi meme souhaite anatheme separe christ mes freres
Ephesiens 1:0;SKN;53-1109;20;VALIDE;chap->v.4: selon quil lui avant fondation monde devant lui
Ephesiens 4:30;SKN;53-1109;16;VALIDE;nattristez saint dieu lequel avez scelles jour redemption
Jean 5:28;SKN;53-1109;1;EXACT;cela lheure vient ceux sepulcres entendront voix [couverture 6/9]
Jean 19:0;SKN;53-1109;56;VALIDE;chap->v.7: juifs lui loi loi mourir sest fils dieu
Ephesiens 1:0;SKN;59-0415E;26;VALIDE;chap->v.17: dieu jesus christ pere gloire donne esprit
Ephesiens 1:0;SKN;64-0206B;238;VALIDE;chap->v.4: lui avant fondation monde lui
Genese 22:0;SKN;64-0206B;118;VALIDE;chap->v.14: nom jehovah aujourdhui montagne leternel
Josue 10:12;SKN;64-0206B;134;VALIDE;josue soleil arrete
Malachie 3:0;SKN;64-0206B;110;VALIDE;chap->v.1: voici jenvoie messager chemin devant moi
Malachie 4:0;SKN;64-0206B;110;VALIDE;chap->v.5: voici elie prophete jour
Malachie 4:0;SKN;64-0206B;111;VALIDE;chap->v.5: voici elie prophete grand jour
Marc 11:22;SKN;64-0206B;141;PARTIEL;commencé, pas achevé — jesus dieu
Matthieu 10:0;SKN;64-0206B;239;VALIDE;chap->v.14: vos paroles ville vos
Matthieu 11:0;SKN;64-0206B;112;VALIDE;chap->v.10: cest celui voici moi jenvoie messager devant face
Ephesiens 1:5;SKN;56-0611;18;VALIDE;predestines lui jesus christ bon
Jean 14:0;SKN;56-0611;18;VALIDE;chap->v.10: moi suis pere pere moi moi dis dis
Ephesiens 1:5;SKN;57-0317;21;VALIDE;predestines lui jesus
Ephesiens 1:5;SKN;58-0301E;20;VALIDE;predestines lui jesus christ
Exode 19:0;SKN;58-0301E;26;VALIDE;chap->v.20: montagne sommet montagne moise sommet montagne moise monta
Jean 1:0;SKN;58-0301E;46;VALIDE;chap->v.47: nathanael lui venir quelque chose bon nazareth philippe
Jean 4:0;SKN;58-0301E;51;VALIDE;chap->v.9: femme samaritaine lui toi juif moi suis femme
Jean 5:19;SKN;58-0301E;45;EXACT;jesus verite dis fils rien lui meme quil [couverture 5/14]
Jean 14:0;SKN;58-0301E;11;VALIDE;chap->v.10: moi pere pere moi moi dis dis moi
Ephesiens 1:5;SKN;58-0324;13;VALIDE;predestines lui jesus
Galates 4:0;SKN;58-0324;13;VALIDE;chap->v.6: etes fils dieu fils nos pere
Hebreux 13:8;SKN;58-0324;32;VALIDE;jesus christ meme hier aujourdhui eternellement
Jean 14:0;SKN;58-0324;14;VALIDE;chap->v.10: moi suis pere pere moi moi moi meme
Ephesiens 1:21;SKN;65-0425;157;PARTIEL;commencé, pas achevé — puissance nom
Ephesiens 4:30;SKN;65-0425;96;EXACT;saint esprit dieu lequel avez scelles jour redemption [couverture 8/9]
Hebreux 13:8;SKN;65-0425;187;VALIDE;jesus christ meme hier eternellement
Jean 5:43;SKN;65-0425;67;EXACT;moi suis venu nom pere recevez autre propre [couverture 11/12]
Jean 14:12;SKN;65-0425;187;EXACT;dis celui croit moi fera lui fais parce [couverture 9/14]
Luc 17:30;SKN;65-0425;188;VALIDE;sera meme jour
Malachie 4:0;SKN;65-0425;188;VALIDE;chap->v.6: fera peres peres
Marc 16:0;SKN;65-0425;150;VALIDE;chap->v.6: lui jesus ressuscite
Marc 16:0;SKN;65-0425;207;VALIDE;chap->v.18: auront quelque chose cela imposeront mains ceux
Matthieu 1:23;SKN;65-0425;72;VALIDE;fils nom emmanuel dieu
Matthieu 27:0;SKN;65-0425;180;VALIDE;chap->v.40: detruis temple batis trois jours fils dieu
Romains 8:1;SKN;65-0425;100;EXACT;aucune condamnation ceux christ jesus [couverture 5/6]
Romains 8:11;SKN;65-0425;147;EXACT;celui ressuscite jesus morts habite vivifiera vos corps [couverture 10/14]
Romains 11:0;SKN;65-0425;147;VALIDE;chap->v.8: dieu donne esprit jour
Ephesiens 4:0;SKN;61-1231M;26;VALIDE;chap->v.11: lui donne uns apotres autres prophetes autres evangelistes
Esther 2:0;SKN;61-1231M;121;VALIDE;chap->v.5: homme etait fils fils fils
Jean 3:0;SKN;61-1231M;27;VALIDE;chap->v.2: celui vint lui nuit lui rabbi savons docteur
Jean 3:1-12;SKN;61-1231M;26;VALIDE;homme pharisiens nom etait nicodeme chef juifs celui
Job 14:0;SKN;61-1231M;55;VALIDE;chap->v.14: homme jours vienne
Ephesiens 4:0;VGR;57-0908E;380;VALIDE;chap->v.30: nattristez saint esprit dieu lequel avez scelles jour
Ephesiens 4:30;VGR;57-0908E;380;EXACT;nattristez saint esprit dieu lequel avez scelles jour [couverture 9/9]
Galates 3:16;VGR;57-0908E;416;EXACT;cest abraham ont faites plusieurs dun seul christ [couverture 8/14]
Hebreux 10:0;VGR;57-0908E;379;VALIDE;chap->v.34: avez montre avez vos avez
Jean 4:0;VGR;57-0908E;358;VALIDE;chap->v.24: dieu esprit esprit
Matthieu 3:0;VGR;57-0908E;440;VALIDE;chap->v.16: jesus leau voici cieux lui ouverts lesprit dieu
Matthieu 3:0;VGR;57-0908E;442;VALIDE;chap->v.16: jesus baptise leau voici cieux lui ouverts lesprit
Matthieu 3:0;VGR;57-0908E;443;VALIDE;chap->v.16: jesus baptise leau voici cieux lui ouverts lesprit
Matthieu 5:28;VGR;57-0908E;247;PARTIEL;commencé, pas achevé — moi dis
Matthieu 5:45;VGR;57-0908E;351;EXACT;soyez fils pere cieux lever soleil pluie justes [couverture 9/13]
Hebreux 6:0;SKN;60-0221;106;VALIDE;chap->v.4: ont ont goute don participants
Ephesiens 4:30;SKN;51-0506E;18;VALIDE;nattristez saint esprit dieu lequel avez jour redemption
Ephesiens 4:30;SKN;53-0906A;103;VALIDE;nattristez saint dieu lequel avez jour redemption
Ephesiens 4:30;SKN;54-0305;35;EXACT;nattristez saint dieu lequel avez scelles jour redemption [couverture 8/9]
Jean 5:0;SKN;54-0305;45;VALIDE;chap->v.19: jesus verite verite dis fils rien lui meme
Ephesiens 4:30;SKN;54-0620;33;VALIDE;saint esprit dieu jour redemption
Galates 1:8;SKN;54-0620;43;VALIDE;ange venu ciel avons quil soit anatheme
Ephesiens 4:30;SKN;54-0719A;13;VALIDE;nattristez saint esprit dieu lequel avez jour redemption
Galates 1:8;SKN;54-0719A;6;VALIDE;ange ciel avons quil soit anatheme
Psaumes 103:1-3;SKN;54-0719A;13;VALIDE;ame benis leternel moi benisse saint nom noublie
Ephesiens 4:30;SKN;54-1204;73;VALIDE;nattristez saint esprit dieu lequel avez scelles jour
Jean 3:0;SKN;54-1204;33;VALIDE;chap->v.18: celui croit lui nest celui croit deja parce
Matthieu 27:0;SKN;54-1204;69;VALIDE;chap->v.11: jesus devant disant roi jesus lui dis
Ephesiens 4:30;SKN;55-0224;36;VALIDE;saint dieu lequel avez jour redemption
Ephesiens 4:30;SKN;55-0227A;55;VALIDE;saint esprit dieu lequel avez scelles jour redemption
Romains 8:1;SKN;55-0227A;48;VALIDE;maintenant aucune condamnation ceux christ jesus
Ephesiens 4:30;SKN;55-0312;22;VALIDE;saint dieu lequel avez scelles jour redemption
Hebreux 10:0;SKN;55-0312;14;VALIDE;chap->v.26: pechons volontairement apres recu connaissance verite reste sacrifice
Hebreux 10:0;SKN;55-0312;16;VALIDE;chap->v.26: pechons volontairement apres recu connaissance verite reste sacrifice
Jean 5:24;SKN;55-0312;23;EXACT;verite dis celui entend parole croit envoye vie [couverture 8/14]
Ephesiens 4:30;SKN;55-0522;99;EXACT;nattristez saint dieu lequel avez scelles jour redemption [couverture 8/9]
Genese 49:0;SKN;55-0522;84;VALIDE;chap->v.8: tes main sera tes
Ephesiens 4:30;SKN;55-0606;31;VALIDE;saint esprit dieu lequel avez jour redemption
Ephesiens 4:30;SKN;56-0224;21;VALIDE;nattristez saint esprit dieu lequel avez scelles jour
Genese 22:0;SKN;56-0224;15;VALIDE;chap->v.7: isaac parla abraham pere pere voici fils voici
Jean 6:0;SKN;56-0224;57;VALIDE;chap->v.54: celui mange chair boit sang vie eternelle moi
Joel 2:28;SKN;56-0224;36;VALIDE;arrivera apres cela repandrai esprit chair vos fils
Romains 4:0;SKN;56-0224;59;VALIDE;chap->v.13: nest loi promesse heritier faite abraham foi
Ephesiens 4:30;SKN;56-0527;50;VALIDE;nattristez saint dieu lequel avez jour redemption
Ephesiens 4:30;SKN;56-0603;44;VALIDE;saint esprit dieu lequel avez scelles jour redemption
Hebreux 10:0;SKN;56-0603;27;VALIDE;chap->v.1: loi biens venir meme choses jamais
Jean 1:0;SKN;56-0603;48;VALIDE;chap->v.30: celui moi apres moi vient homme prend place
Romains 8:1;SKN;56-0603;50;VALIDE;maintenant aucune condamnation ceux christ jesus
Ephesiens 4:30;SKN;56-0621;45;VALIDE;nattristez saint dieu lequel avez scelles jour redemption
Jean 5:24;SKN;56-0621;55;VALIDE;dis celui entend parole croit envoye vie eternelle
Psaumes 23:0;SKN;56-0621;17;VALIDE;chap->v.4: meme vallee lombre mort aucun mal moi
Romains 8:1;SKN;56-0621;42;VALIDE;maintenant aucune condamnation ceux christ jesus
Ephesiens 4:30;SKN;56-0715;44;VALIDE;nattristez saint dieu lequel avez jour redemption
Esaie 5:0;SKN;56-0715;46;VALIDE;chap->v.13: cest pourquoi peuple alle quil grands
Esaie 6:0;SKN;56-0715;46;VALIDE;chap->v.10: cur peuple oreilles bouche yeux quil yeux oreilles
Esaie 61:1;SKN;56-0715;21;VALIDE;lesprit seigneur moi oint ceux ont
Hebreux 10:0;SKN;56-0715;14;VALIDE;chap->v.1: loi biens venir meme choses jamais lon
Hebreux 11:1;SKN;56-0715;14;VALIDE;foi choses voit
Jean 1:0;SKN;56-0715;19;VALIDE;chap->v.41: frere etait lun deux entendu lui jean lavaient
Jean 4:1;SKN;56-0715;19;VALIDE;seigneur pharisiens entendu jesus jean
Levitique 21:0;SKN;56-0715;15;VALIDE;chap->v.8: saint dieu sera saint saint moi
Ephesiens 4:30;SKN;56-0731;20;VALIDE;nattristez saint dieu lequel avez jour redemption
Jean 5:19;SKN;56-0731;40;EXACT;jesus verite dis fils rien lui meme quil [couverture 7/14]
Jean 5:19;SKN;56-0731;74;EXACT;jesus dis fils rien lui meme quil chose [couverture 8/14]
Ephesiens 4:30;SKN;56-1209E;36;VALIDE;nattristez saint esprit dieu lequel jour redemption
Jean 1:0;SKN;56-1209E;81;VALIDE;chap->v.47: nathanael lui venir quelque chose bon nazareth philippe
Jean 5:0;SKN;56-1209E;80;VALIDE;chap->v.19: jesus verite verite dis fils rien lui meme
Jean 5:19;SKN;56-1209E;66;EXACT;jesus dis fils rien lui meme quil chose [couverture 5/14]
Jean 5:19;SKN;56-1209E;80;EXACT;jesus verite dis fils rien lui meme quil [couverture 8/14]
Jean 15:0;SKN;56-1209E;98;VALIDE;chap->v.4: moi moi sarment lui meme quil demeure cep
Marc 11:24;SKN;56-1209E;23;VALIDE;cest dis demanderez priant croyez sera
Matthieu 8:0;SKN;56-1209E;22;VALIDE;chap->v.17: fut accompli esaie prophete lui meme pris nos
Matthieu 27:0;SKN;56-1209E;27;VALIDE;chap->v.43: sest dieu quil maintenant lui dieu
Ephesiens 4:30;SKN;57-0804E;16;VALIDE;nattristez saint esprit dieu lequel avez jour redemption
Hebreux 13:8;SKN;57-0804E;8;VALIDE;jesus meme hier aujourdhui eternellement
Jean 5:0;SKN;57-0804E;35;VALIDE;chap->v.19: jesus verite verite dis fils rien lui meme
Jean 5:0;SKN;57-0804E;36;VALIDE;chap->v.19: jesus verite verite dis fils rien lui meme
Jean 5:19;SKN;57-0804E;37;VALIDE;jesus verite dis fils rien lui meme quil
Jean 15:0;SKN;57-0804E;17;VALIDE;chap->v.2: sarment moi porte fruit sarment porte fruit afin
Marc 16:0;SKN;57-0804E;14;VALIDE;chap->v.19: apres parle fut eleve haut dieu
Matthieu 24:0;SKN;57-0804E;18;VALIDE;chap->v.21: alors aura grande telle quil depuis maintenant quil
Ephesiens 4:30;SKN;58-1221E;78;VALIDE;saint esprit dieu
Luc 24:49;SKN;58-1221E;91;PARTIEL;commencé, pas achevé — voici puissance
Ephesiens 4:30;SKN;59-0612;28;VALIDE;nattristez saint esprit dieu lequel avez scelles jour
Jean 4:0;SKN;59-0612;67;VALIDE;chap->v.9: femme samaritaine lui toi juif boire moi suis
Ephesiens 4:30;SKN;60-0229;54;VALIDE;saint esprit dieu lequel avez scelles jour redemption
Jean 5:24;SKN;60-0229;54;EXACT;verite dis celui entend parole croit envoye vie [couverture 7/14]
Ephesiens 4:30;SKN;60-0522E;119;EXACT;saint dieu lequel avez scelles jour redemption [couverture 7/9]
Esaie 9:6;SKN;60-0522E;192;VALIDE;enfant fils donne dieu
Galates 1:8;SKN;60-0522E;115;VALIDE;ange soit anatheme
Genese 2:0;SKN;60-0522E;76;VALIDE;chap->v.18: dieu bon soit seul lui lui
Genese 14:0;SKN;60-0522E;44;VALIDE;chap->v.20: beni soit dieu haut livre lui donna dime
Genese 14:18;SKN;60-0522E;44;EXACT;roi salem etait sacrificateur dieu haut [couverture 6/11]
Jean 17:17;SKN;60-0522E;111;EXACT;sanctifie verite parole [couverture 4/4]
job 7:17;SKN;60-0522E;177;CORRIGE;annoncé Job 7:27
Matthieu 16:16;SKN;60-0522E;64;VALIDE;simon pierre dieu
Ephesiens 4:30;SKN;60-0607;60;VALIDE;saint esprit dieu lequel avez scelles jour redemption
Jean 5:19;SKN;60-0607;52;EXACT;jesus verite dis fils rien lui pere celui [couverture 8/14]
Ephesiens 4:30;SKN;60-0802;86;VALIDE;nattristez saint esprit dieu lequel avez scelles jour
Hebreux 10:0;SKN;60-0802;11;VALIDE;chap->v.31: cest chose terrible tomber mains dieu vivant
Ephesiens 4:30;SKN;61-0317;31;VALIDE;saint dieu lequel avez scelles jour redemption
Exode 19:0;SKN;61-0317;6;VALIDE;chap->v.1: apres pays meme desert
Exode 19:0;SKN;61-0317;22;VALIDE;chap->v.1: apres fils pays meme
Genese 12:0;SKN;61-0317;49;VALIDE;chap->v.19: sorte lai femme maintenant voici femme ten
Genese 12:0;SKN;61-0317;50;VALIDE;chap->v.19: sorte lai femme maintenant voici femme ten
Genese 15:0;SKN;61-0317;50;VALIDE;chap->v.4: voici parole lui heritier tes lui
Genese 18:0;SKN;61-0317;57;VALIDE;chap->v.10: certainement toi terme sera voici femme aura fils
Genese 22:14;SKN;61-0317;16;VALIDE;abraham nom lieu jehovah montagne sera pourvu
Hebreux 10:0;SKN;61-0317;14;VALIDE;chap->v.29: combien pensez sera juge digne celui foule pieds
Hebreux 13:8;SKN;61-0317;73;VALIDE;jesus christ meme hier eternellement
Hebreux 13:12;SKN;61-0317;49;VALIDE;jesus afin sanctifie peuple propre sang souffert hors
Matthieu 1:18;SKN;61-0317;29;VALIDE;jesus christ ainsi etant
Ephesiens 4:30;SKN;61-0402;125;EXACT;saint esprit dieu lequel avez scelles jour redemption [couverture 8/9]
Ephesiens 4:30;SKN;61-0402;203;VALIDE;saint dieu jour redemption
Marc 16:0;SKN;61-0402;191;VALIDE;chap->v.12: apres autre forme deux etaient
Romains 4:25;SKN;61-0402;202;VALIDE;livre nos ressuscite justification
Ephesiens 4:30;SKN;61-1105;72;EXACT;saint dieu lequel avez scelles jour redemption [couverture 7/9]
Esaie 9:6;SKN;61-1105;100;VALIDE;enfant fils donne conseiller dieu pere
Esaie 28:11;SKN;61-1105;138;PARTIEL;commencé, pas achevé — peuple
Jean 3:0;SKN;61-1105;65;VALIDE;chap->v.31: celui vient haut celui terre terre parle etant
Jean 3:31;SKN;61-1105;65;EXACT;celui vient haut terre parle etant ciel [couverture 12/14]
Joel 2:28;SKN;61-1105;130;EXACT;arrivera cela repandrai esprit chair vos fils filles [couverture 10/14]
Luc 24:49;SKN;61-1105;159;VALIDE;voici moi promesse pere ville soyez revetus puissance
Malachie 4:0;SKN;61-1105;228;VALIDE;chap->v.1: jour four ceux seront jour brulera
Marc 16:0;SKN;61-1105;221;VALIDE;chap->v.17: accompagneront ceux auront cru nom chasseront demons parleront
Matthieu 9:0;SKN;61-1105;24;VALIDE;chap->v.10: etait table maison voici table
Psaumes 22:0;SKN;61-1105;105;VALIDE;chap->v.16: ont perce mes mains mes pieds
Ephesiens 4:30;SKN;62-0121M;31;VALIDE;nattristez saint dieu lequel avez jour redemption
Genese 22:0;SKN;62-0121M;23;VALIDE;chap->v.13: abraham leva yeux vit voici avait derriere lui
Ephesiens 4:30;SKN;62-0122;49;EXACT;nattristez saint dieu lequel avez jour redemption [couverture 6/9]
Jean 4:0;SKN;62-0122;126;VALIDE;chap->v.10: jesus lui don dieu celui toi lui demande
Jean 4:0;SKN;62-0122;130;VALIDE;chap->v.25: femme lui sais messie christ celui sera venu
Jean 5:0;SKN;62-0122;127;VALIDE;chap->v.19: jesus verite verite dis fils rien lui meme
Jean 14:12;SKN;62-0122;21;VALIDE;verite dis celui croit moi fera lui fais
Jean 14:12;SKN;62-0122;32;EXACT;verite dis celui croit moi fera lui fais [couverture 11/14]
Marc 16:0;SKN;62-0122;21;VALIDE;chap->v.14: apparut onze etaient table reprocha incredulite durete parce
Marc 16:0;SKN;62-0122;28;VALIDE;chap->v.16: celui cru baptise sera sauve celui cru sera
Marc 16:0;SKN;62-0122;43;VALIDE;chap->v.6: lui jesus nest ici voici lavait mis
Ephesiens 4:30;SKN;62-0124;11;EXACT;saint dieu lequel avez scelles jour redemption [couverture 7/9]
Esaie 28:19;SKN;62-0124;70;VALIDE;apres jour sera
Hebreux 4:0;SKN;62-0124;102;VALIDE;chap->v.12: parole dieu vivante penetrante epee deux tranchants
Hebreux 13:8;SKN;62-0124;59;VALIDE;jesus meme hier eternellement
Hebreux 13:8;SKN;62-0124;121;VALIDE;jesus christ meme hier eternellement
Jean 5:19;SKN;62-0124;100;EXACT;jesus verite dis fils rien lui meme chose [couverture 6/14]
Jean 5:24;SKN;62-0124;24;EXACT;celui parole croit envoye vie eternelle vient jugement [couverture 10/14]
Jean 14:12;SKN;62-0124;116;VALIDE;dis lui fais
Joel 2:28;SKN;62-0124;70;VALIDE;apres cela repandrai esprit chair vos fils filles
Ephesiens 4:30;SKN;64-0322;58;VALIDE;saint dieu scelles
Ephesiens 4:30;SKN;64-0322;76;EXACT;nattristez saint dieu lequel avez jour redemption [couverture 7/9]
Genese 22:0;SKN;64-0322;18;VALIDE;chap->v.17: benirai multiplierai etoiles cieux sable bord mer possedera
Genese 22:0;SKN;64-0322;47;VALIDE;chap->v.7: isaac abraham pere pere voici fils voici feu
Jean 6:0;SKN;64-0322;80;VALIDE;chap->v.31: nos peres ont mange manne desert pain ciel
Jean 14:12;SKN;64-0322;115;VALIDE;celui croit moi lui vais
Ephesiens 4:30;SKN;64-0403;74;EXACT;saint esprit dieu lequel avez scelles jour redemption [couverture 8/9]
Genese 1:26;SKN;64-0403;156;VALIDE;dieu homme selon
Jean 14:12;SKN;64-0403;16;EXACT;croit moi fera fais parce [couverture 6/14]
Jean 15:0;SKN;64-0403;16;VALIDE;chap->v.4: demeurez moi moi sarment meme demeure cep meme
Luc 17:28;SKN;64-0403;184;PARTIEL;commencé, pas achevé — meme jours
Malachie 4:0;SKN;64-0403;162;VALIDE;chap->v.6: peres fils fils peres vienne
Marc 16:0;SKN;64-0403;25;VALIDE;chap->v.18: auront quelque chose cela imposeront mains ceux
Marc 16:0;SKN;64-0403;47;VALIDE;chap->v.6: lui jesus ressuscite
Matthieu 27:0;SKN;64-0403;144;VALIDE;chap->v.63: seigneur etait vie apres ressuscite
Ephesiens 4:30;SKN;65-0418E;4;EXACT;nattristez saint dieu lequel avez scelles jour [couverture 6/9]
Luc 17:30;SKN;65-0418E;145;PARTIEL;commencé, pas achevé — meme
Matthieu 28:19;SKN;65-0418E;145;PARTIEL;commencé, pas achevé — faites nom
Nombres 22:0;SKN;65-0418E;62;VALIDE;chap->v.6: maintenant prie moi moi pourrai
Ephesiens 4:30;VGR;55-0522;84;EXACT;nattristez saint esprit dieu lequel avez scelles jour [couverture 9/9]
Genese 49:0;VGR;55-0522;69;VALIDE;chap->v.8: tes main sera tes
Ephesiens 4:30;VGR;56-0527;108;EXACT;nattristez saint dieu lequel avez scelles jour redemption [couverture 8/9]
Ephesiens 4:30;VGR;56-0715;115;EXACT;nattristez saint dieu lequel avez scelles jour redemption [couverture 8/9]
Esaie 5:0;VGR;56-0715;122;VALIDE;chap->v.13: cest pourquoi alle quil
Esaie 6:0;VGR;56-0715;122;VALIDE;chap->v.11: seigneur sorte quil sorte quil
Esaie 61:1;VGR;56-0715;52;EXACT;lesprit seigneur moi oint envoye ceux [couverture 5/14]
Hebreux 10:0;VGR;56-0715;32;VALIDE;chap->v.1: loi biens venir meme choses jamais
Hebreux 11:1;VGR;56-0715;32;PARTIEL;commencé, pas achevé — foi choses
Jean 1:0;VGR;56-0715;47;VALIDE;chap->v.1: commencement etait etait dieu etait dieu
Jean 1:4;VGR;56-0715;47;PARTIEL;commencé, pas achevé — etait
Ephesiens 4:30;VGR;58-1221E;78;VALIDE;saint esprit dieu
Luc 24:49;VGR;58-1221E;91;VALIDE;voici jusqua puissance
Ephesiens 4:30;VGR;60-0221;135;EXACT;nattristez saint esprit dieu lequel avez scelles jour [couverture 9/9]
Hebreux 6:0;VGR;60-0221;106;VALIDE;chap->v.5: ont goute parole dieu siecle venir
Hebreux 10:0;VGR;60-0221;106;VALIDE;chap->v.10: cest avons sanctifies jesus fois
Romains 9:11;VGR;60-0221;7;EXACT;enfants nes quils afin dieu selon [couverture 6/14]
Ephesiens 4:30;VGR;60-0522E;119;EXACT;nattristez saint esprit dieu lequel avez scelles jour [couverture 9/9]
Esaie 9:6;VGR;60-0522E;192;VALIDE;enfant fils donne sera dieu fort
Galates 1:8;VGR;60-0522E;115;VALIDE;ange quil soit anatheme
Genese 2:0;VGR;60-0522E;76;VALIDE;chap->v.18: dieu bon lhomme soit seul lui lui
Genese 14:0;VGR;60-0522E;44;VALIDE;chap->v.20: beni soit dieu haut livre lui donna dime
Genese 14:18;VGR;60-0522E;44;EXACT;roi salem vin etait sacrificateur dieu haut [couverture 6/11]
Jean 17:17;VGR;60-0522E;111;EXACT;sanctifie verite parole [couverture 4/4]
job 7:17;VGR;60-0522E;177;CORRIGE;annoncé Job 7:27
Matthieu 16:16;VGR;60-0522E;64;VALIDE;simon pierre dieu
Ephesiens 4:30;VGR;62-0121M;73;EXACT;nattristez saint dieu lequel avez scelles jour redemption [couverture 8/9]
Genese 22:0;VGR;62-0121M;52;VALIDE;chap->v.13: abraham leva yeux vit voici avait derriere lui
Ephesiens 4:30;VGR;62-0122;114;EXACT;nattristez saint esprit dieu lequel avez scelles jour [couverture 9/9]
Jean 4:0;VGR;62-0122;336;VALIDE;chap->v.9: femme juif moi suis femme
Jean 4:0;VGR;62-0122;347;VALIDE;chap->v.25: femme lui sais messie christ sera choses
Jean 5:0;VGR;62-0122;339;VALIDE;chap->v.4: ange descendait agitait leau apres leau avait etait
Jean 14:12;VGR;62-0122;51;VALIDE;verite dis celui croit moi fera uvres fais
Jean 14:12;VGR;62-0122;52;EXACT;verite dis celui croit moi fera uvres fais [couverture 12/14]
Jean 14:12;VGR;62-0122;76;EXACT;verite dis celui croit moi fera uvres fais [couverture 11/14]
Marc 16:0;VGR;62-0122;51;VALIDE;chap->v.14: apparut onze etaient table reprocha durete cur parce
Marc 16:0;VGR;62-0122;68;VALIDE;chap->v.16: celui cru baptise sera sauve celui cru sera
Marc 16:0;VGR;62-0122;98;VALIDE;chap->v.17: ici signes accompagneront ceux auront cru
Marc 16:0;VGR;62-0122;99;VALIDE;chap->v.17: signes accompagneront ceux auront cru
Ephesiens 4:30;VGR;64-0322;58;VALIDE;saint dieu scelles
Ephesiens 4:30;VGR;64-0322;76;EXACT;nattristez saint dieu lequel avez scelles jour redemption [couverture 8/9]
Genese 22:0;VGR;64-0322;18;VALIDE;chap->v.16: jai jure moi leternel parce nas refuse fils
Genese 22:0;VGR;64-0322;47;VALIDE;chap->v.7: isaac abraham pere pere voici fils voici feu
Jean 6:0;VGR;64-0322;80;VALIDE;chap->v.31: nos peres ont mange manne desert quil pain
Jean 14:12;VGR;64-0322;115;VALIDE;celui croit moi lui fais parce men
Ephesiens 4:30;VGR;64-0403;119;EXACT;nattristez saint dieu lequel avez scelles jour redemption [couverture 8/9]
Genese 1:26;VGR;64-0403;199;PARTIEL;commencé, pas achevé — dieu homme
Jean 14:12;VGR;64-0403;62;EXACT;celui croit moi fera lui uvres fais parce [couverture 9/14]
Jean 15:0;VGR;64-0403;62;VALIDE;chap->v.5: moi suis cep sarments celui demeure moi moi
Luc 17:28;VGR;64-0403;226;VALIDE;meme arriva jours
Malachie 4:0;VGR;64-0403;205;VALIDE;chap->v.6: cur peres fils cur fils peres
Marc 16:0;VGR;64-0403;71;VALIDE;chap->v.17: ici signes accompagneront ceux auront cru
Marc 16:0;VGR;64-0403;93;VALIDE;chap->v.6: lui jesus ressuscite nest voici
Matthieu 27:0;VGR;64-0403;187;VALIDE;chap->v.40: toi detruis toi toi meme dieu
Ephesiens 4:30;VGR;65-0418E;4;EXACT;nattristez saint dieu lequel avez scelles jour [couverture 6/9]
Luc 17:30;VGR;65-0418E;145;PARTIEL;commencé, pas achevé — meme
Matthieu 28:19;VGR;65-0418E;145;PARTIEL;commencé, pas achevé — faites nom
Nombres 22:31;VGR;65-0418E;62;PARTIEL;commencé, pas achevé — main
Ephesiens 5:26;SKN;55-0221;35;VALIDE;afin quil lavage parole
Hebreux 10:0;SKN;55-0221;44;VALIDE;chap->v.10: cest sanctifies corps jesus christ faite fois
Marc 16:0;SKN;55-0221;49;VALIDE;chap->v.6: lui jesus ressuscite nest voici mis
Nombres 19:0;SKN;55-0221;8;VALIDE;chap->v.4: eleazar sacrificateur prendra sang doigt fera sang sept
Romains 8:1;SKN;55-0221;26;EXACT;maintenant condamnation ceux christ jesus [couverture 5/6]
Esaie 1:0;SKN;63-1028;43;VALIDE;chap->v.11: vos sacrifices suis beliers graisse
Esaie 53:5;SKN;63-1028;65;VALIDE;blesse nos meurtri chatiment paix lui meurtrissures sommes
Hebreux 9:0;SKN;63-1028;68;VALIDE;chap->v.7: seul souverain sacrificateur sang lui meme
Hebreux 9:11;SKN;63-1028;68;PARTIEL;commencé, pas achevé — souverain sacrificateur
Hebreux 13:8;SKN;63-1028;28;VALIDE;jesus christ meme hier
Jean 1:0;SKN;63-1028;62;VALIDE;chap->v.1: commencement etait parole parole etait dieu parole etait
Jean 12:14;SKN;63-1028;61;VALIDE;jesus ayant trouve
Romains 5:1;SKN;63-1028;16;VALIDE;foi dieu jesus christ
Romains 8:28;SKN;63-1028;12;VALIDE;savons choses ceux aiment dieu appeles selon
Esaie 1:0;VGR;63-1028;101;VALIDE;chap->v.24: cest pourquoi seigneur puissant
Esaie 53:5;VGR;63-1028;162;EXACT;blesse nos meurtri chatiment paix lui meurtrissures sommes [couverture 10/12]
Hebreux 9:0;VGR;63-1028;171;VALIDE;chap->v.7: seul sang quil lui
Hebreux 9:11;VGR;63-1028;171;PARTIEL;commencé, pas achevé — cest
Hebreux 13:8;VGR;63-1028;64;EXACT;jesus meme hier aujourdhui eternellement [couverture 5/6]
Jean 1:0;VGR;63-1028;152;VALIDE;chap->v.1: commencement etait parole parole etait dieu parole etait
Jean 12:14;VGR;63-1028;149;PARTIEL;commencé, pas achevé — jesus quil
Romains 5:1;VGR;63-1028;35;VALIDE;ayant foi dieu jesus christ
Romains 8:28;VGR;63-1028;24;EXACT;savons choses travaillent ceux aiment dieu appeles selon [couverture 9/11]
Esaie 1:8;SKN;60-0806;38;PARTIEL;commencé, pas achevé — fille
Hebreux 11:0;SKN;60-0806;29;VALIDE;chap->v.24: foi moise devenu grand appele fils fille
Jean 14:0;SKN;60-0806;33;VALIDE;chap->v.10: crois suis pere pere dis dis pere
Esaie 4:1;VGR;54-0103E;92;EXACT;sept femmes saisiront seul homme jour disant mangerons [couverture 12/14]
Exode 4:24;VGR;54-0103E;79;VALIDE;leternel lui mourir
genese 44:10;VGR;54-0103E;165;CORRIGE;annoncé Genese 44:49
Jean 17:17;VGR;54-0103E;56;PARTIEL;commencé, pas achevé — sanctifie
Matthieu 10:0;VGR;54-0103E;56;VALIDE;chap->v.25: disciple quil quil seigneur ont
Esaie 9:0;SKN;53-0507;32;VALIDE;chap->v.17: cest pourquoi seigneur gens gens font
Jean 5:19;SKN;53-0507;2;EXACT;jesus dis fils lui meme quil voie chose [couverture 10/14]
Marc 11:24;SKN;53-0507;16;VALIDE;cest dis priant croyez sera
Matthieu 27:0;SKN;53-0507;20;VALIDE;chap->v.63: seigneur pendant quil etait vie apres jours ressuscite
Esaie 9:5;SKN;59-1126;20;PARTIEL;commencé, pas achevé — roule
Esaie 9:6;SKN;59-1126;20;VALIDE;enfant fils donne epaule conseiller dieu fort pere
Jean 5:19;SKN;59-1126;55;EXACT;jesus verite dis fils rien lui meme chose [couverture 6/14]
Esaie 9:5;SKN;61-0121;14;PARTIEL;commencé, pas achevé — roule seront
Esaie 9:6;SKN;61-0121;14;EXACT;enfant fils donne sera epaule conseiller dieu pere [couverture 7/14]
Esaie 9:6;SKN;61-0121;22;VALIDE;enfant donne sera epaule dieu pere
Hebreux 4:0;SKN;61-0121;30;VALIDE;chap->v.4: ainsi quelque part jour dieu jour
Esaie 9:5;SKN;61-0207;52;VALIDE;quon roule feu
Esaie 9:6;SKN;61-0207;57;VALIDE;enfant fils nom dieu pere
Esaie 35:0;SKN;61-0207;45;VALIDE;chap->v.8: aura grande route chemin sera appele chemin saintete
Hebreux 4:0;SKN;61-0207;24;VALIDE;chap->v.8: avait donne repos parle cela dun autre jour
Esaie 9:6;SKN;53-1121;14;EXACT;enfant fils donne sera epaule nom conseiller dieu [couverture 5/14]
Hebreux 13:8;SKN;53-1121;26;VALIDE;jesus meme hier aujourdhui eternellement
Jean 5:19;SKN;53-1121;27;EXACT;jesus verite dis fils rien lui meme quil [couverture 7/14]
Jean 5:19;SKN;53-1121;28;EXACT;jesus verite dis fils rien lui meme quil [couverture 6/14]
Esaie 9:6;SKN;57-0301;29;VALIDE;enfant fils donne sera merveilleux dieu
Jean 14:0;SKN;57-0301;7;VALIDE;chap->v.10: moi suis pere pere moi moi dis dis
Luc 18:40-43;SKN;57-0301;6;EXACT;jesus setant arrete ordonna quon lui amene veux [couverture 5/10]
Esaie 9:6;SKN;59-0409;8;VALIDE;enfant fils donne sera epaule dieu pere
Esaie 9:6;SKN;59-0417;48;EXACT;enfant fils donne sera nom dieu fort pere [couverture 5/14]
Jean 5:14;SKN;59-0417;9;VALIDE;jesus lui gueri peche
Esaie 9:6;SKN;60-0311;12;VALIDE;enfant fils donne sera epaule merveilleux conseiller dieu
Esaie 9:6;SKN;60-0331;18;VALIDE;enfant fils donne sera appellera nom merveilleux dieu
Esaie 9:6;SKN;60-0716;119;EXACT;fils donne sera nom dieu pere [couverture 5/14]
Hebreux 13:8;SKN;60-0716;121;VALIDE;jesus christ meme hier aujourdhui eternellement
Jean 5:19;SKN;60-0716;125;EXACT;jesus verite dis fils rien lui meme quil [couverture 6/14]
Jean 15:0;SKN;60-0716;110;VALIDE;chap->v.2: sarment moi porte fruit sarment porte fruit quil
Esaie 9:6;SKN;61-0308;82;VALIDE;enfant fils donne sera epaule nom conseiller dieu
Hebreux 3:0;SKN;61-0308;7;VALIDE;chap->v.1: freres souverain sacrificateur confession jesus
Hebreux 4:0;SKN;61-0308;34;VALIDE;chap->v.4: quelque part jour dieu jour
Psaumes 103:3;SKN;61-0308;2;VALIDE;lui tes guerit
Esaie 9:6;SKN;62-0715;55;VALIDE;fils donne sera nom dieu pere
Jean 5:19;SKN;62-0715;46;VALIDE;jesus dis rien lui meme quil chose pere
Matthieu 3:0;SKN;62-0715;62;VALIDE;chap->v.3: cest ici parle prophete seigneur
Esaie 21:0;SKN;60-0303;11;VALIDE;chap->v.12: sentinelle matin vient nuit voulez enquerir enquerez revenez
Esaie 21:11;SKN;60-0303;11;EXACT;duma crie sentinelle nuit [couverture 6/9]
Zacharie 14:6;SKN;60-0303;10;EXACT;arrivera jour aura lumiere luminaires seront obscurcis [couverture 7/8]
Esaie 28:0;SKN;61-1001E;170;VALIDE;chap->v.12: avait cest ici cest ici
Esaie 28:18;SKN;61-1001E;170;PARTIEL;commencé, pas achevé — sera
Jean 14:0;SKN;61-1001E;41;VALIDE;chap->v.17: lesprit verite monde recevoir parce quil voit connait
Esaie 28:0;SKN;65-1212;34;VALIDE;chap->v.13: parole commandement commandement commandement commandement ici
Esaie 28:0;SKN;65-1212;35;VALIDE;chap->v.8: tables pleines sorte
Esaie 35:0;SKN;65-1212;34;VALIDE;chap->v.4: cur voici dieu dieu
Esaie 60:0;SKN;65-1212;34;VALIDE;chap->v.17: ferai venir fer ferai venir
Galates 1:8;SKN;65-1212;24;VALIDE;ange ciel soit anatheme
Galates 1:8;SKN;65-1212;67;EXACT;memes ange venu ciel avons soit anatheme [couverture 7/11]
Esaie 28:0;VGR;65-1212;34;VALIDE;chap->v.11: levres begayantes langue etrangere parlera peuple
Esaie 28:0;VGR;65-1212;35;VALIDE;chap->v.11: levres begayantes langue etrangere parlera peuple
Esaie 35:0;VGR;65-1212;34;VALIDE;chap->v.4: cur voici dieu dieu
Esaie 60:0;VGR;65-1212;34;VALIDE;chap->v.17: ferai venir fer ferai venir
Galates 1:8;VGR;65-1212;24;EXACT;ange venu ciel quil soit anatheme [couverture 6/11]
Galates 1:8;VGR;65-1212;67;EXACT;ange ciel avons quil soit anatheme [couverture 6/11]
Esaie 28:18;SKN;54-0720A;66;PARTIEL;commencé, pas achevé — lui
Jean 14:0;SKN;54-0720A;13;VALIDE;chap->v.10: crois moi suis pere pere moi moi dis
Marc 11:0;SKN;54-0720A;29;VALIDE;chap->v.3: quelquun pourquoi faites cela seigneur besoin aussitot ici
Esaie 28:18;SKN;62-0128M;36;PARTIEL;commencé, pas achevé — sera
Galates 1:8;SKN;62-0128M;29;VALIDE;memes ange avons soit anatheme
Joel 2:28;SKN;62-0128M;36;VALIDE;apres cela repandrai esprit chair vos fils filles
Esaie 28:19;SKN;62-0521;99;VALIDE;quil jour sera
Hebreux 4:12;SKN;62-0521;19;VALIDE;parole dieu epee lame
Hebreux 13:8;SKN;62-0521;90;EXACT;jesus christ meme hier aujourdhui eternellement [couverture 6/6]
Joel 2:28;SKN;62-0521;100;EXACT;cela repandrai esprit chair vos fils filles prophetiseront [couverture 11/14]
Esaie 32:2;SKN;62-0513E;25;EXACT;sera contre vent abri deau lieu sec lombre [couverture 9/14]
Proverbes 18:10;SKN;62-0513E;25;EXACT;nom leternel forte tour juste trouve [couverture 6/9]
Esaie 32:2;SKN;62-0518;13;VALIDE;homme sera contre vent abri deau lieu lombre
Marc 16:0;SKN;62-0518;107;VALIDE;chap->v.17: ici accompagneront ceux auront cru nom nouvelles
Esaie 32:2;SKN;62-0622B;21;VALIDE;homme sera abri dun
Esaie 32:2;SKN;63-0113M;16;VALIDE;sera contre vent abri deau lieu sec lombre
Job 14:0;SKN;63-0113M;3;VALIDE;chap->v.12: ainsi lhomme quil ait
Esaie 32:2;VGR;63-0113M;37;EXACT;sera contre vent abri deau lieu lombre dun [couverture 8/14]
Job 14:0;VGR;63-0113M;8;VALIDE;chap->v.22: lui meme lui meme
Esaie 35:0;SKN;53-0607E;5;VALIDE;chap->v.4: ceux ont soyez dieu vient dieu
Hebreux 11:2;SKN;53-0607E;1;VALIDE;cest ont temoignage
Esaie 35:0;SKN;63-0412E;86;VALIDE;chap->v.4: voici dieu dieu
Jean 11:0;SKN;63-0412E;232;VALIDE;chap->v.6: quil lazare etait jours etait
Malachie 4:0;SKN;63-0412E;156;VALIDE;chap->v.6: fera peres peres
Marc 11:24;SKN;63-0412E;264;VALIDE;cest pourquoi dis croyez
Matthieu 11:25;SKN;63-0412E;54;EXACT;temps jesus loue pere seigneur ciel terre cache [couverture 5/14]
Esaie 35:0;SKN;63-0606;21;VALIDE;chap->v.4: ont voici dieu dieu
Jean 3:16;SKN;63-0606;11;EXACT;dieu quil donne fils afin lui [couverture 5/14]
Jean 14:8;SKN;63-0606;64;VALIDE;lui pere cela
Jean 14:12;SKN;63-0606;83;EXACT;verite dis celui croit moi fera lui fais [couverture 8/14]
Marc 11:22;SKN;63-0606;51;PARTIEL;commencé, pas achevé — jesus dieu
Esaie 38:0;SKN;63-0724;27;VALIDE;chap->v.1: jours ezechias fut malade mort esaie prophete fils
Jean 5:24;SKN;63-0724;173;EXACT;dis celui entend parole envoye vie eternelle jugement [couverture 8/14]
Matthieu 28:16;SKN;63-0724;19;PARTIEL;commencé, pas achevé — sen
Esaie 38:0;VGR;63-0724;27;VALIDE;chap->v.1: jours ezechias fut malade mort esaie prophete fils
Jean 5:24;VGR;63-0724;174;EXACT;dis celui entend parole envoye vie eternelle jugement [couverture 7/14]
Matthieu 28:16;VGR;63-0724;19;PARTIEL;commencé, pas achevé — sen rendre
Esaie 40:0;SKN;50-0409;3;VALIDE;chap->v.10: voici seigneur viendra puissance lui voici lui devant
Marc 16:0;SKN;50-0409;1;VALIDE;chap->v.17: accompagneront ceux auront cru nom chasseront demons parleront
Esaie 40:0;SKN;61-0129;53;VALIDE;chap->v.14: lui donne juste lui lui connaitre
Exode 19:0;SKN;61-0129;9;VALIDE;chap->v.1: apres meme jour desert
Jean 5:0;SKN;61-0129;44;VALIDE;chap->v.26: vie lui meme ainsi donne vie lui meme
Esaie 40:0;SKN;63-0120M;15;VALIDE;chap->v.8: parole dieu toujours
Marc 11:22;SKN;63-0120M;119;PARTIEL;commencé, pas achevé — jesus dieu
Esaie 40:0;SKN;64-0404;71;VALIDE;chap->v.10: voici lui voici lui lui
Genese 15:0;SKN;64-0404;138;VALIDE;chap->v.4: parole lui celui celui lui
Jean 14:12;SKN;64-0404;143;PARTIEL;commencé, pas achevé — lui fais
Luc 17:0;SKN;64-0404;144;VALIDE;chap->v.30: sera meme jour fils sera manifeste
Malachie 3:0;SKN;64-0404;71;VALIDE;chap->v.15: maintenant meme meme
Malachie 4:0;SKN;64-0404;142;VALIDE;chap->v.6: fils fils peur
Romains 4:0;SKN;64-0404;122;VALIDE;chap->v.3: dieu cela lui
Esaie 40:0;VGR;63-0120M;15;VALIDE;chap->v.8: parole dieu toujours
Marc 11:22;VGR;63-0120M;119;VALIDE;jesus foi dieu
Esaie 42:0;SKN;61-1224;43;VALIDE;chap->v.5: ainsi dieu cree cieux deployes etendu terre donne
Genese 1:0;SKN;61-1224;116;VALIDE;chap->v.31: dieu avait voici cela etait soir jour
Jean 14:12;SKN;61-1224;95;EXACT;dis croit moi fera lui fais [couverture 8/14]
Marc 16:0;SKN;61-1224;167;VALIDE;chap->v.16: celui cru baptise sera sauve celui cru sera
Matthieu 4:0;SKN;61-1224;117;VALIDE;chap->v.16: assis tenebres grande lumiere ceux assis region mort
Esaie 45:0;SKN;64-0122;2;VALIDE;chap->v.23: jai jure moi parole bouche devant moi genou
Esaie 45:0;SKN;64-0122;4;VALIDE;chap->v.12: moi jai terre jai cest moi mes ont
Hebreux 13:8;SKN;64-0122;94;EXACT;jesus meme hier aujourdhui eternellement [couverture 5/6]
Jean 5:19;SKN;64-0122;178;EXACT;jesus verite dis fils rien lui meme quil [couverture 13/14]
Jean 14:12;SKN;64-0122;166;EXACT;dis celui croit moi fera lui fais [couverture 9/14]
Esaie 53:0;SKN;50-0824;11;VALIDE;chap->v.5: blesse nos meurtri nos iniquites chatiment paix lui
Esaie 53:0;SKN;51-0503;29;VALIDE;chap->v.2: devant lui dune terre voyons lui
Hebreux 3:1;SKN;51-0503;12;VALIDE;cest souverain sacrificateur confession jesus
Esaie 53:0;SKN;53-0403;36;VALIDE;chap->v.7: opprime ouvert bouche agneau boucherie brebis muette devant
Genese 1:0;SKN;53-0403;49;VALIDE;chap->v.2: terre etait vide avait lesprit dieu eaux
Esaie 53:0;VGR;51-0503;84;VALIDE;chap->v.1: cru bras leternel revele
Hebreux 3:1;VGR;51-0503;34;EXACT;cest souverain sacrificateur confession jesus [couverture 5/13]
Esaie 53:0;VGR;53-0403;36;VALIDE;chap->v.7: opprime afflige ouvert bouche agneau boucherie brebis muette
Genese 1:0;VGR;53-0403;49;VALIDE;chap->v.7: dieu letendue eaux letendue eaux letendue ainsi
Esaie 53:2;VGR;65-0429E;180;EXACT;devant lui dune voyons [couverture 5/14]
Hebreux 13:8;VGR;65-0429E;185;VALIDE;jesus christ meme
Esaie 53:5;SKN;62-1223;69;EXACT;blesse nos meurtri iniquites lui meurtrissures [couverture 6/12]
Hebreux 13:8;SKN;62-1223;196;VALIDE;jesus meme hier eternellement
Psaumes 89:0;SKN;62-1223;48;VALIDE;chap->v.50: souviens seigneur tes serviteurs porte sein celui peuples
Esaie 53:5;VGR;62-1223;97;EXACT;blesse nos meurtri meurtrissures [couverture 5/12]
Hebreux 13:8;VGR;62-1223;292;EXACT;jesus meme hier aujourdhui eternellement [couverture 5/6]
Esaie 53:6;SKN;64-1221;176;VALIDE;brebis sommes propre lui
Jean 10:0;SKN;64-1221;126;VALIDE;chap->v.38: fais alors meme croyez afin pere moi moi
Jean 14:12;SKN;64-1221;81;EXACT;verite dis celui croit moi fera lui fais [couverture 12/14]
Job 38:7;SKN;64-1221;92;EXACT;etoiles matin chantaient ensemble fils dieu joie [couverture 7/8]
Joel 2:28;SKN;64-1221;40;EXACT;cela esprit chair vos fils filles prophetiseront vieillards [couverture 10/14]
Luc 1:52;SKN;64-1221;104;PARTIEL;commencé, pas achevé — eleve
Matthieu 5:0;SKN;64-1221;103;VALIDE;chap->v.3: pauvres esprit eux royaume cieux
Matthieu 24:24;SKN;64-1221;255;VALIDE;possible meme elus
Zacharie 14:7;SKN;64-1221;164;EXACT;jour temps soir lumiere [couverture 5/10]
Esaie 53:6;VGR;64-1221;176;EXACT;brebis sommes propre chemin lui [couverture 5/12]
Jean 10:0;VGR;64-1221;126;VALIDE;chap->v.38: fais alors meme croyez uvres afin pere moi
Jean 14:12;VGR;64-1221;81;EXACT;verite dis celui croit moi fera lui uvres [couverture 12/14]
Job 38:7;VGR;64-1221;92;EXACT;etoiles matin fils dieu eclataient joie [couverture 6/8]
Joel 2:28;VGR;64-1221;40;EXACT;cela repandrai esprit chair vos fils filles prophetiseront [couverture 11/14]
Luc 1:52;VGR;64-1221;104;PARTIEL;commencé, pas achevé — eleve
Matthieu 5:0;VGR;64-1221;103;VALIDE;chap->v.3: pauvres esprit cest eux royaume cieux
Matthieu 24:24;VGR;64-1221;255;VALIDE;possible meme elus
Zacharie 14:7;VGR;64-1221;164;VALIDE;temps soir lumiere
Esaie 61:0;SKN;55-0410M;37;VALIDE;chap->v.1: moi parce oint apporter bonnes envoye ceux
Galates 1:8;SKN;55-0410M;87;VALIDE;ange venu soit anatheme
Jean 21:0;SKN;55-0410M;5;VALIDE;chap->v.3: simon pierre vais pecher lui allons toi sortirent
Esaie 61:0;SKN;65-0125;23;VALIDE;chap->v.1: seigneur moi parce panser ceux
Esaie 61:1;SKN;65-0125;24;EXACT;seigneur moi parce panser ceux ont [couverture 5/14]
Jean 16:21;SKN;65-0125;12;VALIDE;femme donne lui
Luc 17:30;SKN;65-0125;26;VALIDE;sera meme jour fils
Matthieu 3:0;SKN;65-0125;19;VALIDE;chap->v.11: moi moi moi suis
Esaie 61:0;VGR;55-0410M;37;VALIDE;chap->v.1: parce oint bonnes nouvelles envoye ceux
Galates 1:8;VGR;55-0410M;87;EXACT;ange venu avons quil soit anatheme [couverture 6/11]
Jean 21:0;VGR;55-0410M;5;VALIDE;chap->v.3: simon pierre vais pecher lui allons toi sortirent
Esaie 61:0;VGR;65-0125;39;VALIDE;chap->v.1: lesprit seigneur moi parce oint panser ceux
Luc 17:30;VGR;65-0125;43;EXACT;sera meme jour fils lhomme [couverture 6/7]
Matthieu 3:0;VGR;65-0125;32;VALIDE;chap->v.14: moi jai toi toi moi
Esaie 65:0;SKN;63-0803E;167;VALIDE;chap->v.6: voici cela ecrit devant
Esther 6:0;SKN;55-0807E;34;VALIDE;chap->v.3: roi quel quelle cela roi rien
Jean 5:0;SKN;55-0807E;49;VALIDE;chap->v.19: jesus verite verite dis fils rien lui meme
Jean 5:19;SKN;55-0807E;15;EXACT;jesus verite dis fils rien lui meme quil [couverture 7/14]
Luc 2:0;SKN;55-0807E;2;VALIDE;chap->v.25: voici avait jerusalem homme etait simeon homme etait
Romains 8:0;SKN;55-0807E;2;VALIDE;chap->v.5: ceux selon ont choses ceux selon choses lesprit
Esther 10:0;SKN;61-0429E;5;VALIDE;chap->v.3: apres grand freres
Genese 1:26;SKN;61-0429E;63;VALIDE;dieu homme selon mer oiseaux
Jean 5:19;SKN;61-0429E;69;EXACT;jesus dis fils rien lui meme quil voie [couverture 6/14]
exode 13:21;SKN;63-0801;130;CORRIGE;annoncé Exode 13:31
Jean 8:58;SKN;63-0801;130;EXACT;jesus verite dis avant quabraham fut suis [couverture 8/8]
Jean 14:12;SKN;63-0801;166;EXACT;celui croit moi fera lui fais [couverture 8/14]
Marc 11:24;SKN;63-0801;66;VALIDE;cest pourquoi croyez sera
Jean 14:0;SKN;47-1123;5;VALIDE;chap->v.10: crois moi suis pere pere moi paroles moi
Matthieu 12:0;SKN;62-0721;20;VALIDE;chap->v.40: jonas fut ventre trois jours trois nuits ainsi
Jean 5:24;SKN;62-0708;186;VALIDE;dis celui parole croit envoye vie eternelle passe
Malachie 4:0;SKN;62-0708;169;VALIDE;chap->v.6: peres peres peur pays
Galates 5:0;SKN;57-0417;59;VALIDE;chap->v.22: joie paix longanimite bienveillance bonte
Hebreux 1:0;SKN;63-1103;234;VALIDE;chap->v.5: jamais moi aujourdhui moi lui serai pere lui
Hebreux 3:0;SKN;63-1103;234;VALIDE;chap->v.10: cest jai jai toujours mes
Hebreux 4:0;SKN;63-1103;72;VALIDE;chap->v.12: parole dieu penetrante epee deux tranchants jusqua
Hebreux 13:8;SKN;63-1103;121;EXACT;jesus christ meme hier aujourdhui eternellement [couverture 6/6]
Hebreux 13:8;SKN;63-1103;168;EXACT;jesus christ meme hier aujourdhui eternellement [couverture 6/6]
Hebreux 13:8;SKN;63-1103;195;EXACT;jesus meme hier aujourdhui eternellement [couverture 5/6]
Jean 5:24;SKN;63-1103;297;EXACT;dis celui parole croit envoye vie eternelle jugement [couverture 8/14]
Jean 14:12;SKN;63-1103;188;EXACT;dis celui croit moi fera fais parce [couverture 8/14]
Jean 14:12;SKN;63-1103;196;EXACT;dis celui croit moi fera fais vais [couverture 8/14]
Marc 4:35;SKN;63-1103;42;PARTIEL;commencé, pas achevé — jour etant
Matthieu 8:23;SKN;63-1103;39;PARTIEL;commencé, pas achevé — disciples suivirent
Matthieu 28:20;SKN;63-1103;197;EXACT;choses voici moi suis jours jusqua [couverture 6/11]
matthieu 28:20;SKN;63-1103;187;CORRIGE;annoncé Matthieu 28:28
Psaumes 103:1-9;SKN;63-1103;192;VALIDE;ame moi cest
Genese 6:0;SKN;64-0823E;142;VALIDE;chap->v.9: ici noe noe etait homme juste etait temps
Hebreux 7:0;SKN;64-0823E;181;VALIDE;chap->v.2: abraham dime roi justice roi salem cest
Hebreux 11:0;SKN;64-0823E;120;VALIDE;chap->v.16: maintenant cest cest pourquoi dieu deux savoir dieu
Jean 14:0;SKN;64-0823E;51;VALIDE;chap->v.6: jesus lui moi vie moi
Jean 14:26;SKN;64-0823E;212;EXACT;saint pere nom lui choses [couverture 6/12]
Matthieu 10:41;SKN;64-0823E;219;EXACT;recoit prophete qualite recevra recompense juste [couverture 11/14]
Matthieu 12:0;SKN;64-0823E;148;VALIDE;chap->v.31: cest dis peche blaspheme sera pardonne hommes blaspheme
Matthieu 12:40;SKN;64-0823E;204;EXACT;jonas fut ventre trois jours nuits ainsi fils [couverture 13/14]
Matthieu 24:0;SKN;64-0823E;142;VALIDE;chap->v.2: lui voyez choses dis sera ici
Jean 5:19;SKN;61-0517;58;EXACT;jesus verite dis fils rien lui meme quil [couverture 10/14]
Galates 1:8;SKN;62-0118;172;VALIDE;memes ange venu ciel soit anatheme
Hebreux 13:8;SKN;62-0118;156;EXACT;jesus christ meme hier eternellement [couverture 5/6]
Jean 14:12;SKN;62-0118;120;EXACT;dis croit moi fera lui fais [couverture 8/14]
Galates 5:6;SKN;63-0901E;68;PARTIEL;commencé, pas achevé — foi
Jacques 5:15;SKN;63-0901E;75;VALIDE;priere foi seigneur peches lui
Jean 14:23;SKN;63-0901E;73;EXACT;jesus lui quelquun maime gardera parole [couverture 8/14]
Luc 16:0;SKN;63-0901E;43;VALIDE;chap->v.16: loi prophetes ont jusqua jean lors royaume dieu
Genese 22:0;SKN;57-0326;70;VALIDE;chap->v.7: isaac abraham pere pere voici fils voici feu
Hebreux 3:1;SKN;57-0326;120;VALIDE;cest confession jesus
Jean 4:0;SKN;57-0326;115;VALIDE;chap->v.9: femme samaritaine lui comment toi juif boire moi
Marc 11:24;SKN;57-0326;94;PARTIEL;commencé, pas achevé — cest dis
Marc 16:0;SKN;57-0326;93;VALIDE;chap->v.12: apres choses autre forme deux dentre eux etaient
Jean 5:19;SKN;56-0420;15;EXACT;jesus verite dis fils rien lui meme chose [couverture 7/14]
Exode 13:0;SKN;58-0112A;20;VALIDE;chap->v.21: allait devant eux jour colonne conduire colonne feu
Matthieu 10:10;SKN;58-0112A;39;PARTIEL;commencé, pas achevé — dun chemin
Exode 13:21;SKN;51-0718;49;EXACT;leternel allait devant eux jour colonne nuee conduire [couverture 13/14]
Exode 13:21;SKN;63-0714M;23;EXACT;leternel allait devant eux jour colonne nuee chemin [couverture 13/14]
Exode 14:0;SKN;63-0714M;24;VALIDE;chap->v.19: lange dieu allait devant camp disrael partit alla
Jean 14:12;SKN;63-0714M;287;EXACT;dis celui croit moi fera lui fais vais [couverture 9/14]
Marc 11:24;SKN;63-0714M;288;VALIDE;cest pourquoi dis sera
Exode 13:21;VGR;63-0714M;21;EXACT;leternel allait devant eux jour colonne nuee chemin [couverture 13/14]
Exode 14:0;VGR;63-0714M;21;VALIDE;chap->v.19: lange dieu allait devant camp disrael partit alla
Jean 14:12;VGR;63-0714M;199;EXACT;dis celui croit moi fera lui uvres fais [couverture 10/14]
Marc 11:24;VGR;63-0714M;199;VALIDE;cest pourquoi dis sera
Exode 19:0;SKN;56-0923;122;VALIDE;chap->v.7: moise eux lui
Jean 14:0;SKN;56-0923;66;VALIDE;chap->v.10: moi pere pere moi moi moi pere
Exode 19:0;SKN;56-0930;34;VALIDE;chap->v.3: moise monta dieu montagne disant ainsi fils
Jean 14:0;SKN;56-0930;25;VALIDE;chap->v.12: verite verite dis celui croit fera lui fais
Exode 19:0;SKN;60-1206;31;VALIDE;chap->v.7: peuple lui avait
Exode 19:0;SKN;61-0311;83;VALIDE;chap->v.11: quils jour jour peuple montagne
Jean 5:19;SKN;61-0311;66;VALIDE;jesus dis fils rien lui meme quil chose
Jean 5:19;SKN;61-0311;93;EXACT;jesus verite dis fils rien lui meme quil [couverture 7/14]
Exode 19:0;SKN;62-0711;79;VALIDE;chap->v.1: mois apres fils furent sortis pays meme jour
Galates 1:8;SKN;62-0711;56;VALIDE;ange ciel avons quil soit anatheme
Jean 5:19;SKN;62-0711;73;EXACT;jesus fils rien meme voie chose pere quelque [couverture 7/14]
Jean 14:12;SKN;62-0711;68;EXACT;dis celui croit moi fera lui fais parce [couverture 5/14]
Exode 19:0;SKN;64-0306;144;VALIDE;chap->v.7: moise eux lui avait
Hebreux 4:0;SKN;64-0306;189;VALIDE;chap->v.12: parole dieu epee deux tranchants
Matthieu 3:0;SKN;64-0306;43;VALIDE;chap->v.3: cest ici celui parle prophete celui seigneur
Matthieu 12:0;SKN;64-0306;1;VALIDE;chap->v.42: reine midi levera jugement generation condamnera vint terre
Exode 19:0;SKN;64-0418E;8;VALIDE;chap->v.1: apres sortis pays meme jour vinrent desert
Exode 19:0;VGR;60-1206;32;VALIDE;chap->v.13: main quelle soit homme
Exode 19:0;VGR;64-0306;144;VALIDE;chap->v.7: moise eux lui avait
Hebreux 4:0;VGR;64-0306;189;VALIDE;chap->v.12: parole dieu epee deux tranchants
Matthieu 3:0;VGR;64-0306;43;VALIDE;chap->v.3: cest ici celui parle prophete celui seigneur
Matthieu 12:0;VGR;64-0306;1;VALIDE;chap->v.42: reine midi levera jugement generation condamnera vint terre
Exode 23:20;SKN;51-0717;6;EXACT;voici jenvoie ange devant toi chemin lieu jai [couverture 9/11]
Hebreux 3:1;SKN;51-0717;18;VALIDE;cest souverain sacrificateur confession jesus
Jean 5:0;SKN;51-0717;36;VALIDE;chap->v.19: jesus verite verite dis fils rien lui meme
Jean 5:19;SKN;51-0717;36;EXACT;jesus verite dis fils rien lui meme quil [couverture 7/14]
Exode 23:20-22;VGR;53-0603;4;EXACT;voici jenvoie ange devant toi chemin lieu jai [couverture 9/11]
Jean 5:19;VGR;53-0603;85;EXACT;jesus verite dis fils rien lui meme quil [couverture 12/14]
Ezechiel 4:0;SKN;59-0125;90;VALIDE;chap->v.14: eternel jusqua maintenant
Jean 4:0;SKN;59-0125;90;VALIDE;chap->v.24: dieu esprit faut ceux ladorent ladorent esprit verite
Jean 4:0;VGR;59-0125;90;VALIDE;chap->v.23: maintenant adorateurs pere esprit verite pere cherche ladorent
Ezechiel 9:0;SKN;56-0213;76;VALIDE;chap->v.8: arriva moi reste dis seigneur eternel veux reste
Matthieu 8:0;SKN;56-0213;17;VALIDE;chap->v.9: moi suis homme place ayant moi dis autre
Ezechiel 33:33;SKN;61-0212M;3;VALIDE;chose voici arrive deux
Genese 22:0;SKN;61-0212M;30;VALIDE;chap->v.9: dieu lui avait abraham bois isaac fils
Jean 5:19;SKN;61-0212M;18;VALIDE;jesus verite dis fils rien lui meme chose
Jeremie 1:4;SKN;61-0212M;13;PARTIEL;commencé, pas achevé — moi disant
Galates 1:8;SKN;55-0501E;49;VALIDE;memes ange venu ciel avons quil soit anatheme
Luc 16:16;SKN;55-0501E;22;VALIDE;loi ont jusqua jean lors royaume dieu chacun
Galates 1:8;SKN;57-0901M;99;VALIDE;ange ciel soit anatheme
Jean 4:0;SKN;57-0901M;165;VALIDE;chap->v.10: lui don dieu donne lui
Galates 1:8;SKN;62-0129;12;EXACT;ange ciel quil soit anatheme [couverture 5/11]
Hebreux 13:8;SKN;62-0129;20;EXACT;jesus christ meme hier aujourdhui eternellement [couverture 6/6]
Jean 5:19;SKN;62-0129;40;EXACT;jesus verite dis fils rien lui quil pere [couverture 9/14]
Jean 15:0;SKN;62-0129;21;VALIDE;chap->v.2: sarment moi porte fruit sarment porte fruit quil
Marc 16:0;SKN;62-0129;9;VALIDE;chap->v.6: lui jesus nest ici voici mis
Galates 1:8;SKN;62-0204;118;EXACT;memes ange ciel quil soit anatheme [couverture 6/11]
Jean 15:0;SKN;62-0204;110;VALIDE;chap->v.4: demeurez moi moi lui quil demeure pouvez
Galates 1:8;SKN;62-0706;15;EXACT;ange ciel avons soit anatheme [couverture 5/11]
Hebreux 6:0;SKN;62-0706;36;VALIDE;chap->v.7: terre pluie souvent ceux dieu
Jean 14:12;SKN;62-0706;27;VALIDE;dis celui croit moi fera lui fais celles
Jean 17:17;SKN;62-0706;59;EXACT;sanctifie verite parole [couverture 4/4]
Psaumes 1:0;SKN;62-0706;54;VALIDE;chap->v.3: sera arbre plante pres fletrit
Galates 1:8;SKN;64-0216;55;VALIDE;ange venu ciel avons soit anatheme
Hebreux 4:0;SKN;64-0216;46;VALIDE;chap->v.12: parole dieu penetrante epee deux tranchants
Hebreux 13:8;SKN;64-0216;55;VALIDE;jesus christ meme hier eternellement
Jean 1:0;SKN;64-0216;46;VALIDE;chap->v.1: commencement etait parole parole etait dieu parole etait
Jean 3:16;SKN;64-0216;19;VALIDE;dieu monde afin lui
Jean 14:12;SKN;64-0216;55;VALIDE;verite dis celui croit moi fera lui fais
Galates 1:8;SKN;65-0120;186;EXACT;ange venu ciel quil soit anatheme [couverture 6/11]
Jean 10:0;SKN;65-0120;58;VALIDE;chap->v.18: personne moi moi meme jai jai jai
Luc 17:30;SKN;65-0120;131;PARTIEL;commencé, pas achevé — meme jour
Proverbes 2:0;SKN;65-0120;25;VALIDE;chap->v.1: fils recois mes mes commandements
Proverbes 3:0;SKN;65-0120;25;VALIDE;chap->v.3: bonte verite tabandonnent lie cou ecris tablette
Proverbes 3:1;SKN;65-0120;25;EXACT;fils noublie enseignement garde mes commandements [couverture 6/7]
Galates 1:8;VGR;57-0901M;99;VALIDE;ange venu ciel quil soit anatheme
Jean 4:0;VGR;57-0901M;165;VALIDE;chap->v.10: don dieu celui donne
Galates 1:8;VGR;62-0204;118;EXACT;ange ciel quil soit anatheme [couverture 5/11]
Jean 15:0;VGR;62-0204;110;VALIDE;chap->v.4: demeurez moi moi lui quil demeure pouvez
Galates 1:8;VGR;65-0120;176;VALIDE;ange venu ciel quil soit anatheme
Jean 10:0;VGR;65-0120;54;VALIDE;chap->v.41: lui disaient jean aucun miracle choses jean celui
Luc 17:30;VGR;65-0120;126;PARTIEL;commencé, pas achevé — meme jour
Proverbes 2:0;VGR;65-0120;28;VALIDE;chap->v.1: fils recois mes mes commandements
Proverbes 3:0;VGR;65-0120;29;VALIDE;chap->v.1: fils noublie enseignement cur garde mes commandements
Proverbes 3:1;VGR;65-0120;29;EXACT;fils noublie enseignement cur garde mes commandements [couverture 7/7]
Galates 3:0;SKN;61-0213;25;VALIDE;chap->v.11: loi personne soit dieu cela parce juste foi
Hebreux 11:0;SKN;61-0213;47;VALIDE;chap->v.5: foi fut quil mort fut parce dieu lavait
Jean 5:24;SKN;61-0213;22;VALIDE;verite dis celui entend parole croit envoye vie
Marc 11:22;SKN;61-0213;21;VALIDE;jesus foi dieu
Galates 3:16;SKN;57-0915M;541;EXACT;abraham promesses ont faites plusieurs seul christ [couverture 7/14]
Jean 5:24;SKN;57-0915M;557;EXACT;celui parole croit envoye vie eternelle jugement passe [couverture 9/14]
Galates 3:16;VGR;57-0915M;541;EXACT;cest abraham promesses ont faites plusieurs dun seul [couverture 9/14]
Jean 5:24;VGR;57-0915M;557;EXACT;celui entend parole croit envoye vie eternelle jugement [couverture 10/14]
Galates 5:0;SKN;60-0805;10;VALIDE;chap->v.22: fruit lesprit lamour joie paix longanimite bonte
Jean 4:0;SKN;60-0805;86;VALIDE;chap->v.25: femme lui sais messie appele christ celui sera
Galates 5:0;VGR;57-0417;59;VALIDE;chap->v.22: lamour joie paix longanimite bienveillance bonte
Galates 5:22;SKN;57-0325;12;VALIDE;fruit lesprit lamour joie paix bonte
Jean 5:19;SKN;57-0325;86;EXACT;jesus dis rien lui meme quil chose pere [couverture 6/14]
Jean 5:24;SKN;57-0325;24;EXACT;dis celui entend parole croit envoye vie eternelle [couverture 11/14]
Genese 1:0;SKN;53-0509;17;VALIDE;chap->v.31: dieu quil avait cela etait eut eut jour
Genese 2:0;SKN;53-0509;17;VALIDE;chap->v.23: lhomme celle chair chair celle femme parce
Genese 1:0;SKN;55-0116A;35;VALIDE;chap->v.26: dieu faisons homme image selon poissons mer betail
Jean 14:0;SKN;55-0116A;39;VALIDE;chap->v.10: crois moi suis pere pere moi moi dis
Genese 1:0;SKN;61-0216;18;VALIDE;chap->v.25: dieu betes terre selon espece selon espece reptile
Genese 3:1;SKN;61-0216;18;VALIDE;serpent etait ruse animal champs dieu avait
Genese 4:15;SKN;61-0216;18;VALIDE;lui cest pourquoi cain sera
Hebreux 11:0;SKN;61-0216;32;VALIDE;chap->v.4: foi abel offrit dieu excellent sacrifice cain sacrifice
Matthieu 16:0;SKN;61-0216;31;VALIDE;chap->v.17: jesus lui simon chair sang tont revele cela
Matthieu 24:0;SKN;61-0216;50;VALIDE;chap->v.3: etait vinrent lui dis choses auront lieu quel
Genese 1:0;SKN;61-0416;44;VALIDE;chap->v.31: dieu vit quil avait voici cela etait
Genese 12:0;SKN;61-0416;24;VALIDE;chap->v.4: abram sen leternel lui avait sen lui abram
Genese 12:0;SKN;61-0416;30;VALIDE;chap->v.4: abram sen lui avait sen lui abram etait
Genese 12:0;SKN;61-0416;43;VALIDE;chap->v.4: lui avait lot lui etait ans
Genese 14:22;SKN;61-0416;18;VALIDE;jai leve main leternel dieu
Genese 15:0;SKN;61-0416;43;VALIDE;chap->v.9: lui genisse trois ans chevre trois ans trois
Genese 15:0;SKN;61-0416;50;VALIDE;chap->v.17: soleil couche eut voici fournaise fumante passa
Genese 18:0;SKN;61-0416;82;VALIDE;chap->v.19: connais sais quil fils apres lui voie juste
Genese 22:14;SKN;61-0416;18;VALIDE;abraham nom lieu jehovah aujourdhui montagne leternel sera
Genese 22:14;SKN;61-0416;22;VALIDE;abraham appela nom jehovah leternel sera
Malachie 3:0;SKN;61-0416;60;VALIDE;chap->v.1: jenvoie messager devant moi seigneur viendra lange lalliance
Malachie 4:0;SKN;61-0416;60;VALIDE;chap->v.6: fera peres fils fils peres frappe
Romains 4:0;SKN;61-0416;27;VALIDE;chap->v.12: quil pere seulement ceux ceux foi qua pere
Romains 5:1;SKN;61-0416;34;VALIDE;justifies foi avons paix dieu seigneur jesus christ
Romains 9:0;SKN;61-0416;27;VALIDE;chap->v.13: ainsi quil ecrit jai aime jacob jai hai
Genese 1:0;SKN;63-1130B;105;VALIDE;chap->v.2: terre etait vide avait dieu eaux
Hebreux 13:8;SKN;63-1130B;57;VALIDE;christ meme hier eternellement
Jean 1:0;SKN;63-1130B;120;VALIDE;chap->v.1: commencement etait parole parole etait dieu parole etait
Genese 1:0;SKN;64-0206E;19;VALIDE;chap->v.25: dieu selon espece selon espece selon espece dieu
Hebreux 13:8;SKN;64-0206E;88;EXACT;jesus christ meme hier aujourdhui eternellement [couverture 6/6]
Jean 14:12;SKN;64-0206E;90;EXACT;verite celui croit moi fera fais grandes men [couverture 10/14]
Malachie 4:0;SKN;64-0206E;89;VALIDE;chap->v.6: fera peres fils fils peres
Genese 1:0;VGR;63-1130B;105;VALIDE;chap->v.2: terre etait vide labime lesprit dieu
Hebreux 13:8;VGR;63-1130B;57;EXACT;christ meme hier aujourdhui eternellement [couverture 5/6]
Jean 1:0;VGR;63-1130B;120;VALIDE;chap->v.1: commencement etait parole parole etait dieu parole etait
Genese 1:0;VGR;64-0206E;19;VALIDE;chap->v.25: dieu selon espece selon espece selon espece dieu
Hebreux 13:8;VGR;64-0206E;88;EXACT;jesus christ meme hier aujourdhui eternellement [couverture 6/6]
Jean 14:12;VGR;64-0206E;90;EXACT;verite celui croit moi fera uvres fais grandes [couverture 11/14]
Malachie 4:0;VGR;64-0206E;89;VALIDE;chap->v.6: fera peres fils fils peres
Genese 1:1;SKN;63-0623M;60;VALIDE;dieu cieux terre
Nombres 16:0;SKN;63-0623M;33;VALIDE;chap->v.3: contre moise contre aaron dirent cen assez lassemblee
Nombres 16:3;SKN;63-0623M;35;EXACT;contre moise aaron dirent cen assez lassemblee saints [couverture 12/14]
Genese 1:1;VGR;63-0623M;60;VALIDE;dieu cieux terre
Nombres 16:0;VGR;63-0623M;33;VALIDE;chap->v.3: contre moise contre aaron dirent cen assez lassemblee
Nombres 16:3;VGR;63-0623M;35;EXACT;contre moise aaron dirent cen assez lassemblee saints [couverture 12/14]
Genese 1:3;SKN;64-0121;4;VALIDE;dieu lumiere soit fut
Jean 14:0;SKN;64-0121;200;VALIDE;chap->v.10: moi suis pere pere moi moi dis dis
Jean 14:12;SKN;64-0121;37;EXACT;verite dis celui croit moi fera lui fais [couverture 13/14]
Genese 1:21;SKN;62-0527;58;VALIDE;dieu crea grands vivant
Genese 1:26;SKN;62-0527;51;EXACT;dieu faisons homme image selon ressemblance quils dominent [couverture 7/14]
Genese 1:26;SKN;62-0527;54;EXACT;dieu homme image quils dominent poissons mer oiseaux [couverture 10/14]
Genese 1:26;SKN;62-0527;56;EXACT;dieu homme image quils poissons mer [couverture 6/14]
Genese 2:7;SKN;62-0527;53;VALIDE;leternel dieu forma lhomme poussiere souffla narines vie
Malachie 3:0;SKN;62-0527;167;VALIDE;chap->v.1: voici jenvoie messager preparera chemin devant moi seigneur
Malachie 3:0;SKN;62-0527;168;VALIDE;chap->v.1: voici jenvoie messager preparera chemin devant moi seigneur
Malachie 3:0;SKN;62-0527;171;VALIDE;chap->v.1: voici jenvoie messager preparera chemin devant moi seigneur
Malachie 4:0;SKN;62-0527;171;VALIDE;chap->v.2: craignez nom levera soleil justice guerison sera ailes
Malachie 4:0;SKN;62-0527;172;VALIDE;chap->v.2: craignez nom levera soleil justice guerison sera ailes
Matthieu 11:0;SKN;62-0527;168;VALIDE;chap->v.7: sen allaient jesus mit jean quetes alles voir
Genese 1:26;SKN;61-0205E;19;VALIDE;dieu homme selon quils terre
Hebreux 13:8;SKN;61-0205E;22;VALIDE;jesus meme hier aujourdhui eternellement
Hebreux 13:8;SKN;61-0205E;28;VALIDE;jesus christ meme hier aujourdhui eternellement
Jean 4:0;SKN;61-0205E;61;VALIDE;chap->v.9: femme samaritaine lui comment toi juif boire moi
Jean 4:0;SKN;61-0205E;84;VALIDE;chap->v.25: femme lui sais messie christ vient sera venu
Jean 4:0;SKN;61-0205E;88;VALIDE;chap->v.25: femme lui sais messie appele vient sera fera
Jean 5:19;SKN;61-0205E;57;EXACT;jesus verite dis fils rien lui meme quil [couverture 8/14]
Jean 12:20;SKN;61-0205E;22;VALIDE;avait quelques grecs ceux etaient montes adorer pendant
Jean 19:0;SKN;61-0205E;56;VALIDE;chap->v.11: jesus aucun contre moi sil haut cest pourquoi
Luc 16:0;SKN;61-0205E;67;VALIDE;chap->v.1: avait homme riche avait celui devant lui
Genese 1:26;VGR;62-0527;51;EXACT;dieu faisons homme image selon ressemblance quils dominent [couverture 5/14]
Genese 1:26;VGR;62-0527;54;EXACT;dieu homme image quils poissons mer oiseaux cieux [couverture 9/14]
Genese 1:26;VGR;62-0527;56;EXACT;dieu homme image quils mer [couverture 5/14]
Genese 2:7;VGR;62-0527;53;VALIDE;leternel dieu forma lhomme poussiere sol souffla narines
Malachie 3:0;VGR;62-0527;167;VALIDE;chap->v.1: voici jenvoie messager preparera chemin devant moi seigneur
Malachie 3:0;VGR;62-0527;168;VALIDE;chap->v.1: voici jenvoie messager preparera chemin devant moi seigneur
Malachie 3:0;VGR;62-0527;171;VALIDE;chap->v.1: voici jenvoie messager preparera chemin devant moi seigneur
Malachie 4:0;VGR;62-0527;171;VALIDE;chap->v.2: craignez nom levera soleil justice guerison sera ailes
Malachie 4:0;VGR;62-0527;172;VALIDE;chap->v.2: craignez nom levera soleil justice guerison sera ailes
Matthieu 11:0;VGR;62-0527;168;VALIDE;chap->v.7: sen allaient jesus mit jean quetes alles voir
Genese 2:0;SKN;57-0828;279;VALIDE;chap->v.4: ici terre jour dieu fit terre
Genese 2:0;VGR;57-0828;279;VALIDE;chap->v.23: lhomme celle chair chair celle sera appelee femme
Genese 3:0;SKN;59-0416;39;VALIDE;chap->v.20: femme nom deve quelle etait mere
Genese 6:0;SKN;50-0822;22;VALIDE;chap->v.9: ici etait homme juste etait parfait
Genese 22:0;SKN;50-0822;22;VALIDE;chap->v.3: abraham bon lui deux isaac fils
Hebreux 3:1;SKN;50-0822;25;VALIDE;freres saints souverain sacrificateur confession jesus
Genese 6:0;SKN;63-0731;159;VALIDE;chap->v.4: terre jours apres fils hommes quelles
Marc 16:0;SKN;63-0731;60;VALIDE;chap->v.17: accompagneront ceux auront cru nom chasseront demons parleront
Genese 6:0;SKN;63-1113;9;VALIDE;chap->v.9: noe noe etait homme juste etait ceux temps
Hebreux 4:0;SKN;63-1113;69;VALIDE;chap->v.12: parole dieu penetrante epee deux tranchants
Hebreux 13:8;SKN;63-1113;111;VALIDE;jesus christ meme hier eternellement
Jean 1:0;SKN;63-1113;70;VALIDE;chap->v.1: commencement etait parole parole etait dieu parole etait
Jean 4:0;SKN;63-1113;247;VALIDE;chap->v.25: femme lui sais messie christ vient celui sera
Jean 14:12;SKN;63-1113;111;EXACT;celui croit moi fera lui fais [couverture 7/14]
Genese 6:0;SKN;64-0304;55;VALIDE;chap->v.2: fils dieu virent filles hommes etaient belles prirent
Hebreux 1:0;SKN;64-0304;28;VALIDE;chap->v.1: dieu plusieurs reprises plusieurs manieres parle peres prophetes
Hebreux 3:0;SKN;64-0304;135;VALIDE;chap->v.1: cest souverain sacrificateur jesus
Hebreux 13:8;SKN;64-0304;18;EXACT;jesus christ meme hier aujourdhui eternellement [couverture 6/6]
Jean 5:19;SKN;64-0304;108;EXACT;jesus verite dis fils rien lui quil pere [couverture 9/14]
Jean 5:39;SKN;64-0304;115;EXACT;sondez ecritures vie eternelle moi [couverture 5/8]
Genese 6:0;VGR;64-0304;55;VALIDE;chap->v.2: fils dieu virent filles hommes etaient belles femmes
Hebreux 1:0;VGR;64-0304;28;VALIDE;chap->v.1: dieu plusieurs reprises plusieurs manieres parle peres prophetes
Hebreux 3:0;VGR;64-0304;135;VALIDE;chap->v.1: cest souverain sacrificateur jesus
Hebreux 13:8;VGR;64-0304;18;EXACT;jesus christ meme hier aujourdhui [couverture 5/6]
Jean 5:19;VGR;64-0304;108;EXACT;jesus verite dis fils rien lui quil pere [couverture 9/14]
Jean 5:39;VGR;64-0304;115;EXACT;sondez ecritures vie eternelle moi [couverture 5/8]
Genese 6:0;VGR;64-0823E;142;VALIDE;chap->v.9: ici noe noe etait homme etait temps noe
Hebreux 7:0;VGR;64-0823E;181;VALIDE;chap->v.2: abraham dime roi justice roi salem cest
Hebreux 11:0;VGR;64-0823E;120;VALIDE;chap->v.12: cest pourquoi dun seul dun deja nes
Jean 14:0;VGR;64-0823E;51;VALIDE;chap->v.10: moi moi moi dis dis moi meme
Jean 14:26;VGR;64-0823E;212;EXACT;saint pere lui choses dites [couverture 5/12]
Matthieu 10:41;VGR;64-0823E;219;EXACT;recoit prophete qualite recevra recompense juste [couverture 9/14]
Matthieu 12:0;VGR;64-0823E;148;VALIDE;chap->v.31: cest dis peche blaspheme sera pardonne hommes blaspheme
Matthieu 12:40;VGR;64-0823E;204;EXACT;jonas fut ventre trois jours nuits fils lhomme [couverture 12/14]
Matthieu 24:0;VGR;64-0823E;142;VALIDE;chap->v.30: alors signe fils lhomme alors terre fils lhomme
Tite 1:0;VGR;64-0823E;80;VALIDE;chap->v.9: parole doctrine quil soit tant
Genese 12:0;SKN;55-1116;9;VALIDE;chap->v.3: benirai ceux beniront maudirai ceux maudiront toi seront
Genese 12:0;SKN;55-1116;10;VALIDE;chap->v.3: benirai ceux beniront maudirai ceux maudiront toi seront
Genese 12:0;SKN;58-0127;21;VALIDE;chap->v.6: travers pays lieu etait alors pays
Genese 22:0;SKN;58-0127;42;VALIDE;chap->v.7: isaac abraham pere pere voici fils voici feu
Romains 8:0;SKN;58-0127;22;VALIDE;chap->v.17: sommes enfants sommes heritiers heritiers dieu christ lui
Genese 12:0;SKN;61-0226;25;VALIDE;chap->v.4: sen alla lui avait sen alla lui etait
Genese 12:15;SKN;61-0226;21;PARTIEL;commencé, pas achevé — fut maison
Genese 15:0;SKN;61-0226;42;VALIDE;chap->v.5: fit regarde compte lui sera semence
Genese 17:0;SKN;61-0226;53;VALIDE;chap->v.5: nom appele nom abraham tai etabli pere dune
Genese 22:0;SKN;61-0226;18;VALIDE;chap->v.14: abraham nom lieu jehovah montagne leternel sera pourvu
Genese 22:0;SKN;61-0226;81;VALIDE;chap->v.9: arriverent dieu lui avait abraham lautel bois lia
Genese 22:14;SKN;61-0226;20;VALIDE;abraham nom lieu jehovah jire montagne leternel sera
Genese 22:14;SKN;61-0226;25;PARTIEL;commencé, pas achevé — abraham
Genese 13:0;SKN;56-0427;51;VALIDE;chap->v.16: ferai sera poussiere terre poussiere terre sera
Genese 17:0;SKN;56-0427;56;VALIDE;chap->v.1: etait age ans leternel lui suis dieu face
Jean 5:24;SKN;56-0427;65;VALIDE;verite dis celui entend parole croit envoye vie
Genese 14:0;SKN;60-0301;141;VALIDE;chap->v.20: beni soit dieu tes tes mains lui
Hebreux 10:0;SKN;60-0301;139;VALIDE;chap->v.26: pechons volontairement apres recu connaissance verite reste sacrifice
Hebreux 10:0;SKN;60-0301;140;VALIDE;chap->v.26: pechons volontairement apres recu connaissance verite reste sacrifice
Genese 14:18;VGR;62-0506;36;VALIDE;roi salem fit apporter pain vin etait sacrificateur
Genese 15:0;VGR;64-0404;206;VALIDE;chap->v.4: parole lui celui celui lui
Jean 14:12;VGR;64-0404;212;VALIDE;lui uvres fais
Luc 17:0;VGR;64-0404;212;VALIDE;chap->v.30: sera meme jour fils lhomme sera manifeste
Malachie 3:0;VGR;64-0404;142;VALIDE;chap->v.5: contre contre contre contre
Malachie 4:0;VGR;64-0404;210;VALIDE;chap->v.6: cur fils cur fils
Malachie 4:0;VGR;64-0404;212;VALIDE;chap->v.6: cur fils cur fils
Romains 4:0;VGR;64-0404;190;VALIDE;chap->v.3: abraham dieu cela lui
Genese 15:16;SKN;64-0321E;93;VALIDE;liniquite amoreens nest comble
Hebreux 1:1;SKN;64-0321E;121;PARTIEL;commencé, pas achevé — parle prophetes
Hebreux 4:0;SKN;64-0321E;243;VALIDE;chap->v.14: souverain sacrificateur jesus dieu confession
Jean 4:0;SKN;64-0321E;262;VALIDE;chap->v.15: femme seigneur moi vienne ici
Jean 14:12;SKN;64-0321E;262;EXACT;verite moi fais [couverture 5/14]
Luc 17:0;SKN;64-0321E;207;VALIDE;chap->v.15: eux etait gueri dieu voix
Malachie 3:0;SKN;64-0321E;148;VALIDE;chap->v.1: voici messager chemin devant
Malachie 4:0;SKN;64-0321E;214;VALIDE;chap->v.6: fera peres peres
Nombres 12:6;SKN;64-0321E;101;VALIDE;ecoutez sil prophete
Nombres 12:6;SKN;64-0321E;120;EXACT;ecoutez prophete moi ferai lui [couverture 6/14]
Genese 15:16;VGR;64-0321E;93;VALIDE;liniquite amoreens nest comble
Hebreux 1:1;VGR;64-0321E;121;PARTIEL;commencé, pas achevé — parle prophetes
Hebreux 4:0;VGR;64-0321E;243;VALIDE;chap->v.7: certain apres aujourdhui aujourdhui voix
Jean 4:0;VGR;64-0321E;262;VALIDE;chap->v.25: femme sais messie venu choses
Jean 14:12;VGR;64-0321E;262;EXACT;verite croit uvres fais [couverture 5/14]
Luc 17:0;VGR;64-0321E;207;VALIDE;chap->v.15: quil gueri dieu voix
Malachie 3:0;VGR;64-0321E;148;VALIDE;chap->v.1: voici messager chemin devant
Malachie 4:0;VGR;64-0321E;207;VALIDE;chap->v.6: cur peres cur peres
Malachie 4:0;VGR;64-0321E;214;VALIDE;chap->v.6: fera cur peres cur peres
Malachie 4:0;VGR;64-0321E;216;VALIDE;chap->v.6: cur peres cur peres
Nombres 12:6;VGR;64-0321E;101;VALIDE;ecoutez sil prophete
Nombres 12:6;VGR;64-0321E;120;VALIDE;ecoutez prophete moi ferai
Genese 22:0;SKN;52-0224;10;VALIDE;chap->v.12: main lui fais maintenant sais fils
Genese 22:0;SKN;52-0224;56;VALIDE;chap->v.6: abraham prit bois lholocauste fils prit main feu
Marc 16:0;SKN;52-0224;175;VALIDE;chap->v.18: quelque chose cela imposeront mains
Marc 16:0;SKN;52-0224;177;VALIDE;chap->v.18: quelque chose cela imposeront mains
Marc 16:0;SKN;52-0224;178;VALIDE;chap->v.6: jesus nest ici voici
Psaumes 103:3;SKN;52-0224;138;EXACT;cest lui tes guerit [couverture 5/8]
Romains 4:0;SKN;52-0224;57;VALIDE;chap->v.12: pere seulement foi qua pere
Genese 22:0;SKN;53-0606;12;VALIDE;chap->v.12: main lui fais rien maintenant dieu fils unique
Hebreux 13:8;SKN;53-0606;29;VALIDE;jesus christ meme aujourdhui eternellement
Jean 5:0;SKN;53-0606;28;VALIDE;chap->v.19: jesus verite verite dis fils rien lui meme
Jean 5:19;SKN;53-0606;28;EXACT;jesus verite dis fils rien lui meme quil [couverture 5/14]
Jean 19:0;SKN;53-0606;28;VALIDE;chap->v.7: juifs lui avons loi selon loi sest fils
Matthieu 2:0;SKN;53-0606;3;VALIDE;chap->v.15: fut jusqua mort fut seigneur avait prophete disant
Matthieu 8:0;SKN;53-0606;31;VALIDE;chap->v.4: jesus lui montre toi don ordonne quil
Matthieu 27:0;SKN;53-0606;10;VALIDE;chap->v.57: venu homme nom etait joseph lui meme etait
Genese 22:0;SKN;55-0120;17;VALIDE;chap->v.7: isaac parla abraham pere pere voici fils voici
Genese 22:0;SKN;55-0120;19;VALIDE;chap->v.7: isaac parla abraham pere pere voici fils voici
Jean 5:19;SKN;55-0120;68;EXACT;jesus dis fils rien lui meme voie chose [couverture 6/14]
Psaumes 46:0;SKN;55-0120;17;VALIDE;chap->v.10: suis dieu serai parmi serai terre
Psaumes 46:0;SKN;55-0120;18;VALIDE;chap->v.10: suis dieu serai serai terre
Psaumes 64:0;SKN;55-0120;17;VALIDE;chap->v.10: juste lui ceux
Psaumes 103:3;SKN;55-0120;68;VALIDE;lui tes guerit
Genese 22:0;SKN;55-0222;16;VALIDE;chap->v.7: isaac parla abraham pere pere voici fils voici
Hebreux 13:8;SKN;55-0222;19;VALIDE;jesus christ meme hier aujourdhui eternellement
Jean 5:19;SKN;55-0222;20;EXACT;jesus verite dis fils rien lui meme quil [couverture 6/14]
Genese 22:0;SKN;55-0410S;91;VALIDE;chap->v.9: dieu lui avait abraham lautel bois isaac fils
Genese 22:0;SKN;55-0624;5;VALIDE;chap->v.7: isaac parla abraham pere pere voici fils voici
Jean 5:0;SKN;55-0624;15;VALIDE;chap->v.19: jesus verite verite dis fils rien lui meme
Genese 22:0;SKN;55-1117;19;VALIDE;chap->v.7: isaac parla abraham pere pere voici fils voici
Jean 5:19;SKN;55-1117;61;EXACT;jesus verite dis fils rien lui meme quil [couverture 6/14]
Genese 22:0;SKN;56-0614;39;VALIDE;chap->v.6: abraham prit bois lholocauste isaac fils prit main
Jean 5:24;SKN;56-0614;44;VALIDE;dis celui parole croit envoye vie eternelle vient
Marc 11:0;SKN;56-0614;6;VALIDE;chap->v.24: cest pourquoi dis demanderez priant croyez sera
Marc 11:24;SKN;56-0614;6;VALIDE;cest pourquoi dis demanderez priant croyez sera
Marc 16:0;SKN;56-0614;6;VALIDE;chap->v.6: lui cherchez jesus crucifie nest ici voici mis
Genese 22:0;SKN;59-1108;7;VALIDE;chap->v.17: benirai multiplierai semence etoiles cieux sable bord mer
Jean 5:19;SKN;59-1108;78;EXACT;jesus dis fils rien lui quil pere quelque [couverture 8/14]
Genese 22:0;SKN;59-1121;9;VALIDE;chap->v.17: certainement benirai multiplierai semence etoiles cieux sable bord
Genese 22:15;SKN;59-1121;9;VALIDE;lange leternel cieux abraham seconde fois
Genese 24:56;SKN;59-1121;9;VALIDE;retardez leternel voyage moi seigneur
Genese 22:0;SKN;59-1123;146;VALIDE;chap->v.13: abraham leva yeux vit voici avait lui belier
Marc 11:23;SKN;59-1123;65;PARTIEL;commencé, pas achevé — dis
Marc 11:23;SKN;59-1123;93;PARTIEL;commencé, pas achevé — dis toi
Genese 22:0;SKN;62-0612;42;VALIDE;chap->v.12: main lui maintenant sais dieu
Jean 5:19;SKN;62-0612;3;VALIDE;jesus verite dis fils rien lui quil pere
Genese 22:0;SKN;63-0115;54;VALIDE;chap->v.7: isaac parla abraham pere pere voici fils voici
Hebreux 13:8;SKN;63-0115;247;EXACT;jesus meme hier aujourdhui eternellement [couverture 5/6]
Jean 12:32;SKN;63-0115;54;VALIDE;moi eleve terre jattirerai hommes
Jean 12:32;SKN;63-0115;55;EXACT;moi eleve terre jattirerai hommes [couverture 6/8]
Jean 14:12;SKN;63-0115;252;EXACT;dis celui croit moi fera lui fais parce [couverture 9/14]
Malachie 4:0;SKN;63-0115;251;VALIDE;chap->v.1: voici jour ceux jour
Genese 22:0;SKN;64-0207;1;VALIDE;chap->v.17: benirai multiplierai etoiles cieux sable bord mer possedera
Hebreux 11:0;SKN;64-0207;60;VALIDE;chap->v.5: foi fut quil mort fut trouve dieu
Hebreux 13:8;SKN;64-0207;68;EXACT;jesus meme hier aujourdhui eternellement [couverture 5/6]
Jean 4:0;SKN;64-0207;131;VALIDE;chap->v.14: lui moi jamais lui sera lui
Jean 5:0;SKN;64-0207;138;VALIDE;chap->v.19: jesus verite verite dis fils rien lui quil
Genese 22:0;VGR;52-0224;10;VALIDE;chap->v.12: main lui fais maintenant sais
Genese 22:0;VGR;52-0224;56;VALIDE;chap->v.6: abraham prit bois lholocauste isaac fils prit main
Marc 16:0;VGR;52-0224;175;VALIDE;chap->v.18: quelque chose imposeront mains
Marc 16:0;VGR;52-0224;177;VALIDE;chap->v.18: quelque chose cela imposeront mains
Marc 16:0;VGR;52-0224;178;VALIDE;chap->v.6: jesus ici voici mis
Psaumes 103:3;VGR;52-0224;137;VALIDE;cest tes guerit
Romains 4:0;VGR;52-0224;57;VALIDE;chap->v.12: quil pere seulement foi qua pere
Genese 22:0;VGR;59-1108;7;VALIDE;chap->v.17: benirai multiplierai semence etoiles cieux sable bord mer
Jean 5:19;VGR;59-1108;78;EXACT;jesus dis fils rien lui quil pere quelque [couverture 8/14]
Genese 22:0;VGR;63-0115;54;VALIDE;chap->v.7: isaac parla abraham pere pere voici fils voici
Hebreux 13:8;VGR;63-0115;247;EXACT;jesus meme hier aujourdhui eternellement [couverture 5/6]
Jean 12:32;VGR;63-0115;54;EXACT;moi eleve terre jattirerai hommes meme [couverture 7/8]
Jean 12:32;VGR;63-0115;55;EXACT;moi eleve terre jattirerai hommes meme [couverture 7/8]
Jean 14:12;VGR;63-0115;252;EXACT;dis celui croit moi fera uvres fais parce [couverture 9/14]
Malachie 4:0;VGR;63-0115;251;VALIDE;chap->v.1: voici jour ceux jour
Genese 22:0;VGR;64-0207;1;VALIDE;chap->v.17: benirai multiplierai etoiles cieux sable bord mer possedera
Hebreux 11:0;VGR;64-0207;60;VALIDE;chap->v.9: foi terre promesse terre isaac meme promesse
Hebreux 13:8;VGR;64-0207;68;EXACT;jesus meme hier aujourdhui eternellement [couverture 5/6]
Jean 4:0;VGR;64-0207;131;VALIDE;chap->v.14: lui moi jamais lui sera lui
Jean 5:0;VGR;64-0207;138;VALIDE;chap->v.19: jesus verite verite dis fils rien lui quil
Genese 22:7;SKN;55-0608;10;VALIDE;isaac parla abraham pere voici fils feu bois
Hebreux 13:8;SKN;55-0608;72;VALIDE;jesus meme hier aujourdhui eternellement
Romains 4:0;SKN;55-0608;49;VALIDE;chap->v.19: corps age quil etait denviron ans
Genese 22:14;SKN;55-0817;5;VALIDE;nom jehovah jire sera pourvu
Genese 22:14;SKN;56-0428;17;VALIDE;abraham nom lieu jehovah aujourdhui montagne leternel sera
Hebreux 13:8;SKN;56-0428;58;VALIDE;jesus christ meme hier aujourdhui eternellement
Jean 5:19;SKN;56-0428;70;EXACT;jesus verite dis fils rien lui meme quil [couverture 8/14]
Jean 5:24;SKN;56-0428;68;VALIDE;verite dis celui parole croit envoye vie eternelle
Jean 19:0;SKN;56-0428;70;VALIDE;chap->v.20: juifs parce jesus fut etait pres etait ecrit
Genese 22:14;SKN;56-0429;17;VALIDE;abraham nom lieu jehovah aujourdhui montagne leternel sera
Hebreux 13:8;SKN;56-0429;58;VALIDE;jesus christ meme hier aujourdhui eternellement
Jean 5:19;SKN;56-0429;70;EXACT;jesus verite dis fils rien lui meme quil [couverture 8/14]
Jean 5:24;SKN;56-0429;68;VALIDE;verite dis celui parole croit envoye vie eternelle
Jean 19:0;SKN;56-0429;70;VALIDE;chap->v.20: juifs parce jesus fut etait pres etait ecrit
Genese 22:16;SKN;61-0430;88;PARTIEL;commencé, pas achevé — meme parce
Genese 22:16;SKN;63-1129;60;VALIDE;jai jure moi meme leternel parce chose nas
Hebreux 4:0;SKN;63-1129;60;VALIDE;chap->v.7: fois certain jour disant david longtemps apres aujourdhui
Hebreux 13:8;SKN;63-1129;60;VALIDE;jesus christ meme hier aujourdhui eternellement
Malachie 3:0;SKN;63-1129;43;VALIDE;chap->v.1: voici jenvoie messager preparera chemin devant moi seigneur
Malachie 3:0;SKN;63-1129;60;VALIDE;chap->v.16: alors ceux leternel ont parle lun lautre leternel
Malachie 3:1;SKN;63-1129;43;EXACT;voici jenvoie messager preparera chemin devant moi seigneur [couverture 8/14]
Malachie 4:0;SKN;63-1129;60;VALIDE;chap->v.6: fera retourner peres fils fils peres vienne frappe
Genese 22:16;VGR;63-1129;118;VALIDE;moi meme parce chose fils
Hebreux 13:8;VGR;63-1129;115;EXACT;jesus christ meme hier aujourdhui eternellement [couverture 6/6]
Hebreux 13:8;VGR;63-1129;127;VALIDE;jesus meme hier aujourdhui
Hebreux 13:8;VGR;63-1129;171;EXACT;jesus christ meme hier aujourdhui eternellement [couverture 6/6]
Malachie 3:0;VGR;63-1129;43;VALIDE;chap->v.1: voici jenvoie messager preparera chemin devant moi seigneur
Malachie 3:0;VGR;63-1129;164;VALIDE;chap->v.14: dites dieu quel quil
Malachie 3:1;VGR;63-1129;43;EXACT;voici jenvoie messager preparera chemin devant moi seigneur [couverture 8/14]
Malachie 4:0;VGR;63-1129;163;VALIDE;chap->v.6: fera peres fils fils peres
Genese 24:0;SKN;59-0611;35;VALIDE;chap->v.65: avait serviteur homme serviteur
Genese 24:58;SKN;59-0611;22;EXACT;appelerent rebecca lui dirent homme [couverture 5/7]
Hebreux 1:0;SKN;59-0712;87;VALIDE;chap->v.5: anges jamais moi moi lui pere lui sera
Hebreux 1:4;SKN;59-0712;87;PARTIEL;commencé, pas achevé — anges
Jean 1:0;SKN;59-0712;65;VALIDE;chap->v.30: apres homme prend avant avant
Hebreux 1:0;SKN;62-0627;35;VALIDE;chap->v.5: fils moi aujourdhui moi lui serai pere lui
Hebreux 4:0;SKN;62-0627;90;VALIDE;chap->v.12: parole dieu penetrante epee deux tranchants jusqua
Hebreux 13:8;SKN;62-0627;25;VALIDE;jesus meme hier aujourdhui eternellement
Hebreux 13:8;SKN;62-0627;27;EXACT;jesus meme hier aujourdhui eternellement [couverture 5/6]
Jean 5:19;SKN;62-0627;37;EXACT;jesus verite dis fils rien lui meme quil [couverture 6/14]
Jean 5:19;SKN;62-0627;61;VALIDE;jesus verite dis rien lui meme quil chose
Hebreux 1:0;SKN;63-0122;47;VALIDE;chap->v.1: dieu ayant autrefois plusieurs reprises plusieurs manieres parle
Hebreux 13:8;SKN;63-0122;72;VALIDE;jesus christ meme hier aujourdhui eternellement
Hebreux 13:8;SKN;63-0122;85;EXACT;jesus meme hier aujourdhui eternellement [couverture 5/6]
Jean 5:24;SKN;63-0122;70;VALIDE;dis celui parole croit vie eternelle jugement passe
Jean 14:12;SKN;63-0122;70;VALIDE;dis celui croit moi fera lui fais men
Hebreux 1:0;SKN;63-1112;99;VALIDE;chap->v.1: dieu plusieurs reprises plusieurs manieres parle peres prophetes
Hebreux 4:0;SKN;63-1112;125;VALIDE;chap->v.12: parole dieu vivante epee deux tranchants
Hebreux 13:8;SKN;63-1112;29;EXACT;jesus meme hier aujourdhui eternellement [couverture 5/6]
Hebreux 13:8;SKN;63-1112;30;EXACT;jesus christ meme hier aujourdhui eternellement [couverture 6/6]
Hebreux 13:8;SKN;63-1112;64;VALIDE;jesus christ meme hier aujourdhui eternellement
Jean 1:0;SKN;63-1112;97;VALIDE;chap->v.30: cest celui moi apres moi vient homme moi
Jean 4:0;SKN;63-1112;157;VALIDE;chap->v.23: lheure vient maintenant vrais adorateurs adoreront pere esprit
Jean 5:19;SKN;63-1112;158;EXACT;verite lui quil chose pere quelque celui [couverture 7/14]
Jean 6:0;SKN;63-1112;151;VALIDE;chap->v.41: juifs lui quil avait moi suis
Jean 12:20;SKN;63-1112;29;EXACT;quelques grecs dentre ceux etaient montes adorer pendant [couverture 9/10]
Jean 14:12;SKN;63-1112;38;EXACT;dis celui croit moi fera lui fais parce [couverture 9/14]
Matthieu 6:11;SKN;63-1112;87;VALIDE;donne aujourdhui quil
Hebreux 1:0;SKN;64-0214;87;VALIDE;chap->v.1: dieu autrefois plusieurs reprises plusieurs manieres parle peres
Hebreux 13:8;SKN;64-0214;127;EXACT;jesus christ meme hier aujourdhui eternellement [couverture 5/6]
Luc 17:30;SKN;64-0214;128;EXACT;sera meme jour fils lhomme [couverture 6/7]
Malachie 3:0;SKN;64-0214;117;VALIDE;chap->v.1: voici jenvoie messager chemin devant
Malachie 4:0;SKN;64-0214;127;VALIDE;chap->v.1: voici jour vient jour vient
Marc 16:0;SKN;64-0214;104;VALIDE;chap->v.17: signes accompagneront ceux auront cru nom chasseront demons
Matthieu 24:24;SKN;64-0214;105;EXACT;faux signes possible meme elus [couverture 6/14]
Nombres 12:6;SKN;64-0214;82;PARTIEL;commencé, pas achevé — prophete lui
Hebreux 1:0;VGR;59-0712;87;VALIDE;chap->v.5: anges jamais moi moi lui pere lui sera
Hebreux 1:4;VGR;59-0712;87;PARTIEL;commencé, pas achevé — anges quil
Hebreux 1:0;VGR;63-0122;127;VALIDE;chap->v.1: dieu autrefois plusieurs reprises plusieurs manieres parle peres
Hebreux 13:8;VGR;63-0122;215;EXACT;jesus meme hier aujourdhui eternellement [couverture 5/6]
Hebreux 13:8;VGR;63-0122;247;EXACT;jesus christ meme hier eternellement [couverture 5/6]
Jean 5:24;VGR;63-0122;206;EXACT;celui parole croit envoye vie eternelle jugement passe [couverture 9/14]
Jean 14:12;VGR;63-0122;207;EXACT;celui croit moi fera uvres fais parce men [couverture 8/14]
Hebreux 1:0;VGR;63-1103;234;VALIDE;chap->v.5: jamais moi aujourdhui moi serai pere sera
Hebreux 3:0;VGR;63-1103;234;VALIDE;chap->v.13: chaque jour quil aujourdhui peche
Hebreux 4:0;VGR;63-1103;72;VALIDE;chap->v.12: parole dieu penetrante epee deux tranchants jusqua
Hebreux 13:8;VGR;63-1103;121;EXACT;jesus christ meme hier aujourdhui eternellement [couverture 6/6]
Hebreux 13:8;VGR;63-1103;168;EXACT;jesus christ meme hier aujourdhui eternellement [couverture 6/6]
Hebreux 13:8;VGR;63-1103;195;EXACT;jesus meme hier aujourdhui eternellement [couverture 5/6]
Jean 5:24;VGR;63-1103;297;EXACT;celui parole croit envoye vie eternelle [couverture 7/14]
Jean 14:12;VGR;63-1103;188;EXACT;verite dis celui croit moi fera uvres fais [couverture 11/14]
Jean 14:12;VGR;63-1103;196;EXACT;dis celui croit moi fera uvres fais vais [couverture 9/14]
Marc 4:35;VGR;63-1103;42;PARTIEL;commencé, pas achevé — jour
Matthieu 8:23;VGR;63-1103;39;VALIDE;monte disciples suivirent
Matthieu 28:20;VGR;63-1103;197;EXACT;choses voici moi suis jours jusqua [couverture 6/11]
matthieu 28:7;VGR;63-1103;187;CORRIGE;annoncé Matthieu 28:28
Psaumes 103:1-9;VGR;63-1103;192;VALIDE;ame moi cest
Hebreux 3:0;SKN;53-0506;12;VALIDE;chap->v.10: cest pourquoi jai jai toujours mes voies
Hebreux 13:8;SKN;53-0506;11;VALIDE;jesus christ meme hier aujourdhui eternellement
Jean 4:0;SKN;53-0506;10;VALIDE;chap->v.14: celui boira leau lui donnerai moi naura soif
Jean 5:0;SKN;53-0506;29;VALIDE;chap->v.19: jesus verite verite dis fils rien lui meme
Jean 5:19;SKN;53-0506;31;EXACT;jesus verite dis fils rien lui meme quil [couverture 8/14]
Jean 5:19;SKN;53-0506;32;EXACT;jesus verite dis fils rien lui meme quil [couverture 12/14]
Hebreux 3:0;SKN;54-0813;4;VALIDE;chap->v.1: cest pourquoi souverain sacrificateur confession jesus
Hebreux 3:0;SKN;55-0115;18;VALIDE;chap->v.1: cest pourquoi lapotre souverain sacrificateur confession jesus
Hebreux 10:14;SKN;55-0115;34;VALIDE;seule offrande parfaits ceux sanctifies
hebreux 10:26;SKN;55-0115;26;CORRIGE;annoncé Hebreux 10:40
Jean 3:0;SKN;55-0115;28;VALIDE;chap->v.18: celui croit lui juge celui croit deja juge
Psaumes 23:0;SKN;55-0115;16;VALIDE;chap->v.4: meme vallee lombre mort aucun mal moi
Hebreux 3:0;SKN;55-0603;6;VALIDE;chap->v.1: cest freres saints souverain sacrificateur confession jesus
Hebreux 13:8;SKN;55-0603;8;VALIDE;jesus christ meme hier aujourdhui eternellement
Jean 5:0;SKN;55-0603;26;VALIDE;chap->v.19: jesus verite verite dis fils rien lui meme
Jean 5:19;SKN;55-0603;28;EXACT;jesus verite dis fils rien lui meme quil [couverture 5/14]
Hebreux 3:0;SKN;58-0503;19;VALIDE;chap->v.10: cest pourquoi jai contre jai toujours connu mes
Hebreux 13:8;SKN;58-0503;58;VALIDE;jesus meme hier aujourdhui eternellement
Jean 5:19;SKN;58-0503;59;EXACT;jesus verite fils rien lui meme quil chose [couverture 7/14]
Jean 5:19;SKN;58-0503;63;EXACT;jesus verite dis rien lui meme quil voie [couverture 7/14]
Jean 5:24;SKN;58-0503;54;EXACT;dis celui entend parole croit envoye vie eternelle [couverture 8/14]
Marc 11:24;SKN;58-0503;21;VALIDE;cest pourquoi dis demanderez priant croyez recevez sera
Matthieu 3:0;SKN;58-0503;15;VALIDE;chap->v.3: cest celui prophete celui preparez chemin seigneur
Hebreux 3:0;SKN;59-0410;44;VALIDE;chap->v.1: cest lappel considerez souverain sacrificateur confession jesus
Hebreux 3:0;SKN;62-0218;146;VALIDE;chap->v.1: cest pourquoi souverain sacrificateur confession jesus
Hebreux 4:4;SKN;62-0218;162;PARTIEL;commencé, pas achevé — part dieu
Hebreux 4:12;SKN;62-0218;162;EXACT;parole dieu penetrante epee deux tranchants jusqua [couverture 7/14]
Hebreux 13:8;SKN;62-0218;35;VALIDE;jesus meme hier aujourdhui eternellement
Hebreux 13:8;SKN;62-0218;245;VALIDE;jesus christ meme aujourdhui
Jean 1:0;SKN;62-0218;167;VALIDE;chap->v.1: commencement etait parole parole etait dieu parole etait
Jean 4:0;SKN;62-0218;273;VALIDE;chap->v.9: femme lui toi juif suis femme juifs
Jean 5:18;SKN;62-0218;201;VALIDE;cela quil dieu etait
Jean 5:19;SKN;62-0218;201;EXACT;jesus dis rien lui meme quil chose celui [couverture 6/14]
Jean 14:12;SKN;62-0218;38;EXACT;verite celui croit moi fera fais grandes [couverture 9/14]
Jean 15:0;SKN;62-0218;75;VALIDE;chap->v.4: demeurez moi moi meme quil demeure cep meme
Marc 16:0;SKN;62-0218;52;VALIDE;chap->v.17: ici signes accompagneront ceux auront cru nom chasseront
Marc 16:0;SKN;62-0218;164;VALIDE;chap->v.6: jesus nest ici mis
Marc 16:0;SKN;62-0218;330;VALIDE;chap->v.18: auront quelque chose mortel cela imposeront mains infirmes
Matthieu 3:0;SKN;62-0218;150;VALIDE;chap->v.3: cest ici celui parle prophete celui desert seigneur
Matthieu 10:0;SKN;62-0218;53;VALIDE;chap->v.8: morts lepreux demons avez recu gratuitement donnez gratuitement
Matthieu 15:21;SKN;62-0218;22;VALIDE;jesus retira tyr sidon
Hebreux 3:0;SKN;64-0305;212;VALIDE;chap->v.10: jai jai connu
Hebreux 4:12;SKN;64-0305;67;EXACT;parole dieu epee deux tranchants [couverture 5/14]
Jean 1:0;SKN;64-0305;63;VALIDE;chap->v.1: commencement etait parole parole etait dieu parole etait
Jean 5:19;SKN;64-0305;238;EXACT;jesus verite dis fils rien lui meme quil [couverture 12/14]
Jean 14:12;SKN;64-0305;214;EXACT;verite dis celui croit moi fera lui fais [couverture 11/14]
Luc 17:15;SKN;64-0305;70;VALIDE;quil etait dieu
Hebreux 4:12;VGR;64-0305;67;EXACT;parole dieu epee deux tranchants [couverture 5/14]
Jean 1:0;VGR;64-0305;63;VALIDE;chap->v.1: commencement etait parole parole etait dieu parole etait
Jean 5:19;VGR;64-0305;238;EXACT;jesus verite dis fils rien lui meme quil [couverture 12/14]
Jean 14:12;VGR;64-0305;214;EXACT;verite dis celui croit moi fera lui uvres [couverture 12/14]
Luc 17:15;VGR;64-0305;70;VALIDE;quil etait dieu
Hebreux 3:1;SKN;50-0711;54;VALIDE;cest souverain sacrificateur confession jesus
Marc 16:0;SKN;50-0711;20;VALIDE;chap->v.17: ici signes accompagneront ceux auront cru nom chasseront
Matthieu 10:0;SKN;50-0711;20;VALIDE;chap->v.8: guerissez ressuscitez morts lepreux demons avez recu gratuitement
Hebreux 3:1;SKN;52-0817E;12;EXACT;cest pourquoi souverain sacrificateur confession jesus [couverture 6/13]
Hebreux 11:2;SKN;52-0817E;15;VALIDE;cest ont temoignage
Hebreux 13:8;SKN;52-0817E;11;VALIDE;jesus christ meme hier aujourdhui eternellement
Jean 5:0;SKN;52-0817E;7;VALIDE;chap->v.19: jesus verite verite dis fils rien lui meme
Jean 5:0;SKN;52-0817E;38;VALIDE;chap->v.19: jesus repondit dis lui meme quil voie chose
Jean 5:19;SKN;52-0817E;9;EXACT;jesus verite dis fils rien lui meme quil [couverture 8/14]
Hebreux 3:1;SKN;53-0219;10;VALIDE;souverain sacrificateur confession jesus
Hebreux 3:1;SKN;53-0511;22;EXACT;cest pourquoi souverain sacrificateur confession jesus [couverture 5/13]
Jean 5:19;SKN;53-0511;16;EXACT;jesus verite dis fils rien lui meme quil [couverture 8/14]
Hebreux 3:1;SKN;53-0601;11;EXACT;cest pourquoi souverain sacrificateur confession jesus [couverture 6/13]
Hebreux 3:1;SKN;54-0228E;7;VALIDE;cest souverain sacrificateur confession jesus
Hebreux 13:8;SKN;54-0228E;31;EXACT;jesus christ meme hier aujourdhui eternellement [couverture 6/6]
Jean 5:19;SKN;54-0228E;37;VALIDE;jesus verite dis fils rien lui meme quil
Jean 5:19;SKN;54-0228E;44;EXACT;jesus verite dis fils rien lui quil voie [couverture 8/14]
Jean 14:7;SKN;54-0228E;29;VALIDE;connu pere maintenant lavez
Luc 20:0;SKN;54-0228E;29;VALIDE;chap->v.8: jesus moi dis quelle fais choses
Marc 16:0;SKN;54-0228E;25;VALIDE;chap->v.6: lui jesus ressuscite nest ici voici mis
Marc 16:0;SKN;54-0228E;29;VALIDE;chap->v.6: lui jesus crucifie ressuscite nest ici voici mis
Psaumes 103:3;SKN;54-0228E;11;VALIDE;cest lui tes guerit
Hebreux 3:1;SKN;54-0302;9;VALIDE;cest pourquoi souverain sacrificateur confession jesus
Hebreux 13:8;SKN;54-0302;35;VALIDE;jesus christ meme hier aujourdhui eternellement
Jean 5:19;SKN;54-0302;37;EXACT;jesus verite dis fils rien lui meme quil [couverture 5/14]
Matthieu 14:28;SKN;54-0302;37;VALIDE;pierre lui seigneur cest toi moi eaux
Hebreux 3:1;SKN;58-0515;19;VALIDE;cest souverain sacrificateur confession jesus
Hebreux 13:8;SKN;58-0515;10;VALIDE;jesus meme hier aujourdhui eternellement
Jean 1:0;SKN;58-0515;20;VALIDE;chap->v.42: trouve propre frere simon lui avons trouve christ
Jean 1:0;SKN;58-0515;21;VALIDE;chap->v.42: celui trouve propre frere simon lui avons trouve
Jean 4:0;SKN;58-0515;55;VALIDE;chap->v.50: jesus lui fils vit lhomme parole jesus lui
Jean 5:0;SKN;58-0515;32;VALIDE;chap->v.19: jesus verite verite dis fils rien lui meme
Jean 5:19;SKN;58-0515;32;EXACT;jesus verite dis fils rien lui meme quil [couverture 10/14]
Jean 5:19;SKN;58-0515;33;EXACT;jesus verite dis fils rien lui meme quil [couverture 12/14]
Jean 5:19;SKN;58-0515;40;EXACT;jesus verite dis fils rien lui meme quil [couverture 8/14]
Jean 6:0;SKN;58-0515;34;VALIDE;chap->v.35: jesus moi suis vie celui moi jamais celui
Jean 12:0;SKN;58-0515;10;VALIDE;chap->v.27: maintenant ame dirai pere moi heure cest cela
Jean 12:0;SKN;58-0515;20;VALIDE;chap->v.27: maintenant ame pere heure cest cela suis venu
Matthieu 3:0;SKN;58-0515;45;VALIDE;chap->v.11: moi baptise celui apres moi puissant moi suis
Hebreux 4:0;SKN;56-0212;41;VALIDE;chap->v.12: parole dieu penetrante epee deux tranchants jusqua lesprit
Psaumes 103:3;SKN;56-0212;5;VALIDE;cest tes guerit
Hebreux 4:0;SKN;57-0811E;53;VALIDE;chap->v.2: avons meme ceux parole quils servit foi ceux
Jean 5:19;SKN;57-0811E;14;EXACT;jesus repondit dis fils lui meme quil chose [couverture 6/14]
Hebreux 4:0;SKN;58-0519;57;VALIDE;chap->v.12: parole dieu epee deux tranchants jusqua
Jean 5:19;SKN;58-0519;20;EXACT;jesus verite dis fils rien lui meme quil [couverture 13/14]
Psaumes 63:0;SKN;58-0519;32;VALIDE;chap->v.1: dieu dieu cherche ame soif toi apres toi
Hebreux 4:0;SKN;61-0305;2;VALIDE;chap->v.2: meme parole rien foi
Hebreux 4:0;SKN;61-0412;52;VALIDE;chap->v.8: avait parle apres cela dun autre jour
Jean 1:0;SKN;61-0412;52;VALIDE;chap->v.30: cest moi apres moi vient homme avant moi
Jean 5:19;SKN;61-0412;101;VALIDE;jesus verite dis fils rien lui meme quil
Jean 5:24;SKN;61-0412;63;VALIDE;dis celui parole croit envoye vie eternelle vient
Marc 16:0;SKN;61-0412;6;VALIDE;chap->v.12: apres choses autre deux dentre eux etaient
Matthieu 3:0;SKN;61-0412;76;VALIDE;chap->v.3: cest ici parle prophete desert seigneur
Matthieu 12:42;SKN;61-0412;46;VALIDE;reine midi levera jugement generation condamnera vint terre
Hebreux 4:0;SKN;62-0128A;96;VALIDE;chap->v.8: avait donne parle cela dun autre jour
Jean 14:12;SKN;62-0128A;82;VALIDE;celui croit moi fera lui fais grandes parce
Josue 10:12;SKN;62-0128A;10;EXACT;alors josue parla leternel jour livra amoreens disrael [couverture 12/14]
Luc 24:49;SKN;62-0128A;77;EXACT;voici pere ville jusqua soyez revetus puissance den [couverture 7/13]
Marc 11:11;SKN;62-0128A;31;PARTIEL;commencé, pas achevé — apres deja
Marc 16:0;SKN;62-0128A;82;VALIDE;chap->v.16: celui aura cru aura sera celui cru sera
Hebreux 4:0;SKN;62-0520;42;VALIDE;chap->v.13: aucune soit devant lui choses yeux celui avons
Hebreux 4:12;SKN;62-0520;82;PARTIEL;commencé, pas achevé — parole dieu
Marc 7:24;SKN;62-0520;8;VALIDE;sen alla tyr sidon etant maison voulait personne
Matthieu 11:6;SKN;62-0520;19;PARTIEL;commencé, pas achevé — moi
Hebreux 4:0;SKN;62-0531;253;VALIDE;chap->v.12: parole dieu vivante epee deux tranchants
Jean 5:24;SKN;62-0531;143;EXACT;dis celui parole croit envoye vie eternelle vient [couverture 10/14]
Josue 24:0;SKN;62-0531;52;VALIDE;chap->v.14: maintenant craignez servez integrite dieux vos peres servis
Josue 24:14;SKN;62-0531;52;EXACT;maintenant craignez servez integrite dieux vos peres servis [couverture 9/14]
Luc 7:27;SKN;62-0531;132;PARTIEL;commencé, pas achevé — ici
Luc 17:27;SKN;62-0531;132;VALIDE;mariage jour noe
Hebreux 4:0;SKN;62-0628;116;VALIDE;chap->v.12: parole dieu vivante epee deux tranchants
Jean 14:12;SKN;62-0628;34;VALIDE;celui croit moi fera lui fais grandes parce
Matthieu 2:0;SKN;62-0628;41;VALIDE;chap->v.15: fut jusqua mort fut seigneur avait prophete jai
Hebreux 4:0;SKN;64-0120;144;VALIDE;chap->v.12: parole dieu penetrante epee deux tranchants
Hebreux 4:0;VGR;61-0305;3;VALIDE;chap->v.12: parole dieu epee deux tranchants jusqua lesprit
Hebreux 4:0;VGR;62-0531;253;VALIDE;chap->v.12: parole dieu vivante epee deux tranchants jusqua
Jean 5:24;VGR;62-0531;143;EXACT;dis celui parole croit envoye vie eternelle vient [couverture 11/14]
Josue 24:0;VGR;62-0531;52;VALIDE;chap->v.14: maintenant craignez leternel servez integrite dieux vos peres
Josue 24:14;VGR;62-0531;52;EXACT;maintenant craignez leternel servez integrite dieux vos peres [couverture 11/14]
Luc 7:27;VGR;62-0531;132;PARTIEL;commencé, pas achevé — cest ici
Luc 17:27;VGR;62-0531;132;VALIDE;mariage jour noe
Hebreux 4:12;SKN;62-0608;38;VALIDE;parole dieu penetrante epee jusqua lesprit
Hebreux 13:8;SKN;62-0608;99;VALIDE;jesus christ meme hier aujourdhui eternellement
Jean 14:12;SKN;62-0608;100;VALIDE;verite dis moi fera lui fais grandes vais
Malachie 4:0;SKN;62-0608;107;VALIDE;chap->v.5: voici avant grand jour leternel
Marc 11:24;SKN;62-0608;127;VALIDE;cest dis croyez sera
Hebreux 4:12;SKN;62-0727;33;VALIDE;parole dieu vivante penetrante epee deux tranchants jusqua
Hebreux 13:8;SKN;62-0727;21;EXACT;jesus meme hier aujourdhui eternellement [couverture 5/6]
Hebreux 13:8;SKN;62-0727;24;VALIDE;jesus meme hier aujourdhui eternellement
Jean 4:0;SKN;62-0727;92;VALIDE;chap->v.9: femme samaritaine lui juif moi suis femme samaritaine
Jean 4:0;SKN;62-0727;93;VALIDE;chap->v.9: femme samaritaine lui juif moi suis femme samaritaine
Jean 5:19;SKN;62-0727;38;EXACT;jesus verite dis fils rien lui meme quil [couverture 7/14]
Jean 6:0;SKN;62-0727;60;VALIDE;chap->v.35: jesus moi suis vie celui moi celui croit
Jean 12:20;SKN;62-0727;21;PARTIEL;commencé, pas achevé — quelques pendant
Jean 14:12;SKN;62-0727;55;EXACT;dis celui croit moi fera lui fais parce [couverture 9/14]
Hebreux 4:12;SKN;63-0802;107;EXACT;parole dieu epee deux tranchants [couverture 5/14]
Malachie 3:0;SKN;63-0802;33;VALIDE;chap->v.16: alors ceux ont lautre livre ecrit
Hebreux 4:12;SKN;63-1116E;142;PARTIEL;commencé, pas achevé — parole epee
Hebreux 13:18;SKN;63-1116E;280;PARTIEL;commencé, pas achevé — priez croyons
Jean 5:19;SKN;63-1116E;280;EXACT;jesus dis rien meme chose pere quelque celui [couverture 7/14]
Jean 14:12;SKN;63-1116E;280;EXACT;dis celui croit moi fera fais parce [couverture 8/14]
Hebreux 4:12;SKN;64-0619;83;EXACT;parole dieu epee deux tranchants [couverture 5/14]
Malachie 4:0;SKN;64-0619;197;VALIDE;chap->v.1: voici jour vient jour vient
Hebreux 4:12;SKN;65-0426;125;VALIDE;parole dieu epee
Hebreux 12:0;SKN;65-0426;125;VALIDE;chap->v.2: jesus etait devant lui
Hebreux 13:8;SKN;65-0426;131;VALIDE;jesus christ meme hier aujourdhui eternellement
Jean 3:16;SKN;65-0426;212;EXACT;dieu monde quil donne lui [couverture 5/14]
Malachie 3:0;SKN;65-0426;109;VALIDE;chap->v.18: juste mechant celui dieu celui
Malachie 4:0;SKN;65-0426;107;VALIDE;chap->v.6: peres fils fils peres
Malachie 4:0;SKN;65-0426;108;VALIDE;chap->v.6: fera peres fils fils peres
Malachie 4:0;SKN;65-0426;109;VALIDE;chap->v.1: voici jour jour
Malachie 4:0;SKN;65-0426;145;VALIDE;chap->v.3: vos jour ferai
Marc 11:22;SKN;65-0426;92;VALIDE;jesus foi dieu
Matthieu 11:0;SKN;65-0426;109;VALIDE;chap->v.10: cest celui ecrit voici jenvoie messager devant face
Hebreux 4:12;VGR;64-0619;96;EXACT;parole dieu epee deux tranchants [couverture 5/14]
Malachie 4:0;VGR;64-0619;208;VALIDE;chap->v.1: voici jour vient jour vient
Hebreux 4:12;VGR;65-0426;157;EXACT;parole dieu vivante epee deux tranchants [couverture 6/14]
Hebreux 13:8;VGR;65-0426;171;EXACT;jesus meme hier aujourdhui eternellement [couverture 5/6]
Jean 3:16;VGR;65-0426;356;VALIDE;dieu monde quil
Jean 14:12;VGR;65-0426;172;EXACT;celui croit moi fera uvres fais parce men [couverture 8/14]
Luc 17:30;VGR;65-0426;183;EXACT;sera meme jour fils lhomme [couverture 6/7]
Malachie 3:0;VGR;65-0426;142;VALIDE;chap->v.18: juste mechant celui dieu celui
Malachie 4:0;VGR;65-0426;140;VALIDE;chap->v.6: peres fils fils peres
Malachie 4:0;VGR;65-0426;141;VALIDE;chap->v.1: voici jour jour
Malachie 4:0;VGR;65-0426;142;VALIDE;chap->v.1: voici jour jour
Malachie 4:0;VGR;65-0426;183;VALIDE;chap->v.6: fera fils fils vienne pays
Marc 11:22;VGR;65-0426;116;PARTIEL;commencé, pas achevé — jesus dieu
Matthieu 11:0;VGR;65-0426;142;VALIDE;chap->v.10: cest celui ecrit voici jenvoie messager devant face
Matthieu 28:0;VGR;65-0426;173;VALIDE;chap->v.10: alors jesus mes
Hebreux 4:15;SKN;60-0609;49;VALIDE;navons souverain sacrificateur nos infirmites choses part
Jean 4:0;SKN;60-0609;65;VALIDE;chap->v.10: jesus lui don dieu donne moi toi lui
Jean 4:0;SKN;60-0609;66;VALIDE;chap->v.10: jesus lui don dieu donne moi toi lui
Matthieu 14:0;SKN;60-0609;8;VALIDE;chap->v.23: eut renvoye monta montagne lecart prier soir venu
Hebreux 6:0;SKN;51-0414;6;VALIDE;chap->v.4: impossible ceux ont fois eclaires ont goute don
Jean 5:0;SKN;51-0414;13;VALIDE;chap->v.19: jesus verite verite dis fils rien lui meme
Hebreux 6:0;SKN;51-0501;14;VALIDE;chap->v.7: terre pluie souvent ceux dieu benediction
Hebreux 11:2;SKN;51-0501;32;PARTIEL;commencé, pas achevé — cest temoignage
Hebreux 6:0;SKN;53-0609A;61;VALIDE;chap->v.7: terre pluie souvent herbes dieu
Matthieu 27:0;SKN;53-0609A;209;VALIDE;chap->v.43: sest dieu lui suis fils dieu
Hebreux 6:0;SKN;54-0620E;51;VALIDE;chap->v.4: impossible ceux ont fois ont don saint
Hebreux 10:0;SKN;54-0620E;52;VALIDE;chap->v.26: volontairement apres recu connaissance verite reste sacrifice
Jean 5:19;SKN;54-0620E;48;EXACT;jesus verite dis fils rien lui meme quil [couverture 7/14]
Jeremie 1:4;SKN;54-0620E;46;PARTIEL;commencé, pas achevé — parole moi
Hebreux 6:0;SKN;62-0623;32;VALIDE;chap->v.13: dieu personne grand lui meme
Hebreux 6:0;SKN;64-0417;101;VALIDE;chap->v.18: choses etait impossible dieu sommes
Jean 3:16;SKN;64-0417;32;EXACT;dieu tant aime monde quil donne fils lui [couverture 9/14]
Jean 4:0;SKN;64-0417;227;VALIDE;chap->v.25: femme lui messie vient sera venu fera choses
Jean 5:19;SKN;64-0417;30;EXACT;jesus verite dis fils rien lui quil chose [couverture 10/14]
Jean 11:0;SKN;64-0417;18;VALIDE;chap->v.2: cetait marie seigneur dun lui lazare etait
Jean 11:0;SKN;64-0417;227;VALIDE;chap->v.25: jesus lui moi suis vie moi quil
Hebreux 6:0;VGR;53-0609A;61;VALIDE;chap->v.7: terre pluie souvent herbes dieu
Matthieu 27:0;VGR;53-0609A;209;VALIDE;chap->v.43: sest dieu lui suis fils dieu
Hebreux 6:0;VGR;64-0417;101;VALIDE;chap->v.13: lorsque dieu lui meme
Jean 3:16;VGR;64-0417;32;EXACT;dieu tant aime monde quil fils lui ait [couverture 8/14]
Jean 4:0;VGR;64-0417;227;VALIDE;chap->v.10: jesus lui don dieu moi lui
Jean 5:19;VGR;64-0417;30;EXACT;jesus verite dis fils rien lui meme quil [couverture 10/14]
Jean 11:0;VGR;64-0417;18;VALIDE;chap->v.13: jesus avait parle eux quil avait parle
Jean 11:0;VGR;64-0417;227;VALIDE;chap->v.25: jesus lui moi suis vie moi quil
Hebreux 7:0;SKN;57-0418;51;VALIDE;chap->v.1: roi salem sacrificateur dieu haut alla devant dabraham
Hebreux 7:0;SKN;64-0402;85;VALIDE;chap->v.2: abraham donna part dime roi justice roi salem
Jean 15:0;SKN;64-0402;129;VALIDE;chap->v.2: sarment moi porte fruit sarment porte fruit porte
Malachie 4:0;SKN;64-0402;156;VALIDE;chap->v.1: jour vient jour vient
Marc 11:22;SKN;64-0402;183;VALIDE;jesus ayez foi dieu
Hebreux 7:0;VGR;57-0418;57;VALIDE;chap->v.1: roi salem sacrificateur dieu alla dabraham lorsquil revenait
Hebreux 7:0;VGR;64-0402;85;VALIDE;chap->v.2: abraham part dime roi justice roi salem cest
Jean 15:0;VGR;64-0402;129;VALIDE;chap->v.2: sarment moi porte fruit sarment porte fruit afin
Malachie 4:0;VGR;64-0402;156;VALIDE;chap->v.1: jour vient jour vient
Marc 11:22;VGR;64-0402;183;VALIDE;jesus ayez foi dieu
Hebreux 9:0;SKN;55-0403;16;VALIDE;chap->v.11: christ venu souverain sacrificateur biens venir tabernacle grand
Jean 14:0;SKN;55-0403;30;VALIDE;chap->v.10: crois moi pere pere moi moi dis dis
Hebreux 9:0;VGR;55-0403;60;VALIDE;chap->v.11: christ venu souverain sacrificateur biens venir tabernacle grand
Jean 14:0;VGR;55-0403;98;VALIDE;chap->v.10: crois pere pere dis dis meme pere demeure
Hebreux 10:0;SKN;54-1114;26;VALIDE;chap->v.26: volontairement apres recu connaissance verite reste sacrifice
Jean 3:0;SKN;54-1114;15;VALIDE;chap->v.16: dieu aime monde quil donne fils afin quiconque
Jean 3:0;SKN;54-1114;16;VALIDE;chap->v.18: celui croit lui nest juge celui croit deja
Nombres 21:0;SKN;54-1114;23;VALIDE;chap->v.9: moise fit serpent dairain serpent avait homme quil
Psaumes 70:0;SKN;54-1114;14;VALIDE;chap->v.5: moi suis pauvre dieu hate toi moi celui
Hebreux 10:0;SKN;55-0220E;60;VALIDE;chap->v.26: pechons volontairement apres recu connaissance verite reste sacrifice
Hebreux 13:0;SKN;55-0220E;22;VALIDE;chap->v.12: cest jesus afin quil sanctifie peuple propre sang
Hebreux 13:8;SKN;55-0220E;51;VALIDE;jesus meme hier aujourdhui eternellement
Jean 5:0;SKN;55-0220E;43;VALIDE;chap->v.19: jesus dis fils rien lui meme quil chose
Jean 5:19;SKN;55-0220E;49;EXACT;jesus verite dis fils rien lui meme quil [couverture 10/14]
Luc 16:16;SKN;55-0220E;20;VALIDE;loi prophetes ont jusqua jean lors royaume dieu
Psaumes 103:3;SKN;55-0220E;7;VALIDE;cest lui pardonne tes iniquites guerit
Hebreux 10:0;SKN;55-0223;33;VALIDE;chap->v.10: cest sanctifies loffrande corps jesus christ faite fois
Psaumes 23:0;SKN;55-0223;20;VALIDE;chap->v.4: meme vallee lombre mort moi eux
Hebreux 10:0;SKN;55-0605;49;VALIDE;chap->v.1: ayant venir meme choses jamais lon
Job 14:0;SKN;55-0605;31;VALIDE;chap->v.22: lui meme ame mene lui meme
Hebreux 10:0;SKN;55-1119;47;VALIDE;chap->v.29: dune pensez sera juge celui pieds dieu
Hebreux 13:8;SKN;55-1119;67;VALIDE;jesus christ meme hier aujourdhui eternellement
Jean 5:19;SKN;55-1119;66;EXACT;jesus verite dis fils rien lui meme quil [couverture 10/14]
Jean 5:19;SKN;55-1119;67;EXACT;jesus verite dis fils rien lui meme quil [couverture 12/14]
Job 19:25;SKN;55-1119;20;VALIDE;moi sais redempteur vivant dernier sera debout terre
Hebreux 10:0;SKN;56-0610;1;VALIDE;chap->v.2: autrement nauraient cesse detre puisque ceux rendent culte
Hebreux 10:14;SKN;56-0610;1;VALIDE;seule offrande rendu ceux sanctifies
Psaumes 23:0;SKN;56-0610;1;VALIDE;chap->v.4: meme vallee lombre mort aucun mal moi eux
Hebreux 10:0;SKN;57-0922E;311;VALIDE;chap->v.26: pechons volontairement apres recu connaissance verite
Hebreux 10:0;VGR;54-1114;82;VALIDE;chap->v.26: volontairement apres recu connaissance verite reste sacrifice
Jean 3:0;VGR;54-1114;49;VALIDE;chap->v.27: jean rien quil lui soit donne ciel
Jean 3:0;VGR;54-1114;53;VALIDE;chap->v.13: personne nest monte ciel celui descendu ciel fils
Nombres 21:0;VGR;54-1114;74;VALIDE;chap->v.9: moise serpent dairain serpent quil
Psaumes 70:0;VGR;54-1114;45;VALIDE;chap->v.5: moi suis pauvre dieu hate toi moi celui
Hebreux 10:0;VGR;57-0908M;169;VALIDE;chap->v.25: memes quelques ont lun lautre cela voyez jour
Romains 8:1;VGR;57-0908M;109;EXACT;maintenant aucune condamnation ceux christ jesus [couverture 6/6]
Hebreux 10:0;VGR;57-0922E;311;VALIDE;chap->v.26: pechons volontairement apres recu connaissance verite
Hebreux 10:14;VGR;56-0610;142;VALIDE;seule offrande ceux sanctifies
Psaumes 23:0;VGR;56-0610;64;VALIDE;chap->v.6: jours vie sera maison jours
hebreux 10:12;SKN;54-0718E;40;CORRIGE;annoncé Hebreux 10:47
Hebreux 13:8;SKN;54-0718E;9;VALIDE;jesus meme hier aujourdhui eternellement
Jean 5:0;SKN;54-0718E;45;VALIDE;chap->v.19: jesus verite verite dis fils rien lui meme
Hebreux 11:0;SKN;55-0109M;129;VALIDE;chap->v.8: foi abraham appele aller alla
Hebreux 12:1;SKN;55-0109M;136;VALIDE;ayant fardeau peche courons
Hebreux 11:0;SKN;58-0125;35;VALIDE;chap->v.16: maintenant meilleure cest cest dieu deux savoir dieu
Jean 1:0;SKN;58-0125;51;VALIDE;chap->v.23: moi suis voix celui crie desert faites seigneur
Hebreux 11:0;SKN;58-0313;78;VALIDE;chap->v.5: foi quil voie mort trouve dieu
Jean 5:19;SKN;58-0313;52;VALIDE;jesus verite dis fils rien lui meme quil
Jean 14:7;SKN;58-0313;47;VALIDE;connu pere maintenant
Hebreux 11:0;SKN;58-1004;64;VALIDE;chap->v.8: foi etant sen sen alla
Marc 5:0;SKN;58-1004;71;VALIDE;chap->v.7: moi jesus fils dieu dieu
Hebreux 11:0;SKN;59-1227E;45;VALIDE;chap->v.4: foi offrit dieu excellent sacrifice cain sacrifice recu
Jean 5:24;SKN;59-1227E;60;EXACT;celui entend parole croit envoye vie eternelle vient [couverture 9/14]
Hebreux 11:0;SKN;60-0611E;131;VALIDE;chap->v.5: foi enoch fut enleve voie fut dieu enleve
Hebreux 11:0;SKN;62-0621E;22;VALIDE;chap->v.6: foi impossible lui faut celui dieu dieu quil
Jean 5:19;SKN;62-0621E;29;EXACT;jesus verite dis fils rien lui quil chose [couverture 11/14]
Hebreux 11:0;SKN;62-1125E;13;VALIDE;chap->v.12: cest pourquoi dun dun homme deja nes ciel
Hebreux 13:0;SKN;62-1125E;49;VALIDE;chap->v.8: jesus christ meme hier aujourdhui eternellement
Hebreux 11:0;VGR;55-0109M;129;VALIDE;chap->v.8: foi abraham appele lieu quil alla
Hebreux 12:1;VGR;55-0109M;136;EXACT;cest ayant fardeau peche enveloppe courons [couverture 6/14]
Hebreux 11:0;VGR;59-1227E;45;VALIDE;chap->v.6: foi impossible lui faut celui sapproche dieu croie
Jean 5:24;VGR;59-1227E;60;EXACT;celui entend parole croit envoye vie eternelle vient [couverture 9/14]
Hebreux 11:1;SKN;58-0517E;43;PARTIEL;commencé, pas achevé — foi choses
Jean 5:19;SKN;58-0517E;39;EXACT;jesus dis fils rien lui meme chose pere [couverture 6/14]
Matthieu 12:0;SKN;58-0517E;3;VALIDE;chap->v.42: reine midi levera jugement generation condamnera vint terre
Hebreux 11:1;SKN;60-0108;21;PARTIEL;commencé, pas achevé — foi choses
Jean 5:24;SKN;60-0108;44;VALIDE;dis celui parole croit envoye vie eternelle vient
Hebreux 11:2;SKN;53-0614;14;VALIDE;anciens recu temoignage
Hebreux 11:2;SKN;54-0304;64;PARTIEL;commencé, pas achevé — temoignage
Jean 3:16;SKN;54-0304;46;VALIDE;dieu tant aime monde donne fils unique afin
Hebreux 11:2;SKN;54-0900;5;VALIDE;cest ont temoignage
Jean 5:0;SKN;54-0900;29;VALIDE;chap->v.19: jesus dis fils rien lui meme quil chose
Jean 5:19;SKN;54-0900;29;VALIDE;jesus dis fils rien lui meme quil chose
Hebreux 11:10;SKN;50-0818;21;PARTIEL;commencé, pas achevé — laquelle dieu
Jean 5:24;SKN;50-0818;5;VALIDE;dis celui entend parole croit envoye vie jugement
Hebreux 12:0;SKN;56-0128;62;VALIDE;chap->v.3: considerez celui telle part lui meme afin soyez
Hebreux 12:0;SKN;56-1002E;12;VALIDE;chap->v.3: telle part lui meme etant
Hebreux 12:0;VGR;56-1002E;23;VALIDE;chap->v.28: cest royaume dieu dune maniere lui soit
Hebreux 13:0;SKN;54-0404M;21;VALIDE;chap->v.12: jesus afin sanctifie peuple propre sang souffert hors
Hebreux 13:12;SKN;54-0404M;21;VALIDE;jesus afin sanctifie peuple propre sang souffert hors
Luc 24:49;SKN;54-0404M;21;VALIDE;voici moi pere ville soyez puissance haut
Hebreux 13:0;SKN;56-0200;12;VALIDE;chap->v.20: dieu grand puissance eternelle seigneur jesus
Hebreux 13:0;SKN;61-0124;19;VALIDE;chap->v.14: navons ici cite permanente celle venir
Jean 5:19;SKN;61-0124;47;EXACT;jesus dis fils lui meme quil chose pere [couverture 7/14]
Psaumes 22:0;SKN;61-0124;77;VALIDE;chap->v.9: cest toi mas porte mas donne
Hebreux 13:8;SKN;51-0929;22;VALIDE;jesus meme hier aujourdhui eternellement
Jean 5:0;SKN;51-0929;21;VALIDE;chap->v.20: pere aime fils lui montre choses quil lui
Jean 5:19;SKN;51-0929;21;EXACT;jesus verite dis fils rien lui meme quil [couverture 6/14]
Hebreux 13:8;SKN;52-0809;13;VALIDE;jesus christ meme hier aujourdhui eternellement
Jean 14:12;SKN;52-0809;13;VALIDE;dis celui moi lui fais grandes men vais
Psaumes 103:3;SKN;52-0809;16;VALIDE;cest lui pardonne tes iniquites guerit
Hebreux 13:8;SKN;52-0810E;15;VALIDE;jesus meme hier aujourdhui eternellement
Jean 5:0;SKN;52-0810E;23;VALIDE;chap->v.10: juifs dirent celui avait gueri cest jour sabbat
Jean 16:0;SKN;52-0810E;15;VALIDE;chap->v.27: pere lui meme aime parce aime avez moi
Jean 17:0;SKN;52-0810E;66;VALIDE;chap->v.11: suis monde monde moi viens pere saint nom
Matthieu 8:0;SKN;52-0810E;3;VALIDE;chap->v.9: moi suis homme moi dis lun autre viens
Hebreux 13:8;SKN;53-0215;7;VALIDE;jesus meme hier eternellement
Jean 5:19;SKN;53-0215;9;EXACT;jesus repondit verite dis fils rien lui meme [couverture 7/14]
Hebreux 13:8;SKN;53-1106;52;VALIDE;jesus christ meme hier aujourdhui eternellement
Jean 5:0;SKN;53-1106;49;VALIDE;chap->v.19: jesus verite verite dis fils rien lui meme
Jean 5:19;SKN;53-1106;50;EXACT;jesus verite dis fils rien lui meme quil [couverture 6/14]
Hebreux 13:8;SKN;54-0217;56;EXACT;jesus christ meme hier aujourdhui eternellement [couverture 6/6]
Hebreux 13:8;SKN;54-0314;36;VALIDE;jesus christ meme hier aujourdhui eternellement
Jean 5:0;SKN;54-0314;45;VALIDE;chap->v.4: ange descendait agitait leau premier entrait apres leau
Jean 5:19;SKN;54-0314;50;EXACT;jesus verite dis fils rien lui meme quil [couverture 7/14]
Jean 5:24;SKN;54-0314;20;EXACT;verite dis celui parole croit envoye vie eternelle [couverture 8/14]
Jeremie 1:4;SKN;54-0314;19;PARTIEL;commencé, pas achevé — parole moi
Marc 11:24;SKN;54-0314;40;VALIDE;cest pourquoi demanderez priant croyez sera
Marc 16:0;SKN;54-0314;40;VALIDE;chap->v.12: apres choses autre forme deux dentre etaient
Hebreux 13:8;SKN;54-0331;42;VALIDE;jesus meme hier eternellement
Jean 5:19;SKN;54-0331;12;EXACT;jesus verite dis fils rien lui meme chose [couverture 5/14]
Hebreux 13:8;SKN;54-0809E;33;VALIDE;jesus meme hier eternellement
Jean 5:19;SKN;54-0809E;14;EXACT;jesus verite dis fils rien lui meme chose [couverture 6/14]
Jean 5:19;SKN;54-0809E;33;EXACT;jesus verite dis fils rien lui meme voie [couverture 6/14]
Marc 11:24;SKN;54-0809E;31;VALIDE;dis demanderez croyez recevez sera
Hebreux 13:8;SKN;54-0824;6;VALIDE;jesus meme hier aujourdhui eternellement
Jean 5:19;SKN;54-0824;25;EXACT;jesus verite dis fils rien lui meme quil [couverture 8/14]
Hebreux 13:8;SKN;55-0113;39;VALIDE;jesus christ meme hier aujourdhui eternellement
Jean 5:19;SKN;55-0113;36;EXACT;jesus verite dis lui meme quil chose pere [couverture 8/14]
Jean 14:12;SKN;55-0113;4;VALIDE;verite dis celui croit moi fera uvres fais
Jean 14:12;SKN;55-0113;39;EXACT;verite dis moi fera lui uvres fais grandes [couverture 7/14]
Jean 15:0;SKN;55-0113;25;VALIDE;chap->v.5: moi suis cep sarments celui moi moi lui
Matthieu 19:18;SKN;55-0113;48;PARTIEL;commencé, pas achevé — lui jesus
Matthieu 28:18;SKN;55-0113;48;VALIDE;jesus disant ciel terre
Hebreux 13:8;SKN;56-0426;18;VALIDE;jesus christ meme hier aujourdhui eternellement
Hebreux 13:8;SKN;56-0426;31;VALIDE;jesus christ meme hier aujourdhui eternellement
Jean 5:19;SKN;56-0426;45;EXACT;jesus verite dis fils rien lui meme quil [couverture 8/14]
Marc 16:0;SKN;56-0426;24;VALIDE;chap->v.6: lui jesus crucifie ressuscite nest ici voici mis
Hebreux 13:8;SKN;56-0615;53;VALIDE;jesus christ meme hier aujourdhui eternellement
Jean 5:19;SKN;56-0615;50;EXACT;jesus verite dis fils rien lui meme quil [couverture 6/14]
Jean 5:19;SKN;56-0615;52;EXACT;jesus verite dis fils rien lui meme quil [couverture 11/14]
Matthieu 27:0;SKN;56-0615;16;VALIDE;chap->v.57: soir venu arriva homme riche nom etait joseph
Hebreux 13:8;SKN;56-1001;17;VALIDE;jesus christ meme hier aujourdhui eternellement
Jean 1:0;SKN;56-1001;23;VALIDE;chap->v.43: jesus jesus simon fils jonas seras appele pierre
Jean 5:0;SKN;56-1001;39;VALIDE;chap->v.3: etaient couches boiteux gens avaient membres mouvement leau
Jean 5:19;SKN;56-1001;43;EXACT;jesus verite dis fils rien lui meme quil [couverture 5/14]
Marc 16:0;SKN;56-1001;8;VALIDE;chap->v.16: aura cru aura sauve cru condamne
Hebreux 13:8;SKN;57-0104;26;VALIDE;jesus christ meme hier aujourdhui eternellement
Hebreux 13:8;SKN;57-0104;63;VALIDE;jesus christ meme hier aujourdhui eternellement
Jean 3:0;SKN;57-0104;24;VALIDE;chap->v.18: celui croit lui nest celui croit deja parce
Jean 5:0;SKN;57-0104;55;VALIDE;chap->v.19: jesus verite verite dis fils rien lui meme
Jean 5:19;SKN;57-0104;56;EXACT;jesus verite dis fils rien lui meme quil [couverture 8/14]
Jean 6:0;SKN;57-0104;48;VALIDE;chap->v.26: jesus verite verite dis parce avez parce avez
Jean 19:0;SKN;57-0104;56;VALIDE;chap->v.28: apres cela jesus etaient deja lecriture fut jai
Marc 16:0;SKN;57-0104;29;VALIDE;chap->v.16: celui aura cru aura sera celui cru sera
Psaumes 103:3;SKN;57-0104;51;VALIDE;cest lui tes guerit infirmites
Hebreux 13:8;SKN;57-0105;84;EXACT;jesus meme hier aujourdhui eternellement [couverture 5/6]
Jean 5:19;SKN;57-0105;88;EXACT;jesus verite dis fils rien lui meme quil [couverture 10/14]
Jean 14:0;SKN;57-0105;37;VALIDE;chap->v.10: suis pere pere dis dis meme pere
Psaumes 103:3;SKN;57-0105;13;VALIDE;cest tes guerit
Hebreux 13:8;SKN;57-0106;55;VALIDE;jesus meme hier aujourdhui eternellement
Jean 5:19;SKN;57-0106;55;EXACT;jesus verite dis fils rien lui meme quil [couverture 6/14]
Hebreux 13:8;SKN;57-0226;13;VALIDE;jesus christ meme hier aujourdhui eternellement
Jean 1:0;SKN;57-0226;32;VALIDE;chap->v.47: nathanael lui venir quelque chose bon nazareth philippe
Jean 4:0;SKN;57-0226;42;VALIDE;chap->v.9: femme samaritaine lui toi juif boire moi suis
Jean 5:19;SKN;57-0226;31;EXACT;jesus verite dis fils rien lui meme quil [couverture 5/14]
Jean 14:12;SKN;57-0226;21;VALIDE;dis celui croit moi fera lui fais parce
Hebreux 13:8;SKN;57-0323;60;VALIDE;christ meme hier aujourdhui eternellement
Jean 5:19;SKN;57-0323;63;EXACT;jesus dis rien lui meme quil chose pere [couverture 6/14]
Jean 14:0;SKN;57-0323;11;VALIDE;chap->v.9: lui suis longtemps mas connu philippe pere dis
Jean 14:8;SKN;57-0323;11;VALIDE;philippe lui seigneur montre pere cela suffit
Luc 24:49;SKN;57-0323;38;VALIDE;voici moi promesse ville jusqua soyez revetus puissance
Hebreux 13:8;SKN;57-0421E;11;EXACT;jesus christ meme hier aujourdhui eternellement [couverture 6/6]
Jean 4:0;SKN;57-0421E;103;VALIDE;chap->v.9: femme samaritaine lui juif moi femme samaritaine
Jean 5:19;SKN;57-0421E;30;EXACT;jesus verite dis fils rien lui meme quil [couverture 11/14]
Hebreux 13:8;SKN;57-0517;38;VALIDE;jesus christ meme hier aujourdhui eternellement
Jean 14:7;SKN;57-0517;38;VALIDE;connu pere maintenant
Matthieu 12:42;SKN;57-0517;12;EXACT;reine midi levera jugement generation condamnera vint terre [couverture 13/14]
Hebreux 13:8;SKN;57-0610;47;EXACT;jesus christ meme hier aujourdhui eternellement [couverture 6/6]
Jean 4:0;SKN;57-0610;71;VALIDE;chap->v.25: femme sais christ sera venu fera choses
Jean 5:0;SKN;57-0610;37;VALIDE;chap->v.19: jesus verite verite dis fils rien lui meme
Jean 5:19;SKN;57-0610;59;EXACT;jesus verite dis fils rien lui meme quil [couverture 7/14]
Jean 14:7;SKN;57-0610;26;PARTIEL;commencé, pas achevé — maintenant
Hebreux 13:8;SKN;57-0613E;51;VALIDE;jesus christ meme hier aujourdhui eternellement
Jean 5:19;SKN;57-0613E;47;EXACT;jesus repondit dis fils rien lui meme quil [couverture 6/14]
Jean 14:0;SKN;57-0613E;50;VALIDE;chap->v.10: crois moi suis pere pere moi moi dis
Psaumes 63:0;SKN;57-0613E;8;VALIDE;chap->v.1: dieu dieu cherche jour ame soif toi chair
Hebreux 13:8;SKN;57-0614;44;EXACT;jesus christ meme hier eternellement [couverture 5/6]
Jean 5:19;SKN;57-0614;44;EXACT;jesus verite dis fils rien lui meme chose [couverture 8/14]
Jean 5:24;SKN;57-0614;34;EXACT;celui entend parole vie eternelle jugement passe mort [couverture 5/14]
Hebreux 13:8;SKN;57-1211;13;VALIDE;jesus christ meme hier aujourdhui eternellement
Jean 5:0;SKN;57-1211;51;VALIDE;chap->v.19: jesus verite verite dis fils rien lui meme
Jean 14:0;SKN;57-1211;25;VALIDE;chap->v.10: moi suis pere pere moi moi dis dis
Matthieu 24:0;SKN;57-1211;32;VALIDE;chap->v.21: alors grande telle quil depuis monde jusqua maintenant
Matthieu 24:0;SKN;57-1211;33;VALIDE;chap->v.21: alors telle quil depuis commencement monde maintenant quil
Hebreux 13:8;SKN;57-1212;47;VALIDE;jesus christ meme hier aujourdhui eternellement
Jean 5:19;SKN;57-1212;43;EXACT;jesus verite dis fils rien lui quil chose [couverture 7/14]
Jean 5:19;SKN;57-1212;44;EXACT;jesus verite dis fils rien lui meme quil [couverture 7/14]
Jean 5:24;SKN;57-1212;43;VALIDE;verite dis parole vie passe
Hebreux 13:8;SKN;57-1213;24;EXACT;jesus meme hier aujourdhui eternellement [couverture 5/6]
Jean 4:0;SKN;57-1213;71;VALIDE;chap->v.25: femme lui sais appele vient sera venu fera
Jean 4:0;SKN;57-1213;72;VALIDE;chap->v.25: femme lui sais appele vient sera venu fera
Jean 4:0;SKN;57-1213;80;VALIDE;chap->v.25: femme lui sais messie appele vient sera venu
Jean 5:19;SKN;57-1213;13;EXACT;jesus dis fils rien lui meme quil chose [couverture 6/14]
Jean 5:19;SKN;57-1213;72;EXACT;jesus verite dis rien lui meme quil chose [couverture 8/14]
Jean 17:0;SKN;57-1213;5;VALIDE;chap->v.3: cest ici vie seul vrai dieu jesus
Psaumes 103:3;SKN;57-1213;64;VALIDE;cest pardonne tes guerit infirmites
Hebreux 13:8;SKN;58-0105;37;VALIDE;jesus meme hier aujourdhui eternellement
Jean 5:19;SKN;58-0105;37;VALIDE;jesus dis rien lui meme quil voie chose
Jean 14:8;SKN;58-0105;37;VALIDE;philippe lui seigneur montre pere cela
Hebreux 13:8;SKN;58-0208;69;VALIDE;jesus meme hier aujourdhui eternellement
Jean 5:19;SKN;58-0208;57;EXACT;jesus dis fils rien lui quil chose pere [couverture 9/14]
Marc 16:0;SKN;58-0208;16;VALIDE;chap->v.6: lui jesus ressuscite nest ici lieu mis
Hebreux 13:8;SKN;58-0225;12;VALIDE;jesus christ meme hier eternellement
Jean 4:0;SKN;58-0225;3;VALIDE;chap->v.9: femme lui toi juif moi suis femme juifs
Jean 5:0;SKN;58-0225;16;VALIDE;chap->v.19: jesus verite verite dis fils rien lui meme
Jean 5:19;SKN;58-0225;1;EXACT;jesus verite dis fils rien lui chose pere [couverture 10/14]
Psaumes 32:0;SKN;58-0225;1;VALIDE;chap->v.8: conseillerai ayant toi
Hebreux 13:8;SKN;58-0512;56;VALIDE;jesus christ meme hier aujourdhui eternellement
Psaumes 63:0;SKN;58-0512;5;VALIDE;chap->v.1: dieu dieu cherche ame soif toi apres toi
Hebreux 13:8;SKN;58-0524;59;VALIDE;jesus christ meme hier aujourdhui eternellement
Jean 4:0;SKN;58-0524;64;VALIDE;chap->v.9: femme samaritaine lui toi juif boire moi suis
Jean 4:0;SKN;58-0524;65;VALIDE;chap->v.10: jesus lui connaissais don dieu celui donne moi
Jean 5:19;SKN;58-0524;59;EXACT;jesus dis fils rien lui meme quil chose [couverture 7/14]
Jean 11:0;SKN;58-0524;45;VALIDE;chap->v.25: jesus lui moi suis resurrection vie moi quil
Jean 14:8;SKN;58-0524;60;VALIDE;lui seigneur pere cela
Psaumes 103:3;SKN;58-0524;16;VALIDE;cest lui tes guerit
Hebreux 13:8;SKN;58-0619E;10;VALIDE;jesus christ meme hier aujourdhui eternellement
Jean 1:0;SKN;58-0619E;25;VALIDE;chap->v.41: andre frere simon pierre etait entendu parler lui
Jean 4:0;SKN;58-0619E;34;VALIDE;chap->v.9: femme samaritaine lui comment toi juif boire moi
Jean 4:0;SKN;58-0619E;59;VALIDE;chap->v.9: femme lui comment toi moi suis femme nont
Jean 5:19;SKN;58-0619E;39;EXACT;jesus verite dis fils rien lui meme quil [couverture 5/14]
Jean 5:19;SKN;58-0619E;40;EXACT;jesus verite dis fils rien lui meme quil [couverture 5/14]
Jean 6:0;SKN;58-0619E;36;VALIDE;chap->v.35: jesus moi suis vie celui moi jamais celui
Jean 12:0;SKN;58-0619E;23;VALIDE;chap->v.22: philippe vient andre puis andre vient philippe disent
Jean 12:20;SKN;58-0619E;10;VALIDE;avait quelques grecs ceux etaient montes adorer pendant
Hebreux 13:8;SKN;58-0625;71;VALIDE;jesus christ meme hier aujourdhui eternellement
Jean 4:0;SKN;58-0625;77;VALIDE;chap->v.9: femme samaritaine lui comment toi juif boire moi
Matthieu 3:0;SKN;58-0625;27;VALIDE;chap->v.3: cest ici celui prophete disant celui preparez seigneur
Hebreux 13:8;SKN;59-0404;13;VALIDE;jesus christ meme hier aujourdhui eternellement
Jean 4:0;SKN;59-0404;36;VALIDE;chap->v.10: jesus repondit lui connaissais don dieu celui donne
Jean 5:19;SKN;59-0404;16;VALIDE;jesus verite dis fils rien lui meme quil
Jean 14:12;SKN;59-0404;8;EXACT;verite dis celui croit moi fera fais parce [couverture 7/14]
Hebreux 13:8;SKN;59-0614;36;VALIDE;jesus christ meme hier aujourdhui eternellement
Jean 1:0;SKN;59-0614;37;VALIDE;chap->v.30: cest moi apres moi homme avant moi etait
Jean 5:0;SKN;59-0614;44;VALIDE;chap->v.19: jesus verite verite dis fils rien lui meme
Jean 5:19;SKN;59-0614;45;EXACT;jesus verite dis fils rien lui meme quil [couverture 11/14]
Jeremie 8:22;SKN;59-0614;8;VALIDE;baume galaad medecin pourquoi fille peuple
Hebreux 13:8;SKN;60-0313;62;EXACT;jesus christ meme hier aujourdhui eternellement [couverture 6/6]
Jean 5:19;SKN;60-0313;62;EXACT;jesus dis fils rien lui meme quil pere [couverture 8/14]
Jean 14:0;SKN;60-0313;24;VALIDE;chap->v.10: crois moi pere pere moi moi dis dis
Hebreux 13:8;SKN;60-0401E;61;EXACT;jesus meme hier aujourdhui eternellement [couverture 5/6]
Jean 4:0;SKN;60-0401E;72;VALIDE;chap->v.10: jesus lui don dieu celui moi lui demande
Jean 5:19;SKN;60-0401E;61;EXACT;jesus verite dis fils rien lui meme quil [couverture 5/14]
Jean 14:0;SKN;60-0401E;54;VALIDE;chap->v.10: moi suis pere pere moi moi dis dis
Hebreux 13:8;SKN;60-0708;16;VALIDE;jesus meme hier aujourdhui eternellement
Jean 1:0;SKN;60-0708;36;VALIDE;chap->v.30: cest celui moi apres moi homme prend avant
Jean 4:0;SKN;60-0708;38;VALIDE;chap->v.50: jesus lui fils vit lhomme parole jesus lui
Jean 5:19;SKN;60-0708;86;EXACT;jesus verite dis fils rien lui meme quil [couverture 8/14]
Hebreux 13:8;SKN;60-0711;46;VALIDE;jesus christ meme hier
Jean 14:7;SKN;60-0711;46;PARTIEL;commencé, pas achevé — connu maintenant
Marc 16:0;SKN;60-0711;46;VALIDE;chap->v.17: accompagneront ceux auront cru nom chasseront demons parleront
Hebreux 13:8;SKN;60-0720;9;VALIDE;jesus christ meme hier aujourdhui eternellement
Jean 5:19;SKN;60-0720;56;EXACT;jesus verite dis fils rien lui meme quil [couverture 5/14]
Marc 16:0;SKN;60-0720;52;VALIDE;chap->v.6: lui jesus crucifie ressuscite nest ici voici lavait
Hebreux 13:8;SKN;60-0729;10;VALIDE;jesus christ meme hier eternellement
Jean 5:24;SKN;60-0729;26;VALIDE;celui parole croit envoye vie eternelle vient jugement
Jean 14:7;SKN;60-0729;20;VALIDE;pere maintenant connaissez
Psaumes 103:3;SKN;60-0729;86;VALIDE;lui tes guerit
Hebreux 13:8;SKN;61-0119E;134;EXACT;jesus meme hier aujourdhui eternellement [couverture 5/6]
Jean 5:19;SKN;61-0119E;138;EXACT;jesus verite dis fils rien lui meme quil [couverture 10/14]
Malachie 3:0;SKN;61-0119E;67;VALIDE;chap->v.18: alors ferez juste mechant celui celui
Malachie 4:0;SKN;61-0119E;67;VALIDE;chap->v.1: voici jour vient jour vient brulera
Marc 16:0;SKN;61-0119E;35;VALIDE;chap->v.16: celui cru sera celui cru sera
Matthieu 12:42;SKN;61-0119E;30;EXACT;reine midi levera jugement generation condamnera terre entendre [couverture 6/14]
Hebreux 13:8;SKN;61-0123;17;VALIDE;jesus christ meme hier aujourdhui eternellement
Jean 14:12;SKN;61-0123;17;VALIDE;moi fera lui fais parce vais
Matthieu 14:27;SKN;61-0123;18;VALIDE;jesus aussitot bon cest moi nayez peur
Hebreux 13:8;SKN;61-0219;20;VALIDE;jesus christ meme hier aujourdhui eternellement
Jean 4:0;SKN;61-0219;85;VALIDE;chap->v.50: jesus lui fils parole jesus lui avait dite
Jean 5:0;SKN;61-0219;86;VALIDE;chap->v.19: jesus verite verite dis fils rien lui meme
Jean 5:19;SKN;61-0219;86;EXACT;jesus verite dis fils rien lui meme quil [couverture 6/14]
Jean 5:24;SKN;61-0219;76;VALIDE;dis celui parole croit envoye vie eternelle vient
Marc 11:23;SKN;61-0219;7;VALIDE;dis montagne ote quil
Marc 16:0;SKN;61-0219;35;VALIDE;chap->v.17: ici signes accompagneront ceux auront cru demons langues
Hebreux 13:8;SKN;62-0611;51;VALIDE;jesus christ meme hier eternellement
Jean 5:24;SKN;62-0611;19;VALIDE;dis celui parole croit envoye vie eternelle jugement
Jean 14:12;SKN;62-0611;51;EXACT;dis celui croit moi fera fais celles [couverture 5/14]
Matthieu 6:0;SKN;62-0611;70;VALIDE;chap->v.6: toi prie pere demeure pere
Hebreux 13:8;SKN;62-0701;145;VALIDE;jesus christ meme
Jean 14:12;SKN;62-0701;120;EXACT;celui croit moi fera lui fais [couverture 8/14]
Josue 1:0;SKN;62-0701;32;VALIDE;chap->v.3: lieu foulera plante pied lai donne jai
Malachie 4:0;SKN;62-0701;81;VALIDE;chap->v.6: retourner peres peres pays
Matthieu 28:0;SKN;62-0701;116;VALIDE;chap->v.15: ayant parole sest parmi jusqua aujourdhui
Matthieu 28:0;SKN;62-0701;121;VALIDE;chap->v.15: eux ayant pris parole jusqua
Hebreux 13:8;SKN;62-0720;88;VALIDE;jesus christ meme hier aujourdhui eternellement
Jean 5:24;SKN;62-0720;81;VALIDE;dis celui entend parole croit envoye vie eternelle
Hebreux 13:8;SKN;62-0726;94;VALIDE;jesus meme hier aujourdhui eternellement
Jean 5:24;SKN;62-0726;85;VALIDE;dis celui entend parole croit envoye vie eternelle
Hebreux 13:8;SKN;62-1209;55;VALIDE;jesus christ meme hier eternellement
Jean 3:16;SKN;62-1209;43;EXACT;dieu tant aime monde donne fils unique afin [couverture 12/14]
Hebreux 13:8;SKN;63-0114;155;EXACT;jesus meme hier aujourdhui eternellement [couverture 5/6]
Hebreux 13:8;SKN;63-0114;165;EXACT;jesus meme hier aujourdhui eternellement [couverture 5/6]
Jean 5:24;SKN;63-0114;213;EXACT;celui parole croit envoye vie eternelle jugement passe [couverture 9/14]
Jean 14:13;SKN;63-0114;139;PARTIEL;commencé, pas achevé — soit fils
Joel 2:28;SKN;63-0114;219;EXACT;arrivera cela repandrai esprit chair vos fils filles [couverture 11/14]
Luc 24:49;SKN;63-0114;215;EXACT;voici promesse pere ville jusqua soyez revetus puissance [couverture 8/13]
Marc 16:0;SKN;63-0114;158;VALIDE;chap->v.11: ceux quil etait quil avait
Marc 16:0;SKN;63-0114;222;VALIDE;chap->v.17: ici accompagneront ceux auront cru nom chasseront demons
Matthieu 24:35;SKN;63-0114;76;PARTIEL;commencé, pas achevé — terre passeront
Hebreux 13:8;SKN;63-0117;160;EXACT;jesus meme hier aujourdhui eternellement [couverture 5/6]
Hebreux 13:8;SKN;63-0117;191;VALIDE;meme hier aujourdhui eternellement
Hebreux 13:8;SKN;63-0117;200;VALIDE;meme hier aujourdhui eternellement
Jean 14:12;SKN;63-0117;207;EXACT;dis celui croit moi fera fais [couverture 7/14]
Hebreux 13:8;SKN;63-0121;42;VALIDE;jesus christ meme hier eternellement
Luc 19:0;SKN;63-0121;21;VALIDE;chap->v.3: cherchait voir jesus quel etait pouvait cause foule
Hebreux 13:8;SKN;63-0428;41;EXACT;jesus christ meme hier aujourdhui eternellement [couverture 6/6]
Jean 3:14;SKN;63-0428;155;EXACT;moise eleva serpent desert ainsi faut fils lhomme [couverture 10/10]
Jean 6:0;SKN;63-0428;244;VALIDE;chap->v.35: jesus moi suis pain vie celui moi celui
Jean 14:12;SKN;63-0428;156;EXACT;dis croit moi lui fais [couverture 6/14]
Jean 16:0;SKN;63-0428;244;VALIDE;chap->v.15: qua moi quil quil
Romains 4:0;SKN;63-0428;100;VALIDE;chap->v.23: lui seul quil cela lui
Hebreux 13:8;SKN;63-1110E;42;VALIDE;jesus christ meme hier eternellement
Jean 4:4;SKN;63-1110E;42;PARTIEL;commencé, pas achevé — fallait traverse
Jean 14:12;SKN;63-1110E;42;VALIDE;verite dis celui croit moi fera lui fais
Marc 11:12;SKN;63-1110E;42;VALIDE;lendemain bethanie eut faim
Matthieu 24:0;SKN;63-1110E;42;VALIDE;chap->v.2: lui voyez choses verite dis sera laisse ici
Matthieu 28:20;SKN;63-1110E;42;VALIDE;garder choses voici moi suis jours
Hebreux 13:8;SKN;64-0212;104;EXACT;jesus meme hier aujourdhui eternellement [couverture 5/6]
Jean 4:0;SKN;64-0212;149;VALIDE;chap->v.10: jesus lui connaissais dieu lui
Jean 14:12;SKN;64-0212;105;EXACT;verite dis celui croit moi fera fais [couverture 10/14]
Joel 2:28;SKN;64-0212;106;VALIDE;arrivera cela fils
Luc 17:0;SKN;64-0212;108;VALIDE;chap->v.15: lun eux quil etait dieu
Luc 17:0;SKN;64-0212;137;VALIDE;chap->v.30: sera meme fils lhomme sera
Luc 17:26;SKN;64-0212;108;EXACT;arriva noe ainsi fils lhomme [couverture 5/8]
Luc 24:0;SKN;64-0212;5;VALIDE;chap->v.13: voici deux dentre eux etaient meme jour chemin
Malachie 3:0;SKN;64-0212;108;VALIDE;chap->v.16: alors leternel ont lun lautre leternel livre
Malachie 3:0;SKN;64-0212;138;VALIDE;chap->v.14: cest dieu quel quil
Malachie 4:0;SKN;64-0212;108;VALIDE;chap->v.6: fera peres fils fils peres
Malachie 4:0;SKN;64-0212;126;VALIDE;chap->v.6: fera peres fils fils peres
Malachie 4:0;SKN;64-0212;138;VALIDE;chap->v.6: peres fils fils peres vienne
Hebreux 13:8;SKN;64-0318;6;EXACT;jesus meme hier aujourdhui eternellement [couverture 5/6]
Hebreux 13:8;SKN;64-0318;20;EXACT;jesus meme hier aujourdhui eternellement [couverture 5/6]
Jean 4:0;SKN;64-0318;208;VALIDE;chap->v.15: femme lui seigneur donne afin vienne ici
Jean 6:0;SKN;64-0318;127;VALIDE;chap->v.22: etait cote quil avait celui
Malachie 3:0;SKN;64-0318;34;VALIDE;chap->v.14: cest dieu quel quil
Matthieu 11:0;SKN;64-0318;69;VALIDE;chap->v.10: cest ici celui ecrit moi jenvoie messager devant
Hebreux 13:8;SKN;64-0319;42;VALIDE;jesus christ meme hier aujourdhui eternellement
Jean 1:1;SKN;64-0319;36;EXACT;etait parole dieu [couverture 5/10]
Jean 5:0;SKN;64-0319;48;VALIDE;chap->v.19: jesus verite verite dis fils rien lui meme
Jean 5:19;SKN;64-0319;48;EXACT;jesus verite dis fils rien lui meme quil [couverture 6/14]
Jean 14:12;SKN;64-0319;42;EXACT;dis celui croit moi fera lui fais parce [couverture 7/14]
Malachie 4:0;SKN;64-0319;43;VALIDE;chap->v.3: mechants cendre pieds jour
Hebreux 13:8;SKN;64-0405;22;VALIDE;meme hier aujourdhui eternellement
Jacques 5:14;SKN;64-0405;20;VALIDE;quelquun malade quil appelle anciens quils lui dhuile
Jacques 5:14;SKN;64-0405;21;EXACT;quelquun malade quil appelle anciens quils lui dhuile [couverture 5/14]
Malachie 4:0;SKN;64-0405;36;VALIDE;chap->v.1: voici jour vient ceux seront jour vient
Marc 11:22;SKN;64-0405;20;PARTIEL;commencé, pas achevé — foi dieu
Marc 11:23;SKN;64-0405;21;VALIDE;verite dis montagne ote quil
Marc 16:0;SKN;64-0405;19;VALIDE;chap->v.4: regarde etait etait fort
Marc 16:0;SKN;64-0405;21;VALIDE;chap->v.16: celui cru sera sauve celui cru sera
Matthieu 15:26;SKN;64-0405;9;VALIDE;lui pain enfants chiens
Hebreux 13:8;SKN;64-0412;68;VALIDE;jesus meme hier eternellement
Jacques 5:14;SKN;64-0412;61;EXACT;parmi malade appelle anciens prient lui [couverture 6/14]
Jean 5:19;SKN;64-0412;27;EXACT;jesus verite dis fils rien lui meme chose [couverture 11/14]
Jean 14:12;SKN;64-0412;69;EXACT;dis croit moi fera lui fais parce [couverture 7/14]
Malachie 4:0;SKN;64-0412;136;VALIDE;chap->v.5: elie prophete avant grand
Marc 11:22;SKN;64-0412;64;VALIDE;jesus foi dieu
Marc 16:0;SKN;64-0412;59;VALIDE;chap->v.18: quelque cela imposeront mains
Marc 16:0;SKN;64-0412;60;VALIDE;chap->v.18: quelque cela imposeront mains ceux
Marc 16:0;SKN;64-0412;246;VALIDE;chap->v.5: homme droit robe
Marc 16:0;SKN;64-0412;252;VALIDE;chap->v.6: lui jesus ici
Marc 16:0;SKN;64-0412;265;VALIDE;chap->v.6: lui jesus ici
Matthieu 10:0;SKN;64-0412;227;VALIDE;chap->v.8: chassez demons avez recu gratuitement donnez gratuitement
Matthieu 12:0;SKN;64-0412;48;VALIDE;chap->v.32: quiconque contre sera quiconque contre
Hebreux 13:8;SKN;64-0416;176;VALIDE;meme hier aujourdhui eternellement
Hebreux 13:8;SKN;64-0416;190;PARTIEL;commencé, pas achevé — meme eternellement
Jean 3:16;SKN;64-0416;235;VALIDE;dieu afin croit lui
Jean 14:9;SKN;64-0416;190;PARTIEL;commencé, pas achevé — suis comment
Jean 14:12;SKN;64-0416;190;PARTIEL;commencé, pas achevé — fera parce
Luc 17:27-28;SKN;64-0416;190;PARTIEL;commencé, pas achevé — jour
Malachie 4:0;SKN;64-0416;190;VALIDE;chap->v.1: jour ceux jour
Hebreux 13:8;SKN;64-1227;208;VALIDE;meme hier aujourdhui eternellement
Jean 6:0;SKN;64-1227;174;VALIDE;chap->v.32: jesus verite verite dis moise vient pere veritable
Hebreux 13:8;VGR;54-1219M;283;EXACT;jesus meme hier aujourdhui eternellement [couverture 5/6]
Marc 16:0;VGR;54-1219M;46;VALIDE;chap->v.14: cur parce quils
Marc 16:0;VGR;54-1219M;50;VALIDE;chap->v.6: jesus ressuscite nest
Hebreux 13:8;VGR;56-1001;32;EXACT;jesus christ meme hier aujourdhui eternellement [couverture 6/6]
Jean 1:0;VGR;56-1001;42;VALIDE;chap->v.6: homme envoye dieu nom etait jean
Jean 5:0;VGR;56-1001;69;VALIDE;chap->v.6: jesus quil etait depuis lui veux gueri
Jean 5:19;VGR;56-1001;77;EXACT;jesus verite dis fils rien lui meme quil [couverture 11/14]
Marc 16:0;VGR;56-1001;18;VALIDE;chap->v.17: ici signes accompagneront ceux auront cru nom demons
Matthieu 12:42;VGR;56-1001;81;EXACT;reine midi levera jugement generation condamnera vint terre [couverture 5/14]
Hebreux 13:8;VGR;57-0421E;11;EXACT;jesus christ meme hier aujourdhui eternellement [couverture 6/6]
Jean 4:0;VGR;57-0421E;103;VALIDE;chap->v.9: femme samaritaine lui juif femme samaritaine
Jean 5:19;VGR;57-0421E;30;EXACT;jesus verite dis fils rien lui meme quil [couverture 11/14]
Hebreux 13:8;VGR;58-0225;38;EXACT;jesus christ meme hier aujourdhui eternellement [couverture 6/6]
Jean 4:0;VGR;58-0225;9;VALIDE;chap->v.50: jesus lui jesus lui avait alla
Jean 5:0;VGR;58-0225;49;VALIDE;chap->v.19: jesus verite verite dis fils rien lui meme
Jean 5:19;VGR;58-0225;5;EXACT;jesus verite dis fils rien lui quil chose [couverture 10/14]
Hebreux 13:8;VGR;59-0404;33;EXACT;jesus christ meme hier aujourdhui eternellement [couverture 6/6]
Jean 4:0;VGR;59-0404;91;VALIDE;chap->v.25: femme lui messie appele vient sera fera
Jean 5:19;VGR;59-0404;40;EXACT;jesus fils rien lui meme quil pere quelque [couverture 8/14]
Jean 14:12;VGR;59-0404;22;EXACT;verite dis celui croit moi fera uvres fais [couverture 11/14]
Hebreux 13:8;VGR;62-1209;62;EXACT;jesus christ meme hier aujourdhui eternellement [couverture 6/6]
Jean 3:16;VGR;62-1209;46;EXACT;dieu tant aime monde quil donne fils unique [couverture 14/14]
Hebreux 13:8;VGR;63-0114;155;EXACT;jesus meme hier aujourdhui eternellement [couverture 5/6]
Hebreux 13:8;VGR;63-0114;165;EXACT;jesus meme hier aujourdhui eternellement [couverture 5/6]
Jean 5:24;VGR;63-0114;213;EXACT;celui parole croit envoye vie eternelle vient jugement [couverture 10/14]
Jean 14:13;VGR;63-0114;139;PARTIEL;commencé, pas achevé — soit fils
Joel 2:28;VGR;63-0114;219;EXACT;cela repandrai esprit chair vos fils filles prophetiseront [couverture 10/14]
Luc 24:49;VGR;63-0114;215;EXACT;voici jenvoie promesse pere ville jusqua soyez revetus [couverture 9/13]
Marc 16:0;VGR;63-0114;158;VALIDE;chap->v.17: signes accompagneront ceux auront cru nom
Marc 16:0;VGR;63-0114;222;VALIDE;chap->v.17: signes accompagneront ceux auront cru nom chasseront demons
Matthieu 24:35;VGR;63-0114;76;PARTIEL;commencé, pas achevé — terre passeront
Hebreux 13:8;VGR;63-0121;142;EXACT;jesus meme hier aujourdhui eternellement [couverture 5/6]
Luc 19:0;VGR;63-0121;69;VALIDE;chap->v.3: cherchait voir jesus quel etait pouvait cause foule
Hebreux 13:8;VGR;63-1110E;190;EXACT;christ meme hier aujourdhui eternellement [couverture 5/6]
Jean 4:4;VGR;63-1110E;49;PARTIEL;commencé, pas achevé — quil
Jean 4:4;VGR;63-1110E;52;PARTIEL;commencé, pas achevé — quil
Jean 14:12;VGR;63-1110E;187;EXACT;verite dis celui croit moi fera lui uvres [couverture 8/14]
Jean 14:12;VGR;63-1110E;198;EXACT;verite dis celui moi lui uvres fais parce [couverture 7/14]
Marc 11:12;VGR;63-1110E;51;VALIDE;lendemain bethanie eut faim
Matthieu 24:0;VGR;63-1110E;190;VALIDE;chap->v.21: alors aura grande quil monde jusqua quil aura
Matthieu 28:20;VGR;63-1110E;49;PARTIEL;commencé, pas achevé — jusqua
Matthieu 28:20;VGR;63-1110E;190;PARTIEL;commencé, pas achevé — moi jusqua
Hebreux 13:8;VGR;64-0212;104;EXACT;jesus meme hier aujourdhui eternellement [couverture 5/6]
Jean 14:12;VGR;64-0212;105;EXACT;verite dis celui croit moi fera uvres fais [couverture 11/14]
Joel 2:28;VGR;64-0212;106;PARTIEL;commencé, pas achevé — cela fils
Luc 17:0;VGR;64-0212;108;VALIDE;chap->v.26: arriva noe ainsi sera fils lhomme
Luc 17:0;VGR;64-0212;137;VALIDE;chap->v.2: lui lui quil soit
Luc 17:26;VGR;64-0212;108;EXACT;arriva noe ainsi sera fils lhomme [couverture 6/8]
Luc 24:0;VGR;64-0212;5;VALIDE;chap->v.13: voici deux dentre eux etaient meme jour chemin
Malachie 3:0;VGR;64-0212;108;VALIDE;chap->v.11: celui devore quil soit
Malachie 3:0;VGR;64-0212;138;VALIDE;chap->v.14: cest dieu quel quil
Malachie 4:0;VGR;64-0212;108;VALIDE;chap->v.6: fera peres fils fils peres
Malachie 4:0;VGR;64-0212;126;VALIDE;chap->v.6: fera peres fils fils peres
Malachie 4:0;VGR;64-0212;138;VALIDE;chap->v.6: fera cur peres fils cur fils peres
Hebreux 13:8;VGR;64-0318;6;EXACT;jesus meme hier aujourdhui eternellement [couverture 5/6]
Hebreux 13:8;VGR;64-0318;20;EXACT;jesus meme hier aujourdhui eternellement [couverture 5/6]
Jean 4:0;VGR;64-0318;208;VALIDE;chap->v.15: femme seigneur donne moi vienne ici
Jean 6:0;VGR;64-0318;127;VALIDE;chap->v.2: parce quil faisait ceux etaient
Malachie 3:0;VGR;64-0318;34;VALIDE;chap->v.15: maintenant meme meme dieu
Matthieu 11:0;VGR;64-0318;69;VALIDE;chap->v.10: cest celui ecrit moi jenvoie messager devant face
Hebreux 13:8;VGR;64-0405;63;VALIDE;meme hier aujourdhui eternellement
Jacques 5:14;VGR;64-0405;59;VALIDE;quil anciens quils lui dhuile
Jacques 5:14;VGR;64-0405;61;EXACT;quelquun malade quil anciens quils lui dhuile [couverture 5/14]
Marc 11:22;VGR;64-0405;60;PARTIEL;commencé, pas achevé — foi dieu
Marc 11:23;VGR;64-0405;61;VALIDE;dis montagne ote cur quil
Marc 16:0;VGR;64-0405;58;VALIDE;chap->v.6: lui nest voici
Marc 16:0;VGR;64-0405;61;VALIDE;chap->v.6: lui crucifie nest voici mis
Hebreux 13:8;VGR;64-0416;176;VALIDE;meme hier aujourdhui eternellement
Hebreux 13:8;VGR;64-0416;190;VALIDE;meme hier eternellement
Jean 3:16;VGR;64-0416;235;VALIDE;dieu afin croit lui
Jean 14:9;VGR;64-0416;190;PARTIEL;commencé, pas achevé — suis
Jean 14:12;VGR;64-0416;190;PARTIEL;commencé, pas achevé — fera parce
Luc 17:27-28;VGR;64-0416;190;PARTIEL;commencé, pas achevé — jour
Malachie 4:0;VGR;64-0416;190;VALIDE;chap->v.1: jour ceux jour
Hebreux 13:8;VGR;64-1227;208;VALIDE;meme hier aujourdhui eternellement
Jean 6:0;VGR;64-1227;174;VALIDE;chap->v.32: jesus verite verite dis moise vient pere veritable
Hebreux 13:10;SKN;55-0626A;2;EXACT;avons autel ceux tabernacle manger [couverture 5/8]
Hebreux 13:10-14;SKN;50-0200;1;EXACT;avons autel ceux tabernacle nont manger corps animaux [couverture 6/8]
Hebreux 13:12;SKN;58-1007;6;EXACT;jesus afin sanctifie peuple propre sang souffert hors [couverture 9/12]
Romains 5:1;SKN;58-1007;5;EXACT;foi paix dieu seigneur jesus [couverture 5/10]
Hebreux 13:12;SKN;61-0214;48;VALIDE;cest jesus afin quil sanctifie peuple propre sang
Jean 17:17;SKN;61-0214;50;VALIDE;sanctifie verite parole
Romains 5:1;SKN;61-0214;50;VALIDE;foi dieu seigneur jesus christ
Hebreux 13:12;SKN;62-0519;40;EXACT;cest pourquoi jesus afin quil sanctifie peuple propre [couverture 5/12]
Nombres 19:0;SKN;62-0519;32;VALIDE;chap->v.2: cest ici loi leternel disant parle fils disrael
Hebreux 13:12;VGR;57-0915E;181;EXACT;cest pourquoi jesus afin quil sanctifie peuple propre [couverture 12/12]
Matthieu 26:26;VGR;57-0915E;65;EXACT;mangeaient jesus pain beni rompit donna disciples prenez [couverture 11/14]
Romains 5:1;VGR;57-0915E;181;EXACT;justifies foi avons paix dieu seigneur jesus christ [couverture 8/10]
Hebreux 13:12;VGR;58-1007;6;EXACT;cest jesus afin quil sanctifie peuple propre sang [couverture 11/12]
Romains 5:1;VGR;58-1007;5;EXACT;foi paix dieu seigneur jesus [couverture 5/10]
Jacques 5:0;SKN;53-1206E;17;VALIDE;chap->v.16: confessez vos fautes lun lautre priez lun lautre
Jean 1:0;SKN;53-1206E;19;VALIDE;chap->v.1: etait parole parole etait aupres dieu parole etait
Jean 5:19;SKN;53-1206E;69;EXACT;jesus verite dis fils rien lui meme quil [couverture 7/14]
Jean 5:24;SKN;53-1206E;67;VALIDE;verite dis celui entend parole vie eternelle vient
Jean 16:27;SKN;53-1206E;19;EXACT;pere lui meme aime parce mavez avez cru [couverture 8/14]
Jacques 5:1;SKN;60-1211E;189;VALIDE;maintenant riches pleurez cause
Luc 1:0;SKN;60-1211E;70;VALIDE;chap->v.15: sera grand devant seigneur boira vin sera rempli
Luc 1:0;SKN;60-1211E;97;VALIDE;chap->v.32: sera grand sera dieu pere
Luc 1:17;SKN;60-1211E;70;VALIDE;devant lui puissance peres enfants justes preparer
Luc 1:67;SKN;60-1211E;97;PARTIEL;commencé, pas achevé — pere
Luc 2:0;SKN;60-1211E;69;VALIDE;chap->v.23: ecrit seigneur sera appele saint seigneur
Malachie 4:0;SKN;60-1211E;68;VALIDE;chap->v.5: elie prophete avant grand jour
Matthieu 2:0;SKN;60-1211E;69;VALIDE;chap->v.20: toi petit enfant mere vie petit enfant
Matthieu 17:9;SKN;60-1211E;65;EXACT;descendaient montagne jesus personne vision fils soit ressuscite [couverture 8/14]
Matthieu 17:10;SKN;60-1211E;65;EXACT;disciples pourquoi scribes disent vienne premierement [couverture 6/11]
Jacques 5:1;VGR;60-1211E;187;EXACT;maintenant riches pleurez cause venir [couverture 5/9]
Luc 1:0;VGR;60-1211E;70;VALIDE;chap->v.15: sera grand devant seigneur boira vin sera rempli
Luc 1:17;VGR;60-1211E;70;VALIDE;devant lesprit puissance delie curs peres enfants justes
Luc 1:67;VGR;60-1211E;97;PARTIEL;commencé, pas achevé — pere
Luc 2:0;VGR;60-1211E;69;VALIDE;chap->v.23: quil ecrit seigneur sera appele saint seigneur
Malachie 4:0;VGR;60-1211E;68;VALIDE;chap->v.5: elie prophete avant grand jour leternel
Matthieu 2:0;VGR;60-1211E;69;VALIDE;chap->v.20: toi petit enfant mere disrael vie petit enfant
Matthieu 17:9;VGR;60-1211E;65;EXACT;descendaient montagne jesus dites personne vision jusqua fils [couverture 11/14]
Matthieu 17:10;VGR;60-1211E;65;EXACT;disciples pourquoi scribes quil quelie vienne premierement [couverture 7/11]
Romains 11:15-27;VGR;60-1211E;268;EXACT;rejet reconciliation monde sera sinon vie dentre morts [couverture 8/10]
Jacques 5:14;SKN;50-0227;6;VALIDE;parmi malade appelle anciens prient lui nom
Jacques 5:14;SKN;53-1130;21;VALIDE;quil quils lui nom
Jean 3:16;SKN;53-1130;21;VALIDE;dieu quil donne croit lui
Marc 16:0;SKN;53-1130;7;VALIDE;chap->v.17: ici signes accompagneront ceux auront cru nom chasseront
Jacques 5:14;SKN;57-0519E;12;VALIDE;quelquun malade quil lui nom
Jean 3:16;SKN;57-0519E;8;EXACT;dieu tant aime monde quil donne fils unique [couverture 7/14]
Jean 3:16;SKN;57-0519E;12;EXACT;dieu tant aime quil donne fils unique lui [couverture 5/14]
Jacques 5:14;SKN;57-0825M;45;VALIDE;malade anciens lui seigneur
Jean 5:19;SKN;57-0825M;58;EXACT;jesus fils rien lui meme chose pere quelque [couverture 8/14]
Jean 5:24;SKN;57-0825M;45;EXACT;celui entend parole croit envoye vie eternelle passe [couverture 8/14]
Marc 16:0;SKN;57-0825M;71;VALIDE;chap->v.20: eux partout seigneur eux parole
Jacques 5:14;SKN;58-0500;4;PARTIEL;commencé, pas achevé — malade seigneur
Jacques 5:14;SKN;63-0714E;52;VALIDE;parmi malade lui seigneur
Marc 16:0;SKN;63-0714E;31;VALIDE;chap->v.18: serpents quelque chose cela ceux
Marc 16:0;SKN;63-0714E;52;VALIDE;chap->v.2: grand matin semaine viennent
Marc 16:15-20;SKN;63-0714E;31;VALIDE;allez sera ici
Jacques 5:14;VGR;57-0825M;45;EXACT;malade quil anciens lui dhuile seigneur [couverture 6/14]
Jean 5:19;VGR;57-0825M;58;EXACT;jesus fils rien lui meme quil chose pere [couverture 9/14]
Jean 5:24;VGR;57-0825M;45;EXACT;celui entend parole croit envoye vie eternelle passe [couverture 8/14]
Marc 16:0;VGR;57-0825M;71;VALIDE;chap->v.20: eux partout seigneur eux confirmant parole
Jacques 5:14;VGR;63-0714E;102;EXACT;parmi malade quil quils lui seigneur [couverture 5/14]
Marc 16:0;VGR;63-0714E;72;VALIDE;chap->v.19: seigneur apres parle dieu
Marc 16:0;VGR;63-0714E;102;VALIDE;chap->v.6: lui jesus nest ici
Marc 16:15-20;VGR;63-0714E;72;PARTIEL;commencé, pas achevé — celui ici
Jean 1:0;SKN;58-0309E;70;VALIDE;chap->v.47: nathanael lui venir quelque chose bon nazareth philippe
Jean 4:0;SKN;58-0309E;132;VALIDE;chap->v.9: femme samaritaine lui juif moi suis femme samaritaine
Jean 5:19;SKN;58-0309E;68;EXACT;jesus verite dis fils rien lui meme pere [couverture 9/14]
Jean 1:0;SKN;58-0501;20;VALIDE;chap->v.30: cest moi apres moi vient homme prend avant
Jean 4:0;SKN;58-0501;46;VALIDE;chap->v.50: jesus lui fils vit jesus lui avait alla
Marc 16:0;SKN;58-0501;10;VALIDE;chap->v.6: lui jesus ressuscite nest ici voici lieu
Jean 1:0;SKN;58-0528;16;VALIDE;chap->v.30: cest moi apres moi homme moi etait
Matthieu 12:0;SKN;58-0528;86;VALIDE;chap->v.2: cela lui voila quil jour
Jean 1:0;SKN;63-0223;178;VALIDE;chap->v.1: commencement etait parole parole etait dieu parole etait
Jean 14:0;SKN;63-0223;235;VALIDE;chap->v.6: jesus lui moi suis vie moi
Jean 1:0;SKN;65-0718E;68;VALIDE;chap->v.1: commencement etait parole parole etait dieu parole etait
Jean 14:12;SKN;65-0718E;126;VALIDE;dis fera lui fais
actes 2:38;SKN;65-0718E;126;CORRIGE;annoncé Joel 2:38
Luc 17:30;SKN;65-0718E;126;VALIDE;sera meme jour
Malachie 4:0;SKN;65-0718E;126;VALIDE;chap->v.5: elie prophete jour
Malachie 4:0;SKN;65-0718E;160;VALIDE;chap->v.5: envoie elie prophete avant vienne jour
Jean 1:0;VGR;63-0223;178;VALIDE;chap->v.1: commencement etait parole parole etait dieu parole etait
Jean 14:0;VGR;63-0223;235;VALIDE;chap->v.6: lui moi suis vie vient moi
Jean 3:0;SKN;55-1111;84;VALIDE;chap->v.18: celui croit lui juge celui croit deja juge
Jean 5:24;SKN;55-1111;85;EXACT;dis celui entend parole croit envoye vie eternelle [couverture 12/14]
Jean 3:0;SKN;58-0619B;21;VALIDE;chap->v.3: jesus repondit lui verite verite dis nest voir
Jean 3:0;VGR;61-1231M;27;VALIDE;chap->v.2: celui vint lui nuit lui rabbi savons docteur
Jean 3:1-12;VGR;61-1231M;26;VALIDE;homme dentre pharisiens nom nicodeme chef juifs celui
Jean 3:16;SKN;50-0821;9;EXACT;dieu tant aime monde quil donne fils unique [couverture 5/14]
Jean 5:0;SKN;50-0821;43;VALIDE;chap->v.19: jesus repondit verite verite dis fils rien lui
Jean 3:16;SKN;53-1115M;81;VALIDE;dieu monde quil donne afin lui ait
Marc 16:0;SKN;53-1115M;85;VALIDE;chap->v.4: regarde pierre etait etait grande
Jean 3:16;SKN;54-0330;73;EXACT;dieu tant aime monde quil donne fils unique [couverture 14/14]
Jean 3:16;SKN;55-1007;60;VALIDE;dieu tant aime monde donne fils unique afin
Jean 3:16;SKN;56-0726;19;EXACT;dieu tant aime monde quil donne fils unique [couverture 6/14]
Jean 3:16;SKN;57-0126E;20;EXACT;dieu tant aime monde quil donne fils unique [couverture 14/14]
Jean 3:16;SKN;57-0126E;26;EXACT;dieu tant aime monde quil donne fils unique [couverture 10/14]
Jean 3:16;SKN;57-0126E;28;EXACT;dieu tant aime monde quil donne fils unique [couverture 11/14]
Jean 3:16;SKN;57-0126E;146;EXACT;dieu tant aime monde quil donne fils unique [couverture 12/14]
Jean 5:24;SKN;57-0126E;147;EXACT;celui entend parole croit envoye vie eternelle jugement [couverture 10/14]
Jean 3:16;SKN;57-0414;95;EXACT;dieu tant aime monde donne fils unique afin [couverture 12/14]
Psaumes 1:0;SKN;57-0414;76;VALIDE;chap->v.1: marche pecheurs moqueurs
Jean 3:16;SKN;57-0806;12;VALIDE;dieu tant aime monde donne fils unique afin
Jean 3:16;SKN;58-0314;2;EXACT;dieu tant aime monde donne fils unique afin [couverture 12/14]
Jean 3:16;SKN;58-0314;8;VALIDE;dieu tant monde donne
Jean 3:16;SKN;58-1228;127;EXACT;dieu tant aime monde quil donne fils unique [couverture 14/14]
Josue 5:0;SKN;58-1228;47;VALIDE;chap->v.12: apres quils ble pays eut fils
Michee 5:1;SKN;58-1228;27;PARTIEL;commencé, pas achevé — toi
Jean 3:16;SKN;59-0403;9;EXACT;dieu tant aime monde quil donne fils unique [couverture 5/14]
Psaumes 22:0;SKN;59-0403;9;VALIDE;chap->v.1: dieu dieu pourquoi mas abandonne loin paroles
Jean 3:16;SKN;59-0613;47;EXACT;dieu aime quil croit lui [couverture 5/14]
Jean 5:19;SKN;59-0613;13;VALIDE;jesus verite dis fils rien lui meme quil
Psaumes 63:0;SKN;59-0613;18;VALIDE;chap->v.1: dieu dieu cherche jour ame soif toi apres
Jean 3:16;SKN;62-0725;11;VALIDE;dieu tant aime monde quil donne fils unique
Jean 3:16;SKN;62-1231;14;VALIDE;dieu monde donne lui
Marc 16:0;SKN;62-1231;11;VALIDE;chap->v.19: parle fut ciel droite dieu
Jean 3:16;SKN;63-1222;27;EXACT;dieu tant aime monde quil donne fils unique [couverture 9/14]
Jean 3:16;SKN;63-1222;32;EXACT;dieu tant aime monde quil donne fils unique [couverture 9/14]
Jean 3:16;SKN;63-1222;34;EXACT;dieu tant aime monde quil donne fils unique [couverture 10/14]
Jean 12:0;SKN;63-1222;86;VALIDE;chap->v.6: cela quil pauvres parce quil etait voleur quil
Jean 12:1;SKN;63-1222;83;VALIDE;jesus jours etait
Jean 14:12;SKN;63-1222;62;EXACT;celui croit moi fera lui fais grandes celles [couverture 10/14]
Levitique 2:2;SKN;63-1222;69;PARTIEL;commencé, pas achevé — farine lencens
Levitique 16:6;SKN;63-1222;69;PARTIEL;commencé, pas achevé — peche lui
Matthieu 12:15;SKN;63-1222;70;PARTIEL;commencé, pas achevé — jesus
Jean 3:16;SKN;64-0726E;88;EXACT;dieu tant aime monde quil donne fils unique [couverture 14/14]
Jean 7:37;SKN;64-0726E;108;EXACT;fete jesus quelquun soif quil vienne moi boive [couverture 7/14]
Jean 14:0;SKN;64-0726E;68;VALIDE;chap->v.17: lesprit recevoir parce quil parce quil quil sera
Jeremie 2:0;SKN;64-0726E;27;VALIDE;chap->v.13: peuple mont abandonne moi source creuser citernes citernes
Jeremie 2:14;SKN;64-0726E;63;PARTIEL;commencé, pas achevé — israel mis
Psaumes 36:9;SKN;64-0726E;112;PARTIEL;commencé, pas achevé — source vie
Jean 3:16;VGR;54-0330;73;EXACT;dieu tant aime monde quil donne fils unique [couverture 14/14]
Jean 3:16;VGR;58-1228;127;EXACT;dieu tant aime monde quil donne fils unique [couverture 14/14]
Josue 5:0;VGR;58-1228;47;VALIDE;chap->v.12: apres quils ble pays eut fils
Michee 5:1;VGR;58-1228;27;PARTIEL;commencé, pas achevé — toi
Jean 3:16;VGR;62-1231;14;EXACT;dieu monde quil donne lui [couverture 5/14]
Marc 16:0;VGR;62-1231;11;VALIDE;chap->v.6: lui jesus nest lieu
Jean 3:16;VGR;64-0726E;88;EXACT;dieu tant aime monde quil donne fils unique [couverture 14/14]
Jean 7:37;VGR;64-0726E;108;EXACT;fete jesus quelquun soif quil vienne moi boive [couverture 7/14]
Jean 14:0;VGR;64-0726E;68;VALIDE;chap->v.17: lesprit recevoir parce quil parce quil quil sera
Jeremie 2:0;VGR;64-0726E;27;VALIDE;chap->v.13: peuple mont abandonne moi source creuser citernes citernes
Jeremie 2:14;VGR;64-0726E;63;PARTIEL;commencé, pas achevé — israel mis
Psaumes 36:9;VGR;64-0726E;112;PARTIEL;commencé, pas achevé — source vie
Jean 4:0;SKN;51-0729A;34;VALIDE;chap->v.50: jesus lui fils lhomme parole jesus lui avait
Jean 4:0;SKN;53-0829;6;VALIDE;chap->v.10: jesus repondit lui don dieu celui donne moi
Marc 11:24;SKN;53-0829;78;VALIDE;cest dis demanderez priant croyez recevez sera
Jean 4:0;SKN;53-1204;63;VALIDE;chap->v.25: femme lui sais appele christ vient celui sera
Jean 5:19;SKN;53-1204;62;EXACT;jesus verite dis fils rien lui meme quil [couverture 5/14]
Jean 4:0;SKN;55-0400;105;VALIDE;chap->v.9: femme samaritaine lui moi suis femme samaritaine
Jean 4:0;SKN;55-0819;30;VALIDE;chap->v.25: femme lui sais messie christ vient sera venu
Jean 5:0;SKN;55-0819;30;VALIDE;chap->v.19: jesus verite verite dis rien lui meme chose
Luc 2:0;SKN;55-0819;13;VALIDE;chap->v.20: sen dieu choses avaient vues
Luc 2:25-30;SKN;55-0819;13;VALIDE;homme nom juste saint
Jean 4:0;SKN;55-1001;83;VALIDE;chap->v.25: femme lui sais messie appele christ celui sera
Jean 5:0;SKN;55-1001;73;VALIDE;chap->v.19: jesus dis fils rien lui meme quil chose
Jean 5:19;SKN;55-1001;77;EXACT;jesus verite dis fils rien lui meme quil [couverture 6/14]
Jean 5:19;SKN;55-1001;78;EXACT;jesus verite dis fils rien lui meme quil [couverture 6/14]
Jean 4:0;SKN;56-0613;70;VALIDE;chap->v.10: jesus lui don dieu donne moi toi lui
Jean 5:19;SKN;56-0613;51;EXACT;jesus verite dis fils rien lui meme quil [couverture 7/14]
Luc 16:0;SKN;56-0613;65;VALIDE;chap->v.24: pere aie pitie moi envoie afin quil
Romains 4:0;SKN;56-0613;29;VALIDE;chap->v.13: nest promesse heritier monde faite abraham foi
Jean 4:0;SKN;56-0814;71;VALIDE;chap->v.25: femme lui messie christ vient celui sera venu
Jean 5:19;SKN;56-0814;70;EXACT;jesus verite dis fils rien lui meme chose [couverture 5/14]
Jean 4:0;SKN;57-0127E;62;VALIDE;chap->v.9: femme samaritaine lui comment toi juif demandes boire
Jean 4:0;SKN;57-0127E;80;VALIDE;chap->v.10: jesus lui don dieu moi toi lui demande
Jean 5:0;SKN;57-0127E;56;VALIDE;chap->v.19: jesus dis fils lui meme quil voie chose
Jean 5:19;SKN;57-0127E;51;VALIDE;jesus verite dis fils rien lui meme quil
Jean 16:0;SKN;57-0127E;53;VALIDE;chap->v.15: qua pere moi cest pourquoi jai quil prend
Jean 4:0;SKN;57-0308;53;VALIDE;chap->v.25: femme lui messie christ vient celui sera venu
Jean 10:0;SKN;57-0308;4;VALIDE;chap->v.7: jesus verite verite dis moi suis porte brebis
Jean 10:0;SKN;57-0308;10;VALIDE;chap->v.11: moi suis bon berger bon berger met vie
Psaumes 1:0;SKN;57-0308;9;VALIDE;chap->v.2: plaisir loi leternel medite loi jour nuit
Jean 4:0;SKN;57-0808;75;VALIDE;chap->v.9: femme samaritaine lui moi suis femme samaritaine
Jean 11:0;SKN;57-0808;33;VALIDE;chap->v.25: jesus lui moi suis vie croit moi quil
Jean 4:0;SKN;58-0325;53;VALIDE;chap->v.25: femme lui sais appele christ vient celui sera
Matthieu 27:0;SKN;58-0325;39;VALIDE;chap->v.19: etait assis femme lui rien juste jai aujourdhui
Jean 4:0;SKN;58-0329;39;VALIDE;chap->v.9: femme samaritaine lui comment toi juif moi suis
Jean 4:0;SKN;58-0508;51;VALIDE;chap->v.10: jesus lui don dieu donne moi toi lui
Jean 4:0;SKN;58-0521;69;VALIDE;chap->v.10: jesus lui don dieu celui donne moi lui
Jean 5:19;SKN;58-0521;58;EXACT;jesus verite dis fils rien lui meme quil [couverture 6/14]
Jean 4:0;SKN;58-0613;70;VALIDE;chap->v.25: femme lui sais christ vient celui sera venu
Jean 5:19;SKN;58-0613;60;EXACT;jesus verite dis fils rien lui meme quil [couverture 7/14]
Marc 16:0;SKN;58-0613;15;VALIDE;chap->v.6: lui nest ici voici mis
Matthieu 12:0;SKN;58-0613;20;VALIDE;chap->v.31: cest dis peche blaspheme sera pardonne hommes blaspheme
Jean 4:0;SKN;58-0620;61;VALIDE;chap->v.10: jesus lui don dieu celui moi boire toi
Jean 4:0;SKN;58-0620;62;VALIDE;chap->v.10: jesus lui don dieu celui donne moi boire
Jean 5:19;SKN;58-0620;60;EXACT;jesus verite fils rien lui meme quil voie [couverture 5/14]
Jean 4:0;SKN;58-1005E;229;VALIDE;chap->v.14: lui moi naura lui lui
Jean 4:0;SKN;58-1221M;105;VALIDE;chap->v.9: femme samaritaine lui comment toi juif demandes boire
Jean 4:0;SKN;59-0329E;53;VALIDE;chap->v.7: femme puiser leau jesus lui donne boire
Jean 4:0;SKN;59-0405E;50;VALIDE;chap->v.7: femme samarie vient jesus lui donne moi boire
Jean 4:0;SKN;59-0405E;59;VALIDE;chap->v.25: femme lui celui sera venu fera choses
Matthieu 12:42;SKN;59-0405E;4;VALIDE;reine midi levera jugement generation condamnera vint terre
Jean 4:0;SKN;59-0407;59;VALIDE;chap->v.10: jesus lui don dieu celui donne lui demande
Jean 5:19;SKN;59-0407;37;EXACT;jesus verite dis fils rien lui meme chose [couverture 6/14]
Jean 5:24;SKN;59-0407;46;VALIDE;dis celui parole croit envoye vie eternelle vient
Romains 8:14;SKN;59-0407;17;VALIDE;conduits dieu fils
Jean 4:0;SKN;59-0408;42;VALIDE;chap->v.25: femme lui sais messie christ vient sera venu
Psaumes 133:0;SKN;59-0408;38;VALIDE;chap->v.1: quil bon quil
Jean 4:0;SKN;59-0525;43;VALIDE;chap->v.10: jesus lui don dieu celui donne moi lui
Jean 4:0;SKN;59-1129;203;VALIDE;chap->v.9: femme samaritaine lui moi suis femme samaritaine
Jean 14:0;SKN;59-1129;44;VALIDE;chap->v.10: moi suis pere pere moi moi dis dis
Jean 14:0;SKN;59-1129;185;VALIDE;chap->v.10: crois moi pere pere moi moi dis dis
Jean 4:0;SKN;60-0329;48;VALIDE;chap->v.9: femme samaritaine lui moi suis femme samaritaine
Jean 5:24;SKN;60-0329;35;EXACT;verite dis celui parole croit envoye vie eternelle [couverture 5/14]
Jean 4:0;SKN;60-0604;60;VALIDE;chap->v.9: femme lui comment toi juif boire moi suis
Jean 5:19;SKN;60-0604;49;EXACT;jesus verite dis fils rien lui meme quil [couverture 8/14]
Jean 6:66;SKN;60-0604;8;VALIDE;lors plusieurs disciples retirerent lui
Jean 10:0;SKN;60-0604;16;VALIDE;chap->v.36: dites quil monde parce jai suis fils dieu
Jean 14:7;SKN;60-0604;44;PARTIEL;commencé, pas achevé — pere
Jean 4:0;SKN;60-0606;62;VALIDE;chap->v.10: jesus lui don dieu celui donne moi lui
Jean 5:24;SKN;60-0606;77;EXACT;dis celui parole croit envoye vie eternelle [couverture 7/14]
Jean 10:0;SKN;60-0606;20;VALIDE;chap->v.11: moi suis bon berger bon berger met vie
Jean 17:17;SKN;60-0606;23;VALIDE;sanctifie verite parole
Jean 4:0;SKN;60-1127E;95;VALIDE;chap->v.25: femme lui sais messie christ vient celui sera
Psaumes 63:0;SKN;60-1127E;53;VALIDE;chap->v.1: dieu dieu jour ame soif apres terre
Jean 4:0;SKN;62-0123;129;VALIDE;chap->v.25: femme lui sais appele christ vient sera fera
Jean 5:19;SKN;62-0123;137;EXACT;jesus verite dis fils rien lui meme voie [couverture 7/14]
Jean 4:0;SKN;62-0620;84;VALIDE;chap->v.9: femme samaritaine lui juif suis femme samaritaine juifs
Jean 14:12;SKN;62-0620;65;EXACT;dis celui croit moi fera lui fais parce [couverture 5/14]
Matthieu 14:0;SKN;62-0620;17;VALIDE;chap->v.24: bateau etait deja milieu mer battu vagues vent
Jean 4:0;VGR;58-1005E;229;VALIDE;chap->v.25: femme lui sais messie christ fera
Jean 4:0;VGR;59-0329E;53;VALIDE;chap->v.7: femme samarie puiser leau jesus lui donne boire
Jean 4:0;VGR;59-0525;120;VALIDE;chap->v.25: femme lui messie fera choses
Jean 4:0;VGR;60-0604;221;VALIDE;chap->v.9: femme juif boire femme juifs nont
Jean 5:19;VGR;60-0604;169;VALIDE;jesus meme quil
Jean 6:66;VGR;60-0604;21;VALIDE;plusieurs disciples retirerent lui
Jean 10:0;VGR;60-0604;49;VALIDE;chap->v.11: moi suis bon berger bon berger met vie
Jean 4:17;SKN;63-0126;306;VALIDE;femme nai lui
Joel 2:28;SKN;63-0126;263;VALIDE;cela repandrai esprit chair
Luc 24:49;SKN;63-0126;245;EXACT;jusqua soyez revetus puissance den [couverture 5/13]
Matthieu 5:0;SKN;63-0126;300;VALIDE;chap->v.22: moi dis frere sera frere
Jean 5:0;SKN;49-0718;16;VALIDE;chap->v.19: jesus verite verite dis fils rien lui meme
Jean 5:0;SKN;51-0415E;33;VALIDE;chap->v.20: pere fils lui montre choses lui meme lui
Jean 5:0;SKN;52-0713E;37;VALIDE;chap->v.19: jesus verite verite dis fils rien lui meme
Jean 5:0;SKN;52-0713E;38;VALIDE;chap->v.19: jesus verite verite dis fils rien lui meme
Jean 5:19;SKN;52-0713E;38;EXACT;jesus verite dis fils rien lui meme quil [couverture 10/14]
Jean 14:12;SKN;52-0713E;77;VALIDE;dis moi lui fais parce men
Jean 5:0;SKN;52-1027;19;VALIDE;chap->v.4: ange descendait leau premier entrait apres leau avait
Jean 5:0;SKN;52-1027;20;VALIDE;chap->v.19: jesus verite verite dis fils rien lui meme
Jean 5:19;SKN;52-1027;22;EXACT;jesus verite dis fils rien lui meme quil [couverture 6/14]
Jean 5:19;SKN;52-1027;23;EXACT;jesus verite dis fils rien lui meme quil [couverture 10/14]
Jean 9:0;SKN;52-1027;23;VALIDE;chap->v.9: cest lui dautres lui lui cest moi meme
Marc 11:24;SKN;52-1027;10;EXACT;cest dis demanderez priant croyez recevez sera [couverture 7/8]
Jean 5:0;SKN;53-0512;40;VALIDE;chap->v.26: pere vie lui meme donne fils vie lui
Jean 5:24;SKN;53-0512;10;VALIDE;dis celui parole croit envoye vie eternelle vient
Jean 6:0;SKN;53-0512;10;VALIDE;chap->v.35: jesus moi suis vie celui vient moi jamais
Jean 14:0;SKN;53-0512;28;VALIDE;chap->v.10: moi pere pere moi moi dis dis moi
Romains 9:0;SKN;53-0512;15;VALIDE;chap->v.11: avant enfants soient nes quils rien afin dieu
Jean 5:0;SKN;53-0612;10;VALIDE;chap->v.24: verite verite dis celui entend parole croit celui
Joel 1:0;SKN;53-0612;10;VALIDE;chap->v.2: ecoutez ceci loreille pays ceci arrive vos jours
Marc 16:0;SKN;53-0612;10;VALIDE;chap->v.16: celui aura cru aura baptise sera sauve celui
Matthieu 24:0;SKN;53-0612;10;VALIDE;chap->v.21: alors aura grande telle quil depuis monde jusqua
Jean 5:0;SKN;53-0903;33;VALIDE;chap->v.19: jesus verite verite dis fils rien lui meme
Jean 5:19;SKN;53-0903;33;EXACT;jesus verite dis fils rien lui meme quil [couverture 7/14]
Jean 5:0;SKN;53-1120;26;VALIDE;chap->v.19: jesus verite verite dis fils rien lui meme
Jean 5:0;SKN;53-1120;27;VALIDE;chap->v.19: jesus verite verite dis fils rien lui meme
Jean 5:19;SKN;53-1120;26;EXACT;jesus verite dis fils rien lui meme quil [couverture 8/14]
Marc 16:0;SKN;53-1120;10;VALIDE;chap->v.18: quelque chose cela imposeront mains ceux
Jean 5:0;SKN;53-1213E;65;VALIDE;chap->v.19: jesus verite verite dis fils rien lui meme
Jean 5:0;SKN;54-0307E;18;VALIDE;chap->v.19: jesus repondit verite verite dis fils rien lui
Jean 5:19;SKN;54-0307E;25;EXACT;jesus dis rien lui meme quil chose pere [couverture 9/14]
Jean 5:0;SKN;54-0320;74;VALIDE;chap->v.19: jesus verite verite dis fils rien lui meme
Jean 5:19;SKN;54-0320;74;EXACT;jesus verite dis fils rien lui meme quil [couverture 12/14]
Psaumes 103:3;SKN;54-0320;52;VALIDE;cest lui pardonne tes iniquites
Jean 5:0;SKN;55-0227E;65;VALIDE;chap->v.19: jesus verite verite dis fils rien lui meme
Jean 11:0;SKN;55-0227E;47;VALIDE;chap->v.25: jesus lui moi suis resurrection vie celui croit
Jean 5:0;SKN;55-0228;65;VALIDE;chap->v.19: jesus verite verite dis fils rien lui meme
Marc 16:0;SKN;55-0228;27;VALIDE;chap->v.6: lui cherchez jesus nest ici voici mis
Jean 5:0;SKN;56-0405;34;VALIDE;chap->v.19: jesus verite verite dis fils rien lui meme
Jean 5:19;SKN;56-0405;34;EXACT;jesus verite dis fils rien lui meme quil [couverture 8/14]
Jean 5:0;SKN;56-0612;7;VALIDE;chap->v.19: jesus dis fils rien lui meme chose quelque
Jean 5:7;SKN;56-0612;34;VALIDE;malade lui seigneur nai
Marc 16:0;SKN;56-0612;48;VALIDE;chap->v.16: celui cru baptise sera sauve celui cru sera
Psaumes 103:0;SKN;56-0612;21;VALIDE;chap->v.1: ame benis moi benisse saint nom
Jean 5:0;SKN;57-0922M;11;VALIDE;chap->v.19: jesus verite verite dis fils rien lui meme
Jean 5:1;SKN;50-0405;14;VALIDE;choses avait juifs jesus
Jean 5:19;SKN;50-0405;13;EXACT;jesus verite dis fils rien lui meme quil [couverture 5/14]
Marc 16:0;SKN;50-0405;22;VALIDE;chap->v.16: celui aura cru aura sera celui naura cru
Jean 5:7;SKN;59-0708M;23;VALIDE;lui nai lorsque pendant
Jean 5:19;SKN;48-0304;31;EXACT;jesus repondit verite dis fils rien lui meme [couverture 7/14]
Jean 5:19;SKN;50-0815;28;EXACT;jesus verite dis fils rien lui meme chose [couverture 6/14]
Marc 16:0;SKN;50-0815;24;VALIDE;chap->v.17: ici signes accompagneront ceux auront cru nom chasseront
Jean 5:19;SKN;51-0505;21;EXACT;jesus verite dis fils rien lui meme quil [couverture 10/14]
Jean 5:19;SKN;52-0720E;22;EXACT;jesus verite dis fils rien lui meme quil [couverture 8/14]
Matthieu 8:0;SKN;52-0720E;15;VALIDE;chap->v.17: fut accompli esaie disant lui meme pris nos
Jean 5:19;SKN;52-0727;31;EXACT;jesus verite dis fils rien lui meme quil [couverture 6/14]
Jean 5:19;SKN;53-0508;61;EXACT;jesus verite dis fils rien lui meme quil [couverture 8/14]
Jean 5:19;SKN;53-0603;33;EXACT;jesus verite dis fils rien lui meme quil [couverture 8/14]
Jean 5:19;SKN;53-0605;26;EXACT;jesus verite dis fils rien lui meme quil [couverture 6/14]
Jean 5:19;SKN;53-0905;40;EXACT;jesus verite dis fils rien lui meme quil [couverture 10/14]
Jean 5:19;SKN;54-0306;90;EXACT;jesus verite dis fils lui meme quil chose [couverture 5/14]
Jean 5:19;SKN;54-0401;29;EXACT;jesus dis fils rien lui meme quil chose [couverture 5/14]
Jean 5:19;SKN;54-0411;5;EXACT;jesus dis fils rien lui meme quil voie [couverture 7/14]
Jean 5:19;SKN;54-0411;30;EXACT;jesus verite dis fils rien lui meme quil [couverture 8/14]
Jean 5:33;SKN;54-0411;28;EXACT;avez envoye jean rendu temoignage verite [couverture 6/7]
Jean 5:19;SKN;54-0720E;34;VALIDE;jesus verite dis fils rien lui meme quil
Jean 5:19;SKN;54-0723;46;EXACT;jesus verite dis fils rien lui meme chose [couverture 5/14]
Jean 5:19;SKN;54-0825;20;VALIDE;jesus verite dis fils rien lui meme chose
Jean 5:19;SKN;54-0829E;1;EXACT;jesus fils rien lui meme quil pere [couverture 7/14]
Jean 5:19;SKN;55-0116E;22;EXACT;jesus dis fils rien lui meme quil chose [couverture 7/14]
Jean 5:19;SKN;55-0116E;31;EXACT;jesus dis lui meme quil voie chose pere [couverture 8/14]
Marc 16:0;SKN;55-0116E;17;VALIDE;chap->v.6: lui jesus ressuscite nest ici
Jean 5:19;SKN;55-0220A;51;EXACT;jesus verite dis fils rien lui meme quil [couverture 6/14]
Jean 5:24;SKN;55-0220A;28;VALIDE;dis celui parole croit envoye vie eternelle vient
Marc 16:0;SKN;55-0220A;48;VALIDE;chap->v.6: lui jesus ressuscite nest ici voici mis
Matthieu 3:0;SKN;55-0220A;11;VALIDE;chap->v.3: cest ici parle prophete disant seigneur
Jean 5:19;SKN;55-0604;33;EXACT;jesus verite dis fils rien lui meme quil [couverture 7/14]
Jean 5:19;SKN;55-0607;73;EXACT;jesus verite dis fils rien lui meme quil [couverture 8/14]
Jean 5:19;SKN;55-0611;81;EXACT;jesus verite dis fils rien lui meme voie [couverture 5/14]
Jeremie 1:4;SKN;55-0611;21;PARTIEL;commencé, pas achevé — moi disant
Marc 16:0;SKN;55-0611;16;VALIDE;chap->v.17: ici accompagneront ceux auront cru nom chasseront demons
Marc 16:0;SKN;55-0611;18;VALIDE;chap->v.6: lui jesus ressuscite ici mis
Marc 16:0;SKN;55-0611;73;VALIDE;chap->v.16: baptise sera sauve sera
Jean 5:19;SKN;55-0818;21;EXACT;jesus verite dis fils rien lui meme chose [couverture 5/14]
Jean 5:19;SKN;55-1114;9;EXACT;jesus verite dis fils rien lui meme quil [couverture 5/14]
Jean 5:19;SKN;55-1115;57;EXACT;jesus verite dis fils rien lui meme quil [couverture 8/14]
Marc 16:0;SKN;55-1115;66;VALIDE;chap->v.6: lui jesus ressuscite nest ici voici lieu lavait
Jean 5:19;SKN;56-0401M;64;EXACT;jesus dis fils rien lui meme quil chose [couverture 6/14]
Jean 11:0;SKN;56-0401M;34;VALIDE;chap->v.25: jesus lui moi suis vie celui croit moi
Jean 14:7;SKN;56-0401M;64;VALIDE;connu pere maintenant
Jean 5:19;SKN;56-0407;55;EXACT;jesus fils rien lui meme quil chose pere [couverture 5/14]
Luc 18:42;SKN;56-0407;12;VALIDE;jesus lui recouvre vue foi gueri
Jean 5:19;SKN;56-0408E;50;EXACT;jesus verite dis fils rien lui meme quil [couverture 8/14]
Jean 5:19;SKN;56-0421;44;EXACT;jesus verite dis rien lui quil pere [couverture 5/14]
Jean 5:19;SKN;56-0422;44;EXACT;jesus verite dis rien lui quil pere [couverture 5/14]
Jean 5:19;SKN;56-0722;27;EXACT;jesus verite dis fils rien lui meme quil [couverture 8/14]
Marc 11:24;SKN;56-0722;7;VALIDE;cest priant croyez
Matthieu 8:0;SKN;56-0722;6;VALIDE;chap->v.17: accompli esaie prophete lui meme pris nos nos
Jean 5:19;SKN;56-0930E;49;EXACT;jesus dis fils rien lui meme quil chose [couverture 5/14]
Jean 14:0;SKN;56-0930E;17;VALIDE;chap->v.9: jesus lui suis depuis connu celui comment dis
Jean 5:19;SKN;56-1206;84;EXACT;jesus verite dis fils rien lui meme quil [couverture 5/14]
Jean 5:19;SKN;56-1206;85;EXACT;jesus verite dis fils rien lui meme quil [couverture 10/14]
Marc 11:0;SKN;56-1206;72;VALIDE;chap->v.25: ferez avez chose contre lui
Marc 16:0;SKN;56-1206;72;VALIDE;chap->v.12: apres choses autre forme deux dentre
Jean 5:19;SKN;56-1215;30;VALIDE;jesus verite dis fils rien lui meme chose
Jean 5:19;SKN;56-1215;75;EXACT;jesus dis fils rien lui meme chose pere [couverture 6/14]
Jean 5:24;SKN;56-1215;60;VALIDE;dis celui entend parole croit envoye vie eternelle
Jean 5:19;SKN;57-0228;49;EXACT;jesus rien lui quil chose pere [couverture 6/14]
Matthieu 12:0;SKN;57-0228;16;VALIDE;chap->v.27: cest beelzebul moi chasse demons vos fils chassent
Jean 5:19;SKN;57-0302;8;VALIDE;jesus dis rien lui quil chose pere quelque
Jean 11:0;SKN;57-0302;5;VALIDE;chap->v.2: cetait marie seigneur dun lui pieds laquelle lazare
Jean 5:19;SKN;57-0310E;59;EXACT;jesus repondit verite dis fils rien lui meme [couverture 7/14]
Jean 14:0;SKN;57-0310E;22;VALIDE;chap->v.10: crois moi pere pere moi moi moi meme
Jean 5:19;SKN;57-0407E;9;EXACT;jesus dis rien lui meme quil chose pere [couverture 7/14]
Jean 5:19;SKN;57-0805;56;EXACT;jesus verite dis fils lui meme quil chose [couverture 8/14]
Jean 5:19;SKN;57-1215;8;EXACT;jesus verite dis fils rien lui meme quil [couverture 8/14]
Jean 5:19;SKN;57-1229;29;EXACT;jesus verite dis fils rien lui meme quil [couverture 5/14]
Jean 5:19;SKN;58-0107;53;EXACT;jesus dis rien lui meme quil chose pere [couverture 6/14]
Jean 5:19;SKN;58-0110;42;EXACT;jesus dis fils rien lui meme quil chose [couverture 8/14]
Jean 5:19;SKN;58-0530;57;EXACT;jesus dis fils rien lui meme quil chose [couverture 7/14]
Jean 5:19;SKN;59-1127;49;EXACT;jesus dis fils rien lui meme chose pere [couverture 6/14]
Matthieu 10:0;SKN;59-1127;45;VALIDE;chap->v.40: celui recoit recoit celui recoit recoit celui envoye
Jean 5:19;SKN;60-0210E;66;EXACT;jesus verite dis fils rien lui meme quil [couverture 11/14]
Jean 5:19;SKN;60-0302;61;EXACT;jesus verite dis fils rien meme quil chose [couverture 9/14]
Jean 5:19;SKN;60-0305;30;EXACT;jesus verite dis fils rien lui meme quil [couverture 5/14]
Jean 5:19;SKN;60-0305;37;EXACT;jesus dis fils rien lui meme quil chose [couverture 7/14]
Jean 5:19;SKN;60-0326;48;EXACT;jesus verite dis fils rien lui quil chose [couverture 6/14]
Job 23:3;SKN;60-0326;6;VALIDE;savais trouver assis
Jean 5:19;SKN;60-0402;25;EXACT;jesus repondit verite dis fils rien lui meme [couverture 8/14]
Marc 11:23;SKN;60-0402;4;VALIDE;dis toi mer quil
Jean 5:19;SKN;60-0722;76;EXACT;jesus verite dis fils rien lui meme quil [couverture 5/14]
Jean 5:19;SKN;61-0411;19;EXACT;jesus dis fils rien lui meme quil chose [couverture 6/14]
Jean 6:0;SKN;61-0411;18;VALIDE;chap->v.9: ici petit cinq deux quest cela tant monde
Jean 5:19;SKN;61-0520;74;VALIDE;jesus verite dis fils rien lui meme quil
Jean 5:19;SKN;62-0629;74;VALIDE;jesus dis fils lui meme quil chose pere
Jean 14:12;SKN;62-0629;85;EXACT;verite dis celui croit moi fera lui fais [couverture 6/14]
Jean 5:19;SKN;62-0630B;26;EXACT;jesus dis rien lui meme chose pere quelque [couverture 7/14]
Jean 15:0;SKN;62-0630B;14;VALIDE;chap->v.5: moi suis cep sarments celui moi moi lui
Jean 5:19;SKN;62-0713;69;EXACT;jesus verite fils rien lui meme quil chose [couverture 9/14]
Josue 1:0;SKN;62-0713;54;VALIDE;chap->v.14: vos vos enfants vos pays moise jourdain
Jean 5:19;SKN;64-0213;33;EXACT;verite dis fils rien lui quil chose pere [couverture 9/14]
Jean 11:0;SKN;64-0213;81;VALIDE;chap->v.6: quil lazare etait jours etait
Jean 5:19;VGR;55-0611;198;EXACT;jesus verite dis fils rien lui meme quil [couverture 11/14]
Jeremie 1:4;VGR;55-0611;51;PARTIEL;commencé, pas achevé — moi
Marc 16:0;VGR;55-0611;38;VALIDE;chap->v.17: accompagneront ceux auront cru nom chasseront demons parleront
Marc 16:0;VGR;55-0611;44;VALIDE;chap->v.6: lui jesus ressuscite nest ici mis
Marc 16:0;VGR;55-0611;178;VALIDE;chap->v.11: quil etait quil avait
Jean 5:19;VGR;56-0401M;148;EXACT;jesus dis fils rien lui meme quil chose [couverture 9/14]
Jean 11:0;VGR;56-0401M;72;VALIDE;chap->v.25: jesus lui moi suis celui croit moi quil
Jean 14:7;VGR;56-0401M;146;PARTIEL;commencé, pas achevé — pere maintenant
Jean 5:19;VGR;57-0407E;25;EXACT;jesus rien lui quil pere [couverture 5/14]
Jean 5:19;VGR;57-1229;83;EXACT;jesus verite dis fils rien lui quil chose [couverture 8/14]
Jean 5:19;VGR;60-0402;64;EXACT;jesus verite fils rien lui quil chose pere [couverture 9/14]
Marc 11:23;VGR;60-0402;10;VALIDE;dis mer cur quil
Jean 5:19;VGR;64-0213;33;EXACT;verite dis fils rien lui quil chose pere [couverture 9/14]
Jean 11:0;VGR;64-0213;81;VALIDE;chap->v.17: quil etait depuis quatre jours sepulcre
Jean 5:19;VGR;64-0315;306;EXACT;jesus fils rien lui meme quil chose pere [couverture 9/14]
Luc 24:49;VGR;64-0315;198;EXACT;voici promesse pere ville jusqua soyez revetus puissance [couverture 10/13]
Jean 5:24;SKN;54-0221;34;VALIDE;verite dis celui entend parole croit envoye vie
Marc 11:24;SKN;54-0221;36;VALIDE;cest dis demanderez priant croyez sera
Psaumes 103:3;SKN;54-0221;42;VALIDE;cest tes guerit
Jean 5:24;SKN;54-0228A;37;VALIDE;dis celui parole croit envoye vie eternelle vient
Marc 11:24;SKN;54-0228A;71;VALIDE;cest pourquoi dis demanderez priant croyez
Jean 5:24;SKN;54-0329;10;EXACT;celui entend parole croit envoye vie eternelle vient [couverture 11/14]
Jean 6:0;SKN;54-0329;11;VALIDE;chap->v.54: celui mange chair boit sang vie eternelle ressusciterai
Jean 5:24;SKN;54-1203;44;VALIDE;dis celui entend parole croit envoye vie eternelle
Psaumes 23:0;SKN;54-1203;16;VALIDE;chap->v.4: meme vallee lombre mort moi
Jean 5:24;SKN;55-0609;26;EXACT;verite dis celui envoye vie eternelle vient passe [couverture 6/14]
Jean 5:24;SKN;56-0101;70;EXACT;verite dis celui entend parole croit envoye vie [couverture 14/14]
Jean 5:24;SKN;56-0304;83;VALIDE;verite dis celui entend parole croit envoye vie
Jean 5:24;SKN;56-0805;139;EXACT;celui parole croit envoye vie eternelle jugement passe [couverture 9/14]
Romains 8:1;SKN;56-0805;100;EXACT;maintenant aucune condamnation ceux christ jesus [couverture 6/6]
Jean 5:24;SKN;57-0420;34;EXACT;celui entend parole croit envoye vie eternelle jugement [couverture 10/14]
Matthieu 24:0;SKN;57-0420;34;VALIDE;chap->v.30: alors fils ciel alors terre fils
Matthieu 27:0;SKN;57-0420;99;VALIDE;chap->v.63: disant seigneur pendant etait vie apres jours ressuscite
Psaumes 22:0;SKN;57-0420;58;VALIDE;chap->v.1: dieu dieu pourquoi abandonne
Jean 5:24;SKN;57-0818;158;EXACT;dis celui entend parole croit envoye vie eternelle [couverture 11/14]
Jean 5:24;SKN;59-1124;46;EXACT;verite dis celui entend parole croit envoye vie [couverture 6/14]
Jean 5:24;SKN;60-0612;65;EXACT;verite dis celui entend parole croit envoye vie [couverture 5/14]
Jean 5:24;SKN;61-0215;75;VALIDE;verite dis celui entend parole croit envoye vie
Jean 5:24;SKN;61-0218;69;VALIDE;dis celui parole croit envoye vie eternelle vient
Jeremie 8:22;SKN;61-0218;24;VALIDE;baume galaad medecin pourquoi fille peuple
Jean 5:24;SKN;62-0313;14;VALIDE;dis celui entend parole croit envoye vie eternelle
Jean 5:24;SKN;62-0719B;33;VALIDE;dis celui entend parole croit envoye vie eternelle
Jean 5:24;SKN;64-0410;61;VALIDE;dis celui parole croit envoye vie eternelle vient
Luc 17:0;SKN;64-0410;63;VALIDE;chap->v.26: jours ainsi sera jours fils lhomme
Malachie 3:0;SKN;64-0410;4;VALIDE;chap->v.1: voici jenvoie messager devant moi seigneur
Malachie 4:0;SKN;64-0410;4;VALIDE;chap->v.5: voici elie prophete grand jour
Malachie 4:0;SKN;64-0410;63;VALIDE;chap->v.1: jour vient ceux jour vient
Matthieu 12:0;SKN;64-0410;1;VALIDE;chap->v.42: reine midi levera jugement generation condamnera vint terre
Jean 5:24;SKN;64-0705X;3;VALIDE;dis celui entend parole croit envoye vie eternelle
Jean 5:24;VGR;54-0329;10;EXACT;celui parole croit envoye vie eternelle vient jugement [couverture 10/14]
Jean 6:0;VGR;54-0329;11;VALIDE;chap->v.54: celui mange chair boit sang vie eternelle ressusciterai
Jean 5:24;VGR;56-0101;93;EXACT;verite dis celui entend parole croit envoye vie [couverture 14/14]
Jean 5:24;VGR;56-0805;139;EXACT;celui parole croit envoye vie eternelle jugement passe [couverture 9/14]
Romains 8:1;VGR;56-0805;100;EXACT;maintenant aucune condamnation ceux christ jesus [couverture 6/6]
Jean 5:24;VGR;57-0420;34;EXACT;celui parole croit envoye vie eternelle vient jugement [couverture 10/14]
Matthieu 27:0;VGR;57-0420;99;VALIDE;chap->v.63: seigneur pendant quil etait vie apres jours ressuscite
Psaumes 22:0;VGR;57-0420;58;VALIDE;chap->v.16: ont perce mes mains mes pieds
Jean 5:24;VGR;57-0818;158;EXACT;dis celui entend parole croit envoye vie eternelle [couverture 12/14]
Jean 5:24;VGR;62-0313;39;EXACT;celui parole croit envoye vie eternelle vient jugement [couverture 10/14]
Jean 5:24;VGR;64-0705X;4;EXACT;dis celui entend parole croit envoye vie eternelle [couverture 5/14]
Jean 6:0;SKN;62-0121E;119;VALIDE;chap->v.26: jesus verite verite dis avez avez avez
Jean 6:0;SKN;63-0605;280;VALIDE;chap->v.71: cetait lui lui etait
Jean 14:12;SKN;63-0605;251;EXACT;dis celui croit moi fera lui fais grandes [couverture 6/14]
Jean 6:0;SKN;63-1114;139;VALIDE;chap->v.51: moi suis pain descendu ciel pain pain moi
Malachie 3:0;SKN;63-1114;150;VALIDE;chap->v.1: voici messager devant moi
Jean 6:0;VGR;62-0121E;282;VALIDE;chap->v.35: jesus suis vie celui vient jamais celui croit
Jean 6:0;VGR;63-1114;139;VALIDE;chap->v.41: parce quil avait moi suis pain descendu ciel
Malachie 3:0;VGR;63-1114;150;VALIDE;chap->v.1: voici jenvoie messager devant moi viendra
Jean 6:30;SKN;59-0510M;92;VALIDE;lui quel quelle
Jean 10:0;SKN;56-0129;3;VALIDE;chap->v.11: moi suis bon berger bon berger vie brebis
Jean 11:0;SKN;53-1122;92;VALIDE;chap->v.2: cetait seigneur dun lui lazare malade etait
Marc 16:0;SKN;53-1122;31;VALIDE;chap->v.18: auront quelque chose cela imposeront mains ceux
Jean 11:0;SKN;55-0813;25;VALIDE;chap->v.25: jesus lui moi suis vie moi quil soit
Jean 11:0;SKN;55-0826;10;VALIDE;chap->v.25: jesus lui moi vie croit moi soit mort
Jean 12:0;SKN;54-1003M;227;VALIDE;chap->v.36: pendant avez lumiere croyez lumiere afin soyez lumiere
Romains 8:1;SKN;54-1003M;240;EXACT;maintenant aucune condamnation ceux jesus [couverture 5/6]
Jean 12:0;SKN;55-0828E;2;VALIDE;chap->v.48: celui rejette recoit mes paroles juge parole jai
Jean 12:0;SKN;63-0118;92;VALIDE;chap->v.49: moi parle moi meme pere lui meme parler
Jean 14:12;SKN;63-0118;92;EXACT;verite dis celui croit moi fera lui fais [couverture 8/14]
Jean 12:0;VGR;54-1003M;227;VALIDE;chap->v.36: pendant avez lumiere croyez lumiere afin soyez lumiere
Romains 8:1;VGR;54-1003M;240;EXACT;maintenant aucune condamnation ceux jesus [couverture 5/6]
Jean 12:0;VGR;55-0828E;2;VALIDE;chap->v.20: quelques grecs dentre ceux etaient montes adorer pendant
Jean 12:0;VGR;63-0118;288;VALIDE;chap->v.49: moi nai parle moi meme pere lui meme
Jean 14:12;VGR;63-0118;288;EXACT;verite dis celui croit moi fera lui uvres [couverture 12/14]
Jean 13:35;SKN;60-0308;103;EXACT;ceci connaitront etes mes disciples avez [couverture 6/7]
Jean 14:7;SKN;60-0308;104;PARTIEL;commencé, pas achevé — pere maintenant
Marc 16:0;SKN;60-0308;105;VALIDE;chap->v.16: celui baptise sera sauve celui sera condamne
Psaumes 22:0;SKN;60-0308;72;VALIDE;chap->v.16: ont perce mes mains mes pieds
Psaumes 23:0;SKN;60-0308;37;VALIDE;chap->v.5: moi mes oint
Psaumes 105:0;SKN;60-0308;3;VALIDE;chap->v.15: disant touchez mes oints faites mal mes prophetes
Jean 13:35;VGR;60-0308;103;EXACT;ceci connaitront etes mes disciples avez lamour [couverture 7/7]
Jean 14:7;VGR;60-0308;104;PARTIEL;commencé, pas achevé — pere maintenant
Marc 16:0;VGR;60-0308;105;VALIDE;chap->v.16: celui baptise sera sauve celui sera condamne
Psaumes 22:0;VGR;60-0308;72;VALIDE;chap->v.16: ont perce mes mains mes pieds
Psaumes 23:0;VGR;60-0308;37;VALIDE;chap->v.5: moi mes oint
Psaumes 105:0;VGR;60-0308;3;VALIDE;chap->v.3: glorifiez saint nom cur ceux cherchent leternel rejouisse
Jean 14:0;SKN;50-0115;13;VALIDE;chap->v.10: crois moi suis pere pere moi moi moi
Jean 14:0;SKN;53-0907A;19;VALIDE;chap->v.10: crois moi suis pere pere moi paroles moi
Jean 14:0;SKN;53-0907A;22;VALIDE;chap->v.12: verite verite dis celui moi fera lui moi
Job 14:0;SKN;53-0907A;29;VALIDE;chap->v.12: ainsi lhomme jusqua quil cieux
Marc 16:0;SKN;53-0907A;76;VALIDE;chap->v.18: quelque chose mortel cela mains
Marc 16:0;SKN;53-0907A;79;VALIDE;chap->v.6: lui nest ici mis
Matthieu 11:27;SKN;53-0907A;79;VALIDE;mont personne nest
Jean 14:0;SKN;55-0501A;23;VALIDE;chap->v.10: crois moi suis pere pere moi moi dis
Jean 14:0;SKN;57-0809;13;VALIDE;chap->v.10: moi pere pere moi moi dis dis moi
Jean 14:0;SKN;58-0209A;22;VALIDE;chap->v.10: moi suis pere pere moi paroles moi dis
Jean 14:0;SKN;58-1003;22;VALIDE;chap->v.12: verite verite dis celui moi fera lui moi
Jean 14:0;SKN;61-1231E;135;VALIDE;chap->v.10: moi moi paroles moi moi meme demeure
Jean 14:12;SKN;61-1231E;86;EXACT;dis croit moi fera fais parce [couverture 7/14]
Jean 15:0;SKN;61-1231E;135;VALIDE;chap->v.4: demeurez moi moi lui meme demeure meme
Jean 15:7;SKN;61-1231E;125;EXACT;demeurez moi mes paroles demeurent sera [couverture 6/8]
Jean 15:7;SKN;61-1231E;135;EXACT;demeurez moi mes paroles demeurent sera [couverture 6/8]
Jean 14:0;VGR;55-0501A;41;VALIDE;chap->v.10: crois suis pere pere dis dis pere demeure
Jean 14:0;VGR;58-1003;41;VALIDE;chap->v.10: moi suis moi moi dis dis moi meme
Jean 14:7;SKN;57-0629;44;PARTIEL;commencé, pas achevé — maintenant
Jean 14:7;SKN;59-1004E;29;PARTIEL;commencé, pas achevé — maintenant
Jean 14:8;SKN;59-0920;8;VALIDE;lui seigneur montre pere cela
Psaumes 1:0;SKN;59-0920;8;VALIDE;chap->v.3: sera arbre plante pres rend fruit saison feuille
Psaumes 80:0;SKN;59-0920;8;VALIDE;chap->v.1: berger prete toi joseph troupeau toi assis cherubins
Psaumes 80:7;SKN;59-0920;8;VALIDE;dieu armees ramene fais face serons sauves
Jean 14:8;VGR;59-0920;167;VALIDE;lui seigneur cela
Psaumes 1:0;VGR;59-0920;54;VALIDE;chap->v.3: sera arbre plante pres fruit saison feuille quil
Psaumes 80:0;VGR;59-0920;26;VALIDE;chap->v.1: berger disrael prete loreille toi menes joseph troupeau
Psaumes 80:7;VGR;59-0920;44;VALIDE;dieu fais luire
Jean 14:12;SKN;59-0811;32;VALIDE;dis celui croit moi fera lui fais parce
Jean 14:12;SKN;62-0119;64;EXACT;verite dis celui croit moi fera lui fais [couverture 8/14]
Marc 16:0;SKN;62-0119;57;VALIDE;chap->v.16: celui cru baptise sera celui cru sera
Jean 14:12;SKN;62-0622E;72;EXACT;verite celui croit moi fera lui fais vais [couverture 5/14]
Jean 14:12;SKN;63-0630E;229;EXACT;dis croit moi fera lui fais [couverture 8/14]
Marc 16:0;SKN;63-0630E;229;VALIDE;chap->v.16: cru sera cru sera condamne
Matthieu 22:0;SKN;63-0630E;33;VALIDE;chap->v.7: roi irrite envoye troupes meurtriers brula ville
Matthieu 22:0;SKN;63-0630E;34;VALIDE;chap->v.7: roi envoye troupes meurtriers brula ville
Jean 14:12;SKN;63-0717;141;EXACT;verite dis celui croit moi fera lui fais [couverture 11/14]
Jean 14:12;SKN;64-0209;61;EXACT;celui croit moi fera lui fais [couverture 8/14]
Malachie 4:0;SKN;64-0209;59;VALIDE;chap->v.5: prophete grand jour
Malachie 4:0;SKN;64-0209;63;VALIDE;chap->v.1: jour ceux jour
Malachie 4:0;SKN;64-0209;172;VALIDE;chap->v.1: jour ceux jour
Jean 14:12;SKN;64-0314;24;VALIDE;celui croit moi fera lui fais parce
Luc 24:49;SKN;64-0314;42;VALIDE;moi promesse pere ville jusqua soyez puissance den
Matthieu 5:0;SKN;64-0314;50;VALIDE;chap->v.13: etes terre sera nest rien qua jete dehors
Jean 14:12;VGR;60-0417M;51;EXACT;dis celui croit moi fera lui uvres fais [couverture 5/14]
Marc 11:23;VGR;60-0417M;222;EXACT;verite dis dira toi quil [couverture 5/14]
Marc 16:0;VGR;60-0417M;34;VALIDE;chap->v.9: etant ressuscite matin premier jour semaine apparut marie
Jean 14:12;VGR;63-0630E;229;EXACT;dis celui croit moi fera lui uvres fais [couverture 10/14]
Marc 16:0;VGR;63-0630E;229;VALIDE;chap->v.6: lui jesus nest voici mis
Matthieu 22:0;VGR;63-0630E;34;VALIDE;chap->v.7: roi envoye troupes fit perir meurtriers brula ville
Matthieu 22:1;VGR;63-0630E;33;PARTIEL;commencé, pas achevé — jesus
Jean 14:12;VGR;63-0717;181;EXACT;verite dis celui croit moi fera lui uvres [couverture 12/14]
Jean 15:0;SKN;57-0516;44;VALIDE;chap->v.2: sarment porte fruit sarment porte fruit quil porte
Jean 15:0;SKN;58-0228;63;VALIDE;chap->v.2: sarment moi porte fruit sarment porte fruit quil
Psaumes 42:1;SKN;58-0228;34;VALIDE;cerf apres courants deau ainsi ame crie toi
Psaumes 63:0;SKN;58-0228;7;VALIDE;chap->v.1: dieu dieu cherche jour ame soif toi apres
Jeremie 1:4;SKN;53-0602;5;VALIDE;parole moi disant
Jeremie 1:4;SKN;58-0518;52;PARTIEL;commencé, pas achevé — moi
job 7:16;SKN;51-0415A;72;CORRIGE;annoncé Job 7:27
job 7:4;SKN;60-0804;24;CORRIGE;annoncé Job 7:27
Job 14:0;SKN;53-0405S;43;VALIDE;chap->v.13: voulais cacher cache jusqua colere temps moi
Job 19:0;VGR;60-0417S;16;VALIDE;chap->v.21: ayez pitie moi ayez pitie moi mes amis
Matthieu 28:0;VGR;60-0417S;12;VALIDE;chap->v.7: allez promptement dites disciples quil ressuscite morts voici
Job 42:0;SKN;52-0718;17;VALIDE;chap->v.8: maintenant prenez sept taureaux sept beliers allez serviteur
Joel 2:0;SKN;55-0626E;12;VALIDE;chap->v.11: leternel devant armee grand parole puissant parce leternel
Marc 16:0;SKN;55-0626E;9;VALIDE;chap->v.17: ici accompagneront ceux auront cru nom chasseront demons
Matthieu 10:0;SKN;55-0626E;8;VALIDE;chap->v.8: guerissez ressuscitez morts lepreux chassez demons avez recu
Matthieu 12:39;SKN;55-0626E;6;EXACT;lui generation mechante adultere signe sera donne jonas [couverture 5/14]
Joel 2:28;SKN;53-0800;10;VALIDE;cela esprit chair fils filles vieillards songes jeunes
Josue 1:0;SKN;60-0911M;7;VALIDE;chap->v.5: personne tiendra devant jours vie moise
Josue 1:0;SKN;60-0911M;15;VALIDE;chap->v.2: moise serviteur mort maintenant leve toi passe jourdain
Marc 16:0;SKN;60-0911M;87;VALIDE;chap->v.16: celui aura cru aura baptise sera sauve celui
Josue 1:0;VGR;60-0911M;8;VALIDE;chap->v.5: tiendra devant toi jours vie jai moise serai
Josue 1:0;VGR;60-0911M;14;VALIDE;chap->v.2: moise serviteur mort maintenant leve toi passe jourdain
Marc 16:0;VGR;60-0911M;76;VALIDE;chap->v.17: ici signes accompagneront ceux auront cru nom chasseront
Josue 3:0;SKN;55-0119;3;VALIDE;chap->v.7: leternel josue aujourdhui commencerai telever yeux israel afin
Luc 7:36;SKN;55-0828A;10;VALIDE;pria manger lui maison pharisien mit table
Luc 7:36;SKN;55-0911;115;EXACT;pria manger lui maison pharisien mit table [couverture 7/9]
Luc 7:36;SKN;62-0127;29;VALIDE;pria manger lui maison pharisien mit table
Luc 7:36;VGR;55-0911;84;VALIDE;pharisiens pria manger lui maison pharisien mit table
Luc 7:36-50;VGR;55-0828A;11;VALIDE;pharisiens pria manger lui maison pharisien mit table
Luc 8:50;SKN;61-0427;13;VALIDE;jesus entendu lui crains crois seulement sera sauvee
Luc 16:0;SKN;59-0419A;174;VALIDE;chap->v.10: petit grand petit grand
Luc 16:0;VGR;59-0419A;30;VALIDE;chap->v.1: avait homme riche avait celui devant lui
Luc 16:16;SKN;55-0123E;3;VALIDE;loi prophetes ont jusqua jean lors royaume dieu
Luc 24:49;SKN;55-0123E;23;VALIDE;moi promesse pere ville jusqua puissance
Luc 24:0;SKN;58-0406E;1;VALIDE;chap->v.7: disant faut fils lhomme soit livre mains pecheurs
Luc 24:0;SKN;58-0406E;6;VALIDE;chap->v.21: quil etait cela cest aujourdhui jour depuis choses
Luc 24:49;VGR;56-0723;96;EXACT;moi ville jusqua soyez revetus puissance den haut [couverture 8/13]
Marc 11:24;VGR;56-0723;96;VALIDE;cest dis sera
Romains 8:0;VGR;56-0723;21;VALIDE;chap->v.5: ceux selon chair pensees chair ceux selon lesprit
Marc 5:19;SKN;55-0621;8;PARTIEL;commencé, pas achevé — lui seigneur
Marc 16:0;SKN;55-0621;7;VALIDE;chap->v.16: celui cru baptise sera sauve celui cru sera
Matthieu 8:5-10;SKN;55-0621;1;VALIDE;entrait capernaum lui disant seigneur serviteur couche maison
Marc 6:0;SKN;59-1120;14;VALIDE;chap->v.48: ramer vent etait contraire quatrieme veille nuit eux
Marc 8:0;SKN;56-0513;1;VALIDE;chap->v.1: jours avait fort grande foule rien manger jesus
Marc 8:16;SKN;56-0513;1;VALIDE;eux disant parce
Matthieu 16:25;SKN;56-0513;1;EXACT;quiconque voudra sauver vie perdra moi trouvera [couverture 5/11]
Marc 8:0;VGR;56-0513;51;VALIDE;chap->v.34: ayant appele foule disciples veut venir apres moi
Marc 8:16;VGR;56-0513;51;PARTIEL;commencé, pas achevé — cest
Matthieu 16:25;VGR;56-0513;46;EXACT;voudra sauver vie perdra moi trouvera [couverture 8/11]
Marc 10:0;SKN;57-0407M;5;VALIDE;chap->v.14: jesus cela laissez venir moi petits enfants empechez
Marc 10:0;VGR;57-0407M;14;VALIDE;chap->v.14: laissez venir moi petits enfants empechez royaume dieu
Marc 11:21;SKN;61-1210;250;EXACT;pierre setait passe lui figuier maudit sec [couverture 7/10]
Marc 11:22;SKN;61-1210;104;PARTIEL;commencé, pas achevé — jesus
Marc 11:22;SKN;63-0304;54;VALIDE;jesus ayez foi dieu
Marc 11:22;VGR;63-0304;125;VALIDE;ayez foi dieu
Marc 11:24;SKN;50-0810;5;VALIDE;cest pourquoi dis priant croyez recevez sera
Marc 11:24;SKN;52-0725;56;VALIDE;dis demanderez priant croyez sera
Marc 11:24;SKN;53-0216;7;VALIDE;dis demanderez croyez sera
Marc 11:24;SKN;59-0813;15;PARTIEL;commencé, pas achevé — dis croyez
Marc 11:24;VGR;53-0216;12;EXACT;cest demanderez priant croyez sera [couverture 5/8]
Marc 16:0;SKN;53-0608E;37;VALIDE;chap->v.17: ici accompagneront ceux auront cru nom
Romains 4:0;SKN;53-0608E;17;VALIDE;chap->v.3: abraham dieu cela lui fut
Marc 16:0;SKN;54-1219M;45;VALIDE;chap->v.14: etaient parce quils
Marc 16:0;SKN;54-1219M;50;VALIDE;chap->v.6: jesus ressuscite nest
Marc 16:0;SKN;57-0309E;54;VALIDE;chap->v.16: celui aura cru aura sera celui cru sera
Marc 16:0;SKN;58-0130;11;VALIDE;chap->v.11: ceux quil etait vivant quil avait
Marc 16:0;SKN;58-0130;12;VALIDE;chap->v.16: aura cru aura baptise sera cru sera
Marc 16:0;SKN;58-0130;15;VALIDE;chap->v.18: auront quelque chose cela imposeront mains ceux
Marc 16:0;SKN;60-0515M;53;VALIDE;chap->v.16: celui cru baptise sera sauve celui cru sera
Marc 16:0;SKN;61-1001M;173;VALIDE;chap->v.17: accompagneront ceux auront cru nom chasseront demons parleront
Marc 16:0;SKN;64-0215;74;VALIDE;chap->v.17: ici accompagneront ceux auront cru
Marc 16:0;VGR;60-0515M;56;VALIDE;chap->v.16: celui cru baptise sera sauve celui cru sera
Marc 16:0;VGR;64-0215;74;VALIDE;chap->v.17: ici accompagneront ceux auront cru
Matthieu 2:0;SKN;55-1005;25;VALIDE;chap->v.15: fut mort fut seigneur avait appele fils
Matthieu 27:0;SKN;55-1005;26;VALIDE;chap->v.11: jesus devant jesus lui dis
Matthieu 5:0;SKN;57-0419;6;VALIDE;chap->v.47: saluez vos freres seulement faites meme ainsi
Romains 8:1;SKN;57-0419;45;EXACT;maintenant aucune condamnation ceux christ jesus [couverture 6/6]
Matthieu 5:8;SKN;62-0609B;15;PARTIEL;commencé, pas achevé — ceux dieu
Matthieu 10:0;SKN;53-0614A;40;VALIDE;chap->v.37: celui aime pere mere moi nest moi celui
Matthieu 10:0;SKN;53-0902;61;VALIDE;chap->v.8: morts lepreux demons avez recu gratuitement donnez gratuitement
Matthieu 10:0;SKN;53-0906E;27;VALIDE;chap->v.8: guerissez ressuscitez morts lepreux chassez demons avez recu
Matthieu 10:0;SKN;61-0413;39;VALIDE;chap->v.37: celui pere moi nest moi celui fils moi
Matthieu 10:0;SKN;63-0607;96;VALIDE;chap->v.8: guerissez ressuscitez morts lepreux chassez demons avez recu
Matthieu 21:0;SKN;59-1122;10;VALIDE;chap->v.27: jesus savons lui moi dis fais choses
Matthieu 24:0;SKN;57-0804A;49;VALIDE;chap->v.21: alors aura grande telle quil depuis monde maintenant
Psaumes 103:3;SKN;57-0804A;16;VALIDE;cest tes guerit
Romains 8:1;SKN;57-0804A;5;EXACT;maintenant aucune condamnation ceux christ [couverture 5/6]
Matthieu 24:24;SKN;64-0205;78;VALIDE;signes prodiges possible meme elus
Matthieu 24:24;SKN;64-0531;36;VALIDE;maniere seduire possible meme elus
Matthieu 24:24;SKN;64-0614E;65;VALIDE;possible meme elus
Matthieu 24:24;VGR;64-0614E;65;VALIDE;maniere possible meme elus
Matthieu 27:0;SKN;55-1118;47;VALIDE;chap->v.43: sest dieu quil maintenant tient lui suis fils
Matthieu 27:0;SKN;60-0925;17;VALIDE;chap->v.40: disant toi detruis temple trois jours sauve toi
Matthieu 27:0;VGR;60-0925;32;VALIDE;chap->v.42: sauve autres sauver lui meme sil roi disrael
Matthieu 28:0;SKN;60-0417S;12;VALIDE;chap->v.11: allaient voici quelques hommes garde allerent ville principaux
Psaumes 2:0;SKN;55-0807A;41;VALIDE;chap->v.12: fils peur tant ceux
Psaumes 16:0;SKN;62-0621B;47;VALIDE;chap->v.11: feras connaitre chemin vie face joie droite
Psaumes 22:0;SKN;55-0123A;5;VALIDE;chap->v.1: dieu dieu pourquoi abandonne paroles
Psaumes 65:0;SKN;55-0123A;4;VALIDE;chap->v.4: celui choisi tes parvis maison saint temple
Psaumes 65:0;SKN;55-0123A;6;VALIDE;chap->v.4: celui choisi approcher tes parvis rassasies maison saint
Psaumes 22:0;SKN;59-0329S;7;VALIDE;chap->v.29: terre mangeront prosterneront devant lui ceux descendent poussiere
Psaumes 22:0;SKN;59-0329S;9;VALIDE;chap->v.29: terre mangeront prosterneront devant lui ceux descendent poussiere
Psaumes 22:0;SKN;60-0723;55;VALIDE;chap->v.1: dieu dieu pourquoi mas abandonne salut paroles
Psaumes 22:0;VGR;59-0329S;7;VALIDE;chap->v.29: gras terre mangeront prosterneront devant lui courberont ceux
Psaumes 22:0;VGR;59-0329S;9;VALIDE;chap->v.29: gras terre mangeront prosterneront devant lui courberont ceux
Psaumes 47:0;SKN;55-0118;27;VALIDE;chap->v.9: ceux volonte dieu terre dieu
Psaumes 63:0;SKN;57-0630;7;VALIDE;chap->v.1: dieu dieu cherche ame soif toi apres toi
Psaumes 100:0;SKN;57-0811A;20;VALIDE;chap->v.3: dieu cest lui sommes
Psaumes 63:0;SKN;57-0602;16;VALIDE;chap->v.1: dieu dieu cherche jour ame soif toi apres
Psaumes 63:0;SKN;58-0611;14;VALIDE;chap->v.1: dieu dieu cherche jour ame soif toi apres
Psaumes 63:0;SKN;59-0414;8;VALIDE;chap->v.1: dieu dieu cherche jour ame soif toi apres
Psaumes 63:0;SKN;60-0304;50;VALIDE;chap->v.1: dieu dieu cherche jour ame soif toi chair
Psaumes 100:0;VGR;62-1104E;100;VALIDE;chap->v.1: joie leternel terre
Psaumes 103:0;SKN;50-0100;21;VALIDE;chap->v.1: ame benis leternel moi benisse saint nom
Psaumes 103:0;SKN;61-0125;45;VALIDE;chap->v.3: cest lui tes guerit tes
Psaumes 103:0;VGR;50-0100;21;VALIDE;chap->v.1: ame benis leternel moi benisse saint nom
Psaumes 103:3;SKN;58-0328;94;VALIDE;cest lui tes guerit
Psaumes 105:0;SKN;61-1015E;44;VALIDE;chap->v.15: disant touchez mes oints faites mal mes prophetes
Psaumes 105:0;VGR;61-1015E;44;VALIDE;chap->v.3: glorifiez saint nom cur ceux cherchent leternel rejouisse
Psaumes 119:0;SKN;59-0610;18;VALIDE;chap->v.168: tes preceptes tes mes voies toi
Romains 4:0;SKN;57-0810;25;VALIDE;chap->v.11: foi avait quil soit pere croient etant
Romains 5:1;SKN;60-0630;79;VALIDE;justifies foi avons paix dieu seigneur jesus christ
Romains 8:1;SKN;55-0121;27;VALIDE;maintenant aucune condamnation ceux christ jesus
Romains 8:1;VGR;57-0419;45;EXACT;maintenant aucune condamnation ceux christ jesus [couverture 6/6]
