ref;traduction;code;paragraphe;statut;raison
Apocalypse 20:0;SKN;60-1225;105;CHAPITRE-SANS-VERSET;aucun verset identifiable (verset par verset exigé)
Apocalypse 10:0;SKN;65-0718M;147;CHAPITRE-SANS-VERSET;aucun verset identifiable (verset par verset exigé)
Malachie 4:0;SKN;65-0718M;147;CHAPITRE-SANS-VERSET;aucun verset identifiable (verset par verset exigé)
Malachie 4:0;SKN;63-0317M;213;CHAPITRE-SANS-VERSET;aucun verset identifiable (verset par verset exigé)
1 Corinthiens 12:0;SKN;63-0324M;7;CHAPITRE-SANS-VERSET;aucun verset identifiable (verset par verset exigé)
1 Rois 17:0;SKN;63-0324M;369;CHAPITRE-SANS-VERSET;aucun verset identifiable (verset par verset exigé)
1 Rois 19:0;SKN;63-0324M;330;CHAPITRE-SANS-VERSET;aucun verset identifiable (verset par verset exigé)
Apocalypse 6:0;SKN;63-0324M;272;CHAPITRE-SANS-VERSET;aucun verset identifiable (verset par verset exigé)
Apocalypse 16:0;SKN;63-0324M;367;CHAPITRE-SANS-VERSET;aucun verset identifiable (verset par verset exigé)
Jean 10:0;SKN;63-0324M;327;CHAPITRE-SANS-VERSET;aucun verset identifiable (verset par verset exigé)
Malachie 3:0;SKN;63-0324M;330;CHAPITRE-SANS-VERSET;aucun verset identifiable (verset par verset exigé)
Malachie 4:0;SKN;63-0324M;329;CHAPITRE-SANS-VERSET;aucun verset identifiable (verset par verset exigé)
Matthieu 5:0;SKN;63-0324M;142;CHAPITRE-SANS-VERSET;aucun verset identifiable (verset par verset exigé)
Matthieu 24:0;SKN;63-0324M;69;CHAPITRE-SANS-VERSET;aucun verset identifiable (verset par verset exigé)
1 Corinthiens 12:0;SKN;52-0900;187;CHAPITRE-SANS-VERSET;aucun verset identifiable (verset par verset exigé)
Actes 19:0;SKN;52-0900;172;CHAPITRE-SANS-VERSET;aucun verset identifiable (verset par verset exigé)
Jean 11:0;SKN;52-0900;148;CHAPITRE-SANS-VERSET;aucun verset identifiable (verset par verset exigé)
1 Corinthiens 12:0;SKN;54-1219E;78;CHAPITRE-SANS-VERSET;aucun verset identifiable (verset par verset exigé)
1 Corinthiens 12:0;SKN;56-0223;17;CHAPITRE-SANS-VERSET;aucun verset identifiable (verset par verset exigé)
Exode 19:0;SKN;56-0223;65;CHAPITRE-SANS-VERSET;aucun verset identifiable (verset par verset exigé)
Romains 8:0;SKN;56-0223;16;CHAPITRE-SANS-VERSET;aucun verset identifiable (verset par verset exigé)
1 Corinthiens 12:0;SKN;57-0908M;113;CHAPITRE-SANS-VERSET;aucun verset identifiable (verset par verset exigé)
1 Corinthiens 12:0;SKN;57-0908M;117;CHAPITRE-SANS-VERSET;aucun verset identifiable (verset par verset exigé)
Apocalypse 5:0;SKN;57-1002;548;CHAPITRE-SANS-VERSET;aucun verset identifiable (verset par verset exigé)
Apocalypse 11:0;SKN;57-1002;354;CHAPITRE-SANS-VERSET;aucun verset identifiable (verset par verset exigé)
Apocalypse 11:0;SKN;57-1002;548;CHAPITRE-SANS-VERSET;aucun verset identifiable (verset par verset exigé)
Apocalypse 21:0;SKN;57-1002;548;CHAPITRE-SANS-VERSET;aucun verset identifiable (verset par verset exigé)
Esther 6:0;SKN;57-1002;354;CHAPITRE-SANS-VERSET;aucun verset identifiable (verset par verset exigé)
Genese 38:0;SKN;57-1002;354;CHAPITRE-SANS-VERSET;aucun verset identifiable (verset par verset exigé)
Matthieu 24:0;SKN;57-1002;516;CHAPITRE-SANS-VERSET;aucun verset identifiable (verset par verset exigé)
Matthieu 24:0;SKN;57-1002;517;CHAPITRE-SANS-VERSET;aucun verset identifiable (verset par verset exigé)
Psaumes 16:0;SKN;57-1002;376;CHAPITRE-SANS-VERSET;aucun verset identifiable (verset par verset exigé)
Jean 4:0;SKN;58-0207;68;CHAPITRE-SANS-VERSET;aucun verset identifiable (verset par verset exigé)
Jean 1:0;SKN;58-0223;45;CHAPITRE-SANS-VERSET;aucun verset identifiable (verset par verset exigé)
Jean 4:0;SKN;59-0422;60;CHAPITRE-SANS-VERSET;aucun verset identifiable (verset par verset exigé)
1 Corinthiens 13:0;SKN;59-0823;112;CHAPITRE-SANS-VERSET;aucun verset identifiable (verset par verset exigé)
1 Corinthiens 12:0;SKN;59-1125;48;CHAPITRE-SANS-VERSET;aucun verset identifiable (verset par verset exigé)
Apocalypse 11:0;SKN;59-1216;93;CHAPITRE-SANS-VERSET;aucun verset identifiable (verset par verset exigé)
Hebreux 11:0;SKN;60-0911E;61;CHAPITRE-SANS-VERSET;aucun verset identifiable (verset par verset exigé)
Jean 14:0;SKN;60-0911E;90;CHAPITRE-SANS-VERSET;aucun verset identifiable (verset par verset exigé)
Actes 4:0;SKN;61-0414;31;CHAPITRE-SANS-VERSET;aucun verset identifiable (verset par verset exigé)
Matthieu 12:0;SKN;61-0414;6;CHAPITRE-SANS-VERSET;aucun verset identifiable (verset par verset exigé)
1 Corinthiens 12:0;SKN;62-1014M;266;CHAPITRE-SANS-VERSET;aucun verset identifiable (verset par verset exigé)
1 Corinthiens 12:0;SKN;62-1104M;153;CHAPITRE-SANS-VERSET;aucun verset identifiable (verset par verset exigé)
1 Timothee 3:0;SKN;62-1104M;167;CHAPITRE-SANS-VERSET;aucun verset identifiable (verset par verset exigé)
Apocalypse 3:0;SKN;62-1104M;174;CHAPITRE-SANS-VERSET;aucun verset identifiable (verset par verset exigé)
Hebreux 11:0;SKN;62-1104M;79;CHAPITRE-SANS-VERSET;aucun verset identifiable (verset par verset exigé)
Jean 14:0;SKN;62-1104M;157;CHAPITRE-SANS-VERSET;aucun verset identifiable (verset par verset exigé)
1 Corinthiens 12:0;SKN;63-0728;180;CHAPITRE-SANS-VERSET;aucun verset identifiable (verset par verset exigé)
Apocalypse 7:0;SKN;63-0728;228;CHAPITRE-SANS-VERSET;aucun verset identifiable (verset par verset exigé)
Apocalypse 17:0;SKN;63-0728;560;CHAPITRE-SANS-VERSET;aucun verset identifiable (verset par verset exigé)
Esther 2:0;SKN;63-0728;637;CHAPITRE-SANS-VERSET;aucun verset identifiable (verset par verset exigé)
Hebreux 11:0;SKN;63-0728;626;CHAPITRE-SANS-VERSET;aucun verset identifiable (verset par verset exigé)
Malachie 4:0;SKN;63-0728;330;CHAPITRE-SANS-VERSET;aucun verset identifiable (verset par verset exigé)
Malachie 4:0;SKN;63-0728;574;CHAPITRE-SANS-VERSET;aucun verset identifiable (verset par verset exigé)
Malachie 4:0;SKN;63-0728;577;CHAPITRE-SANS-VERSET;aucun verset identifiable (verset par verset exigé)
Marc 16:0;SKN;63-0728;536;CHAPITRE-SANS-VERSET;aucun verset identifiable (verset par verset exigé)
1 Corinthiens 12:0;SKN;63-0901M;217;CHAPITRE-SANS-VERSET;aucun verset identifiable (verset par verset exigé)
1 Corinthiens 12:0;SKN;63-0901M;262;CHAPITRE-SANS-VERSET;aucun verset identifiable (verset par verset exigé)
Hebreux 13:0;SKN;63-0901M;322;CHAPITRE-SANS-VERSET;aucun verset identifiable (verset par verset exigé)
1 Corinthiens 12:0;SKN;63-1128E;177;CHAPITRE-SANS-VERSET;aucun verset identifiable (verset par verset exigé)
Esaie 35:0;SKN;63-1128E;26;CHAPITRE-SANS-VERSET;aucun verset identifiable (verset par verset exigé)
Hebreux 13:0;SKN;64-0208;106;CHAPITRE-SANS-VERSET;aucun verset identifiable (verset par verset exigé)
Malachie 4:0;SKN;64-0208;187;CHAPITRE-SANS-VERSET;aucun verset identifiable (verset par verset exigé)
1 Corinthiens 12:0;SKN;64-0614M;242;CHAPITRE-SANS-VERSET;aucun verset identifiable (verset par verset exigé)
1 Corinthiens 12:0;SKN;64-0614M;287;CHAPITRE-SANS-VERSET;aucun verset identifiable (verset par verset exigé)
Apocalypse 10:0;SKN;64-0614M;336;CHAPITRE-SANS-VERSET;aucun verset identifiable (verset par verset exigé)
Apocalypse 10:0;SKN;64-0614M;341;CHAPITRE-SANS-VERSET;aucun verset identifiable (verset par verset exigé)
Apocalypse 10:0;SKN;64-0614M;342;CHAPITRE-SANS-VERSET;aucun verset identifiable (verset par verset exigé)
Apocalypse 22:0;SKN;64-0614M;62;CHAPITRE-SANS-VERSET;aucun verset identifiable (verset par verset exigé)
Exode 19:0;SKN;64-0614M;129;CHAPITRE-SANS-VERSET;aucun verset identifiable (verset par verset exigé)
Genese 1:0;SKN;64-0614M;62;CHAPITRE-SANS-VERSET;aucun verset identifiable (verset par verset exigé)
Jean 1:0;SKN;64-0614M;83;CHAPITRE-SANS-VERSET;aucun verset identifiable (verset par verset exigé)
Malachie 4:0;SKN;64-0614M;73;CHAPITRE-SANS-VERSET;aucun verset identifiable (verset par verset exigé)
Malachie 4:0;SKN;64-0614M;302;CHAPITRE-SANS-VERSET;aucun verset identifiable (verset par verset exigé)
Malachie 4:0;SKN;64-0614M;322;CHAPITRE-SANS-VERSET;aucun verset identifiable (verset par verset exigé)
Marc 16:0;SKN;64-0614M;181;CHAPITRE-SANS-VERSET;aucun verset identifiable (verset par verset exigé)
Matthieu 28:0;SKN;64-0614M;302;CHAPITRE-SANS-VERSET;aucun verset identifiable (verset par verset exigé)
Jean 1:0;SKN;59-1217;54;CHAPITRE-SANS-VERSET;aucun verset identifiable (verset par verset exigé)
Esther 2:0;SKN;57-0915E;194;CHAPITRE-SANS-VERSET;aucun verset identifiable (verset par verset exigé)
1 Corinthiens 13:0;SKN;61-0217;45;CHAPITRE-SANS-VERSET;aucun verset identifiable (verset par verset exigé)
Genese 14:0;SKN;61-0217;15;CHAPITRE-SANS-VERSET;aucun verset identifiable (verset par verset exigé)
1 Corinthiens 13:0;SKN;65-1127B;247;CHAPITRE-SANS-VERSET;aucun verset identifiable (verset par verset exigé)
Apocalypse 10:0;SKN;65-1127B;322;CHAPITRE-SANS-VERSET;aucun verset identifiable (verset par verset exigé)
Deuteronome 4:0;SKN;65-1127B;322;CHAPITRE-SANS-VERSET;aucun verset identifiable (verset par verset exigé)
Malachie 4:0;SKN;65-1127B;301;CHAPITRE-SANS-VERSET;aucun verset identifiable (verset par verset exigé)
Malachie 4:0;SKN;65-1127B;322;CHAPITRE-SANS-VERSET;aucun verset identifiable (verset par verset exigé)
Matthieu 11:0;SKN;65-1127B;211;CHAPITRE-SANS-VERSET;aucun verset identifiable (verset par verset exigé)
Psaumes 22:0;SKN;65-1127B;315;CHAPITRE-SANS-VERSET;aucun verset identifiable (verset par verset exigé)
Romains 8:0;SKN;65-1127B;139;CHAPITRE-SANS-VERSET;aucun verset identifiable (verset par verset exigé)
1 Corinthiens 15:0;SKN;60-0417M;165;CHAPITRE-SANS-VERSET;aucun verset identifiable (verset par verset exigé)
Matthieu 28:0;SKN;54-0515;277;CHAPITRE-SANS-VERSET;aucun verset identifiable (verset par verset exigé)
Ephesiens 6:0;SKN;60-0709;46;CHAPITRE-SANS-VERSET;aucun verset identifiable (verset par verset exigé)
Deuteronome 1:0;SKN;59-1223;175;CHAPITRE-SANS-VERSET;aucun verset identifiable (verset par verset exigé)
Hebreux 4:0;SKN;59-1223;173;CHAPITRE-SANS-VERSET;aucun verset identifiable (verset par verset exigé)
Malachie 4:0;SKN;65-1125;180;CHAPITRE-SANS-VERSET;aucun verset identifiable (verset par verset exigé)
Malachie 4:0;SKN;65-1125;236;CHAPITRE-SANS-VERSET;aucun verset identifiable (verset par verset exigé)
Romains 7:0;SKN;65-1125;117;CHAPITRE-SANS-VERSET;aucun verset identifiable (verset par verset exigé)
1 Jean 3:0;SKN;59-0810;4;CHAPITRE-SANS-VERSET;aucun verset identifiable (verset par verset exigé)
Jean 14:0;SKN;59-0810;42;CHAPITRE-SANS-VERSET;aucun verset identifiable (verset par verset exigé)
Marc 16:0;SKN;63-0825E;106;CHAPITRE-SANS-VERSET;aucun verset identifiable (verset par verset exigé)
Marc 16:0;SKN;63-0825E;153;CHAPITRE-SANS-VERSET;aucun verset identifiable (verset par verset exigé)
1 Jean 4:0;SKN;50-0714;26;CHAPITRE-SANS-VERSET;aucun verset identifiable (verset par verset exigé)
1 Jean 4:0;SKN;57-0908E;358;CHAPITRE-SANS-VERSET;aucun verset identifiable (verset par verset exigé)
Jean 4:0;SKN;57-0908E;358;CHAPITRE-SANS-VERSET;aucun verset identifiable (verset par verset exigé)
Jean 1:0;SKN;65-0801M;71;CHAPITRE-SANS-VERSET;aucun verset identifiable (verset par verset exigé)
Jean 1:0;SKN;65-0801M;88;CHAPITRE-SANS-VERSET;aucun verset identifiable (verset par verset exigé)
Malachie 4:0;SKN;65-0801M;36;CHAPITRE-SANS-VERSET;aucun verset identifiable (verset par verset exigé)
Malachie 4:0;SKN;65-0801M;104;CHAPITRE-SANS-VERSET;aucun verset identifiable (verset par verset exigé)
Malachie 4:0;SKN;65-0801M;174;CHAPITRE-SANS-VERSET;aucun verset identifiable (verset par verset exigé)
Jean 3:0;SKN;59-0628E;129;CHAPITRE-SANS-VERSET;aucun verset identifiable (verset par verset exigé)
Romains 8:0;SKN;59-0628E;119;CHAPITRE-SANS-VERSET;aucun verset identifiable (verset par verset exigé)
Hebreux 13:0;SKN;57-0901E;20;CHAPITRE-SANS-VERSET;aucun verset identifiable (verset par verset exigé)
Matthieu 20:0;SKN;57-0901E;152;CHAPITRE-SANS-VERSET;aucun verset identifiable (verset par verset exigé)
Matthieu 28:0;SKN;57-0901E;157;CHAPITRE-SANS-VERSET;aucun verset identifiable (verset par verset exigé)
Romains 5:0;SKN;60-0611B;31;CHAPITRE-SANS-VERSET;aucun verset identifiable (verset par verset exigé)
Romains 8:0;SKN;60-0611B;31;CHAPITRE-SANS-VERSET;aucun verset identifiable (verset par verset exigé)
Actes 19:0;SKN;61-0312;13;CHAPITRE-SANS-VERSET;aucun verset identifiable (verset par verset exigé)
Genese 12:0;SKN;61-0312;37;CHAPITRE-SANS-VERSET;aucun verset identifiable (verset par verset exigé)
Genese 15:0;SKN;61-0312;60;CHAPITRE-SANS-VERSET;aucun verset identifiable (verset par verset exigé)
Actes 4:0;SKN;63-0116;315;CHAPITRE-SANS-VERSET;aucun verset identifiable (verset par verset exigé)
2 Timothee 3:0;SKN;63-0320;197;CHAPITRE-SANS-VERSET;aucun verset identifiable (verset par verset exigé)
Actes 2:0;SKN;63-0320;309;CHAPITRE-SANS-VERSET;aucun verset identifiable (verset par verset exigé)
Jean 1:0;SKN;63-0320;98;CHAPITRE-SANS-VERSET;aucun verset identifiable (verset par verset exigé)
Malachie 4:0;SKN;63-0320;162;CHAPITRE-SANS-VERSET;aucun verset identifiable (verset par verset exigé)
Malachie 4:0;SKN;63-0320;242;CHAPITRE-SANS-VERSET;aucun verset identifiable (verset par verset exigé)
Apocalypse 3:0;SKN;64-0705;148;CHAPITRE-SANS-VERSET;aucun verset identifiable (verset par verset exigé)
Jean 12:0;SKN;64-0705;128;CHAPITRE-SANS-VERSET;aucun verset identifiable (verset par verset exigé)
Jean 14:0;SKN;64-0705;68;CHAPITRE-SANS-VERSET;aucun verset identifiable (verset par verset exigé)
Malachie 3:0;SKN;64-0705;110;CHAPITRE-SANS-VERSET;aucun verset identifiable (verset par verset exigé)
Malachie 4:0;SKN;64-0705;158;CHAPITRE-SANS-VERSET;aucun verset identifiable (verset par verset exigé)
Malachie 4:0;SKN;64-0705;159;CHAPITRE-SANS-VERSET;aucun verset identifiable (verset par verset exigé)
Malachie 4:0;SKN;64-0705;166;CHAPITRE-SANS-VERSET;aucun verset identifiable (verset par verset exigé)
1 Pierre 1:0;SKN;62-1111E;212;CHAPITRE-SANS-VERSET;aucun verset identifiable (verset par verset exigé)
2 Timothee 3:0;SKN;62-1111E;196;CHAPITRE-SANS-VERSET;aucun verset identifiable (verset par verset exigé)
Apocalypse 18:0;SKN;62-1111E;181;CHAPITRE-SANS-VERSET;aucun verset identifiable (verset par verset exigé)
Matthieu 28:0;SKN;61-0611;78;CHAPITRE-SANS-VERSET;aucun verset identifiable (verset par verset exigé)
Genese 2:0;SKN;60-0515E;100;CHAPITRE-SANS-VERSET;aucun verset identifiable (verset par verset exigé)
Apocalypse 11:0;SKN;57-1006;624;CHAPITRE-SANS-VERSET;aucun verset identifiable (verset par verset exigé)
Apocalypse 11:0;SKN;57-1006;710;CHAPITRE-SANS-VERSET;aucun verset identifiable (verset par verset exigé)
Apocalypse 11:0;SKN;57-1006;712;CHAPITRE-SANS-VERSET;aucun verset identifiable (verset par verset exigé)
Apocalypse 11:0;SKN;57-1006;716;CHAPITRE-SANS-VERSET;aucun verset identifiable (verset par verset exigé)
Esther 2:0;SKN;57-1006;615;CHAPITRE-SANS-VERSET;aucun verset identifiable (verset par verset exigé)
Psaumes 23:0;SKN;57-1006;833;CHAPITRE-SANS-VERSET;aucun verset identifiable (verset par verset exigé)
Daniel 12:0;SKN;62-0311;119;CHAPITRE-SANS-VERSET;aucun verset identifiable (verset par verset exigé)
Matthieu 24:0;SKN;62-0311;119;CHAPITRE-SANS-VERSET;aucun verset identifiable (verset par verset exigé)
1 Rois 13:0;SKN;53-1114;33;CHAPITRE-SANS-VERSET;aucun verset identifiable (verset par verset exigé)
Jean 4:0;SKN;59-0412E;58;CHAPITRE-SANS-VERSET;aucun verset identifiable (verset par verset exigé)
Hebreux 6:0;SKN;59-1219;203;CHAPITRE-SANS-VERSET;aucun verset identifiable (verset par verset exigé)
Jean 14:0;SKN;59-1219;45;CHAPITRE-SANS-VERSET;aucun verset identifiable (verset par verset exigé)
Jean 1:0;SKN;65-0410;42;CHAPITRE-SANS-VERSET;aucun verset identifiable (verset par verset exigé)
Apocalypse 22:0;SKN;64-0816;160;CHAPITRE-SANS-VERSET;aucun verset identifiable (verset par verset exigé)
Hebreux 6:0;SKN;64-0816;128;CHAPITRE-SANS-VERSET;aucun verset identifiable (verset par verset exigé)
Malachie 4:0;SKN;64-0816;221;CHAPITRE-SANS-VERSET;aucun verset identifiable (verset par verset exigé)
1 Timothee 3:0;SKN;56-0120;65;CHAPITRE-SANS-VERSET;aucun verset identifiable (verset par verset exigé)
1 Timothee 3:0;SKN;60-0710;68;CHAPITRE-SANS-VERSET;aucun verset identifiable (verset par verset exigé)
Actes 19:0;SKN;54-0402;2;CHAPITRE-SANS-VERSET;aucun verset identifiable (verset par verset exigé)
Jean 4:0;SKN;62-0712;95;CHAPITRE-SANS-VERSET;aucun verset identifiable (verset par verset exigé)
Apocalypse 17:0;SKN;64-0401;110;CHAPITRE-SANS-VERSET;aucun verset identifiable (verset par verset exigé)
Jean 4:0;SKN;64-0401;242;CHAPITRE-SANS-VERSET;aucun verset identifiable (verset par verset exigé)
Jean 6:0;SKN;64-0401;169;CHAPITRE-SANS-VERSET;aucun verset identifiable (verset par verset exigé)
Esaie 62:0;VGR;64-0112;29;CHAPITRE-SANS-VERSET;aucun verset identifiable (verset par verset exigé)
Psaumes 60:0;VGR;64-0112;29;CHAPITRE-SANS-VERSET;aucun verset identifiable (verset par verset exigé)
Psaumes 62:0;VGR;64-0112;144;CHAPITRE-SANS-VERSET;aucun verset identifiable (verset par verset exigé)
2 Chroniques 22:0;SKN;63-1128M;134;CHAPITRE-SANS-VERSET;aucun verset identifiable (verset par verset exigé)
Psaumes 23:0;SKN;63-1128M;5;CHAPITRE-SANS-VERSET;aucun verset identifiable (verset par verset exigé)
Esaie 50:0;SKN;62-1124E;56;CHAPITRE-SANS-VERSET;aucun verset identifiable (verset par verset exigé)
Apocalypse 21:0;SKN;64-0802;52;CHAPITRE-SANS-VERSET;aucun verset identifiable (verset par verset exigé)
Apocalypse 21:0;SKN;64-0802;172;CHAPITRE-SANS-VERSET;aucun verset identifiable (verset par verset exigé)
Hebreux 4:0;SKN;64-0802;133;CHAPITRE-SANS-VERSET;aucun verset identifiable (verset par verset exigé)
Hebreux 11:0;SKN;64-0802;311;CHAPITRE-SANS-VERSET;aucun verset identifiable (verset par verset exigé)
Jean 14:0;SKN;64-0802;56;CHAPITRE-SANS-VERSET;aucun verset identifiable (verset par verset exigé)
Jean 14:0;SKN;64-0802;270;CHAPITRE-SANS-VERSET;aucun verset identifiable (verset par verset exigé)
Apocalypse 10:0;SKN;63-0321;378;CHAPITRE-SANS-VERSET;aucun verset identifiable (verset par verset exigé)
Apocalypse 19:0;SKN;63-0321;377;CHAPITRE-SANS-VERSET;aucun verset identifiable (verset par verset exigé)
Malachie 4:0;SKN;63-0321;126;CHAPITRE-SANS-VERSET;aucun verset identifiable (verset par verset exigé)
Malachie 4:0;SKN;63-0321;378;CHAPITRE-SANS-VERSET;aucun verset identifiable (verset par verset exigé)
Amos 3:0;SKN;63-0319;331;CHAPITRE-SANS-VERSET;aucun verset identifiable (verset par verset exigé)
Matthieu 4:0;SKN;63-0319;280;CHAPITRE-SANS-VERSET;aucun verset identifiable (verset par verset exigé)
Malachie 3:0;SKN;63-0318;209;CHAPITRE-SANS-VERSET;aucun verset identifiable (verset par verset exigé)
Malachie 4:0;SKN;63-0318;206;CHAPITRE-SANS-VERSET;aucun verset identifiable (verset par verset exigé)
Malachie 4:0;SKN;63-0318;209;CHAPITRE-SANS-VERSET;aucun verset identifiable (verset par verset exigé)
Malachie 4:0;SKN;63-0318;214;CHAPITRE-SANS-VERSET;aucun verset identifiable (verset par verset exigé)
Matthieu 10:0;SKN;63-0318;113;CHAPITRE-SANS-VERSET;aucun verset identifiable (verset par verset exigé)
2 Timothee 4:0;SKN;62-0908;145;CHAPITRE-SANS-VERSET;aucun verset identifiable (verset par verset exigé)
Matthieu 10:0;SKN;54-0103E;56;CHAPITRE-SANS-VERSET;aucun verset identifiable (verset par verset exigé)
Apocalypse 11:0;SKN;61-0117;74;CHAPITRE-SANS-VERSET;aucun verset identifiable (verset par verset exigé)
Apocalypse 17:0;SKN;61-0117;74;CHAPITRE-SANS-VERSET;aucun verset identifiable (verset par verset exigé)
Hebreux 6:0;SKN;61-0117;57;CHAPITRE-SANS-VERSET;aucun verset identifiable (verset par verset exigé)
Apocalypse 12:0;SKN;62-0401;366;CHAPITRE-SANS-VERSET;aucun verset identifiable (verset par verset exigé)
Hebreux 2:0;SKN;62-0401;332;CHAPITRE-SANS-VERSET;aucun verset identifiable (verset par verset exigé)
Hebreux 11:0;SKN;62-0401;206;CHAPITRE-SANS-VERSET;aucun verset identifiable (verset par verset exigé)
Jean 14:0;SKN;62-0401;258;CHAPITRE-SANS-VERSET;aucun verset identifiable (verset par verset exigé)
Apocalypse 13:0;SKN;63-0412M;200;CHAPITRE-SANS-VERSET;aucun verset identifiable (verset par verset exigé)
Apocalypse 17:0;SKN;63-0412M;200;CHAPITRE-SANS-VERSET;aucun verset identifiable (verset par verset exigé)
2 Timothee 3:0;SKN;63-0707M;325;CHAPITRE-SANS-VERSET;aucun verset identifiable (verset par verset exigé)
Apocalypse 17:0;SKN;63-0707M;55;CHAPITRE-SANS-VERSET;aucun verset identifiable (verset par verset exigé)
Hebreux 10:0;SKN;63-0707M;247;CHAPITRE-SANS-VERSET;aucun verset identifiable (verset par verset exigé)
Jean 1:0;SKN;63-0707M;232;CHAPITRE-SANS-VERSET;aucun verset identifiable (verset par verset exigé)
Matthieu 10:0;SKN;63-1115;109;CHAPITRE-SANS-VERSET;aucun verset identifiable (verset par verset exigé)
2 Timothee 3:0;SKN;63-1201E;58;CHAPITRE-SANS-VERSET;aucun verset identifiable (verset par verset exigé)
Apocalypse 3:0;SKN;63-1201E;53;CHAPITRE-SANS-VERSET;aucun verset identifiable (verset par verset exigé)
Apocalypse 17:0;SKN;63-1201E;49;CHAPITRE-SANS-VERSET;aucun verset identifiable (verset par verset exigé)
2 Timothee 3:0;SKN;64-0726M;163;CHAPITRE-SANS-VERSET;aucun verset identifiable (verset par verset exigé)
Apocalypse 3:0;SKN;64-0726M;57;CHAPITRE-SANS-VERSET;aucun verset identifiable (verset par verset exigé)
Apocalypse 11:0;SKN;64-0726M;67;CHAPITRE-SANS-VERSET;aucun verset identifiable (verset par verset exigé)
Malachie 4:0;SKN;64-0726M;119;CHAPITRE-SANS-VERSET;aucun verset identifiable (verset par verset exigé)
Malachie 4:0;SKN;64-0726M;120;CHAPITRE-SANS-VERSET;aucun verset identifiable (verset par verset exigé)
Malachie 4:0;SKN;64-0726M;121;CHAPITRE-SANS-VERSET;aucun verset identifiable (verset par verset exigé)
2 Timothee 4:0;SKN;64-0830E;122;CHAPITRE-SANS-VERSET;aucun verset identifiable (verset par verset exigé)
Apocalypse 10:0;SKN;64-0830E;153;CHAPITRE-SANS-VERSET;aucun verset identifiable (verset par verset exigé)
Apocalypse 12:0;SKN;64-0830E;132;CHAPITRE-SANS-VERSET;aucun verset identifiable (verset par verset exigé)
Job 14:0;SKN;64-0830E;87;CHAPITRE-SANS-VERSET;aucun verset identifiable (verset par verset exigé)
Malachie 3:0;SKN;64-0830E;158;CHAPITRE-SANS-VERSET;aucun verset identifiable (verset par verset exigé)
Malachie 4:0;SKN;64-0830E;76;CHAPITRE-SANS-VERSET;aucun verset identifiable (verset par verset exigé)
Malachie 4:0;SKN;64-0830E;77;CHAPITRE-SANS-VERSET;aucun verset identifiable (verset par verset exigé)
Malachie 4:0;SKN;64-0830E;154;CHAPITRE-SANS-VERSET;aucun verset identifiable (verset par verset exigé)
Malachie 4:0;SKN;64-0830E;156;CHAPITRE-SANS-VERSET;aucun verset identifiable (verset par verset exigé)
Malachie 4:0;SKN;64-0830E;158;CHAPITRE-SANS-VERSET;aucun verset identifiable (verset par verset exigé)
Marc 16:0;SKN;64-0830E;121;CHAPITRE-SANS-VERSET;aucun verset identifiable (verset par verset exigé)
Marc 16:0;SKN;64-0830E;139;CHAPITRE-SANS-VERSET;aucun verset identifiable (verset par verset exigé)
Actes 1:0;VGR;54-0515;101;CHAPITRE-SANS-VERSET;aucun verset identifiable (verset par verset exigé)
Matthieu 28:0;VGR;54-0515;277;CHAPITRE-SANS-VERSET;aucun verset identifiable (verset par verset exigé)
Hebreux 6:0;VGR;59-1219;203;CHAPITRE-SANS-VERSET;aucun verset identifiable (verset par verset exigé)
Jean 3:0;VGR;59-1219;29;CHAPITRE-SANS-VERSET;aucun verset identifiable (verset par verset exigé)
Jean 14:0;VGR;59-1219;45;CHAPITRE-SANS-VERSET;aucun verset identifiable (verset par verset exigé)
Ephesiens 4:0;VGR;60-0911E;180;CHAPITRE-SANS-VERSET;aucun verset identifiable (verset par verset exigé)
Hebreux 11:0;VGR;60-0911E;61;CHAPITRE-SANS-VERSET;aucun verset identifiable (verset par verset exigé)
Jean 4:0;SKN;57-0115;90;CHAPITRE-SANS-VERSET;aucun verset identifiable (verset par verset exigé)
Deuteronome 33:0;SKN;57-0725;2;CHAPITRE-SANS-VERSET;aucun verset identifiable (verset par verset exigé)
Genese 6:0;SKN;62-0607;36;CHAPITRE-SANS-VERSET;aucun verset identifiable (verset par verset exigé)
Genese 6:0;SKN;62-0607;44;CHAPITRE-SANS-VERSET;aucun verset identifiable (verset par verset exigé)
Apocalypse 13:0;SKN;62-1007;34;CHAPITRE-SANS-VERSET;aucun verset identifiable (verset par verset exigé)
Apocalypse 13:0;VGR;62-1007;34;CHAPITRE-SANS-VERSET;aucun verset identifiable (verset par verset exigé)
Ezechiel 9:0;SKN;54-0514;164;CHAPITRE-SANS-VERSET;aucun verset identifiable (verset par verset exigé)
Genese 3:0;SKN;54-1024;124;CHAPITRE-SANS-VERSET;aucun verset identifiable (verset par verset exigé)
Actes 2:0;SKN;54-1231;68;CHAPITRE-SANS-VERSET;aucun verset identifiable (verset par verset exigé)
Jean 1:0;SKN;55-0625;21;CHAPITRE-SANS-VERSET;aucun verset identifiable (verset par verset exigé)
Jean 3:0;SKN;55-1008;73;CHAPITRE-SANS-VERSET;aucun verset identifiable (verset par verset exigé)
Jean 17:0;SKN;56-0115;40;CHAPITRE-SANS-VERSET;aucun verset identifiable (verset par verset exigé)
Romains 9:0;SKN;56-0122;37;CHAPITRE-SANS-VERSET;aucun verset identifiable (verset par verset exigé)
Hebreux 8:0;SKN;56-0419;16;CHAPITRE-SANS-VERSET;aucun verset identifiable (verset par verset exigé)
Jean 19:0;SKN;56-1004;61;CHAPITRE-SANS-VERSET;aucun verset identifiable (verset par verset exigé)
Psaumes 1:0;SKN;56-1004;7;CHAPITRE-SANS-VERSET;aucun verset identifiable (verset par verset exigé)
Apocalypse 11:0;SKN;57-0925;7;CHAPITRE-SANS-VERSET;aucun verset identifiable (verset par verset exigé)
Ezechiel 9:0;SKN;57-0925;40;CHAPITRE-SANS-VERSET;aucun verset identifiable (verset par verset exigé)
Matthieu 28:0;SKN;57-0925;129;CHAPITRE-SANS-VERSET;aucun verset identifiable (verset par verset exigé)
Actes 2:0;SKN;58-0316A;79;CHAPITRE-SANS-VERSET;aucun verset identifiable (verset par verset exigé)
Actes 2:0;SKN;58-0927;133;CHAPITRE-SANS-VERSET;aucun verset identifiable (verset par verset exigé)
Romains 8:0;SKN;58-0927;108;CHAPITRE-SANS-VERSET;aucun verset identifiable (verset par verset exigé)
Jean 14:0;SKN;60-0724;2;CHAPITRE-SANS-VERSET;aucun verset identifiable (verset par verset exigé)
Actes 2:0;SKN;60-1127M;23;CHAPITRE-SANS-VERSET;aucun verset identifiable (verset par verset exigé)
Actes 2:0;SKN;61-0210;40;CHAPITRE-SANS-VERSET;aucun verset identifiable (verset par verset exigé)
Genese 15:0;SKN;61-0210;201;CHAPITRE-SANS-VERSET;aucun verset identifiable (verset par verset exigé)
Actes 2:0;SKN;61-0318;58;CHAPITRE-SANS-VERSET;aucun verset identifiable (verset par verset exigé)
Apocalypse 11:0;SKN;61-0318;38;CHAPITRE-SANS-VERSET;aucun verset identifiable (verset par verset exigé)
Matthieu 12:0;SKN;61-0318;95;CHAPITRE-SANS-VERSET;aucun verset identifiable (verset par verset exigé)
Actes 2:0;SKN;61-0319;89;CHAPITRE-SANS-VERSET;aucun verset identifiable (verset par verset exigé)
Malachie 4:0;SKN;61-0319;85;CHAPITRE-SANS-VERSET;aucun verset identifiable (verset par verset exigé)
Actes 2:0;SKN;62-0624;11;CHAPITRE-SANS-VERSET;aucun verset identifiable (verset par verset exigé)
Malachie 4:0;SKN;63-0123;282;CHAPITRE-SANS-VERSET;aucun verset identifiable (verset par verset exigé)
Marc 12:0;SKN;63-0628E;26;CHAPITRE-SANS-VERSET;aucun verset identifiable (verset par verset exigé)
Romains 8:0;SKN;63-0628E;58;CHAPITRE-SANS-VERSET;aucun verset identifiable (verset par verset exigé)
Actes 2:0;SKN;63-0628M;231;CHAPITRE-SANS-VERSET;aucun verset identifiable (verset par verset exigé)
Actes 19:0;SKN;63-0628M;77;CHAPITRE-SANS-VERSET;aucun verset identifiable (verset par verset exigé)
Jean 1:0;SKN;63-1201M;95;CHAPITRE-SANS-VERSET;aucun verset identifiable (verset par verset exigé)
Romains 5:0;SKN;63-1201M;120;CHAPITRE-SANS-VERSET;aucun verset identifiable (verset par verset exigé)
Actes 2:0;SKN;64-0629;176;CHAPITRE-SANS-VERSET;aucun verset identifiable (verset par verset exigé)
Actes 2:0;SKN;64-0629;199;CHAPITRE-SANS-VERSET;aucun verset identifiable (verset par verset exigé)
Actes 4:0;SKN;64-0629;200;CHAPITRE-SANS-VERSET;aucun verset identifiable (verset par verset exigé)
Genese 1:0;SKN;64-0629;69;CHAPITRE-SANS-VERSET;aucun verset identifiable (verset par verset exigé)
Genese 18:0;SKN;64-0629;146;CHAPITRE-SANS-VERSET;aucun verset identifiable (verset par verset exigé)
Hebreux 1:0;SKN;64-0629;145;CHAPITRE-SANS-VERSET;aucun verset identifiable (verset par verset exigé)
Malachie 3:0;SKN;64-0629;25;CHAPITRE-SANS-VERSET;aucun verset identifiable (verset par verset exigé)
Actes 2:0;SKN;65-0123;81;CHAPITRE-SANS-VERSET;aucun verset identifiable (verset par verset exigé)
Genese 17:0;SKN;65-0123;187;CHAPITRE-SANS-VERSET;aucun verset identifiable (verset par verset exigé)
Hebreux 13:0;SKN;65-0123;153;CHAPITRE-SANS-VERSET;aucun verset identifiable (verset par verset exigé)
Actes 2:0;VGR;54-0514;257;CHAPITRE-SANS-VERSET;aucun verset identifiable (verset par verset exigé)
Ezechiel 9:0;VGR;54-0514;164;CHAPITRE-SANS-VERSET;aucun verset identifiable (verset par verset exigé)
Matthieu 10:0;VGR;54-0514;151;CHAPITRE-SANS-VERSET;aucun verset identifiable (verset par verset exigé)
Apocalypse 11:0;VGR;56-0115;33;CHAPITRE-SANS-VERSET;aucun verset identifiable (verset par verset exigé)
Jean 17:0;VGR;56-0115;111;CHAPITRE-SANS-VERSET;aucun verset identifiable (verset par verset exigé)
Hebreux 1:0;VGR;56-0122;169;CHAPITRE-SANS-VERSET;aucun verset identifiable (verset par verset exigé)
Romains 9:0;VGR;56-0122;92;CHAPITRE-SANS-VERSET;aucun verset identifiable (verset par verset exigé)
Ezechiel 9:0;VGR;57-0925;40;CHAPITRE-SANS-VERSET;aucun verset identifiable (verset par verset exigé)
Matthieu 28:0;VGR;57-0925;129;CHAPITRE-SANS-VERSET;aucun verset identifiable (verset par verset exigé)
Actes 2:0;VGR;58-0927;187;CHAPITRE-SANS-VERSET;aucun verset identifiable (verset par verset exigé)
Actes 2:0;VGR;58-0927;188;CHAPITRE-SANS-VERSET;aucun verset identifiable (verset par verset exigé)
Romains 8:0;VGR;58-0927;108;CHAPITRE-SANS-VERSET;aucun verset identifiable (verset par verset exigé)
Jean 4:0;VGR;59-0418;167;CHAPITRE-SANS-VERSET;aucun verset identifiable (verset par verset exigé)
Deuteronome 1:0;VGR;59-1223;175;CHAPITRE-SANS-VERSET;aucun verset identifiable (verset par verset exigé)
Actes 2:0;VGR;60-1205;149;CHAPITRE-SANS-VERSET;aucun verset identifiable (verset par verset exigé)
Actes 2:0;VGR;61-0319;91;CHAPITRE-SANS-VERSET;aucun verset identifiable (verset par verset exigé)
Actes 2:0;VGR;61-0319;92;CHAPITRE-SANS-VERSET;aucun verset identifiable (verset par verset exigé)
Apocalypse 1:0;VGR;61-0723E;8;CHAPITRE-SANS-VERSET;aucun verset identifiable (verset par verset exigé)
Actes 2:0;VGR;61-0808;181;CHAPITRE-SANS-VERSET;aucun verset identifiable (verset par verset exigé)
Apocalypse 7:0;VGR;61-0808;182;CHAPITRE-SANS-VERSET;aucun verset identifiable (verset par verset exigé)
Malachie 4:0;VGR;63-0123;282;CHAPITRE-SANS-VERSET;aucun verset identifiable (verset par verset exigé)
Apocalypse 10:0;VGR;63-0320;197;CHAPITRE-SANS-VERSET;aucun verset identifiable (verset par verset exigé)
Hebreux 4:0;VGR;63-0320;242;CHAPITRE-SANS-VERSET;aucun verset identifiable (verset par verset exigé)
Jean 1:0;VGR;63-0320;98;CHAPITRE-SANS-VERSET;aucun verset identifiable (verset par verset exigé)
Malachie 4:0;VGR;63-0320;162;CHAPITRE-SANS-VERSET;aucun verset identifiable (verset par verset exigé)
Malachie 4:0;VGR;63-0320;242;CHAPITRE-SANS-VERSET;aucun verset identifiable (verset par verset exigé)
Matthieu 14:0;VGR;63-0320;305;CHAPITRE-SANS-VERSET;aucun verset identifiable (verset par verset exigé)
Apocalypse 16:0;VGR;63-0324M;367;CHAPITRE-SANS-VERSET;aucun verset identifiable (verset par verset exigé)
Malachie 3:0;VGR;63-0324M;330;CHAPITRE-SANS-VERSET;aucun verset identifiable (verset par verset exigé)
Malachie 4:0;VGR;63-0324M;329;CHAPITRE-SANS-VERSET;aucun verset identifiable (verset par verset exigé)
Matthieu 5:0;VGR;63-0324M;142;CHAPITRE-SANS-VERSET;aucun verset identifiable (verset par verset exigé)
Matthieu 24:0;VGR;63-0324M;69;CHAPITRE-SANS-VERSET;aucun verset identifiable (verset par verset exigé)
Actes 2:0;VGR;63-0608;327;CHAPITRE-SANS-VERSET;aucun verset identifiable (verset par verset exigé)
Actes 4:0;VGR;63-0608;319;CHAPITRE-SANS-VERSET;aucun verset identifiable (verset par verset exigé)
Actes 2:0;VGR;63-0628M;231;CHAPITRE-SANS-VERSET;aucun verset identifiable (verset par verset exigé)
Actes 19:0;VGR;63-0628M;77;CHAPITRE-SANS-VERSET;aucun verset identifiable (verset par verset exigé)
Apocalypse 17:0;VGR;63-0707;55;CHAPITRE-SANS-VERSET;aucun verset identifiable (verset par verset exigé)
Hebreux 10:0;VGR;63-0707;248;CHAPITRE-SANS-VERSET;aucun verset identifiable (verset par verset exigé)
Jean 1:0;VGR;63-0707;232;CHAPITRE-SANS-VERSET;aucun verset identifiable (verset par verset exigé)
Malachie 4:0;VGR;63-0707;275;CHAPITRE-SANS-VERSET;aucun verset identifiable (verset par verset exigé)
Apocalypse 17:0;VGR;63-0707M;55;CHAPITRE-SANS-VERSET;aucun verset identifiable (verset par verset exigé)
Hebreux 10:0;VGR;63-0707M;248;CHAPITRE-SANS-VERSET;aucun verset identifiable (verset par verset exigé)
Jean 1:0;VGR;63-0707M;232;CHAPITRE-SANS-VERSET;aucun verset identifiable (verset par verset exigé)
Malachie 4:0;VGR;63-0707M;275;CHAPITRE-SANS-VERSET;aucun verset identifiable (verset par verset exigé)
Marc 16:0;VGR;63-0825E;106;CHAPITRE-SANS-VERSET;aucun verset identifiable (verset par verset exigé)
Marc 16:0;VGR;63-0825E;153;CHAPITRE-SANS-VERSET;aucun verset identifiable (verset par verset exigé)
Jean 1:0;VGR;63-1201M;95;CHAPITRE-SANS-VERSET;aucun verset identifiable (verset par verset exigé)
Romains 5:0;VGR;63-1201M;120;CHAPITRE-SANS-VERSET;aucun verset identifiable (verset par verset exigé)
Actes 2:0;VGR;64-0629;176;CHAPITRE-SANS-VERSET;aucun verset identifiable (verset par verset exigé)
Actes 2:0;VGR;64-0629;199;CHAPITRE-SANS-VERSET;aucun verset identifiable (verset par verset exigé)
Actes 4:0;VGR;64-0629;200;CHAPITRE-SANS-VERSET;aucun verset identifiable (verset par verset exigé)
Genese 1:0;VGR;64-0629;69;CHAPITRE-SANS-VERSET;aucun verset identifiable (verset par verset exigé)
Genese 18:0;VGR;64-0629;146;CHAPITRE-SANS-VERSET;aucun verset identifiable (verset par verset exigé)
Hebreux 1:0;VGR;64-0629;145;CHAPITRE-SANS-VERSET;aucun verset identifiable (verset par verset exigé)
Malachie 3:0;VGR;64-0629;25;CHAPITRE-SANS-VERSET;aucun verset identifiable (verset par verset exigé)
Actes 2:0;VGR;64-1205;174;CHAPITRE-SANS-VERSET;aucun verset identifiable (verset par verset exigé)
Genese 22:0;VGR;64-1205;74;CHAPITRE-SANS-VERSET;aucun verset identifiable (verset par verset exigé)
Actes 2:0;VGR;65-0123;82;CHAPITRE-SANS-VERSET;aucun verset identifiable (verset par verset exigé)
Genese 17:0;VGR;65-0123;189;CHAPITRE-SANS-VERSET;aucun verset identifiable (verset par verset exigé)
Hebreux 13:0;VGR;65-0123;154;CHAPITRE-SANS-VERSET;aucun verset identifiable (verset par verset exigé)
Jean 3:0;SKN;53-1129A;25;CHAPITRE-SANS-VERSET;aucun verset identifiable (verset par verset exigé)
Hebreux 6:0;SKN;59-1220E;36;CHAPITRE-SANS-VERSET;aucun verset identifiable (verset par verset exigé)
Actes 19:0;SKN;61-0112;301;CHAPITRE-SANS-VERSET;aucun verset identifiable (verset par verset exigé)
Esaie 28:0;SKN;61-0112;98;CHAPITRE-SANS-VERSET;aucun verset identifiable (verset par verset exigé)
Luc 3:0;SKN;61-0112;383;CHAPITRE-SANS-VERSET;aucun verset identifiable (verset par verset exigé)
Malachie 4:0;SKN;61-0112;415;CHAPITRE-SANS-VERSET;aucun verset identifiable (verset par verset exigé)
Actes 19:0;SKN;61-0128;45;CHAPITRE-SANS-VERSET;aucun verset identifiable (verset par verset exigé)
Malachie 4:0;SKN;62-0728;59;CHAPITRE-SANS-VERSET;aucun verset identifiable (verset par verset exigé)
Malachie 3:0;SKN;65-0124;88;CHAPITRE-SANS-VERSET;aucun verset identifiable (verset par verset exigé)
Malachie 4:0;SKN;65-0124;88;CHAPITRE-SANS-VERSET;aucun verset identifiable (verset par verset exigé)
Malachie 4:0;SKN;65-0124;90;CHAPITRE-SANS-VERSET;aucun verset identifiable (verset par verset exigé)
Malachie 4:0;SKN;65-0124;144;CHAPITRE-SANS-VERSET;aucun verset identifiable (verset par verset exigé)
Hebreux 6:0;VGR;59-1220E;36;CHAPITRE-SANS-VERSET;aucun verset identifiable (verset par verset exigé)
Actes 19:0;VGR;61-0112;301;CHAPITRE-SANS-VERSET;aucun verset identifiable (verset par verset exigé)
Jean 13:0;VGR;61-0112;452;CHAPITRE-SANS-VERSET;aucun verset identifiable (verset par verset exigé)
Luc 3:0;VGR;61-0112;383;CHAPITRE-SANS-VERSET;aucun verset identifiable (verset par verset exigé)
Apocalypse 10:0;SKN;65-1126;294;CHAPITRE-SANS-VERSET;aucun verset identifiable (verset par verset exigé)
Genese 1:0;SKN;65-1126;136;CHAPITRE-SANS-VERSET;aucun verset identifiable (verset par verset exigé)
Malachie 4:0;SKN;65-1126;311;CHAPITRE-SANS-VERSET;aucun verset identifiable (verset par verset exigé)
Genese 1:0;VGR;65-1126;136;CHAPITRE-SANS-VERSET;aucun verset identifiable (verset par verset exigé)
Malachie 4:0;VGR;65-1126;311;CHAPITRE-SANS-VERSET;aucun verset identifiable (verset par verset exigé)
Genese 38:0;VGR;57-1002;354;CHAPITRE-SANS-VERSET;aucun verset identifiable (verset par verset exigé)
Matthieu 27:0;VGR;57-1002;418;CHAPITRE-SANS-VERSET;aucun verset identifiable (verset par verset exigé)
Psaumes 72:0;SKN;52-0810A;24;CHAPITRE-SANS-VERSET;aucun verset identifiable (verset par verset exigé)
Apocalypse 17:0;SKN;60-1204M;213;CHAPITRE-SANS-VERSET;aucun verset identifiable (verset par verset exigé)
Marc 16:0;SKN;60-1204M;150;CHAPITRE-SANS-VERSET;aucun verset identifiable (verset par verset exigé)
Zacharie 12:0;SKN;60-1204M;320;CHAPITRE-SANS-VERSET;aucun verset identifiable (verset par verset exigé)
Apocalypse 1:0;VGR;60-1204M;26;CHAPITRE-SANS-VERSET;aucun verset identifiable (verset par verset exigé)
Apocalypse 4:0;VGR;60-1204M;26;CHAPITRE-SANS-VERSET;aucun verset identifiable (verset par verset exigé)
Apocalypse 17:0;VGR;60-1204M;207;CHAPITRE-SANS-VERSET;aucun verset identifiable (verset par verset exigé)
Marc 16:0;SKN;59-0628M;81;CHAPITRE-SANS-VERSET;aucun verset identifiable (verset par verset exigé)
Apocalypse 17:0;SKN;60-1207;116;CHAPITRE-SANS-VERSET;aucun verset identifiable (verset par verset exigé)
Jean 1:0;SKN;60-1207;89;CHAPITRE-SANS-VERSET;aucun verset identifiable (verset par verset exigé)
Actes 19:0;SKN;61-0108;169;CHAPITRE-SANS-VERSET;aucun verset identifiable (verset par verset exigé)
Apocalypse 22:0;SKN;61-0108;200;CHAPITRE-SANS-VERSET;aucun verset identifiable (verset par verset exigé)
Matthieu 17:0;SKN;61-0108;281;CHAPITRE-SANS-VERSET;aucun verset identifiable (verset par verset exigé)
Jean 14:0;SKN;61-0119M;38;CHAPITRE-SANS-VERSET;aucun verset identifiable (verset par verset exigé)
Colossiens 3:0;SKN;61-0425B;300;CHAPITRE-SANS-VERSET;aucun verset identifiable (verset par verset exigé)
Jean 3:0;SKN;61-0425B;180;CHAPITRE-SANS-VERSET;aucun verset identifiable (verset par verset exigé)
Jean 6:0;SKN;61-0425B;128;CHAPITRE-SANS-VERSET;aucun verset identifiable (verset par verset exigé)
Jean 14:0;SKN;61-0425B;130;CHAPITRE-SANS-VERSET;aucun verset identifiable (verset par verset exigé)
Jean 14:0;SKN;61-0425B;180;CHAPITRE-SANS-VERSET;aucun verset identifiable (verset par verset exigé)
Marc 16:0;SKN;61-0425B;231;CHAPITRE-SANS-VERSET;aucun verset identifiable (verset par verset exigé)
Matthieu 28:0;SKN;61-0425B;175;CHAPITRE-SANS-VERSET;aucun verset identifiable (verset par verset exigé)
Apocalypse 2:0;SKN;61-1015M;198;CHAPITRE-SANS-VERSET;aucun verset identifiable (verset par verset exigé)
Jean 15:0;SKN;62-0610M;73;CHAPITRE-SANS-VERSET;aucun verset identifiable (verset par verset exigé)
Malachie 4:0;SKN;62-0714;55;CHAPITRE-SANS-VERSET;aucun verset identifiable (verset par verset exigé)
Psaumes 22:0;SKN;62-1123;53;CHAPITRE-SANS-VERSET;aucun verset identifiable (verset par verset exigé)
Psaumes 22:0;SKN;63-1124E;109;CHAPITRE-SANS-VERSET;aucun verset identifiable (verset par verset exigé)
Hebreux 11:0;SKN;63-1127;128;CHAPITRE-SANS-VERSET;aucun verset identifiable (verset par verset exigé)
Malachie 3:0;SKN;63-1127;16;CHAPITRE-SANS-VERSET;aucun verset identifiable (verset par verset exigé)
Malachie 4:0;SKN;64-0427;76;CHAPITRE-SANS-VERSET;aucun verset identifiable (verset par verset exigé)
Malachie 4:0;SKN;64-0427;78;CHAPITRE-SANS-VERSET;aucun verset identifiable (verset par verset exigé)
Marc 4:0;SKN;64-0427;25;CHAPITRE-SANS-VERSET;aucun verset identifiable (verset par verset exigé)
Marc 11:0;SKN;64-0427;22;CHAPITRE-SANS-VERSET;aucun verset identifiable (verset par verset exigé)
Marc 16:0;SKN;64-0427;18;CHAPITRE-SANS-VERSET;aucun verset identifiable (verset par verset exigé)
Marc 16:0;SKN;64-0427;31;CHAPITRE-SANS-VERSET;aucun verset identifiable (verset par verset exigé)
Apocalypse 10:0;SKN;65-0219;165;CHAPITRE-SANS-VERSET;aucun verset identifiable (verset par verset exigé)
Esaie 61:0;SKN;65-0219;43;CHAPITRE-SANS-VERSET;aucun verset identifiable (verset par verset exigé)
Esaie 61:0;SKN;65-0219;44;CHAPITRE-SANS-VERSET;aucun verset identifiable (verset par verset exigé)
Genese 23:0;SKN;65-0219;189;CHAPITRE-SANS-VERSET;aucun verset identifiable (verset par verset exigé)
Jean 16:0;SKN;65-0219;34;CHAPITRE-SANS-VERSET;aucun verset identifiable (verset par verset exigé)
Malachie 4:0;SKN;65-0219;152;CHAPITRE-SANS-VERSET;aucun verset identifiable (verset par verset exigé)
Matthieu 24:0;SKN;65-0219;132;CHAPITRE-SANS-VERSET;aucun verset identifiable (verset par verset exigé)
Esaie 53:0;SKN;65-0221M;99;CHAPITRE-SANS-VERSET;aucun verset identifiable (verset par verset exigé)
Genese 3:0;SKN;65-0221M;70;CHAPITRE-SANS-VERSET;aucun verset identifiable (verset par verset exigé)
Job 14:0;SKN;65-0221M;153;CHAPITRE-SANS-VERSET;aucun verset identifiable (verset par verset exigé)
Luc 17:0;SKN;65-0221M;35;CHAPITRE-SANS-VERSET;aucun verset identifiable (verset par verset exigé)
Marc 16:0;SKN;65-0711;84;CHAPITRE-SANS-VERSET;aucun verset identifiable (verset par verset exigé)
Marc 16:0;VGR;59-0628M;81;CHAPITRE-SANS-VERSET;aucun verset identifiable (verset par verset exigé)
Esaie 35:0;VGR;60-0626;244;CHAPITRE-SANS-VERSET;aucun verset identifiable (verset par verset exigé)
Apocalypse 17:0;VGR;60-1207;112;CHAPITRE-SANS-VERSET;aucun verset identifiable (verset par verset exigé)
Jean 1:0;VGR;60-1207;85;CHAPITRE-SANS-VERSET;aucun verset identifiable (verset par verset exigé)
Apocalypse 20:0;VGR;60-1225;130;CHAPITRE-SANS-VERSET;aucun verset identifiable (verset par verset exigé)
Marc 16:0;VGR;61-0108;338;CHAPITRE-SANS-VERSET;aucun verset identifiable (verset par verset exigé)
Matthieu 17:0;VGR;61-0108;275;CHAPITRE-SANS-VERSET;aucun verset identifiable (verset par verset exigé)
Jean 14:0;VGR;61-0119M;42;CHAPITRE-SANS-VERSET;aucun verset identifiable (verset par verset exigé)
Colossiens 3:0;VGR;61-0425B;301;CHAPITRE-SANS-VERSET;aucun verset identifiable (verset par verset exigé)
Jean 3:0;VGR;61-0425B;180;CHAPITRE-SANS-VERSET;aucun verset identifiable (verset par verset exigé)
Jean 6:0;VGR;61-0425B;128;CHAPITRE-SANS-VERSET;aucun verset identifiable (verset par verset exigé)
Jean 14:0;VGR;61-0425B;130;CHAPITRE-SANS-VERSET;aucun verset identifiable (verset par verset exigé)
Jean 14:0;VGR;61-0425B;180;CHAPITRE-SANS-VERSET;aucun verset identifiable (verset par verset exigé)
Marc 16:0;VGR;61-0425B;232;CHAPITRE-SANS-VERSET;aucun verset identifiable (verset par verset exigé)
Matthieu 28:0;VGR;61-0425B;175;CHAPITRE-SANS-VERSET;aucun verset identifiable (verset par verset exigé)
Matthieu 5:0;VGR;61-0611;125;CHAPITRE-SANS-VERSET;aucun verset identifiable (verset par verset exigé)
Matthieu 28:0;VGR;61-0611;77;CHAPITRE-SANS-VERSET;aucun verset identifiable (verset par verset exigé)
Psaumes 22:0;VGR;61-1119;320;CHAPITRE-SANS-VERSET;aucun verset identifiable (verset par verset exigé)
Apocalypse 21:0;VGR;62-0318M;73;CHAPITRE-SANS-VERSET;aucun verset identifiable (verset par verset exigé)
Jean 3:0;VGR;62-0318M;161;CHAPITRE-SANS-VERSET;aucun verset identifiable (verset par verset exigé)
Joel 2:0;VGR;62-0318M;292;CHAPITRE-SANS-VERSET;aucun verset identifiable (verset par verset exigé)
Malachie 3:0;VGR;62-0318M;432;CHAPITRE-SANS-VERSET;aucun verset identifiable (verset par verset exigé)
Malachie 4:0;VGR;62-0318M;430;CHAPITRE-SANS-VERSET;aucun verset identifiable (verset par verset exigé)
Malachie 4:0;VGR;62-0318M;439;CHAPITRE-SANS-VERSET;aucun verset identifiable (verset par verset exigé)
Matthieu 24:0;VGR;62-0318M;85;CHAPITRE-SANS-VERSET;aucun verset identifiable (verset par verset exigé)
Hebreux 11:0;VGR;62-1014M;104;CHAPITRE-SANS-VERSET;aucun verset identifiable (verset par verset exigé)
Apocalypse 18:0;VGR;62-1111E;194;CHAPITRE-SANS-VERSET;aucun verset identifiable (verset par verset exigé)
Malachie 3:0;VGR;63-0318;209;CHAPITRE-SANS-VERSET;aucun verset identifiable (verset par verset exigé)
Malachie 4:0;VGR;63-0318;206;CHAPITRE-SANS-VERSET;aucun verset identifiable (verset par verset exigé)
Malachie 4:0;VGR;63-0318;209;CHAPITRE-SANS-VERSET;aucun verset identifiable (verset par verset exigé)
Malachie 4:0;VGR;63-0318;214;CHAPITRE-SANS-VERSET;aucun verset identifiable (verset par verset exigé)
Matthieu 10:0;VGR;63-0318;113;CHAPITRE-SANS-VERSET;aucun verset identifiable (verset par verset exigé)
Apocalypse 10:0;VGR;63-0321;378;CHAPITRE-SANS-VERSET;aucun verset identifiable (verset par verset exigé)
Apocalypse 19:0;VGR;63-0321;377;CHAPITRE-SANS-VERSET;aucun verset identifiable (verset par verset exigé)
Malachie 4:0;VGR;63-0321;126;CHAPITRE-SANS-VERSET;aucun verset identifiable (verset par verset exigé)
Malachie 4:0;VGR;63-0321;351;CHAPITRE-SANS-VERSET;aucun verset identifiable (verset par verset exigé)
Malachie 4:0;VGR;63-0321;378;CHAPITRE-SANS-VERSET;aucun verset identifiable (verset par verset exigé)
Luc 17:0;VGR;64-0427;211;CHAPITRE-SANS-VERSET;aucun verset identifiable (verset par verset exigé)
Malachie 4:0;VGR;64-0427;232;CHAPITRE-SANS-VERSET;aucun verset identifiable (verset par verset exigé)
Malachie 4:0;VGR;64-0427;237;CHAPITRE-SANS-VERSET;aucun verset identifiable (verset par verset exigé)
Marc 4:0;VGR;64-0427;76;CHAPITRE-SANS-VERSET;aucun verset identifiable (verset par verset exigé)
Marc 11:0;VGR;64-0427;70;CHAPITRE-SANS-VERSET;aucun verset identifiable (verset par verset exigé)
Marc 16:0;VGR;64-0427;22;CHAPITRE-SANS-VERSET;aucun verset identifiable (verset par verset exigé)
Marc 16:0;VGR;64-0427;23;CHAPITRE-SANS-VERSET;aucun verset identifiable (verset par verset exigé)
Marc 16:0;VGR;64-0427;41;CHAPITRE-SANS-VERSET;aucun verset identifiable (verset par verset exigé)
Marc 16:0;VGR;64-0427;59;CHAPITRE-SANS-VERSET;aucun verset identifiable (verset par verset exigé)
Marc 16:0;VGR;64-0427;60;CHAPITRE-SANS-VERSET;aucun verset identifiable (verset par verset exigé)
Marc 16:0;VGR;64-0427;63;CHAPITRE-SANS-VERSET;aucun verset identifiable (verset par verset exigé)
Marc 16:0;VGR;64-0427;69;CHAPITRE-SANS-VERSET;aucun verset identifiable (verset par verset exigé)
Marc 16:0;VGR;64-0427;87;CHAPITRE-SANS-VERSET;aucun verset identifiable (verset par verset exigé)
Apocalypse 10:0;VGR;65-0219;165;CHAPITRE-SANS-VERSET;aucun verset identifiable (verset par verset exigé)
Esaie 61:0;VGR;65-0219;43;CHAPITRE-SANS-VERSET;aucun verset identifiable (verset par verset exigé)
Jean 16:0;VGR;65-0219;34;CHAPITRE-SANS-VERSET;aucun verset identifiable (verset par verset exigé)
Malachie 4:0;VGR;65-0219;152;CHAPITRE-SANS-VERSET;aucun verset identifiable (verset par verset exigé)
Matthieu 24:0;VGR;65-0219;132;CHAPITRE-SANS-VERSET;aucun verset identifiable (verset par verset exigé)
Esaie 53:0;VGR;65-0221M;132;CHAPITRE-SANS-VERSET;aucun verset identifiable (verset par verset exigé)
Genese 3:0;VGR;65-0221M;96;CHAPITRE-SANS-VERSET;aucun verset identifiable (verset par verset exigé)
Job 14:0;VGR;65-0221M;213;CHAPITRE-SANS-VERSET;aucun verset identifiable (verset par verset exigé)
Luc 17:0;VGR;65-0221M;49;CHAPITRE-SANS-VERSET;aucun verset identifiable (verset par verset exigé)
Marc 16:0;VGR;65-0711;160;CHAPITRE-SANS-VERSET;aucun verset identifiable (verset par verset exigé)
Apocalypse 17:0;VGR;65-1125;153;CHAPITRE-SANS-VERSET;aucun verset identifiable (verset par verset exigé)
Malachie 4:0;VGR;65-1125;240;CHAPITRE-SANS-VERSET;aucun verset identifiable (verset par verset exigé)
Malachie 4:0;VGR;65-1125;288;CHAPITRE-SANS-VERSET;aucun verset identifiable (verset par verset exigé)
Romains 7:0;VGR;65-1125;158;CHAPITRE-SANS-VERSET;aucun verset identifiable (verset par verset exigé)
Jean 15:0;SKN;57-0807;56;CHAPITRE-SANS-VERSET;aucun verset identifiable (verset par verset exigé)
Actes 4:0;SKN;61-0205M;5;CHAPITRE-SANS-VERSET;aucun verset identifiable (verset par verset exigé)
Jean 4:0;SKN;62-0704;217;CHAPITRE-SANS-VERSET;aucun verset identifiable (verset par verset exigé)
Jean 6:0;SKN;62-0704;128;CHAPITRE-SANS-VERSET;aucun verset identifiable (verset par verset exigé)
Actes 4:0;SKN;63-0626;42;CHAPITRE-SANS-VERSET;aucun verset identifiable (verset par verset exigé)
Actes 19:0;SKN;63-0626;176;CHAPITRE-SANS-VERSET;aucun verset identifiable (verset par verset exigé)
Marc 16:0;SKN;64-0418B;47;CHAPITRE-SANS-VERSET;aucun verset identifiable (verset par verset exigé)
Actes 18:0;VGR;59-1217;61;CHAPITRE-SANS-VERSET;aucun verset identifiable (verset par verset exigé)
Jean 1:0;VGR;59-1217;54;CHAPITRE-SANS-VERSET;aucun verset identifiable (verset par verset exigé)
Joel 2:0;VGR;62-0601;22;CHAPITRE-SANS-VERSET;aucun verset identifiable (verset par verset exigé)
Actes 4:0;VGR;64-0418B;168;CHAPITRE-SANS-VERSET;aucun verset identifiable (verset par verset exigé)
Marc 16:0;VGR;64-0418B;131;CHAPITRE-SANS-VERSET;aucun verset identifiable (verset par verset exigé)
Apocalypse 22:0;SKN;62-0211;63;CHAPITRE-SANS-VERSET;aucun verset identifiable (verset par verset exigé)
Jean 14:0;SKN;52-0715;16;CHAPITRE-SANS-VERSET;aucun verset identifiable (verset par verset exigé)
Apocalypse 3:0;SKN;61-1112;183;CHAPITRE-SANS-VERSET;aucun verset identifiable (verset par verset exigé)
Malachie 4:0;SKN;61-1112;183;CHAPITRE-SANS-VERSET;aucun verset identifiable (verset par verset exigé)
Apocalypse 3:0;VGR;61-1112;183;CHAPITRE-SANS-VERSET;aucun verset identifiable (verset par verset exigé)
Malachie 4:0;VGR;61-1112;183;CHAPITRE-SANS-VERSET;aucun verset identifiable (verset par verset exigé)
Matthieu 3:0;VGR;61-1112;243;CHAPITRE-SANS-VERSET;aucun verset identifiable (verset par verset exigé)
Apocalypse 3:0;SKN;60-1210;17;CHAPITRE-SANS-VERSET;aucun verset identifiable (verset par verset exigé)
Apocalypse 17:0;SKN;61-1217;154;CHAPITRE-SANS-VERSET;aucun verset identifiable (verset par verset exigé)
Apocalypse 17:0;VGR;61-1217;154;CHAPITRE-SANS-VERSET;aucun verset identifiable (verset par verset exigé)
Actes 9:0;VGR;60-1210;248;CHAPITRE-SANS-VERSET;aucun verset identifiable (verset par verset exigé)
Actes 9:0;VGR;64-0830M;236;CHAPITRE-SANS-VERSET;aucun verset identifiable (verset par verset exigé)
Actes 9:0;VGR;64-0830M;237;CHAPITRE-SANS-VERSET;aucun verset identifiable (verset par verset exigé)
Actes 20:0;VGR;64-0830M;236;CHAPITRE-SANS-VERSET;aucun verset identifiable (verset par verset exigé)
Apocalypse 11:0;VGR;64-0830M;191;CHAPITRE-SANS-VERSET;aucun verset identifiable (verset par verset exigé)
Matthieu 10:0;VGR;64-0830M;271;CHAPITRE-SANS-VERSET;aucun verset identifiable (verset par verset exigé)
Zacharie 4:0;VGR;64-0830M;298;CHAPITRE-SANS-VERSET;aucun verset identifiable (verset par verset exigé)
Galates 1:0;SKN;60-0522M;175;CHAPITRE-SANS-VERSET;aucun verset identifiable (verset par verset exigé)
Galates 1:0;VGR;60-0522M;175;CHAPITRE-SANS-VERSET;aucun verset identifiable (verset par verset exigé)
Actes 10:0;SKN;63-0113E;226;CHAPITRE-SANS-VERSET;aucun verset identifiable (verset par verset exigé)
Jean 12:0;SKN;63-0113E;154;CHAPITRE-SANS-VERSET;aucun verset identifiable (verset par verset exigé)
Actes 10:0;VGR;63-0113E;226;CHAPITRE-SANS-VERSET;aucun verset identifiable (verset par verset exigé)
Jean 12:0;VGR;63-0113E;154;CHAPITRE-SANS-VERSET;aucun verset identifiable (verset par verset exigé)
Jean 12:0;SKN;58-0301B;53;CHAPITRE-SANS-VERSET;aucun verset identifiable (verset par verset exigé)
Galates 1:0;SKN;63-1216;111;CHAPITRE-SANS-VERSET;aucun verset identifiable (verset par verset exigé)
Malachie 4:0;SKN;63-1216;164;CHAPITRE-SANS-VERSET;aucun verset identifiable (verset par verset exigé)
Apocalypse 21:0;VGR;59-0329M;67;CHAPITRE-SANS-VERSET;aucun verset identifiable (verset par verset exigé)
Psaumes 23:0;VGR;64-0823M;48;CHAPITRE-SANS-VERSET;aucun verset identifiable (verset par verset exigé)
Jean 4:0;SKN;58-0612;72;CHAPITRE-SANS-VERSET;aucun verset identifiable (verset par verset exigé)
Romains 8:0;SKN;58-0612;26;CHAPITRE-SANS-VERSET;aucun verset identifiable (verset par verset exigé)
Jean 6:0;SKN;63-0604;140;CHAPITRE-SANS-VERSET;aucun verset identifiable (verset par verset exigé)
Jean 20:0;SKN;63-0604;28;CHAPITRE-SANS-VERSET;aucun verset identifiable (verset par verset exigé)
Apocalypse 17:0;SKN;64-1212;329;CHAPITRE-SANS-VERSET;aucun verset identifiable (verset par verset exigé)
Malachie 4:0;SKN;64-1212;353;CHAPITRE-SANS-VERSET;aucun verset identifiable (verset par verset exigé)
Romains 8:0;SKN;64-1212;46;CHAPITRE-SANS-VERSET;aucun verset identifiable (verset par verset exigé)
Actes 19:0;SKN;65-0418M;189;CHAPITRE-SANS-VERSET;aucun verset identifiable (verset par verset exigé)
Malachie 4:0;SKN;65-0418M;93;CHAPITRE-SANS-VERSET;aucun verset identifiable (verset par verset exigé)
Malachie 4:0;SKN;65-0418M;243;CHAPITRE-SANS-VERSET;aucun verset identifiable (verset par verset exigé)
Actes 19:0;VGR;65-0418M;189;CHAPITRE-SANS-VERSET;aucun verset identifiable (verset par verset exigé)
Malachie 4:0;VGR;65-0418M;93;CHAPITRE-SANS-VERSET;aucun verset identifiable (verset par verset exigé)
Jean 1:0;VGR;65-0801M;71;CHAPITRE-SANS-VERSET;aucun verset identifiable (verset par verset exigé)
Jean 1:0;VGR;65-0801M;88;CHAPITRE-SANS-VERSET;aucun verset identifiable (verset par verset exigé)
Malachie 4:0;VGR;65-0801M;104;CHAPITRE-SANS-VERSET;aucun verset identifiable (verset par verset exigé)
Malachie 4:0;VGR;65-0801M;174;CHAPITRE-SANS-VERSET;aucun verset identifiable (verset par verset exigé)
Apocalypse 11:0;SKN;63-0322;302;CHAPITRE-SANS-VERSET;aucun verset identifiable (verset par verset exigé)
Apocalypse 13:0;SKN;63-0322;97;CHAPITRE-SANS-VERSET;aucun verset identifiable (verset par verset exigé)
Apocalypse 19:0;SKN;63-0322;430;CHAPITRE-SANS-VERSET;aucun verset identifiable (verset par verset exigé)
Esaie 35:0;SKN;63-0322;56;CHAPITRE-SANS-VERSET;aucun verset identifiable (verset par verset exigé)
Malachie 4:0;SKN;63-0322;320;CHAPITRE-SANS-VERSET;aucun verset identifiable (verset par verset exigé)
Malachie 4:0;SKN;63-0322;321;CHAPITRE-SANS-VERSET;aucun verset identifiable (verset par verset exigé)
Malachie 4:0;SKN;63-0322;323;CHAPITRE-SANS-VERSET;aucun verset identifiable (verset par verset exigé)
Malachie 4:0;SKN;63-0322;325;CHAPITRE-SANS-VERSET;aucun verset identifiable (verset par verset exigé)
Actes 15:0;VGR;63-0322;236;CHAPITRE-SANS-VERSET;aucun verset identifiable (verset par verset exigé)
Apocalypse 11:0;VGR;63-0322;302;CHAPITRE-SANS-VERSET;aucun verset identifiable (verset par verset exigé)
Apocalypse 13:0;VGR;63-0322;97;CHAPITRE-SANS-VERSET;aucun verset identifiable (verset par verset exigé)
Apocalypse 19:0;VGR;63-0322;430;CHAPITRE-SANS-VERSET;aucun verset identifiable (verset par verset exigé)
Esaie 35:0;VGR;63-0322;56;CHAPITRE-SANS-VERSET;aucun verset identifiable (verset par verset exigé)
Malachie 4:0;VGR;63-0322;320;CHAPITRE-SANS-VERSET;aucun verset identifiable (verset par verset exigé)
Malachie 4:0;VGR;63-0322;321;CHAPITRE-SANS-VERSET;aucun verset identifiable (verset par verset exigé)
Malachie 4:0;VGR;63-0322;323;CHAPITRE-SANS-VERSET;aucun verset identifiable (verset par verset exigé)
Malachie 4:0;VGR;63-0322;325;CHAPITRE-SANS-VERSET;aucun verset identifiable (verset par verset exigé)
Apocalypse 11:0;SKN;61-0806;150;CHAPITRE-SANS-VERSET;aucun verset identifiable (verset par verset exigé)
Daniel 12:0;SKN;61-0806;67;CHAPITRE-SANS-VERSET;aucun verset identifiable (verset par verset exigé)
Matthieu 24:0;SKN;61-0806;180;CHAPITRE-SANS-VERSET;aucun verset identifiable (verset par verset exigé)
Matthieu 24:0;SKN;61-0806;182;CHAPITRE-SANS-VERSET;aucun verset identifiable (verset par verset exigé)
Daniel 12:0;VGR;61-0806;67;CHAPITRE-SANS-VERSET;aucun verset identifiable (verset par verset exigé)
Apocalypse 17:0;SKN;64-0308;164;CHAPITRE-SANS-VERSET;aucun verset identifiable (verset par verset exigé)
Esaie 35:0;SKN;64-0308;76;CHAPITRE-SANS-VERSET;aucun verset identifiable (verset par verset exigé)
Hebreux 12:0;SKN;64-0308;134;CHAPITRE-SANS-VERSET;aucun verset identifiable (verset par verset exigé)
Malachie 4:0;SKN;64-0308;108;CHAPITRE-SANS-VERSET;aucun verset identifiable (verset par verset exigé)
Hebreux 13:0;VGR;63-0901M;322;CHAPITRE-SANS-VERSET;aucun verset identifiable (verset par verset exigé)
Hebreux 13:0;VGR;64-0208;106;CHAPITRE-SANS-VERSET;aucun verset identifiable (verset par verset exigé)
Malachie 4:0;VGR;64-0208;187;CHAPITRE-SANS-VERSET;aucun verset identifiable (verset par verset exigé)
Apocalypse 17:0;VGR;64-0308;164;CHAPITRE-SANS-VERSET;aucun verset identifiable (verset par verset exigé)
Esaie 35:0;VGR;64-0308;76;CHAPITRE-SANS-VERSET;aucun verset identifiable (verset par verset exigé)
Hebreux 12:0;VGR;64-0308;134;CHAPITRE-SANS-VERSET;aucun verset identifiable (verset par verset exigé)
Malachie 4:0;VGR;64-0308;108;CHAPITRE-SANS-VERSET;aucun verset identifiable (verset par verset exigé)
Actes 19:0;SKN;53-0328;43;CHAPITRE-SANS-VERSET;aucun verset identifiable (verset par verset exigé)
Esaie 28:0;SKN;53-0729;139;CHAPITRE-SANS-VERSET;aucun verset identifiable (verset par verset exigé)
Esaie 28:0;SKN;53-0729;165;CHAPITRE-SANS-VERSET;aucun verset identifiable (verset par verset exigé)
Jean 1:0;SKN;53-0729;32;CHAPITRE-SANS-VERSET;aucun verset identifiable (verset par verset exigé)
Matthieu 24:0;SKN;53-0729;281;CHAPITRE-SANS-VERSET;aucun verset identifiable (verset par verset exigé)
Hebreux 1:0;SKN;56-0815;30;CHAPITRE-SANS-VERSET;aucun verset identifiable (verset par verset exigé)
Romains 4:0;SKN;56-1208;3;CHAPITRE-SANS-VERSET;aucun verset identifiable (verset par verset exigé)
Actes 19:0;SKN;57-0518;1;CHAPITRE-SANS-VERSET;aucun verset identifiable (verset par verset exigé)
Psaumes 47:0;SKN;57-0728;39;CHAPITRE-SANS-VERSET;aucun verset identifiable (verset par verset exigé)
Romains 8:0;SKN;57-0728;74;CHAPITRE-SANS-VERSET;aucun verset identifiable (verset par verset exigé)
Jean 3:0;SKN;58-0209E;41;CHAPITRE-SANS-VERSET;aucun verset identifiable (verset par verset exigé)
Actes 19:0;SKN;58-0316E;96;CHAPITRE-SANS-VERSET;aucun verset identifiable (verset par verset exigé)
Actes 19:0;SKN;58-0330A;60;CHAPITRE-SANS-VERSET;aucun verset identifiable (verset par verset exigé)
Marc 16:0;SKN;58-0330A;55;CHAPITRE-SANS-VERSET;aucun verset identifiable (verset par verset exigé)
Jean 14:0;SKN;58-0330E;40;CHAPITRE-SANS-VERSET;aucun verset identifiable (verset par verset exigé)
Jean 13:0;SKN;58-1002;37;CHAPITRE-SANS-VERSET;aucun verset identifiable (verset par verset exigé)
Jean 4:0;SKN;59-0424E;82;CHAPITRE-SANS-VERSET;aucun verset identifiable (verset par verset exigé)
Psaumes 103:0;SKN;59-0707;3;CHAPITRE-SANS-VERSET;aucun verset identifiable (verset par verset exigé)
Actes 19:0;SKN;59-1227M;114;CHAPITRE-SANS-VERSET;aucun verset identifiable (verset par verset exigé)
Jean 4:0;SKN;60-0403;232;CHAPITRE-SANS-VERSET;aucun verset identifiable (verset par verset exigé)
Deuteronome 30:0;SKN;60-1113;85;CHAPITRE-SANS-VERSET;aucun verset identifiable (verset par verset exigé)
Hebreux 13:0;SKN;60-1113;81;CHAPITRE-SANS-VERSET;aucun verset identifiable (verset par verset exigé)
Apocalypse 13:0;SKN;62-0422;183;CHAPITRE-SANS-VERSET;aucun verset identifiable (verset par verset exigé)
Apocalypse 17:0;SKN;62-0422;183;CHAPITRE-SANS-VERSET;aucun verset identifiable (verset par verset exigé)
Ephesiens 5:0;SKN;62-0422;113;CHAPITRE-SANS-VERSET;aucun verset identifiable (verset par verset exigé)
Jean 13:0;SKN;62-0422;281;CHAPITRE-SANS-VERSET;aucun verset identifiable (verset par verset exigé)
Malachie 4:0;SKN;62-0422;314;CHAPITRE-SANS-VERSET;aucun verset identifiable (verset par verset exigé)
Malachie 4:0;SKN;62-0422;321;CHAPITRE-SANS-VERSET;aucun verset identifiable (verset par verset exigé)
Actes 19:0;SKN;62-0705;46;CHAPITRE-SANS-VERSET;aucun verset identifiable (verset par verset exigé)
Exode 19:0;SKN;62-0705;58;CHAPITRE-SANS-VERSET;aucun verset identifiable (verset par verset exigé)
Genese 12:0;SKN;62-0705;87;CHAPITRE-SANS-VERSET;aucun verset identifiable (verset par verset exigé)
Genese 12:0;SKN;62-0705;90;CHAPITRE-SANS-VERSET;aucun verset identifiable (verset par verset exigé)
Malachie 3:0;SKN;62-0705;56;CHAPITRE-SANS-VERSET;aucun verset identifiable (verset par verset exigé)
Esaie 5:0;SKN;63-0623E;116;CHAPITRE-SANS-VERSET;aucun verset identifiable (verset par verset exigé)
Jean 14:0;SKN;63-0623E;170;CHAPITRE-SANS-VERSET;aucun verset identifiable (verset par verset exigé)
Matthieu 24:0;SKN;63-0623E;52;CHAPITRE-SANS-VERSET;aucun verset identifiable (verset par verset exigé)
Matthieu 5:0;SKN;63-0803B;225;CHAPITRE-SANS-VERSET;aucun verset identifiable (verset par verset exigé)
Apocalypse 3:0;SKN;63-1116B;87;CHAPITRE-SANS-VERSET;aucun verset identifiable (verset par verset exigé)
Actes 19:0;SKN;64-0719E;158;CHAPITRE-SANS-VERSET;aucun verset identifiable (verset par verset exigé)
Esaie 18:0;SKN;64-0719M;17;CHAPITRE-SANS-VERSET;aucun verset identifiable (verset par verset exigé)
Esaie 27:0;SKN;64-0719M;17;CHAPITRE-SANS-VERSET;aucun verset identifiable (verset par verset exigé)
Genese 1:0;SKN;64-0719M;76;CHAPITRE-SANS-VERSET;aucun verset identifiable (verset par verset exigé)
Hebreux 4:0;SKN;64-0719M;177;CHAPITRE-SANS-VERSET;aucun verset identifiable (verset par verset exigé)
Levitique 12:0;SKN;64-0719M;114;CHAPITRE-SANS-VERSET;aucun verset identifiable (verset par verset exigé)
Levitique 16:0;SKN;64-0719M;114;CHAPITRE-SANS-VERSET;aucun verset identifiable (verset par verset exigé)
Levitique 16:0;SKN;64-0719M;181;CHAPITRE-SANS-VERSET;aucun verset identifiable (verset par verset exigé)
Levitique 16:0;SKN;64-0719M;187;CHAPITRE-SANS-VERSET;aucun verset identifiable (verset par verset exigé)
Luc 17:0;SKN;64-0719M;73;CHAPITRE-SANS-VERSET;aucun verset identifiable (verset par verset exigé)
Luc 22:0;SKN;64-0719M;177;CHAPITRE-SANS-VERSET;aucun verset identifiable (verset par verset exigé)
Malachie 3:0;SKN;64-0719M;48;CHAPITRE-SANS-VERSET;aucun verset identifiable (verset par verset exigé)
Malachie 3:0;SKN;64-0719M;57;CHAPITRE-SANS-VERSET;aucun verset identifiable (verset par verset exigé)
Malachie 4:0;SKN;64-0719M;47;CHAPITRE-SANS-VERSET;aucun verset identifiable (verset par verset exigé)
Malachie 4:0;SKN;64-0719M;65;CHAPITRE-SANS-VERSET;aucun verset identifiable (verset par verset exigé)
Malachie 4:0;SKN;64-0719M;67;CHAPITRE-SANS-VERSET;aucun verset identifiable (verset par verset exigé)
Malachie 4:0;SKN;64-0719M;87;CHAPITRE-SANS-VERSET;aucun verset identifiable (verset par verset exigé)
Malachie 4:0;SKN;64-0719M;204;CHAPITRE-SANS-VERSET;aucun verset identifiable (verset par verset exigé)
Malachie 4:0;SKN;64-0719M;212;CHAPITRE-SANS-VERSET;aucun verset identifiable (verset par verset exigé)
Malachie 4:0;SKN;65-0725M;130;CHAPITRE-SANS-VERSET;aucun verset identifiable (verset par verset exigé)
Malachie 4:0;SKN;65-0725M;259;CHAPITRE-SANS-VERSET;aucun verset identifiable (verset par verset exigé)
Actes 19:0;VGR;51-0923;191;CHAPITRE-SANS-VERSET;aucun verset identifiable (verset par verset exigé)
Actes 19:0;VGR;52-0900;172;CHAPITRE-SANS-VERSET;aucun verset identifiable (verset par verset exigé)
Jean 11:0;VGR;52-0900;148;CHAPITRE-SANS-VERSET;aucun verset identifiable (verset par verset exigé)
Esaie 28:0;VGR;53-0729;139;CHAPITRE-SANS-VERSET;aucun verset identifiable (verset par verset exigé)
Esaie 28:0;VGR;53-0729;165;CHAPITRE-SANS-VERSET;aucun verset identifiable (verset par verset exigé)
Genese 7:0;VGR;53-0729;37;CHAPITRE-SANS-VERSET;aucun verset identifiable (verset par verset exigé)
Genese 9:0;VGR;53-0729;49;CHAPITRE-SANS-VERSET;aucun verset identifiable (verset par verset exigé)
Genese 11:0;VGR;53-0729;62;CHAPITRE-SANS-VERSET;aucun verset identifiable (verset par verset exigé)
Genese 15:0;VGR;53-0729;87;CHAPITRE-SANS-VERSET;aucun verset identifiable (verset par verset exigé)
Genese 17:0;VGR;53-0729;96;CHAPITRE-SANS-VERSET;aucun verset identifiable (verset par verset exigé)
Genese 19:0;VGR;53-0729;109;CHAPITRE-SANS-VERSET;aucun verset identifiable (verset par verset exigé)
Genese 21:0;VGR;53-0729;121;CHAPITRE-SANS-VERSET;aucun verset identifiable (verset par verset exigé)
Genese 23:0;VGR;53-0729;131;CHAPITRE-SANS-VERSET;aucun verset identifiable (verset par verset exigé)
Genese 25:0;VGR;53-0729;144;CHAPITRE-SANS-VERSET;aucun verset identifiable (verset par verset exigé)
Genese 29:0;VGR;53-0729;165;CHAPITRE-SANS-VERSET;aucun verset identifiable (verset par verset exigé)
Genese 31:0;VGR;53-0729;179;CHAPITRE-SANS-VERSET;aucun verset identifiable (verset par verset exigé)
Genese 33:0;VGR;53-0729;199;CHAPITRE-SANS-VERSET;aucun verset identifiable (verset par verset exigé)
Genese 35:0;VGR;53-0729;217;CHAPITRE-SANS-VERSET;aucun verset identifiable (verset par verset exigé)
Genese 37:0;VGR;53-0729;228;CHAPITRE-SANS-VERSET;aucun verset identifiable (verset par verset exigé)
Genese 39:0;VGR;53-0729;240;CHAPITRE-SANS-VERSET;aucun verset identifiable (verset par verset exigé)
Genese 41:0;VGR;53-0729;254;CHAPITRE-SANS-VERSET;aucun verset identifiable (verset par verset exigé)
Genese 43:0;VGR;53-0729;271;CHAPITRE-SANS-VERSET;aucun verset identifiable (verset par verset exigé)
Genese 45:0;VGR;53-0729;281;CHAPITRE-SANS-VERSET;aucun verset identifiable (verset par verset exigé)
Hebreux 9:0;VGR;53-0729;151;CHAPITRE-SANS-VERSET;aucun verset identifiable (verset par verset exigé)
Jean 1:0;VGR;53-0729;32;CHAPITRE-SANS-VERSET;aucun verset identifiable (verset par verset exigé)
Matthieu 24:0;VGR;53-0729;281;CHAPITRE-SANS-VERSET;aucun verset identifiable (verset par verset exigé)
Zacharie 4:0;VGR;53-0729;263;CHAPITRE-SANS-VERSET;aucun verset identifiable (verset par verset exigé)
Jean 3:0;VGR;59-0628E;129;CHAPITRE-SANS-VERSET;aucun verset identifiable (verset par verset exigé)
Jean 5:0;VGR;59-0628E;188;CHAPITRE-SANS-VERSET;aucun verset identifiable (verset par verset exigé)
Romains 8:0;VGR;59-0628E;119;CHAPITRE-SANS-VERSET;aucun verset identifiable (verset par verset exigé)
Deuteronome 30:0;VGR;60-1113;109;CHAPITRE-SANS-VERSET;aucun verset identifiable (verset par verset exigé)
Hebreux 13:0;VGR;60-1113;106;CHAPITRE-SANS-VERSET;aucun verset identifiable (verset par verset exigé)
Apocalypse 17:0;VGR;62-0422;280;CHAPITRE-SANS-VERSET;aucun verset identifiable (verset par verset exigé)
Jean 13:0;VGR;62-0422;463;CHAPITRE-SANS-VERSET;aucun verset identifiable (verset par verset exigé)
Malachie 4:0;VGR;62-0422;508;CHAPITRE-SANS-VERSET;aucun verset identifiable (verset par verset exigé)
Malachie 4:0;VGR;62-0422;517;CHAPITRE-SANS-VERSET;aucun verset identifiable (verset par verset exigé)
Esaie 5:0;VGR;63-0623E;116;CHAPITRE-SANS-VERSET;aucun verset identifiable (verset par verset exigé)
Jean 14:0;VGR;63-0623E;170;CHAPITRE-SANS-VERSET;aucun verset identifiable (verset par verset exigé)
Luc 17:0;VGR;63-0623E;128;CHAPITRE-SANS-VERSET;aucun verset identifiable (verset par verset exigé)
Matthieu 24:0;VGR;63-0623E;52;CHAPITRE-SANS-VERSET;aucun verset identifiable (verset par verset exigé)
Marc 16:0;VGR;63-0803B;209;CHAPITRE-SANS-VERSET;aucun verset identifiable (verset par verset exigé)
Matthieu 5:0;VGR;63-0803B;225;CHAPITRE-SANS-VERSET;aucun verset identifiable (verset par verset exigé)
Actes 19:0;VGR;64-0719E;158;CHAPITRE-SANS-VERSET;aucun verset identifiable (verset par verset exigé)
Esaie 18:0;VGR;64-0719M;21;CHAPITRE-SANS-VERSET;aucun verset identifiable (verset par verset exigé)
Genese 1:0;VGR;64-0719M;94;CHAPITRE-SANS-VERSET;aucun verset identifiable (verset par verset exigé)
Levitique 12:0;VGR;64-0719M;151;CHAPITRE-SANS-VERSET;aucun verset identifiable (verset par verset exigé)
Levitique 16:0;VGR;64-0719M;151;CHAPITRE-SANS-VERSET;aucun verset identifiable (verset par verset exigé)
Levitique 16:0;VGR;64-0719M;252;CHAPITRE-SANS-VERSET;aucun verset identifiable (verset par verset exigé)
Levitique 16:0;VGR;64-0719M;260;CHAPITRE-SANS-VERSET;aucun verset identifiable (verset par verset exigé)
Luc 17:0;VGR;64-0719M;86;CHAPITRE-SANS-VERSET;aucun verset identifiable (verset par verset exigé)
Luc 22:0;VGR;64-0719M;245;CHAPITRE-SANS-VERSET;aucun verset identifiable (verset par verset exigé)
Malachie 3:0;VGR;64-0719M;71;CHAPITRE-SANS-VERSET;aucun verset identifiable (verset par verset exigé)
Malachie 4:0;VGR;64-0719M;60;CHAPITRE-SANS-VERSET;aucun verset identifiable (verset par verset exigé)
Malachie 4:0;VGR;64-0719M;62;CHAPITRE-SANS-VERSET;aucun verset identifiable (verset par verset exigé)
Malachie 4:0;VGR;64-0719M;85;CHAPITRE-SANS-VERSET;aucun verset identifiable (verset par verset exigé)
Malachie 4:0;VGR;64-0719M;107;CHAPITRE-SANS-VERSET;aucun verset identifiable (verset par verset exigé)
Malachie 4:0;VGR;64-0719M;278;CHAPITRE-SANS-VERSET;aucun verset identifiable (verset par verset exigé)
Malachie 4:0;VGR;64-0719M;290;CHAPITRE-SANS-VERSET;aucun verset identifiable (verset par verset exigé)
Malachie 4:0;SKN;63-1124M;86;CHAPITRE-SANS-VERSET;aucun verset identifiable (verset par verset exigé)
Malachie 4:0;SKN;63-1124M;146;CHAPITRE-SANS-VERSET;aucun verset identifiable (verset par verset exigé)
Malachie 4:0;SKN;63-1124M;189;CHAPITRE-SANS-VERSET;aucun verset identifiable (verset par verset exigé)
Marc 16:0;VGR;60-1209;144;CHAPITRE-SANS-VERSET;aucun verset identifiable (verset par verset exigé)
Malachie 4:0;VGR;63-1124M;86;CHAPITRE-SANS-VERSET;aucun verset identifiable (verset par verset exigé)
Malachie 4:0;VGR;63-1124M;146;CHAPITRE-SANS-VERSET;aucun verset identifiable (verset par verset exigé)
Malachie 4:0;VGR;63-1124M;189;CHAPITRE-SANS-VERSET;aucun verset identifiable (verset par verset exigé)
Malachie 4:0;SKN;63-1229E;70;CHAPITRE-SANS-VERSET;aucun verset identifiable (verset par verset exigé)
Malachie 4:0;VGR;63-1229E;140;CHAPITRE-SANS-VERSET;aucun verset identifiable (verset par verset exigé)
Jean 15:0;SKN;62-1230M;111;CHAPITRE-SANS-VERSET;aucun verset identifiable (verset par verset exigé)
Malachie 3:0;SKN;62-1230M;175;CHAPITRE-SANS-VERSET;aucun verset identifiable (verset par verset exigé)
Malachie 4:0;SKN;62-1230M;175;CHAPITRE-SANS-VERSET;aucun verset identifiable (verset par verset exigé)
Jean 6:0;VGR;62-1230M;260;CHAPITRE-SANS-VERSET;aucun verset identifiable (verset par verset exigé)
Jean 15:0;VGR;62-1230M;155;CHAPITRE-SANS-VERSET;aucun verset identifiable (verset par verset exigé)
Malachie 4:0;VGR;62-1230M;240;CHAPITRE-SANS-VERSET;aucun verset identifiable (verset par verset exigé)
Malachie 4:0;VGR;62-1230M;241;CHAPITRE-SANS-VERSET;aucun verset identifiable (verset par verset exigé)
Malachie 4:0;SKN;62-0513M;267;CHAPITRE-SANS-VERSET;aucun verset identifiable (verset par verset exigé)
Amos 3:0;VGR;63-0319;331;CHAPITRE-SANS-VERSET;aucun verset identifiable (verset par verset exigé)
Malachie 4:0;VGR;63-0319;183;CHAPITRE-SANS-VERSET;aucun verset identifiable (verset par verset exigé)
Matthieu 4:0;VGR;63-0319;280;CHAPITRE-SANS-VERSET;aucun verset identifiable (verset par verset exigé)
Apocalypse 1:0;SKN;65-1127E;209;CHAPITRE-SANS-VERSET;aucun verset identifiable (verset par verset exigé)
Esther 9:0;SKN;65-1127E;195;CHAPITRE-SANS-VERSET;aucun verset identifiable (verset par verset exigé)
Malachie 4:0;SKN;65-1127E;187;CHAPITRE-SANS-VERSET;aucun verset identifiable (verset par verset exigé)
Malachie 4:0;SKN;65-1127E;201;CHAPITRE-SANS-VERSET;aucun verset identifiable (verset par verset exigé)
Malachie 4:0;SKN;65-1127E;211;CHAPITRE-SANS-VERSET;aucun verset identifiable (verset par verset exigé)
Marc 11:0;SKN;65-1127E;175;CHAPITRE-SANS-VERSET;aucun verset identifiable (verset par verset exigé)
Marc 14:0;SKN;65-1127E;169;CHAPITRE-SANS-VERSET;aucun verset identifiable (verset par verset exigé)
Jean 15:0;SKN;65-1204;98;CHAPITRE-SANS-VERSET;aucun verset identifiable (verset par verset exigé)
Luc 17:0;SKN;65-1204;141;CHAPITRE-SANS-VERSET;aucun verset identifiable (verset par verset exigé)
Malachie 4:0;SKN;65-1204;132;CHAPITRE-SANS-VERSET;aucun verset identifiable (verset par verset exigé)
Malachie 4:0;SKN;65-1204;141;CHAPITRE-SANS-VERSET;aucun verset identifiable (verset par verset exigé)
Psaumes 22:0;SKN;65-1204;63;CHAPITRE-SANS-VERSET;aucun verset identifiable (verset par verset exigé)
Psaumes 27:0;SKN;65-1204;14;CHAPITRE-SANS-VERSET;aucun verset identifiable (verset par verset exigé)
Apocalypse 2:0;SKN;65-1206;213;CHAPITRE-SANS-VERSET;aucun verset identifiable (verset par verset exigé)
Apocalypse 3:0;SKN;65-1206;263;CHAPITRE-SANS-VERSET;aucun verset identifiable (verset par verset exigé)
Apocalypse 3:0;SKN;65-1206;265;CHAPITRE-SANS-VERSET;aucun verset identifiable (verset par verset exigé)
Genese 22:0;SKN;65-1206;283;CHAPITRE-SANS-VERSET;aucun verset identifiable (verset par verset exigé)
Jean 1:0;SKN;65-1206;30;CHAPITRE-SANS-VERSET;aucun verset identifiable (verset par verset exigé)
Luc 17:0;SKN;65-1206;54;CHAPITRE-SANS-VERSET;aucun verset identifiable (verset par verset exigé)
Luc 17:0;SKN;65-1206;216;CHAPITRE-SANS-VERSET;aucun verset identifiable (verset par verset exigé)
Malachie 3:0;SKN;65-1206;202;CHAPITRE-SANS-VERSET;aucun verset identifiable (verset par verset exigé)
Malachie 3:0;SKN;65-1206;211;CHAPITRE-SANS-VERSET;aucun verset identifiable (verset par verset exigé)
Malachie 3:0;SKN;65-1206;212;CHAPITRE-SANS-VERSET;aucun verset identifiable (verset par verset exigé)
Malachie 3:0;SKN;65-1206;226;CHAPITRE-SANS-VERSET;aucun verset identifiable (verset par verset exigé)
Malachie 3:0;SKN;65-1206;282;CHAPITRE-SANS-VERSET;aucun verset identifiable (verset par verset exigé)
Malachie 4:0;SKN;65-1206;54;CHAPITRE-SANS-VERSET;aucun verset identifiable (verset par verset exigé)
Psaumes 22:0;SKN;65-1206;167;CHAPITRE-SANS-VERSET;aucun verset identifiable (verset par verset exigé)
Psaumes 22:0;SKN;65-1206;282;CHAPITRE-SANS-VERSET;aucun verset identifiable (verset par verset exigé)
Zacharie 12:0;SKN;65-1206;282;CHAPITRE-SANS-VERSET;aucun verset identifiable (verset par verset exigé)
Jean 1:0;VGR;65-0718E;68;CHAPITRE-SANS-VERSET;aucun verset identifiable (verset par verset exigé)
Malachie 4:0;VGR;65-0718E;160;CHAPITRE-SANS-VERSET;aucun verset identifiable (verset par verset exigé)
Apocalypse 10:0;VGR;65-0718M;147;CHAPITRE-SANS-VERSET;aucun verset identifiable (verset par verset exigé)
Deuteronome 4:0;VGR;65-1127B;322;CHAPITRE-SANS-VERSET;aucun verset identifiable (verset par verset exigé)
Malachie 4:0;VGR;65-1127B;210;CHAPITRE-SANS-VERSET;aucun verset identifiable (verset par verset exigé)
Malachie 4:0;VGR;65-1127B;220;CHAPITRE-SANS-VERSET;aucun verset identifiable (verset par verset exigé)
Malachie 4:0;VGR;65-1127B;301;CHAPITRE-SANS-VERSET;aucun verset identifiable (verset par verset exigé)
Malachie 4:0;VGR;65-1127B;322;CHAPITRE-SANS-VERSET;aucun verset identifiable (verset par verset exigé)
Matthieu 11:0;VGR;65-1127B;211;CHAPITRE-SANS-VERSET;aucun verset identifiable (verset par verset exigé)
Psaumes 22:0;VGR;65-1127B;315;CHAPITRE-SANS-VERSET;aucun verset identifiable (verset par verset exigé)
Romains 8:0;VGR;65-1127B;139;CHAPITRE-SANS-VERSET;aucun verset identifiable (verset par verset exigé)
Apocalypse 1:0;VGR;65-1127E;209;CHAPITRE-SANS-VERSET;aucun verset identifiable (verset par verset exigé)
Genese 17:0;VGR;65-1127E;72;CHAPITRE-SANS-VERSET;aucun verset identifiable (verset par verset exigé)
Malachie 4:0;VGR;65-1127E;187;CHAPITRE-SANS-VERSET;aucun verset identifiable (verset par verset exigé)
Malachie 4:0;VGR;65-1127E;201;CHAPITRE-SANS-VERSET;aucun verset identifiable (verset par verset exigé)
Malachie 4:0;VGR;65-1127E;211;CHAPITRE-SANS-VERSET;aucun verset identifiable (verset par verset exigé)
Marc 11:0;VGR;65-1127E;175;CHAPITRE-SANS-VERSET;aucun verset identifiable (verset par verset exigé)
Genese 1:0;VGR;65-1204;182;CHAPITRE-SANS-VERSET;aucun verset identifiable (verset par verset exigé)
Jean 15:0;VGR;65-1204;98;CHAPITRE-SANS-VERSET;aucun verset identifiable (verset par verset exigé)
Malachie 4:0;VGR;65-1204;132;CHAPITRE-SANS-VERSET;aucun verset identifiable (verset par verset exigé)
Malachie 4:0;VGR;65-1204;141;CHAPITRE-SANS-VERSET;aucun verset identifiable (verset par verset exigé)
Psaumes 25:0;VGR;65-1204;29;CHAPITRE-SANS-VERSET;aucun verset identifiable (verset par verset exigé)
Psaumes 27:0;VGR;65-1204;14;CHAPITRE-SANS-VERSET;aucun verset identifiable (verset par verset exigé)
Apocalypse 3:0;VGR;65-1206;263;CHAPITRE-SANS-VERSET;aucun verset identifiable (verset par verset exigé)
Apocalypse 3:0;VGR;65-1206;265;CHAPITRE-SANS-VERSET;aucun verset identifiable (verset par verset exigé)
Genese 22:0;VGR;65-1206;283;CHAPITRE-SANS-VERSET;aucun verset identifiable (verset par verset exigé)
Jean 1:0;VGR;65-1206;30;CHAPITRE-SANS-VERSET;aucun verset identifiable (verset par verset exigé)
Luc 17:0;VGR;65-1206;54;CHAPITRE-SANS-VERSET;aucun verset identifiable (verset par verset exigé)
Luc 17:0;VGR;65-1206;216;CHAPITRE-SANS-VERSET;aucun verset identifiable (verset par verset exigé)
Malachie 3:0;VGR;65-1206;202;CHAPITRE-SANS-VERSET;aucun verset identifiable (verset par verset exigé)
Malachie 3:0;VGR;65-1206;226;CHAPITRE-SANS-VERSET;aucun verset identifiable (verset par verset exigé)
Malachie 3:0;VGR;65-1206;282;CHAPITRE-SANS-VERSET;aucun verset identifiable (verset par verset exigé)
Malachie 4:0;VGR;65-1206;54;CHAPITRE-SANS-VERSET;aucun verset identifiable (verset par verset exigé)
Malachie 4:0;VGR;65-1206;211;CHAPITRE-SANS-VERSET;aucun verset identifiable (verset par verset exigé)
Malachie 4:0;VGR;65-1206;215;CHAPITRE-SANS-VERSET;aucun verset identifiable (verset par verset exigé)
Psaumes 23:0;VGR;65-1206;167;CHAPITRE-SANS-VERSET;aucun verset identifiable (verset par verset exigé)
Zacharie 12:0;VGR;65-1206;282;CHAPITRE-SANS-VERSET;aucun verset identifiable (verset par verset exigé)
Apocalypse 1:0;SKN;53-0513;31;CHAPITRE-SANS-VERSET;aucun verset identifiable (verset par verset exigé)
Marc 11:0;SKN;53-0513;18;CHAPITRE-SANS-VERSET;aucun verset identifiable (verset par verset exigé)
Marc 16:0;SKN;53-0513;18;CHAPITRE-SANS-VERSET;aucun verset identifiable (verset par verset exigé)
Marc 16:0;SKN;53-0513;43;CHAPITRE-SANS-VERSET;aucun verset identifiable (verset par verset exigé)
Apocalypse 1:0;SKN;54-0404E;108;CHAPITRE-SANS-VERSET;aucun verset identifiable (verset par verset exigé)
Apocalypse 1:0;SKN;54-0811;10;CHAPITRE-SANS-VERSET;aucun verset identifiable (verset par verset exigé)
Marc 16:0;SKN;54-1212;91;CHAPITRE-SANS-VERSET;aucun verset identifiable (verset par verset exigé)
Apocalypse 1:0;SKN;56-1230;49;CHAPITRE-SANS-VERSET;aucun verset identifiable (verset par verset exigé)
Genese 35:0;SKN;56-1230;17;CHAPITRE-SANS-VERSET;aucun verset identifiable (verset par verset exigé)
Jean 14:0;SKN;57-0125;20;CHAPITRE-SANS-VERSET;aucun verset identifiable (verset par verset exigé)
Apocalypse 1:0;SKN;60-0712;84;CHAPITRE-SANS-VERSET;aucun verset identifiable (verset par verset exigé)
Jean 14:0;SKN;62-0722;56;CHAPITRE-SANS-VERSET;aucun verset identifiable (verset par verset exigé)
Malachie 4:0;SKN;63-0317E;43;CHAPITRE-SANS-VERSET;aucun verset identifiable (verset par verset exigé)
Malachie 4:0;SKN;63-0317E;218;CHAPITRE-SANS-VERSET;aucun verset identifiable (verset par verset exigé)
Apocalypse 1:0;SKN;63-1110M;157;CHAPITRE-SANS-VERSET;aucun verset identifiable (verset par verset exigé)
Apocalypse 17:0;SKN;63-1110M;187;CHAPITRE-SANS-VERSET;aucun verset identifiable (verset par verset exigé)
Genese 1:0;SKN;63-1110M;352;CHAPITRE-SANS-VERSET;aucun verset identifiable (verset par verset exigé)
Hebreux 11:0;SKN;63-1110M;142;CHAPITRE-SANS-VERSET;aucun verset identifiable (verset par verset exigé)
Jean 4:0;SKN;63-1110M;39;CHAPITRE-SANS-VERSET;aucun verset identifiable (verset par verset exigé)
Jean 14:0;SKN;65-0725E;118;CHAPITRE-SANS-VERSET;aucun verset identifiable (verset par verset exigé)
Malachie 3:0;SKN;65-0725E;105;CHAPITRE-SANS-VERSET;aucun verset identifiable (verset par verset exigé)
Malachie 3:0;SKN;65-0725E;107;CHAPITRE-SANS-VERSET;aucun verset identifiable (verset par verset exigé)
Exode 19:0;SKN;65-0822E;97;CHAPITRE-SANS-VERSET;aucun verset identifiable (verset par verset exigé)
Malachie 4:0;SKN;65-0822E;157;CHAPITRE-SANS-VERSET;aucun verset identifiable (verset par verset exigé)
Apocalypse 1:0;VGR;54-0404E;108;CHAPITRE-SANS-VERSET;aucun verset identifiable (verset par verset exigé)
Apocalypse 1:0;VGR;56-1230;123;CHAPITRE-SANS-VERSET;aucun verset identifiable (verset par verset exigé)
Genese 35:0;VGR;56-1230;47;CHAPITRE-SANS-VERSET;aucun verset identifiable (verset par verset exigé)
Hebreux 11:0;VGR;56-1230;80;CHAPITRE-SANS-VERSET;aucun verset identifiable (verset par verset exigé)
Malachie 4:0;VGR;63-0317E;43;CHAPITRE-SANS-VERSET;aucun verset identifiable (verset par verset exigé)
Malachie 4:0;VGR;63-0317E;218;CHAPITRE-SANS-VERSET;aucun verset identifiable (verset par verset exigé)
Apocalypse 17:0;VGR;63-1110M;187;CHAPITRE-SANS-VERSET;aucun verset identifiable (verset par verset exigé)
Genese 1:0;VGR;63-1110M;352;CHAPITRE-SANS-VERSET;aucun verset identifiable (verset par verset exigé)
Hebreux 11:0;VGR;63-1110M;142;CHAPITRE-SANS-VERSET;aucun verset identifiable (verset par verset exigé)
Jean 4:0;VGR;63-1110M;39;CHAPITRE-SANS-VERSET;aucun verset identifiable (verset par verset exigé)
Jean 14:0;VGR;65-0725E;118;CHAPITRE-SANS-VERSET;aucun verset identifiable (verset par verset exigé)
Exode 19:0;VGR;65-0822E;97;CHAPITRE-SANS-VERSET;aucun verset identifiable (verset par verset exigé)
Malachie 4:0;VGR;65-0822E;157;CHAPITRE-SANS-VERSET;aucun verset identifiable (verset par verset exigé)
Apocalypse 10:0;SKN;65-0801E;129;CHAPITRE-SANS-VERSET;aucun verset identifiable (verset par verset exigé)
Luc 17:0;SKN;65-0801E;129;CHAPITRE-SANS-VERSET;aucun verset identifiable (verset par verset exigé)
Malachie 3:0;SKN;65-0801E;122;CHAPITRE-SANS-VERSET;aucun verset identifiable (verset par verset exigé)
Malachie 4:0;SKN;65-0801E;129;CHAPITRE-SANS-VERSET;aucun verset identifiable (verset par verset exigé)
Genese 22:0;VGR;65-0801E;122;CHAPITRE-SANS-VERSET;aucun verset identifiable (verset par verset exigé)
Malachie 3:0;VGR;65-0801E;122;CHAPITRE-SANS-VERSET;aucun verset identifiable (verset par verset exigé)
Malachie 4:0;VGR;65-0801E;129;CHAPITRE-SANS-VERSET;aucun verset identifiable (verset par verset exigé)
Jean 4:0;SKN;51-0508;22;CHAPITRE-SANS-VERSET;aucun verset identifiable (verset par verset exigé)
Ezechiel 33:0;VGR;62-0909E;51;CHAPITRE-SANS-VERSET;aucun verset identifiable (verset par verset exigé)
Jean 1:0;VGR;65-0410;54;CHAPITRE-SANS-VERSET;aucun verset identifiable (verset par verset exigé)
Jean 14:0;VGR;65-0410;88;CHAPITRE-SANS-VERSET;aucun verset identifiable (verset par verset exigé)
Apocalypse 2:0;SKN;54-0220;35;CHAPITRE-SANS-VERSET;aucun verset identifiable (verset par verset exigé)
Apocalypse 11:0;VGR;64-0802;484;CHAPITRE-SANS-VERSET;aucun verset identifiable (verset par verset exigé)
Apocalypse 21:0;VGR;64-0802;52;CHAPITRE-SANS-VERSET;aucun verset identifiable (verset par verset exigé)
Apocalypse 21:0;VGR;64-0802;172;CHAPITRE-SANS-VERSET;aucun verset identifiable (verset par verset exigé)
Hebreux 4:0;VGR;64-0802;133;CHAPITRE-SANS-VERSET;aucun verset identifiable (verset par verset exigé)
Hebreux 11:0;VGR;64-0802;311;CHAPITRE-SANS-VERSET;aucun verset identifiable (verset par verset exigé)
Jean 14:0;VGR;64-0802;56;CHAPITRE-SANS-VERSET;aucun verset identifiable (verset par verset exigé)
Jean 14:0;VGR;64-0802;270;CHAPITRE-SANS-VERSET;aucun verset identifiable (verset par verset exigé)
Hebreux 13:0;SKN;61-0101;199;CHAPITRE-SANS-VERSET;aucun verset identifiable (verset par verset exigé)
Matthieu 17:0;SKN;61-0101;135;CHAPITRE-SANS-VERSET;aucun verset identifiable (verset par verset exigé)
Apocalypse 3:0;SKN;58-1130;67;CHAPITRE-SANS-VERSET;aucun verset identifiable (verset par verset exigé)
Apocalypse 3:0;SKN;63-1229M;210;CHAPITRE-SANS-VERSET;aucun verset identifiable (verset par verset exigé)
Genese 1:0;SKN;63-1229M;103;CHAPITRE-SANS-VERSET;aucun verset identifiable (verset par verset exigé)
Genese 3:0;SKN;63-1229M;64;CHAPITRE-SANS-VERSET;aucun verset identifiable (verset par verset exigé)
Malachie 4:0;SKN;63-1229M;160;CHAPITRE-SANS-VERSET;aucun verset identifiable (verset par verset exigé)
Psaumes 22:0;SKN;63-1229M;147;CHAPITRE-SANS-VERSET;aucun verset identifiable (verset par verset exigé)
Apocalypse 3:0;SKN;64-0119;48;CHAPITRE-SANS-VERSET;aucun verset identifiable (verset par verset exigé)
Esaie 6:0;SKN;64-0119;123;CHAPITRE-SANS-VERSET;aucun verset identifiable (verset par verset exigé)
Apocalypse 3:0;SKN;64-0125;112;CHAPITRE-SANS-VERSET;aucun verset identifiable (verset par verset exigé)
Apocalypse 17:0;SKN;64-0125;115;CHAPITRE-SANS-VERSET;aucun verset identifiable (verset par verset exigé)
Malachie 4:0;SKN;64-0125;81;CHAPITRE-SANS-VERSET;aucun verset identifiable (verset par verset exigé)
Malachie 4:0;SKN;64-0125;122;CHAPITRE-SANS-VERSET;aucun verset identifiable (verset par verset exigé)
Apocalypse 3:0;SKN;64-0312;162;CHAPITRE-SANS-VERSET;aucun verset identifiable (verset par verset exigé)
Malachie 4:0;SKN;64-0312;158;CHAPITRE-SANS-VERSET;aucun verset identifiable (verset par verset exigé)
Psaumes 22:0;SKN;64-0312;92;CHAPITRE-SANS-VERSET;aucun verset identifiable (verset par verset exigé)
Apocalypse 3:0;SKN;64-0313;101;CHAPITRE-SANS-VERSET;aucun verset identifiable (verset par verset exigé)
Luc 17:0;SKN;64-0313;92;CHAPITRE-SANS-VERSET;aucun verset identifiable (verset par verset exigé)
Malachie 3:0;SKN;64-0313;55;CHAPITRE-SANS-VERSET;aucun verset identifiable (verset par verset exigé)
Malachie 3:0;SKN;64-0313;78;CHAPITRE-SANS-VERSET;aucun verset identifiable (verset par verset exigé)
Malachie 4:0;SKN;64-0313;66;CHAPITRE-SANS-VERSET;aucun verset identifiable (verset par verset exigé)
Malachie 4:0;SKN;64-0313;94;CHAPITRE-SANS-VERSET;aucun verset identifiable (verset par verset exigé)
Malachie 4:0;SKN;64-0313;106;CHAPITRE-SANS-VERSET;aucun verset identifiable (verset par verset exigé)
Matthieu 24:0;SKN;64-0313;85;CHAPITRE-SANS-VERSET;aucun verset identifiable (verset par verset exigé)
Luc 17:0;SKN;64-0500;41;CHAPITRE-SANS-VERSET;aucun verset identifiable (verset par verset exigé)
Malachie 3:0;SKN;64-0500;11;CHAPITRE-SANS-VERSET;aucun verset identifiable (verset par verset exigé)
Malachie 3:0;SKN;64-0500;12;CHAPITRE-SANS-VERSET;aucun verset identifiable (verset par verset exigé)
Apocalypse 3:0;SKN;65-0829;76;CHAPITRE-SANS-VERSET;aucun verset identifiable (verset par verset exigé)
Apocalypse 14:0;SKN;65-0829;15;CHAPITRE-SANS-VERSET;aucun verset identifiable (verset par verset exigé)
Malachie 4:0;SKN;65-0829;51;CHAPITRE-SANS-VERSET;aucun verset identifiable (verset par verset exigé)
Apocalypse 10:0;SKN;65-0911;49;CHAPITRE-SANS-VERSET;aucun verset identifiable (verset par verset exigé)
Apocalypse 10:0;SKN;65-0911;62;CHAPITRE-SANS-VERSET;aucun verset identifiable (verset par verset exigé)
Apocalypse 10:0;SKN;65-0911;126;CHAPITRE-SANS-VERSET;aucun verset identifiable (verset par verset exigé)
Jean 1:0;SKN;65-0911;160;CHAPITRE-SANS-VERSET;aucun verset identifiable (verset par verset exigé)
Jean 4:0;SKN;65-0911;27;CHAPITRE-SANS-VERSET;aucun verset identifiable (verset par verset exigé)
Genese 4:0;SKN;65-1031M;122;CHAPITRE-SANS-VERSET;aucun verset identifiable (verset par verset exigé)
Apocalypse 3:0;VGR;58-1130;67;CHAPITRE-SANS-VERSET;aucun verset identifiable (verset par verset exigé)
Apocalypse 3:0;VGR;61-0730M;41;CHAPITRE-SANS-VERSET;aucun verset identifiable (verset par verset exigé)
Daniel 3:0;VGR;61-0730M;10;CHAPITRE-SANS-VERSET;aucun verset identifiable (verset par verset exigé)
Daniel 11:0;VGR;61-0730M;47;CHAPITRE-SANS-VERSET;aucun verset identifiable (verset par verset exigé)
Genese 44:0;VGR;61-0730M;138;CHAPITRE-SANS-VERSET;aucun verset identifiable (verset par verset exigé)
Malachie 4:0;VGR;61-0730M;151;CHAPITRE-SANS-VERSET;aucun verset identifiable (verset par verset exigé)
Psaumes 99:0;VGR;61-0730M;10;CHAPITRE-SANS-VERSET;aucun verset identifiable (verset par verset exigé)
Psaumes 99:0;VGR;61-0730M;12;CHAPITRE-SANS-VERSET;aucun verset identifiable (verset par verset exigé)
Apocalypse 3:0;VGR;63-1229M;210;CHAPITRE-SANS-VERSET;aucun verset identifiable (verset par verset exigé)
Genese 1:0;VGR;63-1229M;103;CHAPITRE-SANS-VERSET;aucun verset identifiable (verset par verset exigé)
Genese 3:0;VGR;63-1229M;64;CHAPITRE-SANS-VERSET;aucun verset identifiable (verset par verset exigé)
Malachie 4:0;VGR;63-1229M;160;CHAPITRE-SANS-VERSET;aucun verset identifiable (verset par verset exigé)
Psaumes 22:0;VGR;63-1229M;147;CHAPITRE-SANS-VERSET;aucun verset identifiable (verset par verset exigé)
Apocalypse 3:0;VGR;64-0125;112;CHAPITRE-SANS-VERSET;aucun verset identifiable (verset par verset exigé)
Apocalypse 17:0;VGR;64-0125;115;CHAPITRE-SANS-VERSET;aucun verset identifiable (verset par verset exigé)
Jean 15:0;VGR;64-0125;90;CHAPITRE-SANS-VERSET;aucun verset identifiable (verset par verset exigé)
Malachie 4:0;VGR;64-0125;81;CHAPITRE-SANS-VERSET;aucun verset identifiable (verset par verset exigé)
Malachie 4:0;VGR;64-0125;94;CHAPITRE-SANS-VERSET;aucun verset identifiable (verset par verset exigé)
Apocalypse 3:0;VGR;64-0313;174;CHAPITRE-SANS-VERSET;aucun verset identifiable (verset par verset exigé)
Luc 17:0;VGR;64-0313;160;CHAPITRE-SANS-VERSET;aucun verset identifiable (verset par verset exigé)
Malachie 3:0;VGR;64-0313;97;CHAPITRE-SANS-VERSET;aucun verset identifiable (verset par verset exigé)
Malachie 4:0;VGR;64-0313;124;CHAPITRE-SANS-VERSET;aucun verset identifiable (verset par verset exigé)
Malachie 4:0;VGR;64-0313;162;CHAPITRE-SANS-VERSET;aucun verset identifiable (verset par verset exigé)
Malachie 4:0;VGR;64-0313;182;CHAPITRE-SANS-VERSET;aucun verset identifiable (verset par verset exigé)
Matthieu 24:0;VGR;64-0313;151;CHAPITRE-SANS-VERSET;aucun verset identifiable (verset par verset exigé)
Apocalypse 3:0;VGR;64-0411;218;CHAPITRE-SANS-VERSET;aucun verset identifiable (verset par verset exigé)
Marc 11:0;VGR;64-0411;110;CHAPITRE-SANS-VERSET;aucun verset identifiable (verset par verset exigé)
Apocalypse 3:0;VGR;64-0705;148;CHAPITRE-SANS-VERSET;aucun verset identifiable (verset par verset exigé)
Jean 12:0;VGR;64-0705;114;CHAPITRE-SANS-VERSET;aucun verset identifiable (verset par verset exigé)
Jean 12:0;VGR;64-0705;128;CHAPITRE-SANS-VERSET;aucun verset identifiable (verset par verset exigé)
Jean 14:0;VGR;64-0705;68;CHAPITRE-SANS-VERSET;aucun verset identifiable (verset par verset exigé)
Malachie 3:0;VGR;64-0705;110;CHAPITRE-SANS-VERSET;aucun verset identifiable (verset par verset exigé)
Malachie 4:0;VGR;64-0705;158;CHAPITRE-SANS-VERSET;aucun verset identifiable (verset par verset exigé)
Malachie 4:0;VGR;64-0705;159;CHAPITRE-SANS-VERSET;aucun verset identifiable (verset par verset exigé)
Malachie 4:0;VGR;64-0705;166;CHAPITRE-SANS-VERSET;aucun verset identifiable (verset par verset exigé)
Apocalypse 3:0;VGR;64-0726M;57;CHAPITRE-SANS-VERSET;aucun verset identifiable (verset par verset exigé)
Apocalypse 11:0;VGR;64-0726M;67;CHAPITRE-SANS-VERSET;aucun verset identifiable (verset par verset exigé)
Malachie 4:0;VGR;64-0726M;119;CHAPITRE-SANS-VERSET;aucun verset identifiable (verset par verset exigé)
Malachie 4:0;VGR;64-0726M;120;CHAPITRE-SANS-VERSET;aucun verset identifiable (verset par verset exigé)
Malachie 4:0;VGR;64-0726M;121;CHAPITRE-SANS-VERSET;aucun verset identifiable (verset par verset exigé)
Apocalypse 3:0;VGR;65-0829;132;CHAPITRE-SANS-VERSET;aucun verset identifiable (verset par verset exigé)
Malachie 4:0;VGR;65-0829;83;CHAPITRE-SANS-VERSET;aucun verset identifiable (verset par verset exigé)
Apocalypse 3:0;VGR;65-0911;204;CHAPITRE-SANS-VERSET;aucun verset identifiable (verset par verset exigé)
Apocalypse 10:0;VGR;65-0911;77;CHAPITRE-SANS-VERSET;aucun verset identifiable (verset par verset exigé)
Apocalypse 10:0;VGR;65-0911;91;CHAPITRE-SANS-VERSET;aucun verset identifiable (verset par verset exigé)
Apocalypse 10:0;VGR;65-0911;185;CHAPITRE-SANS-VERSET;aucun verset identifiable (verset par verset exigé)
Jean 1:0;VGR;65-0911;234;CHAPITRE-SANS-VERSET;aucun verset identifiable (verset par verset exigé)
Jean 4:0;VGR;65-0911;47;CHAPITRE-SANS-VERSET;aucun verset identifiable (verset par verset exigé)
Genese 4:0;VGR;65-1031M;122;CHAPITRE-SANS-VERSET;aucun verset identifiable (verset par verset exigé)
Malachie 4:0;SKN;62-1230E;142;CHAPITRE-SANS-VERSET;aucun verset identifiable (verset par verset exigé)
Malachie 4:0;SKN;62-1230E;221;CHAPITRE-SANS-VERSET;aucun verset identifiable (verset par verset exigé)
Jean 5:0;VGR;57-1208;128;CHAPITRE-SANS-VERSET;aucun verset identifiable (verset par verset exigé)
Malachie 4:0;VGR;62-1230E;410;CHAPITRE-SANS-VERSET;aucun verset identifiable (verset par verset exigé)
Matthieu 3:0;SKN;65-1128E;30;CHAPITRE-SANS-VERSET;aucun verset identifiable (verset par verset exigé)
Psaumes 53:0;SKN;65-1128E;32;CHAPITRE-SANS-VERSET;aucun verset identifiable (verset par verset exigé)
Matthieu 3:0;VGR;65-1128E;30;CHAPITRE-SANS-VERSET;aucun verset identifiable (verset par verset exigé)
Psaumes 53:0;VGR;65-1128E;32;CHAPITRE-SANS-VERSET;aucun verset identifiable (verset par verset exigé)
Deuteronome 16:0;SKN;65-0220;26;CHAPITRE-SANS-VERSET;aucun verset identifiable (verset par verset exigé)
Malachie 4:0;SKN;65-0220;108;CHAPITRE-SANS-VERSET;aucun verset identifiable (verset par verset exigé)
Malachie 4:0;SKN;65-0220;109;CHAPITRE-SANS-VERSET;aucun verset identifiable (verset par verset exigé)
Deuteronome 16:0;VGR;65-0220;26;CHAPITRE-SANS-VERSET;aucun verset identifiable (verset par verset exigé)
Malachie 4:0;VGR;65-0220;108;CHAPITRE-SANS-VERSET;aucun verset identifiable (verset par verset exigé)
Malachie 4:0;VGR;65-0220;109;CHAPITRE-SANS-VERSET;aucun verset identifiable (verset par verset exigé)
Apocalypse 11:0;VGR;57-1006;624;CHAPITRE-SANS-VERSET;aucun verset identifiable (verset par verset exigé)
Psaumes 23:0;VGR;57-1006;833;CHAPITRE-SANS-VERSET;aucun verset identifiable (verset par verset exigé)
Apocalypse 6:0;SKN;63-0323;141;CHAPITRE-SANS-VERSET;aucun verset identifiable (verset par verset exigé)
Apocalypse 6:0;SKN;63-0323;143;CHAPITRE-SANS-VERSET;aucun verset identifiable (verset par verset exigé)
Matthieu 24:0;SKN;63-0323;141;CHAPITRE-SANS-VERSET;aucun verset identifiable (verset par verset exigé)
Romains 11:0;SKN;63-0323;108;CHAPITRE-SANS-VERSET;aucun verset identifiable (verset par verset exigé)
Apocalypse 6:0;SKN;65-0117;68;CHAPITRE-SANS-VERSET;aucun verset identifiable (verset par verset exigé)
Exode 19:0;SKN;65-0117;60;CHAPITRE-SANS-VERSET;aucun verset identifiable (verset par verset exigé)
Apocalypse 6:0;VGR;63-0323;141;CHAPITRE-SANS-VERSET;aucun verset identifiable (verset par verset exigé)
Matthieu 24:0;VGR;63-0323;141;CHAPITRE-SANS-VERSET;aucun verset identifiable (verset par verset exigé)
Romains 11:0;VGR;63-0323;108;CHAPITRE-SANS-VERSET;aucun verset identifiable (verset par verset exigé)
Genese 44:0;SKN;61-0730M;138;CHAPITRE-SANS-VERSET;aucun verset identifiable (verset par verset exigé)
Malachie 4:0;SKN;61-0730M;151;CHAPITRE-SANS-VERSET;aucun verset identifiable (verset par verset exigé)
Psaumes 99:0;SKN;61-0730M;10;CHAPITRE-SANS-VERSET;aucun verset identifiable (verset par verset exigé)
Psaumes 99:0;SKN;61-0730M;12;CHAPITRE-SANS-VERSET;aucun verset identifiable (verset par verset exigé)
Matthieu 17:0;SKN;60-1204E;69;CHAPITRE-SANS-VERSET;aucun verset identifiable (verset par verset exigé)
Matthieu 17:0;SKN;60-1204E;100;CHAPITRE-SANS-VERSET;aucun verset identifiable (verset par verset exigé)
Apocalypse 9:0;SKN;60-1211M;250;CHAPITRE-SANS-VERSET;aucun verset identifiable (verset par verset exigé)
Apocalypse 11:0;SKN;60-1211M;136;CHAPITRE-SANS-VERSET;aucun verset identifiable (verset par verset exigé)
Ezechiel 4:0;SKN;60-1211M;64;CHAPITRE-SANS-VERSET;aucun verset identifiable (verset par verset exigé)
Ezechiel 4:0;SKN;60-1211M;65;CHAPITRE-SANS-VERSET;aucun verset identifiable (verset par verset exigé)
Ezechiel 9:0;SKN;60-1211M;155;CHAPITRE-SANS-VERSET;aucun verset identifiable (verset par verset exigé)
Apocalypse 11:0;SKN;63-0324E;107;CHAPITRE-SANS-VERSET;aucun verset identifiable (verset par verset exigé)
Apocalypse 14:0;SKN;63-0324E;222;CHAPITRE-SANS-VERSET;aucun verset identifiable (verset par verset exigé)
Matthieu 17:0;VGR;60-1204E;63;CHAPITRE-SANS-VERSET;aucun verset identifiable (verset par verset exigé)
Matthieu 17:0;VGR;60-1204E;93;CHAPITRE-SANS-VERSET;aucun verset identifiable (verset par verset exigé)
Ezechiel 4:0;VGR;60-1211M;61;CHAPITRE-SANS-VERSET;aucun verset identifiable (verset par verset exigé)
Ezechiel 4:0;VGR;60-1211M;62;CHAPITRE-SANS-VERSET;aucun verset identifiable (verset par verset exigé)
Apocalypse 11:0;VGR;63-0324E;107;CHAPITRE-SANS-VERSET;aucun verset identifiable (verset par verset exigé)
Apocalypse 14:0;VGR;63-0324E;222;CHAPITRE-SANS-VERSET;aucun verset identifiable (verset par verset exigé)
Apocalypse 7:0;VGR;63-0728;228;CHAPITRE-SANS-VERSET;aucun verset identifiable (verset par verset exigé)
Apocalypse 17:0;VGR;63-0728;560;CHAPITRE-SANS-VERSET;aucun verset identifiable (verset par verset exigé)
Hebreux 11:0;VGR;63-0728;626;CHAPITRE-SANS-VERSET;aucun verset identifiable (verset par verset exigé)
Malachie 3:0;VGR;63-0728;577;CHAPITRE-SANS-VERSET;aucun verset identifiable (verset par verset exigé)
Malachie 4:0;VGR;63-0728;574;CHAPITRE-SANS-VERSET;aucun verset identifiable (verset par verset exigé)
Malachie 4:0;VGR;63-0728;577;CHAPITRE-SANS-VERSET;aucun verset identifiable (verset par verset exigé)
Marc 16:0;VGR;63-0728;536;CHAPITRE-SANS-VERSET;aucun verset identifiable (verset par verset exigé)
Psaumes 22:0;VGR;63-0728;113;CHAPITRE-SANS-VERSET;aucun verset identifiable (verset par verset exigé)
Apocalypse 10:0;VGR;64-0830E;153;CHAPITRE-SANS-VERSET;aucun verset identifiable (verset par verset exigé)
Malachie 3:0;VGR;64-0830E;158;CHAPITRE-SANS-VERSET;aucun verset identifiable (verset par verset exigé)
Malachie 4:0;VGR;64-0830E;154;CHAPITRE-SANS-VERSET;aucun verset identifiable (verset par verset exigé)
Malachie 4:0;VGR;64-0830E;156;CHAPITRE-SANS-VERSET;aucun verset identifiable (verset par verset exigé)
Malachie 4:0;VGR;64-0830E;158;CHAPITRE-SANS-VERSET;aucun verset identifiable (verset par verset exigé)
Marc 16:0;VGR;64-0830E;121;CHAPITRE-SANS-VERSET;aucun verset identifiable (verset par verset exigé)
Marc 16:0;VGR;64-0830E;139;CHAPITRE-SANS-VERSET;aucun verset identifiable (verset par verset exigé)
Esaie 5:0;SKN;63-0112;54;CHAPITRE-SANS-VERSET;aucun verset identifiable (verset par verset exigé)
Malachie 4:0;SKN;63-0818;104;CHAPITRE-SANS-VERSET;aucun verset identifiable (verset par verset exigé)
Esaie 62:0;SKN;64-0112;29;CHAPITRE-SANS-VERSET;aucun verset identifiable (verset par verset exigé)
Psaumes 60:0;SKN;64-0112;29;CHAPITRE-SANS-VERSET;aucun verset identifiable (verset par verset exigé)
Psaumes 62:0;SKN;64-0112;144;CHAPITRE-SANS-VERSET;aucun verset identifiable (verset par verset exigé)
Apocalypse 10:0;SKN;64-0419;80;CHAPITRE-SANS-VERSET;aucun verset identifiable (verset par verset exigé)
Malachie 4:0;SKN;64-0419;29;CHAPITRE-SANS-VERSET;aucun verset identifiable (verset par verset exigé)
Malachie 4:0;SKN;64-0419;76;CHAPITRE-SANS-VERSET;aucun verset identifiable (verset par verset exigé)
Malachie 4:0;SKN;64-0419;78;CHAPITRE-SANS-VERSET;aucun verset identifiable (verset par verset exigé)
Marc 16:0;SKN;64-0419;16;CHAPITRE-SANS-VERSET;aucun verset identifiable (verset par verset exigé)
Marc 16:0;SKN;64-0419;23;CHAPITRE-SANS-VERSET;aucun verset identifiable (verset par verset exigé)
Marc 16:0;SKN;64-0419;99;CHAPITRE-SANS-VERSET;aucun verset identifiable (verset par verset exigé)
Malachie 4:0;SKN;64-0621;77;CHAPITRE-SANS-VERSET;aucun verset identifiable (verset par verset exigé)
Malachie 4:0;SKN;64-0621;156;CHAPITRE-SANS-VERSET;aucun verset identifiable (verset par verset exigé)
Malachie 4:0;SKN;64-0621;164;CHAPITRE-SANS-VERSET;aucun verset identifiable (verset par verset exigé)
Marc 16:0;SKN;64-0621;13;CHAPITRE-SANS-VERSET;aucun verset identifiable (verset par verset exigé)
Marc 16:0;SKN;64-0621;35;CHAPITRE-SANS-VERSET;aucun verset identifiable (verset par verset exigé)
Marc 16:0;SKN;64-0621;37;CHAPITRE-SANS-VERSET;aucun verset identifiable (verset par verset exigé)
Marc 16:0;SKN;64-0621;109;CHAPITRE-SANS-VERSET;aucun verset identifiable (verset par verset exigé)
Marc 16:0;SKN;64-0621;186;CHAPITRE-SANS-VERSET;aucun verset identifiable (verset par verset exigé)
Marc 16:0;SKN;64-0621;188;CHAPITRE-SANS-VERSET;aucun verset identifiable (verset par verset exigé)
Marc 16:0;SKN;64-0621;189;CHAPITRE-SANS-VERSET;aucun verset identifiable (verset par verset exigé)
Marc 16:0;SKN;64-0621;198;CHAPITRE-SANS-VERSET;aucun verset identifiable (verset par verset exigé)
Hebreux 11:0;VGR;63-0818;123;CHAPITRE-SANS-VERSET;aucun verset identifiable (verset par verset exigé)
Malachie 4:0;VGR;63-0818;104;CHAPITRE-SANS-VERSET;aucun verset identifiable (verset par verset exigé)
Apocalypse 10:0;VGR;64-0419;80;CHAPITRE-SANS-VERSET;aucun verset identifiable (verset par verset exigé)
Malachie 4:0;VGR;64-0419;29;CHAPITRE-SANS-VERSET;aucun verset identifiable (verset par verset exigé)
Malachie 4:0;VGR;64-0419;76;CHAPITRE-SANS-VERSET;aucun verset identifiable (verset par verset exigé)
Malachie 4:0;VGR;64-0419;78;CHAPITRE-SANS-VERSET;aucun verset identifiable (verset par verset exigé)
Marc 16:0;VGR;64-0419;16;CHAPITRE-SANS-VERSET;aucun verset identifiable (verset par verset exigé)
Marc 16:0;VGR;64-0419;23;CHAPITRE-SANS-VERSET;aucun verset identifiable (verset par verset exigé)
Marc 16:0;VGR;64-0419;99;CHAPITRE-SANS-VERSET;aucun verset identifiable (verset par verset exigé)
Apocalypse 10:0;VGR;64-0614M;336;CHAPITRE-SANS-VERSET;aucun verset identifiable (verset par verset exigé)
Apocalypse 10:0;VGR;64-0614M;341;CHAPITRE-SANS-VERSET;aucun verset identifiable (verset par verset exigé)
Apocalypse 10:0;VGR;64-0614M;342;CHAPITRE-SANS-VERSET;aucun verset identifiable (verset par verset exigé)
Apocalypse 22:0;VGR;64-0614M;62;CHAPITRE-SANS-VERSET;aucun verset identifiable (verset par verset exigé)
Exode 19:0;VGR;64-0614M;129;CHAPITRE-SANS-VERSET;aucun verset identifiable (verset par verset exigé)
Genese 1:0;VGR;64-0614M;62;CHAPITRE-SANS-VERSET;aucun verset identifiable (verset par verset exigé)
Jean 1:0;VGR;64-0614M;83;CHAPITRE-SANS-VERSET;aucun verset identifiable (verset par verset exigé)
Malachie 4:0;VGR;64-0614M;73;CHAPITRE-SANS-VERSET;aucun verset identifiable (verset par verset exigé)
Malachie 4:0;VGR;64-0614M;302;CHAPITRE-SANS-VERSET;aucun verset identifiable (verset par verset exigé)
Malachie 4:0;VGR;64-0614M;322;CHAPITRE-SANS-VERSET;aucun verset identifiable (verset par verset exigé)
Marc 16:0;VGR;64-0614M;181;CHAPITRE-SANS-VERSET;aucun verset identifiable (verset par verset exigé)
Matthieu 28:0;VGR;64-0614M;302;CHAPITRE-SANS-VERSET;aucun verset identifiable (verset par verset exigé)
Apocalypse 10:0;VGR;65-0218;101;CHAPITRE-SANS-VERSET;aucun verset identifiable (verset par verset exigé)
Malachie 4:0;VGR;65-0218;124;CHAPITRE-SANS-VERSET;aucun verset identifiable (verset par verset exigé)
Malachie 4:0;VGR;65-0218;152;CHAPITRE-SANS-VERSET;aucun verset identifiable (verset par verset exigé)
Malachie 4:0;VGR;65-0725M;130;CHAPITRE-SANS-VERSET;aucun verset identifiable (verset par verset exigé)
Malachie 4:0;VGR;65-0725M;259;CHAPITRE-SANS-VERSET;aucun verset identifiable (verset par verset exigé)
Genese 18:0;SKN;65-0221E;102;CHAPITRE-SANS-VERSET;aucun verset identifiable (verset par verset exigé)
Genese 18:0;SKN;65-0221E;103;CHAPITRE-SANS-VERSET;aucun verset identifiable (verset par verset exigé)
Malachie 4:0;SKN;65-0221E;158;CHAPITRE-SANS-VERSET;aucun verset identifiable (verset par verset exigé)
Malachie 4:0;SKN;65-0221E;168;CHAPITRE-SANS-VERSET;aucun verset identifiable (verset par verset exigé)
Genese 18:0;VGR;65-0221E;102;CHAPITRE-SANS-VERSET;aucun verset identifiable (verset par verset exigé)
Genese 18:0;VGR;65-0221E;103;CHAPITRE-SANS-VERSET;aucun verset identifiable (verset par verset exigé)
Malachie 4:0;VGR;65-0221E;158;CHAPITRE-SANS-VERSET;aucun verset identifiable (verset par verset exigé)
Malachie 4:0;VGR;65-0221E;168;CHAPITRE-SANS-VERSET;aucun verset identifiable (verset par verset exigé)
Matthieu 24:0;SKN;57-0821;112;CHAPITRE-SANS-VERSET;aucun verset identifiable (verset par verset exigé)
Jean 4:0;SKN;62-0718;94;CHAPITRE-SANS-VERSET;aucun verset identifiable (verset par verset exigé)
Jean 6:0;SKN;62-0718;65;CHAPITRE-SANS-VERSET;aucun verset identifiable (verset par verset exigé)
Romains 4:0;SKN;62-0718;24;CHAPITRE-SANS-VERSET;aucun verset identifiable (verset par verset exigé)
Apocalypse 11:0;VGR;57-0821;27;CHAPITRE-SANS-VERSET;aucun verset identifiable (verset par verset exigé)
Apocalypse 17:0;VGR;57-0821;82;CHAPITRE-SANS-VERSET;aucun verset identifiable (verset par verset exigé)
Hebreux 7:0;VGR;57-0821;168;CHAPITRE-SANS-VERSET;aucun verset identifiable (verset par verset exigé)
Matthieu 24:0;VGR;57-0821;112;CHAPITRE-SANS-VERSET;aucun verset identifiable (verset par verset exigé)
Apocalypse 12:0;SKN;54-0513;187;CHAPITRE-SANS-VERSET;aucun verset identifiable (verset par verset exigé)
Apocalypse 12:0;VGR;54-0513;187;CHAPITRE-SANS-VERSET;aucun verset identifiable (verset par verset exigé)
Genese 2:0;SKN;54-0512;106;CHAPITRE-SANS-VERSET;aucun verset identifiable (verset par verset exigé)
Apocalypse 13:0;SKN;54-1003E;92;CHAPITRE-SANS-VERSET;aucun verset identifiable (verset par verset exigé)
Galates 1:0;SKN;57-0322;45;CHAPITRE-SANS-VERSET;aucun verset identifiable (verset par verset exigé)
Esaie 10:0;SKN;60-0803;57;CHAPITRE-SANS-VERSET;aucun verset identifiable (verset par verset exigé)
Apocalypse 13:0;VGR;54-0512;269;CHAPITRE-SANS-VERSET;aucun verset identifiable (verset par verset exigé)
Genese 2:0;VGR;54-0512;106;CHAPITRE-SANS-VERSET;aucun verset identifiable (verset par verset exigé)
Hebreux 13:0;VGR;57-0901E;20;CHAPITRE-SANS-VERSET;aucun verset identifiable (verset par verset exigé)
Genese 2:0;VGR;60-0515E;100;CHAPITRE-SANS-VERSET;aucun verset identifiable (verset par verset exigé)
Exode 3:0;VGR;63-0630M;14;CHAPITRE-SANS-VERSET;aucun verset identifiable (verset par verset exigé)
Exode 5:0;VGR;63-0630M;29;CHAPITRE-SANS-VERSET;aucun verset identifiable (verset par verset exigé)
Exode 11:0;VGR;63-0630M;65;CHAPITRE-SANS-VERSET;aucun verset identifiable (verset par verset exigé)
Exode 13:0;VGR;63-0630M;77;CHAPITRE-SANS-VERSET;aucun verset identifiable (verset par verset exigé)
Exode 15:0;VGR;63-0630M;88;CHAPITRE-SANS-VERSET;aucun verset identifiable (verset par verset exigé)
Exode 19:0;VGR;63-0630M;115;CHAPITRE-SANS-VERSET;aucun verset identifiable (verset par verset exigé)
Exode 21:0;VGR;63-0630M;127;CHAPITRE-SANS-VERSET;aucun verset identifiable (verset par verset exigé)
Exode 23:0;VGR;63-0630M;142;CHAPITRE-SANS-VERSET;aucun verset identifiable (verset par verset exigé)
Exode 25:0;VGR;63-0630M;160;CHAPITRE-SANS-VERSET;aucun verset identifiable (verset par verset exigé)
Exode 29:0;VGR;63-0630M;191;CHAPITRE-SANS-VERSET;aucun verset identifiable (verset par verset exigé)
Exode 31:0;VGR;63-0630M;205;CHAPITRE-SANS-VERSET;aucun verset identifiable (verset par verset exigé)
Exode 33:0;VGR;63-0630M;218;CHAPITRE-SANS-VERSET;aucun verset identifiable (verset par verset exigé)
Exode 35:0;VGR;63-0630M;231;CHAPITRE-SANS-VERSET;aucun verset identifiable (verset par verset exigé)
Exode 37:0;VGR;63-0630M;246;CHAPITRE-SANS-VERSET;aucun verset identifiable (verset par verset exigé)
Exode 39:0;VGR;63-0630M;259;CHAPITRE-SANS-VERSET;aucun verset identifiable (verset par verset exigé)
Jean 6:0;VGR;63-0630M;289;CHAPITRE-SANS-VERSET;aucun verset identifiable (verset par verset exigé)
Malachie 4:0;VGR;63-0630M;255;CHAPITRE-SANS-VERSET;aucun verset identifiable (verset par verset exigé)
Marc 16:0;SKN;60-1208;21;CHAPITRE-SANS-VERSET;aucun verset identifiable (verset par verset exigé)
Job 27:0;SKN;58-0928E;82;CHAPITRE-SANS-VERSET;aucun verset identifiable (verset par verset exigé)
Job 27:0;VGR;58-0928E;82;CHAPITRE-SANS-VERSET;aucun verset identifiable (verset par verset exigé)
Daniel 12:0;SKN;55-0109E;5;CHAPITRE-SANS-VERSET;aucun verset identifiable (verset par verset exigé)
Jean 14:0;VGR;62-1104M;178;CHAPITRE-SANS-VERSET;aucun verset identifiable (verset par verset exigé)
Apocalypse 17:0;SKN;53-0329;81;CHAPITRE-SANS-VERSET;aucun verset identifiable (verset par verset exigé)
Exode 17:0;SKN;53-0329;46;CHAPITRE-SANS-VERSET;aucun verset identifiable (verset par verset exigé)
Jean 14:0;SKN;56-0311A;26;CHAPITRE-SANS-VERSET;aucun verset identifiable (verset par verset exigé)
Jean 17:0;SKN;57-0120E;34;CHAPITRE-SANS-VERSET;aucun verset identifiable (verset par verset exigé)
Matthieu 8:0;SKN;61-0211;55;CHAPITRE-SANS-VERSET;aucun verset identifiable (verset par verset exigé)
Matthieu 12:0;SKN;61-0211;55;CHAPITRE-SANS-VERSET;aucun verset identifiable (verset par verset exigé)
Jean 8:0;SKN;62-1122;35;CHAPITRE-SANS-VERSET;aucun verset identifiable (verset par verset exigé)
Apocalypse 17:0;SKN;63-0119;194;CHAPITRE-SANS-VERSET;aucun verset identifiable (verset par verset exigé)
Esaie 5:0;SKN;63-0119;113;CHAPITRE-SANS-VERSET;aucun verset identifiable (verset par verset exigé)
Genese 2:0;SKN;63-0119;57;CHAPITRE-SANS-VERSET;aucun verset identifiable (verset par verset exigé)
Malachie 4:0;SKN;63-0119;239;CHAPITRE-SANS-VERSET;aucun verset identifiable (verset par verset exigé)
Apocalypse 17:0;SKN;63-0120E;78;CHAPITRE-SANS-VERSET;aucun verset identifiable (verset par verset exigé)
Apocalypse 17:0;SKN;63-0721;112;CHAPITRE-SANS-VERSET;aucun verset identifiable (verset par verset exigé)
Apocalypse 17:0;SKN;63-0804A;67;CHAPITRE-SANS-VERSET;aucun verset identifiable (verset par verset exigé)
Apocalypse 17:0;SKN;63-1117;119;CHAPITRE-SANS-VERSET;aucun verset identifiable (verset par verset exigé)
Hebreux 3:0;SKN;63-1117;186;CHAPITRE-SANS-VERSET;aucun verset identifiable (verset par verset exigé)
Apocalypse 17:0;SKN;63-1130E;163;CHAPITRE-SANS-VERSET;aucun verset identifiable (verset par verset exigé)
Jean 1:0;SKN;63-1130E;126;CHAPITRE-SANS-VERSET;aucun verset identifiable (verset par verset exigé)
Malachie 4:0;SKN;64-0126;89;CHAPITRE-SANS-VERSET;aucun verset identifiable (verset par verset exigé)
Matthieu 28:0;SKN;64-0126;57;CHAPITRE-SANS-VERSET;aucun verset identifiable (verset par verset exigé)
Matthieu 28:0;SKN;64-0126;128;CHAPITRE-SANS-VERSET;aucun verset identifiable (verset par verset exigé)
Apocalypse 17:0;SKN;65-0427;54;CHAPITRE-SANS-VERSET;aucun verset identifiable (verset par verset exigé)
Apocalypse 22:0;SKN;65-0427;100;CHAPITRE-SANS-VERSET;aucun verset identifiable (verset par verset exigé)
Jean 4:0;SKN;65-0427;108;CHAPITRE-SANS-VERSET;aucun verset identifiable (verset par verset exigé)
Malachie 4:0;SKN;65-0427;82;CHAPITRE-SANS-VERSET;aucun verset identifiable (verset par verset exigé)
Apocalypse 17:0;SKN;65-0429B;35;CHAPITRE-SANS-VERSET;aucun verset identifiable (verset par verset exigé)
Apocalypse 17:0;SKN;65-0429B;113;CHAPITRE-SANS-VERSET;aucun verset identifiable (verset par verset exigé)
Genese 2:0;SKN;65-0429B;48;CHAPITRE-SANS-VERSET;aucun verset identifiable (verset par verset exigé)
Jean 1:0;SKN;65-0429B;27;CHAPITRE-SANS-VERSET;aucun verset identifiable (verset par verset exigé)
Malachie 4:0;SKN;65-0429B;112;CHAPITRE-SANS-VERSET;aucun verset identifiable (verset par verset exigé)
Jean 17:0;VGR;57-0120E;84;CHAPITRE-SANS-VERSET;aucun verset identifiable (verset par verset exigé)
Apocalypse 17:0;VGR;63-0804A;67;CHAPITRE-SANS-VERSET;aucun verset identifiable (verset par verset exigé)
Malachie 4:0;VGR;64-0126;89;CHAPITRE-SANS-VERSET;aucun verset identifiable (verset par verset exigé)
Matthieu 28:0;VGR;64-0126;57;CHAPITRE-SANS-VERSET;aucun verset identifiable (verset par verset exigé)
Matthieu 28:0;VGR;64-0126;128;CHAPITRE-SANS-VERSET;aucun verset identifiable (verset par verset exigé)
Apocalypse 17:0;VGR;65-0427;108;CHAPITRE-SANS-VERSET;aucun verset identifiable (verset par verset exigé)
Apocalypse 22:0;VGR;65-0427;212;CHAPITRE-SANS-VERSET;aucun verset identifiable (verset par verset exigé)
Jean 4:0;VGR;65-0427;225;CHAPITRE-SANS-VERSET;aucun verset identifiable (verset par verset exigé)
Malachie 4:0;VGR;65-0427;169;CHAPITRE-SANS-VERSET;aucun verset identifiable (verset par verset exigé)
Apocalypse 17:0;VGR;65-0429B;127;CHAPITRE-SANS-VERSET;aucun verset identifiable (verset par verset exigé)
Genese 2:0;VGR;65-0429B;51;CHAPITRE-SANS-VERSET;aucun verset identifiable (verset par verset exigé)
Jean 1:0;VGR;65-0429B;32;CHAPITRE-SANS-VERSET;aucun verset identifiable (verset par verset exigé)
Malachie 4:0;VGR;65-0429B;125;CHAPITRE-SANS-VERSET;aucun verset identifiable (verset par verset exigé)
Esaie 66:0;SKN;60-0518;78;CHAPITRE-SANS-VERSET;aucun verset identifiable (verset par verset exigé)
Genese 1:0;SKN;60-0518;54;CHAPITRE-SANS-VERSET;aucun verset identifiable (verset par verset exigé)
Genese 2:0;SKN;60-0518;54;CHAPITRE-SANS-VERSET;aucun verset identifiable (verset par verset exigé)
Genese 2:0;VGR;60-0518;54;CHAPITRE-SANS-VERSET;aucun verset identifiable (verset par verset exigé)
Romains 8:0;VGR;60-0518;27;CHAPITRE-SANS-VERSET;aucun verset identifiable (verset par verset exigé)
Daniel 9:0;SKN;61-0730E;4;CHAPITRE-SANS-VERSET;aucun verset identifiable (verset par verset exigé)
Genese 45:0;SKN;61-0730E;59;CHAPITRE-SANS-VERSET;aucun verset identifiable (verset par verset exigé)
Matthieu 24:0;SKN;61-0730E;54;CHAPITRE-SANS-VERSET;aucun verset identifiable (verset par verset exigé)
Daniel 9:0;VGR;61-0730E;4;CHAPITRE-SANS-VERSET;aucun verset identifiable (verset par verset exigé)
Matthieu 24:0;VGR;61-0730E;54;CHAPITRE-SANS-VERSET;aucun verset identifiable (verset par verset exigé)
Apocalypse 21:0;SKN;62-0719E;23;CHAPITRE-SANS-VERSET;aucun verset identifiable (verset par verset exigé)
Esther 8:0;VGR;63-0317M;42;CHAPITRE-SANS-VERSET;aucun verset identifiable (verset par verset exigé)
Malachie 3:0;VGR;65-0124;124;CHAPITRE-SANS-VERSET;aucun verset identifiable (verset par verset exigé)
Malachie 4:0;VGR;65-0124;212;CHAPITRE-SANS-VERSET;aucun verset identifiable (verset par verset exigé)
Deuteronome 18:0;SKN;64-0617;103;CHAPITRE-SANS-VERSET;aucun verset identifiable (verset par verset exigé)
Jean 1:0;SKN;64-0617;87;CHAPITRE-SANS-VERSET;aucun verset identifiable (verset par verset exigé)
Jean 6:0;SKN;64-0617;124;CHAPITRE-SANS-VERSET;aucun verset identifiable (verset par verset exigé)
Luc 17:0;SKN;64-0617;68;CHAPITRE-SANS-VERSET;aucun verset identifiable (verset par verset exigé)
Malachie 1:0;SKN;64-0617;32;CHAPITRE-SANS-VERSET;aucun verset identifiable (verset par verset exigé)
Marc 16:0;SKN;64-0617;166;CHAPITRE-SANS-VERSET;aucun verset identifiable (verset par verset exigé)
Malachie 4:0;SKN;65-0217;132;CHAPITRE-SANS-VERSET;aucun verset identifiable (verset par verset exigé)
Genese 4:0;SKN;65-1205;55;CHAPITRE-SANS-VERSET;aucun verset identifiable (verset par verset exigé)
Jean 17:0;SKN;65-1205;92;CHAPITRE-SANS-VERSET;aucun verset identifiable (verset par verset exigé)
Deuteronome 18:0;VGR;64-0617;103;CHAPITRE-SANS-VERSET;aucun verset identifiable (verset par verset exigé)
Jean 1:0;VGR;64-0617;31;CHAPITRE-SANS-VERSET;aucun verset identifiable (verset par verset exigé)
Jean 1:0;VGR;64-0617;34;CHAPITRE-SANS-VERSET;aucun verset identifiable (verset par verset exigé)
Jean 6:0;VGR;64-0617;124;CHAPITRE-SANS-VERSET;aucun verset identifiable (verset par verset exigé)
Luc 17:0;VGR;64-0617;68;CHAPITRE-SANS-VERSET;aucun verset identifiable (verset par verset exigé)
Malachie 1:0;VGR;64-0617;32;CHAPITRE-SANS-VERSET;aucun verset identifiable (verset par verset exigé)
Malachie 4:0;VGR;64-0617;157;CHAPITRE-SANS-VERSET;aucun verset identifiable (verset par verset exigé)
Marc 16:0;VGR;64-0617;166;CHAPITRE-SANS-VERSET;aucun verset identifiable (verset par verset exigé)
Malachie 3:0;VGR;64-0816;86;CHAPITRE-SANS-VERSET;aucun verset identifiable (verset par verset exigé)
Malachie 4:0;VGR;64-0816;122;CHAPITRE-SANS-VERSET;aucun verset identifiable (verset par verset exigé)
Malachie 4:0;VGR;64-0816;221;CHAPITRE-SANS-VERSET;aucun verset identifiable (verset par verset exigé)
Marc 4:0;VGR;64-0816;220;CHAPITRE-SANS-VERSET;aucun verset identifiable (verset par verset exigé)
Malachie 4:0;VGR;65-0217;132;CHAPITRE-SANS-VERSET;aucun verset identifiable (verset par verset exigé)
Genese 4:0;VGR;65-1205;55;CHAPITRE-SANS-VERSET;aucun verset identifiable (verset par verset exigé)
Jean 1:0;VGR;65-1205;9;CHAPITRE-SANS-VERSET;aucun verset identifiable (verset par verset exigé)
Jean 17:0;VGR;65-1205;92;CHAPITRE-SANS-VERSET;aucun verset identifiable (verset par verset exigé)
Ezechiel 9:0;VGR;65-1207;320;CHAPITRE-SANS-VERSET;aucun verset identifiable (verset par verset exigé)
Malachie 4:0;VGR;65-1207;123;CHAPITRE-SANS-VERSET;aucun verset identifiable (verset par verset exigé)
Genese 1:0;SKN;65-0118;31;CHAPITRE-SANS-VERSET;aucun verset identifiable (verset par verset exigé)
Luc 22:0;SKN;65-0118;118;CHAPITRE-SANS-VERSET;aucun verset identifiable (verset par verset exigé)
Malachie 4:0;SKN;65-0119;103;CHAPITRE-SANS-VERSET;aucun verset identifiable (verset par verset exigé)
Malachie 4:0;SKN;65-0119;157;CHAPITRE-SANS-VERSET;aucun verset identifiable (verset par verset exigé)
Genese 1:0;VGR;65-0118;31;CHAPITRE-SANS-VERSET;aucun verset identifiable (verset par verset exigé)
Luc 22:0;VGR;65-0118;118;CHAPITRE-SANS-VERSET;aucun verset identifiable (verset par verset exigé)
Malachie 4:0;VGR;65-0119;103;CHAPITRE-SANS-VERSET;aucun verset identifiable (verset par verset exigé)
Malachie 4:0;VGR;65-0119;157;CHAPITRE-SANS-VERSET;aucun verset identifiable (verset par verset exigé)
Jean 4:0;SKN;65-0919;147;CHAPITRE-SANS-VERSET;aucun verset identifiable (verset par verset exigé)
Matthieu 5:0;SKN;65-0919;232;CHAPITRE-SANS-VERSET;aucun verset identifiable (verset par verset exigé)
Psaumes 42:0;SKN;65-0919;202;CHAPITRE-SANS-VERSET;aucun verset identifiable (verset par verset exigé)
Jean 4:0;VGR;65-0919;147;CHAPITRE-SANS-VERSET;aucun verset identifiable (verset par verset exigé)
Matthieu 5:0;VGR;65-0919;232;CHAPITRE-SANS-VERSET;aucun verset identifiable (verset par verset exigé)
Psaumes 42:0;VGR;65-0919;202;CHAPITRE-SANS-VERSET;aucun verset identifiable (verset par verset exigé)
Jean 3:0;SKN;63-0804E;53;CHAPITRE-SANS-VERSET;aucun verset identifiable (verset par verset exigé)
Marc 16:0;SKN;63-0804E;97;CHAPITRE-SANS-VERSET;aucun verset identifiable (verset par verset exigé)
Matthieu 1:0;SKN;63-0804E;44;CHAPITRE-SANS-VERSET;aucun verset identifiable (verset par verset exigé)
Colossiens 3:0;SKN;61-0423;22;CHAPITRE-SANS-VERSET;aucun verset identifiable (verset par verset exigé)
Genese 12:0;SKN;61-0423;27;CHAPITRE-SANS-VERSET;aucun verset identifiable (verset par verset exigé)
Matthieu 3:0;SKN;61-0423;9;CHAPITRE-SANS-VERSET;aucun verset identifiable (verset par verset exigé)
Daniel 9:0;VGR;62-0908;99;CHAPITRE-SANS-VERSET;aucun verset identifiable (verset par verset exigé)
Daniel 12:0;VGR;62-0311;140;CHAPITRE-SANS-VERSET;aucun verset identifiable (verset par verset exigé)
Hebreux 4:0;VGR;62-0311;422;CHAPITRE-SANS-VERSET;aucun verset identifiable (verset par verset exigé)
Matthieu 24:0;VGR;62-0311;140;CHAPITRE-SANS-VERSET;aucun verset identifiable (verset par verset exigé)
Jean 1:0;VGR;65-0425;55;CHAPITRE-SANS-VERSET;aucun verset identifiable (verset par verset exigé)
Jean 4:0;VGR;65-0425;113;CHAPITRE-SANS-VERSET;aucun verset identifiable (verset par verset exigé)
Malachie 4:0;VGR;65-0425;188;CHAPITRE-SANS-VERSET;aucun verset identifiable (verset par verset exigé)
Marc 16:0;VGR;65-0425;150;CHAPITRE-SANS-VERSET;aucun verset identifiable (verset par verset exigé)
Romains 11:0;VGR;65-0425;147;CHAPITRE-SANS-VERSET;aucun verset identifiable (verset par verset exigé)
Deuteronome 18:0;SKN;62-0117;200;CHAPITRE-SANS-VERSET;aucun verset identifiable (verset par verset exigé)
Deuteronome 18:0;SKN;63-0627;115;CHAPITRE-SANS-VERSET;aucun verset identifiable (verset par verset exigé)
Jean 4:0;SKN;63-0627;268;CHAPITRE-SANS-VERSET;aucun verset identifiable (verset par verset exigé)
Jean 4:0;SKN;64-0311;161;CHAPITRE-SANS-VERSET;aucun verset identifiable (verset par verset exigé)
Genese 22:0;SKN;64-0409;109;CHAPITRE-SANS-VERSET;aucun verset identifiable (verset par verset exigé)
Hebreux 3:0;SKN;64-0415;26;CHAPITRE-SANS-VERSET;aucun verset identifiable (verset par verset exigé)
Luc 17:0;SKN;64-0618;123;CHAPITRE-SANS-VERSET;aucun verset identifiable (verset par verset exigé)
Jean 4:0;VGR;64-0311;161;CHAPITRE-SANS-VERSET;aucun verset identifiable (verset par verset exigé)
Genese 22:0;VGR;64-0409;176;CHAPITRE-SANS-VERSET;aucun verset identifiable (verset par verset exigé)
Jean 4:0;VGR;64-0409;216;CHAPITRE-SANS-VERSET;aucun verset identifiable (verset par verset exigé)
Jean 4:0;VGR;64-0409;219;CHAPITRE-SANS-VERSET;aucun verset identifiable (verset par verset exigé)
Jean 6:0;VGR;64-0409;159;CHAPITRE-SANS-VERSET;aucun verset identifiable (verset par verset exigé)
Malachie 4:0;VGR;64-0409;189;CHAPITRE-SANS-VERSET;aucun verset identifiable (verset par verset exigé)
Hebreux 3:0;VGR;64-0415;26;CHAPITRE-SANS-VERSET;aucun verset identifiable (verset par verset exigé)
Job 7:0;SKN;59-0815;22;CHAPITRE-SANS-VERSET;aucun verset identifiable (verset par verset exigé)
Jean 1:0;SKN;65-1128M;193;CHAPITRE-SANS-VERSET;aucun verset identifiable (verset par verset exigé)
Jean 1:0;SKN;65-1128M;221;CHAPITRE-SANS-VERSET;aucun verset identifiable (verset par verset exigé)
Jean 10:0;SKN;65-1128M;185;CHAPITRE-SANS-VERSET;aucun verset identifiable (verset par verset exigé)
Jean 1:0;VGR;65-1128M;193;CHAPITRE-SANS-VERSET;aucun verset identifiable (verset par verset exigé)
Jean 1:0;VGR;65-1128M;221;CHAPITRE-SANS-VERSET;aucun verset identifiable (verset par verset exigé)
Jean 10:0;VGR;65-1128M;185;CHAPITRE-SANS-VERSET;aucun verset identifiable (verset par verset exigé)
Ephesiens 1:0;SKN;51-0930E;59;CHAPITRE-SANS-VERSET;aucun verset identifiable (verset par verset exigé)
Ephesiens 1:0;SKN;59-0415E;26;CHAPITRE-SANS-VERSET;aucun verset identifiable (verset par verset exigé)
Ephesiens 1:0;SKN;64-0206B;238;CHAPITRE-SANS-VERSET;aucun verset identifiable (verset par verset exigé)
Malachie 4:0;SKN;64-0206B;110;CHAPITRE-SANS-VERSET;aucun verset identifiable (verset par verset exigé)
Malachie 4:0;SKN;64-0206B;111;CHAPITRE-SANS-VERSET;aucun verset identifiable (verset par verset exigé)
Matthieu 10:0;SKN;64-0206B;239;CHAPITRE-SANS-VERSET;aucun verset identifiable (verset par verset exigé)
Jean 14:0;SKN;56-0611;18;CHAPITRE-SANS-VERSET;aucun verset identifiable (verset par verset exigé)
Jean 14:0;SKN;58-0301E;11;CHAPITRE-SANS-VERSET;aucun verset identifiable (verset par verset exigé)
Galates 4:0;SKN;58-0324;13;CHAPITRE-SANS-VERSET;aucun verset identifiable (verset par verset exigé)
Malachie 4:0;SKN;65-0425;188;CHAPITRE-SANS-VERSET;aucun verset identifiable (verset par verset exigé)
Marc 16:0;SKN;65-0425;150;CHAPITRE-SANS-VERSET;aucun verset identifiable (verset par verset exigé)
Romains 11:0;SKN;65-0425;147;CHAPITRE-SANS-VERSET;aucun verset identifiable (verset par verset exigé)
Job 14:0;SKN;61-1231M;55;CHAPITRE-SANS-VERSET;aucun verset identifiable (verset par verset exigé)
Jean 4:0;VGR;57-0908E;358;CHAPITRE-SANS-VERSET;aucun verset identifiable (verset par verset exigé)
Jean 3:0;SKN;54-1204;33;CHAPITRE-SANS-VERSET;aucun verset identifiable (verset par verset exigé)
Genese 49:0;SKN;55-0522;84;CHAPITRE-SANS-VERSET;aucun verset identifiable (verset par verset exigé)
Jean 1:0;SKN;56-0603;48;CHAPITRE-SANS-VERSET;aucun verset identifiable (verset par verset exigé)
Psaumes 23:0;SKN;56-0621;17;CHAPITRE-SANS-VERSET;aucun verset identifiable (verset par verset exigé)
Levitique 21:0;SKN;56-0715;15;CHAPITRE-SANS-VERSET;aucun verset identifiable (verset par verset exigé)
Genese 2:0;SKN;60-0522E;76;CHAPITRE-SANS-VERSET;aucun verset identifiable (verset par verset exigé)
Exode 19:0;SKN;61-0317;6;CHAPITRE-SANS-VERSET;aucun verset identifiable (verset par verset exigé)
Genese 12:0;SKN;61-0317;49;CHAPITRE-SANS-VERSET;aucun verset identifiable (verset par verset exigé)
Genese 12:0;SKN;61-0317;50;CHAPITRE-SANS-VERSET;aucun verset identifiable (verset par verset exigé)
Genese 15:0;SKN;61-0317;50;CHAPITRE-SANS-VERSET;aucun verset identifiable (verset par verset exigé)
Marc 16:0;SKN;61-0402;191;CHAPITRE-SANS-VERSET;aucun verset identifiable (verset par verset exigé)
Matthieu 9:0;SKN;61-1105;24;CHAPITRE-SANS-VERSET;aucun verset identifiable (verset par verset exigé)
Psaumes 22:0;SKN;61-1105;105;CHAPITRE-SANS-VERSET;aucun verset identifiable (verset par verset exigé)
Jean 4:0;SKN;62-0122;130;CHAPITRE-SANS-VERSET;aucun verset identifiable (verset par verset exigé)
Malachie 4:0;SKN;64-0403;162;CHAPITRE-SANS-VERSET;aucun verset identifiable (verset par verset exigé)
Marc 16:0;SKN;64-0403;47;CHAPITRE-SANS-VERSET;aucun verset identifiable (verset par verset exigé)
Matthieu 27:0;SKN;64-0403;144;CHAPITRE-SANS-VERSET;aucun verset identifiable (verset par verset exigé)
Genese 49:0;VGR;55-0522;69;CHAPITRE-SANS-VERSET;aucun verset identifiable (verset par verset exigé)
Esaie 5:0;VGR;56-0715;122;CHAPITRE-SANS-VERSET;aucun verset identifiable (verset par verset exigé)
Esaie 6:0;VGR;56-0715;122;CHAPITRE-SANS-VERSET;aucun verset identifiable (verset par verset exigé)
Jean 1:0;VGR;56-0715;47;CHAPITRE-SANS-VERSET;aucun verset identifiable (verset par verset exigé)
Hebreux 6:0;VGR;60-0221;106;CHAPITRE-SANS-VERSET;aucun verset identifiable (verset par verset exigé)
Genese 2:0;VGR;60-0522E;76;CHAPITRE-SANS-VERSET;aucun verset identifiable (verset par verset exigé)
Jean 4:0;VGR;62-0122;336;CHAPITRE-SANS-VERSET;aucun verset identifiable (verset par verset exigé)
Jean 4:0;VGR;62-0122;347;CHAPITRE-SANS-VERSET;aucun verset identifiable (verset par verset exigé)
Malachie 4:0;VGR;64-0403;205;CHAPITRE-SANS-VERSET;aucun verset identifiable (verset par verset exigé)
Matthieu 27:0;VGR;64-0403;187;CHAPITRE-SANS-VERSET;aucun verset identifiable (verset par verset exigé)
Jean 1:0;SKN;63-1028;62;CHAPITRE-SANS-VERSET;aucun verset identifiable (verset par verset exigé)
Hebreux 9:0;VGR;63-1028;171;CHAPITRE-SANS-VERSET;aucun verset identifiable (verset par verset exigé)
Jean 1:0;VGR;63-1028;152;CHAPITRE-SANS-VERSET;aucun verset identifiable (verset par verset exigé)
Jean 14:0;SKN;60-0806;33;CHAPITRE-SANS-VERSET;aucun verset identifiable (verset par verset exigé)
Matthieu 10:0;VGR;54-0103E;56;CHAPITRE-SANS-VERSET;aucun verset identifiable (verset par verset exigé)
Esaie 9:0;SKN;53-0507;32;CHAPITRE-SANS-VERSET;aucun verset identifiable (verset par verset exigé)
Jean 14:0;SKN;57-0301;7;CHAPITRE-SANS-VERSET;aucun verset identifiable (verset par verset exigé)
Hebreux 4:0;SKN;61-0308;34;CHAPITRE-SANS-VERSET;aucun verset identifiable (verset par verset exigé)
Esaie 28:0;SKN;61-1001E;170;CHAPITRE-SANS-VERSET;aucun verset identifiable (verset par verset exigé)
Esaie 35:0;SKN;65-1212;34;CHAPITRE-SANS-VERSET;aucun verset identifiable (verset par verset exigé)
Esaie 60:0;SKN;65-1212;34;CHAPITRE-SANS-VERSET;aucun verset identifiable (verset par verset exigé)
Esaie 28:0;VGR;65-1212;34;CHAPITRE-SANS-VERSET;aucun verset identifiable (verset par verset exigé)
Esaie 28:0;VGR;65-1212;35;CHAPITRE-SANS-VERSET;aucun verset identifiable (verset par verset exigé)
Esaie 35:0;VGR;65-1212;34;CHAPITRE-SANS-VERSET;aucun verset identifiable (verset par verset exigé)
Esaie 60:0;VGR;65-1212;34;CHAPITRE-SANS-VERSET;aucun verset identifiable (verset par verset exigé)
Job 14:0;SKN;63-0113M;3;CHAPITRE-SANS-VERSET;aucun verset identifiable (verset par verset exigé)
Job 14:0;VGR;63-0113M;8;CHAPITRE-SANS-VERSET;aucun verset identifiable (verset par verset exigé)
Esaie 35:0;SKN;53-0607E;5;CHAPITRE-SANS-VERSET;aucun verset identifiable (verset par verset exigé)
Esaie 35:0;SKN;63-0412E;86;CHAPITRE-SANS-VERSET;aucun verset identifiable (verset par verset exigé)
Malachie 4:0;SKN;63-0412E;156;CHAPITRE-SANS-VERSET;aucun verset identifiable (verset par verset exigé)
Esaie 35:0;SKN;63-0606;21;CHAPITRE-SANS-VERSET;aucun verset identifiable (verset par verset exigé)
Esaie 40:0;SKN;61-0129;53;CHAPITRE-SANS-VERSET;aucun verset identifiable (verset par verset exigé)
Esaie 40:0;SKN;64-0404;71;CHAPITRE-SANS-VERSET;aucun verset identifiable (verset par verset exigé)
Luc 17:0;SKN;64-0404;144;CHAPITRE-SANS-VERSET;aucun verset identifiable (verset par verset exigé)
Malachie 3:0;SKN;64-0404;71;CHAPITRE-SANS-VERSET;aucun verset identifiable (verset par verset exigé)
Malachie 4:0;SKN;64-0404;142;CHAPITRE-SANS-VERSET;aucun verset identifiable (verset par verset exigé)
Romains 4:0;SKN;64-0404;122;CHAPITRE-SANS-VERSET;aucun verset identifiable (verset par verset exigé)
Genese 1:0;SKN;61-1224;116;CHAPITRE-SANS-VERSET;aucun verset identifiable (verset par verset exigé)
Matthieu 3:0;SKN;65-0125;19;CHAPITRE-SANS-VERSET;aucun verset identifiable (verset par verset exigé)
Matthieu 3:0;VGR;65-0125;32;CHAPITRE-SANS-VERSET;aucun verset identifiable (verset par verset exigé)
Esaie 65:0;SKN;63-0803E;167;CHAPITRE-SANS-VERSET;aucun verset identifiable (verset par verset exigé)
Esther 6:0;SKN;55-0807E;34;CHAPITRE-SANS-VERSET;aucun verset identifiable (verset par verset exigé)
Esther 10:0;SKN;61-0429E;5;CHAPITRE-SANS-VERSET;aucun verset identifiable (verset par verset exigé)
Hebreux 1:0;SKN;63-1103;234;CHAPITRE-SANS-VERSET;aucun verset identifiable (verset par verset exigé)
Hebreux 3:0;SKN;63-1103;234;CHAPITRE-SANS-VERSET;aucun verset identifiable (verset par verset exigé)
Hebreux 11:0;SKN;64-0823E;120;CHAPITRE-SANS-VERSET;aucun verset identifiable (verset par verset exigé)
Jean 14:0;SKN;64-0823E;51;CHAPITRE-SANS-VERSET;aucun verset identifiable (verset par verset exigé)
Matthieu 24:0;SKN;64-0823E;142;CHAPITRE-SANS-VERSET;aucun verset identifiable (verset par verset exigé)
Marc 16:0;SKN;57-0326;93;CHAPITRE-SANS-VERSET;aucun verset identifiable (verset par verset exigé)
Exode 19:0;SKN;56-0923;122;CHAPITRE-SANS-VERSET;aucun verset identifiable (verset par verset exigé)
Jean 14:0;SKN;56-0923;66;CHAPITRE-SANS-VERSET;aucun verset identifiable (verset par verset exigé)
Jean 14:0;SKN;56-0930;25;CHAPITRE-SANS-VERSET;aucun verset identifiable (verset par verset exigé)
Exode 19:0;SKN;60-1206;31;CHAPITRE-SANS-VERSET;aucun verset identifiable (verset par verset exigé)
Exode 19:0;SKN;61-0311;83;CHAPITRE-SANS-VERSET;aucun verset identifiable (verset par verset exigé)
Exode 19:0;SKN;64-0306;144;CHAPITRE-SANS-VERSET;aucun verset identifiable (verset par verset exigé)
Matthieu 3:0;SKN;64-0306;43;CHAPITRE-SANS-VERSET;aucun verset identifiable (verset par verset exigé)
Exode 19:0;VGR;60-1206;32;CHAPITRE-SANS-VERSET;aucun verset identifiable (verset par verset exigé)
Exode 19:0;VGR;64-0306;144;CHAPITRE-SANS-VERSET;aucun verset identifiable (verset par verset exigé)
Matthieu 3:0;VGR;64-0306;43;CHAPITRE-SANS-VERSET;aucun verset identifiable (verset par verset exigé)
Ezechiel 4:0;SKN;59-0125;90;CHAPITRE-SANS-VERSET;aucun verset identifiable (verset par verset exigé)
Jean 4:0;SKN;59-0125;90;CHAPITRE-SANS-VERSET;aucun verset identifiable (verset par verset exigé)
Jean 4:0;SKN;57-0901M;165;CHAPITRE-SANS-VERSET;aucun verset identifiable (verset par verset exigé)
Jean 15:0;SKN;62-0129;21;CHAPITRE-SANS-VERSET;aucun verset identifiable (verset par verset exigé)
Marc 16:0;SKN;62-0129;9;CHAPITRE-SANS-VERSET;aucun verset identifiable (verset par verset exigé)
Jean 15:0;SKN;62-0204;110;CHAPITRE-SANS-VERSET;aucun verset identifiable (verset par verset exigé)
Jean 1:0;SKN;64-0216;46;CHAPITRE-SANS-VERSET;aucun verset identifiable (verset par verset exigé)
Jean 4:0;VGR;57-0901M;165;CHAPITRE-SANS-VERSET;aucun verset identifiable (verset par verset exigé)
Jean 15:0;VGR;62-0204;110;CHAPITRE-SANS-VERSET;aucun verset identifiable (verset par verset exigé)
Jean 4:0;SKN;60-0805;86;CHAPITRE-SANS-VERSET;aucun verset identifiable (verset par verset exigé)
Genese 1:0;SKN;53-0509;17;CHAPITRE-SANS-VERSET;aucun verset identifiable (verset par verset exigé)
Jean 14:0;SKN;55-0116A;39;CHAPITRE-SANS-VERSET;aucun verset identifiable (verset par verset exigé)
Genese 1:0;SKN;61-0416;44;CHAPITRE-SANS-VERSET;aucun verset identifiable (verset par verset exigé)
Genese 12:0;SKN;61-0416;30;CHAPITRE-SANS-VERSET;aucun verset identifiable (verset par verset exigé)
Genese 12:0;SKN;61-0416;43;CHAPITRE-SANS-VERSET;aucun verset identifiable (verset par verset exigé)
Malachie 4:0;SKN;61-0416;60;CHAPITRE-SANS-VERSET;aucun verset identifiable (verset par verset exigé)
Romains 4:0;SKN;61-0416;27;CHAPITRE-SANS-VERSET;aucun verset identifiable (verset par verset exigé)
Jean 1:0;SKN;63-1130B;120;CHAPITRE-SANS-VERSET;aucun verset identifiable (verset par verset exigé)
Malachie 4:0;SKN;64-0206E;89;CHAPITRE-SANS-VERSET;aucun verset identifiable (verset par verset exigé)
Jean 1:0;VGR;63-1130B;120;CHAPITRE-SANS-VERSET;aucun verset identifiable (verset par verset exigé)
Malachie 4:0;VGR;64-0206E;89;CHAPITRE-SANS-VERSET;aucun verset identifiable (verset par verset exigé)
Jean 14:0;SKN;64-0121;200;CHAPITRE-SANS-VERSET;aucun verset identifiable (verset par verset exigé)
Jean 4:0;SKN;61-0205E;88;CHAPITRE-SANS-VERSET;aucun verset identifiable (verset par verset exigé)
Genese 3:0;SKN;59-0416;39;CHAPITRE-SANS-VERSET;aucun verset identifiable (verset par verset exigé)
Genese 6:0;SKN;50-0822;22;CHAPITRE-SANS-VERSET;aucun verset identifiable (verset par verset exigé)
Genese 22:0;SKN;50-0822;22;CHAPITRE-SANS-VERSET;aucun verset identifiable (verset par verset exigé)
Jean 4:0;SKN;63-1113;247;CHAPITRE-SANS-VERSET;aucun verset identifiable (verset par verset exigé)
Hebreux 3:0;SKN;64-0304;135;CHAPITRE-SANS-VERSET;aucun verset identifiable (verset par verset exigé)
Hebreux 3:0;VGR;64-0304;135;CHAPITRE-SANS-VERSET;aucun verset identifiable (verset par verset exigé)
Hebreux 11:0;VGR;64-0823E;120;CHAPITRE-SANS-VERSET;aucun verset identifiable (verset par verset exigé)
Jean 14:0;VGR;64-0823E;51;CHAPITRE-SANS-VERSET;aucun verset identifiable (verset par verset exigé)
Matthieu 24:0;VGR;64-0823E;142;CHAPITRE-SANS-VERSET;aucun verset identifiable (verset par verset exigé)
Tite 1:0;VGR;64-0823E;80;CHAPITRE-SANS-VERSET;aucun verset identifiable (verset par verset exigé)
Genese 12:0;SKN;58-0127;21;CHAPITRE-SANS-VERSET;aucun verset identifiable (verset par verset exigé)
Romains 8:0;SKN;58-0127;22;CHAPITRE-SANS-VERSET;aucun verset identifiable (verset par verset exigé)
Genese 14:0;SKN;60-0301;141;CHAPITRE-SANS-VERSET;aucun verset identifiable (verset par verset exigé)
Luc 17:0;VGR;64-0404;212;CHAPITRE-SANS-VERSET;aucun verset identifiable (verset par verset exigé)
Malachie 3:0;VGR;64-0404;142;CHAPITRE-SANS-VERSET;aucun verset identifiable (verset par verset exigé)
Malachie 4:0;VGR;64-0404;210;CHAPITRE-SANS-VERSET;aucun verset identifiable (verset par verset exigé)
Malachie 4:0;VGR;64-0404;212;CHAPITRE-SANS-VERSET;aucun verset identifiable (verset par verset exigé)
Romains 4:0;VGR;64-0404;190;CHAPITRE-SANS-VERSET;aucun verset identifiable (verset par verset exigé)
Jean 4:0;SKN;64-0321E;262;CHAPITRE-SANS-VERSET;aucun verset identifiable (verset par verset exigé)
Luc 17:0;SKN;64-0321E;207;CHAPITRE-SANS-VERSET;aucun verset identifiable (verset par verset exigé)
Malachie 4:0;SKN;64-0321E;214;CHAPITRE-SANS-VERSET;aucun verset identifiable (verset par verset exigé)
Jean 4:0;VGR;64-0321E;262;CHAPITRE-SANS-VERSET;aucun verset identifiable (verset par verset exigé)
Luc 17:0;VGR;64-0321E;207;CHAPITRE-SANS-VERSET;aucun verset identifiable (verset par verset exigé)
Malachie 4:0;VGR;64-0321E;207;CHAPITRE-SANS-VERSET;aucun verset identifiable (verset par verset exigé)
Malachie 4:0;VGR;64-0321E;214;CHAPITRE-SANS-VERSET;aucun verset identifiable (verset par verset exigé)
Malachie 4:0;VGR;64-0321E;216;CHAPITRE-SANS-VERSET;aucun verset identifiable (verset par verset exigé)
Genese 22:0;SKN;52-0224;10;CHAPITRE-SANS-VERSET;aucun verset identifiable (verset par verset exigé)
Marc 16:0;SKN;52-0224;175;CHAPITRE-SANS-VERSET;aucun verset identifiable (verset par verset exigé)
Marc 16:0;SKN;52-0224;177;CHAPITRE-SANS-VERSET;aucun verset identifiable (verset par verset exigé)
Romains 4:0;SKN;52-0224;57;CHAPITRE-SANS-VERSET;aucun verset identifiable (verset par verset exigé)
Matthieu 8:0;SKN;53-0606;31;CHAPITRE-SANS-VERSET;aucun verset identifiable (verset par verset exigé)
Psaumes 64:0;SKN;55-0120;17;CHAPITRE-SANS-VERSET;aucun verset identifiable (verset par verset exigé)
Marc 11:0;SKN;56-0614;6;CHAPITRE-SANS-VERSET;aucun verset identifiable (verset par verset exigé)
Malachie 4:0;SKN;63-0115;251;CHAPITRE-SANS-VERSET;aucun verset identifiable (verset par verset exigé)
Jean 4:0;SKN;64-0207;131;CHAPITRE-SANS-VERSET;aucun verset identifiable (verset par verset exigé)
Jean 5:0;SKN;64-0207;138;CHAPITRE-SANS-VERSET;aucun verset identifiable (verset par verset exigé)
Genese 22:0;VGR;52-0224;10;CHAPITRE-SANS-VERSET;aucun verset identifiable (verset par verset exigé)
Marc 16:0;VGR;52-0224;175;CHAPITRE-SANS-VERSET;aucun verset identifiable (verset par verset exigé)
Marc 16:0;VGR;52-0224;177;CHAPITRE-SANS-VERSET;aucun verset identifiable (verset par verset exigé)
Romains 4:0;VGR;52-0224;57;CHAPITRE-SANS-VERSET;aucun verset identifiable (verset par verset exigé)
Malachie 4:0;VGR;63-0115;251;CHAPITRE-SANS-VERSET;aucun verset identifiable (verset par verset exigé)
Hebreux 11:0;VGR;64-0207;60;CHAPITRE-SANS-VERSET;aucun verset identifiable (verset par verset exigé)
Jean 4:0;VGR;64-0207;131;CHAPITRE-SANS-VERSET;aucun verset identifiable (verset par verset exigé)
Jean 5:0;VGR;64-0207;138;CHAPITRE-SANS-VERSET;aucun verset identifiable (verset par verset exigé)
Malachie 4:0;VGR;63-1129;163;CHAPITRE-SANS-VERSET;aucun verset identifiable (verset par verset exigé)
Hebreux 1:0;SKN;59-0712;87;CHAPITRE-SANS-VERSET;aucun verset identifiable (verset par verset exigé)
Jean 1:0;SKN;59-0712;65;CHAPITRE-SANS-VERSET;aucun verset identifiable (verset par verset exigé)
Jean 6:0;SKN;63-1112;151;CHAPITRE-SANS-VERSET;aucun verset identifiable (verset par verset exigé)
Malachie 4:0;SKN;64-0214;127;CHAPITRE-SANS-VERSET;aucun verset identifiable (verset par verset exigé)
Hebreux 1:0;VGR;59-0712;87;CHAPITRE-SANS-VERSET;aucun verset identifiable (verset par verset exigé)
Hebreux 1:0;VGR;63-1103;234;CHAPITRE-SANS-VERSET;aucun verset identifiable (verset par verset exigé)
Hebreux 3:0;VGR;63-1103;234;CHAPITRE-SANS-VERSET;aucun verset identifiable (verset par verset exigé)
Jean 1:0;SKN;62-0218;167;CHAPITRE-SANS-VERSET;aucun verset identifiable (verset par verset exigé)
Marc 16:0;SKN;62-0218;164;CHAPITRE-SANS-VERSET;aucun verset identifiable (verset par verset exigé)
Hebreux 3:0;SKN;64-0305;212;CHAPITRE-SANS-VERSET;aucun verset identifiable (verset par verset exigé)
Luc 20:0;SKN;54-0228E;29;CHAPITRE-SANS-VERSET;aucun verset identifiable (verset par verset exigé)
Matthieu 3:0;SKN;58-0515;45;CHAPITRE-SANS-VERSET;aucun verset identifiable (verset par verset exigé)
Matthieu 3:0;SKN;61-0412;76;CHAPITRE-SANS-VERSET;aucun verset identifiable (verset par verset exigé)
Malachie 4:0;SKN;62-0608;107;CHAPITRE-SANS-VERSET;aucun verset identifiable (verset par verset exigé)
Jean 4:0;SKN;62-0727;92;CHAPITRE-SANS-VERSET;aucun verset identifiable (verset par verset exigé)
Jean 4:0;SKN;62-0727;93;CHAPITRE-SANS-VERSET;aucun verset identifiable (verset par verset exigé)
Malachie 4:0;SKN;64-0619;197;CHAPITRE-SANS-VERSET;aucun verset identifiable (verset par verset exigé)
Hebreux 12:0;SKN;65-0426;125;CHAPITRE-SANS-VERSET;aucun verset identifiable (verset par verset exigé)
Malachie 3:0;SKN;65-0426;109;CHAPITRE-SANS-VERSET;aucun verset identifiable (verset par verset exigé)
Malachie 4:0;SKN;65-0426;107;CHAPITRE-SANS-VERSET;aucun verset identifiable (verset par verset exigé)
Malachie 4:0;SKN;65-0426;108;CHAPITRE-SANS-VERSET;aucun verset identifiable (verset par verset exigé)
Malachie 4:0;SKN;65-0426;109;CHAPITRE-SANS-VERSET;aucun verset identifiable (verset par verset exigé)
Malachie 4:0;SKN;65-0426;145;CHAPITRE-SANS-VERSET;aucun verset identifiable (verset par verset exigé)
Malachie 4:0;VGR;64-0619;208;CHAPITRE-SANS-VERSET;aucun verset identifiable (verset par verset exigé)
Malachie 3:0;VGR;65-0426;142;CHAPITRE-SANS-VERSET;aucun verset identifiable (verset par verset exigé)
Malachie 4:0;VGR;65-0426;140;CHAPITRE-SANS-VERSET;aucun verset identifiable (verset par verset exigé)
Malachie 4:0;VGR;65-0426;141;CHAPITRE-SANS-VERSET;aucun verset identifiable (verset par verset exigé)
Malachie 4:0;VGR;65-0426;142;CHAPITRE-SANS-VERSET;aucun verset identifiable (verset par verset exigé)
Malachie 4:0;VGR;65-0426;183;CHAPITRE-SANS-VERSET;aucun verset identifiable (verset par verset exigé)
Matthieu 28:0;VGR;65-0426;173;CHAPITRE-SANS-VERSET;aucun verset identifiable (verset par verset exigé)
Jean 4:0;SKN;60-0609;65;CHAPITRE-SANS-VERSET;aucun verset identifiable (verset par verset exigé)
Jean 4:0;SKN;60-0609;66;CHAPITRE-SANS-VERSET;aucun verset identifiable (verset par verset exigé)
Hebreux 6:0;SKN;51-0501;14;CHAPITRE-SANS-VERSET;aucun verset identifiable (verset par verset exigé)
Matthieu 27:0;SKN;53-0609A;209;CHAPITRE-SANS-VERSET;aucun verset identifiable (verset par verset exigé)
Hebreux 6:0;SKN;54-0620E;51;CHAPITRE-SANS-VERSET;aucun verset identifiable (verset par verset exigé)
Hebreux 6:0;SKN;62-0623;32;CHAPITRE-SANS-VERSET;aucun verset identifiable (verset par verset exigé)
Hebreux 6:0;SKN;64-0417;101;CHAPITRE-SANS-VERSET;aucun verset identifiable (verset par verset exigé)
Jean 4:0;SKN;64-0417;227;CHAPITRE-SANS-VERSET;aucun verset identifiable (verset par verset exigé)
Jean 11:0;SKN;64-0417;227;CHAPITRE-SANS-VERSET;aucun verset identifiable (verset par verset exigé)
Matthieu 27:0;VGR;53-0609A;209;CHAPITRE-SANS-VERSET;aucun verset identifiable (verset par verset exigé)
Hebreux 6:0;VGR;64-0417;101;CHAPITRE-SANS-VERSET;aucun verset identifiable (verset par verset exigé)
Jean 4:0;VGR;64-0417;227;CHAPITRE-SANS-VERSET;aucun verset identifiable (verset par verset exigé)
Jean 11:0;VGR;64-0417;227;CHAPITRE-SANS-VERSET;aucun verset identifiable (verset par verset exigé)
Jean 15:0;SKN;64-0402;129;CHAPITRE-SANS-VERSET;aucun verset identifiable (verset par verset exigé)
Malachie 4:0;SKN;64-0402;156;CHAPITRE-SANS-VERSET;aucun verset identifiable (verset par verset exigé)
Malachie 4:0;VGR;64-0402;156;CHAPITRE-SANS-VERSET;aucun verset identifiable (verset par verset exigé)
Psaumes 23:0;SKN;55-0223;20;CHAPITRE-SANS-VERSET;aucun verset identifiable (verset par verset exigé)
Psaumes 23:0;VGR;56-0610;64;CHAPITRE-SANS-VERSET;aucun verset identifiable (verset par verset exigé)
Hebreux 11:0;SKN;58-1004;64;CHAPITRE-SANS-VERSET;aucun verset identifiable (verset par verset exigé)
Marc 5:0;SKN;58-1004;71;CHAPITRE-SANS-VERSET;aucun verset identifiable (verset par verset exigé)
Hebreux 13:0;SKN;62-1125E;49;CHAPITRE-SANS-VERSET;aucun verset identifiable (verset par verset exigé)
Hebreux 12:0;VGR;56-1002E;23;CHAPITRE-SANS-VERSET;aucun verset identifiable (verset par verset exigé)
Hebreux 13:0;SKN;56-0200;12;CHAPITRE-SANS-VERSET;aucun verset identifiable (verset par verset exigé)
Psaumes 22:0;SKN;61-0124;77;CHAPITRE-SANS-VERSET;aucun verset identifiable (verset par verset exigé)
Jean 16:0;SKN;52-0810E;15;CHAPITRE-SANS-VERSET;aucun verset identifiable (verset par verset exigé)
Jean 14:0;SKN;57-0105;37;CHAPITRE-SANS-VERSET;aucun verset identifiable (verset par verset exigé)
Jean 4:0;SKN;57-0421E;103;CHAPITRE-SANS-VERSET;aucun verset identifiable (verset par verset exigé)
Jean 4:0;SKN;57-1213;71;CHAPITRE-SANS-VERSET;aucun verset identifiable (verset par verset exigé)
Jean 4:0;SKN;57-1213;72;CHAPITRE-SANS-VERSET;aucun verset identifiable (verset par verset exigé)
Jean 17:0;SKN;57-1213;5;CHAPITRE-SANS-VERSET;aucun verset identifiable (verset par verset exigé)
Jean 4:0;SKN;58-0225;3;CHAPITRE-SANS-VERSET;aucun verset identifiable (verset par verset exigé)
Psaumes 32:0;SKN;58-0225;1;CHAPITRE-SANS-VERSET;aucun verset identifiable (verset par verset exigé)
Jean 4:0;SKN;58-0619E;59;CHAPITRE-SANS-VERSET;aucun verset identifiable (verset par verset exigé)
Jean 14:0;SKN;60-0313;24;CHAPITRE-SANS-VERSET;aucun verset identifiable (verset par verset exigé)
Jean 14:0;SKN;60-0401E;54;CHAPITRE-SANS-VERSET;aucun verset identifiable (verset par verset exigé)
Malachie 4:0;SKN;61-0119E;67;CHAPITRE-SANS-VERSET;aucun verset identifiable (verset par verset exigé)
Marc 16:0;SKN;61-0119E;35;CHAPITRE-SANS-VERSET;aucun verset identifiable (verset par verset exigé)
Jean 4:0;SKN;61-0219;85;CHAPITRE-SANS-VERSET;aucun verset identifiable (verset par verset exigé)
Matthieu 6:0;SKN;62-0611;70;CHAPITRE-SANS-VERSET;aucun verset identifiable (verset par verset exigé)
Malachie 4:0;SKN;62-0701;81;CHAPITRE-SANS-VERSET;aucun verset identifiable (verset par verset exigé)
Matthieu 28:0;SKN;62-0701;116;CHAPITRE-SANS-VERSET;aucun verset identifiable (verset par verset exigé)
Matthieu 28:0;SKN;62-0701;121;CHAPITRE-SANS-VERSET;aucun verset identifiable (verset par verset exigé)
Jean 16:0;SKN;63-0428;244;CHAPITRE-SANS-VERSET;aucun verset identifiable (verset par verset exigé)
Jean 4:0;SKN;64-0212;149;CHAPITRE-SANS-VERSET;aucun verset identifiable (verset par verset exigé)
Luc 17:0;SKN;64-0212;108;CHAPITRE-SANS-VERSET;aucun verset identifiable (verset par verset exigé)
Luc 17:0;SKN;64-0212;137;CHAPITRE-SANS-VERSET;aucun verset identifiable (verset par verset exigé)
Malachie 3:0;SKN;64-0212;108;CHAPITRE-SANS-VERSET;aucun verset identifiable (verset par verset exigé)
Malachie 3:0;SKN;64-0212;138;CHAPITRE-SANS-VERSET;aucun verset identifiable (verset par verset exigé)
Malachie 4:0;SKN;64-0212;108;CHAPITRE-SANS-VERSET;aucun verset identifiable (verset par verset exigé)
Malachie 4:0;SKN;64-0212;126;CHAPITRE-SANS-VERSET;aucun verset identifiable (verset par verset exigé)
Malachie 4:0;SKN;64-0212;138;CHAPITRE-SANS-VERSET;aucun verset identifiable (verset par verset exigé)
Jean 4:0;SKN;64-0318;208;CHAPITRE-SANS-VERSET;aucun verset identifiable (verset par verset exigé)
Jean 6:0;SKN;64-0318;127;CHAPITRE-SANS-VERSET;aucun verset identifiable (verset par verset exigé)
Malachie 3:0;SKN;64-0318;34;CHAPITRE-SANS-VERSET;aucun verset identifiable (verset par verset exigé)
Malachie 4:0;SKN;64-0405;36;CHAPITRE-SANS-VERSET;aucun verset identifiable (verset par verset exigé)
Marc 16:0;SKN;64-0412;59;CHAPITRE-SANS-VERSET;aucun verset identifiable (verset par verset exigé)
Marc 16:0;SKN;64-0412;60;CHAPITRE-SANS-VERSET;aucun verset identifiable (verset par verset exigé)
Marc 16:0;SKN;64-0412;246;CHAPITRE-SANS-VERSET;aucun verset identifiable (verset par verset exigé)
Matthieu 12:0;SKN;64-0412;48;CHAPITRE-SANS-VERSET;aucun verset identifiable (verset par verset exigé)
Malachie 4:0;SKN;64-0416;190;CHAPITRE-SANS-VERSET;aucun verset identifiable (verset par verset exigé)
Marc 16:0;VGR;54-1219M;46;CHAPITRE-SANS-VERSET;aucun verset identifiable (verset par verset exigé)
Marc 16:0;VGR;54-1219M;50;CHAPITRE-SANS-VERSET;aucun verset identifiable (verset par verset exigé)
Jean 4:0;VGR;57-0421E;103;CHAPITRE-SANS-VERSET;aucun verset identifiable (verset par verset exigé)
Jean 4:0;VGR;58-0225;9;CHAPITRE-SANS-VERSET;aucun verset identifiable (verset par verset exigé)
Jean 5:0;VGR;58-0225;49;CHAPITRE-SANS-VERSET;aucun verset identifiable (verset par verset exigé)
Matthieu 24:0;VGR;63-1110E;190;CHAPITRE-SANS-VERSET;aucun verset identifiable (verset par verset exigé)
Malachie 3:0;VGR;64-0212;108;CHAPITRE-SANS-VERSET;aucun verset identifiable (verset par verset exigé)
Malachie 3:0;VGR;64-0212;138;CHAPITRE-SANS-VERSET;aucun verset identifiable (verset par verset exigé)
Malachie 4:0;VGR;64-0212;108;CHAPITRE-SANS-VERSET;aucun verset identifiable (verset par verset exigé)
Malachie 4:0;VGR;64-0212;126;CHAPITRE-SANS-VERSET;aucun verset identifiable (verset par verset exigé)
Malachie 4:0;VGR;64-0212;138;CHAPITRE-SANS-VERSET;aucun verset identifiable (verset par verset exigé)
Jean 4:0;VGR;64-0318;208;CHAPITRE-SANS-VERSET;aucun verset identifiable (verset par verset exigé)
Jean 6:0;VGR;64-0318;127;CHAPITRE-SANS-VERSET;aucun verset identifiable (verset par verset exigé)
Malachie 3:0;VGR;64-0318;34;CHAPITRE-SANS-VERSET;aucun verset identifiable (verset par verset exigé)
Malachie 4:0;VGR;64-0416;190;CHAPITRE-SANS-VERSET;aucun verset identifiable (verset par verset exigé)
Luc 2:0;SKN;60-1211E;69;CHAPITRE-SANS-VERSET;aucun verset identifiable (verset par verset exigé)
Matthieu 2:0;SKN;60-1211E;69;CHAPITRE-SANS-VERSET;aucun verset identifiable (verset par verset exigé)
Marc 16:0;SKN;57-0825M;71;CHAPITRE-SANS-VERSET;aucun verset identifiable (verset par verset exigé)
Marc 16:0;SKN;63-0714E;31;CHAPITRE-SANS-VERSET;aucun verset identifiable (verset par verset exigé)
Marc 16:0;SKN;63-0714E;52;CHAPITRE-SANS-VERSET;aucun verset identifiable (verset par verset exigé)
Marc 16:0;VGR;57-0825M;71;CHAPITRE-SANS-VERSET;aucun verset identifiable (verset par verset exigé)
Marc 16:0;VGR;63-0714E;72;CHAPITRE-SANS-VERSET;aucun verset identifiable (verset par verset exigé)
Marc 16:0;VGR;63-0714E;102;CHAPITRE-SANS-VERSET;aucun verset identifiable (verset par verset exigé)
Jean 4:0;SKN;58-0309E;132;CHAPITRE-SANS-VERSET;aucun verset identifiable (verset par verset exigé)
Matthieu 12:0;SKN;58-0528;86;CHAPITRE-SANS-VERSET;aucun verset identifiable (verset par verset exigé)
Jean 1:0;SKN;63-0223;178;CHAPITRE-SANS-VERSET;aucun verset identifiable (verset par verset exigé)
Jean 1:0;SKN;65-0718E;68;CHAPITRE-SANS-VERSET;aucun verset identifiable (verset par verset exigé)
Malachie 4:0;SKN;65-0718E;126;CHAPITRE-SANS-VERSET;aucun verset identifiable (verset par verset exigé)
Jean 1:0;VGR;63-0223;178;CHAPITRE-SANS-VERSET;aucun verset identifiable (verset par verset exigé)
Jean 14:0;VGR;63-0223;235;CHAPITRE-SANS-VERSET;aucun verset identifiable (verset par verset exigé)
Marc 16:0;SKN;53-1115M;85;CHAPITRE-SANS-VERSET;aucun verset identifiable (verset par verset exigé)
Marc 16:0;SKN;62-1231;11;CHAPITRE-SANS-VERSET;aucun verset identifiable (verset par verset exigé)
Jean 14:0;SKN;64-0726E;68;CHAPITRE-SANS-VERSET;aucun verset identifiable (verset par verset exigé)
Marc 16:0;VGR;62-1231;11;CHAPITRE-SANS-VERSET;aucun verset identifiable (verset par verset exigé)
Jean 14:0;VGR;64-0726E;68;CHAPITRE-SANS-VERSET;aucun verset identifiable (verset par verset exigé)
Jean 4:0;SKN;55-0400;105;CHAPITRE-SANS-VERSET;aucun verset identifiable (verset par verset exigé)
Jean 4:0;SKN;56-0814;71;CHAPITRE-SANS-VERSET;aucun verset identifiable (verset par verset exigé)
Jean 4:0;SKN;57-0127E;80;CHAPITRE-SANS-VERSET;aucun verset identifiable (verset par verset exigé)
Jean 16:0;SKN;57-0127E;53;CHAPITRE-SANS-VERSET;aucun verset identifiable (verset par verset exigé)
Jean 4:0;SKN;57-0808;75;CHAPITRE-SANS-VERSET;aucun verset identifiable (verset par verset exigé)
Jean 4:0;SKN;58-0613;70;CHAPITRE-SANS-VERSET;aucun verset identifiable (verset par verset exigé)
Jean 4:0;SKN;58-1005E;229;CHAPITRE-SANS-VERSET;aucun verset identifiable (verset par verset exigé)
Jean 4:0;SKN;59-0405E;50;CHAPITRE-SANS-VERSET;aucun verset identifiable (verset par verset exigé)
Jean 4:0;SKN;59-0405E;59;CHAPITRE-SANS-VERSET;aucun verset identifiable (verset par verset exigé)
Jean 4:0;SKN;59-0407;59;CHAPITRE-SANS-VERSET;aucun verset identifiable (verset par verset exigé)
Jean 4:0;SKN;59-0408;42;CHAPITRE-SANS-VERSET;aucun verset identifiable (verset par verset exigé)
Psaumes 133:0;SKN;59-0408;38;CHAPITRE-SANS-VERSET;aucun verset identifiable (verset par verset exigé)
Jean 4:0;SKN;59-1129;203;CHAPITRE-SANS-VERSET;aucun verset identifiable (verset par verset exigé)
Jean 4:0;SKN;60-0329;48;CHAPITRE-SANS-VERSET;aucun verset identifiable (verset par verset exigé)
Jean 4:0;SKN;60-0606;62;CHAPITRE-SANS-VERSET;aucun verset identifiable (verset par verset exigé)
Jean 10:0;SKN;60-0606;20;CHAPITRE-SANS-VERSET;aucun verset identifiable (verset par verset exigé)
Psaumes 63:0;SKN;60-1127E;53;CHAPITRE-SANS-VERSET;aucun verset identifiable (verset par verset exigé)
Jean 4:0;VGR;58-1005E;229;CHAPITRE-SANS-VERSET;aucun verset identifiable (verset par verset exigé)
Jean 4:0;VGR;59-0525;120;CHAPITRE-SANS-VERSET;aucun verset identifiable (verset par verset exigé)
Jean 10:0;VGR;60-0604;49;CHAPITRE-SANS-VERSET;aucun verset identifiable (verset par verset exigé)
Matthieu 5:0;SKN;63-0126;300;CHAPITRE-SANS-VERSET;aucun verset identifiable (verset par verset exigé)
Jean 14:0;SKN;53-0512;28;CHAPITRE-SANS-VERSET;aucun verset identifiable (verset par verset exigé)
Jean 5:0;SKN;53-1213E;65;CHAPITRE-SANS-VERSET;aucun verset identifiable (verset par verset exigé)
Matthieu 8:0;SKN;56-0722;6;CHAPITRE-SANS-VERSET;aucun verset identifiable (verset par verset exigé)
Jean 14:0;SKN;56-0930E;17;CHAPITRE-SANS-VERSET;aucun verset identifiable (verset par verset exigé)
Marc 11:0;SKN;56-1206;72;CHAPITRE-SANS-VERSET;aucun verset identifiable (verset par verset exigé)
Jean 14:0;SKN;57-0310E;22;CHAPITRE-SANS-VERSET;aucun verset identifiable (verset par verset exigé)
Jean 6:0;SKN;61-0411;18;CHAPITRE-SANS-VERSET;aucun verset identifiable (verset par verset exigé)
Josue 1:0;SKN;62-0713;54;CHAPITRE-SANS-VERSET;aucun verset identifiable (verset par verset exigé)
Marc 16:0;VGR;55-0611;44;CHAPITRE-SANS-VERSET;aucun verset identifiable (verset par verset exigé)
Marc 16:0;VGR;55-0611;178;CHAPITRE-SANS-VERSET;aucun verset identifiable (verset par verset exigé)
Jean 11:0;VGR;64-0213;81;CHAPITRE-SANS-VERSET;aucun verset identifiable (verset par verset exigé)
Psaumes 22:0;SKN;57-0420;58;CHAPITRE-SANS-VERSET;aucun verset identifiable (verset par verset exigé)
Luc 17:0;SKN;64-0410;63;CHAPITRE-SANS-VERSET;aucun verset identifiable (verset par verset exigé)
Malachie 3:0;SKN;64-0410;4;CHAPITRE-SANS-VERSET;aucun verset identifiable (verset par verset exigé)
Malachie 4:0;SKN;64-0410;4;CHAPITRE-SANS-VERSET;aucun verset identifiable (verset par verset exigé)
Malachie 4:0;SKN;64-0410;63;CHAPITRE-SANS-VERSET;aucun verset identifiable (verset par verset exigé)
Matthieu 27:0;VGR;57-0420;99;CHAPITRE-SANS-VERSET;aucun verset identifiable (verset par verset exigé)
Psaumes 22:0;VGR;57-0420;58;CHAPITRE-SANS-VERSET;aucun verset identifiable (verset par verset exigé)
Jean 6:0;SKN;63-0605;280;CHAPITRE-SANS-VERSET;aucun verset identifiable (verset par verset exigé)
Jean 12:0;SKN;63-0118;92;CHAPITRE-SANS-VERSET;aucun verset identifiable (verset par verset exigé)
Psaumes 22:0;SKN;60-0308;72;CHAPITRE-SANS-VERSET;aucun verset identifiable (verset par verset exigé)
Psaumes 23:0;SKN;60-0308;37;CHAPITRE-SANS-VERSET;aucun verset identifiable (verset par verset exigé)
Psaumes 22:0;VGR;60-0308;72;CHAPITRE-SANS-VERSET;aucun verset identifiable (verset par verset exigé)
Psaumes 23:0;VGR;60-0308;37;CHAPITRE-SANS-VERSET;aucun verset identifiable (verset par verset exigé)
Jean 14:0;SKN;50-0115;13;CHAPITRE-SANS-VERSET;aucun verset identifiable (verset par verset exigé)
Marc 16:0;SKN;53-0907A;76;CHAPITRE-SANS-VERSET;aucun verset identifiable (verset par verset exigé)
Marc 16:0;SKN;53-0907A;79;CHAPITRE-SANS-VERSET;aucun verset identifiable (verset par verset exigé)
Jean 14:0;SKN;55-0501A;23;CHAPITRE-SANS-VERSET;aucun verset identifiable (verset par verset exigé)
Jean 14:0;SKN;57-0809;13;CHAPITRE-SANS-VERSET;aucun verset identifiable (verset par verset exigé)
Jean 14:0;SKN;58-0209A;22;CHAPITRE-SANS-VERSET;aucun verset identifiable (verset par verset exigé)
Jean 14:0;SKN;58-1003;22;CHAPITRE-SANS-VERSET;aucun verset identifiable (verset par verset exigé)
Jean 14:0;SKN;61-1231E;135;CHAPITRE-SANS-VERSET;aucun verset identifiable (verset par verset exigé)
Jean 14:0;VGR;55-0501A;41;CHAPITRE-SANS-VERSET;aucun verset identifiable (verset par verset exigé)
Jean 14:0;VGR;58-1003;41;CHAPITRE-SANS-VERSET;aucun verset identifiable (verset par verset exigé)
Malachie 4:0;SKN;64-0209;59;CHAPITRE-SANS-VERSET;aucun verset identifiable (verset par verset exigé)
Malachie 4:0;SKN;64-0209;63;CHAPITRE-SANS-VERSET;aucun verset identifiable (verset par verset exigé)
Malachie 4:0;SKN;64-0209;172;CHAPITRE-SANS-VERSET;aucun verset identifiable (verset par verset exigé)
Jean 15:0;SKN;58-0228;63;CHAPITRE-SANS-VERSET;aucun verset identifiable (verset par verset exigé)
Josue 1:0;SKN;60-0911M;7;CHAPITRE-SANS-VERSET;aucun verset identifiable (verset par verset exigé)
Josue 1:0;VGR;60-0911M;8;CHAPITRE-SANS-VERSET;aucun verset identifiable (verset par verset exigé)
Luc 16:0;SKN;59-0419A;174;CHAPITRE-SANS-VERSET;aucun verset identifiable (verset par verset exigé)
Marc 16:0;SKN;54-1219M;45;CHAPITRE-SANS-VERSET;aucun verset identifiable (verset par verset exigé)
Marc 16:0;SKN;54-1219M;50;CHAPITRE-SANS-VERSET;aucun verset identifiable (verset par verset exigé)
Matthieu 27:0;SKN;55-1005;26;CHAPITRE-SANS-VERSET;aucun verset identifiable (verset par verset exigé)
Matthieu 24:0;SKN;57-0804A;49;CHAPITRE-SANS-VERSET;aucun verset identifiable (verset par verset exigé)
Psaumes 2:0;SKN;55-0807A;41;CHAPITRE-SANS-VERSET;aucun verset identifiable (verset par verset exigé)
Psaumes 22:0;SKN;55-0123A;5;CHAPITRE-SANS-VERSET;aucun verset identifiable (verset par verset exigé)
Psaumes 47:0;SKN;55-0118;27;CHAPITRE-SANS-VERSET;aucun verset identifiable (verset par verset exigé)
Psaumes 100:0;SKN;57-0811A;20;CHAPITRE-SANS-VERSET;aucun verset identifiable (verset par verset exigé)
Psaumes 100:0;VGR;62-1104E;100;CHAPITRE-SANS-VERSET;aucun verset identifiable (verset par verset exigé)
1 Chroniques 2:15;SKN;60-1225;17;REJETE;passage absent, idée absente
Esaie 35:0;SKN;63-0317M;122;CHAPITRE-SANS-VERSET;aucun verset identifiable (verset par verset exigé)
Apocalypse 6:0;SKN;63-0324M;274;CHAPITRE-SANS-VERSET;aucun verset identifiable (verset par verset exigé)
Malachie 4:0;SKN;63-0324M;330;CHAPITRE-SANS-VERSET;aucun verset identifiable (verset par verset exigé)
Esther 21:0;SKN;59-0422;50;CHAPITRE-SANS-VERSET;aucun verset identifiable (verset par verset exigé)
Esther 9:0;SKN;60-0911E;161;CHAPITRE-SANS-VERSET;aucun verset identifiable (verset par verset exigé)
Hebreux 10:26;SKN;63-1128E;99;REJETE;passage absent, idée absente
Malachie 4:0;SKN;64-0614M;321;CHAPITRE-SANS-VERSET;aucun verset identifiable (verset par verset exigé)
Malachie 4:0;SKN;64-0614M;335;CHAPITRE-SANS-VERSET;aucun verset identifiable (verset par verset exigé)
Amos 3:7;SKN;65-1127B;251;REJETE;passage absent, idée absente
Luc 30:0;SKN;65-1127B;322;CHAPITRE-SANS-VERSET;aucun verset identifiable (verset par verset exigé)
Malachie 4:0;SKN;65-1127B;220;CHAPITRE-SANS-VERSET;aucun verset identifiable (verset par verset exigé)
Esther 22:0;SKN;54-0515;347;CHAPITRE-SANS-VERSET;aucun verset identifiable (verset par verset exigé)
Daniel 5:12;SKN;65-1125;138;REJETE;passage absent, idée absente
Esther 21:0;SKN;65-1125;146;CHAPITRE-SANS-VERSET;aucun verset identifiable (verset par verset exigé)
Esther 23:0;SKN;65-1125;235;CHAPITRE-SANS-VERSET;aucun verset identifiable (verset par verset exigé)
Malachie 4:0;SKN;65-1125;154;CHAPITRE-SANS-VERSET;aucun verset identifiable (verset par verset exigé)
Matthieu 5:28;SKN;57-0908E;247;REJETE;passage absent, idée absente
1 Jean 4:5;SKN;65-0801M;58;REJETE;passage absent, idée absente
Malachie 4:0;SKN;63-0116;249;CHAPITRE-SANS-VERSET;aucun verset identifiable (verset par verset exigé)
1 Jean 12:0;SKN;64-0705;114;CHAPITRE-SANS-VERSET;aucun verset identifiable (verset par verset exigé)
Apocalypse 17:0;SKN;64-0705;130;CHAPITRE-SANS-VERSET;aucun verset identifiable (verset par verset exigé)
Apocalypse 17:0;SKN;64-0705;132;CHAPITRE-SANS-VERSET;aucun verset identifiable (verset par verset exigé)
Malachie 4:0;SKN;64-0705;170;CHAPITRE-SANS-VERSET;aucun verset identifiable (verset par verset exigé)
2 Pierre 4:0;SKN;57-1006;619;CHAPITRE-SANS-VERSET;aucun verset identifiable (verset par verset exigé)
Esther 21:19;SKN;57-1006;669;VERSET-ABSENT-BIBLE;référence inexistante, hypothèse faible
Romains 26:0;SKN;64-0823M;188;CHAPITRE-SANS-VERSET;aucun verset identifiable (verset par verset exigé)
Malachie 4:0;SKN;64-0401;195;CHAPITRE-SANS-VERSET;aucun verset identifiable (verset par verset exigé)
Malachie 1:4;SKN;63-0321;151;REJETE;passage absent, idée absente
Malachie 4:0;SKN;63-0321;275;CHAPITRE-SANS-VERSET;aucun verset identifiable (verset par verset exigé)
Malachie 4:0;SKN;63-0321;351;CHAPITRE-SANS-VERSET;aucun verset identifiable (verset par verset exigé)
Apocalypse 2:6;SKN;63-0319;263;REJETE;passage absent, idée absente
Daniel 8:23;SKN;63-0318;354;REJETE;passage absent, idée absente
Malachie 4:0;SKN;63-0318;210;CHAPITRE-SANS-VERSET;aucun verset identifiable (verset par verset exigé)
2 Timothee 2:0;SKN;60-1218;213;CHAPITRE-SANS-VERSET;aucun verset identifiable (verset par verset exigé)
Malachie 4:0;SKN;63-0707M;274;CHAPITRE-SANS-VERSET;aucun verset identifiable (verset par verset exigé)
Malachie 4:0;SKN;64-0726M;78;CHAPITRE-SANS-VERSET;aucun verset identifiable (verset par verset exigé)
Malachie 4:0;SKN;64-0830E;153;CHAPITRE-SANS-VERSET;aucun verset identifiable (verset par verset exigé)
Esther 60:0;SKN;56-1125M;24;CHAPITRE-SANS-VERSET;aucun verset identifiable (verset par verset exigé)
Esaie 4:0;SKN;54-0103M;1;CHAPITRE-SANS-VERSET;aucun verset identifiable (verset par verset exigé)
Esaie 4:24;SKN;54-0103M;1;VERSET-ABSENT-BIBLE;référence inexistante, hypothèse faible
Esaie 5:24;SKN;54-0103M;1;REJETE;passage absent, idée absente
Esther 11:0;SKN;55-0806;68;CHAPITRE-SANS-VERSET;aucun verset identifiable (verset par verset exigé)
Esther 16:0;SKN;59-1115;46;CHAPITRE-SANS-VERSET;aucun verset identifiable (verset par verset exigé)
Esther 21:0;SKN;61-0808;5;CHAPITRE-SANS-VERSET;aucun verset identifiable (verset par verset exigé)
Esther 22:0;SKN;61-0808;78;CHAPITRE-SANS-VERSET;aucun verset identifiable (verset par verset exigé)
Esaie 32:0;SKN;65-0123;184;CHAPITRE-SANS-VERSET;aucun verset identifiable (verset par verset exigé)
Esaie 4:0;VGR;54-0103M;1;CHAPITRE-SANS-VERSET;aucun verset identifiable (verset par verset exigé)
Esaie 4:24;VGR;54-0103M;1;VERSET-ABSENT-BIBLE;référence inexistante, hypothèse faible
Malachie 4:0;VGR;63-0320;177;CHAPITRE-SANS-VERSET;aucun verset identifiable (verset par verset exigé)
Malachie 4:0;VGR;63-0324M;330;CHAPITRE-SANS-VERSET;aucun verset identifiable (verset par verset exigé)
Esaie 32:0;VGR;65-0123;186;CHAPITRE-SANS-VERSET;aucun verset identifiable (verset par verset exigé)
Luc 1:17;SKN;61-0112;455;REJETE;passage absent, idée absente
Luc 1:17;SKN;61-0112;456;REJETE;passage absent, idée absente
Actes 2:4;SKN;61-0424;82;REJETE;passage absent, idée absente
Actes 2:4;SKN;61-0424;84;REJETE;passage absent, idée absente
Malachie 4:0;SKN;65-0124;112;CHAPITRE-SANS-VERSET;aucun verset identifiable (verset par verset exigé)
Esther 16:0;SKN;57-0127A;72;CHAPITRE-SANS-VERSET;aucun verset identifiable (verset par verset exigé)
Apocalypse 4:0;SKN;61-0108;50;CHAPITRE-SANS-VERSET;aucun verset identifiable (verset par verset exigé)
Apocalypse 11:13;SKN;61-0108;252;REJETE;passage absent, idée absente
Apocalypse 11:13;SKN;61-0108;258;REJETE;passage absent, idée absente
Ezechiel 1:8;SKN;61-0108;259;REJETE;passage absent, idée absente
Marc 16:0;SKN;61-0108;345;CHAPITRE-SANS-VERSET;aucun verset identifiable (verset par verset exigé)
Esther 12:0;SKN;62-0610M;108;CHAPITRE-SANS-VERSET;aucun verset identifiable (verset par verset exigé)
Malachie 4:0;SKN;65-0221M;35;CHAPITRE-SANS-VERSET;aucun verset identifiable (verset par verset exigé)
Esaie 28:18;VGR;60-0626;220;REJETE;passage absent, idée absente
Apocalypse 4:0;VGR;61-0108;50;CHAPITRE-SANS-VERSET;aucun verset identifiable (verset par verset exigé)
Apocalypse 11:13;VGR;61-0108;252;REJETE;passage absent, idée absente
Ezechiel 1:8;VGR;61-0108;253;REJETE;passage absent, idée absente
Actes 19:11;VGR;62-1014M;194;REJETE;passage absent, idée absente
Jean 23:0;VGR;62-1014M;377;CHAPITRE-SANS-VERSET;aucun verset identifiable (verset par verset exigé)
Daniel 8:23;VGR;63-0318;354;REJETE;passage absent, idée absente
Malachie 4:0;VGR;63-0318;210;CHAPITRE-SANS-VERSET;aucun verset identifiable (verset par verset exigé)
Malachie 4:0;VGR;63-0321;275;CHAPITRE-SANS-VERSET;aucun verset identifiable (verset par verset exigé)
Genese 23:0;VGR;65-0219;189;CHAPITRE-SANS-VERSET;aucun verset identifiable (verset par verset exigé)
Job 14:0;VGR;65-0221M;215;CHAPITRE-SANS-VERSET;aucun verset identifiable (verset par verset exigé)
Malachie 4:0;VGR;65-0221M;49;CHAPITRE-SANS-VERSET;aucun verset identifiable (verset par verset exigé)
Malachie 4:0;VGR;65-1125;202;CHAPITRE-SANS-VERSET;aucun verset identifiable (verset par verset exigé)
Malachie 4:0;VGR;65-1125;308;CHAPITRE-SANS-VERSET;aucun verset identifiable (verset par verset exigé)
Esther 12:0;SKN;61-0205M;57;CHAPITRE-SANS-VERSET;aucun verset identifiable (verset par verset exigé)
Jean 26:0;SKN;62-0601;127;CHAPITRE-SANS-VERSET;aucun verset identifiable (verset par verset exigé)
Malachie 4:0;VGR;63-0116;189;CHAPITRE-SANS-VERSET;aucun verset identifiable (verset par verset exigé)
Malachie 4:0;VGR;63-0116;251;CHAPITRE-SANS-VERSET;aucun verset identifiable (verset par verset exigé)
Proverbes 5:3;SKN;62-0211;69;REJETE;passage absent, idée absente
Esther 16:13;SKN;60-1210;137;VERSET-ABSENT-BIBLE;référence inexistante, hypothèse faible
Romains 26:0;VGR;64-0823M;188;CHAPITRE-SANS-VERSET;aucun verset identifiable (verset par verset exigé)
Marc 16:1;SKN;65-0418M;36;REJETE;passage absent, idée absente
Malachie 4:0;VGR;65-0418M;243;CHAPITRE-SANS-VERSET;aucun verset identifiable (verset par verset exigé)
Daniel 85:0;VGR;61-0806;12;CHAPITRE-SANS-VERSET;aucun verset identifiable (verset par verset exigé)
Daniel 87:0;VGR;61-0806;23;CHAPITRE-SANS-VERSET;aucun verset identifiable (verset par verset exigé)
Daniel 89:0;VGR;61-0806;32;CHAPITRE-SANS-VERSET;aucun verset identifiable (verset par verset exigé)
Daniel 91:0;VGR;61-0806;41;CHAPITRE-SANS-VERSET;aucun verset identifiable (verset par verset exigé)
Daniel 93:0;VGR;61-0806;52;CHAPITRE-SANS-VERSET;aucun verset identifiable (verset par verset exigé)
Daniel 95:0;VGR;61-0806;61;CHAPITRE-SANS-VERSET;aucun verset identifiable (verset par verset exigé)
Daniel 97:0;VGR;61-0806;70;CHAPITRE-SANS-VERSET;aucun verset identifiable (verset par verset exigé)
Daniel 99:0;VGR;61-0806;79;CHAPITRE-SANS-VERSET;aucun verset identifiable (verset par verset exigé)
Daniel 101:0;VGR;61-0806;89;CHAPITRE-SANS-VERSET;aucun verset identifiable (verset par verset exigé)
Daniel 103:0;VGR;61-0806;100;CHAPITRE-SANS-VERSET;aucun verset identifiable (verset par verset exigé)
Daniel 107:0;VGR;61-0806;116;CHAPITRE-SANS-VERSET;aucun verset identifiable (verset par verset exigé)
Daniel 109:0;VGR;61-0806;126;CHAPITRE-SANS-VERSET;aucun verset identifiable (verset par verset exigé)
Daniel 113:0;VGR;61-0806;144;CHAPITRE-SANS-VERSET;aucun verset identifiable (verset par verset exigé)
Daniel 115:0;VGR;61-0806;151;CHAPITRE-SANS-VERSET;aucun verset identifiable (verset par verset exigé)
Daniel 117:0;VGR;61-0806;163;CHAPITRE-SANS-VERSET;aucun verset identifiable (verset par verset exigé)
Daniel 119:0;VGR;61-0806;171;CHAPITRE-SANS-VERSET;aucun verset identifiable (verset par verset exigé)
Daniel 121:0;VGR;61-0806;180;CHAPITRE-SANS-VERSET;aucun verset identifiable (verset par verset exigé)
Daniel 123:0;VGR;61-0806;189;CHAPITRE-SANS-VERSET;aucun verset identifiable (verset par verset exigé)
Daniel 125:0;VGR;61-0806;196;CHAPITRE-SANS-VERSET;aucun verset identifiable (verset par verset exigé)
Daniel 127:0;VGR;61-0806;203;CHAPITRE-SANS-VERSET;aucun verset identifiable (verset par verset exigé)
Daniel 133:0;VGR;61-0806;227;CHAPITRE-SANS-VERSET;aucun verset identifiable (verset par verset exigé)
Jacques 5:14;SKN;53-0729;263;REJETE;passage absent, idée absente
Zacharie 4:0;SKN;53-0729;263;CHAPITRE-SANS-VERSET;aucun verset identifiable (verset par verset exigé)
Jude 7:0;SKN;63-0623E;130;CHAPITRE-SANS-VERSET;aucun verset identifiable (verset par verset exigé)
Galates 8:1;SKN;64-0719M;234;VERSET-ABSENT-BIBLE;référence inexistante, hypothèse faible
Malachie 4:0;SKN;64-0719M;48;CHAPITRE-SANS-VERSET;aucun verset identifiable (verset par verset exigé)
Genese 27:0;VGR;53-0729;156;CHAPITRE-SANS-VERSET;aucun verset identifiable (verset par verset exigé)
Jude 7:0;VGR;63-0623E;130;CHAPITRE-SANS-VERSET;aucun verset identifiable (verset par verset exigé)
Matthieu 22:20;VGR;63-0623E;60;REJETE;passage absent, idée absente
Apocalypse 10:1;VGR;64-0719M;128;REJETE;passage absent, idée absente
Esaie 27:0;VGR;64-0719M;21;CHAPITRE-SANS-VERSET;aucun verset identifiable (verset par verset exigé)
Galates 8:1;VGR;64-0719M;322;VERSET-ABSENT-BIBLE;référence inexistante, hypothèse faible
Luc 17:33;VGR;64-0719M;240;REJETE;passage absent, idée absente
Esther 90:0;SKN;65-1206;300;CHAPITRE-SANS-VERSET;aucun verset identifiable (verset par verset exigé)
Psaumes 23:0;SKN;65-1206;167;CHAPITRE-SANS-VERSET;aucun verset identifiable (verset par verset exigé)
Malachie 4:0;VGR;65-0718E;126;CHAPITRE-SANS-VERSET;aucun verset identifiable (verset par verset exigé)
Amos 3:7;VGR;65-1127B;251;REJETE;passage absent, idée absente
Luc 30:0;VGR;65-1127B;322;CHAPITRE-SANS-VERSET;aucun verset identifiable (verset par verset exigé)
Malachie 4:0;VGR;65-1206;213;CHAPITRE-SANS-VERSET;aucun verset identifiable (verset par verset exigé)
Jude 5:0;SKN;63-1110M;24;CHAPITRE-SANS-VERSET;aucun verset identifiable (verset par verset exigé)
Ephesiens 5:26;SKN;65-0822E;19;REJETE;passage absent, idée absente
Nombres 19:9;SKN;65-0822E;19;REJETE;passage absent, idée absente
Jude 5:0;VGR;63-1110M;24;CHAPITRE-SANS-VERSET;aucun verset identifiable (verset par verset exigé)
Malachie 4:0;SKN;65-0822M;77;CHAPITRE-SANS-VERSET;aucun verset identifiable (verset par verset exigé)
Malachie 4:0;VGR;65-0822M;77;CHAPITRE-SANS-VERSET;aucun verset identifiable (verset par verset exigé)
Exode 23:13;SKN;61-0101;199;REJETE;passage absent, idée absente
Exode 23:13;VGR;61-0101;194;REJETE;passage absent, idée absente
Malachie 4:0;SKN;64-0125;94;CHAPITRE-SANS-VERSET;aucun verset identifiable (verset par verset exigé)
Esther 21:0;SKN;64-0313;122;CHAPITRE-SANS-VERSET;aucun verset identifiable (verset par verset exigé)
Malachie 4:0;SKN;64-0313;84;CHAPITRE-SANS-VERSET;aucun verset identifiable (verset par verset exigé)
Malachie 4:0;SKN;65-0911;126;CHAPITRE-SANS-VERSET;aucun verset identifiable (verset par verset exigé)
Jean 2:15;SKN;65-1031M;229;REJETE;passage absent, idée absente
Daniel 13:0;VGR;61-0730M;58;CHAPITRE-SANS-VERSET;aucun verset identifiable (verset par verset exigé)
Daniel 17:0;VGR;61-0730M;77;CHAPITRE-SANS-VERSET;aucun verset identifiable (verset par verset exigé)
Daniel 23:0;VGR;61-0730M;99;CHAPITRE-SANS-VERSET;aucun verset identifiable (verset par verset exigé)
Daniel 25:0;VGR;61-0730M;109;CHAPITRE-SANS-VERSET;aucun verset identifiable (verset par verset exigé)
Daniel 27:0;VGR;61-0730M;117;CHAPITRE-SANS-VERSET;aucun verset identifiable (verset par verset exigé)
Daniel 29:0;VGR;61-0730M;127;CHAPITRE-SANS-VERSET;aucun verset identifiable (verset par verset exigé)
Daniel 31:0;VGR;61-0730M;136;CHAPITRE-SANS-VERSET;aucun verset identifiable (verset par verset exigé)
Daniel 33:0;VGR;61-0730M;146;CHAPITRE-SANS-VERSET;aucun verset identifiable (verset par verset exigé)
Daniel 35:0;VGR;61-0730M;157;CHAPITRE-SANS-VERSET;aucun verset identifiable (verset par verset exigé)
Malachie 4:0;VGR;64-0125;122;CHAPITRE-SANS-VERSET;aucun verset identifiable (verset par verset exigé)
Malachie 4:0;VGR;64-0313;149;CHAPITRE-SANS-VERSET;aucun verset identifiable (verset par verset exigé)
Apocalypse 17:0;VGR;64-0705;130;CHAPITRE-SANS-VERSET;aucun verset identifiable (verset par verset exigé)
Apocalypse 17:0;VGR;64-0705;132;CHAPITRE-SANS-VERSET;aucun verset identifiable (verset par verset exigé)
Malachie 4:0;VGR;64-0705;170;CHAPITRE-SANS-VERSET;aucun verset identifiable (verset par verset exigé)
Malachie 4:0;VGR;64-0726M;78;CHAPITRE-SANS-VERSET;aucun verset identifiable (verset par verset exigé)
Malachie 4:0;VGR;65-0911;185;CHAPITRE-SANS-VERSET;aucun verset identifiable (verset par verset exigé)
Jean 2:15;VGR;65-1031M;229;REJETE;passage absent, idée absente
Apocalypse 3:16;SKN;65-1128E;81;REJETE;passage absent, idée absente
Apocalypse 3:16;VGR;65-1128E;81;REJETE;passage absent, idée absente
Malachie 4:0;SKN;65-0117;70;CHAPITRE-SANS-VERSET;aucun verset identifiable (verset par verset exigé)
Esther 25:0;SKN;60-1211M;152;CHAPITRE-SANS-VERSET;aucun verset identifiable (verset par verset exigé)
Apocalypse 99:1;VGR;60-1211M;240;VERSET-ABSENT-BIBLE;référence inexistante, hypothèse faible
Malachie 4:0;VGR;64-0830E;153;CHAPITRE-SANS-VERSET;aucun verset identifiable (verset par verset exigé)
Malachie 4:0;SKN;64-0419;63;CHAPITRE-SANS-VERSET;aucun verset identifiable (verset par verset exigé)
Malachie 4:0;VGR;64-0419;63;CHAPITRE-SANS-VERSET;aucun verset identifiable (verset par verset exigé)
Malachie 4:0;VGR;64-0614M;321;CHAPITRE-SANS-VERSET;aucun verset identifiable (verset par verset exigé)
Malachie 4:0;VGR;64-0614M;335;CHAPITRE-SANS-VERSET;aucun verset identifiable (verset par verset exigé)
Malachie 4:0;VGR;65-0218;105;CHAPITRE-SANS-VERSET;aucun verset identifiable (verset par verset exigé)
Malachie 4:0;VGR;65-0218;106;CHAPITRE-SANS-VERSET;aucun verset identifiable (verset par verset exigé)
Exode 7:0;VGR;63-0630M;40;CHAPITRE-SANS-VERSET;aucun verset identifiable (verset par verset exigé)
Exode 27:0;VGR;63-0630M;175;CHAPITRE-SANS-VERSET;aucun verset identifiable (verset par verset exigé)
Exode 41:0;VGR;63-0630M;273;CHAPITRE-SANS-VERSET;aucun verset identifiable (verset par verset exigé)
Exode 43:0;VGR;63-0630M;287;CHAPITRE-SANS-VERSET;aucun verset identifiable (verset par verset exigé)
Exode 45:0;VGR;63-0630M;305;CHAPITRE-SANS-VERSET;aucun verset identifiable (verset par verset exigé)
Esther 22:0;SKN;63-0119;267;CHAPITRE-SANS-VERSET;aucun verset identifiable (verset par verset exigé)
Malachie 4:0;SKN;63-1117;207;CHAPITRE-SANS-VERSET;aucun verset identifiable (verset par verset exigé)
Esther 20:0;SKN;63-1130E;26;CHAPITRE-SANS-VERSET;aucun verset identifiable (verset par verset exigé)
Esther 11:0;SKN;63-1214;163;CHAPITRE-SANS-VERSET;aucun verset identifiable (verset par verset exigé)
Daniel 43:0;VGR;61-0730E;11;CHAPITRE-SANS-VERSET;aucun verset identifiable (verset par verset exigé)
Daniel 45:0;VGR;61-0730E;24;CHAPITRE-SANS-VERSET;aucun verset identifiable (verset par verset exigé)
Daniel 47:0;VGR;61-0730E;33;CHAPITRE-SANS-VERSET;aucun verset identifiable (verset par verset exigé)
Daniel 49:0;VGR;61-0730E;42;CHAPITRE-SANS-VERSET;aucun verset identifiable (verset par verset exigé)
Daniel 53:0;VGR;61-0730E;59;CHAPITRE-SANS-VERSET;aucun verset identifiable (verset par verset exigé)
Daniel 55:0;VGR;61-0730E;71;CHAPITRE-SANS-VERSET;aucun verset identifiable (verset par verset exigé)
Daniel 57:0;VGR;61-0730E;78;CHAPITRE-SANS-VERSET;aucun verset identifiable (verset par verset exigé)
Daniel 59:0;VGR;61-0730E;90;CHAPITRE-SANS-VERSET;aucun verset identifiable (verset par verset exigé)
Daniel 61:0;VGR;61-0730E;101;CHAPITRE-SANS-VERSET;aucun verset identifiable (verset par verset exigé)
Daniel 65:0;VGR;61-0730E;113;CHAPITRE-SANS-VERSET;aucun verset identifiable (verset par verset exigé)
Daniel 75:0;VGR;61-0730E;139;CHAPITRE-SANS-VERSET;aucun verset identifiable (verset par verset exigé)
Daniel 77:0;VGR;61-0730E;145;CHAPITRE-SANS-VERSET;aucun verset identifiable (verset par verset exigé)
Daniel 79:0;VGR;61-0730E;153;CHAPITRE-SANS-VERSET;aucun verset identifiable (verset par verset exigé)
Daniel 81:0;VGR;61-0730E;157;CHAPITRE-SANS-VERSET;aucun verset identifiable (verset par verset exigé)
Esaie 35:0;VGR;63-0317M;122;CHAPITRE-SANS-VERSET;aucun verset identifiable (verset par verset exigé)
Malachie 4:0;VGR;63-0317M;212;CHAPITRE-SANS-VERSET;aucun verset identifiable (verset par verset exigé)
Malachie 4:0;VGR;65-0124;124;CHAPITRE-SANS-VERSET;aucun verset identifiable (verset par verset exigé)
Malachie 4:0;VGR;65-0124;130;CHAPITRE-SANS-VERSET;aucun verset identifiable (verset par verset exigé)
Malachie 4:0;VGR;65-0124;171;CHAPITRE-SANS-VERSET;aucun verset identifiable (verset par verset exigé)
Esther 21:0;SKN;64-0617;129;CHAPITRE-SANS-VERSET;aucun verset identifiable (verset par verset exigé)
Malachie 4:0;SKN;64-0617;157;CHAPITRE-SANS-VERSET;aucun verset identifiable (verset par verset exigé)
Jean 2:15;SKN;65-0919;175;REJETE;passage absent, idée absente
Jean 4:3;SKN;65-0919;183;REJETE;passage absent, idée absente
Jean 2:15;VGR;65-0919;175;REJETE;passage absent, idée absente
Jean 4:3;VGR;65-0919;183;REJETE;passage absent, idée absente
Daniel 12:0;VGR;55-0109E;5;CHAPITRE-SANS-VERSET;aucun verset identifiable (verset par verset exigé)
Malachie 4:0;SKN;65-1128M;264;CHAPITRE-SANS-VERSET;aucun verset identifiable (verset par verset exigé)
Malachie 4:0;VGR;65-1128M;264;CHAPITRE-SANS-VERSET;aucun verset identifiable (verset par verset exigé)
Ephesiens 4:3;SKN;60-0221;135;REJETE;passage absent, idée absente
Esther 25:0;SKN;51-0506E;30;CHAPITRE-SANS-VERSET;aucun verset identifiable (verset par verset exigé)
Esther 14:0;SKN;60-0522E;44;CHAPITRE-SANS-VERSET;aucun verset identifiable (verset par verset exigé)
Malachie 4:0;SKN;65-0418E;145;CHAPITRE-SANS-VERSET;aucun verset identifiable (verset par verset exigé)
Malachie 4:0;VGR;65-0418E;145;CHAPITRE-SANS-VERSET;aucun verset identifiable (verset par verset exigé)
Esther 22:0;SKN;59-1126;73;CHAPITRE-SANS-VERSET;aucun verset identifiable (verset par verset exigé)
Esther 12:0;SKN;62-0128M;64;CHAPITRE-SANS-VERSET;aucun verset identifiable (verset par verset exigé)
Esther 11:0;SKN;62-0622B;39;CHAPITRE-SANS-VERSET;aucun verset identifiable (verset par verset exigé)
Jean 3:16;SKN;63-0412E;255;REJETE;passage absent, idée absente
Malachie 4:0;SKN;64-0404;144;CHAPITRE-SANS-VERSET;aucun verset identifiable (verset par verset exigé)
Jean 16:21;VGR;65-0125;24;REJETE;passage absent, idée absente
Esther 11:0;SKN;49-1225;147;CHAPITRE-SANS-VERSET;aucun verset identifiable (verset par verset exigé)
Esther 11:0;SKN;55-1003;21;CHAPITRE-SANS-VERSET;aucun verset identifiable (verset par verset exigé)
Esther 14:0;SKN;62-0721;4;CHAPITRE-SANS-VERSET;aucun verset identifiable (verset par verset exigé)
Esther 16:0;SKN;57-0324;91;CHAPITRE-SANS-VERSET;aucun verset identifiable (verset par verset exigé)
Esther 16:0;SKN;60-0717;79;CHAPITRE-SANS-VERSET;aucun verset identifiable (verset par verset exigé)
Esther 16:0;SKN;62-0708;158;CHAPITRE-SANS-VERSET;aucun verset identifiable (verset par verset exigé)
Esther 21:0;SKN;57-0417;106;CHAPITRE-SANS-VERSET;aucun verset identifiable (verset par verset exigé)
Esther 21:0;SKN;63-1103;198;CHAPITRE-SANS-VERSET;aucun verset identifiable (verset par verset exigé)
Esther 21:0;SKN;64-0823E;249;CHAPITRE-SANS-VERSET;aucun verset identifiable (verset par verset exigé)
Esther 22:0;SKN;61-0517;75;CHAPITRE-SANS-VERSET;aucun verset identifiable (verset par verset exigé)
Esther 22:0;SKN;63-0901E;181;CHAPITRE-SANS-VERSET;aucun verset identifiable (verset par verset exigé)
Jacques 16:0;SKN;63-0901E;76;CHAPITRE-SANS-VERSET;aucun verset identifiable (verset par verset exigé)
Esther 34:0;SKN;48-0302;86;CHAPITRE-SANS-VERSET;aucun verset identifiable (verset par verset exigé)
Esther 85:0;SKN;57-0326;109;CHAPITRE-SANS-VERSET;aucun verset identifiable (verset par verset exigé)
Esther 85:86;SKN;56-0420;51;VERSET-ABSENT-BIBLE;référence inexistante, hypothèse faible
Esther 92:0;SKN;56-0420;51;CHAPITRE-SANS-VERSET;aucun verset identifiable (verset par verset exigé)
Esther 87:0;SKN;54-0624;31;CHAPITRE-SANS-VERSET;aucun verset identifiable (verset par verset exigé)
Esther 121:0;SKN;58-0108;144;CHAPITRE-SANS-VERSET;aucun verset identifiable (verset par verset exigé)
Esther 126:0;SKN;58-0108;139;CHAPITRE-SANS-VERSET;aucun verset identifiable (verset par verset exigé)
Ezechiel 4:0;VGR;59-0125;90;CHAPITRE-SANS-VERSET;aucun verset identifiable (verset par verset exigé)
Malachie 4:0;SKN;64-0121;210;CHAPITRE-SANS-VERSET;aucun verset identifiable (verset par verset exigé)
Malachie 4:0;SKN;63-0731;168;CHAPITRE-SANS-VERSET;aucun verset identifiable (verset par verset exigé)
Malachie 4:0;SKN;64-0321E;207;CHAPITRE-SANS-VERSET;aucun verset identifiable (verset par verset exigé)
Malachie 4:0;SKN;64-0321E;216;CHAPITRE-SANS-VERSET;aucun verset identifiable (verset par verset exigé)
Malachie 4:0;VGR;64-0321E;161;CHAPITRE-SANS-VERSET;aucun verset identifiable (verset par verset exigé)
Romains 8:20;SKN;55-0222;44;REJETE;passage absent, idée absente
Hebreux 3:0;VGR;64-0305;212;CHAPITRE-SANS-VERSET;aucun verset identifiable (verset par verset exigé)
Psaumes 32:0;VGR;58-0225;2;CHAPITRE-SANS-VERSET;aucun verset identifiable (verset par verset exigé)
Malachie 4:0;VGR;64-0405;113;CHAPITRE-SANS-VERSET;aucun verset identifiable (verset par verset exigé)
Jean 14:7;VGR;60-0604;150;REJETE;passage absent, idée absente
Malachie 4:0;VGR;62-0513M;342;CHAPITRE-SANS-VERSET;aucun verset identifiable (verset par verset exigé)
Psaumes 47:0;SKN;57-0630;36;CHAPITRE-SANS-VERSET;aucun verset identifiable (verset par verset exigé)
Psaumes 47:0;SKN;57-0811A;43;CHAPITRE-SANS-VERSET;aucun verset identifiable (verset par verset exigé)
Psaumes 100:0;SKN;62-1104E;36;CHAPITRE-SANS-VERSET;aucun verset identifiable (verset par verset exigé)
2 Pierre 2:2;SKN;57-1006;610;VERSET-ABSENT-BIBLE;référence inexistante, hypothèse faible [plage 2-4 éclatée]
2 Pierre 2:3;SKN;57-1006;610;VERSET-ABSENT-BIBLE;référence inexistante, hypothèse faible [plage 2-4 éclatée]
2 Pierre 2:4;SKN;57-1006;610;VERSET-ABSENT-BIBLE;référence inexistante, hypothèse faible [plage 2-4 éclatée]
Deuteronome 32:1;SKN;59-0815;1;REJETE;passage absent, idée absente [plage 1-12 éclatée]
Deuteronome 32:2;SKN;59-0815;1;REJETE;passage absent, idée absente [plage 1-12 éclatée]
Deuteronome 32:3;SKN;59-0815;1;REJETE;passage absent, idée absente [plage 1-12 éclatée]
Deuteronome 32:4;SKN;59-0815;1;REJETE;passage absent, idée absente [plage 1-12 éclatée]
Deuteronome 32:5;SKN;59-0815;1;REJETE;passage absent, idée absente [plage 1-12 éclatée]
Deuteronome 32:6;SKN;59-0815;1;REJETE;passage absent, idée absente [plage 1-12 éclatée]
Deuteronome 32:7;SKN;59-0815;1;REJETE;passage absent, idée absente [plage 1-12 éclatée]
Deuteronome 32:8;SKN;59-0815;1;REJETE;passage absent, idée absente [plage 1-12 éclatée]
Deuteronome 32:9;SKN;59-0815;1;REJETE;passage absent, idée absente [plage 1-12 éclatée]
Deuteronome 32:10;SKN;59-0815;1;REJETE;passage absent, idée absente [plage 1-12 éclatée]
Deuteronome 32:11;SKN;59-0815;1;REJETE;passage absent, idée absente [plage 1-12 éclatée]
Deuteronome 32:12;SKN;59-0815;1;REJETE;passage absent, idée absente [plage 1-12 éclatée]
Matthieu 4:12;SKN;60-0210E;5;REJETE;passage absent, idée absente [plage 12-17 éclatée]
Matthieu 4:13;SKN;60-0210E;5;REJETE;passage absent, idée absente [plage 12-17 éclatée]
Matthieu 4:14;SKN;60-0210E;5;REJETE;passage absent, idée absente [plage 12-17 éclatée]
Matthieu 4:15;SKN;60-0210E;5;REJETE;passage absent, idée absente [plage 12-17 éclatée]
Matthieu 4:16;SKN;60-0210E;5;REJETE;passage absent, idée absente [plage 12-17 éclatée]
Matthieu 4:17;SKN;60-0210E;5;REJETE;passage absent, idée absente [plage 12-17 éclatée]
