ref;occurrences;top_sermons;resume_amorce
Hebreux 13:8;375;"SKN 63-0707M; VGR 63-0707; VGR 63-0707M; SKN 64-0816; SKN 64-0617";"Ils ne peuvent rien trouver contre Cela; Ils ne peuvent pas oser contredire Cela. Et Ils savent que la preuve est là; Ils savent que la Bible dit cela; et la seule chose qu'Ils peuvent faire, c'est blasphémer contre Cela. C'est exact. Ainsi... et tout ceci, c'est pour les mêmes motifs. Et maintenant sur cette base, j’accuse cette génération de crucifier Jésus- Christ, de crucifixion, et d'en être coupable. Ils ont crucifié le Prince de la Vie avec des mains sales, impies, égoïstes et dénominationnelles, Lui qui voulait Se manifester aux gens. Vous dites : «Est-ce la même Personne?» «Au commenc"
Malachie 4:0;360;"VGR 64-0719M; SKN 64-0719M; SKN 63-0116; SKN 64-0830E; VGR 63-0116";Pourquoi y a-t‑il eu…y avait-il des mystères qui étaient encore cachés? Dans Apocalypse 10 nous voyons, à la fin du Message du septième ange, que ces mystères qui avaient été cachés allaient être révélés, Apocalypse 10.1 à 7. Remarquez, la raison en est qu’il n’y avait pas eu de prophètes pendant cet âge. La Bible dit que “Dieu ne fait rien sans l’avoir révélé à Ses prophètes, Ses serviteurs les prophètes”. Et dans tous les âges, la Parole du Seigneur est toujours venue aux prophètes, jamais à un système, jamais à un groupe. Jamais Dieu n’a utilisé un groupe. Chaque fois qu’un groupe de gens s
Marc 16:0;324;"SKN 64-0621; VGR 64-0427; SKN 64-0427; SKN 58-0330A; SKN 57-0126B";Comme passage des Ecritures, cet après-midi, prenons l’Evangile de Marc, chapitre 16 de Marc. Et j’aimerais que vous vous leviez avec vos Bibles pendant que nous lisons la Parole de Dieu : Marc 16, à partir du verset 9. Jésus, étant ressuscité le matin du premier jour de la semaine, apparut d’abord à Marie de Magdala, de laquelle il avait chassé sept démons. Elle alla en porter la nouvelle à ceux qui avaient été avec lui, et qui s’affligeaient et pleuraient. Quand ils entendirent qu’il vivait, et qu’elle l’avait vu, ils ne le crurent point. Après cela, il apparut sous d’autres formes, de deux…
Jean 5:19;319;"SKN 61-0224; SKN 58-0515; SKN 58-0312; SKN 59-0422; SKN 55-0815";"Et quand on l'a amené au prétoire, qu'on a placé un lambeau sur son visage, qu'on lui a bandé les yeux, qu'on a pris un bâton et qu'on a tapé sur Sa précieuse tête, disant: ""Si tu es donc prophète et que tu peux nous dire... si tu es ce Messie prophète, dis-nous qui t'a tapé sur la tête"", Il n'a jamais dit un mot. Les puissances et les dons de Dieu ne sont pas destinés aux spectacles. Ils sont au service de Dieu. Ils sont pour la gloire de Dieu, pour faire quelque chose pour aider quelqu'un, non pas pour être prétentieux et dire: ""Moi, oh! la la! un grand..."" Ce n'est pas ça. Quand un homme fa"
Jean 14:12;227;"SKN 59-1217; VGR 59-1217; VGR 62-0318M; SKN 65-0418M; VGR 65-0418M";Maintenant, nous sommes à une époque... A l’époque, ils étaient loin d’être aussi avancés qu’ils le sont aujourd’hui. Ils ne pouvaient pas fabriquer une bombe atomique ou une automobile. Ils n’avaient pas la science et tout, comme on en a maintenant, mais... et de ces espèces de choses mystérieuses. Essayer de dire que l’homme est apparu tout seul à partir de la poussière, et tout, et de prendre une quelconque analyse, et essayer de prouver ça pour faire des gens des incroyants... Mais maintenant, quand nous avons besoin de Lui, l’Esprit de Dieu lève un étendard. Qu’est-ce? Il déverse Son Espr
Jean 4:0;156;"SKN 61-0212E; SKN 61-0205E; SKN 57-1213; SKN 59-0422; SKN 59-0418";Or, rappelez-vous, Jésus a dit: «Ce qui arriva du temps de Sodome arrivera de même à la Venue du Fils de l’homme», que ce même Esprit qui avait été identifié dans la chair humaine, qu’Abraham appela Elohim... Quelqu’un sait-il ce que signifie Elohim? Assurément, le Tout-Puissant, Celui qui existe par Lui-même. Abraham, le patriarche, L’a appelé Elohim. Il s’est présenté dans un corps de chair, mangeant et buvant juste comme tout autre être humain. Il a accompli ce signe devant l’Eglise élue, avant de détruire Sodome. Oh! Ne manquez pas cela, frères. Cette heure est arrivée. Elohim, Jésus-Chris
Ephesiens 4:30;144;"SKN 54-0514; VGR 54-0514; SKN 60-1211M; VGR 60-1211M; SKN 59-1216";Quand les fléaux frappaient, les seuls qui étaient protégés, c'étaient ceux qui avaient été scellés dans le Royaume de Dieu. Ceci est l'investigation en vue du jugement, quand les hommes…Et-et si Dieu me vient en aide, nous le prouverons dans quelques minutes, par la Parole du Seigneur, que c'est maintenant le temps du scellement en vue du fléau. Et pour ceux qui rejettent Cela, il ne reste que la châtiment éternel. Maintenant, nous allons dans l'Ancien Testament. Et allons ici, si vous le voulez, dans le livre d'Ezechiel, si vous le voulez, et lisons un peu dans Ezechiel 9. Maintenant, avec l
Jean 5:24;137;"SKN 57-1002; SKN 62-0609E; SKN 63-0728; SKN 63-1128E; SKN 61-0217";Maintenant, voici une autre question, qui vient en second lieu, la meilleure que j'avais ce soir-là. 61. Où était l'Esprit de Jésus pendant les trois jours que son Corps se trouvait dans la tombe? Où était Son Esprit? Bon, Son Esprit, si vous suivez les Écritures... Eh bien, nous pourrions simplement présenter beaucoup de passages. Mais j'aimerais savoir qui a une Bible. Frère Stricker, vous avez une Bible? Très bien. Frère Neville, vous en avez une? Cherchez-moi le Psaume 16, verset 10. Et qui encore? Soeur Wood, vous avez une Bible avec vous? Eh bien, Frère Stricker (très bien, l'un ou l'aut
Malachie 3:0;129;"SKN 65-1206; VGR 65-1206; SKN 65-0801E; VGR 65-0801E; SKN 61-1112";"Mais Lui a dit: ""Je les rencontrerai en un seul lieu, là où J'ai placé Mon Nom."" C'est en Jésus-Christ. C'est là que Dieu a placé Son Nom. C'est le seul lieu où Il vous rencontrera; et c'est en Christ, c'est la Parole, voyez? Le même hier... Cela a grandi depuis les pieds, les cuisses. Et aujourd'hui, c'est au niveau de la tête; prêt pour le départ; manifestant la pleine mesure, l'Epouse, semblable à l'Epoux. Maintenant, venons-en à notre texte, très vite, pendant environ dix minutes, et après nous terminerons. Maintenant, notre texte, nous sommes... là où nous allons considérer, c'est, c'est "
Actes 19:0;127;"SKN 59-0628E; SKN 65-0418M; VGR 59-0628E; SKN 52-0900; SKN 56-0223";"Il pourrait y avoir un bon débat de cinq heures là-dessus. Quand vous acceptez Christ comme votre Saveur et qu'ensuite vous vous apprêtez pour le baptême d'eau, vous n'êtes pas encore converti; vous croyez simplement à la repentance. ""Conversion"" signifie ""être changé"". Bon, pour rendre ceci efficace, Jésus a dit à Pierre qui L'avait aussi suivi pendant trois ans et demi... Et dans le Livre de Matthieu, au chapitre 10, Jésus a donné à Pierre le pouvoir d'aller chasser les esprits impurs, de guérir les malades, et de prêcher l'Evangile. Il avait le pouvoir de le faire. Et dans St. Jean 17:17, J"
Actes 2:38;124;"SKN 57-0925; VGR 57-0925; SKN 61-0108; VGR 61-0108; SKN 54-0515";Je pense que chacun comprend cela. Si c'est le cas, levez la main. Ce - c'est le dessin éternel du Dieu Tout-Puissant, cela est certainement bien au-delà - bien au delà de ce que l'homme pourrait faire. Maintenant : Question n° 56 : Je ne comprends pas l'enseignement sur le baptême d'eau dans Matthieu chapitre 28, verset 19. Qu'est-ce que ça veut dire? Bien, maintenant peut-être que cela ne me prendra qu'une minute. Et si quelqu'un veut bien ouvrir avec moi, Matthieu chapitre 28, verset 19. Et nous verrons ce que cette personne est...25... Maintenant, ceci vous édifiera si vous voulez bien vou
Matthieu 24:0;118;"SKN 63-0323; VGR 63-0323; SKN 62-0407; VGR 62-0318M; SKN 65-0725M";"Maintenant remarquez. Ce grand événement était scellé sous le Livre de mystère, de la rédemption. Maintenant, l’Agneau L’a dans Sa main, et Il va briser la chose. Maintenant regardons Matthieu, chapitre 24; c’est l’Agneau Lui-même qui parle. Or, Christ, tout le monde le sait, est l’auteur du Livre tout entier, bien entendu. Mais ici, c’est Son–Son discours, ou Son–Son sermon au–au peuple (Très bien), aux Juifs. Maintenant, je voudrais que vous teniez votre Livre comme ceci, Matthieu 24 et Apocalypse 6, comme ceci. [Frère Branham tient sa Bible ouverte à ces deux chapitres.–N.D.E.] Et comparons"
Actes 2:0;106;"SKN 63-0320; SKN 57-0925; SKN 58-0927; VGR 57-0925; VGR 58-0927";Aucun être humain, ni–ni rien d’autre au monde n’est capable de faire cela. Rien sur terre ne peut créer, en dehors de Dieu. Le diable ne peut pas créer. Il pervertit ce qui a été créé, mais il ne peut pas créer. Le péché, ce n’est que la justice pervertie. Comprenez-vous ce que je veux dire? Qu’est-ce qu’un mensonge? C’est la vérité mal présentée. Voyez? Qu’est-ce qu’un adultère? L’acte juste et légitime perverti. Tout ce qui est du péché... Le péché, c’est seulement un... La Vérité pervertie. Donc, il ne pouvait pas créer. Mais lorsque Christ est venu, Il a prouvé qu’Il était le Créateur. C’
Apocalypse 17:0;106;"SKN 60-1207; SKN 63-0320; SKN 62-1111E; VGR 63-0320; VGR 60-1207";Mais Constantin ne s'intéressait pas au christianisme. Ce qu'il voulait, c'était d'introduire ses ancêtres païens, son église païenne... Et l'église laodicéenne qui avait pris racine et... ou plutôt cette église nicolaïte qui avait pris racine et qui s'était établie à Rome avait fait une grande démonstration et beaucoup de gens étaient des croyants (des soi-disant), des formalistes... Mais la véritable Eglise, elle, était une minorité - elle l'est toujours et l'a toujours été, je vais juste attendre un instant pour laisser cela pénétrer très profondément. Vous voyez? Rappelez-vous que la vérit
Jean 1:0;105;"SKN 58-0612; SKN 64-0617; VGR 64-0617; SKN 58-0312; SKN 65-0801M";Les gens ne connaissaient point Elisée, sinon ils n’auraient pas envoyé ces petits enfants le chercher après qu’Elisée... « Vieux chauve, pourquoi n’es-tu pas monté? » Alors, Elisée s’est retourné et a maudit ces enfants. Deux ourses en tuèrent quarante-deux. Ils n’avaient pas reconnu Jean-Baptiste. Même ses disciples ne l’ont pas reconnu jusqu’à sa décapitation. Ils ont dit au... à Jésus : « Pourquoi les scribes disent-ils qu’Elie doit premièrement venir? » Jésus a dit : « Il est déjà venu, et vous ne l’avez pas reconnu. » Personne ne savait, presque personne, avant Sa mort, Son ensevelisseme
Jean 14:0;99;"SKN 64-0802; VGR 64-0802; SKN 59-1216; SKN 59-1217; VGR 59-1216";Maintenant, la façon dont je trouve mes messages, c’est toujours par la prière. Je suis en train de prier, et quelque chose m’est révélé. Et j’attends quelques minutes pour voir si c’est correct, alors, je le sens plus proche. Et alors, des fois, je continue d’attendre jusqu’à ce que ça se transforme en une vision. Mais quand ça commence à venir, et que je suis convaincu que ça vient de Dieu, alors je prends l’Ecriture. Vous voyez, c’est... ça devrait être la confirmation de toute chose spirituelle qui est faite, car la Bible est la révélation complète de Jésus-Christ, voyez, Elle est Son Corp
Jean 5:0;96;"SKN 56-0419; SKN 56-0225; SKN 55-1113; SKN 53-0531; VGR 59-0628E";Remarquez donc, vous dites que c’était là Jésus hier. Si c’était là Jésus hier, qui pouvait comprendre les pensées des coeurs de gens, et que Dieu est toujours Lui, cela s’accomplira, ça doit être Jésus aujourd’hui, sinon Il n’est pas ressuscité d’entre les morts. Il n’est pas le même, votre foi est vaine. Il est un homme mort. Si une femme a touché Son vêtement, et qu’Il a senti que la vertu était sortie de Lui, et s’Il n’agit pas de même aujourd’hui, c’est qu’Il n’est donc pas le même. Eh bien, vous dites: «Prédicateur, Il était...» C’est vrai. La Bible déclare: «Il est le Souverain Sacrific
Matthieu 28:19;89;"SKN 57-0925; VGR 57-0925; SKN 61-0425B; VGR 61-0425B; SKN 54-0515";Je pense que chacun comprend cela. Si c'est le cas, levez la main. Ce - c'est le dessin éternel du Dieu Tout-Puissant, cela est certainement bien au-delà - bien au delà de ce que l'homme pourrait faire. Maintenant : Question n° 56 : Je ne comprends pas l'enseignement sur le baptême d'eau dans Matthieu chapitre 28, verset 19. Qu'est-ce que ça veut dire? Bien, maintenant peut-être que cela ne me prendra qu'une minute. Et si quelqu'un veut bien ouvrir avec moi, Matthieu chapitre 28, verset 19. Et nous verrons ce que cette personne est...25... Maintenant, ceci vous édifiera si vous voulez bien vou
Apocalypse 10:0;87;"SKN 64-0719M; SKN 65-0718M; SKN 64-0614M; VGR 63-0320; VGR 64-0719M";"Il y a d'honnêtes et sincères personnes qui sont catholiques, protestantes, juives, et quoi encore. Ce sont des humains qui - qui... Les religieuses n'entrent pas au couvent pour être de mauvaises femmes; elles y entrent pour être de bonnes femmes. Elles cherchent à se rapprocher de Dieu, mais c'est le système qui les corrompt. Les gens adhèrent à l'église, non pas pour être quelqu'un de méchant, mais pour être quelqu'un de bien. Mais c'est le système de l'église qui les écarte de la Parole et des principes que Dieu a posés pour ce jour-ci; et c'est cela qui les éloigne du chemin. Eh bien, rap"
Galates 1:8;82;"SKN 65-1212; VGR 65-1212; SKN 59-0823; SKN 59-1216; SKN 61-0217";"Paul a dit:«J'ai reçu du Seigneur ce que je vous ai aussi enseigné; C'est que le Seigneur Jésus, la même nuit où Il fut livré, prit du pain, le rompit et le donna à Ses disciples et - et dit : 'Prenez et mangez, faites ceci en mémoire de Moi.' Car toutes les fois que vous mangez ce pain, vous annoncez Sa mort jusqu'à ce qu'Il vienne.» Maintenant, nous découvrons qu'à ce sujet, il y avait des gens qui venaient et... Ce précieux frère, un très cher frère, vint et dit : jamais je - jamais je n'ai pris cela, Frère Branham, je ne comprends pas ce que c'est.» Il ajouta : «J'ai été enseigné différemm"
Hebreux 4:0;76;"SKN 62-0311; SKN 64-0312; VGR 62-0311; SKN 59-1216; SKN 61-0217";"La grande heure de l’assaut est proche. Alléluia! Soldat, avec votre armure qui reluit, vos couleurs qui flottent au vent... La foi et le doute sont rangés en ordre de bataille, dans ce tabernacle, ce matin; le doute d’un côté, la foi de l’autre. Soldats, tenez-vous à votre poste de devoir. Alléluia! Notre Capitaine, l’Etoile du Matin, marche en tête. Il ne recule jamais. Jamais Il ne... Il ne connaît pas le mot retraite. Il n’a pas à battre en retraite. Amen! Certainement. La plus grande bataille jamais livrée, elle se déroule ici même en ce moment (oui, oui), entre la vie et la mort, entre l"
Matthieu 24:24;73;"SKN 65-0725M; VGR 65-0725M; SKN 64-1212; SKN 65-0118; VGR 65-0118";Mais, vous voyez, Il fait pleuvoir, pour revenir à notre sujet, sur les justes et sur les injustes. Jésus vous dit donc ici, dans Matthieu 24, que ce serait un signe au temps de la fin. Or, si ce signe ne doit être connu qu'au temps de la fin, alors il faudra que ce soit après l'ouverture de ces Sceaux. Voyez? C'est un signe de la fin. C'est que quand ces choses arriveront, ce sera le temps de la fin. Et ce sera donc un signe pour que les élus ne soient pas dans la confusion face à ces choses. Vous comprenez cela? Alors, il faut que ce soit révélé, dévoilé. Remarquez, les deux, le blé et la ma
Jean 3:16;69;"SKN 57-0126E; SKN 63-1222; SKN 63-0123; VGR 63-0123; SKN 57-0519E";Et maintenant Père, puisse le Saint-Esprit prendre la Parole, ouvrir le Livre, et libérer la puissance de l’Esprit afin qu’elle entre dans la Parole, et que Celle-ci trouve Son lieu de repos dans chaque cœur. Car nous le demandons au Nom de Ton Enfant bien-aimé, le Seigneur Jésus. Amen. Ce soir, j’ai choisi juste pour un petit moment… parce qu’il y a très peu de gens pour qui on doit prier ce soir. Et ce soir, j’aimerais que vous tous, vous puissiez prier avec moi dans la ligne de prière. Mais ne pensons pas à la ligne de prière en ce moment, mais tournons nos pensées sur quelque chose de plus
Esaie 9:6;69;"SKN 61-0117; SKN 63-1127; VGR 62-0318M; SKN 65-1206; VGR 65-1206";Maintenant, nous Te demandons de bénir cette église, de continuer à la bénir. Nous voulons Te remercier pour ce que Tu fais pour ce corps local de croyants qui est ici, ces gens saints et pieux qui craignent Ton Nom, Seigneur, et qui Te croient, et qui croient que Tu viendras nous prendre un de ces jours. Que nous soyons endormis dans la poussière, ça ne sera pas un empêchement, car la trompette de Dieu sonnera, et les morts en Christ ressusciteront premièrement. Nous nous en irons de toute façon. La mort ne peut pas nous arrêter. Rien ne peut nous empêcher de Le rencontrer. O Dieu, nous somme
Luc 17:30;66;"SKN 65-1125; VGR 65-1125; SKN 65-1127E; VGR 65-1127E; SKN 65-0725E";Paul écrivit le Nouveau Testament. C'est vrai. Il écrivit les Romains et... les Romains et les autres épîtres en passant par Hébreux et Timothée, et ainsi de suite. Et, pour cela, il dut s'isoler et se rendre en Arabie dans un désert pendant trois ans et recevoir la révélation de Dieu. «Oh,» dites-vous : ... «qu'en est-il de Matthieu, Marc, Luc, Jean?» C'étaient des scribes qui rapportèrent simplement les actions de Jésus, tandis que Paul s'isola pour rassembler la Parole. C'est vrai. Ainsi, voyez, s'il a fallu qu'ils aillent au désert, loin de leurs bien-aimés... Souvenez-vous de «Monsieur, q
Jean 6:0;64;"SKN 58-0612; SKN 59-0422; SKN 61-0118; SKN 59-1223; SKN 59-1219";"Eh bien, il y avait trois catégories de gens; c’étaient les Juifs, les Gentils et les Samaritains. Il Lui était interdit d’aller vers les Gentils. Pas une seule fois, jamais, Il n’a accompli cela devant un Gentil. Pourquoi? À l’époque, nous étions des païens. Nous adorions des idoles, nous les Anglo-Saxons. Remarquez, maintenant écoutez donc attentivement, pour que vous ne manquiez pas cela. Ceci est AINSI DIT LE SEIGNEUR. Jésus, au cours de Son voyage, il fallait qu’Il passât par la Samarie. Et Il s’est assis au puits, c’était un petit panorama, pareil à celui-ci, et il y avait des vignes qui"
Genese 1:0;63;"SKN 65-1031M; VGR 65-1031M; SKN 64-0614M; VGR 62-0318M; SKN 65-0911";C'est de cette manière que vous commencez, comme ce chariot. Vous pourriez poser le cadre et dire : «Que faites-vous?» Comme vous, quand vous avez enlevé les premières roches de ce coin, ici. «Que faites-vous?» Voyez, cela ne ressemblait pas à ce que cela serait maintenant. Cela ressemblait à un petit Eden, parce que vous aviez à l'esprit ce qu'il fallait faire, et vous avez continué à travailler. Maintenant, nous voulons être transformés nous-mêmes par le renouvellement de notre entendement. Voyez-vous, non pas ce que nous avons sur cette terre, ce que nous allons chercher sur cette terre, ma
Hebreux 11:0;60;"SKN 62-1014M; SKN 62-0401; SKN 60-1204M; VGR 60-1204M; VGR 62-1014M";"Remarquez: Vous devez naître de nouveau. Et quand vous naissez de nouveau... vous ne pouvez pas naître de nouveau sans avoir la foi. C’est vrai. Donc, vous voyez, sur mon croquis ici, j’ai le fondement même. La foi est le fondement de tout cela. «Car, sans la foi, il est impossible d’être agréable à Dieu; car celui qui vient à Dieu doit croire que Dieu existe, et qu’Il est le Rémunérateur de ceux qui Le recherchent.» Voyez? Il doit l’être. Et quand vous êtes un sceptique de la Bible, quand vous êtes sceptique de la véracité de la Parole, vous feriez tout aussi bien de rester en arrière, jusqu’"
Apocalypse 3:0;58;"SKN 64-0705; SKN 61-1112; VGR 61-1112; SKN 60-1210; SKN 65-1206";Maintenant, souvenez-vous, Il n’a été expulsé d’aucune autre Eglise, dans la Bible, au long des Sept Âges de l’Eglise. Combien s’en souviennent? Il a traversé chaque Age de l’Eglise, pour continuer, produire autre chose. Mais, avec ceci, ça Y est. Il n’y a plus rien d’autre. Mais, le–le Sculpteur est arrivé de nouveau à la perfection, la Parole. Voyez? Ne retournez pas en arrière. C’est Quelque Chose de tellement différent. Oui. Oh! Et remarquez, alors, la balle, quand elle apparaît, son aspect est tout à fait semblable à celui du Grain. Mais quand la Vie du Grain commence à sortir de la balle
Luc 24:49;57;"SKN 62-1013; VGR 60-0911E; SKN 63-0803B; VGR 63-0803B; SKN 63-0324M";"Il répondit: «S’Il est un pécheur ou nom, je ne sais; mais je sais une chose, c’est que j’étais aveugle et que maintenant je vois.» Que fit-il? Il passa à l’action. C’est ce dont l’Eglise a besoin. Passez à l’action. Nous avons trop de formes; nous avons trop de dignité mondaine; nous avons besoin de passer à l’action. Amen! Il répandit Sa renommée dans toute la région. Les gens, à la Pentecôte, avaient peu de connaissance. Certains ne pouvaient même pas signer de leur propre nom. Ils étaient dans la peur. Ils allèrent dans la chambre haute. Mais un jour, que firent-ils? Ils allèrent là pour o"
Apocalypse 11:0;56;"SKN 57-1006; SKN 57-1002; SKN 54-0103M; SKN 57-0925; SKN 64-0830M";"Ainsi, à ce niveau, si nous prenons le lexique et que nous le consultions, vous trouverez que cela commence par ""les messagers, les premiers messagers"". Voyez? ""Si le - s'Il n'a pas épargné... Car, si Dieu n'a pas épargné les anges qui avaient péché (voyez?), et les êtres surnaturels (voyez?), après l'attente..."" Maintenant observez, il a dit : ... si... n'a pas épargné les anges qui avaient péché, mais qu'Il les a précipités dans les abîmes et les a livrés dans les chaînes des ténèbres, pour être préservés pour le jugement; Ensuite, regardez dans I Pierre, encore une fois ici, 3:19; faites at"
Jean 15:0;53;"SKN 58-0207; SKN 58-0214; SKN 58-0312; SKN 65-1127B; SKN 63-0825E";"Eh bien, le corps physique était une demeure de Dieu. Dieu était en Christ réconciliant le monde avec Lui-même. Et ce corps a été tué au Calvaire pour faire l’expiation. C’est là qu’Il a été blessé pour nos péchés; c’est par Ses meurtrissures que nous avons été guéris. Et Dieu a ressuscité ce corps le troisième jour, il vit de nouveau, et il est assis à Sa droite ce soir, dans la Gloire, intercédant sur base de notre, ou sur base de notre confession. Il est notre Souverain Sacrificateur. Il doit faire... intercéder pour nous lorsque nous confessons. Et tout ce qu’Il a fait par Son sacrifice to"
Apocalypse 13:0;51;"SKN 60-0911E; SKN 58-0927; VGR 58-0927; SKN 62-0422; SKN 63-0630M";Bien, je ne suis pas responsable d'avoir écrit Ceci, cependant je suis responsable si je n'enseigne pas Cela. Nous sommes présentement en train de parler de l'église. Maintenant, si vous remarquez bien au fur et à mesure que nous avançons... Et il me transporta en esprit dans un désert, et je vis une femme assise sur une bête écarlate,... Permettez-moi de prendre ces symboles au fur et à mesure que nous avançons. Maintenant, l'écarlate c'est le rouge. Dans un sens, le rouge est une bonne couleur. Dans un autre sens, le rouge est une couleur de mauvaise réputation, la lumière rouge, la couleur 
Genese 22:0;50;"SKN 64-0322; VGR 64-0322; SKN 61-0226; SKN 52-0224; SKN 55-0120";Il a dit: «J’ai entendu la Voix la plus douce que j’aie jamais entendue de ma vie.» Il a dit: «Lorsque je me suis retourné pour regarder, j’ai vu le plus doux visage que j’aie jamais vu, plus doux que le visage d’une mère, une Voix plus douce que celle avec laquelle ma mère ne m’avait jamais appelé.» Il a dit: «J’ai regardé tout autour. J’ai entendu une Voix, disant: ‘Père, c’est vrai, il a effectivement dit des mensonges et il n’a vraiment pas été honnête. Mais, là sur terre, il a pris position pour Moi, a dit la Voix. Maintenant, Je vais prendre position pour lui.» C’est ce que j’aimerais vo
Romains 8:1;45;"SKN 56-0723; SKN 57-0908M; SKN 57-1002; SKN 63-0901M; SKN 54-0516";Après avoir prêché pendant bien des années, l’heure de sa mort sonna. Il était couché malade, à l’article de la mort, et beaucoup de ses amis blancs sont venus le voir. Ainsi, il les regardait, et il était couché là comme dans un coma. Au bout d’un moment, il s’est réveillé, il a regardé autour de lui, il les a tous vus, et il a dit: «Bien, n’ai-je pas encore traversé?» Il a dit: «Je–je rêvais ou quelque chose de ce genre, que j’étais arrivé à la porte. On m’a dit: ‘Maintenant, Sam, viens. J’aimerais que tu mettes ta robe et ta couronne.’» Il a dit: «Ne me parlez pas de robe et de couronne, a-
Apocalypse 1:0;45;"SKN 61-0515; SKN 65-1127B; SKN 54-0103M; SKN 56-0121; SKN 58-0927";Quel était le problème de cette femme? Pourquoi a-t-elle dit cela? Ecoutez, les amis, pour terminer, de cette façon–elle avait vu quelque chose de réel. Et toute personne honnête qui est dans son bon sens, et qui est honnête et sincère, désire voir quelque chose de réel. C’est ce que le monde cherche aujourd’hui. Ce n’est pas un tas de théologie, pas d’un homme qui peut... Jésus n’a jamais dit: «Eh bien, si Je n’accomplis pas l’enseignement de mon Père...» Il a dit: «Si Je ne fais pas les oeuvres de Mon Père, alors ne Me croyez pas. Mais si Je fais les oeuvres de Mon Père, alors croyez les oeu
Hebreux 10:0;43;"SKN 61-1015M; VGR 61-1015M; SKN 55-0312; SKN 60-0301; SKN 57-0908M";Vous rappelez-vous qu’à la venue du Seigneur... Vous rappelez-vous comment Il trouva ceux qui marchaient dans toute la Lumière dans laquelle ils devaient marcher? Vous rappelez-vous ce qui arriva? «N’est-il pas un homme bon, ce centurion romain, lui qui a bâti notre ville – ou plutôt une synagogue pour notre peuple, et il est (pour tout ce qu’il a fait) – il est digne de la bénédiction qu’on a demandée pour lui.» Voyez-vous, Dieu est le Père qui comprend. Il connaît votre coeur, il sait si vous voyez réellement la Lumière ou si vous ne voyez pas la Lumière. Il le sait. Bon, je crois sincèremen
Hebreux 4:12;43;"VGR 64-0719M; SKN 65-0822M; VGR 65-0822M; SKN 64-0617; VGR 64-0617";Et toutes les dénominations s’écartent de cette Parole pour former leurs credos. Je demande à n’importe qui de me prouver qu’elles prennent la Parole entière. Elles ne peuvent pas le faire, parce qu’elles sont sous le contrôle d’un système dirigé par des hommes. Où on a des hommes… Dieu n’a jamais traité qu’avec une seule personne à la fois. Même qu’Il n’a jamais eu deux prophètes en même temps. Un seul! Dieu, quand Il peut avoir un seul homme dans Sa main. Il ne traite pas avec vous…votre organisation, Il traite avec vous. Maintenant, en se fondant là-dessus, nous en arrivons à la fête des tr
Hebreux 6:0;43;"SKN 61-0723E; VGR 59-1219; VGR 61-0723E; SKN 61-0112; VGR 61-0112";"Alors, un jour, là-haut à Greens Mill, où j’étais allé dans ma caverne pour prier, ce n’était pas pour cela, j’en suis ressorti et j’ai posé ma Bible. Je... Cela sentait le renfermé au fond de la caverne, et j’avais besoin d’un peu de soleil; c’était l’après-midi; je suis sorti et j’ai posé ma Bible. J’allais lire un petit moment, assis sur ce tronc qui gît vers le bas de la colline. Et j’ai simplement posé ma Bible; j’ai commencé à lire. Et le vent a soufflé, et tourné les pages jusqu’à Hébreux, chapitre 6. Je me suis dit: «Peut-être que le Seigneur veut que je lise cela.» Je l’ai lu. «Nous q"
Marc 11:24;41;"SKN 53-0513; SKN 52-0900; SKN 56-0723; SKN 61-0117; SKN 57-0126B";Récemment, j’étais quelque part à Stewart Hamilton où il y avait quelques prédicateurs fondamentalistes très remarquables, qui n’aimeraient probablement pas que je cite leur nom ici devant cette assistance mixte. Et un de ces prédicateurs est venu vers moi, et il a dit: «Frère Branham, je vous apprécie en tant qu’homme.» Il a dit: «Mais votre doctrine de la guérison divine est toute fausse.» J’ai dit: «Eh bien, alors, la Bible entière est fausse.» Et il a dit: «Oh ! Vous ne pouvez pas... Prêchez-vous la guérison divine par la Bible, par l’expiation?» J’ai dit: «Oui, oui.» Il a dit: «Frère Bran
Joel 2:28;40;"SKN 65-0718M; SKN 59-1216; SKN 64-0614M; SKN 65-1127B; SKN 60-0515E";"Eh bien, regardons à la vision que nous avons aujourd'hui. Est-ce construire des églises? Est-ce de nouvelles choses? Est-ce que ce sont de grandes choses qui vont arriver, ou est-ce le jugement? Regardez en arrière et voyez la promesse pour aujourd'hui. Voyez la saison dans laquelle nous vivons. Vous dites: ""Eh bien, que Dieu soit béni, frère! Je suis sincère, je fréquente l'église. Je suis licencié en lettres. J'ai fait ceci..."" C'est en règle. C'est bien; je n'ai rien contre cela. David aussi avait cela; les sacrificateurs de ce jour-là l'avaient aussi; les théologiens de même; mais c'était"
1 Corinthiens 12:0;40;"SKN 57-0908M; SKN 57-1002; SKN 58-0207; SKN 63-0901M; SKN 64-0614M";"Si on vous dit : ""Avant d'être sauvé, vous devez devenir catholique ou presbytérien, ou vous devez faire ceci"", vous n'y prêterez aucune attention. Ainsi donc, il n'y a aucune condamnation pour ceux qui sont en Jésus-Christ, qui ne marchent pas selon la chair (les choses qu'ils voient). Tout ce que vous voyez avec vos yeux, c'est terrestre. Mais ce sont les choses que vous voyez dans votre esprit, par la Parole. La Parole est le miroir de Dieu, qui reflète ce qu'Il est et ce que vous êtes. Alléluia! Oh! la la! Elle vous dit... Ceci est le seul Livre au monde qui vous dit d'où vous venez, qui v"
Jacques 5:14;40;"VGR 64-0427; SKN 64-0427; SKN 64-0621; SKN 64-0405; VGR 64-0405";Il prétend avoir été à une soi-disant réunion du Saint-Esprit, où des gens proclamaient que Marc 16 est la Vérité. Et bien des gens déclaraient avoir été guéris, là, conformément à Ce qui est dit dans Marc 16 : “Ils imposeront les mains aux malades, et les malades seront guéris.” Et cet homme affirme qu’il disait croire en Dieu. Il avait écouté ce soi-disant prédicateur du Saint- Esprit, et il…ce groupe du Saint-Esprit qui rendait toutes sortes de témoignages. Il était malade dans son corps, et il avait demandé à ces gens de lui imposer les mains à cette réunion du Saint-Esprit. UN PROCÈS 9 Ça
Luc 17:0;39;"SKN 64-0401; SKN 64-0719M; VGR 64-0719M; SKN 65-1206; VGR 65-1206";Maintenant, suivez. Le Fils, F-i-l-s, s’est levé comme le Messie sur les gens de l’Orient. Et alors, depuis qu’Il est parti, nous avons eu un jour des dénominations, des rassemblements et–et autres. Nous avons eu assez de lumière, comme par un jour brumeux, quand les nuages couvrent le soleil. Et on–on a eu des dénominations. On a construit des hôpitaux. On a construit des écoles. On a formé des organisations. On a fait toutes sortes de choses, exactement comme on était censé le faire. Mais Il a dit: «Vers le soir, la Lumière paraîtra.» Ce même Jésus, dans la puissance de Sa résurrection, ress
Psaumes 22:0;38;"SKN 65-1206; VGR 65-1206; SKN 59-0329S; VGR 59-0329S; SKN 63-0728";"Michée resta assuré, sachant qu'il avait l'Esprit de Dieu. Sa prophétie et ses visions étaient vraies. Son Message était vrai, car, c'était ""AINSI DIT LE SEIGNEUR"" venant des visions, AINSI DIT LE SEIGNEUR venant de la Parole. Ça devait être vrai; c'était l'AINSI DIT LE SEIGNEUR. Il a dit: ""Si jamais tu reviens, Dieu ne m'a point parlé!"" Et vous savez ce qui est arrivé. Certainement. Voyez, vous… Comprenez bien, frères. Ecoutez. Assurément, Caïphe ne pouvait comprendre cela. Pourquoi n'a-t-il pas cherché là… Il était un - il était un évêque, il était le pape de toutes les églises réunies. Pour"
Matthieu 10:0;37;"SKN 58-0223; SKN 59-0422; SKN 60-0911E; SKN 59-1217; SKN 63-0318";Et en route, vers l’autre côté, sans doute que selon leur témoignage, comme Nathanaël l’a donné... ou plutôt Philippe l’a donné à Nathanaël, il lui a parlé peut-être de ce que Pierre s’était approché, qu’Il lui avait dit son nom, ou il lui a dit: «Te souviens-tu de ce vieux pêcheur là à la rivière?» «Oui.» «Eh bien, Il lui a dit qui il était, qui était son père, quand il est arrivé là.» Oh! Je peux bien me représenter Nathanaël dire: «Eh bien, juste une minute, Philippe, tu as probablement perdu la tête. Tu dois t’être joint à certains de ces saints exaltés, ou quelque chose comme cela. Qu’est
Genese 1:26;37;"SKN 53-0729; VGR 53-0729; SKN 62-0527; VGR 62-0527; SKN 61-0312";Nous avons en vue une - une série de réunions pour très bientôt maintenant, ne l'oubliez pas. Ça sera au stade de Chicago, du 23 août au 5 septembre. Nous nous attendons à un grand moment dans le Seigneur, là-bas. Et maintenant, cela a été annoncé partout, et tous les différents journaux en parlent. Nous nous attendons à un grand moment. J'en ai maintenant une, deux, trois, quatre, cinq, six, je pense, sur une page ici. Et toutes se rapportent à peu près à la même chose, là, dans - dans le Livre de la Genèse. Bon, premièrement, c'est Genèse 1:26 ou plutôt 1:26 à 28, c'est là que la - la person
Hebreux 1:0;34;"SKN 64-0629; VGR 64-0629; SKN 64-0208; SKN 64-0614M; SKN 63-0116";"Or, chez moi, je suis trois personnes différentes. Dans mon foyer, ma femme a des droits sur moi comme mari. Ma fille, là-bas, n’a aucun droit sur moi en tant que mari; je suis son père. Et mon petit-fils là, je suis un grand-père pour lui; il n’a donc pas le droit de m’appeler père. Je ne suis pas son père; c’est mon fils qui est son père. Je suis son grand-père, mais je suis toujours le même homme. Dieu, ce qu’Il fait, c’est qu’Il se transforme par rapport à cette génération-là pour se faire connaître à ces gens. Et c’est ce que nous voulons découvrir ce soir : De quelle façon Dieu est-Il ce"
Psaumes 103:3;33;"SKN 57-0114; SKN 58-0207; SKN 58-0223; SKN 58-0312; SKN 58-0523";La question du péché est réglée quand le Saint-Esprit entre dans le coeur humain. Il faut... Il renverse les raisonnements. Il va au-delà de notre faculté intellectuelle. Eh bien, aujourd’hui, la raison pour laquelle il y a trop de hauts et de bas et des choses parmi les gens religieux, c’est qu’il y a une conception intellectuelle de Christ. En d’autres termes, c’est dans leur esprit et non dans leur coeur. Voyez-vous cela? Ils croient simplement cela mentalement. Et vos facultés mentales raisonneront: «Cela peut-il être vrai? La guérison divine peut-elle être vraie? Le baptême du Saint-Espri
Apocalypse 21:0;32;"SKN 64-0802; VGR 64-0802; SKN 63-0317M; SKN 57-1002; SKN 60-1218";"Ainsi donc, plus tard, sur le... le Seigneur voulant, on entrera dans le douzième... sceaux, ou pas... Excusez-moi, le chapitre 12 de l’Apocalypse, qui se situe entre la Venue du Seigneur et la fin des Trompettes, et ainsi de suite. On tâchera de ramener tout ça, de montrer qui est Satan, et ce qu’il a fait, d’où il est venu, quel est son but, et comment sa grande beauté qui lui a été donnée a provoqué sa chute. C’est sa séduction qui a causé sa chute; la beauté. Ensuite, comment il est impossible pour tout homme qui veut considérer ça comme il faut, la semence du serpent. Là-dessus, je défier"
Jean 3:0;32;"SKN 54-1114; VGR 54-1114; SKN 62-1014M; SKN 59-0628E; SKN 62-1111E";Maintenant, nous sommes... Je vais faire de mon mieux maintenant pour terminer dans environ... Oh ! oui, les classes de l’école du dimanche... Maintenant, où vont-ils, Frère Neville? La classe de l’école du dimanche, les petits enfants et les autres iront à–à l’arrière de la salle, et si les adultes veulent bien avancer un petit peu, eh bien, vous serez plus qu’heureux. Si vos petits enfants sont ici ce matin, voulez-vous les envoyer là-bas, eh bien, envoyez-les tout simplement derrière. Je suis sûr qu’ils ont un bon enseignant là-bas, qui ne leur enseignera rien d’autre que le Seigneur Jésus.
Exode 19:0;31;"SKN 61-0316; SKN 61-0317; SKN 56-0223; SKN 64-0614M; SKN 61-0217";Maintenant, vous qui avez l'habitude de noter les Ecritures, je vais vous demander ce soir d'aller dans le livre de Deutéronome, au chapitre 2, le verset 3, pour le texte. Vous avez assez suivi les contours de cette montagne. Tournez-vous vers le nord. J'aime enseigner à partir de l'Ancien Testament, parce que l'Ancien Testament est le type du Nouveau. Pendant que nous nous approchons ce soir de ce texte très solennel et très sacré (comme toute Sa Parole est solennelle et sacrée), je désire établir un parallèle entre l'Ancien et le Nouveau Testament, entre les jours passés et les jours présent
Jean 14:7;31;"SKN 56-0225; SKN 57-0114; SKN 58-0214; SKN 61-0414; SKN 62-1014M";"Observez, c’est que Jésus savait qu’il avait fait longtemps là dans cet état. Il savait où il était. Juste une minute, nous allons aborder cela. Il a dit: «Je n’ai personne pour me jeter dans l’eau, Seigneur.» Eh bien alors, il pouvait marcher. Il a dit: «Pendant que je descends, quelqu’un (en d’autres termes) court plus vite que moi et entre là le premier.» Il pouvait marcher ; il pouvait se déplacer. Il n’était pas boiteux, ni estropié, ni aveugle, ni infirme. Il souffrait juste d’une espèce de maladie qui avait duré. Il a dit: «Pendant que je me dirige vers l’eau, quelqu’un d’autre descend "
Matthieu 27:0;29;"SKN 57-1002; SKN 65-0410; VGR 57-1002; SKN 62-0422; VGR 62-0422";"Et maintenant, souvenez-vous que quand Il est mort, Il est d'abord allé prêcher aux âmes qui n'étaient pas en prison... qui étaient en prison, et a témoigné qu'Il était ""la Postérité de la femme"". Il était ""Celui qu'Enoch a vu venir avec des myriades de Ses saints"". Il devait rendre témoignage des Ecritures qui avaient été prêchées par Noé et par Enoch et par les justes, qu' ""Il était Celui-là!"" Tout devait reconnaître cela! Ensuite, Il est allé au séjour des morts et a reçu les clefs de la mort et du séjour des morts de la part du diable. Il est remonté au paradis, et a emmené Abraham, Isaac,"
Jean 17:17;29;"SKN 59-1217; SKN 61-0217; SKN 59-0628E; SKN 63-0320; SKN 59-1219";Maintenant, nous allons dire... montrer dans un moment qu’il n’y a que ceux qui sont remplis du Saint-Esprit qui partent dans cet Enlèvement. «Car les autres morts ne revinrent pas à la vie pendant une période de mille ans.» C’est vrai. Il n’y a que les gens remplis du Saint-Esprit qui sont partis dans l’Enlèvement. Or, Dieu a donné le Saint-Esprit... J’ai un autre passage de l’Ecriture ici dans Jean 14.12. C’est un passage très familier à tous les gens du tabernacle ici. «En vérité, en vérité, je vous le dis, celui qui croit en moi...» Maintenant, ne laissez pas ce mot croit vous arrêter, en 
Deuteronome 18:15;29;"SKN 64-0617; VGR 64-0617; SKN 64-0629; VGR 64-0629; SKN 64-0427";Dieu n’a besoin d’aucun interprète. Il interprète Sa propre Parole. La Bible dit : « Elle ne peut être l’objet d’une interprétation particulière. » C’est Dieu Lui-même qui révèle. Il le fait. Au commencement, Il a dit : « Que la lumière soit », et la lumière fut. Cela n’a besoin d’aucune d’interprétation. Le… Dieu a dit : « Une vierge concevra. » Elle a conçu. Cela n’a besoin d’aucune interprétation. Dieu a dit que dans les derniers jours, Il répandrait de Son Esprit sur toute chair, et Il l’a fait. Cela n’a besoin d’aucune interprétation. C’est toujours la Parole. La Parole est Dieu. Dieu a a
Marc 11:22;27;"SKN 63-0317M; SKN 63-1128M; SKN 62-0120; SKN 60-1127M; SKN 64-0427";Maintenant je voudrais vous demander quelque chose. Si le sang d’un taureau ou d’un bouc, utilisé comme décolorant, alors qu’il ne peut que couvrir, a pu mettre un homme en position de prononcer la Parole créatrice de Dieu pour créer des mouches, pourquoi trébucheriez-vous sur le décolorant du Sang de Jésus-Christ qui a créé un écureuil, ou quelque chose de ce genre, par la Parole? Ne faites pas cela, ne vous achoppez pas à la simplicité. Croyez qu’Il reste toujours Dieu. Oh! la la! Le péché est pardonné... Oh! comme j’aimerais pouvoir... Et puis, dans Marc 11.22: «Si vous dites à cette montag
Jean 5:7;27;"VGR 57-1002; SKN 56-0225; SKN 57-1002; SKN 62-0909M; SKN 62-1007";Et ici nous pouvons supplier les gens, et mettre des annonces dans le journal et tout le reste, et louer les endroits les plus confortables pour qu’ils puissent s’asseoir, offrir le meilleur divertissement avec de beaux chants, ils viendront et : “Ouââââh, bon, c’était pas trop mal, mais ils sont d’une autre confession que moi.” Oh! la la! jusque—jusque—jusqu’à quand cela peut-il durer? Ce n’est pas…ce n’est pas bien. Et ici nous jetons à la poubelle des milliards de tonnes de nourriture, que ces gens accepteraient avec joie. Ils sont des créatures de la terre autant que nous. Oh, nous… Eh bie
Actes 1:8;27;"SKN 60-0911E; VGR 60-0911E; SKN 59-1216; SKN 54-0515; SKN 62-1013";Mais maintenant, prenons la deuxième pensée, ainsi nous pourrons essayer de tout terminer. Qui L'a fondé? Il s'agit de ce Corps mystique. Qui L'a commencé? Jésus-Christ. Et c'est le... Il est la Tête de ce Corps mystique. Il est le Roi qui règne sur Celui-ci, accomplissant Sa propre volonté dans Son Empire. Il ne s'agit pas du contrôle d'un évêque ou du contrôle d'un conseil d'église, mais plutôt du Roi qui est le Messie Lui-Même, agissant dans Son propre Domaine. Quand cela a-t-il commencé? A la Pentecôte. Non pas l'organisation pentecôtiste, mais l'expérience de la Pentecôte. C'est à ce mome
Apocalypse 22:0;27;"SKN 65-1205; VGR 65-1205; SKN 64-0614M; SKN 59-1223; SKN 64-0816";Pour vous qui prenez les bandes, maintenant, au sujet du message de la justification, je voudrais que vous le preniez... Et vous recevez bien les bandes, n'est-ce pas, pour saisir cela? J'en ai parlé ici il y a quelque temps. Regardez vos parents terrestres, avant que vous arriviez ici, avant de vous voir arriver, ils ont préparé votre venue. Pensez-y, là: vos parents terrestres, et les parents terrestres ne sont qu'un type de notre Parent céleste. «Si nous, nous savons donner de bonnes choses à nos enfants, à combien plus forte raison votre Père qui est dans les cieux donnera-t-Il de bonnes c
Matthieu 11:0;26;"SKN 64-0500; SKN 63-0324M; SKN 59-0823; SKN 65-1127B; SKN 55-0311";"Frère Vayle, à la page… (C'était donc quel numéro? Je l'ai oublié ) 41, page 41. Et à côté, c'est le numéro 5. C'est vraiment merveilleux, ce qu'il y a ici. J'apprécie vraiment ceci. Et j'apprécie tout cela. Et ici, c'est vraiment remarquable. Quand Moïse parlait ici d'un… un - un - un… qui serait suscité, que le Seigneur susciterait un prophète comme lui. Vous voyez, Dieu Lui-même lui avait parlé dans un feu sur la montagne. Et Il leur a promis ici qu'Il ne le ferait plus, mais qu'Il leur parlerait toujours par un prophète. Vous voyez? ""L'Eternel votre Dieu suscitera un prophète."" Vous voyez,"
Genese 2:0;26;"SKN 57-1006; SKN 53-0729; VGR 53-0729; VGR 57-1006; SKN 54-0515";"Eh bien, de là, Caïn s'en alla et épousa sa femme au pays de Nod. Maintenant, on ne dit pas qui Seth avait épousée ni qui les autres avaient épousées. Ce qui est vraiment intéressant là-dessus, c'est de savoir que Caïn s'est marié, nous avons la réponse à cela. En effet, il a dû épouser sa soeur, sinon il - sinon il y aurait eu une... Il n'y avait pas d'autres femmes sur terre, en dehors de celles qui devaient provenir d'Eve. Elle était la mère de tous les vivants, c'est-à-dire de tous ceux qui vivaient; elle était leur mère. C'est la raison pour laquelle elle... le mot ""Eve"" signifie ""la mère"
Romains 4:0;25;"SKN 56-0223; SKN 59-1216; SKN 59-0628E; VGR 59-1216; SKN 65-1126";"Et Il a dit à Abraham, elle... Sara avait soixante-cinq ans et Abraham, soixante-quinze ; et alors, le vieil homme allait çà et là, témoignant, disant qu’il aurait un enfant. Pouvez-vous vous représenter ce qui arriverait aujourd’hui si quelque chose comme cela... Eh bien, si le père Abraham vivait aujourd’hui, à soixante-quinze ans, et sa petite femme Sara marchait en titubant, qu’ils allaient chez un médecin prendre des dispositions pour la naissance d’un enfant, savez-vous ce qu’on dirait? On dirait: «L’esprit du vieil homme a dérapé.» Voyez? «Il y a quelque chose qui cloche chez lui.» Assu"
Romains 8:0;25;"SKN 58-0927; VGR 58-0927; SKN 56-0223; SKN 65-1127B; SKN 59-0628E";"Que se passe-t-il? Oh! C’est un ticket de repas. «Eh bien, vous savez, je suis le pasteur de la plus grande église de cette ville.» Vous, baptistes et méthodistes, vous écoutez un faux prophète. Eh bien, c’est dur, mais tout celui qui enseigne contrairement à cette Bible est un faux prophète. Peu importe combien ça peut être raffiné, c’est une fausse prophétie. C’est vrai. Oh! Tout est en ordre tant que votre nom est inscrit dans le Livre. Votre nom est inscrit peut-être dans une douzaine de livres; s’il n’est pas dans le Livre de Vie, vous êtes perdu. Vous pouvez être tout ce qu’il y a de mei"
Apocalypse 7:0;25;"SKN 63-0324E; VGR 63-0324E; SKN 60-1211M; VGR 60-1211M; SKN 63-0728";"J’aime vraiment ça! Vous savez, Il a dit que même les cheveux de votre tête sont tous comptés. Hmm! Remarquez, Il ne perd rien. «Je le ressusciterai au dernier jour.» Bien qu’ils aient perdu les–les–les bannières de leurs tribus et leurs... et ne sachent plus l’identité de chacun, s’ils sont ceci ou cela; ils ne savent pas s’ils sont de la tribu de Benjamin, ou bien s’ils sont de celle de Ruben, ou–ou d’Issacar, ou d’où ils viennent. Mais, quand même, voici que Dieu les appelle. Maintenant, remarquez, dans Apocalypse 7, nous lisons ceci. «Douze mille» de chaque tribu, les élus, sur tous ceux q"
Matthieu 3:0;25;"SKN 57-0908E; VGR 57-0908E; SKN 61-0112; VGR 61-0112; SKN 61-1112";"Paul dit : ""Le Juif, ce n'est pas celui qui en a les apparences, mais le Juif, c'est celui qui l'est intérieurement."" (Celui qui l'est selon la promesse.) Et nous sommes la postérité d'Abraham selon la promesse, par Christ, quand nous L'acceptons comme notre Sauveur personnel. Oh! j'espère que vous voyez cela! J'espère que vous comprenez cela (si vous pouvez vous en tenir un peu à cela...) Maintenant, nous terminons ceci par ici, puis nous commencerons avec Melchisédek, ce qui nous ramène directement à ceci. Nous commençons directement avec... Oh! c'est simplement... c'est vraiment merveilleux"
Hebreux 1:1;24;"SKN 65-0822M; VGR 65-0822M; VGR 64-0320; SKN 64-0311; SKN 64-0320";"Ne... Quelqu'un qui dirait... À un moment donné, un certain Chrétien de cette église-ci avait fait faire du travail sur une voiture. Et cet homme est venu... Il avait dit à cet homme: ""Je vais vous payer. Je touche ma paie samedi"", ou quelque chose comme cela. Et il ne l'a jamais payé. Les semaines, une après l'autre, se sont écoulées; il ne l'a jamais payé et n'est jamais allé lui en parler. Et... et cet homme est venu me demander... il a dit... Voyez-vous, cela nuit à la réputation de l'Eglise. Cela jette l'opprobre sur Christ. Si vous ne pouvez pas le payer, allez le lui dire; dites: ""Je su"
Esaie 35:0;23;"SKN 52-0900; SKN 63-1128E; SKN 60-0626; SKN 61-0425B; SKN 63-1124E";"Ô Dieu, puisse cela être l’expérience de–de tout celui qui n’est pas né de nouveau ici ce soir. Qu’ils reçoivent le Saint-Esprit ce soir. Si nous avons commis n’importe quel péché, pardonne-nous, Seigneur. Guéris les malades. Bande les coeurs brisés. Et maintenant, Seigneur, je ne sais même pas par où commencer à parler ce soir, mais Tu pourvoiras. Je Te crois, et je Te demande de nous donner quelque chose qui aidera les gens, car nous le demandons en Son Nom. Amen. Juste comme petit passage des Ecritures ici, j’aimerais lire dans Esaïe 35. En effet, mes paroles failliront; la Parole de Dieu n"
Jean 11:0;23;"SKN 64-0417; VGR 64-0417; SKN 52-0900; SKN 58-0312; SKN 58-0510";Maintenant, mon sujet ce soir... N’oubliez donc pas pour demain soir. Nous allons essayer de rester peut-être un peu plus longtemps. J’aimerais arriver ici un peu plus tôt demain soir, parce que j’aimerais... Demain soir, c’est plutôt une soirée que nous allons consacrer au salut, où nous allons juste insister sur l’appel à l’autel, insister pour que ces gens reçoivent le baptême du Saint-Esprit. Et un soir, ou plutôt un jour, avant que je ne parte, j’aimerais parler sur le... un sujet sur le Sang, Le Signe, le Sang qui est censé être sur la porte, si le Seigneur le veut. Maintenant, ce soir. 
Jean 12:0;23;"VGR 64-0705; SKN 58-0515; SKN 64-0705; SKN 63-0318; VGR 63-0318";Remarquez, et au commencement, c’était l’original. Comme Jésus l’a dit : “La Parole de Dieu est une Semence qu’un semeur a semée.” Et Il était le Semeur. La Semence, c’était la Parole. Et, remarquez, toute semence qui reste seule ne produira jamais rien. Elle doit tomber en terre pour donner de nouveau sa production. Et cette Semence, cette Église parfaite, elle est tombée en terre à Nicée, Rome, quand elle est devenue une dénomination. Maintenant, les historiens, souvenez-vous. Et vous qui allez écouter cette bande, vérifiez-le et vous verrez si c’est bien juste. L’église est morte à Nicée, R
Matthieu 5:0;22;"SKN 63-0324M; SKN 61-0611; SKN 60-0710; SKN 60-1205; VGR 60-1205";"Mais maintenant, lorsqu’il a tué Abel, et que Dieu lui a redonné Seth, c’était un type du juste à racheter, qui meurt et puis ressuscite. Et de là... Maintenant, suivez attentivement. Pas par la première semence, la semence naturelle; ils sont morts. (Eh bien, êtes-vous attentifs? Voyez?) La première semence, de la semence naturelle, qui était bonne juste naturellement, c’était le type de l’église moderne: Abel. Pour préserver cette lignée qui allait venir, celle-là est morte, pour qu’une autre puisse être suscitée (Vous voyez?), il faut donc qu’elle renaisse de nouveau. Saisissez-vous cela? T"
Actes 4:0;22;"VGR 63-0608; SKN 57-0114; SKN 61-0414; SKN 59-1217; SKN 63-0116";Mais qu’est-ce qu’il a dit? “Repentez-vous, chacun de vous, et soyez baptisés au Nom de Jésus-Christ pour la rémission de vos péchés, et vous recevrez le don du Saint-Esprit. Car la promesse est pour vous et pour vos enfants, et pour ceux qui sont au loin, en aussi grand nombre que le Seigneur notre Dieu les appellera.” Et tant que Dieu appelle, il faut que ce soit la même formule. Il ne s’agit pas de serrer la main, de répéter un credo, mais d’être baptisé par le Saint-Esprit, dans le Corps de Jésus-Christ. C’est ainsi que l’Église chrétienne doit fonctionner. Pas par des credos, pas par une 
Hebreux 3:0;22;"SKN 56-1002A; SKN 57-0115; SKN 55-1008; SKN 61-0128; SKN 51-0923";"Mais, vous savez, cela n’a pas plu à l’homme de Dieu là dans son coeur. Il s’est dit qu’il y avait quelque chose qui était différent de cela. Moi aussi; tout à fait. Cela me rappelle Saül qui essayait de faire porter son gilet ecclésiastique à David; cela n’a pas marché avec un homme de Dieu, c’était tout. Cela ne lui convenait pas, il a dit: «Enlevez cette affaire», a-t-il dit, «je n’ai jamais éprouvé cela.» Maintenant, c’est ce qu’il nous faut aujourd’hui, c’est d’enlever nos gilets ecclésiastiques et de nous revêtir de la justice de Jésus-Christ, et d’essayer de cesser d’utiliser des mots t"
Actes 2:4;22;"SKN 60-0807; SKN 61-0112; SKN 61-0316; VGR 61-0112; SKN 53-1129A";Puis au chapitre 12... Maintenant, si vous continuez jusque-là où j'ai engagé mon débat pour prendre mon... l'évidence initiale du Saint-Esprit, je considérais que c'était l'amour. Et l'autre considérait que c'était le parler en langues, voyez-vous, considérer les langues comme l'évidence. Or, Paul dit dans I Corinthiens 13, le chapitre suivant, il dit donc ceci : «Quand je parlerais les langues des hommes et des anges (toutes les deux sortes) et que je n'ai pas l'amour, je ne suis rien. Quand j'aurais la sagesse...» Maintenant, il parle de ces dons qui sont dans le corps (voyez-vous, voyez-vo
Hebreux 13:12;21;"SKN 60-0911E; SKN 57-0915E; SKN 54-0515; SKN 60-0709; SKN 60-1218";Lisons Galates 3:26 juste un instant. Nous n'avons ici qu'une ou deux, trois choses de plus, et nous - nous devons ensuite terminer. Lisons maintenant ici dans Galates chapitre 3. Si quelqu'un trouve cela avant moi, qu'il le lise, qu'il aille de l'avant. [Une soeur lit Galates 3 :26 - Ed.] Car vous êtes tous enfants de Dieu par la foi en Christ-Jésus. Galates 3:26? Peut-être que je l'ai lu et que je l'ai mal noté ici. Lisons Colossiens. Je - je ne sais pas où je voulais en venir. Bien, il se peut que ça soit Colossiens, voyons si c'est Colossiens 3:26. Non, il n'y a pas de 3:26. Qu'est-ce alor
Hebreux 13:0;21;"SKN 63-0901M; SKN 64-0208; SKN 57-0901E; SKN 51-0722A; SKN 65-0123";"Elle est revenue et a été courtisée–courtisée par le général de l’armée. Elle a été relevée et s’est retrouvée à Bethléhem, où elle a reçu un héritage au milieu d’eux. Et elle a mis au monde–elle a mis au monde un fils célèbre, et ce fils célèbre a produit un autre fils célèbre, et ce fils a produit un autre fils célèbre, jusqu’à ce qu’arrive le grand Fils célèbre. Faisant tout ce chemin, en passant par Obed, et puis par Isaï, et ainsi jusqu’à David. C’est vrai. La prostituée Rahab, parce qu’elle crut le messager. Elle appliqua le signe, et sa maison fut sauvée; sinon elle aurait péri là-bas o"
Matthieu 28:0;21;"SKN 64-0126; VGR 64-0126; SKN 62-0701; SKN 64-0614M; SKN 54-0515";"Et aujourd’hui, un cas semblable se présente de nouveau, alors que le Saint-Esprit est venu sur nous en ces derniers jours, qu’Il s’est identifié dans notre église même et qu’Il a démontré les mêmes oeuvres qu’Il a faites lorsqu’Il était ici dans la plénitude, sur Jésus-Christ... Il a fait la même chose sur l’Epouse; Il fait la même chose et, malgré tout, nous voulons nous en débarrasser. Souvenez-vous, ceci est enregistré sur bandes magnétiques maintenant, et ces bandes vont dans le monde entier, pas seulement à Phoenix ici. Je parle présentement à la moitié du monde, parce que notre service "
Amos 3:7;20;"SKN 65-0718M; VGR 65-0718M; SKN 65-1127B; SKN 63-0321; SKN 65-1126";"Peu m'importe le nombre de dignitaires. On a là le roi David qui était aussi grand que n'importe qui d'entre eux. Il était roi sur la nation. Cependant, Dieu avait une façon de faire, et Il leur avait dit comment Il allait s'y prendre. Mais eux ce n'est pas ce qu'ils ont fait. Cela doit être en accord avec Sa Parole, en accord avec Son temps, en accord avec le - Son programme; et cela doit être fait par la personne qu'Il a choisie pour le donner et pour l'accomplir. Moïse a essayé de fuir loin de cela. ""Prends quelqu'un d'autre!"" Mais Dieu avait choisi Moïse pour accomplir cela. Beaucoup d'ent"
Apocalypse 12:0;20;"SKN 54-0513; VGR 54-0513; SKN 59-0823; SKN 59-0628E; SKN 54-0516";Et si vous prenez Daniel 7, vous qui notez, Daniel 7. Daniel a eu la même vision, huit cents ans avant ceci, il a eu la vision. Il a vu ces animaux, distincts l'un de l'autre, au commencement du règne des nations. Et les voici, Jean les voit, et à la fin du règne des nations, tous ces quatre animaux, sont représentés en un seul. Ces mêmes vieux démons, ces démons qui ont possédé chaque royaume des Romains, tout le long, et des Grecs, et des autres, tout le long de la dispensation des Gentils, sont arrivés là et se sont tous réunis en une seule bête. Nous allons voir cela tout de suite, voir qu
Apocalypse 19:0;20;"SKN 63-0321; VGR 63-0321; SKN 60-1231; VGR 60-1231; SKN 64-0614M";"Alors, les voilà qui se rassemblent, pour cette confrontation d’Harmaguédon, montés sur un cheval de couleur mélangée cheval blanc, cheval roux, cheval noir, les trois différentes... politiques–la puissance politique–politique, la puissance spirituelle, dirigées par la puissance démoniaque, c’est-à-dire l’antichrist. Quand on mélange tout ça, ça donne cette chose d’une pâleur dégoûtante sur laquelle il est monté. C’est vrai. Maintenant, remarquez. Regardez ce sur quoi il est monté: il est monté sur un cheval de couleur pâle, de couleur grisâtre, un mélange de noir, de roux et de blanc; il s’av"
Romains 5:1;20;"SKN 57-0915E; SKN 54-0515; SKN 60-0709; SKN 65-1125; VGR 54-0515";"Que le Seigneur vous bénisse! Je ne veux pas vous gronder, mais, mon frère, c'est mieux d'être un peu grondé. Vous êtes mes enfants, voyez-vous. Et tout papa qui aime ses enfants les corrigera certainement, sinon il n'est pas un bon papa. Est-ce vrai? C'est vrai. Et ce papa a seulement un règlement, et c'est le règlement de la maison. Et Dieu a seulement un règlement, et c'est Sa Parole! Si nous croyons à Sa Parole, alors nous vivrons par Sa Parole. C'est notre devoir, si nous avons déjà rencontré Dieu. Non parce que vous dites : ""Eh bien, je vais à l'église, et je dois faire ceci."" Vous êtes "
Jean 12:20;19;"SKN 62-0724; SKN 58-0214; SKN 64-0614M; SKN 58-0523; SKN 64-0629";"A présent, Père, nous Te prions de venir au milieu de nous et de nous révéler que Tu es ressuscité des morts, que Tu es vivant aujourd’hui et qu’ils sont… que Tu demeures le même Aimable Jésus. Et alors le moment approche… [Espace non enregistré sur la bande – N.D.E.]… en regardant sur la terre ces spectacles qui arrivent, Tu as dit que c’était le temps de lever la tête, car notre rédemption approche. Le prophète nous a dit qu’il y aurait un jour qui ne serait appelé ni jour ni nuit ; ce serait un jour sombre, avec beaucoup de brouillards. Mais au temps du soir, la Lumière paraîtrait. Et le mê"
Actes 19:5;18;"SKN 54-0515; SKN 59-1219; VGR 54-0515; VGR 59-1219; SKN 54-0103M";"Vous voyez, vous comprenez mal cela, mon ami. C’est l’unique Dieu dans trois dispensations. La dispensation de la Paternité, de la Filiation et du Saint-Esprit, c’est le même Dieu. Et quand Il a dit: «Allez, baptisez-les au Nom du Père, du fils et du Saint-Esprit», c’était Jésus-Christ. Et c’est pourquoi nous baptisons au Nom de Jésus. Maintenant écoutez; prenons les baptêmes ici. La première fois que le baptême ait jamais été mentionné dans le Nouveau Testament, c’était le baptême de Jean-Baptiste. Est-ce vrai? Je placerai ceci ici. Voyez, il vous faut avoir les choses en ordre sur la Divinit"
Genese 12:0;18;"SKN 61-0312; SKN 62-0705; SKN 61-0416; SKN 61-0423; SKN 61-0317";"Et Paul, sur le chemin de Damas, a été frappé par une très grande Lumière qui l’a aveuglé. Est-ce vrai? Il a dit: «Saul, Saul, pourquoi Me persécutes-tu?» Il a dit: «Qui es-Tu, Seigneur?» Il a dit: «Je suis Jésus?» Est-ce vrai? Il était allé à Dieu; Il venait de Dieu, et Il était allé à Dieu. Pierre était en prison cette nuit-là, cette Lumière y était entrée, et avait ouvert les portes devant lui: L’Ange du Seigneur. Et c’est toujours Jésus-Christ, l’Ange de l’alliance, évidemment. Et alors, aujourd’hui, si Elle est revenue pour la première fois dans toute l’histoire de la photographie, et Ell"
Jean 10:0;17;"SKN 57-0308; SKN 63-0324M; SKN 62-0401; SKN 62-0601; SKN 60-1231";Demain matin, le Seigneur voulant… Je ne sais pas le devant ni le derrière de ce machin. Que le technicien veuille le relever, autant que possible, parce que je suis enroué. Merci. [Espace vide sur la bande – N.D.E.]… avoir le petit-déjeuner, un petit-déjeuner des ministres… Et Dieu voulant, j’espère que chaque ministre de Phœnix sera là. J’aimerais leur parler un tout petit peu. Ainsi, arrangez-vous pour être là, mes frères, si c’est possible. Je ne connais pas l’endroit. La cafétéria Miller… Je pense qu’ils ont fait réserver une salle pour le petit-déjeuner. Et ça sera à 9h, est-ce cela, Frè
Apocalypse 10:1;17;"VGR 63-0322; SKN 64-0719M; SKN 65-0822M; VGR 65-0822M; SKN 63-0318";"Ensuite, il a suscité une autre puissance; Il a envoyé une puissance pour l’affronter. Ensuite il a suscité une autre puissance; Il a envoyé une autre puissance pour l’affronter. Et puis, comme dernière puissance, Il fait descendre l’aigle, “pour ramener les enfants à la Foi originelle, de leurs pères”. L’âge de l’aigle! Ensuite, si vous remarquez, il n’y a plus d’Être vivant. Il n’y en a plus. C’est la fin. Maintenant, si vous voulez prendre Apocalypse 10.1, 7, là. Je m’y suis référé. Souvenez- vous, dans l’âge du dernier messager, voyez-vous, il devait se passer quoi? “Tous les mystères de D"
Job 14:0;17;"SKN 64-0830E; SKN 62-0607; SKN 63-1201M; VGR 63-1201M; SKN 62-0728";Frère... J’ai dû répondre à ces questions alors que j’étais fatigué, épuisé, et vous savez, en quelque sorte, je ne me sens pas tout à fait bien, ainsi je – j’espère que cela répondra à la question. Je – je vous remercie beaucoup, et je – j’ai oublié ce que j’allais lui répondre. Prédicateurs, pasteur, pourquoi avons-nous ces fardeaux – n’avons-nous pas de fardeaux pour les âmes perdues? Je crois que c’est – c’est un manque de réveil. Je crois que nous devrions encore essayer de prier Dieu de nous donner la passion pour les âmes perdues jusqu’à ce que Jésus revienne. 399. Frère Branham, croyez
Esaie 28:0;16;"SKN 53-0729; VGR 53-0729; SKN 65-1212; VGR 65-1212; SKN 59-1216";"Bon, je sais que le... J'ai entendu dire que les frères adventistes du septième jour pensent que c'est cela le Sceau de Dieu. Ils disent : ""Vous êtes scellés en observant le sabbat."" Il n'y a pas une Ecriture de la Bible qui dit cela. Et voici une Ecriture de la Bible qui dit que - que vous êtes scellés, Ephésiens 4:30 dit : ""N'attristez pas le Saint-Esprit de Dieu par lequel vous êtes scellés jusqu'au jour de votre rédemption, le baptême du Saint-Esprit."" Je vais vous prouver maintenant que le Sceau de Dieu c'est le baptême du Saint-Esprit. Voyez? C'est le baptême de l'Esprit qui est le Sceau"
Psaumes 23:0;16;"SKN 57-1006; SKN 63-1128M; VGR 64-0823M; VGR 65-1206; VGR 57-1006";"C'est exactement pour cela que Christ et Dieu devaient être exactement une même Personne. Il ne pouvait en être autrement. S'Il avait été un homme bon ou un prophète, Il n'aurait pas été un Rédempteur. Il fallait qu'Il soit le créateur Lui-même. Mais Il est toujours une Théophanie maintenant, vous voyez, et tel qu'Il était alors. Bon, l'homme apparut ici et il - il était merveilleux; et Dieu aime cela. Il a dit : ""C'est bon qu'ils soient sur la terre et qu'ils y vivent pour toujours. C'est tout, pour - pour l'éternité, continuellement; que ça pousse et que chaque plante se reproduise, et tout,"
Hebreux 3:1;16;"SKN 53-1111; SKN 51-0727; SKN 51-0729E; SKN 51-0503; VGR 51-0503";"Ce soir, il y a un homme paralysé dans ce monde, pour avoir essayé de m'hypnotiser à New York. Les gens allaient auprès de l'un de ces gars de l'armée qui faisait aboyer les gens comme des chiens et tout par l'hypnotisme. Et j'ai dit: ""Pourquoi le diable a-t-il mis dans ton cœur de faire pareille chose?"" Et cela a réglé la question, on l'a emporté paralysé. Il est encore paralysé ce soir. Il y a beaucoup d'autres choses que je pourrais dire, des centaines, mais je vous ai dit la vérité. Dieu a confirmé que c'est la vérité. Maintenant, écoutez cette vérité. Chacun de vous qui vous tenez ici est"
Matthieu 12:0;15;"SKN 61-0414; SKN 60-0710; SKN 61-0318; SKN 61-0211; SKN 62-0721";Maintenant, qu’il soit connu de tout le monde que je ne crois pas qu’il existe un homme qui soit un guérisseur divin. Qu’il soit médecin, qu’il soit psychiatre, ou que sais-je encore, il n’existe pas de guérisseurs divins. Il n’y a qu’un seul Guérisseur, et c’est Dieu. Eh bien, nous avons des médecins, des hôpitaux et des scientifiques qui font des recherches en médecine, et nous en sommes reconnaissants. Mais en tant que chrétiens, nous ne devrions pas laisser passer un seul jour sans prier pour que soient secourus ces hommes qui essayent de... dans le domaine de la recherche pour qu’ils trou
Psaumes 1:0;15;"SKN 62-0422; SKN 62-1014M; SKN 63-0728; SKN 62-0401; SKN 56-1004";"Mais Dieu parle ici dans Joël de - Dieu parle de Son Arbre fruitier qu'Il avait planté. Dieu avait planté un Arbre fruitier. Il L'avait planté le jour de la Pentecôte, et Il a fait pousser cet Arbre-là dans un but. Il voulait qu'il porte Son fruit, la Parole, la Parole de Dieu. Il voulait une Eglise qui pouvait garder Sa Parole tout au long de l'âge. Eve avait failli pour ce qui est de La garder; les Juifs avaient failli pour ce qui est de La garder; la loi avait failli; tous avaient failli ; ainsi, Dieu L'avait planté, un Arbre - un Arbre. Eh bien, rappelez-vous, il y avait deux arbres dans l"
Ezechiel 9:0;15;"SKN 61-0217; SKN 54-0103M; SKN 54-0514; SKN 57-0925; VGR 54-0103M";Le Dieu glorieux, plein d’amour, Il est plein d’amour. Pour être amour, Il devait exécuter le jugement pour être juste. Il est donc le Dieu miséricordieux ce soir. Mais, mon ami, lorsque vous vous tiendrez devant Lui au Jugement, en ce jour-là sombre et nuageux, Il sera un Dieu plein de colère. C’est la Bible qui le dit : « Dans Sa colère. Je me suis tenu là devant et je cassais de mon… il y avait là un casseur de pierre de Colorado. Il avait quelques pierres. Et Il cassait la… Une petite pierre que je voulais prendre pour ma fillette, comme une petite chose à mettre au cou, une petite croix. 
Marc 11:23;15;"SKN 59-1123; SKN 60-0417M; SKN 63-0825E; SKN 63-0628E; VGR 63-0825E";Et Quelque chose me dit : «Parle à ce petit poisson, et il vivra de nouveau.» Les ouïes étaient blanches, elles lui pendaient hors de la bouche. Je dis : «Petit poisson, Jésus-Christ te redonne la vie.» Et le Dieu du ciel est mon juge suprême. Ce poisson se retourna et s'enfonça dans cette eau en nageant aussi fort qu'il le pouvait. Et monsieur Lyle Wood tomba tout simplement à la renverse dans la barque. Il dit : «C'était pour moi, parce que j'ai dit à la petite bête : 'Tu as tiré ta dernière cartouche'.» Et je dis : «Non, ce n'était pas cela.» Et je dis : «Maintenant, ce qui me semble étrang
Matthieu 1:18;15;"SKN 59-0628E; SKN 57-0901E; SKN 60-1204M; VGR 60-1204M; SKN 61-0108";"Il dit : ""Comment avez-vous été baptisés?"" Je sais que dans la version Roi Jacques, il est dit : ""de quel""; dans l'original, il est dit : ""de quelle manière"". De quel baptême ou comment avez-vous été baptisés?"" Ils répondirent : ""Nous avons été baptisés par Jean, la même personne qui a baptisé Jésus. Paul dit : ""Cela ne marche plus; vous devez être baptisés de nouveau."" Sur ces paroles, ils retournèrent dans l'eau et furent rebaptisés au Nom de Jésus-Christ. Paul leur imposa les mains et le Saint-Esprit vint sur eux. Maintenant, si cela-si ici, il est dit : Père, Fils et Saint-Esprit et que là"
Apocalypse 10:7;15;"SKN 63-0321; VGR 63-0321; SKN 65-1204; VGR 65-1204; SKN 65-1126";Mais, qu’un corbeau essaie donc de suivre un aigle dans son vol, ou un faucon, l’un ou l’autre, il se désintégrerait. Il faut qu’il soit pressurisé pour l’endroit où il va. Voilà le problème aujourd’hui, certains d’entre nous ne sont pas pressurisés. On explose trop vite, vous voyez, quand on se met à sauter en l’air. Mais il nous faut être pressurisés. Lorsque vous montez là-haut, il vous faut avoir l’oeil perçant de l’aigle, pour voir ce qui vient et pour savoir ce qu’il faut faire. Or, c’est l’âge de l’aigle qui a révélé Cela. Maintenant, nous voyons que cet âge de l’aigle a été promis dans
Matthieu 17:0;15;"VGR 60-1204E; SKN 60-1204E; SKN 60-1218; SKN 61-0319; VGR 61-0319";"Observez Sa nature, Sa vie, Ses œuvres. Elles devraient se manifester ici même dans ce tabernacle, exactement comme ça l’était en Son jour. (Je le dis sans parti pris, Dieu le sait.) Pas seulement ici, mais dans le monde entier. Je suis content que ce soit le cas. Nous savons donc où nous en sommes, parce que nous avons ce même Esprit en nous, Il agit par nous pour montrer qu’Il est ici. Ce n’est pas nous, c’est Lui; nous ne pouvons pas faire ces choses, c’est Dieu. En outre, Il S’est laissé photographier par le monde scientifique. Avec nous, en nous, autour de nous, au- dessus de nous, par no"
Apocalypse 22:18;15;"SKN 65-0123; VGR 65-0123; SKN 64-1212; SKN 65-0822M; VGR 65-0822M";Bien, tout ce que l'homme fait, généralement ce n'est pas très bon. Mais juste comme par exemple, le - le Seigneur a établi le temps selon - selon - le cycle, et la rotation de la terre chaque année, chaque instant de sa course, chaque jour, chaque heure, et le soleil aussi se couche, et cela ne faillit jamais. Mais les meilleures montres qu'on peut trouver, elles accuseront des décalages de plusieurs minutes en l'espace d'un mois, certainement. Mais, vous voyez, tout ce que Dieu fait est parfait, mais ce que l'homme fait, c'est imparfait. Pourquoi donc prendre ce que fait l'homme alors qu'on 
Esaie 40:0;14;"SKN 63-0317M; SKN 56-1002A; SKN 61-0117; SKN 65-0219; VGR 65-0219";"Dieu se cache dans une simple petite blanchisseuse, ou dans un homme ordinaire, qui, avec son repas du midi sous le bras, embrasse son épouse et ses enfants en guise d’au revoir et s’en va là-bas; et peut-être que Dieu se cache dans cet homme pour accomplir quelque chose dont un archevêque ne saura rien. Voyez-vous? Vous ne l’entendez pas sonner de la trompette pour diffuser cela. Il–Il... Dieu en reçoit simplement la gloire; c’est tout. Les simples l’entendent et se réjouissent. Vous voyez? Donc, Dieu se cachait dans la simplicité d’un Bébé, Il se cachait dans la simplicité d’une–une famille "
Apocalypse 6:0;14;"VGR 63-0324M; SKN 63-0324M; SKN 63-0323; VGR 63-0323; SKN 54-0103M";Maintenant, si vous voulez toujours garder cette idée en tête, je voudrais que vous… Gardez cette idée en tête, et quand ceci arrivera, alors vous pourrez la modifier. Ramassez donc une de ces petites fleurs du printemps qui vont pousser cette année, ou prenez un simple brin d’herbe, tenez-le dans votre main, et QUESTIONS ET RÉPONSES SUR LES SCEAUX 489 dites : “Je vais tenir ceci, maintenant, et de voir que quelque chose de tellement simple a fabriqué ceci. Et je voudrais bien voir le cerveau qui est capable d’envoyer une fusée sur la lune, fabriquer ce brin d’herbe.” Vous l’aurez toujours. Vo
Ephesiens 1:0;14;"SKN 60-0911E; SKN 59-1223; VGR 59-1223; SKN 62-0610M; SKN 53-0729";"Maintenant, Il a promis la venue d'une Eglise, la venue d'un Royaume. Maintenant, prenez Actes 1:8. Maintenant, souvenez-vous qu'Il a dit aussi, dans Matthieu 16:18, qu'Il bâtirait Son Eglise sur ce roc et que les portes du séjour des morts ne prévaudraient point contre Elle; comme nous continuons avec cet autre sujet, nous y arriverons juste dans quelques minutes. Actes 1:8. Mais vous recevrez une puissance, après... le Saint-Esprit survenant sur vous, et vous serez mes témoins à Jérusalem... Judée,... Samarie, et jusqu'aux extrémités de la terre. La venue d'un Royaume de témoins, témoins de "
Daniel 12:0;14;"SKN 63-0323; VGR 63-0323; SKN 62-0311; SKN 62-0908; SKN 61-0210";La Bible a dit que «le–le dragon, Satan, fut irrité (c’est à dire fâché) contre la femme (les Juifs, Israël), et qu’il lança de l’eau, des foules et des multitudes de gens, qui s’en allèrent faire la guerre aux restes de la postérité de la femme». Apocalypse 13. Donc, vous voyez, là, c’est ce que nous avons. Et c’est le moment où Israël envoie son... je veux dire, où Rome envoie son armée à la poursuite des restes, des restes de la postérité de la femme. Maintenant regardez bien. La première fois qu’Il les avait délivrés des mains de leur ennemi, le soleil était devenu un sac... noir comme un 
Genese 6:0;14;"SKN 62-0607; SKN 63-0623E; VGR 63-0623E; SKN 62-0603; SKN 64-0823E";"Bon, pour obtenir cela, il doit les rendre très attrayant, les raisonnements. Et c'est ainsi que Satan s'y prend. Il fait du bon travail. Et c'est un bon adversaire. Et il rend cela attrayant. Il a eu à le rendre attrayant pour Eve. Il a dit : "" Bon, regarde, ma chère, tu sais, tu n'as pas la connaissance du bien et du mal. Et tu - tu dois te souvenir que c'est - que ce fruit est agréable à la vue. Cela - cela - cela ouvre l'intelligence, et tout… "" Oh, si ce n'est pas là un bon appât ! "" Décrocher juste votre doctorat en philosophie, ou en droit, ou en deux L.Q.U.S.T.D, ou quelque chose comme"
Genese 2:7;14;"SKN 53-0729; VGR 53-0729; SKN 62-0527; VGR 62-0527";Nous avons en vue une - une série de réunions pour très bientôt maintenant, ne l'oubliez pas. Ça sera au stade de Chicago, du 23 août au 5 septembre. Nous nous attendons à un grand moment dans le Seigneur, là-bas. Et maintenant, cela a été annoncé partout, et tous les différents journaux en parlent. Nous nous attendons à un grand moment. J'en ai maintenant une, deux, trois, quatre, cinq, six, je pense, sur une page ici. Et toutes se rapportent à peu près à la même chose, là, dans - dans le Livre de la Genèse. Bon, premièrement, c'est Genèse 1:26 ou plutôt 1:26 à 28, c'est là que la - la person
Romains 8:11;13;"SKN 65-0410; SKN 65-0418M; VGR 65-0418M; VGR 65-0410; VGR 65-0425";S'il y a du péché parmi nous, Seigneur, purge-nous avec Ton hysope. Et nous Te prions, Père céleste, de guérir tout malade parmi nous. Et s'il se trouvait quelqu'un qui ne Te connaît pas dans ce glorieux baptême du Saint-Esprit - pour lequel nous combattons avec tant de fermeté, en disant que c'est une chose indispensable selon les Ecritures pour ce dernier jour, - ô Dieu, nous prions qu'Il descende sur nous tous aujourd'hui, et qu'Il nous baptise de nouveau dans le corps, et qu'Il fasse aussi entrer ceux qui sont au dehors, Père. Bénis-nous pendant que nous lirons Ta Parole et que nous nous e
Apocalypse 10:1-7;13;"SKN 63-0322; VGR 63-0319; SKN 63-0321; SKN 63-0319; SKN 63-0318";"Ensuite, il a suscité une autre puissance. Il a envoyé une puissance pour l’affronter. Ensuite, il a suscité une autre puissance; Il a envoyé une autre puissance pour l’affronter. Et puis, comme dernière puissance, Il fait descendre l’aigle, pour ramener les enfants à la foi originelle, de leurs pères, l’âge de l’aigle! Ensuite, l’avez-vous remarqué? Il n’y a plus d’Etre vivant. Il n’y en a plus. C’est la fin. Maintenant, si vous voulez prendre Apocalypse 10.1-7 (Je m’y suis référé), souvenez-vous, dans l’âge du dernier messager, voyez-vous, que devait-il se passer? «Tous les mystères de Dieu "
Daniel 7:0;13;"SKN 61-0101; VGR 61-0101; SKN 61-0806; VGR 61-0806; VGR 61-0730M";"Bon, «vingt-quatre anciens». J'aimerais que vous remarquiez que ce n'étaient pas des êtres angéliques. Les anges ne sont pas associés, les êtres célestes ne sont jamais associés à des couronnes et à des trônes. Vous voyez? Ils ne le sont jamais, ce sont des anges; ils n'ont jamais vaincu. Si vous remarquez un peu plus loin, les cantiques qu'ils chantaient et tout le reste, ont prouvé qu'ils ne l'étaient pas. Vous voyez? Ils chantaient le cantique de la rédemption; les anges n'ont donc pas besoin d'être rachetés. Vous voyez? Bien. Et c'étaient - c'étaient des hommes rachetés. Je suis... Mes ami"
1 Timothee 3:16;12;"SKN 61-0414; SKN 64-0614M; SKN 59-1217; SKN 57-0901E; SKN 63-0320";"Eh bien, s’Il se tenait ici, Celui qui a écrit la Parole, s’Il se tenait ici, et qu’Il vous parlait et qu’Il vous confirmait qu’Il se tenait juste ici sur l’estrade, seriez-vous disposé à L’accepter et à dire: «Cela règle le problème pour moi; je...»? S’Il se tient ici, Lui qui a écrit la Parole, et a dit: «Là où deux ou trois sont assemblés en Mon Nom, Je serai au milieu d’eux... Et ils les feront aussi les oeuvres que Je fais.»... Est-ce juste? Saint Jean 14.7, 14.8: «...les oeuvres que Je fais.» Maintenant, voici un grand défi devant nous, comme l’a dit notre frère, mille neuf cents personn"
Ephesiens 1:5;12;"SKN 62-1104M; SKN 62-0610M; SKN 65-0911; SKN 65-1031M; VGR 65-0911";"Et alors, ça c'était le numéro un. Le numéro un, venant à vous, à votre foi mentale, juste ici, le Saint-Esprit vient, descendant dans votre foi mentale pour en faire une foi spirituelle. Alors, la foi spirituelle ne reconnaît que la Parole. Maintenant, et le numéro deux - trois : alors vous aurez le spirituel, vous serez... aurez le Saint-Esprit, et Il scellera toutes ces choses en vous, de même que le Saint-Esprit couvre ceci. De votre foi jusque là où le Saint-Esprit vous scelle à l'intérieur avec Christ; alors vous devenez Un. Amen! (Enlevez cette chose devant moi. C'est lourd pour mes bra"
Hebreux 7:0;12;"SKN 65-0801M; VGR 65-0801M; SKN 57-0821; VGR 57-0821; SKN 58-0928E";"L'esprit de séduction est du diable, les démons qui agissent maintenant dans les fils de la désobéissance. Désobéissance à quoi? A quoi les enfants de ces jours-ci sont-ils désobéissants? A la vraie Parole de Dieu comme Eve l'était au commencement. C'est vrai. Eh bien, si vous voulez avoir cela... Prenons cela; Ephésiens 2, juste une minute, parce qu'il me semble convenable que nous - je m'arrête juste une minute si vous n'êtes pas très pressés afin que nous puissions En lire quelques passages. Ephésiens 2.1 à 2 : Et il vous a donné la vie, vous qui autrefois étiez morts par vos offenses et pa"
Genese 18:0;12;"SKN 61-0312; SKN 65-0221E; VGR 65-0221E; SKN 64-0629; VGR 64-0629";"«Et pratiquement... Abraham, tu es vieux; tu as cent ans; et tu n’as plus de force. Mais c’est Moi qui ai fait la promesse. Je suis ton Sein. Appuie-toi simplement sur Ma promesse et continue à téter.» Et, autre chose, un enfant est satisfait tant qu’il tète sa mère. Alors le petit enfant n’est plus agité, aussitôt qu’il se met à téter sa mère, il est satisfait. Et Il est Celui qui satisfait, le Fort, le Nourricier, Celui qui donne la force. Le petit enfant se couche sur le sein de sa mère, il est satisfait, il se ressource pour être en bonne santé. Eh bien, c’est pour Abraham et sa postérité."
Psaumes 63:0;12;"SKN 57-0728; SKN 58-0519; SKN 57-0613E; SKN 58-0512; SKN 59-0613";Seigneur béni, puissent Tes bénédictions éternelles reposer sur ces gens. Sauve les perdus ce soir. Ramène ceux qui, une fois, T’avaient connu, mais qui se sont éloignés, errant. Guéris les malades et les affligés. Que ces gens se souviennent pendant longtemps, dans leurs cœurs, de cette réunion. Et qu’il en soit pour eux comme pour ceux qui revenaient d’Emmaüs après la résurrection, ce premier et beau matin de la résurrection, après que Jésus avait marché avec ces hommes, leur avait parlé, mais lorsqu’Il les a pris à l’écart et qu’Il a fermé la porte derrière eux, Il s’est fait connaître à eu
Apocalypse 5:0;11;"SKN 57-1002; SKN 57-1006; SKN 63-0318; VGR 63-0324M; VGR 57-1002";"Et puis, l'autre soir, après la réunion, il y avait cette autre soeur, et j'ai vu ce jeune Charles et cette femme ensemble. Je me suis dit : ""Cela doit être sa femme; mais sa femme est blonde et celle-ci est une femme aux cheveux noirs. Et j'ai pu remarquer que la vision se déplaçait vers un coin par ici. Elle était assise là à s'essuyer les yeux, et le Seigneur a donné une vision après qu'elle fut.. l'appel à l'autel... à la fin de la réunion de prière, la guérison des malades, et quand l'appel à l'autel avait été fait; Dieu a attendu qu'elle se repente et qu'elle Lui donne sa vie, et Il S'es"
Jeremie 1:4;11;"SKN 57-0915E; SKN 59-1223; VGR 59-1223; SKN 53-1104; SKN 61-0212M";"Quoi? Lévi... Abraham était l'arrière-arrière grand-père de Lévi. Et la Bible dit ici que ""Levi a payé la dîme quand il était dans les reins d'Abraham"". Quatre générations avant qu'il ne vînt sur la terre, il paya des dîmes à Melchisédek! Et béni soit le Nom de l'Eternel! Alors, vous qui ne pouvez croire dans la prédestination avant l'ordination... et ici, quatre générations avant même que Lévi ne sortît des reins d'Abraham, il avait payé des dîmes à Melchisédek! Je souhaiterais que nous ayons le temps de parcourir ceci à travers les Ecritures. Si vous pouviez mettre ceci en relation avec Jéré"
Hebreux 10:26;11;"VGR 59-1223; SKN 59-1223; SKN 61-1015M; VGR 61-1015M; SKN 64-0308";Tu as un sujet de prédication? [Quelqu’un dit : “Non, monsieur.” — N.D.É.] Et Frère Beeler, là? [“Lui, je ne sais pas.”] Frère Beeler, est-ce que tu as un message pour ce soir? [Frère Beeler dit : “Non, monsieur.”] Je—je suis un peu enroué. Il me reste encore quelques—quelques questions. S’ils ne… Si l’un de ces frères voulait prendre la relève et prêcher, je serais content. Maintenant, ne vous affolez pas. Ceci n’est pas… Ce sont seulement des tissus de prière qui partent en Afrique. Tout ceci doit être coupé en tissus de prière, et on voulait que je prie dessus ici, ce soir, et en plus, sur 
Apocalypse 13:8;11;"SKN 59-0628E; VGR 59-0628E; SKN 58-0928M; SKN 60-0515E; SKN 63-1124M";"Absolument! S'il est un bébé, il est né de nouveau. Peu importe combien il est jeune, il ira de toute façon. Vous voyez? 85. Pourquoi Christ m'était-Il apparu quand j'étais près de recevoir les sacrements? Eh bien, sans doute que votre coeur était simplement dans une bonne disposition et vous vous étiez approché de Dieu pieusement pour faire cela; et c'est la raison pour laquelle Il vous est apparu. Voyez-vous? Ce serait la seule raison, à mon avis. Je ne peux pas dire plus que-que ce que ce... Voyons voir. 86. Si nous étions sauvés avant la... (Oh, oh, nous n'avons pas besoin de nous arrêter "
Genese 4:0;11;"SKN 65-1031M; VGR 65-1031M; SKN 59-0628E; SKN 65-1204; VGR 65-1204";Voyez, laissez-moi me tenir comme un chrétien. Pas comme une - une plante hybride, devant être choyée et cajolée, et mise dans quelque chose. Vous n'êtes pas mis dans la chrétienté de toute façon, vous y naissez. Vous devenez une nouvelle créature, vous êtes une semence de Dieu, qui vient dans la terre. Maintenant - maintenant nous voyons qu'il a pulvérisé son spray empoisonné, et ce spray était le spray de la compréhension moderne, l'instruction, la science et la civilisation, les choses mêmes que nous chérissons tellement. Vous êtes-vous jamais arrêté pour penser que notre grand ennemi dans 
2 Timothee 3:0;11;"SKN 64-0726M; SKN 63-0320; SKN 62-1111E; SKN 58-0109; SKN 61-0117";"L’immoralité de l’église, la façon dont ça se passe! Regardez les visions, regardez les choses, et voyez même les visions que Dieu donne; et cette vision est vraie. J’ai ma Bible contre mon coeur, pour vous qui écoutez la bande, et l’auditoire peut voir ça. J’ai vu cela! Le Dieu Tout-Puissant sait que c’est la Vérité. Je ne l’avais jamais remarqué avant tout à l’heure. La voilà, elle est «nue, et elle ne le sait pas». Elle se donnait vraiment du bon temps. Voilà. Mais quand cette petite Epouse est apparue, c’était autre chose. «L’Alpha et l’Oméga.» Oui. C’est le diable qui fait ça. Mais comme "
Daniel 9:0;11;"SKN 61-0730E; VGR 61-0730E; SKN 63-0318; SKN 62-0908; VGR 63-0318";"La jeune fille de soeur Downing, et–et... je–je l’ai observée. Et la petite... ou la petite–la petite... celle de frère Collins, la petite... Comment s’appelle-t-elle ? La petite... Betty, la petite... J’ai seulement un peu ri en moi-même. Mais, je les avais vues toutes belles, vous savez, toutes bien arrangées, et un moment après, c’était directement... Eh bien, vous êtes bien mignonnes, chéries ; en tout cas, je vous trouve belles. C’est vrai. Être belle, c’est–c’est avoir un bel esprit qui peut venir s’asseoir dans des réunions comme celles-ci et écouter l’Évangile. Voilà ce qui fait la bea"
Matthieu 24:35;11;"SKN 60-1218; VGR 60-1218; VGR 62-0318M; SKN 60-0724; SKN 62-0318M";L’Eglise ne dépend pas de ce qu’ils ont fait à l’institut supérieur. Mais il s’agit du Saint-Esprit vivant dans l’Eglise, qui la conduit et la guide, et qui lui montre d’avance les choses à venir, comme Il l’a fait du temps de Titus, les avertissant des choses à venir, pour fuir la colère à venir. Oh! la la! «Que celui qui a des oreilles entende ce que l’Esprit dit aux églises.» Eh bien, y a-t-il alors quelque chose? demanderais-je. Je n’aimerais pas vous garder trop longtemps ce matin. Mais y a-t-il quelque chose de certain? Puisque je vous ai parlé de tant de choses qui sont incertaines, y a
Jean 17:0;11;"SKN 52-0716; SKN 56-0115; VGR 56-0115; SKN 58-0323; SKN 59-0424E";Considérez Nicodème, le grand docteur juif, lorsqu’il est venu ce soir-là. Il a dit: «Nous savons que... (nous, les pharisiens) nous savons que Tu es un Docteur venu de Dieu, car personne ne peut faire ces miracles que Tu fais: connaître ces gens, leurs coeurs, leurs vies, et ce qui arrivera, et ainsi de suite, et guérir les malades et ainsi de suite. Tu dis: ‘Tu le fais seulement tel qu’Il Te le montre.’ Dieu Te montre donc ce que Tu dois faire, et Tu vas le faire. Nous savons que personne ne peut faire ces choses, si Dieu n’est avec lui. » Comment est-il possible...?... se tenir ici et dire 
1 Corinthiens 13:0;10;"SKN 63-0317M; SKN 59-0823; SKN 54-0829A; SKN 54-1205; SKN 56-0406";C’est Dieu, qui se dévoile dans l’humilité, dans la douceur, et tous les jours c’est pareil. Il y a quelque chose de spécial chez un homme qui s’en tient exactement à la Parole. Chaque fois qu’il voit la Parole, il La ponctue d’un «amen», peu importe ce que disent les autres c’est... il La croit. Vous voyez? C’est... il La croit, vous voyez. Mais on s’éloigne suffisamment, donc, pour se reposer sur...fanatique, alors Satan s’introduit parmi les gens. C’est ça le travail de Satan. Et il est doué en la matière. Et il–il s’introduit parmi les gens, pour leur faire croire qu’ils L’ont par le simpl
Matthieu 16:18;10;"SKN 60-0911E; VGR 60-0911E; SKN 60-1204M; VGR 60-1204M; SKN 65-0221M";"Bien, alors je m'attends au Seigneur jusqu'à ce que je sache exactement dans quelle direction aller et que faire. Durant ce temps, je serai ici, dans les alentours du Tabernacle, sortant et revenant, prêchant, priant pour les malades, faisant tout ce que je peux. Nous voulons, un jour, si le gouvernement ne nous en empêche pas, construire une église ici, une belle église où nous pourrons avoir beaucoup de places assises, un auditoire principal ainsi qu'un balcon, et ainsi de suite; ce sera ainsi une très belle église, climatisée. Ainsi, les gens pourront s'asseoir confortablement, suivre les s"
Hebreux 13:10;10;"SKN 63-0901M; VGR 63-0901M; SKN 63-1128E; SKN 64-0308; VGR 64-0308";"Elle est revenue et a été courtisée–courtisée par le général de l’armée. Elle a été relevée et s’est retrouvée à Bethléhem, où elle a reçu un héritage au milieu d’eux. Et elle a mis au monde–elle a mis au monde un fils célèbre, et ce fils célèbre a produit un autre fils célèbre, et ce fils a produit un autre fils célèbre, jusqu’à ce qu’arrive le grand Fils célèbre. Faisant tout ce chemin, en passant par Obed, et puis par Isaï, et ainsi jusqu’à David. C’est vrai. La prostituée Rahab, parce qu’elle crut le messager. Elle appliqua le signe, et sa maison fut sauvée; sinon elle aurait péri là-bas o"
Matthieu 8:0;10;"SKN 56-0406; SKN 57-0115; SKN 53-0513; SKN 61-0211; SKN 56-1209E";"Il y a quelque temps, un ministre, Stewart Hamilton, alors qu’un groupe de gens étaient là, beaucoup d’entre eux ont des photos prises par un studio, ils voulaient que je descende et que je sois photographié. Et c’est un jeune érudit très instruit, c’est vrai; il voulait éloigner de moi le manager parce qu’il savait que je n’avais pas d’instruction, et il allait me mettre en pièces. Ainsi, il a finalement trouvé un moyen pour le faire. Et il a parlé au manager, M. Baxter, et lui a dit: «Si vous pouvez continuer et partir à la réunion, je voudrais m’entretenir avec M. Branham juste un moment.» "
Hebreux 6:4;10;"SKN 61-1015M; VGR 61-1015M; VGR 59-1223; SKN 59-1223; SKN 59-1220M";Je crois réellement que tous ceux qui marchent dans toute la Lumière qu’ils ont, seront sauvés sur base de leur foi et de leur sincérité. Vous rappelez-vous qu’à la venue du Seigneur... Vous rappelez-vous comment Il trouva ceux qui marchaient dans toute la Lumière dans laquelle ils devaient marcher? Vous rappelez-vous ce qui arriva? «N’est-il pas un homme bon, ce centurion romain, lui qui a bâti notre ville – ou plutôt une synagogue pour notre peuple, et il est (pour tout ce qu’il a fait) – il est digne de la bénédiction qu’on a demandée pour lui.» Voyez-vous, Dieu est le Père qui comprend. Il
Genese 15:0;10;"SKN 61-0416; SKN 61-0312; SKN 61-0210; SKN 62-0705; VGR 53-0729";Eh bien, que c’est pitoyable! Ne savez-vous pas que si vous êtes la postérité d’Abraham, vous devez vous séparer des choses du monde, parce que cela était donné à Abraham et à sa postérité après lui ? Et Abraham n’avait jamais été béni peu importe... Sur ce terrain-ci, là à Wheaton College, à Asbury, là chez Moody, où nous nous rendrons prochainement, à Chicago, chez Moody... Pourquoi n’ont-ils plus de réveils comme autrefois ? Vous ne vous séparez pas, enfants d’Abraham. Comment Dieu va-t-Il donc traiter en un tel lieu, alors qu’Il n’arrive même pas à vous faire mener une vie décente ? C’est 
Genese 17:0;10;"SKN 61-0312; SKN 65-0123; VGR 65-0123; SKN 62-0318M; VGR 62-0318M";"Eh bien, c’est pareil pour l’Eglise et Christ. Dieu n’a jamais dit d’aller simplement former une organisation appelée Unetelle, ou d’aller instruire les gens comme ceci. Il a pris Son propre Fils, et de Son coeur, trois éléments étaient sortis de Son corps. Excusez-moi, soeurs, j’aimerais me faire comprendre. Lors d’une naissance naturelle, quelle est la première chose qui arrive lors d’une naissance normale? L’eau; la chose suivante, le sang. Quelle est la chose suivante? La vie. Ce sont les mêmes éléments qui constituent la nouvelle naissance. Qu’est-ce qui sortit du flanc de Jésus? L’eau, l"
Hebreux 12:0;10;"SKN 54-0514; VGR 54-0514; SKN 64-0308; VGR 64-0308; SKN 51-0502";"Et maintenant, nous voyons qu'ils ont commencé par la première, la - l'église d'Ephèse, au commencement, dans cet âge de l'Eglise ; l'âge suivant de l'Eglise commence à se refroidir, à devenir tiède ; et cela a continué jusque dans l'âge des ténèbres. Et tout comme - tout comme en cette époque-là où Achab épousa une idolâtre, Jézabel, et introduisit l'idolâtrie en Israël, de même le protestantisme a épousé le romanisme, le catholicisme et a introduit l'idolâtrie dans l'Eglise. C'est passé par Martin Luther, John Wesley, jusqu'aux pentecôtistes, et ça s'est éloigné au point où Dieu a même vomi "
Genese 3:0;10;"SKN 65-0221M; VGR 65-0221M; SKN 54-1024; VGR 54-1024; VGR 53-0729";"Donc, c'est la femme qui a causé la division de ce beau foyer. Ce n'est pas un Chérubin qui a dérangé la terre. Ce n'est pas Adam qui a brisé ce foyer. Ce qui a brisé ce foyer et qui a tout fait sortir de sa continuité, ce n'est personne d'autre qu'une femme, Eve. Et c'est là qu'il y a eu rupture de ce ""commencement"" dont parlait Jésus. Jésus a dit: ""Au commencement, Dieu a fait un mâle, une femelle, de chaque espèce."" Et alors, quand cette femme... pas le cheval femelle, pas le chien femelle, mais la femme; elle a rompu toute la continuité de l'action de Dieu sur la terre, et elle a tout préc"
Joel 2:0;10;"SKN 56-0115; SKN 56-0122; SKN 61-0410; VGR 56-0115; VGR 56-0122";J’aimerais que ceux qui enregistrent attendent juste un instant avant d’enregistrer, s’il vous plaît. Bonjour, mes amis. J’espère que chacun se sent vraiment… [Espace vide sur la bande – N.D.E.] chanteur, consécration habituelle : Amène-Les. Tous ensemble maintenant. Amène les petits enfants. Amène-les, amène-les, Amène-les des champs du péché, Amène-les, amène-les, Amène les petits enfants à Jésus. Amen. Ne pensez-vous pas qu’il y a quelque chose de vraiment doux chez un petit enfant ? Un petit bonhomme, avec ces petits yeux brillants qui me regardent, et ils ont quelque chose de vraiment, vr
Apocalypse 22:19;10;"SKN 63-1201M; VGR 63-1201M; SKN 63-0322; SKN 63-0127; SKN 62-1230M";Un bon prédicateur baptiste, frère Naylor (Il est dans la Gloire aujourd’hui) venait me parler. Et, oh ! il y avait beaucoup de gens qui me parlaient quand je–je cherchais à trouver Dieu. Un prédicateur adventiste du septième jour voulait que je me joigne à eux et tout. Mais j’avais vu que si j’allais devenir un chrétien, je–je ne pouvais pas dire : « Eh bien, je suis adventiste du septième jour. » Eh bien, c’est tout à fait en ordre : « Je suis baptiste. » C’est tout à fait en ordre, voyez, mais il me fallait avoir quelque chose d’un peu plus sûr que ça. Je–je ne pouvais pas y placer ma confi
Marc 11:0;10;"SKN 64-0427; VGR 64-0427; SKN 65-1127E; VGR 65-1127E; SKN 53-0513";Et il a dit qu’il s’était rendu là comme un croyant. Voici ce qu’il veut dire à cette cour : «Je me suis rendu là en toute sincérité et j’ai rencontré ce soi-disant pasteur pieux de cette église, dont plusieurs ont déclaré que quand il les a oints d’huile et a prié pour eux... Et le pasteur lui-même a dit que Dieu avait accompli cette Parole, et que cette Parole de Jacques 5:14 était vraie. Et il y en avait beaucoup qui témoignaient que c’était vrai. Mais il s’est présenté, et le pasteur (un homme pieux) l’a oint d’huile conformément à Jacques 5:14, et a prié pour lui. Et c’était – ça fait six
Esaie 53:0;10;"SKN 65-0221M; VGR 65-0221M; SKN 51-0729E; SKN 65-1128E; VGR 65-1128E";Les gens se représentent Judas comme une espèce de vieil ivrogne, traînant dans la rue quelque part, la bouche ouverte, avec des mouches dedans, et tout comme Judas. Judas était beau, fort, c'était un trompeur. Ce n'est pas ce gars-là qu'il faut surveiller autour de vous, ce n'est pas le gars que - (le brave fermier) qui arrive en salopette qu'il faut surveiller autour de votre épouse, c'est ce fin rusé, c'est lui le coquin. Le péché est beau aux yeux du monde, mais Dieu ne se caractérise pas par ce genre de beauté. Savez-vous cela? Dieu se caractérise par le caractère, un bon caractère. Dans 
Psaumes 16:10;9;"VGR 57-1002; SKN 57-1002; SKN 65-1206; VGR 65-1206; SKN 65-0801E";“Et nous avons tous été baptisés dans un seul Esprit pour former un seul Corps.” C’est exact, vous voyez. Le baptême du Saint-Esprit est un acte différent de la nouvelle naissance. L’un est une naissance, l’autre est un baptême. L’un vous amène la Vie Éternelle, l’autre vous donne de la puissance. Il transmet la puissance dans la Vie Éternelle, vous voyez, pour qu’Elle puisse agir. Maintenant vous avez saisi? D’accord. Très bien. Maintenant, en voici une autre, la deuxième, selon moi, dans l’ordre où je les avais ce soir-là : 61. Où était l’esprit de Jésus pendant les trois jours où Son corps 
Esaie 28:19;9;"SKN 62-1014M; SKN 63-1128E; SKN 63-0321; VGR 62-1014M; VGR 63-0321";Paul avait de la patience. Certainement. Regardez ce que Paul a dû faire. Vous parlez de la patience. Qu’en est-il des gens à la Pentecôte? Aussi longtemps qu’ils avaient la commission: «Attendez jusqu’à ce que. (Voyez?) Attendez jusqu’à ce que vous soyez revêtus de puissance»... «Jusqu’à quand?» «Le temps d’attente n’entre pas en ligne de compte.» Ils ont reçu la réponse: «Attendez jusqu’à ce que.» Ils sont donc montés là-haut et ils ont dit: «Très bien, les gars, peut-être que dans l’espace de quinze minutes, le Saint-Esprit sera venu sur nous, et nous allons avoir notre ministère.» Quinze m
Hebreux 9:11;9;"SKN 63-1128E; SKN 62-1124E; SKN 60-0522M; VGR 60-0522M; SKN 64-0308";Certains disent: «Eh bien, je suis membre de l’église. Ma mère allait là-bas, et je–je–je–j’ai été consacré là, encore bébé.» Vous devez exhiber le Signe. Oui, oui. Faites sortir toutes les ordures du monde, toutes les choses du monde, car vous ne pouvez pas aimer les choses du monde. Toute votre incrédulité dans la Parole de Dieu... Souvenez-vous, Il a promis ces choses pour les derniers jours. Tout dans votre vie qui–qui s’oppose à Cela, faites sortir cela, préparez-vous, et faites entrer le Signe. Alors appliquez le Signe avec consécration dans la prière et soyez-en convaincu et préoccupé. 
Apocalypse 17:8;9;"SKN 60-0515E; VGR 60-0515E; SKN 64-0719M; VGR 64-0719M; SKN 58-0928M";"Mais dans Genèse 2, quand Il a fait l'homme, Il a dit: ""Je suis"", Y-a-h-u, J-u-v-u-h, Jahuz, Jéhovah. Qu'est-ce que ça voulait dire? ""Je suis Celui par qui existe toute chose, J'ai créé quelque chose à partir de Moi-même, pour en faire Mon fils, ou un petit Moi-même, temporaire, ou amateur."" Gloire! Pourquoi? Il a donné à l'homme... ""Jéhovah"" veut dire qu'Il a donné à l'homme d'être un dieu amateur. En effet, Il est Dieu le Père, et Il a fait de l'homme un dieu amateur, Il n'est donc plus tout seul, Il existe avec Sa famille. Elah, Elah, Elohim. Bon, maintenant Il est Jéhovah. ""Jéhovah"", qui v"
Genese 1:11;9;"VGR 62-0318M; SKN 62-0401; SKN 62-0407; SKN 62-0318E; SKN 62-0318M";Maintenant, remarquez. Alors, Elle ne se croisera pas. On ne doit pas L’altérer. Dieu punira celui qui le fera. Et Elle ne s’hybridera avec rien d’autre. Elle est la Parole de Dieu, Elle seule. Dieu n’a pas besoin de votre parole ajoutée à la Sienne. Nous ne devons pas prononcer notre parole à nous. Nous devons prêcher Sa Parole, la Parole de Dieu. Par conséquent, donc, la vie véritable peut uniquement venir, ou se reproduire, par la reproduction de sa semence originelle. Voyez-vous, la vie, — maintenant, rete‑…maintenant, étudiez bien ça, quand vous étudierez les bandes, et étudiez-le mainten
Romains 9:0;9;"SKN 56-0122; VGR 56-0122; SKN 53-1110; SKN 65-0221M; VGR 65-0221M";Or, votre tradition sur les mages, c'est qu'ils ont trouvé un enfant couché dans une crèche, vous feriez tout aussi bien d'oublier cela, parce que ce n'est qu'une tradition. Il n'était plus un bébé. Ils cherchaient un enfant de deux ans, un jeune enfant, non pas un bébé. Et on avait tué tous les enfants, en ce moment-là même, de deux ans ou moins pour l'avoir. Voyez ? En effet, ils n'étaient jamais allés auprès d'un bébé. Ils étaient allés auprès d'un petit enfant. Ils avaient fait deux ans de voyage, suivant cette étoile. Et croyez-vous qu'ils l'avaient vue ? Assurément. C'est la Bible qui le
Genese 22:14;9;"SKN 61-0416; SKN 61-0226; SKN 61-0210; SKN 61-0317; SKN 55-0817";Priez pour frère Roberts, Billy Graham, Tommy Osborn, Tommy Hicks, de grands hommes de Dieu qui sont dans le champ missionnaire aujourd’hui. Priez pour eux. Vous voudriez bien le faire, n’est-ce pas ? Priez pour ces frères-là. Ils mènent un combat dur. Mon coeur saigne pour eux. Priez qu’ils restent fidèles à l’Evangile, et quand tout sera terminé, nous nous rassemblerons tous comme une seule grande famille. Nous reste-t-il encore des livres des Hommes d’Affaires sur la vision ? Ils sont tous épuisés. Si vous... quelqu’un ici qui n’en a pas eu un exemplaire, levez la main, celui qui n’a jamais
Josue 1:0;9;"SKN 53-0329; SKN 60-0911M; VGR 60-0911M; SKN 62-0704; SKN 62-0701";"Permettez-moi de demander - de dire ceci. Permettez-moi de vous faire une illustration. Voici une sphère ici, voici une autre sphère, et en voici encore une autre. Maintenant, ici nous avons l'église nominale; maintenant en haut ici, nous avons le sublime, c'est ici que nous sommes censés être, juste des voisins du Ciel, où la Puissance de Dieu coule. Très bien, Cela coule sur cette sphère-ci, elle continue à couler jusque sur celle-là, puis sur cette autre. Voici l'église nominale, elle continue simplement, simplement sur de froides professions de foi et - et un petit rituel, c'est l'église n"
Jean 14:8;9;"SKN 61-0521; SKN 58-0928M; SKN 64-0312; SKN 63-0606; SKN 57-0323";Et alors, que quelque chose soit fait cet après-midi, qui amènera les enfants de Dieu à s’approcher davantage de Toi. Et je sais qu’il y a assis ici aujourd’hui, Père, dans cette salle, beaucoup de nos… ce que nous appelons des frontaliers. Ce sont des colons, ou les enfants des colons. Ils ont travaillé le sol. Et l’autre jour, en remontant la piste, je regardais là, j’ai vu papa et maman avec des petits enfants, pieds nus, arrachant de vieilles souches de marécages, les entassant, cherchant à enfouir une semence sous terre afin qu’ils puissent avoir de quoi manger l’année prochaine. Mon coeu
Nombres 12:6;9;"SKN 64-0313; VGR 64-0313; SKN 64-0321E; VGR 64-0321E; SKN 64-0214";La façon dont Dieu fait quoi que ce soit est mentionnée dans Sa Parole. Et cette Parole est la révélation complète de Jésus-Christ, il n'y a rien à Y ajouter ni rien à En retrancher. Quiconque le fait, la Bible dit que Sa part sera retranchée du Livre de Vie de l'Agneau s'il Y ajoute ou En retranche quelque chose. Acceptez cela tel que c'est écrit. La Bible n'a pas besoin de quelqu'un pour L'interpréter. Dieu est Son propre interprète. Il L'interprète en faisant s'accomplir ce qu'Il a dit. Cela règle la question. Si Dieu l'a dit, et qu'Il l'a accompli, c'est tout. On n'a pas besoin d'interprèt
1 Jean 5:7;8;"SKN 57-1002; SKN 61-0217; SKN 54-0516; SKN 57-0901E; SKN 60-0611B";"Et ici, nous les supplions parfois et nous mettons des annonces dans le journal, et tout le reste, et nous prenons les endroits les meilleurs pour qu'ils s'asseyent, le meilleur spectacle avec de beaux chants, ils viennent et disent : ""Oh, eh bien, je crois que c'était bien, toutefois, ce n'est pas conforme à ma foi."" Puis, à partir de... ""Oh! la la! pensais-je, combien - combien de temps cela va-t-il durer?"" Ce n'est pas... ce n'est pas juste. Et ici, nous gaspillons des centaines de milliards de tonnes de nourriture en les jetant à la poubelle, alors que ces gens-là les recevraient avec joie"
Genese 38:0;8;"SKN 57-1002; SKN 57-1006; VGR 57-1002; VGR 57-1006";"Et puis, l'autre soir, après la réunion, il y avait cette autre soeur, et j'ai vu ce jeune Charles et cette femme ensemble. Je me suis dit : ""Cela doit être sa femme; mais sa femme est blonde et celle-ci est une femme aux cheveux noirs. Et j'ai pu remarquer que la vision se déplaçait vers un coin par ici. Elle était assise là à s'essuyer les yeux, et le Seigneur a donné une vision après qu'elle fut.. l'appel à l'autel... à la fin de la réunion de prière, la guérison des malades, et quand l'appel à l'autel avait été fait; Dieu a attendu qu'elle se repente et qu'elle Lui donne sa vie, et Il S'es"
Matthieu 10:1;8;"SKN 60-0911E; VGR 60-0911E; SKN 61-0108; VGR 61-0108";«Oh! je suis heureux d'être un croyant.» Attendez une minute! «Et», et c'est une conjonction qui relie des phrases. Et ces signes... (Oh! je pensais que vous ne croyiez pas aux signes. Ce sont les propres Paroles de Jésus, discutez-En avec Lui.) ... ces signes... (non pas «peut-être ils - parfois ils font») ... ils accompagneront ceux qui auront cru... Nous allons maintenant voir si vous croyez ou pas, nous allons voir si votre organisation croit ou pas. Ils pourraient dire qu'ils croient. Jésus a dit : «Ces signes accompagneront ceux qui auront cru.» Eh bien, ils renient ces signes. ... ces s
Genese 4:10;8;"SKN 63-0901M; VGR 63-0901M; SKN 64-0208; SKN 64-0308; VGR 64-0208";Voilà la raison pour laquelle le Saint-Esprit et tout sont accordés avec parcimonie. Vous comprenez ce que je veux dire, c’est que... Vous ne voulez pas... Un vrai serviteur de Dieu ne s’En sert pas pour épater, vous voyez. C’est ça. Ça, c’est se donner en spectacle. Lorsque nous prions, nous présentons le Signe. Cela montre que nous avons pleinement obéi. Paul nous dit que «le sang parle». Or, tout le monde sait que le sang, en soi, ne peut pas parler. Ce sont des composants chimiques. Est-ce exact? Combien savent cela? [L’assemblée dit: «Amen.»–N.D.E.] Mais combien savent que le sang parle? 
Luc 17:28;8;"SKN 64-0614M; SKN 62-0724; SKN 63-0623E; VGR 63-0623E; SKN 64-0312";"Maintenant, comme quoi S’est-Il révélé ensuite? Sous une forme différente; la tige, l’aigrette, et ainsi de suite, toutes les feuilles, et tout. Ensuite Il s’est révélé comme (quoi?) le même Esprit, mais sous une forme différente. Voyez? Mais quel est le dernier stade de ce maïs? Il reprend la forme du grain originel. Est-ce vrai? [L’assemblée dit: «Amen.»–N.D.E.] Et Son ministère passe par les réformes, pour reprendre de nouveau la forme de la Parole originelle. La Parole vient à un prophète. Et Il l’a promis dans Malachie 4: Et de ramener la foi des gens au stade du grain originel. Ce qui a "
Romains 7:0;8;"SKN 65-1125; VGR 65-1125; SKN 59-1223; VGR 59-1223";"Je veux en quelque sorte vous enseigner cela sous forme d'une leçon d'école de dimanche. Je sais qu'il y a des gens debout, c'est ainsi généralement au Tabernacle, à Jeffersonville. Nous voulons aussi vous saluer tous, ce soir. Nous savons que, là-bas, au Tabernacle, vous êtes en liaison avec nous. C'est comme si j'étais au Tabernacle, ce soir; si vous étiez ici, vous verriez ces gens serrés et debout le long des murs. Bien, j'imagine que c'est le même cas chez vous, avec tous ces gens qui sont venus des environs afin d'écouter le Message. Bien, nous allons développer ceci sous forme d'une leç"
Apocalypse 3:14;8;"SKN 65-0801M; VGR 65-0801M; SKN 65-0829; VGR 65-0829; SKN 57-1208";"J'ai dit : «Le baptistère sera ouvert demain.» Il y a une fontaine remplie de sang, Tiré des veines d'Emmanuel; Les pécheurs plongés dans ce flot, Perdent toutes les tâches de leur culpabilité. J'ai dit : «Levez-vous et soyez baptisé au Nom de Jésus-Christ, en invoquant le Nom du Seigneur. Dieu vous remplira du Saint-Esprit et vous accordera ces grandes choses et fera en sorte que vous puissiez voir cela.» Qu'est-ce? Le monde arrive à un point culminant. Pourquoi? L'esprit de l'anarchie, de la dépravation des moeurs et de la religion scientifique l'a amené dans un repaire où il y a tous les oi"
Esaie 14:12;8;"SKN 65-0801M; SKN 59-0628E; VGR 65-0801M; VGR 59-0628E; SKN 65-0911";Mais laissons les Ecritures le dévoiler ce matin, et voyons cela, ensuite vous saurez ce que c'est. Laissons les Ecritures, de même que cela arrive dans des réunions où le discernement est exercé, lorsque le Saint-Esprit entre dans Sa Parole et appelle tel homme et dit : «Tu n'as rien à faire pour vivre avec cette autre femme. Que fais-tu depuis dix ans en courant avec la femme d'un autre?» Qu'est-ce qu'Il fait? Il le dévoile, Il expose Satan qui garde cet homme lié, ou cette femme qui vit avec le mari d'une autre femme, ou le péché qu'ils ont commis, les choses qu'ils ont faites. Qu'est-ce qu
Levitique 25:0;8;"SKN 61-0611; VGR 61-0611; SKN 61-0806; VGR 61-0806; SKN 63-0317E";"Maintenant, oh! la la! Oui, beaucoup de choses pourront être dites. Je - je ne voudrais simplement pas vous prendre trop de votre temps maintenant, comme nous avons le service de baptême. Très bien. Satan possède cela, mais il ne la détient pas légalement; c'est ce que fait Satan. Après que le propriétaire légal - le propriétaire - le propriétaire légal a perdu cela, il n'y a qu'un seul moyen pour que ça puisse être racheté. Bien, c'est par un proche parent, c'est le seul qui peut légalement racheter cela. Eh bien, certainement, nous avons obtenu ceci par la naissance virginale de Jésus-Christ"
Genese 1:1;8;"SKN 64-0802; SKN 63-0321; SKN 62-0318M; VGR 62-0318M; VGR 63-0321";"«L’ancien monde a été tiré de l’eau»; maintenant, ça, c’était le monde antédiluvien. Maintenant, celui qui existe, le monde actuel dans lequel nous vivons maintenant, il l’a appelé un monde. «L’ancien monde qui a été tiré de l’eau», Genèse 1.1. Bon, et le monde, qui existe maintenant. Et puis, il parle aussi d’un autre, le monde à venir, le nouveau monde. Trois mondes; trois étapes du monde. Et remarquez comme Dieu nous montre clairement Son plan de la rédemption. Oh! Ça a vraiment rempli mon âme d’enthousiasme, quand je l’ai vu, comment Il nous montre clairement Son plan de la rédemption, là."
Apocalypse 13:14;8;"SKN 61-0806; VGR 61-0806; SKN 63-0321; VGR 63-0321; VGR 60-1208";Et remarquez : ... ira au débordement de l’abomination de la désolation… « Le débordement de l’abomination. » Une abomination, c’est quoi ? De la « souillure ». Voyez ? « Causer la désolation », c’est quoi ? « Supprimer. » Le débordement de ceci, pour supprimer cela. Voyez ? Rome qui manifestera à l’extrême sa puissance afin de conquérir toutes les vierges endormies, les Juifs et tout. « On sera tous Romains, ou on ne sera rien du tout. » Il rompra son alliance au milieu de la semaine. « L’extension de l’abomination. » Si, du temps de Jésus, l’abomination, c’était quand Rome est arrivée là-bas
Genese 3:16;8;"SKN 58-0927; VGR 58-0927; SKN 65-0221M; VGR 65-0221M";"Maintenant, laissez-moi vous amener à un autre passage, juste une minute. Voyez-vous ? Lisons maintenant dans I Corinthiens 14.32 pour voir là ce que Paul dit ici ; et puis, nous passerons directement à beaucoup d’autres, juste dans une minute. Et alors, nous ne voulons pas vous garder trop longtemps, pour éviter de vous fatiguer au point que vous ne saurez revenir. Très bien. Je veux lire. Combien croient que Paul était un docteur inspiré? Or, souvenez-vous, Paul a aussi écrit ceci à Timothée. Voyez-vous ? Cela donc, I Corinthiens 14.32. Eh bien, commençons juste par ici, commençons à lire ju"
Zacharie 12:0;8;"SKN 60-1204M; VGR 60-1204M; SKN 65-1206; VGR 65-1206; SKN 61-0730E";"Bon, revenons en arrière et prenons un peu l'histoire. Revenons à Zacharie, prenons le chapitre 12 de Zacharie, dans Zacharie. Très bien. ""Et le Seigneur ajoutait chaque jour à l'église ceux qui étaient sauvés."" Combien nous sommes reconnaissants pour cette bonne révélation de Jésus-Christ! N'êtes-vous pas heureux à cause de Lui? Maintenant, nous allons mettre cela sous forme de livre aussi vite que possible pour les gens, et vous pouvez ainsi l'avoir pour le lire et l'étudier vous-mêmes tranquillement dans votre chambre ou ailleurs. Très bien. Maintenant, Zacharie le - Zacharie, le chapitre 1"
Levitique 16:0;8;"SKN 64-0719M; VGR 64-0719M; SKN 61-0108; VGR 61-0108";"Maintenant, ici, permettez-moi de dire ceci : chaque Trompette qui a sonné, a sonné sous le Sixième Sceau. Nous y arriverons dans quelques minutes, là où nous avons eu le sceau. Toutes les Trompettes ont sonné sous le Sixième Sceau. En effet, au Septième Sceau, il y a eu le silence. Personne ne savait; c'était la minute ou l'heure où Christ allait venir, comme Il nous l'a révélé. Mais chaque Trompette a sonné sous le Sixième Sceau, lors de la persécution des Juifs. Remarquez, Apocalypse 8, là, et à partir du verset 7. Tout cela a été l'appel lancé à Israël pour sortir, dans le naturel, en Egyp"
Esaie 40:3;8;"SKN 65-0801E; VGR 65-0801E; SKN 61-1112; VGR 61-1112; SKN 65-1206";"Frère, soeur, ceci est l’heure et le temps de l’appel à sortir de Babylone. Les Lumières du soir sont ici. Marchez dans la Lumière pendant qu’il fait jour. Remarquez, les croyants virent la Parole manifestée et La crurent. Jésus a dit : «Mes brebis connaissent Ma Voix, Ma Parole, Mes signes pour l’âge. Elles ne suivront point un infidèle.» Maintenant, venons-en à notre texte, parce que je vois que je vais m’éloigner; je veux accorder plus d’importance à cette ligne de prière. Revenons maintenant au texte que nous examinons ici, pour une minute. Eh bien, cela se fera de nouveau comme toujours, "
Galates 1:0;8;"SKN 60-0522M; VGR 60-0522M; SKN 63-1216; SKN 57-0322";"Il disait: ""Seigneur, mais cet - cet - cet homme-là, c'est un homme terrible."" Il a dit: ""Mais, voici, il prie. Maintenant, tu vas descendre telle rue, et tu vas arriver à une fontaine. Passé cette fontaine qu'il y aura à gauche, tu vas continuer. Il y aura une maison blanche, vas-y et frappe à la porte. Il est étendu juste là dans le vestibule, ils n'ont pas réussi à l'amener plus loin. Impose-lui les mains, emmène-le à la rivière de Damas, et baptise-le au Nom de Jésus. En effet, Je vais te dire ce que Je vais faire, il devra souffrir beaucoup pour Moi, car il est Mon messager à ceux des nat"
Ephesiens 5:26;8;"VGR 65-0822E; SKN 65-0822E; SKN 65-0911; SKN 65-1031M; VGR 65-0911";Frère Neville, j’ai reçu ta requête au sujet de Frère Wright, Frère Georges Wright, qui est ici. Nous sommes contents que Frère Wright et Sœur Wright, ici… La petite Édith, je… Un jour que nous reviendrons, nous voulons faire un petit service commémoratif ici. Je ne suis pas revenu à temps pour voir Édith, et, au moment où elle est partie. Mais, Sœur Wright, vous vous souvenez du songe qu’elle avait eu, il y a environ deux ans. Et c’est à ce moment-là que je vous l’avais annoncé, que je vous avais dit : “C’est que la petite Édith ne restera plus très longtemps avec nous”, parce que le Seigneur
Luc 24:0;7;"SKN 58-0406E; SKN 60-0911E; VGR 60-0911E; SKN 64-0312; SKN 64-0212";"[Frère Neville lit dans Luc 24 de 1 à 32: Le premier jour de la semaine, elles se rendirent au sépulcre de grand matin, portant les aromates qu’elles avaient préparés. Elles trouvèrent que la pierre avait été roulée de devant le sépulcre; Et, étant entrées, elles ne trouvèrent pas le corps du Seigneur Jésus. Comme elles ne savaient que penser de cela, voici, deux hommes leur apparurent, en habits resplendissants. Saisies de frayeur, elles baissèrent le visage contre terre; mais ils leur dirent: Pourquoi cherchez-vous parmi les morts celui qui est vivant? Il n’est point ici, mais il est ressusc"
Matthieu 16:0;7;"SKN 60-0911E; SKN 54-0829A; SKN 62-0318E; VGR 62-0318M; SKN 58-0202";La venue d'un Royaume de témoins, témoins de Sa résurrection, témoins de Sa puissance, témoins de Son... qu'Il est vivant. «Vous êtes Mes témoins.» Bien, Actes 1:8. Ensuite, pour vous qui notez cela, nous le trouvons aussi dans Ephésiens 1:22. Il y en a vraiment beaucoup à noter, cependant, juste pour bien enfoncer cela et qu'on soit sûr que vous êtes - vous comprenez cela. Très bien, Ephésiens 1, verset 22. Et Il a tout mis sous Ses pieds (il s'agit de Christ) , et lui a donné pour chef suprême à l'Eglise, Qui est son Corps, et la plénitude de celui qui remplit tout en tous. Qui a fondé cette
Matthieu 28:20;7;"VGR 63-1110E; SKN 60-0911E; VGR 60-0911E; SKN 63-1103; VGR 63-1103";Regardez, avez-vous remarqué les gens qui s’avançaient dans les allées, en mâchant du chewing-gum, en ricanant, en se donnant des coups de poing? S’avancer quand c’est une question de Vie ou de mort, ce n’est pas ça. Regretter son péché et se repentir, ce n’est pas ça. Voyez? Ça, c’est simplement ce que Billy a dit : “prendre une décision”. Et un consentement, une décision froide, prise les yeux secs, ça ne vaut rien, absolument rien. Vous devez regretter votre péché, et vous en détourner. Billy lui-même a dit : “La preuve, c’est que, de trente mille de ceux-là, un an plus tard, on n’en trouve
2 Timothee 4:0;7;"SKN 62-0908; SKN 62-1104M; SKN 57-0120M; SKN 57-0126B; SKN 64-0830E";"Et Il dit : ""Etends tes mains et récolte le fruit."" Et dans une de mes mains est tombée une grosse pomme jaune, juteuse et mûre. Et dans l'autre main est tombée une grosse prune jaune, juteuse et mûre. Et Il dit : ""Manges-en le fruit, parce qu'il est agréable."" Et je mangeai de l'un et de l'autre, c'était vraiment délicieux. Vous connaissez la vision, c'est écrit dans un de ces livres, je pense, L'Histoire de ma vie, ou Un Prophète visite l'Afrique. Et à ce moment-là, j'avais les mains levées, et je criais la gloire de Dieu. Et soudain, cette Colonne de Feu est descendue sur les cimes de ces a"
Apocalypse 17:15;7;"SKN 62-1104M; SKN 60-1204E; VGR 60-1204E; SKN 54-0512; VGR 54-0512";Un jour, je tondais le gazon, et je pensais à, eh bien, à la grande et sainte Eglise catholique, comme ils l'appellent. J'avançais comme cela, en tondant, et quelque chose m'arrêta net, et me dit : «Ne l'appelle pas comme ça.» Et j'ai regardé autour. J'ai recommencé à tondre, et de nouveau Cela m'arrêta, et me dit : «Ne les appelle pas comme ça.» Il dit : «Ils sont une loge comme les autres. Ils ne sont pas l'Eglise. Il y a une seule Eglise.» Voyez? Ils sont membres d'une loge, parce que vous pouvez adhérer à une loge, mais vous ne pouvez pas adhérer à l'Eglise. L'Eglise, vous êtes né en Elle.
Actes 16:31;7;"SKN 63-0901M; SKN 63-1128E; SKN 64-0208; SKN 64-0308; VGR 63-0901M";Appliquez Cela, dites: «Seigneur, je vais chercher mon fils. Je vais chercher ma fille. Je la réclame! ‘Satan, laisse-la aller!’ Je viens la chercher. J’applique mon Signe, le Saint-Esprit. O Saint-Esprit, qui habites en moi, empare-toi de ma fille là. Je vais vers elle maintenant avec Ton onction sur moi.» Il le fera. Amen! C’est ce qu’ils ont fait en Egypte. C’est ce qu’ils ont fait à Jéricho. Si vous voulez lire un autre passage, allez dans Actes 16.31. Paul dit au centenier: «Crois! Je suis le messager de l’heure. Crois au Seigneur Jésus-Christ, toi et ta famille, vous serez sauvés.» Est-c
Deuteronome 18:0;7;"SKN 62-0712; SKN 62-0718; SKN 64-0617; VGR 64-0617; SKN 62-0117";"Ainsi donc les pharisiens avaient leur propre conception de cela; mais voici Dieu venir avec Sa conception de cela. Voyez-vous? Les pharisiens pensaient que cela se ferait de telle manière, Il était pratiquement en dehors des Ecritures selon leur pensée; mais Il était parfaitement dans les Ecritures selon Sa propre manière de penser. Donc vous devez avoir en vous la pensée qui était en Christ afin de connaître les Ecritures. Et maintenant, eux... Jésus a donc dit: «Ce sont Elles qui rendent témoignage de Moi.» Maintenant, nous pouvons prendre jusqu’à–encore une heure ou deux, sans jamais termi"
Esaie 65:0;7;"SKN 61-0730E; VGR 61-0730E; SKN 64-0802; VGR 64-0802; SKN 63-0803E";"Jérémie 3.12 à 18 inclus, lisons-le. Dans Jérémie, au chapitre 18, je crois. Oui. Non, au chapitre 12, excusez-moi, le chapitre 12 de Jérémie, et commençons au–au... Jérémie 3, excusez-moi. C’est Jérémie 3 que j’ai noté ici, là où… pendant que j’étudiais, le Saint-Esprit me guidait d’un passage à un autre, et je ne faisais que noter de mon mieux. Jérémie 3, et puis les versets 12 à 18 inclus. Lisons-le : Va, crie ces paroles vers le septentrion, et dis : Reviens, infidèle Israël ! dit l’Éternel; je ne jetterai pas sur vous–sur vous... ferai pas peser sur vous un visage irrité, car je suis misé"
Matthieu 4:0;7;"SKN 63-0321; SKN 63-0319; VGR 63-0321; VGR 63-0319; SKN 64-0125";Nous voyons qu’il se fait tuer par l’épée aussi, par l’épée de la Parole. La Parole de Dieu, cette épée pénétrante, à deux tranchants, elle le tue, elle le jette à terre. Attendez que ces Sept Tonnerres fassent entendre leurs voix à ce groupe qui est vraiment capable de prendre la Parole de Dieu et La manier, là. Elle va trancher et couper. Et ils peuvent fermer les cieux. Ils peuvent fermer ceci, ou faire cela, tout ce qu’ils veulent. Gloire! Il sera tué par la Parole qui sort de la bouche de Dieu, qui est plus tranchante qu’une épée à deux tranchants. Ils pourraient faire apparaître cent mil
Hebreux 9:0;7;"SKN 52-0716; SKN 53-0729; VGR 53-0729; SKN 63-1028; VGR 63-1028";"Maintenant, lorsqu’Il est venu, Il a dit: «Je ne fais que ce que le Père Me montre de faire; c’est ce que Je fais. Et ce qu’Il Me montre... Je ne fais rien... Je ne fais rien jusqu’à ce qu’Il Me le dise. » Lorsqu’Il est passé près de la piscine, et qu’Il a vu tous ces gens, et qu’Il a guéri un homme, les Juifs L’ont interrogé: «Eh bien, a-t-Il dit, Je ne fais que ce que le Père Me montre. Je ne peux rien faire. Mais Il va... Tout ce qu’Il fait, Il Me le montre, et ensuite Je vais le faire. » C’est vrai, dans Jean 5.19. Et nous le voyons. Il était un Homme bon, un Homme humble. Et pourtant Il é"
Matthieu 2:0;7;"SKN 54-0103M; VGR 54-0103M; SKN 53-0606; SKN 62-0628; SKN 60-1211E";"Bien, essayons de bien comprendre ceci maintenant. ""La désolation est proche lorsque vous voyez Jérusalem investie de toute part par des armées."" Eh bien, il y a eu beaucoup de confusion là-dessus parmi les gens dans le... mais abordons cela d'un point de vue historique, Bible à l'appui. Bon, les frères adventistes, les frères adventistes du septième jour croient que-que Jérusalem sera de nouveau investie de toute part par des armées. Eh bien, cela pourrait donc être vrai, parce que l'Ecriture a bien souvent une application multiple. Combien savent que l'Ecriture a une application multiple pou"
Jean 19:0;7;"SKN 56-1004; SKN 53-1109; SKN 61-0205E; SKN 53-0606; SKN 56-0428";"Notre Père céleste, Tu as vu les mains, chacune d'elles. Et sachant que nous vivons à la fois dans un monde naturel et dans un monde surnaturel, les anges sont rassemblés ici ; Christ est ici. Et tout ceux qui ont levé la main ont reçu cette invitation venant du Père. Il a frappé à leur coeur. Et Tu as dit : "" Tous ceux que le Père M'a donnés viendront à Moi. "" Nous savons que c'est la vérité, Père, et nous en sommes très reconnaissants. Maintenant, à Ta propre manière, veuille leur donner le baptême du Saint-Esprit. Revêts-les de la Robe de Christ et puissent-ils s'appuyer sur Sa justice seul"
Hebreux 11:1;7;"SKN 57-0925; VGR 57-0925; SKN 51-0508; SKN 56-0715; VGR 56-0715";"Pierre a dit: ""Tu es le Christ, le Fils du Dieu vivant."" Ecoutez! ""Tu es béni, Simon Bar-jona (le fils de Jonas), la chair et le sang ne t'ont jamais révélé cela."" Amen! Voyez, cela devait venir par une révélation spirituelle. La chair et le sang n'ont jamais dit à Abel qu'il était dans l'erreur (plutôt à Caïn qu'il était en erreur), ils n'ont jamais dit à Abel que Caïn était dans l'erreur, mais il a été révélé à Abel que c'était le sang. Nous allons aborder cette question dans quelques minutes. C'était le sang, et non un fruit, qui nous avait chassés du jardin d'Eden. C'était le sang, et Abel"
Jean 16:0;7;"SKN 65-0124; SKN 65-0219; VGR 65-0219; VGR 65-0124; SKN 52-0810E";C'est à fin, ô Dieu, que Ton grand Nom soit honoré aujourd'hui, en faisant entrer dans Ton Royaume chaque âme perdue et errante qui écoute notre voix, ou à qui parviendra cette bande, dans les contrées païennes, là où elles vont, partout dans le monde. Je prie, Père céleste, qu'il n'y ait pas une seule personne faible parmi nous aujourd'hui. A la fin du service, puisse l'Eternel Dieu sauver chaque âme perdue, guérir chaque corps malade, et remplir de joie le coeur de Ses enfants. C'est pourquoi nous avons la foi, Seigneur, en demandant au Nom de Jésus, à Dieu notre Père (en effet, Il a promis 
Esaie 61:0;7;"SKN 65-0219; VGR 65-0219; SKN 55-0410M; SKN 65-0125; VGR 55-0410M";"Et j'ai dit : ""Bien, tu n'y es pour rien. C'était une erreur d'impression dans la Bible."" J'ai dit : ""Cette page n'était tout simplement pas insérée."" Bien! Je me suis mis à L'examiner de nouveau, Elle était tout aussi parfaite que possible sauf que le 16ème chapitre se termine - une partie - une partie de ce chapitre - juste à peu près huit centimètres à partir du bout, ça va jusqu'au 17ème chapitre, de l'autre côté, même chose. Et comme c'était une nouvelle Bible, ces deux pages étaient parfaitement collées ensemble et je lisais le 17ème chapitre au lieu du 16ème. ""Eh bien, ai-je dit, c'est "
Zacharie 4:0;7;"SKN 64-0830M; VGR 64-0830M; VGR 53-0729";"Et bien entendu, je sais que les femmes désirent paraître jolies; c’est naturel, et ce – c’est ce qu’elles devraient être. Voyez–vous? Elle devrait être ainsi. Et alors, c’est bien, mais ne – ne, en d’autres termes, ne ressemblez pas au monde. (Voyez-vous?); ne suivez pas l’exemple du monde. De mauvaises choses... Vous les voulez coiffés comme cela, mais alors ne coupez pas votre chevelure. Si vous avez des tresses pendantes, ou – ou quoi que ce soit dans votre chevelure, laissez-la longue. Ne la coupez pas de manière à ressembler au monde. Si vous n’êtes que de petites filles... Mon oncle ava"
Hebreux 11:2;7;"SKN 53-0604; SKN 53-0607E; SKN 52-0817E; SKN 51-0501; SKN 53-0614";"Dans Actes, chapitre 27, voici les versets que je lis, à partir du verset 21: On n’avait pas mangé depuis longtemps. Alors Paul, se tenant au milieu d’eux, leur dit: O hommes, il fallait m’écouter et ne pas partir de Crète, afin de causer ce... d’éviter ce péril et ce dommage. Maintenant je vous exhorte à prendre courage; car aucun de vous ne périra, et il n’y aura de perte que celle du navire. Maintenant, écoutez: Un ange du Dieu à qui j’appartiens et que je sers m’est apparu cette nuit, Et m’a dit: Paul, ne crains point; il faut que tu comparaisses devant César, et voici, Dieu t’a donné tous"
Psaumes 103:0;7;"SKN 59-0707; SKN 59-1220M; SKN 60-0109; SKN 56-0612; SKN 50-0100";… et une bonne soirée à tous les serviteurs de Christ qui sont ici et à ceux qui suivent à la radio. C’est un privilège pour moi de venir ce soir, pour parler à cette belle assistance. Et je me suis souvent demandé ce que je ferais si je tenais dans le…, un plateau, une tasse, un verre, comme on appellerait cela, deux gouttes du Sang littéral du Seigneur Jésus. Je me suis souvent dit : « Si on m’accordait ce privilège de porter deux gouttes du Sang littéral du Seigneur, combien je serrerais cela contre mon coeur, je marcherais très humblement et très lentement, veillant à chaque pas, afin que 
Levitique 23:0;7;"SKN 64-0719M; VGR 64-0719M";"Maintenant, ici, permettez-moi de dire ceci : chaque Trompette qui a sonné, a sonné sous le Sixième Sceau. Nous y arriverons dans quelques minutes, là où nous avons eu le sceau. Toutes les Trompettes ont sonné sous le Sixième Sceau. En effet, au Septième Sceau, il y a eu le silence. Personne ne savait; c'était la minute ou l'heure où Christ allait venir, comme Il nous l'a révélé. Mais chaque Trompette a sonné sous le Sixième Sceau, lors de la persécution des Juifs. Remarquez, Apocalypse 8, là, et à partir du verset 7. Tout cela a été l'appel lancé à Israël pour sortir, dans le naturel, en Egyp"
Apocalypse 20:0;6;"SKN 60-1225; VGR 60-1225; SKN 64-0830M; VGR 64-0830M; SKN 61-0730E";Et ça doit être vers ce moment-là, et ils–ils doivent avoir levé les yeux et avoir vu ce nouveau Visiteur. Il a commencé à les conduire vers l’occident. Ils se sont très vite engagés sur la route vers l’occident, traversant le fleuve Tigre, passant par le désert, parcourant des montagnes, des terrains boueux. Oh! la la! Sur tout le parcours, ils savaient qu’il se passait quelque chose, il y avait quelque chose de surnaturel. Et où ont-ils abouti? Ils ont dit : «Assurément, si ceci est la prophétie de Daniel, cette grande ville de Jérusalem, la capitale de... les religieux de cette nation-là se
Deuteronome 4:0;6;"SKN 65-0718M; SKN 65-1127B; SKN 63-0412M; SKN 63-1127; VGR 65-0718M";"Maintenant, prenez toutes ces conditions à remplir, toute la Parole, tous les types et ces choses, et regardez où vous vous trouvez. Pensez à l'heure dans laquelle nous vivons. Regardez là-bas où environ un dixième de la terre est sur le point de sombrer. La science le déclare. Les gens regardent leur montre. Il y a quelques années, ils disaient: ""Il est minuit moins trois maintenant."" C'est peut-être une minute; c'est peut-être une demi-minute, maintenant. Ils disaient: ""Cela n'arrivera pas dans notre génération."" ""Cela pourrait arriver dans cinq minutes."" Et remarquez, il dit ensuite: ""Cinq "
Luc 16:16;6;"SKN 56-0225; SKN 57-0925; VGR 57-0925; SKN 55-0501E; SKN 55-0220E";Eh bien, si nous allons découvrir maintenant même quelle est la foi pour laquelle nous combattons, et que cette foi-là est celle qui a été transmise aux saints une fois pour toutes, il nous faudra retourner à cette époque-là pour découvrir quel genre de foi ils avaient. Et alors, nous pourrons dire si réellement nous combattons pour cette foi-là. Est-ce assez raisonnable? Nous retournons dans la Bible. Et maintenant, rappelez-vous, je suis un méthodiste, presbytérien, luthérien, pentecôtiste, tout, je–je... tout cela, je le suis. Voyez? Eh bien, retournons pour découvrir ce qui est vrai et ce 
Actes 1:0;6;"SKN 60-0911E; SKN 54-0515; SKN 50-0716; VGR 54-0515; VGR 59-1219";Qui a fondé cette Eglise? Jésus-Christ. Pas un évêque, pas un groupe d'hommes, pas un pape, pas du tout une puissance humaine. Mais Jésus-Christ en a parlé comme étant Son Royaume qui venait avec puissance. «Quelques-uns de ceux qui sont ici...», Matthieu 16, «En vérité, je vous le dis, quelques-uns de ceux qui sont ici ne mourront point qu'ils n'aient vu le Royaume de Dieu venir avec puissance». Juste quelques jours après cela, Il fut crucifié, et le Saint-Esprit descendit. «Quelques-uns de ceux qui sont ici ne mourront point qu'ils n'aient vu le Royaume de Dieu.» «Est-ce en ce temps que Tu r
Esaie 32:2;6;"SKN 62-0609E; SKN 62-0513E; SKN 62-0518; SKN 62-0622B; SKN 63-0113M";"Je prie pour tous les prédicateurs ici, leurs assemblées. Et nous Te rendons déjà des actions de grâces, Seigneur, pour les témoignages de cette seule nuit de prière pour les malades, qui commencent à venir, et pour le petit enfant, Seigneur, oh! c’est un témoignage pour le médecin. Christ est le Médecin en chef. Il guérit toutes nos maladies. Nous en sommes si reconnaissants. Maintenant, Père céleste, nous Te prions de continuer à être avec la famille ainsi qu’avec tous ceux pour qui on a prié; et qu’ils ne soient absolument pas nerveux et agités; mais qu’ils attendent simplement et qu’ils se"
Ephesiens 4:0;6;"SKN 62-1014M; SKN 57-0908E; VGR 60-0911E; VGR 62-1014M; SKN 61-1231M";Oh! la la! Après que vous avez eu la foi, la vertu, la connaissance, la tempérance, la patience, alors: être comme Dieu. Ouf! Vous dites: «Je ne le peux pas, Frère Branham.» Oh! Si, vous le pouvez! Permettez-moi simplement de vous lire quelques passages des Ecritures ici, une minute. Matthieu 5.48. Nous prendrons celui-ci, et nous verrons ce que cela donne–– Matthieu 5.48–– , et nous verrons si vous êtes censés être comme Dieu. Vous savez, la Bible déclare: «Vous êtes des dieux.» C’est Jésus qui l’a dit. Pourquoi? Toute la vertu... Tout ce qui est en Dieu est en vous. Matthieu 5.48: «Soyez... 
Ephesiens 1:13;6;"SKN 61-0217; SKN 54-0515; VGR 54-0515; SKN 63-0317E; VGR 63-0317E";Maintenant, la Première Guerre mondiale, la Deuxième Guerre mondiale, et maintenant, nous sommes prêts pour la troisième Guerre mondiale: ça se fomente partout. Qu’est-ce ? Israël est dans sa partie, attendant son Messie. L’Eglise des Gentils, l’âge pentecôtiste, Luther, Wesley, et maintenant l’âge pentecôtiste est devenu tiède et a vomi Jésus, et Il les vomit : c’est juste, l’âge pentecôtiste. Mais juste à la fin, avant que le monde soit détruit, Jésus a dit : «Ce qui arriva du temps de Sodome, arrivera de même à la Venue du Fils de l’homme», que l’Eglise des Gentils recevra la même puissance
Galates 3:16;6;"SKN 57-0908E; SKN 61-0806; VGR 61-0806; VGR 57-0908E; SKN 57-0915M";"Eh bien, vous dites : ""Oh! j'aimerais être Abraham!"" Si nous sommes morts en Christ, nous sommes la postérité d'Abraham et nous sommes héritiers selon la promesse. C'est vrai, c'est ce que dit la Bible. Voudriez-vous le lire? Eh bien, la Bible dit que - que la promesse n'était pas seulement faite à Abraham et à ses postérités. Comme vous... Abraham avait sans doute beaucoup de postérités, beaucoup d'enfants. Ismaël était son enfant. Il eut sept ou huit enfants d'une autre femme, Ketura, après la mort de Sarah. Mais, voyez-vous, la postérité, c'était celle qui était promise : Isaac. Et par Isaa"
Apocalypse 18:0;6;"SKN 62-1111E; VGR 62-1111E; SKN 65-0801M; VGR 65-0801M";"Naaman voulait se débarrasser de sa lèpre dans les eaux de son propre pays; il n'avait pas aimé les eaux boueuses du Jourdain. Mais si jamais il devait se débarrasser de sa lèpre, il devait entrer là dans cette boue, exactement tel que le lui avait dit le prophète. Vous voyez? Dieu ne fait acception de personne. Remarquez, elle était la première dénomination. Regardez ses filles, elles ont fait la même chose, elles ont ajouté des crédos et des dogmes au lieu de la Parole. Ne me racontez pas des histoires; désignez-moi une seule qui ne vienne pas d'elle. Montrez-moi un seul pasteur qui peut acc"
Esaie 14:0;6;"SKN 65-0801M; VGR 65-0801M; SKN 65-0829; SKN 65-0911; VGR 65-0829";Mais laissons les Ecritures le dévoiler ce matin, et voyons cela, ensuite vous saurez ce que c'est. Laissons les Ecritures, de même que cela arrive dans des réunions où le discernement est exercé, lorsque le Saint-Esprit entre dans Sa Parole et appelle tel homme et dit : «Tu n'as rien à faire pour vivre avec cette autre femme. Que fais-tu depuis dix ans en courant avec la femme d'un autre?» Qu'est-ce qu'Il fait? Il le dévoile, Il expose Satan qui garde cet homme lié, ou cette femme qui vit avec le mari d'une autre femme, ou le péché qu'ils ont commis, les choses qu'ils ont faites. Qu'est-ce qu
Genese 3:8;6;"SKN 57-0925; VGR 57-0925; SKN 59-0628E; VGR 59-0628E";"Les clefs ont fait ""clic"" ici, et elles ont fait ""clic"", là-bas. C'est la raison pour laquelle les disciples de Jean ont dû venir se faire rebaptiser, une nouvelle fois, au Nom de Jésus-Christ (avant qu'ils puissent entrer au ciel), recevoir le Saint-Esprit. Il a tenu Sa Parole. Ainsi, cela ne vous embrouille plus maintenant, n'est-ce pas? Voyez? Certainement, Matthieu 28.19, c'étaient des titres, pas des noms. Très bien. Combien de temps avons-nous encore? Pouvons-nous encore avoir quinze minutes pour vite répondre à quelques questions de plus? Est-ce possible? Très bien, nous allons nous dép"
Matthieu 24:28;6;"SKN 64-0823M; SKN 64-0830E; VGR 64-0823M; SKN 65-0725M; VGR 64-0830E";"Maintenant, imaginez-vous que toutes ces sœurs qui sont là-bas ne veulent même pas – ne veulent pas préparer, ne veulent pas manger, elles doivent mendier tout ce qu’elles possèdent. Elles ne veulent pas... Elles se fabriquent de petits balais pour enlever les fourmis et autres de la rue, parce qu’elles croient dans la réincarnation; elles pensent qu’elles marcheraient peut-être sur leurs parents. Ils ne marchent pas sur des fourmis et ne tuent pas des mouches ou autres; ils ne stérilisent même pas le couteau dont ils vont se servir pour opérer un doigt. Ils préfèrent laisser l’homme mourir pa"
Matthieu 12:42;6;"SKN 60-0710; SKN 61-0412; SKN 57-0517; SKN 61-0119E; VGR 56-1001";"Eh bien, vous pouvez penser que je ne suis qu’une vieille baderne, mais frère, c’est absolument du bon sens. C’est vrai. C’est absolument la Vérité de l’Evangile; il y a donc quelque chose qui cloche quelque part, ami. Ce dont nous avons besoin, c’est de quelqu’un pour le dire, quelqu’un pour le proclamer, et de quelqu’un pour le vivre. Maintenant, c’est tout à fait vrai. Eh bien, que le Seigneur nous vienne en aide. En parlant comme ceci, je sais en effet que je ne voudrais pas prendre trop de votre temps; vous aurez des réunions dans vos églises ce soir. Vous les visiteurs, je sais, vous ave"
Matthieu 11:6;6;"SKN 62-0712; SKN 62-0603; SKN 62-0624; SKN 61-0806; VGR 61-0806";Et Israël a été enseigné à croire à ses prophètes. Eh bien, qu’est-ce qu’Il a dit? «S’il se trouve parmi vous quelqu’un qui est spirituel, ou un prophète, Moi, l’Eternel, Je me ferai connaître à lui dans des visions, Je lui parlerai par des songes. Et si ce que dit ce prophète arrive, alors écoutez-le. Mais si cela n’arrive pas, alors ne l’écoutez pas.» Ce n’est que raisonnable. Assurément. S’il a dit une chose et que cela ne se produise pas, c’est faux. Si un prophète venait en donnant des prophéties, et que cela ne s’accomplisse pas, alors observez et voyez si cela s’accomplit. Si cela n’arr
Esaie 1:0;6;"SKN 62-1124E; SKN 59-1220M; SKN 63-1028; VGR 63-1028";"Ceci pourrait être approprié pour le moment. Il y a une chose qui fait que nous ne pouvons même pas rester éveillés, ou à peine, pendant un sermon. Ce n’est pas le cas ici ; mais à plusieurs endroits, quelqu’un tire toujours sur ma queue de pie [sorte de costume – N.D.T.], disant : « Hé, hé, hé. Nous devons faire ça et ça. » Qu’y a-t-il de plus important que proclamer la Parole de Dieu ? C’est ma conception des choses. Les réunions en plein air qui... Le prédicateur à l’ancienne mode se tenait là, et prêchait jusqu’à ce que le sa – sang et la sueur, pour ainsi dire, coulaient jusque dans ses c"
Apocalypse 2:0;6;"SKN 64-0802; SKN 61-1015M; SKN 65-1206; SKN 54-0220; SKN 55-1006A";"Vous voyez, l’ennemi est sorti, alors que le bon semeur était sorti semer une bonne Semence; et l’ennemi est venu derrière lui semer une semence corrompue. «Mais la pluie tombe sur les justes et sur les injustes; le soleil.» Tout ça doit pousser. Jésus a dit: «Laissez-les pousser ensemble. Ce jour-là, elle sera liée, l’ivraie.» Et maintenant, ils sont en train de se lier, dans de grandes organisations, en train de former une gerbe immense, le Conseil mondial des Eglises. Et quelle était la fin? Ça doit être brûlé. Mais le grain sera emporté dans le grenier. Voyez? Alors qu’ils vivent tous les "
Esaie 61:1;6;"SKN 62-0908; VGR 65-0219; VGR 62-0908; SKN 56-0715; VGR 56-0715";"Maintenant, la vision s'est accomplie. Et qu'est-ce qui a fait que je me suis toujours arrêté, sans le savoir, à ce 5ème verset... C'est tout ce que j'ai jamais lu. Mais il y a plus dans ce chapitre, plusieurs autres versets. Maintenant, vous pourrez dans votre chambre d'hôtel ou chez vous ce soir, aussitôt après la réunion, lire le reste parce que j'ai inscrit plusieurs Ecritures ici auxquelles je veux me référer, et des notes auxquelles je veux me référer. Et je veux que vous les lisiez en rentrant chez vous. Je les citerai, cela sera sur la bande. Vous devriez en noter quelques-unes; eh bie"
Luc 2:0;6;"SKN 55-0806; SKN 54-0403; SKN 55-0807E; SKN 60-1211E; VGR 60-1211E";"Et écoutez. M'entendez-vous? Suivez attentivement. Ce que Jésus était à l'époque, Il l'est aujourd'hui, sinon la Bible est fausse. Est-ce vrai? Ce que la foi était à l'époque, celle pour laquelle ils ont combattu jadis, elle l'est aujourd'hui, sinon nous sommes de faux témoins, sinon la Bible est fausse. Maintenant, cela n'est pas possible, et les Ecritures disent : "" Il est le même hier, aujourd'hui et éternellement. "" S'Il est mort et qu'Il est allé dans la tombe, et que tout est fini, Il est juste comme un homme quelconque, comme Bouddha, Mahomet, ou tous les autres hommes. Mais s'Il est re"
Matthieu 25:46;6;"SKN 57-0925; VGR 57-0925";Et donc c'est un peu... Quand nous devenons un petit peu âgé et affaibli, vous savez, et que nous devons perdre ces choses, cela devient désagréable. Et ainsi je... Alors que j'étais sorti avec Frère Roberson qui est là au fond et les autres, un matin je la brossais et j'en ai cassé un bout, et je devais l'amener chez le docteur pour la faire réparer. Ainsi, que le Seigneur ajoute Ses bénédictions. Maintenant nous allons là... Maintenant, je vais essayer de les parcourir toutes, si possible. Et Frère Tony, par la grâce de Dieu, j'ai l'interprétation de votre songe et il était merveilleux. Je s
Genese 45:0;6;"SKN 60-1204M; VGR 60-1204M; VGR 53-0729; SKN 61-0730E; VGR 61-0730E";"Et ce sera un temps de pleurs, non seulement pour les Juifs qui L'ont rejeté en tant que Messie, mais aussi pour le reste de ces Gentils qui L'ont accepté - ou plutôt qui L'ont rejeté en tant que le Messie de leur temps; ils gémiront et pleureront. Les vierges folles gémiront, elles sont cette église qui a refusé de mettre de l'huile dans sa lampe. Dix vierges sont sorties; toutes de braves personnes, mais cinq d'entre elles avaient de l'huile dans leurs lampes. Les cinq autres étaient aussi de braves personnes, de braves personnes, mais elles avaient manqué de mettre de l'huile dans leurs lam"
