ref;traduction;code;paragraphe;nb_mots;mots
Joel 2:28;SKN;47-0412;80;4;jeunes songes vieillards visions
Jean 5:24;SKN;47-1123;5;4;croit entend envoye jugement
Matthieu 24:24;SKN;47-1123;5;7;faux grands maniere possible prodiges prophetes signes
Joel 2:28;SKN;47-1123;5;4;arrivera chair filles verront
Jean 5:7;SKN;47-1123;5;4;descend jette malade viens
Hebreux 1:1;SKN;47-1123;5;5;autrefois peres plusieurs prophetes reprises
Apocalypse 10:1;SKN;47-1123;5;4;ange pieds puissant vis
Hebreux 3:1;SKN;47-1123;5;5;celeste considerez sacrificateur saints souverain
Marc 11:23;SKN;47-1123;5;4;aura dira jette ote
Matthieu 1:18;SKN;47-1123;5;5;ensemble etant joseph naissance soient
Apocalypse 10:7;SKN;47-1123;5;4;ange nouvelle prophetes voix
Apocalypse 22:18;SKN;47-1123;5;6;ecrites entend paroles prophetie rends temoignage
Apocalypse 10:1-7;SKN;47-1123;5;4;ange pieds puissant vis
1 Timothee 3:16;SKN;47-1123;5;7;anges chair cru eleve manifeste nations preche
Apocalypse 22:19;SKN;47-1123;5;4;ecrits ote paroles prophetie
Esaie 28:19;SKN;47-1123;5;4;entendre nuit passera prendra
Hebreux 9:11;SKN;47-1123;5;4;etant parfait sacrificateur souverain
Apocalypse 17:8;SKN;47-1123;5;4;ecrits monter noms vue
Matthieu 10:1;SKN;47-1123;5;7;appele autorite chasser disciples douze guerir maladie
Esaie 40:3;SKN;47-1123;5;4;chemin desert route voix
Apocalypse 17:15;SKN;47-1123;5;4;eaux foules langues nations
Hebreux 11:1;SKN;47-1123;5;4;celles conviction espere voit
Matthieu 12:42;SKN;47-1123;5;4;entendre jugement midi vint
Esaie 61:1;SKN;47-1123;5;4;apporter bonnes brise envoye
Apocalypse 19:21;SKN;47-1123;5;5;bouche chair cheval fut tue
Matthieu 24:29;SKN;47-1123;5;4;aussitot donnera puissances seront
Apocalypse 17:17;SKN;47-1123;5;6;accomplies curs paroles pensee royaume soient
Exode 13:21;SKN;47-1123;5;5;allait chemin conduire marchent nuit
Esaie 28:18;SKN;47-1123;5;5;alliance fleau foules passera serez
Matthieu 11:10;SKN;47-1123;5;4;chemin ecrit face lequel
Apocalypse 17:3;SKN;47-1123;5;4;desert noms sept vis
Ezechiel 28:12;SKN;47-1123;5;5;eleve etais forme plein roi
Apocalypse 20:4;SKN;47-1123;5;5;ames fut jugement temoignage vis
Matthieu 19:28;SKN;47-1123;5;4;douze serez suivi trone
Apocalypse 19:11;SKN;47-1123;5;6;appele blanc cheval fidele juge vis
Luc 21:24;SKN;47-1123;5;4;jerusalem nations pieds seront
Apocalypse 2:20;SKN;47-1123;5;4;enseigne idoles laisses manger
Matthieu 18:10;SKN;47-1123;5;4;anges face garde voient
Esaie 27:12;SKN;47-1123;5;5;arrivera fleau fleuve rassembles serez
Apocalypse 16:13;SKN;47-1123;5;4;bouche faux grenouilles vis
Esaie 53:12;SKN;47-1123;5;4;ame aura grands plusieurs
Apocalypse 1:1;SKN;47-1123;5;4;ange arriver donnee esclave
Galates 4:27;SKN;47-1123;5;5;cris eclate ecrit joie nes
Hebreux 9:11-14;SKN;47-1123;5;4;etant parfait sacrificateur souverain
Actes 20:24;SKN;47-1123;5;7;aucun cas pourvu precieuse rendre temoignage tiens
Actes 2:24;SKN;47-1123;5;4;douleurs lequel possible ressuscite
Luc 1:17;SKN;47-1123;5;5;curs ira pensee peres preparer
Nombres 19:9;SKN;47-1123;5;4;camp eau hors pur
Apocalypse 6:1;SKN;47-1123;5;4;sept viens vis voix
Actes 1:8;SKN;48-0304;37;5;jerusalem judee samarie serez temoins
Actes 1:8;SKN;48-0305;18;4;jerusalem judee samarie temoins
Esaie 53:5;SKN;49-0718;10;4;blesse gueris meurtrissures transgressions
Matthieu 1:18;SKN;49-1225;35;5;arriva enceinte fiancee joseph marie
Colossiens 1:15;SKN;49-1225;46;4;creation image invisible premier
Joel 2:28;SKN;49-1225;75;5;arrivera chair filles prophetiseront repandrai
Hebreux 4:14;SKN;50-0100;64;4;confession ferme sacrificateur souverain
Matthieu 3:16;SKN;50-0200;55;4;aussitot ayant descendre leau
Esaie 53:5;SKN;50-0300;23;6;blesse chatiment gueris iniquites meurtrissures paix
Exode 13:21;SKN;50-0300;28;5;chemin colonne conduire nuee nuit
Esaie 53:5;SKN;50-0409;3;6;blesse chatiment gueris iniquites meurtrissures paix
Actes 2:38;SKN;50-0409;4;5;baptise don peches recevrez repentez
Matthieu 1:18;SKN;50-0713;10;5;ensemble etant marie naissance soient
Matthieu 10:1;SKN;50-0713;10;7;appele chasser disciples douze esprits guerir maladie
Esaie 40:3;SKN;50-0713;10;4;chemin desert route voix
Apocalypse 17:17;SKN;50-0713;10;4;donner pensee royaume soient
Esaie 53:12;SKN;50-0713;10;4;aura compte grands plusieurs
Actes 20:24;SKN;50-0713;10;6;aucun cas rendre service temoignage tiens
Apocalypse 1:20;SKN;50-0713;10;4;anges droite etoiles sept
Jean 3:16;SKN;50-0714;33;5;croit eternelle perisse quiconque unique
Apocalypse 5:9;SKN;50-0716;20;5;den digne immole ouvrir sceaux
Matthieu 24:24;SKN;50-0810;5;5;faux grands possible prophetes signes
Genese 1:26;SKN;50-0810;5;6;cieux faisons mer oiseaux poissons selon
Deuteronome 18:15;SKN;50-0810;5;4;dentre milieu suscitera tes
Jean 5:7;SKN;50-0810;5;5;descend leau malade nai viens
Actes 1:8;SKN;50-0810;5;6;bout jerusalem judee jusquau serez temoins
Hebreux 1:1;SKN;50-0810;5;4;autrefois ayant plusieurs prophetes
Apocalypse 10:1;SKN;50-0810;5;5;ange pieds puissant soleil visage
Hebreux 3:1;SKN;50-0810;5;5;celeste confession sacrificateur saints souverain
Matthieu 1:18;SKN;50-0810;5;5;arriva ensemble marie naissance soient
Apocalypse 10:7;SKN;50-0810;5;6;ange annonce prophetes termine trompette voix
Apocalypse 22:18;SKN;50-0810;5;4;entend paroles prophetie temoignage
Apocalypse 10:1-7;SKN;50-0810;5;5;ange pieds puissant soleil visage
Hebreux 6:4;SKN;50-0810;5;5;celeste devenus don goute impossible
Apocalypse 22:19;SKN;50-0810;5;4;larbre paroles prophetie sainte
Esaie 28:19;SKN;50-0810;5;4;den entendre nuit passera
Hebreux 9:11;SKN;50-0810;5;4;biens creation sacrificateur souverain
Genese 1:11;SKN;50-0810;5;6;ayant larbre plante portant selon semence
Nombres 12:6;SKN;50-0810;5;4;connaitre paroles songe vision
Matthieu 10:1;SKN;50-0810;5;6;appele ayant chasser esprits guerir maladie
Apocalypse 3:14;SKN;50-0810;5;5;commencement creation fidele lange temoin
Genese 3:16;SKN;50-0810;5;4;desir grandes tes tourne
Esaie 40:3;SKN;50-0810;5;4;chemin desert route voix
Luc 16:16;SKN;50-0810;5;4;annonce loi lors prophetes
Ephesiens 1:13;SKN;50-0810;5;4;ayant cru espere salut
Apocalypse 19:21;SKN;50-0810;5;5;bouche chair fut oiseaux tue
Matthieu 24:29;SKN;50-0810;5;8;aussitot cieux donnera etoiles lune puissances soleil tribulation
Apocalypse 17:17;SKN;50-0810;5;4;accomplies donner paroles soient
Exode 13:21;SKN;50-0810;5;5;allait chemin colonne conduire nuit
Matthieu 11:10;SKN;50-0810;5;4;chemin ecrit face lequel
Apocalypse 6:11;SKN;50-0810;5;6;compagnons complet fut longue robe soient
Apocalypse 17:3;SKN;50-0810;5;4;assise ayant desert sept
Ezechiel 28:12;SKN;50-0810;5;5;accomplie dhomme forme plein roi
Apocalypse 20:4;SKN;50-0810;5;4;fut navaient rendu temoignage
Matthieu 19:28;SKN;50-0810;5;4;disrael serez suivi trone
Apocalypse 19:11;SKN;50-0810;5;6;appele blanc fidele juge justice ouvert
Apocalypse 22:8;SKN;50-0810;5;4;lange montrait pieds rendre
Apocalypse 2:20;SKN;50-0810;5;4;commettre laisses manger prophetesse
Matthieu 18:10;SKN;50-0810;5;6;anges cieux continuellement face garde voient
Malachie 3:1;SKN;50-0810;5;4;chemin lalliance lange temple
Esaie 50:6;SKN;50-0810;5;5;cache dos face joues nai
Esaie 53:12;SKN;50-0810;5;5;ame aura compte grands plusieurs
Zacharie 11:12;SKN;50-0810;5;4;dargent donnez laissez sinon
Apocalypse 1:1;SKN;50-0810;5;4;ange arriver donnee revelation
Matthieu 3:16;SKN;50-0810;5;5;aussitot ayant cieux descendre leau
Hebreux 9:11-14;SKN;50-0810;5;4;biens creation sacrificateur souverain
Genese 1:28;SKN;50-0810;5;5;benit cieux mer oiseaux poissons
Hebreux 4:15;SKN;50-0810;5;4;navons sacrificateur souverain tente
Hebreux 12:25;SKN;50-0810;5;4;cieux garde nont parlait
Actes 20:24;SKN;50-0810;5;5;aucun rendre service temoignage tiens
Josue 10:12;SKN;50-0810;5;6;arrete disrael josue lune parla soleil
Jean 14:9;SKN;50-0810;5;4;connu mas montre philippe
Ephesiens 1:13-14;SKN;50-0810;5;4;ayant cru espere salut
Hebreux 4:14;SKN;50-0810;5;7;ayant cieux confession ferme sacrificateur souverain traverse
Apocalypse 1:20;SKN;50-0810;5;4;anges droite etoiles sept
1 Timothee 3:16;SKN;50-0811;5;5;chair contredit manifeste mystere piete
Matthieu 1:18;SKN;50-0813A;14;4;joseph marie naissance soient
Exode 13:21;SKN;50-0813E;3;4;allait colonne nuee nuit
Matthieu 3:16;SKN;50-0814;2;4;ayant descendre leau vit
Genese 1:26;SKN;50-0815;18;7;betail cieux faisons image mer poissons ressemblance
Matthieu 24:24;SKN;50-0820A;20;4;grands possible prodiges signes
Hebreux 13:10;SKN;50-0820A;22;4;autel manger nont tabernacle
Matthieu 24:29;SKN;50-0820A;23;4;lune puissances seront soleil
Apocalypse 6:12;SKN;50-0820A;111;4;noir sac soleil vis
Hebreux 1:1;SKN;50-0821;38;4;autrefois plusieurs prophetes reprises
Esaie 53:5;SKN;50-0822;26;6;blesse chatiment gueris iniquites meurtrissures paix
Apocalypse 17:17;SKN;50-0824;12;4;accomplies curs paroles soient
Esaie 53:5;SKN;50-0824;33;6;blesse chatiment gueris iniquites meurtrissures paix
Matthieu 24:29;SKN;50-0827A;50;4;donnera lune seront soleil
Jean 5:24;SKN;50-0827E;5;4;croit entend envoye jugement
Matthieu 24:24;SKN;50-0827E;5;4;faux possible prodiges signes
Genese 1:26;SKN;50-0827E;5;4;betail cieux mer selon
Jean 5:7;SKN;50-0827E;5;7;descend jette leau malade nai reservoir viens
Apocalypse 22:18;SKN;50-0827E;5;5;entend paroles prophetie rends temoignage
Genese 1:11;SKN;50-0827E;5;4;ayant larbre portant selon
Nombres 12:6;SKN;50-0827E;5;5;connaitre ferai leternel paroles vision
Matthieu 10:1;SKN;50-0827E;5;6;appele ayant disciples esprits guerir maladie
Esaie 40:3;SKN;50-0827E;5;4;chemin desert leternel voix
Matthieu 24:29;SKN;50-0827E;5;4;aussitot cieux donnera seront
Apocalypse 17:17;SKN;50-0827E;5;4;donner paroles pensee soient
Zacharie 14:7;SKN;50-0827E;5;4;aura connu leternel nuit
Jeremie 8:22;SKN;50-0827E;5;4;applique baume fille medecin
Exode 13:21;SKN;50-0827E;5;7;allait chemin colonne conduire leternel nuee nuit
Apocalypse 6:11;SKN;50-0827E;5;4;blanche fut robe soient
Apocalypse 17:3;SKN;50-0827E;5;5;assise ayant desert noms tetes
Ezechiel 28:12;SKN;50-0827E;5;5;etais forme leternel plein roi
Apocalypse 20:4;SKN;50-0827E;5;4;fut jugement navaient temoignage
Matthieu 18:10;SKN;50-0827E;5;4;anges cieux garde prenez
Malachie 3:1;SKN;50-0827E;5;4;chemin cherchez lange prenez
Esaie 27:12;SKN;50-0827E;5;4;arrivera disrael leternel rassembles
Esaie 53:12;SKN;50-0827E;5;4;ame aura forts plusieurs
Apocalypse 1:1;SKN;50-0827E;5;5;arriver bientot doivent donnee montrer
Matthieu 3:16;SKN;50-0827E;5;5;aussitot ayant cieux descendre leau
Genese 1:28;SKN;50-0827E;5;4;cieux mer meut vivant
Hebreux 12:25;SKN;50-0827E;5;4;cieux garde parlait prenez
Actes 20:24;SKN;50-0827E;5;7;aucun cas levangile rendre service temoignage tiens
Josue 10:12;SKN;50-0827E;5;4;arrete disrael leternel parla
Jean 14:9;SKN;50-0827E;5;4;connu mas montre philippe
Hebreux 4:14;SKN;50-0827E;5;5;ayant cieux confession ferme tenons
Apocalypse 17:17;SKN;51-0413;53;4;curs paroles royaume soient
Actes 20:24;SKN;51-0414;43;4;aucun rendre temoignage tiens
Matthieu 24:24;SKN;51-0501;42;4;grands prodiges prophetes signes
Apocalypse 10:1;SKN;51-0502;43;4;ange descendant pieds visage
Apocalypse 10:1-7;SKN;51-0502;43;4;ange descendant pieds visage
Esaie 27:12;SKN;51-0503;24;4;disrael fleuve jusquau leternel
Josue 10:12;SKN;51-0503;24;4;disrael josue leternel soleil
1 Timothee 3:16;SKN;51-0505;27;5;chair eleve manifeste nations preche
Esaie 53:5;SKN;51-0505;28;5;blesse chatiment gueris meurtrissures paix
Actes 20:24;SKN;51-0507;32;4;levangile rendre temoignage tiens
Jean 3:14;SKN;51-0508;28;4;desert eleva eleve serpent
Jean 5:7;SKN;51-0509;16;4;leau nai repondit viens
Esaie 53:5;SKN;51-0717;19;6;blesse chatiment gueris iniquites meurtrissures paix
Jean 5:7;SKN;51-0719;8;7;agitee descend leau malade nai repondit viens
Esaie 9:6;SKN;51-0719;53;4;conseiller merveilleux paix prince
Esaie 53:5;SKN;51-0719;58;5;blesse chatiment gueris meurtrissures paix
Esaie 53:5;SKN;51-0720;51;6;blesse chatiment gueris iniquites meurtrissures paix
Jean 14:9;SKN;51-0721;36;4;connu mas montre philippe
Matthieu 3:16;SKN;51-0722E;15;4;ayant descendre leau vit
Jean 5:7;SKN;51-0727;5;9;agitee descend jette leau malade nai repondit reservoir viens
Hebreux 1:1;SKN;51-0728;9;6;autrefois manieres peres plusieurs prophetes reprises
Jean 5:7;SKN;51-0728;19;4;leau nai repondit viens
Luc 16:16;SKN;51-0728;20;4;loi lors prophetes royaume
Matthieu 24:29;SKN;51-0729A;33;4;cieux etoiles lune soleil
Actes 1:8;SKN;51-0729A;69;5;jerusalem judee samarie serez temoins
Actes 2:38;SKN;51-0729A;74;5;baptise don peches recevrez repentez
Matthieu 3:16;SKN;51-0729E;28;4;ayant descendre leau vit
Hebreux 4:14;SKN;51-0729E;33;4;cieux confession sacrificateur souverain
Jean 5:7;SKN;51-0923;18;6;agitee descend leau malade nai repondit
Esaie 53:5;SKN;51-0923;33;5;blesse chatiment gueris meurtrissures paix
Actes 20:24;SKN;51-0923;68;4;aucun cas temoignage tiens
Esaie 9:6;SKN;51-0928;12;4;conseiller merveilleux paix prince
Hebreux 4:14;SKN;51-0928;58;4;cieux confession sacrificateur souverain
Psaumes 103:3;SKN;51-0930E;57;4;guerit iniquites pardonne tes
Matthieu 3:16;SKN;51-1003;51;4;baptise cieux leau ouverts
Hebreux 4:14;SKN;51-1003;65;4;confession ferme sacrificateur souverain
Hebreux 3:1;SKN;51-1003;71;4;confession considerez sacrificateur souverain
Hebreux 4:14;SKN;51-1003;71;4;cieux confession sacrificateur souverain
Genese 22:14;SKN;52-0224;122;5;jehovah jire leternel montagne pourvu
Galates 3:29;SKN;52-0224;123;4;dabraham heritiers selon semence
Esaie 53:5;SKN;52-0224;168;6;blesse chatiment gueris iniquites meurtrissures paix
Jean 3:14;SKN;52-0224;170;4;desert eleva eleve serpent
Jean 5:24;SKN;52-0224;183;5;croit entend envoye eternelle jugement
Genese 1:11;SKN;52-0224;183;5;ayant plante portant selon semence
Matthieu 10:1;SKN;52-0224;183;7;autorite ayant chasser disciples douze esprits guerir
Ephesiens 2:12;SKN;52-0224;183;4;droit etant etiez israel
Apocalypse 20:4;SKN;52-0224;183;5;ames fut jugement rendu temoignage
Actes 20:24;SKN;52-0224;183;7;aucun cas levangile pourvu service temoignage tiens
Actes 2:24;SKN;52-0224;183;4;ayant lequel possible ressuscite
Luc 1:17;SKN;52-0224;183;4;ira justes pensee retourner
Hebreux 4:14;SKN;52-0224;183;4;ayant cieux confession ferme
Joel 2:28;SKN;52-0713E;36;4;jeunes songes vieillards visions
Jean 5:24;SKN;52-0713E;69;4;croit envoye eternelle jugement
Jacques 5:14;SKN;52-0715;13;4;anciens dhuile malade prient
Jacques 5:14;SKN;52-0717;4;6;anciens appelle dhuile loignant malade prient
Jean 5:24;SKN;52-0720A;164;4;croit envoye eternelle jugement
Esaie 53:5;SKN;52-0720E;12;6;blesse chatiment gueris iniquites meurtrissures paix
Esaie 53:5;SKN;52-0720E;15;4;blesse gueris iniquites meurtrissures
Jean 14:9;SKN;52-0720E;23;4;connu mas montre philippe
Matthieu 3:16;SKN;52-0725;55;4;ayant descendre leau vit
Amos 3:7;SKN;52-0725;68;4;prophetes revele secret serviteurs
Matthieu 1:18;SKN;52-0809;3;4;etant fiancee joseph marie
Joel 2:28;SKN;52-0809;12;9;arrivera chair filles jeunes prophetiseront repandrai songes vieillards visions
Apocalypse 5:9;SKN;52-0810A;5;4;digne immole ouvrir sceaux
Jean 5:24;SKN;52-0810E;58;5;croit entend envoye eternelle jugement
Esaie 53:5;SKN;52-0817A;43;5;blesse gueris iniquites meurtrissures paix
Esaie 40:3;SKN;52-0900;7;4;chemin desert leternel route
Jean 5:24;SKN;52-0900;10;4;croit envoye eternelle jugement
Genese 22:14;SKN;52-0900;72;4;appela jehovah jire leternel
Actes 1:8;SKN;52-0900;193;5;jerusalem judee samarie serez temoins
Esaie 53:5;SKN;53-0215;11;6;blesse chatiment gueris iniquites meurtrissures paix
Esaie 9:6;SKN;53-0325;31;4;fort merveilleux paix prince
Joel 2:28;SKN;53-0325;31;4;chair jeunes songes visions
Genese 1:26;SKN;53-0325;31;6;animal cieux faisons image oiseaux selon
Actes 1:8;SKN;53-0325;31;4;bout jerusalem serez venant
Hebreux 1:1;SKN;53-0325;31;5;ayant manieres peres plusieurs reprises
Actes 2:4;SKN;53-0325;31;5;commencerent donnait langues remplis selon
Apocalypse 10:1;SKN;53-0325;31;4;ange puissant soleil visage
Matthieu 1:18;SKN;53-0325;31;8;arriva ensemble etant joseph marie naissance soient trouva
Apocalypse 10:7;SKN;53-0325;31;5;ange annonce nouvelle termine voix
Apocalypse 10:1-7;SKN;53-0325;31;4;ange puissant soleil visage
1 Timothee 3:16;SKN;53-0325;31;6;anges chair cru eleve nations piete
Hebreux 9:11;SKN;53-0325;31;4;biens etant parfait tabernacle
Apocalypse 17:8;SKN;53-0325;31;7;bete ecrits fondation noms perdition voyant vue
Genese 1:11;SKN;53-0325;31;5;ayant espece portant selon semence
Nombres 12:6;SKN;53-0325;31;5;connaitre ferai paroles songe vision
Apocalypse 3:14;SKN;53-0325;31;4;commencement fidele laodicee veritable
Apocalypse 13:14;SKN;53-0325;31;5;bete fut image miracles seduit
Genese 3:16;SKN;53-0325;31;5;desir grandes rendrai tes tourne
Esaie 40:3;SKN;53-0325;31;5;chemin crie desert route voix
Apocalypse 17:15;SKN;53-0325;31;5;assise eaux langues nations peuples
Luc 16:16;SKN;53-0325;31;4;annonce loi lors royaume
Esaie 61:1;SKN;53-0325;31;5;apporter bonnes brise envoye nouvelles
Apocalypse 19:21;SKN;53-0325;31;5;bouche chair fut oiseaux tue
Ephesiens 2:12;SKN;53-0325;31;5;alliances droit etant etiez israel
Matthieu 27:51;SKN;53-0325;31;5;dechira rochers temple trembla voile
Apocalypse 17:17;SKN;53-0325;31;6;bete curs donner paroles royaume soient
Matthieu 11:10;SKN;53-0325;31;4;chemin ecrit face lequel
Apocalypse 6:6;SKN;53-0325;31;4;animaux mesure milieu voix
Apocalypse 6:11;SKN;53-0325;31;6;blanche devaient fut reposent robe soient
Apocalypse 21:19;SKN;53-0325;31;4;fondement jaspe premier troisieme
Apocalypse 17:3;SKN;53-0325;31;7;assise ayant bete desert noms pleine sept
Jean 12:24;SKN;53-0325;31;4;ble demeure grain meurt
Ezechiel 28:12;SKN;53-0325;31;7;accomplie eleve etais forme perfection plein roi
Apocalypse 20:4;SKN;53-0325;31;4;bete fut image temoignage
Apocalypse 19:11;SKN;53-0325;31;4;appele fidele justice veritable
Luc 21:24;SKN;53-0325;31;4;jerusalem nations seront tranchant
Matthieu 18:10;SKN;53-0325;31;5;anges cieux face prenez voient
Malachie 3:1;SKN;53-0325;31;4;chemin prenez temple viendra
Apocalypse 16:13;SKN;53-0325;31;4;bete bouche esprits faux
Esaie 50:6;SKN;53-0325;31;5;cache crachats dos face poil
Esaie 53:9;SKN;53-0325;31;4;aucune bouche donna mechants
Esaie 53:12;SKN;53-0325;31;5;ame aura compte grands plusieurs
Zacharie 11:12;SKN;53-0325;31;4;donnez laissez pieces sinon
Apocalypse 1:1;SKN;53-0325;31;5;ange arriver bientot donnee montrer
Matthieu 3:16;SKN;53-0325;31;6;ayant baptise cieux colombe descendre vit
Galates 4:27;SKN;53-0325;31;5;cris ecrit joie nes pousse
Apocalypse 5:9;SKN;53-0325;31;4;immole nation ouvrir tribu
Hebreux 9:11-14;SKN;53-0325;31;4;biens etant parfait tabernacle
Genese 1:28;SKN;53-0325;31;4;benit cieux oiseaux vivant
Apocalypse 6:12;SKN;53-0325;31;5;devint fit poil sceau soleil
Actes 20:24;SKN;53-0325;31;5;aucun cas course rendre temoignage
Luc 1:17;SKN;53-0325;31;4;curs justes peres retourner
Luc 10:1;SKN;53-0325;31;4;devait envoya face lieux
Jean 5:39;SKN;53-0325;31;4;estimez eternelle sondez temoignage
Marc 13:27;SKN;53-0325;31;4;anges bout elus vents
Nombres 19:9;SKN;53-0325;31;4;eau genisse hors pur
Hebreux 4:14;SKN;53-0325;31;4;ayant cieux ferme tenons
Genese 14:18;SKN;53-0325;31;5;apporter fit pain roi vin
Apocalypse 1:20;SKN;53-0325;31;5;anges droite etoiles lampes sept
Jean 5:24;SKN;53-0326;125;4;croit entend envoye eternelle
Matthieu 16:18;SKN;53-0326;178;4;batirai portes prevaudront roc
Jean 5:24;SKN;53-0327;20;4;croit envoye eternelle jugement
Actes 2:38;SKN;53-0327;186;4;don peches recevrez repentez
Jean 3:16;SKN;53-0327;209;5;croit eternelle perisse quiconque unique
Actes 2:38;SKN;53-0328;108;5;baptise don peches recevrez repentez
Genese 3:1;SKN;53-0328;169;4;champs jardin ruse serpent
Jean 3:14;SKN;53-0328;180;4;desert eleva eleve serpent
Esaie 53:5;SKN;53-0403;157;5;blesse chatiment gueris meurtrissures paix
Esaie 53:5;SKN;53-0403;219;4;blesse chatiment iniquites paix
Actes 1:8;SKN;53-0405E;27;6;jerusalem judee recevrez samarie serez temoins
Apocalypse 5:9;SKN;53-0405E;41;5;den digne immole ouvrir sceaux
Actes 1:8;SKN;53-0405E;44;4;jerusalem judee samarie temoins
Actes 1:8;SKN;53-0405E;145;5;jerusalem judee samarie serez temoins
Actes 1:8;SKN;53-0405E;232;4;jerusalem judee samarie temoins
Actes 1:8;SKN;53-0405E;241;5;jerusalem judee recevrez serez temoins
Jean 5:24;SKN;53-0405S;115;4;croit entend envoye eternelle
Actes 1:8;SKN;53-0405S;182;5;jerusalem judee samarie serez temoins
Apocalypse 5:9;SKN;53-0506;8;5;den digne immole ouvrir sceaux
Apocalypse 6:1;SKN;53-0506;8;4;lagneau sceaux sept viens
Jean 5:7;SKN;53-0506;10;4;leau nai repondit viens
Esaie 53:5;SKN;53-0506;12;6;blesse chatiment gueris iniquites meurtrissures paix
Actes 20:24;SKN;53-0507;39;4;cas levangile pourvu temoignage
Actes 1:8;SKN;53-0508;1;6;jerusalem judee recevrez samarie serez temoins
Jean 5:39;SKN;53-0508;2;4;eternelle rendent sondez temoignage
Actes 1:8;SKN;53-0508;21;6;jerusalem judee recevrez samarie serez temoins
Esaie 40:3;SKN;53-0509;12;4;chemin desert leternel voix
Exode 13:21;SKN;53-0509;12;7;allait chemin colonne eclairer leternel nuee nuit
Matthieu 3:16;SKN;53-0510;2;4;ayant descendre leau vit
Psaumes 103:3;SKN;53-0511;26;4;guerit iniquites pardonne tes
Galates 3:29;SKN;53-0512;12;4;dabraham heritiers selon semence
Jean 3:14;SKN;53-0513;12;4;desert eleva eleve serpent
Esaie 53:5;SKN;53-0513;17;4;blesse gueris iniquites meurtrissures
Jean 3:14;SKN;53-0513;25;4;desert eleva eleve serpent
Matthieu 24:24;SKN;53-0531;30;4;grands possible prodiges signes
Matthieu 24:24;SKN;53-0602;5;4;grands possible prodiges signes
Actes 1:8;SKN;53-0602;5;4;bout samarie serez venant
Hebreux 3:1;SKN;53-0602;5;5;celeste confession sacrificateur saints souverain
Matthieu 1:18;SKN;53-0602;5;4;ensemble etant naissance soient
1 Timothee 3:16;SKN;53-0602;5;4;cru eleve manifeste nations
Apocalypse 17:8;SKN;53-0602;5;4;ecrits monter voyant vue
Nombres 12:6;SKN;53-0602;5;5;connaitre ferai paroles songe vision
Matthieu 10:1;SKN;53-0602;5;5;autorite douze esprits guerir maladie
Genese 3:16;SKN;53-0602;5;4;grandes mari tes tourne
Esaie 40:3;SKN;53-0602;5;4;chemin crie desert voix
Apocalypse 17:17;SKN;53-0602;5;5;accomplies curs paroles royaume soient
Apocalypse 17:3;SKN;53-0602;5;4;assise desert pleine sept
Apocalypse 1:1;SKN;53-0602;5;5;ange arriver doivent montrer revelation
Actes 20:24;SKN;53-0602;5;4;aucun cas precieuse service
Luc 1:17;SKN;53-0602;5;4;curs ira justes retourner
Hebreux 4:14;SKN;53-0602;5;4;cieux confession sacrificateur souverain
Exode 13:21;SKN;53-0603;2;7;allait chemin colonne eclairer leternel nuee nuit
Apocalypse 1:1;SKN;53-0603;9;4;ange arriver bientot doivent
Malachie 3:1;SKN;53-0603;10;4;chemin jenvoie lalliance lange
Esaie 61:1;SKN;53-0603;46;4;apporter bonnes envoye nouvelles
Genese 3:1;SKN;53-0606;13;5;animal jardin leternel ruse serpent
Esaie 53:5;SKN;53-0606;20;4;blesse gueris meurtrissures paix
Jean 3:14;SKN;53-0606;21;4;desert eleva eleve serpent
Jean 5:24;SKN;53-0606;25;4;croit envoye eternelle jugement
Genese 22:14;SKN;53-0606;40;4;jehovah jire leternel pourvu
Matthieu 18:10;SKN;53-0607A;21;6;anges cieux continuellement face mepriser voient
Actes 2:4;SKN;53-0607A;53;4;donnait furent langues remplis
Actes 2:38;SKN;53-0607A;56;5;baptise don peches recevrez repentez
Joel 2:28;SKN;53-0607A;56;5;arrivera chair filles prophetiseront repandrai
Jean 5:24;SKN;53-0608A;24;4;croit envoye eternelle jugement
Jean 5:24;SKN;53-0609A;67;4;croit envoye eternelle jugement
Hebreux 1:1;SKN;53-0609A;70;5;manieres peres plusieurs prophetes reprises
Apocalypse 17:17;SKN;53-0610;87;4;donner pensee royaume soient
Deuteronome 18:15;SKN;53-0612;10;4;dentre leternel milieu tes
Apocalypse 22:18;SKN;53-0612;10;5;ajoute entend paroles prophetie temoignage
1 Timothee 3:16;SKN;53-0612;10;7;anges chair contredit cru eleve manifeste preche
Hebreux 13:10;SKN;53-0612;10;4;droit manger nont tabernacle
Apocalypse 22:19;SKN;53-0612;10;4;larbre ote paroles prophetie
Apocalypse 17:8;SKN;53-0612;10;4;fondation monter noms vue
Genese 1:11;SKN;53-0612;10;4;ayant espece larbre portant
Genese 22:14;SKN;53-0612;10;4;jehovah jire leternel pourvu
Nombres 12:6;SKN;53-0612;10;5;connaitre ferai leternel paroles vision
Matthieu 10:1;SKN;53-0612;10;6;appele ayant chasser esprits guerir maladie
Genese 3:16;SKN;53-0612;10;6;desir grandes mari tes tourne travail
Esaie 40:3;SKN;53-0612;10;7;chemin crie desert leternel route sterile voix
Apocalypse 17:15;SKN;53-0612;10;4;assise eaux foules langues
Ephesiens 1:13;SKN;53-0612;10;5;auquel ayant cru levangile salut
Genese 3:8;SKN;53-0612;10;5;arbres frais leternel milieu voix
Matthieu 12:42;SKN;53-0612;10;4;generation jugement levera midi
Esaie 61:1;SKN;53-0612;10;5;apporter bonnes brise envoye leternel
Apocalypse 19:21;SKN;53-0612;10;4;bouche chair cheval tue
Ephesiens 2:12;SKN;53-0612;10;4;droit etant etiez israel
Malachie 3:6;SKN;53-0612;10;4;change consumes leternel netes
Exode 13:21;SKN;53-0612;10;5;allait chemin colonne leternel nuit
Daniel 7:9;SKN;53-0612;10;5;blanc cheveux lancien places pure
Matthieu 11:10;SKN;53-0612;10;5;chemin ecrit face jenvoie lequel
Apocalypse 6:11;SKN;53-0612;10;4;complet devaient longue soient
Apocalypse 17:3;SKN;53-0612;10;6;assise ayant desert noms pleine tetes
Ezechiel 28:12;SKN;53-0612;10;6;dhomme eleve etais forme leternel plein
Genese 3:1;SKN;53-0612;10;5;arbre champs leternel quaucun serpent
Apocalypse 19:11;SKN;53-0612;10;6;appele blanc cheval fidele juge ouvert
Apocalypse 22:8;SKN;53-0612;10;4;lange montrait pieds rendre
Matthieu 18:10;SKN;53-0612;10;6;anges cieux face garde prenez voient
Malachie 3:1;SKN;53-0612;10;6;chemin cherchez jenvoie lange prenez temple
Esaie 50:6;SKN;53-0612;10;4;dos face joues nai
Esaie 53:9;SKN;53-0612;10;4;aucune bouche fraude navait
Esaie 53:12;SKN;53-0612;10;4;ame compte grands plusieurs
Zacharie 11:12;SKN;53-0612;10;5;dargent donnez laissez pieces sinon
Matthieu 3:16;SKN;53-0612;10;7;aussitot ayant cieux descendre leau ouverts vit
Galates 4:27;SKN;53-0612;10;8;cris eclate ecrit joie nes pousse sterile travail
Apocalypse 5:9;SKN;53-0612;10;7;achete den digne immole langue ouvrir sceaux
Malachie 4:5;SKN;53-0612;10;4;envoie leternel terrible vienne
Joel 2:25;SKN;53-0612;10;6;annees armee envoyee milieu qua sauterelle
Genese 1:28;SKN;53-0612;10;4;benit cieux mer vivant
Hebreux 12:25;SKN;53-0612;10;5;cieux garde nont parlait prenez
Actes 20:24;SKN;53-0612;10;8;aucun cas levangile pourvu rendre service temoignage tiens
Actes 2:24;SKN;53-0612;10;4;ayant lequel possible ressuscite
Jean 14:9;SKN;53-0612;10;4;connu mas montre philippe
Apocalypse 6:1;SKN;53-0612;10;4;animaux sceaux viens voix
Ephesiens 1:13-14;SKN;53-0612;10;5;auquel ayant cru levangile salut
Hebreux 4:14;SKN;53-0612;10;5;ayant cieux confession ferme traverse
Actes 2:38;SKN;53-0613;14;5;baptise don peches recevrez repentez
Matthieu 24:24;SKN;53-0613;14;6;faux grands possible prodiges seduire signes
Esaie 9:6;SKN;53-0613;14;5;appellera epaule merveilleux paix prince
Joel 2:28;SKN;53-0613;14;4;arrivera chair filles jeunes
Jacques 5:14;SKN;53-0613;14;4;anciens appelle lassemblee malade
Psaumes 103:3;SKN;53-0613;14;4;guerit iniquites pardonne tes
Deuteronome 18:15;SKN;53-0613;14;4;dentre leternel milieu tes
Jean 5:7;SKN;53-0613;14;6;agitee descend leau malade nai viens
Actes 2:4;SKN;53-0613;14;4;donnait furent langues remplis
Apocalypse 10:1;SKN;53-0613;14;5;ange revetu soleil vis visage
Hebreux 3:1;SKN;53-0613;14;6;celeste confession considerez sacrificateur saints souverain
Marc 11:23;SKN;53-0613;14;5;aura dira montagne ote quiconque
Matthieu 1:18;SKN;53-0613;14;6;arriva ensemble etant marie naissance soient
Apocalypse 10:7;SKN;53-0613;14;5;ange mystere nouvelle termine voix
Apocalypse 22:18;SKN;53-0613;14;5;entend paroles quiconque rends temoignage
Apocalypse 10:1-7;SKN;53-0613;14;5;ange revetu soleil vis visage
1 Timothee 3:16;SKN;53-0613;14;7;anges chair cru eleve mystere nations preche
Apocalypse 13:8;SKN;53-0613;14;4;ecrit fondation immole lagneau
Hebreux 9:11;SKN;53-0613;14;4;etant parfait sacrificateur souverain
Apocalypse 17:8;SKN;53-0613;14;4;fondation monter noms vue
Genese 1:11;SKN;53-0613;14;4;ayant espece plante portant
Genese 22:14;SKN;53-0613;14;4;jehovah leternel montagne pourvu
Nombres 12:6;SKN;53-0613;14;4;connaitre leternel paroles songe
Matthieu 10:1;SKN;53-0613;14;7;appele ayant chasser donna esprits guerir maladie
Genese 3:16;SKN;53-0613;14;5;grandes mari souffrances tes tourne
Esaie 40:3;SKN;53-0613;14;5;chemin desert leternel route voix
Apocalypse 17:15;SKN;53-0613;14;4;assise eaux langues nations
Esaie 32:2;SKN;53-0613;14;9;aride aura deau lombre protection rocher ruisseaux sec vent
Ephesiens 1:13;SKN;53-0613;14;5;auquel ayant cru levangile salut
Genese 3:8;SKN;53-0613;14;4;frais leternel milieu voix
Matthieu 12:42;SKN;53-0613;14;5;condamnera entendre generation jugement vint
Esaie 61:1;SKN;53-0613;14;5;apporter brise envoye leternel nouvelles
Apocalypse 19:21;SKN;53-0613;14;6;bouche chair cheval furent fut oiseaux
Matthieu 24:29;SKN;53-0613;14;7;aussitot cieux donnera etoiles lune seront soleil
Malachie 3:6;SKN;53-0613;14;4;change jacob leternel netes
Esaie 53:5;SKN;53-0613;14;6;blesse chatiment gueris iniquites meurtrissures paix
Apocalypse 17:17;SKN;53-0613;14;4;donner paroles royaume soient
Zacharie 14:7;SKN;53-0613;14;4;aura connu leternel nuit
Exode 13:21;SKN;53-0613;14;5;allait chemin conduire leternel nuit
Daniel 7:9;SKN;53-0613;14;5;blanc cheveux furent lancien vis
Apocalypse 6:6;SKN;53-0613;14;4;animaux mesure milieu voix
Apocalypse 6:11;SKN;53-0613;14;4;devaient fut robe soient
Apocalypse 17:3;SKN;53-0613;14;8;assise ayant blaspheme desert noms sept tetes vis
Ezechiel 28:12;SKN;53-0613;14;6;eleve etais forme leternel plein roi
Genese 3:1;SKN;53-0613;14;4;animal arbre leternel serpent
Apocalypse 20:4;SKN;53-0613;14;6;fut jugement navaient rendu temoignage vis
Apocalypse 19:11;SKN;53-0613;14;7;appele blanc cheval combat juge ouvert vis
Matthieu 18:10;SKN;53-0613;14;5;anges cieux garde prenez voient
Malachie 3:1;SKN;53-0613;14;7;chemin cherchez lange prenez soudain temple viendra
Deuteronome 32:11;SKN;53-0613;14;4;ailes plane plumes prend
Esaie 27:12;SKN;53-0613;14;7;arrivera courant disrael fleau leternel serez torrent
Apocalypse 16:13;SKN;53-0613;14;4;bouche esprits faux vis
Esaie 53:9;SKN;53-0613;14;5;aucune bouche donna navait riche
Esaie 53:12;SKN;53-0613;14;4;ame aura compte grands
Psaumes 41:9;SKN;53-0613;14;4;ami leve mangeait pain
Apocalypse 1:1;SKN;53-0613;14;5;ange arriver doivent donnee montrer
Matthieu 3:16;SKN;53-0613;14;8;aussitot ayant baptise cieux colombe descendre furent leau
Galates 4:27;SKN;53-0613;14;4;cris ecrit joie pousse
Malachie 4:5;SKN;53-0613;14;5;elie envoie leternel terrible vienne
Jean 5:14;SKN;53-0613;14;4;gueri peur pis temple
Hebreux 9:11-14;SKN;53-0613;14;4;etant parfait sacrificateur souverain
Genese 6:4;SKN;53-0613;14;4;filles furent jadis venus
Hebreux 12:25;SKN;53-0613;14;6;cieux echappe garde nont parlait prenez
Actes 20:24;SKN;53-0613;14;8;aucun cas levangile pourvu rendre service temoignage tiens
Actes 2:24;SKN;53-0613;14;5;ayant delie douleurs possible ressuscite
Jean 16:21;SKN;53-0613;14;4;heure joie lenfant tristesse
Luc 1:17;SKN;53-0613;14;4;delie ira peres retourner
Josue 10:12;SKN;53-0613;14;6;arrete disrael leternel lune parla soleil
Nombres 19:9;SKN;53-0613;14;4;disrael eau hors lassemblee
Apocalypse 6:1;SKN;53-0613;14;7;animaux lagneau sept tonnerre viens vis voix
Ephesiens 1:13-14;SKN;53-0613;14;5;auquel ayant cru levangile salut
Hebreux 4:14;SKN;53-0613;14;6;ayant cieux confession sacrificateur souverain tenons
Genese 14:18;SKN;53-0613;14;5;apporter pain roi sacrificateur vin
Apocalypse 1:20;SKN;53-0613;14;5;anges droite etoiles mystere sept
Apocalypse 13:8;SKN;53-0614A;6;4;ecrit fondation immole lagneau
Apocalypse 5:9;SKN;53-0614A;6;5;den digne immole ouvrir sceaux
Matthieu 24:24;SKN;53-0614A;40;5;faux grands possible prodiges signes
Genese 1:26;SKN;53-0614A;40;4;animal cieux mer selon
Deuteronome 18:15;SKN;53-0614A;40;5;dentre leternel milieu suscitera tes
Jean 5:7;SKN;53-0614A;40;4;descend leau malade nai
Actes 2:4;SKN;53-0614A;40;4;dautres langues remplis selon
Hebreux 3:1;SKN;53-0614A;40;6;celeste considerez lappel sacrificateur saints souverain
1 Timothee 3:16;SKN;53-0614A;40;4;cru eleve piete preche
Ephesiens 1:5;SKN;53-0614A;40;4;ayant plaisir selon volonte
Hebreux 9:11;SKN;53-0614A;40;4;creation parfait sacrificateur souverain
Esaie 40:3;SKN;53-0614A;40;4;chemin desert leternel route
Ephesiens 1:13;SKN;53-0614A;40;5;auquel ayant cru levangile salut
Esaie 61:1;SKN;53-0614A;40;5;bonnes envoye leternel nouvelles oint
Matthieu 24:29;SKN;53-0614A;40;6;aussitot cieux donnera lune puissances seront
Apocalypse 17:17;SKN;53-0614A;40;5;bete donner paroles royaume soient
Exode 13:21;SKN;53-0614A;40;4;allait chemin colonne leternel
Daniel 7:9;SKN;53-0614A;40;4;cheveux laine lancien vetement
Apocalypse 17:3;SKN;53-0614A;40;5;ayant bete desert sept tetes
Genese 4:16;SKN;53-0614A;40;4;cain deden leternel sortit
Ezechiel 28:12;SKN;53-0614A;40;5;eleve forme leternel plein roi
Genese 3:1;SKN;53-0614A;40;5;animal arbre jardin leternel serpent
Malachie 3:1;SKN;53-0614A;40;4;chemin lange plaisir prenez
Esaie 27:12;SKN;53-0614A;40;4;disrael jusquau leternel rassembles
Esaie 53:12;SKN;53-0614A;40;4;ame compte grands plusieurs
Matthieu 3:16;SKN;53-0614A;40;7;aussitot ayant baptise cieux descendre leau vit
Hebreux 9:11-14;SKN;53-0614A;40;4;creation parfait sacrificateur souverain
Genese 1:28;SKN;53-0614A;40;4;cieux mer meut vivant
Actes 20:24;SKN;53-0614A;40;6;cas levangile pourvu rendre service tiens
Josue 10:12;SKN;53-0614A;40;4;arrete disrael leternel lune
Marc 13:27;SKN;53-0614A;40;4;bout elus enverra jusquau
Ephesiens 1:13-14;SKN;53-0614A;40;5;auquel ayant cru levangile salut
Hebreux 4:14;SKN;53-0614A;40;4;ayant cieux sacrificateur souverain
Genese 1:26;SKN;53-0729;21;4;betail image poissons ressemblance
1 Timothee 3:16;SKN;53-0729;73;9;anges chair contredit cru eleve manifeste mystere piete preche
Matthieu 5:28;SKN;53-0729;148;4;adultere commis convoiter quiconque
Hebreux 4:12;SKN;53-0729;162;7;discerne epee jointures moelles penetrante tranchants vivante
Matthieu 24:29;SKN;53-0729;244;4;etoiles lune soleil tribulation
Jean 3:14;SKN;53-0830A;55;4;desert eleva eleve serpent
Actes 1:8;SKN;53-0830A;70;5;jerusalem judee samarie serez temoins
Ephesiens 4:30;SKN;53-0830A;76;4;lequel nattristez redemption scelles
Esaie 53:12;SKN;53-0830A;76;4;ame forts grands plusieurs
Jean 3:14;SKN;53-0831;49;4;desert eleva eleve serpent
Genese 22:14;SKN;53-0901;30;4;jehovah jire leternel pourvu
Esaie 53:5;SKN;53-0902;10;6;blesse chatiment gueris iniquites meurtrissures paix
Esaie 53:9;SKN;53-0902;10;7;bouche fraude mechants navait riche sepulcre violence
Actes 20:24;SKN;53-0902;14;4;aucun levangile rendre tiens
Esaie 9:6;SKN;53-0902;73;4;conseiller merveilleux paix prince
Esaie 53:5;SKN;53-0902;87;5;blesse chatiment gueris meurtrissures paix
Genese 1:26;SKN;53-0904;4;4;cieux faisons image ressemblance
Matthieu 1:18;SKN;53-0906A;31;4;enceinte joseph naissance soient
Actes 2:38;SKN;53-0906A;53;5;baptise don peches recevrez repentez
Matthieu 3:16;SKN;53-0906A;71;4;baptise cieux leau ouverts
Esaie 9:6;SKN;53-0906E;63;4;conseiller merveilleux paix prince
Joel 2:28;SKN;53-0907E;32;4;jeunes songes vieillards visions
Esaie 53:5;SKN;53-1103;7;6;blesse chatiment gueris iniquites meurtrissures paix
Matthieu 24:24;SKN;53-1103;14;4;maniere possible prodiges signes
Psaumes 103:3;SKN;53-1104;6;4;guerit iniquites pardonne tes
Psaumes 103:3;SKN;53-1104;15;4;guerit iniquites pardonne tes
Jean 5:7;SKN;53-1104;20;4;descend jette leau malade
Hebreux 13:10;SKN;53-1108A;6;4;autel manger nont tabernacle
Matthieu 1:18;SKN;53-1108E;12;4;etant fiancee joseph marie
Esaie 53:5;SKN;53-1108E;20;5;blesse chatiment gueris meurtrissures paix
Actes 20:24;SKN;53-1108E;30;4;rendre service temoignage tiens
Joel 2:25;SKN;53-1110;3;4;annees armee envoyee sauterelle
Genese 1:11;SKN;53-1110;4;6;ayant espece lherbe plante selon semence
Actes 2:38;SKN;53-1110;36;5;baptise don peches recevrez repentez
Actes 1:8;SKN;53-1110;48;5;jerusalem judee samarie serez temoins
Joel 2:28;SKN;53-1111;3;4;jeunes songes vieillards visions
Joel 2:28;SKN;53-1111;43;8;chair filles jeunes prophetiseront repandrai songes vieillards visions
Actes 2:4;SKN;53-1111;88;4;furent langues remplis selon
Psaumes 16:10;SKN;53-1112;2;5;ame corruption nabandonneras permettras voie
Genese 1:11;SKN;53-1114;71;4;espece fruit selon semence
Esaie 53:5;SKN;53-1115E;14;4;blesse gueris iniquites meurtrissures
Jacques 5:14;SKN;53-1115E;17;5;anciens appelle dhuile malade prient
Jean 5:24;SKN;53-1115M;3;4;croit envoye eternelle jugement
Esaie 53:5;SKN;53-1120;23;6;blesse chatiment gueris iniquites meurtrissures paix
Actes 20:24;SKN;53-1120;29;4;cas rendre temoignage tiens
Jean 3:14;SKN;53-1121;2;4;desert eleva eleve serpent
Matthieu 10:1;SKN;53-1121;52;4;chasser esprits guerir maladie
Matthieu 18:10;SKN;53-1122;36;4;anges continuellement face voient
Apocalypse 1:1;SKN;53-1122;39;4;ange arriver bientot montrer
Genese 22:14;SKN;53-1122;69;4;jehovah jire leternel pourvu
Actes 2:38;SKN;53-1122;71;5;baptise don peches recevrez repentez
Joel 2:28;SKN;53-1122;71;4;chair filles prophetiseront repandrai
Genese 1:11;SKN;53-1129A;29;4;espece plante selon semence
Matthieu 24:24;SKN;53-1129A;86;4;faux maniere prodiges signes
Matthieu 3:16;SKN;53-1129E;2;4;ayant descendre leau vit
Actes 20:24;SKN;53-1129E;3;4;aucun levangile rendre tiens
Nombres 12:6;SKN;53-1130;1;5;leternel parlerai paroles songe vision
Actes 20:24;SKN;53-1130;4;4;aucun levangile service tiens
Hebreux 10:26;SKN;53-1201;10;4;connaissance peches sacrifice volontairement
Jean 5:24;SKN;53-1201;71;4;croit entend envoye eternelle
Matthieu 1:18;SKN;53-1205;42;4;enceinte fiancee marie naissance
Actes 2:38;SKN;53-1205;68;5;baptise don peches recevrez repentez
Actes 2:38;SKN;53-1205;93;5;baptise don peches recevrez repentez
Joel 2:28;SKN;53-1206E;58;4;jeunes songes vieillards visions
Marc 11:23;SKN;53-1212;29;4;aura montagne ote quiconque
Jean 15:7;SKN;53-1213E;41;5;demanderez demeurent demeurez paroles voudrez
Apocalypse 5:9;SKN;53-1213M;12;4;den digne ouvrir sceaux
Apocalypse 5:9;SKN;53-1213M;13;4;digne immole ouvrir sceaux
Apocalypse 5:9;SKN;54-0103E;10;4;digne immole ouvrir sceaux
Luc 21:24;SKN;54-0103M;66;6;captifs jerusalem nations seront tomberont tranchant
Luc 21:24;SKN;54-0103M;67;4;captifs nations seront tranchant
Luc 21:24;SKN;54-0103M;73;8;captifs foulee jerusalem nations pieds seront tomberont tranchant
Luc 21:24;SKN;54-0103M;95;4;foulee jerusalem nations pieds
Esaie 53:5;SKN;54-0216;52;5;blesse chatiment gueris meurtrissures paix
Esaie 53:5;SKN;54-0217;53;6;blesse chatiment gueris iniquites meurtrissures paix
Jacques 5:14;SKN;54-0220;17;5;anciens appelle dhuile malade prient
Esaie 53:5;SKN;54-0220;45;6;blesse chatiment gueris iniquites meurtrissures paix
Genese 1:11;SKN;54-0228A;54;4;espece plante selon semence
Esaie 53:5;SKN;54-0228A;80;6;blesse chatiment gueris iniquites meurtrissures paix
Apocalypse 5:9;SKN;54-0228E;10;5;den digne immole ouvrir sceaux
Jean 3:16;SKN;54-0301;14;4;croit eternelle perisse quiconque
Exode 13:21;SKN;54-0301;45;5;allait colonne leternel nuee nuit
Genese 22:14;SKN;54-0301;52;4;jehovah jire leternel pourvu
Esaie 53:5;SKN;54-0302;8;6;blesse chatiment gueris iniquites meurtrissures paix
Jean 5:24;SKN;54-0302;11;4;croit envoye eternelle jugement
Matthieu 24:24;SKN;54-0302;39;4;grands maniere prodiges signes
Actes 1:8;SKN;54-0303;14;6;jerusalem judee recevrez samarie serez temoins
Psaumes 103:3;SKN;54-0303;15;5;guerit infirmites iniquites pardonne tes
Esaie 53:5;SKN;54-0303;15;4;blesse gueris iniquites meurtrissures
Actes 2:38;SKN;54-0303;21;5;baptise don peches recevrez repentez
Esaie 53:5;SKN;54-0305;9;6;blesse chatiment gueris iniquites meurtrissures paix
Actes 2:38;SKN;54-0305;14;5;baptise don peches recevrez repentez
Esaie 53:5;SKN;54-0305;36;7;blesse chatiment gueris iniquites meurtri meurtrissures paix
Esaie 53:5;SKN;54-0305;39;5;blesse chatiment gueris meurtrissures paix
Galates 3:29;SKN;54-0306;42;4;dabraham heritiers selon semence
Jean 5:24;SKN;54-0306;80;4;croit entend envoye eternelle
Apocalypse 17:17;SKN;54-0307;30;4;curs donner royaume soient
Joel 2:25;SKN;54-0307;32;5;annees armee envoyee qua sauterelle
Esaie 40:3;SKN;54-0314;19;5;aplanissez crie desert preparez voix
Jean 15:7;SKN;54-0320;62;4;demanderez demeurent demeurez paroles
Apocalypse 5:9;SKN;54-0321;8;4;den digne immole sceaux
Jean 12:20;SKN;54-0328;10;4;adorer fete grecs montes
Matthieu 24:24;SKN;54-0328;11;4;grands maniere prodiges signes
Jean 12:20;SKN;54-0328;12;4;adorer fete grecs montes
Apocalypse 21:23;SKN;54-0329;20;4;cite lagneau lune soleil
Joel 2:28;SKN;54-0330;142;4;chair filles prophetiseront repandrai
Actes 2:38;SKN;54-0330;144;5;baptise don peches recevrez repentez
Matthieu 1:18;SKN;54-0401;33;5;ensemble fiancee joseph marie soient
Esaie 53:5;SKN;54-0401;57;4;blesse gueris meurtrissures paix
Esaie 53:5;SKN;54-0401;58;6;blesse chatiment gueris iniquites meurtrissures paix
Apocalypse 5:9;SKN;54-0403;6;5;den digne immole ouvrir sceaux
Matthieu 24:24;SKN;54-0403;24;4;grands possible prodiges signes
1 Timothee 3:16;SKN;54-0403;24;4;cru manifeste nations piete
Joel 2:28;SKN;54-0403;54;4;chair jeunes prophetiseront visions
Esaie 53:5;SKN;54-0404E;23;5;blesse chatiment gueris meurtrissures paix
Genese 22:14;SKN;54-0404E;53;5;jehovah jire leternel montagne pourvu
Genese 22:14;SKN;54-0404E;54;4;jehovah jire leternel pourvu
Genese 22:14;SKN;54-0404E;100;4;jehovah jire leternel pourvu
Genese 22:14;SKN;54-0404E;102;4;jehovah jire leternel pourvu
Genese 22:14;SKN;54-0404E;103;4;jehovah jire leternel pourvu
Genese 22:14;SKN;54-0404E;164;4;jehovah jire leternel pourvu
Jean 5:7;SKN;54-0404E;195;4;leau malade nai viens
Genese 1:11;SKN;54-0404E;195;4;espece larbre portant selon
Genese 3:16;SKN;54-0404E;195;4;desir mari tes travail
Actes 20:24;SKN;54-0404E;195;4;levangile pourvu rendre service
Matthieu 24:24;SKN;54-0404M;49;4;grands possible prodiges signes
Joel 2:28;SKN;54-0404M;63;4;arrivera chair filles prophetiseront
Hebreux 1:1;SKN;54-0509;50;6;autrefois manieres peres plusieurs prophetes reprises
Apocalypse 1:1;SKN;54-0512;45;6;ange arriver bientot doivent montrer revelation
Joel 2:28;SKN;54-0512;75;5;arrivera chair filles prophetiseront repandrai
Actes 2:38;SKN;54-0512;77;4;baptise peches recevrez repentez
Apocalypse 1:7;SKN;54-0512;99;5;lamenteront nuees perce tribus verra
Matthieu 24:24;SKN;54-0512;165;5;faux possible prodiges prophetes signes
Genese 1:26;SKN;54-0512;165;4;faisons mer ressemblance selon
Hebreux 1:1;SKN;54-0512;165;4;ayant peres plusieurs prophetes
Apocalypse 10:1;SKN;54-0512;165;5;ange pieds revetu soleil visage
Hebreux 3:1;SKN;54-0512;165;4;confession considerez sacrificateur souverain
Marc 11:23;SKN;54-0512;165;4;aura dira mer ote
Apocalypse 10:7;SKN;54-0512;165;7;ange mystere nouvelle prophetes septieme termine voix
Apocalypse 10:1-7;SKN;54-0512;165;5;ange pieds revetu soleil visage
1 Timothee 3:16;SKN;54-0512;165;5;anges chair mystere nations preche
Hebreux 13:10;SKN;54-0512;165;4;autel droit manger tabernacle
Hebreux 9:11;SKN;54-0512;165;5;etant parfait sacrificateur souverain tabernacle
Genese 3:16;SKN;54-0512;165;4;grandes mari tes travail
Apocalypse 19:21;SKN;54-0512;165;4;bouche chair cheval sortait
Matthieu 24:29;SKN;54-0512;165;5;aussitot donnera etoiles puissances soleil
Ephesiens 2:12;SKN;54-0512;165;4;cite droit etant etrangers
Daniel 7:9;SKN;54-0512;165;4;cheveux laine neige pure
Matthieu 11:10;SKN;54-0512;165;4;chemin ecrit face lequel
Apocalypse 6:6;SKN;54-0512;165;4;mesure mesures milieu voix
Apocalypse 6:11;SKN;54-0512;165;4;blanche devaient longue robe
Apocalypse 21:19;SKN;54-0512;165;5;cite jaspe precieuse premier troisieme
Ezechiel 28:12;SKN;54-0512;165;4;etais forme plein roi
Apocalypse 19:11;SKN;54-0512;165;4;appele cheval justice veritable
Matthieu 3:16;SKN;54-0512;165;5;aussitot ayant colombe descendre vit
Hebreux 9:11-14;SKN;54-0512;165;5;etant parfait sacrificateur souverain tabernacle
Actes 20:24;SKN;54-0512;165;4;course precieuse service tiens
Actes 2:24;SKN;54-0512;165;4;ayant lequel possible ressuscite
Daniel 12:3;SKN;54-0512;165;4;brilleront enseigne etoiles justice
Hebreux 4:14;SKN;54-0512;165;7;ayant confession ferme sacrificateur souverain tenons traverse
Genese 14:18;SKN;54-0512;165;4;pain roi sacrificateur vin
Apocalypse 1:20;SKN;54-0512;165;6;anges droite etoiles lampes mystere sept
Apocalypse 20:4;SKN;54-0513;43;8;ames bete decapites fut image temoignage trones vis
Apocalypse 17:15;SKN;54-0513;191;4;assise eaux foules prostituee
Apocalypse 17:3;SKN;54-0513;193;5;assise bete desert ecarlate vis
Apocalypse 17:3;SKN;54-0513;194;7;assise bete blaspheme ecarlate noms pleine vis
Apocalypse 17:8;SKN;54-0513;245;4;bete fondation perdition voyant
Apocalypse 17:15;SKN;54-0513;261;8;assise eaux foules langues nations peuples prostituee vues
Apocalypse 17:15;SKN;54-0513;262;5;assise foules langues peuples vues
Apocalypse 17:17;SKN;54-0513;263;5;accomplies bete donner paroles soient
Apocalypse 5:9;SKN;54-0514;33;4;digne immole ouvrir sceaux
Jean 5:24;SKN;54-0514;176;5;croit entend envoye eternelle jugement
Apocalypse 16:13;SKN;54-0515;59;4;bete bouche esprits grenouilles
Matthieu 1:18;SKN;54-0515;205;7;arriva enceinte fiancee joseph marie naissance trouva
Actes 2:38;SKN;54-0515;255;4;don peches recevrez repentez
Actes 2:38;SKN;54-0515;269;4;baptise don recevrez repentez
Esaie 9:6;SKN;54-0515;293;4;conseiller merveilleux paix prince
Apocalypse 13:14;SKN;54-0516;69;4;bete fut image seduit
Hebreux 9:11;SKN;54-0516;78;4;etant parfait sacrificateur souverain
Hebreux 9:11-14;SKN;54-0516;78;4;etant parfait sacrificateur souverain
Joel 2:25;SKN;54-0620;10;5;annees armee envoyee milieu sauterelle
Matthieu 24:24;SKN;54-0620;43;5;faux grands possible prodiges signes
Hebreux 1:1;SKN;54-0620;43;4;autrefois ayant manieres plusieurs
1 Timothee 3:16;SKN;54-0620;43;4;cru eleve piete preche
Esaie 40:3;SKN;54-0620;43;4;chemin crie desert leternel
Genese 3:8;SKN;54-0620;43;4;arbres frais leternel milieu
Matthieu 24:29;SKN;54-0620;43;4;cieux lune puissances seront
Exode 13:21;SKN;54-0620;43;4;allait chemin colonne leternel
Ezechiel 28:12;SKN;54-0620;43;5;eleve forme leternel plein roi
Esaie 53:12;SKN;54-0620;43;4;aura compte grands plusieurs
Esaie 53:5;SKN;54-0620E;40;5;blesse chatiment gueris meurtrissures paix
Matthieu 24:29;SKN;54-0718A;8;7;cieux ebranlees etoiles lune puissances seront soleil
Zacharie 14:7;SKN;54-0718A;8;4;aura connu leternel nuit
Matthieu 24:24;SKN;54-0718A;24;4;grands prodiges prophetes signes
Jean 12:20;SKN;54-0718E;8;4;adorer fete grecs montes
Esaie 40:3;SKN;54-0718E;30;4;chemin crie route voix
Genese 22:14;SKN;54-0718E;43;4;jehovah jire leternel pourvu
Hebreux 1:1;SKN;54-0719A;4;6;autrefois manieres peres plusieurs prophetes reprises
Jean 5:24;SKN;54-0719A;13;5;croit entend envoye eternelle jugement
Matthieu 24:24;SKN;54-0719A;13;6;faux grands maniere possible prodiges signes
Deuteronome 18:15;SKN;54-0719A;13;4;dentre leternel milieu tes
Jean 5:7;SKN;54-0719A;13;4;descend leau malade nai
Hebreux 1:1;SKN;54-0719A;13;4;autrefois ayant manieres plusieurs
Marc 11:23;SKN;54-0719A;13;4;aura dira montagne ote
Matthieu 1:18;SKN;54-0719A;13;4;ensemble etant naissance soient
Apocalypse 22:18;SKN;54-0719A;13;4;entend paroles prophetie temoignage
1 Timothee 3:16;SKN;54-0719A;13;6;chair cru eleve justifie mystere preche
Apocalypse 22:19;SKN;54-0719A;13;7;cite ecrits larbre ote paroles prophetie sainte
Apocalypse 17:8;SKN;54-0719A;13;5;ecrits fondation monter voyant vue
Genese 1:11;SKN;54-0719A;13;5;ayant fruit larbre produise selon
Nombres 12:6;SKN;54-0719A;13;4;connaitre leternel paroles vision
Matthieu 10:1;SKN;54-0719A;13;7;appele ayant chasser donna esprits guerir maladie
Esaie 40:3;SKN;54-0719A;13;6;chemin crie desert leternel route voix
Esaie 32:2;SKN;54-0719A;13;4;aura lombre sec vent
Ephesiens 1:13;SKN;54-0719A;13;5;auquel ayant cru levangile salut
Matthieu 12:42;SKN;54-0719A;13;6;entendre jugement levera midi sagesse vint
Esaie 61:1;SKN;54-0719A;13;4;apporter envoye leternel oint
Apocalypse 19:21;SKN;54-0719A;13;4;chair fut oiseaux tue
Matthieu 24:29;SKN;54-0719A;13;7;aussitot cieux lune puissances seront soleil tomberont
Exode 13:21;SKN;54-0719A;13;7;allait chemin colonne conduire leternel marchent nuit
Apocalypse 17:3;SKN;54-0719A;13;4;ayant desert sept tetes
Ezechiel 28:12;SKN;54-0719A;13;6;accomplie eleve forme leternel roi sagesse
Genese 3:1;SKN;54-0719A;13;4;arbre leternel quaucun serpent
Apocalypse 20:4;SKN;54-0719A;13;5;ames fut jugement rendu temoignage
Apocalypse 19:11;SKN;54-0719A;13;4;appele justice ouvert veritable
Malachie 3:1;SKN;54-0719A;13;5;chemin lange prenez temple viendra
Marc 11:21;SKN;54-0719A;13;4;figuier maudit sec setait
Esaie 27:12;SKN;54-0719A;13;7;arrivera degypte disrael jusquau leternel rassembles serez
Esaie 50:6;SKN;54-0719A;13;4;arrachaient dos nai poil
Esaie 53:12;SKN;54-0719A;13;6;ame aura compte forts grands plusieurs
Psaumes 41:9;SKN;54-0719A;13;4;ami leve mangeait pain
Apocalypse 1:1;SKN;54-0719A;13;4;arriver doivent montrer revelation
Matthieu 3:16;SKN;54-0719A;13;7;aussitot ayant cieux descendre leau ouverts vit
Genese 1:28;SKN;54-0719A;13;5;cieux multipliez oiseaux remplissez vivant
Hebreux 12:25;SKN;54-0719A;13;4;cieux nont parlait prenez
Apocalypse 6:12;SKN;54-0719A;13;5;lorsquil ouvrit poil sceau soleil
Actes 20:24;SKN;54-0719A;13;7;aucun cas levangile pourvu rendre service temoignage
Actes 2:24;SKN;54-0719A;13;4;ayant lequel possible retenu
Josue 10:12;SKN;54-0719A;13;4;disrael leternel lune soleil
Apocalypse 6:1;SKN;54-0719A;13;4;ouvrit sceaux sept voix
Ephesiens 1:13-14;SKN;54-0719A;13;5;auquel ayant cru levangile salut
Genese 22:14;SKN;54-0719E;12;4;jehovah jire leternel montagne
Esaie 32:2;SKN;54-0719E;17;5;aride aura deau rocher sec
Joel 2:28;SKN;54-0719E;45;4;jeunes songes vieillards visions
Matthieu 24:24;SKN;54-0721;12;4;faux possible prodiges signes
Marc 11:23;SKN;54-0721;12;4;aura mer montagne ote
Matthieu 1:18;SKN;54-0721;12;5;ensemble etant joseph naissance soient
Apocalypse 17:8;SKN;54-0721;12;4;fondation monter voyant vue
Matthieu 10:1;SKN;54-0721;12;4;appele esprits guerir maladie
Genese 3:16;SKN;54-0721;12;4;desir grandes mari tes
Esaie 40:3;SKN;54-0721;12;5;chemin crie desert route voix
Apocalypse 17:17;SKN;54-0721;12;4;curs donner pensee soient
Exode 13:21;SKN;54-0721;12;4;allait chemin colonne nuit
Ezechiel 28:12;SKN;54-0721;12;4;accomplie etais forme roi
Apocalypse 20:4;SKN;54-0721;12;4;ames jugement rendu temoignage
Matthieu 18:10;SKN;54-0721;12;4;anges cieux garde prenez
Apocalypse 1:1;SKN;54-0721;12;4;ange arriver bientot montrer
Hebreux 12:25;SKN;54-0721;12;4;cieux echappe garde prenez
Actes 20:24;SKN;54-0721;12;5;aucun cas rendre service temoignage
Jean 3:16;SKN;54-0724;49;4;croit eternelle quiconque unique
Joel 2:25;SKN;54-0809A;10;4;annees armee envoyee sauterelle
Matthieu 24:24;SKN;54-0809A;49;4;possible prodiges prophetes signes
Jean 3:16;SKN;54-0809E;31;5;croit eternelle perisse quiconque unique
Psaumes 42:7;SKN;54-0811;7;4;appelle cataractes tes voix
Actes 2:24;SKN;54-0814;2;4;ayant lequel puisquil ressuscite
Jean 5:24;SKN;54-0814;47;4;croit envoye eternelle jugement
Joel 2:25;SKN;54-0829A;12;4;annees armee envoyee sauterelle
Apocalypse 5:9;SKN;54-0829A;13;5;den digne immole ouvrir sceaux
Marc 11:21;SKN;54-0900;6;4;figuier maudit rabbi setait
Marc 11:23;SKN;54-0900;41;4;jette mer montagne ote
Esaie 9:6;SKN;54-1003E;94;4;appellera conseiller paix prince
Matthieu 24:24;SKN;54-1003E;121;4;christs faux possible signes
Jean 5:24;SKN;54-1003E;128;4;croit envoye eternelle jugement
Marc 11:23;SKN;54-1003M;179;4;jette mer montagne ote
Matthieu 16:18;SKN;54-1003M;232;4;batirai portes prevaudront roc
Jean 5:24;SKN;54-1003M;233;4;croit envoye eternelle jugement
Jean 5:24;SKN;54-1003M;235;4;croit envoye eternelle jugement
Jean 5:24;SKN;54-1006;64;4;croit entend envoye eternelle
Hebreux 4:14;SKN;54-1006;160;4;confession ferme sacrificateur souverain
Actes 2:38;SKN;54-1024;81;5;baptise don peches recevrez repentez
Hebreux 10:26;SKN;54-1024;105;5;connaissance peches pechons sacrifice volontairement
Hebreux 10:26;SKN;54-1024;106;5;connaissance peches pechons sacrifice volontairement
Hebreux 10:26;SKN;54-1024;120;5;connaissance peches pechons sacrifice volontairement
Hebreux 10:26;SKN;54-1024;133;5;connaissance peches pechons sacrifice volontairement
Hebreux 10:26;SKN;54-1024;134;4;connaissance peches sacrifice volontairement
Hebreux 10:26;SKN;54-1024;176;4;connaissance peches sacrifice volontairement
Hebreux 10:26;SKN;54-1024;191;4;connaissance peches sacrifice volontairement
Hebreux 10:26;SKN;54-1024;203;4;connaissance peches sacrifice volontairement
Hebreux 10:26;SKN;54-1024;207;4;connaissance peches sacrifice volontairement
Jean 3:14;SKN;54-1114;23;4;desert eleva eleve serpent
Jean 5:24;SKN;54-1114;35;4;croit envoye eternelle jugement
Apocalypse 5:9;SKN;54-1203;11;5;den digne immole ouvrir sceaux
Hebreux 10:14;SKN;54-1203;39;4;offrande parfaits rendu sanctifies
Galates 3:29;SKN;54-1204;5;4;dabraham heritiers selon semence
Galates 3:29;SKN;54-1204;8;4;dabraham heritiers selon semence
Hebreux 10:26;SKN;54-1204;33;5;connaissance peches pechons sacrifice volontairement
Hebreux 10:26;SKN;54-1204;34;4;connaissance peches sacrifice volontairement
Matthieu 24:29;SKN;54-1204;64;4;cieux etoiles lune soleil
Matthieu 24:29;SKN;54-1204;70;4;cieux etoiles lune soleil
Jean 5:24;SKN;54-1204;79;5;croit entend envoye eternelle jugement
Jean 3:16;SKN;54-1204;85;5;croit eternelle perisse quiconque unique
Jean 12:20;SKN;54-1205;2;4;adorer fete grecs montes
Jean 3:14;SKN;54-1212;65;4;desert eleva eleve serpent
Genese 22:16;SKN;54-1212;86;5;jure leternel nas refuse unique
Genese 15:16;SKN;54-1212;138;6;amoreens comble generation liniquite quatrieme reviendront
Ephesiens 4:30;SKN;54-1212;275;4;lequel nattristez redemption scelles
Jacques 5:14;SKN;54-1212;290;4;anciens dhuile malade prient
Matthieu 16:18;SKN;54-1219E;109;4;batirai portes prevaudront roc
Matthieu 16:18;SKN;54-1219E;115;4;batirai portes prevaudront roc
Matthieu 16:18;SKN;54-1219E;117;4;batirai portes prevaudront roc
Daniel 12:3;SKN;54-1219E;151;4;brilleront etoiles perpetuite sages
Daniel 12:3;SKN;54-1219E;154;4;brilleront etoiles justice perpetuite
Jean 5:24;SKN;54-1219E;170;4;croit envoye eternelle jugement
Actes 2:38;SKN;54-1219M;143;4;baptise don recevrez repentez
Matthieu 24:24;SKN;54-1219M;234;4;possible prodiges prophetes signes
Esaie 9:6;SKN;54-1219M;234;4;fort merveilleux paix prince
Jacques 5:14;SKN;54-1219M;234;4;anciens dhuile lassemblee malade
Jean 5:7;SKN;54-1219M;234;5;jette leau malade nai viens
Hebreux 1:1;SKN;54-1219M;234;4;autrefois peres prophetes reprises
Apocalypse 10:7;SKN;54-1219M;234;4;annonce prophetes septieme termine
1 Timothee 3:16;SKN;54-1219M;234;4;chair cru piete preche
Esaie 61:1;SKN;54-1219M;234;4;apporter envoye nouvelles oint
Matthieu 3:16;SKN;54-1219M;234;5;aussitot colombe descendre leau vit
Actes 20:24;SKN;54-1219M;234;5;aucun cas levangile service temoignage
Apocalypse 5:9;SKN;54-1231;64;4;den digne immole sceaux
Actes 2:38;SKN;54-1231;80;4;don peches recevrez repentez
Jean 5:39;SKN;55-0109E;34;4;eternelle rendent sondez temoignage
Matthieu 24:7;SKN;55-0109E;110;4;divers lieux nation tremblements
Daniel 12:3;SKN;55-0109E;113;7;brilleront enseigne etoiles justice multitude sages splendeur
Daniel 12:3;SKN;55-0109E;128;7;brilleront enseigne etoiles justice multitude perpetuite sages
Daniel 12:3;SKN;55-0109E;136;4;etoiles justice multitude sages
Daniel 12:3;SKN;55-0109E;139;6;brilleront etoiles justice multitude perpetuite sages
Jean 5:39;SKN;55-0109M;26;4;eternelle rendent sondez temoignage
Apocalypse 5:9;SKN;55-0109M;29;4;digne immole ouvrir sceaux
Genese 14:18;SKN;55-0109M;144;7;apporter fit pain roi sacrificateur salem vin
Genese 14:18;SKN;55-0109M;148;7;apporter fit pain roi sacrificateur salem vin
Genese 14:18;SKN;55-0109M;153;4;pain roi sacrificateur vin
Genese 14:18;SKN;55-0109M;155;4;pain roi salem vin
Genese 14:18;SKN;55-0109M;172;4;pain roi sacrificateur salem
Jean 15:7;SKN;55-0113;4;4;demeurent demeurez paroles voudrez
Jean 15:7;SKN;55-0113;17;4;demeurent demeurez paroles voudrez
Jean 14:12;SKN;55-0113;35;4;croit grandes men uvres
Jean 3:14;SKN;55-0114;10;4;desert eleva eleve serpent
Matthieu 16:18;SKN;55-0114;22;4;batirai portes prevaudront roc
Actes 2:38;SKN;55-0114;31;5;baptise don peches recevrez repentez
Hebreux 9:11;SKN;55-0115;18;5;biens etant parfait sacrificateur souverain
Hebreux 9:11-14;SKN;55-0115;18;5;biens etant parfait sacrificateur souverain
Hebreux 10:26;SKN;55-0115;29;5;connaissance peches pechons sacrifice volontairement
Ephesiens 1:5;SKN;55-0116A;36;5;ayant plaisir predestines selon volonte
Hebreux 6:4;SKN;55-0117;118;4;celeste don eclaires impossible
Esaie 9:6;SKN;55-0118;56;4;conseiller merveilleux paix prince
Genese 6:4;SKN;55-0119;16;4;eurent filles furent quelles
Actes 2:38;SKN;55-0119;21;5;baptise don peches recevrez repentez
Actes 2:38;SKN;55-0119;31;5;baptise don peches recevrez repentez
Exode 13:21;SKN;55-0119;32;4;chemin colonne nuee nuit
Exode 13:21;SKN;55-0119;40;4;chemin colonne leternel nuit
Nombres 19:9;SKN;55-0121;6;7;camp cendre deposera eau genisse hors pur
Jean 5:24;SKN;55-0121;15;5;croit entend envoye eternelle jugement
Genese 3:1;SKN;55-0122;21;4;champs jardin ruse serpent
Jean 3:14;SKN;55-0122;30;4;desert eleva eleve serpent
Jean 3:16;SKN;55-0122;38;5;croit eternelle perisse quiconque unique
Jean 3:16;SKN;55-0122;39;5;croit eternelle perisse quiconque unique
Matthieu 3:16;SKN;55-0123E;5;6;baptise cieux colombe descendre leau vit
Jean 14:9;SKN;55-0123E;18;4;connu mas montre philippe
Jean 5:24;SKN;55-0220A;61;4;croit envoye eternelle jugement
Jean 5:24;SKN;55-0220E;64;4;croit envoye eternelle jugement
Nombres 19:9;SKN;55-0221;29;4;camp eau hors pur
Hebreux 1:1;SKN;55-0222;19;6;autrefois manieres peres plusieurs prophetes reprises
Galates 3:29;SKN;55-0222;25;4;dabraham heritiers selon semence
Apocalypse 13:8;SKN;55-0223;11;4;ecrit fondation immole lagneau
Matthieu 24:29;SKN;55-0224;6;4;donnera etoiles lune soleil
Actes 2:38;SKN;55-0224;10;5;baptise don peches recevrez repentez
Hebreux 10:26;SKN;55-0224;25;4;connaissance peches sacrifice volontairement
Jean 5:24;SKN;55-0224;32;5;croit entend envoye eternelle jugement
Jean 5:24;SKN;55-0224;55;4;croit envoye eternelle jugement
Jean 3:16;SKN;55-0224;55;5;croit eternelle perisse quiconque unique
Jean 5:24;SKN;55-0225;62;4;croit envoye eternelle jugement
Hebreux 3:1;SKN;55-0227A;46;4;celeste sacrificateur saints souverain
Hebreux 9:11;SKN;55-0227A;46;6;biens creation parfait sacrificateur souverain tabernacle
Hebreux 9:11-14;SKN;55-0227A;46;6;biens creation parfait sacrificateur souverain tabernacle
Hebreux 4:14;SKN;55-0227A;46;4;ayant sacrificateur souverain traverse
Hebreux 10:14;SKN;55-0227A;53;5;offrande parfaits perpetuite rendu sanctifies
Ephesiens 1:5;SKN;55-0227A;60;5;ayant plaisir predestines selon volonte
Jean 5:24;SKN;55-0227E;72;4;croit envoye eternelle jugement
Jean 5:24;SKN;55-0227E;77;4;croit envoye eternelle jugement
Jean 3:16;SKN;55-0228;37;4;croit perisse quiconque unique
Jean 5:24;SKN;55-0228;53;4;croit envoye eternelle jugement
Jean 5:24;SKN;55-0228;56;4;croit envoye eternelle jugement
Jean 5:24;SKN;55-0301;37;5;croit entend envoye eternelle jugement
Jean 5:24;SKN;55-0301;42;4;croit entend envoye eternelle
Jean 5:24;SKN;55-0301;47;4;croit envoye eternelle jugement
Jean 3:16;SKN;55-0301;47;5;croit eternelle perisse quiconque unique
Ephesiens 1:20;SKN;55-0302;17;4;celestes dentre droite lieux
Nombres 12:6;SKN;55-0302;25;4;connaitre ferai leternel parlerai
Matthieu 16:18;SKN;55-0311;36;4;batirai portes prevaudront roc
Hebreux 10:26;SKN;55-0311;44;4;connaissance pechons sacrifice volontairement
Ephesiens 1:13;SKN;55-0312;22;4;cru espere salut scelles
Ephesiens 1:13-14;SKN;55-0312;22;4;cru espere salut scelles
Hebreux 4:14;SKN;55-0403;16;4;ayant sacrificateur souverain traverse
Nombres 19:9;SKN;55-0403;58;5;camp eau genisse hors pur
Actes 1:8;SKN;55-0410M;196;6;bout jerusalem samarie serez temoins venant
Matthieu 10:1;SKN;55-0410M;196;4;ayant disciples guerir maladie
Ephesiens 2:12;SKN;55-0410M;196;4;droit etant etrangers israel
Apocalypse 17:3;SKN;55-0410M;196;4;assise ayant tetes vis
Actes 2:24;SKN;55-0410M;196;4;ayant lequel possible ressuscite
Hebreux 3:1;SKN;55-0501E;41;4;celeste sacrificateur saints souverain
Matthieu 24:29;SKN;55-0522;204;4;cieux etoiles lune soleil
Matthieu 3:16;SKN;55-0603;15;4;baptise colombe descendre furent
Actes 20:24;SKN;55-0604;2;4;aucun cas rendre service
Joel 2:25;SKN;55-0607;8;5;annees armee envoyee qua sauterelle
Actes 2:38;SKN;55-0607;36;5;baptise don peches recevrez repentez
Amos 3:7;SKN;55-0607;79;4;leternel prophetes revele serviteurs
Galates 3:29;SKN;55-0608;44;4;dabraham heritiers selon semence
Psaumes 103:3;SKN;55-0608;75;4;guerit iniquites pardonne tes
Matthieu 10:1;SKN;55-0611;15;4;chasser douze esprits guerir
Jean 15:7;SKN;55-0612;55;4;demeurent demeurez paroles voudrez
Actes 20:24;SKN;55-0612;59;4;levangile rendre service temoignage
Joel 2:28;SKN;55-0624;14;6;chair filles jeunes prophetiseront repandrai visions
Actes 20:24;SKN;55-0626A;2;4;aucun cas precieuse service
Hebreux 4:14;SKN;55-0626A;2;4;ferme sacrificateur souverain traverse
Actes 2:38;SKN;55-0724;129;4;don peches recevrez repentez
Matthieu 16:18;SKN;55-0731;25;4;batirai portes prevaudront roc
Matthieu 3:16;SKN;55-0806;30;4;aussitot baptise cieux colombe
Luc 7:36;SKN;55-0807A;17;4;manger pharisien pharisiens pria
Galates 3:29;SKN;55-0813;17;4;dabraham heritiers selon semence
Genese 1:28;SKN;55-0813;26;4;cieux mer poissons vivant
Esaie 40:3;SKN;55-0815;10;4;chemin crie desert voix
Genese 22:14;SKN;55-0817;20;4;jehovah jire montagne pourvu
Luc 7:36;SKN;55-1002;2;6;manger mit pharisien pharisiens pria table
Actes 2:4;SKN;55-1006A;34;5;donnait furent langues remplis selon
Actes 2:38;SKN;55-1006A;35;4;baptise peches recevrez repentez
Exode 13:21;SKN;55-1006E;7;4;colonne marchent nuee nuit
Actes 2:38;SKN;55-1007;45;4;baptise peches recevrez repentez
Jean 14:12;SKN;55-1008;81;5;celles croit grandes men uvres
Matthieu 24:24;SKN;55-1008;81;4;maniere possible prodiges signes
Esaie 9:6;SKN;55-1008;81;4;fort merveilleux paix prince
Marc 11:23;SKN;55-1008;81;4;croira dira ote quiconque
Matthieu 10:1;SKN;55-1008;81;4;appele ayant guerir maladie
Esaie 40:3;SKN;55-1008;81;4;chemin desert route voix
Exode 13:21;SKN;55-1008;81;5;allait chemin colonne marchent nuit
Apocalypse 17:3;SKN;55-1008;81;4;assise ayant desert tetes
Ezechiel 28:12;SKN;55-1008;81;4;accomplie etais forme roi
Matthieu 19:28;SKN;55-1008;81;4;disrael mavez serez suivi
Malachie 3:1;SKN;55-1008;81;4;chemin lange prenez viendra
Actes 2:24;SKN;55-1008;81;5;ayant lequel possible ressuscite retenu
Luc 11:29;SKN;55-1008;81;4;foules generation jonas mechante
Jean 14:9;SKN;55-1008;81;4;connu mas montre philippe
Genese 22:14;SKN;55-1110;28;4;jehovah jire leternel pourvu
Actes 2:38;SKN;55-1110;30;4;don peches recevrez repentez
Ephesiens 1:5;SKN;55-1111;26;5;ayant plaisir predestines selon volonte
Apocalypse 5:9;SKN;55-1115;41;4;den digne immole sceaux
Matthieu 24:29;SKN;55-1115;45;4;cieux lune soleil tomberont
Jean 3:14;SKN;55-1117;21;4;desert eleva eleve serpent
Actes 2:38;SKN;55-1117;74;5;baptise don peches recevrez repentez
Genese 22:14;SKN;55-1118;43;5;jehovah jire leternel montagne pourvu
Genese 22:14;SKN;56-0108;27;4;jehovah jire leternel pourvu
Genese 22:14;SKN;56-0108;35;5;jehovah jire leternel montagne pourvu
Genese 22:14;SKN;56-0108;41;4;jehovah jire leternel pourvu
Actes 2:38;SKN;56-0108;45;5;baptise don peches recevrez repentez
Matthieu 24:24;SKN;56-0115;34;4;faux prodiges prophetes signes
Matthieu 24:24;SKN;56-0115;50;4;grands prodiges prophetes signes
Joel 2:28;SKN;56-0115;50;5;filles jeunes prophetiseront repandrai visions
Matthieu 24:24;SKN;56-0115;61;4;faux grands prodiges signes
Matthieu 24:29;SKN;56-0115;80;5;etoiles lune puissances seront soleil
Apocalypse 1:20;SKN;56-0121;84;4;dor etoiles lampes sept
Apocalypse 5:9;SKN;56-0122;28;4;digne immole ouvrir sceaux
Joel 2:28;SKN;56-0122;59;5;arrivera filles jeunes prophetiseront visions
Matthieu 16:18;SKN;56-0122;71;4;batirai portes prevaudront roc
Matthieu 24:29;SKN;56-0122;83;4;etoiles lune puissances soleil
Joel 2:28;SKN;56-0200;49;4;chair jeunes repandrai visions
Matthieu 24:24;SKN;56-0212;39;9;christs faux grands possible prodiges prophetes seduire selevera signes
Apocalypse 19:11;SKN;56-0213;76;4;combat juge justice veritable
Luc 7:36;SKN;56-0218E;3;5;manger mit pharisien pria table
Matthieu 1:18;SKN;56-0219;48;4;fiancee joseph marie soient
Apocalypse 17:8;SKN;56-0223;14;4;bete ecrits fondation noms
Matthieu 24:24;SKN;56-0224;36;4;grands prodiges prophetes signes
Matthieu 24:29;SKN;56-0224;36;4;cieux etoiles lune soleil
Genese 22:14;SKN;56-0224;61;4;jehovah jire leternel montagne
Genese 22:14;SKN;56-0224;63;4;jehovah jire leternel montagne
Genese 22:14;SKN;56-0224;65;4;jehovah jire leternel pourvu
Matthieu 24:24;SKN;56-0304;83;5;grands possible prodiges prophetes signes
Jean 3:16;SKN;56-0304;83;5;croit eternelle perisse quiconque unique
Marc 11:23;SKN;56-0304;83;4;aura mer montagne quiconque
Apocalypse 10:7;SKN;56-0304;83;6;ange esclaves nouvelle prophetes termine voix
Apocalypse 22:18;SKN;56-0304;83;4;entend paroles quiconque temoignage
1 Timothee 3:16;SKN;56-0304;83;4;anges chair cru nations
Matthieu 16:18;SKN;56-0304;83;4;batirai portes prevaudront roc
Hebreux 6:4;SKN;56-0304;83;4;celeste devenus goute impossible
Genese 22:14;SKN;56-0304;83;4;jehovah jire montagne pourvu
Matthieu 12:42;SKN;56-0304;83;4;entendre jugement salomon vint
Matthieu 24:29;SKN;56-0304;83;9;aussitot cieux donnera ebranlees etoiles lune obscurci seront soleil
Ephesiens 2:12;SKN;56-0304;83;4;etant etiez etrangers israel
Apocalypse 17:17;SKN;56-0304;83;4;curs paroles pensee royaume
Apocalypse 19:11;SKN;56-0304;83;8;appele cheval combat fidele juge justice ouvert veritable
Matthieu 18:10;SKN;56-0304;83;4;anges cieux face garde
Esaie 53:12;SKN;56-0304;83;5;ame aura compte grands plusieurs
Apocalypse 1:1;SKN;56-0304;83;4;ange bientot esclave esclaves
Matthieu 3:16;SKN;56-0304;83;4;aussitot cieux descendre furent
Actes 20:24;SKN;56-0304;83;7;aucun cas course pourvu rendre service temoignage
Joel 2:25;SKN;56-0311A;17;5;annees armee envoyee milieu sauterelle
Joel 2:28;SKN;56-0311E;54;4;jeunes songes vieillards visions
Hebreux 3:1;SKN;56-0401M;6;4;confession sacrificateur saints souverain
Ephesiens 1:20;SKN;56-0401M;10;5;asseoir celestes droite lieux ressuscitant
Apocalypse 10:1;SKN;56-0401M;56;4;colonnes pieds puissant soleil
Apocalypse 10:1-7;SKN;56-0401M;56;4;colonnes pieds puissant soleil
Esaie 40:3;SKN;56-0404;11;7;aplanissez chemin crie desert leternel preparez voix
Matthieu 24:24;SKN;56-0404;21;4;faux prophetes seduire signes
Galates 3:29;SKN;56-0404;29;4;dabraham heritiers selon semence
Joel 2:28;SKN;56-0404;53;4;chair jeunes repandrai visions
Joel 2:28;SKN;56-0404;70;5;jeunes repandrai songes vieillards visions
Jean 15:7;SKN;56-0405;2;4;demeurent demeurez paroles voudrez
Jean 14:9;SKN;56-0405;17;4;connu mas montre philippe
Hebreux 1:1;SKN;56-0406;24;4;manieres plusieurs prophetes reprises
Matthieu 16:18;SKN;56-0406;38;4;batirai portes prevaudront roc
Joel 2:28;SKN;56-0406;49;4;jeunes songes vieillards visions
Hebreux 3:1;SKN;56-0406;65;4;celeste confession sacrificateur souverain
Esaie 40:3;SKN;56-0407;23;4;chemin crie leternel route
Apocalypse 22:18;SKN;56-0408E;14;4;ecrites paroles prophetie temoignage
Apocalypse 1:1;SKN;56-0408E;14;7;ange arriver bientot doivent donnee montrer revelation
Apocalypse 1:1;SKN;56-0408E;15;5;ange arriver doivent donnee revelation
Actes 2:4;SKN;56-0408E;27;7;commencerent dautres donnait furent langues remplis selon
Matthieu 24:24;SKN;56-0408E;31;4;grands prodiges prophetes signes
Jean 14:9;SKN;56-0408E;52;4;connu mas montre philippe
Apocalypse 10:1;SKN;56-0415;26;4;larc pieds soleil visage
Apocalypse 10:1-7;SKN;56-0415;26;4;larc pieds soleil visage
Matthieu 10:1;SKN;56-0419;34;4;ayant chasser disciples guerir
Apocalypse 5:9;SKN;56-0420;26;4;digne immole ouvrir sceaux
Exode 13:21;SKN;56-0420;55;4;chemin colonne nuee nuit
Joel 2:28;SKN;56-0421;38;5;chair jeunes songes vieillards visions
Apocalypse 10:1;SKN;56-0421;79;4;ange descendant soleil visage
Apocalypse 10:7;SKN;56-0421;79;5;ange esclaves prophetes termine voix
Apocalypse 10:1-7;SKN;56-0421;79;4;ange descendant soleil visage
Genese 3:16;SKN;56-0421;79;5;desir grandes souffrances tes tourne
Matthieu 24:29;SKN;56-0421;79;5;aussitot cieux lune seront soleil
Esaie 53:12;SKN;56-0421;79;4;ame aura compte grands
Matthieu 3:16;SKN;56-0421;79;4;aussitot cieux descendre vit
Joel 2:28;SKN;56-0422;38;5;chair jeunes songes vieillards visions
Apocalypse 10:1;SKN;56-0422;79;4;ange descendant soleil visage
Apocalypse 10:7;SKN;56-0422;79;5;ange esclaves prophetes termine voix
Apocalypse 10:1-7;SKN;56-0422;79;4;ange descendant soleil visage
Genese 3:16;SKN;56-0422;79;5;desir grandes souffrances tes tourne
Matthieu 24:29;SKN;56-0422;79;5;aussitot cieux lune seront soleil
Esaie 53:12;SKN;56-0422;79;4;ame aura compte grands
Matthieu 3:16;SKN;56-0422;79;4;aussitot cieux descendre vit
Apocalypse 5:9;SKN;56-0426;16;5;den digne immole ouvrir sceaux
Matthieu 24:24;SKN;56-0426;17;4;grands maniere prodiges signes
Jean 12:20;SKN;56-0426;18;4;adorer fete grecs montes
Genese 22:14;SKN;56-0427;18;4;jire leternel montagne pourvu
Matthieu 24:29;SKN;56-0427;53;5;cieux etoiles lune seront soleil
Matthieu 24:29;SKN;56-0428;18;4;cieux etoiles lune soleil
Matthieu 24:29;SKN;56-0429;18;4;cieux etoiles lune soleil
Jean 14:12;SKN;56-0513;1;4;celles croit grandes uvres
Jean 3:16;SKN;56-0513;1;4;croit eternelle quiconque unique
Joel 2:28;SKN;56-0513;1;5;arrivera chair filles jeunes songes
Hebreux 1:1;SKN;56-0513;1;4;autrefois ayant peres reprises
Apocalypse 10:1;SKN;56-0513;1;6;ange descendant nuee pieds soleil visage
Marc 11:23;SKN;56-0513;1;5;aura dira mer ote quiconque
Matthieu 1:18;SKN;56-0513;1;5;ensemble etant marie naissance soient
Apocalypse 10:7;SKN;56-0513;1;7;ange annonce esclaves nouvelle termine trompette voix
Apocalypse 22:18;SKN;56-0513;1;4;entend paroles quiconque temoignage
Apocalypse 10:1-7;SKN;56-0513;1;6;ange descendant nuee pieds soleil visage
1 Timothee 3:16;SKN;56-0513;1;6;anges chair cru eleve manifeste preche
Apocalypse 13:8;SKN;56-0513;1;5;ecrit fondation habitent hommage immole
Hebreux 13:10;SKN;56-0513;1;4;autel droit manger tabernacle
Apocalypse 22:19;SKN;56-0513;1;4;cite ote paroles sainte
Esaie 28:19;SKN;56-0513;1;4;entendre nuit prendra rumeur
Apocalypse 17:8;SKN;56-0513;1;5;fondation habitent monter noms vue
Nombres 12:6;SKN;56-0513;1;5;ferai parlerai paroles songe vision
Matthieu 10:1;SKN;56-0513;1;7;appele autorite ayant disciples douze guerir maladie
Genese 3:16;SKN;56-0513;1;4;grandes mari tes travail
Esaie 40:3;SKN;56-0513;1;5;chemin crie desert route voix
Genese 3:8;SKN;56-0513;1;5;arbres jardin milieu promenait voix
Matthieu 24:29;SKN;56-0513;1;6;cieux donnera etoiles lune seront soleil
Ephesiens 2:12;SKN;56-0513;1;6;cite droit etant etiez etrangers israel
Apocalypse 17:17;SKN;56-0513;1;6;curs donner paroles pensee royaume soient
Exode 13:21;SKN;56-0513;1;5;allait chemin conduire nuee nuit
Apocalypse 6:11;SKN;56-0513;1;4;complet devaient robe soient
Apocalypse 21:19;SKN;56-0513;1;4;cite fondement precieuse premier
Apocalypse 17:3;SKN;56-0513;1;4;assise ayant desert noms
Ezechiel 28:12;SKN;56-0513;1;5;eleve etais forme plein roi
Genese 3:1;SKN;56-0513;1;5;arbre champs jardin ruse serpent
Apocalypse 20:4;SKN;56-0513;1;5;ames hommage jugement rendu temoignage
Apocalypse 19:11;SKN;56-0513;1;5;appele blanc fidele ouvert veritable
Apocalypse 2:20;SKN;56-0513;1;5;esclaves idoles laisses manger prophetesse
Matthieu 18:10;SKN;56-0513;1;6;anges cieux face garde prenez voient
Malachie 3:1;SKN;56-0513;1;4;chemin cherchez prenez viendra
Esaie 27:12;SKN;56-0513;1;4;arrivera courant fleuve rassembles
Esaie 53:12;SKN;56-0513;1;5;ame aura compte grands intercede
Psaumes 22:7;SKN;56-0513;1;4;bouche moquent ouvrent voient
Apocalypse 1:1;SKN;56-0513;1;6;ange arriver donnee esclave esclaves montrer
Galates 4:27;SKN;56-0513;1;4;cris ecrit joie travail
Apocalypse 5:9;SKN;56-0513;1;8;cantique chantent digne immole langue nation ouvrir sceaux
Actes 20:24;SKN;56-0513;1;6;aucun precieuse rendre service temoignage tiens
Jean 16:21;SKN;56-0513;1;4;heure joie souvient tristesse
Luc 1:17;SKN;56-0513;1;6;curs delie ira pensee peres preparer
Hebreux 4:14;SKN;56-0513;1;4;ayant cieux ferme traverse
Esaie 9:5;SKN;56-0513;1;5;guerre manteau pature roule seront
Matthieu 24:29;SKN;56-0603;24;4;cieux etoiles lune soleil
Jean 14:12;SKN;56-0610;1;4;croit grandes men uvres
Matthieu 24:24;SKN;56-0610;1;4;faux maniere possible prophetes
Esaie 9:6;SKN;56-0610;1;4;merveilleux paix prince siecle
Joel 2:28;SKN;56-0610;1;7;arrivera chair filles jeunes songes verront visions
Genese 1:26;SKN;56-0610;1;6;animal cieux faisons mer oiseaux selon
Jean 5:7;SKN;56-0610;1;4;descend malade nai viens
Actes 1:8;SKN;56-0610;1;5;bout jerusalem jusquau serez temoins
Hebreux 1:1;SKN;56-0610;1;7;autrefois ayant manieres peres plusieurs prophetes reprises
Hebreux 13:12;SKN;56-0610;1;4;hors propre sanctifie souffert
Amos 3:7;SKN;56-0610;1;4;leternel prophetes revele serviteurs
Apocalypse 10:1;SKN;56-0610;1;6;ange larc nuee pieds soleil vis
Hebreux 3:1;SKN;56-0610;1;5;celeste confession lappel sacrificateur souverain
Marc 11:23;SKN;56-0610;1;5;aura croira dira mer ote
Matthieu 1:18;SKN;56-0610;1;5;ensemble etant joseph naissance soient
Apocalypse 10:7;SKN;56-0610;1;7;ange annonce nouvelle prophetes termine trompette voix
Apocalypse 10:1-7;SKN;56-0610;1;6;ange larc nuee pieds soleil vis
1 Timothee 3:16;SKN;56-0610;1;6;anges chair cru eleve nations preche
Apocalypse 13:8;SKN;56-0610;1;5;ecrit fondation immole lagneau rendront
Hebreux 13:10;SKN;56-0610;1;5;autel droit manger nont tabernacle
Apocalypse 22:19;SKN;56-0610;1;5;cite ote paroles prophetie sainte
Esaie 28:19;SKN;56-0610;1;4;den entendre nuit prendra
Hebreux 9:11;SKN;56-0610;1;6;biens etant parfait sacrificateur souverain tabernacle
Apocalypse 17:8;SKN;56-0610;1;4;fondation noms voyant vue
Genese 1:11;SKN;56-0610;1;4;ayant fruit portant selon
Nombres 12:6;SKN;56-0610;1;5;connaitre ferai leternel parlerai paroles
Matthieu 10:1;SKN;56-0610;1;5;appele ayant chasser donna esprits
Apocalypse 3:14;SKN;56-0610;1;5;commencement lange lassemblee temoin veritable
Esaie 40:3;SKN;56-0610;1;5;chemin crie leternel route voix
Luc 16:16;SKN;56-0610;1;5;annonce loi lors prophetes royaume
Ephesiens 1:13;SKN;56-0610;1;4;ayant cru levangile salut
Genese 3:8;SKN;56-0610;1;4;jardin leternel milieu voix
Matthieu 12:42;SKN;56-0610;1;7;bouts condamnera entendre jugement reine sagesse vint
Esaie 61:1;SKN;56-0610;1;7;apporter bonnes brise envoye leternel nouvelles oint
Actes 15:14;SKN;56-0610;1;4;nations premierement raconte visite
Apocalypse 19:21;SKN;56-0610;1;8;bouche chair fut lepee oiseaux rassasies sortait tue
Matthieu 24:29;SKN;56-0610;1;5;aussitot cieux lune seront soleil
Ephesiens 2:12;SKN;56-0610;1;5;cite droit etant etiez etrangers
Apocalypse 17:17;SKN;56-0610;1;6;curs donner paroles pensee royaume soient
Exode 13:21;SKN;56-0610;1;5;allait chemin leternel nuee nuit
Daniel 7:9;SKN;56-0610;1;6;cheveux lancien places pure vetement vis
Matthieu 11:10;SKN;56-0610;1;4;chemin ecrit face lequel
Apocalypse 6:6;SKN;56-0610;1;4;animaux lhuile milieu voix
Apocalypse 6:11;SKN;56-0610;1;4;fut reposent robe soient
Apocalypse 21:19;SKN;56-0610;1;4;cite precieuse premier troisieme
Apocalypse 17:3;SKN;56-0610;1;5;assise ayant noms tetes vis
Ezechiel 28:12;SKN;56-0610;1;8;eleve etais forme leternel perfection plein roi sagesse
Genese 3:1;SKN;56-0610;1;4;animal jardin leternel quaucun
Apocalypse 20:4;SKN;56-0610;1;4;fut jugement rendu vis
Apocalypse 21:23;SKN;56-0610;1;4;cite lagneau lune soleil
Apocalypse 19:11;SKN;56-0610;1;7;appele combat juge justice ouvert veritable vis
Luc 21:24;SKN;56-0610;1;5;jerusalem lepee nations pieds seront
Matthieu 18:10;SKN;56-0610;1;8;anges cieux continuellement face garde mepriser prenez voient
Malachie 3:1;SKN;56-0610;1;7;chemin cherchez lalliance lange prenez temple viendra
Esaie 27:12;SKN;56-0610;1;6;arrivera disrael fleuve jusquau leternel serez
Apocalypse 16:13;SKN;56-0610;1;4;bouche esprits faux vis
Esaie 53:9;SKN;56-0610;1;5;aucune bouche donna navait riche
Esaie 53:12;SKN;56-0610;1;4;ame aura compte plusieurs
Apocalypse 1:1;SKN;56-0610;1;5;ange arriver bientot doivent montrer
Matthieu 3:16;SKN;56-0610;1;5;aussitot ayant cieux descendre ouverts
Matthieu 24:7;SKN;56-0610;1;4;aura divers nation royaume
Apocalypse 5:9;SKN;56-0610;1;6;cantique den digne immole langue nation
Hebreux 9:11-14;SKN;56-0610;1;6;biens etant parfait sacrificateur souverain tabernacle
Genese 1:28;SKN;56-0610;1;5;benit cieux mer oiseaux vivant
Hebreux 4:15;SKN;56-0610;1;4;navons sacrificateur souverain tente
Hebreux 12:25;SKN;56-0610;1;4;cieux garde nont prenez
Actes 20:24;SKN;56-0610;1;5;cas levangile precieuse service tiens
Luc 1:17;SKN;56-0610;1;5;curs ira pensee peres preparer
Josue 10:12;SKN;56-0610;1;4;disrael leternel lune soleil
Marc 13:27;SKN;56-0610;1;4;anges bout elus jusquau
Nombres 19:9;SKN;56-0610;1;5;disrael eau hors lassemblee pur
Apocalypse 6:1;SKN;56-0610;1;5;animaux lagneau viens vis voix
Ephesiens 1:13-14;SKN;56-0610;1;4;ayant cru levangile salut
Hebreux 4:14;SKN;56-0610;1;8;ayant cieux confession ferme sacrificateur souverain tenons traverse
Genese 14:18;SKN;56-0610;1;6;apporter pain roi sacrificateur salem vin
Jean 3:16;SKN;56-0611;33;5;croit eternelle perisse quiconque unique
Ephesiens 1:13;SKN;56-0612;68;4;auquel cru espere salut
Ephesiens 1:13-14;SKN;56-0612;68;4;auquel cru espere salut
Genese 22:14;SKN;56-0613;4;5;jehovah jire leternel montagne pourvu
Genese 22:14;SKN;56-0613;6;5;jehovah jire leternel montagne pourvu
Hebreux 4:14;SKN;56-0613;28;4;cieux confession sacrificateur souverain
Jean 14:12;SKN;56-0613;35;4;celles croit grandes men
Ephesiens 4:30;SKN;56-0614;15;4;lequel nattristez redemption scelles
Esaie 9:6;SKN;56-0615;73;4;conseiller merveilleux paix prince
Apocalypse 5:9;SKN;56-0617;13;4;digne immole ouvrir sceaux
Apocalypse 1:1;SKN;56-0617;49;6;arriver bientot doivent donnee montrer revelation
Apocalypse 1:1;SKN;56-0617;73;6;ange arriver bientot doivent montrer revelation
Apocalypse 13:8;SKN;56-0621;22;4;ecrit fondation immole lagneau
Apocalypse 13:8;SKN;56-0621;34;4;ecrit fondation immole lagneau
Genese 2:7;SKN;56-0621;44;5;ame devint poussiere souffla vivante
Apocalypse 13:14;SKN;56-0715;7;4;bete fut image lepee
Apocalypse 20:4;SKN;56-0715;7;5;bete fut image jugement vis
Matthieu 24:24;SKN;56-0715;59;5;grands possible prodiges prophetes signes
Matthieu 10:1;SKN;56-0715;71;4;chasser disciples esprits guerir
Matthieu 10:1;SKN;56-0722;12;4;chasser disciples esprits guerir
Matthieu 19:28;SKN;56-0723;7;5;disrael douze serez tribus trones
Actes 2:38;SKN;56-0726;33;5;baptise don peches recevrez repentez
Esaie 32:2;SKN;56-0728;49;4;aura deau rocher vent
Actes 2:38;SKN;56-0731;53;5;baptise don peches recevrez repentez
Jean 15:7;SKN;56-0801;19;4;demanderez demeurent demeurez paroles
Jean 3:16;SKN;56-0805;36;5;croit eternelle perisse quiconque unique
Actes 2:38;SKN;56-0815;53;5;baptise don peches recevrez repentez
Ephesiens 1:20;SKN;56-0816;32;4;asseoir celestes droite lieux
Matthieu 11:25;SKN;56-0816;63;4;cache intelligents revelees sages
Apocalypse 13:8;SKN;56-0826;13;4;ecrit fondation immole lagneau
Actes 2:38;SKN;56-0902;86;5;baptise don peches recevrez repentez
Esaie 61:1;SKN;56-0916;2;5;brise captifs envoye oint proclamer
Actes 2:38;SKN;56-0923;60;4;don peches recevrez repentez
Apocalypse 13:8;SKN;56-0930;12;4;ecrit fondation immole lagneau
Apocalypse 17:8;SKN;56-0930;12;5;bete ecrits fondation noms vue
Psaumes 103:3;SKN;56-0930;37;4;guerit iniquites pardonne tes
Actes 1:8;SKN;56-0930E;5;6;jerusalem judee recevrez samarie serez temoins
Actes 1:8;SKN;56-0930E;6;6;jerusalem judee samarie serez temoins venant
Actes 1:8;SKN;56-0930E;7;4;jerusalem judee samarie temoins
Apocalypse 3:14;SKN;56-0930E;14;4;fidele lange temoin veritable
Psaumes 103:3;SKN;56-0930E;19;4;guerit iniquites pardonne tes
Actes 1:8;SKN;56-0930E;35;4;jerusalem judee serez temoins
Actes 1:8;SKN;56-1001;8;4;jerusalem judee samarie temoins
Matthieu 12:42;SKN;56-1001;46;10;condamnera entendre generation jugement levera midi reine sagesse salomon vint
Matthieu 12:42;SKN;56-1001;51;10;condamnera entendre generation jugement levera midi reine sagesse salomon vint
Matthieu 12:42;SKN;56-1001;52;7;condamnera entendre jugement levera reine sagesse salomon
Matthieu 12:42;SKN;56-1001;61;5;condamnera jugement levera reine salomon
Matthieu 5:28;SKN;56-1002A;21;4;adultere commis convoiter quiconque
Joel 2:28;SKN;56-1002A;54;5;arrivera chair filles prophetiseront repandrai
Actes 2:38;SKN;56-1004;45;5;baptise don peches recevrez repentez
Matthieu 5:28;SKN;56-1005;57;4;adultere commis convoiter quiconque
Apocalypse 20:4;SKN;56-1125E;16;4;fut jugement rendu vis
Hebreux 1:1;SKN;56-1206;11;4;autrefois peres plusieurs prophetes
Matthieu 12:42;SKN;56-1207;14;10;condamnera entendre generation jugement levera midi reine sagesse salomon vint
Jean 14:9;SKN;56-1207;37;4;connu mas montre philippe
Matthieu 12:42;SKN;56-1207;63;6;condamnera jugement levera reine sagesse salomon
Apocalypse 5:9;SKN;56-1208;11;5;den digne immole ouvrir sceaux
Actes 2:24;SKN;56-1208;12;4;ayant lequel puisquil ressuscite
Psaumes 103:3;SKN;56-1208;45;4;guerit iniquites pardonne tes
Matthieu 10:1;SKN;56-1208;70;4;appele esprits guerir maladie
Matthieu 5:28;SKN;56-1209A;48;4;adultere commis convoiter quiconque
Genese 22:14;SKN;56-1209E;12;5;jehovah jire leternel montagne pourvu
Matthieu 11:25;SKN;56-1209E;46;4;cache intelligents loue sages
Genese 22:14;SKN;56-1209E;65;5;jehovah jire leternel montagne pourvu
Matthieu 10:1;SKN;56-1215;23;6;appele ayant chasser disciples esprits guerir
Matthieu 16:18;SKN;56-1230;43;4;batirai portes prevaudront roc
Hebreux 1:1;SKN;57-0104;6;4;ayant manieres plusieurs reprises
Apocalypse 13:8;SKN;57-0104;13;4;ecrit fondation immole lagneau
Jean 12:20;SKN;57-0104;20;4;adorer fete grecs montes
Genese 22:14;SKN;57-0106;12;4;jire leternel montagne pourvu
Psaumes 42:7;SKN;57-0106;18;4;appelle cataractes tes voix
Psaumes 103:3;SKN;57-0106;37;4;guerit iniquites pardonne tes
Hebreux 1:1;SKN;57-0106;67;6;autrefois manieres peres plusieurs prophetes reprises
Matthieu 11:25;SKN;57-0114;16;4;cache intelligents loue sages
Matthieu 24:7;SKN;57-0115;85;4;aura divers lieux tremblements
Apocalypse 22:18;SKN;57-0120E;4;5;ajoute entend paroles prophetie quiconque
Apocalypse 22:19;SKN;57-0120E;4;4;larbre paroles prophetie sainte
Hebreux 1:1;SKN;57-0120E;61;5;manieres peres plusieurs prophetes reprises
Actes 1:8;SKN;57-0120M;31;5;jerusalem judee samarie serez temoins
Jacques 5:14;SKN;57-0120M;77;5;anciens appelle dhuile malade prient
Hebreux 4:15;SKN;57-0125;57;4;infirmites navons sacrificateur souverain
Jean 3:16;SKN;57-0126E;23;5;croit eternelle perisse quiconque unique
Jean 3:16;SKN;57-0126E;38;4;croit eternelle perisse quiconque
Jean 3:16;SKN;57-0126E;139;5;croit eternelle perisse quiconque unique
Jean 12:20;SKN;57-0226;8;4;adorer fete grecs montes
Jean 3:16;SKN;57-0226;50;5;croit eternelle perisse quiconque unique
Matthieu 12:42;SKN;57-0228;3;10;condamnera entendre generation jugement levera midi reine sagesse salomon vint
Matthieu 10:1;SKN;57-0228;10;4;chasser disciples douze guerir
Matthieu 10:1;SKN;57-0228;12;4;chasser disciples douze guerir
Hebreux 1:1;SKN;57-0228;21;6;autrefois manieres peres plusieurs prophetes reprises
Matthieu 12:42;SKN;57-0228;24;5;generation midi reine salomon vint
Matthieu 12:42;SKN;57-0228;29;6;condamnera generation jugement levera reine salomon
Matthieu 12:42;SKN;57-0228;38;4;condamnera generation levera vint
Actes 2:38;SKN;57-0302;70;5;baptise don peches recevrez repentez
Actes 20:24;SKN;57-0303A;2;4;cas levangile rendre service
Hebreux 1:1;SKN;57-0303A;5;6;autrefois manieres peres plusieurs prophetes reprises
Matthieu 24:24;SKN;57-0303A;30;6;faux possible prophetes seduire selevera signes
Actes 2:38;SKN;57-0303A;37;5;baptise don peches recevrez repentez
Jean 3:16;SKN;57-0305;5;5;croit eternelle perisse quiconque unique
Jean 3:16;SKN;57-0305;41;5;croit eternelle perisse quiconque unique
Apocalypse 17:8;SKN;57-0306;33;4;ecrits fondation habitent noms
Genese 22:14;SKN;57-0309E;8;5;jehovah jire leternel montagne pourvu
Genese 22:14;SKN;57-0309E;9;4;jehovah jire leternel pourvu
Galates 3:29;SKN;57-0309E;16;4;dabraham heritiers selon semence
Genese 22:14;SKN;57-0309E;46;5;appela jehovah jire leternel montagne
Genese 22:14;SKN;57-0309E;47;4;jehovah jire leternel pourvu
Nombres 12:6;SKN;57-0309E;53;4;connaitre ferai leternel parlerai
Marc 7:7;SKN;57-0310A;32;4;commandements dhommes doctrines vain
Jean 3:16;SKN;57-0317;50;5;croit eternelle perisse quiconque unique
Matthieu 24:7;SKN;57-0322;3;4;aura divers lieux tremblements
Matthieu 24:7;SKN;57-0322;57;5;aura divers lieux royaume tremblements
Actes 1:8;SKN;57-0323;38;5;jerusalem judee samarie serez temoins
Actes 2:38;SKN;57-0323;52;5;baptise don peches recevrez repentez
Esaie 9:6;SKN;57-0323;58;4;conseiller merveilleux paix prince
Hebreux 1:1;SKN;57-0324;13;5;manieres peres plusieurs prophetes reprises
Apocalypse 13:8;SKN;57-0324;16;4;ecrit fondation immole lagneau
Apocalypse 17:8;SKN;57-0324;16;4;bete ecrits fondation noms
Matthieu 16:18;SKN;57-0325;22;4;batirai portes prevaudront roc
Genese 22:14;SKN;57-0326;14;5;jehovah jire leternel montagne pourvu
Genese 22:14;SKN;57-0326;16;4;jehovah jire leternel pourvu
Genese 22:14;SKN;57-0326;76;4;jehovah jire leternel pourvu
Jean 15:7;SKN;57-0326;117;4;demeurent demeurez paroles voudrez
Jean 14:12;SKN;57-0407M;9;4;celles croit grandes men
Matthieu 24:24;SKN;57-0407M;9;6;faux grands maniere possible prodiges signes
Jean 3:16;SKN;57-0407M;9;4;croit eternelle perisse quiconque
Joel 2:28;SKN;57-0407M;9;6;arrivera filles jeunes verront vieillards visions
Jacques 5:14;SKN;57-0407M;9;5;anciens appelle dhuile malade prient
Genese 1:26;SKN;57-0407M;9;4;cieux mer poissons selon
Deuteronome 18:15;SKN;57-0407M;9;5;dentre leternel milieu suscitera tes
Jean 5:7;SKN;57-0407M;9;5;descend jette leau malade nai
Actes 1:8;SKN;57-0407M;9;4;bout jusquau serez temoins
Actes 2:4;SKN;57-0407M;9;4;dautres donnait langues selon
Apocalypse 10:1;SKN;57-0407M;9;4;ange descendant pieds soleil
Marc 11:23;SKN;57-0407M;9;7;aura dira jette mer montagne ote quiconque
Matthieu 1:18;SKN;57-0407M;9;5;arriva ensemble marie naissance soient
Apocalypse 10:7;SKN;57-0407M;9;6;ange annonce nouvelle sonner termine voix
Apocalypse 22:18;SKN;57-0407M;9;5;ajoute paroles prophetie quiconque temoignage
Genese 2:7;SKN;57-0407M;9;4;ame leternel poussiere sol
Apocalypse 10:1-7;SKN;57-0407M;9;4;ange descendant pieds soleil
1 Timothee 3:16;SKN;57-0407M;9;4;cru eleve nations preche
Apocalypse 13:8;SKN;57-0407M;9;4;ecrit fondation habitent lagneau
Apocalypse 22:19;SKN;57-0407M;9;6;ecrits ote otera paroles prophetie sainte
Esaie 28:19;SKN;57-0407M;9;4;entendre nuit passera prendra
Apocalypse 17:8;SKN;57-0407M;9;5;ecrits fondation habitent monter noms
Genese 1:11;SKN;57-0407M;9;5;ayant espece plante portant selon
Genese 22:14;SKN;57-0407M;9;4;jehovah leternel montagne pourvu
Matthieu 10:1;SKN;57-0407M;9;5;appele ayant douze guerir maladie
Apocalypse 3:14;SKN;57-0407M;9;4;commencement fidele lange veritable
Esaie 14:12;SKN;57-0407M;9;5;abattu brillant cieux nations tombe
Apocalypse 13:14;SKN;57-0407M;9;4;fut habitent miracles repris
Genese 3:16;SKN;57-0407M;9;5;desir grandes souffrances tes travail
Esaie 40:3;SKN;57-0407M;9;5;chemin crie leternel route voix
Esaie 32:2;SKN;57-0407M;9;6;aura deau lombre lorage rocher vent
Ephesiens 1:13;SKN;57-0407M;9;5;auquel ayant cru levangile salut
Genese 3:8;SKN;57-0407M;9;4;arbres leternel milieu voix
Matthieu 12:42;SKN;57-0407M;9;6;entendre generation jugement midi sagesse salomon
Esaie 61:1;SKN;57-0407M;9;6;apporter bonnes brise envoye leternel oint
Matthieu 25:46;SKN;57-0407M;9;4;eternelle iront justes sen
Actes 15:14;SKN;57-0407M;9;4;nations premierement tirer visite
Matthieu 24:29;SKN;57-0407M;9;7;aussitot cieux donnera etoiles lune seront soleil
Apocalypse 17:17;SKN;57-0407M;9;5;donner paroles pensee royaume soient
Exode 13:21;SKN;57-0407M;9;6;allait chemin colonne conduire leternel nuit
Matthieu 11:10;SKN;57-0407M;9;4;chemin ecrit face lequel
Apocalypse 6:6;SKN;57-0407M;9;4;lhuile mesure milieu voix
Apocalypse 6:11;SKN;57-0407M;9;5;complet devaient fut longue soient
Ephesiens 1:20;SKN;57-0407M;9;4;celestes dentre droite lieux
Ezechiel 28:12;SKN;57-0407M;9;7;accomplie eleve etais forme leternel plein sagesse
Apocalypse 20:4;SKN;57-0407M;9;5;fut jugement navaient rendu temoignage
Apocalypse 21:23;SKN;57-0407M;9;4;lagneau lampe lune soleil
Matthieu 19:28;SKN;57-0407M;9;4;disrael douze serez suivi
Apocalypse 19:11;SKN;57-0407M;9;5;appele combat fidele ouvert veritable
Deuteronome 18:22;SKN;57-0407M;9;4;leternel narrivera naura peur
Matthieu 18:10;SKN;57-0407M;9;4;cieux face prenez voient
Malachie 3:1;SKN;57-0407M;9;4;chemin lange prenez viendra
Esaie 27:12;SKN;57-0407M;9;7;arrivera courant degypte disrael jusquau leternel serez
Esaie 53:12;SKN;57-0407M;9;5;ame aura compte grands plusieurs
Genese 15:16;SKN;57-0407M;9;4;amoreens generation liniquite quatrieme
Apocalypse 1:1;SKN;57-0407M;9;7;ange arriver bientot doivent donnee montrer revelation
Matthieu 3:16;SKN;57-0407M;9;5;aussitot ayant cieux descendre leau
Matthieu 24:7;SKN;57-0407M;9;6;aura divers lieux nation royaume tremblements
Galates 4:27;SKN;57-0407M;9;4;cris ecrit joie travail
Genese 1:28;SKN;57-0407M;9;4;cieux mer poissons vivant
Genese 6:4;SKN;57-0407M;9;4;filles quelles vaillants venus
Hebreux 12:25;SKN;57-0407M;9;4;cieux nont parlait prenez
Hebreux 6:1;SKN;57-0407M;9;4;avancons commencement faits repentance
Apocalypse 6:12;SKN;57-0407M;9;6;fit lorsquil noir sac soleil tremblement
Actes 20:24;SKN;57-0407M;9;8;aucun cas levangile pourvu precieuse rendre temoignage tiens
Actes 2:24;SKN;57-0407M;9;4;ayant lequel possible ressuscite
Luc 1:17;SKN;57-0407M;9;5;ira justes pensee preparer retourner
Luc 10:1;SKN;57-0407M;9;4;devait face lieux villes
Psaumes 16:8;SKN;57-0407M;9;4;droite ebranle leternel serai
Josue 10:12;SKN;57-0407M;9;6;amoreens disrael josue leternel lune soleil
Psaumes 42:7;SKN;57-0407M;9;5;appelle flots tes vagues voix
Ephesiens 1:13-14;SKN;57-0407M;9;5;auquel ayant cru levangile salut
Hebreux 4:14;SKN;57-0407M;9;4;ayant cieux ferme tenons
Jean 3:16;SKN;57-0414;51;4;croit eternelle perisse quiconque
Matthieu 24:24;SKN;57-0414;114;5;faux prodiges prophetes seduire signes
Matthieu 24:7;SKN;57-0417;31;4;aura divers lieux tremblements
Matthieu 24:7;SKN;57-0417;37;4;divers lieux pestes tremblements
Genese 1:26;SKN;57-0418;51;5;cieux faisons image oiseaux selon
Marc 11:23;SKN;57-0418;51;5;aura dira montagne ote quiconque
Genese 1:11;SKN;57-0418;51;4;fruit larbre selon semence
Genese 3:16;SKN;57-0418;51;5;desir grandes mari tes tourne
Matthieu 12:42;SKN;57-0418;51;4;entendre generation jugement vint
Apocalypse 19:21;SKN;57-0418;51;6;bouche fut lepee oiseaux rassasies tue
Apocalypse 17:17;SKN;57-0418;51;4;donner paroles pensee royaume
Ezechiel 28:12;SKN;57-0418;51;5;accomplie dhomme perfection plein roi
Apocalypse 19:11;SKN;57-0418;51;4;appele fidele justice veritable
Luc 21:24;SKN;57-0418;51;5;jerusalem lepee nations pieds seront
Matthieu 3:16;SKN;57-0418;51;5;baptise cieux descendre leau vit
Genese 1:28;SKN;57-0418;51;4;benit cieux oiseaux vivant
Genese 14:18;SKN;57-0418;51;7;apporter fit pain roi sacrificateur salem vin
Matthieu 24:29;SKN;57-0419;106;4;cieux lune seront soleil
Psaumes 16:10;SKN;57-0420;9;4;ame corruption permettras voie
Matthieu 27:51;SKN;57-0420;68;6;dechira fendirent rochers temple trembla voile
Matthieu 24:29;SKN;57-0420;105;4;cieux etoiles lune soleil
Jean 3:16;SKN;57-0421M;29;5;croit eternelle perisse quiconque unique
Genese 3:16;SKN;57-0421M;64;4;grandes tes tourne travail
Esaie 40:3;SKN;57-0421M;64;4;chemin crie route voix
Jean 12:20;SKN;57-0516;10;4;adorer fete grecs montes
Esaie 28:8;SKN;57-0516;27;4;pleines sales tables vomissements
Actes 1:8;SKN;57-0516;48;4;bout jerusalem samarie serez
Matthieu 12:42;SKN;57-0517;19;10;condamnera entendre generation jugement levera midi reine sagesse salomon vint
Matthieu 12:42;SKN;57-0517;24;5;entendre midi reine sagesse salomon
Matthieu 12:42;SKN;57-0517;28;6;condamnera generation jugement levera sagesse salomon
Matthieu 12:42;SKN;57-0517;33;4;condamnera generation jugement levera
Apocalypse 5:9;SKN;57-0518;12;6;den digne immole nation ouvrir sceaux
Apocalypse 6:1;SKN;57-0518;12;4;lagneau sceaux sept viens
Joel 2:28;SKN;57-0519A;80;4;filles jeunes vieillards visions
Actes 1:8;SKN;57-0519E;57;4;jerusalem judee samarie temoins
Jean 3:16;SKN;57-0519E;58;5;croit eternelle perisse quiconque unique
Matthieu 24:24;SKN;57-0519E;62;4;grands prodiges prophetes signes
Malachie 3:1;SKN;57-0519E;65;4;chemin lalliance lange messager
Matthieu 5:28;SKN;57-0602;33;4;adultere commis convoiter quiconque
Psaumes 42:7;SKN;57-0602;47;4;appelle cataractes tes voix
Matthieu 16:18;SKN;57-0610;39;4;batirai portes prevaudront roc
Matthieu 16:18;SKN;57-0610;41;4;batirai portes prevaudront roc
Matthieu 12:42;SKN;57-0614;6;10;condamnera entendre generation jugement levera midi reine sagesse salomon vint
Jacques 5:14;SKN;57-0623;1;6;anciens appelle dhuile loignant malade prient
Actes 1:8;SKN;57-0623;6;6;jerusalem judee recevrez samarie serez temoins
Actes 1:8;SKN;57-0623;28;5;jerusalem judee samarie serez temoins
Matthieu 24:29;SKN;57-0623;33;4;cieux etoiles lune soleil
Marc 11:23;SKN;57-0623;37;4;jette mer montagne ote
Marc 11:23;SKN;57-0623;68;4;jette mer montagne ote
Matthieu 5:28;SKN;57-0630;43;4;adultere commis convoiter quiconque
Genese 1:26;SKN;57-0705;13;5;animal betail cieux mer selon
Apocalypse 10:1;SKN;57-0705;13;4;larc soleil vis visage
Marc 11:23;SKN;57-0705;13;4;aura dira mer montagne
Matthieu 1:18;SKN;57-0705;13;5;ensemble etant joseph naissance soient
Apocalypse 10:1-7;SKN;57-0705;13;4;larc soleil vis visage
Hebreux 6:4;SKN;57-0705;13;4;celeste devenus don goute
Apocalypse 17:8;SKN;57-0705;13;4;fondation monter noms vue
Genese 1:11;SKN;57-0705;13;4;larbre lherbe produise selon
Genese 3:16;SKN;57-0705;13;5;desir grandes mari tes tourne
Esaie 32:2;SKN;57-0705;13;5;aura deau lorage rocher vent
Apocalypse 17:17;SKN;57-0705;13;4;donner paroles pensee soient
Ephesiens 1:20;SKN;57-0705;13;4;celestes dentre droite lieux
Apocalypse 17:3;SKN;57-0705;13;4;assise noms tetes vis
Matthieu 18:10;SKN;57-0705;13;4;cieux continuellement garde voient
Deuteronome 32:11;SKN;57-0705;13;7;ailes etend eveille laigle nid plumes prend
Esaie 53:12;SKN;57-0705;13;5;ame aura compte grands plusieurs
Psaumes 41:9;SKN;57-0705;13;4;ami leve mangeait pain
Matthieu 3:16;SKN;57-0705;13;4;cieux descendre leau vit
Galates 4:27;SKN;57-0705;13;5;cris ecrit joie nes pousse
Genese 1:28;SKN;57-0705;13;4;benit cieux mer vivant
Hebreux 12:25;SKN;57-0705;13;4;cieux garde nont parlait
Psaumes 42:7;SKN;57-0705;13;6;appelle cataractes flots tes vagues voix
Deuteronome 32:11;SKN;57-0714;95;4;ailes eveille nid plumes
Matthieu 24:29;SKN;57-0714;164;6;donnera ebranlees etoiles lune seront soleil
Actes 1:8;SKN;57-0725;37;6;jerusalem judee recevrez samarie serez temoins
Apocalypse 5:9;SKN;57-0804E;5;4;digne immole ouvrir sceaux
Jean 12:20;SKN;57-0804E;8;4;adorer fete grecs montes
Matthieu 12:42;SKN;57-0805;1;10;condamnera entendre generation jugement levera midi reine sagesse salomon vint
Matthieu 12:42;SKN;57-0805;17;9;condamnera entendre generation jugement levera midi reine sagesse salomon
Matthieu 12:42;SKN;57-0805;31;8;condamnera entendre generation jugement levera reine sagesse salomon
Jean 3:16;SKN;57-0806;3;5;croit eternelle perisse quiconque unique
Psaumes 16:10;SKN;57-0807;86;4;ame corruption permettras voie
Apocalypse 6:1;SKN;57-0808;16;8;jentendis lagneau ouvrit sceaux sept tonnerre viens voix
Jean 14:12;SKN;57-0810;60;4;croit grandes men uvres
Hebreux 4:15;SKN;57-0811E;18;4;infirmites sacrificateur souverain tente
Genese 1:11;SKN;57-0811E;20;4;espece produise selon semence
Matthieu 16:18;SKN;57-0818;139;4;batirai portes prevaudront roc
Matthieu 24:29;SKN;57-0821;27;4;aussitot cieux lune soleil
Hebreux 1:1;SKN;57-0821;74;7;autrefois ayant manieres peres plusieurs prophetes reprises
Hebreux 1:1;SKN;57-0821;86;6;ayant manieres peres plusieurs prophetes reprises
Hebreux 1:1;SKN;57-0821;98;5;manieres peres plusieurs prophetes reprises
Genese 14:18;SKN;57-0821;132;4;melchisedec roi sacrificateur salem
Hebreux 1:1;SKN;57-0821;174;5;autrefois manieres plusieurs prophetes reprises
Hebreux 1:1;SKN;57-0825E;99;5;manieres peres plusieurs prophetes reprises
Matthieu 24:24;SKN;57-0825E;150;5;faux grands prodiges prophetes signes
Genese 1:26;SKN;57-0825E;150;4;cieux faisons image selon
Actes 1:8;SKN;57-0825E;150;5;jerusalem recevrez serez temoins venant
Hebreux 3:1;SKN;57-0825E;150;4;celeste sacrificateur saints souverain
1 Timothee 3:16;SKN;57-0825E;150;5;anges chair cru manifeste nations
Hebreux 9:11;SKN;57-0825E;150;4;etant sacrificateur souverain tabernacle
Matthieu 10:1;SKN;57-0825E;150;5;appele ayant disciples donna maladie
Apocalypse 19:21;SKN;57-0825E;150;4;bouche chair furent fut
Apocalypse 6:11;SKN;57-0825E;150;4;devaient fut robe soient
Ezechiel 28:12;SKN;57-0825E;150;4;etais forme plein roi
Apocalypse 20:4;SKN;57-0825E;150;4;fut image rendu temoignage
Apocalypse 19:11;SKN;57-0825E;150;4;appele blanc fidele veritable
Esaie 53:9;SKN;57-0825E;150;4;aucune bouche donna riche
Esaie 53:12;SKN;57-0825E;150;4;ame aura compte grands
Matthieu 3:16;SKN;57-0825E;150;4;ayant baptise cieux furent
Hebreux 9:11-14;SKN;57-0825E;150;4;etant sacrificateur souverain tabernacle
Actes 20:24;SKN;57-0825E;150;4;aucun rendre service temoignage
Hebreux 4:14;SKN;57-0825E;150;4;ayant cieux sacrificateur souverain
Hebreux 1:1;SKN;57-0825M;25;5;autrefois manieres plusieurs prophetes reprises
Hebreux 1:1;SKN;57-0825M;36;6;autrefois manieres peres plusieurs prophetes reprises
Genese 1:26;SKN;57-0828;279;4;animal image oiseaux poissons
Hebreux 1:1;SKN;57-0901E;5;5;manieres peres plusieurs prophetes reprises
Matthieu 5:28;SKN;57-0901E;45;4;adultere commis convoiter quiconque
Matthieu 5:28;SKN;57-0901E;115;4;adultere commis convoiter quiconque
Matthieu 5:28;SKN;57-0901E;123;4;adultere commis convoiter quiconque
Hebreux 4:12;SKN;57-0901E;195;6;discerne epee moelles penetrante tranchants vivante
Hebreux 4:12;SKN;57-0901E;197;5;discerne epee penetrante tranchants vivante
Hebreux 4:12;SKN;57-0901E;206;4;discerne epee tranchants vivante
Hebreux 4:12;SKN;57-0901E;215;4;discerne epee tranchants vivante
Hebreux 4:14;SKN;57-0901E;216;4;cieux sacrificateur souverain traverse
Hebreux 1:1;SKN;57-0901M;62;6;autrefois manieres peres plusieurs prophetes reprises
Hebreux 1:1;SKN;57-0908E;237;5;manieres peres plusieurs prophetes reprises
Hebreux 6:4;SKN;57-0908E;278;5;celeste don eclaires goute impossible
Hebreux 6:4;SKN;57-0908E;306;5;celeste don eclaires goute impossible
Hebreux 10:26;SKN;57-0908E;308;4;connaissance pechons sacrifice volontairement
Hebreux 6:4;SKN;57-0908E;352;4;don eclaires goute impossible
Hebreux 1:1;SKN;57-0908M;43;4;manieres peres plusieurs reprises
Hebreux 9:11;SKN;57-0908M;89;5;biens parfait sacrificateur souverain tabernacle
Hebreux 9:11-14;SKN;57-0908M;89;5;biens parfait sacrificateur souverain tabernacle
Hebreux 9:11;SKN;57-0908M;93;6;biens creation parfait sacrificateur souverain tabernacle
Hebreux 9:11-14;SKN;57-0908M;93;6;biens creation parfait sacrificateur souverain tabernacle
Jean 3:16;SKN;57-0908M;143;5;croit eternelle perisse quiconque unique
Matthieu 16:18;SKN;57-0908M;166;4;batirai portes prevaudront roc
Apocalypse 20:4;SKN;57-0915E;60;4;ames fut image rendu
Genese 14:18;SKN;57-0915E;63;7;apporter fit pain roi sacrificateur salem vin
Genese 14:18;SKN;57-0915E;64;6;apporter fit pain roi salem vin
Genese 14:18;SKN;57-0915E;73;7;apporter fit pain roi sacrificateur salem vin
Genese 14:18;SKN;57-0915E;88;5;pain roi sacrificateur salem vin
Ephesiens 1:5;SKN;57-0915E;130;5;ayant plaisir predestines selon volonte
Matthieu 5:28;SKN;57-0915E;152;4;adultere commis convoiter quiconque
Jean 3:16;SKN;57-0915E;197;5;croit eternelle perisse quiconque unique
1 Timothee 3:16;SKN;57-0915M;525;5;chair contredit manifeste mystere piete
Matthieu 5:28;SKN;57-0922E;348;4;adultere commis convoiter quiconque
Matthieu 16:18;SKN;57-0922E;443;4;batirai portes prevaudront roc
Joel 2:28;SKN;57-0922E;450;8;chair filles jeunes prophetiseront repandrai songes vieillards visions
Josue 10:12;SKN;57-0922E;450;4;arrete lune parla soleil
Psaumes 16:10;SKN;57-0922E;451;4;ame corruption permettras voie
Jean 5:39;SKN;57-0925;10;4;eternelle rendent sondez temoignage
Ephesiens 1:5;SKN;57-0925;86;4;ayant plaisir selon volonte
Matthieu 1:18;SKN;57-0925;138;9;arriva enceinte ensemble etant fiancee joseph marie naissance trouva
Matthieu 1:23;SKN;57-0925;143;4;emmanuel enceinte enfantera vierge
Joel 2:28;SKN;57-0925;170;5;arrivera chair filles prophetiseront repandrai
Psaumes 16:10;SKN;57-1002;412;4;ame corruption sheol voie
Luc 21:24;SKN;57-1002;521;4;foulee jerusalem nations pieds
Matthieu 24:29;SKN;57-1006;624;5;aussitot cieux etoiles lune soleil
Matthieu 19:28;SKN;57-1006;691;4;douze serez tribus trones
Matthieu 5:28;SKN;57-1006;796;4;adultere commis convoiter quiconque
Psaumes 103:3;SKN;57-1208;3;4;guerit iniquites pardonne tes
Marc 11:23;SKN;57-1208;27;4;jette mer montagne ote
Jean 15:7;SKN;57-1208;27;4;demeurent demeurez paroles voudrez
Jean 12:20;SKN;57-1211;12;4;adorer fete grecs montes
Marc 11:23;SKN;57-1211;23;4;jette mer montagne ote
Apocalypse 3:14;SKN;57-1212;3;9;commencement creation ecris fidele lamen lange laodicee temoin veritable
Marc 11:23;SKN;57-1215;9;4;jette mer montagne ote
Esaie 9:6;SKN;57-1222;10;4;fort merveilleux paix prince
Joel 2:28;SKN;57-1222;10;4;chair filles jeunes verront
Jacques 5:14;SKN;57-1222;10;4;anciens appelle malade prient
Genese 1:26;SKN;57-1222;10;5;animal cieux faisons mer selon
Actes 1:8;SKN;57-1222;10;5;bout jerusalem judee recevrez venant
Hebreux 1:1;SKN;57-1222;10;7;autrefois ayant manieres peres plusieurs prophetes reprises
Apocalypse 10:1;SKN;57-1222;10;4;descendant pieds puissant soleil
Matthieu 1:18;SKN;57-1222;10;7;ensemble etant fiancee joseph marie naissance soient
Apocalypse 10:7;SKN;57-1222;10;4;nouvelle prophetes termine voix
Genese 2:7;SKN;57-1222;10;4;narines poussiere sol vivante
Apocalypse 10:1-7;SKN;57-1222;10;4;descendant pieds puissant soleil
1 Timothee 3:16;SKN;57-1222;10;4;chair cru nations preche
Hebreux 6:4;SKN;57-1222;10;5;celeste devenus don goute participants
Apocalypse 22:19;SKN;57-1222;10;4;ecrits ote paroles prophetie
Hebreux 9:11;SKN;57-1222;10;4;biens etant parfait tabernacle
Apocalypse 17:8;SKN;57-1222;10;4;bete ecrits noms vue
Nombres 12:6;SKN;57-1222;10;4;connaitre ferai paroles songe
Matthieu 10:1;SKN;57-1222;10;5;appele ayant disciples guerir maladie
Genese 3:16;SKN;57-1222;10;4;desir dominera grandes tes
Esaie 40:3;SKN;57-1222;10;4;chemin desert route voix
Ephesiens 1:13;SKN;57-1222;10;4;ayant cru espere salut
Matthieu 24:29;SKN;57-1222;10;6;cieux etoiles lune puissances seront soleil
Apocalypse 17:17;SKN;57-1222;10;8;accomplies bete curs donner paroles pensee royaume soient
Exode 13:21;SKN;57-1222;10;5;allait chemin conduire marchent nuit
Apocalypse 17:3;SKN;57-1222;10;6;ayant bete desert noms pleine tetes
Ezechiel 28:12;SKN;57-1222;10;6;accomplie etais forme plein roi sagesse
Apocalypse 20:4;SKN;57-1222;10;4;ames bete hommage temoignage
Apocalypse 19:11;SKN;57-1222;10;4;appele justice ouvert veritable
Luc 21:24;SKN;57-1222;10;4;jerusalem nations pieds seront
Malachie 3:1;SKN;57-1222;10;4;chemin prenez temple viendra
Esaie 53:12;SKN;57-1222;10;4;aura compte grands plusieurs
Matthieu 3:16;SKN;57-1222;10;5;ayant cieux descendre furent vit
Galates 4:27;SKN;57-1222;10;4;cris ecrit joie rejouis
Hebreux 9:11-14;SKN;57-1222;10;4;biens etant parfait tabernacle
Joel 2:25;SKN;57-1222;10;4;annees armee envoyee milieu
Hebreux 12:25;SKN;57-1222;10;5;cieux detournons echappe garde prenez
Actes 20:24;SKN;57-1222;10;7;aucun cas course rendre service temoignage tiens
Actes 2:24;SKN;57-1222;10;4;ayant lequel possible ressuscite
Luc 1:17;SKN;57-1222;10;4;curs pensee peres retourner
Jean 12:14;SKN;57-1222;10;4;anon ayant ecrit selon
Ephesiens 1:13-14;SKN;57-1222;10;4;ayant cru espere salut
Hebreux 4:14;SKN;57-1222;10;4;ayant cieux tenons traverse
Marc 11:23;SKN;57-1229;5;9;aura croira dira doutera jette mer montagne ote quiconque
Marc 11:21;SKN;57-1229;5;6;figuier maudit rabbi ressouvenant sec setait
Marc 11:23;SKN;57-1229;26;4;jette mer montagne ote
Hebreux 4:14;SKN;57-1229;43;4;ayant cieux sacrificateur souverain
Marc 11:23;SKN;58-0105;5;4;jette mer montagne ote
Marc 11:21;SKN;58-0105;5;4;figuier maudit rabbi setait
Marc 11:23;SKN;58-0105;13;4;jette mer montagne ote
Marc 11:23;SKN;58-0105;29;4;jette mer montagne ote
Marc 11:23;SKN;58-0105;44;4;jette mer montagne ote
Matthieu 12:42;SKN;58-0107;8;10;condamnera entendre generation jugement levera midi reine sagesse salomon vint
Hebreux 1:1;SKN;58-0107;16;5;manieres peres plusieurs prophetes reprises
Matthieu 12:42;SKN;58-0107;35;4;condamnera generation levera reine
Matthieu 12:42;SKN;58-0107;36;5;generation jugement levera reine salomon
Matthieu 12:42;SKN;58-0107;44;4;condamnera generation jugement levera
Apocalypse 6:1;SKN;58-0110;4;8;jentendis lagneau ouvrit sceaux sept tonnerre viens voix
Matthieu 12:42;SKN;58-0125;14;10;condamnera entendre generation jugement levera midi reine sagesse salomon vint
Matthieu 12:42;SKN;58-0125;21;4;jugement levera midi reine
Matthieu 12:42;SKN;58-0125;35;4;condamnera generation jugement levera
Jean 14:9;SKN;58-0127;59;4;connu mas montre philippe
Daniel 12:3;SKN;58-0128;43;5;brilleront enseigne etoiles justice multitude
Esaie 9:6;SKN;58-0128;135;4;conseiller merveilleux paix prince
Matthieu 10:1;SKN;58-0128;135;6;appele autorite ayant disciples guerir maladie
Matthieu 3:16;SKN;58-0128;135;6;ayant cieux descendre furent ouverts vit
Actes 20:24;SKN;58-0128;135;6;aucun cas pourvu rendre temoignage tiens
Hebreux 3:1;SKN;58-0202;94;4;celeste sacrificateur saints souverain
Jean 12:20;SKN;58-0207;14;4;adorer fete grecs montes
Matthieu 10:1;SKN;58-0207;25;4;appele chasser disciples guerir
Matthieu 12:42;SKN;58-0208;10;10;condamnera entendre generation jugement levera midi reine sagesse salomon vint
Hebreux 4:12;SKN;58-0208;11;5;discerne epee penetrante tranchants vivante
Matthieu 12:42;SKN;58-0208;44;5;generation jugement levera reine salomon
Matthieu 11:25;SKN;58-0208;61;4;cache intelligents loue sages
Actes 20:24;SKN;58-0208;73;4;aucun levangile rendre temoignage
Marc 11:23;SKN;58-0208;97;4;jette mer montagne ote
Matthieu 5:28;SKN;58-0209A;29;4;adultere commis convoiter quiconque
Matthieu 3:16;SKN;58-0214;21;4;aussitot descendre leau vit
Marc 11:23;SKN;58-0223;15;4;jette mer montagne ote
Jean 12:20;SKN;58-0223;16;4;adorer fete grecs montes
Matthieu 5:28;SKN;58-0228;26;4;adultere commis convoiter quiconque
Jean 3:16;SKN;58-0301E;38;5;croit eternelle perisse quiconque unique
Jean 12:20;SKN;58-0312;26;4;adorer fete grecs montes
Matthieu 3:16;SKN;58-0312;34;4;aussitot baptise cieux leau
Matthieu 12:42;SKN;58-0313;5;10;condamnera entendre generation jugement levera midi reine sagesse salomon vint
Matthieu 12:42;SKN;58-0313;15;9;condamnera entendre generation levera midi reine sagesse salomon vint
Matthieu 12:42;SKN;58-0313;30;8;condamnera entendre generation jugement levera sagesse salomon vint
Matthieu 12:42;SKN;58-0313;32;5;condamnera entendre generation sagesse salomon
Psaumes 103:3;SKN;58-0314;60;4;guerit iniquites pardonne tes
Marc 11:23;SKN;58-0315;63;4;jette mer montagne ote
Deuteronome 32:11;SKN;58-0316A;29;4;ailes etend laigle nid
Matthieu 5:28;SKN;58-0316A;44;4;adultere commis convoiter quiconque
Deuteronome 32:11;SKN;58-0316A;49;4;ailes etend nid prend
Hebreux 4:14;SKN;58-0316E;125;4;cieux confession sacrificateur souverain
Jean 12:20;SKN;58-0323;29;4;adorer fete grecs montes
Matthieu 5:28;SKN;58-0324;25;4;adultere commis convoiter quiconque
Genese 1:26;SKN;58-0326;17;5;cieux faisons mer poissons selon
Actes 1:8;SKN;58-0326;17;8;bout jerusalem judee jusquau recevrez samarie serez temoins
Hebreux 1:1;SKN;58-0326;17;4;autrefois ayant plusieurs prophetes
Marc 11:23;SKN;58-0326;17;6;aura croira dira mer montagne ote
Matthieu 1:18;SKN;58-0326;17;4;ensemble marie naissance soient
Apocalypse 10:7;SKN;58-0326;17;4;esclaves nouvelle prophetes voix
1 Timothee 3:16;SKN;58-0326;17;6;anges chair cru justifie nations preche
Apocalypse 22:19;SKN;58-0326;17;4;cite larbre ote sainte
Genese 1:11;SKN;58-0326;17;7;ayant espece larbre plante portant selon semence
Matthieu 10:1;SKN;58-0326;17;7;appele autorite ayant disciples esprits guerir maladie
Esaie 14:12;SKN;58-0326;17;4;brillant cieux nations tombe
Genese 3:16;SKN;58-0326;17;6;desir grandes mari rendrai tes tourne
Apocalypse 17:15;SKN;58-0326;17;4;assise langues nations prostituee
Esaie 32:2;SKN;58-0326;17;4;aura deau lombre rocher
Matthieu 24:29;SKN;58-0326;17;4;cieux lune puissances seront
Malachie 3:6;SKN;58-0326;17;4;change jacob leternel netes
Apocalypse 17:17;SKN;58-0326;17;6;accomplies bete donner pensee royaume soient
Ephesiens 1:20;SKN;58-0326;17;4;asseoir dentre lieux ressuscitant
Apocalypse 17:3;SKN;58-0326;17;5;assise ayant bete sept tetes
Ezechiel 28:12;SKN;58-0326;17;5;dhomme forme leternel plein roi
Apocalypse 20:4;SKN;58-0326;17;5;bete navaient rendu temoignage trones
Matthieu 19:28;SKN;58-0326;17;4;mavez serez trone trones
Apocalypse 19:11;SKN;58-0326;17;6;appele blanc cheval juge ouvert veritable
Luc 21:24;SKN;58-0326;17;4;jerusalem nations pieds seront
Matthieu 18:10;SKN;58-0326;17;4;anges cieux face prenez
Apocalypse 1:1;SKN;58-0326;17;6;arriver doivent esclave esclaves montrer revelation
Matthieu 3:16;SKN;58-0326;17;4;ayant baptise cieux descendre
Matthieu 24:7;SKN;58-0326;17;4;aura lieux nation royaume
Galates 3:29;SKN;58-0326;17;4;dabraham heritiers selon semence
Genese 1:28;SKN;58-0326;17;5;cieux mer poissons remplissez vivant
Genese 6:4;SKN;58-0326;17;4;filles jadis quelles venus
Actes 20:24;SKN;58-0326;17;5;cas rendre service temoignage tiens
Marc 13:27;SKN;58-0326;17;5;anges bout elus jusquau vents
Apocalypse 6:1;SKN;58-0329;5;8;jentendis lagneau ouvrit sceaux sept tonnerre viens voix
Matthieu 12:42;SKN;58-0330E;33;4;condamnera generation levera reine
Jean 3:16;SKN;58-0330E;44;4;eternelle perisse quiconque unique
Marc 16:1;SKN;58-0406E;1;5;aromates etant jacques magdala marie
Matthieu 24:29;SKN;58-0406E;42;4;etoiles lune seront soleil
Apocalypse 10:1;SKN;58-0406E;44;5;ange pieds puissant soleil visage
Apocalypse 10:1-7;SKN;58-0406E;44;5;ange pieds puissant soleil visage
1 Timothee 3:16;SKN;58-0406E;44;4;anges cru manifeste nations
Hebreux 9:11;SKN;58-0406E;44;4;etant sacrificateur souverain tabernacle
Matthieu 10:1;SKN;58-0406E;44;4;disciples douze guerir maladie
Hebreux 9:11-14;SKN;58-0406E;44;4;etant sacrificateur souverain tabernacle
Deuteronome 32:11;SKN;58-0500;3;5;ailes eveille laigle plumes prend
Deuteronome 32:11;SKN;58-0500;37;4;ailes etend nid plumes
Deuteronome 32:11;SKN;58-0500;39;4;ailes nid plane plumes
Jean 12:20;SKN;58-0501;5;4;adorer fete grecs montes
Marc 11:21;SKN;58-0510;12;4;figuier maudit rabbi setait
Matthieu 5:28;SKN;58-0512;29;4;adultere commis convoiter quiconque
Jean 5:39;SKN;58-0517E;21;4;eternelle rendent sondez temoignage
Matthieu 5:28;SKN;58-0519;65;4;adultere commis convoiter quiconque
Zacharie 11:12;SKN;58-0519;72;4;dargent donnez laissez pieces
Apocalypse 6:1;SKN;58-0521;15;4;lagneau ouvrit sceaux viens
Jean 14:9;SKN;58-0521;59;4;connu mas montre philippe
Esaie 53:12;SKN;58-0524;56;4;ame aura compte grands
Jean 3:16;SKN;58-0529;1;5;croit eternelle perisse quiconque unique
Matthieu 5:28;SKN;58-0529;37;4;adultere commis convoiter quiconque
Apocalypse 17:17;SKN;58-0609;8;4;curs paroles pensee soient
Matthieu 5:28;SKN;58-0609;27;4;adultere commis convoiter quiconque
Jean 3:16;SKN;58-0610;17;5;croit eternelle perisse quiconque unique
Jean 12:20;SKN;58-0612;6;4;adorer fete grecs montes
Jean 3:16;SKN;58-0619E;44;4;croit perisse quiconque unique
Matthieu 11:25;SKN;58-0927;29;4;cache intelligents revelees sages
Apocalypse 17:15;SKN;58-0927;34;5;assise eaux langues nations peuples
Apocalypse 17:3;SKN;58-0927;37;5;assise bete desert ecarlate vis
Apocalypse 17:15;SKN;58-0927;41;4;assise foules peuples prostituee
Apocalypse 17:3;SKN;58-0927;51;4;assise bete sept tetes
Apocalypse 17:8;SKN;58-0927;52;8;bete fondation labime monter perdition setonneront voyant vue
Apocalypse 17:8;SKN;58-0927;55;7;bete fondation labime monter perdition setonneront vue
Apocalypse 17:8;SKN;58-0927;70;4;bete fondation labime perdition
Apocalypse 17:15;SKN;58-0927;87;8;assise eaux foules langues nations peuples prostituee vues
Apocalypse 17:17;SKN;58-0927;93;7;accomplies bete curs dexecuter donner paroles soient
Joel 2:28;SKN;58-0927;178;4;chair filles prophetiseront repandrai
Apocalypse 13:8;SKN;58-0927;223;4;ecrit fondation immole lagneau
Matthieu 5:28;SKN;58-0928E;21;4;adultere commis convoiter quiconque
Genese 3:8;SKN;58-0928E;105;4;arbres jardin leternel milieu
Genese 3:1;SKN;58-0928E;105;6;champs jardin leternel mangerez ruse serpent
Matthieu 5:28;SKN;58-0928E;225;4;adultere commis convoiter quiconque
Nombres 12:6;SKN;58-0928E;282;4;connaitre ferai leternel parlerai
Matthieu 5:28;SKN;58-0928M;35;4;adultere commis convoiter quiconque
Ephesiens 1:5;SKN;58-0928M;158;6;adopter ayant plaisir predestines selon volonte
Matthieu 16:18;SKN;58-1001;23;4;batirai portes prevaudront roc
Marc 7:7;SKN;58-1002;10;4;commandements dhommes mhonorent vain
Actes 20:24;SKN;58-1002;21;4;aucun cas levangile rendre
Actes 1:8;SKN;58-1002;22;4;jerusalem judee samarie temoins
Jean 3:16;SKN;58-1007;21;5;croit eternelle perisse quiconque unique
Actes 1:8;SKN;58-1221E;91;6;jerusalem judee recevrez samarie serez temoins
Jean 14:12;SKN;58-1221M;105;4;celles croit grandes men
Jean 3:16;SKN;58-1221M;105;5;croit eternelle perisse quiconque unique
Psaumes 103:3;SKN;58-1221M;105;4;guerit infirmites pardonne tes
Jean 5:7;SKN;58-1221M;105;5;descend leau malade nai viens
Actes 1:8;SKN;58-1221M;105;5;bout jerusalem judee serez venant
Apocalypse 10:1;SKN;58-1221M;105;6;ange descendant larc pieds puissant vis
Hebreux 3:1;SKN;58-1221M;105;4;celeste considerez sacrificateur souverain
Matthieu 1:18;SKN;58-1221M;105;5;arriva ensemble etant joseph soient
Apocalypse 22:18;SKN;58-1221M;105;4;ecrites entend prophetie quiconque
Apocalypse 10:1-7;SKN;58-1221M;105;6;ange descendant larc pieds puissant vis
1 Timothee 3:16;SKN;58-1221M;105;7;anges chair cru eleve manifeste nations preche
Hebreux 13:10;SKN;58-1221M;105;4;droit manger nont tabernacle
Apocalypse 22:19;SKN;58-1221M;105;4;larbre ote prophetie sainte
Hebreux 9:11;SKN;58-1221M;105;5;etant parfait sacrificateur souverain tabernacle
Genese 3:16;SKN;58-1221M;105;4;grandes mari tes tourne
Apocalypse 19:21;SKN;58-1221M;105;4;bouche chair furent fut
Daniel 7:9;SKN;58-1221M;105;6;furent lancien neige places vetement vis
Ezechiel 28:12;SKN;58-1221M;105;4;eleve etais plein roi
Apocalypse 20:4;SKN;58-1221M;105;5;ames fut navaient rendu vis
Luc 21:24;SKN;58-1221M;105;4;jerusalem nations pieds tranchant
Matthieu 18:10;SKN;58-1221M;105;4;anges cieux garde voient
Esaie 53:9;SKN;58-1221M;105;5;aucune bouche fraude navait riche
Zacharie 11:12;SKN;58-1221M;105;5;dargent donnez laissez pieces sinon
Matthieu 3:16;SKN;58-1221M;105;6;aussitot cieux descendre furent leau vit
Apocalypse 5:9;SKN;58-1221M;105;5;cantique chantent immole langue ouvrir
Hebreux 9:11-14;SKN;58-1221M;105;5;etant parfait sacrificateur souverain tabernacle
Hebreux 4:15;SKN;58-1221M;105;5;infirmites navons sacrificateur souverain tente
Apocalypse 6:12;SKN;58-1221M;105;4;devint fit lorsquil vis
Actes 20:24;SKN;58-1221M;105;6;aucun cas levangile rendre service tiens
Jean 14:9;SKN;58-1221M;105;4;connu mas montre philippe
Apocalypse 6:1;SKN;58-1221M;105;4;lagneau viens vis voix
Hebreux 4:14;SKN;58-1221M;105;4;cieux ferme sacrificateur souverain
Marc 7:7;SKN;58-1228;124;4;commandements dhommes enseignant vain
Esaie 27:12;SKN;59-0125;1;4;disrael jusquau leternel torrent
Jacques 5:14;SKN;59-0125;72;5;anciens appelle dhuile malade prient
Matthieu 5:28;SKN;59-0301M;149;4;adultere commis convoiter quiconque
Hebreux 1:1;SKN;59-0329M;57;4;autrefois ayant peres plusieurs
Apocalypse 10:1;SKN;59-0329M;57;4;ange descendant puissant vis
Matthieu 1:18;SKN;59-0329M;57;5;ensemble etant joseph marie naissance
Apocalypse 10:1-7;SKN;59-0329M;57;4;ange descendant puissant vis
1 Timothee 3:16;SKN;59-0329M;57;4;chair cru nations preche
Matthieu 10:1;SKN;59-0329M;57;6;autorite ayant disciples douze guerir maladie
Apocalypse 3:14;SKN;59-0329M;57;5;commencement ecris fidele temoin veritable
Genese 3:16;SKN;59-0329M;57;4;desir grandes mari tes
Apocalypse 17:15;SKN;59-0329M;57;4;assise eaux langues nations
Apocalypse 19:21;SKN;59-0329M;57;4;chair furent fut tue
Apocalypse 17:3;SKN;59-0329M;57;4;assise ayant sept vis
Apocalypse 20:4;SKN;59-0329M;57;4;fut jugement temoignage vis
Apocalypse 19:11;SKN;59-0329M;57;4;fidele ouvert veritable vis
Matthieu 18:10;SKN;59-0329M;57;4;cieux garde mepriser voient
Esaie 53:12;SKN;59-0329M;57;5;ame aura compte grands plusieurs
Apocalypse 1:1;SKN;59-0329M;57;5;ange doivent donnee esclave montrer
Matthieu 3:16;SKN;59-0329M;57;7;aussitot ayant baptise cieux descendre furent vit
Actes 20:24;SKN;59-0329M;57;6;cas precieuse rendre service temoignage tiens
Luc 1:17;SKN;59-0329M;57;4;ira peres preparer retourner
Hebreux 4:14;SKN;59-0329M;57;5;ayant cieux confession ferme tenons
Esaie 50:6;SKN;59-0329S;9;4;cache face lopprobre nai
Jean 3:16;SKN;59-0329S;14;5;croit eternelle perisse quiconque unique
Jean 3:16;SKN;59-0329S;54;4;croit eternelle perisse quiconque
Esaie 9:6;SKN;59-0407;16;4;appellera conseiller paix prince
Hebreux 3:1;SKN;59-0408;28;4;confession sacrificateur saints souverain
Genese 14:18;SKN;59-0415E;59;4;pain roi salem vin
Jean 5:39;SKN;59-0416;62;4;eternelle rendent sondez temoignage
Hebreux 4:15;SKN;59-0417;61;4;infirmites sacrificateur souverain tente
Genese 1:11;SKN;59-0418;37;4;espece plante portant semence
Jean 12:20;SKN;59-0422;12;4;adorer fete grecs montes
Galates 3:29;SKN;59-0424A;33;4;dabraham heritiers selon semence
Jean 3:16;SKN;59-0424E;47;5;croit eternelle perisse quiconque unique
Jean 3:16;SKN;59-0424E;58;5;croit eternelle perisse quiconque unique
Actes 1:8;SKN;59-0510E;25;5;jerusalem judee samarie serez temoins
Joel 2:28;SKN;59-0510M;105;6;chair jeunes repandrai songes vieillards visions
Jeremie 8:22;SKN;59-0614;14;4;baume fille galaad medecin
Matthieu 3:16;SKN;59-0614;22;4;aussitot baptise cieux colombe
Matthieu 5:28;SKN;59-0614;28;4;adultere commis convoiter quiconque
Jeremie 8:22;SKN;59-0614;79;4;baume fille galaad medecin
Hebreux 10:26;SKN;59-0628E;133;5;connaissance peches pechons sacrifice volontairement
Jean 15:7;SKN;59-0628M;1;4;demeurent demeurez paroles voudrez
Apocalypse 5:9;SKN;59-0706;4;5;den digne immole ouvrir sceaux
Matthieu 3:16;SKN;59-0707;28;6;baptise cieux colombe descendre leau ouverts
Ephesiens 1:20;SKN;59-0708E;8;4;celestes dentre droite lieux
Hebreux 4:14;SKN;59-0708E;8;4;cieux confession sacrificateur souverain
Apocalypse 5:9;SKN;59-0811;12;5;den digne immole ouvrir sceaux
Matthieu 5:28;SKN;59-0812;44;4;adultere commis convoiter quiconque
Jeremie 8:22;SKN;59-0813;40;4;baume fille galaad medecin
Matthieu 16:18;SKN;59-0815;31;4;batirai portes prevaudront roc
Joel 2:25;SKN;59-0823;32;5;annees armee envoyee milieu sauterelle
Matthieu 16:18;SKN;59-0823;58;4;batirai portes prevaudront roc
Matthieu 11:25;SKN;59-0823;88;4;cache intelligents loue sages
Deuteronome 18:15;SKN;59-0823;126;4;dentre leternel milieu tes
Jean 5:7;SKN;59-0823;126;5;descend leau malade nai viens
Hebreux 1:1;SKN;59-0823;126;5;autrefois ayant peres plusieurs reprises
Apocalypse 10:7;SKN;59-0823;126;4;ange annonce nouvelle voix
Apocalypse 22:18;SKN;59-0823;126;6;ajoute paroles prophetie quiconque rends temoignage
1 Timothee 3:16;SKN;59-0823;126;7;anges chair cru manifeste nations piete preche
Matthieu 16:18;SKN;59-0823;126;5;assemblee batirai portes prevaudront roc
Hebreux 13:10;SKN;59-0823;126;4;droit manger nont tabernacle
Apocalypse 22:19;SKN;59-0823;126;5;cite larbre paroles prophetie sainte
Genese 1:11;SKN;59-0823;126;4;ayant larbre portant selon
Nombres 12:6;SKN;59-0823;126;4;connaitre leternel paroles vision
Matthieu 10:1;SKN;59-0823;126;6;appele ayant disciples esprits guerir maladie
Apocalypse 3:14;SKN;59-0823;126;4;commencement lange lassemblee veritable
Apocalypse 17:15;SKN;59-0823;126;4;assise langues nations prostituee
Genese 3:8;SKN;59-0823;126;4;entendirent leternel milieu voix
Ephesiens 2:12;SKN;59-0823;126;5;cite droit etiez etrangers israel
Apocalypse 17:17;SKN;59-0823;126;5;donner paroles pensee royaume soient
Matthieu 11:10;SKN;59-0823;126;4;chemin ecrit face lequel
Ezechiel 28:12;SKN;59-0823;126;6;dhomme etais forme leternel plein roi
Apocalypse 19:11;SKN;59-0823;126;4;appele blanc justice veritable
Deuteronome 18:22;SKN;59-0823;126;4;dite leternel nauras peur
Matthieu 18:10;SKN;59-0823;126;4;anges cieux face prenez
Malachie 3:1;SKN;59-0823;126;5;chemin lange plaisir prenez viendra
Esaie 50:6;SKN;59-0823;126;4;cache dos face nai
Esaie 53:12;SKN;59-0823;126;4;ame compte grands plusieurs
Apocalypse 1:1;SKN;59-0823;126;4;ange arriver montrer revelation
Matthieu 3:16;SKN;59-0823;126;6;ayant baptise cieux colombe descendre leau
Galates 4:27;SKN;59-0823;126;4;cris ecrit joie nes
Genese 6:4;SKN;59-0823;126;5;eurent filles jadis quelles venus
Hebreux 6:1;SKN;59-0823;126;4;commencement faits fondement repentance
Actes 2:24;SKN;59-0823;126;4;ayant lequel possible ressuscite
Esaie 9:6;SKN;59-0920;8;5;appellera epaule merveilleux paix siecle
Psaumes 103:3;SKN;59-0920;8;5;guerit infirmites iniquites pardonne tes
Hebreux 1:1;SKN;59-0920;8;5;autrefois ayant manieres plusieurs prophetes
Apocalypse 10:1;SKN;59-0920;8;5;ange descendant pieds vis visage
Hebreux 3:1;SKN;59-0920;8;4;celeste sacrificateur saints souverain
Marc 11:23;SKN;59-0920;8;7;aura croira dira mer montagne ote quiconque
Matthieu 1:18;SKN;59-0920;8;5;ensemble etant joseph marie soient
Apocalypse 10:7;SKN;59-0920;8;6;ange annonce nouvelle prophetes termine voix
Apocalypse 22:18;SKN;59-0920;8;5;entend paroles prophetie quiconque temoignage
Apocalypse 10:1-7;SKN;59-0920;8;5;ange descendant pieds vis visage
1 Timothee 3:16;SKN;59-0920;8;8;anges chair cru eleve manifeste nations piete preche
Ephesiens 1:5;SKN;59-0920;8;4;ayant plaisir predestines selon
Hebreux 9:11;SKN;59-0920;8;5;etant parfait sacrificateur souverain tabernacle
Genese 1:11;SKN;59-0920;8;8;ayant espece fruit plante portant produisant produise selon
Matthieu 10:1;SKN;59-0920;8;5;appele ayant esprits guerir maladie
Genese 3:16;SKN;59-0920;8;5;desir grandes mari tes tourne
Esaie 40:3;SKN;59-0920;8;4;chemin crie desert voix
Apocalypse 17:15;SKN;59-0920;8;5;assise eaux foules langues nations
Luc 16:16;SKN;59-0920;8;4;annonce lors prophetes royaume
Esaie 32:2;SKN;59-0920;8;4;aride aura rocher sec
Ephesiens 1:13;SKN;59-0920;8;4;ayant cru espere salut
Esaie 61:1;SKN;59-0920;8;5;bonnes brise envoye nouvelles oint
Ephesiens 2:12;SKN;59-0920;8;5;droit etant etiez etrangers israel
Apocalypse 17:17;SKN;59-0920;8;5;accomplies donner paroles royaume soient
Matthieu 11:10;SKN;59-0920;8;4;chemin ecrit face lequel
Apocalypse 6:11;SKN;59-0920;8;4;devaient fut longue soient
Apocalypse 17:3;SKN;59-0920;8;6;assise ayant desert pleine tetes vis
Jean 12:24;SKN;59-0920;8;4;demeure fruit meure meurt
Ezechiel 28:12;SKN;59-0920;8;5;eleve etais forme plein sagesse
Apocalypse 20:4;SKN;59-0920;8;5;fut jugement rendu temoignage vis
Luc 21:24;SKN;59-0920;8;4;jerusalem nations pieds seront
Matthieu 18:10;SKN;59-0920;8;5;anges face garde prenez voient
Malachie 3:1;SKN;59-0920;8;5;chemin cherchez plaisir prenez viendra
Esaie 53:12;SKN;59-0920;8;4;ame aura grands plusieurs
Matthieu 3:16;SKN;59-0920;8;6;aussitot ayant baptise colombe descendre vit
Matthieu 24:7;SKN;59-0920;8;4;aura lieux nation royaume
Galates 4:27;SKN;59-0920;8;4;cris ecrit joie pousse
Apocalypse 5:9;SKN;59-0920;8;5;immole langue nation ouvrir sceaux
Hebreux 9:11-14;SKN;59-0920;8;5;etant parfait sacrificateur souverain tabernacle
Actes 2:24;SKN;59-0920;8;4;ayant lequel possible ressuscite
Apocalypse 6:1;SKN;59-0920;8;4;sceaux viens vis voix
Ephesiens 1:13-14;SKN;59-0920;8;4;ayant cru espere salut
Matthieu 11:10;SKN;59-1001;16;4;chemin ecrit face messager
Joel 2:28;SKN;59-1004E;18;5;chair jeunes songes vieillards visions
Marc 11:23;SKN;59-1004E;42;4;jette mer montagne ote
Esaie 9:6;SKN;59-1004M;75;5;conseiller fort merveilleux paix prince
Esaie 9:6;SKN;59-1004M;76;4;conseiller merveilleux paix prince
Marc 11:23;SKN;59-1115;11;4;jette mer montagne ote
Marc 11:21;SKN;59-1115;11;4;figuier maudit rabbi setait
Marc 11:23;SKN;59-1115;13;4;jette mer montagne ote
Marc 11:23;SKN;59-1115;28;4;jette mer montagne ote
Marc 11:23;SKN;59-1115;33;4;jette mer montagne ote
Marc 11:23;SKN;59-1123;26;9;aura croira dira doutera jette mer montagne ote quiconque
Marc 11:21;SKN;59-1123;26;5;figuier maudit rabbi ressouvenant sec
Jeremie 8:22;SKN;59-1124;10;4;baume fille galaad medecin
Jeremie 8:22;SKN;59-1124;11;4;baume fille galaad medecin
Esaie 40:3;SKN;59-1124;13;4;chemin desert leternel route
Jeremie 8:22;SKN;59-1124;33;4;baume fille galaad medecin
Matthieu 5:28;SKN;59-1124;51;4;adultere commis convoiter quiconque
Marc 7:7;SKN;59-1125;20;5;commandements dhommes enseignant mhonorent vain
Marc 7:7;SKN;59-1125;22;5;commandements dhommes enseignant mhonorent vain
Matthieu 16:18;SKN;59-1125;23;4;batirai portes prevaudront roc
Esaie 9:6;SKN;59-1129;255;4;conseiller merveilleux paix prince
Actes 2:4;SKN;59-1216;104;6;dautres donnait furent langues remplis selon
Ephesiens 4:30;SKN;59-1216;134;4;lequel nattristez redemption scelles
Jean 15:7;SKN;59-1217;74;4;demeurent demeurez paroles voudrez
Actes 2:4;SKN;59-1219;61;6;commencerent donnait furent langues remplis selon
Actes 2:4;SKN;59-1219;62;5;commencerent furent langues remplis selon
Joel 2:28;SKN;59-1219;83;4;chair filles prophetiseront repandrai
Hebreux 6:4;SKN;59-1219;169;5;celeste don eclaires goute impossible
Psaumes 16:10;SKN;59-1220E;114;5;ame corruption nabandonneras permettras voie
Apocalypse 20:4;SKN;59-1220E;114;4;ames fut rendu temoignage
Hebreux 4:12;SKN;59-1220M;51;5;discerne epee penetrante tranchants vivante
Matthieu 19:28;SKN;59-1223;45;4;douze serez tribus trones
Ephesiens 1:5;SKN;59-1223;131;5;ayant plaisir predestines selon volonte
Hebreux 10:26;SKN;59-1223;177;5;connaissance peches pechons sacrifice volontairement
Hebreux 6:4;SKN;59-1223;178;5;celeste don eclaires goute impossible
Hebreux 10:26;SKN;59-1223;180;4;connaissance peches sacrifice volontairement
Matthieu 1:23;SKN;59-1227M;49;4;appellera emmanuel enfantera vierge
1 Timothee 3:16;SKN;59-1227M;90;7;anges chair contredit cru manifeste mystere piete
Psaumes 103:3;SKN;60-0108;9;4;guerit iniquites pardonne tes
Jean 12:20;SKN;60-0109;13;4;adorer fete grecs montes
Apocalypse 20:4;SKN;60-0109;25;4;fut navaient rendu temoignage
Apocalypse 17:17;SKN;60-0221;273;4;donner paroles royaume soient
Actes 2:4;SKN;60-0228;42;6;dautres donnait furent langues remplis selon
Genese 1:26;SKN;60-0229;54;4;betail cieux oiseaux selon
Matthieu 1:18;SKN;60-0229;54;6;arriva ensemble etant naissance soient trouva
Apocalypse 10:7;SKN;60-0229;54;4;nouvelle prophetes termine voix
Apocalypse 22:18;SKN;60-0229;54;5;ecrites entend paroles prophetie temoignage
1 Timothee 3:16;SKN;60-0229;54;7;anges chair cru justifie manifeste nations preche
Apocalypse 22:19;SKN;60-0229;54;4;cite paroles prophetie sainte
Genese 1:11;SKN;60-0229;54;5;ayant espece fruit portant selon
Luc 16:16;SKN;60-0229;54;4;loi lors prophetes royaume
Esaie 32:2;SKN;60-0229;54;4;abri aura rocher vent
Ephesiens 1:13;SKN;60-0229;54;5;ayant cru espere salut scelles
Actes 15:14;SKN;60-0229;54;4;nations premierement tirer visite
Apocalypse 19:21;SKN;60-0229;54;4;chair cheval fut oiseaux
Ephesiens 2:12;SKN;60-0229;54;5;cite etant etiez etrangers israel
Apocalypse 17:17;SKN;60-0229;54;4;donner paroles royaume soient
Matthieu 11:10;SKN;60-0229;54;4;ecrit face lequel messager
Apocalypse 6:6;SKN;60-0229;54;6;animaux denier mesure mesures milieu voix
Apocalypse 20:4;SKN;60-0229;54;5;ames fut jugement temoignage vis
Apocalypse 19:11;SKN;60-0229;54;5;appele cheval justice veritable vis
Luc 21:24;SKN;60-0229;54;5;jerusalem nations pieds seront tomberont
Matthieu 18:10;SKN;60-0229;54;5;anges cieux face garde mepriser
Malachie 3:1;SKN;60-0229;54;4;messager plaisir soudain viendra
Matthieu 24:7;SKN;60-0229;54;4;aura lieux nation royaume
Hebreux 12:25;SKN;60-0229;54;4;cieux garde parlait refuserent
Apocalypse 6:12;SKN;60-0229;54;6;fit noir sceau soleil tremblement vis
Luc 1:17;SKN;60-0229;54;4;ira justes preparer retourner
Apocalypse 6:1;SKN;60-0229;54;5;animaux tonnerre viens vis voix
Ephesiens 1:13-14;SKN;60-0229;54;5;ayant cru espere salut scelles
Hebreux 4:14;SKN;60-0229;54;4;ayant cieux ferme traverse
Apocalypse 5:9;SKN;60-0302;12;4;den digne immole sceaux
Esaie 9:6;SKN;60-0305;35;4;conseiller merveilleux paix prince
Marc 7:7;SKN;60-0306;14;4;commandements dhommes enseignant vain
Marc 7:7;SKN;60-0306;15;4;commandements dhommes enseignant vain
Hebreux 4:12;SKN;60-0306;40;4;discerne epee penetrante tranchants
Matthieu 1:23;SKN;60-0308;70;4;appellera emmanuel enfantera vierge
Jeremie 8:22;SKN;60-0309;8;4;baume fille galaad medecin
Jeremie 8:22;SKN;60-0309;39;4;baume fille galaad medecin
Jean 5:39;SKN;60-0309;52;4;eternelle rendent sondez temoignage
Exode 13:21;SKN;60-0311;11;4;allait colonne nuee nuit
Hebreux 4:14;SKN;60-0311;46;4;ayant confession sacrificateur souverain
Apocalypse 3:14;SKN;60-0312;5;9;commencement creation ecris fidele lamen lange laodicee temoin veritable
Esaie 27:12;SKN;60-0312;29;4;arrivera courant disrael leternel
Matthieu 24:7;SKN;60-0328;28;5;aura divers lieux nation tremblements
Matthieu 5:28;SKN;60-0328;28;4;adultere commis convoiter quiconque
Ephesiens 4:30;SKN;60-0401E;56;4;lequel nattristez redemption scelles
Jeremie 8:22;SKN;60-0401M;7;4;baume fille galaad medecin
Jeremie 8:22;SKN;60-0401M;14;4;baume fille galaad medecin
Actes 2:4;SKN;60-0401M;23;5;donnait furent langues remplis selon
Matthieu 5:28;SKN;60-0402;39;4;adultere commis convoiter quiconque
Deuteronome 32:11;SKN;60-0403;38;4;ailes eveille laigle prend
Matthieu 16:18;SKN;60-0403;97;4;batirai portes prevaudront roc
Matthieu 16:18;SKN;60-0403;99;4;batirai portes prevaudront roc
Apocalypse 6:11;SKN;60-0417M;34;4;blanche fut longue robe
Matthieu 16:18;SKN;60-0417M;107;4;batirai portes prevaudront roc
Daniel 7:9;SKN;60-0417S;12;4;blanc furent neige vetement
Marc 16:1;SKN;60-0417S;12;4;etant magdala marie sabbat
Ephesiens 1:5;SKN;60-0515E;107;5;ayant plaisir predestines selon volonte
Ephesiens 1:5;SKN;60-0518;103;4;plaisir predestines selon volonte
Ephesiens 1:5;SKN;60-0518;112;5;ayant plaisir predestines selon volonte
Ephesiens 1:5;SKN;60-0518;148;4;ayant plaisir predestines selon
Genese 14:18;SKN;60-0522E;47;7;apporter fit pain roi sacrificateur salem vin
Ephesiens 1:20;SKN;60-0522E;182;5;asseoir celestes droite lieux ressuscitant
Ephesiens 1:5;SKN;60-0522M;63;5;ayant plaisir predestines selon volonte
Ephesiens 1:5;SKN;60-0522M;86;4;plaisir predestines selon volonte
Hebreux 4:14;SKN;60-0522M;134;4;ayant sacrificateur souverain traverse
Matthieu 16:18;SKN;60-0604;33;4;batirai portes prevaudront roc
Actes 2:4;SKN;60-0608;52;6;dautres donnait furent langues remplis selon
Jean 5:39;SKN;60-0609;48;4;eternelle rendent sondez temoignage
Actes 2:4;SKN;60-0610;72;5;donnait furent langues remplis selon
Hebreux 9:11;SKN;60-0611B;7;7;biens creation etant parfait sacrificateur souverain tabernacle
Hebreux 9:11-14;SKN;60-0611B;7;7;biens creation etant parfait sacrificateur souverain tabernacle
Hebreux 4:14;SKN;60-0611B;7;4;ayant sacrificateur souverain traverse
Nombres 19:9;SKN;60-0611B;25;4;camp eau genisse hors
Actes 2:4;SKN;60-0611B;29;4;dautres furent langues remplis
1 Timothee 3:16;SKN;60-0612;65;4;chair cru manifeste preche
Genese 3:16;SKN;60-0612;65;4;desir grandes mari tes
Apocalypse 17:17;SKN;60-0612;65;4;donner paroles pensee soient
Apocalypse 17:3;SKN;60-0612;65;4;assise desert noms vis
Esaie 53:12;SKN;60-0708;4;4;ame compte grands plusieurs
Jean 12:20;SKN;60-0708;16;5;adorer dentre fete grecs montes
Jean 5:39;SKN;60-0708;43;4;eternelle rendent sondez temoignage
Esaie 40:3;SKN;60-0708;60;4;chemin desert sterile voix
Hebreux 4:15;SKN;60-0709;85;4;infirmites navons sacrificateur souverain
Hebreux 4:12;SKN;60-0709;100;4;discerne epee penetrante tranchants
Matthieu 16:18;SKN;60-0710;54;4;batirai portes prevaudront roc
Jean 5:39;SKN;60-0710;65;4;eternelle rendent sondez temoignage
Matthieu 16:18;SKN;60-0712;9;4;batirai portes prevaudront roc
Matthieu 5:28;SKN;60-0712;46;4;adultere commis convoiter quiconque
Galates 3:29;SKN;60-0716;59;4;dabraham heritiers selon semence
Esaie 9:6;SKN;60-0717;117;4;conseiller merveilleux paix prince
Hebreux 4:12;SKN;60-0717;119;4;discerne epee penetrante tranchants
Matthieu 16:18;SKN;60-0720;37;4;batirai portes prevaudront roc
Apocalypse 20:4;SKN;60-0720;46;4;ames rendu temoignage vis
Matthieu 10:1;SKN;60-0720;68;4;autorite chasser guerir maladie
Matthieu 24:7;SKN;60-0722;29;4;aura divers lieux tremblements
Josue 10:12;SKN;60-0723;19;4;amoreens disrael josue leternel
Josue 10:12;SKN;60-0723;45;4;josue leternel lune soleil
Matthieu 1:18;SKN;60-0724;27;4;enceinte fiancee joseph marie
Jean 14:9;SKN;60-0731;13;4;connu mas montre philippe
Deuteronome 32:11;SKN;60-0731;33;4;ailes eveille laigle plumes
Matthieu 10:1;SKN;60-0804;4;4;ayant chasser disciples guerir
Deuteronome 32:11;SKN;60-0804;9;5;ailes eveille laigle plumes prend
Deuteronome 32:11;SKN;60-0804;46;4;ailes nid plumes prend
Deuteronome 32:11;SKN;60-0804;68;4;ailes eveille laigle plumes
Matthieu 5:28;SKN;60-0911E;21;4;adultere commis convoiter quiconque
Apocalypse 17:15;SKN;60-0911E;44;8;assise eaux foules langues nations peuples prostituee vues
Apocalypse 17:15;SKN;60-0911E;45;7;assise eaux foules langues nations peuples prostituee
Apocalypse 17:3;SKN;60-0911E;47;5;assise bete desert ecarlate vis
Apocalypse 17:3;SKN;60-0911E;51;10;assise ayant bete desert ecarlate noms pleine sept tetes vis
Matthieu 16:18;SKN;60-0911E;143;4;batirai portes prevaudront roc
Ephesiens 1:5;SKN;60-0911E;174;4;plaisir predestines selon volonte
Jean 5:7;SKN;60-0911M;149;4;descend malade reservoir viens
Marc 11:23;SKN;60-0911M;149;5;aura croira dira montagne ote
Matthieu 1:18;SKN;60-0911M;149;5;ensemble etant marie naissance soient
Apocalypse 10:7;SKN;60-0911M;149;4;ange esclaves nouvelle termine
Nombres 12:6;SKN;60-0911M;149;4;ferai paroles songe vision
Matthieu 10:1;SKN;60-0911M;149;4;ayant douze guerir maladie
Genese 3:16;SKN;60-0911M;149;5;desir grandes tes tourne travail
Esaie 40:3;SKN;60-0911M;149;4;chemin crie desert route
Apocalypse 17:15;SKN;60-0911M;149;4;assise foules langues prostituee
Ephesiens 1:13;SKN;60-0911M;149;4;ayant cru espere salut
Actes 15:14;SKN;60-0911M;149;4;premierement raconte tirer visite
Ephesiens 2:12;SKN;60-0911M;149;4;droit etant etiez israel
Apocalypse 17:17;SKN;60-0911M;149;4;donner paroles royaume soient
Exode 13:21;SKN;60-0911M;149;4;allait chemin conduire nuit
Matthieu 11:10;SKN;60-0911M;149;4;chemin ecrit face messager
Apocalypse 6:11;SKN;60-0911M;149;4;devaient fut longue soient
Apocalypse 17:3;SKN;60-0911M;149;4;assise ayant desert sept
Ezechiel 28:12;SKN;60-0911M;149;4;accomplie eleve etais sagesse
Zacharie 14:6;SKN;60-0911M;149;4;arrivera aura obscurcis seront
Matthieu 18:10;SKN;60-0911M;149;5;cieux continuellement face garde voient
Malachie 3:1;SKN;60-0911M;149;4;chemin messager soudain viendra
Esaie 53:12;SKN;60-0911M;149;4;ame aura grands plusieurs
Apocalypse 1:1;SKN;60-0911M;149;7;ange arriver doivent donnee esclave esclaves montrer
Ephesiens 1:13-14;SKN;60-0911M;149;4;ayant cru espere salut
Nombres 12:6;SKN;60-0930;44;4;connaitre ferai paroles vision
Matthieu 10:1;SKN;60-0930;44;4;appele ayant donna guerir
Apocalypse 17:3;SKN;60-0930;44;4;assise ayant noms sept
Matthieu 18:10;SKN;60-0930;44;4;cieux face prenez voient
Genese 1:11;SKN;60-1113;43;7;ayant espece fruit portant produise selon semence
Genese 1:11;SKN;60-1113;82;4;espece produise selon semence
1 Timothee 3:16;SKN;60-1124;37;5;anges chair cru manifeste preche
Jean 12:24;SKN;60-1126;38;4;ble demeure grain meurt
Jeremie 8:22;SKN;60-1126;55;4;baume fille galaad medecin
Jean 5:7;SKN;60-1126;93;4;descend leau nai viens
Genese 1:11;SKN;60-1127M;23;4;espece plante selon semence
Marc 7:7;SKN;60-1127M;25;4;commandements dhommes enseignant vain
Apocalypse 22:18;SKN;60-1204E;76;4;ajoutera entend prophetie quiconque
Matthieu 16:18;SKN;60-1204E;108;4;batirai portes prevaudront roc
Matthieu 5:28;SKN;60-1204E;115;4;adultere commis convoiter quiconque
Esaie 9:6;SKN;60-1204E;158;4;fort gouvernement merveilleux paix
Genese 1:26;SKN;60-1204E;158;6;animal cieux faisons image mer selon
Apocalypse 10:1;SKN;60-1204E;158;7;ange pieds puissant revetu soleil vis visage
Hebreux 3:1;SKN;60-1204E;158;5;celeste considerez sacrificateur saints souverain
Matthieu 1:18;SKN;60-1204E;158;6;arriva ensemble etant marie soient trouva
Apocalypse 10:7;SKN;60-1204E;158;6;ange mystere nouvelle septieme termine voix
Apocalypse 22:18;SKN;60-1204E;158;4;entend paroles prophetie quiconque
Apocalypse 10:1-7;SKN;60-1204E;158;7;ange pieds puissant revetu soleil vis visage
1 Timothee 3:16;SKN;60-1204E;158;6;anges chair cru manifeste mystere nations
Esaie 28:19;SKN;60-1204E;158;4;entendre nuit passera prendra
Hebreux 9:11;SKN;60-1204E;158;4;creation etant sacrificateur souverain
Genese 1:11;SKN;60-1204E;158;6;ayant espece fruit plante portant selon
Matthieu 10:1;SKN;60-1204E;158;5;appele autorite ayant donna maladie
Apocalypse 3:14;SKN;60-1204E;158;6;commencement creation ecris fidele temoin veritable
Esaie 14:12;SKN;60-1204E;158;4;brillant cieux nations tombe
Ephesiens 1:13;SKN;60-1204E;158;4;ayant cru espere salut
Esaie 61:1;SKN;60-1204E;158;6;apporter bonnes brise envoye nouvelles proclamer
Matthieu 11:10;SKN;60-1204E;158;4;ecrit face lequel messager
Apocalypse 6:6;SKN;60-1204E;158;4;animaux mesure milieu voix
Apocalypse 6:11;SKN;60-1204E;158;5;blanche complet fut robe soient
Ezechiel 28:12;SKN;60-1204E;158;5;etais forme plein roi sagesse
Genese 3:1;SKN;60-1204E;158;4;animal arbre jardin serpent
Apocalypse 20:4;SKN;60-1204E;158;6;ames fut image jugement trones vis
Luc 21:24;SKN;60-1204E;158;6;jerusalem nations pieds seront tomberont tranchant
Matthieu 18:10;SKN;60-1204E;158;5;anges cieux face garde prenez
Esaie 27:12;SKN;60-1204E;158;4;arrivera courant fleuve serez
Esaie 53:12;SKN;60-1204E;158;5;ame aura compte grands plusieurs
Apocalypse 1:1;SKN;60-1204E;158;6;ange arriver bientot doivent montrer revelation
Matthieu 24:7;SKN;60-1204E;158;4;aura lieux nation royaume
Apocalypse 5:9;SKN;60-1204E;158;6;cantique digne immole langue nation ouvrir
Hebreux 9:11-14;SKN;60-1204E;158;4;creation etant sacrificateur souverain
Hebreux 12:25;SKN;60-1204E;158;4;cieux garde parlait prenez
Apocalypse 6:12;SKN;60-1204E;158;5;fit ouvrit sixieme soleil vis
Psaumes 42:7;SKN;60-1204E;158;5;appelle cataractes flots tes voix
Apocalypse 6:1;SKN;60-1204E;158;6;animaux ouvrit sept viens vis voix
Ephesiens 1:13-14;SKN;60-1204E;158;4;ayant cru espere salut
Genese 14:18;SKN;60-1204E;158;5;apporter fit roi sacrificateur vin
Apocalypse 1:20;SKN;60-1204E;158;7;anges droite etoiles lampes mystere sept vues
Apocalypse 22:18;SKN;60-1204M;67;4;ecrites paroles prophetie temoignage
Apocalypse 1:1;SKN;60-1204M;67;8;ange arriver bientot doivent donnee montrer revelation signifiee
Apocalypse 1:1;SKN;60-1204M;112;4;ange arriver bientot doivent
Matthieu 16:18;SKN;60-1204M;145;4;batirai portes prevaudront roc
Matthieu 16:18;SKN;60-1204M;150;4;batirai portes prevaudront roc
1 Timothee 3:16;SKN;60-1204M;182;8;anges chair contredit cru eleve manifeste mystere piete
Matthieu 1:18;SKN;60-1204M;289;9;arriva enceinte ensemble etant fiancee joseph marie naissance trouva
Matthieu 1:18;SKN;60-1204M;290;4;enceinte joseph marie trouva
Matthieu 1:23;SKN;60-1204M;292;4;emmanuel enceinte enfantera vierge
Apocalypse 1:7;SKN;60-1204M;301;5;lamenteront nuees perce tribus verra
Apocalypse 1:7;SKN;60-1204M;369;4;lamenteront perce tribus verra
1 Timothee 3:16;SKN;60-1204M;389;8;anges chair contredit cru eleve manifeste mystere piete
Apocalypse 1:20;SKN;60-1205;76;4;droite etoiles lampes sept
Matthieu 5:28;SKN;60-1205;136;4;adultere commis convoiter quiconque
Genese 3:1;SKN;60-1205;254;4;animal champs ruse serpent
Jeremie 8:22;SKN;60-1205;278;4;baume fille galaad medecin
Actes 2:4;SKN;60-1206;1;5;donnait furent langues remplis selon
Apocalypse 3:14;SKN;60-1207;52;4;ecris fidele temoin veritable
Apocalypse 17:3;SKN;60-1207;177;5;assise bete desert ecarlate vis
Apocalypse 17:3;SKN;60-1207;178;7;ayant blaspheme ecarlate noms pleine sept tetes
Esaie 9:6;SKN;60-1207;278;5;conseiller fort merveilleux paix prince
Hebreux 3:1;SKN;60-1207;278;4;celeste considerez sacrificateur saints
1 Timothee 3:16;SKN;60-1207;278;5;anges eleve manifeste nations preche
Ezechiel 28:12;SKN;60-1207;278;4;eleve etais forme plein
Apocalypse 20:4;SKN;60-1207;278;4;ames fut jugement rendu
Esaie 53:12;SKN;60-1207;278;4;ame aura compte grands
Apocalypse 1:1;SKN;60-1207;278;4;ange bientot donnee revelation
Apocalypse 2:20;SKN;60-1208;58;4;idoles laisses prophetesse sacrifiees
Apocalypse 22:18;SKN;60-1208;98;4;ajoute ajoutera entend quiconque
Apocalypse 17:3;SKN;60-1208;142;6;bete blaspheme noms sept tetes vis
Apocalypse 13:8;SKN;60-1208;146;4;ecrit fondation habitent immole
Apocalypse 17:8;SKN;60-1208;146;4;ecrits fondation habitent noms
Apocalypse 13:6;SKN;60-1208;146;5;blasphemer blasphemes bouche habitent ouvrit
Apocalypse 5:9;SKN;60-1208;146;4;immole langue nation tribu
Apocalypse 2:20;SKN;60-1209;37;5;commettre fornication idoles manger sacrifiees
Apocalypse 1:20;SKN;60-1209;74;4;anges etoiles lampes sept
Jean 5:39;SKN;60-1209;165;4;eternelle rendent sondez temoignage
Esaie 9:6;SKN;60-1210;139;5;appellera conseiller merveilleux paix prince
Genese 1:26;SKN;60-1210;139;4;animal cieux mer selon
Actes 2:4;SKN;60-1210;139;5;donnait furent langues remplis selon
Apocalypse 10:1;SKN;60-1210;139;5;ange pieds puissant soleil vis
Matthieu 1:18;SKN;60-1210;139;10;arriva enceinte ensemble etant fiancee joseph marie naissance soient trouva
Apocalypse 10:7;SKN;60-1210;139;5;ange annonce nouvelle prophetes voix
Apocalypse 10:1-7;SKN;60-1210;139;5;ange pieds puissant soleil vis
1 Timothee 3:16;SKN;60-1210;139;4;anges chair cru nations
Apocalypse 17:8;SKN;60-1210;139;5;bete fondation monter noms perdition
Nombres 12:6;SKN;60-1210;139;4;connaitre ferai paroles songe
Matthieu 10:1;SKN;60-1210;139;7;autorite ayant chasser disciples donna douze esprits
Genese 3:16;SKN;60-1210;139;5;desir grandes mari tes tourne
Luc 16:16;SKN;60-1210;139;4;annonce lors prophetes royaume
Ephesiens 1:13;SKN;60-1210;139;5;ayant cru espere salut scelles
Apocalypse 17:17;SKN;60-1210;139;5;bete donner paroles royaume soient
Exode 13:21;SKN;60-1210;139;4;allait chemin colonne nuit
Daniel 7:9;SKN;60-1210;139;4;blanc furent pure vis
Matthieu 11:10;SKN;60-1210;139;4;chemin ecrit face lequel
Apocalypse 6:11;SKN;60-1210;139;4;blanche devaient reposent soient
Apocalypse 17:3;SKN;60-1210;139;5;ayant bete blaspheme noms vis
Ezechiel 28:12;SKN;60-1210;139;4;etais forme roi sagesse
Apocalypse 20:4;SKN;60-1210;139;4;ames bete temoignage vis
Matthieu 19:28;SKN;60-1210;139;4;douze serez tribus trone
Apocalypse 19:11;SKN;60-1210;139;5;blanc justice ouvert veritable vis
Luc 21:24;SKN;60-1210;139;4;jerusalem nations pieds seront
Matthieu 18:10;SKN;60-1210;139;5;anges cieux face garde prenez
Malachie 3:1;SKN;60-1210;139;4;chemin prenez temple viendra
Apocalypse 16:13;SKN;60-1210;139;4;bete bouche esprits vis
Zacharie 11:12;SKN;60-1210;139;4;donnez laissez pieces sinon
Apocalypse 1:1;SKN;60-1210;139;6;ange arriver bientot donnee montrer revelation
Matthieu 1:23;SKN;60-1210;139;5;appellera emmanuel enceinte enfantera vierge
Apocalypse 5:9;SKN;60-1210;139;5;cantique langue nation ouvrir tribu
Hebreux 12:25;SKN;60-1210;139;4;cieux echappe garde prenez
Actes 2:24;SKN;60-1210;139;4;ayant lequel possible ressuscite
Luc 1:17;SKN;60-1210;139;4;dispose ira peres retourner
Marc 16:1;SKN;60-1210;139;4;etant jacques marie sabbat
Ephesiens 1:13-14;SKN;60-1210;139;5;ayant cru espere salut scelles
Hebreux 4:14;SKN;60-1210;139;4;ayant cieux ferme tenons
Apocalypse 1:20;SKN;60-1210;139;4;anges droite etoiles lampes
Matthieu 11:25;SKN;60-1211E;76;4;cache intelligents revelees sages
Apocalypse 3:14;SKN;60-1211E;107;7;commencement creation ecris fidele laodicee temoin veritable
Matthieu 5:28;SKN;60-1211E;217;4;adultere commis convoiter quiconque
Apocalypse 6:6;SKN;60-1211M;62;4;denier mesure mesures voix
Apocalypse 6:12;SKN;60-1211M;62;4;ouvrit sceau soleil vis
Apocalypse 6:1;SKN;60-1211M;62;4;ouvrit sceaux vis voix
Apocalypse 19:21;SKN;60-1211M;195;4;furent fut sortait tue
Apocalypse 19:11;SKN;60-1211M;280;4;combat juge justice veritable
Apocalypse 10:7;SKN;60-1211M;357;4;ange annonce prophetes voix
Genese 1:11;SKN;60-1218;36;4;espece produise selon semence
Matthieu 5:28;SKN;60-1218;210;4;adultere commis convoiter quiconque
Esaie 9:6;SKN;60-1231;128;4;appellera fort merveilleux paix
Apocalypse 10:7;SKN;60-1231;128;5;nouvelle sonner termine trompette voix
Apocalypse 22:18;SKN;60-1231;128;4;paroles plaies quiconque temoignage
Nombres 12:6;SKN;60-1231;128;4;connaitre ferai paroles vision
Apocalypse 17:17;SKN;60-1231;128;4;bete paroles royaume soient
Matthieu 11:10;SKN;60-1231;128;4;chemin ecrit lequel messager
Apocalypse 20:4;SKN;60-1231;128;5;ames bete fut jugement temoignage
Malachie 3:1;SKN;60-1231;128;4;chemin messager prenez viendra
Esaie 27:12;SKN;60-1231;128;4;arrivera courant rassembles serez
Apocalypse 1:1;SKN;60-1231;128;5;arriver doivent donnee montrer revelation
Hebreux 6:1;SKN;61-0112;236;4;fondement mortes posant repentance
Matthieu 18:10;SKN;61-0112;333;5;anges cieux continuellement face voient
Matthieu 16:18;SKN;61-0117;28;4;batirai portes prevaudront roc
Jean 12:20;SKN;61-0118;25;4;adorer fete grecs montes
Hebreux 4:12;SKN;61-0119E;99;4;discerne epee tranchants vivante
Jean 5:39;SKN;61-0121;23;4;eternelle rendent sondez temoignage
Hebreux 4:12;SKN;61-0121;60;4;epee moelles penetrante tranchants
Deuteronome 32:11;SKN;61-0122;68;5;ailes etend nid plumes prend
Esaie 40:3;SKN;61-0124;23;4;chemin leternel route voix
Josue 10:12;SKN;61-0124;57;4;arrete josue leternel soleil
Esaie 9:6;SKN;61-0124;65;4;conseiller merveilleux paix prince
Esaie 9:6;SKN;61-0124;66;4;conseiller merveilleux paix prince
Jeremie 8:22;SKN;61-0125;27;4;baume fille galaad medecin
Jeremie 8:22;SKN;61-0125;48;4;baume fille galaad medecin
Jeremie 8:22;SKN;61-0125;55;4;baume fille galaad medecin
Actes 2:4;SKN;61-0125;65;5;donnait furent langues remplis selon
Jeremie 8:22;SKN;61-0128;33;4;baume fille galaad medecin
Actes 2:4;SKN;61-0128;54;6;dautres donnait furent langues remplis selon
Jeremie 8:22;SKN;61-0128;89;4;baume fille galaad medecin
Matthieu 11:25;SKN;61-0205E;29;4;cache intelligents loue sages
Matthieu 16:18;SKN;61-0205E;44;4;batirai portes prevaudront roc
Hebreux 4:12;SKN;61-0205E;93;4;discerne epee penetrante tranchants
Psaumes 42:7;SKN;61-0205M;39;4;appelle cataractes tes voix
Esaie 40:3;SKN;61-0207;8;6;aplanissez chemin crie desert preparez voix
Matthieu 5:28;SKN;61-0207;47;4;adultere commis convoiter quiconque
Apocalypse 13:8;SKN;61-0208;67;4;fondation habitent immole lagneau
Apocalypse 17:8;SKN;61-0208;67;4;ecrits fondation habitent noms
Hebreux 3:1;SKN;61-0212E;18;4;celeste confession sacrificateur souverain
Genese 1:28;SKN;61-0212E;25;4;cieux mer poissons vivant
Hebreux 4:12;SKN;61-0212E;38;4;discerne epee lame tranchants
Jean 15:7;SKN;61-0213;21;4;demeurent demeurez paroles voudrez
Nombres 19:9;SKN;61-0214;46;4;cendre gardee genisse pur
Apocalypse 17:8;SKN;61-0216;14;4;bete ecrits fondation noms
Daniel 7:9;SKN;61-0217;65;5;blanc cheveux furent laine lancien
Apocalypse 19:11;SKN;61-0217;65;4;blanc juge ouvert veritable
Hebreux 10:26;SKN;61-0217;68;5;connaissance peches pechons sacrifice volontairement
Jeremie 8:22;SKN;61-0218;48;4;baume fille galaad medecin
Jeremie 8:22;SKN;61-0218;67;4;baume fille galaad medecin
Hebreux 4:12;SKN;61-0219;16;4;discerne epee tranchants vivante
Hebreux 4:12;SKN;61-0224;54;4;discerne epee tranchants vivante
Matthieu 5:28;SKN;61-0308;69;4;adultere commis convoiter quiconque
Josue 10:12;SKN;61-0311;64;4;arrete disrael josue leternel
Apocalypse 5:9;SKN;61-0312;18;4;den immole ouvrir sceaux
Hebreux 10:26;SKN;61-0317;5;4;connaissance pechons sacrifice volontairement
Hebreux 10:26;SKN;61-0317;70;4;connaissance peches sacrifice volontairement
Genese 1:11;SKN;61-0409;15;4;espece plante selon semence
Hebreux 4:12;SKN;61-0409;27;4;discerne epee penetrante tranchants
Matthieu 5:28;SKN;61-0410;71;4;adultere commis convoiter quiconque
Actes 2:4;SKN;61-0410;76;6;dautres donnait furent langues remplis selon
Actes 2:4;SKN;61-0411;20;5;donnait furent langues remplis selon
Apocalypse 5:9;SKN;61-0411;25;4;digne immole ouvrir sceaux
Apocalypse 13:8;SKN;61-0411;28;4;ecrit fondation immole lagneau
Jean 14:9;SKN;61-0411;99;4;connu mas montre philippe
Hebreux 4:12;SKN;61-0412;115;4;discerne epee tranchants vivante
Jeremie 8:22;SKN;61-0413;44;4;baume fille galaad medecin
Jeremie 8:22;SKN;61-0413;55;4;baume fille galaad medecin
Jeremie 8:22;SKN;61-0413;75;4;baume fille galaad medecin
Jean 12:24;SKN;61-0413;80;5;ble demeure fruit grain meure
Ephesiens 1:20;SKN;61-0414;62;4;celestes dentre droite lieux
Marc 11:23;SKN;61-0415E;72;4;jette mer montagne ote
Matthieu 11:25;SKN;61-0416;87;4;cache intelligents loue sages
Matthieu 5:28;SKN;61-0416;101;4;adultere commis convoiter quiconque
Matthieu 16:18;SKN;61-0423;38;4;batirai portes prevaudront roc
1 Timothee 3:16;SKN;61-0425B;130;7;anges chair contredit eleve manifeste mystere piete
Jean 5:7;SKN;61-0425B;301;4;jette malade nai viens
Apocalypse 19:11;SKN;61-0425B;301;4;appele cheval veritable vis
Esaie 40:3;SKN;61-0515;7;4;crie desert leternel voix
Actes 2:4;SKN;61-0515;14;6;dautres donnait furent langues remplis selon
Matthieu 5:28;SKN;61-0515;44;4;adultere commis convoiter quiconque
Jean 12:20;SKN;61-0516A;21;4;adorer fete grecs montes
Nombres 12:6;SKN;61-0516A;33;5;connaitre ferai leternel parlerai paroles
Esaie 9:6;SKN;61-0520;54;4;conseiller epaule paix prince
Malachie 3:1;SKN;61-0520;72;4;chemin lalliance lange messager
Esaie 9:6;SKN;61-0520;93;4;conseiller merveilleux paix prince
Esaie 9:6;SKN;61-0520;94;4;conseiller merveilleux paix prince
Jean 14:9;SKN;61-0521;27;4;connu mas montre philippe
1 Timothee 3:16;SKN;61-0521;71;6;anges chair contredit manifeste mystere piete
Apocalypse 5:9;SKN;61-0611;55;5;digne immole ouvrir sceaux tribu
Apocalypse 6:1;SKN;61-0611;55;4;sceaux sept vis voix
Matthieu 1:18;SKN;61-0611;78;8;arriva enceinte ensemble fiancee joseph marie naissance trouva
Ephesiens 1:13;SKN;61-0611;98;4;cru espere salut scelles
Ephesiens 1:13-14;SKN;61-0611;98;4;cru espere salut scelles
Apocalypse 5:9;SKN;61-0611;151;4;digne ouvrir sceaux tribu
Matthieu 1:18;SKN;61-0618;227;7;arriva enceinte fiancee joseph marie naissance trouva
Matthieu 1:23;SKN;61-0618;228;4;appellera emmanuel enfantera vierge
Deuteronome 32:11;SKN;61-0723E;165;5;ailes eveille laigle nid plumes
Matthieu 1:18;SKN;61-0723E;189;4;enceinte joseph marie naissance
Apocalypse 10:1;SKN;61-0730E;133;4;pieds puissant revetu vis
Apocalypse 10:1-7;SKN;61-0730E;133;4;pieds puissant revetu vis
Apocalypse 3:14;SKN;61-0730E;133;5;commencement ecris fidele lange veritable
Apocalypse 6:1;SKN;61-0730E;133;6;jentendis lagneau sceaux tonnerre vis voix
Esaie 9:6;SKN;61-0730M;162;4;conseiller merveilleux paix prince
Apocalypse 17:3;SKN;61-0806;216;4;assise bete sept tetes
Apocalypse 16:13;SKN;61-0808;73;4;bouche dragon esprits faux
Apocalypse 16:13;SKN;61-0808;74;4;bete bouche esprits faux
Apocalypse 17:3;SKN;61-0827;7;4;assise bete ecarlate sept
Matthieu 18:10;SKN;61-1015E;54;5;anges cieux continuellement face voient
Hebreux 6:4;SKN;61-1015M;63;4;celeste don eclaires goute
Matthieu 19:9;SKN;61-1015M;170;4;adultere epouse fornication repudiee
Esaie 28:8;SKN;61-1105;142;4;pleines sorte tables vomissements
Esaie 40:3;SKN;61-1112;169;6;chemin crie desert leternel route voix
Esaie 40:3;SKN;61-1112;171;5;crie desert leternel preparez voix
Deuteronome 18:22;SKN;61-1112;229;6;dite leternel narrivera naura parlera peur
Matthieu 11:10;SKN;61-1112;232;4;chemin jenvoie messager preparera
Jean 14:12;SKN;61-1112;241;4;celles croit grandes men
Deuteronome 18:15;SKN;61-1112;241;4;dentre leternel milieu tes
Apocalypse 10:1;SKN;61-1112;241;6;ange pieds puissant soleil vis visage
Marc 11:23;SKN;61-1112;241;4;aura dira montagne ote
Apocalypse 10:7;SKN;61-1112;241;6;ange annonce nouvelle prophetes termine voix
Apocalypse 22:18;SKN;61-1112;241;5;ecrites paroles prophetie rends temoignage
Apocalypse 10:1-7;SKN;61-1112;241;6;ange pieds puissant soleil vis visage
1 Timothee 3:16;SKN;61-1112;241;6;chair cru manifeste nations piete preche
Apocalypse 22:19;SKN;61-1112;241;4;larbre ote paroles prophetie
Genese 1:11;SKN;61-1112;241;4;ayant larbre plante selon
Nombres 12:6;SKN;61-1112;241;4;connaitre ferai leternel paroles
Matthieu 10:1;SKN;61-1112;241;4;appele ayant disciples maladie
Esaie 14:12;SKN;61-1112;241;4;brillant cieux nations tombe
Esaie 40:3;SKN;61-1112;241;6;chemin crie desert leternel preparez voix
Ephesiens 1:13;SKN;61-1112;241;5;auquel ayant cru levangile salut
Genese 3:8;SKN;61-1112;241;4;arbres leternel milieu voix
Exode 13:21;SKN;61-1112;241;6;allait chemin colonne leternel marchent nuit
Ezechiel 28:12;SKN;61-1112;241;4;dhomme forme leternel plein
Apocalypse 20:4;SKN;61-1112;241;6;ames decapites jugement navaient temoignage vis
Apocalypse 19:11;SKN;61-1112;241;4;appele justice veritable vis
Luc 21:24;SKN;61-1112;241;4;nations pieds seront tomberont
Matthieu 18:10;SKN;61-1112;241;5;cieux face garde prenez voient
Esaie 53:12;SKN;61-1112;241;4;ame aura compte grands
Apocalypse 1:1;SKN;61-1112;241;5;ange arriver bientot doivent montrer
Hebreux 12:25;SKN;61-1112;241;5;cieux garde nont parlait prenez
Actes 2:24;SKN;61-1112;241;4;ayant lequel possible ressuscite
Luc 1:17;SKN;61-1112;241;4;ira justes peres preparer
Ephesiens 1:13-14;SKN;61-1112;241;5;auquel ayant cru levangile salut
Apocalypse 10:1;SKN;61-1119;273;4;descendant revetu soleil visage
Apocalypse 10:1-7;SKN;61-1119;273;4;descendant revetu soleil visage
Psaumes 103:3;SKN;61-1119;373;4;guerit iniquites pardonne tes
Josue 10:12;SKN;61-1210;82;10;amoreens arrete disrael gabaon josue leternel livra lune parla soleil
Jean 12:20;SKN;61-1224;44;4;adorer fete grecs montes
Jean 12:24;SKN;61-1224;44;4;ble fruit grain meurt
Esaie 9:6;SKN;61-1224;123;5;appellera conseiller merveilleux paix prince
Esaie 9:6;SKN;61-1224;132;4;conseiller merveilleux paix prince
Esaie 9:6;SKN;61-1224;138;4;conseiller merveilleux paix prince
Esaie 9:6;SKN;61-1224;148;4;conseiller merveilleux paix prince
Actes 2:4;SKN;61-1231E;277;5;donnait furent langues remplis selon
Esaie 40:3;SKN;62-0118;27;5;aplanissez chemin crie desert voix
Hebreux 4:12;SKN;62-0118;152;4;discerne epee penetrante tranchants
Matthieu 16:18;SKN;62-0119;59;4;batirai portes prevaudront roc
Jean 15:7;SKN;62-0121M;42;4;demeurent demeurez paroles voudrez
Jean 15:7;SKN;62-0121M;77;4;demeurent demeurez paroles voudrez
Jean 15:7;SKN;62-0121M;97;4;demeurent demeurez paroles voudrez
Hebreux 4:14;SKN;62-0122;53;4;ayant confession sacrificateur souverain
Jean 15:7;SKN;62-0124;46;4;demeurent demeurez paroles voudrez
Josue 10:12;SKN;62-0128A;30;4;arrete disrael gabaon soleil
Jean 15:7;SKN;62-0128A;50;4;demeurent demeurez paroles voudrez
Hebreux 4:12;SKN;62-0128M;37;4;discerne epee penetrante tranchants
Jean 15:7;SKN;62-0128M;50;4;demeurent demeurez paroles voudrez
Jean 5:39;SKN;62-0128M;54;4;eternelle rendent sondez temoignage
Jean 15:7;SKN;62-0211;188;4;demeurent demeurez paroles voudrez
Jean 15:7;SKN;62-0218;333;5;demanderez demeurent demeurez paroles voudrez
Daniel 12:3;SKN;62-0311;30;8;brilleront etoiles justice letendue multitude perpetuite sages splendeur
Jean 15:7;SKN;62-0311;73;4;demeurent demeurez paroles voudrez
Genese 3:1;SKN;62-0311;177;9;animal arbre champs jardin leternel mangerez quaucun ruse serpent
Esaie 9:6;SKN;62-0311;197;5;fort gouvernement merveilleux paix siecle
Genese 1:26;SKN;62-0311;197;4;betail cieux faisons oiseaux
Deuteronome 18:15;SKN;62-0311;197;4;dentre leternel milieu tes
Jean 5:7;SKN;62-0311;197;4;leau malade nai viens
Apocalypse 10:1;SKN;62-0311;197;5;pieds puissant revetu vis visage
Apocalypse 10:7;SKN;62-0311;197;4;nouvelle prophetes termine voix
Apocalypse 10:1-7;SKN;62-0311;197;5;pieds puissant revetu vis visage
1 Timothee 3:16;SKN;62-0311;197;5;anges chair cru nations preche
Hebreux 13:10;SKN;62-0311;197;5;autel droit manger nont tabernacle
Nombres 12:6;SKN;62-0311;197;5;ferai leternel paroles songe vision
Apocalypse 17:15;SKN;62-0311;197;4;assise langues nations prostituee
Esaie 32:2;SKN;62-0311;197;5;abri aura deau protection vent
Ephesiens 1:13;SKN;62-0311;197;4;ayant cru levangile salut
Esaie 61:1;SKN;62-0311;197;5;bonnes envoye leternel nouvelles oint
Apocalypse 19:21;SKN;62-0311;197;5;chair cheval lepee oiseaux tue
Apocalypse 17:17;SKN;62-0311;197;5;donner paroles pensee royaume soient
Zacharie 14:7;SKN;62-0311;197;4;aura connu leternel nuit
Exode 13:21;SKN;62-0311;197;4;allait chemin leternel nuit
Matthieu 11:10;SKN;62-0311;197;4;chemin ecrit face lequel
Apocalypse 6:11;SKN;62-0311;197;4;longue reposent robe soient
Ezechiel 28:12;SKN;62-0311;197;7;dhomme etais forme leternel plein roi sagesse
Genese 3:1;SKN;62-0311;197;4;champs leternel ruse serpent
Apocalypse 20:4;SKN;62-0311;197;4;ames jugement navaient vis
Apocalypse 19:11;SKN;62-0311;197;6;blanc cheval combat justice ouvert vis
Luc 21:24;SKN;62-0311;197;4;lepee nations pieds seront
Matthieu 18:10;SKN;62-0311;197;5;anges cieux face prenez voient
Malachie 3:1;SKN;62-0311;197;5;chemin cherchez prenez temple viendra
Esaie 27:12;SKN;62-0311;197;7;arrivera courant disrael fleuve jusquau leternel serez
Esaie 53:12;SKN;62-0311;197;4;ame aura grands plusieurs
Zacharie 11:12;SKN;62-0311;197;4;dargent donnez laissez pieces
Galates 4:27;SKN;62-0311;197;6;cris ecrit joie nes pousse travail
Malachie 4:5;SKN;62-0311;197;5;elie envoie leternel terrible vienne
Joel 2:25;SKN;62-0311;197;4;annees armee milieu qua
Actes 2:24;SKN;62-0311;197;6;ayant delie lequel possible puisquil ressuscite
Josue 10:12;SKN;62-0311;197;4;arrete disrael leternel lune
Apocalypse 6:1;SKN;62-0311;197;4;animaux viens vis voix
Ephesiens 1:13-14;SKN;62-0311;197;4;ayant cru levangile salut
Esaie 9:5;SKN;62-0311;197;4;chausse guerre pature seront
Apocalypse 22:18;SKN;62-0313;14;4;entend paroles quiconque temoignage
Apocalypse 20:4;SKN;62-0313;14;4;image jugement rendu temoignage
Deuteronome 18:15;SKN;62-0318E;1;4;dentre leternel milieu tes
Amos 3:7;SKN;62-0318E;1;5;leternel prophetes revele secret serviteurs
Apocalypse 10:1;SKN;62-0318E;1;6;ange pieds puissant soleil vis visage
Matthieu 1:18;SKN;62-0318E;1;8;enceinte ensemble etant fiancee joseph marie naissance soient
Apocalypse 10:7;SKN;62-0318E;1;6;ange annonce nouvelle prophetes termine voix
Apocalypse 22:18;SKN;62-0318E;1;5;ecrites paroles prophetie quiconque temoignage
Genese 2:7;SKN;62-0318E;1;5;ame leternel poussiere souffla vivante
Apocalypse 10:1-7;SKN;62-0318E;1;6;ange pieds puissant soleil vis visage
Ephesiens 1:5;SKN;62-0318E;1;5;ayant plaisir predestines selon volonte
Apocalypse 22:19;SKN;62-0318E;1;4;cite paroles prophetie sainte
Esaie 28:19;SKN;62-0318E;1;4;den entendre nuit passera
Hebreux 9:11;SKN;62-0318E;1;5;biens creation etant parfait tabernacle
Nombres 12:6;SKN;62-0318E;1;5;connaitre ferai leternel paroles vision
Apocalypse 3:14;SKN;62-0318E;1;7;commencement creation fidele lange laodicee lassemblee veritable
Esaie 14:12;SKN;62-0318E;1;4;abattu cieux nations tombe
Genese 3:16;SKN;62-0318E;1;6;grandes grossesse mari tes tourne travail
Esaie 40:3;SKN;62-0318E;1;7;chemin crie desert leternel route sterile voix
Luc 16:16;SKN;62-0318E;1;5;annonce loi lors prophetes royaume
Esaie 32:2;SKN;62-0318E;1;6;aura deau lombre rocher sec vent
Ephesiens 1:13;SKN;62-0318E;1;5;auquel ayant cru levangile salut
Galates 3:16;SKN;62-0318E;1;5;parlant plusieurs promesses semence semences
Genese 3:8;SKN;62-0318E;1;4;arbres leternel milieu voix
Esaie 61:1;SKN;62-0318E;1;4;bonnes envoye leternel oint
Actes 15:14;SKN;62-0318E;1;4;nations premierement raconte tirer
Apocalypse 19:21;SKN;62-0318E;1;6;bouche chair furent fut sortait tue
Ephesiens 2:12;SKN;62-0318E;1;5;cite droit etant etiez israel
Zacharie 14:7;SKN;62-0318E;1;4;aura connu leternel nuit
Exode 13:21;SKN;62-0318E;1;7;allait chemin colonne conduire leternel marchent nuit
Daniel 7:9;SKN;62-0318E;1;7;blanc cheveux furent lancien pure vetement vis
Matthieu 11:10;SKN;62-0318E;1;6;chemin ecrit face jenvoie lequel messager
Apocalypse 6:6;SKN;62-0318E;1;5;animaux lhuile mesure milieu voix
Apocalypse 6:11;SKN;62-0318E;1;4;devaient fut robe soient
Apocalypse 21:19;SKN;62-0318E;1;5;cite precieuse premier second troisieme
Jean 12:24;SKN;62-0318E;1;4;ble fruit grain meurt
Ezechiel 28:12;SKN;62-0318E;1;9;accomplie dhomme etais forme leternel perfection plein roi sagesse
Matthieu 19:9;SKN;62-0318E;1;7;adultere commet epouse epousera fornication quiconque repudiee
Genese 3:1;SKN;62-0318E;1;5;animal arbre leternel ruse serpent
Apocalypse 20:4;SKN;62-0318E;1;8;bete fut image jugement navaient rendu temoignage vis
Matthieu 19:28;SKN;62-0318E;1;5;disrael douze serez suivi trone
Apocalypse 19:11;SKN;62-0318E;1;7;appele blanc fidele juge ouvert veritable vis
Luc 21:24;SKN;62-0318E;1;4;jerusalem nations pieds seront
Apocalypse 2:20;SKN;62-0318E;1;4;commettre enseigne fornication manger
Genese 22:16;SKN;62-0318E;1;4;leternel nas refuse unique
Matthieu 18:10;SKN;62-0318E;1;5;anges cieux face prenez voient
Esaie 27:12;SKN;62-0318E;1;6;arrivera courant disrael jusquau leternel serez
Apocalypse 16:13;SKN;62-0318E;1;5;bete bouche esprits faux vis
Esaie 50:6;SKN;62-0318E;1;4;dos face joues nai
Esaie 53:9;SKN;62-0318E;1;4;aucune bouche navait riche
Esaie 53:12;SKN;62-0318E;1;5;ame aura compte grands plusieurs
Apocalypse 1:1;SKN;62-0318E;1;6;ange arriver bientot doivent donnee montrer
Apocalypse 6:3;SKN;62-0318E;1;4;animal sceau second viens
Galates 4:27;SKN;62-0318E;1;8;cris eclate ecrit joie nes pousse sterile travail
Hebreux 9:11-14;SKN;62-0318E;1;5;biens creation etant parfait tabernacle
Genese 6:4;SKN;62-0318E;1;4;filles furent quelles venus
Hebreux 12:25;SKN;62-0318E;1;5;cieux echappe nont parlait prenez
Apocalypse 6:12;SKN;62-0318E;1;4;sac sceau soleil vis
Luc 1:17;SKN;62-0318E;1;5;delie justes pensee preparer retourner
Josue 10:12;SKN;62-0318E;1;5;arrete disrael josue leternel soleil
Marc 13:27;SKN;62-0318E;1;5;anges bout elus jusquau vents
Psaumes 42:7;SKN;62-0318E;1;4;appelle tes vagues voix
Nombres 19:9;SKN;62-0318E;1;5;camp disrael hors lassemblee pur
Colossiens 1:15;SKN;62-0318E;1;4;creation image invisible premier
Apocalypse 6:1;SKN;62-0318E;1;6;animaux lagneau sept viens vis voix
Ephesiens 1:13-14;SKN;62-0318E;1;5;auquel ayant cru levangile salut
Hebreux 4:14;SKN;62-0318E;1;4;ayant cieux ferme tenons
Deuteronome 18:15;SKN;62-0318M;28;4;dentre leternel milieu tes
Apocalypse 10:1;SKN;62-0318M;28;4;ange pieds puissant vis
Matthieu 1:18;SKN;62-0318M;28;6;arriva ensemble etant joseph naissance soient
Apocalypse 10:7;SKN;62-0318M;28;6;ange annonce nouvelle prophetes termine voix
Apocalypse 22:18;SKN;62-0318M;28;8;ajoute ajoutera ecrites entend paroles prophetie quiconque temoignage
Apocalypse 10:1-7;SKN;62-0318M;28;4;ange pieds puissant vis
Ephesiens 1:5;SKN;62-0318M;28;5;ayant plaisir predestines selon volonte
Apocalypse 13:8;SKN;62-0318M;28;5;ecrit fondation immole lagneau rendront
Hebreux 13:10;SKN;62-0318M;28;4;droit manger nont servent
Apocalypse 22:19;SKN;62-0318M;28;5;larbre ote paroles prophetie sainte
Esaie 28:19;SKN;62-0318M;28;4;den entendre nuit passera
Hebreux 9:11;SKN;62-0318M;28;4;creation etant parfait souverain
Apocalypse 17:8;SKN;62-0318M;28;7;bete fondation labime monter noms voyant vue
Nombres 12:6;SKN;62-0318M;28;5;connaitre ferai leternel paroles vision
Apocalypse 3:14;SKN;62-0318M;28;6;commencement creation fidele lange lassemblee veritable
Esaie 14:12;SKN;62-0318M;28;4;brillant cieux nations tombe
Apocalypse 13:14;SKN;62-0318M;28;4;bete fut image miracles
Genese 3:16;SKN;62-0318M;28;5;grandes mari souffrances tes tourne
Esaie 40:3;SKN;62-0318M;28;5;chemin desert leternel route voix
Apocalypse 17:15;SKN;62-0318M;28;4;eaux langues nations prostituee
Luc 16:16;SKN;62-0318M;28;4;annonce loi prophetes royaume
Ephesiens 1:13;SKN;62-0318M;28;4;ayant cru levangile salut
Genese 3:8;SKN;62-0318M;28;5;arbres jardin leternel milieu voix
Esaie 61:1;SKN;62-0318M;28;6;apporter bonnes brise envoye leternel oint
Apocalypse 19:21;SKN;62-0318M;28;6;bouche chair cheval fut oiseaux tue
Ephesiens 2:12;SKN;62-0318M;28;4;droit etant etiez israel
Apocalypse 17:17;SKN;62-0318M;28;6;bete donner paroles pensee royaume soient
Exode 13:21;SKN;62-0318M;28;4;allait chemin leternel nuit
Daniel 7:9;SKN;62-0318M;28;4;blanc cheveux lancien vis
Esaie 28:18;SKN;62-0318M;28;4;alliance passera serez subsistera
Matthieu 11:10;SKN;62-0318M;28;6;chemin ecrit face jenvoie lequel messager
Apocalypse 6:6;SKN;62-0318M;28;5;animaux lhuile mesure milieu voix
Apocalypse 17:3;SKN;62-0318M;28;6;ayant bete desert noms pleine vis
Jean 12:24;SKN;62-0318M;28;4;ble fruit grain meurt
Ezechiel 28:12;SKN;62-0318M;28;8;accomplie dhomme eleve forme leternel plein roi sagesse
Genese 3:1;SKN;62-0318M;28;4;animal jardin leternel serpent
Apocalypse 20:4;SKN;62-0318M;28;8;bete fut image jugement navaient rendu temoignage vis
Matthieu 19:28;SKN;62-0318M;28;5;douze mavez serez tribus trone
Apocalypse 19:11;SKN;62-0318M;28;9;appele blanc cheval fidele juge justice ouvert veritable vis
Apocalypse 22:8;SKN;62-0318M;28;5;jeus lange montrait pieds rendre
Luc 21:24;SKN;62-0318M;28;5;foulee jerusalem nations pieds seront
Deuteronome 18:22;SKN;62-0318M;28;4;dite leternel naura peur
Matthieu 18:10;SKN;62-0318M;28;7;anges cieux continuellement face garde prenez voient
Malachie 3:1;SKN;62-0318M;28;9;chemin cherchez jenvoie lange messager plaisir prenez temple viendra
Esaie 27:12;SKN;62-0318M;28;5;arrivera courant jusquau leternel serez
Apocalypse 16:13;SKN;62-0318M;28;5;bete bouche esprits faux vis
Esaie 50:6;SKN;62-0318M;28;5;cache dos face lopprobre nai
Esaie 53:9;SKN;62-0318M;28;5;aucune bouche donna navait riche
Esaie 53:12;SKN;62-0318M;28;4;aura compte grands plusieurs
Apocalypse 1:1;SKN;62-0318M;28;7;ange arriver bientot doivent donnee montrer revelation
Galates 4:27;SKN;62-0318M;28;6;cris eclate ecrit joie nes pousse
Matthieu 11:25;SKN;62-0318M;28;4;cache intelligents repondit sages
Hebreux 9:11-14;SKN;62-0318M;28;4;creation etant parfait souverain
Hebreux 12:25;SKN;62-0318M;28;5;cieux garde nont parlait prenez
Hebreux 6:1;SKN;62-0318M;28;8;avancons commencement dhommes faits fondement letat mortes repentance
Luc 1:17;SKN;62-0318M;28;4;ira pensee peres preparer
Luc 10:1;SKN;62-0318M;28;4;devait face lieux villes
Daniel 12:3;SKN;62-0318M;28;4;enseigne justice letendue sages
Marc 13:27;SKN;62-0318M;28;4;anges bout elus jusquau
Apocalypse 6:1;SKN;62-0318M;28;5;animaux lagneau viens vis voix
Ephesiens 1:13-14;SKN;62-0318M;28;4;ayant cru levangile salut
Hebreux 4:14;SKN;62-0318M;28;4;ayant cieux souverain tenons
Genese 14:18;SKN;62-0318M;28;4;apporter fit pain roi
Jean 3:14;SKN;62-0319;72;4;desert eleva eleve serpent
Apocalypse 13:8;SKN;62-0401;321;4;ecrit fondation immole lagneau
Matthieu 11:10;SKN;62-0407;43;4;chemin face jenvoie messager
Hebreux 3:1;SKN;62-0408;79;4;celeste confession sacrificateur souverain
Esaie 9:6;SKN;62-0408;85;4;conseiller merveilleux paix prince
Joel 2:25;SKN;62-0422;45;4;annees armee envoyee sauterelle
Matthieu 18:10;SKN;62-0422;130;5;anges cieux continuellement face voient
Genese 14:18;SKN;62-0506;111;4;pain roi salem vin
Galates 3:29;SKN;62-0506;112;4;dabraham heritiers selon semence
Matthieu 16:18;SKN;62-0518;68;4;batirai portes prevaudront roc
Hebreux 6:4;SKN;62-0518;104;4;celeste don eclaires goute
Jean 14:7;SKN;62-0518;111;4;auriez connaissez connu maviez
Jean 15:7;SKN;62-0518;122;4;demeurent demeurez paroles voudrez
Matthieu 16:18;SKN;62-0519;38;4;batirai portes prevaudront roc
Genese 4:1;SKN;62-0527;49;5;cain concut connut enfanta eve
Genese 4:1;SKN;62-0527;63;4;cain concut connut eve
Genese 4:1;SKN;62-0527;64;6;acquis cain concut connut enfanta leternel
Matthieu 11:10;SKN;62-0527;171;4;chemin jenvoie messager preparera
Daniel 12:3;SKN;62-0527;247;5;brilleront etoiles justice multitude perpetuite
Genese 6:4;SKN;62-0531;132;5;eurent filles furent geants venus
Genese 6:4;SKN;62-0531;133;4;furent geants renom venus
Matthieu 1:18;SKN;62-0601;222;4;joseph marie naissance soient
Matthieu 18:10;SKN;62-0603;23;6;anges cieux continuellement face mepriser voient
Esaie 9:6;SKN;62-0603;30;4;epaule fort merveilleux prince
Hebreux 4:12;SKN;62-0603;30;4;discerne epee tranchants vivante
Genese 1:26;SKN;62-0603;30;7;animal cieux faisons image mer poissons selon
Actes 2:4;SKN;62-0603;30;4;donnait langues remplis selon
Apocalypse 10:1;SKN;62-0603;30;5;ange pieds soleil vis visage
Hebreux 3:1;SKN;62-0603;30;5;celeste confession sacrificateur saints souverain
Apocalypse 10:7;SKN;62-0603;30;4;ange annonce nouvelle prophetes
Apocalypse 22:18;SKN;62-0603;30;7;ajoute paroles plaies prophetie quiconque rends temoignage
Apocalypse 10:1-7;SKN;62-0603;30;5;ange pieds soleil vis visage
Ephesiens 1:5;SKN;62-0603;30;4;ayant plaisir selon volonte
Hebreux 13:10;SKN;62-0603;30;5;autel droit manger servent tabernacle
Hebreux 9:11;SKN;62-0603;30;6;creation etant parfait sacrificateur souverain tabernacle
Genese 1:11;SKN;62-0603;30;8;ayant espece fruit plante portant produise selon semence
Apocalypse 3:14;SKN;62-0603;30;5;commencement creation laodicee temoin veritable
Esaie 14:12;SKN;62-0603;30;4;brillant cieux nations tombe
Apocalypse 13:14;SKN;62-0603;30;5;fut image miracles plaie repris
Genese 3:16;SKN;62-0603;30;6;desir dominera grandes mari tes travail
Esaie 40:3;SKN;62-0603;30;4;chemin crie desert route
Luc 16:16;SKN;62-0603;30;6;annonce loi lors prophetes royaume use
Ephesiens 1:13;SKN;62-0603;30;4;ayant cru espere salut
Galates 3:16;SKN;62-0603;30;4;parlant plusieurs semence semences
Genese 3:8;SKN;62-0603;30;4;arbres frais jardin milieu
Esaie 61:1;SKN;62-0603;30;6;apporter bonnes brise envoye nouvelles oint
Actes 15:14;SKN;62-0603;30;4;nations raconte tirer visite
Apocalypse 19:21;SKN;62-0603;30;4;bouche chair cheval fut
Ephesiens 2:12;SKN;62-0603;30;6;cite droit etant etiez etrangers israel
Exode 13:21;SKN;62-0603;30;4;allait chemin colonne nuit
Apocalypse 6:11;SKN;62-0603;30;4;complet fut robe soient
Jean 12:24;SKN;62-0603;30;4;ble fruit grain meure
Ezechiel 28:12;SKN;62-0603;30;5;eleve etais forme plein roi
Genese 3:1;SKN;62-0603;30;5;animal arbre jardin mangerez serpent
Apocalypse 20:4;SKN;62-0603;30;7;ames fut image jugement rendu temoignage vis
Apocalypse 19:11;SKN;62-0603;30;8;appele cheval combat juge justice ouvert veritable vis
Luc 21:24;SKN;62-0603;30;5;jerusalem nations pieds seront tomberont
Apocalypse 2:20;SKN;62-0603;30;5;commettre egare idoles laisses manger
Matthieu 18:10;SKN;62-0603;30;6;anges cieux face garde prenez voient
Apocalypse 16:13;SKN;62-0603;30;4;bouche esprits faux vis
Esaie 53:12;SKN;62-0603;30;6;ame aura compte forts grands plusieurs
Apocalypse 1:1;SKN;62-0603;30;6;ange arriver bientot doivent donnee montrer
Galates 4:27;SKN;62-0603;30;4;joie nes pousse travail
Luc 7:36;SKN;62-0603;30;4;manger pharisien pharisiens table
Hebreux 9:11-14;SKN;62-0603;30;6;creation etant parfait sacrificateur souverain tabernacle
Genese 1:28;SKN;62-0603;30;4;cieux mer poissons vivant
Hebreux 12:25;SKN;62-0603;30;4;cieux garde parlait prenez
Apocalypse 6:12;SKN;62-0603;30;4;noir sixieme soleil vis
Actes 2:24;SKN;62-0603;30;4;ayant douleurs lequel ressuscite
Luc 1:17;SKN;62-0603;30;6;ira justes pensee peres preparer retourner
Luc 10:1;SKN;62-0603;30;4;devait envoya face lieux
Psaumes 42:7;SKN;62-0603;30;4;appelle flots tes vagues
Apocalypse 6:1;SKN;62-0603;30;5;animaux sept tonnerre viens vis
Ephesiens 1:13-14;SKN;62-0603;30;4;ayant cru espere salut
Hebreux 4:14;SKN;62-0603;30;7;ayant cieux confession ferme sacrificateur souverain tenons
Genese 14:18;SKN;62-0603;30;5;apporter pain roi sacrificateur vin
Apocalypse 1:20;SKN;62-0603;30;4;anges droite etoiles sept
Jean 15:7;SKN;62-0609E;35;4;demeurent demeurez paroles voudrez
Esaie 40:3;SKN;62-0610E;73;7;aplanissez chemin crie desert leternel preparez voix
Hebreux 4:12;SKN;62-0612;94;5;discerne epee jointures moelles tranchants
Jean 5:39;SKN;62-0620;42;4;eternelle rendent sondez temoignage
Jean 5:7;SKN;62-0620;50;4;descend leau nai viens
Actes 2:4;SKN;62-0621B;68;5;dautres donnait langues remplis selon
Actes 2:4;SKN;62-0621E;56;6;dautres donnait furent langues remplis selon
Hebreux 4:12;SKN;62-0621E;74;4;epee jointures moelles tranchants
Jean 15:7;SKN;62-0621E;75;4;demeurent demeurez paroles voudrez
Genese 1:11;SKN;62-0622B;9;4;espece plante selon semence
Jeremie 8:22;SKN;62-0622E;15;4;baume fille galaad medecin
Amos 3:7;SKN;62-0622E;26;4;leternel prophetes revele secret
Jeremie 8:22;SKN;62-0622E;51;4;baume fille galaad medecin
Actes 2:4;SKN;62-0622E;59;6;dautres donnait furent langues remplis selon
Jeremie 8:22;SKN;62-0622E;64;4;baume fille galaad medecin
Nombres 12:6;SKN;62-0623;113;4;connaitre ferai leternel parlerai
Matthieu 1:23;SKN;62-0624;27;4;appellera emmanuel enfantera vierge
Jean 12:20;SKN;62-0627;25;4;adorer fete grecs montes
Hebreux 3:1;SKN;62-0627;33;4;celeste confession sacrificateur souverain
Jean 5:39;SKN;62-0627;52;4;eternelle rendent sondez temoignage
Luc 7:36;SKN;62-0630E;27;5;manger mit pharisien pria table
Hebreux 4:12;SKN;62-0701;149;4;epee moelles penetrante tranchants
Jean 5:39;SKN;62-0707;75;4;eternelle rendent sondez temoignage
Hebreux 4:12;SKN;62-0707;196;4;discerne epee penetrante tranchants
Ephesiens 1:5;SKN;62-0711;35;4;ayant plaisir selon volonte
Jean 12:20;SKN;62-0712;25;4;adorer fete grecs montes
Jean 5:39;SKN;62-0712;45;4;eternelle rendent sondez temoignage
Jean 5:39;SKN;62-0712;46;4;eternelle rendent sondez temoignage
Nombres 12:6;SKN;62-0712;56;4;connaitre ferai leternel parlerai
Jean 5:7;SKN;62-0713;211;4;descend malade nai viens
Hebreux 3:1;SKN;62-0713;211;4;celeste confession sacrificateur souverain
Apocalypse 1:1;SKN;62-0713;211;5;arriver bientot doivent esclave esclaves
Hebreux 4:14;SKN;62-0713;211;4;confession sacrificateur souverain tenons
Jean 5:39;SKN;62-0714;87;4;eternelle rendent sondez temoignage
Jean 5:39;SKN;62-0714;90;4;eternelle rendent sondez temoignage
Jean 15:7;SKN;62-0714;93;4;demeurent demeurez paroles voudrez
Apocalypse 22:18;SKN;62-0714;118;4;ajoute ajoutera paroles quiconque
Hebreux 11:1;SKN;62-0719E;56;4;celles espere lassurance voit
Jean 5:39;SKN;62-0721;22;4;eternelle rendent sondez temoignage
Jean 14:9;SKN;62-0722;21;4;connu mas montre philippe
Jean 14:9;SKN;62-0722;24;4;connu mas montre philippe
Jean 5:39;SKN;62-0724;60;4;eternelle rendent sondez temoignage
Hebreux 4:12;SKN;62-0724;67;6;discerne epee jointures moelles penetrante tranchants
Hebreux 4:12;SKN;62-0724;89;4;discerne epee penetrante tranchants
Galates 3:29;SKN;62-0727;1;4;dabraham heritiers selon semence
Jean 12:20;SKN;62-0727;24;4;adorer fete grecs montes
Jean 5:39;SKN;62-0727;32;4;eternelle rendent sondez temoignage
Deuteronome 18:15;SKN;62-0727;37;4;dentre leternel suscitera tes
Matthieu 11:10;SKN;62-0727;43;4;chemin face jenvoie messager
Jean 14:7;SKN;62-0728;81;4;auriez connu lavez maviez
Daniel 12:3;SKN;62-0909M;18;5;brilleront enseigne etoiles justice multitude
Actes 2:4;SKN;62-0909M;26;4;furent langues remplis selon
Apocalypse 10:1;SKN;62-0909M;26;4;ange pieds puissant visage
Hebreux 3:1;SKN;62-0909M;26;4;celeste considerez sacrificateur souverain
Apocalypse 10:7;SKN;62-0909M;26;6;ange nouvelle prophetes septieme termine voix
Genese 2:7;SKN;62-0909M;26;4;ame narines poussiere sol
Apocalypse 10:1-7;SKN;62-0909M;26;4;ange pieds puissant visage
Hebreux 9:11;SKN;62-0909M;26;5;creation etant parfait sacrificateur souverain
Apocalypse 3:14;SKN;62-0909M;26;6;commencement creation fidele laodicee temoin veritable
Apocalypse 19:21;SKN;62-0909M;26;4;bouche cheval furent fut
Daniel 7:9;SKN;62-0909M;26;5;blanc cheveux furent neige places
Matthieu 11:10;SKN;62-0909M;26;4;ecrit face lequel messager
Apocalypse 6:6;SKN;62-0909M;26;4;animaux mesure milieu voix
Ezechiel 28:12;SKN;62-0909M;26;5;eleve etais forme perfection plein
Apocalypse 19:11;SKN;62-0909M;26;4;blanc cheval fidele veritable
Matthieu 18:10;SKN;62-0909M;26;4;cieux face garde prenez
Esaie 53:12;SKN;62-0909M;26;5;ame aura compte grands plusieurs
Apocalypse 1:1;SKN;62-0909M;26;6;ange arriver bientot doivent montrer revelation
Matthieu 24:7;SKN;62-0909M;26;4;aura lieux nation royaume
Hebreux 9:11-14;SKN;62-0909M;26;5;creation etant parfait sacrificateur souverain
Hebreux 12:25;SKN;62-0909M;26;4;cieux garde parlait prenez
Apocalypse 6:1;SKN;62-0909M;26;4;animaux sept viens voix
Matthieu 18:10;SKN;62-1013;104;5;anges cieux continuellement face voient
Genese 2:7;SKN;62-1104M;161;5;ame devint narines souffla vivante
Genese 2:7;SKN;62-1104M;162;4;ame narines souffla vivante
Jeremie 8:22;SKN;62-1123;33;4;baume fille galaad medecin
Nombres 12:6;SKN;62-1125E;58;4;connaitre ferai leternel parlerai
Genese 3:16;SKN;62-1216;11;4;desir grandes mari tes
Hebreux 3:1;SKN;62-1216;59;4;celeste considerez participants saints
Apocalypse 10:7;SKN;62-1216;59;5;ange annonce nouvelle prophetes voix
Apocalypse 22:18;SKN;62-1216;59;4;ajoutera prophetie quiconque rends
Hebreux 6:4;SKN;62-1216;59;4;celeste devenus don participants
Apocalypse 19:21;SKN;62-1216;59;4;chair furent fut tue
Ephesiens 2:12;SKN;62-1216;59;4;alliances droit etant etiez
Daniel 7:9;SKN;62-1216;59;5;cheveux furent neige places pure
Ephesiens 1:20;SKN;62-1216;59;4;asseoir celestes droite lieux
Ezechiel 28:12;SKN;62-1216;59;5;eleve etais forme plein roi
Apocalypse 20:4;SKN;62-1216;59;4;fut image jugement rendu
Apocalypse 19:11;SKN;62-1216;59;4;fidele juge justice veritable
Luc 21:24;SKN;62-1216;59;4;jerusalem nations pieds seront
Esaie 53:12;SKN;62-1216;59;5;ame aura compte forts grands
Zacharie 11:12;SKN;62-1216;59;4;donnez laissez pieces sinon
Apocalypse 1:1;SKN;62-1216;59;6;ange arriver bientot doivent donnee montrer
Matthieu 24:7;SKN;62-1216;59;4;aura lieux nation royaume
Luc 7:36;SKN;62-1216;59;4;manger mit pharisiens table
Genese 6:4;SKN;62-1216;59;5;filles furent geants jadis venus
Hebreux 6:1;SKN;62-1216;59;4;commencement fondement mortes posant
Luc 1:17;SKN;62-1216;59;4;justes pensee preparer retourner
Apocalypse 1:20;SKN;62-1216;59;4;anges droite etoiles lampes
Apocalypse 10:1;SKN;62-1230E;22;9;ange colonnes larc nuee pieds puissant soleil vis visage
Apocalypse 10:7;SKN;62-1230E;22;8;ange annonce mystere prophetes quaux septieme trompette voix
Apocalypse 10:1-7;SKN;62-1230E;22;9;ange colonnes larc nuee pieds puissant soleil vis visage
Apocalypse 6:1;SKN;62-1230E;22;4;jentendis sept vis voix
Apocalypse 10:7;SKN;62-1230E;111;8;ange annonce mystere prophetes quaux septieme trompette voix
Apocalypse 10:7;SKN;62-1230E;113;6;ange mystere quaux septieme trompette voix
Apocalypse 10:7;SKN;62-1230E;138;4;ange mystere septieme trompette
Apocalypse 10:7;SKN;62-1230E;145;6;ange mystere quaux septieme trompette voix
Apocalypse 10:7;SKN;62-1230E;149;4;ange mystere septieme termine
Apocalypse 10:7;SKN;62-1230E;153;4;ange quaux termine trompette
Apocalypse 10:7;SKN;62-1230E;155;4;ange mystere septieme voix
Apocalypse 10:1;SKN;62-1230E;156;9;ange colonnes larc nuee pieds puissant soleil vis visage
Apocalypse 10:1-7;SKN;62-1230E;156;9;ange colonnes larc nuee pieds puissant soleil vis visage
Apocalypse 6:1;SKN;62-1230E;156;4;jentendis sept vis voix
Apocalypse 10:7;SKN;62-1230E;159;9;ange annonce mystere prophetes quaux septieme termine trompette voix
Apocalypse 10:7;SKN;62-1230E;160;5;ange prophetes septieme sonner trompette
Apocalypse 10:7;SKN;62-1230E;163;5;mystere sonner termine trompette voix
Apocalypse 6:1;SKN;62-1230E;190;4;sceaux sept tonnerre voix
Jean 15:7;SKN;62-1230M;117;4;demeurent demeurez paroles voudrez
Apocalypse 10:1;SKN;63-0112;51;4;colonnes pieds puissant vis
Apocalypse 10:1-7;SKN;63-0112;51;4;colonnes pieds puissant vis
Jean 15:7;SKN;63-0113M;50;4;demanderez demeurent demeurez paroles
Jean 5:39;SKN;63-0116;239;4;eternelle rendent sondez temoignage
Jean 5:39;SKN;63-0117;145;4;eternelle rendent sondez temoignage
Amos 3:7;SKN;63-0119;43;4;prophetes revele secret serviteurs
Jean 12:24;SKN;63-0120E;131;4;ble demeure grain meurt
Jean 5:39;SKN;63-0121;54;4;eternelle rendent sondez temoignage
Jean 5:39;SKN;63-0122;49;4;eternelle rendent sondez temoignage
Matthieu 11:10;SKN;63-0127;80;4;chemin face messager preparera
Apocalypse 3:14;SKN;63-0223;66;9;commencement creation ecris fidele lamen lange laodicee temoin veritable
Apocalypse 3:21;SKN;63-0223;66;4;sasseoir trone vaincra vaincu
Psaumes 16:10;SKN;63-0304;5;5;ame corruption nabandonneras permettras voie
Apocalypse 6:1;SKN;63-0317E;26;4;sceaux sept vis voix
Matthieu 19:28;SKN;63-0317M;79;4;disrael douze tribus trone
Matthieu 11:25;SKN;63-0317M;110;5;cache intelligents loue revelees sages
Jean 15:7;SKN;63-0317M;240;4;demeurent demeurez paroles voudrez
Matthieu 11:10;SKN;63-0317M;315;4;chemin face messager preparera
Jean 15:7;SKN;63-0317M;415;4;demeurent demeurez paroles voudrez
Jean 15:7;SKN;63-0317M;424;4;demeurent demeurez paroles voudrez
Apocalypse 13:8;SKN;63-0318;33;4;ecrit fondation immole lagneau
Apocalypse 6:1;SKN;63-0318;40;8;jentendis lagneau ouvrit sceaux sept tonnerre viens voix
Apocalypse 6:1;SKN;63-0318;139;7;jentendis lagneau ouvrit sceaux sept tonnerre voix
Apocalypse 6:1;SKN;63-0318;160;5;sceaux sept tonnerre viens voix
Apocalypse 10:1;SKN;63-0318;196;9;ange colonnes larc nuee pieds puissant soleil vis visage
Apocalypse 10:1-7;SKN;63-0318;196;9;ange colonnes larc nuee pieds puissant soleil vis visage
Apocalypse 6:1;SKN;63-0318;198;4;jentendis sceaux sept voix
Apocalypse 6:1;SKN;63-0318;260;6;jentendis lagneau sceaux tonnerre viens voix
Apocalypse 6:3;SKN;63-0319;25;5;jentendis ouvrit sceau second viens
Amos 3:7;SKN;63-0319;39;4;leternel prophetes revele serviteurs
Apocalypse 17:15;SKN;63-0319;297;8;assise eaux foules langues nations peuples prostituee vues
Apocalypse 17:3;SKN;63-0319;300;11;assise ayant bete blaspheme desert ecarlate noms pleine sept tetes vis
Matthieu 19:9;SKN;63-0319;302;4;adultere commet epouse fornication
Apocalypse 17:8;SKN;63-0319;306;6;bete fondation labime monter perdition vue
Apocalypse 17:15;SKN;63-0319;313;8;assise eaux foules langues nations peuples prostituee vues
Apocalypse 19:21;SKN;63-0319;325;5;bouche cheval lepee sortait tue
Apocalypse 6:6;SKN;63-0320;22;8;denier dorge jentendis lhuile mesure mesures milieu voix
Apocalypse 6:3;SKN;63-0320;22;4;jentendis ouvrit sceau viens
Apocalypse 6:1;SKN;63-0320;22;4;jentendis ouvrit viens voix
Jean 15:7;SKN;63-0320;88;4;demeurent demeurez paroles voudrez
Apocalypse 6:6;SKN;63-0320;249;8;denier dorge jentendis lhuile mesure mesures milieu voix
Apocalypse 6:3;SKN;63-0320;249;4;jentendis ouvrit sceau viens
Apocalypse 6:1;SKN;63-0320;249;4;jentendis ouvrit viens voix
Apocalypse 6:6;SKN;63-0320;258;7;denier dorge lhuile mesure mesures milieu voix
Apocalypse 6:6;SKN;63-0320;298;4;denier dorge mesure mesures
Apocalypse 6:6;SKN;63-0320;299;4;denier dorge mesure mesures
Apocalypse 6:6;SKN;63-0320;334;5;denier dorge lhuile mesure mesures
Apocalypse 6:6;SKN;63-0320;338;5;denier dorge lhuile mesure milieu
Apocalypse 6:3;SKN;63-0321;19;4;jentendis ouvrit sceau viens
Apocalypse 6:1;SKN;63-0321;19;4;jentendis ouvrit viens voix
Apocalypse 6:3;SKN;63-0321;104;4;jentendis ouvrit sceau viens
Apocalypse 6:1;SKN;63-0321;104;4;jentendis ouvrit viens voix
Apocalypse 17:3;SKN;63-0321;168;6;bete blaspheme noms sept tetes vis
Apocalypse 13:6;SKN;63-0321;173;4;blasphemer blasphemes bouche ouvrit
Apocalypse 13:8;SKN;63-0321;178;4;ecrit fondation immole lagneau
Apocalypse 2:20;SKN;63-0321;232;4;fornication idoles prophetesse sacrifiees
Apocalypse 6:11;SKN;63-0322;39;6;blanche compagnons complet devaient fut robe
Apocalypse 20:4;SKN;63-0322;39;5;ames fut rendu temoignage vis
Apocalypse 20:4;SKN;63-0322;68;4;ames rendu temoignage vis
Apocalypse 6:3;SKN;63-0322;70;5;jentendis ouvrit sceau second viens
Apocalypse 6:1;SKN;63-0322;70;5;jentendis ouvrit sceaux viens voix
Matthieu 19:28;SKN;63-0322;74;4;disrael douze suivi tribus
Apocalypse 6:6;SKN;63-0322;153;4;denier dorge mesure mesures
Apocalypse 20:4;SKN;63-0322;216;4;ames rendu temoignage vis
Apocalypse 6:11;SKN;63-0322;217;6;blanche compagnons complet devaient fut robe
Apocalypse 6:11;SKN;63-0322;273;5;blanche compagnons complet fut robe
Apocalypse 6:12;SKN;63-0323;112;8;devint noir ouvrit sac sceau sixieme soleil tremblement
Apocalypse 6:12;SKN;63-0323;121;4;ouvrit sceau sixieme tremblement
Apocalypse 20:4;SKN;63-0323;177;5;ames fut rendu temoignage vis
Apocalypse 6:12;SKN;63-0323;183;8;devint noir ouvrit sac sceau sixieme soleil tremblement
Deuteronome 18:15;SKN;63-0323;231;4;lecouterez leternel milieu suscitera
Apocalypse 6:12;SKN;63-0323;270;4;devint noir sac soleil
Apocalypse 6:12;SKN;63-0323;273;5;devint lorsquil noir sac soleil
Apocalypse 19:21;SKN;63-0323;286;4;bouche lepee sortait tue
Apocalypse 6:12;SKN;63-0323;313;8;devint noir ouvrit sac sceau sixieme soleil tremblement
Marc 13:27;SKN;63-0323;424;4;anges elus enverra vents
Apocalypse 13:8;SKN;63-0323;431;4;ecrit fondation immole lagneau
Nombres 12:6;SKN;63-0324E;94;6;connaitre ferai leternel parlerai songe vision
Apocalypse 6:12;SKN;63-0324E;128;4;sceau sixieme soleil vis
Marc 13:27;SKN;63-0324E;153;4;anges elus enverra vents
Apocalypse 6:1;SKN;63-0324E;266;6;jentendis lagneau sept tonnerre viens voix
Apocalypse 6:1;SKN;63-0324E;307;4;sceaux sept tonnerre voix
Matthieu 1:23;SKN;63-0324M;167;6;appellera emmanuel enceinte enfantera interprete vierge
Apocalypse 13:8;SKN;63-0324M;189;4;ecrit fondation immole lagneau
Matthieu 11:10;SKN;63-0324M;263;4;chemin face messager preparera
Esaie 53:9;SKN;63-0412E;54;7;bouche fraude mechants navait riche sepulcre violence
Matthieu 11:25;SKN;63-0412E;76;4;cache intelligents loue sages
Jean 5:39;SKN;63-0412E;90;4;eternelle rendent sondez temoignage
Matthieu 11:25;SKN;63-0412E;101;4;cache intelligents loue sages
Matthieu 11:25;SKN;63-0412E;186;4;cache intelligents loue sages
Matthieu 11:25;SKN;63-0412E;269;4;cache intelligents loue sages
Jean 15:7;SKN;63-0412M;118;4;demeurent demeurez paroles voudrez
Apocalypse 17:3;SKN;63-0421;14;4;ayant bete sept vis
Apocalypse 10:1;SKN;63-0421;116;5;ange pieds soleil vis visage
Hebreux 3:1;SKN;63-0421;116;4;celeste considerez sacrificateur saints
Genese 2:7;SKN;63-0421;116;4;ame devint poussiere vivante
Apocalypse 10:1-7;SKN;63-0421;116;5;ange pieds soleil vis visage
Nombres 12:6;SKN;63-0421;116;4;connaitre ferai paroles vision
Luc 16:16;SKN;63-0421;116;4;annonce lors prophetes royaume
Ephesiens 2:12;SKN;63-0421;116;5;droit etant etiez etrangers israel
Apocalypse 17:17;SKN;63-0421;116;4;accomplies donner paroles royaume
Apocalypse 17:3;SKN;63-0421;116;4;desert sept tetes vis
Ezechiel 28:12;SKN;63-0421;116;4;accomplie etais forme roi
Apocalypse 19:11;SKN;63-0421;116;7;appele cheval combat fidele juge veritable vis
Matthieu 18:10;SKN;63-0421;116;4;anges cieux continuellement prenez
Malachie 3:1;SKN;63-0421;116;4;chemin prenez temple viendra
Esaie 53:12;SKN;63-0421;116;5;ame aura compte grands plusieurs
Apocalypse 1:1;SKN;63-0421;116;5;ange arriver bientot donnee montrer
Apocalypse 6:12;SKN;63-0421;116;6;devint fit noir sac soleil vis
Apocalypse 6:1;SKN;63-0421;116;4;sept viens vis voix
Genese 14:18;SKN;63-0421;116;4;fit pain roi sacrificateur
Matthieu 11:25;SKN;63-0428;147;4;cache intelligents loue sages
Nombres 12:6;SKN;63-0604;98;4;connaitre ferai leternel parlerai
Jean 5:39;SKN;63-0605;181;4;eternelle rendent sondez temoignage
Genese 1:11;SKN;63-0606;50;4;ayant espece selon semence
Actes 2:4;SKN;63-0608;81;6;dautres donnait furent langues remplis selon
Genese 6:4;SKN;63-0623E;43;6;eurent filles furent geants quelles venus
Genese 6:4;SKN;63-0623E;57;6;eurent filles furent geants quelles venus
Exode 13:21;SKN;63-0623M;57;4;colonne leternel nuee nuit
Jeremie 8:22;SKN;63-0626;54;4;baume fille galaad medecin
Jeremie 8:22;SKN;63-0626;86;4;baume fille galaad medecin
Actes 2:4;SKN;63-0626;167;6;dautres donnait furent langues remplis selon
Nombres 12:6;SKN;63-0627;98;4;connaitre ferai leternel parlerai
Jacques 5:14;SKN;63-0628E;78;4;anciens lassemblee malade prient
Genese 1:26;SKN;63-0628E;78;5;animal cieux image mer selon
Psaumes 103:3;SKN;63-0628E;78;4;guerit infirmites pardonne tes
Deuteronome 18:15;SKN;63-0628E;78;4;dentre leternel milieu tes
Jean 5:7;SKN;63-0628E;78;5;descend leau malade nai viens
Amos 3:7;SKN;63-0628E;78;4;leternel revele secret serviteurs
Hebreux 3:1;SKN;63-0628E;78;6;celeste confession lappel sacrificateur saints souverain
Apocalypse 22:18;SKN;63-0628E;78;5;entend paroles quiconque rends temoignage
Genese 2:7;SKN;63-0628E;78;4;ame leternel poussiere vivante
Apocalypse 13:8;SKN;63-0628E;78;5;ecrit fondation habitent immole lagneau
Hebreux 13:10;SKN;63-0628E;78;4;droit manger nont tabernacle
Apocalypse 22:19;SKN;63-0628E;78;4;ecrits ote paroles sainte
Esaie 28:19;SKN;63-0628E;78;4;den entendre nuit rumeur
Hebreux 9:11;SKN;63-0628E;78;5;etant parfait sacrificateur souverain tabernacle
Apocalypse 17:8;SKN;63-0628E;78;5;ecrits fondation habitent noms voyant
Genese 1:11;SKN;63-0628E;78;4;ayant fruit portant selon
Apocalypse 13:14;SKN;63-0628E;78;5;fut habitent image miracles repris
Genese 3:16;SKN;63-0628E;78;6;desir grandes mari tes tourne travail
Ephesiens 1:13;SKN;63-0628E;78;4;ayant cru levangile salut
Genese 3:8;SKN;63-0628E;78;4;arbres leternel milieu voix
Esaie 61:1;SKN;63-0628E;78;5;envoye leternel nouvelles oint proclamer
Actes 15:14;SKN;63-0628E;78;4;nations premierement raconte tirer
Apocalypse 19:21;SKN;63-0628E;78;5;bouche chair furent fut tue
Apocalypse 17:17;SKN;63-0628E;78;6;accomplies curs paroles pensee royaume soient
Exode 13:21;SKN;63-0628E;78;5;allait chemin colonne leternel nuit
Daniel 7:9;SKN;63-0628E;78;5;cheveux furent neige places vetement
Matthieu 11:10;SKN;63-0628E;78;6;chemin ecrit face jenvoie lequel messager
Apocalypse 6:11;SKN;63-0628E;78;4;devaient fut longue soient
Ephesiens 1:20;SKN;63-0628E;78;4;celestes dentre droite lieux
Apocalypse 17:3;SKN;63-0628E;78;7;assise ayant desert noms pleine sept tetes
Ezechiel 28:12;SKN;63-0628E;78;6;dhomme forme leternel plein roi sagesse
Genese 3:1;SKN;63-0628E;78;4;animal arbre leternel quaucun
Apocalypse 19:11;SKN;63-0628E;78;4;appele fidele ouvert veritable
Matthieu 18:10;SKN;63-0628E;78;5;cieux face garde prenez voient
Malachie 3:1;SKN;63-0628E;78;6;chemin cherchez jenvoie messager prenez temple
Esaie 27:12;SKN;63-0628E;78;5;arrivera disrael fleuve leternel serez
Esaie 50:6;SKN;63-0628E;78;5;cache dos face joues nai
Esaie 53:12;SKN;63-0628E;78;4;ame compte grands plusieurs
Apocalypse 1:1;SKN;63-0628E;78;6;arriver bientot doivent donnee montrer revelation
Galates 4:27;SKN;63-0628E;78;4;ecrit nes pousse travail
Hebreux 9:11-14;SKN;63-0628E;78;5;etant parfait sacrificateur souverain tabernacle
Hebreux 4:15;SKN;63-0628E;78;5;infirmites navons sacrificateur souverain tente
Hebreux 12:25;SKN;63-0628E;78;6;cieux echappe garde nont parlait prenez
Luc 1:17;SKN;63-0628E;78;5;curs delie pensee preparer retourner
Josue 10:12;SKN;63-0628E;78;4;disrael leternel lune soleil
Jean 5:39;SKN;63-0628E;78;4;eternelle rendent sondez temoignage
Ephesiens 1:13-14;SKN;63-0628E;78;4;ayant cru levangile salut
Apocalypse 1:20;SKN;63-0628E;78;4;dor droite mystere sept
Marc 7:7;SKN;63-0707M;290;4;commandements doctrines enseignant vain
Josue 10:12;SKN;63-0714M;242;5;arrete leternel lune parla soleil
Josue 10:12;SKN;63-0714M;243;4;arrete lune parla soleil
Jean 15:7;SKN;63-0714M;289;4;demeurent demeurez paroles voudrez
Jean 5:39;SKN;63-0728;120;4;eternelle rendent sondez temoignage
Ephesiens 1:5;SKN;63-0728;183;5;ayant plaisir predestines selon volonte
Matthieu 11:10;SKN;63-0728;340;4;chemin face jenvoie messager
Jean 14:12;SKN;63-0728;375;4;celles croit men uvres
Genese 1:11;SKN;63-0731;42;4;espece plante selon semence
Jean 15:7;SKN;63-0731;212;4;demeurent demeurez paroles voudrez
Josue 10:12;SKN;63-0801;12;10;amoreens arrete disrael gabaon josue leternel livra lune parla soleil
Josue 10:12;SKN;63-0801;64;4;arrete josue lune soleil
Jean 15:7;SKN;63-0801;172;4;demeurent demeurez paroles voudrez
Josue 10:12;SKN;63-0825E;59;4;arrete leternel lune soleil
Jean 15:7;SKN;63-0825E;93;5;demanderez demeurent demeurez paroles voudrez
Hebreux 4:12;SKN;63-0825E;157;5;discerne epee penetrante tranchants vivante
Hebreux 4:12;SKN;63-0825E;159;7;discerne epee jointures moelles penetrante tranchants vivante
Hebreux 4:12;SKN;63-0825E;163;4;discerne epee tranchants vivante
Hebreux 4:12;SKN;63-0825E;217;4;discerne epee penetrante tranchants
Matthieu 27:51;SKN;63-0825M;57;4;dechira jusquen temple voile
Matthieu 27:51;SKN;63-0825M;58;5;fendirent jusquen rochers trembla voile
Apocalypse 3:21;SKN;63-0825M;153;4;donnerai trone vaincra vaincu
Luc 16:16;SKN;63-0901E;150;5;loi lors prophetes royaume violence
Hebreux 10:26;SKN;63-0901M;227;4;connaissance pechons sacrifice volontairement
Matthieu 11:25;SKN;63-1103;23;5;cache intelligents loue revelees sages
Jean 5:39;SKN;63-1103;135;4;eternelle rendent sondez temoignage
Genese 1:26;SKN;63-1110E;42;6;animal betail cieux mer oiseaux selon
Jean 5:7;SKN;63-1110E;42;5;descend jette malade repondit viens
Actes 2:4;SKN;63-1110E;42;4;donnait furent langues selon
Apocalypse 10:1;SKN;63-1110E;42;6;descendant pieds puissant soleil vis visage
Apocalypse 22:18;SKN;63-1110E;42;4;ajoute paroles quiconque temoignage
Genese 2:7;SKN;63-1110E;42;4;devint poussiere sol souffla
Apocalypse 10:1-7;SKN;63-1110E;42;6;descendant pieds puissant soleil vis visage
Apocalypse 13:8;SKN;63-1110E;42;4;ecrit fondation hommage immole
Hebreux 9:11;SKN;63-1110E;42;5;creation etant sacrificateur souverain tabernacle
Apocalypse 17:8;SKN;63-1110E;42;5;fondation monter noms voyant vue
Genese 1:11;SKN;63-1110E;42;5;ayant espece fruit produise selon
Esaie 14:12;SKN;63-1110E;42;4;abattu cieux nations tombe
Genese 3:16;SKN;63-1110E;42;5;grandes mari souffrances tes travail
Esaie 32:2;SKN;63-1110E;42;4;aura rocher sec vent
Genese 3:8;SKN;63-1110E;42;4;arbres entendirent milieu voix
Apocalypse 19:21;SKN;63-1110E;42;8;bouche chair cheval furent fut oiseaux sortait tue
Ephesiens 2:12;SKN;63-1110E;42;5;droit etant etiez etrangers israel
Apocalypse 17:17;SKN;63-1110E;42;4;accomplies paroles pensee soient
Daniel 7:9;SKN;63-1110E;42;5;cheveux furent neige vetement vis
Matthieu 11:10;SKN;63-1110E;42;4;chemin ecrit face lequel
Ephesiens 1:20;SKN;63-1110E;42;4;asseoir celestes droite lieux
Apocalypse 17:3;SKN;63-1110E;42;7;assise ayant noms pleine sept tetes vis
Jean 12:24;SKN;63-1110E;42;4;demeure fruit meurt tombant
Ezechiel 28:12;SKN;63-1110E;42;6;eleve etais forme perfection plein roi
Apocalypse 19:11;SKN;63-1110E;42;5;appele cheval fidele veritable vis
Luc 21:24;SKN;63-1110E;42;4;jerusalem nations pieds seront
Matthieu 18:10;SKN;63-1110E;42;4;cieux face garde voient
Apocalypse 16:13;SKN;63-1110E;42;4;bouche faux grenouilles vis
Psaumes 41:9;SKN;63-1110E;42;4;ami intime leve pain
Apocalypse 1:1;SKN;63-1110E;42;4;arriver bientot donnee montrer
Galates 4:27;SKN;63-1110E;42;4;cris ecrit pousse travail
Jean 5:14;SKN;63-1110E;42;5;gueri peur pis temple trouva
Hebreux 9:11-14;SKN;63-1110E;42;5;creation etant sacrificateur souverain tabernacle
Joel 2:25;SKN;63-1110E;42;4;annees armee milieu sauterelle
Genese 1:28;SKN;63-1110E;42;4;cieux mer oiseaux vivant
Hebreux 4:15;SKN;63-1110E;42;4;infirmites sacrificateur souverain tente
Apocalypse 6:12;SKN;63-1110E;42;6;devint fit noir sac soleil vis
Luc 1:17;SKN;63-1110E;42;4;ira justes pensee retourner
Josue 10:12;SKN;63-1110E;42;5;arrete josue lune parla soleil
Psaumes 42:7;SKN;63-1110E;42;4;appelle tes vagues voix
Genese 14:18;SKN;63-1110E;42;4;fit pain roi sacrificateur
Matthieu 11:10;SKN;63-1110M;196;4;chemin face messager preparera
Jean 5:39;SKN;63-1112;137;4;eternelle rendent sondez temoignage
Matthieu 11:25;SKN;63-1114;11;4;cache intelligents loue sages
Actes 2:4;SKN;63-1114;194;4;dautres furent langues remplis
Jean 5:39;SKN;63-1124M;62;4;eternelle rendent sondez temoignage
Hebreux 12:25;SKN;63-1127;26;7;cieux detournons echappe echapperons nont oracles refuserent
Jean 5:39;SKN;63-1127;104;4;eternelle rendent sondez temoignage
Ezechiel 28:12;SKN;63-1127;170;4;accomplie dhomme plein roi
Jean 5:39;SKN;63-1128E;31;4;eternelle rendent sondez temoignage
Matthieu 11:10;SKN;63-1129;43;5;chemin face jenvoie messager preparera
Deuteronome 18:15;SKN;63-1129;60;4;dentre leternel milieu tes
Jean 5:7;SKN;63-1129;60;4;descend leau nai viens
Actes 2:4;SKN;63-1129;60;4;dautres furent langues selon
Hebreux 3:1;SKN;63-1129;60;6;celeste confession considerez lappel sacrificateur souverain
Romains 8:11;SKN;63-1129;60;4;dentre habite ressuscite vivifiera
Hebreux 6:4;SKN;63-1129;60;4;celeste devenus don impossible
Apocalypse 22:19;SKN;63-1129;60;4;cite ecrits larbre prophetie
Hebreux 9:11;SKN;63-1129;60;4;etant sacrificateur souverain tabernacle
Apocalypse 17:8;SKN;63-1129;60;5;bete ecrits monter voyant vue
Genese 1:11;SKN;63-1129;60;4;ayant larbre selon semence
Luc 17:28;SKN;63-1129;60;4;arriva buvait lot mangeait
Apocalypse 3:14;SKN;63-1129;60;4;commencement fidele lange lassemblee
Luc 16:16;SKN;63-1129;60;4;annonce loi lors prophetes
Esaie 32:2;SKN;63-1129;60;4;aura deau lombre sec
Ephesiens 1:13;SKN;63-1129;60;4;ayant cru levangile salut
Esaie 61:1;SKN;63-1129;60;4;apporter captifs envoye leternel
Apocalypse 19:21;SKN;63-1129;60;5;chair furent fut lepee tue
Exode 13:21;SKN;63-1129;60;4;allait colonne leternel marchent
Daniel 7:9;SKN;63-1129;60;5;cheveux furent places vetement vis
Matthieu 11:10;SKN;63-1129;60;4;ecrit face lequel messager
Ezechiel 28:12;SKN;63-1129;60;6;accomplie etais forme leternel plein roi
Matthieu 19:28;SKN;63-1129;60;5;disrael mavez serez suivi trone
Luc 21:24;SKN;63-1129;60;5;captifs lepee nations pieds seront
Esaie 27:12;SKN;63-1129;60;6;arrivera disrael fleuve jusquau leternel serez
Esaie 50:6;SKN;63-1129;60;4;cache dos face nai
Esaie 53:9;SKN;63-1129;60;4;aucune fraude mechants navait
Esaie 53:12;SKN;63-1129;60;4;aura compte grands plusieurs
Hebreux 9:11-14;SKN;63-1129;60;4;etant sacrificateur souverain tabernacle
Genese 6:4;SKN;63-1129;60;5;eurent furent jadis quelles venus
Hebreux 12:25;SKN;63-1129;60;4;cieux nont parlait prenez
Apocalypse 6:12;SKN;63-1129;60;4;devint lorsquil soleil vis
Actes 2:24;SKN;63-1129;60;5;ayant lequel possible ressuscite retenu
Josue 10:12;SKN;63-1129;60;5;disrael josue leternel lune soleil
Nombres 19:9;SKN;63-1129;60;4;cendre disrael hors lassemblee
Jean 14:9;SKN;63-1129;60;4;connu mas montre philippe
Ephesiens 1:13-14;SKN;63-1129;60;4;ayant cru levangile salut
Genese 14:18;SKN;63-1129;60;5;apporter pain roi sacrificateur vin
Hebreux 4:12;SKN;63-1130B;120;4;discerne epee tranchants vivante
Actes 2:4;SKN;63-1201M;45;6;dautres donnait furent langues remplis selon
Actes 2:4;SKN;63-1201M;46;5;donnait furent langues remplis selon
Jean 15:7;SKN;63-1201M;96;5;demanderez demeurent demeurez paroles voudrez
Jean 15:7;SKN;63-1201M;127;4;demeurent demeurez paroles voudrez
Jean 3:14;SKN;63-1229E;133;4;desert eleva eleve serpent
Matthieu 27:51;SKN;63-1229E;172;4;dechira rochers temple voile
Jean 14:12;SKN;63-1229M;87;4;celles croit grandes men
Jean 5:39;SKN;63-1229M;128;4;eternelle rendent sondez temoignage
Marc 7:7;SKN;63-1229M;135;5;commandements dhommes enseignant mhonorent vain
Actes 2:4;SKN;63-1229M;243;6;dautres donnait furent langues remplis selon
Genese 14:18;SKN;64-0112;76;5;pain roi sacrificateur salem vin
Jean 5:39;SKN;64-0112;123;4;eternelle rendent sondez temoignage
Jean 5:39;SKN;64-0112;196;4;eternelle rendent sondez temoignage
Galates 3:29;SKN;64-0122;20;4;dabraham heritiers selon semence
Genese 1:11;SKN;64-0122;184;4;espece larbre plante portant
Matthieu 1:23;SKN;64-0205;36;4;appellera emmanuel enfantera vierge
Hebreux 4:12;SKN;64-0205;78;4;discerne epee penetrante tranchants
Apocalypse 17:17;SKN;64-0205;78;4;donner paroles pensee soient
Matthieu 11:10;SKN;64-0205;78;5;chemin ecrit face lequel messager
Apocalypse 6:11;SKN;64-0205;78;4;devaient fut robe soient
Malachie 3:1;SKN;64-0205;78;5;chemin messager plaisir prenez viendra
Hebreux 4:15;SKN;64-0205;78;4;infirmites sacrificateur souverain tente
Actes 2:24;SKN;64-0205;78;4;ayant lequel possible ressuscite
Psaumes 42:7;SKN;64-0205;78;4;abime appelle tes voix
Josue 10:12;SKN;64-0206B;76;10;amoreens arrete disrael gabaon josue leternel livra lune parla soleil
Hebreux 4:12;SKN;64-0206E;149;4;discerne epee tranchants vivante
Jean 15:7;SKN;64-0207;72;4;demeurent demeurez paroles voudrez
Matthieu 24:7;SKN;64-0207;84;4;aura divers lieux tremblements
Hebreux 10:26;SKN;64-0208;62;4;connaissance pechons sacrifice volontairement
Hebreux 4:12;SKN;64-0212;165;4;discerne epee penetrante tranchants
Matthieu 11:10;SKN;64-0214;117;4;chemin face jenvoie messager
Genese 1:26;SKN;64-0216;55;4;cieux faisons image mer
Apocalypse 10:1;SKN;64-0216;55;6;ange pieds puissant revetu soleil visage
Hebreux 3:1;SKN;64-0216;55;5;celeste considerez sacrificateur saints souverain
Apocalypse 10:1-7;SKN;64-0216;55;6;ange pieds puissant revetu soleil visage
Hebreux 9:11;SKN;64-0216;55;4;biens etant sacrificateur souverain
Apocalypse 17:8;SKN;64-0216;55;5;ecrits fondation monter voyant vue
Apocalypse 13:14;SKN;64-0216;55;4;fut image miracles plaie
Genese 3:16;SKN;64-0216;55;6;desir grandes mari tes tourne travail
Ephesiens 2:12;SKN;64-0216;55;5;cite droit etant etiez israel
Apocalypse 17:17;SKN;64-0216;55;5;donner paroles pensee royaume soient
Exode 13:21;SKN;64-0216;55;4;allait chemin marchent nuit
Matthieu 11:10;SKN;64-0216;55;4;chemin ecrit face lequel
Apocalypse 21:23;SKN;64-0216;55;4;cite lampe lune soleil
Apocalypse 19:11;SKN;64-0216;55;5;appele fidele juge justice ouvert
Matthieu 18:10;SKN;64-0216;55;4;cieux continuellement face prenez
Malachie 3:1;SKN;64-0216;55;4;chemin cherchez prenez viendra
Esaie 53:12;SKN;64-0216;55;4;aura compte grands plusieurs
Zacharie 11:12;SKN;64-0216;55;4;donnez laissez pieces sinon
Apocalypse 1:1;SKN;64-0216;55;4;ange arriver bientot montrer
Luc 7:36;SKN;64-0216;55;4;manger mit pharisien pharisiens
Hebreux 9:11-14;SKN;64-0216;55;4;biens etant sacrificateur souverain
Hebreux 4:15;SKN;64-0216;55;4;infirmites sacrificateur souverain tente
Actes 2:24;SKN;64-0216;55;4;ayant lequel ressuscite retenu
Luc 1:17;SKN;64-0216;55;4;dispose ira pensee peres
Jean 12:20;SKN;64-0304;18;4;adorer fete grecs montes
Matthieu 11:10;SKN;64-0305;60;4;chemin face jenvoie messager
Genese 1:11;SKN;64-0305;87;4;espece produise selon semence
Hebreux 10:26;SKN;64-0308;99;4;connaissance pechons sacrifice volontairement
Jean 12:20;SKN;64-0318;5;4;adorer fete grecs montes
Jean 12:14;SKN;64-0318;5;5;anon ayant ecrit sassit selon
Hebreux 4:15;SKN;64-0319;62;4;infirmites sacrificateur souverain tente
Luc 16:16;SKN;64-0320;66;4;loi lors prophetes royaume
Matthieu 11:10;SKN;64-0321E;64;4;chemin face jenvoie messager
Matthieu 11:25;SKN;64-0322;29;4;cache intelligents revelees sages
Matthieu 11:25;SKN;64-0403;99;4;cache intelligents loue sages
Jean 3:14;SKN;64-0403;135;4;desert eleva eleve serpent
Ephesiens 2:12;SKN;64-0403;213;4;droit etant etiez etrangers
Apocalypse 17:17;SKN;64-0403;213;4;donner paroles royaume soient
Matthieu 24:7;SKN;64-0409;22;5;divers lieux nation royaume tremblements
Hebreux 10:26;SKN;64-0417;101;5;connaissance peches pechons sacrifice volontairement
Jean 12:24;SKN;64-0418B;91;4;ble demeure grain meurt
Luc 7:36;SKN;64-0418E;16;5;manger mit pharisien pria table
Jacques 5:14;SKN;64-0419;24;7;anciens appelle dhuile lassemblee loignant malade prient
Galates 3:29;SKN;64-0427;68;4;dabraham heritiers selon semence
Matthieu 11:10;SKN;64-0617;81;4;chemin face jenvoie messager
Matthieu 11:10;SKN;64-0618;37;4;chemin face messager preparera
Jean 5:7;SKN;64-0620E;63;4;leau malade nai viens
Actes 2:4;SKN;64-0620E;63;4;dautres donnait furent langues
Apocalypse 10:1;SKN;64-0620E;63;5;colonnes pieds puissant vis visage
Genese 2:7;SKN;64-0620E;63;4;ame leternel sol vivante
Apocalypse 10:1-7;SKN;64-0620E;63;5;colonnes pieds puissant vis visage
Genese 3:16;SKN;64-0620E;63;4;desir mari tes tourne
Genese 3:8;SKN;64-0620E;63;4;frais leternel milieu voix
Zacharie 14:7;SKN;64-0620E;63;4;aura connu leternel nuit
Exode 13:21;SKN;64-0620E;63;6;allait chemin colonne conduire leternel nuit
Daniel 7:9;SKN;64-0620E;63;6;blanc cheveux furent lancien vetement vis
Apocalypse 6:11;SKN;64-0620E;63;4;complet fut robe soient
Ezechiel 28:12;SKN;64-0620E;63;6;dhomme eleve forme leternel plein roi
Apocalypse 19:11;SKN;64-0620E;63;4;appele blanc ouvert vis
Matthieu 18:10;SKN;64-0620E;63;4;continuellement face garde voient
Malachie 3:1;SKN;64-0620E;63;5;chemin cherchez lange temple viendra
Esaie 50:6;SKN;64-0620E;63;4;dos face lopprobre nai
Zacharie 11:12;SKN;64-0620E;63;4;donnez laissez pieces sinon
Galates 4:27;SKN;64-0620E;63;5;ecrit joie nes pousse sterile
Apocalypse 6:12;SKN;64-0620E;63;4;fit lorsquil noir vis
Actes 2:24;SKN;64-0620E;63;4;douleurs possible ressuscite retenu
Apocalypse 3:21;SKN;64-0629;53;4;sasseoir trone vaincra vaincu
Esaie 53:9;SKN;64-0705;24;6;bouche fraude mechants navait sepulcre violence
Esaie 53:12;SKN;64-0705;24;4;ame grands intercede partagera
Genese 1:26;SKN;64-0705;45;5;image oiseaux poissons rampant selon
Apocalypse 21:19;SKN;64-0705;62;4;fondement fondements premier troisieme
Nombres 12:6;SKN;64-0726M;22;4;connaitre ferai leternel paroles
Matthieu 11:10;SKN;64-0726M;110;5;chemin face jenvoie messager preparera
Hebreux 4:12;SKN;64-0802;354;4;discerne epee lame tranchants
Genese 1:26;SKN;64-0802;354;5;cieux faisons mer poissons ressemblance
Deuteronome 18:15;SKN;64-0802;354;4;dentre leternel milieu tes
Jean 5:7;SKN;64-0802;354;5;descend leau malade nai viens
Amos 3:7;SKN;64-0802;354;4;leternel prophetes revele secret
Apocalypse 10:1;SKN;64-0802;354;5;nuee pieds puissant soleil visage
Apocalypse 22:18;SKN;64-0802;354;4;ajoutera paroles quiconque temoignage
Apocalypse 10:1-7;SKN;64-0802;354;5;nuee pieds puissant soleil visage
Hebreux 13:10;SKN;64-0802;354;5;droit manger nont servent tabernacle
Apocalypse 22:19;SKN;64-0802;354;5;cite larbre ote paroles sainte
Hebreux 9:11;SKN;64-0802;354;4;creation etant parfait tabernacle
Apocalypse 17:8;SKN;64-0802;354;4;bete monter noms vue
Nombres 12:6;SKN;64-0802;354;4;ferai leternel parlerai paroles
Apocalypse 3:14;SKN;64-0802;354;4;commencement creation lange lassemblee
Esaie 14:12;SKN;64-0802;354;4;brillant cieux nations tombe
Esaie 32:2;SKN;64-0802;354;5;abri aura deau lombre ruisseaux
Genese 3:8;SKN;64-0802;354;5;arbres jardin leternel milieu voix
Esaie 61:1;SKN;64-0802;354;4;apporter brise envoye leternel
Ephesiens 2:12;SKN;64-0802;354;5;cite droit etant etrangers israel
Exode 13:21;SKN;64-0802;354;6;allait chemin colonne leternel nuee nuit
Daniel 7:9;SKN;64-0802;354;5;blanc cheveux pure trones vetement
Apocalypse 6:6;SKN;64-0802;354;5;animaux mesure mesures milieu voix
Genese 4:1;SKN;64-0802;354;4;acquis cain eve leternel
Ezechiel 28:12;SKN;64-0802;354;4;forme leternel plein roi
Genese 3:1;SKN;64-0802;354;6;arbre champs jardin leternel quaucun serpent
Matthieu 19:28;SKN;64-0802;354;7;disrael douze serez suivi tribus trone trones
Apocalypse 19:11;SKN;64-0802;354;5;appele blanc combat juge ouvert
Luc 21:24;SKN;64-0802;354;5;jerusalem nations pieds seront tomberont
Malachie 3:1;SKN;64-0802;354;5;chemin lange prenez temple viendra
Esaie 27:12;SKN;64-0802;354;6;arrivera disrael fleuve leternel rassembles serez
Apocalypse 3:21;SKN;64-0802;354;5;donnerai sasseoir trone vaincra vaincu
Matthieu 24:7;SKN;64-0802;354;4;aura nation royaume selevera
Malachie 4:5;SKN;64-0802;354;4;elie envoie leternel vienne
Hebreux 9:11-14;SKN;64-0802;354;4;creation etant parfait tabernacle
Genese 1:28;SKN;64-0802;354;6;cieux mer multipliez poissons remplissez vivant
Hebreux 12:25;SKN;64-0802;354;5;cieux echappe garde nont prenez
Hebreux 6:1;SKN;64-0802;354;4;avancons commencement faits fondement
Actes 2:24;SKN;64-0802;354;4;lequel possible puisquil ressuscite
Luc 1:17;SKN;64-0802;354;5;ira pensee peres preparer retourner
Josue 10:12;SKN;64-0802;354;4;disrael leternel lune soleil
Nombres 19:9;SKN;64-0802;354;4;disrael eau lassemblee pur
Apocalypse 1:20;SKN;64-0802;354;4;anges dor droite sept
Apocalypse 17:8;SKN;64-0816;212;4;bete ecrits fondation noms
Matthieu 19:9;SKN;64-0823M;202;5;adultere commet epouse quiconque repudiee
Matthieu 19:9;SKN;64-0830M;14;6;adultere commet epouse fornication quiconque repudiee
Genese 1:26;SKN;64-0830M;207;7;animal cieux faisons image oiseaux ressemblance selon
Deuteronome 18:15;SKN;64-0830M;207;4;dentre leternel milieu tes
Actes 2:4;SKN;64-0830M;207;5;dautres furent langues remplis selon
Apocalypse 10:1;SKN;64-0830M;207;4;descendant pieds soleil vis
Genese 2:7;SKN;64-0830M;207;4;ame devint leternel sol
Apocalypse 10:1-7;SKN;64-0830M;207;4;descendant pieds soleil vis
Ephesiens 1:5;SKN;64-0830M;207;4;ayant plaisir predestines selon
Hebreux 6:4;SKN;64-0830M;207;4;don eclaires goute impossible
Esaie 28:19;SKN;64-0830M;207;5;den entendre nuit passera prendra
Apocalypse 17:8;SKN;64-0830M;207;7;bete ecrits fondation noms perdition voyant vue
Genese 1:11;SKN;64-0830M;207;4;ayant larbre selon semence
Nombres 12:6;SKN;64-0830M;207;4;connaitre ferai leternel vision
Genese 3:16;SKN;64-0830M;207;5;desir grandes mari tes travail
Luc 16:16;SKN;64-0830M;207;5;annonce loi lors prophetes royaume
Ephesiens 1:13;SKN;64-0830M;207;4;ayant cru levangile salut
Genese 3:8;SKN;64-0830M;207;6;arbres entendirent jardin leternel milieu voix
Esaie 61:1;SKN;64-0830M;207;6;apporter bonnes brise envoye leternel nouvelles
Apocalypse 19:21;SKN;64-0830M;207;6;bouche cheval furent fut oiseaux tue
Malachie 3:6;SKN;64-0830M;207;4;change jacob leternel netes
Exode 13:21;SKN;64-0830M;207;4;allait chemin leternel nuit
Daniel 7:9;SKN;64-0830M;207;7;cheveux furent laine lancien neige places vis
Apocalypse 6:11;SKN;64-0830M;207;5;blanche devaient fut longue soient
Genese 4:1;SKN;64-0830M;207;4;cain enfanta eve leternel
Genese 4:16;SKN;64-0830M;207;4;cain deden leternel sortit
Genese 3:1;SKN;64-0830M;207;6;animal arbre champs jardin leternel serpent
Apocalypse 19:11;SKN;64-0830M;207;6;appele cheval juge ouvert veritable vis
Malachie 3:1;SKN;64-0830M;207;6;chemin cherchez lalliance plaisir prenez viendra
Apocalypse 16:13;SKN;64-0830M;207;5;bete bouche esprits faux vis
Esaie 53:9;SKN;64-0830M;207;4;aucune bouche donna navait
Zacharie 11:12;SKN;64-0830M;207;5;dargent laissez pieces salaire sinon
Apocalypse 6:3;SKN;64-0830M;207;4;animal lorsquil ouvrit viens
Galates 4:27;SKN;64-0830M;207;5;ecrit joie nes sterile travail
Genese 1:28;SKN;64-0830M;207;4;benit cieux oiseaux vivant
Genese 6:4;SKN;64-0830M;207;4;filles furent quelles venus
Hebreux 12:25;SKN;64-0830M;207;6;cieux echappe garde nont parlait prenez
Hebreux 6:1;SKN;64-0830M;207;4;commencement dhommes repentance uvres
Apocalypse 6:12;SKN;64-0830M;207;6;devint fit lorsquil ouvrit soleil vis
Actes 2:24;SKN;64-0830M;207;4;ayant delie lequel possible
Luc 1:17;SKN;64-0830M;207;7;curs delie ira justes pensee peres retourner
Josue 10:12;SKN;64-0830M;207;5;arrete josue leternel lune soleil
Ephesiens 1:13-14;SKN;64-0830M;207;4;ayant cru levangile salut
Genese 14:18;SKN;64-0830M;207;4;apporter fit pain roi
Esaie 53:9;SKN;64-1205;18;6;bouche fraude mechants riche sepulcre violence
Josue 10:12;SKN;64-1205;76;5;arrete gabaon josue lune soleil
Daniel 12:3;SKN;64-1221;221;4;brilleront etoiles justice perpetuite
Josue 10:12;SKN;65-0117;97;5;arrete gabaon josue lune soleil
Jean 3:14;SKN;65-0119;104;4;desert eleva eleve serpent
Hebreux 4:12;SKN;65-0124;80;4;discerne epee penetrante tranchants
Apocalypse 3:14;SKN;65-0206;60;7;commencement creation ecris fidele laodicee temoin veritable
Apocalypse 22:18;SKN;65-0218;105;4;ajoutera paroles quiconque temoignage
Genese 2:7;SKN;65-0218;105;4;ame devint poussiere sol
Genese 1:11;SKN;65-0218;105;4;ayant espece selon semence
Apocalypse 3:14;SKN;65-0218;105;4;commencement creation laodicee veritable
Apocalypse 19:21;SKN;65-0218;105;5;bouche chair furent fut tue
Apocalypse 6:11;SKN;65-0218;105;4;complet devaient fut soient
Malachie 3:1;SKN;65-0218;105;4;chemin plaisir temple viendra
Actes 2:24;SKN;65-0218;105;4;ayant lequel possible ressuscite
Luc 1:17;SKN;65-0218;105;4;curs pensee peres preparer
Apocalypse 17:8;SKN;65-0221E;52;4;bete ecrits fondation noms
Deuteronome 18:15;SKN;65-0221E;127;4;dentre leternel milieu suscitera
Jean 5:7;SKN;65-0221E;151;4;leau nai repondit viens
Matthieu 19:9;SKN;65-0221M;158;6;adultere commet epousera fornication quiconque repudiera
Matthieu 19:9;SKN;65-0221M;160;4;adultere epouse quiconque repudiee
Romains 8:11;SKN;65-0410;90;4;habite mortels ressuscite vivifiera
Genese 2:7;SKN;65-0418E;93;5;ame devint poussiere souffla vivante
Romains 8:11;SKN;65-0418M;192;4;habite mortels ressuscite vivifiera
Romains 8:11;SKN;65-0418M;215;4;habite mortels ressuscite vivifiera
Jean 5:7;SKN;65-0426;129;4;leau nai repondit viens
Apocalypse 13:8;SKN;65-0426;216;4;ecrit fondation immole lagneau
Jeremie 8:22;SKN;65-0427;51;4;baume fille galaad medecin
Genese 1:26;SKN;65-0429E;20;8;animal betail cieux faisons mer oiseaux ressemblance selon
Apocalypse 10:1;SKN;65-0429E;20;7;ange descendant pieds puissant soleil vis visage
Apocalypse 22:18;SKN;65-0429E;20;5;entend paroles quiconque rends temoignage
Apocalypse 10:1-7;SKN;65-0429E;20;7;ange descendant pieds puissant soleil vis visage
Apocalypse 22:19;SKN;65-0429E;20;4;cite ecrits paroles sainte
Hebreux 9:11;SKN;65-0429E;20;4;creation etant parfait sacrificateur
Nombres 12:6;SKN;65-0429E;20;4;ferai paroles songe vision
Genese 3:16;SKN;65-0429E;20;5;desir grandes mari tes travail
Luc 16:16;SKN;65-0429E;20;4;annonce loi lors prophetes
Ephesiens 1:13;SKN;65-0429E;20;4;ayant cru espere salut
Actes 15:14;SKN;65-0429E;20;4;nations premierement raconte visite
Apocalypse 19:21;SKN;65-0429E;20;4;chair fut oiseaux tue
Ephesiens 2:12;SKN;65-0429E;20;6;cite droit etant etiez etrangers israel
Exode 13:21;SKN;65-0429E;20;5;allait chemin colonne conduire nuit
Apocalypse 6:6;SKN;65-0429E;20;4;animaux mesure milieu voix
Apocalypse 6:11;SKN;65-0429E;20;4;fut longue reposent robe
Jean 12:24;SKN;65-0429E;20;4;demeure meure meurt tombant
Apocalypse 19:11;SKN;65-0429E;20;4;appele juge veritable vis
Apocalypse 2:20;SKN;65-0429E;20;4;enseigne esclaves laisses manger
Malachie 3:1;SKN;65-0429E;20;5;chemin cherchez prenez temple viendra
Apocalypse 16:13;SKN;65-0429E;20;4;bete esprits faux vis
Hebreux 9:11-14;SKN;65-0429E;20;4;creation etant parfait sacrificateur
Genese 1:28;SKN;65-0429E;20;5;cieux mer oiseaux remplissez vivant
Hebreux 12:25;SKN;65-0429E;20;4;cieux garde parlait prenez
Actes 2:24;SKN;65-0429E;20;4;ayant lequel possible ressuscite
Luc 1:17;SKN;65-0429E;20;5;ira pensee peres preparer retourner
Ephesiens 1:13-14;SKN;65-0429E;20;4;ayant cru espere salut
Genese 14:18;SKN;65-0429E;20;4;fit roi sacrificateur vin
Esaie 27:12;SKN;65-0718E;12;4;arrivera disrael leternel torrent
Daniel 7:9;SKN;65-0718E;78;4;blanc cheveux laine neige
Hebreux 6:4;SKN;65-0725M;195;4;celeste don goute impossible
Apocalypse 16:13;SKN;65-0725M;241;4;bete dragon faux grenouilles
Apocalypse 16:13;SKN;65-0725M;244;4;bouche esprits faux grenouilles
Apocalypse 17:15;SKN;65-0801E;33;4;assise eaux peuples prostituee
Apocalypse 3:14;SKN;65-0815;55;7;commencement creation ecris fidele laodicee temoin veritable
Psaumes 16:10;SKN;65-0822M;125;4;ame corruption permettras voie
Genese 3:1;SKN;65-0829;4;6;arbre champs jardin mangerez ruse serpent
Genese 2:7;SKN;65-0911;27;6;ame devint forma poussiere souffla vivante
Genese 4:1;SKN;65-0911;58;4;cain concut connut enfanta
Luc 16:16;SKN;65-1125;198;4;loi lors prophetes royaume
Matthieu 11:25;SKN;65-1127B;122;4;cache intelligents loue sages
Matthieu 11:25;SKN;65-1127B;133;4;cache intelligents loue sages
Matthieu 11:25;SKN;65-1127E;104;5;cache intelligents loue revelees sages
Josue 10:12;SKN;65-1127E;126;4;arrete josue lune soleil
Jean 12:24;SKN;65-1204;113;4;ble demeure grain meure
Matthieu 27:51;SKN;65-1204;168;6;dechira fendirent rochers temple trembla voile
Genese 1:26;SKN;65-1207;38;7;animal cieux faisons image mer oiseaux selon
Actes 2:4;SKN;65-1207;38;4;furent langues remplis selon
Hebreux 3:1;SKN;65-1207;38;4;celeste considerez sacrificateur saints
Ephesiens 1:5;SKN;65-1207;38;4;ayant predestines selon volonte
Hebreux 6:4;SKN;65-1207;38;4;celeste devenus don impossible
Hebreux 9:11;SKN;65-1207;38;4;biens etant parfait sacrificateur
Apocalypse 17:8;SKN;65-1207;38;7;bete fondation monter noms perdition voyant vue
Apocalypse 3:14;SKN;65-1207;38;4;commencement fidele laodicee veritable
Apocalypse 13:14;SKN;65-1207;38;5;bete fut image miracles repris
Genese 3:16;SKN;65-1207;38;4;grandes mari tes travail
Apocalypse 17:15;SKN;65-1207;38;4;assise eaux langues prostituee
Ephesiens 1:13;SKN;65-1207;38;5;auquel ayant cru salut scelles
Genese 3:8;SKN;65-1207;38;4;arbres jardin milieu voix
Esaie 61:1;SKN;65-1207;38;6;apporter bonnes brise envoye nouvelles oint
Apocalypse 19:21;SKN;65-1207;38;6;bouche chair cheval furent fut oiseaux
Ephesiens 2:12;SKN;65-1207;38;5;cite droit etant etiez israel
Exode 13:21;SKN;65-1207;38;5;allait chemin colonne conduire nuit
Daniel 7:9;SKN;65-1207;38;5;blanc cheveux furent pure vis
Apocalypse 6:11;SKN;65-1207;38;4;complet fut robe soient
Genese 3:1;SKN;65-1207;38;5;animal arbre champs jardin serpent
Apocalypse 19:11;SKN;65-1207;38;7;appele blanc cheval fidele juge veritable vis
Luc 21:24;SKN;65-1207;38;4;pieds seront tomberont tranchant
Apocalypse 2:20;SKN;65-1207;38;4;commettre enseigne esclaves manger
Malachie 3:1;SKN;65-1207;38;4;chemin cherchez prenez viendra
Apocalypse 16:13;SKN;65-1207;38;4;bete bouche faux vis
Esaie 53:9;SKN;65-1207;38;4;aucune bouche donna riche
Galates 4:27;SKN;65-1207;38;6;cris ecrit joie nes pousse travail
Luc 7:36;SKN;65-1207;38;4;manger mit pharisien pharisiens
Hebreux 9:11-14;SKN;65-1207;38;4;biens etant parfait sacrificateur
Genese 6:4;SKN;65-1207;38;4;filles furent quelles venus
Apocalypse 6:12;SKN;65-1207;38;7;devint fit ouvrit sac soleil tremblement vis
Actes 2:24;SKN;65-1207;38;4;ayant lequel possible ressuscite
Luc 1:17;SKN;65-1207;38;4;justes pensee peres preparer
Luc 10:1;SKN;65-1207;38;4;devait face lieux villes
Josue 10:12;SKN;65-1207;38;4;arrete josue parla soleil
Ephesiens 1:13-14;SKN;65-1207;38;5;auquel ayant cru salut scelles
Genese 14:18;SKN;65-1207;38;5;apporter fit pain roi sacrificateur
Luc 2:7;VGR;49-1225;35;5;coucha creche lemmaillota lhotellerie premier
Colossiens 1:15;VGR;49-1225;46;4;creation image invisible premier
Jean 5:7;VGR;51-0923;49;6;agitee descend leau malade nai repondit
Jean 3:14;VGR;52-0224;170;4;desert eleva eleve serpent
Ephesiens 4:30;VGR;52-0900;11;4;lequel nattristez redemption scelles
Genese 1:26;VGR;53-0729;21;4;betail image poissons ressemblance
Hebreux 4:12;VGR;53-0729;162;7;epee jointures lame moelles penetrante tranchants vivante
Daniel 7:9;VGR;53-0729;273;4;cheveux furent laine sassit
Luc 21:24;VGR;54-0103M;66;7;captifs jerusalem lepee nations seront tomberont tranchant
Luc 21:24;VGR;54-0103M;67;5;captifs lepee nations seront tranchant
Luc 21:24;VGR;54-0103M;73;9;captifs foulee jerusalem lepee nations pieds seront tomberont tranchant
Luc 21:24;VGR;54-0103M;93;4;jerusalem nations pieds seront
Luc 21:24;VGR;54-0103M;95;4;foulee jerusalem nations pieds
Daniel 7:9;VGR;54-0103M;99;5;cheveux furent laine lancien sassit
Matthieu 19:28;VGR;54-0103M;201;4;disrael douze tribus trone
Jean 3:14;VGR;54-0404E;109;4;desert eleva eleve serpent
Apocalypse 1:7;VGR;54-0512;99;6;lamenteront lont nuees perce tribus verra
Apocalypse 1:10;VGR;54-0512;140;4;fus jentendis trompette voix
Apocalypse 6:6;VGR;54-0512;185;4;denier dorge mesure mesures
Daniel 7:9;VGR;54-0512;207;4;blanc cheveux laine neige
Apocalypse 1:20;VGR;54-0512;216;4;anges droite etoiles sept
Apocalypse 1:20;VGR;54-0512;217;7;anges dor droite etoiles mystere sept vues
Daniel 12:3;VGR;54-0512;225;5;brilleront enseigne etoiles justice multitude
Apocalypse 3:14;VGR;54-0512;228;4;ecris lange laodicee lassemblee
Apocalypse 1:20;VGR;54-0512;241;4;dor droite etoiles sept
Apocalypse 17:15;VGR;54-0513;191;4;assise eaux foules prostituee
Apocalypse 17:8;VGR;54-0513;245;5;bete fondation perdition setonneront voyant
Apocalypse 17:8;VGR;54-0513;250;4;bete ecrits fondation noms
Galates 3:29;VGR;54-0513;250;4;dabraham heritiers selon semence
Apocalypse 17:15;VGR;54-0513;261;8;assise eaux foules langues nations peuples prostituee vues
Apocalypse 17:15;VGR;54-0513;262;5;assise foules langues peuples vues
Galates 3:29;VGR;54-0514;58;4;dabraham heritiers selon semence
Apocalypse 16:13;VGR;54-0515;59;4;bete bouche esprits grenouilles
Hebreux 9:11;VGR;54-0516;118;4;etant parfait sacrificateur souverain
Hebreux 9:11-14;VGR;54-0516;118;4;etant parfait sacrificateur souverain
Genese 3:1;VGR;54-0516;130;4;animal champs ruse serpent
Marc 7:7;VGR;54-1024;94;4;commandements dhommes enseignant vain
Hebreux 10:26;VGR;54-1024;105;4;connaissance pechons sacrifice volontairement
Hebreux 10:26;VGR;54-1024;106;4;connaissance pechons sacrifice volontairement
Hebreux 10:26;VGR;54-1024;120;4;connaissance pechons sacrifice volontairement
Hebreux 10:26;VGR;54-1024;133;4;connaissance pechons sacrifice volontairement
Jean 3:14;VGR;54-1114;57;4;desert eleva eleve serpent
Jean 3:14;VGR;54-1114;58;4;desert eleva eleve serpent
Jean 3:14;VGR;54-1114;73;4;desert eleva eleve serpent
Genese 3:1;VGR;54-1212;51;5;animal champs jardin ruse serpent
Jean 3:14;VGR;54-1212;65;4;desert eleva eleve serpent
Genese 22:16;VGR;54-1212;86;5;jure leternel nas refuse unique
Genese 15:16;VGR;54-1212;138;6;amoreens comble generation liniquite quatrieme reviendront
Ephesiens 4:30;VGR;54-1212;275;4;lequel nattristez redemption scelles
Jacques 5:14;VGR;54-1212;290;4;anciens dhuile malade prient
Daniel 12:3;VGR;54-1219E;154;6;brilleront enseigne etoiles justice multitude perpetuite
Luc 21:24;VGR;55-0109E;86;4;foulee jerusalem nations pieds
Daniel 7:9;VGR;55-0109E;99;4;blanc cheveux laine lancien
Matthieu 24:7;VGR;55-0109E;110;4;divers lieux nation tremblements
Daniel 12:3;VGR;55-0109E;113;6;brilleront enseigne etoiles justice multitude splendeur
Daniel 12:3;VGR;55-0109E;128;6;brilleront enseigne etoiles justice multitude perpetuite
Daniel 12:3;VGR;55-0109E;139;5;brilleront etoiles justice multitude sages
Genese 14:18;VGR;55-0109M;144;7;apporter fit pain roi sacrificateur salem vin
Genese 14:18;VGR;55-0109M;148;7;apporter fit pain roi sacrificateur salem vin
Genese 14:18;VGR;55-0109M;153;4;pain roi sacrificateur vin
Genese 14:18;VGR;55-0109M;155;4;pain roi salem vin
Genese 14:18;VGR;55-0109M;172;4;pain roi sacrificateur salem
Jean 3:14;VGR;55-0114;52;4;desert eleva eleve serpent
Jean 3:14;VGR;55-0114;91;4;desert eleva eleve serpent
Hebreux 6:4;VGR;55-0117;118;4;celeste don eclaires impossible
Hebreux 6:1;VGR;55-0117;118;4;fondement mortes repentance uvres
Matthieu 24:7;VGR;56-0115;135;4;aura divers lieux tremblements
Ephesiens 1:20;VGR;56-0401M;25;5;asseoir celestes droite lieux ressuscitant
Apocalypse 13:8;VGR;56-0610;57;4;ecrit fondation immole lagneau
Apocalypse 13:14;VGR;56-0715;14;4;bete fut image lepee
Matthieu 11:25;VGR;56-0715;18;4;cache intelligents revelees sages
Matthieu 19:28;VGR;56-0723;11;5;disrael douze serez tribus trones
Galates 3:29;VGR;56-1230;188;4;dabraham heritiers selon semence
Apocalypse 22:18;VGR;57-0120E;9;6;ajoute ecrites entend paroles prophetie quiconque
Apocalypse 22:19;VGR;57-0120E;9;4;larbre paroles prophetie sainte
Jacques 5:14;VGR;57-0120M;204;5;anciens appelle dhuile malade prient
Matthieu 24:7;VGR;57-0407M;34;4;aura divers lieux tremblements
Jacques 5:14;VGR;57-0407M;284;5;anciens appelle dhuile malade prient
Matthieu 24:7;VGR;57-0417;28;4;divers lieux pestes tremblements
Matthieu 24:7;VGR;57-0417;31;4;aura divers lieux tremblements
Luc 21:24;VGR;57-0417;43;4;jerusalem nations pieds seront
Psaumes 103:3;VGR;57-0417;99;4;guerit iniquites pardonne tes
Genese 14:18;VGR;57-0418;79;6;apporter fit pain roi salem vin
Psaumes 16:10;VGR;57-0420;9;5;ame corruption nabandonneras permettras voie
Matthieu 27:51;VGR;57-0420;68;4;jusquen rochers temple voile
Hebreux 4:12;VGR;57-0901E;195;8;discerne epee jointures lame moelles penetrante tranchants vivante
Hebreux 4:12;VGR;57-0901E;197;4;discerne epee tranchants vivante
Hebreux 4:15;VGR;57-0901E;218;4;navons sacrificateur souverain tente
Hebreux 6:1;VGR;57-0908E;269;4;fondement laissant mortes uvres
Hebreux 6:1;VGR;57-0908E;272;4;avancons laissant mortes uvres
Hebreux 6:4;VGR;57-0908E;278;5;celeste don eclaires goute impossible
Hebreux 6:4;VGR;57-0908E;306;5;celeste don eclaires goute impossible
Hebreux 10:26;VGR;57-0908E;308;4;connaissance pechons sacrifice volontairement
Hebreux 6:1;VGR;57-0908E;343;4;avancons fondement laissant repentance
Hebreux 6:4;VGR;57-0908E;352;4;don eclaires goute impossible
Hebreux 6:1;VGR;57-0908E;352;5;fondement laissant mortes repentance uvres
Hebreux 9:11;VGR;57-0908M;89;5;biens parfait sacrificateur souverain tabernacle
Hebreux 9:11-14;VGR;57-0908M;89;5;biens parfait sacrificateur souverain tabernacle
Hebreux 9:11;VGR;57-0908M;93;6;biens creation parfait sacrificateur souverain tabernacle
Hebreux 9:11-14;VGR;57-0908M;93;6;biens creation parfait sacrificateur souverain tabernacle
Hebreux 6:1;VGR;57-0908M;201;4;avancons laissant mortes uvres
Genese 14:18;VGR;57-0915E;63;7;apporter fit pain roi sacrificateur salem vin
Genese 14:18;VGR;57-0915E;64;4;pain roi salem vin
Genese 14:18;VGR;57-0915E;73;7;apporter fit pain roi sacrificateur salem vin
Genese 14:18;VGR;57-0915E;88;6;apporter pain roi sacrificateur salem vin
Ephesiens 1:5;VGR;57-0915E;130;5;ayant plaisir predestines selon volonte
Apocalypse 13:8;VGR;57-0915E;205;4;ecrit fondation immole lagneau
Josue 10:12;VGR;57-0922E;450;4;arrete lune parla soleil
Psaumes 16:10;VGR;57-0922E;451;5;ame corruption nabandonneras permettras voie
Matthieu 11:25;VGR;57-0925;124;5;cache intelligents loue revelees sages
Psaumes 16:10;VGR;57-0925;171;4;ame corruption permettras voie
Psaumes 16:10;VGR;57-1002;412;4;ame corruption sheol voie
Luc 21:24;VGR;57-1002;521;4;foulee jerusalem nations pieds
Matthieu 19:28;VGR;57-1006;691;5;disrael douze serez tribus trones
Psaumes 103:3;VGR;57-1208;6;4;guerit iniquites pardonne tes
Josue 10:12;VGR;57-1208;33;4;arrete disrael lune soleil
Jean 15:7;VGR;57-1208;58;4;demeurent demeurez paroles voudrez
Marc 11:21;VGR;57-1229;17;6;figuier maudit rabbi ressouvenant sec setait
Apocalypse 17:15;VGR;58-0927;33;8;assise eaux foules langues nations peuples prostituee vues
Apocalypse 17:15;VGR;58-0927;34;5;assise eaux langues nations peuples
Apocalypse 17:8;VGR;58-0927;52;11;bete ecrits fondation habitent labime monter noms perdition setonneront voyant vue
Apocalypse 17:8;VGR;58-0927;55;9;bete ecrits fondation habitent labime monter noms perdition vue
Apocalypse 17:15;VGR;58-0927;87;8;assise eaux foules langues nations peuples prostituee vues
Apocalypse 13:8;VGR;58-0927;222;4;ecrit fondation immole lagneau
Genese 3:8;VGR;58-0928E;105;4;arbres jardin leternel milieu
Genese 3:1;VGR;58-0928E;105;6;champs jardin leternel mangerez ruse serpent
Nombres 12:6;VGR;58-0928E;282;4;connaitre ferai leternel parlerai
Marc 7:7;VGR;58-1005M;186;5;commandements dhommes enseignant mhonorent vain
Matthieu 24:7;VGR;58-1130;62;4;aura divers lieux tremblements
Marc 7:7;VGR;58-1228;124;4;commandements dhommes enseignant vain
Esaie 27:12;VGR;59-0125;1;4;disrael jusquau leternel torrent
Jacques 5:14;VGR;59-0125;72;5;anciens appelle dhuile malade prient
Luc 21:24;VGR;59-0329S;9;4;lepee nations pieds seront
Hebreux 10:26;VGR;59-0628E;133;5;connaissance peches pechons sacrifice volontairement
Ephesiens 4:30;VGR;59-1216;134;4;lequel nattristez redemption scelles
Hebreux 6:4;VGR;59-1219;169;5;celeste don eclaires goute impossible
Hebreux 6:1;VGR;59-1219;169;4;fondement mortes repentance uvres
Psaumes 16:10;VGR;59-1220E;114;5;ame corruption nabandonneras permettras voie
Matthieu 19:28;VGR;59-1223;45;5;disrael douze serez tribus trones
Hebreux 10:26;VGR;59-1223;177;4;connaissance pechons sacrifice volontairement
Galates 3:29;VGR;60-0310;48;4;dabraham heritiers selon semence
Daniel 7:9;VGR;60-0417S;12;5;blanc furent neige sassit vetement
Genese 6:4;VGR;60-0417S;12;4;eurent furent quelles venus
Ephesiens 1:5;VGR;60-0515E;107;6;adopter ayant plaisir predestines selon volonte
Ephesiens 1:5;VGR;60-0518;103;5;ayant plaisir predestines selon volonte
Ephesiens 1:5;VGR;60-0518;112;4;plaisir predestines selon volonte
Ephesiens 1:5;VGR;60-0518;148;4;ayant plaisir predestines selon
Genese 14:18;VGR;60-0522E;47;7;apporter fit pain roi sacrificateur salem vin
Ephesiens 1:13;VGR;60-0522E;115;4;cru levangile salut scelles
Ephesiens 1:13-14;VGR;60-0522E;115;4;cru levangile salut scelles
Ephesiens 1:20;VGR;60-0522E;182;5;asseoir celestes droite lieux ressuscitant
Ephesiens 1:5;VGR;60-0522M;63;5;ayant plaisir predestines selon volonte
Ephesiens 1:5;VGR;60-0522M;85;4;plaisir predestines selon volonte
Apocalypse 13:8;VGR;60-0522M;170;4;ecrit fondation immole lagneau
Ephesiens 1:13;VGR;60-0522M;175;4;cru levangile salut scelles
Ephesiens 1:13-14;VGR;60-0522M;175;4;cru levangile salut scelles
Apocalypse 17:15;VGR;60-0911E;44;8;assise eaux foules langues nations peuples prostituee vues
Apocalypse 17:15;VGR;60-0911E;45;7;assise eaux foules langues nations peuples prostituee
Ephesiens 1:5;VGR;60-0911E;174;5;adopter plaisir predestines selon volonte
Esaie 27:12;VGR;60-0911M;14;4;disrael fleuve jusquau leternel
Josue 10:12;VGR;60-0911M;14;4;disrael josue leternel soleil
Apocalypse 13:8;VGR;60-1204E;5;4;ecrit fondation immole lagneau
Matthieu 11:25;VGR;60-1204E;11;4;cache intelligents loue sages
Apocalypse 22:18;VGR;60-1204E;70;5;ajoutera entend paroles prophetie quiconque
Apocalypse 1:10;VGR;60-1204E;84;4;fus jentendis trompette voix
Apocalypse 1:20;VGR;60-1204E;143;4;dor droite lampes sept
Apocalypse 1:20;VGR;60-1204E;203;7;anges dor droite etoiles mystere sept vues
Apocalypse 1:20;VGR;60-1204E;209;4;anges droite etoiles sept
Apocalypse 1:20;VGR;60-1204E;255;7;anges dor droite etoiles mystere sept vues
Apocalypse 22:18;VGR;60-1204M;66;4;ecrites paroles prophetie temoignage
Apocalypse 1:7;VGR;60-1204M;289;6;lamenteront lont nuees perce tribus verra
Apocalypse 1:7;VGR;60-1204M;297;4;lamenteront lont perce tribus
Apocalypse 1:7;VGR;60-1204M;331;4;lamenteront lont nuees perce
Apocalypse 1:7;VGR;60-1204M;354;4;lont nuees perce verra
Apocalypse 1:7;VGR;60-1204M;355;5;lamenteront lont perce tribus verra
Luc 21:24;VGR;60-1204M;387;4;jerusalem nations seront tomberont
Apocalypse 1:20;VGR;60-1205;36;4;anges dor etoiles sept
Apocalypse 1:20;VGR;60-1205;75;4;dor droite etoiles sept
Apocalypse 1:20;VGR;60-1205;83;4;dor droite etoiles sept
Genese 3:1;VGR;60-1205;223;4;animal champs ruse serpent
Jeremie 8:22;VGR;60-1205;247;4;baume fille galaad medecin
Ephesiens 4:30;VGR;60-1206;150;4;lequel nattristez redemption scelles
Apocalypse 3:14;VGR;60-1207;48;5;ecris fidele lange temoin veritable
Apocalypse 17:15;VGR;60-1207;166;8;assise eaux foules langues nations peuples prostituee vues
Daniel 7:9;VGR;60-1208;42;4;blanc cheveux lancien neige
Apocalypse 2:20;VGR;60-1208;58;4;idoles laisses prophetesse sacrifiees
Apocalypse 2:20;VGR;60-1208;98;4;enseigne idoles prophetesse sacrifiees
Apocalypse 17:8;VGR;60-1208;135;4;bete monter noms vue
Apocalypse 13:8;VGR;60-1208;138;4;ecrit fondation immole lagneau
Apocalypse 1:20;VGR;60-1209;73;4;anges etoiles lampes sept
Matthieu 11:25;VGR;60-1211E;76;4;cache intelligents loue sages
Apocalypse 3:14;VGR;60-1211E;106;9;commencement creation ecris fidele lamen lange laodicee temoin veritable
Apocalypse 3:14;VGR;60-1211E;110;4;commencement creation lamen laodicee
Apocalypse 6:6;VGR;60-1211M;59;5;denier dorge mesure mesures voix
Apocalypse 13:8;VGR;60-1211M;185;4;ecrit fondation immole lagneau
Apocalypse 19:21;VGR;60-1211M;189;4;furent fut sortait tue
Apocalypse 19:11;VGR;60-1211M;269;4;combat juge justice veritable
Matthieu 19:28;VGR;61-0101;289;4;douze serez tribus trones
Apocalypse 13:8;VGR;61-0108;214;4;ecrit fondation immole lagneau
Hebreux 6:1;VGR;61-0112;236;5;fondement mortes posant repentance uvres
Ephesiens 1:5;VGR;61-0611;96;4;ayant plaisir predestines selon
Ephesiens 1:13;VGR;61-0611;97;5;cru espere levangile salut scelles
Ephesiens 1:13-14;VGR;61-0611;97;5;cru espere levangile salut scelles
Apocalypse 13:8;VGR;61-0618;157;4;ecrit fondation immole lagneau
Deuteronome 32:11;VGR;61-0723E;165;7;ailes etend eveille laigle nid plane plumes
Deuteronome 32:11;VGR;61-0723E;169;4;ailes eveille laigle nid
Esaie 27:12;VGR;61-0730E;119;4;courant disrael fleuve leternel
Apocalypse 3:14;VGR;61-0730E;133;5;commencement ecris fidele lange veritable
Hebreux 6:4;VGR;61-1015M;63;4;celeste don eclaires goute
Matthieu 19:9;VGR;61-1015M;170;5;adultere epouse fornication quiconque repudiee
Jacques 5:14;VGR;61-1015M;236;4;anciens appelle dhuile prient
Deuteronome 18:22;VGR;61-1112;229;6;dite leternel narrivera naura parlera peur
Marc 7:7;VGR;61-1119;350;4;commandements dhommes doctrines enseignant
Psaumes 103:3;VGR;61-1119;374;4;guerit iniquites pardonne tes
Jean 3:14;VGR;61-1231M;60;4;desert eleva eleve serpent
Daniel 12:3;VGR;62-0311;31;8;brilleront etoiles justice letendue multitude perpetuite sages splendeur
Genese 3:1;VGR;62-0311;213;9;animal arbre champs jardin leternel mangerez quaucun ruse serpent
Apocalypse 22:18;VGR;62-0318M;86;5;ajoute entend paroles prophetie quiconque
Apocalypse 22:19;VGR;62-0318M;87;4;larbre paroles prophetie sainte
Ephesiens 1:5;VGR;62-0318M;251;5;ayant plaisir predestines selon volonte
Deuteronome 18:15;VGR;62-0318M;403;4;dentre leternel milieu tes
Jean 5:7;VGR;62-0318M;403;4;descend leau nai viens
Amos 3:7;VGR;62-0318M;403;4;leternel prophetes revele serviteurs
Apocalypse 22:18;VGR;62-0318M;403;4;paroles prophetie quiconque temoignage
Genese 2:7;VGR;62-0318M;403;5;ame leternel poussiere souffla vivante
Ephesiens 1:5;VGR;62-0318M;403;5;ayant plaisir predestines selon volonte
Apocalypse 22:19;VGR;62-0318M;403;4;cite paroles prophetie sainte
Esaie 28:19;VGR;62-0318M;403;4;den entendre nuit passera
Hebreux 9:11;VGR;62-0318M;403;5;biens creation etant parfait tabernacle
Nombres 12:6;VGR;62-0318M;403;5;connaitre ferai leternel paroles vision
Apocalypse 3:14;VGR;62-0318M;403;6;commencement creation lange laodicee lassemblee veritable
Esaie 14:12;VGR;62-0318M;403;4;abattu cieux nations tombe
Apocalypse 13:14;VGR;62-0318M;403;5;bete fut image miracles seduit
Genese 3:16;VGR;62-0318M;403;6;grandes grossesse mari tes tourne travail
Luc 16:16;VGR;62-0318M;403;4;annonce loi prophetes royaume
Esaie 32:2;VGR;62-0318M;403;6;aura deau lombre rocher sec vent
Ephesiens 1:13;VGR;62-0318M;403;5;auquel ayant cru levangile salut
Galates 3:16;VGR;62-0318M;403;5;parlant plusieurs promesses semence semences
Genese 3:8;VGR;62-0318M;403;4;arbres leternel milieu voix
Esaie 61:1;VGR;62-0318M;403;4;bonnes envoye leternel oint
Apocalypse 19:21;VGR;62-0318M;403;6;bouche chair furent fut sortait tue
Ephesiens 2:12;VGR;62-0318M;403;5;cite droit etant etiez israel
Zacharie 14:7;VGR;62-0318M;403;4;aura connu leternel nuit
Daniel 7:9;VGR;62-0318M;403;7;blanc cheveux furent lancien pure vetement vis
Apocalypse 6:6;VGR;62-0318M;403;5;animaux lhuile mesure milieu voix
Apocalypse 6:11;VGR;62-0318M;403;4;devaient fut robe soient
Matthieu 19:9;VGR;62-0318M;403;7;adultere commet epouse epousera fornication quiconque repudiee
Genese 3:1;VGR;62-0318M;403;5;animal arbre leternel ruse serpent
Matthieu 19:28;VGR;62-0318M;403;4;disrael douze serez suivi
Luc 21:24;VGR;62-0318M;403;4;jerusalem nations pieds seront
Apocalypse 2:20;VGR;62-0318M;403;4;commettre enseigne fornication manger
Genese 22:16;VGR;62-0318M;403;4;leternel nas refuse unique
Malachie 3:1;VGR;62-0318M;403;8;chemin jenvoie lange messager plaisir prenez temple viendra
Esaie 27:12;VGR;62-0318M;403;4;courant disrael leternel serez
Apocalypse 16:13;VGR;62-0318M;403;4;bete bouche faux vis
Esaie 53:9;VGR;62-0318M;403;4;aucune bouche navait riche
Galates 4:27;VGR;62-0318M;403;8;cris eclate ecrit joie nes pousse sterile travail
Hebreux 9:11-14;VGR;62-0318M;403;5;biens creation etant parfait tabernacle
Genese 6:4;VGR;62-0318M;403;4;filles furent quelles venus
Hebreux 12:25;VGR;62-0318M;403;5;cieux echappe nont parlait prenez
Apocalypse 6:12;VGR;62-0318M;403;4;sac sceau soleil vis
Luc 1:17;VGR;62-0318M;403;4;delie justes pensee preparer
Josue 10:12;VGR;62-0318M;403;5;arrete disrael josue leternel soleil
Nombres 19:9;VGR;62-0318M;403;5;camp disrael hors lassemblee pur
Ephesiens 1:13-14;VGR;62-0318M;403;5;auquel ayant cru levangile salut
Joel 2:25;VGR;62-0422;78;4;annees armee envoyee sauterelle
Genese 14:18;VGR;62-0506;111;4;pain roi salem vin
Amos 3:7;VGR;62-0513M;71;5;leternel prophetes revele secret serviteurs
Genese 4:1;VGR;62-0527;49;5;cain concut connut enfanta eve
Genese 4:1;VGR;62-0527;63;5;cain concut connut enfanta eve
Genese 4:1;VGR;62-0527;64;6;acquis cain concut connut enfanta leternel
Daniel 12:3;VGR;62-0527;247;5;brilleront enseigne etoiles justice multitude
Genese 6:4;VGR;62-0531;132;6;eurent filles furent geants quelles venus
Daniel 12:3;VGR;62-0909M;18;5;brilleront enseigne etoiles justice multitude
Hebreux 11:1;VGR;62-0909M;21;5;celles conviction espere lassurance voit
Genese 2:7;VGR;62-1104M;185;5;ame devint narines souffla vivante
Esaie 27:12;VGR;62-1111E;24;4;degypte disrael jusquau leternel
Galates 3:29;VGR;63-0121;58;4;dabraham heritiers selon semence
Apocalypse 3:14;VGR;63-0223;66;9;commencement creation ecris fidele lamen lange laodicee temoin veritable
Apocalypse 3:21;VGR;63-0223;66;5;donnerai sasseoir trone vaincra vaincu
Matthieu 19:28;VGR;63-0317M;79;4;disrael douze tribus trone
Matthieu 11:25;VGR;63-0317M;110;5;cache intelligents loue revelees sages
Apocalypse 13:8;VGR;63-0318;33;4;ecrit fondation immole lagneau
Apocalypse 6:3;VGR;63-0319;25;5;jentendis ouvrit sceau second viens
Amos 3:7;VGR;63-0319;39;4;leternel prophetes revele serviteurs
Apocalypse 17:15;VGR;63-0319;297;8;assise eaux foules langues nations peuples prostituee vues
Matthieu 19:9;VGR;63-0319;302;4;adultere commet epouse fornication
Apocalypse 17:15;VGR;63-0319;313;8;assise eaux foules langues nations peuples prostituee vues
Apocalypse 19:21;VGR;63-0319;325;5;bouche cheval lepee sortait tue
Apocalypse 6:6;VGR;63-0320;22;8;denier dorge jentendis lhuile mesure mesures milieu voix
Apocalypse 6:3;VGR;63-0320;22;4;jentendis ouvrit sceau viens
Apocalypse 6:6;VGR;63-0320;249;8;denier dorge jentendis lhuile mesure mesures milieu voix
Apocalypse 6:3;VGR;63-0320;249;4;jentendis ouvrit sceau viens
Apocalypse 6:6;VGR;63-0320;258;7;denier dorge lhuile mesure mesures milieu voix
Apocalypse 6:6;VGR;63-0320;298;4;denier dorge mesure mesures
Apocalypse 6:6;VGR;63-0320;299;4;denier dorge mesure mesures
Apocalypse 6:6;VGR;63-0320;334;5;denier dorge lhuile mesure mesures
Apocalypse 6:6;VGR;63-0320;338;5;denier dorge lhuile mesure milieu
Apocalypse 6:3;VGR;63-0321;19;4;jentendis ouvrit sceau viens
Apocalypse 6:3;VGR;63-0321;104;4;jentendis ouvrit sceau viens
Apocalypse 13:6;VGR;63-0321;173;4;blasphemer blasphemes bouche ouvrit
Apocalypse 13:8;VGR;63-0321;178;4;ecrit fondation immole lagneau
Apocalypse 6:11;VGR;63-0322;39;6;blanche compagnons complet devaient fut robe
Apocalypse 6:3;VGR;63-0322;70;5;jentendis ouvrit sceau second viens
Apocalypse 6:6;VGR;63-0322;153;4;denier dorge mesure mesures
Apocalypse 22:8;VGR;63-0322;206;4;lange montrait pieds tombai
Apocalypse 6:11;VGR;63-0322;217;6;blanche compagnons complet devaient fut robe
Apocalypse 6:11;VGR;63-0322;273;5;blanche compagnons complet fut robe
Apocalypse 6:12;VGR;63-0323;112;8;devint noir ouvrit sac sceau sixieme soleil tremblement
Apocalypse 6:12;VGR;63-0323;121;4;ouvrit sceau sixieme tremblement
Apocalypse 6:12;VGR;63-0323;123;4;sceau sixieme soleil tremblement
Apocalypse 6:12;VGR;63-0323;183;8;devint noir ouvrit sac sceau sixieme soleil tremblement
Deuteronome 18:15;VGR;63-0323;231;4;lecouterez leternel milieu suscitera
Apocalypse 6:12;VGR;63-0323;270;4;devint noir sac soleil
Apocalypse 6:12;VGR;63-0323;273;4;devint noir sac soleil
Apocalypse 19:21;VGR;63-0323;286;4;bouche lepee sortait tue
Apocalypse 6:12;VGR;63-0323;313;8;devint noir ouvrit sac sceau sixieme soleil tremblement
Marc 13:27;VGR;63-0323;424;4;anges elus enverra vents
Apocalypse 13:8;VGR;63-0323;431;4;ecrit fondation immole lagneau
Nombres 12:6;VGR;63-0324E;94;6;connaitre ferai leternel parlerai songe vision
Apocalypse 6:12;VGR;63-0324E;128;4;sceau sixieme soleil vis
Marc 13:27;VGR;63-0324E;153;4;anges elus enverra vents
Matthieu 1:23;VGR;63-0324M;167;6;appellera emmanuel enceinte enfantera interprete vierge
Apocalypse 13:8;VGR;63-0324M;189;4;ecrit fondation immole lagneau
Genese 6:4;VGR;63-0623E;43;6;eurent filles furent geants quelles venus
Genese 6:4;VGR;63-0623E;57;6;eurent filles furent geants quelles venus
Nombres 12:6;VGR;63-0630M;284;4;connaitre ferai leternel parlerai
Marc 7:7;VGR;63-0707;291;5;commandements dhommes doctrines enseignant vain
Marc 7:7;VGR;63-0707M;291;5;commandements dhommes doctrines enseignant vain
Josue 10:12;VGR;63-0714M;166;6;arrete josue leternel lune parla soleil
Josue 10:12;VGR;63-0714M;167;4;arrete lune parla soleil
Matthieu 24:7;VGR;63-0818;90;4;divers lieux nation tremblements
Matthieu 27:51;VGR;63-0825M;57;4;dechira jusquen temple voile
Matthieu 27:51;VGR;63-0825M;58;5;fendirent jusquen rochers trembla voile
Apocalypse 3:21;VGR;63-0825M;153;4;donnerai trone vaincra vaincu
Hebreux 10:26;VGR;63-0901M;227;4;connaissance pechons sacrifice volontairement
Matthieu 11:25;VGR;63-1103;23;4;cache intelligents revelees sages
Apocalypse 13:8;VGR;63-1110E;45;4;ecrit fondation immole lagneau
Malachie 3:1;VGR;63-1110M;196;4;chemin lalliance messager preparera
Jean 14:12;VGR;63-1214;71;4;croit grandes men uvres
Nombres 12:6;VGR;63-1229E;149;4;connaitre ferai leternel parlerai
Jean 3:14;VGR;63-1229E;231;4;desert eleva eleve serpent
Matthieu 27:51;VGR;63-1229E;288;4;jusquen rochers temple voile
Jean 14:12;VGR;63-1229M;87;4;croit grandes men uvres
Jean 14:12;VGR;63-1229M;247;4;croit grandes men uvres
Matthieu 1:23;VGR;64-0205;36;4;emmanuel enfantera interprete vierge
Josue 10:12;VGR;64-0207;59;4;amoreens arrete josue soleil
Jean 14:12;VGR;64-0207;81;4;croit grandes men uvres
Matthieu 24:7;VGR;64-0207;84;4;aura divers lieux tremblements
Hebreux 10:26;VGR;64-0208;62;4;connaissance pechons sacrifice volontairement
Ephesiens 4:30;VGR;64-0208;178;4;lequel nattristez redemption scelles
Jean 12:20;VGR;64-0304;18;4;adorer fete grecs montes
Hebreux 10:26;VGR;64-0308;99;4;connaissance pechons sacrifice volontairement
Jean 12:20;VGR;64-0318;5;4;adorer fete grecs montes
Jean 12:14;VGR;64-0318;5;5;anon ayant ecrit sassit selon
Luc 16:16;VGR;64-0320;119;5;annonce loi lors prophetes royaume
Matthieu 11:25;VGR;64-0322;29;4;cache intelligents loue sages
Jean 14:12;VGR;64-0402;143;4;croit grandes men uvres
Jacques 5:14;VGR;64-0403;70;4;anciens dhuile malade prient
Jean 3:14;VGR;64-0403;178;4;desert eleva eleve serpent
Matthieu 24:7;VGR;64-0404;259;4;divers lieux nation tremblements
Amos 3:7;VGR;64-0411;4;4;leternel prophetes revele serviteurs
Hebreux 10:26;VGR;64-0417;101;4;connaissance pechons sacrifice volontairement
Jacques 5:14;VGR;64-0419;24;5;anciens dhuile lassemblee malade prient
Apocalypse 3:21;VGR;64-0629;53;4;sasseoir trone vaincra vaincu
Esaie 53:9;VGR;64-0705;24;6;bouche fraude mechants navait sepulcre violence
Genese 1:26;VGR;64-0705;45;5;image oiseaux poissons rampant selon
Apocalypse 21:19;VGR;64-0705;62;4;fondement fondements premier troisieme
Matthieu 19:28;VGR;64-0802;397;5;disrael douze serez tribus trones
Apocalypse 13:8;VGR;64-0816;212;4;ecrit fondation immole lagneau
Matthieu 19:9;VGR;64-0823M;202;5;adultere commet epouse quiconque repudiee
Genese 4:1;VGR;64-0823M;229;4;acquis cain eve leternel
Genese 4:1;VGR;64-0830E;122;4;acquis cain eve leternel
Matthieu 19:9;VGR;64-0830M;14;6;adultere commet epouse fornication quiconque repudiee
Daniel 7:9;VGR;64-0830M;279;4;cheveux furent laine lancien
Genese 3:1;VGR;64-0830M;314;4;animal champs ruse serpent
Esaie 53:9;VGR;64-1205;32;7;bouche fraude mechants navait riche sepulcre violence
Josue 10:12;VGR;64-1205;167;4;arrete josue lune soleil
Luc 2:7;VGR;64-1221;15;5;coucha creche lemmaillota lhotellerie premier
Galates 4:27;VGR;64-1221;182;4;cris joie pousse rejouis
Daniel 12:3;VGR;64-1221;221;5;brilleront enseigne etoiles justice multitude
Marc 7:7;VGR;65-0118;51;5;dhommes doctrines enseignant mhonorent vain
Jean 16:21;VGR;65-0124;39;5;heure joie lenfant souvient tristesse
Apocalypse 3:14;VGR;65-0206;78;9;commencement creation ecris fidele lamen lange laodicee temoin veritable
Marc 7:7;VGR;65-0220;80;5;commandements dhommes doctrines enseignant vain
Deuteronome 18:15;VGR;65-0221E;127;4;dentre leternel milieu suscitera
Jean 5:7;VGR;65-0221E;151;4;leau nai repondit viens
Matthieu 24:7;VGR;65-0221M;87;4;aura nation royaume selevera
Matthieu 19:9;VGR;65-0221M;226;7;adultere commet epousera fornication quiconque repudiee repudiera
Daniel 7:9;VGR;65-0410;23;4;blanc neige sassit vetement
Romains 8:11;VGR;65-0410;25;4;dentre habite mortels ressuscite
Romains 8:11;VGR;65-0410;45;5;dentre habite mortels ressuscite vivifiera
Romains 8:11;VGR;65-0410;58;5;dentre habite mortels ressuscite vivifiera
Romains 8:11;VGR;65-0410;114;5;dentre habite mortels ressuscite vivifiera
Romains 8:11;VGR;65-0410;172;4;dentre habite mortels ressuscite
Romains 8:11;VGR;65-0410;181;4;dentre habite mortels ressuscite
Romains 8:11;VGR;65-0410;206;4;dentre habite mortels ressuscite
Galates 4:27;VGR;65-0418E;192;4;cris joie nes pousse
Marc 16:1;VGR;65-0418M;22;5;aromates jacques marie sabbat salome
Romains 8:11;VGR;65-0418M;123;5;dentre habite mortels ressuscite vivifiera
Romains 8:11;VGR;65-0418M;155;4;dentre habite mortels ressuscite
Romains 8:11;VGR;65-0418M;192;4;dentre habite mortels ressuscite
Romains 8:11;VGR;65-0418M;215;4;dentre habite ressuscite vivifiera
Romains 8:11;VGR;65-0418M;291;4;dentre habite ressuscite vivifiera
Romains 8:11;VGR;65-0418M;306;4;dentre habite ressuscite vivifiera
Romains 8:11;VGR;65-0425;254;4;dentre habite mortels ressuscite
Jeremie 8:22;VGR;65-0427;104;4;baume fille galaad medecin
Matthieu 24:7;VGR;65-0711;61;4;aura divers lieux tremblements
Daniel 7:9;VGR;65-0711;63;4;blanc cheveux laine lancien
Daniel 7:9;VGR;65-0718E;78;4;blanc cheveux laine neige
Deuteronome 18:15;VGR;65-0718M;92;6;dentre lecouterez leternel milieu suscitera tes
Marc 7:7;VGR;65-0718M;138;4;commandements dhommes mhonorent vain
Hebreux 6:4;VGR;65-0725M;195;4;celeste don goute impossible
Deuteronome 18:15;VGR;65-0725M;225;5;dentre leternel milieu suscitera tes
Apocalypse 16:13;VGR;65-0725M;241;4;bete dragon faux grenouilles
Apocalypse 16:13;VGR;65-0725M;244;4;bouche esprits faux grenouilles
Matthieu 11:25;VGR;65-0801E;30;4;cache intelligents revelees sages
Apocalypse 17:15;VGR;65-0801E;33;4;assise eaux peuples prostituee
Apocalypse 3:14;VGR;65-0815;106;9;commencement creation ecris fidele lamen lange laodicee temoin veritable
Daniel 7:9;VGR;65-0822E;32;4;blanc cheveux laine lancien
Psaumes 16:10;VGR;65-0822M;125;5;ame corruption nabandonneras permettras voie
Genese 3:8;VGR;65-0829;5;4;arbres jardin leternel milieu
Genese 3:1;VGR;65-0829;5;6;champs jardin leternel mangerez ruse serpent
Genese 2:7;VGR;65-0911;46;5;devint leternel poussiere sol souffla
Genese 4:1;VGR;65-0911;87;4;cain concut connut enfanta
Genese 4:16;VGR;65-0911;87;5;cain deden habita lorient nod
Genese 4:1;VGR;65-0911;89;4;cain connut enfanta leternel
Genese 4:1;VGR;65-1031M;154;4;cain connut enfanta leternel
Daniel 7:9;VGR;65-1125;215;4;cheveux furent laine lancien
Luc 16:16;VGR;65-1125;258;4;loi lors prophetes royaume
Matthieu 11:25;VGR;65-1127B;122;4;cache intelligents loue sages
Matthieu 11:25;VGR;65-1127B;133;4;cache intelligents loue sages
Matthieu 11:25;VGR;65-1127E;104;5;cache intelligents loue revelees sages
Ephesiens 4:30;VGR;65-1128M;249;4;lequel nattristez redemption scelles
Matthieu 27:51;VGR;65-1204;168;7;dechira fendirent jusquen rochers temple trembla voile
Galates 3:29;VGR;65-1206;240;4;dabraham heritiers selon semence
Marc 7:7;VGR;65-1207;111;4;commandements dhommes enseignant vain
