code;traduction;titre;nb_rattachements;nb_concept;versets_concept;lectures_ouverture
47-1123;SKN;Les Enfants d’Israël (Les enfants dans le désert);9;0;;Esther 14:0 | Jean 14:12 | Jean 14:16 | Jean 14:2 | Jean 14:24 | Jean 14:27 | Jean 14:3 | Jean 14:5 | Matthieu 24:24
48-0304;SKN;L'Ange De Dieu;1;1;Jean 5:19;
49-0718;SKN;Je N'ai Point Été Désobéissant À La Vision Céleste;1;1;Jean 5:3;
50-0100;SKN;Les Maladies et les Afflictions;4;4;Psaumes 103:1 | Psaumes 103:2 | Psaumes 103:22 | Psaumes 103:3;
50-0100;VGR;Les maladies et les afflictions;4;4;Psaumes 103:1 | Psaumes 103:2 | Psaumes 103:22 | Psaumes 103:3;
50-0200;SKN;Nous N’avons Point Ici-Bas De Cité Permanente;5;0;;Hebreux 13:10 | Hebreux 13:11 | Hebreux 13:12 | Hebreux 13:13 | Hebreux 13:14
50-0227;SKN;Dieu Dans Son Peuple;1;1;Jacques 5:14;
50-0405;SKN;Expectative;3;3;Jean 5:1 | Jean 5:19 | Marc 16:17;
50-0409;SKN;Service De Baptême;5;4;Marc 16:16 | Marc 16:17 | Marc 16:18 | Marc 16:19;Esaie 40:9
50-0711;SKN;Le Ministère Expliqué;6;6;Hebreux 3:1 | Marc 16:16 | Marc 16:17 | Marc 16:18 | Matthieu 10:1 | Matthieu 10:8;
50-0716;SKN;Crois-Tu Cela?;7;7;Actes 1:14 | Actes 1:8 | Deuteronome 7:14 | Luc 24:49 | Marc 16:16 | Marc 16:17 | Marc 16:18;
50-0810;SKN;Expectative;1;0;;Marc 11:24
50-0815;SKN;L'Attitude Et Qui Est Dieu?;5;5;Jean 5:19 | Marc 16:16 | Marc 16:17 | Marc 16:18 | Marc 16:20;
50-0818;SKN;Il En Sera Comme Il M’a Été Dit;2;2;Hebreux 11:10 | Jean 5:24;
50-0821;SKN;L’Ange Et La Commission;5;5;Jean 3:16 | Jean 5:15 | Jean 5:2 | Jean 5:3 | Jean 5:7;
50-0822;SKN;La Foi Sans Les Œuvres Est Morte;1;1;Hebreux 3:1;
50-0823;SKN;Témoignage;1;1;1 Corinthiens 12:28;
50-0824;SKN;Et À Qui Le Bras De L'Éternel A-T-Il Été Révélé ?;6;0;;Esaie 53:1 | Esaie 53:11 | Esaie 53:12 | Esaie 53:4 | Esaie 53:5 | Esaie 53:6
50-0827E;SKN;Prends La Verge Et Convoque l’Assemblée;3;0;;1 Corinthiens 12:26 | 1 Corinthiens 12:28 | 1 Corinthiens 12:31
51-0414;SKN;L'Ange Et Les Trois Pulls;6;6;Hebreux 6:4 | Hebreux 6:6 | Hebreux 6:8 | Jean 5:33 | Jean 5:36 | Jean 5:37;
51-0415A;SKN;Histoire De Ma Vie;2;2;Job 7:27 | job 7:16;
51-0415E;SKN;L'Heure Est Venue;2;2;Jean 5:20 | Jean 5:36;
51-0501;SKN;Exhortation Sur La Guérison Divine;1;1;Hebreux 11:2;
51-0502;SKN;L'Ange de l’Éternel;11;11;Apocalypse 13:11 | Apocalypse 13:12 | Apocalypse 13:15 | Apocalypse 13:2 | Apocalypse 13:4 | Apocalypse 13:5 | Apocalypse 1:17 | Apocalypse 1:20 | Hebreux 12:1 | Hebreux 12:15 | Hebreux 12:2;
51-0503;SKN;Je Serai Avec Toi, Comme J’ai Été Avec Moïse;2;2;Esaie 53:1 | Hebreux 3:1;
51-0503;VGR;Comme J’ai été avec Moïse;2;2;Esaie 53:1 | Hebreux 3:1;
51-0505;SKN;Ma Commission;1;1;Jean 5:19;
51-0506E;SKN;Sur Ta Parole;1;1;Ephesiens 4:30;
51-0508;SKN;La Foi Est Une Ferme Assurance;3;3;Apocalypse 1:7 | Ephesiens 4:30 | Hebreux 11:1;
51-0509;SKN;Témoignage;8;7;Actes 19:21 | Actes 19:34 | Jean 14:12 | Jean 14:17 | Jean 14:31 | Jean 14:9 | Jean 5:19;
51-0717;SKN;La Manifestation De l’Esprit;8;7;Hebreux 3:1 | Jean 5:13 | Jean 5:14 | Jean 5:15 | Jean 5:19 | Jean 5:36 | Jean 5:9;Exode 23:20
51-0718;SKN;L’Ange Du Seigneur;1;1;Exode 13:21;
51-0720;SKN;L’Ange De Dieu;2;2;Actes 19:21 | Marc 11:24;
51-0722A;SKN;Histoire De Ma Vie;8;3;1 Rois 13:22 | 1 Rois 13:4 | Matthieu 24:24;Hebreux 13:10 | Hebreux 13:11 | Hebreux 13:12 | Hebreux 13:13 | Hebreux 13:14
51-0722E;SKN;Le Second Miracle;2;1;Actes 19:12;Jean 4:46
51-0727;SKN;La Seule Vraie Église Vivante;20;18;Actes 19:16 | Hebreux 3:1 | Hebreux 8:13 | Jean 14:12 | Jean 5:11 | Jean 5:12 | Jean 5:15 | Jean 5:20 | Jean 5:3 | Jean 5:6 | Jean 5:7 | Jean 5:8 | Marc 16:15 | Marc 16:16 | Marc 16:17 | Marc 16:18 | Matthieu 24:1 | Psaumes 103:3;
51-0729A;SKN;La Résurrection De Lazare;1;1;Jean 4:47;
51-0729E;SKN;Le Second Miracle;5;5;Actes 19:21 | Esaie 53:1 | Esaie 53:11 | Hebreux 3:1 | Jean 4:46;
51-0923;SKN;Les Principes De La Guérison Divine;4;4;Actes 19:11 | Hebreux 3:1 | Jean 14:7 | Psaumes 103:3;
51-0923;VGR;Les principes de la guérison Divine;3;3;Hebreux 3:1 | Jean 14:7 | Psaumes 103:3;
51-0929;SKN;Notre Espoir Repose En Dieu;3;3;Hebreux 13:8 | Jean 5:19 | Jean 5:20;
52-0224;SKN;Croire En Dieu;7;7;Genese 22:3 | Genese 22:6 | Marc 16:14 | Marc 16:2 | Marc 16:7 | Marc 16:9 | Psaumes 103:3;
52-0224;VGR;Croire Dieu;5;5;Genese 22:3 | Genese 22:6 | Genese 22:7 | Marc 16:14 | Psaumes 103:3;
52-0713A;SKN;Les Premières Expériences Spirituelles;3;1;1 Corinthiens 15:54;Actes 19:13 | Actes 19:21
52-0713E;SKN;Dieu Rend Témoignage À Ses Dons;6;4;Jean 14:12 | Jean 5:19 | Jean 5:36 | Jean 5:6;
52-0715;SKN;La Foi Dans Le Fils De Dieu;6;6;Actes 5:3 | Jean 5:24 | Jean 6:40 | Jean 6:44 | Jean 6:54 | Jean 6:56;
52-0716;SKN;Tu Connais Toutes Choses;9;8;Actes 2:22 | Actes 2:24 | Ephesiens 4:30 | Hebreux 9:4 | Hebreux 9:9 | Jean 16:30 | Jean 17:25 | Jean 5:19;
52-0717;SKN;Amène Les Gens À Croire;1;1;1 Corinthiens 12:28;
52-0718;SKN;C'Est Par Egard Pour Lui Seul;1;1;Job 42:8;
52-0720E;SKN;Qui A Cru À Ce Qui Nous Était Annoncé?;3;3;Jean 5:19 | Matthieu 8:13 | Matthieu 8:17;
52-0725;SKN;La Foi (Un Rapport Sur Le Voyage En Afrique);1;1;Marc 11:24;
52-0726;SKN;Les Expériences;4;4;1 Corinthiens 15:52 | Actes 2:22 | Hebreux 13:8 | Jean 5:19;
52-0727;SKN;Être Conduit Par Le Saint-Esprit;1;1;Jean 5:19;
52-0809;SKN;La Profondeur Appelle La Profondeur;3;1;Psaumes 103:3;Hebreux 13:8 | Jean 14:12
52-0810A;SKN;Je Suis La Résurrection Et La Vie;3;2;Actes 2:30 | Actes 2:38;
52-0810E;SKN;Jésus-Christ Est Le Même Hier, Aujourd’hui Et Éternellement;16;15;Jean 17:8 | Jean 5:1 | Jean 5:10 | Jean 5:11 | Jean 5:12 | Jean 5:18 | Jean 5:2 | Jean 5:3 | Jean 5:4 | Jean 5:6 | Jean 5:7 | Jean 5:8 | Jean 5:9 | Matthieu 8:17 | Matthieu 8:28;Hebreux 13:8
52-0817E;SKN;Vous Croyez Maintenant?;14;11;Hebreux 11:2 | Hebreux 3:1 | Jean 5:10 | Jean 5:15 | Jean 5:2 | Jean 5:20 | Jean 5:3 | Jean 5:36 | Jean 5:4 | Jean 5:7 | Jean 5:9;Hebreux 13:8 | Jean 5:19
52-0900;SKN;La Voie De Dieu Qui A Eté Frayée Pour Nous;11;1;Marc 11:24;Esaie 35:1 | Esaie 35:10 | Esaie 35:2 | Esaie 35:3 | Esaie 35:4 | Esaie 35:5 | Esaie 35:6 | Esaie 35:7 | Esaie 35:8 | Esaie 35:9
52-0900;VGR;La voie de Dieu qui a été préparée pour nous;11;1;Marc 11:24;Esaie 35:1 | Esaie 35:10 | Esaie 35:2 | Esaie 35:3 | Esaie 35:4 | Esaie 35:5 | Esaie 35:6 | Esaie 35:7 | Esaie 35:8 | Esaie 35:9
52-1027;SKN;Jésus-Christ Est Le Même Hier, Aujourd’hui Et Éternellement;17;11;Jean 5:10 | Jean 5:15 | Jean 5:19 | Jean 5:20 | Jean 5:3 | Jean 5:4 | Jean 5:7 | Jean 5:9 | Jean 9:16 | Jean 9:27 | Marc 11:24;
53-0215;SKN;Jésus-Christ est le même hier, aujourd'hui, et éternellement;2;0;;Hebreux 13:8 | Jean 5:19
53-0216;SKN;Mon Ange Marchera Devant Toi;1;1;Marc 11:24;
53-0216;VGR;Mon Ange marchera devant toi;1;1;Marc 11:24;
53-0219;SKN;Accepter Le Don De Dieu (Les Oeuvres Que Je Fais Rendent Témoignage);1;0;;Hebreux 3:1
53-0325;SKN;Israël En Egypte;95;95;Ephesiens 1:1 | Ephesiens 1:11 | Ephesiens 1:13 | Ephesiens 1:16 | Ephesiens 1:18 | Ephesiens 1:19 | Ephesiens 1:20 | Ephesiens 1:3 | Ephesiens 1:4 | Ephesiens 1:5 | Ephesiens 1:9 | Ephesiens 4:30 | Galates 1:8 | Genese 15:7 | Genese 45:1 | Genese 45:10 | Genese 45:11 | Genese 45:12 | Genese 45:14 | Genese 45:16 | Genese 45:17 | Genese 45:2 | Genese 45:21 | Genese 45:22 | Genese 45:23 | Genese 45:24 | Genese 45:26 | Genese 45:27 | Genese 45:28 | Genese 45:5 | Genese 45:6 | Jean 17:17 | Job 7:37 | Jude 4:0 | Matthieu 10:1 | Matthieu 10:13 | Matthieu 10:18 | Matthieu 10:2 | Matthieu 10:21 | Matthieu 10:25 | Matthieu 10:26 | Matthieu 10:28 | Matthieu 10:34 | Matthieu 10:5 | Matthieu 10:8 | Matthieu 1:18 | Matthieu 24:1 | Matthieu 24:14 | Matthieu 24:18 | Matthieu 24:21 | Matthieu 24:22 | Matthieu 24:24 | Matthieu 24:29 | Matthieu 24:30 | Matthieu 24:31 | Matthieu 24:36 | Matthieu 24:40 | Matthieu 24:43 | Matthieu 24:45 | Matthieu 24:46 | Matthieu 24:50 | Matthieu 24:51 | Matthieu 24:7 | Matthieu 24:9 | Romains 4:1 | Romains 4:11 | Romains 4:13 | Romains 4:16 | Romains 4:17 | Romains 4:18 | Romains 4:19 | Romains 4:3 | Romains 4:5 | Romains 4:6 | Romains 4:9 | Romains 9:1 | Romains 9:10 | Romains 9:11 | Romains 9:13 | Romains 9:15;
53-0326;SKN;Israël À La Mer Rouge, 1è Partie;21;21;Apocalypse 17:1 | Apocalypse 17:3 | Jean 5:24 | Jean 6:31 | Jean 6:40 | Jean 6:41 | Jean 6:44 | Jean 6:49 | Jean 6:51 | Jean 6:52 | Jean 6:54 | Jean 6:56 | Jean 6:58 | Matthieu 27:52 | Matthieu 27:53 | Matthieu 6:10 | Matthieu 6:11 | Matthieu 6:12 | Matthieu 6:13 | Matthieu 6:9 | Romains 8:1;
53-0327;SKN;Israël A La Mer Rouge #2;7;7;Actes 10:49 | Ephesiens 4:30 | Ephesiens 6:12 | Esaie 28:21 | Exode 12:27 | Romains 8:1 | actes 10:44;
53-0328;SKN;Israël À Kadès-Barnéa (Israël Devant Le Serpent D’airain);4;4;Ephesiens 4:30 | Jean 5:24 | Psaumes 103:3 | Romains 8:1;
53-0329;SKN;Israël dans sa patrie;15;8;Genese 3:14 | Josue 1:1 | Josue 1:15 | Josue 1:2 | Josue 1:4 | Josue 1:6 | Josue 1:7 | Josue 1:8;
53-0403;SKN;La Cruauté Du Péché Et La Peine Que Cela A Coutée Pour Delivrer Nos Vies Du Péché;10;10;Esaie 53:1 | Esaie 53:10 | Esaie 53:4 | Esaie 53:5 | Esaie 53:6 | Esaie 53:7 | Esaie 53:8 | Esaie 53:9 | Genese 1:21 | Genese 1:26;
53-0403;VGR;La cruauté du péché, et la peine qu’il en a coûté pour éliminer le péché de notre vie;10;10;Esaie 53:1 | Esaie 53:10 | Esaie 53:3 | Esaie 53:4 | Esaie 53:5 | Esaie 53:6 | Esaie 53:7 | Esaie 53:8 | Esaie 53:9 | Genese 1:21;
53-0405S;SKN;Allez Dire À Mes Disciples;2;2;Job 14:13 | Job 14:5;
53-0506;SKN;Jésus-Christ Est Le Même Hier, Aujourd’hui Et Eternellement;19;11;Hebreux 13:8 | Hebreux 3:1 | Jean 5:10 | Jean 5:11 | Jean 5:15 | Jean 5:19 | Jean 5:2 | Jean 5:3 | Jean 5:4 | Jean 5:7 | Jean 5:9;Jean 4:11 | Jean 4:13 | Jean 4:14 | Jean 4:15 | Jean 4:16 | Jean 4:17 | Jean 4:46
53-0507;SKN;Expectative;3;3;Jean 5:19 | Marc 11:24 | Matthieu 27:64;
53-0508;SKN;Dieu Commissionnant Moïse;1;1;Jean 5:19;
53-0509;SKN;La Colonne de Feu;6;6;Genese 2:15 | Genese 2:21 | Genese 2:5 | Genese 2:7 | Genese 2:8 | Genese 2:9;
53-0511;SKN;Nous L’avons Trouvé, Viens Et Vois;2;2;Hebreux 3:1 | Jean 5:19;
53-0512;SKN;Parle À Ce Rocher;12;10;Jean 5:15 | Jean 5:24 | Jean 5:3 | Jean 6:23 | Jean 6:39 | Jean 6:40 | Jean 6:44 | Jean 6:54 | Jean 6:56 | Jean 6:68;Romains 9:11 | Romains 9:13
53-0513;SKN;La Voie À Laquelle Dieu A Pourvue;9;6;Hebreux 13:12 | Jean 14:12 | Jean 4:47 | Marc 11:24 | Marc 16:18 | Matthieu 8:12;
53-0531;SKN;À La Recherche De Jésus;22;14;Actes 19:36 | Jean 12:34 | Jean 12:46 | Jean 12:9 | Jean 14:12 | Jean 5:10 | Jean 5:13 | Jean 5:15 | Jean 5:19 | Jean 5:2 | Jean 5:20 | Jean 5:3 | Jean 5:4 | Jean 5:9;Hebreux 13:8
53-0601;SKN;Faîtes Ce Qu’il Vous Dira;1;0;;Hebreux 3:1
53-0602;SKN;L’autorité de la Parole;1;0;;Jeremie 1:4
53-0603;VGR;Dieu a commissionné Moïse;4;4;Exode 23:20 | Exode 23:21 | Exode 23:22 | Jean 5:19;
53-0603;SKN;Dieu Commissionnant Moïse;1;1;Jean 5:19;
53-0604;SKN;L’Ange Du Seigneur;7;2;Exode 13:21 | Hebreux 11:2;Actes 19:21 | Actes 19:29 | Actes 19:34 | Ephesiens 4:30
53-0605;SKN;Le Début De La Renommée De Jésus;1;1;Jean 5:19;
53-0606;SKN;Une Bannière;13;13;Genese 22:14 | Genese 22:2 | Hebreux 13:8 | Jean 19:12 | Jean 5:15 | Jean 5:19 | Matthieu 27:14 | Matthieu 27:53 | Matthieu 27:60 | Matthieu 27:64 | Matthieu 2:13 | Matthieu 2:15 | Matthieu 2:19;
53-0607E;SKN;Un Témoignage;1;0;;Hebreux 11:2
53-0608A;SKN;Démonologie, domaine physique;3;2;Actes 19:1 | Jean 5:7;Psaumes 103:1
53-0608A;VGR;Démonologie, Domaine physique;3;2;Actes 19:1 | Jean 5:7;Psaumes 103:1
53-0608E;SKN;Sur Ta Parole;3;3;Marc 16:17 | Romains 4:17 | Romains 4:20;
53-0609A;SKN;Démonologie, domaine religieux;2;2;Hebreux 6:7 | Hebreux 6:8;
53-0609A;VGR;Démonologie, Domaine religieux;2;2;Hebreux 6:7 | Hebreux 6:8;
53-0611;SKN;Montre-Nous Le Père Et Cela Nous Suffit;8;6;Apocalypse 1:16 | Genese 1:2 | Genese 1:28 | Genese 1:7 | Marc 11:24 | Marc 16:17;
53-0612;SKN;Le Gazam, La Sauterelle, Le Jélek Et Le Hazil;50;0;;Jean 5:10 | Jean 5:11 | Jean 5:12 | Jean 5:13 | Jean 5:14 | Jean 5:15 | Jean 5:16 | Jean 5:18 | Jean 5:2 | Jean 5:24
53-0613;SKN;La Voie À Laquelle Dieu A Pourvue;20;0;;Actes 19:1 | Actes 19:12 | Actes 19:14 | Actes 19:16 | Actes 19:18 | Actes 19:19 | Actes 19:21 | Actes 19:23 | Actes 19:27 | Actes 19:29
53-0614;SKN;Je vois que Tu es Prophete;1;1;Hebreux 11:2;
53-0614A;SKN;Combattre Ardemment Pour La Foi Qui A Eté Transmise Aux Saints Une Fois Pour Toutes;5;5;Matthieu 10:1 | Matthieu 10:16 | Matthieu 10:35 | Matthieu 10:7 | Matthieu 10:8;
53-0729;SKN;Questions Et Réponses Sur La Genèse;49;25;Actes 19:1 | Actes 19:3 | Apocalypse 11:2 | Ephesiens 1:1 | Ephesiens 1:3 | Ephesiens 1:4 | Ephesiens 4:30 | Galates 1:8 | Genese 1:24 | Genese 1:25 | Genese 1:26 | Genese 1:7 | Genese 2:18 | Genese 2:19 | Genese 2:20 | Genese 2:21 | Genese 2:7 | Genese 2:9 | Hebreux 4:1 | Hebreux 4:3 | Hebreux 9:19 | Jean 17:17 | Jean 5:7 | Matthieu 10:1 | Matthieu 24:29;Genese 1:26 | Genese 2:7
53-0729;VGR;Questions et réponses sur la Genèse;48;26;Actes 19:1 | Actes 19:4 | Apocalypse 11:2 | Ephesiens 1:1 | Ephesiens 1:3 | Ephesiens 1:4 | Ephesiens 4:30 | Galates 1:8 | Genese 13:9 | Genese 1:2 | Genese 1:26 | Genese 2:18 | Genese 2:19 | Genese 2:20 | Genese 2:21 | Genese 2:5 | Genese 2:7 | Genese 3:14 | Genese 5:3 | Hebreux 4:1 | Hebreux 4:2 | Jacques 5:14 | Jean 17:17 | Jean 5:7 | Matthieu 10:1 | Matthieu 24:29;Genese 1:26 | Genese 2:7
53-0800;SKN;Le Prophète du  20e Siècle;1;1;Joel 2:28;
53-0829;SKN;Le Témoignage De Jésus-Christ;2;2;Jean 4:39 | Marc 11:24;
53-0902;SKN;Le Témoignage;2;2;Matthieu 10:1 | Matthieu 10:8;
53-0903;SKN;L’Expectative;2;2;Jean 5:19 | Jean 5:20;
53-0905;SKN;La Foi Sans Les Oeuvres Est Morte;1;1;Jean 5:19;
53-0906A;SKN;Crois-Tu Cela?;1;1;Ephesiens 4:30;
53-0906E;SKN;Jésus-Christ, Le Vivant;1;1;Matthieu 10:8;
53-0907A;SKN;Seigneur, Montre-Nous Le Père, Et Cela Nous Suffit;15;9;Jean 14:2 | Jean 14:3 | Jean 14:5 | Jean 14:7 | Jean 14:8 | Jean 14:9 | Job 14:13 | Job 14:7 | Matthieu 11:27;
53-1104;SKN;La Profondeur Appelle La Profondeur;2;2;Actes 19:34 | Jeremie 1:4;
53-1106;SKN;Vous Croyez Maintenant?;4;4;Hebreux 13:8 | Jean 5:10 | Jean 5:19 | Jean 5:9;
53-1109;SKN;Comment L’Ange Est Venu Vers Moi;5;4;Ephesiens 1:4 | Ephesiens 4:30 | Jean 19:12 | Jean 19:20;Jean 5:28
53-1110;SKN;Je Restaurerai;4;4;Actes 2:24 | Romains 9:11 | Romains 9:3 | Romains 9:33;
53-1111;SKN;La Préparation;15;7;Hebreux 11:16 | Hebreux 11:29 | Hebreux 3:1 | Marc 11:24 | Marc 16:16 | Marc 16:17 | Marc 16:18;Actes 1:8 | Actes 2:22 | Actes 2:43 | Actes 2:8 | Exode 4:1 | Exode 4:8
53-1112;SKN;La Démonologie;9;2;1 Jean 5:1 | Jean 7:5;Actes 2:22 | Actes 2:24 | Actes 2:25 | Actes 2:26 | Actes 2:27 | Actes 2:43 | Actes 2:46
53-1114;SKN;Compte Rendu Du Voyage En Afrique;3;2;Genese 1:11 | Luc 11:24;
53-1115E;SKN;Un Plus Grand Témoignage;3;3;Actes 19:21 | Actes 2:24 | Jean 5:19;
53-1115M;SKN;Parle Au Rocher;1;1;Jean 3:16;
53-1120;SKN;La Démonologie;8;5;Jean 5:19 | Jean 5:2 | Jean 5:4 | Jean 5:7 | Marc 16:17;
53-1121;SKN;Le Serpent D’Airain;4;3;Esaie 9:6 | Hebreux 13:8 | Jean 5:19;
53-1122;SKN;La Résurrection De Lazare;7;7;Jean 11:19 | Jean 11:24 | Jean 11:25 | Jean 11:26 | Jean 11:31 | Jean 11:33 | Marc 16:17;
53-1129A;SKN;La Foi Qui A Eté Transmise Aux Saints Une Fois Pour Toutes;5;5;Actes 2:24 | Actes 2:4 | Apocalypse 1:17 | Marc 16:17 | Marc 3:6;
53-1130;SKN;L'Eternel n'a-t-il parlé qu'à Moise ?;7;7;Jacques 5:14 | Jean 3:16 | Marc 16:15 | Marc 16:16 | Marc 16:17 | Marc 16:18 | Marc 16:9;
53-1201;SKN;La Voie À Laquelle Dieu A Pourvue;2;0;;Actes 19:21 | Actes 19:34
53-1204;SKN;Sur Ta Parole;3;3;Jean 4:38 | Jean 4:47 | Jean 5:19;
53-1205;SKN;La Résurrection;5;5;Actes 19:1 | Actes 19:4 | Actes 19:6 | Ephesiens 4:30 | Galates 1:8;
53-1206E;SKN;Vous Croyez Maintenant?;5;5;Jacques 5:16 | Jean 16:27 | Jean 1:49 | Jean 5:19 | Jean 5:24;
54-0103E;SKN;Questions Et Réponses #2;6;6;2 Timothee 2:16 | Esaie 4:1 | Exode 4:24 | Genese 44:49 | Jean 17:17 | genese 44:8;
54-0103E;VGR;Questions et réponses #2;5;5;Esaie 4:1 | Exode 4:24 | Genese 44:49 | Jean 17:17 | genese 44:10;
54-0103M;SKN;Questions Et Réponses #1;20;19;Actes 10:49 | Actes 19:1 | Actes 19:3 | Actes 19:4 | Actes 19:5 | Actes 2:38 | Apocalypse 11:6 | Apocalypse 1:14 | Apocalypse 6:12 | Apocalypse 6:5 | Apocalypse 6:9 | Ephesiens 4:30 | Ezechiel 9:4 | Luc 21:24 | Marc 16:16 | Matthieu 2:14 | Matthieu 2:15 | Matthieu 2:23 | actes 10:48;
54-0103M;VGR;Questions et réponses #1;16;16;Actes 10:49 | Actes 19:1 | Actes 19:4 | Actes 19:5 | Actes 2:38 | Apocalypse 1:14 | Apocalypse 6:12 | Apocalypse 6:5 | Apocalypse 6:9 | Ephesiens 4:30 | Esaie 5:24 | Ezechiel 9:4 | Luc 21:24 | Marc 16:16 | Matthieu 2:15 | actes 10:48;
54-0216;SKN;Jaïrus Et La Guérison Divine;2;2;Actes 19:1 | Actes 19:12;
54-0217;SKN;Jésus Se Tenant Sur L’autorité De La Parole;1;1;Hebreux 13:8;
54-0220;SKN;L’Expectative;5;5;Apocalypse 12:1 | Apocalypse 17:11 | Apocalypse 17:3 | Apocalypse 17:8 | Jean 5:19;
54-0221;SKN;Sur Ta Parole, Seigneur;3;3;Jean 5:24 | Marc 11:24 | Psaumes 103:3;
54-0228A;SKN;L’Expectative;2;2;Jean 5:24 | Marc 11:24;
54-0228E;SKN;Chercher Jésus;9;6;Hebreux 13:8 | Jean 14:7 | Jean 5:19 | Marc 16:6 | Marc 16:7 | Psaumes 103:3;Hebreux 3:1
54-0301;SKN;L’Ange De L’Alliance;2;2;1 Corinthiens 12:12 | Jean 5:19;
54-0302;SKN;La Résurrection de la fille de Jaïrus;4;4;Hebreux 13:8 | Hebreux 3:1 | Jean 5:19 | Matthieu 14:28;
54-0303;SKN;Les Témoins;5;5;Actes 2:38 | Ephesiens 4:30 | Jean 9:1 | Jean 9:16 | Marc 11:24;
54-0304;SKN;ELIE ET ELISEE;2;2;Hebreux 11:2 | Jean 3:16;
54-0305;SKN;LA VOIE POURVUE PAR DIEU POUR TRAITER LE PECHE;2;2;Ephesiens 4:30 | Jean 5:7;
54-0306;SKN;L’ALLIANCE INCONDITIONNELLE;1;1;Jean 5:19;
54-0307E;SKN;Vous Croyez Maintenant?;7;7;Jean 5:19 | Jean 5:30 | Jean 5:33 | Jean 5:34 | Jean 5:35 | Jean 5:36 | Jean 5:37;
54-0314;SKN;Pourquoi Je Prie Pour Les Malades;11;10;Esaie 40:3 | Hebreux 13:8 | Jean 5:19 | Jean 5:2 | Jean 5:24 | Jean 5:3 | Jean 5:4 | Jeremie 1:4 | Marc 11:24 | Marc 16:9;
54-0320;SKN;LA FOI VIENT DE CE QU’ON ENTEND;4;4;Jean 5:15 | Jean 5:19 | Jean 5:4 | Psaumes 103:3;
54-0329;SKN;LA REDEMPTION PAR LA PUISSANCE (LA REDEMPTION PAR LE SANG);5;5;Jean 5:24 | Jean 6:40 | Jean 6:44 | Jean 6:54 | Jean 6:56;
54-0329;VGR;La rédemption par la puissance;5;5;Jean 5:24 | Jean 6:40 | Jean 6:44 | Jean 6:54 | Jean 6:56;
54-0330;SKN;La Rédemption Dans Sa Totalité, Dans La Joie;1;1;Jean 3:16;
54-0330;VGR;La rédemption dans sa totalité, dans la joie;1;1;Jean 3:16;
54-0331;SKN;La Résurrection De La Fille De Jaïrus;2;1;Hebreux 13:8;Jean 5:19
54-0401;SKN;La Préparation De Dieu;1;1;Jean 5:19;
54-0402;SKN;Aveugle Bartimée;1;1;1 Timothee 3:16;
54-0403;SKN;La Main De l’Éternel Fut Sur Élisée;5;5;Actes 2:38 | Jean 5:19 | Luc 2:22 | Luc 2:27 | Marc 16:17;
54-0404E;SKN;Dieu A Une Voie À Laquelle Il A Pourvue;2;2;Jacques 5:14 | Jean 5:19;
54-0404E;VGR;Dieu a pourvu d’un moyen;2;2;Jacques 5:14 | Jean 5:19;
54-0404M;SKN;Combattre Ardemment Pour La Foi;5;4;Hebreux 13:11 | Hebreux 13:12 | Hebreux 13:13 | Luc 24:49;
54-0411;SKN;Ta Foi T’a Sauvé;3;2;Jean 5:19 | Jean 5:33;
54-0509;SKN;Invasion des Etats-Unis;1;1;2 Chroniques 18:12;
54-0512;SKN;LES SEPT AGES DE L'EGLISE;6;6;Apocalypse 13:1 | Apocalypse 13:11 | Apocalypse 13:16 | Apocalypse 13:2 | Apocalypse 17:15 | Genese 1:26;
54-0512;VGR;Les Sept Âges de l’Église;2;2;Apocalypse 17:15 | Genese 1:26;
54-0513;SKN;La Marque De La Bête;20;19;Apocalypse 12:1 | Apocalypse 12:2 | Apocalypse 12:3 | Apocalypse 12:4 | Apocalypse 12:5 | Apocalypse 17:12 | Apocalypse 17:15 | Apocalypse 17:16 | Apocalypse 17:3 | Apocalypse 17:7 | Apocalypse 17:8 | Daniel 7:2 | Daniel 7:23 | Daniel 7:24 | Daniel 7:4 | Daniel 7:5 | Daniel 7:6 | Daniel 7:7 | Daniel 7:8;
54-0513;VGR;La marque de la bête;20;19;Apocalypse 12:1 | Apocalypse 12:2 | Apocalypse 12:3 | Apocalypse 12:4 | Apocalypse 12:5 | Apocalypse 17:12 | Apocalypse 17:15 | Apocalypse 17:16 | Apocalypse 17:3 | Apocalypse 17:7 | Apocalypse 17:8 | Daniel 7:2 | Daniel 7:23 | Daniel 7:24 | Daniel 7:4 | Daniel 7:5 | Daniel 7:6 | Daniel 7:7 | Daniel 7:8;
54-0514;SKN;LE SCEAU DE DIEU;11;9;Actes 2:6 | Apocalypse 12:1 | Apocalypse 7:1 | Apocalypse 7:2 | Apocalypse 7:3 | Ephesiens 4:30 | Hebreux 12:1 | Hebreux 13:8 | Jean 17:17;
54-0514;VGR;Le Sceau de Dieu;12;10;Apocalypse 12:1 | Apocalypse 7:1 | Apocalypse 7:2 | Apocalypse 7:3 | Apocalypse 7:4 | Ephesiens 4:30 | Hebreux 12:1 | Hebreux 13:8 | Jean 17:17 | Matthieu 24:24;
54-0515;SKN;QUESTIONS ET REPONSES (SUR L’IMAGE DE LA BETE);31;25;1 Corinthiens 15:29 | Actes 10:49 | Actes 19:5 | Actes 1:4 | Actes 1:8 | Actes 2:2 | Actes 2:38 | Actes 2:4 | Actes 7:48 | Apocalypse 7:13 | Apocalypse 7:14 | Apocalypse 7:5 | Apocalypse 7:8 | Apocalypse 7:9 | Ephesiens 1:13 | Ephesiens 4:30 | Galates 1:8 | Galates 1:9 | Genese 2:7 | Hebreux 13:12 | Luc 24:49 | Matthieu 28:19 | Romains 5:1 | actes 10:44 | actes 10:48;
54-0515;VGR;Questions et réponses;29;23;Actes 10:49 | Actes 19:5 | Actes 1:8 | Actes 2:2 | Actes 2:38 | Actes 2:4 | Actes 7:48 | Apocalypse 7:13 | Apocalypse 7:14 | Apocalypse 7:5 | Apocalypse 7:8 | Apocalypse 7:9 | Ephesiens 1:13 | Ephesiens 4:30 | Galates 1:8 | Galates 1:9 | Genese 2:7 | Hebreux 13:12 | Luc 24:49 | Matthieu 28:19 | Romains 5:1 | actes 10:44 | actes 10:48;
54-0516;SKN;Questions Et Réponses;3;3;1 Jean 5:7 | Apocalypse 12:1 | Romains 8:1;
54-0516;VGR;Questions et réponses (la loi qui possède une ombre);3;3;Apocalypse 12:1 | Jean 5:7 | Romains 8:1;
54-0620;SKN;Je Restaurerai;2;2;Ephesiens 4:30 | Galates 1:8;
54-0620E;SKN;La Guérison Divine;5;4;Hebreux 10:26 | Jean 5:19 | Jeremie 1:4 | Nombres 12:6;
54-0718A;SKN;Le Grand Réveil Imminent Et L’effusion Du Saint-Esprit;2;2;Apocalypse 17:17 | Matthieu 16:1;
54-0718E;SKN;Voir Jésus;5;4;Hebreux 10:47 | Jean 5:4 | Jean 5:7 | hebreux 10:12;Hebreux 13:8
54-0719A;SKN;La Voie À Laquelle Dieu A Pourvue Pour La Guérison;5;0;;Ephesiens 4:30 | Galates 1:8 | Psaumes 103:1 | Psaumes 103:2 | Psaumes 103:3
54-0719E;SKN;Dieu A Pourvu À La Guérison Pour Cette Génération;2;2;2 Corinthiens 5:17 | Jean 5:19;
54-0720A;SKN;Le Fou De Gadara;3;3;Esaie 28:18 | Jean 14:24 | Marc 11:23;
54-0720E;SKN;C’est Moi, N’ayez Pas Peur!;1;1;Jean 5:19;
54-0723;SKN;LE PROPHETE ELISEE;1;1;Jean 5:19;
54-0724;SKN;Une Expérience Personnelle Avec Dieu;3;0;;Actes 1:8 | Hebreux 13:8 | Luc 24:49
54-0809A;SKN;JE RESTAURERAI;4;4;Actes 2:22 | Ephesiens 4:30 | Genese 1:14 | Genese 1:29;
54-0809E;SKN;LA MANIFESTATION DE TA RESURRECTION AUX GENS D'AUJOURD'HUI;4;3;Hebreux 13:8 | Jean 5:19 | Marc 11:24;Jean 5:19
54-0811;SKN;Montre-Nous Le Père;1;1;Matthieu 27:64;
54-0813;SKN;Jésus-Christ Est Le Même Hier, Aujourd’hui, Et Éternellement;1;1;Hebreux 3:1;
54-0824;SKN;Jésus-Christ Est Le Même Hier, Aujourd’hui Et Eternellement;2;1;Jean 5:19;Hebreux 13:8
54-0825;SKN;Nous L'avons Trouvé (Jésus-Christ, Le Même Hier, Aujourdhui Et Éternellement);1;1;Jean 5:19;
54-0829A;SKN;Je Vous Restaurerai, Dit L’Éternel;10;3;Matthieu 16:14 | Matthieu 16:17 | Matthieu 16:18;1 Corinthiens 13:1 | 1 Corinthiens 13:11 | 1 Corinthiens 13:2 | 1 Corinthiens 13:8 | Joel 1:1 | Joel 1:2 | Joel 1:4
54-0829E;SKN;Jésus-Christ Est Le Même Hier, Aujourd’hui Et Éternellement;1;1;Jean 5:19;
54-0900;SKN;Ayez Foi En Dieu;7;6;Jean 5:19 | Jean 5:2 | Jean 5:33 | Jean 5:37 | Jean 5:4 | Jean 5:7;Hebreux 11:2
54-1003E;SKN;L'Année De Jubilé;2;2;Ephesiens 4:30 | Romains 5:1;
54-1003M;SKN;La Parole Faite Chair;3;3;Jean 12:3 | Jean 12:38 | Romains 8:1;
54-1003M;VGR;La Parole s’est faite chair (compte rendu du voyage en Inde);2;2;Jean 12:38 | Romains 8:1;
54-1024;SKN;Le Péché Impardonnable;3;3;Actes 2:22 | Ephesiens 4:30 | Romains 8:1;
54-1024;VGR;Le péché impardonnable;5;5;Actes 2:22 | Ephesiens 4:30 | Genese 3:3 | Genese 3:5 | Romains 8:1;
54-1114;SKN;La Rédemption Par Le Jugement;23;12;Hebreux 10:26 | Jean 3:10 | Jean 3:11 | Jean 3:12 | Jean 3:14 | Jean 3:15 | Jean 3:16 | Nombres 21:2 | Nombres 21:23 | Nombres 21:25 | Nombres 21:3 | Nombres 21:9;Jean 3:10 | Jean 3:11 | Jean 3:12 | Jean 3:14 | Jean 3:15 | Jean 3:16 | Psaumes 70:1 | Psaumes 70:2 | Psaumes 70:3 | Psaumes 70:4
54-1114;VGR;La rédemption par le jugement;11;9;Hebreux 10:26 | Jean 3:11 | Jean 3:12 | Nombres 21:23 | Psaumes 70:1 | Psaumes 70:2 | Psaumes 70:3 | Psaumes 70:4 | Psaumes 70:5;
54-1203;SKN;La Loi Qui Possède Une Ombre;2;2;Jean 5:24 | Psaumes 23:4;
54-1204;SKN;Dieu amène son église à la perfection;2;2;Ephesiens 4:30 | Matthieu 27:53;
54-1205;SKN;Nous Voudrions Voir Jésus;13;0;;1 Corinthiens 13:3 | Hebreux 13:8 | Jean 5:10 | Jean 5:11 | Jean 5:15 | Jean 5:2 | Jean 5:3 | Jean 5:30 | Jean 5:4 | Jean 5:6
54-1207;SKN;Sur Ta Parole, Seigneur, Je Jetterai Le Filet;7;4;Hebreux 13:1 | Hebreux 13:8 | Hebreux 4:14 | Jean 5:19;Actes 19:12 | Actes 19:13
54-1212;SKN;Il Jura Par Lui-Même;3;3;Apocalypse 1:13 | Exode 19:1 | Jean 3:14;
54-1212;VGR;Il jura par Lui-même;5;5;Apocalypse 1:13 | Exode 19:1 | Jean 3:14 | Jean 3:17 | Marc 16:2;
54-1219E;SKN;Les Actes Du Saint-Esprit;2;2;Actes 2:38 | Jean 5:24;
54-1219E;VGR;Les actes du Saint-Esprit;3;3;Actes 2:38 | Jean 5:24 | Romains 8:1;
54-1219M;VGR;La guérison Divine;1;1;Hebreux 13:8;
54-1231;SKN;La Vie Eternelle Et Comment La Recevoir;2;2;Actes 2:38 | Jean 5:24;
55-0109E;SKN;Le Début Et La Fin De La Dispensation Des Gentils;2;2;Apocalypse 15:16 | apocalypse 15:1;
55-0109M;SKN;Melchisédek, le grand prince et roi;2;2;Hebreux 11:37 | Hebreux 12:1;
55-0109M;VGR;Melchisédek, le grand Prince et Roi;2;2;Hebreux 11:37 | Hebreux 12:1;
55-0113;SKN;LE FONDEMENT FONDAMENTAL POUR LA FOI;8;7;Hebreux 13:8 | Jean 14:12 | Jean 15:4 | Jean 15:5 | Jean 5:19 | Matthieu 19:18 | Matthieu 28:18;Jean 14:12
55-0115;SKN;La Loi;6;6;Hebreux 10:14 | Hebreux 10:40 | Hebreux 3:1 | Jean 3:18 | Psaumes 23:4 | hebreux 10:26;
55-0116A;SKN;Notre position en Christ;1;1;Genese 1:26;
55-0116E;SKN;Jésus-Christ Est Le Même Hier, Aujourd'hui Et Eternellement;3;2;Jean 5:19 | Marc 16:9;
55-0117;SKN;Comment L’ange Vint Vers Moi, Et Sa Commission;4;4;Actes 10:49 | Actes 2:38 | Actes 2:4 | actes 10:48;
55-0117;VGR;Comment l’Ange est venu à moi, et Sa commission;4;4;Actes 10:49 | Actes 2:38 | Actes 2:4 | actes 10:48;
55-0119;SKN;Josué, ce vaillant guerrier;5;0;;Josue 3:1 | Josue 3:16 | Josue 3:5 | Josue 3:7 | Josue 3:9
55-0120;SKN;LES 7 NOMS COMPOSES DE JEHOVAH;11;7;Genese 22:14 | Genese 22:2 | Genese 22:6 | Jean 5:19 | Psaumes 103:3 | Psaumes 46:1 | Psaumes 64:0;
55-0121;SKN;LES EAUX DE SEPARATION  (La mort apporte la vie);1;1;Romains 8:1;
55-0123A;SKN;L'Approche Vers Dieu (L'Approche Divine);2;0;;Psaumes 65:4
55-0123E;SKN;Combattre  Ardemment Pour La Foi;2;1;Luc 24:49;Luc 16:16
55-0220A;SKN;La Seconde Venue;4;4;Jean 5:19 | Jean 5:24 | Marc 16:9 | Matthieu 3:9;
55-0220E;SKN;Combattre Pour La Foi;9;9;Hebreux 10:26 | Hebreux 10:27 | Hebreux 13:12 | Hebreux 13:8 | Jean 5:19 | Jean 5:2 | Jean 5:3 | Luc 16:16 | Psaumes 103:3;
55-0221;SKN;Christ;14;4;Ephesiens 5:26 | Hebreux 10:22 | Marc 16:15 | Romains 8:1;Nombres 19:1 | Nombres 19:13 | Nombres 19:14 | Nombres 19:17 | Nombres 19:18 | Nombres 19:2 | Nombres 19:3 | Nombres 19:4 | Nombres 19:7 | Nombres 19:9
55-0222;SKN;Jéhovah-Jiré;8;8;Genese 22:14 | Genese 22:3 | Genese 22:6 | Genese 22:7 | Genese 22:8 | Genese 22:9 | Hebreux 13:8 | Jean 5:19;
55-0223;SKN;JOB, SERVITEUR DE DIEU;2;2;Hebreux 10:10 | Hebreux 10:2;
55-0224;SKN;L'EAU DU ROCHER;1;1;Ephesiens 4:30;
55-0227A;SKN;La Position D'un Croyant En Christ;2;2;Ephesiens 4:30 | Romains 8:1;
55-0227E;SKN;La  Guérison De La Fille De Jaïrus;5;5;Jean 11:25 | Jean 11:26 | Jean 5:10 | Jean 5:11 | Jean 5:3;
55-0228;SKN;La Séparation D’avec L’Incrédulité;5;5;Jean 5:24 | Jean 5:37 | Jean 5:4 | Jean 5:7 | Marc 16:14;
55-0302;SKN;Le  Rideau Du Temps;3;3;Actes 2:17 | Actes 2:22 | Amos 8:11;
55-0311;SKN;Le Sceau De L'Antichrist (La Marque De L'Antichrist);3;3;1 Jean 4:3 | Matthieu 11:23 | Matthieu 24:24;
55-0312;SKN;La Marque De Christ;10;5;Ephesiens 4:30 | Hebreux 10:12 | Hebreux 10:26 | Hebreux 10:27 | Jean 5:24;Hebreux 10:1 | Hebreux 10:12 | Hebreux 10:24 | Hebreux 10:26 | Hebreux 10:27
55-0403;SKN;La Communion Par La Rédemption;4;4;Hebreux 9:11 | Hebreux 9:12 | Hebreux 9:19 | Jean 14:2;
55-0403;VGR;La communion par la rédemption;4;4;Hebreux 9:11 | Hebreux 9:12 | Hebreux 9:19 | Jean 14:2;
55-0410M;SKN;LA PREUVE DE SA RESURRECTION;5;5;Esaie 61:1 | Galates 1:8 | Jean 21:3 | Jean 21:4 | Jean 21:8;
55-0410M;VGR;La preuve de Sa résurrection;5;5;Esaie 61:1 | Galates 1:8 | Jean 21:3 | Jean 21:4 | Jean 21:8;
55-0410S;SKN;Mon Rédempteur Est Vivant;2;2;Genese 22:14 | Genese 22:9;
55-0501E;SKN;La Foi Transmise Aux Saints Une Fois Pour Toutes;2;2;Galates 1:8 | Luc 16:16;
55-0522;SKN;L'Arche, Un Type De Christ;1;1;Ephesiens 4:30;
55-0522;VGR;L’Arche;1;1;Ephesiens 4:30;
55-0603;SKN;Jésus-Christ Est Le Même Hier, Aujourd’hui Et Eternellement;10;8;Jean 5:11 | Jean 5:15 | Jean 5:19 | Jean 5:2 | Jean 5:3 | Jean 5:4 | Jean 5:6 | Jean 5:7;Hebreux 13:8 | Hebreux 3:1
55-0604;SKN;Jaïrus, Le Croyant En Secret;1;1;Jean 5:19;
55-0605;SKN;La Communion Par La Réconciliation Du Sang;6;6;Hebreux 10:11 | Hebreux 10:12 | Hebreux 10:2 | Hebreux 10:22 | Hebreux 10:29 | Job 14:15;
55-0606;SKN;LES EAUX DE SEPARATION;1;1;Ephesiens 4:30;
55-0607;SKN;La  Vraie Vigne Et La Fausse Vigne;1;1;Jean 5:19;
55-0608;SKN;Abraham;4;3;Hebreux 13:8 | Romains 4:19 | Romains 4:20;Genese 22:7
55-0609;SKN;UN TEMOIGNAGE PLUS GRAND QUE CELUI DE JEAN;1;1;Jean 5:24;
55-0611;SKN;Qu'y a-t-il Dans Ta Main?;13;9;Esaie 53:5 | Jean 5:19 | Jeremie 1:4 | Marc 16:14 | Marc 16:16 | Marc 16:17 | Marc 16:18 | Marc 16:5 | Marc 16:9;
55-0611;VGR;Qu’y a-t-il dans ta main?;5;5;Jean 5:19 | Jeremie 1:4 | Marc 16:15 | Marc 16:16 | Marc 16:17;
55-0612;SKN;La Présence Du Seigneur Jésus;6;4;Jean 5:10 | Jean 5:13 | Jean 5:15 | Jean 5:19;Actes 19:12 | Actes 19:19
55-0620;SKN;Combattre Pour La Foi;5;5;Actes 10:3 | Jean 5:18 | Jean 5:19 | Jean 5:3 | Jean 5:4;
55-0621;SKN;Le Noble Romain;10;4;Marc 16:16 | Marc 16:17 | Marc 16:9 | Marc 5:19;Matthieu 8:10 | Matthieu 8:5 | Matthieu 8:6 | Matthieu 8:7 | Matthieu 8:8 | Matthieu 8:9
55-0624;SKN;Abraham;6;4;Jean 5:11 | Jean 5:29 | Jean 5:4 | Jean 5:8;Genese 22:14 | Genese 22:6
55-0625;SKN;Montre-Nous Le Père, Et Cela Nous Suffit;8;7;Actes 2:14 | Jean 11:43 | Jean 5:10 | Jean 5:11 | Jean 5:15 | Jean 5:19 | Jean 5:6;Jean 14:1
55-0626A;SKN;L'Histoire De Ma Vie;1;0;;Hebreux 13:10
55-0626E;SKN;Je Restaurerai;6;3;Marc 16:17 | Matthieu 10:8 | Matthieu 12:39;Joel 2:19 | Joel 2:22 | Joel 2:25
55-0731;SKN;Le Son Confus;2;2;Actes 2:38 | Psaumes 1:3;
55-0806;SKN;JESUS-CHRIST EST LE MEME HIER, AUJOURD'HUI ET ETERNELLEMENT;12;11;Actes 10:49 | Actes 2:22 | Jean 14:7 | Jean 5:19 | Jean 5:2 | Jean 5:3 | Jean 5:4 | Luc 2:39 | Luc 2:4 | Marc 16:17 | actes 10:48;Hebreux 13:8
55-0807E;SKN;La Conduite De L’Esprit De Dieu;12;5;Jean 5:19 | Jean 5:3 | Jean 5:30 | Romains 8:3 | Romains 8:36;Luc 2:22 | Luc 2:23 | Luc 2:25 | Luc 2:27 | Luc 2:29 | Luc 2:34 | Luc 2:39
55-0813;SKN;La Communion Fraternelle;6;6;Jean 11:1 | Jean 11:2 | Jean 11:29 | Jean 11:31 | Jean 11:42 | Jean 11:51;
55-0815;SKN;Combattre Ardemment;7;6;Actes 2:22 | Jean 5:10 | Jean 5:11 | Jean 5:13 | Jean 5:19 | Jean 5:9;
55-0817;SKN;Jehovah Jiré;1;1;Genese 22:14;
55-0818;SKN;L'Aveugle Bartimée;1;1;Jean 5:19;
55-0819;SKN;Conduit Par Le Saint-Esprit;9;3;Jean 4:48 | Jean 5:10 | Luc 2:38;Luc 2:25 | Luc 2:26 | Luc 2:27 | Luc 2:28 | Luc 2:29 | Luc 2:30
55-0826;SKN;William Branham Prêche;1;0;;Jean 11:43
55-0828A;SKN;Christ N’Est Pas Le Bienvenu;1;0;;Luc 7:36
55-0828A;VGR;Le Christ sans bienvenue;15;0;;Luc 7:36 | Luc 7:37 | Luc 7:38 | Luc 7:39 | Luc 7:40 | Luc 7:41 | Luc 7:42 | Luc 7:43 | Luc 7:44 | Luc 7:45
55-0828E;SKN;Monsieur, Nous Voudrions Voir Jésus;1;1;Jean 12:48;
55-0828E;VGR;Monsieur, nous voudrions voir Jésus;2;2;Jean 12:20 | Jean 12:21;
55-0911;SKN;Christ N’est Pas Le Bienvenu;1;1;Luc 7:36;
55-0911;VGR;Le Christ sans bienvenue;1;1;Luc 7:36;
55-1001;SKN;Expectative;5;4;Jean 4:38 | Jean 4:47 | Jean 5:19 | Jean 5:3;
55-1005;SKN;Le Livre D'Exode, 1ère Partie (Exode, Livre De Rédemption) (La Puissance de Démon);3;3;Matthieu 2:16 | Matthieu 2:23 | Matthieu 2:9;
55-1006A;SKN;Une Vie cachée;2;2;Apocalypse 2:17 | Apocalypse 2:7;
55-1007;SKN;La Puissance De La Décision;1;1;Jean 3:16;
55-1008;SKN;Les Résultats De La Décision;10;10;Actes 19:1 | Actes 19:13 | Actes 19:6 | Actes 2:22 | Ephesiens 4:30 | Esaie 28:8 | Hebreux 3:1 | Hebreux 4:10 | Jean 3:16 | Jean 5:19;
55-1111;SKN;Là Où, Je Pense, Les Pentecôtistes Ont Failli;4;4;Jean 3:15 | Jean 3:16 | Jean 3:18 | Jean 5:24;
55-1113;SKN;Jésus-Christ Est Le Même Hier, Aujourd’hui Et Eternellement;13;11;Actes 2:22 | Actes 2:43 | Jean 14:7 | Jean 5:10 | Jean 5:13 | Jean 5:19 | Jean 5:2 | Jean 5:3 | Jean 5:4 | Jean 5:9 | Marc 16:17;
55-1114;SKN;Puis Jésus Vint À L’Heure La Plus Sombre;1;1;Jean 5:19;
55-1115;SKN;L’Aveugle Bartimée;2;2;Jean 5:19 | Marc 16:17;
55-1116;SKN;L’Appel d’Abraham;8;0;;Genese 12:1 | Genese 12:2 | Genese 12:3 | Genese 12:4
55-1117;SKN;Jéhovah-Jiré;6;6;Genese 22:14 | Genese 22:3 | Genese 22:6 | Genese 22:7 | Genese 22:8 | Jean 5:19;
55-1118;SKN;La Foi d’Abraham;2;2;Matthieu 27:6 | Matthieu 27:64;
55-1119;SKN;Rédempteur, Rédemption;6;5;Hebreux 10:20 | Hebreux 10:8 | Hebreux 13:8 | Jean 5:19 | Job 19:25;
55-1120;SKN;QU'Y A-T-IL DANS TA MAIN?;5;5;Actes 19:1 | Actes 19:21 | Actes 19:4 | Actes 19:6 | Jean 5:24;
56-0101;SKN;Pourquoi les gens sont si ballotés?  (Le Voile Intérieur);1;1;Jean 5:24;
56-0101;VGR;Pourquoi les gens sont-ils si ballottés?;1;1;Jean 5:24;
56-0115;SKN;La Jonction Du Temps;16;4;Apocalypse 11:15 | Apocalypse 11:18 | Apocalypse 11:19 | Apocalypse 11:6;Actes 2:15 | Actes 2:17 | Actes 2:18 | Actes 2:19 | Actes 2:20 | Actes 2:21 | Actes 2:22 | Joel 2:28 | Joel 2:29 | Joel 2:31
56-0115;VGR;Au carrefour du temps;12;0;;Actes 2:15 | Actes 2:17 | Actes 2:18 | Actes 2:19 | Actes 2:20 | Actes 2:21 | Joel 2:10 | Joel 2:28 | Joel 2:29 | Joel 2:31
56-0121;SKN;Le Voile Intérieur;3;3;Actes 2:38 | Apocalypse 1:16 | Apocalypse 1:6;
56-0122;SKN;Les Cinq Jonctions Du Temps;14;14;Actes 2:15 | Actes 2:17 | Actes 2:18 | Actes 2:19 | Actes 2:20 | Actes 2:21 | Ephesiens 4:30 | Hebreux 11:4 | Hebreux 1:10 | Jean 3:14 | Joel 2:28 | Joel 2:29 | Joel 2:31 | Joel 2:32;
56-0122;VGR;Au carrefour du temps;14;14;Actes 2:15 | Actes 2:17 | Actes 2:18 | Actes 2:19 | Actes 2:20 | Actes 2:21 | Actes 2:43 | Ephesiens 4:30 | Hebreux 11:4 | Jean 3:14 | Joel 2:28 | Joel 2:29 | Joel 2:31 | Joel 2:32;
56-0128;SKN;L’INSPIRATION SPIRITUELLE;1;1;Hebreux 12:1;
56-0129;SKN;LE SURNATUREL (L'ATMOSPHÈRE SPIRITUELLE);4;4;Jean 10:12 | Jean 10:16 | Jean 10:4 | Jean 10:5;
56-0212;SKN;La Communion;2;2;Hebreux 4:12 | Psaumes 103:3;
56-0213;SKN;Une Vie cachée avec Christ;5;5;Ezechiel 9:2 | Ezechiel 9:4 | Matthieu 8:12 | Matthieu 8:28 | Matthieu 8:4;
56-0223;SKN;L’Alliance De Dieu Avec Abraham Et Sa Postérité;8;8;Actes 19:4 | Ephesiens 1:25 | Genese 22:3 | Genese 22:6 | Romains 4:18 | Romains 4:20 | Romains 4:3 | colossiens 1:25;
56-0224;SKN;Jéhovah-Jiré;11;11;Ephesiens 4:30 | Genese 22:14 | Genese 22:3 | Genese 22:6 | Genese 22:7 | Genese 22:8 | Jean 6:51 | Jean 6:54 | Jean 6:56 | Joel 2:28 | Romains 4:16;
56-0225;SKN;Jésus-Christ Est Le Même Hier, Aujourd’hui Et Eternellement;13;9;1 Corinthiens 12:28 | 1 Corinthiens 12:29 | Jean 14:7 | Jean 5:10 | Jean 5:19 | Jean 5:3 | Jean 5:4 | Jean 5:7 | Luc 16:16;Hebreux 13:8
56-0304;SKN;FAIRE L'ISSUE;1;1;Jean 5:24;
56-0311A;SKN;La Vraie Et La Fausse Vignes;8;8;Apocalypse 17:1 | Jean 6:23 | Jean 6:31 | Jean 6:38 | Jean 6:49 | Jean 6:51 | Jean 6:58 | Psaumes 23:4;
56-0401M;SKN;Le Puissant Conquérant;4;4;Jean 11:26 | Jean 11:51 | Jean 14:7 | Jean 5:19;
56-0401M;VGR;Le puissant Vainqueur;3;3;Jean 11:26 | Jean 14:7 | Jean 5:19;
56-0403;SKN;Le Berger De La Bergerie;2;2;Actes 2:22 | Jean 7:12;
56-0405;SKN;La Résurrection De Jésus;7;7;Jean 5:10 | Jean 5:13 | Jean 5:15 | Jean 5:19 | Jean 5:4 | Jean 5:6 | Jean 5:9;
56-0406;SKN;La Parole Infaillible De Dieu;11;11;1 Corinthiens 13:12 | Actes 2:22 | Actes 2:24 | Hebreux 13:8 | Jacques 5:15 | Jean 14:12 | Jean 4:10 | Jean 4:7 | Jean 4:9 | Jean 5:19 | Matthieu 8:4;
56-0407;SKN;L’Aveugle Bartimée;2;1;Jean 5:19;Luc 18:42
56-0408E;SKN;Le Temps Est Proche;1;1;Jean 5:19;
56-0414;SKN;L’Aveugle Bartimée;12;12;Actes 19:1 | Actes 19:12 | Actes 19:21 | Jean 15:4 | Jean 15:5 | Jean 5:19 | Jean 5:24 | Marc 11:24 | Marc 16:14 | Marc 16:17 | Marc 16:18 | Marc 16:9;
56-0415;SKN;La Profondeur Appelant La Profondeur;7;7;Actes 19:21 | Actes 19:34 | Jean 5:15 | Jean 5:19 | Jean 5:24 | Jean 5:3 | Jean 5:7;
56-0419;SKN;Combattre Ardemment Pour La Foi Qui A Été Transmise Aux Saints Une Fois Pour Toutes;28;16;Actes 2:22 | Actes 2:43 | Actes 2:5 | Ephesiens 4:30 | Jean 5:10 | Jean 5:11 | Jean 5:15 | Jean 5:18 | Jean 5:3 | Jean 5:30 | Jean 5:4 | Jean 5:6 | Jean 5:7 | Jean 5:9 | Marc 16:16 | Marc 16:17;
56-0420;SKN;Quand Leurs Yeux S'ouvrirent;1;1;Jean 5:19;
56-0421;SKN;Ce Que Sont Les Visions;1;1;Jean 5:19;
56-0422;SKN;Montre-Nous Le Père Et Cela Nous Suffit;1;1;Jean 5:19;
56-0426;SKN;Jésus-Christ Est Le Même Hier, Aujourd’hui Et Eternellement;5;4;Hebreux 13:8 | Jean 5:19 | Marc 16:17 | Marc 16:9;
56-0427;SKN;La Foi;8;8;Genese 13:10 | Genese 13:14 | Genese 13:16 | Genese 13:3 | Genese 17:1 | Genese 17:12 | Genese 17:19 | Jean 5:24;
56-0428;SKN;Alliance De Dieu Avec Abraham;5;5;Genese 22:14 | Hebreux 13:8 | Jean 19:20 | Jean 5:19 | Jean 5:24;
56-0429;SKN;Jéhovah-Jiré;5;5;Genese 22:14 | Hebreux 13:8 | Jean 19:20 | Jean 5:19 | Jean 5:24;
56-0513;SKN;L'ENSEIGNEMENT SUR MOISE;16;0;;Marc 8:1 | Marc 8:16 | Marc 8:18 | Marc 8:2 | Marc 8:27 | Marc 8:3 | Marc 8:31 | Marc 8:33 | Marc 8:34 | Marc 8:35
56-0513;VGR;Un enseignement sur Moïse;6;6;Marc 8:1 | Marc 8:16 | Marc 8:34 | Marc 8:35 | Marc 8:6 | Matthieu 16:25;
56-0527;SKN;À Kadès-Barnéa;1;1;Ephesiens 4:30;
56-0527;VGR;À Kadès-Barnéa;1;1;Ephesiens 4:30;
56-0603;SKN;Le Livre De Vie De L'Agneau;4;4;Ephesiens 4:30 | Hebreux 10:1 | Hebreux 10:8 | Romains 8:1;
56-0610;SKN;LA PERFECTION;26;0;;Hebreux 10:1 | Hebreux 10:10 | Hebreux 10:11 | Hebreux 10:12 | Hebreux 10:13 | Hebreux 10:14 | Hebreux 10:16 | Hebreux 10:17 | Hebreux 10:2 | Hebreux 10:20
56-0610;VGR;La perfection;1;1;Hebreux 10:14;
56-0611;SKN;ECOUTEZ-LE;1;1;Ephesiens 1:5;
56-0612;SKN;C'est La Vie Qui Guérit;8;7;Jean 5:7 | Marc 16:16 | Marc 16:17 | Marc 16:9 | Psaumes 103:1 | Psaumes 103:2 | Psaumes 103:3;Jean 5:4
56-0613;SKN;Jéhovah-Jiré;5;5;Jean 4:42 | Jean 5:19 | Luc 16:24 | Romains 4:19 | Romains 4:21;
56-0614;SKN;Dieu A Pourvu À Un Agneau;11;11;Genese 22:13 | Genese 22:14 | Genese 22:3 | Genese 22:5 | Genese 22:6 | Genese 22:7 | Genese 22:8 | Genese 22:9 | Jean 5:24 | Marc 11:24 | Marc 16:6;
56-0615;SKN;Un Exode;4;3;Hebreux 13:8 | Jean 5:19 | Matthieu 27:53;
56-0621;SKN;La Loi Qui Possède Une Ombre;3;3;Ephesiens 4:30 | Jean 5:24 | Romains 8:1;
56-0715;SKN;La Marque De La Bête;9;8;Ephesiens 4:30 | Esaie 5:13 | Esaie 61:1 | Esaie 6:10 | Esaie 6:5 | Hebreux 10:34 | Jean 1:46 | Jean 4:1;Hebreux 11:1
56-0715;VGR;La marque de la bête;5;5;Ephesiens 4:30 | Esaie 61:1 | Hebreux 10:1 | Hebreux 11:1 | Jean 1:4;
56-0722;SKN;Tout Est Possible À Celui Qui Croit;2;2;Jean 5:19 | Marc 11:24;
56-0723;SKN;Conduit Par L’Esprit De Dieu;4;4;1 Corinthiens 12:30 | Luc 24:49 | Marc 11:24 | Romains 8:1;
56-0723;VGR;Conduits par l’Esprit de Dieu;3;3;Luc 24:49 | Marc 11:24 | Romains 8:5;
56-0726;SKN;Amour;1;1;Jean 3:16;
56-0731;SKN;La Résurrection De La Fille De Jaïrus;3;2;Ephesiens 4:30 | Jean 5:19;
56-0805;SKN;L'Église Et Sa Condition;2;2;Jean 5:24 | Romains 8:1;
56-0805;VGR;L’Église et sa condition;2;2;Jean 5:24 | Romains 8:1;
56-0814;SKN;L'Amour Divin Et La Grâce Souveraine (Quand L’amour S'élance);1;1;Jean 5:19;
56-0815;SKN;La Foi;3;3;Actes 19:4 | Ephesiens 4:30 | Jean 5:19;
56-0930;SKN;Ecoutez-Le;2;2;Exode 19:16 | Exode 19:23;
56-0930E;SKN;Les Témoins;1;1;Jean 5:19;
56-1001;SKN;Le Ministère Expliqué;13;13;Hebreux 13:8 | Jean 1:43 | Jean 1:46 | Jean 1:47 | Jean 5:10 | Jean 5:11 | Jean 5:15 | Jean 5:19 | Jean 5:3 | Jean 5:4 | Jean 5:9 | Marc 16:16 | Marc 16:17;
56-1001;VGR;Le ministère expliqué;7;7;Hebreux 13:8 | Jean 1:46 | Jean 1:47 | Jean 5:19 | Jean 5:3 | Marc 16:17 | Matthieu 12:42;
56-1002A;SKN;Père, L’Heure Est Venue;18;6;Esaie 40:3 | Esaie 40:6 | Hebreux 3:14 | Hebreux 3:6 | Luc 24:49 | Marc 16:17;2 Chroniques 18:22 | 2 Chroniques 18:23 | 2 Chroniques 18:24 | 2 Chroniques 18:25 | 2 Chroniques 18:26 | 2 Chroniques 18:27
56-1002E;SKN;LE PROPHETE ELISEE;1;1;Hebreux 12:3;
56-1004;SKN;Un Souper De Noces;8;8;Actes 2:2 | Actes 2:42 | Actes 2:46 | Matthieu 22:10 | Matthieu 22:11 | Matthieu 22:12 | Matthieu 22:13 | Matthieu 22:7;
56-1005;SKN;LA Jézabel Au Visage Fardé;4;1;Hebreux 11:40;Actes 19:1 | Actes 19:4 | Actes 19:6
56-1125M;SKN;Une Robe D'occasion;1;1;Actes 1:8;
56-1125M;VGR;Un manteau de seconde main;1;1;Actes 1:8;
56-1206;SKN;Une Robe D'Occasion;3;2;Jean 5:19 | Marc 16:17;
56-1207;SKN;Les Dons;5;5;1 Corinthiens 12:28 | 1 Corinthiens 12:29 | 1 Corinthiens 12:8 | Actes 19:21 | Jean 5:19;
56-1208;SKN;Abraham;6;5;Actes 19:29 | Actes 19:34 | Ephesiens 4:30 | Hebreux 13:8 | Jean 5:24;
56-1209E;SKN;Jéhovah-Jiré;13;12;Ephesiens 4:30 | Jean 15:5 | Jean 1:46 | Jean 1:47 | Jean 1:48 | Jean 1:49 | Jean 1:50 | Jean 5:15 | Jean 5:19 | Marc 11:24 | Matthieu 27:53 | Matthieu 8:17;
56-1215;SKN;ECOUTEZ-LE;3;2;Jean 5:19 | Jean 5:24;
56-1230;SKN;JOSEPH RENCONTRE SES FRERES (JOSEPH, LE FAISEUR DE SONGES);9;9;Genese 37:13 | Genese 37:15 | Genese 37:17 | Genese 37:18 | Genese 37:23 | Genese 37:3 | Genese 37:8 | Hebreux 11:27 | Hebreux 11:8;
56-1230;VGR;Joseph à la rencontre de ses frères;4;4;Genese 37:15 | Genese 37:17 | Genese 37:18 | Genese 37:8;
57-0104;SKN;Messieurs, Nous Voudrions Voir Jésus;19;18;Hebreux 13:8 | Jean 19:20 | Jean 19:24 | Jean 19:28 | Jean 19:36 | Jean 3:20 | Jean 5:11 | Jean 5:13 | Jean 5:15 | Jean 5:19 | Jean 5:3 | Jean 5:30 | Jean 5:4 | Jean 5:7 | Jean 5:9 | Jean 6:17 | Marc 16:16 | Psaumes 103:3;
57-0105;SKN;Ecoutez-Le;3;3;Hebreux 13:8 | Jean 5:19 | Psaumes 103:3;
57-0106;SKN;Jéhovah-Jiré;2;2;Hebreux 13:8 | Jean 5:19;
57-0114;SKN;La Preuve Infaillible De La Résurrection;12;12;1 Corinthiens 12:28 | Actes 4:36 | Hebreux 13:8 | Jean 14:7 | Jean 4:48 | Jean 5:19 | Jean 5:3 | Jean 5:4 | Jean 5:6 | Jean 5:7 | Marc 16:17 | Psaumes 103:3;
57-0115;SKN;Dieu Tient Sa Parole;14;14;Actes 19:1 | Actes 19:29 | Actes 1:8 | Actes 2:13 | Actes 2:2 | Ephesiens 4:30 | Esaie 9:6 | Hebreux 13:8 | Hebreux 3:1 | Jean 5:19 | Luc 24:49 | Matthieu 8:13 | Matthieu 8:17 | Matthieu 8:4;
57-0120E;SKN;Dieu Tient Sa Parole;5;4;Apocalypse 17:1 | Apocalypse 17:3 | Apocalypse 17:7 | Apocalypse 17:9;Galates 1:8
57-0120E;VGR;Dieu tient Sa Parole;6;6;Apocalypse 17:1 | Apocalypse 17:15 | Apocalypse 17:3 | Apocalypse 17:7 | Apocalypse 17:9 | Galates 1:8;
57-0120M;SKN;L’Imitation Du Christianisme;2;2;2 Timothee 4:3 | 2 Timothee 4:5;
57-0125;SKN;Ecoutez-Le;4;4;Apocalypse 1:17 | Galates 1:8 | Jean 5:19 | Jean 5:24;
57-0126B;SKN;Le Rapport Du Voyage En Inde;12;8;2 Timothee 4:3 | Actes 2:46 | Jean 14:12 | Jean 3:16 | Jean 5:19 | Marc 11:24 | Marc 16:15 | Marc 16:17;Marc 16:17
57-0126E;SKN;QUAND L’AMOUR DIVIN S’ELANCE, LA GRACE SOUVERAINE INTERVIENT;5;2;Jean 3:16 | Jean 5:24;
57-0127A;SKN;L'Imitation Du Christianisme;1;1;Actes 2:38;
57-0127E;SKN;L’Aveugle Bartimée;11;11;Jean 4:27 | Jean 4:47 | Jean 4:7 | Jean 4:9 | Jean 5:10 | Jean 5:15 | Jean 5:19 | Jean 5:2 | Jean 5:4 | Jean 5:7 | Jean 5:9;
57-0226;SKN;Messieurs, Nous Voudrions Voir Jésus;11;11;Hebreux 13:8 | Jean 14:12 | Jean 1:46 | Jean 1:47 | Jean 4:11 | Jean 4:20 | Jean 4:33 | Jean 4:7 | Jean 4:8 | Jean 4:9 | Jean 5:19;
57-0228;SKN;Il Y A Ici Plus Que Salomon;3;3;Jean 5:19 | Matthieu 12:24 | Matthieu 12:27;
57-0301;SKN;Aveugle Bartimée;5;1;Esaie 9:6;Luc 18:40 | Luc 18:41 | Luc 18:42 | Luc 18:43
57-0302;SKN;Et Puis Jésus Vint;6;0;;Jean 11:1 | Jean 11:11 | Jean 11:2 | Jean 11:31 | Jean 11:32 | Jean 5:19
57-0305;SKN;Amour Divin;5;5;Actes 19:11 | Actes 19:29 | Hebreux 13:8 | Jean 1:50 | Jean 5:19;
57-0306;SKN;Dieu Tient Sa Parole;3;3;Apocalypse 13:8 | Apocalypse 21:27 | Apocalypse 21:9;
57-0308;SKN;LE BON BERGER DES BREBIS;11;7;Jean 10:16 | Jean 4:52 | Jean 4:9 | Psaumes 1:1 | Psaumes 1:2 | Psaumes 1:3 | Psaumes 1:6;Jean 10:16 | Jean 10:27 | Jean 10:4 | Jean 10:5
57-0309B;SKN;Je Restaurerai;4;3;1 Corinthiens 13:2 | Joel 2:38 | actes 2:38;Joel 2:25
57-0309E;SKN;Jéhovah-Jiré;2;2;Marc 16:17 | Marc 16:9;
57-0310E;SKN;Ecoutez-Le;1;1;Jean 5:19;
57-0317;SKN;Ecoutez-Le;1;1;Ephesiens 1:5;
57-0322;SKN;Ecoutez-Le;6;6;Apocalypse 13:13 | Hebreux 13:8 | Jean 1:49 | Jean 4:9 | Jean 5:19 | Psaumes 103:3;
57-0323;SKN;Dieu Dans Sa Parole;6;3;Hebreux 13:8 | Jean 5:19 | Luc 24:49;Jean 14:8 | Jean 14:9
57-0325;SKN;L’Agneau Et La Colombe;3;3;Galates 5:22 | Jean 5:19 | Jean 5:24;
57-0326;SKN;Jéhovah-Jiré;9;9;Genese 22:3 | Genese 22:5 | Genese 22:7 | Genese 22:9 | Hebreux 3:1 | Jean 4:11 | Jean 4:7 | Jean 4:9 | Marc 11:24;
57-0407E;SKN;Puis Jésus Vint;1;1;Jean 5:19;
57-0407E;VGR;Alors Jésus vint;1;1;Jean 5:19;
57-0407M;SKN;Dieu Tient Sa Parole;1;1;Marc 10:14;
57-0407M;VGR;Dieu tient Sa Parole;1;1;Marc 10:14;
57-0414;SKN;Corinthiens, livre de correction;2;2;Jean 3:16 | Psaumes 1:1;
57-0417;SKN;La Seconde venue du seigneur;1;1;Galates 5:22;
57-0417;VGR;La seconde Venue du Seigneur;1;1;Galates 5:22;
57-0418;SKN;La Communion;13;13;Hebreux 7:1 | Hebreux 7:11 | Hebreux 7:16 | Hebreux 7:17 | Hebreux 7:19 | Hebreux 7:2 | Hebreux 7:21 | Hebreux 7:25 | Hebreux 7:26 | Hebreux 7:27 | Hebreux 7:3 | Hebreux 7:4 | Hebreux 7:5;
57-0418;VGR;La communion;4;4;Hebreux 7:1 | Hebreux 7:2 | Hebreux 7:21 | Hebreux 7:4;
57-0419;SKN;La Perfection (soyez donc parfaits);2;1;Romains 8:1;Matthieu 5:48
57-0419;VGR;La perfection;1;1;Romains 8:1;
57-0420;SKN;L'ENSEVELISSEMENT;3;3;Jean 5:24 | Matthieu 24:29 | Matthieu 27:53;
57-0420;VGR;La mise au tombeau;1;1;Jean 5:24;
57-0421E;SKN;Et Leurs Yeux S’Ouvrirent,  Et Ils Le Reconnurent;2;2;Hebreux 13:8 | Jean 5:19;
57-0421E;VGR;Alors leurs yeux s’ouvrirent, et ils Le reconnurent;2;2;Hebreux 13:8 | Jean 5:19;
57-0516;SKN;Nous Voudrions Voir Jésus;1;1;Jean 15:13;
57-0517;SKN;La Reine De Séba;3;2;Hebreux 13:8 | Jean 14:7;Matthieu 12:42
57-0518;SKN;TENEZ-VOUS TRANQUILLES;10;10;Jean 5:10 | Jean 5:11 | Jean 5:15 | Jean 5:19 | Jean 5:24 | Jean 5:3 | Jean 5:30 | Jean 5:4 | Jean 5:7 | Jean 5:9;
57-0519E;SKN;L’Amour;3;2;Jacques 5:14 | Jean 3:16;Jean 3:16
57-0602;SKN;La Vie;2;2;Psaumes 63:1 | Psaumes 63:5;
57-0610;SKN;La Foi Qui A Eté Transmise Aux Saints Une Fois Pour Toutes;7;6;Actes 2:38 | Hebreux 13:8 | Jean 14:7 | Jean 4:6 | Jean 5:19 | Jean 5:24;
57-0613E;SKN;Avoir Soif De La Vie;7;4;Hebreux 13:8 | Jean 14:11 | Jean 14:12 | Jean 5:19;Psaumes 63:1 | Psaumes 63:2 | Psaumes 63:3
57-0614;SKN;La Reine du midi;3;3;Hebreux 13:8 | Jean 5:19 | Jean 5:24;
57-0629;SKN;TENEZ-VOUS LA, ET VOYEZ LA DELIVRANCE DE L’ETERNEL;1;1;Jean 14:7;
57-0630;SKN;Avoir Soif De La Vie;1;0;;Psaumes 63:1
57-0725;SKN;Ecoutez-Le;3;2;Actes 1:8 | Jean 5:24;Jean 5:19
57-0728;SKN;AVOIR SOIF DE LA VIE;6;6;Actes 19:13 | Actes 19:15 | Jean 5:19 | Psaumes 63:1 | Psaumes 63:2 | Psaumes 63:3;
57-0804A;SKN;La Grande Commission;2;2;Psaumes 103:3 | Romains 8:1;
57-0804E;SKN;Messieurs, Nous Voudrions Voir Jésus;21;13;Ephesiens 4:30 | Jean 15:4 | Jean 5:10 | Jean 5:11 | Jean 5:15 | Jean 5:19 | Jean 5:3 | Jean 5:4 | Jean 5:7 | Jean 5:9 | Marc 16:14 | Matthieu 24:14 | Matthieu 24:24;Hebreux 13:8
57-0805;SKN;Dieu Manifestant Ses Dons;1;1;Jean 5:19;
57-0806;SKN;Dieu Projetant Son Amour (Quand L’Amour S'élance);1;1;Jean 3:16;
57-0807;SKN;Ecoutez-Le;3;3;Actes 2:38 | Actes 2:39 | Jean 14:24;
57-0808;SKN;Le Puissant Conquérant;1;1;Jean 11:44;
57-0810;SKN;JEHOVAH-JIRE;1;1;Romains 4:17;
57-0811E;SKN;L’Expectative Et La Conduite De L’Esprit;2;1;Hebreux 4:12;Jean 5:19
57-0818;SKN;Les Mémoriaux de Dieu éprouvés au fil du temps;1;1;Jean 5:24;
57-0818;VGR;Les mémoriaux de Dieu ont fait leurs preuves;1;1;Jean 5:24;
57-0821;SKN;Hébreux chapitre Un;5;5;Apocalypse 11:2 | Apocalypse 17:1 | Hebreux 11:37 | Hebreux 7:1 | Hebreux 7:17;
57-0821;VGR;Hébreux, chapitre un;1;1;Hebreux 11:37;
57-0825E;SKN;Hébreux Chapitre Deux #2;20;20;Actes 10:49 | Actes 10:5 | Actes 19:1 | Actes 19:13 | Actes 19:17 | Actes 19:21 | Actes 19:26 | Actes 19:27 | Actes 19:3 | Actes 19:35 | Actes 19:4 | Actes 19:40 | Actes 19:5 | Actes 19:6 | Actes 19:9 | Actes 2:38 | Matthieu 28:18 | Matthieu 28:19 | Psaumes 8:4 | actes 10:48;
57-0825E;VGR;Hébreux, chapitre deux #2;8;8;Actes 10:49 | Actes 10:5 | Actes 2:38 | Matthieu 28:18 | Matthieu 28:19 | Psaumes 8:46 | actes 10:48 | psaumes 8:4;
57-0825M;SKN;Hébreux Chapitre Deux #1;3;3;Jacques 5:14 | Jean 5:19 | Jean 5:24;
57-0825M;VGR;Hébreux, chapitre deux #1;3;3;Jacques 5:14 | Jean 5:19 | Jean 5:24;
57-0828;SKN;Hébreux Chapitre Deux #3;4;4;Genese 2:19 | Genese 2:20 | Genese 2:23 | Genese 2:7;
57-0828;VGR;Hébreux, chapitre deux #3;4;4;Genese 2:19 | Genese 2:23 | Genese 2:5 | Genese 2:7;
57-0901E;SKN;Hébreux Chapitre Quatre;7;7;1 Jean 5:7 | 1 Timothee 3:16 | Apocalypse 13:1 | Apocalypse 13:11 | Galates 1:8 | Matthieu 1:18 | Romains 8:1;
57-0901E;VGR;Hébreux, chapitre quatre;9;9;Apocalypse 13:1 | Apocalypse 13:11 | Apocalypse 13:12 | Apocalypse 13:2 | Apocalypse 13:4 | Galates 1:8 | Jean 5:7 | Matthieu 1:18 | Romains 8:1;
57-0901M;SKN;Hébreux Chapitre Trois;1;1;Galates 1:8;
57-0901M;VGR;Hébreux, chapitre trois;1;1;Galates 1:8;
57-0908E;SKN;Hébreux Chapitre Six #2;11;6;Ephesiens 4:30 | Galates 3:16 | Hebreux 10:8 | Matthieu 3:16 | Matthieu 3:17 | Matthieu 5:45;
57-0908E;VGR;Hébreux, chapitre six #2;14;8;Ephesiens 4:30 | Galates 3:16 | Galates 4:27 | Hebreux 10:24 | Matthieu 3:16 | Matthieu 3:17 | Matthieu 5:28 | Matthieu 5:45;
57-0908M;SKN;Hébreux Chapitres Cinq et Six #1;3;3;Hebreux 10:1 | Hebreux 10:26 | Romains 8:1;
57-0908M;VGR;Hébreux, chapitres cinq et six #1;2;2;Hebreux 10:26 | Romains 8:1;
57-0915E;SKN;Hébreux Chapitre Sept #1;7;6;1 Corinthiens 13:2 | Ephesiens 1:5 | Hebreux 13:12 | Jeremie 1:4 | Matthieu 26:26 | Romains 5:1;
57-0915E;VGR;Hébreux, chapitre sept #1;5;5;Ephesiens 1:5 | Hebreux 13:12 | Jeremie 1:4 | Matthieu 26:26 | Romains 5:1;
57-0915M;SKN;Hébreux Chapitre Six #3 et Hébreux chapitre Sept #1;2;2;Galates 3:16 | Jean 5:24;
57-0915M;VGR;Hébreux, chapitre six #3;2;2;Galates 3:16 | Jean 5:24;
57-0922E;SKN;Hébreux Chapitre Sept #2;1;1;Hebreux 10:26;
57-0922E;VGR;Hébreux, chapitre sept #2;1;1;Hebreux 10:26;
57-0922M;SKN;Jésus-Christ Est Le Même Hier, Aujourd’hui Et Éternellement;3;3;Jean 5:10 | Jean 5:15 | Jean 5:2;
57-0925;SKN;Questions Et Réponses Sur Les Hébreux, 1ère Partie;32;17;Actes 10:49 | Actes 2:22 | Actes 2:37 | Actes 2:38 | Actes 2:41 | Apocalypse 11:2 | Ephesiens 4:30 | Galates 1:8 | Genese 3:8 | Hebreux 11:1 | Jean 6:31 | Jean 6:68 | Joel 2:28 | Luc 16:16 | Matthieu 25:46 | Matthieu 28:19 | actes 10:48;
57-0925;VGR;Questions et réponses sur Hébreux, 1re partie;32;16;Actes 10:49 | Actes 2:22 | Actes 2:36 | Actes 2:37 | Actes 2:38 | Apocalypse 11:2 | Ephesiens 4:30 | Galates 1:8 | Genese 3:1 | Genese 3:8 | Hebreux 11:1 | Joel 2:28 | Luc 16:16 | Matthieu 25:46 | Matthieu 28:19 | actes 10:48;
57-1002;SKN;Questions Et Réponses Sur Les Hébreux, IIè Partie;20;18;1 Corinthiens 12:28 | 1 Jean 5:7 | Actes 19:1 | Actes 19:4 | Actes 2:27 | Actes 7:55 | Apocalypse 21:19 | Apocalypse 5:11 | Apocalypse 5:6 | Ephesiens 1:20 | Esaie 9:6 | Genese 38:24 | Jean 5:24 | Jean 5:7 | Marc 14:62 | Matthieu 27:64 | Psaumes 16:10 | Romains 8:1;
57-1002;VGR;Questions et réponses sur Hébreux, 2e partie;25;19;Actes 19:1 | Actes 19:4 | Actes 2:27 | Actes 7:55 | Apocalypse 21:19 | Apocalypse 21:9 | Apocalypse 5:6 | Apocalypse 5:8 | Ephesiens 1:20 | Esaie 9:6 | Genese 38:24 | Jean 5:24 | Jean 5:7 | Marc 14:62 | Matthieu 24:32 | Matthieu 24:33 | Matthieu 24:34 | Psaumes 16:10 | Romains 8:1;
57-1006;SKN;Questions Et Réponses Sur Les Hébreux, IIIè Partie;26;20;1 Pierre 3:19 | 2 Pierre 2:4 | Apocalypse 11:8 | Apocalypse 21:19 | Apocalypse 5:1 | Apocalypse 5:11 | Apocalypse 5:2 | Apocalypse 5:5 | Apocalypse 5:6 | Apocalypse 5:9 | Galates 1:8 | Genese 1:26 | Genese 1:28 | Genese 2:15 | Genese 2:8 | Genese 2:9 | Genese 38:15 | Genese 38:24 | Genese 38:28 | Genese 5:16;
57-1006;VGR;Questions et réponses sur Hébreux, 3e partie;20;20;Apocalypse 11:2 | Apocalypse 21:19 | Apocalypse 5:1 | Apocalypse 5:11 | Apocalypse 5:14 | Apocalypse 5:2 | Apocalypse 5:5 | Apocalypse 5:6 | Apocalypse 5:8 | Apocalypse 5:9 | Galates 1:8 | Genese 1:24 | Genese 1:26 | Genese 1:28 | Genese 2:15 | Genese 2:8 | Genese 38:15 | Genese 38:24 | Genese 38:28 | Genese 5:16;
57-1208;SKN;Je Me Tiens A La Porte, Et Je Frappe;2;1;Jean 5:8;Apocalypse 3:14
57-1208;VGR;Je me tiens à la porte, et Je frappe;1;1;Apocalypse 3:14;
57-1211;SKN;Messieurs, Nous Voudrions Voir Jésus;10;7;Jean 14:9 | Jean 5:10 | Jean 5:15 | Jean 5:6 | Jean 5:9 | Matthieu 24:14 | Matthieu 24:33;Hebreux 13:8
57-1212;SKN;La Porte De La Porte;4;3;Hebreux 13:8 | Jean 5:19 | Jean 5:24;
57-1213;SKN;ET PUIS JESUS VINT;6;5;Hebreux 13:8 | Jean 4:54 | Jean 4:9 | Jean 5:19 | Psaumes 103:3;Jean 5:19
57-1215;SKN;PARLE A CETTE MONTAGNE;1;0;;Jean 5:19
57-1222;SKN;LA GRANDE LUMIERE BRILLANTE;4;0;;Actes 10:35 | Daniel 12:3 | Marc 11:24 | Romains 8:1
57-1229;SKN;La Foi;1;1;Jean 5:19;
57-1229;VGR;La foi;1;1;Jean 5:19;
58-0105;SKN;Ayez Foi En Dieu;3;3;Hebreux 13:8 | Jean 14:8 | Jean 5:19;
58-0107;SKN;La Reine de Séba;1;1;Jean 5:19;
58-0109;SKN;Les Appelés À Sortir;1;1;2 Timothee 3:12;
58-0110;SKN;Le Puissant Conquérant;1;1;Jean 5:19;
58-0112A;SKN;Pour Accomplir Ses Prodiges;3;3;Exode 13:19 | Exode 13:21 | Matthieu 10:10;
58-0125;SKN;La Reine Du Midi;5;5;Hebreux 11:15 | Hebreux 11:19 | Hebreux 11:31 | Hebreux 11:8 | Jean 1:23;
58-0126;SKN;Ecoutez-Le;2;1;Psaumes 103:3;Actes 19:6
58-0127;SKN;Jéhovah-Jiré;8;8;Genese 22:13 | Genese 22:14 | Genese 22:3 | Genese 22:5 | Genese 22:6 | Genese 22:7 | Genese 22:8 | Genese 22:9;
58-0128;SKN;L'Harmonie De L'Unité (La Tour De Babel);2;2;Apocalypse 17:1 | Ephesiens 4:30;
58-0130;SKN;Écriture Sur La Muraille;4;2;Marc 16:17 | Marc 16:18;Marc 16:17
58-0202;SKN;Hâte-toi de te sauver là;3;3;Apocalypse 17:17 | Marc 11:24 | Matthieu 16:17;
58-0202;VGR;Hâte-toi de te réfugier ici;8;8;Apocalypse 17:17 | Luc 17:26 | Luc 17:27 | Luc 17:28 | Luc 17:29 | Marc 11:24 | Matthieu 16:17 | Matthieu 16:18;
58-0207;SKN;Jésus-Christ Est Le Même Hier, Aujourd’hui Et Eternellement;19;18;1 Corinthiens 12:13 | 1 Corinthiens 12:28 | 1 Corinthiens 12:29 | Hebreux 13:8 | Jean 15:4 | Jean 15:5 | Jean 1:43 | Jean 1:46 | Jean 1:47 | Jean 1:49 | Jean 5:11 | Jean 5:19 | Jean 5:3 | Jean 5:4 | Jean 5:6 | Jean 5:7 | Jean 5:9 | Psaumes 103:3;
58-0208;SKN;La Reine de Séba;3;3;Hebreux 13:8 | Jean 5:19 | Marc 16:9;
58-0209E;SKN;La Porte À L’Intérieur De La Porte;2;2;Actes 19:21 | Jean 5:19;
58-0214;SKN;Jésus-Christ Est Le Même Hier, Aujourd’hui Et Eternellement;14;14;1 Corinthiens 12:10 | 1 Corinthiens 12:28 | 1 Corinthiens 12:29 | Hebreux 13:8 | Jean 12:20 | Jean 14:7 | Jean 15:4 | Jean 15:5 | Jean 5:10 | Jean 5:15 | Jean 5:3 | Jean 5:4 | Jean 5:6 | Jean 5:9;
58-0223;SKN;Jésus-Christ Est Le Même Hier, Aujourd’hui Et Éternellement;9;9;1 Corinthiens 12:28 | 1 Corinthiens 12:29 | Hebreux 13:8 | Jean 4:9 | Jean 5:15 | Jean 5:19 | Jean 5:4 | Matthieu 10:6 | Psaumes 103:3;
58-0225;SKN;L'Oeil De Dieu;4;3;Hebreux 13:8 | Jean 5:30 | Jean 5:9;Jean 5:19
58-0225;VGR;L’œil de Dieu;2;2;Hebreux 13:8 | Jean 5:19;
58-0228;SKN;Ta Bonté;2;2;Psaumes 42:1 | Psaumes 63:1;
58-0301B;SKN;La Grande commission - La Révélation spirituelle (l'atmosphère spirituelle);5;3;Actes 10:35 | Jean 5:24 | Psaumes 42:7;Matthieu 10:1 | Matthieu 10:8
58-0301E;SKN;Ecoutez-Le;12;12;Ephesiens 1:5 | Exode 19:16 | Jean 1:46 | Jean 1:47 | Jean 1:48 | Jean 1:49 | Jean 1:50 | Jean 1:51 | Jean 4:11 | Jean 4:8 | Jean 4:9 | Jean 5:19;
58-0309E;SKN;L'église S'en Ira-T-Elle Avant La Tribulation? (Hâte-Toi Et Viens Ici, Car Je Ne Puis Rien;3;3;Jean 1:46 | Jean 1:47 | Jean 5:19;
58-0312;SKN;Jésus-Christ Est Le Même Hier, Aujourd’hui Et Eternellement;18;14;1 Corinthiens 12:28 | Jean 11:19 | Jean 11:31 | Jean 11:45 | Jean 11:51 | Jean 15:4 | Jean 1:23 | Jean 1:41 | Jean 1:43 | Jean 1:46 | Jean 1:47 | Jean 1:49 | Jean 5:19 | Psaumes 103:3;
58-0313;SKN;La Reine De Séba;4;4;Hebreux 11:5 | Hebreux 11:8 | Jean 14:7 | Jean 5:19;
58-0314;SKN;L'Amour;2;1;Jean 3:16;Jean 3:16
58-0315;SKN;La Foi;3;3;Actes 1:8 | Jean 5:19 | Luc 24:49;
58-0316A;SKN;Pareil À L’aigle Qui Éveille Sa Couvée;13;1;Jean 3:16;Deuteronome 32:1 | Deuteronome 32:10 | Deuteronome 32:11 | Deuteronome 32:12 | Deuteronome 32:2 | Deuteronome 32:3 | Deuteronome 32:4 | Deuteronome 32:5 | Deuteronome 32:6 | Deuteronome 32:7
58-0316E;SKN;La Porte Du Coeur;8;7;Jean 1:43 | Jean 1:46 | Jean 1:47 | Jean 1:48 | Jean 1:49 | Jean 5:19 | Marc 16:17;
58-0323;SKN;Jésus-Christ Est Le Même Hier, Aujourd’hui Et Éternellement;10;9;Actes 10:49 | Hebreux 13:8 | Jean 12:34 | Jean 17:12 | Jean 1:42 | Jean 1:46 | Jean 1:47 | Psaumes 103:3 | actes 10:48;
58-0324;SKN;Ecoutez-Le;3;3;Ephesiens 1:5 | Hebreux 13:8 | Jean 14:31;
58-0325;SKN;La Foi Par L’Expérience;3;3;Jean 4:9 | Matthieu 27:53 | Matthieu 27:64;
58-0326;SKN;Unis sous une seule tête;23;23;Actes 2:38 | Jean 11:1 | Jean 11:12 | Jean 11:19 | Jean 11:2 | Jean 11:20 | Jean 11:28 | Jean 11:29 | Jean 11:31 | Jean 11:33 | Jean 11:37 | Jean 11:42 | Jean 11:43 | Jean 11:44 | Jean 11:45 | Jean 11:46 | Jean 11:49 | Jean 11:51 | Jean 11:54 | Jean 11:55 | Jean 11:56 | Jean 11:8 | Jean 11:9;
58-0328;SKN;Dieu Tient Sa Parole;1;1;Psaumes 103:3;
58-0329;SKN;Le Puissant conquérant;2;2;Jean 4:25 | Jean 4:9;
58-0330A;SKN;Entretien Sur L'Oeuvre Missionnaire;8;4;Jacques 5:14 | Marc 16:16 | Marc 16:17 | Marc 16:18;
58-0330E;SKN;Christ Frappe À La Porte;1;1;Actes 19:33;
58-0406E;SKN;Évidence De La Résurrection;60;30;Luc 24:1 | Luc 24:10 | Luc 24:12 | Luc 24:13 | Luc 24:15 | Luc 24:17 | Luc 24:18 | Luc 24:19 | Luc 24:2 | Luc 24:20 | Luc 24:21 | Luc 24:22 | Luc 24:23 | Luc 24:24 | Luc 24:27 | Luc 24:28 | Luc 24:29 | Luc 24:3 | Luc 24:30 | Luc 24:31 | Luc 24:32 | Luc 24:33 | Luc 24:35 | Luc 24:44 | Luc 24:46 | Luc 24:5 | Luc 24:52 | Luc 24:6 | Luc 24:7 | Luc 24:9;
58-0500;SKN;L’Aigle Qui Éveille Sa Couvée;3;2;Deuteronome 32:11 | Jacques 5:14;
58-0501;SKN;Nous Voudrions Voir Jésus;7;6;Jean 1:42 | Jean 1:43 | Jean 1:46 | Jean 1:47 | Jean 1:49 | Jean 4:47;Marc 16:17
58-0503;SKN;La Reine De Séba;7;6;Hebreux 13:8 | Hebreux 3:1 | Jean 5:19 | Jean 5:24 | Marc 11:24 | Matthieu 3:16;
58-0508;SKN;Expectative;1;1;Jean 4:25;
58-0510;SKN;Ayez foi en Dieu;10;10;Actes 19:4 | Actes 1:8 | Hebreux 13:8 | Jean 11:19 | Jean 11:24 | Jean 11:25 | Jean 11:37 | Jean 11:43 | Jean 4:9 | Jean 5:19;
58-0512;SKN;LA VIE (Avoir soif de la Vie);3;3;Hebreux 13:8 | Psaumes 63:1 | Psaumes 63:5;
58-0515;SKN;Jésus-Christ Est Le Même Hier, Aujourd’hui Et Éternellement;17;11;Hebreux 3:1 | Jean 12:17 | Jean 1:43 | Jean 1:47 | Jean 1:49 | Jean 4:47 | Jean 5:10 | Jean 5:15 | Jean 5:19 | Jean 5:9 | Jean 6:22;Hebreux 13:8 | Jean 12:20 | Jean 12:21
58-0517E;SKN;Le Péché D'Incrédulité;4;2;Hebreux 11:1 | Jean 5:19;Matthieu 12:42 | Matthieu 12:45
58-0518;SKN;UNE FOI EPROUVEE PRODUIT DES RESULTATS;3;2;Esaie 40:3 | Jeremie 1:4;
58-0519;SKN;LA VIE;3;3;Hebreux 4:12 | Jean 5:19 | Psaumes 63:1;
58-0520;SKN;LE SIGNE DU TEMPS;1;1;Daniel 5:25;
58-0521;SKN;Voici, Je Me Tiens À La Porte Et Je Frappe;2;2;Jean 4:47 | Jean 5:19;
58-0523;SKN;Nous Voudrions Voir Jésus;12;10;Actes 10:49 | Actes 2:20 | Actes 4:36 | Actes 4:6 | Jean 4:36 | Jean 4:42 | Jean 5:19 | Jean 6:22 | Psaumes 103:3 | actes 10:48;Hebreux 13:8 | Jean 12:20
58-0524;SKN;Jésus De Nazareth Passe;17;14;Hebreux 13:8 | Jean 11:29 | Jean 11:31 | Jean 11:32 | Jean 11:42 | Jean 11:43 | Jean 11:51 | Jean 14:8 | Jean 4:11 | Jean 4:16 | Jean 4:39 | Jean 4:9 | Jean 5:19 | Psaumes 103:3;
58-0528;SKN;Le Signe Du Messie;1;1;Jean 1:43;
58-0529;SKN;Jésus À La Porte;1;1;Apocalypse 3:20;
58-0530;SKN;LA FOI EPROUVEE AU FIL DU TEMPS;1;1;Jean 5:19;
58-0611;SKN;AVOIR SOIF DE LA VIE;2;0;;Psaumes 63:1 | Psaumes 63:5
58-0612;SKN;Nous Voudrions Voir Jésus;30;25;Actes 10:49 | Hebreux 13:8 | Jean 1:33 | Jean 1:41 | Jean 1:42 | Jean 1:46 | Jean 1:47 | Jean 1:50 | Jean 1:51 | Jean 3:2 | Jean 3:25 | Jean 4:7 | Jean 4:8 | Jean 4:9 | Jean 5:19 | Jean 5:2 | Jean 5:7 | Jean 6:11 | Jean 6:17 | Jean 6:19 | Jean 6:22 | Jean 6:5 | Jean 6:51 | Jean 6:52 | actes 10:44;
58-0613;SKN;La Reine Du Midi;3;2;Jean 5:19 | Matthieu 12:41;Marc 16:17
58-0618;SKN;Écriture Sur La Muraille;1;0;;Daniel 5:25
58-0619B;SKN;Vous devez naitre de nouveau;1;1;Jean 3:5;
58-0619E;SKN;Pouvons-Nous Voir Jésus?;18;15;Jean 12:22 | Jean 12:42 | Jean 1:42 | Jean 1:43 | Jean 1:46 | Jean 1:47 | Jean 4:11 | Jean 4:20 | Jean 4:45 | Jean 4:47 | Jean 4:5 | Jean 4:7 | Jean 4:9 | Jean 5:19 | Jean 6:17;Hebreux 13:8 | Jean 12:20
58-0620;SKN;La Reine Du Midi;7;4;Jean 4:10 | Jean 4:7 | Jean 4:9 | Jean 5:19;
58-0625;SKN;Il Y A Ici Plus Que Salomon;6;6;Hebreux 13:8 | Jean 4:10 | Jean 4:46 | Jean 4:7 | Jean 4:9 | Matthieu 3:7;
58-0927;SKN;POURQUOI NOUS NE SOMMES PAS UNE DENOMINATION?;22;19;Actes 2:2 | Apocalypse 13:1 | Apocalypse 13:11 | Apocalypse 13:18 | Apocalypse 13:2 | Apocalypse 13:3 | Apocalypse 17:1 | Apocalypse 17:15 | Apocalypse 19:2 | Apocalypse 1:12 | Apocalypse 1:13 | Apocalypse 2:20 | Deuteronome 23:2 | Deuteronome 23:3 | Galates 1:8 | Genese 3:16 | Romains 8:28 | Romains 8:29 | Romains 8:30;
58-0927;VGR;Pourquoi ne sommes-nous pas une dénomination?;20;18;Actes 2:17 | Apocalypse 13:1 | Apocalypse 13:11 | Apocalypse 13:18 | Apocalypse 13:2 | Apocalypse 13:4 | Apocalypse 19:2 | Apocalypse 1:12 | Apocalypse 1:13 | Apocalypse 2:20 | Deuteronome 23:18 | Deuteronome 23:2 | Deuteronome 23:3 | Galates 1:8 | Genese 3:16 | Romains 8:28 | Romains 8:29 | Romains 8:30;
58-0928E;SKN;La Semence Du Serpent;8;7;Apocalypse 13:17 | Apocalypse 13:8 | Apocalypse 17:2 | Apocalypse 17:4 | Hebreux 7:1 | Hebreux 7:5 | Romains 8:15;
58-0928E;VGR;La semence du serpent;8;7;Apocalypse 13:17 | Apocalypse 13:8 | Apocalypse 17:2 | Apocalypse 17:4 | Hebreux 7:1 | Hebreux 7:5 | Romains 8:15;
58-0928M;SKN;Le Baptême Du Saint-Esprit - Le Saint-Esprit Expliqué Ou Le Nom De Jésus;20;16;Actes 19:5 | Actes 2:38 | Apocalypse 13:8 | Apocalypse 17:1 | Apocalypse 17:15 | Apocalypse 17:3 | Apocalypse 17:8 | Apocalypse 17:9 | Apocalypse 3:8 | Ephesiens 1:1 | Ephesiens 1:3 | Ephesiens 5:1 | Galates 1:8 | Jean 14:8 | Jean 5:24 | Matthieu 28:19;
58-1002;SKN;Mais Au Commencement, Il N’En Était Pas Ainsi;8;8;Actes 19:1 | Actes 19:17 | Actes 19:26 | Actes 19:4 | Actes 19:5 | Actes 19:6 | Galates 1:8 | Luc 24:49;
58-1005M;SKN;Ecouter sa voix;4;4;Actes 19:13 | Actes 19:4 | Galates 1:8 | Jean 5:19;
58-1005M;VGR;Écoutez Sa Voix;3;3;Actes 19:13 | Galates 1:8 | Jean 5:19;
58-1007;SKN;L'Ordre de l'Eglise;2;2;Hebreux 13:12 | Romains 5:1;
58-1007;VGR;L’ordre de l’Église;2;2;Hebreux 13:12 | Romains 5:1;
58-1130;SKN;Sentinelle, qu'en est-il de la nuit ?;12;12;Esaie 21:1 | Esaie 21:10 | Esaie 21:11 | Esaie 21:12 | Esaie 21:2 | Esaie 21:3 | Esaie 21:4 | Esaie 21:5 | Esaie 21:6 | Esaie 21:7 | Esaie 21:8 | Esaie 21:9;
58-1130;VGR;Sentinelle, que dis-tu de la nuit?;12;0;;Esaie 21:1 | Esaie 21:10 | Esaie 21:11 | Esaie 21:12 | Esaie 21:2 | Esaie 21:3 | Esaie 21:4 | Esaie 21:5 | Esaie 21:6 | Esaie 21:7
58-1221E;SKN;L'Unité d'un seul Dieu dans une seule Eglise;4;3;Actes 1:8 | Ephesiens 4:30 | Luc 24:49;
58-1221E;VGR;L’unité d’un seul Dieu dans la seule Église;2;2;Ephesiens 4:30 | Luc 24:49;
58-1221M;SKN;Où Est-Il, Le Roi Des Juifs?;17;17;Jean 4:11 | Jean 4:14 | Jean 4:20 | Jean 4:21 | Jean 4:27 | Jean 4:33 | Jean 4:39 | Jean 4:40 | Jean 4:42 | Jean 4:45 | Jean 4:46 | Jean 4:47 | Jean 4:53 | Jean 4:54 | Jean 4:6 | Jean 4:7 | Jean 4:9;
58-1228;SKN;Pourquoi La Petite Bethléhem?;3;3;Jean 3:16 | Josue 5:1 | Michee 5:1;
58-1228;VGR;Pourquoi la petite Bethléhem?;3;3;Jean 3:16 | Josue 5:1 | Michee 5:1;
59-0125;VGR;Soyez certains de Dieu;1;1;Jean 4:23;
59-0301E;SKN;Que Fais-Tu Ici?;19;19;1 Corinthiens 11:23 | 1 Corinthiens 11:24 | 1 Corinthiens 11:25 | 1 Corinthiens 11:26 | 1 Corinthiens 11:27 | 1 Corinthiens 11:28 | 1 Corinthiens 11:29 | 1 Corinthiens 11:30 | 1 Corinthiens 11:31 | 1 Corinthiens 11:32 | 1 Rois 19:1 | 1 Rois 19:10 | 1 Rois 19:11 | 1 Rois 19:12 | 1 Rois 19:13 | 1 Rois 19:14 | 1 Rois 19:19 | 1 Rois 19:21 | 1 Rois 19:9;
59-0301M;SKN;Étroite Est La Porte;3;3;1 Corinthiens 13:1 | 1 Corinthiens 13:8 | Deuteronome 14:2;
59-0301M;VGR;Étroite est la porte;1;1;Deuteronome 14:2;
59-0329E;SKN;Le Signe Du Messie;3;3;Jean 4:11 | Jean 4:7 | Jean 4:9;
59-0329E;VGR;Le signe du Messie;3;3;Jean 4:11 | Jean 4:7 | Jean 4:9;
59-0329M;SKN;Le Baptême D'Eau (Service De Baptême À Pâques);28;27;Actes 10:44 | Actes 19:1 | Actes 19:13 | Actes 19:17 | Actes 19:18 | Actes 19:21 | Actes 19:26 | Actes 19:27 | Actes 19:28 | Actes 19:29 | Actes 19:30 | Actes 19:35 | Actes 19:4 | Actes 19:5 | Actes 19:58 | Actes 19:6 | Apocalypse 21:1 | Apocalypse 21:10 | Apocalypse 21:19 | Apocalypse 21:2 | Apocalypse 21:22 | Apocalypse 21:9 | Marc 16:16 | Marc 16:17 | Matthieu 1:18 | Matthieu 28:19 | actes 19:4;
59-0329M;VGR;Le baptême d’eau;16;15;Actes 10:44 | Actes 19:1 | Actes 19:13 | Actes 19:17 | Actes 19:2 | Actes 19:21 | Actes 19:26 | Actes 19:3 | Actes 19:4 | Actes 19:6 | Marc 16:15 | Marc 16:16 | Marc 16:17 | Matthieu 1:18 | Matthieu 28:19;
59-0329S;SKN;Vivant, Mourant, Enseveli, Ressuscitant, Revenant;42;20;Psaumes 22:12 | Psaumes 22:13 | Psaumes 22:14 | Psaumes 22:15 | Psaumes 22:16 | Psaumes 22:18 | Psaumes 22:19 | Psaumes 22:2 | Psaumes 22:21 | Psaumes 22:23 | Psaumes 22:24 | Psaumes 22:26 | Psaumes 22:27 | Psaumes 22:28 | Psaumes 22:29 | Psaumes 22:3 | Psaumes 22:5 | Psaumes 22:6 | Psaumes 22:7 | Psaumes 22:9;Psaumes 22:1 | Psaumes 22:11 | Psaumes 22:12 | Psaumes 22:13 | Psaumes 22:14 | Psaumes 22:15 | Psaumes 22:16 | Psaumes 22:18 | Psaumes 22:19 | Psaumes 22:2
59-0329S;VGR;Vivant, mourant, enseveli, ressuscitant, revenant;62;31;Psaumes 22:1 | Psaumes 22:10 | Psaumes 22:11 | Psaumes 22:12 | Psaumes 22:13 | Psaumes 22:14 | Psaumes 22:15 | Psaumes 22:16 | Psaumes 22:17 | Psaumes 22:18 | Psaumes 22:19 | Psaumes 22:2 | Psaumes 22:20 | Psaumes 22:21 | Psaumes 22:22 | Psaumes 22:23 | Psaumes 22:24 | Psaumes 22:25 | Psaumes 22:26 | Psaumes 22:27 | Psaumes 22:28 | Psaumes 22:29 | Psaumes 22:3 | Psaumes 22:30 | Psaumes 22:31 | Psaumes 22:4 | Psaumes 22:5 | Psaumes 22:6 | Psaumes 22:7 | Psaumes 22:8 | Psaumes 22:9;Psaumes 22:1 | Psaumes 22:10 | Psaumes 22:11 | Psaumes 22:12 | Psaumes 22:13 | Psaumes 22:14 | Psaumes 22:15 | Psaumes 22:16 | Psaumes 22:17 | Psaumes 22:18
59-0403;SKN;Vivant, Mourant, Enseveli, Ressuscitant, Revenant;3;3;Jean 3:16 | Psaumes 22:1 | Psaumes 22:11;
59-0404;SKN;Quelles sont les œuvres de Dieu ?;10;8;Jean 4:10 | Jean 4:11 | Jean 4:16 | Jean 4:17 | Jean 4:27 | Jean 4:7 | Jean 4:9 | Jean 5:19;Hebreux 13:8 | Jean 14:12
59-0404;VGR;Quelles sont les œuvres de Dieu?;5;5;Hebreux 13:8 | Jean 14:12 | Jean 4:7 | Jean 4:9 | Jean 5:19;
59-0405E;SKN;La Reine De Séba;1;0;;Matthieu 12:42
59-0407;SKN;Conduit Par L'Esprit;3;3;Jean 5:19 | Jean 5:24 | Romains 8:14;
59-0409;SKN;La Foi De Marie;1;1;Esaie 9:6;
59-0410;SKN;Regarder À L’Invisible;1;1;Hebreux 3:1;
59-0411E;SKN;Observant Son Étoile;6;6;Daniel 2:19 | Marc 16:14 | Marc 16:15 | Marc 16:17 | Marc 16:6 | Marc 16:9;
59-0412E;SKN;Qu’Entends-Tu, Élie?;12;12;1 Rois 19:1 | 1 Rois 19:10 | 1 Rois 19:11 | 1 Rois 19:12 | 1 Rois 19:2 | 1 Rois 19:3 | 1 Rois 19:4 | 1 Rois 19:5 | 1 Rois 19:6 | 1 Rois 19:7 | 1 Rois 19:8 | 1 Rois 19:9;
59-0414;SKN;Avoir Soif De La Vie;1;0;;Psaumes 63:1
59-0415A;SKN;La Voie À Laquelle Dieu A Pourvue;5;5;Actes 19:21 | Actes 19:4 | Actes 19:6 | Ephesiens 4:40 | ephesiens 4:30;
59-0417;SKN;Jéhovah-Jiré;2;2;Esaie 9:6 | Jean 5:14;
59-0418;SKN;Un Temps De Décision;3;2;Actes 2:4 | Jean 4:9;
59-0418;VGR;Un temps de décision;2;2;Actes 2:4 | Jean 4:9;
59-0419A;VGR;L’histoire de ma vie;1;1;Luc 16:24;
59-0422;SKN;Nous Voudrions Voir Jésus;22;21;1 Corinthiens 12:28 | 1 Corinthiens 12:29 | Hebreux 13:8 | Jean 4:10 | Jean 4:11 | Jean 4:25 | Jean 4:33 | Jean 4:42 | Jean 4:52 | Jean 4:7 | Jean 4:9 | Jean 5:19 | Jean 5:30 | Jean 5:37 | Jean 5:9 | Jean 6:24 | Marc 16:15 | Marc 16:17 | Matthieu 10:25 | Matthieu 10:5 | Matthieu 10:6;
59-0423;SKN;La Postérité D'Abraham;2;2;Apocalypse 1:16 | Apocalypse 1:17;
59-0424A;SKN;Le Fidèle Abraham;3;3;Actes 19:1 | Ephesiens 4:30 | Jean 5:24;
59-0424E;SKN;Ecoutez-Le;5;5;Actes 19:12 | Actes 19:19 | Actes 19:26 | Jean 17:25 | Jean 17:8;
59-0510M;VGR;La fête des Mères;3;3;Apocalypse 1:16 | Jean 6:40 | Jean 6:54;
59-0510M;SKN;La Fête Des Mères;1;1;Jean 6:30;
59-0525;SKN;Les Images de Christ;1;1;Jean 4:42;
59-0610;SKN;Quand j'ai réfléchi à mes voies;6;6;Psaumes 119:159 | Psaumes 119:168 | Psaumes 119:173 | Psaumes 119:40 | Psaumes 119:59 | Psaumes 119:75;
59-0611;SKN;Le Temps De Décision;3;3;Genese 24:10 | Genese 24:58 | Genese 24:61;
59-0612;SKN;Tous Les Jours De Notre Vie;3;3;Ephesiens 4:30 | Jean 4:7 | Jean 4:9;
59-0613;SKN;Avoir Soif De La Vie;4;4;Jean 3:16 | Jean 5:19 | Psaumes 63:1 | Psaumes 63:5;
59-0614;SKN;Du Baume En Galaad;13;12;Hebreux 13:8 | Jean 1:43 | Jean 1:47 | Jean 1:48 | Jean 1:49 | Jean 1:50 | Jean 5:10 | Jean 5:11 | Jean 5:19 | Jean 5:4 | Jean 5:7 | Jean 5:9;Jeremie 8:22
59-0628E;SKN;Questions Et Réponses;51;40;1 Jean 5:16 | 1 Jean 5:18 | Actes 19:1 | Actes 19:13 | Actes 19:4 | Actes 19:5 | Actes 19:6 | Apocalypse 12:12 | Apocalypse 12:9 | Apocalypse 13:8 | Ephesiens 1:4 | Ephesiens 1:5 | Ephesiens 4:30 | Esaie 14:12 | Ezechiel 28:12 | Galates 1:8 | Genese 3:8 | Genese 4:1 | Genese 4:17 | Genese 4:25 | Hebreux 10:2 | Jean 17:17 | Jean 5:24 | Luc 10:18 | Marc 16:17 | Matthieu 10:1 | Matthieu 19:9 | Matthieu 1:18 | Matthieu 25:1 | Matthieu 28:19 | Matthieu 7:21 | Matthieu 7:22 | Matthieu 7:23 | Matthieu 7:6 | Romains 4:11 | Romains 4:18 | Romains 4:3 | Romains 4:5 | Romains 4:8 | Romains 4:9;
59-0628E;VGR;Questions et réponses;41;36;Actes 19:1 | Actes 19:13 | Actes 19:21 | Actes 19:4 | Actes 19:6 | Apocalypse 12:12 | Apocalypse 12:9 | Apocalypse 13:8 | Ephesiens 1:4 | Ephesiens 4:30 | Esaie 14:12 | Ezechiel 28:12 | Galates 1:8 | Genese 3:8 | Genese 4:1 | Hebreux 10:2 | Jean 14:12 | Jean 17:17 | Jean 5:16 | Jean 5:18 | Jean 5:24 | Jean 5:37 | Luc 10:18 | Marc 16:17 | Matthieu 19:9 | Matthieu 1:18 | Matthieu 25:1 | Matthieu 28:19 | Matthieu 7:21 | Matthieu 7:22 | Matthieu 7:23 | Matthieu 7:6 | Romains 4:11 | Romains 4:3 | Romains 4:8 | Romains 4:9;
59-0628M;SKN;Une Église Séduite Par Le Monde;1;1;Actes 2:38;
59-0628M;VGR;Une Église séduite par le monde;1;1;Actes 2:38;
59-0706;SKN;Réfléchissons À Nos Voies;11;1;1 Jean 3:21;Psaumes 119:129 | Psaumes 119:14 | Psaumes 119:146 | Psaumes 119:159 | Psaumes 119:168 | Psaumes 119:5 | Psaumes 119:56 | Psaumes 119:59 | Psaumes 119:78 | Psaumes 119:94
59-0707;SKN;Du baume en Galaad;5;5;Actes 19:13 | Ephesiens 4:30 | Jean 4:6 | Jean 5:19 | Jeremie 8:22;
59-0708E;SKN;Soyez Certain De Dieu;3;2;Jean 3:16 | Jean 5:19;Actes 19:21
59-0708M;SKN;La Dédicace D'Une Eglise;1;1;Jean 5:7;
59-0712;SKN;Une Délivrance totale;1;1;Hebreux 1:4;
59-0712;VGR;Une délivrance totale;1;1;Hebreux 1:4;
59-0811;SKN;C’est Moi, N’ayez Pas Peur;1;1;Jean 14:12;
59-0813;SKN;Pourquoi ?  (Du Baume en Galaad);1;1;Marc 11:24;
59-0814;SKN;Quand J’ai Réfléchi À Mes Voies;5;5;1 Corinthiens 12:10 | 1 Corinthiens 12:28 | 1 Corinthiens 12:29 | Psaumes 119:56 | Psaumes 46:1;
59-0815;SKN;Pareil À L’Aigle Qui Éveille Sa Couvée;4;3;Jean 14:12 | Jean 5:19 | Psaumes 103:3;Deuteronome 32:11
59-0823;SKN;Le Gazam, La Sauterelle, Le Jélek Et Le Hasil;23;22;1 Corinthiens 12:10 | 1 Corinthiens 12:12 | 1 Corinthiens 12:2 | 1 Corinthiens 12:28 | 1 Corinthiens 12:29 | 1 Corinthiens 12:31 | Apocalypse 12:10 | Apocalypse 12:11 | Apocalypse 12:12 | Apocalypse 12:4 | Apocalypse 12:5 | Apocalypse 12:9 | Galates 1:8 | Matthieu 11:11 | Matthieu 1:16 | Matthieu 1:18 | Matthieu 1:20 | Matthieu 1:21 | Matthieu 1:23 | Matthieu 1:24 | Matthieu 28:19 | Romains 3:4;
59-0920;SKN;Planter la vigne et où la planter;16;0;;Jean 14:8 | Psaumes 1:1 | Psaumes 1:3 | Psaumes 1:5 | Psaumes 80:1 | Psaumes 80:14 | Psaumes 80:15 | Psaumes 80:19 | Psaumes 80:2 | Psaumes 80:3
59-0920;VGR;Planter le cep et où le planter;13;12;Jean 14:8 | Psaumes 1:1 | Psaumes 1:3 | Psaumes 80:1 | Psaumes 80:19 | Psaumes 80:2 | Psaumes 80:3 | Psaumes 80:4 | Psaumes 80:5 | Psaumes 80:6 | Psaumes 80:7 | Psaumes 80:8;
59-1004E;SKN;Pourquoi Crier? Parle! (Attitude Envers L’Oint De Dieu);1;1;Jean 14:7;
59-1108;SKN;Posséder Les Portes De L’Ennemi;6;1;Jean 5:19;Genese 22:11 | Genese 22:15 | Genese 22:16 | Genese 22:17 | Genese 22:18
59-1108;VGR;Possédant les portes de l’ennemi;6;1;Jean 5:19;Genese 22:11 | Genese 22:15 | Genese 22:16 | Genese 22:17 | Genese 22:18
59-1115;SKN;Mon Nouveau Ministère;22;22;Actes 2:22 | Actes 2:28 | Actes 2:29 | Actes 2:30 | Actes 2:31 | Actes 2:34 | Actes 2:35 | Actes 2:36 | Actes 2:37 | Actes 2:38 | Actes 2:40 | Actes 2:41 | Actes 2:42 | Actes 2:43 | Actes 2:45 | Actes 2:46 | Actes 2:47 | Esther 9:13 | Marc 16:17 | Marc 16:18 | Psaumes 22:1 | Psaumes 22:21;
59-1120;SKN;Un Prophète Comme Moïse;21;0;;Marc 6:21 | Marc 6:22 | Marc 6:27 | Marc 6:31 | Marc 6:32 | Marc 6:33 | Marc 6:34 | Marc 6:36 | Marc 6:41 | Marc 6:45
59-1121;SKN;Ta Postérité Possédera La Porte De Son Ennemi;7;0;;Genese 22:11 | Genese 22:15 | Genese 22:16 | Genese 22:17 | Genese 22:18 | Genese 24:56
59-1122;SKN;Qui est celui-ci ?;1;0;;Matthieu 21:10
59-1123;SKN;Parle à cette montagne;5;4;Genese 22:13 | Genese 22:14 | Genese 22:4 | Marc 11:23;
59-1124;SKN;Du Baume En Galaad;1;1;Jean 5:24;
59-1125;SKN;Au Commencement, Il N’en Était Pas Ainsi;3;3;Jean 14:12 | Jean 14:28 | Jean 19:5;
59-1126;SKN;Le Jéhovah des miracles;5;3;Esaie 9:5 | Esaie 9:6 | Jean 5:19;
59-1127;SKN;L'Aveugle Bartimée;3;3;Jean 5:19 | Matthieu 10:1 | Matthieu 10:8;
59-1128;SKN;La Porte Du Coeur;9;0;;Apocalypse 3:11 | Apocalypse 3:17 | Apocalypse 3:18 | Apocalypse 3:19 | Apocalypse 3:2 | Apocalypse 3:20 | Apocalypse 3:4 | Apocalypse 3:5
59-1129;SKN;Voir Dieu;5;5;Jean 14:12 | Jean 14:2 | Jean 14:3 | Jean 14:5 | Jean 14:8;
59-1216;SKN;Qu’Est-Ce Que Le Saint-Esprit?;40;31;1 Corinthiens 12:13 | 1 Jean 16:7 | 1 Jean 2:1 | 1 Jean 2:12 | 1 Jean 2:2 | Actes 1:8 | Actes 2:15 | Actes 2:17 | Actes 2:18 | Actes 2:20 | Actes 2:21 | Actes 2:22 | Actes 8:14 | Ephesiens 4:30 | Esaie 28:8 | Galates 1:8 | Galates 3:29 | Hebreux 4:10 | Jean 14:12 | Jean 14:15 | Jean 14:16 | Jean 14:17 | Jean 14:18 | Jean 14:19 | Jean 14:24 | Jean 16:7 | Joel 2:28 | Luc 24:49 | Romains 4:17 | Romains 4:18 | jean 16:7;
59-1216;VGR;Qu’est-ce que le Saint-Esprit?;38;29;Actes 1:8 | Actes 2:15 | Actes 2:17 | Actes 2:18 | Actes 2:20 | Actes 2:21 | Actes 2:22 | Actes 8:14 | Apocalypse 11:9 | Ephesiens 4:30 | Esaie 28:8 | Galates 1:8 | Galates 3:29 | Hebreux 4:10 | Jean 14:10 | Jean 14:12 | Jean 14:15 | Jean 14:16 | Jean 14:17 | Jean 14:18 | Jean 14:19 | Jean 14:24 | Jean 16:7 | Jean 2:1 | Jean 2:12 | Joel 2:28 | Luc 24:49 | Romains 4:17 | Romains 4:18;
59-1217;SKN;Pourquoi Le Saint-Esprit A-T-Il Eté Donné?;17;12;1 Corinthiens 12:13 | 1 Timothee 3:16 | Actes 18:18 | Actes 19:4 | Actes 4:30 | Ephesiens 4:30 | Jean 12:24 | Jean 14:12 | Jean 14:8 | Jean 14:9 | Jean 17:17 | Matthieu 10:1;Jean 14:14
59-1217;VGR;Pourquoi le Saint-Esprit a-t-Il été donné?;22;17;Actes 19:32 | Actes 19:4 | Actes 4:30 | Ephesiens 4:30 | Jean 12:24 | Jean 14:12 | Jean 14:15 | Jean 14:16 | Jean 14:17 | Jean 14:19 | Jean 14:21 | Jean 14:23 | Jean 14:24 | Jean 14:26 | Jean 14:9 | Jean 17:17 | Matthieu 10:1;Jean 14:14
59-1219;SKN;Questions et réponses sur le Saint-Esprit;20;20;1 Samuel 18:10 | Actes 19:5 | Actes 2:14 | Actes 2:3 | Actes 2:4 | Actes 2:5 | Actes 2:6 | Hebreux 10:26 | Hebreux 6:4 | Hebreux 6:5 | Hebreux 6:6 | Jean 17:17 | Jean 3:16 | Jean 3:3 | Jean 5:24 | Jean 6:40 | Jean 6:44 | Jean 6:54 | Jean 6:68 | Luc 24:49;
59-1219;VGR;Questions et réponses sur le Saint-Esprit;17;16;Actes 19:5 | Actes 1:13 | Actes 1:4 | Hebreux 10:1 | Hebreux 10:26 | Hebreux 6:4 | Hebreux 6:5 | Hebreux 6:6 | Hebreux 6:7 | Hebreux 6:8 | Jean 17:17 | Jean 3:16 | Jean 5:24 | Jean 6:40 | Jean 6:44 | Luc 24:49;
59-1220E;SKN;Identifié À Christ;3;3;Actes 2:4 | Actes 2:6 | Actes 8:18;
59-1220E;VGR;S’identifier à Christ;3;3;Actes 2:4 | Actes 2:6 | Actes 8:18;
59-1220M;SKN;Conférence avec Dieu;22;15;Actes 19:14 | Esaie 1:13 | Esaie 1:14 | Esaie 1:16 | Esaie 1:17 | Esaie 1:18 | Esaie 1:20 | Esaie 1:23 | Esaie 1:26 | Esaie 1:4 | Esaie 9:6 | Hebreux 10:11 | Hebreux 10:22 | Hebreux 6:4 | Psaumes 103:3;
59-1223;SKN;Questions Et Réponses;29;22;1 Jean 1:10 | 1 Jean 1:8 | 1 Jean 1:9 | Actes 2:15 | Actes 2:31 | Actes 2:6 | Actes 2:8 | Apocalypse 22:6 | Ephesiens 1:1 | Ephesiens 1:3 | Ephesiens 1:4 | Ephesiens 4:30 | Hebreux 10:26 | Hebreux 6:4 | Jean 5:24 | Jean 6:40 | Jean 6:44 | Jean 6:51 | Jean 6:54 | Jeremie 1:4 | Romains 7:22 | Romains 7:25;Hebreux 10:26 | Hebreux 6:4 | Romains 7:25
59-1223;VGR;Questions et réponses;27;21;Actes 2:31 | Actes 2:8 | Apocalypse 22:14 | Apocalypse 22:6 | Ephesiens 1:1 | Ephesiens 1:3 | Ephesiens 1:4 | Ephesiens 4:30 | Hebreux 10:26 | Hebreux 4:6 | Hebreux 6:4 | Jean 1:8 | Jean 5:24 | Jean 6:40 | Jean 6:44 | Jean 6:51 | Jean 6:53 | Jean 6:54 | Jeremie 1:4 | Romains 7:22 | Romains 7:25;
59-1227E;SKN;Un Super sens;5;5;Hebreux 11:1 | Hebreux 11:4 | Hebreux 11:5 | Hebreux 11:7 | Jean 5:24;
59-1227E;VGR;Un super-sens;6;6;Hebreux 11:1 | Hebreux 11:4 | Hebreux 11:5 | Hebreux 11:6 | Hebreux 11:7 | Jean 5:24;
59-1227M;SKN;Un Super signe;1;1;Actes 19:5;
60-0108;SKN;Une Conférence avec Dieu;4;3;Exode 13:21 | Hebreux 11:1 | Jean 5:24;
60-0109;SKN;Messieurs, Nous Voudrions Voir Jésus;14;13;Deuteronome 18:15 | Jean 14:12 | Jean 1:19 | Jean 1:33 | Jean 1:42 | Jean 1:43 | Jean 1:47 | Jean 1:49 | Jean 5:19 | Psaumes 103:1 | Psaumes 103:2 | Psaumes 103:22 | Psaumes 103:3;Hebreux 13:7
60-0110;SKN;La Reine De Séba;4;4;Deuteronome 18:5 | Jean 15:6 | Jean 5:19 | Marc 11:24;
60-0210E;SKN;Et Dès Ce Moment-Là;1;1;Jean 5:19;
60-0221;VGR;Entendre, reconnaître, agir selon la Parole de Dieu;3;2;Ephesiens 4:30 | Hebreux 10:29;Romains 9:11
60-0221;SKN;Entendre, reconnaître et agir sur la Parole de Dieu;1;1;Hebreux 6:4;
60-0228;SKN;Les Conférences;4;4;Actes 4:25 | Actes 4:27 | Apocalypse 21:1 | Apocalypse 21:2;
60-0229;SKN;La Tempête approche;2;2;Ephesiens 4:30 | Jean 5:24;
60-0301;SKN;Il prend soin de vous;8;4;Hebreux 10:26 | Hebreux 10:27 | Hebreux 10:29 | Hebreux 10:31;
60-0302;SKN;Dès ce moment;1;1;Jean 5:19;
60-0303;SKN;La Pluie de la première et de l'arrière saison;4;0;;Esaie 21:11 | Esaie 21:12 | Zacharie 14:6
60-0304;SKN;Avoir soif de la vie;2;2;Psaumes 63:1 | Psaumes 63:3;
60-0305;SKN;N’ayez Pas Peur, C’est Moi;2;1;Jean 5:19;
60-0308;SKN;Le Discernement De L'Esprit (L’Esprit Parle Par Le Prophète);11;3;Jean 13:35 | Jean 14:7 | Marc 16:16;Psaumes 105:1 | Psaumes 105:10 | Psaumes 105:11 | Psaumes 105:14 | Psaumes 105:15 | Psaumes 105:3 | Psaumes 105:4 | Psaumes 105:5
60-0308;VGR;Le discernement de l’esprit;12;3;Jean 13:35 | Jean 14:7 | Marc 16:16;Psaumes 105:1 | Psaumes 105:10 | Psaumes 105:11 | Psaumes 105:14 | Psaumes 105:15 | Psaumes 105:3 | Psaumes 105:4 | Psaumes 105:5 | Psaumes 105:6
60-0309;SKN;Pourquoi?;1;1;Deuteronome 14:24;
60-0311;SKN;La Foi de marie;1;1;Esaie 9:6;
60-0313;SKN;Ecoutez-Le;2;2;Hebreux 13:8 | Jean 5:19;
60-0326;SKN;Le Dieu immuable;2;2;Jean 5:19 | Job 23:3;
60-0329;SKN;C'est Moi, N'ayez Pas Peur;1;1;Jean 5:24;
60-0331;SKN;Dès Ce Moment;1;1;Esaie 9:6;
60-0401E;SKN;La Reine De Séba;5;5;Hebreux 13:8 | Jean 4:47 | Jean 4:50 | Jean 4:52 | Jean 5:19;
60-0402;SKN;Crois-tu cela ?;2;2;Jean 5:19 | Marc 11:23;
60-0402;VGR;Crois-tu cela?;2;2;Jean 5:19 | Marc 11:23;
60-0403;SKN;Pareil À L’Aigle Qui Éveille;7;6;Actes 19:24 | Actes 19:9 | Deuteronome 32:11 | Jean 4:7 | Jean 4:8 | Jean 4:9;
60-0417M;SKN;Allez dire! Courir sans un message;17;17;Jean 14:12 | Marc 11:23 | Marc 16:1 | Marc 16:12 | Marc 16:13 | Marc 16:14 | Marc 16:16 | Marc 16:17 | Marc 16:18 | Marc 16:19 | Marc 16:2 | Marc 16:3 | Marc 16:5 | Marc 16:6 | Marc 16:7 | Marc 16:8 | Marc 16:9;
60-0417M;VGR;Allez dire;17;17;Jean 14:12 | Marc 11:23 | Marc 16:1 | Marc 16:12 | Marc 16:13 | Marc 16:14 | Marc 16:16 | Marc 16:17 | Marc 16:18 | Marc 16:19 | Marc 16:2 | Marc 16:3 | Marc 16:5 | Marc 16:6 | Marc 16:7 | Marc 16:8 | Marc 16:9;
60-0417S;VGR;Je sais;21;7;Job 19:16 | Job 19:19 | Job 19:20 | Job 19:21 | Job 19:24 | Job 19:25 | Job 19:26;Matthieu 28:1 | Matthieu 28:10 | Matthieu 28:11 | Matthieu 28:12 | Matthieu 28:13 | Matthieu 28:16 | Matthieu 28:19 | Matthieu 28:2 | Matthieu 28:3 | Matthieu 28:4
60-0417S;SKN;Je sais;14;0;;Matthieu 28:1 | Matthieu 28:10 | Matthieu 28:11 | Matthieu 28:12 | Matthieu 28:13 | Matthieu 28:16 | Matthieu 28:19 | Matthieu 28:2 | Matthieu 28:3 | Matthieu 28:4
60-0515E;SKN;L'Epitre Aux Ephésiens Est Comparable Au Livre De Josué;9;7;1 Pierre 1:19 | 1 Pierre 1:20 | Apocalypse 13:8 | Apocalypse 17:8 | Ephesiens 4:30 | Genese 1:26 | Joel 2:28;
60-0515E;VGR;L’adoption #1;7;5;Apocalypse 13:8 | Apocalypse 17:8 | Ephesiens 4:30 | Genese 1:26 | Joel 2:28;
60-0515M;SKN;Le Roi rejeté;2;2;Marc 16:16 | Marc 16:17;
60-0515M;VGR;Le Roi rejeté;2;2;Marc 16:16 | Marc 16:17;
60-0518;SKN;Les Fils De Dieu Manifestés;10;8;Apocalypse 17:8 | Ephesiens 1:5 | Esaie 28:18 | Hebreux 4:10 | Hebreux 4:12 | Hebreux 6:4 | Jean 1:17 | Romains 8:22;
60-0518;VGR;L’adoption #2;12;10;Apocalypse 17:8 | Ephesiens 1:5 | Esaie 28:18 | Esaie 66:20 | Genese 1:27 | Hebreux 4:10 | Hebreux 4:12 | Hebreux 4:3 | Hebreux 6:4 | Jean 1:17;
60-0522E;SKN;L'Adoption;11;10;Ephesiens 4:30 | Esaie 9:6 | Galates 1:8 | Genese 14:15 | Genese 14:17 | Genese 14:18 | Jean 17:17 | Job 7:27 | Matthieu 16:16 | job 7:17;
60-0522E;VGR;L’adoption #4;11;10;Ephesiens 4:30 | Esaie 9:6 | Galates 1:8 | Genese 14:15 | Genese 14:17 | Genese 14:18 | Jean 17:17 | Job 7:27 | Matthieu 16:16 | job 7:17;
60-0522M;SKN;L'Adoption (La Position En Christ);7;6;Actes 19:4 | Actes 9:5 | Galates 1:8 | Hebreux 9:11 | Jean 17:17 | Matthieu 28:19;
60-0522M;VGR;L’adoption #3;7;6;Actes 19:4 | Actes 9:5 | Galates 1:8 | Hebreux 9:11 | Jean 17:17 | Matthieu 28:19;
60-0604;SKN;À Qui Irons-Nous?;6;5;Jean 10:3 | Jean 14:7 | Jean 4:42 | Jean 4:9 | Jean 5:19;Jean 6:66
60-0604;VGR;À qui irions-nous?;3;3;Jean 4:9 | Jean 5:19 | Jean 6:66;
60-0606;SKN;À Qui Irions-Nous?;2;2;Jean 17:17 | Jean 5:24;
60-0607;SKN;Entendre, reconnaitre et agir;2;2;Ephesiens 4:30 | Jean 5:19;
60-0608;SKN;Tenir Des Conférences;1;1;1 Timothee 3:16;
60-0609;SKN;N’Ayez Pas Peur;10;1;Hebreux 4:15;Matthieu 14:19 | Matthieu 14:22 | Matthieu 14:23 | Matthieu 14:24 | Matthieu 14:25 | Matthieu 14:26 | Matthieu 14:27 | Matthieu 14:30 | Matthieu 14:32
60-0611B;SKN;La Communion;1;1;1 Jean 5:7;
60-0611E;SKN;La Foi, C'est Le Sixième Sens;4;4;Hebreux 11:1 | Hebreux 11:33 | Hebreux 11:5 | Hebreux 11:8;
60-0612;SKN;Parle À Ce Rocher;1;1;Jean 5:24;
60-0626;SKN;Les Réalités Infaillibles Du Dieu Vivant;5;5;Actes 19:4 | Actes 2:38 | Esaie 28:11 | Esaie 35:8 | Genese 1:26;
60-0626;VGR;Les réalités infaillibles du Dieu vivant;3;3;Actes 19:6 | Actes 2:38 | Genese 1:26;
60-0630;SKN;L'Approche À Laquelle Dieu A Pourvue Pour Communier;1;1;Romains 5:1;
60-0708;SKN;Messieurs, Nous Voudrions Voir Jésus;6;6;Hebreux 13:8 | Jean 1:43 | Jean 4:22 | Jean 4:50 | Jean 4:9 | Jean 5:19;
60-0709;SKN;Approche À Laquelle Dieu A Pourvue Pour La Communion;17;15;1 Jean 1:7 | Ephesiens 4:30 | Genese 1:11 | Genese 1:24 | Hebreux 13:12 | Jean 4:23 | Jean 5:24 | Nombres 19:13 | Nombres 19:18 | Nombres 19:2 | Nombres 19:20 | Nombres 19:4 | Nombres 19:6 | Nombres 19:9 | Romains 5:1;
60-0710;SKN;La Reine De Séba;3;2;Matthieu 12:42 | Matthieu 5:6;
60-0711;SKN;La Porte dans la porte;7;6;Actes 2:38 | Hebreux 13:8 | Jean 14:7 | Marc 16:16 | Marc 16:17 | Marc 16:18;
60-0712;SKN;Ecoutez-le (adoption);1;1;Jean 5:24;
60-0713;SKN;L'Aveugle Bartimée;4;4;Actes 19:12 | Actes 19:13 | Jean 4:4 | Jean 5:19;
60-0716;SKN;Dès ce moment;4;4;Esaie 9:6 | Hebreux 13:8 | Jean 15:13 | Jean 5:19;
60-0720;SKN;C’Est Moi;6;5;Jean 5:19 | Marc 16:14 | Marc 16:17 | Marc 16:6 | Marc 16:9;Hebreux 13:8
60-0722;SKN;Sentinelle, Que Dis-Tu De La Nuit?;1;1;Jean 5:19;
60-0723;SKN;Parle à ce rocher et il donnera ses eaux;1;1;Psaumes 22:1;
60-0724;SKN;La Parole immuable de Dieu (Dieu tient sa parole);12;12;Actes 19:27 | Actes 19:34 | Actes 2:22 | Actes 2:31 | Actes 2:43 | Apocalypse 13:5 | Apocalypse 13:7 | Esaie 9:6 | Hebreux 4:12 | Hebreux 4:15 | Jean 5:19 | Matthieu 24:35;
60-0729;SKN;Ce qu’il faut pour triompher de toute incrédulité: notre Foi;4;4;Hebreux 13:8 | Jean 14:7 | Jean 5:24 | Psaumes 103:3;
60-0731;SKN;Montre-Nous Le Père Et Cela Nous Suffit;2;2;Actes 19:6 | Apocalypse 1:17;
60-0802;SKN;Jéhovah-Jiré 2  (El-Shaddaï);3;3;Ephesiens 4:30 | Hebreux 10:29 | Hebreux 10:31;
60-0803;SKN;Jéhovah-Jiré 3  (Abraham);9;4;Apocalypse 13:2 | Esther 4:16 | Jean 5:24 | Psaumes 103:3;Genese 22:14 | Genese 22:3 | Genese 22:6 | Genese 22:7 | Genese 22:8
60-0804;SKN;Pareil À L’Aigle Qui Éveille Sa Couvée;2;2;Job 7:27 | job 7:4;
60-0805;SKN;L’Agneau Et La Colombe;1;1;Galates 5:22;
60-0806;SKN;Ecoutez-Le;5;4;Actes 2:38 | Esaie 1:8 | Hebreux 11:23 | Hebreux 11:8;
60-0807;SKN;Débat sur le parler en langues;25;19;Actes 10:44 | Actes 10:49 | Actes 19:5 | Actes 19:6 | Actes 2:11 | Actes 2:38 | Actes 2:4 | Actes 2:5 | Actes 2:6 | Actes 8:25 | Actes 8:26 | Actes 8:27 | Actes 8:30 | Actes 8:35 | Actes 8:38 | Actes 8:5 | Actes 8:6 | actes 10:44 | actes 10:46;
60-0911E;SKN;Les Cinq identifications précises de la vraie Eglise du Dieu vivant;54;44;1 Corinthiens 12:28 | Actes 19:13 | Actes 19:28 | Actes 1:3 | Actes 1:8 | Actes 2:38 | Actes 5:32 | Actes 7:38 | Apocalypse 13:1 | Apocalypse 13:11 | Apocalypse 13:2 | Apocalypse 13:3 | Apocalypse 17:1 | Apocalypse 17:13 | Apocalypse 17:15 | Apocalypse 17:3 | Apocalypse 17:9 | Colossiens 1:17 | Colossiens 1:18 | Colossiens 3:26 | Ephesiens 1:11 | Ephesiens 1:22 | Ephesiens 1:9 | Ephesiens 4:30 | Ephesiens 5:25 | Galates 3:26 | Hebreux 12:13 | Hebreux 13:12 | Hebreux 13:8 | Jean 14:12 | Jean 3:5 | Luc 24:26 | Luc 24:29 | Luc 24:47 | Luc 24:49 | Marc 16:14 | Marc 16:16 | Marc 16:17 | Matthieu 10:1 | Matthieu 10:5 | Matthieu 16:18 | Matthieu 16:28 | Matthieu 28:20 | colossiens 3:11;
60-0911E;VGR;Cinq identifications précises de la véritable Église du Dieu vivant;50;40;Actes 19:13 | Actes 19:4 | Actes 1:19 | Actes 1:22 | Actes 1:8 | Actes 5:32 | Actes 7:38 | Apocalypse 13:1 | Apocalypse 13:11 | Apocalypse 13:2 | Apocalypse 13:3 | Apocalypse 17:1 | Apocalypse 17:15 | Apocalypse 17:3 | Apocalypse 17:9 | Colossiens 1:17 | Colossiens 1:18 | Colossiens 3:26 | Ephesiens 4:30 | Ephesiens 5:25 | Galates 3:26 | Galates 3:27 | Galates 3:28 | Genese 1:26 | Hebreux 13:12 | Hebreux 13:8 | Jean 14:12 | Jean 3:5 | Luc 24:46 | Luc 24:47 | Luc 24:49 | Marc 16:14 | Marc 16:16 | Marc 16:17 | Matthieu 10:1 | Matthieu 10:2 | Matthieu 10:5 | Matthieu 16:18 | Matthieu 28:20 | colossiens 3:11;Matthieu 16:18
60-0911M;SKN;Je Serai Avec Toi Comme J'ai Eté Avec Moïse;11;2;Marc 16:16 | Marc 16:17;Josue 1:1 | Josue 1:11 | Josue 1:15 | Josue 1:2 | Josue 1:3 | Josue 1:4 | Josue 1:6 | Josue 1:7 | Josue 1:8
60-0911M;VGR;Je serai avec toi, comme J’ai été avec Moïse;14;3;Marc 16:16 | Marc 16:17 | Marc 16:18;Josue 1:1 | Josue 1:11 | Josue 1:15 | Josue 1:2 | Josue 1:3 | Josue 1:4 | Josue 1:5 | Josue 1:6 | Josue 1:7 | Josue 1:8
60-0925;SKN;Ce Jour-Là Sur Le Calvaire;32;32;Matthieu 27:1 | Matthieu 27:11 | Matthieu 27:12 | Matthieu 27:20 | Matthieu 27:22 | Matthieu 27:27 | Matthieu 27:28 | Matthieu 27:29 | Matthieu 27:3 | Matthieu 27:30 | Matthieu 27:31 | Matthieu 27:32 | Matthieu 27:33 | Matthieu 27:34 | Matthieu 27:35 | Matthieu 27:38 | Matthieu 27:40 | Matthieu 27:41 | Matthieu 27:42 | Matthieu 27:44 | Matthieu 27:45 | Matthieu 27:46 | Matthieu 27:47 | Matthieu 27:48 | Matthieu 27:49 | Matthieu 27:5 | Matthieu 27:50 | Matthieu 27:51 | Matthieu 27:52 | Matthieu 27:53 | Matthieu 27:54 | Matthieu 27:6;
60-0925;VGR;Ce jour-là sur le Calvaire;32;32;Matthieu 27:1 | Matthieu 27:11 | Matthieu 27:12 | Matthieu 27:2 | Matthieu 27:20 | Matthieu 27:27 | Matthieu 27:28 | Matthieu 27:29 | Matthieu 27:3 | Matthieu 27:30 | Matthieu 27:31 | Matthieu 27:32 | Matthieu 27:33 | Matthieu 27:34 | Matthieu 27:35 | Matthieu 27:38 | Matthieu 27:40 | Matthieu 27:41 | Matthieu 27:42 | Matthieu 27:44 | Matthieu 27:45 | Matthieu 27:46 | Matthieu 27:47 | Matthieu 27:48 | Matthieu 27:49 | Matthieu 27:5 | Matthieu 27:50 | Matthieu 27:51 | Matthieu 27:52 | Matthieu 27:53 | Matthieu 27:54 | Matthieu 27:6;
60-1002;SKN;Le Parent Rédempteur;2;2;1 Timothee 3:16 | Jean 5:19;
60-1113;SKN;La Condamnation par représentation;4;4;Actes 19:13 | Galates 1:8 | Genese 1:11 | Jacques 5:14;
60-1113;VGR;La condamnation par représentation;6;6;Actes 19:13 | Actes 19:21 | Actes 19:4 | Galates 1:8 | Genese 1:11 | Jacques 5:14;
60-1124;SKN;C’est Moi;2;2;Apocalypse 17:15 | Jean 14:7;
60-1125;SKN;Une Conférence;18;18;Actes 2:13 | Actes 2:15 | Actes 2:17 | Actes 2:22 | Actes 2:26 | Actes 2:27 | Actes 2:29 | Actes 2:34 | Actes 2:38 | Actes 2:4 | Actes 2:43 | Actes 4:24 | Actes 4:25 | Actes 4:27 | Exode 19:21 | Job 7:27 | Joel 2:28 | job 7:4;
60-1126;SKN;Pourquoi?;3;3;Actes 2:38 | Hebreux 13:8 | Psaumes 103:3;
60-1127E;SKN;La Reine Du Midi;1;1;Jean 4:16;
60-1127M;SKN;Il N’En Était Pas Ainsi Au Commencement;8;8;Actes 19:1 | Actes 19:6 | Genese 1:1 | Genese 1:11 | Genese 1:12 | Genese 1:21 | Genese 1:25 | Marc 11:22;
60-1204E;SKN;La Vision de Patmos (La Vision de Patmos de Jean);123;119;Apocalypse 17:15 | Apocalypse 19:1 | Apocalypse 19:10 | Apocalypse 19:11 | Apocalypse 19:12 | Apocalypse 19:13 | Apocalypse 19:14 | Apocalypse 19:15 | Apocalypse 19:16 | Apocalypse 19:17 | Apocalypse 19:18 | Apocalypse 19:19 | Apocalypse 19:20 | Apocalypse 19:21 | Apocalypse 19:3 | Apocalypse 19:4 | Apocalypse 19:5 | Apocalypse 19:6 | Apocalypse 19:8 | Apocalypse 21:23 | Apocalypse 7:1 | Apocalypse 7:10 | Apocalypse 7:11 | Apocalypse 7:12 | Apocalypse 7:17 | Apocalypse 7:2 | Apocalypse 7:9 | Daniel 7:1 | Daniel 7:10 | Daniel 7:11 | Daniel 7:12 | Daniel 7:13 | Daniel 7:14 | Daniel 7:15 | Daniel 7:18 | Daniel 7:19 | Daniel 7:2 | Daniel 7:20 | Daniel 7:21 | Daniel 7:22 | Daniel 7:23 | Daniel 7:24 | Daniel 7:25 | Daniel 7:27 | Daniel 7:28 | Daniel 7:4 | Daniel 7:5 | Daniel 7:6 | Daniel 7:7 | Daniel 7:8 | Daniel 7:9 | Ephesiens 4:30 | Esaie 28:8 | Esaie 35:8 | Esther 6:10 | Esther 6:11 | Esther 6:13 | Esther 6:2 | Esther 6:8 | Esther 6:9 | Esther 8:1 | Esther 8:10 | Esther 8:11 | Esther 8:13 | Esther 8:14 | Esther 8:15 | Esther 8:17 | Esther 8:2 | Esther 8:3 | Esther 8:4 | Esther 8:5 | Esther 8:7 | Esther 8:8 | Esther 8:9 | Hebreux 4:10 | Hebreux 4:2 | Hebreux 4:3 | Hebreux 4:7 | Jean 15:13 | Jean 15:15;
60-1204E;VGR;La vision de Patmos;60;47;Apocalypse 13:8 | Apocalypse 17:15 | Apocalypse 19:11 | Apocalypse 19:12 | Apocalypse 19:13 | Apocalypse 19:15 | Apocalypse 19:17 | Apocalypse 19:19 | Apocalypse 19:21 | Apocalypse 19:6 | Apocalypse 21:23 | Apocalypse 7:2 | Apocalypse 7:9 | Daniel 7:10 | Daniel 7:20 | Daniel 7:4 | Daniel 7:8 | Daniel 7:9 | Ephesiens 4:30 | Esaie 28:8 | Esaie 35:8 | Hebreux 4:10 | Hebreux 4:2 | Hebreux 4:3 | Hebreux 4:7 | Jean 15:4 | Jean 15:5 | Jean 17:17 | Jean 5:22 | Malachie 4:1 | Malachie 4:2 | Malachie 4:3 | Malachie 4:5 | Marc 11:22 | Marc 16:15 | Marc 16:17 | Matthieu 10:1 | Matthieu 11:28 | Matthieu 11:29 | Matthieu 17:1 | Matthieu 17:2 | Matthieu 24:1 | Matthieu 24:24 | Matthieu 25:3 | Matthieu 25:30 | Matthieu 25:33 | Zacharie 4:1;
60-1204M;SKN;La Révélation de Jésus-Christ;31;29;Actes 19:1 | Actes 2:36 | Apocalypse 11:18 | Apocalypse 15:3 | Apocalypse 22:10 | Apocalypse 22:18 | Apocalypse 22:19 | Apocalypse 22:6 | Apocalypse 22:7 | Apocalypse 22:9 | Esaie 9:6 | Genese 45:1 | Genese 45:2 | Genese 45:26 | Genese 45:3 | Genese 45:4 | Genese 45:6 | Hebreux 11:37 | Hebreux 11:4 | Hebreux 13:8 | Jean 14:7 | Jean 5:7 | Matthieu 16:18 | Matthieu 1:18 | Matthieu 28:19 | Zacharie 12:10 | Zacharie 12:7 | Zacharie 12:8 | Zacharie 12:9;
60-1204M;VGR;La Révélation de Jésus-Christ;31;29;Actes 19:1 | Actes 2:36 | Apocalypse 11:18 | Apocalypse 15:3 | Apocalypse 22:6 | Apocalypse 22:9 | Esaie 9:6 | Genese 45:1 | Genese 45:2 | Genese 45:26 | Genese 45:3 | Genese 45:4 | Genese 45:6 | Hebreux 11:37 | Hebreux 11:4 | Hebreux 13:8 | Jean 14:12 | Jean 14:7 | Jean 5:7 | Jean 5:8 | Marc 16:15 | Marc 16:17 | Matthieu 16:18 | Matthieu 1:18 | Matthieu 28:19 | Zacharie 12:10 | Zacharie 12:7 | Zacharie 12:8 | Zacharie 12:9;
60-1205;SKN;L'Age de l'Eglise d'Ephese;12;12;Actes 19:29 | Actes 19:4 | Actes 2:22 | Galates 1:8 | Hebreux 11:37 | Hebreux 13:8 | Hebreux 6:7 | Hebreux 6:8 | Marc 16:17 | Marc 16:9 | Matthieu 5:12 | Matthieu 5:44;
60-1205;VGR;L’Âge de l’Église d’Éphèse;12;12;Actes 19:4 | Actes 19:6 | Galates 1:8 | Hebreux 11:37 | Hebreux 13:8 | Hebreux 6:7 | Hebreux 6:8 | Jean 6:31 | Marc 16:15 | Marc 16:17 | Matthieu 5:12 | Matthieu 5:45;
60-1207;SKN;L'Age de l'Eglise de Pergame;9;8;Actes 2:38 | Apocalypse 17:1 | Apocalypse 17:15 | Apocalypse 17:17 | Hebreux 4:12 | Matthieu 28:19 | Nombres 22:41 | Nombres 23:9;
60-1207;VGR;L’Âge de L’Église de Pergame;13;12;Actes 2:38 | Apocalypse 17:12 | Hebreux 4:12 | Matthieu 28:19 | Nombres 22:10 | Nombres 22:23 | Nombres 22:26 | Nombres 22:3 | Nombres 22:31 | Nombres 22:34 | Nombres 22:7 | Nombres 23:9;
60-1208;VGR;L’Âge de l’Église de Thyatire;17;16;Apocalypse 13:1 | Apocalypse 13:11 | Apocalypse 13:12 | Apocalypse 13:14 | Apocalypse 13:15 | Apocalypse 13:16 | Apocalypse 13:17 | Apocalypse 13:2 | Apocalypse 13:3 | Apocalypse 13:4 | Apocalypse 13:6 | Apocalypse 17:1 | Apocalypse 17:15 | Apocalypse 17:4 | Hebreux 4:12 | Marc 16:9;
60-1208;SKN;L'Age de l'Eglise de Thyatire;7;7;Apocalypse 13:14 | Apocalypse 13:6 | Apocalypse 13:8 | Apocalypse 17:1 | Apocalypse 17:15 | Apocalypse 17:4 | Hebreux 4:12;
60-1209;SKN;L'Age de l'Eglise de Sardes;11;11;Actes 19:5 | Apocalypse 13:2 | Apocalypse 17:16 | Apocalypse 17:17 | Apocalypse 17:3 | Apocalypse 17:7 | Galates 1:8 | Hebreux 13:12 | Luc 24:49 | Marc 16:20 | Romains 5:1;
60-1209;VGR;L’Âge de l’Église de Sardes;9;9;Actes 19:5 | Apocalypse 13:2 | Apocalypse 17:12 | Apocalypse 17:3 | Apocalypse 17:7 | Galates 1:8 | Hebreux 13:12 | Luc 24:49 | Romains 5:1;
60-1210;SKN;L'Age de l'Eglise de Philadelphie;94;87;Actes 15:1 | Actes 15:10 | Actes 15:12 | Actes 15:13 | Actes 15:14 | Actes 15:15 | Actes 15:2 | Actes 15:21 | Actes 15:22 | Actes 15:23 | Actes 15:24 | Actes 15:25 | Actes 15:30 | Actes 15:32 | Actes 15:36 | Actes 15:4 | Actes 15:5 | Actes 15:7 | Actes 15:8 | Actes 5:19 | Actes 9:11 | Actes 9:13 | Actes 9:15 | Actes 9:17 | Actes 9:19 | Actes 9:2 | Actes 9:21 | Actes 9:23 | Actes 9:26 | Actes 9:27 | Actes 9:28 | Actes 9:3 | Actes 9:31 | Actes 9:33 | Actes 9:34 | Actes 9:40 | Actes 9:41 | Actes 9:43 | Actes 9:7 | Actes 9:8 | Apocalypse 1:1 | Apocalypse 21:1 | Apocalypse 21:10 | Apocalypse 21:12 | Apocalypse 21:14 | Apocalypse 21:2 | Apocalypse 21:21 | Apocalypse 21:22 | Apocalypse 21:24 | Apocalypse 21:25 | Apocalypse 21:27 | Apocalypse 21:3 | Apocalypse 21:4 | Apocalypse 21:5 | Apocalypse 21:6 | Apocalypse 21:9 | Apocalypse 2:13 | Apocalypse 2:17 | Apocalypse 3:1 | Apocalypse 3:10 | Apocalypse 3:11 | Apocalypse 3:12 | Apocalypse 3:14 | Apocalypse 3:15 | Apocalypse 3:20 | Apocalypse 3:21 | Apocalypse 3:3 | Apocalypse 3:7 | Apocalypse 3:8 | Apocalypse 3:9 | Daniel 12:3 | Ephesiens 2:19 | Ephesiens 3:15 | Galates 1:8 | Jean 10:17 | Jean 10:7 | Jean 17:17 | Jean 17:7 | Jean 5:19 | Marc 16:16;
60-1210;VGR;L’Âge de l’Église de Philadelphie;34;29;Actes 15:14 | Actes 15:23 | Apocalypse 21:1 | Apocalypse 21:10 | Apocalypse 21:2 | Apocalypse 2:13 | Apocalypse 2:17 | Apocalypse 3:1 | Apocalypse 3:15 | Apocalypse 3:16 | Apocalypse 3:7 | Apocalypse 3:8 | Daniel 12:3 | Ephesiens 2:19 | Ephesiens 3:15 | Galates 1:8 | Jean 10:17 | Jean 10:7 | Jean 17:17 | Jean 17:7 | Jean 5:19 | Marc 16:15 | Marc 16:16 | Marc 16:17 | Marc 16:18 | Matthieu 16:18 | Matthieu 28:19 | Romains 2:29 | Romains 5:1;
60-1211E;SKN;L'Age de l'Eglise de Laodicée;14;13;Jacques 5:1 | Luc 1:14 | Luc 1:15 | Luc 1:17 | Luc 1:67 | Luc 1:80 | Malachie 4:1 | Malachie 4:2 | Malachie 4:3 | Malachie 4:4 | Malachie 4:6 | Matthieu 17:10 | Matthieu 17:9;
60-1211E;VGR;L’Âge de l’Église de Laodicée;29;28;Jacques 5:1 | Luc 1:14 | Luc 1:15 | Luc 1:17 | Luc 1:67 | Luc 2:10 | Malachie 4:1 | Malachie 4:2 | Malachie 4:3 | Malachie 4:4 | Malachie 4:5 | Malachie 4:6 | Matthieu 17:10 | Matthieu 17:9 | Matthieu 2:15 | Romains 11:15 | Romains 11:16 | Romains 11:17 | Romains 11:18 | Romains 11:19 | Romains 11:20 | Romains 11:21 | Romains 11:22 | Romains 11:23 | Romains 11:24 | Romains 11:25 | Romains 11:26 | Romains 11:27;
60-1211M;SKN;Les Dix Vierges;43;36;Apocalypse 11:11 | Apocalypse 11:8 | Apocalypse 12:17 | Apocalypse 12:5 | Apocalypse 12:9 | Apocalypse 13:11 | Apocalypse 13:14 | Apocalypse 13:15 | Apocalypse 13:17 | Apocalypse 13:2 | Apocalypse 13:4 | Apocalypse 19:11 | Apocalypse 22:16 | Apocalypse 7:1 | Apocalypse 7:2 | Apocalypse 7:3 | Apocalypse 9:1 | Apocalypse 9:1-4 | Apocalypse 9:2 | Apocalypse 9:3 | Apocalypse 9:4 | Daniel 7:10 | Daniel 7:11 | Daniel 7:12 | Daniel 7:20 | Daniel 7:21 | Daniel 7:22 | Daniel 7:4 | Daniel 7:7 | Daniel 7:8 | Daniel 7:9 | Ephesiens 4:30 | Matthieu 21:9 | Matthieu 24:15 | Matthieu 24:24 | Romains 2:22;
60-1211M;VGR;Les dix vierges et les cent quarante-quatre mille Juifs;46;37;Apocalypse 11:8 | Apocalypse 12:16 | Apocalypse 12:17 | Apocalypse 12:4 | Apocalypse 12:5 | Apocalypse 12:9 | Apocalypse 13:1 | Apocalypse 13:11 | Apocalypse 13:14 | Apocalypse 13:15 | Apocalypse 13:16 | Apocalypse 13:17 | Apocalypse 13:2 | Apocalypse 13:4 | Apocalypse 13:5 | Apocalypse 22:16 | Apocalypse 7:1 | Apocalypse 7:2 | Apocalypse 7:3 | Daniel 7:10 | Daniel 7:11 | Daniel 7:12 | Daniel 7:20 | Daniel 7:21 | Daniel 7:22 | Daniel 7:4 | Daniel 7:7 | Daniel 7:8 | Daniel 7:9 | Ephesiens 4:30 | Ezechiel 9:2 | Matthieu 21:43 | Matthieu 21:9 | Matthieu 24:15 | Matthieu 24:18 | Matthieu 24:24 | Romains 2:22;
60-1218;SKN;Le Son Confus;24;19;Actes 2:38 | Actes 2:39 | Apocalypse 21:1 | Apocalypse 21:2 | Genese 22:18 | Hebreux 11:17 | Hebreux 11:18 | Hebreux 11:19 | Hebreux 11:7 | Hebreux 13:12 | Jean 14:12 | Jean 15:7 | Jean 5:19 | Marc 16:16 | Marc 16:17 | Matthieu 10:1 | Matthieu 17:1 | Matthieu 17:2 | Matthieu 24:35;
60-1218;VGR;Le son confus;22;16;Actes 2:38 | Apocalypse 21:1 | Apocalypse 21:2 | Genese 22:18 | Hebreux 11:17 | Hebreux 13:12 | Jean 14:12 | Jean 15:7 | Jean 5:19 | Marc 16:15 | Marc 16:16 | Marc 16:17 | Matthieu 10:1 | Matthieu 10:2 | Matthieu 17:1 | Matthieu 24:35;
60-1225;SKN;Le Don Enveloppé De Dieu;5;4;Actes 10:35 | Actes 2:38 | Apocalypse 1:20 | Matthieu 1:5;Luc 2:7
60-1225;VGR;Le Cadeau enveloppé de Dieu;5;4;Actes 10:35 | Actes 2:38 | Apocalypse 1:20 | Matthieu 1:5;Luc 2:7
60-1231;SKN;Apocalypse chapitre Quatre #1;24;21;Apocalypse 19:7 | Apocalypse 19:8 | Apocalypse 19:9 | Apocalypse 1:1 | Apocalypse 1:10 | Apocalypse 1:2 | Apocalypse 1:3 | Apocalypse 1:4 | Apocalypse 1:5 | Apocalypse 1:6 | Apocalypse 1:7 | Apocalypse 1:8 | Apocalypse 1:9 | Apocalypse 21:9 | Apocalypse 3:8 | Apocalypse 4:2 | Jean 10:12 | Jean 10:16 | Jean 20:21 | Jean 21:20 | Matthieu 16:13;
60-1231;VGR;Apocalypse, chapitre quatre, 1re partie;17;14;Apocalypse 11:10 | Apocalypse 19:7 | Apocalypse 19:8 | Apocalypse 19:9 | Apocalypse 1:10 | Apocalypse 1:20 | Apocalypse 21:15 | Apocalypse 3:8 | Apocalypse 4:2 | Jean 10:12 | Jean 10:16 | Jean 20:21 | Jean 21:20 | Matthieu 16:13;
61-0101;SKN;Les Vingt-quatre Anciens (Apocalypse chapitre Quatre #2);28;24;Apocalypse 20:4 | Apocalypse 21:10 | Apocalypse 2:10 | Apocalypse 3:21 | Daniel 7:10 | Daniel 7:9 | Ezechiel 1:1 | Ezechiel 1:13 | Ezechiel 1:16 | Ezechiel 1:2 | Ezechiel 1:3 | Ezechiel 1:4 | Ezechiel 1:5 | Genese 48:2 | Genese 8:20 | Genese 8:21 | Genese 8:22 | Genese 9:13 | Genese 9:15 | Hebreux 6:12 | Hebreux 9:23 | Jean 1:5 | Marc 16:17 | Matthieu 19:28;
61-0101;VGR;Apocalypse, chapitre quatre, 2e partie;30;26;Apocalypse 20:4 | Apocalypse 21:10 | Apocalypse 2:10 | Apocalypse 3:21 | Daniel 7:10 | Daniel 7:9 | Ezechiel 1:1 | Ezechiel 1:13 | Ezechiel 1:16 | Ezechiel 1:2 | Ezechiel 1:28 | Ezechiel 1:3 | Ezechiel 1:4 | Ezechiel 1:5 | Genese 48:13 | Genese 8:20 | Genese 9:13 | Genese 9:15 | Genese 9:16 | Genese 9:17 | Hebreux 6:12 | Hebreux 9:23 | Jean 1:5 | Marc 16:17 | Matthieu 17:9 | Matthieu 19:28;
61-0108;SKN;Le Trône (Apocalypse chapitre Quatre #3);87;66;Actes 2:38 | Apocalypse 15:2 | Apocalypse 15:3 | Apocalypse 1:12 | Apocalypse 1:20 | Apocalypse 1:4 | Apocalypse 2:5 | Apocalypse 3:5 | Apocalypse 4:1 | Apocalypse 4:4 | Apocalypse 4:5 | Apocalypse 5:11 | Apocalypse 5:6 | Ephesiens 4:30 | Ephesiens 5:23 | Ephesiens 5:24 | Esaie 6:1 | Esaie 9:6 | Exode 19:16 | Exode 25:10 | Genese 1:15 | Genese 1:17 | Genese 1:9 | Genese 3:24 | Genese 49:28 | Genese 49:4 | Genese 49:9 | Genese 4:16 | Jean 14:12 | Jean 15:7 | Levitique 16:12 | Levitique 16:14 | Levitique 16:15 | Levitique 16:16 | Levitique 16:18 | Levitique 16:19 | Levitique 16:2 | Luc 10:1 | Luc 10:11 | Luc 10:3 | Luc 10:4 | Luc 10:6 | Luc 10:7 | Luc 10:9 | Luc 11:29 | Luc 11:30 | Luc 11:31 | Luc 11:32 | Luc 24:49 | Marc 11:21 | Marc 16:14 | Marc 16:16 | Marc 16:17 | Matthieu 10:1 | Matthieu 10:2 | Matthieu 11:18 | Matthieu 11:19 | Matthieu 11:21 | Matthieu 11:23 | Matthieu 1:18 | Matthieu 1:19 | Matthieu 1:20 | Matthieu 1:23 | Matthieu 21:19 | Matthieu 21:21 | Matthieu 28:19;
61-0108;VGR;Apocalypse, chapitre quatre, 3e partie;94;71;Actes 19:4 | Actes 2:38 | Apocalypse 11:13 | Apocalypse 15:2 | Apocalypse 15:3 | Apocalypse 1:12 | Apocalypse 1:20 | Apocalypse 1:4 | Apocalypse 20:4 | Apocalypse 22:1 | Apocalypse 22:16 | Apocalypse 22:6 | Apocalypse 2:5 | Apocalypse 3:18 | Apocalypse 3:5 | Apocalypse 4:1 | Apocalypse 4:4 | Apocalypse 4:5 | Apocalypse 5:11 | Ephesiens 4:30 | Ephesiens 5:23 | Ephesiens 5:24 | Ephesiens 5:25 | Esaie 6:1 | Esaie 9:6 | Exode 19:16 | Exode 25:10 | Genese 1:14 | Genese 1:2 | Genese 1:6 | Genese 1:9 | Genese 3:24 | Genese 49:16 | Genese 49:28 | Genese 49:3 | Genese 49:4 | Genese 49:9 | Genese 4:16 | Jean 14:12 | Jean 15:7 | Levitique 16:12 | Levitique 16:14 | Levitique 16:15 | Levitique 16:16 | Levitique 16:17 | Levitique 16:18 | Levitique 16:19 | Levitique 16:2 | Levitique 16:20 | Levitique 16:33 | Levitique 16:7 | Luc 10:1 | Luc 11:29 | Luc 24:49 | Marc 11:21 | Marc 11:23 | Marc 16:14 | Marc 16:15 | Marc 16:16 | Marc 16:17 | Matthieu 10:1 | Matthieu 10:2 | Matthieu 11:18 | Matthieu 11:19 | Matthieu 11:21 | Matthieu 1:18 | Matthieu 1:20 | Matthieu 1:23 | Matthieu 21:19 | Matthieu 21:21 | Matthieu 28:19;
61-0112;SKN;Questions Et Réponses;17;12;Actes 2:38 | Actes 2:4 | Hebreux 6:1 | Hebreux 6:6 | Hebreux 6:8 | Jean 13:14 | Luc 3:14 | Luc 3:15 | Luc 3:16 | Matthieu 18:10 | Matthieu 28:19 | Matthieu 3:3;
61-0112;VGR;Questions et réponses;21;15;Actes 2:38 | Actes 2:4 | Esaie 28:11 | Hebreux 6:1 | Hebreux 6:6 | Hebreux 6:7 | Hebreux 6:8 | Luc 1:17 | Luc 3:14 | Luc 3:15 | Luc 3:16 | Malachie 4:5 | Matthieu 18:10 | Matthieu 28:19 | Matthieu 3:3;
61-0117;SKN;Le Messie;25;18;2 Timothee 3:5 | Actes 19:6 | Actes 2:38 | Esaie 40:26 | Esaie 40:3 | Esaie 9:6 | Ezechiel 1:26 | Genese 1:26 | Jean 14:12 | Jean 15:7 | Jean 5:19 | Malachie 4:3 | Malachie 4:5 | Marc 11:24 | Marc 16:16 | Marc 16:17 | Matthieu 24:14 | Matthieu 24:24;Esaie 9:6 | Genese 3:15
61-0118;SKN;Jésus-Christ Est Le Même Hier, Aujourd’hui Et Éternellement;19;19;1 Corinthiens 12:28 | 1 Corinthiens 12:29 | Actes 10:49 | Apocalypse 11:18 | Esaie 9:6 | Hebreux 13:8 | Jean 14:12 | Jean 4:9 | Jean 5:10 | Jean 5:11 | Jean 5:15 | Jean 5:19 | Jean 5:3 | Jean 5:4 | Jean 5:7 | Jean 5:9 | Jean 6:23 | Marc 16:17 | actes 10:48;
61-0119E;SKN;La Reine de Séba;4;4;Hebreux 13:8 | Jean 5:19 | Malachie 3:1 | Matthieu 12:42;
61-0119M;SKN;Les Choses N'étaient Pas Ainsi Au Commencement (Il N’en Etait Pas Ainsi Au Commencement);4;4;Actes 2:38 | Galates 1:8 | Jean 15:4 | Jean 15:5;
61-0119M;VGR;Des choses qui n’étaient pas ainsi au commencement;4;4;Actes 2:38 | Galates 1:8 | Jean 15:4 | Jean 15:5;
61-0121;SKN;La Foi de marie;6;3;Esaie 9:5 | Esaie 9:6 | Hebreux 4:12;
61-0122;SKN;Pareil À L'Aigle Qui Eveille Sa Couvée;4;4;Apocalypse 1:16 | Deuteronome 32:11 | Ephesiens 4:30 | Esther 7:7;
61-0123;SKN;N’Ayez Pas Peur, C’est Moi;3;3;Hebreux 13:8 | Jean 14:12 | Matthieu 14:27;
61-0124;SKN;Aveugle Bartimée;2;2;Hebreux 13:14 | Jean 5:19;
61-0125;SKN;Pourquoi?;2;2;Psaumes 103:1 | Psaumes 103:2;
61-0128;SKN;Pourquoi?;7;7;Actes 2:4 | Galates 1:8 | Genese 1:26 | Hebreux 3:1 | Jean 5:24 | Jeremie 8:22 | Psaumes 103:3;
61-0129;SKN;Se tourner vers le nord;3;3;Exode 19:16 | Exode 19:2 | Jean 5:20;
61-0205E;SKN;Jésus-Christ Est Le Même Hier, Aujourd’hui Et Éternellement;18;16;Genese 1:26 | Hebreux 13:8 | Jean 12:20 | Jean 19:19 | Jean 19:20 | Jean 19:24 | Jean 19:41 | Jean 19:5 | Jean 4:11 | Jean 4:39 | Jean 4:4 | Jean 4:7 | Jean 4:8 | Jean 4:9 | Jean 5:19 | Luc 16:22;
61-0205M;SKN;Expectative;3;2;Esaie 6:9 | Malachie 3:1;
61-0207;SKN;Expectative;4;4;Esaie 35:8 | Esaie 9:5 | Esaie 9:6 | Hebreux 4:12;
61-0208;SKN;Messieurs, Nous Voudrions Voir Jésus;20;18;Apocalypse 17:17 | Apocalypse 17:3 | Apocalypse 17:8 | Deuteronome 18:15 | Exode 19:23 | Hebreux 13:8 | Jean 12:17 | Jean 12:20 | Jean 12:42 | Jean 14:12 | Jean 1:33 | Jean 1:41 | Jean 1:42 | Jean 4:9 | Jean 6:23 | Jean 6:31 | Jean 6:41 | Jean 6:58;
61-0209;SKN;Jéhovah-Jiré;7;7;Actes 2:23 | Exode 19:5 | Galates 3:19 | Genese 12:4 | Genese 12:7 | Genese 12:8 | Jean 15:7;
61-0210;SKN;L’Alliance confirmée d’Abraham;13;12;Actes 19:4 | Actes 19:6 | Daniel 12:3 | Ephesiens 4:30 | Galates 1:8 | Genese 13:14 | Genese 13:16 | Genese 15:5 | Genese 17:1 | Genese 1:11 | Genese 1:26 | Genese 22:14;
61-0211;SKN;Abraham;3;3;Apocalypse 17:16 | Hebreux 4:12 | Jean 5:24;
61-0212E;SKN;C’est Moi, N’ayez Pas Peur;10;7;Hebreux 13:8 | Jean 4:16 | Jean 4:25 | Jean 4:42 | Jean 4:9 | Jean 5:19 | Matthieu 14:27;1 Timothee 3:16
61-0212M;SKN;Jéhovah-Jiré (Le Fidèle Abraham);6;5;Ezechiel 33:33 | Genese 22:14 | Genese 22:18 | Genese 22:2 | Jean 5:19;Jeremie 1:4
61-0213;SKN;Et Ta Postérité Possédera La Porte De Ses Ennemis;6;6;Galates 3:29 | Hebreux 11:1 | Hebreux 11:29 | Hebreux 11:37 | Jean 5:24 | Marc 11:22;
61-0214;SKN;La Base De La Communion;3;3;Hebreux 13:12 | Jean 17:17 | Romains 5:1;
61-0215;SKN;Fils De David, Aie Pitié De Moi (Aveugle Bartimée);1;1;Jean 5:24;
61-0216;SKN;Le Sceau de Dieu;12;12;Genese 1:11 | Genese 1:12 | Genese 1:21 | Genese 1:24 | Genese 1:25 | Genese 3:1 | Genese 4:15 | Hebreux 11:4 | Hebreux 11:5 | Matthieu 16:17 | Matthieu 16:23 | Matthieu 24:20;
61-0217;SKN;La Marque de la bête;29;28;1 Jean 5:7 | Actes 19:1 | Actes 19:4 | Actes 19:6 | Apocalypse 14:6 | Apocalypse 17:12 | Apocalypse 7:1 | Apocalypse 7:2 | Apocalypse 7:3 | Daniel 7:9 | Ephesiens 1:13 | Ephesiens 4:30 | Esaie 28:10 | Esaie 28:11 | Esaie 28:12 | Esaie 28:8 | Esaie 28:8-12 | Esaie 28:9 | Exode 19:12 | Exode 21:6 | Ezechiel 9:4 | Galates 1:8 | Genese 4:15 | Hebreux 4:10 | Hebreux 4:7 | Jean 17:17 | Jean 5:24 | Matthieu 24:24;
61-0218;SKN;Du Baume En Galaad;2;2;Jean 5:24 | Jeremie 8:22;
61-0219;SKN;La Reine De Séba;6;6;Hebreux 13:8 | Jean 5:19 | Jean 5:24 | Jean 5:37 | Marc 11:23 | Marc 16:17;
61-0224;SKN;N'Ayez Pas Peur;10;8;Actes 10:49 | Jean 4:42 | Jean 5:19 | Jean 5:24 | Jean 5:3 | Jean 5:4 | Jean 6:51 | actes 10:44;
61-0226;SKN;Jéhovah-Jiré;19;14;Genese 12:15 | Genese 12:19 | Genese 15:5 | Genese 17:19 | Genese 17:20 | Genese 17:21 | Genese 1:26 | Genese 22:13 | Genese 22:14 | Genese 22:3 | Genese 22:4 | Genese 22:6 | Genese 22:7 | Genese 22:9;
61-0305;SKN;Au-Delà Du Rideau Du Temps;1;1;Hebreux 4:12;
61-0305;VGR;Au-delà du rideau du temps;1;1;Hebreux 4:12;
61-0308;SKN;L'Expectative;3;3;Esaie 9:6 | Hebreux 3:1 | Psaumes 103:3;
61-0311;SKN;N’Ayez Pas Peur;2;1;Jean 5:19;
61-0312;SKN;Jéhovah-Jiré;22;20;1 Jean 5:7 | Ephesiens 4:30 | Genese 12:16 | Genese 12:4 | Genese 17:19 | Genese 17:20 | Genese 18:10 | Genese 18:12 | Genese 18:2 | Genese 18:5 | Genese 18:6 | Genese 18:7 | Genese 1:26 | Genese 22:13 | Genese 22:14 | Genese 22:16 | Genese 22:6 | Genese 22:7 | Genese 22:9 | Marc 16:17;
61-0315;SKN;Un Son confus;8;7;Actes 2:38 | Hebreux 13:8 | Jean 5:19 | Marc 16:15 | Marc 16:16 | Marc 16:17 | Marc 16:18;
61-0316;SKN;L'Eglise Choisissant La Loi Au Lieu De La Grâce;15;8;Actes 2:4 | Exode 19:1 | Exode 19:11 | Exode 19:12 | Exode 19:2 | Exode 19:23 | Exode 19:8 | Jean 5:24;
61-0317;SKN;L'Alliance De Grâce D'Abraham;14;14;Ephesiens 4:30 | Exode 19:5 | Genese 18:10 | Genese 18:2 | Genese 22:14 | Hebreux 10:13 | Hebreux 10:2 | Hebreux 10:26 | Hebreux 10:27 | Hebreux 10:28 | Hebreux 10:29 | Hebreux 13:12 | Hebreux 13:8 | Matthieu 1:18;
61-0318;SKN;L'Alliance Confirmée D'Abraham;1;1;Apocalypse 1:3;
61-0319;SKN;La Religion de Jézabel;8;8;Actes 2:38 | Apocalypse 13:11 | Apocalypse 13:5 | Apocalypse 13:7 | Apocalypse 17:17 | Apocalypse 2:20 | Malachie 3:1 | Matthieu 17:10;
61-0319;VGR;La religion de Jézabel;10;9;Actes 2:38 | Apocalypse 13:11 | Apocalypse 13:2 | Apocalypse 13:4 | Apocalypse 17:17 | Apocalypse 2:20 | Malachie 3:1 | Malachie 4:1 | Matthieu 17:10;
61-0402;SKN;Le Véritable sceau de pâques;3;2;Ephesiens 4:30 | Romains 4:25;
61-0409;SKN;Messieurs, Nous Voudrions Voir Jésus;31;28;Actes 10:13 | Actes 10:16 | Actes 10:17 | Actes 10:2 | Actes 10:22 | Actes 10:3 | Actes 10:33 | Actes 10:37 | Actes 10:39 | Actes 10:40 | Actes 10:47 | Actes 10:7 | Actes 3:25 | Hebreux 13:8 | Hebreux 4:12 | Jean 12:20 | Jean 14:12 | Jean 14:7 | Jean 1:19 | Jean 1:33 | Jean 1:41 | Jean 1:42 | Jean 1:43 | Jean 1:46 | Jean 1:47 | Jean 1:49 | Jean 4:9 | Jean 5:19;
61-0410;SKN;Les Conférences;5;4;Actes 2:22 | Galates 1:8 | Joel 2:25 | Luc 24:49;Esaie 1:18
61-0411;SKN;Mais Il N’En Était Pas Ainsi Au Commencement;1;1;Jean 5:19;
61-0412;SKN;Il Y A Ici Plus Que Salomon;9;8;Hebreux 4:12 | Jean 1:46 | Jean 1:49 | Jean 1:50 | Jean 1:51 | Jean 5:19 | Jean 5:24 | Matthieu 12:42;Marc 16:17
61-0413;SKN;Pourquoi?;1;1;Matthieu 10:1;
61-0414;SKN;N’Ayez Pas Peur, C’est Moi;8;6;1 Corinthiens 12:28 | 1 Corinthiens 12:29 | 1 Corinthiens 12:30 | 1 Timothee 3:16 | Jean 14:7 | Jean 5:19;
61-0415E;SKN;Le Son confus;8;7;Actes 19:5 | Actes 2:38 | Apocalypse 13:18 | Apocalypse 13:5 | Hebreux 13:8 | Jean 14:7 | Jean 5:24;
61-0416;SKN;Abraham Et Sa Postérité Après Lui;14;13;Genese 12:4 | Genese 14:22 | Genese 15:12 | Genese 15:17 | Genese 15:2 | Genese 15:3 | Genese 15:9 | Genese 18:8 | Genese 22:14 | Malachie 3:1 | Romains 5:1 | Romains 9:11 | Romains 9:13;
61-0423;SKN;Abraham Et Sa Postérité Après Lui;7;7;Galates 3:29 | Genese 12:2 | Jean 14:7 | Jean 1:43 | Matthieu 24:35 | Romains 9:11 | Romains 9:13;
61-0424;SKN;Le Plus Grand Flash D'information De L'histoire (Venez, Croyez Et Allez);8;6;Actes 2:4 | Hebreux 1:1 | Jean 15:5 | Jean 20:13 | Jean 5:19 | Marc 16:17;
61-0425B;SKN;La Divinité Expliquée;20;13;Actes 10:49 | Actes 2:38 | Esaie 35:6 | Esaie 9:6 | Jean 5:24 | Marc 11:24 | Matthieu 1:18 | Matthieu 28:19 | Romains 4:16 | Romains 4:20 | Romains 4:24 | Romains 4:3 | actes 10:44;
61-0425B;VGR;La Divinité expliquée;18;11;Actes 10:49 | Actes 2:38 | Esaie 35:6 | Esaie 9:6 | Jean 5:24 | Marc 11:24 | Matthieu 1:18 | Matthieu 28:19 | Romains 4:16 | Romains 4:20 | actes 10:44;
61-0426;SKN;Le Prophète Michée;3;2;1 Timothee 3:16 | Actes 19:19;
61-0427;SKN;Crois Seulement;1;0;;Luc 8:50
61-0429E;SKN;Un Son confus;2;2;Genese 1:26 | Jean 5:19;
61-0430;SKN;Un Super Signe;1;1;Genese 22:16;
61-0515;SKN;Il Y A Ici Plus Que Salomon;5;5;1 Corinthiens 12:28 | 1 Corinthiens 12:29 | Apocalypse 1:16 | Marc 16:15 | Marc 16:17;
61-0516A;SKN;Jésus-Christ Est Le Même Hier, Aujourd’hui Et Eternellement;17;17;Deuteronome 18:15 | Deuteronome 18:16 | Deuteronome 18:17 | Deuteronome 18:18 | Deuteronome 18:19 | Deuteronome 18:20 | Deuteronome 18:21 | Deuteronome 18:22 | Genese 1:12 | Genese 1:25 | Hebreux 13:8 | Jean 12:42 | Jean 5:19 | Jean 5:24 | Jean 6:23 | Psaumes 103:23 | psaumes 103:22;
61-0517;SKN;C’est Moi;1;1;Jean 5:19;
61-0519;SKN;Messieurs, Nous Voudrions Voir Jésus;5;5;Deuteronome 18:35 | Hebreux 13:8 | Jean 12:20 | Malachie 4:3 | deuteronome 18:15;
61-0520;SKN;Dès Ce Moment;1;1;Jean 5:19;
61-0521;SKN;Montre-nous le Père;6;5;Actes 19:1 | Actes 19:21 | Jean 14:8 | Jean 4:25 | Jean 5:19;
61-0611;SKN;Apocalypse chapitre Cinq #1 (Le Serpent écrasé);7;6;1 Pierre 1:18 | Actes 2:38 | Levitique 25:23 | Levitique 25:25 | Matthieu 5:29 | Romains 8:22;
61-0611;VGR;Apocalypse, chapitre cinq, 1re partie;13;8;Actes 2:38 | Levitique 25:23 | Levitique 25:24 | Levitique 25:25 | Levitique 25:32 | Levitique 25:47 | Levitique 25:49 | Romains 8:22;
61-0618;SKN;Apocalypse chapitre Cinq #2;11;9;Apocalypse 10:1 | Apocalypse 10:2 | Apocalypse 10:7 | Ephesiens 1:13 | Ephesiens 1:14 | Ephesiens 4:30 | Jean 14:2 | Jeremie 32:1 | Matthieu 28:19;
61-0618;VGR;Apocalypse, chapitre cinq, 2e partie;14;13;Apocalypse 10:1 | Apocalypse 10:2 | Apocalypse 10:7 | Ephesiens 1:13 | Ephesiens 1:14 | Ephesiens 4:30 | Jean 14:2 | Jeremie 32:3 | Matthieu 1:18 | Matthieu 1:19 | Matthieu 1:20 | Matthieu 1:23 | Matthieu 28:19;
61-0723E;SKN;Dieu Mal Compris;26;19;1 Corinthiens 13:14 | 1 Pierre 3:18 | 1 Pierre 3:19 | 1 Pierre 3:20 | 1 corinthiens 13:13 | Actes 2:24 | Actes 2:30 | Actes 2:31 | Actes 2:38 | Ezechiel 38:14 | Ezechiel 38:18 | Hebreux 6:6 | Hebreux 6:7 | Hebreux 6:8 | Jean 5:24 | Matthieu 24:15 | Matthieu 28:19 | Psaumes 106:22 | Psaumes 106:7;
61-0723E;VGR;Dieu mal compris;17;13;Actes 2:24 | Actes 2:30 | Actes 2:31 | Actes 2:38 | Ezechiel 38:16 | Hebreux 6:6 | Hebreux 6:7 | Hebreux 6:8 | Jean 5:24 | Matthieu 24:15 | Matthieu 28:19 | Psaumes 106:22 | Psaumes 106:7;
61-0730E;SKN;Les Six buts de la visite de Gabriel à Daniel;81;66;Apocalypse 19:21 | Apocalypse 20:1 | Apocalypse 20:2 | Apocalypse 20:3 | Apocalypse 20:7 | Daniel 12:1 | Daniel 12:2 | Daniel 12:3 | Daniel 12:4 | Daniel 12:9 | Daniel 9:24 | Daniel 9:7 | Esaie 11:1 | Esaie 11:11 | Esaie 11:15 | Esaie 11:2 | Esaie 11:3 | Esaie 11:4 | Esaie 11:5 | Esaie 11:6 | Esaie 11:7 | Esaie 11:8 | Esaie 11:9 | Esaie 65:11 | Esaie 65:13 | Esaie 65:15 | Esaie 65:17 | Esaie 65:18 | Esaie 65:19 | Esaie 65:20 | Esaie 65:21 | Esaie 65:22 | Esaie 65:23 | Esaie 65:24 | Esaie 65:25 | Esaie 65:4 | Esaie 65:8 | Esaie 65:9 | Ezechiel 43:2 | Ezechiel 43:3 | Ezechiel 43:4 | Ezechiel 43:5 | Ezechiel 43:6 | Jeremie 3:12 | Jeremie 3:13 | Jeremie 3:14 | Jeremie 3:15 | Jeremie 3:16 | Jeremie 3:17 | Jeremie 3:22 | Jeremie 3:25 | Jeremie 3:6 | Levitique 8:10 | Romains 11:17 | Romains 11:21 | Romains 11:22 | Romains 11:23 | Romains 11:24 | Romains 11:25 | Romains 11:26 | Zacharie 12:10 | Zacharie 12:11 | Zacharie 12:12 | Zacharie 12:5 | Zacharie 12:7 | Zacharie 12:8;
61-0730E;VGR;Les six buts de la visite de Gabriel à Daniel;96;79;Apocalypse 19:11 | Apocalypse 19:21 | Apocalypse 20:1 | Apocalypse 20:2 | Apocalypse 20:3 | Apocalypse 20:7 | Daniel 12:1 | Daniel 12:10 | Daniel 12:2 | Daniel 12:3 | Daniel 12:4 | Daniel 12:9 | Daniel 63:0 | Daniel 67:0 | Daniel 69:0 | Daniel 71:0 | Daniel 73:0 | Daniel 9:24 | Esaie 11:1 | Esaie 11:11 | Esaie 11:15 | Esaie 11:2 | Esaie 11:3 | Esaie 11:4 | Esaie 11:5 | Esaie 11:6 | Esaie 11:7 | Esaie 11:8 | Esaie 11:9 | Esaie 27:12 | Esaie 65:11 | Esaie 65:12 | Esaie 65:13 | Esaie 65:15 | Esaie 65:17 | Esaie 65:18 | Esaie 65:19 | Esaie 65:20 | Esaie 65:21 | Esaie 65:22 | Esaie 65:23 | Esaie 65:24 | Esaie 65:25 | Esaie 65:4 | Esaie 65:8 | Esaie 65:9 | Ezechiel 43:2 | Ezechiel 43:3 | Ezechiel 43:4 | Ezechiel 43:5 | Genese 3:8 | Genese 45:17 | Jeremie 3:11 | Jeremie 3:12 | Jeremie 3:13 | Jeremie 3:14 | Jeremie 3:15 | Jeremie 3:16 | Jeremie 3:17 | Jeremie 3:2 | Jeremie 3:22 | Jeremie 3:25 | Jeremie 3:6 | Jeremie 3:8 | Levitique 8:10 | Romains 11:17 | Romains 11:2 | Romains 11:21 | Romains 11:22 | Romains 11:23 | Romains 11:24 | Romains 11:25 | Romains 11:26 | Zacharie 12:10 | Zacharie 12:11 | Zacharie 12:12 | Zacharie 12:5 | Zacharie 12:7 | Zacharie 12:8;
61-0730M;VGR;Les instructions de Gabriel à Daniel;44;40;Apocalypse 10:6 | Apocalypse 10:8 | Apocalypse 19:21 | Apocalypse 7:1 | Apocalypse 7:12 | Apocalypse 7:2 | Apocalypse 7:9 | Daniel 15:0 | Daniel 19:0 | Daniel 21:0 | Daniel 37:0 | Daniel 39:0 | Daniel 5:12 | Daniel 5:16 | Daniel 5:7 | Daniel 7:1 | Daniel 7:15 | Daniel 7:7 | Daniel 9:22 | Esaie 27:12 | Esaie 9:6 | Jeremie 32:6 | Matthieu 24:15 | Matthieu 24:24 | Matthieu 6:10 | Matthieu 6:11 | Matthieu 6:12 | Matthieu 6:13 | Matthieu 6:9 | Psaumes 99:1 | Psaumes 99:2 | Psaumes 99:3 | Psaumes 99:4 | Psaumes 99:5 | Psaumes 99:6 | Psaumes 99:7 | Psaumes 99:8 | Psaumes 99:9 | Psaumes 99:99 | psaumes 99:4;
61-0730M;SKN;Les Instructions de Gabriel à Daniel;28;19;Apocalypse 10:6 | Apocalypse 10:8 | Apocalypse 19:21 | Apocalypse 6:1 | Apocalypse 7:1 | Apocalypse 7:12 | Apocalypse 7:2 | Apocalypse 7:9 | Jeremie 32:6 | Matthieu 24:15 | Psaumes 99:1 | Psaumes 99:2 | Psaumes 99:3 | Psaumes 99:4 | Psaumes 99:5 | Psaumes 99:6 | Psaumes 99:7 | Psaumes 99:8 | Psaumes 99:9;
61-0806;SKN;La Soixante-dixième semaine de Daniel;21;19;Actes 15:14 | Apocalypse 11:13 | Apocalypse 11:18 | Apocalypse 11:3 | Apocalypse 11:6 | Apocalypse 13:14 | Apocalypse 19:21 | Daniel 7:4 | Daniel 7:7 | Daniel 9:25 | Galates 3:16 | Genese 12:3 | Levitique 25:10 | Levitique 25:11 | Levitique 25:8 | Luc 21:24 | Malachie 3:1 | Malachie 4:6 | Matthieu 11:6;
61-0806;VGR;La soixante-dixième semaine de Daniel;31;29;Actes 15:14 | Apocalypse 10:7 | Apocalypse 11:13 | Apocalypse 11:18 | Apocalypse 11:3 | Apocalypse 11:6 | Apocalypse 11:9 | Apocalypse 13:1 | Apocalypse 13:14 | Apocalypse 17:3 | Apocalypse 19:21 | Daniel 105:0 | Daniel 111:0 | Daniel 129:0 | Daniel 131:0 | Daniel 7:7 | Daniel 9:25 | Ezechiel 28:12 | Galates 3:16 | Genese 12:3 | Levitique 25:10 | Levitique 25:11 | Levitique 25:8 | Luc 21:24 | Malachie 3:1 | Malachie 4:6 | Matthieu 11:6 | Matthieu 24:15 | Matthieu 24:24;
61-0808;SKN;Ta famille (Crois au Seigneur, suivi des questions);3;3;Actes 2:6 | Apocalypse 7:4 | Jean 5:24;
61-0808;VGR;Ta famille;1;1;Jean 5:24;
61-0813;SKN;La Foi;3;3;Actes 2:38 | Actes 2:4 | Jacques 5:14;
61-0813;VGR;La foi;3;3;Actes 2:38 | Actes 2:4 | Jacques 5:14;
61-0827;SKN;Le Message de grâce;7;7;Deuteronome 7:7 | Hebreux 13:8 | Jean 4:11 | Jean 4:7 | Jean 4:8 | Jean 4:9 | Jean 5:24;
61-1001E;SKN;Le Consolateur;5;5;Esaie 28:18 | Jean 14:12 | Jean 14:15 | Jean 14:16 | Jean 14:17;
61-1001M;SKN;Il est convenable que nous accomplissions toute justice;1;1;Marc 16:17;
61-1015E;SKN;Le Respect;9;9;Psaumes 105:1 | Psaumes 105:10 | Psaumes 105:11 | Psaumes 105:14 | Psaumes 105:15 | Psaumes 105:3 | Psaumes 105:4 | Psaumes 105:5 | Psaumes 105:6;
61-1015E;VGR;Le respect;9;9;Psaumes 105:1 | Psaumes 105:10 | Psaumes 105:11 | Psaumes 105:14 | Psaumes 105:15 | Psaumes 105:3 | Psaumes 105:4 | Psaumes 105:5 | Psaumes 105:6;
61-1015M;SKN;Questions et Réponses;22;14;Actes 19:5 | Actes 2:38 | Apocalypse 21:2 | Apocalypse 2:9 | Hebreux 10:26 | Hebreux 10:27 | Hebreux 10:28 | Hebreux 10:29 | Hebreux 6:4 | Jean 21:15 | Matthieu 16:10 | Matthieu 16:9 | Matthieu 28:19 | Matthieu 5:32;
61-1015M;VGR;Questions et réponses;36;25;Actes 19:5 | Actes 2:38 | Apocalypse 21:2 | Apocalypse 2:99 | Hebreux 10:26 | Hebreux 10:27 | Hebreux 10:28 | Hebreux 10:29 | Hebreux 10:30 | Hebreux 10:31 | Hebreux 10:32 | Hebreux 10:33 | Hebreux 10:34 | Hebreux 10:35 | Hebreux 10:36 | Hebreux 10:37 | Hebreux 10:38 | Hebreux 10:39 | Hebreux 6:4 | Jean 21:15 | Matthieu 16:10 | Matthieu 16:9 | Matthieu 28:19 | Matthieu 5:32 | apocalypse 2:1;
61-1105;SKN;Le Témoignage D'un Vrai Témoin;11;11;Ephesiens 4:30 | Esaie 28:11 | Esaie 9:6 | Jean 3:31 | Jean 3:32 | Joel 2:28 | Luc 24:49 | Malachie 4:1 | Malachie 4:6 | Marc 16:17 | Marc 16:9;
61-1112;SKN;Un Vrai Signe Passé Inaperçu;47;45;Actes 5:9 | Apocalypse 3:11 | Apocalypse 3:12 | Apocalypse 3:18 | Apocalypse 3:2 | Apocalypse 3:20 | Apocalypse 3:7 | Apocalypse 3:8 | Apocalypse 3:9 | Esaie 40:3 | Ezechiel 24:24 | Malachie 3:1 | Malachie 3:10 | Malachie 3:12 | Malachie 3:14 | Malachie 3:17 | Malachie 3:3 | Malachie 3:4 | Malachie 3:5 | Malachie 3:7 | Malachie 4:1 | Malachie 4:2 | Malachie 4:3 | Malachie 4:4 | Malachie 4:5 | Malachie 4:6 | Matthieu 11:1 | Matthieu 11:10 | Matthieu 11:11 | Matthieu 11:13 | Matthieu 11:2 | Matthieu 11:21 | Matthieu 11:23 | Matthieu 11:29 | Matthieu 11:5 | Matthieu 11:7 | Matthieu 11:8 | Matthieu 3:11 | Matthieu 3:14 | Matthieu 3:16 | Matthieu 3:17 | Matthieu 3:3 | Matthieu 3:4 | Matthieu 3:7 | Matthieu 3:9;
61-1112;VGR;Un vrai signe dont on ne tient pas compte;22;20;Actes 5:9 | Apocalypse 3:18 | Apocalypse 3:2 | Apocalypse 3:9 | Esaie 40:3 | Ezechiel 24:24 | Malachie 3:1 | Malachie 3:17 | Malachie 4:1 | Malachie 4:2 | Malachie 4:3 | Malachie 4:4 | Malachie 4:5 | Malachie 4:6 | Matthieu 11:1 | Matthieu 11:10 | Matthieu 11:2 | Matthieu 11:5 | Matthieu 11:7 | Matthieu 11:8;
61-1119;SKN;La Force Parfaite Par La Faiblesse Parfaite;5;4;Actes 2:38 | Exode 4:14 | Hebreux 11:34 | Psaumes 22:1;
61-1119;VGR;La force parfaite par la faiblesse parfaite;3;3;Actes 2:38 | Exode 4:14 | Hebreux 11:34;
61-1210;SKN;Un Paradoxe;4;3;Genese 22:14 | Marc 11:21 | Marc 11:22;
61-1217;SKN;Le Christianisme Contre L'Idolâtrie;12;12;Actes 7:49 | Jeremie 7:13 | Jeremie 7:14 | Jeremie 7:17 | Jeremie 7:18 | Jeremie 7:29 | Jeremie 7:34 | Nombres 25:1 | Nombres 25:2 | Nombres 25:3 | Nombres 25:4 | Nombres 25:5;
61-1217;VGR;Le Christianisme contre l’idolâtrie;16;16;Actes 7:49 | Jeremie 7:11 | Jeremie 7:13 | Jeremie 7:14 | Jeremie 7:17 | Jeremie 7:18 | Jeremie 7:29 | Jeremie 7:3 | Jeremie 7:30 | Jeremie 7:34 | Jeremie 7:9 | Nombres 25:1 | Nombres 25:2 | Nombres 25:3 | Nombres 25:4 | Nombres 25:5;
61-1224;SKN;Messieurs, Nous Voudrions Voir Jésus (Message De Noël);12;12;Esaie 42:1 | Esaie 42:2 | Esaie 42:21 | Esaie 42:3 | Esaie 42:4 | Esaie 42:5 | Esaie 42:6 | Esaie 42:7 | Jean 14:12 | Marc 16:16 | Marc 16:17 | Matthieu 4:16;
61-1231E;SKN;Si Dieu Est Avec Nous, Où Sont Alors Tous Les Prodiges? (Message De Nouvel An);4;2;Jean 14:12 | Jean 15:7;
61-1231M;SKN;Vous Devez Naitre De Nouveau;24;18;Ephesiens 4:11 | Ephesiens 4:12 | Ephesiens 4:13 | Ephesiens 4:14 | Esther 2:20 | Esther 2:21 | Jean 3:1 | Jean 3:10 | Jean 3:11 | Jean 3:12 | Jean 3:2 | Jean 3:3 | Jean 3:4 | Jean 3:5 | Jean 3:6 | Jean 3:7 | Jean 3:8 | Jean 3:9;
61-1231M;VGR;Il faut que vous naissiez de nouveau;20;12;Jean 3:1 | Jean 3:10 | Jean 3:11 | Jean 3:12 | Jean 3:2 | Jean 3:3 | Jean 3:4 | Jean 3:5 | Jean 3:6 | Jean 3:7 | Jean 3:8 | Jean 3:9;
62-0117;SKN;Présumer;6;6;Deuteronome 18:15 | Deuteronome 18:22 | Esaie 28:11 | Jean 14:12 | Joel 2:28 | Nombres 14:41;
62-0118;SKN;Convaincu, puis concerné;5;5;Actes 20:24 | Esther 22:0 | Galates 1:8 | Hebreux 13:8 | Jean 14:12;
62-0119;SKN;Une Bannière;2;2;Jean 14:12 | Marc 16:17;
62-0120;SKN;Le Dieu immuable agissant de façon inattendue (Le Dieu immuable);12;11;Actes 1:8 | Esaie 9:6 | Hebreux 11:23 | Hebreux 11:5 | Hebreux 11:8 | Hebreux 13:8 | Jean 14:12 | Luc 24:49 | Marc 11:22 | Marc 16:15 | Marc 16:17;
62-0121E;SKN;Les Noces de l'agneau;3;3;Jean 6:40 | Jean 6:44 | Jean 6:54;
62-0121E;VGR;Les noces de l’Agneau;3;3;Jean 6:40 | Jean 6:44 | Jean 6:54;
62-0121M;SKN;Et Ta Postérité Possédera La Porte De Son Ennemi;13;13;Ephesiens 4:30 | Genese 22:10 | Genese 22:11 | Genese 22:12 | Genese 22:13 | Genese 22:14 | Genese 22:15 | Genese 22:16 | Genese 22:17 | Genese 22:2 | Genese 22:3 | Genese 22:6 | Genese 22:9;
62-0121M;VGR;Et ta postérité possédera la porte de son ennemi;13;13;Ephesiens 4:30 | Genese 22:10 | Genese 22:11 | Genese 22:12 | Genese 22:13 | Genese 22:14 | Genese 22:15 | Genese 22:16 | Genese 22:17 | Genese 22:2 | Genese 22:3 | Genese 22:6 | Genese 22:9;
62-0122;SKN;La Confirmation De La Commission;20;16;Ephesiens 4:30 | Jean 14:12 | Jean 4:38 | Jean 4:4 | Jean 4:9 | Jean 5:10 | Jean 5:11 | Jean 5:15 | Jean 5:3 | Jean 5:4 | Marc 16:14 | Marc 16:16 | Marc 16:17 | Marc 16:18 | Marc 16:19 | Marc 16:9;
62-0122;VGR;La confirmation de la commission;17;11;Ephesiens 4:30 | Jean 14:12 | Jean 5:11 | Jean 5:3 | Jean 5:4 | Marc 16:14 | Marc 16:16 | Marc 16:17 | Marc 16:18 | Marc 16:19 | Marc 16:9;
62-0123;SKN;Abandonnant tout;2;2;Jean 4:42 | Jean 5:19;
62-0124;SKN;N'Est-Ce Pas Moi Qui T'envoie?;9;8;Ephesiens 4:30 | Esaie 28:19 | Hebreux 13:8 | Hebreux 4:12 | Jean 14:12 | Jean 5:19 | Jean 5:24 | Joel 2:28;
62-0127;SKN;L'Homme Le Plus Méchant Que Je Connaisse;1;1;Luc 7:36;
62-0128A;SKN;Un Paradoxe;8;6;Hebreux 4:12 | Jean 14:12 | Josue 10:12 | Luc 24:49 | Marc 11:11 | Marc 16:17;Josue 10:12
62-0128M;SKN;L'Incrédulité N'Arrête Pas Dieu;5;4;Esaie 28:18 | Galates 1:8 | Hebreux 4:12 | Joel 2:28;
62-0129;SKN;Le Ministère expliqué;3;3;Galates 1:8 | Hebreux 13:8 | Jean 5:19;
62-0204;SKN;La Communion;1;1;Galates 1:8;
62-0204;VGR;La communion;1;1;Galates 1:8;
62-0211;SKN;L'Unité (L'unité avec Dieu);9;7;Actes 19:4 | Actes 19:6 | Actes 4:32 | Genese 1:27 | Hebreux 4:12 | Jean 14:12 | Jean 17:11;Genese 1:26
62-0218;SKN;La Persévérance;21;16;Hebreux 13:8 | Hebreux 3:1 | Hebreux 4:12 | Hebreux 4:4 | Jean 14:12 | Jean 15:7 | Jean 4:7 | Jean 4:9 | Jean 5:18 | Jean 5:19 | Marc 16:16 | Marc 16:17 | Marc 16:18 | Matthieu 10:8 | Matthieu 15:21 | Matthieu 3:10;
62-0311;SKN;La Plus Grande Bataille Jamais Livrée;35;31;1 Pierre 5:8-10 | Daniel 12:1 | Daniel 12:10 | Daniel 12:11 | Daniel 12:12 | Daniel 12:13 | Daniel 12:14 | Daniel 12:2 | Daniel 12:3 | Daniel 12:4 | Daniel 12:5 | Daniel 12:6 | Daniel 12:7 | Daniel 12:8 | Daniel 12:9 | Ephesiens 6:10 | Ephesiens 6:11 | Ephesiens 6:12 | Ephesiens 6:13 | Ephesiens 6:14 | Ephesiens 6:15 | Ephesiens 6:16 | Ephesiens 6:17 | Genese 3:1 | Genese 3:4 | Hebreux 4:1 | Hebreux 4:12 | Hebreux 4:14 | Hebreux 4:3 | Hebreux 4:6 | Jacques 4:7;
62-0311;VGR;La plus grande bataille jamais livrée;27;26;Daniel 12:1 | Daniel 12:10 | Daniel 12:11 | Daniel 12:12 | Daniel 12:13 | Daniel 12:14 | Daniel 12:2 | Daniel 12:3 | Daniel 12:4 | Daniel 12:5 | Daniel 12:6 | Daniel 12:7 | Daniel 12:8 | Daniel 12:9 | Ephesiens 6:10 | Ephesiens 6:11 | Ephesiens 6:12 | Ephesiens 6:13 | Ephesiens 6:14 | Ephesiens 6:15 | Ephesiens 6:16 | Ephesiens 6:17 | Genese 3:1 | Genese 3:4 | Hebreux 4:12 | Jacques 4:7;
62-0313;SKN;Les Expressions (funérailles de la soeur Bell);1;1;Jean 5:24;
62-0313;VGR;Expressions;1;1;Jean 5:24;
62-0318E;SKN;La Parole parlée est la semence originelle #2;218;0;;Actes 10:48 | Actes 20:1 | Actes 20:10 | Actes 20:11 | Actes 20:13 | Actes 20:14 | Actes 20:15 | Actes 20:16 | Actes 20:18 | Actes 20:19
62-0318M;SKN;La Parole parlée est la semence originelle #1;145;141;Actes 19:1 | Actes 19:11 | Actes 19:12 | Actes 19:13 | Actes 19:16 | Actes 19:17 | Actes 19:19 | Actes 19:20 | Actes 19:21 | Actes 19:22 | Actes 19:26 | Actes 19:27 | Actes 19:29 | Actes 19:30 | Actes 19:34 | Actes 19:35 | Actes 19:36 | Actes 19:39 | Actes 19:4 | Actes 19:40 | Actes 19:6 | Actes 19:8 | Actes 19:9 | Actes 2:38 | Apocalypse 21:1 | Apocalypse 21:10 | Apocalypse 21:12 | Apocalypse 21:14 | Apocalypse 21:15 | Apocalypse 21:17 | Apocalypse 21:19 | Apocalypse 21:2 | Apocalypse 21:22 | Apocalypse 21:25 | Apocalypse 21:27 | Apocalypse 21:5 | Apocalypse 21:6 | Apocalypse 21:9 | Genese 17:1 | Genese 17:10 | Genese 17:12 | Genese 17:13 | Genese 17:14 | Genese 17:16 | Genese 17:17 | Genese 17:19 | Genese 17:20 | Genese 17:21 | Genese 17:23 | Genese 17:27 | Genese 17:3 | Genese 17:4 | Genese 17:5 | Genese 17:6 | Genese 17:7 | Genese 17:8 | Genese 1:1 | Genese 1:10 | Genese 1:11 | Genese 1:12 | Genese 1:14 | Genese 1:15 | Genese 1:16 | Genese 1:17 | Genese 1:18 | Genese 1:2 | Genese 1:20 | Genese 1:21 | Genese 1:22 | Genese 1:24 | Genese 1:25 | Genese 1:26 | Genese 1:27 | Genese 1:28 | Genese 1:29 | Genese 1:30 | Genese 1:31 | Genese 1:4 | Genese 1:5 | Genese 1:6;
62-0318M;VGR;La Parole parlée est la Semence originelle (1ʳᵉ partie);185;170;Actes 10:48 | Actes 19:4 | Actes 20:1 | Actes 20:10 | Actes 20:11 | Actes 20:13 | Actes 20:14 | Actes 20:15 | Actes 20:16 | Actes 20:18 | Actes 20:2 | Actes 20:20 | Actes 20:21 | Actes 20:22 | Actes 20:23 | Actes 20:24 | Actes 20:25 | Actes 20:27 | Actes 20:28 | Actes 20:3 | Actes 20:30 | Actes 20:31 | Actes 20:33 | Actes 20:35 | Actes 20:6 | Actes 20:7 | Actes 20:9 | Actes 2:38 | Apocalypse 13:16 | Apocalypse 17:1 | Apocalypse 17:11 | Apocalypse 17:12 | Apocalypse 17:13 | Apocalypse 17:14 | Apocalypse 17:15 | Apocalypse 17:16 | Apocalypse 17:17 | Apocalypse 17:2 | Apocalypse 17:3 | Apocalypse 17:4 | Apocalypse 17:6 | Apocalypse 17:7 | Apocalypse 17:8 | Apocalypse 17:9 | Ephesiens 5:22 | Ephesiens 5:23 | Esaie 54:1 | Esaie 54:53 | Esaie 9:6 | Ezechiel 28:12 | Galates 1:8 | Genese 17:13 | Genese 17:16 | Genese 17:19 | Genese 17:20 | Genese 17:6 | Genese 17:7 | Genese 1:1 | Genese 1:11 | Genese 1:12 | Genese 1:14 | Genese 1:15 | Genese 1:18 | Genese 1:21 | Genese 1:24 | Genese 1:25 | Genese 1:26 | Genese 1:27 | Genese 1:28 | Genese 1:29 | Genese 1:30 | Genese 1:5 | Genese 1:9 | Hebreux 13:8 | Hebreux 6:1 | Hebreux 6:10 | Hebreux 6:16 | Hebreux 6:18 | Hebreux 6:19 | Hebreux 6:2;
62-0319;SKN;Le Signe de la semence du temps de la fin;7;7;Amos 3:7 | Genese 1:11 | Hebreux 1:1 | Job 14:13 | Matthieu 24:24 | Matthieu 24:32 | Matthieu 24:7;
62-0401;SKN;La Sagesse contre La Foi;40;38;2 Timothee 3:5 | Apocalypse 13:11 | Genese 1:11 | Genese 3:1 | Genese 3:10 | Genese 3:11 | Genese 3:12 | Genese 3:13 | Genese 3:14 | Genese 3:15 | Genese 3:16 | Genese 3:17 | Genese 3:2 | Genese 3:3 | Genese 3:4 | Genese 3:5 | Genese 3:6 | Genese 3:7 | Genese 3:8 | Genese 3:9 | Hebreux 11:15 | Hebreux 11:4 | Hebreux 13:8 | Hebreux 4:1 | Hebreux 4:2 | Jean 10:1 | Jean 10:16 | Jean 10:27 | Jean 10:3 | Jean 10:4 | Jean 10:5 | Jean 14:11 | Malachie 4:4 | Matthieu 28:19 | Psaumes 1:1 | Psaumes 1:2 | Psaumes 1:3 | Zacharie 4:6;
62-0407;SKN;Les Signes de sa venue;38;33;Actes 2:17 | Actes 2:22 | Apocalypse 13:11 | Apocalypse 13:14 | Apocalypse 13:15 | Apocalypse 13:2 | Apocalypse 13:4 | Apocalypse 17:1 | Apocalypse 17:11 | Apocalypse 17:12 | Apocalypse 17:17 | Apocalypse 17:3 | Apocalypse 21:27 | Apocalypse 3:1 | Apocalypse 3:2 | Apocalypse 3:3 | Deuteronome 18:22 | Genese 1:11 | Hebreux 2:4 | Jean 15:4 | Jean 15:5 | Luc 17:15 | Malachie 3:1 | Malachie 3:7 | Malachie 4:1 | Marc 16:16 | Marc 16:17 | Matthieu 11:6 | Matthieu 12:24 | Matthieu 13:24 | Matthieu 24:24 | Matthieu 24:45 | Zacharie 14:7;
62-0408;SKN;Présumer;11;10;Deuteronome 22:18 | Hebreux 1:1 | Hebreux 6:4 | Hebreux 6:6 | Jean 14:12 | Jean 3:16 | Malachie 3:5 | Malachie 4:1 | Marc 16:17 | Matthieu 12:42;
62-0422;SKN;La Restitution De L'Arbre-Épouse;13;12;Actes 19:1 | Actes 19:4 | Actes 19:6 | Apocalypse 13:1 | Apocalypse 13:11 | Apocalypse 13:2 | Genese 20:7 | Jean 5:19 | Jean 5:7 | Luc 24:49 | Matthieu 27:53 | Psaumes 1:3;
62-0422;VGR;La restauration de l’Arbre-Épouse;14;13;Actes 19:1 | Actes 19:4 | Apocalypse 13:11 | Apocalypse 13:2 | Ephesiens 5:1 | Genese 20:6 | Genese 20:7 | Jean 5:19 | Jean 5:7 | Luc 24:49 | Matthieu 27:53 | Psaumes 1:1 | Psaumes 1:3;
62-0506;SKN;Possédant Toutes Choses;6;6;2 Corinthiens 6:10 | 2 Corinthiens 6:7 | 2 Corinthiens 6:8 | 2 Corinthiens 6:9 | Genese 14:18 | Genese 14:19;
62-0506;VGR;Nous possédons toutes choses;1;1;Genese 14:18;
62-0513E;SKN;Laisser échapper la pression;2;2;Esaie 32:2 | Proverbes 18:10;
62-0513M;SKN;La Manière D'un Vrai Prophète;3;3;Amos 3:3 | Amos 3:4 | Amos 3:7;
62-0518;SKN;Laisser Échapper La Pression;2;1;Marc 16:17;Esaie 32:2
62-0519;SKN;La Communion;9;9;Hebreux 13:12 | Nombres 19:10 | Nombres 19:13 | Nombres 19:2 | Nombres 19:20 | Nombres 19:21 | Nombres 19:4 | Nombres 19:8 | Nombres 19:9;
62-0520;SKN;La Persévérance;5;3;Hebreux 4:1 | Hebreux 4:12 | Matthieu 11:6;Marc 7:24
62-0521;SKN;Convaincu, et puis concerné;4;4;Esaie 28:19 | Hebreux 13:8 | Hebreux 4:12 | Joel 2:28;
62-0527;SKN;Questions Et Réponses;28;18;Genese 1:21 | Genese 1:26 | Genese 2:7 | Malachie 3:1 | Malachie 3:17 | Malachie 3:5 | Malachie 4:1 | Malachie 4:2 | Malachie 4:3 | Malachie 4:4 | Malachie 4:5 | Malachie 4:6 | Matthieu 11:1 | Matthieu 11:10 | Matthieu 11:2 | Matthieu 11:5 | Matthieu 11:7 | Matthieu 11:8;
62-0527;VGR;Questions et réponses;27;18;Genese 1:26 | Genese 2:7 | Malachie 3:1 | Malachie 3:10 | Malachie 3:12 | Malachie 3:17 | Malachie 4:1 | Malachie 4:2 | Malachie 4:3 | Malachie 4:4 | Malachie 4:5 | Malachie 4:6 | Matthieu 11:1 | Matthieu 11:10 | Matthieu 11:2 | Matthieu 11:5 | Matthieu 11:7 | Matthieu 11:8;
62-0531;SKN;Conflit entre Dieu et Satan;10;8;Genese 6:4 | Hebreux 4:12 | Jean 5:24 | Josue 24:14 | Josue 24:15 | Josue 24:2 | Luc 17:27 | Luc 7:27;
62-0531;VGR;Le conflit entre Dieu et Satan;19;17;Genese 6:4 | Hebreux 4:12 | Jean 5:24 | Josue 24:14 | Josue 24:15 | Josue 24:16 | Josue 24:17 | Josue 24:19 | Josue 24:2 | Josue 24:20 | Josue 24:21 | Josue 24:22 | Josue 24:24 | Josue 24:26 | Josue 24:27 | Luc 17:27 | Luc 7:27;
62-0601;SKN;Se Ranger Du Côté De Jésus;4;4;Actes 4:24 | Esaie 9:6 | Jean 10:32 | Joel 2:2;
62-0601;VGR;Se ranger du côté de Jésus;6;5;Actes 4:25 | Actes 4:27 | Esaie 9:6 | Jean 9:26 | Matthieu 1:18;
62-0603;SKN;L'Evangélisation au temps de la fin;78;77;1 Timothee 3:16 | 2 Timothee 3:1 | Apocalypse 17:1 | Apocalypse 17:12 | Apocalypse 17:14 | Apocalypse 17:15 | Apocalypse 17:16 | Apocalypse 17:17 | Apocalypse 17:2 | Apocalypse 17:3 | Apocalypse 17:4 | Apocalypse 17:6 | Apocalypse 17:7 | Apocalypse 17:8 | Apocalypse 17:9 | Exode 34:12 | Genese 6:1 | Genese 6:14 | Genese 6:15 | Genese 6:16 | Genese 6:17 | Genese 6:19 | Genese 6:2 | Genese 6:4 | Genese 6:7 | Genese 6:9 | Jean 14:17 | Jean 14:2 | Jean 14:22 | Jean 14:24 | Jean 14:5 | Jean 5:24 | Malachie 3:1 | Malachie 3:10 | Malachie 3:12 | Malachie 3:17 | Malachie 3:18 | Malachie 3:4 | Malachie 3:5 | Malachie 3:7 | Malachie 4:1 | Malachie 4:2 | Malachie 4:3 | Malachie 4:4 | Malachie 4:5 | Malachie 4:6 | Marc 16:12 | Marc 16:14 | Marc 16:16 | Marc 16:17 | Marc 16:18 | Marc 16:19 | Marc 16:2 | Marc 16:20 | Marc 16:4 | Marc 16:5 | Marc 16:6 | Marc 16:9 | Matthieu 11:6 | Matthieu 24:1 | Matthieu 24:10 | Matthieu 24:11 | Matthieu 24:14 | Matthieu 24:21 | Matthieu 24:22 | Matthieu 24:24 | Matthieu 24:29 | Matthieu 24:3 | Matthieu 24:31 | Matthieu 24:32 | Matthieu 24:38 | Matthieu 24:43 | Matthieu 24:46 | Matthieu 24:50 | Matthieu 24:51 | Matthieu 24:7 | Matthieu 24:9;
62-0607;SKN;Se revêtir de toutes les armes de Dieu;8;8;Actes 1:8 | Hebreux 13:8 | Jean 14:12 | Job 14:14 | Luc 24:49 | Marc 16:17 | Marc 16:18 | Matthieu 28:7;
62-0608;SKN;La Persévérance;4;4;Hebreux 13:8 | Hebreux 4:12 | Jean 14:12 | Marc 11:24;
62-0609B;SKN;Montre nous le Père et cela nous suffit (Voir Dieu);1;0;;Matthieu 5:8
62-0609E;SKN;Laisser Échapper La Pression;10;9;1 Corinthiens 12:28 | Actes 2:38 | Esaie 32:2 | Hebreux 4:12 | Jean 14:12 | Jean 14:17 | Jean 5:24 | Marc 16:17 | Proverbes 18:10;
62-0610M;SKN;Présumer;22;16;Actes 2:38 | Deuteronome 18:22 | Ephesiens 1:4 | Ephesiens 1:5 | Galates 1:8 | Hebreux 6:8 | Jean 14:12 | Joel 2:28 | Marc 16:17 | Nombres 14:13 | Nombres 14:40 | Nombres 14:41 | Nombres 14:42 | Nombres 14:43 | Nombres 14:44 | Nombres 14:45;
62-0611;SKN;C'est Moi, N'ayez Pas Peur;3;3;Hebreux 13:8 | Jean 14:12 | Jean 5:24;
62-0612;SKN;Voici, Un Plus Grand Que Salomon Est Ici;2;2;Genese 22:14 | Jean 5:19;
62-0620;SKN;N’Ayez Pas Peur;8;8;Jean 14:12 | Jean 4:9 | Matthieu 14:22 | Matthieu 14:23 | Matthieu 14:24 | Matthieu 14:25 | Matthieu 14:26 | Matthieu 14:27;
62-0621B;SKN;Le Sentier de la vie;1;1;Psaumes 16:11;
62-0621E;SKN;Confirmation et évidence;2;2;Hebreux 11:1 | Jean 5:19;
62-0622B;SKN;Laisser Échapper La Pression;1;1;Esaie 32:2;
62-0622E;SKN;Pourquoi?;1;1;Jean 14:12;
62-0624;SKN;Un Super signe;5;4;Genese 22:16 | Malachie 3:1 | Malachie 4:5 | Matthieu 11:6;
62-0627;SKN;Nous Voudrions Voir Jésus;6;4;Hebreux 13:8 | Hebreux 1:1 | Hebreux 4:12 | Jean 5:19;
62-0628;SKN;Il Y A Ici Plus Que Salomon;6;6;Hebreux 4:12 | Jean 14:12 | Matthieu 2:15 | Matthieu 2:19 | Matthieu 2:23 | Matthieu 2:9;
62-0629;SKN;N’Ayez Pas Peur, C’est Moi;2;2;Jean 14:12 | Jean 5:19;
62-0630B;SKN;Au Commencement, Il N'en Était Pas Ainsi;3;3;Jean 15:4 | Jean 15:5 | Jean 5:19;
62-0701;SKN;Se Revêtir De Toutes Les Armes De Dieu;3;3;Hebreux 13:8 | Jean 14:12 | Josue 1:3;
62-0704;SKN;Nous Voudrions Voir Jésus;15;15;Actes 10:49 | Actes 4:2 | Actes 4:36 | Hebreux 13:8 | Hebreux 4:12 | Jean 12:20 | Jean 14:12 | Jean 15:4 | Jean 15:5 | Jean 1:31 | Jean 5:19 | Josue 1:3 | Marc 16:15 | Marc 16:17 | actes 10:44;
62-0705;SKN;Jéhovah-Jiré #1;8;8;Genese 12:10 | Genese 13:14 | Genese 13:7 | Genese 15:18 | Jean 5:24 | Malachie 4:4 | Malachie 4:6 | Matthieu 11:10;
62-0706;SKN;Jéhovah-Jiré #2;5;5;Galates 1:8 | Hebreux 6:8 | Jean 14:12 | Jean 17:17 | Psaumes 1:3;
62-0707;SKN;Jéhovah-Jiré #3;2;2;Apocalypse 17:1 | Jean 5:19;
62-0708;SKN;Un Super Signe;2;2;Jean 5:24 | Malachie 4:6;
62-0711;SKN;Ecoutez-Le;4;4;Exode 19:1 | Galates 1:8 | Jean 14:12 | Jean 5:19;
62-0712;SKN;Nous Voudrions Voir Jésus;18;16;1 Timothee 3:16 | Deuteronome 18:1 | Deuteronome 18:15 | Deuteronome 18:6 | Esaie 9:6 | Hebreux 13:8 | Hebreux 4:12 | Hebreux 4:14 | Jean 5:19 | Jean 6:64 | Jean 6:8 | Malachie 3:1 | Malachie 3:4 | Malachie 4:3 | Matthieu 11:6 | Matthieu 24:24;
62-0713;SKN;Dès ce moment;1;1;Jean 5:19;
62-0714;SKN;Le Son Confus;7;7;Actes 2:38 | Hebreux 13:8 | Jean 14:12 | Marc 16:15 | Marc 16:16 | Marc 16:17 | Marc 16:18;
62-0715;SKN;Voici, Il Y A Ici Le Plus Grand D’eux Tous;4;4;Esaie 9:6 | Jean 5:19 | Matthieu 3:16 | Matthieu 3:17;
62-0718;SKN;Jésus-Christ Est Le Même Hier, Aujourd’hui Et Éternellement;11;11;Apocalypse 11:15 | Apocalypse 11:2 | Deuteronome 18:6 | Genese 18:5 | Genese 1:29 | Hebreux 11:26 | Hebreux 1:1 | Hebreux 4:12 | Jean 12:20 | Jean 14:12 | Jean 5:19;
62-0719B;SKN;La Vie;1;1;Jean 5:24;
62-0719E;SKN;Persévérant;1;1;Hebreux 4:12;
62-0720;SKN;Un Témoignage En Mer;2;2;Hebreux 13:8 | Jean 5:24;
62-0721;SKN;Voici, Un Plus Grand Que Salomon Est Ici;6;6;Matthieu 12:38 | Matthieu 12:39 | Matthieu 12:40 | Matthieu 12:41 | Matthieu 12:42 | Matthieu 12:45;
62-0722;SKN;Montre-nous le père, et cela suffit;4;4;Apocalypse 1:12 | Jean 11:42 | Jean 11:51 | Jean 5:24;
62-0724;SKN;Monsieur, nous voudrions voir Jésus;26;21;Actes 10:49 | Actes 7:14 | Actes 7:18 | Actes 7:31 | Actes 7:38 | Esther 10:0 | Hebreux 13:8 | Jean 12:20 | Jean 14:12 | Jean 5:19 | Jean 5:39 | Jean 6:23 | Jean 6:31 | Jean 6:41 | Jean 6:49 | Jean 6:51 | Jean 6:58 | Luc 17:28 | Matthieu 11:10 | Matthieu 3:16 | actes 10:48;
62-0725;SKN;Il Y A Ici Plus Que Salomon;1;0;;Jean 3:16
62-0726;SKN;Un Témoignage En Mer;2;2;Hebreux 13:8 | Jean 5:24;
62-0727;SKN;Nous Voudrions Voir Jésus;7;6;Hebreux 13:8 | Hebreux 4:12 | Jean 12:20 | Jean 14:12 | Jean 5:19 | Jean 6:51;
62-0728;SKN;Dieu A Pourvu À Une Voie;7;5;Actes 2:4 | Hebreux 13:8 | Hebreux 4:12 | Jean 4:16 | Job 14:13;Jean 12:32
62-0729;SKN;Être Persévérant;2;2;Apocalypse 17:3 | Hebreux 4:12;
62-0908;SKN;L'État Présent De Mon Ministère;16;10;2 Timothee 2:4 | 2 Timothee 4:1 | 2 Timothee 4:2 | 2 Timothee 4:3 | 2 Timothee 4:4 | 2 Timothee 4:5 | Daniel 12:1 | Daniel 12:7 | Daniel 9:20 | Esaie 61:1;
62-0908;VGR;L'étape actuelle de mon ministère;3;3;Daniel 12:1 | Daniel 12:7 | Esaie 61:1;
62-0909E;SKN;Dans Sa Présence;12;11;Apocalypse 1:7 | Esaie 6:5 | Exode 19:19 | Exode 3:15 | Exode 3:16 | Exode 3:6 | Ezechiel 33:6 | Hebreux 11:10 | Luc 5:8 | Psaumes 16:10 | Psaumes 16:8;
62-0909E;VGR;Dans Sa Présence;13;13;Apocalypse 1:7 | Esaie 6:5 | Exode 19:19 | Exode 3:15 | Exode 3:16 | Exode 3:18 | Exode 3:5 | Exode 3:8 | Hebreux 11:10 | Luc 5:8 | Psaumes 16:10 | Psaumes 16:8 | Psaumes 16:9;
62-0909M;SKN;Le Compte À Rebours;4;4;Actes 1:8 | Hebreux 13:8 | Jean 5:24 | Jean 5:7;
62-0909M;VGR;Compte à rebours;4;4;Actes 1:8 | Hebreux 13:8 | Jean 5:24 | Jean 5:7;
62-1007;SKN;La Clé pour la porte;4;4;Actes 19:4 | Actes 1:8 | Jean 5:24 | Jean 5:7;
62-1007;VGR;La clé de la Porte;5;5;Actes 19:21 | Actes 19:4 | Actes 1:8 | Jean 5:24 | Jean 5:7;
62-1013;SKN;L’Influence D’Un Autre;14;13;2 Chroniques 26:15 | 2 Chroniques 26:16 | 2 Chroniques 26:17 | 2 Chroniques 26:18 | 2 Chroniques 26:19 | 2 Chroniques 26:20 | 2 Chroniques 26:21 | Actes 1:8 | Hebreux 13:8 | Jean 14:7 | Jean 15:4 | Jean 15:5 | Luc 24:49;
62-1013;VGR;L’influence d’un autre;5;5;Actes 1:8 | Hebreux 13:8 | Jean 14:7 | Jean 15:5 | Luc 24:49;
62-1014E;SKN;Un Guide;8;7;Actes 2:38 | Exode 13:21 | Marc 16:15 | Marc 16:16 | Marc 16:17 | Marc 16:18 | Marc 16:9;Ephesiens 4:30
62-1014E;VGR;Un Guide;8;8;Actes 2:38 | Ephesiens 4:30 | Exode 13:21 | Marc 16:15 | Marc 16:16 | Marc 16:17 | Marc 16:18 | Marc 16:9;
62-1014M;SKN;La Stature D’Un Homme Parfait;33;32;Actes 10:49 | Actes 19:11 | Actes 28:19 | Actes 2:38 | Actes 7:38 | Actes 7:44 | Actes 7:45 | Actes 7:46 | Actes 7:49 | Ephesiens 4:11 | Ephesiens 4:12 | Ephesiens 4:13 | Esaie 28:19 | Hebreux 10:5 | Hebreux 11:32 | Hebreux 11:33 | Hebreux 11:34 | Hebreux 11:35 | Hebreux 11:36 | Hebreux 11:37 | Hebreux 11:38 | Hebreux 11:39 | Hebreux 11:40 | Hebreux 11:6 | Jacques 5:14 | Jean 14:7 | Jean 3:16 | Jean 3:21 | Jean 5:14 | Matthieu 5:48 | Psaumes 1:3 | actes 10:44;
62-1014M;VGR;La stature d’un homme parfait;28;28;Actes 10:49 | Actes 28:19 | Actes 2:38 | Actes 7:38 | Actes 7:44 | Actes 7:45 | Actes 7:46 | Actes 7:49 | Ephesiens 4:11 | Ephesiens 4:12 | Ephesiens 4:13 | Esaie 28:19 | Hebreux 10:5 | Hebreux 11:32 | Hebreux 11:33 | Hebreux 11:34 | Hebreux 11:35 | Hebreux 11:36 | Hebreux 11:37 | Hebreux 11:38 | Jacques 5:14 | Jean 14:7 | Jean 3:16 | Jean 3:21 | Jean 5:14 | Matthieu 5:48 | Psaumes 1:3 | actes 10:44;
62-1104M;SKN;Les Noms Blasphématoires;12;10;2 Pierre 1:3 | 2 Pierre 1:6 | 2 Timothee 4:10 | 2 Timothee 4:3 | Apocalypse 16:1 | Apocalypse 17:15 | Apocalypse 17:3 | Ephesiens 1:5 | Ephesiens 4:30 | Jean 3:16;
62-1104M;VGR;Des noms blasphématoires;11;8;Apocalypse 16:17 | Apocalypse 17:1 | Apocalypse 17:15 | Apocalypse 17:3 | Ephesiens 1:5 | Ephesiens 4:30 | Hebreux 11:40 | Jean 3:16;
62-1111E;SKN;Pourquoi je suis contre la religion organisée;22;18;1 Samuel 8:4 | Actes 2:38 | Apocalypse 17:1 | Apocalypse 17:3 | Apocalypse 17:7 | Apocalypse 18:1 | Apocalypse 18:10 | Apocalypse 18:2 | Apocalypse 18:21 | Apocalypse 18:23 | Apocalypse 18:3 | Apocalypse 18:4 | Apocalypse 18:9 | Galates 1:8 | Jean 3:1 | Jean 3:26 | Marc 16:17 | Nombres 16:1;
62-1111E;VGR;Pourquoi je suis contre la religion organisée;11;9;Actes 2:38 | Apocalypse 17:1 | Apocalypse 17:3 | Apocalypse 17:4 | Apocalypse 18:1 | Galates 1:8 | Jean 3:1 | Marc 16:17 | Nombres 16:1;
62-1111M;SKN;La Dédicace;16;3;Hebreux 10:5 | Joel 2:28 | Romains 5:1;Actes 7:44 | Actes 7:45 | Actes 7:46 | Actes 7:47 | Actes 7:48 | Actes 7:49 | Hebreux 10:1 | Hebreux 10:2 | Hebreux 10:3 | Hebreux 10:4
62-1122;SKN;Le Retour et le jubile;7;7;Apocalypse 17:12 | Apocalypse 17:3 | Ephesiens 1:5 | Hebreux 11:33 | Jean 14:12 | Jean 8:35 | Marc 16:17;
62-1123;SKN;Le Chemin Du Retour;5;4;Actes 2:38 | Hebreux 13:8 | Jean 12:4 | Jean 5:19;Jeremie 8:22
62-1124B;SKN;Les Investissements;9;8;Apocalypse 3:14 | Apocalypse 3:17 | Esaie 9:6 | Luc 24:49 | Matthieu 5:19 | Matthieu 5:20 | Matthieu 5:3 | Matthieu 5:45;
62-1124B;VGR;Des investissements;6;5;Apocalypse 3:14 | Apocalypse 3:17 | Esaie 9:6 | Luc 24:49 | Matthieu 5:3;
62-1124E;SKN;Toutes choses;6;5;2 Pierre 1:7 | Esaie 1:13 | Esaie 53:5 | Hebreux 9:11 | Romains 8:32;
62-1125E;SKN;Le Compte À Rebours;1;0;;Hebreux 11:3
62-1125M;SKN;Convaincu Puis Concerné (Où Demeure-T-Il?);1;1;Actes 2:38;
62-1209;SKN;Se souvenir du seigneur;2;2;Hebreux 13:8 | Jean 3:16;
62-1209;VGR;Se souvenir du Seigneur;2;2;Hebreux 13:8 | Jean 3:16;
62-1216;SKN;La Dislocation du monde;42;42;Apocalypse 17:1 | Apocalypse 17:12 | Apocalypse 17:14 | Apocalypse 17:16 | Apocalypse 17:17 | Apocalypse 17:3 | Apocalypse 17:4 | Apocalypse 17:8 | Esaie 40:11 | Esaie 40:13 | Esaie 40:14 | Esaie 40:2 | Esaie 40:20 | Esaie 40:4 | Esaie 40:5 | Esaie 40:6 | Esaie 40:9 | Hebreux 11:11 | Hebreux 11:12 | Hebreux 11:15 | Hebreux 11:22 | Hebreux 11:23 | Hebreux 11:29 | Hebreux 11:34 | Hebreux 11:35 | Hebreux 11:4 | Hebreux 11:7 | Hebreux 11:8 | Hebreux 12:11 | Hebreux 12:16 | Hebreux 12:17 | Hebreux 12:18 | Hebreux 12:2 | Hebreux 12:22 | Hebreux 12:23 | Hebreux 12:25 | Hebreux 12:28 | Hebreux 12:3 | Hebreux 13:8 | Hebreux 9:12 | Michee 1:2 | Michee 1:4;
62-1223;SKN;L'Opprobre À Cause De La Parole;4;4;Esaie 53:5 | Hebreux 13:8 | Psaumes 89:50 | Psaumes 89:51;
62-1223;VGR;L’opprobre à cause de la Parole;4;4;Esaie 53:5 | Hebreux 13:8 | Psaumes 89:50 | Psaumes 89:51;
62-1230E;SKN;Monsieur, Est-Ce Le Signe De La Fin?;44;43;Apocalypse 17:5 | Apocalypse 3:14 | Apocalypse 5:1 | Apocalypse 6:1 | Apocalypse 6:12 | Apocalypse 6:3 | Apocalypse 6:5 | Apocalypse 6:7 | Colossiens 4:3 | Ephesiens 3:1 | Ephesiens 3:10 | Ephesiens 3:11 | Ephesiens 3:2 | Ephesiens 3:3 | Ephesiens 3:4 | Ephesiens 3:5 | Ephesiens 3:6 | Ephesiens 3:7 | Ephesiens 3:8 | Ephesiens 3:9 | Ephesiens 5:28 | Ephesiens 5:29 | Ephesiens 5:30 | Ephesiens 5:31 | Ephesiens 5:32 | Ephesiens 6:19 | Galates 2:20 | Hebreux 13:8 | Matthieu 13:10 | Matthieu 13:11 | Matthieu 13:12 | Matthieu 13:13 | Matthieu 13:14 | Matthieu 13:15 | Matthieu 13:3 | Matthieu 13:4 | Matthieu 13:5 | Matthieu 13:6 | Matthieu 13:7 | Matthieu 13:8 | Matthieu 13:9 | Romains 11:25 | Romains 16:25;
62-1230E;VGR;Monsieur, est-ce le signe de la fin?;62;61;Apocalypse 17:5 | Apocalypse 3:14 | Apocalypse 5:1 | Apocalypse 6:1 | Apocalypse 6:3 | Apocalypse 6:5 | Apocalypse 6:7 | Colossiens 4:3 | Ephesiens 3:1 | Ephesiens 3:10 | Ephesiens 3:11 | Ephesiens 3:2 | Ephesiens 3:3 | Ephesiens 3:4 | Ephesiens 3:5 | Ephesiens 3:6 | Ephesiens 3:7 | Ephesiens 3:8 | Ephesiens 3:9 | Ephesiens 5:28 | Ephesiens 5:29 | Ephesiens 5:30 | Ephesiens 5:31 | Ephesiens 5:32 | Ephesiens 6:19 | Galates 2:20 | Hebreux 13:8 | Malachie 4:5 | Matthieu 13:10 | Matthieu 13:11 | Matthieu 13:12 | Matthieu 13:13 | Matthieu 13:14 | Matthieu 13:15 | Matthieu 13:16 | Matthieu 13:17 | Matthieu 13:18 | Matthieu 13:19 | Matthieu 13:20 | Matthieu 13:21 | Matthieu 13:22 | Matthieu 13:23 | Matthieu 13:24 | Matthieu 13:25 | Matthieu 13:26 | Matthieu 13:27 | Matthieu 13:28 | Matthieu 13:29 | Matthieu 13:3 | Matthieu 13:30 | Matthieu 13:31 | Matthieu 13:32 | Matthieu 13:33 | Matthieu 13:4 | Matthieu 13:5 | Matthieu 13:6 | Matthieu 13:7 | Matthieu 13:8 | Matthieu 13:9 | Romains 11:25 | Romains 16:25;
62-1230M;SKN;L'Absolu;8;7;Actes 23:11 | Actes 26:15 | Apocalypse 22:19 | Jean 5:19 | Jean 5:6 | Jean 6:40 | Philippiens 1:20;
62-1230M;VGR;L’Absolu;8;7;Actes 23:11 | Actes 26:15 | Apocalypse 22:19 | Jean 5:19 | Jean 5:3 | Malachie 3:1 | Philippiens 1:20;
62-1231;SKN;Le Combat;1;1;Jean 3:16;
62-1231;VGR;Le combat;1;1;Jean 3:16;
63-0112;SKN;L'Influence;13;4;Apocalypse 10:3 | Apocalypse 10:4 | Apocalypse 10:7 | Esaie 3:18;Apocalypse 10:6 | Apocalypse 10:7 | Esaie 6:1 | Esaie 6:2 | Esaie 6:4 | Esaie 6:5 | Esaie 6:6 | Esaie 6:7 | Esaie 6:8
63-0113E;SKN;Persévérance;2;2;Hebreux 4:12 | Jean 14:12;
63-0113E;VGR;La persévérance;2;2;Hebreux 4:12 | Jean 14:12;
63-0113M;SKN;Laisser échapper la pression;1;1;Esaie 32:2;
63-0113M;VGR;Relâcher la pression;1;1;Esaie 32:2;
63-0114;SKN;Une Trompette qui rend un son confus;10;8;Hebreux 13:8 | Jean 14:13 | Jean 5:24 | Joel 2:28 | Luc 24:49 | Marc 16:17 | Marc 16:18 | Matthieu 24:35;
63-0114;VGR;Une trompette rend un son confus;9;7;Hebreux 13:8 | Jean 14:13 | Jean 5:24 | Joel 2:28 | Luc 24:49 | Marc 16:17 | Matthieu 24:35;
63-0115;SKN;Accepter La Voie À Laquelle Dieu A Pourvue Au Temps De La Fin;8;7;Genese 22:3 | Genese 22:6 | Genese 22:7 | Genese 22:8 | Hebreux 13:8 | Jean 12:32 | Jean 14:12;
63-0115;VGR;Accepter la voie pourvue par Dieu au temps de la fin;8;7;Genese 22:3 | Genese 22:6 | Genese 22:7 | Genese 22:8 | Hebreux 13:8 | Jean 12:32 | Jean 14:12;
63-0116;SKN;Le Messager du soir (Le Messager du temps de la fin);18;13;1 Jean 5:7 | Apocalypse 10:3 | Apocalypse 10:4 | Apocalypse 10:6 | Apocalypse 10:7 | Apocalypse 11:18 | Apocalypse 11:9 | Hebreux 1:1 | Malachie 3:1 | Malachie 4:5 | Malachie 4:6 | Matthieu 24:32 | Matthieu 24:33;
63-0116;VGR;Le messager du soir;22;17;Actes 4:25 | Apocalypse 10:3 | Apocalypse 10:4 | Apocalypse 10:6 | Apocalypse 10:7 | Hebreux 1:1 | Jean 5:7 | Malachie 3:1 | Malachie 4:5 | Matthieu 24:32 | Matthieu 24:33 | Zacharie 14:13 | Zacharie 14:16 | Zacharie 14:17 | Zacharie 14:20 | Zacharie 14:6 | Zacharie 14:7;
63-0117;SKN;Réveiller Jésus;4;2;Hebreux 13:8 | Jean 14:12;
63-0118;SKN;L'Esprit de vérité;1;1;Jean 14:12;
63-0118;VGR;L’Esprit de Vérité;3;3;Jean 12:17 | Jean 12:9 | Jean 14:12;
63-0119;SKN;La Manière D'un Vrai Prophète;3;3;Genese 1:1 | Jean 4:16 | Jean 4:6;
63-0120E;SKN;Encore une fois seulement, Seigneur;4;4;Hebreux 13:8 | Jacques 5:14 | Jean 14:12 | Jean 3:16;
63-0120M;SKN;La Voix de Dieu en ces derniers jours;7;7;Esaie 40:2 | Esaie 40:3 | Esaie 40:4 | Esaie 40:5 | Esaie 40:6 | Esaie 40:9 | Marc 11:22;
63-0120M;VGR;La Voix de Dieu en ces derniers jours;7;7;Esaie 40:2 | Esaie 40:3 | Esaie 40:4 | Esaie 40:5 | Esaie 40:6 | Esaie 40:9 | Marc 11:22;
63-0121;SKN;Zachée, l'homme d'affaires;5;5;Hebreux 13:8 | Luc 19:2 | Luc 19:3 | Luc 19:4 | Luc 19:5;
63-0121;VGR;Zachée, l’homme d’affaires;5;5;Hebreux 13:8 | Luc 19:2 | Luc 19:3 | Luc 19:4 | Luc 19:5;
63-0122;SKN;Se souvenir du Seigneur;5;4;Hebreux 13:8 | Hebreux 1:1 | Jean 14:12 | Jean 5:24;
63-0122;VGR;Se souvenir du Seigneur;5;4;Hebreux 13:8 | Hebreux 1:1 | Jean 14:12 | Jean 5:24;
63-0123;SKN;Identification;8;7;Actes 2:38 | Galates 1:8 | Hebreux 13:8 | Jean 14:12 | Jean 3:16 | Jean 5:19 | Philippiens 2:5;
63-0123;VGR;Identification;10;7;Actes 2:38 | Galates 1:8 | Hebreux 13:8 | Jean 14:12 | Jean 3:16 | Jean 5:19 | Philippiens 2:5;
63-0126;SKN;Les Investissements;3;3;Jean 4:17 | Joel 2:28 | Luc 24:49;
63-0127;SKN;Un Absolu;13;13;Actes 20:24 | Apocalypse 22:19 | Hebreux 2:14 | Hebreux 2:15 | Jean 14:12 | Jean 1:23 | Jean 3:16 | Jean 4:17 | Malachie 3:1 | Marc 16:12 | Marc 16:16 | Marc 16:17 | Marc 16:18;
63-0223;SKN;Une Porte Dans Une Porte;1;1;Jean 14:24;
63-0304;SKN;Un Absolu;1;1;Marc 11:22;
63-0304;VGR;Un Absolu;1;1;Marc 11:22;
63-0317E;SKN;La Brèche Entre Les Sept Âges De L’Église Et Les Sept Sceaux;17;15;Apocalypse 10:1 | Apocalypse 10:3 | Apocalypse 10:4 | Apocalypse 10:6 | Apocalypse 1:12 | Apocalypse 1:16 | Ephesiens 1:13 | Ephesiens 1:14 | Ephesiens 4:30 | Levitique 25:25 | Romains 8:22 | Zacharie 3:8 | Zacharie 3:9 | Zacharie 4:104 | zacharie 4:10;
63-0317E;VGR;La brèche entre les Sept Âges de l’Église et les Sept Sceaux;17;14;Apocalypse 10:1 | Apocalypse 10:3 | Apocalypse 10:4 | Apocalypse 10:6 | Apocalypse 1:12 | Apocalypse 1:16 | Ephesiens 1:13 | Ephesiens 1:14 | Ephesiens 4:30 | Levitique 25:25 | Romains 8:22 | Zacharie 3:8 | Zacharie 3:9 | Zacharie 4:10;
63-0317M;SKN;Dieu Se Cache, Puis Se Révèle Dans La Simplicité;23;21;1 Chroniques 17:1 | 1 Chroniques 17:10 | 1 Chroniques 17:24 | 1 Chroniques 17:4 | 1 Chroniques 17:5 | 1 Chroniques 17:6 | 1 Chroniques 17:7 | 1 Chroniques 17:8 | 1 Corinthiens 13:1 | Apocalypse 21:12 | Apocalypse 21:3 | Apocalypse 21:4 | Esaie 40:2 | Esaie 40:3 | Esaie 40:4 | Esaie 40:9 | Jean 14:2 | Jean 3:16 | Malachie 3:1 | Marc 11:22 | Matthieu 11:10;
63-0317M;VGR;Dieu Se cache et Se révèle dans la simplicité;13;11;Apocalypse 21:12 | Apocalypse 21:4 | Esaie 40:2 | Esaie 40:3 | Esaie 40:4 | Esaie 40:9 | Jean 14:2 | Jean 3:16 | Malachie 3:1 | Marc 11:22 | Matthieu 11:10;
63-0318;SKN;Le Premier Sceau;33;28;2 Thessaloniciens 2:7 | 2 Thessaloniciens 2:9 | Actes 2:38 | Apocalypse 10:1 | Apocalypse 10:1-7 | Apocalypse 10:2 | Apocalypse 10:3 | Apocalypse 10:4 | Apocalypse 10:5 | Apocalypse 10:6 | Apocalypse 10:7 | Apocalypse 12:7 | Apocalypse 12:8 | Apocalypse 12:9 | Apocalypse 13:17 | Apocalypse 17:3 | Apocalypse 19:11 | Apocalypse 5:1 | Daniel 9:25 | Daniel 9:26 | Hebreux 4:12 | Jean 12:23 | Jean 12:24 | Jean 12:25 | Jean 12:26 | Jean 12:27 | Matthieu 24:6 | Matthieu 28:19;
63-0318;VGR;Le Premier Sceau;21;19;Actes 2:38 | Apocalypse 10:1 | Apocalypse 10:7 | Apocalypse 12:7 | Apocalypse 12:8 | Apocalypse 12:9 | Apocalypse 13:17 | Apocalypse 17:3 | Apocalypse 19:11 | Apocalypse 5:1 | Daniel 9:25 | Daniel 9:26 | Hebreux 4:12 | Jean 12:23 | Jean 12:24 | Jean 12:25 | Jean 12:26 | Matthieu 24:6 | Matthieu 28:19;
63-0319;SKN;Le Deuxième Sceau;21;18;2 Thessaloniciens 2:3 | Apocalypse 10:1 | Apocalypse 10:2 | Apocalypse 10:3 | Apocalypse 10:4 | Apocalypse 10:5 | Apocalypse 10:6 | Apocalypse 10:7 | Apocalypse 19:11 | Jean 14:12 | Joel 2:25 | Malachie 4:5 | Marc 16:15 | Marc 16:17 | Matthieu 11:25 | Matthieu 11:26 | Matthieu 24:6 | Matthieu 4:8;
63-0319;VGR;Le Deuxième Sceau;27;18;Apocalypse 10:1 | Apocalypse 10:1-7 | Apocalypse 10:2 | Apocalypse 10:3 | Apocalypse 10:4 | Apocalypse 10:5 | Apocalypse 10:6 | Apocalypse 10:7 | Apocalypse 19:11 | Apocalypse 2:6 | Jean 14:12 | Joel 2:25 | Marc 16:15 | Marc 16:17 | Matthieu 11:25 | Matthieu 11:26 | Matthieu 24:6 | Matthieu 4:8;
63-0320;SKN;Le Troisième Sceau;31;25;1 Jean 5:7 | 1 Timothee 3:16 | Actes 2:22 | Actes 2:38 | Apocalypse 10:17 | Apocalypse 10:3 | Apocalypse 10:4 | Apocalypse 10:6 | Apocalypse 10:7 | Apocalypse 10:8 | Apocalypse 17:1 | Apocalypse 17:2 | Hebreux 13:8 | Hebreux 4:15 | Jean 14:12 | Jean 17:17 | Joel 2:38 | Levitique 8:12 | Malachie 4:0 | Matthieu 14:25 | Matthieu 25:4 | Matthieu 4:11 | Zacharie 4:12 | apocalypse 10:7 | joel 2:11;
63-0320;VGR;Le Troisième Sceau;25;20;Actes 2:22 | Actes 2:38 | Actes 2:4 | Apocalypse 10:3 | Apocalypse 10:4 | Apocalypse 10:6 | Apocalypse 10:7 | Apocalypse 10:8 | Apocalypse 17:1 | Apocalypse 17:2 | Hebreux 13:8 | Jean 14:12 | Jean 17:17 | Jean 5:7 | Joel 2:38 | Levitique 8:12 | Matthieu 25:4 | Matthieu 4:11 | Zacharie 4:12 | actes 2:38;
63-0321;SKN;Le Quatrième Sceau;55;41;2 Samuel 6:14 | Actes 2:38 | Amos 3:7 | Apocalypse 10:1 | Apocalypse 10:1-7 | Apocalypse 10:2 | Apocalypse 10:3 | Apocalypse 10:4 | Apocalypse 10:5 | Apocalypse 10:6 | Apocalypse 10:7 | Apocalypse 12:13 | Apocalypse 12:9 | Apocalypse 13:1 | Apocalypse 13:14 | Apocalypse 13:2 | Apocalypse 13:3 | Apocalypse 13:4 | Apocalypse 13:5 | Apocalypse 13:6 | Apocalypse 13:7 | Apocalypse 13:8 | Apocalypse 19:11 | Apocalypse 19:13 | Apocalypse 19:15 | Apocalypse 19:16 | Apocalypse 19:17 | Apocalypse 2:18 | Apocalypse 2:19 | Apocalypse 2:20 | Apocalypse 2:22 | Esaie 28:19 | Genese 1:1 | Jean 6:63 | Joel 2:28 | Luc 24:49 | Matthieu 4:4 | Psaumes 16:10 | Psaumes 16:11 | Psaumes 16:8 | Psaumes 16:9;
63-0321;VGR;Le Quatrième Sceau;35;28;Actes 2:38 | Amos 3:7 | Apocalypse 10:1 | Apocalypse 10:1-7 | Apocalypse 10:2 | Apocalypse 10:3 | Apocalypse 10:4 | Apocalypse 10:5 | Apocalypse 10:6 | Apocalypse 10:7 | Apocalypse 12:13 | Apocalypse 12:9 | Apocalypse 13:1 | Apocalypse 13:14 | Apocalypse 19:11 | Apocalypse 19:13 | Apocalypse 19:15 | Apocalypse 19:16 | Apocalypse 19:17 | Apocalypse 2:18 | Apocalypse 2:22 | Esaie 28:19 | Genese 1:1 | Jean 6:63 | Joel 2:28 | Luc 24:49 | Matthieu 4:4 | Psaumes 16:8;
63-0322;SKN;Le Cinquième Sceau;27;19;Actes 15:14 | Actes 15:7 | Actes 19:4 | Apocalypse 10:1 | Apocalypse 10:2 | Apocalypse 10:3 | Apocalypse 10:4 | Apocalypse 10:5 | Apocalypse 10:6 | Apocalypse 10:7 | Apocalypse 11:7 | Apocalypse 11:8 | Apocalypse 22:19 | Apocalypse 22:6 | Apocalypse 22:8 | Apocalypse 22:9 | Apocalypse 3:2 | Apocalypse 3:3 | Matthieu 28:19;
63-0322;VGR;Le Cinquième Sceau;13;12;Actes 15:14 | Actes 19:4 | Apocalypse 10:1 | Apocalypse 10:7 | Apocalypse 11:7 | Apocalypse 11:8 | Apocalypse 22:6 | Apocalypse 22:8 | Apocalypse 22:9 | Apocalypse 3:2 | Apocalypse 3:3 | Matthieu 28:19;
63-0323;SKN;Le Sixième Sceau;41;29;Apocalypse 11:6 | Apocalypse 13:7 | Apocalypse 19:15 | Apocalypse 22:3 | Apocalypse 6:1 | Apocalypse 6:12 | Apocalypse 6:3 | Apocalypse 6:5 | Apocalypse 6:9 | Daniel 12:1 | Daniel 12:2 | Daniel 12:3 | Exode 10:21 | Exode 10:22 | Exode 10:23 | Matthieu 24:10 | Matthieu 24:11 | Matthieu 24:12 | Matthieu 24:13 | Matthieu 24:21 | Matthieu 24:29 | Matthieu 24:30 | Matthieu 24:31 | Matthieu 24:4 | Matthieu 24:5 | Matthieu 24:6 | Matthieu 24:7 | Matthieu 24:9 | Matthieu 27:45;
63-0323;VGR;Le Sixième Sceau;43;29;Apocalypse 11:6 | Apocalypse 13:7 | Apocalypse 19:15 | Apocalypse 6:1 | Apocalypse 6:12 | Apocalypse 6:3 | Apocalypse 6:5 | Apocalypse 6:9 | Daniel 12:1 | Daniel 12:10 | Daniel 12:2 | Daniel 12:3 | Exode 10:21 | Exode 10:22 | Exode 10:23 | Matthieu 24:10 | Matthieu 24:11 | Matthieu 24:12 | Matthieu 24:13 | Matthieu 24:21 | Matthieu 24:29 | Matthieu 24:30 | Matthieu 24:31 | Matthieu 24:4 | Matthieu 24:5 | Matthieu 24:6 | Matthieu 24:7 | Matthieu 24:9 | Matthieu 27:45;
63-0324E;SKN;Le Septième Sceau;24;22;Apocalypse 10:1 | Apocalypse 10:2 | Apocalypse 10:3 | Apocalypse 10:4 | Apocalypse 10:5 | Apocalypse 10:6 | Apocalypse 10:7 | Apocalypse 7:2 | Apocalypse 7:8 | Apocalypse 8:1 | Ephesiens 4:30 | Esaie 9:6 | Ezechiel 48:1 | Ezechiel 48:2 | Ezechiel 48:3 | Ezechiel 48:4 | Ezechiel 48:5 | Ezechiel 48:6 | Ezechiel 48:7 | Matthieu 24:29 | Matthieu 24:31 | Matthieu 24:33;
63-0324E;VGR;Le Septième Sceau;20;16;Apocalypse 10:1 | Apocalypse 10:2 | Apocalypse 10:3 | Apocalypse 10:4 | Apocalypse 10:5 | Apocalypse 10:6 | Apocalypse 10:7 | Apocalypse 7:2 | Apocalypse 7:8 | Ephesiens 4:30 | Esaie 9:6 | Ezechiel 48:1 | Matthieu 24:29 | Matthieu 24:31 | Matthieu 24:32 | Matthieu 24:33;
63-0324M;SKN;Questions Et Réponses Sur Les Sceaux;26;22;1 Corinthiens 11:24 | Actes 2:14 | Actes 2:38 | Apocalypse 11:18 | Apocalypse 11:3 | Apocalypse 18:8 | Apocalypse 5:9 | Apocalypse 6:11 | Apocalypse 6:16 | Apocalypse 6:6 | Apocalypse 7:14 | Daniel 9:27 | Genese 4:1 | Luc 24:49 | Malachie 3:1 | Malachie 4:5 | Matthieu 11:7 | Matthieu 11:8 | Matthieu 22:11 | Matthieu 25:1 | Matthieu 25:3 | Matthieu 28:19;
63-0324M;VGR;Questions et réponses sur les Sceaux;34;27;Actes 2:14 | Actes 2:38 | Apocalypse 11:18 | Apocalypse 11:3 | Apocalypse 18:8 | Apocalypse 5:1 | Apocalypse 5:12 | Apocalypse 5:2 | Apocalypse 5:5 | Apocalypse 5:6 | Apocalypse 5:8 | Apocalypse 5:9 | Apocalypse 6:1 | Apocalypse 6:11 | Apocalypse 6:16 | Apocalypse 6:6 | Apocalypse 7:14 | Daniel 9:27 | Genese 4:1 | Luc 24:49 | Malachie 3:1 | Malachie 4:5 | Matthieu 11:8 | Matthieu 22:11 | Matthieu 25:1 | Matthieu 25:3 | Matthieu 28:19;
63-0412E;SKN;Dieu se cache dans la simplicité;3;3;Jean 11:31 | Marc 11:24 | Matthieu 11:25;
63-0412M;SKN;La Dislocation Du Monde;16;15;2 Timothee 3:4 | 2 Timothee 3:6 | Apocalypse 10:1 | Apocalypse 10:2 | Apocalypse 10:3 | Apocalypse 10:4 | Apocalypse 10:5 | Apocalypse 10:6 | Apocalypse 10:7 | Deuteronome 4:10 | Deuteronome 4:11 | Deuteronome 4:12 | Deuteronome 4:15 | Deuteronome 4:36 | Hebreux 12:25;
63-0421;SKN;Jour V, jour de victoire;11;11;Actes 2:38 | Apocalypse 19:11 | Genese 22:2 | Genese 22:6 | Hebreux 11:17 | Hebreux 11:23 | Hebreux 11:4 | Jacques 5:14 | Job 136:0 | Matthieu 24:6 | Matthieu 24:7;
63-0421;VGR;Jour de Victoire;8;8;Actes 2:38 | Genese 22:7 | Hebreux 11:17 | Hebreux 11:24 | Hebreux 11:4 | Jacques 5:14 | Matthieu 24:6 | Matthieu 24:7;
63-0428;SKN;Regarde;8;8;Hebreux 13:8 | Jean 14:12 | Jean 3:14 | Jean 6:31 | Jean 6:40 | Jean 6:51 | Jean 6:54 | Romains 4:19;
63-0604;SKN;Jésus-Christ Est Le Même Hier, Aujourd’hui Et Éternellement;5;4;Actes 10:49 | Jean 12:20 | Jean 5:19 | actes 10:48;
63-0605;SKN;Il Y A Ici Plus Que Salomon;1;1;Jean 14:12;
63-0606;SKN;Montre-nous le Père (Dieu rendu manifeste);6;5;Genese 1:11 | Jean 14:12 | Jean 14:8 | Jean 3:16 | Marc 11:22;
63-0607;SKN;N'Ayez Pas Peur;2;2;Matthieu 10:1 | Matthieu 10:8;
63-0608;SKN;Les Conférences;8;8;Actes 10:49 | Actes 19:1 | Actes 19:5 | Actes 19:6 | Actes 2:46 | Actes 4:25 | Actes 4:27 | actes 10:44;
63-0608;VGR;Conférences;9;7;Actes 10:49 | Actes 19:1 | Actes 19:6 | Actes 4:25 | Actes 4:27 | Actes 4:30 | actes 10:44;
63-0623E;SKN;Le Signal rouge, signe de sa venue;11;10;Actes 19:4 | Actes 19:5 | Galates 1:8 | Genese 6:1 | Genese 6:12 | Genese 6:2 | Luc 17:14 | Luc 17:28 | Matthieu 22:20 | Matthieu 5:28;
63-0623E;VGR;Le feu rouge clignotant, signe de Sa Venue;8;7;Actes 19:4 | Actes 19:5 | Galates 1:8 | Genese 6:12 | Genese 6:2 | Luc 17:28 | Matthieu 5:28;
63-0623M;SKN;Se tenir à la brèche;8;7;Genese 1:1 | Nombres 16:3 | Nombres 16:41 | Nombres 16:42 | Nombres 16:46 | Nombres 16:7 | Nombres 16:9;
63-0623M;VGR;Se tenir dans la brèche;8;7;Genese 1:1 | Nombres 16:3 | Nombres 16:41 | Nombres 16:42 | Nombres 16:46 | Nombres 16:7 | Nombres 16:9;
63-0627;SKN;Jésus-Christ Est Le Même Hier, Aujourd’hui Et Éternellement;7;6;Hebreux 4:12 | Jean 12:20 | Jean 12:21 | Jean 1:33 | Jean 5:19 | Jean 6:31;
63-0628E;SKN;Il y a ici plus que Salomon;34;34;Actes 2:13 | Actes 2:14 | Actes 2:15 | Actes 2:17 | Actes 2:2 | Actes 2:20 | Actes 2:21 | Actes 2:22 | Actes 2:23 | Actes 2:24 | Actes 2:26 | Actes 2:28 | Actes 2:30 | Actes 2:31 | Actes 2:33 | Actes 2:34 | Actes 2:35 | Actes 2:36 | Actes 2:37 | Actes 2:38 | Actes 2:4 | Actes 2:40 | Actes 2:41 | Actes 2:42 | Actes 2:43 | Actes 2:46 | Actes 2:47 | Actes 2:6 | Actes 2:8 | Hebreux 13:8 | Jean 14:12 | Marc 11:23 | Matthieu 11:22 | Matthieu 24:43;
63-0628M;SKN;Ô Seigneur, Encore Une Fois  (L’État Présent De L’Église);1;1;Apocalypse 17:3;
63-0628M;VGR;Ô Seigneur, une seule fois encore;1;1;Apocalypse 17:3;
63-0630E;SKN;Votre vie est-elle digne de l'évangile?;5;4;Jean 14:12 | Marc 16:17 | Matthieu 22:10 | Matthieu 22:7;
63-0630E;VGR;Votre vie est-elle digne de l’Évangile?;5;5;Jean 14:12 | Marc 16:17 | Matthieu 22:1 | Matthieu 22:10 | Matthieu 22:7;
63-0630M;SKN;Le Troisième exode;6;5;Apocalypse 13:17 | Apocalypse 17:13 | Jean 6:51 | Jean 6:58 | Malachie 4:6;
63-0630M;VGR;Le troisième exode;16;13;Apocalypse 13:17 | Apocalypse 13:2 | Apocalypse 13:4 | Apocalypse 17:12 | Exode 17:1 | Exode 9:13 | Exode 9:19 | Exode 9:20 | Exode 9:3 | Exode 9:35 | Exode 9:4 | Exode 9:6 | Exode 9:8;
63-0707;VGR;L’Accusation;26;17;Actes 2:13 | Actes 2:15 | Actes 2:17 | Actes 2:18 | Actes 2:19 | Actes 2:38 | Hebreux 13:8 | Hebreux 6:1 | Hebreux 6:2 | Jean 14:12 | Jean 15:7 | Joel 2:38 | Marc 16:15 | Marc 16:16 | Marc 16:17 | Marc 16:18 | actes 2:38;
63-0707M;SKN;L’Accusation;26;18;Actes 2:13 | Actes 2:15 | Actes 2:17 | Actes 2:18 | Actes 2:19 | Actes 2:38 | Hebreux 13:8 | Hebreux 6:1 | Hebreux 6:2 | Hebreux 6:4 | Hebreux 6:6 | Jean 14:12 | Jean 15:7 | Joel 2:38 | Marc 16:16 | Marc 16:17 | Marc 16:18 | actes 2:38;
63-0707M;VGR;L’accusation;26;17;Actes 2:13 | Actes 2:15 | Actes 2:17 | Actes 2:18 | Actes 2:19 | Actes 2:38 | Hebreux 13:8 | Hebreux 6:1 | Hebreux 6:2 | Jean 14:12 | Jean 15:7 | Joel 2:38 | Marc 16:15 | Marc 16:16 | Marc 16:17 | Marc 16:18 | actes 2:38;
63-0714E;SKN;Humilie-toi;7;7;Jacques 5:14 | Marc 16:15 | Marc 16:16 | Marc 16:17 | Marc 16:18 | Marc 16:19 | Marc 16:20;
63-0714E;VGR;Humilie-toi;7;7;Jacques 5:14 | Marc 16:15 | Marc 16:16 | Marc 16:17 | Marc 16:18 | Marc 16:19 | Marc 16:20;
63-0714M;SKN;Pourquoi Crier?  Parle!;29;29;Exode 13:21 | Exode 14:10 | Exode 14:11 | Exode 14:12 | Exode 14:13 | Exode 14:15 | Exode 14:16 | Exode 14:17 | Exode 14:18 | Exode 14:19 | Exode 14:20 | Exode 14:21 | Exode 14:22 | Exode 14:23 | Exode 14:24 | Exode 14:25 | Exode 14:26 | Exode 14:27 | Exode 14:28 | Exode 14:29 | Exode 14:3 | Exode 14:30 | Exode 14:31 | Exode 14:4 | Exode 14:5 | Exode 14:8 | Exode 14:9 | Jean 14:12 | Marc 11:24;
63-0714M;VGR;Pourquoi crier? Parle!;29;29;Exode 13:21 | Exode 14:10 | Exode 14:11 | Exode 14:12 | Exode 14:13 | Exode 14:15 | Exode 14:16 | Exode 14:17 | Exode 14:18 | Exode 14:19 | Exode 14:20 | Exode 14:21 | Exode 14:22 | Exode 14:23 | Exode 14:24 | Exode 14:25 | Exode 14:26 | Exode 14:27 | Exode 14:28 | Exode 14:29 | Exode 14:3 | Exode 14:30 | Exode 14:31 | Exode 14:4 | Exode 14:5 | Exode 14:8 | Exode 14:9 | Jean 14:12 | Marc 11:24;
63-0717;SKN;Paul, Prisonnier de Christ;1;1;Jean 14:12;
63-0717;VGR;Prisonnier;1;1;Jean 14:12;
63-0721;SKN;Il prend soin. Et vous ?;12;9;Genese 6:4 | Hebreux 2:1 | Hebreux 2:2 | Hebreux 2:3 | Hebreux 2:4 | Hebreux 4:12 | Hebreux 4:14 | Jean 15:26 | Jean 5:24;
63-0724;SKN;Dieu Ne Fait Pas Venir Un Homme En Jugement Sans L'avoir Premièrement Averti (Avertissemen;6;6;Esaie 38:1 | Esaie 38:2 | Esaie 38:3 | Esaie 38:5 | Jean 5:24 | Matthieu 28:16;
63-0724;VGR;Dieu n’appelle pas l’homme en jugement sans l’avoir d’abord averti;7;7;Esaie 38:1 | Esaie 38:2 | Esaie 38:3 | Esaie 38:4 | Esaie 38:5 | Jean 5:24 | Matthieu 28:16;
63-0728;SKN;Christ Est Le Mystère De Dieu Révélé;14;12;Hebreux 13:8 | Jean 14:12 | Jean 5:24 | Jean 5:36 | Jean 5:39 | Malachie 3:1 | Marc 16:17 | Matthieu 11:25 | Matthieu 16:15 | Matthieu 24:24 | Psaumes 1:3 | Psaumes 22:1;
63-0728;VGR;Christ est le mystère de Dieu révélé;14;13;Apocalypse 17:17 | Hebreux 13:8 | Jean 14:12 | Jean 5:24 | Jean 5:36 | Jean 5:39 | Malachie 3:1 | Malachie 4:3 | Marc 16:17 | Matthieu 11:25 | Matthieu 16:15 | Matthieu 24:24 | Psaumes 1:3;
63-0731;SKN;Il Y A Une Seule Voie À Laquelle Dieu A Pourvue Pour Tout;4;4;Genese 6:2 | Genese 6:4 | Marc 16:17 | Marc 16:18;
63-0801;SKN;Un Paradoxe;7;7;Esther 10:0 | Exode 13:31 | Hebreux 4:15 | Jean 14:12 | Jean 8:58 | Marc 11:24 | exode 13:21;
63-0802;SKN;Persévérant;2;2;Hebreux 4:12 | Malachie 3:1;
63-0803B;SKN;Les Investissements;12;8;Actes 19:4 | Actes 19:6 | Esaie 28:19 | Exode 13:22 | Jean 14:12 | Joel 2:28 | Luc 24:49 | Marc 16:17;
63-0803B;VGR;Des investissements;11;8;Actes 19:4 | Actes 19:6 | Esaie 28:19 | Exode 13:22 | Jean 14:12 | Joel 2:28 | Luc 24:49 | Marc 16:17;
63-0804A;SKN;Encore une fois;1;1;Marc 16:17;
63-0804A;VGR;Une fois encore;1;1;Marc 16:17;
63-0804E;SKN;Appeler Jésus Sur La Scène;2;2;Colossiens 1:15 | Ephesiens 4:30;
63-0818;SKN;Le Temps De L’Union Et Son Signe;9;5;Apocalypse 10:7 | Psaumes 86:11 | Psaumes 86:2 | Psaumes 86:4 | Psaumes 86:6;
63-0818;VGR;Le temps de l’union et son signe;25;13;Apocalypse 10:7 | Psaumes 86:1 | Psaumes 86:11 | Psaumes 86:13 | Psaumes 86:16 | Psaumes 86:2 | Psaumes 86:3 | Psaumes 86:4 | Psaumes 86:5 | Psaumes 86:6 | Psaumes 86:7 | Psaumes 86:8 | Psaumes 86:9;
63-0825E;SKN;La Foi Parfaite;7;7;1 Jean 3:21 | Actes 2:22 | Jacques 5:14 | Jean 14:12 | Jean 15:10 | Jean 3:21 | Marc 11:23;
63-0825E;VGR;La Foi parfaite;7;6;Actes 2:22 | Jacques 5:14 | Jean 14:12 | Jean 15:10 | Jean 3:21 | Marc 11:23;
63-0825M;SKN;Comment puis-je vaincre?;2;2;Apocalypse 3:21 | Romains 8:1;
63-0825M;VGR;Comment puis-je vaincre?;2;2;Apocalypse 3:21 | Romains 8:1;
63-0901E;SKN;Poussé à bout;4;4;Galates 5:6 | Jacques 5:15 | Jean 14:23 | Luc 16:16;
63-0901M;SKN;Le Signe;22;19;Actes 16:31 | Actes 19:1 | Actes 19:26 | Ephesiens 2:12 | Ephesiens 4:30 | Genese 4:10 | Genese 9:11 | Genese 9:16 | Hebreux 10:12 | Hebreux 11:37 | Hebreux 12:24 | Hebreux 13:10 | Hebreux 13:8 | Hebreux 9:11 | Hebreux 9:12 | Hebreux 9:13 | Hebreux 9:14 | Jean 14:12 | Romains 8:1;
63-0901M;VGR;Le Signe;21;18;Actes 16:31 | Actes 19:1 | Ephesiens 2:12 | Ephesiens 4:30 | Genese 4:10 | Genese 9:11 | Genese 9:16 | Hebreux 10:12 | Hebreux 11:37 | Hebreux 12:24 | Hebreux 13:10 | Hebreux 13:8 | Hebreux 9:11 | Hebreux 9:12 | Hebreux 9:13 | Hebreux 9:14 | Jean 14:12 | Romains 8:1;
63-1028;SKN;Etre pardonné;11;8;Esaie 1:11 | Esaie 53:5 | Hebreux 13:8 | Hebreux 9:11 | Hebreux 9:4 | Hebreux 9:6 | Jean 12:14 | Romains 5:1;Romains 8:28
63-1028;VGR;Le pardon;11;8;Esaie 1:11 | Esaie 53:5 | Hebreux 13:8 | Hebreux 9:11 | Jean 12:14 | Matthieu 24:24 | Romains 5:1 | Romains 8:28;
63-1103;SKN;Allez réveiller Jésus;21;18;Hebreux 13:8 | Hebreux 4:12 | Jean 14:12 | Jean 5:24 | Marc 4:35 | Matthieu 28:20 | Matthieu 28:28 | Matthieu 8:23 | Psaumes 103:1 | Psaumes 103:2 | Psaumes 103:3 | Psaumes 103:4 | Psaumes 103:5 | Psaumes 103:6 | Psaumes 103:7 | Psaumes 103:8 | Psaumes 103:9 | matthieu 28:20;
63-1103;VGR;Allez réveiller Jésus;21;18;Hebreux 13:8 | Hebreux 4:12 | Jean 14:12 | Jean 5:24 | Marc 4:35 | Matthieu 28:20 | Matthieu 28:28 | Matthieu 8:23 | Psaumes 103:1 | Psaumes 103:2 | Psaumes 103:3 | Psaumes 103:4 | Psaumes 103:5 | Psaumes 103:6 | Psaumes 103:7 | Psaumes 103:8 | Psaumes 103:9 | matthieu 28:7;
63-1110E;SKN;Celui Qui Est En Vous;23;22;Apocalypse 19:21 | Hebreux 13:8 | Jean 14:12 | Jean 4:4 | Marc 11:12 | Matthieu 24:1 | Matthieu 24:11 | Matthieu 24:14 | Matthieu 24:15 | Matthieu 24:18 | Matthieu 24:22 | Matthieu 24:24 | Matthieu 24:29 | Matthieu 24:3 | Matthieu 24:31 | Matthieu 24:32 | Matthieu 24:36 | Matthieu 24:38 | Matthieu 24:40 | Matthieu 24:7 | Matthieu 24:9 | Matthieu 28:20;
63-1110E;VGR;Celui qui est en vous;14;6;Hebreux 13:8 | Jean 14:12 | Jean 4:4 | Marc 11:12 | Marc 11:23 | Matthieu 28:20;
63-1110M;SKN;Les Âmes Qui Sont Maintenant En Prison;28;19;Apocalypse 10:7 | Genese 15:16 | Hebreux 13:8 | Jean 14:12 | Jean 6:49 | Matthieu 23:13 | Matthieu 23:15 | Matthieu 23:23 | Matthieu 23:25 | Matthieu 23:27 | Matthieu 23:28 | Matthieu 23:29 | Matthieu 23:30 | Matthieu 23:7 | Matthieu 6:10 | Matthieu 6:11 | Matthieu 6:12 | Matthieu 6:13 | Matthieu 6:9;
63-1110M;VGR;Des âmes qui sont maintenant en prison;29;20;Apocalypse 10:7 | Apocalypse 1:20 | Genese 15:16 | Hebreux 13:8 | Jean 14:12 | Jean 6:49 | Matthieu 23:13 | Matthieu 23:15 | Matthieu 23:23 | Matthieu 23:25 | Matthieu 23:27 | Matthieu 23:28 | Matthieu 23:29 | Matthieu 23:30 | Matthieu 23:7 | Matthieu 6:10 | Matthieu 6:11 | Matthieu 6:12 | Matthieu 6:13 | Matthieu 6:9;
63-1112;SKN;Monsieur, Nous Voudrions Voir Jésus;17;15;Hebreux 13:8 | Hebreux 1:1 | Hebreux 4:12 | Jean 12:20 | Jean 14:12 | Jean 1:42 | Jean 1:46 | Jean 1:47 | Jean 4:12 | Jean 4:20 | Jean 4:21 | Jean 4:22 | Jean 4:23 | Jean 5:19 | Matthieu 6:11;
63-1113;SKN;Le Signe de ce temps;6;5;Hebreux 13:8 | Hebreux 4:12 | Jean 14:12 | Jean 1:48 | Jean 1:49;Genese 6:1
63-1114;SKN;Influence;2;2;Jean 6:51 | Malachie 3:1;
63-1114;VGR;L’influence;2;2;Jean 6:51 | Malachie 3:1;
63-1115;SKN;La Dislocation du monde;4;4;2 Timothee 3:5 | Apocalypse 6:12 | Hebreux 12:25 | Hebreux 13:8;
63-1116B;SKN;Les Investissements;5;5;Actes 19:21 | Actes 19:6 | Hebreux 4:12 | Luc 24:49 | Marc 16:17;
63-1116E;SKN;La Persévérance;4;4;Hebreux 13:18 | Hebreux 4:12 | Jean 14:12 | Jean 5:19;
63-1117;SKN;Encore une fois;1;1;Hebreux 4:12;
63-1124E;SKN;Trois sortes de croyants;15;14;Actes 2:38 | Esaie 35:8 | Jean 15:7 | Jean 6:60 | Jean 6:61 | Jean 6:63 | Jean 6:64 | Jean 6:66 | Jean 6:68 | Jean 6:70 | Jean 6:71 | Matthieu 10:1 | Romains 4:20 | Romains 4:3;
63-1124E;VGR;Trois sortes de croyants;16;15;Actes 2:38 | Esaie 35:8 | Jean 15:7 | Jean 6:60 | Jean 6:61 | Jean 6:63 | Jean 6:64 | Jean 6:66 | Jean 6:68 | Jean 6:70 | Jean 6:71 | Matthieu 10:1 | Psaumes 22:1 | Romains 4:17 | Romains 4:20;
63-1124M;SKN;Que ferai-je de Jésus appelé Christ?;39;35;Actes 19:5 | Apocalypse 13:11 | Apocalypse 13:12 | Apocalypse 13:14 | Apocalypse 13:3 | Apocalypse 13:8 | Apocalypse 17:3 | Apocalypse 17:7 | Apocalypse 17:8 | Apocalypse 17:9 | Ephesiens 4:30 | Esaie 9:6 | Galates 1:8 | Hebreux 10:26 | Hebreux 10:27 | Hebreux 13:8 | Jean 5:24 | Matthieu 27:1 | Matthieu 27:11 | Matthieu 27:12 | Matthieu 27:14 | Matthieu 27:15 | Matthieu 27:16 | Matthieu 27:17 | Matthieu 27:19 | Matthieu 27:20 | Matthieu 27:21 | Matthieu 27:22 | Matthieu 27:23 | Matthieu 27:24 | Matthieu 27:26 | Matthieu 27:3 | Matthieu 27:41 | Matthieu 27:58 | Matthieu 27:62;
63-1124M;VGR;Que ferai-je de Jésus, qu’on appelle Christ?;35;32;Actes 19:5 | Apocalypse 13:8 | Apocalypse 17:16 | Apocalypse 17:3 | Apocalypse 17:7 | Apocalypse 17:8 | Apocalypse 17:9 | Ephesiens 4:30 | Esaie 9:6 | Galates 1:8 | Hebreux 10:12 | Hebreux 10:26 | Hebreux 10:27 | Hebreux 13:8 | Jean 5:24 | Matthieu 27:1 | Matthieu 27:11 | Matthieu 27:12 | Matthieu 27:14 | Matthieu 27:15 | Matthieu 27:16 | Matthieu 27:17 | Matthieu 27:19 | Matthieu 27:20 | Matthieu 27:21 | Matthieu 27:22 | Matthieu 27:23 | Matthieu 27:24 | Matthieu 27:26 | Matthieu 27:3 | Matthieu 27:41 | Matthieu 27:62;
63-1127;SKN;Le Monde se disloque une fois de plus;26;22;Actes 2:38 | Deuteronome 4:1 | Deuteronome 4:10 | Deuteronome 4:11 | Deuteronome 4:12 | Deuteronome 4:13 | Deuteronome 4:14 | Deuteronome 4:15 | Deuteronome 4:19 | Deuteronome 4:23 | Deuteronome 4:34 | Deuteronome 4:36 | Deuteronome 4:40 | Deuteronome 4:5 | Deuteronome 4:7 | Deuteronome 4:8 | Deuteronome 4:9 | Ephesiens 4:30 | Esaie 9:6 | Hebreux 13:8 | Hebreux 4:12 | Jean 12:14;
63-1128E;SKN;Le Signe;13;11;Actes 16:31 | Apocalypse 19:21 | Ephesiens 2:12 | Ephesiens 4:30 | Esaie 28:19 | Esaie 9:6 | Genese 4:1 | Hebreux 13:10 | Hebreux 13:8 | Hebreux 9:11 | Jean 5:24;
63-1128M;SKN;Le Témoignage;4;3;2 Corinthiens 9:12 | Genese 22:14 | Marc 11:22;
63-1129;SKN;Le Super Signe;23;21;Genese 22:16 | Hebreux 13:8 | Hebreux 4:1 | Hebreux 4:12 | Hebreux 4:14 | Hebreux 4:15 | Hebreux 4:6 | Hebreux 4:7 | Malachie 3:1 | Malachie 3:10 | Malachie 3:12 | Malachie 3:14 | Malachie 3:17 | Malachie 3:5 | Malachie 3:6 | Malachie 3:7 | Malachie 4:1 | Malachie 4:3 | Malachie 4:4 | Malachie 4:5 | Malachie 4:6;
63-1129;VGR;Le super-signe;7;3;Genese 22:16 | Hebreux 13:8 | Malachie 3:1;
63-1130B;SKN;L'Influence;2;2;Genese 1:1 | Hebreux 13:8;
63-1130B;VGR;L’influence;2;2;Genese 1:1 | Hebreux 13:8;
63-1130E;SKN;Allez Réveiller Jésus;4;3;Hebreux 13:8 | Hebreux 4:12 | Jean 14:2;
63-1201E;SKN;Encore Une Fois Seulement, Seigneur;1;1;Actes 2:38;
63-1201M;SKN;Un Absolu;9;8;Actes 20:24 | Actes 2:30 | Apocalypse 22:19 | Esaie 9:6 | Jacques 5:17 | Job 14:13 | Philippiens 1:20 | Romains 8:1;
63-1201M;VGR;Un Absolu;9;8;Actes 20:24 | Actes 2:30 | Apocalypse 22:19 | Esaie 9:6 | Jacques 5:17 | Job 14:13 | Philippiens 1:20 | Romains 8:1;
63-1214;SKN;Pourquoi la petite Bethlehem?;12;12;Apocalypse 17:12 | Apocalypse 17:13 | Apocalypse 17:3 | Galates 1:8 | Hebreux 13:8 | Jean 3:16 | Jean 6:35 | Malachie 4:6 | Psaumes 23:1 | Psaumes 23:2 | Psaumes 23:3 | Psaumes 23:4;
63-1214;VGR;Pourquoi la petite Bethléhem;11;11;Apocalypse 17:12 | Apocalypse 17:13 | Galates 1:8 | Hebreux 13:8 | Jean 3:16 | Jean 6:35 | Malachie 4:6 | Psaumes 23:1 | Psaumes 23:2 | Psaumes 23:3 | Psaumes 23:4;
63-1216;SKN;Nous avons vu son étoile en orient, et nous sommes venus pour l'adorer;8;8;Actes 10:35 | Daniel 2:43 | Deuteronome 22:23 | Deuteronome 22:24 | Deuteronome 22:27 | Esaie 9:6 | Esaie 9:7 | Galates 4:19;
63-1222;SKN;Les Dons de Dieu trouvent toujours leurs places;9;7;Jean 12:1 | Jean 12:3 | Jean 14:12 | Jean 3:16 | Levitique 16:6 | Levitique 2:2 | Matthieu 12:15;
63-1229E;SKN;Tournez Les Regards Vers Jésus;6;6;Actes 20:27 | Apocalypse 13:11 | Apocalypse 13:17 | Esaie 45:22 | Hebreux 13:8 | Jean 14:12;
63-1229E;VGR;Tournez les regards vers Jésus;8;8;Actes 20:27 | Apocalypse 13:11 | Apocalypse 13:17 | Apocalypse 13:2 | Apocalypse 13:4 | Esaie 45:22 | Hebreux 13:8 | Jean 14:12;
63-1229M;SKN;Il y a ici un homme qui peut allumer la lumière;10;9;Genese 1:3 | Hebreux 13:8 | Jean 14:12 | Joel 2:28 | Marc 16:16 | Marc 16:17 | Marc 16:18 | Matthieu 24:24 | Nombres 24:17;
63-1229M;VGR;Il y a ici un Homme qui peut allumer la lumière;11;10;Genese 1:3 | Hebreux 13:8 | Jean 14:12 | Joel 2:28 | Marc 16:15 | Marc 16:16 | Marc 16:17 | Marc 16:18 | Matthieu 24:24 | Nombres 24:17;
64-0112;VGR;Shalom;10;9;1 Timothee 3:16 | Apocalypse 10:7 | Apocalypse 17:12 | Esaie 60:1 | Esaie 60:2 | Hebreux 1:1 | Hebreux 4:10 | Jean 14:12 | Psaumes 62:1;
64-0112;SKN;Shalom;12;12;Apocalypse 10:7 | Apocalypse 17:1 | Esaie 60:1 | Esaie 60:2 | Hebreux 1:1 | Jean 14:24 | Psaumes 62:2 | Psaumes 62:3 | Psaumes 62:4 | Psaumes 62:6 | Psaumes 62:7 | Psaumes 62:8;
64-0119;SKN;Shalom;11;11;Esaie 60:1 | Hebreux 13:8 | Jean 14:12 | Psaumes 62:1 | Psaumes 62:2 | Psaumes 62:3 | Psaumes 62:4 | Psaumes 62:5 | Psaumes 62:6 | Psaumes 62:7 | Psaumes 62:8;
64-0120;SKN;Ses paroles infaillibles de promesse;1;1;Hebreux 4:12;
64-0121;SKN;La Parole De Dieu Exige Une Séparation Totale D’avec L’Incrédulité;2;2;Genese 1:3 | Jean 14:12;
64-0122;SKN;Tournez Le Regard Vers Jésus;5;3;Hebreux 13:8 | Jean 14:12 | Jean 5:19;Esaie 45:23
64-0125;SKN;Allumer La Lumière;18;9;Hebreux 13:8 | Jean 15:6 | Joel 2:28 | Matthieu 24:24 | Matthieu 4:13 | Matthieu 4:15 | Matthieu 4:17 | Matthieu 4:18 | Matthieu 4:25;Esaie 42:1 | Esaie 42:2 | Esaie 42:3 | Esaie 42:4 | Esaie 42:5 | Esaie 42:6 | Esaie 42:7 | Matthieu 4:15 | Matthieu 4:16
64-0125;VGR;Allumer la Lumière;18;9;Hebreux 13:8 | Joel 2:28 | Matthieu 24:24 | Matthieu 4:12 | Matthieu 4:13 | Matthieu 4:15 | Matthieu 4:17 | Matthieu 4:18 | Matthieu 4:25;Esaie 42:1 | Esaie 42:2 | Esaie 42:3 | Esaie 42:4 | Esaie 42:5 | Esaie 42:6 | Esaie 42:7 | Matthieu 4:15 | Matthieu 4:16
64-0126;SKN;Que Ferons-Nous De Ce Jésus Qu’on Appelle Christ?;7;6;Apocalypse 17:16 | Hebreux 10:26 | Hebreux 13:8 | Hebreux 4:12 | Jean 14:12 | Matthieu 24:24;
64-0126;VGR;Que ferons-nous de ce Jésus qu’on appelle Christ?;7;6;Apocalypse 17:16 | Hebreux 10:26 | Hebreux 13:8 | Hebreux 4:12 | Jean 14:12 | Matthieu 24:24;
64-0205;SKN;Dieu est son propre interprète;1;1;Matthieu 24:24;
64-0206B;SKN;Un Paradoxe;7;7;Genese 22:14 | Josue 10:12 | Malachie 3:1 | Marc 11:22 | Matthieu 11:10 | Matthieu 11:7 | Matthieu 11:8;
64-0206E;SKN;La Voie À Laquelle Dieu A Pourvue Pour Aujourd’hui;5;5;Genese 1:11 | Genese 1:12 | Genese 1:24 | Hebreux 13:8 | Jean 14:12;
64-0206E;VGR;La Voie pourvue par Dieu pour aujourd’hui;5;5;Genese 1:11 | Genese 1:12 | Genese 1:24 | Hebreux 13:8 | Jean 14:12;
64-0207;SKN;Le Patriarche Abraham;7;7;Genese 22:11 | Genese 22:15 | Genese 22:16 | Genese 22:17 | Hebreux 11:33 | Hebreux 11:34 | Hebreux 13:8;
64-0207;VGR;Le patriarche Abraham;5;1;Hebreux 13:8;Genese 22:11 | Genese 22:15 | Genese 22:16 | Genese 22:17
64-0208;SKN;Le Signe;13;12;1 Corinthiens 12:28 | Actes 16:31 | Ephesiens 4:30 | Genese 4:10 | Hebreux 12:24 | Hebreux 13:8 | Hebreux 1:1 | Hebreux 9:11 | Hebreux 9:12 | Hebreux 9:13 | Hebreux 9:14 | Jean 14:12;Exode 12:12
64-0208;VGR;Le Signe;9;8;Actes 16:31 | Ephesiens 4:30 | Genese 4:10 | Hebreux 12:24 | Hebreux 13:8 | Hebreux 1:1 | Hebreux 9:11 | Jean 14:12;Exode 12:12
64-0209;SKN;Le Compte À Rebours;1;1;Jean 14:12;
64-0212;SKN;Quand leurs yeux s’ouvrirent, ils Le reconnurent;25;4;Hebreux 13:8 | Jean 14:12 | Joel 2:28 | Luc 17:26;Luc 24:13 | Luc 24:15 | Luc 24:20 | Luc 24:21 | Luc 24:22 | Luc 24:23 | Luc 24:24 | Luc 24:27 | Luc 24:28 | Luc 24:29
64-0212;VGR;Lorsque leurs yeux s’ouvrirent, ils Le reconnurent;27;6;Hebreux 13:8 | Jean 14:12 | Joel 2:28 | Luc 17:17 | Luc 17:26 | Luc 17:27;Luc 24:13 | Luc 24:15 | Luc 24:20 | Luc 24:21 | Luc 24:22 | Luc 24:23 | Luc 24:24 | Luc 24:27 | Luc 24:28 | Luc 24:29
64-0213;SKN;Puis Jésus Vint Et Appela;2;2;Jean 11:43 | Jean 5:19;
64-0213;VGR;Alors Jésus vint, et Il appela;1;1;Jean 5:19;
64-0214;SKN;La Voix du signe;9;9;Hebreux 13:8 | Hebreux 1:1 | Luc 17:30 | Malachie 3:1 | Marc 16:16 | Marc 16:17 | Marc 16:18 | Matthieu 24:24 | Nombres 12:6;
64-0215;SKN;Les Influences;1;1;Marc 16:17;
64-0215;VGR;Les influences;1;1;Marc 16:17;
64-0216;SKN;L'Identification;5;5;Galates 1:8 | Hebreux 13:8 | Hebreux 4:12 | Jean 14:12 | Jean 3:16;
64-0304;SKN;Messieurs, Nous Voudrions Voir Jésus;5;5;Genese 6:2 | Hebreux 13:8 | Hebreux 1:1 | Jean 5:19 | Jean 5:39;
64-0304;VGR;Messieurs, nous voudrions voir Jésus;5;5;Genese 6:2 | Hebreux 13:8 | Hebreux 1:1 | Jean 5:19 | Jean 5:39;
64-0305;SKN;Persévérant;5;5;Hebreux 4:12 | Jean 14:12 | Jean 1:23 | Jean 5:19 | Luc 17:15;
64-0305;VGR;Persévérer;5;5;Hebreux 4:12 | Jean 14:12 | Jean 1:23 | Jean 5:19 | Luc 17:15;
64-0306;SKN;Il Y A Maintenant Ici Plus Que Salomon;6;1;Hebreux 4:12;Matthieu 12:38 | Matthieu 12:39 | Matthieu 12:40 | Matthieu 12:41 | Matthieu 12:42
64-0306;VGR;Il y a maintenant ici plus que Salomon;6;1;Hebreux 4:15;Matthieu 12:38 | Matthieu 12:39 | Matthieu 12:40 | Matthieu 12:41 | Matthieu 12:42
64-0308;SKN;Le Signe;9;9;Actes 16:31 | Ephesiens 2:12 | Ephesiens 4:30 | Genese 4:10 | Hebreux 10:26 | Hebreux 13:10 | Hebreux 13:8 | Hebreux 9:11 | Jean 14:12;
64-0308;VGR;Le Signe;9;9;Actes 16:31 | Ephesiens 2:12 | Ephesiens 4:30 | Genese 4:10 | Hebreux 10:26 | Hebreux 13:10 | Hebreux 13:8 | Hebreux 9:11 | Jean 14:12;
64-0311;SKN;Dieu Est Identifié Par Ses Caractéristiques;15;9;Deuteronome 18:15 | Hebreux 10:1 | Hebreux 13:8 | Hebreux 1:1 | Hebreux 4:12 | Hebreux 4:14 | Jean 10:37 | Jean 14:12 | Jean 5:19;Hebreux 1:1 | Hebreux 1:2 | Hebreux 1:3
64-0311;VGR;Dieu est identifié par Ses caractéristiques;15;9;Deuteronome 18:15 | Hebreux 10:1 | Hebreux 13:8 | Hebreux 1:1 | Hebreux 4:12 | Hebreux 4:14 | Jean 10:37 | Jean 14:12 | Jean 5:19;Hebreux 1:1 | Hebreux 1:2 | Hebreux 1:3
64-0312;SKN;Quand Leurs Yeux S'ouvrirent, Ils Le Reconnurent;22;7;Hebreux 13:8 | Hebreux 4:12 | Hebreux 4:14 | Hebreux 4:15 | Jean 14:8 | Jean 14:9 | Luc 17:28;Luc 24:13 | Luc 24:20 | Luc 24:21 | Luc 24:22 | Luc 24:23 | Luc 24:24 | Luc 24:27 | Luc 24:28 | Luc 24:29 | Luc 24:30
64-0313;SKN;La Voix Du Signe;8;7;Esaie 35:6 | Hebreux 1:1 | Hebreux 4:15 | Luc 17:30 | Malachie 4:5 | Malachie 4:6 | Nombres 12:6;
64-0313;VGR;La voix du signe;11;7;Esaie 35:6 | Hebreux 1:1 | Hebreux 4:15 | Luc 17:30 | Malachie 3:1 | Malachie 4:3 | Nombres 12:6;
64-0314;SKN;Les Investissements;5;5;Jean 14:12 | Luc 24:49 | Matthieu 5:3 | Matthieu 5:30 | Matthieu 5:46;
64-0315;SKN;Influence;8;8;2 Chroniques 26:1 | 2 Chroniques 26:11 | 2 Chroniques 26:16 | 2 Chroniques 26:21 | 2 Chroniques 26:4 | 2 Chroniques 26:5 | Jean 5:19 | Luc 24:49;
64-0315;VGR;L’influence;2;2;Jean 5:19 | Luc 24:49;
64-0318;SKN;Messieurs, Nous Voudrions Voir Jésus;3;2;Hebreux 13:8 | Matthieu 11:10;Hebreux 13:8
64-0318;VGR;Monsieur, nous voudrions voir Jésus;3;2;Hebreux 13:8 | Matthieu 11:10;Hebreux 13:8
64-0319;SKN;Appeler Jésus Sur La Scène;6;6;Hebreux 13:8 | Jean 14:12 | Jean 1:1 | Jean 5:19 | Jean 5:30 | Malachie 4:3;
64-0320;SKN;Dieu Identifié Par Ses Caractéristiques;12;9;Deuteronome 18:15 | Hebreux 13:8 | Hebreux 1:1 | Hebreux 4:12 | Hebreux 4:14 | Jean 10:37 | Jean 14:12 | Malachie 4:5 | Matthieu 24:24;
64-0320;VGR;Dieu S’identifie par Ses caractéristiques;12;8;Deuteronome 18:15 | Hebreux 13:8 | Hebreux 1:1 | Hebreux 4:12 | Jean 10:37 | Jean 14:12 | Malachie 4:5 | Matthieu 24:24;
64-0321E;SKN;La Voix Du Signe;8;7;Genese 15:16 | Hebreux 1:1 | Hebreux 4:14 | Hebreux 4:15 | Jean 14:12 | Malachie 3:1 | Nombres 12:6;
64-0321E;VGR;La Voix du signe;7;6;Genese 15:16 | Hebreux 1:1 | Hebreux 4:14 | Jean 14:12 | Malachie 3:1 | Nombres 12:6;
64-0322;SKN;Posséder La Porte De L’Ennemi Après Le Test;15;14;Ephesiens 4:30 | Genese 22:11 | Genese 22:14 | Genese 22:15 | Genese 22:16 | Genese 22:17 | Genese 22:3 | Genese 22:6 | Genese 22:9 | Jean 14:12 | Jean 6:31 | Jean 6:49 | Jean 6:51 | Jean 6:58;
64-0322;VGR;Posséder la porte de l’ennemi après l’épreuve;13;12;Ephesiens 4:30 | Genese 22:11 | Genese 22:14 | Genese 22:15 | Genese 22:16 | Genese 22:17 | Genese 22:9 | Jean 14:12 | Jean 6:31 | Jean 6:49 | Jean 6:51 | Jean 6:58;
64-0401;SKN;Christ Identifié Dans Tous Les Âges;7;6;1 Timothee 3:16 | Jean 14:12 | Luc 17:14 | Luc 17:28 | Malachie 3:6 | Zacharie 14:6;
64-0402;SKN;Jéhovah-Jiré #1;4;4;Hebreux 7:1 | Hebreux 7:2 | Hebreux 7:4 | Marc 11:22;
64-0402;VGR;Jéhovah-Jiré #1;5;5;Hebreux 7:1 | Hebreux 7:2 | Jean 15:4 | Jean 15:5 | Marc 11:22;
64-0403;SKN;Jéhovah-Jiré #2;7;7;Ephesiens 4:30 | Genese 1:26 | Jean 14:12 | Jean 15:4 | Jean 15:5 | Luc 17:28 | Marc 16:17;
64-0403;VGR;Jéhovah-Jiré #2;8;8;Ephesiens 4:30 | Genese 1:26 | Jean 14:12 | Jean 15:4 | Jean 15:5 | Luc 17:28 | Marc 16:15 | Marc 16:17;
64-0404;SKN;Jéhovah-Jiré #3;2;2;Genese 15:9 | Jean 14:12;
64-0404;VGR;Jéhovah-Jiré #3;2;2;Genese 15:9 | Jean 14:12;
64-0405;SKN;Un Procès;11;7;Hebreux 13:8 | Jacques 5:14 | Marc 11:22 | Marc 11:23 | Marc 16:17 | Marc 16:2 | Matthieu 15:26;
64-0405;VGR;Un procès;7;5;Hebreux 13:8 | Jacques 5:14 | Marc 11:22 | Marc 11:23 | Marc 16:17;
64-0409;SKN;Christ identifie dans tous les âges;17;16;Deuteronome 18:15 | Hebreux 13:8 | Hebreux 4:10 | Hebreux 4:11 | Hebreux 4:12 | Hebreux 4:4 | Hebreux 4:5 | Hebreux 4:6 | Hebreux 4:7 | Hebreux 4:8 | Hebreux 4:9 | Jean 1:26 | Jean 4:25 | Jean 6:23 | Jean 6:5 | Malachie 4:6;
64-0409;VGR;L’identification de Christ dans tous les âges;4;4;Deuteronome 18:15 | Hebreux 13:8 | Hebreux 4:12 | Jean 1:26;
64-0410;SKN;Les Signes scripturaires du temps;7;1;Jean 5:24;Matthieu 12:2 | Matthieu 12:38 | Matthieu 12:39 | Matthieu 12:40 | Matthieu 12:41 | Matthieu 12:42
64-0411;SKN;L'Amnésie spirituelle;2;2;Apocalypse 3:16 | Marc 11:23;
64-0412;SKN;Un Procès;11;11;Hebreux 13:8 | Jacques 5:14 | Jean 14:12 | Jean 5:19 | Malachie 4:6 | Marc 11:22 | Marc 16:14 | Marc 16:16 | Marc 16:17 | Marc 16:18 | Matthieu 10:8;
64-0415;SKN;Christ Identifié Le Même Dans Toutes Les Générations;7;7;Deuteronome 18:15 | Hebreux 13:5 | Hebreux 13:7 | Hebreux 1:1 | Hebreux 1:2 | Hebreux 1:3 | Jean 5:19;
64-0415;VGR;Christ identifié le même dans toutes les générations;7;7;Deuteronome 18:15 | Hebreux 13:5 | Hebreux 13:7 | Hebreux 1:1 | Hebreux 1:2 | Hebreux 1:3 | Jean 5:19;
64-0416;SKN;Alors, quand leurs yeux s’ouvrirent, ils Le reconnurent;7;6;Hebreux 13:8 | Jean 14:12 | Jean 14:9 | Jean 3:16 | Luc 17:27 | Luc 17:28;
64-0416;VGR;Et lorsque leurs yeux s’ouvrirent, ils le reconnurent;7;6;Hebreux 13:8 | Jean 14:12 | Jean 14:9 | Jean 3:16 | Luc 17:27 | Luc 17:28;
64-0417;SKN;Puis Jésus Vint Et Appela;3;3;Jean 11:1 | Jean 3:16 | Jean 5:19;
64-0417;VGR;Alors Jésus vint, et Il appela;5;5;Jean 11:1 | Jean 11:19 | Jean 11:20 | Jean 3:16 | Jean 5:19;
64-0418B;SKN;Un Paradoxe;17;17;Actes 4:8 | Josue 10:1 | Josue 10:10 | Josue 10:11 | Josue 10:12 | Josue 10:13 | Josue 10:14 | Josue 10:25 | Josue 10:27 | Josue 10:30 | Josue 10:32 | Josue 10:4 | Josue 10:40 | Josue 10:42 | Josue 10:5 | Josue 10:6 | Marc 11:22;
64-0418B;VGR;Un paradoxe;2;2;Josue 10:12 | Marc 11:22;
64-0418E;SKN;Jésus Ne Manque A Aucun De Ses Rendez-Vous;2;2;Exode 19:1 | Exode 19:2;
64-0419;SKN;Le Procès;7;7;Apocalypse 10:1 | Apocalypse 10:7 | Apocalypse 10:8 | Deuteronome 18:15 | Jean 14:12 | Luc 17:30 | Marc 16:17;
64-0419;VGR;Le procès;10;8;Apocalypse 10:4 | Apocalypse 10:7 | Apocalypse 10:8 | Deuteronome 18:15 | Hebreux 13:8 | Jean 14:12 | Luc 17:30 | Marc 16:17;
64-0427;SKN;Un Procès;34;21;Actes 2:38 | Deuteronome 18:15 | Ezechiel 2:1 | Hebreux 13:8 | Jacques 5:14 | Jean 14:5 | Jean 3:16 | Luc 17:20 | Luc 17:23 | Malachie 3:1 | Marc 11:22 | Marc 16:1 | Marc 16:12 | Marc 16:13 | Marc 16:14 | Marc 16:15 | Marc 16:16 | Marc 16:17 | Marc 16:18 | Marc 16:19 | Marc 16:9;Jean 14:12 | Marc 6:16
64-0427;VGR;Un procès;18;13;Actes 2:38 | Deuteronome 18:15 | Ezechiel 2:1 | Hebreux 13:8 | Jacques 5:14 | Jean 14:12 | Jean 14:5 | Jean 3:16 | Luc 17:23 | Malachie 3:1 | Marc 11:22 | Marc 16:16 | Marc 16:17;
64-0500;SKN;Lettre Audio A Lee Vayle;10;7;Apocalypse 3:14 | Apocalypse 3:7 | Hebreux 4:12 | Malachie 4:5 | Marc 11:23 | Matthieu 11:10 | Matthieu 11:9;
64-0531;SKN;Un Drôle de personnage;1;1;Matthieu 24:24;
64-0614E;SKN;Un Drôle de personnage;1;1;Matthieu 24:24;
64-0614E;VGR;Le drôle d’oiseau;1;1;Matthieu 24:24;
64-0614M;SKN;Dieu Dévoilé;26;23;1 Timothee 3:16 | 2 Corinthiens 3:12 | 2 Corinthiens 3:13 | 2 Corinthiens 3:14 | 2 Corinthiens 3:3 | 2 Corinthiens 3:6 | 2 Corinthiens 3:7 | 2 Corinthiens 3:9 | Apocalypse 19:11 | Genese 1:1 | Hebreux 13:8 | Hebreux 1:1 | Jean 12:20 | Jean 14:12 | Joel 2:28 | Luc 17:28 | Luc 17:29 | Matthieu 24:24 | Philippiens 2:2 | Philippiens 2:3 | Philippiens 2:6 | Philippiens 2:7 | Philippiens 2:8;
64-0614M;VGR;Dieu dévoilé;18;15;Apocalypse 19:11 | Genese 1:1 | Hebreux 13:8 | Hebreux 1:1 | Jean 12:20 | Jean 14:12 | Joel 2:28 | Luc 17:28 | Luc 17:29 | Matthieu 24:24 | Philippiens 2:2 | Philippiens 2:3 | Philippiens 2:6 | Philippiens 2:7 | Philippiens 2:8;
64-0617;SKN;Le Christ identifié dans tous les âges;24;15;Apocalypse 22:13 | Deuteronome 18:15 | Hebreux 13:8 | Hebreux 4:12 | Jean 10:35 | Jean 1:46 | Jean 4:10 | Jean 4:20 | Jean 4:7 | Jean 4:9 | Malachie 3:1 | Malachie 3:6 | Marc 16:16 | Marc 16:17 | Zacharie 14:6;Hebreux 13:8
64-0617;VGR;Le Christ identifié de tous les âges;23;15;Apocalypse 22:13 | Deuteronome 18:15 | Hebreux 13:8 | Hebreux 4:12 | Jean 10:35 | Jean 1:18 | Jean 4:10 | Jean 4:20 | Jean 4:7 | Jean 4:9 | Malachie 3:1 | Malachie 3:6 | Marc 16:16 | Marc 16:17 | Zacharie 14:6;Hebreux 13:8
64-0618;SKN;La Présence de Dieu non reconnue;4;4;Deuteronome 18:15 | Jean 5:24 | Malachie 3:1 | Matthieu 11:13;
64-0618;VGR;La Présence de Dieu qui n’est pas reconnue;5;5;Deuteronome 18:15 | Jean 5:24 | Luc 17:28 | Malachie 3:1 | Matthieu 11:13;
64-0619;SKN;Être Persévérant;1;1;Hebreux 4:12;
64-0619;VGR;Persévérer;1;1;Hebreux 4:12;
64-0620E;SKN;Dieu A Pourvu À Un Agneau;1;1;Deuteronome 18:15;
64-0620E;VGR;Dieu a pourvu d’un Agneau;2;2;Deuteronome 18:15 | Jean 14:12;
64-0621;SKN;Le Procès;22;6;Apocalypse 10:7 | Hebreux 13:8 | Hebreux 4:12 | Jacques 5:14 | Luc 17:30 | Marc 16:17;Marc 16:1 | Marc 16:12 | Marc 16:13 | Marc 16:14 | Marc 16:15 | Marc 16:16 | Marc 16:17 | Marc 16:18 | Marc 16:19 | Marc 16:9
64-0629;SKN;Le Dieu Puissant Dévoilé Devant Nous;14;13;Deuteronome 18:15 | Ezechiel 2:3 | Hebreux 13:8 | Hebreux 1:1 | Jean 12:20 | Jean 1:14 | Joel 2:28 | Philippiens 2:2 | Philippiens 2:28 | Philippiens 2:3 | Philippiens 2:6 | Philippiens 2:7 | Philippiens 2:8;
64-0629;VGR;Le Dieu Puissant dévoilé devant nous;15;13;Deuteronome 18:15 | Ezechiel 2:3 | Hebreux 13:8 | Hebreux 1:1 | Jean 12:20 | Jean 1:14 | Joel 2:28 | Philippiens 2:2 | Philippiens 2:28 | Philippiens 2:3 | Philippiens 2:6 | Philippiens 2:7 | Philippiens 2:8;
64-0705;SKN;Le Chef-D’œuvre;6;6;Apocalypse 10:7 | Apocalypse 3:14 | Jean 12:24 | Luc 17:34 | Marc 9:7 | Matthieu 24:24;
64-0705;VGR;Le Chef-d’œuvre;6;6;Apocalypse 10:7 | Apocalypse 3:14 | Jean 12:24 | Luc 17:34 | Marc 9:7 | Matthieu 24:24;
64-0705X;SKN;Entretien Privé (Entretien Avec La Soeur Bruce);1;1;Jean 5:24;
64-0705X;VGR;Entretien privé;1;1;Jean 5:24;
64-0719E;SKN;Sortir du camp;4;4;Hebreux 13:10 | Hebreux 13:13 | Hebreux 13:8 | Matthieu 17:4;
64-0719E;VGR;Sortir du camp;3;3;Hebreux 13:10 | Hebreux 13:12 | Matthieu 17:4;
64-0719M;SKN;La Fête Des Trompettes;61;37;Actes 19:4 | Apocalypse 10:1 | Apocalypse 10:7 | Apocalypse 11:15 | Apocalypse 17:8 | Apocalypse 19:14 | Apocalypse 19:19 | Apocalypse 8:1 | Apocalypse 8:7 | Apocalypse 9:1 | Apocalypse 9:13 | Apocalypse 9:5 | Esaie 18:1 | Esaie 27:12 | Ezechiel 9:4 | Hebreux 13:8 | Hebreux 1:1 | Hebreux 4:12 | Jean 5:24 | Levitique 23:21 | Levitique 23:24 | Levitique 23:26 | Levitique 23:27 | Levitique 23:3 | Levitique 23:34 | Levitique 23:35 | Levitique 23:36 | Levitique 23:39 | Levitique 23:40 | Levitique 23:41 | Levitique 23:6 | Levitique 23:7 | Levitique 23:8 | Luc 17:20 | Luc 17:30 | Luc 17:33 | Malachie 4:4;
64-0719M;VGR;La fête des Trompettes;52;38;Actes 19:4 | Apocalypse 10:1 | Apocalypse 10:7 | Apocalypse 11:15 | Apocalypse 17:8 | Apocalypse 19:14 | Apocalypse 8:1 | Apocalypse 8:7 | Apocalypse 9:1 | Apocalypse 9:13 | Apocalypse 9:5 | Esaie 18:1 | Esaie 27:12 | Hebreux 13:8 | Hebreux 1:1 | Hebreux 4:12 | Jean 5:24 | Levitique 23:12 | Levitique 23:21 | Levitique 23:24 | Levitique 23:26 | Levitique 23:27 | Levitique 23:3 | Levitique 23:34 | Levitique 23:35 | Levitique 23:36 | Levitique 23:39 | Levitique 23:41 | Levitique 23:5 | Levitique 23:6 | Levitique 23:7 | Levitique 23:8 | Luc 17:15 | Luc 17:30 | Luc 17:33 | Malachie 3:1 | Malachie 4:1 | Malachie 4:4;
64-0726E;SKN;Des Citernes Crevassées;6;6;Jean 3:16 | Jean 7:37 | Jeremie 2:12 | Jeremie 2:13 | Jeremie 2:14 | Psaumes 36:9;
64-0726E;VGR;Des citernes crevassées;6;6;Jean 3:16 | Jean 7:37 | Jeremie 2:12 | Jeremie 2:13 | Jeremie 2:14 | Psaumes 36:9;
64-0726M;SKN;Reconnaître Votre Jour Et Son Message;5;5;2 Timothee 3:8 | Ezechiel 37:1 | Ezechiel 37:28 | Ezechiel 37:9 | Malachie 3:1;
64-0726M;VGR;Reconnaître votre jour et son Message;3;3;Ezechiel 37:1 | Ezechiel 37:9 | Malachie 3:1;
64-0802;SKN;La Demeure Future De L’Époux Céleste Et De L’Épouse Terrestre;93;85;2 Pierre 3:1 | 2 Pierre 3:10 | 2 Pierre 3:11 | 2 Pierre 3:12 | 2 Pierre 3:13 | 2 Pierre 3:14 | 2 Pierre 3:15 | 2 Pierre 3:16 | 2 Pierre 3:17 | 2 Pierre 3:18 | 2 Pierre 3:2 | 2 Pierre 3:3 | 2 Pierre 3:4 | 2 Pierre 3:6 | 2 Pierre 3:7 | 2 Pierre 3:9 | Apocalypse 11:1 | Apocalypse 11:10 | Apocalypse 11:13 | Apocalypse 11:15 | Apocalypse 11:18 | Apocalypse 11:19 | Apocalypse 11:2 | Apocalypse 11:6 | Apocalypse 11:7 | Apocalypse 11:8 | Apocalypse 11:9 | Apocalypse 21:1 | Apocalypse 21:10 | Apocalypse 21:12 | Apocalypse 21:14 | Apocalypse 21:15 | Apocalypse 21:16 | Apocalypse 21:17 | Apocalypse 21:18 | Apocalypse 21:19 | Apocalypse 21:2 | Apocalypse 21:20 | Apocalypse 21:21 | Apocalypse 21:22 | Apocalypse 21:23 | Apocalypse 21:24 | Apocalypse 21:25 | Apocalypse 21:27 | Apocalypse 21:3 | Apocalypse 21:4 | Apocalypse 21:5 | Apocalypse 21:6 | Apocalypse 21:8 | Apocalypse 21:9 | Apocalypse 2:1 | Apocalypse 2:10 | Apocalypse 2:11 | Apocalypse 2:12 | Apocalypse 2:13 | Apocalypse 2:17 | Apocalypse 2:18 | Apocalypse 2:19 | Apocalypse 2:2 | Apocalypse 2:24 | Apocalypse 2:26 | Apocalypse 2:4 | Apocalypse 2:5 | Apocalypse 2:7 | Apocalypse 2:8 | Apocalypse 2:9 | Apocalypse 6:14 | Ephesiens 1:10 | Esaie 4:5 | Esaie 65:17 | Esaie 65:18 | Esaie 65:19 | Esaie 65:20 | Esaie 65:21 | Esaie 65:22 | Esaie 65:23 | Esaie 65:25 | Esaie 9:6 | Genese 1:1 | Jean 14:2;
64-0802;VGR;La Demeure future de l’Époux Céleste et de l’Épouse terrestre;35;30;Apocalypse 21:10 | Apocalypse 21:12 | Apocalypse 21:14 | Apocalypse 21:18 | Apocalypse 21:2 | Apocalypse 21:21 | Apocalypse 21:23 | Apocalypse 21:3 | Apocalypse 2:17 | Apocalypse 2:26 | Apocalypse 2:7 | Apocalypse 6:14 | Ephesiens 1:10 | Esaie 4:5 | Esaie 65:17 | Esaie 65:18 | Esaie 65:19 | Esaie 65:20 | Esaie 65:21 | Esaie 65:22 | Esaie 65:23 | Esaie 65:25 | Esaie 9:6 | Genese 1:1 | Jean 14:2 | Jean 14:3 | Malachie 3:10 | Matthieu 19:28 | Matthieu 5:5 | Tite 3:5;
64-0816;SKN;Confirmant Sa Parole;46;41;1 Thessaloniciens 5:21 | Apocalypse 17:8 | Esaie 9:6 | Hebreux 13:8 | Hebreux 4:12 | Hebreux 4:15 | Jean 14:12 | Jean 1:14 | Jean 1:33 | Jean 5:19 | Joel 2:28 | Luc 17:30 | Luc 24:49 | Malachie 3:1 | Malachie 4:3 | Marc 16:15 | Marc 16:16 | Marc 16:17 | Marc 4:32 | Marc 5:13 | Marc 5:19 | Marc 5:20 | Marc 5:21 | Marc 5:22 | Marc 5:23 | Marc 5:24 | Marc 5:26 | Marc 5:27 | Marc 5:28 | Marc 5:29 | Marc 5:30 | Marc 5:31 | Marc 5:33 | Marc 5:34 | Marc 5:35 | Marc 5:36 | Marc 5:38 | Marc 5:39 | Marc 5:41 | Marc 5:42 | Matthieu 24:24;
64-0816;VGR;Prouvant Sa Parole;41;37;Apocalypse 22:18 | Esaie 9:6 | Hebreux 13:8 | Hebreux 4:12 | Hebreux 4:15 | Hebreux 6:6 | Jean 14:12 | Jean 1:33 | Joel 2:28 | Luc 17:30 | Luc 24:49 | Marc 16:15 | Marc 16:16 | Marc 16:17 | Marc 5:1 | Marc 5:13 | Marc 5:20 | Marc 5:21 | Marc 5:22 | Marc 5:23 | Marc 5:24 | Marc 5:26 | Marc 5:27 | Marc 5:28 | Marc 5:29 | Marc 5:30 | Marc 5:31 | Marc 5:33 | Marc 5:34 | Marc 5:35 | Marc 5:36 | Marc 5:38 | Marc 5:39 | Marc 5:40 | Marc 5:41 | Marc 5:42 | Matthieu 24:24;
64-0823E;SKN;Questions Et Réponses N°2;7;7;Genese 6:12 | Hebreux 7:1 | Hebreux 7:2 | Jean 14:26 | Matthieu 10:41 | Matthieu 12:32 | Matthieu 12:40;
64-0823E;VGR;Questions et réponses #2;7;7;Genese 6:12 | Hebreux 7:1 | Hebreux 7:2 | Jean 14:26 | Matthieu 10:41 | Matthieu 12:32 | Matthieu 12:40;
64-0823M;SKN;Questions Et Réponses N°1;17;16;1 Timothee 2:9 | Actes 10:47 | Actes 19:1 | Actes 19:4 | Actes 19:6 | Actes 22:16 | Apocalypse 20:4 | Galates 1:8 | Genese 6:4 | Jean 5:19 | Luc 21:36 | Marc 16:17 | Matthieu 24:19 | Matthieu 24:24 | Matthieu 24:26 | Matthieu 24:28;
64-0823M;VGR;Questions et réponses #1;15;14;Actes 10:47 | Actes 19:1 | Actes 19:4 | Actes 22:16 | Apocalypse 20:4 | Galates 1:8 | Genese 6:4 | Jean 5:19 | Luc 21:36 | Marc 16:17 | Matthieu 24:19 | Matthieu 24:24 | Matthieu 24:26 | Matthieu 24:28;
64-0830E;SKN;Questions Et Reponses N°4;13;13;Apocalypse 10:7 | Apocalypse 22:8 | Apocalypse 7:2 | Apocalypse 7:9 | Genese 6:3 | Job 14:21 | Marc 16:18 | Matthieu 24:28 | Romains 7:14 | Romains 7:15 | Romains 7:16 | Romains 7:17 | Romains 7:18;
64-0830E;VGR;Questions et réponses #4;16;15;Apocalypse 10:7 | Apocalypse 22:8 | Apocalypse 7:2 | Apocalypse 7:9 | Genese 6:3 | Job 14:14 | Job 14:21 | Malachie 4:1 | Marc 16:18 | Matthieu 24:28 | Romains 7:14 | Romains 7:15 | Romains 7:16 | Romains 7:17 | Romains 7:18;
64-0830M;SKN;Questions Et Réponses N°3;150;139;Actes 20:1 | Actes 20:10 | Actes 20:11 | Actes 20:13 | Actes 20:14 | Actes 20:15 | Actes 20:16 | Actes 20:18 | Actes 20:2 | Actes 20:20 | Actes 20:21 | Actes 20:22 | Actes 20:24 | Actes 20:28 | Actes 20:3 | Actes 20:31 | Actes 20:35 | Actes 20:36 | Actes 20:6 | Actes 20:7 | Actes 20:9 | Actes 9:11 | Actes 9:13 | Actes 9:17 | Actes 9:18 | Actes 9:19 | Actes 9:2 | Actes 9:21 | Actes 9:23 | Actes 9:26 | Actes 9:27 | Actes 9:28 | Actes 9:3 | Actes 9:33 | Actes 9:34 | Actes 9:36 | Actes 9:37 | Actes 9:38 | Actes 9:39 | Actes 9:4 | Actes 9:40 | Actes 9:41 | Actes 9:7 | Apocalypse 11:1 | Apocalypse 11:10 | Apocalypse 11:11 | Apocalypse 11:12 | Apocalypse 11:13 | Apocalypse 11:15 | Apocalypse 11:18 | Apocalypse 11:19 | Apocalypse 11:2 | Apocalypse 11:3 | Apocalypse 11:4 | Apocalypse 11:5 | Apocalypse 11:6 | Apocalypse 11:7 | Apocalypse 11:8 | Apocalypse 11:9 | Apocalypse 13:1 | Apocalypse 13:10 | Apocalypse 13:11 | Apocalypse 13:13 | Apocalypse 13:14 | Apocalypse 13:15 | Apocalypse 13:16 | Apocalypse 13:17 | Apocalypse 13:2 | Apocalypse 13:3 | Apocalypse 13:4 | Apocalypse 13:5 | Apocalypse 13:7 | Apocalypse 13:8 | Apocalypse 1:1 | Apocalypse 1:12 | Apocalypse 1:13 | Apocalypse 1:14 | Apocalypse 1:15 | Apocalypse 1:16 | Apocalypse 1:17;
64-0830M;VGR;Questions et réponses #3;33;28;Apocalypse 11:10 | Apocalypse 11:11 | Apocalypse 11:12 | Apocalypse 11:3 | Apocalypse 11:4 | Apocalypse 11:5 | Apocalypse 11:6 | Apocalypse 11:7 | Apocalypse 11:8 | Apocalypse 11:9 | Apocalypse 13:7 | Apocalypse 1:14 | Apocalypse 20:27 | Apocalypse 20:7 | Ezechiel 9:2 | Ezechiel 9:4 | Ezechiel 9:6 | Hebreux 13:12 | Jean 14:12 | Jean 17:17 | Jean 5:24 | Marc 13:27 | Marc 16:9 | Zacharie 4:12 | Zacharie 4:13 | Zacharie 4:14 | Zacharie 4:3 | apocalypse 20:5;
64-1205;SKN;Le Chef-d'oeuvre identifie de Dieu;5;5;Actes 2:29 | Apocalypse 22:13 | Genese 22:6 | Marc 16:17 | Marc 9:7;
64-1205;VGR;Le chef-d’œuvre de Dieu identifié;2;2;Marc 16:17 | Marc 9:7;
64-1212;SKN;Le Temps de la moisson;14;10;Actes 10:49 | Apocalypse 1:20 | Apocalypse 22:18 | Hebreux 13:8 | Jean 14:12 | Jean 1:46 | Jean 6:48 | Luc 17:20 | Matthieu 24:24 | actes 10:44;
64-1221;SKN;Pourquoi Il Fallait Que Ça Soit Les Bergers;11;11;Esaie 53:6 | Jean 10:27 | Jean 10:4 | Jean 10:5 | Jean 14:12 | Job 38:7 | Joel 2:28 | Luc 1:52 | Matthieu 24:24 | Matthieu 5:3 | Zacharie 14:7;
64-1221;VGR;Pourquoi un Berger;13;13;Esaie 53:6 | Jean 10:16 | Jean 10:25 | Jean 10:27 | Jean 10:4 | Jean 10:5 | Jean 14:12 | Job 38:7 | Joel 2:28 | Luc 1:52 | Matthieu 24:24 | Matthieu 5:3 | Zacharie 14:7;
64-1227;SKN;Qui Dites-Vous Que C’est?;4;4;Hebreux 13:8 | Jean 6:31 | Jean 6:49 | Jean 6:64;
64-1227;VGR;Qui dites-vous que C’est?;3;3;Hebreux 13:8 | Jean 6:31 | Jean 6:49;
65-0117;SKN;Un Paradoxe;17;12;Apocalypse 10:3 | Apocalypse 22:18 | Hebreux 11:3 | Hebreux 13:8 | Jean 14:12 | Jean 6:31 | Jean 6:49 | Josue 10:12 | Josue 10:13 | Josue 10:14 | Luc 22:17 | Marc 11:22;
65-0118;SKN;La Semence De Discorde;18;4;Apocalypse 22:18 | Jean 14:12 | Jean 1:13 | Matthieu 24:24;Matthieu 13:24 | Matthieu 13:25 | Matthieu 13:27 | Matthieu 13:28 | Matthieu 13:30 | Matthieu 13:31 | Matthieu 13:33 | Matthieu 13:36 | Matthieu 13:38 | Matthieu 13:44
65-0118;VGR;La semence de discorde;20;4;Apocalypse 22:18 | Jean 14:12 | Jean 1:13 | Matthieu 24:24;Matthieu 13:24 | Matthieu 13:25 | Matthieu 13:26 | Matthieu 13:27 | Matthieu 13:28 | Matthieu 13:29 | Matthieu 13:30 | Matthieu 13:31 | Matthieu 13:33 | Matthieu 13:36
65-0119;SKN;Le Dieu Qui Est Riche En Miséricorde;4;3;Apocalypse 22:18 | Exode 19:4 | Luc 17:30;
65-0119;VGR;Le Dieu qui est riche en miséricorde;4;3;Apocalypse 22:18 | Exode 19:4 | Luc 17:30;
65-0120;SKN;Ne T'Appuie Pas Sur Ton Intelligence;16;15;Galates 1:8 | Jean 10:4 | Jean 10:5 | Luc 17:30 | Proverbes 2:5 | Proverbes 2:6 | Proverbes 3:1 | Proverbes 3:17 | Proverbes 3:19 | Proverbes 3:2 | Proverbes 3:26 | Proverbes 3:3 | Proverbes 3:4 | Proverbes 3:5 | Proverbes 3:6;
65-0120;VGR;Ne t’appuie pas sur ton intelligence;10;9;Galates 1:8 | Jean 10:4 | Jean 10:5 | Luc 17:30 | Proverbes 2:6 | Proverbes 3:1 | Proverbes 3:19 | Proverbes 3:3 | Proverbes 3:5;
65-0123;SKN;Des Citernes Crevassées;9;8;Apocalypse 22:18 | Hebreux 13:8 | Jean 3:16 | Jean 7:37 | Jean 7:38 | Job 7:20 | Psaumes 36:9 | Zacharie 13:1;
65-0123;VGR;Des citernes crevassées;8;7;Apocalypse 22:18 | Hebreux 13:8 | Jean 3:16 | Jean 7:37 | Jean 7:38 | Psaumes 36:9 | Zacharie 13:1;
65-0124;SKN;Les Douleurs De L'Enfantement;12;9;Actes 2:4 | Apocalypse 21:1 | Jean 16:20 | Jean 16:21 | Jean 16:22 | Jean 3:16 | Jean 5:7 | Malachie 3:1 | Matthieu 24:24;
65-0124;VGR;Les douleurs de l’enfantement;12;9;Apocalypse 21:1 | Jean 16:20 | Jean 16:21 | Jean 16:22 | Jean 16:24 | Jean 3:16 | Jean 5:7 | Malachie 3:1 | Matthieu 24:24;
65-0125;SKN;Aujourd'hui Cette Écriture Est Accomplie;4;3;Esaie 61:1 | Jean 16:21 | Luc 17:30;
65-0125;VGR;Aujourd’hui cette Écriture est accomplie;2;2;Esaie 61:1 | Luc 17:30;
65-0206;SKN;Les Portes dans la porte;1;1;Apocalypse 22:18;
65-0206;VGR;Des portes à l’intérieur de la porte;1;1;Apocalypse 22:18;
65-0217;SKN;Un Homme Qui Fuit Loin De La Présence De Dieu;4;4;Apocalypse 22:6 | Jean 14:12 | Luc 17:30 | Psaumes 22:16;
65-0217;VGR;Un homme qui fuit la face de l’Éternel;4;4;Apocalypse 22:6 | Jean 14:12 | Luc 17:30 | Psaumes 22:8;
65-0218;SKN;La Semence N'hérite Pas Avec La Balle;16;14;Apocalypse 10:11 | Apocalypse 10:6 | Apocalypse 10:7 | Galates 4:27 | Hebreux 13:8 | Jean 14:12 | Jean 5:24 | Jean 5:7 | Luc 17:30 | Malachie 4:6 | Matthieu 24:24 | Romains 5:24 | Romains 8:3 | romains 5:11;
65-0218;VGR;La Semence n’hérite pas avec la balle;10;8;Galates 4:27 | Hebreux 13:8 | Jean 14:12 | Jean 5:24 | Jean 5:7 | Luc 17:30 | Matthieu 24:24 | Romains 8:1;
65-0219;SKN;Aujourd'hui Cette Ecriture Est Accomplie;14;14;Actes 2:38 | Apocalypse 3:17 | Daniel 12:4 | Esaie 40:3 | Esaie 61:1 | Esaie 61:2 | Genese 1:1 | Hebreux 13:8 | Jean 5:19 | Joel 2:38 | Luc 17:30 | Matthieu 24:32 | Matthieu 24:7 | actes 2:38;
65-0219;VGR;Aujourd’hui cette Écriture est accomplie;13;13;Actes 2:38 | Apocalypse 3:17 | Daniel 12:4 | Esaie 40:3 | Esaie 61:1 | Genese 1:1 | Hebreux 13:8 | Jean 5:19 | Joel 2:38 | Luc 17:30 | Matthieu 24:32 | Matthieu 24:7 | actes 2:38;
65-0220;SKN;Le Lieu D'Adoration Que Dieu A Choisi;13;11;Apocalypse 4:7 | Deuteronome 16:1 | Exode 12:3 | Exode 12:4 | Exode 12:5 | Exode 12:6 | Hebreux 13:8 | Luc 17:30 | Malachie 3:1 | Marc 16:17 | Romains 8:1;
65-0220;VGR;Le lieu d’adoration que Dieu a choisi;10;9;Apocalypse 4:7 | Deuteronome 16:1 | Exode 12:3 | Exode 12:6 | Hebreux 13:8 | Luc 17:30 | Malachie 3:1 | Marc 16:17 | Romains 8:1;
65-0221E;SKN;Qui Est Ce Melchisédek?;24;22;Apocalypse 10:1 | Apocalypse 10:1-7 | Apocalypse 10:2 | Apocalypse 10:3 | Apocalypse 10:4 | Apocalypse 10:5 | Apocalypse 10:6 | Apocalypse 10:7 | Apocalypse 21:16 | Exode 33:2 | Genese 14:18 | Genese 1:1 | Hebreux 13:8 | Hebreux 7:1 | Hebreux 7:2 | Hebreux 7:3 | Jean 4:11 | Jean 4:5 | Jean 4:7 | Jean 4:8 | Jean 4:9 | Romains 8:1;
65-0221E;VGR;Qui est ce Melchisédek?;22;21;Apocalypse 10:1 | Apocalypse 10:1-7 | Apocalypse 10:2 | Apocalypse 10:3 | Apocalypse 10:4 | Apocalypse 10:5 | Apocalypse 10:6 | Apocalypse 10:7 | Apocalypse 21:16 | Exode 33:2 | Genese 1:1 | Genese 1:10 | Hebreux 13:8 | Hebreux 7:2 | Jean 4:11 | Jean 4:5 | Jean 4:7 | Jean 4:8 | Jean 4:9 | Malachie 3:1 | Romains 8:1;
65-0221M;SKN;Le Mariage Et Le Divorce;25;21;Actes 2:38 | Apocalypse 10:7 | Ezechiel 44:22 | Genese 3:1 | Genese 3:14 | Genese 3:15 | Genese 3:16 | Genese 3:17 | Genese 3:18 | Genese 3:19 | Levitique 21:7 | Matthieu 16:18 | Matthieu 28:19 | Matthieu 5:31 | Matthieu 5:32 | Romains 9:14 | Romains 9:15 | Romains 9:17 | Romains 9:19 | Romains 9:21 | Romains 9:22;
65-0221M;VGR;Le mariage et le divorce;30;26;Actes 2:38 | Apocalypse 10:7 | Ezechiel 44:22 | Genese 3:1 | Genese 3:11 | Genese 3:13 | Genese 3:14 | Genese 3:15 | Genese 3:16 | Genese 3:17 | Genese 3:18 | Genese 3:19 | Genese 3:22 | Genese 3:6 | Levitique 21:7 | Matthieu 16:18 | Matthieu 28:19 | Matthieu 5:31 | Matthieu 5:32 | Romains 9:14 | Romains 9:15 | Romains 9:17 | Romains 9:19 | Romains 9:21 | Romains 9:22 | Romains 9:23;
65-0410;SKN;Le Sceau De Pâques;22;20;1 Thessaloniciens 4:16 | Apocalypse 1:17 | Apocalypse 1:18 | Galates 1:8 | Hebreux 13:8 | Jean 14:12 | Jean 5:24 | Matthieu 27:51 | Matthieu 27:53 | Matthieu 28:1 | Matthieu 28:10 | Matthieu 28:2 | Matthieu 28:3 | Matthieu 28:4 | Matthieu 28:5 | Matthieu 28:6 | Matthieu 28:7 | Matthieu 28:8 | Matthieu 28:9 | Romains 8:11;
65-0410;VGR;Le Sceau de Pâques;24;18;Apocalypse 1:17 | Apocalypse 1:18 | Galates 1:8 | Hebreux 13:8 | Jean 14:12 | Jean 5:24 | Matthieu 27:51 | Matthieu 28:1 | Matthieu 28:10 | Matthieu 28:2 | Matthieu 28:3 | Matthieu 28:4 | Matthieu 28:5 | Matthieu 28:6 | Matthieu 28:7 | Matthieu 28:8 | Matthieu 28:9 | Romains 8:11;
65-0418E;SKN;Dieu Change-t-il De Pensée Au Sujet De Sa Parole?;18;18;Ephesiens 4:30 | Luc 17:30 | Matthieu 28:19 | Nombres 22:18 | Nombres 22:22 | Nombres 22:23 | Nombres 22:24 | Nombres 22:25 | Nombres 22:26 | Nombres 22:27 | Nombres 22:28 | Nombres 22:29 | Nombres 22:31 | Nombres 22:32 | Nombres 22:34 | Nombres 22:35 | Nombres 22:6 | Nombres 22:8;
65-0418E;VGR;Arrive-t-il à Dieu de changer d'avis à propos de Sa Parole?;4;4;Ephesiens 4:30 | Luc 17:30 | Matthieu 28:19 | Nombres 22:31;
65-0418M;SKN;C'est Le Lever Du Soleil (La Puissance Vivifiante);27;19;Actes 10:49 | Actes 19:1 | Actes 19:4 | Apocalypse 1:14 | Apocalypse 1:17 | Apocalypse 1:18 | Hebreux 13:8 | Jean 14:12 | Jean 5:24 | Luc 17:30 | Marc 16:1 | Marc 16:2 | Marc 16:9 | Matthieu 27:51 | Matthieu 28:18 | Matthieu 28:19 | Romains 8:1 | Romains 8:11 | actes 10:44;
65-0418M;VGR;C’est le lever du soleil;22;11;Actes 10:49 | Apocalypse 1:18 | Hebreux 13:8 | Jean 14:12 | Jean 5:24 | Luc 17:30 | Marc 16:1 | Matthieu 27:51 | Romains 8:1 | Romains 8:11 | actes 10:44;Apocalypse 1:14 | Apocalypse 1:16 | Apocalypse 1:20
65-0425;VGR;Le lieu d’adoration que Dieu a donné;13;13;Deuteronome 16:11 | Ephesiens 1:21 | Ephesiens 4:30 | Hebreux 13:8 | Jean 14:12 | Jean 5:43 | Marc 16:15 | Marc 16:17 | Matthieu 1:23 | Matthieu 27:52 | Matthieu 27:53 | Romains 8:1 | Romains 8:11;
65-0425;SKN;Le Lieu D'adoration Auquel Dieu A Pourvu;12;12;Ephesiens 1:21 | Ephesiens 4:30 | Hebreux 13:8 | Jean 14:12 | Jean 5:43 | Luc 17:30 | Marc 16:17 | Matthieu 1:23 | Matthieu 27:52 | Matthieu 27:53 | Romains 8:1 | Romains 8:11;
65-0426;SKN;Dieu Confirmant Sa Parole;5;5;Hebreux 13:8 | Hebreux 4:12 | Jean 3:16 | Marc 11:22 | Matthieu 11:10;
65-0426;VGR;Prouvant Sa Parole;7;7;Hebreux 13:8 | Hebreux 4:12 | Jean 14:12 | Jean 3:16 | Luc 17:30 | Marc 11:22 | Matthieu 11:10;
65-0427;SKN;Dieu change-t-il sa pensée au sujet de sa parole ?;2;2;Jean 14:12 | Marc 16:17;
65-0427;VGR;Dieu change-t-Il d’avis?;2;2;Jean 14:12 | Marc 16:17;
65-0429B;SKN;La Semence n'hérite pas avec la balle;10;9;Esaie 9:6 | Galates 4:27 | Galates 4:28 | Galates 4:29 | Galates 4:30 | Galates 4:31 | Jean 5:24 | Luc 17:30 | Matthieu 1:18;
65-0429B;VGR;La semence n’héritera pas avec la balle;11;10;Apocalypse 17:12 | Esaie 9:6 | Galates 4:27 | Galates 4:28 | Galates 4:29 | Galates 4:30 | Galates 4:31 | Jean 5:24 | Luc 17:30 | Matthieu 1:18;
65-0429E;SKN;Le Choix D'Une Épouse;25;25;Apocalypse 17:1 | Apocalypse 17:12 | Apocalypse 17:13 | Apocalypse 17:15 | Apocalypse 17:16 | Apocalypse 17:17 | Apocalypse 17:3 | Apocalypse 17:4 | Apocalypse 17:7 | Apocalypse 17:8 | Apocalypse 17:9 | Apocalypse 3:1 | Apocalypse 3:11 | Apocalypse 3:12 | Apocalypse 3:14 | Apocalypse 3:15 | Apocalypse 3:17 | Apocalypse 3:18 | Apocalypse 3:2 | Apocalypse 3:20 | Apocalypse 3:3 | Apocalypse 3:8 | Apocalypse 3:9 | Esaie 53:2 | Hebreux 13:8;
65-0429E;VGR;Le choix d’une Épouse;2;2;Esaie 53:2 | Hebreux 13:8;
65-0711;SKN;Honteux de Lui;3;3;Actes 2:38 | Genese 24:7 | Luc 24:49;
65-0711;VGR;Honteux;3;3;Actes 2:38 | Genese 24:7 | Luc 24:49;
65-0718E;VGR;La Nourriture spirituelle au temps convenable;5;5;Amos 3:7 | Jean 14:12 | Joel 2:38 | Luc 17:30 | actes 2:38;
65-0718E;SKN;La Nourriture Spirituelle Au Temps Convenable;5;5;Jean 14:12 | Joel 2:38 | Luc 17:30 | Malachie 4:5 | actes 2:38;
65-0718M;SKN;Rendre Un Service À Dieu En Dehors De Sa Volonté;26;21;1 Chroniques 13:6 | Actes 20:24 | Amos 3:7 | Apocalypse 10:6 | Apocalypse 10:7 | Deuteronome 4:1 | Deuteronome 4:10 | Deuteronome 4:26 | Deuteronome 4:3 | Deuteronome 4:34 | Deuteronome 4:36 | Deuteronome 4:40 | Deuteronome 4:5 | Deuteronome 4:9 | Joel 2:28 | Luc 17:30 | Luc 7:7 | Malachie 4:1 | Malachie 4:3 | Malachie 4:4 | Marc 7:7;
65-0718M;VGR;Essayer de rendre un service à Dieu sans que cela soit la volonté de Dieu;30;27;Amos 3:7 | Apocalypse 10:6 | Apocalypse 10:7 | Deuteronome 4:1 | Deuteronome 4:10 | Deuteronome 4:12 | Deuteronome 4:15 | Deuteronome 4:19 | Deuteronome 4:2 | Deuteronome 4:23 | Deuteronome 4:25 | Deuteronome 4:26 | Deuteronome 4:3 | Deuteronome 4:31 | Deuteronome 4:34 | Deuteronome 4:36 | Deuteronome 4:4 | Deuteronome 4:40 | Deuteronome 4:5 | Deuteronome 4:9 | Joel 2:28 | Luc 17:30 | Luc 7:7 | Malachie 4:1 | Malachie 4:4 | Malachie 4:5 | Marc 7:7;
65-0725E;SKN;Quelle Est L’attraction Sur La Montagne?;45;43;Apocalypse 10:1 | Apocalypse 16:9 | Apocalypse 1:15 | Apocalypse 1:16 | Apocalypse 1:17 | Apocalypse 1:20 | Esaie 29:6 | Esaie 40:3 | Esaie 40:9 | Jean 14:12 | Luc 17:22 | Luc 17:30 | Malachie 3:1 | Malachie 3:5 | Malachie 4:5 | Malachie 4:6 | Matthieu 21:1 | Matthieu 21:10 | Matthieu 21:11 | Matthieu 21:2 | Matthieu 21:3 | Matthieu 21:4 | Matthieu 21:5 | Matthieu 21:6 | Matthieu 21:7 | Matthieu 21:8 | Matthieu 21:9 | Matthieu 24:24 | Psaumes 22:16 | Zacharie 14:10 | Zacharie 14:14 | Zacharie 14:16 | Zacharie 14:17 | Zacharie 14:18 | Zacharie 14:2 | Zacharie 14:21 | Zacharie 14:4 | Zacharie 14:5 | Zacharie 14:7 | Zacharie 14:8 | Zacharie 14:9 | Zacharie 9:10 | Zacharie 9:9;
65-0725E;VGR;Quelle est l’attraction sur la montagne?;36;34;Apocalypse 1:15 | Apocalypse 1:16 | Apocalypse 1:17 | Apocalypse 1:20 | Esaie 40:3 | Esaie 40:9 | Jean 14:12 | Luc 17:22 | Luc 17:30 | Malachie 3:1 | Malachie 3:17 | Malachie 4:5 | Malachie 4:6 | Matthieu 21:1 | Psaumes 22:1 | Psaumes 22:16 | Zacharie 14:10 | Zacharie 14:12 | Zacharie 14:13 | Zacharie 14:14 | Zacharie 14:16 | Zacharie 14:17 | Zacharie 14:18 | Zacharie 14:2 | Zacharie 14:21 | Zacharie 14:4 | Zacharie 14:5 | Zacharie 14:7 | Zacharie 14:8 | Zacharie 14:9 | Zacharie 9:10 | Zacharie 9:13 | Zacharie 9:5 | Zacharie 9:9;
65-0725M;SKN;Les Oints Du Temps De La Fin;50;23;Actes 19:4 | Apocalypse 10:1 | Apocalypse 10:7 | Apocalypse 16:13 | Ephesiens 5:1 | Hebreux 6:1 | Hebreux 6:2 | Hebreux 6:4 | Hebreux 6:6 | Hebreux 6:7 | Hebreux 6:8 | Jean 14:12 | Jean 5:39 | Luc 17:30 | Luc 18:2 | Luc 18:5 | Luc 18:7 | Luc 18:8 | Matthieu 24:11 | Matthieu 24:24 | Matthieu 24:28 | Matthieu 5:24 | Matthieu 7:21;
65-0725M;VGR;Les oints du temps de la fin;45;21;Apocalypse 10:1 | Apocalypse 10:7 | Apocalypse 16:13 | Ephesiens 5:1 | Hebreux 6:1 | Hebreux 6:2 | Hebreux 6:4 | Hebreux 6:6 | Hebreux 6:7 | Hebreux 6:8 | Jean 14:12 | Luc 17:30 | Luc 18:2 | Luc 18:5 | Luc 18:7 | Luc 18:8 | Matthieu 24:11 | Matthieu 24:24 | Matthieu 24:28 | Matthieu 5:24 | Matthieu 7:21;
65-0801E;SKN;Les Événements Rendus Clairs Par La Prophétie;28;23;Apocalypse 1:1 | Esaie 40:3 | Esaie 50:6 | Esaie 53:12 | Esaie 53:7 | Esaie 53:9 | Esaie 9:6 | Genese 22:3 | Genese 22:6 | Genese 22:7 | Hebreux 13:8 | Hebreux 1:1 | Jean 15:15 | Malachie 3:1 | Psaumes 16:10 | Psaumes 22:1 | Psaumes 22:18 | Psaumes 22:7 | Psaumes 35:11 | Psaumes 41:9 | Romains 8:3 | Zacharie 11:12 | Zacharie 13:7;
65-0801E;VGR;Les événements rendus clairs par la prophétie;26;21;Apocalypse 1:1 | Esaie 40:3 | Esaie 50:6 | Esaie 53:12 | Esaie 53:7 | Esaie 53:9 | Esaie 9:6 | Hebreux 13:8 | Hebreux 1:1 | Jean 15:15 | Luc 17:7 | Malachie 3:1 | Psaumes 16:10 | Psaumes 22:1 | Psaumes 22:18 | Psaumes 22:7 | Psaumes 35:11 | Psaumes 41:9 | Romains 8:3 | Zacharie 11:12 | Zacharie 13:7;
65-0801M;SKN;Le Dieu De Cet Âge Mauvais;39;37;Actes 10:49 | Apocalypse 13:4 | Apocalypse 13:6 | Apocalypse 18:1 | Apocalypse 18:2 | Apocalypse 18:23 | Apocalypse 18:3 | Apocalypse 18:4 | Apocalypse 3:14 | Ephesiens 2:1 | Ephesiens 2:2 | Ephesiens 4:30 | Esaie 14:12 | Esaie 14:13 | Galates 1:1 | Galates 1:2 | Galates 1:3 | Galates 1:4 | Hebreux 13:8 | Hebreux 7:5 | Hebreux 7:9 | Jean 14:12 | Jean 3:10 | Luc 17:30 | Matthieu 24:24 | Matthieu 27:15 | Matthieu 27:16 | Matthieu 27:17 | Matthieu 27:18 | Matthieu 27:19 | Matthieu 27:20 | Matthieu 27:21 | Matthieu 27:22 | Matthieu 27:23 | Matthieu 5:28 | Proverbes 3:5 | actes 10:44;
65-0801M;VGR;Le dieu de cet âge mauvais;33;28;Actes 10:49 | Apocalypse 13:4 | Apocalypse 13:6 | Apocalypse 18:1 | Apocalypse 18:2 | Apocalypse 18:23 | Apocalypse 18:3 | Apocalypse 18:4 | Apocalypse 3:14 | Ephesiens 2:1 | Ephesiens 2:2 | Ephesiens 4:30 | Esaie 14:12 | Esaie 14:13 | Galates 1:1 | Hebreux 13:8 | Hebreux 7:1 | Hebreux 7:5 | Jean 14:12 | Jean 3:10 | Jean 4:5 | Luc 17:30 | Malachie 4:0 | Matthieu 24:24 | Matthieu 27:15 | Matthieu 5:28 | Proverbes 3:5 | actes 10:44;
65-0815;SKN;Et Tu Ne Le Sais Pas;10;10;Apocalypse 3:1 | Apocalypse 3:14 | Apocalypse 3:15 | Apocalypse 3:16 | Apocalypse 3:17 | Apocalypse 3:18 | Apocalypse 3:19 | Apocalypse 3:5 | Apocalypse 3:7 | Colossiens 1:15;
65-0815;VGR;Et tu ne le sais pas;12;12;Apocalypse 3:1 | Apocalypse 3:14 | Apocalypse 3:15 | Apocalypse 3:16 | Apocalypse 3:17 | Apocalypse 3:18 | Apocalypse 3:19 | Apocalypse 3:2 | Apocalypse 3:5 | Apocalypse 3:7 | Apocalypse 3:8 | Colossiens 1:15;
65-0822E;SKN;Le Filtre D'un Homme Qui Réfléchit;4;4;Apocalypse 1:14 | Ephesiens 5:26 | Matthieu 24:24 | Nombres 19:9;
65-0822E;VGR;Le Filtre d’un homme qui réfléchit;7;5;Apocalypse 1:12 | Apocalypse 1:14 | Ephesiens 5:26 | Matthieu 24:24 | Nombres 19:9;
65-0822M;SKN;Christ Est Révélé Dans Sa Propre Parole;28;17;Apocalypse 10:1 | Apocalypse 1:1 | Apocalypse 22:18 | Esaie 53:1 | Esaie 53:5 | Galates 1:8 | Hebreux 13:8 | Hebreux 1:1 | Hebreux 4:12 | Jean 14:12 | Jean 15:24 | Jean 1:1 | Jean 1:14 | Jeremie 1:6 | Luc 17:30 | Malachie 4:5 | Malachie 4:6;
65-0822M;VGR;Christ est révélé dans Sa propre Parole;27;16;Apocalypse 10:1 | Apocalypse 1:1 | Apocalypse 22:18 | Esaie 53:1 | Esaie 53:5 | Galates 1:8 | Hebreux 1:1 | Hebreux 4:12 | Jean 14:12 | Jean 15:24 | Jean 1:1 | Jean 1:14 | Jeremie 1:6 | Luc 17:30 | Malachie 4:5 | Malachie 4:6;
65-0829;SKN;L'Eden De Satan;10;8;Apocalypse 21:1 | Apocalypse 21:2 | Esaie 14:12 | Esaie 14:13 | Esaie 14:14 | Marc 16:17 | Marc 16:18 | Matthieu 24:24;Apocalypse 3:14
65-0829;VGR;L’Éden de Satan;11;10;Apocalypse 21:1 | Apocalypse 21:10 | Apocalypse 21:2 | Apocalypse 3:14 | Esaie 14:12 | Esaie 14:13 | Esaie 14:14 | Marc 16:17 | Marc 16:18 | Matthieu 24:24;
65-0911;SKN;La Puissance de Dieu pour la transformation;22;20;Apocalypse 3:18 | Ephesiens 1:5 | Ephesiens 5:26 | Esaie 14:12 | Esaie 14:13 | Esaie 9:6 | Genese 1:11 | Genese 1:12 | Genese 1:2 | Genese 1:26 | Genese 1:29 | Genese 1:30 | Genese 4:1 | Genese 4:17 | Genese 4:25 | Genese 4:6 | Hebreux 10:26 | Matthieu 24:24 | Psaumes 14:1 | Psaumes 16:10;
65-0911;VGR;La puissance de Dieu pour transformer;22;18;Ephesiens 1:5 | Ephesiens 5:26 | Esaie 14:12 | Esaie 14:13 | Esaie 9:6 | Genese 1:2 | Genese 1:21 | Genese 1:27 | Genese 4:1 | Genese 4:13 | Genese 4:17 | Genese 4:25 | Genese 4:3 | Genese 4:6 | Hebreux 10:26 | Matthieu 24:24 | Psaumes 14:1 | Psaumes 16:10;
65-0919;SKN;La Soif;11;9;Apocalypse 22:19 | Hebreux 13:8 | Jean 6:33 | Marc 16:17 | Marc 16:18 | Matthieu 24:24 | Psaumes 42:2 | Psaumes 42:7 | Romains 7:21;
65-0919;VGR;Soif;13;10;Apocalypse 22:19 | Hebreux 13:8 | Jean 6:33 | Marc 16:17 | Marc 16:18 | Matthieu 24:24 | Psaumes 42:1 | Psaumes 42:2 | Psaumes 42:7 | Romains 7:21;
65-1031M;SKN;La Puissance De Transformation;26;23;Apocalypse 3:17 | Apocalypse 3:18 | Ephesiens 1:5 | Ephesiens 5:26 | Esaie 14:12 | Esaie 9:6 | Genese 1:11 | Genese 1:12 | Genese 1:27 | Genese 4:1 | Genese 4:15 | Genese 4:16 | Genese 4:17 | Genese 4:20 | Genese 4:21 | Genese 4:22 | Genese 4:23 | Genese 4:24 | Genese 4:25 | Genese 4:6 | Hebreux 10:26 | Matthieu 24:24 | Psaumes 14:1;
65-1031M;VGR;La puissance de transformation;30;27;Apocalypse 3:15 | Apocalypse 3:17 | Apocalypse 3:18 | Apocalypse 3:2 | Ephesiens 1:5 | Ephesiens 5:26 | Esaie 14:12 | Esaie 9:6 | Genese 1:11 | Genese 1:12 | Genese 1:27 | Genese 4:1 | Genese 4:15 | Genese 4:16 | Genese 4:17 | Genese 4:18 | Genese 4:19 | Genese 4:20 | Genese 4:21 | Genese 4:22 | Genese 4:23 | Genese 4:24 | Genese 4:25 | Genese 4:6 | Hebreux 10:26 | Matthieu 24:24 | Psaumes 14:1;
65-1125;SKN;L'Union Invisible De L'Epouse De Christ;24;20;1 Jean 2:15 | Actes 2:38 | Apocalypse 10:7 | Apocalypse 17:1 | Apocalypse 3:14 | Genese 4:16 | Jean 14:12 | Joel 2:38 | Luc 17:30 | Luc 23:27 | Marc 16:17 | Matthieu 24:24 | Romains 5:1 | Romains 7:1 | Romains 7:2 | Romains 7:3 | Romains 7:4 | Romains 7:5 | Romains 7:6 | joel 2:26;
65-1125;VGR;L’union invisible de l’Épouse de Christ;25;20;Actes 2:38 | Apocalypse 10:7 | Daniel 5:12 | Genese 4:16 | Jean 14:12 | Jean 2:15 | Joel 2:38 | Luc 17:30 | Luc 23:27 | Marc 16:15 | Marc 16:17 | Matthieu 24:24 | Romains 5:1 | Romains 7:1 | Romains 7:2 | Romains 7:3 | Romains 7:4 | Romains 7:5 | Romains 7:6 | actes 2:38;
65-1126;SKN;Les Oeuvres Sont L'expression De La Foi;33;29;Actes 2:17 | Amos 3:7 | Apocalypse 10:7 | Ephesiens 1:1 | Ephesiens 1:2 | Ephesiens 1:3 | Ephesiens 1:4 | Ephesiens 1:5 | Genese 22:1 | Genese 2:9 | Jean 1:26 | Jean 6:44 | Jean 6:45 | Jean 6:46 | Joel 2:28 | Luc 17:30 | Romains 4:14 | Romains 4:15 | Romains 4:17 | Romains 4:18 | Romains 4:20 | Romains 4:3 | Romains 8:28 | Romains 8:29 | Romains 8:30 | Romains 8:31 | Romains 8:32 | Romains 8:33 | Romains 8:34;
65-1126;VGR;Les œuvres sont la foi exprimée;35;34;Actes 2:17 | Amos 3:7 | Apocalypse 10:7 | Ephesiens 1:1 | Ephesiens 1:2 | Ephesiens 1:3 | Ephesiens 1:4 | Ephesiens 1:5 | Genese 22:1 | Genese 22:2 | Genese 22:3 | Genese 22:4 | Genese 22:5 | Genese 22:6 | Genese 22:7 | Genese 22:8 | Genese 22:9 | Genese 2:5 | Jean 1:26 | Jean 6:44 | Luc 17:30 | Romains 4:14 | Romains 4:15 | Romains 4:17 | Romains 4:18 | Romains 4:20 | Romains 4:3 | Romains 8:28 | Romains 8:29 | Romains 8:30 | Romains 8:31 | Romains 8:32 | Romains 8:33 | Romains 8:34;
65-1127B;SKN;Essayer De Rendre Un Service À Dieu, Sans Que Ce Soit La Volonté De Dieu;12;12;Amos 3:7 | Apocalypse 10:6 | Apocalypse 10:7 | Apocalypse 1:14 | Deuteronome 4:4 | Jean 15:4 | Jean 15:5 | Joel 2:28 | Luc 17:30 | Malachie 3:1 | Malachie 4:5 | Marc 7:7;
65-1127B;VGR;Essayer de rendre un service à Dieu, sans que ce soit la volonté de Dieu;14;14;Amos 3:7 | Apocalypse 10:5 | Apocalypse 10:6 | Apocalypse 10:7 | Apocalypse 10:8 | Apocalypse 1:14 | Deuteronome 4:4 | Jean 15:4 | Jean 15:5 | Joel 2:38 | Luc 17:30 | Malachie 3:1 | Marc 7:7 | actes 2:38;
65-1127E;SKN;J'ai Entendu, Mais Maintenant Je Vois;9;8;Amos 3:7 | Apocalypse 10:7 | Genese 17:1 | Job 14:13 | Job 14:14 | Job 14:5 | Luc 17:30 | Marc 11:23;
65-1127E;VGR;J’avais entendu, mais maintenant j’ai vu;10;8;Amos 3:7 | Apocalypse 10:3 | Apocalypse 10:7 | Esaie 53:5 | Job 14:13 | Luc 17:30 | Marc 11:23 | Marc 14:35;
65-1128E;SKN;Sur Les Ailes D'une Colombe Blanche Comme La Neige;22;14;Esaie 53:5 | Genese 15:9 | Genese 8:8 | Levitique 12:6 | Levitique 12:7 | Levitique 12:8 | Matthieu 3:16 | Psaumes 55:1 | Psaumes 55:2 | Psaumes 55:3 | Psaumes 55:4 | Psaumes 55:5 | Psaumes 55:6 | Psaumes 55:7;
65-1128E;VGR;Sur les ailes d’une colombe blanche comme la neige;20;13;Esaie 53:5 | Genese 15:9 | Genese 8:8 | Levitique 12:6 | Levitique 12:7 | Levitique 12:8 | Matthieu 3:16 | Psaumes 55:1 | Psaumes 55:2 | Psaumes 55:3 | Psaumes 55:5 | Psaumes 55:6 | Psaumes 55:7;
65-1128M;SKN;Le Seul Lieu D'Adoration Auquel Dieu A Pourvu;6;6;Ecclesiaste 12:13 | Ephesiens 1:21 | Ephesiens 4:30 | Jean 5:43 | Matthieu 1:23 | Romains 8:1;
65-1128M;VGR;Le seul lieu d’adoration que Dieu a donné;6;6;Ecclesiaste 12:13 | Ephesiens 1:21 | Ephesiens 4:30 | Jean 5:43 | Matthieu 1:23 | Romains 8:1;
65-1204;SKN;L'Enlèvement;28;25;Amos 3:7 | Apocalypse 10:7 | Apocalypse 11:11 | Apocalypse 3:17 | Genese 1:14 | Genese 1:15 | Genese 4:26 | Jean 11:38 | Jean 11:39 | Jean 11:40 | Jean 11:41 | Jean 11:42 | Jean 11:43 | Jean 11:44 | Jean 5:7 | Matthieu 16:17 | Matthieu 18:16 | Matthieu 24:22 | Matthieu 24:23 | Matthieu 24:24 | Matthieu 27:51 | Psaumes 25:4 | Psaumes 27:11 | Psaumes 27:2 | Psaumes 27:3;
65-1204;VGR;L’Enlèvement;27;23;Amos 3:7 | Apocalypse 10:7 | Apocalypse 3:17 | Genese 4:26 | Jean 11:38 | Jean 11:39 | Jean 11:40 | Jean 11:41 | Jean 11:42 | Jean 11:43 | Jean 11:44 | Jean 12:24 | Jean 5:7 | Luc 17:7 | Matthieu 16:17 | Matthieu 18:16 | Matthieu 24:22 | Matthieu 27:51 | Psaumes 22:1 | Psaumes 27:1 | Psaumes 27:2 | Psaumes 27:5 | Psaumes 27:6;
65-1205;SKN;Les Choses Qui Doivent Arriver;6;5;Apocalypse 22:18 | Apocalypse 22:6 | Hebreux 13:8 | Jean 14:1 | Matthieu 20:8;
65-1205;VGR;Les choses qui sont à venir;7;6;Apocalypse 22:16 | Apocalypse 22:18 | Hebreux 13:8 | Jean 14:2 | Jean 14:3 | Jean 14:5;
65-1206;SKN;Les Evénements modernes rendus clairs par la prophétie;32;27;Amos 3:7 | Apocalypse 10:7 | Deuteronome 18:15 | Esaie 35:7 | Esaie 40:3 | Esaie 50:6 | Esaie 53:12 | Esaie 53:9 | Esaie 7:14 | Esaie 9:6 | Hebreux 13:8 | Hebreux 1:1 | Jean 1:1 | Luc 17:30 | Malachie 4:3 | Matthieu 11:5 | Matthieu 11:7 | Matthieu 11:8 | Matthieu 24:24 | Psaumes 16:10 | Psaumes 22:18 | Psaumes 22:7 | Psaumes 35:11 | Psaumes 41:9 | Zacharie 11:12 | Zacharie 13:7 | Zacharie 14:7;
65-1206;VGR;Les événements modernes sont rendus clairs par la prophétie;34;29;Amos 3:7 | Apocalypse 10:7 | Deuteronome 18:15 | Esaie 35:7 | Esaie 40:3 | Esaie 50:6 | Esaie 53:12 | Esaie 53:9 | Esaie 7:14 | Esaie 9:6 | Hebreux 13:8 | Hebreux 1:1 | Jean 1:1 | Luc 17:30 | Malachie 3:1 | Matthieu 11:5 | Matthieu 11:7 | Matthieu 11:8 | Matthieu 24:24 | Psaumes 16:10 | Psaumes 22:1 | Psaumes 22:16 | Psaumes 22:18 | Psaumes 22:7 | Psaumes 35:11 | Psaumes 41:9 | Zacharie 11:12 | Zacharie 13:7 | Zacharie 14:7;
65-1207;SKN;Être conduit;28;28;Apocalypse 22:10 | Apocalypse 22:12 | Apocalypse 22:13 | Apocalypse 22:14 | Apocalypse 22:15 | Apocalypse 22:16 | Apocalypse 22:17 | Apocalypse 22:18 | Apocalypse 22:19 | Apocalypse 22:2 | Apocalypse 22:20 | Apocalypse 22:3 | Apocalypse 22:5 | Apocalypse 22:6 | Apocalypse 22:7 | Apocalypse 22:9 | Ezechiel 9:2 | Ezechiel 9:3 | Ezechiel 9:4 | Ezechiel 9:6 | Ezechiel 9:8 | Hebreux 11:23 | Hebreux 13:8 | Malachie 4:1 | Malachie 4:3 | Malachie 4:5 | Malachie 4:6 | Matthieu 24:24;
65-1207;VGR;Être conduit;4;4;Apocalypse 22:18 | Hebreux 11:23 | Hebreux 13:8 | Matthieu 24:24;
65-1212;SKN;La Communion;4;2;Esaie 28:8 | Galates 1:8;
65-1212;VGR;La communion;2;1;Galates 1:8;
