code;traduction;titre;nb_rattachements;nb_concept;passages_concept;lectures_ouverture
47-1123;SKN;Les Enfants d’Israël (Les enfants dans le désert);3;0;;Esther 14:0 | Jean 14:0 | Matthieu 24:24
48-0304;SKN;L'Ange De Dieu;1;1;Jean 5:19;
49-0718;SKN;Je N'ai Point Été Désobéissant À La Vision Céleste;1;1;Jean 5:0;
50-0100;SKN;Les Maladies et les Afflictions;1;1;Psaumes 103:0;
50-0100;VGR;Les maladies et les afflictions;1;1;Psaumes 103:0;
50-0115;SKN;Crois-Tu Cela?;1;0;;Jean 14:0
50-0200;SKN;Nous N’avons Point Ici-Bas De Cité Permanente;1;0;;Hebreux 13:10-14
50-0227;SKN;Dieu Dans Son Peuple;1;1;Jacques 5:14;
50-0405;SKN;Expectative;3;3;Jean 5:1 | Jean 5:19 | Marc 16:0;
50-0409;SKN;Service De Baptême;2;1;Marc 16:0;Esaie 40:0
50-0711;SKN;Le Ministère Expliqué;3;3;Hebreux 3:1 | Marc 16:0 | Matthieu 10:0;
50-0714;SKN;Sur Ta Parole;1;1;1 Jean 4:0;
50-0716;SKN;Crois-Tu Cela?;4;4;Actes 1:0 | Deuteronome 7:14 | Luc 24:49 | Marc 16:0;
50-0810;SKN;Expectative;1;0;;Marc 11:24
50-0815;SKN;L'Attitude Et Qui Est Dieu?;2;2;Jean 5:19 | Marc 16:0;
50-0818;SKN;Il En Sera Comme Il M’a Été Dit;2;2;Hebreux 11:10 | Jean 5:24;
50-0821;SKN;L’Ange Et La Commission;2;2;Jean 3:16 | Jean 5:0;
50-0822;SKN;La Foi Sans Les Œuvres Est Morte;3;3;Genese 22:0 | Genese 6:0 | Hebreux 3:1;
50-0823;SKN;Témoignage;1;1;1 Corinthiens 12:0;
50-0824;SKN;Et À Qui Le Bras De L'Éternel A-T-Il Été Révélé ?;1;0;;Esaie 53:0
50-0827E;SKN;Prends La Verge Et Convoque l’Assemblée;1;0;;1 Corinthiens 12:0
51-0414;SKN;L'Ange Et Les Trois Pulls;2;2;Hebreux 6:0 | Jean 5:0;
51-0415A;SKN;Histoire De Ma Vie;2;2;Job 7:27 | job 7:16;
51-0415E;SKN;L'Heure Est Venue;1;1;Jean 5:0;
51-0501;SKN;Exhortation Sur La Guérison Divine;2;2;Hebreux 11:2 | Hebreux 6:0;
51-0502;SKN;L'Ange de l’Éternel;3;3;Apocalypse 13:0 | Apocalypse 1:0 | Hebreux 12:0;
51-0503;SKN;Je Serai Avec Toi, Comme J’ai Été Avec Moïse;2;2;Esaie 53:0 | Hebreux 3:1;
51-0503;VGR;Comme J’ai été avec Moïse;2;2;Esaie 53:0 | Hebreux 3:1;
51-0505;SKN;Ma Commission;1;1;Jean 5:19;
51-0506E;SKN;Sur Ta Parole;1;1;Ephesiens 4:30;
51-0508;SKN;La Foi Est Une Ferme Assurance;4;4;Apocalypse 1:7 | Ephesiens 4:30 | Hebreux 11:1 | Jean 4:0;
51-0509;SKN;Témoignage;4;3;Actes 19:0 | Jean 14:0 | Jean 5:19;
51-0717;SKN;La Manifestation De l’Esprit;4;3;Hebreux 3:1 | Jean 5:0 | Jean 5:19;Exode 23:20
51-0718;SKN;L’Ange Du Seigneur;1;1;Exode 13:21;
51-0720;SKN;L’Ange De Dieu;2;2;Actes 19:0 | Marc 11:24;
51-0722A;SKN;Histoire De Ma Vie;3;2;1 Rois 13:0 | Matthieu 24:0;Hebreux 13:0
51-0722E;SKN;Le Second Miracle;2;1;Actes 19:0;Jean 4:46
51-0727;SKN;La Seule Vraie Église Vivante;10;8;Actes 19:0 | Hebreux 3:1 | Hebreux 8:13 | Jean 14:12 | Jean 5:0 | Marc 16:0 | Matthieu 24:0 | Psaumes 103:3;
51-0729A;SKN;La Résurrection De Lazare;1;1;Jean 4:0;
51-0729E;SKN;Le Second Miracle;4;4;Actes 19:0 | Esaie 53:0 | Hebreux 3:1 | Jean 4:46;
51-0923;SKN;Les Principes De La Guérison Divine;4;4;Actes 19:0 | Hebreux 3:0 | Jean 14:7 | Psaumes 103:3;
51-0923;VGR;Les principes de la guérison Divine;4;4;Actes 19:0 | Hebreux 3:0 | Jean 14:7 | Psaumes 103:3;
51-0929;SKN;Notre Espoir Repose En Dieu;3;3;Hebreux 13:8 | Jean 5:0 | Jean 5:19;
51-0930E;SKN;Expectative;1;1;Ephesiens 1:0;
52-0224;SKN;Croire En Dieu;7;4;Genese 22:0 | Marc 16:0 | Psaumes 103:3 | Romains 4:0;Genese 22:0
52-0224;VGR;Croire Dieu;7;4;Genese 22:0 | Marc 16:0 | Psaumes 103:3 | Romains 4:0;Genese 22:0
52-0713A;SKN;Les Premières Expériences Spirituelles;2;1;1 Corinthiens 15:0;Actes 19:0
52-0713E;SKN;Dieu Rend Témoignage À Ses Dons;4;3;Jean 14:12 | Jean 5:0 | Jean 5:19;
52-0715;SKN;La Foi Dans Le Fils De Dieu;4;4;Actes 5:0 | Jean 14:0 | Jean 5:24 | Jean 6:0;
52-0716;SKN;Tu Connais Toutes Choses;7;7;Actes 2:0 | Actes 2:22 | Ephesiens 4:30 | Hebreux 9:0 | Jean 16:30 | Jean 17:0 | Jean 5:19;
52-0717;SKN;Amène Les Gens À Croire;1;1;1 Corinthiens 12:0;
52-0718;SKN;C'Est Par Egard Pour Lui Seul;1;1;Job 42:0;
52-0720E;SKN;Qui A Cru À Ce Qui Nous Était Annoncé?;2;2;Jean 5:19 | Matthieu 8:0;
52-0725;SKN;La Foi (Un Rapport Sur Le Voyage En Afrique);1;1;Marc 11:24;
52-0726;SKN;Les Expériences;4;4;1 Corinthiens 15:0 | Actes 2:22 | Hebreux 13:8 | Jean 5:19;
52-0727;SKN;Être Conduit Par Le Saint-Esprit;1;1;Jean 5:19;
52-0809;SKN;La Profondeur Appelle La Profondeur;3;1;Psaumes 103:3;Hebreux 13:8 | Jean 14:12
52-0810A;SKN;Je Suis La Résurrection Et La Vie;4;3;Actes 2:30 | Actes 2:38 | Psaumes 72:0;
52-0810E;SKN;Jésus-Christ Est Le Même Hier, Aujourd’hui Et Éternellement;5;3;Jean 17:0 | Jean 5:0 | Matthieu 8:0;Hebreux 13:8 | Jean 16:0
52-0817E;SKN;Vous Croyez Maintenant?;6;3;Hebreux 11:2 | Hebreux 3:1 | Jean 5:0;Hebreux 13:8 | Jean 5:19
52-0900;SKN;La Voie De Dieu Qui A Eté Frayée Pour Nous;5;4;1 Corinthiens 12:0 | Actes 19:0 | Jean 11:0 | Marc 11:24;Esaie 35:0
52-0900;VGR;La voie de Dieu qui a été préparée pour nous;4;3;Actes 19:0 | Jean 11:0 | Marc 11:24;Esaie 35:0
52-1027;SKN;Jésus-Christ Est Le Même Hier, Aujourd’hui Et Éternellement;6;4;Jean 5:0 | Jean 5:19 | Jean 9:0 | Marc 11:24;
53-0215;SKN;Jésus-Christ est le même hier, aujourd'hui, et éternellement;2;0;;Hebreux 13:8 | Jean 5:19
53-0216;SKN;Mon Ange Marchera Devant Toi;1;1;Marc 11:24;
53-0216;VGR;Mon Ange marchera devant toi;1;1;Marc 11:24;
53-0219;SKN;Accepter Le Don De Dieu (Les Oeuvres Que Je Fais Rendent Témoignage);1;0;;Hebreux 3:1
53-0325;SKN;Israël En Egypte;14;14;Ephesiens 1:0 | Ephesiens 4:30 | Galates 1:8 | Genese 15:7 | Genese 45:0 | Jean 17:17 | Job 7:37 | Jude 4:0 | Matthieu 10:0 | Matthieu 1:18 | Matthieu 24:0 | Romains 4:0 | Romains 9:0 | job 7:20;
53-0326;SKN;Israël À La Mer Rouge, 1è Partie;6;6;Apocalypse 17:0 | Jean 5:24 | Jean 6:0 | Matthieu 27:0 | Matthieu 6:9-13 | Romains 8:1;
53-0327;SKN;Israël A La Mer Rouge #2;7;7;Actes 10:49 | Ephesiens 4:30 | Ephesiens 6:12 | Esaie 28:0 | Exode 12:0 | Romains 8:1 | actes 10:44;
53-0328;SKN;Israël À Kadès-Barnéa (Israël Devant Le Serpent D’airain);5;5;Actes 19:0 | Ephesiens 4:30 | Jean 5:24 | Psaumes 103:3 | Romains 8:1;
53-0329;SKN;Israël dans sa patrie;5;4;Apocalypse 17:0 | Exode 17:0 | Genese 3:14 | Josue 1:0;
53-0403;SKN;La Cruauté Du Péché Et La Peine Que Cela A Coutée Pour Delivrer Nos Vies Du Péché;2;2;Esaie 53:0 | Genese 1:0;
53-0403;VGR;La cruauté du péché, et la peine qu’il en a coûté pour éliminer le péché de notre vie;2;2;Esaie 53:0 | Genese 1:0;
53-0405S;SKN;Allez Dire À Mes Disciples;1;1;Job 14:0;
53-0506;SKN;Jésus-Christ Est Le Même Hier, Aujourd’hui Et Eternellement;6;4;Hebreux 13:8 | Hebreux 3:0 | Jean 5:0 | Jean 5:19;Jean 4:0
53-0507;SKN;Expectative;4;4;Esaie 9:0 | Jean 5:19 | Marc 11:24 | Matthieu 27:0;
53-0508;SKN;Dieu Commissionnant Moïse;1;1;Jean 5:19;
53-0509;SKN;La Colonne de Feu;2;2;Genese 1:0 | Genese 2:0;
53-0511;SKN;Nous L’avons Trouvé, Viens Et Vois;2;2;Hebreux 3:1 | Jean 5:19;
53-0512;SKN;Parle À Ce Rocher;5;4;Jean 14:0 | Jean 5:0 | Jean 5:24 | Jean 6:0;Romains 9:0
53-0513;SKN;La Voie À Laquelle Dieu A Pourvue;13;8;Apocalypse 1:0 | Hebreux 13:12 | Jean 14:12 | Jean 4:0 | Marc 11:0 | Marc 11:24 | Marc 16:0 | Matthieu 8:0;
53-0531;SKN;À La Recherche De Jésus;7;5;Actes 19:0 | Jean 12:0 | Jean 14:12 | Jean 5:0 | Jean 5:19;Hebreux 13:8
53-0601;SKN;Faîtes Ce Qu’il Vous Dira;1;0;;Hebreux 3:1
53-0602;SKN;L’autorité de la Parole;1;0;;Jeremie 1:4
53-0603;VGR;Dieu a commissionné Moïse;2;2;Exode 23:20-22 | Jean 5:19;
53-0603;SKN;Dieu Commissionnant Moïse;1;1;Jean 5:19;
53-0604;SKN;L’Ange Du Seigneur;5;2;Exode 13:21 | Hebreux 11:2;Actes 19:0 | Ephesiens 4:30
53-0605;SKN;Le Début De La Renommée De Jésus;1;1;Jean 5:19;
53-0606;SKN;Une Bannière;8;8;Genese 22:0 | Hebreux 13:8 | Jean 19:0 | Jean 5:0 | Jean 5:19 | Matthieu 27:0 | Matthieu 2:0 | Matthieu 8:0;
53-0607E;SKN;Un Témoignage;2;0;;Esaie 35:0 | Hebreux 11:2
53-0608A;SKN;Démonologie, domaine physique;3;2;Actes 19:0 | Jean 5:7;Psaumes 103:1
53-0608A;VGR;Démonologie, Domaine physique;3;2;Actes 19:0 | Jean 5:7;Psaumes 103:1
53-0608E;SKN;Sur Ta Parole;2;2;Marc 16:0 | Romains 4:0;
53-0609A;SKN;Démonologie, domaine religieux;2;2;Hebreux 6:0 | Matthieu 27:0;
53-0609A;VGR;Démonologie, Domaine religieux;2;2;Hebreux 6:0 | Matthieu 27:0;
53-0611;SKN;Montre-Nous Le Père Et Cela Nous Suffit;7;5;Apocalypse 1:0 | Genese 1:0 | Genese 1:28 | Marc 11:24 | Marc 16:0;
53-0612;SKN;Le Gazam, La Sauterelle, Le Jélek Et Le Hazil;4;0;;Jean 5:0 | Joel 1:0 | Marc 16:0 | Matthieu 24:0
53-0613;SKN;La Voie À Laquelle Dieu A Pourvue;2;0;;Actes 19:0 | Actes 1:8
53-0614;SKN;Je vois que Tu es Prophete;1;1;Hebreux 11:2;
53-0614A;SKN;Combattre Ardemment Pour La Foi Qui A Eté Transmise Aux Saints Une Fois Pour Toutes;1;1;Matthieu 10:0;
53-0729;SKN;Questions Et Réponses Sur La Genèse;37;19;Actes 19:0 | Apocalypse 11:0 | Ephesiens 1:0 | Ephesiens 4:30 | Esaie 28:0 | Galates 1:8 | Genese 1:0 | Genese 1:26 | Genese 2:0 | Genese 2:18-21 | Genese 2:7 | Hebreux 4:0 | Hebreux 9:0 | Jean 17:17 | Jean 1:0 | Jean 5:7 | Matthieu 10:0 | Matthieu 24:0 | Matthieu 24:29;Genese 1:26 | Genese 2:7
53-0729;VGR;Questions et réponses sur la Genèse;58;42;Actes 19:0 | Apocalypse 11:0 | Ephesiens 1:0 | Ephesiens 4:30 | Esaie 28:0 | Galates 1:8 | Genese 11:0 | Genese 13:0 | Genese 15:0 | Genese 17:0 | Genese 19:0 | Genese 1:0 | Genese 1:26 | Genese 21:0 | Genese 23:0 | Genese 25:0 | Genese 29:0 | Genese 2:0 | Genese 2:18-21 | Genese 2:7 | Genese 31:0 | Genese 33:0 | Genese 35:0 | Genese 37:0 | Genese 39:0 | Genese 3:0 | Genese 41:0 | Genese 43:0 | Genese 45:0 | Genese 5:0 | Genese 7:0 | Genese 9:0 | Hebreux 4:0 | Hebreux 9:0 | Jacques 5:14 | Jean 17:17 | Jean 1:0 | Jean 5:7 | Matthieu 10:0 | Matthieu 24:0 | Matthieu 24:29 | Zacharie 4:0;Genese 1:26 | Genese 2:7
53-0800;SKN;Le Prophète du  20e Siècle;1;1;Joel 2:28;
53-0829;SKN;Le Témoignage De Jésus-Christ;2;2;Jean 4:0 | Marc 11:24;
53-0902;SKN;Le Témoignage;1;1;Matthieu 10:0;
53-0903;SKN;L’Expectative;2;2;Jean 5:0 | Jean 5:19;
53-0905;SKN;La Foi Sans Les Oeuvres Est Morte;1;1;Jean 5:19;
53-0906A;SKN;Crois-Tu Cela?;1;1;Ephesiens 4:30;
53-0906E;SKN;Jésus-Christ, Le Vivant;1;1;Matthieu 10:0;
53-0907A;SKN;Seigneur, Montre-Nous Le Père, Et Cela Nous Suffit;6;4;Jean 14:0 | Job 14:0 | Marc 16:0 | Matthieu 11:27;
53-1104;SKN;La Profondeur Appelle La Profondeur;2;2;Actes 19:0 | Jeremie 1:4;
53-1106;SKN;Vous Croyez Maintenant?;3;3;Hebreux 13:8 | Jean 5:0 | Jean 5:19;
53-1109;SKN;Comment L’Ange Est Venu Vers Moi;4;3;Ephesiens 1:0 | Ephesiens 4:30 | Jean 19:0;Jean 5:28
53-1110;SKN;Je Restaurerai;2;2;Actes 2:24 | Romains 9:0;
53-1111;SKN;La Préparation;10;4;Hebreux 11:0 | Hebreux 3:1 | Marc 11:24 | Marc 16:0;Actes 1:8 | Actes 2:0 | Actes 2:8 | Exode 4:0
53-1112;SKN;La Démonologie;3;2;1 Jean 5:1 | Jean 7:5;Actes 2:0
53-1114;SKN;Compte Rendu Du Voyage En Afrique;4;3;1 Rois 13:0 | Genese 1:11 | Luc 11:24;
53-1115E;SKN;Un Plus Grand Témoignage;3;3;Actes 19:0 | Actes 2:24 | Jean 5:19;
53-1115M;SKN;Parle Au Rocher;2;2;Jean 3:16 | Marc 16:0;
53-1120;SKN;La Démonologie;4;3;Jean 5:0 | Jean 5:19 | Marc 16:0;
53-1121;SKN;Le Serpent D’Airain;4;3;Esaie 9:6 | Hebreux 13:8 | Jean 5:19;
53-1122;SKN;La Résurrection De Lazare;2;2;Jean 11:0 | Marc 16:0;
53-1129A;SKN;La Foi Qui A Eté Transmise Aux Saints Une Fois Pour Toutes;6;6;Actes 2:24 | Actes 2:4 | Apocalypse 1:0 | Jean 3:0 | Marc 16:0 | Marc 3:6;
53-1130;SKN;L'Eternel n'a-t-il parlé qu'à Moise ?;3;3;Jacques 5:14 | Jean 3:16 | Marc 16:0;
53-1201;SKN;La Voie À Laquelle Dieu A Pourvue;1;0;;Actes 19:0
53-1204;SKN;Sur Ta Parole;2;2;Jean 4:0 | Jean 5:19;
53-1205;SKN;La Résurrection;3;3;Actes 19:0 | Ephesiens 4:30 | Galates 1:8;
53-1206E;SKN;Vous Croyez Maintenant?;5;5;Jacques 5:0 | Jean 16:27 | Jean 1:0 | Jean 5:19 | Jean 5:24;
53-1213E;SKN;Les Exploits de la Foi;1;1;Jean 5:0;
54-0103E;SKN;Questions Et Réponses #2;7;7;2 Timothee 2:16 | Esaie 4:1 | Exode 4:24 | Genese 44:49 | Jean 17:17 | Matthieu 10:0 | genese 44:8;
54-0103E;VGR;Questions et réponses #2;6;6;Esaie 4:1 | Exode 4:24 | Genese 44:49 | Jean 17:17 | Matthieu 10:0 | genese 44:10;
54-0103M;SKN;Questions Et Réponses #1;14;13;Actes 10:49 | Actes 19:0 | Actes 19:5 | Actes 2:0 | Apocalypse 11:0 | Apocalypse 1:0 | Apocalypse 6:0 | Ephesiens 4:30 | Ezechiel 9:0 | Luc 21:24 | Marc 16:0 | Matthieu 2:0 | actes 10:48;
54-0103M;VGR;Questions et réponses #1;13;13;Actes 10:49 | Actes 19:0 | Actes 19:5 | Actes 2:0 | Apocalypse 1:0 | Apocalypse 6:0 | Ephesiens 4:30 | Esaie 5:24 | Ezechiel 9:0 | Luc 21:24 | Marc 16:0 | Matthieu 2:0 | actes 10:48;
54-0216;SKN;Jaïrus Et La Guérison Divine;1;1;Actes 19:0;
54-0217;SKN;Jésus Se Tenant Sur L’autorité De La Parole;1;1;Hebreux 13:8;
54-0220;SKN;L’Expectative;4;4;Apocalypse 12:0 | Apocalypse 17:0 | Apocalypse 2:0 | Jean 5:19;
54-0221;SKN;Sur Ta Parole, Seigneur;3;3;Jean 5:24 | Marc 11:24 | Psaumes 103:3;
54-0228A;SKN;L’Expectative;2;2;Jean 5:24 | Marc 11:24;
54-0228E;SKN;Chercher Jésus;9;6;Hebreux 13:8 | Jean 14:7 | Jean 5:19 | Luc 20:0 | Marc 16:0 | Psaumes 103:3;Hebreux 3:1
54-0301;SKN;L’Ange De L’Alliance;2;2;1 Corinthiens 12:0 | Jean 5:19;
54-0302;SKN;La Résurrection de la fille de Jaïrus;4;4;Hebreux 13:8 | Hebreux 3:1 | Jean 5:19 | Matthieu 14:28;
54-0303;SKN;Les Témoins;4;4;Actes 2:38 | Ephesiens 4:30 | Jean 9:0 | Marc 11:24;
54-0304;SKN;ELIE ET ELISEE;2;2;Hebreux 11:2 | Jean 3:16;
54-0305;SKN;LA VOIE POURVUE PAR DIEU POUR TRAITER LE PECHE;2;2;Ephesiens 4:30 | Jean 5:0;
54-0306;SKN;L’ALLIANCE INCONDITIONNELLE;1;1;Jean 5:19;
54-0307E;SKN;Vous Croyez Maintenant?;2;2;Jean 5:0 | Jean 5:19;
54-0314;SKN;Pourquoi Je Prie Pour Les Malades;9;8;Esaie 40:3 | Hebreux 13:8 | Jean 5:0 | Jean 5:19 | Jean 5:24 | Jeremie 1:4 | Marc 11:24 | Marc 16:0;
54-0320;SKN;LA FOI VIENT DE CE QU’ON ENTEND;3;3;Jean 5:0 | Jean 5:19 | Psaumes 103:3;
54-0329;SKN;LA REDEMPTION PAR LA PUISSANCE (LA REDEMPTION PAR LE SANG);2;2;Jean 5:24 | Jean 6:0;
54-0329;VGR;La rédemption par la puissance;2;2;Jean 5:24 | Jean 6:0;
54-0330;SKN;La Rédemption Dans Sa Totalité, Dans La Joie;1;1;Jean 3:16;
54-0330;VGR;La rédemption dans sa totalité, dans la joie;1;1;Jean 3:16;
54-0331;SKN;La Résurrection De La Fille De Jaïrus;2;1;Hebreux 13:8;Jean 5:19
54-0401;SKN;La Préparation De Dieu;1;1;Jean 5:19;
54-0402;SKN;Aveugle Bartimée;2;2;1 Timothee 3:16 | Actes 19:0;
54-0403;SKN;La Main De l’Éternel Fut Sur Élisée;4;4;Actes 2:38 | Jean 5:19 | Luc 2:0 | Marc 16:0;
54-0404E;SKN;Dieu A Une Voie À Laquelle Il A Pourvue;3;3;Apocalypse 1:0 | Jacques 5:14 | Jean 5:19;
54-0404E;VGR;Dieu a pourvu d’un moyen;3;3;Apocalypse 1:0 | Jacques 5:14 | Jean 5:19;
54-0404M;SKN;Combattre Ardemment Pour La Foi;3;3;Hebreux 13:0 | Hebreux 13:12 | Luc 24:49;
54-0411;SKN;Ta Foi T’a Sauvé;3;2;Jean 5:19 | Jean 5:33;
54-0509;SKN;Invasion des Etats-Unis;1;1;2 Chroniques 18:12;
54-0512;SKN;LES SEPT AGES DE L'EGLISE;4;4;Apocalypse 13:0 | Apocalypse 17:15 | Genese 1:26 | Genese 2:0;
54-0512;VGR;Les Sept Âges de l’Église;4;4;Apocalypse 13:0 | Apocalypse 17:15 | Genese 1:26 | Genese 2:0;
54-0513;SKN;La Marque De La Bête;5;3;Apocalypse 12:0 | Apocalypse 17:0 | Daniel 7:0;
54-0513;VGR;La marque de la bête;5;3;Apocalypse 12:0 | Apocalypse 17:0 | Daniel 7:0;
54-0514;SKN;LE SCEAU DE DIEU;10;8;Actes 2:0 | Apocalypse 12:0 | Apocalypse 7:0 | Ephesiens 4:30 | Ezechiel 9:0 | Hebreux 12:0 | Hebreux 13:8 | Jean 17:17;
54-0514;VGR;Le Sceau de Dieu;12;10;Actes 2:0 | Apocalypse 12:0 | Apocalypse 7:0 | Ephesiens 4:30 | Ezechiel 9:0 | Hebreux 12:0 | Hebreux 13:8 | Jean 17:17 | Matthieu 10:0 | Matthieu 24:24;
54-0515;SKN;QUESTIONS ET REPONSES (SUR L’IMAGE DE LA BETE);27;21;1 Corinthiens 15:29 | Actes 10:49 | Actes 19:5 | Actes 1:0 | Actes 1:8 | Actes 2:0 | Actes 2:38 | Actes 7:48 | Apocalypse 7:0 | Ephesiens 1:13 | Ephesiens 4:30 | Galates 1:8 | Galates 1:9 | Genese 2:0 | Hebreux 13:12 | Luc 24:49 | Matthieu 28:0 | Matthieu 28:19 | Romains 5:1 | actes 10:44 | actes 10:48;
54-0515;VGR;Questions et réponses;26;20;Actes 10:49 | Actes 19:5 | Actes 1:0 | Actes 1:8 | Actes 2:0 | Actes 2:38 | Actes 7:48 | Apocalypse 7:0 | Ephesiens 1:13 | Ephesiens 4:30 | Galates 1:8 | Galates 1:9 | Genese 2:0 | Hebreux 13:12 | Luc 24:49 | Matthieu 28:0 | Matthieu 28:19 | Romains 5:1 | actes 10:44 | actes 10:48;
54-0516;SKN;Questions Et Réponses;3;3;1 Jean 5:7 | Apocalypse 12:0 | Romains 8:1;
54-0516;VGR;Questions et réponses (la loi qui possède une ombre);3;3;Apocalypse 12:0 | Jean 5:7 | Romains 8:1;
54-0620;SKN;Je Restaurerai;2;2;Ephesiens 4:30 | Galates 1:8;
54-0620E;SKN;La Guérison Divine;6;5;Hebreux 10:0 | Hebreux 6:0 | Jean 5:19 | Jeremie 1:4 | Nombres 12:6;
54-0718A;SKN;Le Grand Réveil Imminent Et L’effusion Du Saint-Esprit;2;2;Apocalypse 17:17 | Matthieu 16:1;
54-0718E;SKN;Voir Jésus;4;3;Hebreux 10:47 | Jean 5:0 | hebreux 10:12;Hebreux 13:8
54-0719A;SKN;La Voie À Laquelle Dieu A Pourvue Pour La Guérison;3;0;;Ephesiens 4:30 | Galates 1:8 | Psaumes 103:1-3
54-0719E;SKN;Dieu A Pourvu À La Guérison Pour Cette Génération;2;2;2 Corinthiens 5:17 | Jean 5:19;
54-0720A;SKN;Le Fou De Gadara;3;2;Esaie 28:18 | Marc 11:0;Jean 14:0
54-0720E;SKN;C’est Moi, N’ayez Pas Peur!;1;1;Jean 5:19;
54-0723;SKN;LE PROPHETE ELISEE;1;1;Jean 5:19;
54-0724;SKN;Une Expérience Personnelle Avec Dieu;3;0;;Actes 1:8 | Hebreux 13:8 | Luc 24:49
54-0809A;SKN;JE RESTAURERAI;3;3;Actes 2:0 | Ephesiens 4:30 | Genese 1:0;
54-0809E;SKN;LA MANIFESTATION DE TA RESURRECTION AUX GENS D'AUJOURD'HUI;4;3;Hebreux 13:8 | Jean 5:19 | Marc 11:24;Jean 5:19
54-0811;SKN;Montre-Nous Le Père;2;2;Apocalypse 1:0 | Matthieu 27:0;
54-0813;SKN;Jésus-Christ Est Le Même Hier, Aujourd’hui, Et Éternellement;1;1;Hebreux 3:0;
54-0824;SKN;Jésus-Christ Est Le Même Hier, Aujourd’hui Et Eternellement;2;1;Jean 5:19;Hebreux 13:8
54-0825;SKN;Nous L'avons Trouvé (Jésus-Christ, Le Même Hier, Aujourdhui Et Éternellement);1;1;Jean 5:19;
54-0829A;SKN;Je Vous Restaurerai, Dit L’Éternel;3;1;Matthieu 16:0;1 Corinthiens 13:0 | Joel 1:0
54-0829E;SKN;Jésus-Christ Est Le Même Hier, Aujourd’hui Et Éternellement;1;1;Jean 5:19;
54-0900;SKN;Ayez Foi En Dieu;3;2;Jean 5:0 | Jean 5:19;Hebreux 11:2
54-1003E;SKN;L'Année De Jubilé;3;3;Apocalypse 13:0 | Ephesiens 4:30 | Romains 5:1;
54-1003M;SKN;La Parole Faite Chair;2;2;Jean 12:0 | Romains 8:1;
54-1003M;VGR;La Parole s’est faite chair (compte rendu du voyage en Inde);2;2;Jean 12:0 | Romains 8:1;
54-1024;SKN;Le Péché Impardonnable;4;4;Actes 2:0 | Ephesiens 4:30 | Genese 3:0 | Romains 8:1;
54-1024;VGR;Le péché impardonnable;4;4;Actes 2:0 | Ephesiens 4:30 | Genese 3:0 | Romains 8:1;
54-1114;SKN;La Rédemption Par Le Jugement;5;3;Hebreux 10:0 | Jean 3:0 | Nombres 21:0;Jean 3:0 | Psaumes 70:0
54-1114;VGR;La rédemption par le jugement;5;4;Hebreux 10:0 | Jean 3:0 | Nombres 21:0 | Psaumes 70:0;
54-1203;SKN;La Loi Qui Possède Une Ombre;2;2;Jean 5:24 | Psaumes 23:0;
54-1204;SKN;Dieu amène son église à la perfection;3;3;Ephesiens 4:30 | Jean 3:0 | Matthieu 27:0;
54-1205;SKN;Nous Voudrions Voir Jésus;3;0;;1 Corinthiens 13:0 | Hebreux 13:8 | Jean 5:0
54-1207;SKN;Sur Ta Parole, Seigneur, Je Jetterai Le Filet;6;4;Hebreux 13:1 | Hebreux 13:8 | Hebreux 4:14 | Jean 5:19;Actes 19:0
54-1212;SKN;Il Jura Par Lui-Même;4;4;Apocalypse 1:0 | Exode 19:0 | Jean 3:0 | Marc 16:0;
54-1212;VGR;Il jura par Lui-même;4;4;Apocalypse 1:0 | Exode 19:0 | Jean 3:0 | Marc 16:0;
54-1219E;SKN;Les Actes Du Saint-Esprit;3;3;1 Corinthiens 12:0 | Actes 2:38 | Jean 5:0;
54-1219E;VGR;Les actes du Saint-Esprit;3;3;Actes 2:38 | Jean 5:0 | Romains 8:1;
54-1219M;VGR;La guérison Divine;3;2;Hebreux 13:8 | Marc 16:0;
54-1219M;SKN;La Guérison Divine;2;1;Marc 16:0;
54-1231;SKN;La Vie Eternelle Et Comment La Recevoir;3;3;Actes 2:0 | Actes 2:38 | Jean 5:24;
55-0109E;SKN;Le Début Et La Fin De La Dispensation Des Gentils;3;2;Apocalypse 15:16 | apocalypse 15:1;Daniel 12:0
55-0109M;SKN;Melchisédek, le grand prince et roi;2;2;Hebreux 11:0 | Hebreux 12:1;
55-0109M;VGR;Melchisédek, le grand Prince et Roi;2;2;Hebreux 11:0 | Hebreux 12:1;
55-0113;SKN;LE FONDEMENT FONDAMENTAL POUR LA FOI;7;6;Hebreux 13:8 | Jean 14:12 | Jean 15:0 | Jean 5:19 | Matthieu 19:18 | Matthieu 28:18;Jean 14:12
55-0115;SKN;La Loi;6;6;Hebreux 10:14 | Hebreux 10:40 | Hebreux 3:0 | Jean 3:0 | Psaumes 23:0 | hebreux 10:26;
55-0116A;SKN;Notre position en Christ;2;2;Genese 1:0 | Jean 14:0;
55-0116E;SKN;Jésus-Christ Est Le Même Hier, Aujourd'hui Et Eternellement;3;2;Jean 5:19 | Marc 16:0;
55-0117;SKN;Comment L’ange Vint Vers Moi, Et Sa Commission;4;4;Actes 10:49 | Actes 2:38 | Actes 2:4 | actes 10:48;
55-0117;VGR;Comment l’Ange est venu à moi, et Sa commission;4;4;Actes 10:49 | Actes 2:38 | Actes 2:4 | actes 10:48;
55-0118;SKN;David, Le Vaillant Guerrier (Elu, Appelé, Oint Et Placé);1;1;Psaumes 47:0;
55-0119;SKN;Josué, ce vaillant guerrier;1;0;;Josue 3:0
55-0120;SKN;LES 7 NOMS COMPOSES DE JEHOVAH;9;6;Genese 22:0 | Genese 22:14 | Jean 5:19 | Psaumes 103:3 | Psaumes 46:0 | Psaumes 64:0;
55-0121;SKN;LES EAUX DE SEPARATION  (La mort apporte la vie);1;1;Romains 8:1;
55-0123A;SKN;L'Approche Vers Dieu (L'Approche Divine);3;0;;Psaumes 22:0 | Psaumes 65:0
55-0123E;SKN;Combattre  Ardemment Pour La Foi;2;1;Luc 24:49;Luc 16:16
55-0220A;SKN;La Seconde Venue;4;3;Jean 5:19 | Jean 5:24 | Marc 16:0;Matthieu 3:0
55-0220E;SKN;Combattre Pour La Foi;7;7;Hebreux 10:0 | Hebreux 13:0 | Hebreux 13:8 | Jean 5:0 | Jean 5:19 | Luc 16:16 | Psaumes 103:3;
55-0221;SKN;Christ;5;4;Ephesiens 5:26 | Hebreux 10:0 | Marc 16:0 | Romains 8:1;Nombres 19:0
55-0222;SKN;Jéhovah-Jiré;3;3;Genese 22:0 | Hebreux 13:8 | Jean 5:19;
55-0223;SKN;JOB, SERVITEUR DE DIEU;2;2;Hebreux 10:0 | Psaumes 23:0;
55-0224;SKN;L'EAU DU ROCHER;1;1;Ephesiens 4:30;
55-0227A;SKN;La Position D'un Croyant En Christ;2;2;Ephesiens 4:30 | Romains 8:1;
55-0227E;SKN;La  Guérison De La Fille De Jaïrus;2;2;Jean 11:0 | Jean 5:0;
55-0228;SKN;La Séparation D’avec L’Incrédulité;2;2;Jean 5:0 | Marc 16:0;
55-0302;SKN;Le  Rideau Du Temps;2;2;Actes 2:0 | Amos 8:11;
55-0311;SKN;Le Sceau De L'Antichrist (La Marque De L'Antichrist);3;3;1 Jean 4:3 | Matthieu 11:0 | Matthieu 24:0;
55-0312;SKN;La Marque De Christ;4;3;Ephesiens 4:30 | Hebreux 10:0 | Jean 5:24;Hebreux 10:0
55-0400;SKN;L’Aveugle Bartimée;1;1;Jean 4:0;
55-0403;SKN;La Communion Par La Rédemption;2;2;Hebreux 9:0 | Jean 14:0;
55-0403;VGR;La communion par la rédemption;2;2;Hebreux 9:0 | Jean 14:0;
55-0410M;SKN;LA PREUVE DE SA RESURRECTION;3;3;Esaie 61:0 | Galates 1:8 | Jean 21:0;
55-0410M;VGR;La preuve de Sa résurrection;3;3;Esaie 61:0 | Galates 1:8 | Jean 21:0;
55-0410S;SKN;Mon Rédempteur Est Vivant;1;1;Genese 22:0;
55-0501A;SKN;La Communion;1;1;Jean 14:0;
55-0501A;VGR;En communion;1;1;Jean 14:0;
55-0501E;SKN;La Foi Transmise Aux Saints Une Fois Pour Toutes;2;2;Galates 1:8 | Luc 16:16;
55-0522;SKN;L'Arche, Un Type De Christ;2;2;Ephesiens 4:30 | Genese 49:0;
55-0522;VGR;L’Arche;2;2;Ephesiens 4:30 | Genese 49:0;
55-0603;SKN;Jésus-Christ Est Le Même Hier, Aujourd’hui Et Eternellement;4;2;Jean 5:0 | Jean 5:19;Hebreux 13:8 | Hebreux 3:0
55-0604;SKN;Jaïrus, Le Croyant En Secret;1;1;Jean 5:19;
55-0605;SKN;La Communion Par La Réconciliation Du Sang;2;2;Hebreux 10:0 | Job 14:0;
55-0606;SKN;LES EAUX DE SEPARATION;1;1;Ephesiens 4:30;
55-0607;SKN;La  Vraie Vigne Et La Fausse Vigne;1;1;Jean 5:19;
55-0608;SKN;Abraham;3;2;Hebreux 13:8 | Romains 4:0;Genese 22:7
55-0609;SKN;UN TEMOIGNAGE PLUS GRAND QUE CELUI DE JEAN;1;1;Jean 5:24;
55-0611;SKN;Qu'y a-t-il Dans Ta Main?;7;4;Esaie 53:5 | Jean 5:19 | Jeremie 1:4 | Marc 16:0;
55-0611;VGR;Qu’y a-t-il dans ta main?;5;3;Jean 5:19 | Jeremie 1:4 | Marc 16:0;
55-0612;SKN;La Présence Du Seigneur Jésus;3;2;Jean 5:0 | Jean 5:19;Actes 19:0
55-0620;SKN;Combattre Pour La Foi;3;3;Actes 10:0 | Jean 5:0 | Jean 5:19;
55-0621;SKN;Le Noble Romain;3;2;Marc 16:0 | Marc 5:19;Matthieu 8:5-10
55-0624;SKN;Abraham;2;1;Jean 5:0;Genese 22:0
55-0625;SKN;Montre-Nous Le Père, Et Cela Nous Suffit;6;5;Actes 2:0 | Jean 11:0 | Jean 1:0 | Jean 5:0 | Jean 5:19;Jean 14:1
55-0626A;SKN;L'Histoire De Ma Vie;1;0;;Hebreux 13:10
55-0626E;SKN;Je Restaurerai;4;3;Marc 16:0 | Matthieu 10:0 | Matthieu 12:39;Joel 2:0
55-0731;SKN;Le Son Confus;2;2;Actes 2:38 | Psaumes 1:0;
55-0806;SKN;JESUS-CHRIST EST LE MEME HIER, AUJOURD'HUI ET ETERNELLEMENT;9;8;Actes 10:49 | Actes 2:0 | Jean 14:7 | Jean 5:0 | Jean 5:19 | Luc 2:0 | Marc 16:0 | actes 10:48;Hebreux 13:8
55-0807A;SKN;L'ORGUEIL  (Jésus mal accueilli);1;1;Psaumes 2:0;
55-0807E;SKN;La Conduite De L’Esprit De Dieu;5;3;Esther 6:0 | Jean 5:0 | Jean 5:19;Luc 2:0 | Romains 8:0
55-0813;SKN;La Communion Fraternelle;1;1;Jean 11:0;
55-0815;SKN;Combattre Ardemment;4;3;Actes 2:0 | Jean 5:0 | Jean 5:19;
55-0817;SKN;Jehovah Jiré;1;1;Genese 22:14;
55-0818;SKN;L'Aveugle Bartimée;1;1;Jean 5:19;
55-0819;SKN;Conduit Par Le Saint-Esprit;4;2;Jean 4:0 | Jean 5:0;Luc 2:0 | Luc 2:25-30
55-0826;SKN;William Branham Prêche;1;0;;Jean 11:0
55-0828A;SKN;Christ N’Est Pas Le Bienvenu;1;0;;Luc 7:36
55-0828A;VGR;Le Christ sans bienvenue;1;0;;Luc 7:36-50
55-0828E;SKN;Monsieur, Nous Voudrions Voir Jésus;1;1;Jean 12:0;
55-0828E;VGR;Monsieur, nous voudrions voir Jésus;1;1;Jean 12:0;
55-0911;SKN;Christ N’est Pas Le Bienvenu;1;1;Luc 7:36;
55-0911;VGR;Le Christ sans bienvenue;1;1;Luc 7:36;
55-1001;SKN;Expectative;4;3;Jean 4:0 | Jean 5:0 | Jean 5:19;
55-1005;SKN;Le Livre D'Exode, 1ère Partie (Exode, Livre De Rédemption) (La Puissance de Démon);2;2;Matthieu 27:0 | Matthieu 2:0;
55-1006A;SKN;Une Vie cachée;1;1;Apocalypse 2:0;
55-1007;SKN;La Puissance De La Décision;1;1;Jean 3:16;
55-1008;SKN;Les Résultats De La Décision;9;9;Actes 19:0 | Actes 2:0 | Ephesiens 4:30 | Esaie 28:8 | Hebreux 3:0 | Hebreux 4:0 | Jean 3:0 | Jean 3:16 | Jean 5:19;
55-1111;SKN;Là Où, Je Pense, Les Pentecôtistes Ont Failli;2;2;Jean 3:0 | Jean 5:24;
55-1113;SKN;Jésus-Christ Est Le Même Hier, Aujourd’hui Et Eternellement;7;5;Actes 2:0 | Jean 14:7 | Jean 5:0 | Jean 5:19 | Marc 16:0;
55-1114;SKN;Puis Jésus Vint À L’Heure La Plus Sombre;1;1;Jean 5:19;
55-1115;SKN;L’Aveugle Bartimée;2;2;Jean 5:19 | Marc 16:0;
55-1116;SKN;L’Appel d’Abraham;2;0;;Genese 12:0
55-1117;SKN;Jéhovah-Jiré;2;2;Genese 22:0 | Jean 5:19;
55-1118;SKN;La Foi d’Abraham;1;1;Matthieu 27:0;
55-1119;SKN;Rédempteur, Rédemption;5;4;Hebreux 10:0 | Hebreux 13:8 | Jean 5:19 | Job 19:25;
55-1120;SKN;QU'Y A-T-IL DANS TA MAIN?;2;2;Actes 19:0 | Jean 5:24;
56-0101;SKN;Pourquoi les gens sont si ballotés?  (Le Voile Intérieur);1;1;Jean 5:24;
56-0101;VGR;Pourquoi les gens sont-ils si ballottés?;1;1;Jean 5:24;
56-0115;SKN;La Jonction Du Temps;5;2;Apocalypse 11:0 | Jean 17:0;Actes 2:0 | Joel 2:0 | Joel 2:28
56-0115;VGR;Au carrefour du temps;5;2;Apocalypse 11:0 | Jean 17:0;Actes 2:0 | Joel 2:0 | Joel 2:28
56-0120;SKN;La Réconciliation Par La Communion  Avec Dieu;1;1;1 Timothee 3:0;
56-0121;SKN;Le Voile Intérieur;2;2;Actes 2:0 | Apocalypse 1:0;
56-0122;SKN;Les Cinq Jonctions Du Temps;7;7;Actes 2:0 | Ephesiens 4:30 | Hebreux 11:0 | Hebreux 1:0 | Jean 3:0 | Joel 2:0 | Romains 9:0;
56-0122;VGR;Au carrefour du temps;7;7;Actes 2:0 | Ephesiens 4:30 | Hebreux 11:0 | Hebreux 1:0 | Jean 3:0 | Joel 2:0 | Romains 9:0;
56-0128;SKN;L’INSPIRATION SPIRITUELLE;1;1;Hebreux 12:0;
56-0129;SKN;LE SURNATUREL (L'ATMOSPHÈRE SPIRITUELLE);1;1;Jean 10:0;
56-0200;SKN;Combattre Pour La Foi;1;1;Hebreux 13:0;
56-0212;SKN;La Communion;2;2;Hebreux 4:0 | Psaumes 103:3;
56-0213;SKN;Une Vie cachée avec Christ;2;2;Ezechiel 9:0 | Matthieu 8:0;
56-0223;SKN;L’Alliance De Dieu Avec Abraham Et Sa Postérité;8;8;1 Corinthiens 12:0 | Actes 19:0 | Ephesiens 1:25 | Exode 19:0 | Genese 22:0 | Romains 4:0 | Romains 8:0 | colossiens 1:25;
56-0224;SKN;Jéhovah-Jiré;5;5;Ephesiens 4:30 | Genese 22:0 | Jean 6:0 | Joel 2:28 | Romains 4:0;
56-0225;SKN;Jésus-Christ Est Le Même Hier, Aujourd’hui Et Eternellement;8;6;1 Corinthiens 12:0 | Jean 14:7 | Jean 5:0 | Jean 5:19 | Jean 5:7 | Luc 16:16;Hebreux 13:8
56-0304;SKN;FAIRE L'ISSUE;1;1;Jean 5:24;
56-0311A;SKN;La Vraie Et La Fausse Vignes;4;3;Apocalypse 17:0 | Jean 14:0 | Jean 6:0;Psaumes 23:0
56-0401M;SKN;Le Puissant Conquérant;3;3;Jean 11:0 | Jean 14:7 | Jean 5:19;
56-0401M;VGR;Le puissant Vainqueur;3;3;Jean 11:0 | Jean 14:7 | Jean 5:19;
56-0403;SKN;Le Berger De La Bergerie;2;2;Actes 2:0 | Jean 7:12;
56-0405;SKN;La Résurrection De Jésus;2;2;Jean 5:0 | Jean 5:19;
56-0406;SKN;La Parole Infaillible De Dieu;8;8;1 Corinthiens 13:0 | Actes 2:0 | Hebreux 13:8 | Jacques 5:15 | Jean 14:12 | Jean 4:0 | Jean 5:19 | Matthieu 8:0;
56-0407;SKN;L’Aveugle Bartimée;2;1;Jean 5:19;Luc 18:42
56-0408E;SKN;Le Temps Est Proche;1;1;Jean 5:19;
56-0414;SKN;L’Aveugle Bartimée;6;6;Actes 19:0 | Jean 15:0 | Jean 5:19 | Jean 5:24 | Marc 11:24 | Marc 16:0;
56-0415;SKN;La Profondeur Appelant La Profondeur;4;4;Actes 19:0 | Jean 5:0 | Jean 5:19 | Jean 5:24;
56-0419;SKN;Combattre Ardemment Pour La Foi Qui A Été Transmise Aux Saints Une Fois Pour Toutes;7;5;Actes 2:0 | Ephesiens 4:30 | Hebreux 8:0 | Jean 5:0 | Marc 16:0;
56-0420;SKN;Quand Leurs Yeux S'ouvrirent;1;1;Jean 5:19;
56-0421;SKN;Ce Que Sont Les Visions;1;1;Jean 5:19;
56-0422;SKN;Montre-Nous Le Père Et Cela Nous Suffit;1;1;Jean 5:19;
56-0426;SKN;Jésus-Christ Est Le Même Hier, Aujourd’hui Et Eternellement;4;3;Hebreux 13:8 | Jean 5:19 | Marc 16:0;
56-0427;SKN;La Foi;3;3;Genese 13:0 | Genese 17:0 | Jean 5:24;
56-0428;SKN;Alliance De Dieu Avec Abraham;5;5;Genese 22:14 | Hebreux 13:8 | Jean 19:0 | Jean 5:19 | Jean 5:24;
56-0429;SKN;Jéhovah-Jiré;5;5;Genese 22:14 | Hebreux 13:8 | Jean 19:0 | Jean 5:19 | Jean 5:24;
56-0513;SKN;L'ENSEIGNEMENT SUR MOISE;3;0;;Marc 8:0 | Marc 8:16 | Matthieu 16:25
56-0513;VGR;Un enseignement sur Moïse;3;3;Marc 8:0 | Marc 8:16 | Matthieu 16:25;
56-0527;SKN;À Kadès-Barnéa;1;1;Ephesiens 4:30;
56-0527;VGR;À Kadès-Barnéa;1;1;Ephesiens 4:30;
56-0603;SKN;Le Livre De Vie De L'Agneau;4;4;Ephesiens 4:30 | Hebreux 10:0 | Jean 1:0 | Romains 8:1;
56-0610;SKN;LA PERFECTION;3;0;;Hebreux 10:0 | Hebreux 10:14 | Psaumes 23:0
56-0610;VGR;La perfection;2;2;Hebreux 10:14 | Psaumes 23:0;
56-0611;SKN;ECOUTEZ-LE;2;2;Ephesiens 1:5 | Jean 14:0;
56-0612;SKN;C'est La Vie Qui Guérit;4;3;Jean 5:7 | Marc 16:0 | Psaumes 103:0;Jean 5:0
56-0613;SKN;Jéhovah-Jiré;4;4;Jean 4:0 | Jean 5:19 | Luc 16:0 | Romains 4:0;
56-0614;SKN;Dieu A Pourvu À Un Agneau;5;5;Genese 22:0 | Jean 5:24 | Marc 11:0 | Marc 11:24 | Marc 16:0;
56-0615;SKN;Un Exode;4;3;Hebreux 13:8 | Jean 5:19 | Matthieu 27:0;
56-0621;SKN;La Loi Qui Possède Une Ombre;4;4;Ephesiens 4:30 | Jean 5:24 | Psaumes 23:0 | Romains 8:1;
56-0715;SKN;La Marque De La Bête;9;6;Ephesiens 4:30 | Esaie 5:0 | Esaie 61:1 | Esaie 6:0 | Jean 1:0 | Jean 4:1;Hebreux 10:0 | Hebreux 11:1 | Levitique 21:0
56-0715;VGR;La marque de la bête;8;8;Ephesiens 4:30 | Esaie 5:0 | Esaie 61:1 | Esaie 6:0 | Hebreux 10:0 | Hebreux 11:1 | Jean 1:0 | Jean 1:4;
56-0722;SKN;Tout Est Possible À Celui Qui Croit;3;3;Jean 5:19 | Marc 11:24 | Matthieu 8:0;
56-0723;SKN;Conduit Par L’Esprit De Dieu;4;4;1 Corinthiens 12:0 | Luc 24:49 | Marc 11:24 | Romains 8:1;
56-0723;VGR;Conduits par l’Esprit de Dieu;3;3;Luc 24:49 | Marc 11:24 | Romains 8:0;
56-0726;SKN;Amour;1;1;Jean 3:16;
56-0731;SKN;La Résurrection De La Fille De Jaïrus;3;2;Ephesiens 4:30 | Jean 5:19;
56-0805;SKN;L'Église Et Sa Condition;2;2;Jean 5:24 | Romains 8:1;
56-0805;VGR;L’Église et sa condition;2;2;Jean 5:24 | Romains 8:1;
56-0814;SKN;L'Amour Divin Et La Grâce Souveraine (Quand L’amour S'élance);2;2;Jean 4:0 | Jean 5:19;
56-0815;SKN;La Foi;4;4;Actes 19:0 | Ephesiens 4:30 | Hebreux 1:0 | Jean 5:19;
56-0923;SKN;L'Adoption Spirituelle;2;2;Exode 19:0 | Jean 14:0;
56-0930;SKN;Ecoutez-Le;2;2;Exode 19:0 | Jean 14:0;
56-0930E;SKN;Les Témoins;2;2;Jean 14:0 | Jean 5:19;
56-1001;SKN;Le Ministère Expliqué;5;5;Hebreux 13:8 | Jean 1:0 | Jean 5:0 | Jean 5:19 | Marc 16:0;
56-1001;VGR;Le ministère expliqué;6;6;Hebreux 13:8 | Jean 1:0 | Jean 5:0 | Jean 5:19 | Marc 16:0 | Matthieu 12:42;
56-1002A;SKN;Père, L’Heure Est Venue;6;4;Esaie 40:0 | Hebreux 3:0 | Luc 24:49 | Marc 16:0;2 Chroniques 18:22-27
56-1002E;SKN;LE PROPHETE ELISEE;1;1;Hebreux 12:0;
56-1002E;VGR;Élisée, le prophète;1;1;Hebreux 12:0;
56-1004;SKN;Un Souper De Noces;4;3;Actes 2:0 | Jean 19:0 | Psaumes 1:0;Matthieu 22:0
56-1005;SKN;LA Jézabel Au Visage Fardé;2;0;;Actes 19:0 | Hebreux 11:0
56-1125M;SKN;Une Robe D'occasion;1;1;Actes 1:8;
56-1125M;VGR;Un manteau de seconde main;1;1;Actes 1:8;
56-1206;SKN;Une Robe D'Occasion;4;3;Jean 5:19 | Marc 11:0 | Marc 16:0;
56-1207;SKN;Les Dons;3;3;1 Corinthiens 12:0 | Actes 19:0 | Jean 5:19;
56-1208;SKN;Abraham;6;5;Actes 19:0 | Ephesiens 4:30 | Hebreux 13:8 | Jean 5:24 | Romains 4:0;
56-1209E;SKN;Jéhovah-Jiré;9;8;Ephesiens 4:30 | Jean 15:0 | Jean 1:0 | Jean 5:0 | Jean 5:19 | Marc 11:24 | Matthieu 27:0 | Matthieu 8:0;
56-1215;SKN;ECOUTEZ-LE;3;2;Jean 5:19 | Jean 5:24;
56-1230;SKN;JOSEPH RENCONTRE SES FRERES (JOSEPH, LE FAISEUR DE SONGES);4;4;Apocalypse 1:0 | Genese 35:0 | Genese 37:0 | Hebreux 11:0;
56-1230;VGR;Joseph à la rencontre de ses frères;4;4;Apocalypse 1:0 | Genese 35:0 | Genese 37:0 | Hebreux 11:0;
57-0104;SKN;Messieurs, Nous Voudrions Voir Jésus;9;8;Hebreux 13:8 | Jean 19:0 | Jean 3:0 | Jean 5:0 | Jean 5:19 | Jean 6:0 | Marc 16:0 | Psaumes 103:3;
57-0105;SKN;Ecoutez-Le;4;4;Hebreux 13:8 | Jean 14:0 | Jean 5:19 | Psaumes 103:3;
57-0106;SKN;Jéhovah-Jiré;2;2;Hebreux 13:8 | Jean 5:19;
57-0114;SKN;La Preuve Infaillible De La Résurrection;9;9;1 Corinthiens 12:0 | Actes 4:0 | Hebreux 13:8 | Jean 14:7 | Jean 4:0 | Jean 5:0 | Jean 5:19 | Marc 16:0 | Psaumes 103:3;
57-0115;SKN;Dieu Tient Sa Parole;11;11;Actes 19:0 | Actes 1:8 | Actes 2:0 | Ephesiens 4:30 | Esaie 9:6 | Hebreux 13:8 | Hebreux 3:0 | Jean 4:0 | Jean 5:19 | Luc 24:49 | Matthieu 8:0;
57-0120E;SKN;Dieu Tient Sa Parole;3;2;Apocalypse 17:0 | Jean 17:0;Galates 1:8
57-0120E;VGR;Dieu tient Sa Parole;3;3;Apocalypse 17:0 | Galates 1:8 | Jean 17:0;
57-0120M;SKN;L’Imitation Du Christianisme;1;1;2 Timothee 4:0;
57-0125;SKN;Ecoutez-Le;5;5;Apocalypse 1:0 | Galates 1:8 | Jean 14:0 | Jean 5:19 | Jean 5:24;
57-0126B;SKN;Le Rapport Du Voyage En Inde;11;7;2 Timothee 4:0 | Actes 2:0 | Jean 14:12 | Jean 3:16 | Jean 5:19 | Marc 11:24 | Marc 16:0;Marc 16:0
57-0126E;SKN;QUAND L’AMOUR DIVIN S’ELANCE, LA GRACE SOUVERAINE INTERVIENT;5;2;Jean 3:16 | Jean 5:24;
57-0127A;SKN;L'Imitation Du Christianisme;1;1;Actes 2:38;
57-0127E;SKN;L’Aveugle Bartimée;5;4;Jean 16:0 | Jean 4:0 | Jean 5:0 | Jean 5:19;
57-0226;SKN;Messieurs, Nous Voudrions Voir Jésus;5;5;Hebreux 13:8 | Jean 14:12 | Jean 1:0 | Jean 4:0 | Jean 5:19;
57-0228;SKN;Il Y A Ici Plus Que Salomon;2;2;Jean 5:19 | Matthieu 12:0;
57-0301;SKN;Aveugle Bartimée;3;1;Esaie 9:6;Jean 14:0 | Luc 18:40-43
57-0302;SKN;Et Puis Jésus Vint;2;0;;Jean 11:0 | Jean 5:19
57-0305;SKN;Amour Divin;4;4;Actes 19:0 | Hebreux 13:8 | Jean 1:0 | Jean 5:19;
57-0306;SKN;Dieu Tient Sa Parole;2;2;Apocalypse 13:0 | Apocalypse 21:0;
57-0308;SKN;LE BON BERGER DES BREBIS;4;3;Jean 10:0 | Jean 4:0 | Psaumes 1:0;Jean 10:0
57-0309B;SKN;Je Restaurerai;4;3;1 Corinthiens 13:0 | Joel 2:38 | actes 2:38;Joel 2:25
57-0309E;SKN;Jéhovah-Jiré;1;1;Marc 16:0;
57-0310E;SKN;Ecoutez-Le;2;2;Jean 14:0 | Jean 5:19;
57-0317;SKN;Ecoutez-Le;1;1;Ephesiens 1:5;
57-0322;SKN;Ecoutez-Le;7;7;Apocalypse 13:0 | Galates 1:0 | Hebreux 13:8 | Jean 1:0 | Jean 4:0 | Jean 5:19 | Psaumes 103:3;
57-0323;SKN;Dieu Dans Sa Parole;5;3;Hebreux 13:8 | Jean 5:19 | Luc 24:49;Jean 14:0 | Jean 14:8
57-0325;SKN;L’Agneau Et La Colombe;3;3;Galates 5:22 | Jean 5:19 | Jean 5:24;
57-0326;SKN;Jéhovah-Jiré;5;5;Genese 22:0 | Hebreux 3:1 | Jean 4:0 | Marc 11:24 | Marc 16:0;
57-0407E;SKN;Puis Jésus Vint;1;1;Jean 5:19;
57-0407E;VGR;Alors Jésus vint;1;1;Jean 5:19;
57-0407M;SKN;Dieu Tient Sa Parole;1;1;Marc 10:0;
57-0407M;VGR;Dieu tient Sa Parole;1;1;Marc 10:0;
57-0414;SKN;Corinthiens, livre de correction;2;2;Jean 3:16 | Psaumes 1:0;
57-0417;SKN;La Seconde venue du seigneur;1;1;Galates 5:0;
57-0417;VGR;La seconde Venue du Seigneur;1;1;Galates 5:0;
57-0418;SKN;La Communion;1;1;Hebreux 7:0;
57-0418;VGR;La communion;1;1;Hebreux 7:0;
57-0419;SKN;La Perfection (soyez donc parfaits);2;1;Romains 8:1;Matthieu 5:0
57-0419;VGR;La perfection;1;1;Romains 8:1;
57-0420;SKN;L'ENSEVELISSEMENT;4;4;Jean 5:24 | Matthieu 24:0 | Matthieu 27:0 | Psaumes 22:0;
57-0420;VGR;La mise au tombeau;3;3;Jean 5:24 | Matthieu 27:0 | Psaumes 22:0;
57-0421E;SKN;Et Leurs Yeux S’Ouvrirent,  Et Ils Le Reconnurent;3;3;Hebreux 13:8 | Jean 4:0 | Jean 5:19;
57-0421E;VGR;Alors leurs yeux s’ouvrirent, et ils Le reconnurent;3;3;Hebreux 13:8 | Jean 4:0 | Jean 5:19;
57-0516;SKN;Nous Voudrions Voir Jésus;1;1;Jean 15:0;
57-0517;SKN;La Reine De Séba;3;2;Hebreux 13:8 | Jean 14:7;Matthieu 12:42
57-0518;SKN;TENEZ-VOUS TRANQUILLES;3;3;Actes 19:0 | Jean 5:0 | Jean 5:19;
57-0519E;SKN;L’Amour;3;2;Jacques 5:14 | Jean 3:16;Jean 3:16
57-0602;SKN;La Vie;1;1;Psaumes 63:0;
57-0610;SKN;La Foi Qui A Eté Transmise Aux Saints Une Fois Pour Toutes;7;6;Actes 2:38 | Hebreux 13:8 | Jean 14:7 | Jean 4:0 | Jean 5:0 | Jean 5:19;
57-0613E;SKN;Avoir Soif De La Vie;4;3;Hebreux 13:8 | Jean 14:0 | Jean 5:19;Psaumes 63:0
57-0614;SKN;La Reine du midi;3;3;Hebreux 13:8 | Jean 5:19 | Jean 5:24;
57-0629;SKN;TENEZ-VOUS LA, ET VOYEZ LA DELIVRANCE DE L’ETERNEL;1;1;Jean 14:7;
57-0630;SKN;Avoir Soif De La Vie;1;0;;Psaumes 63:0
57-0725;SKN;Ecoutez-Le;4;3;Actes 1:8 | Deuteronome 33:0 | Jean 5:24;Jean 5:19
57-0728;SKN;AVOIR SOIF DE LA VIE;5;5;Actes 19:0 | Jean 5:19 | Psaumes 47:0 | Psaumes 63:0 | Romains 8:0;
57-0804A;SKN;La Grande Commission;3;3;Matthieu 24:0 | Psaumes 103:3 | Romains 8:1;
57-0804E;SKN;Messieurs, Nous Voudrions Voir Jésus;8;5;Ephesiens 4:30 | Jean 15:0 | Jean 5:0 | Jean 5:19 | Matthieu 24:0;Hebreux 13:8 | Marc 16:0
57-0805;SKN;Dieu Manifestant Ses Dons;1;1;Jean 5:19;
57-0806;SKN;Dieu Projetant Son Amour (Quand L’Amour S'élance);1;1;Jean 3:16;
57-0807;SKN;Ecoutez-Le;3;3;Actes 2:38-39 | Jean 14:0 | Jean 15:0;
57-0808;SKN;Le Puissant Conquérant;2;2;Jean 11:0 | Jean 4:0;
57-0809;SKN;L’Aveugle Bartimée;1;1;Jean 14:0;
57-0810;SKN;JEHOVAH-JIRE;1;1;Romains 4:0;
57-0811A;SKN;LE PLUS GRAND DON DANS LA BIBLE;1;1;Psaumes 100:0;
57-0811E;SKN;L’Expectative Et La Conduite De L’Esprit;2;1;Hebreux 4:0;Jean 5:19
57-0818;SKN;Les Mémoriaux de Dieu éprouvés au fil du temps;1;1;Jean 5:24;
57-0818;VGR;Les mémoriaux de Dieu ont fait leurs preuves;1;1;Jean 5:24;
57-0821;SKN;Hébreux chapitre Un;5;5;Apocalypse 11:0 | Apocalypse 17:0 | Hebreux 11:0 | Hebreux 7:0 | Matthieu 24:0;
57-0821;VGR;Hébreux, chapitre un;5;5;Apocalypse 11:0 | Apocalypse 17:0 | Hebreux 11:0 | Hebreux 7:0 | Matthieu 24:0;
57-0825E;SKN;Hébreux Chapitre Deux #2;8;8;Actes 10:49 | Actes 10:5 | Actes 19:0 | Actes 2:38 | Matthieu 28:18 | Matthieu 28:19 | Psaumes 8:4 | actes 10:48;
57-0825E;VGR;Hébreux, chapitre deux #2;8;8;Actes 10:49 | Actes 10:5 | Actes 2:38 | Matthieu 28:18 | Matthieu 28:19 | Psaumes 8:46 | actes 10:48 | psaumes 8:4;
57-0825M;SKN;Hébreux Chapitre Deux #1;4;4;Jacques 5:14 | Jean 5:19 | Jean 5:24 | Marc 16:0;
57-0825M;VGR;Hébreux, chapitre deux #1;4;4;Jacques 5:14 | Jean 5:19 | Jean 5:24 | Marc 16:0;
57-0828;SKN;Hébreux Chapitre Deux #3;1;1;Genese 2:0;
57-0828;VGR;Hébreux, chapitre deux #3;1;1;Genese 2:0;
57-0901E;SKN;Hébreux Chapitre Quatre;9;9;1 Jean 5:7 | 1 Timothee 3:16 | Apocalypse 13:0 | Galates 1:8 | Hebreux 13:0 | Matthieu 1:18 | Matthieu 20:0 | Matthieu 28:0 | Romains 8:1;
57-0901E;VGR;Hébreux, chapitre quatre;6;6;Apocalypse 13:0 | Galates 1:8 | Hebreux 13:0 | Jean 5:7 | Matthieu 1:18 | Romains 8:1;
57-0901M;SKN;Hébreux Chapitre Trois;2;2;Galates 1:8 | Jean 4:0;
57-0901M;VGR;Hébreux, chapitre trois;2;2;Galates 1:8 | Jean 4:0;
57-0908E;SKN;Hébreux Chapitre Six #2;10;8;1 Jean 4:0 | Ephesiens 4:0 | Ephesiens 4:30 | Galates 3:16 | Hebreux 10:0 | Jean 4:0 | Matthieu 3:0 | Matthieu 5:45;
57-0908E;VGR;Hébreux, chapitre six #2;12;9;Ephesiens 4:0 | Ephesiens 4:30 | Galates 3:16 | Galates 4:27 | Hebreux 10:0 | Jean 4:0 | Matthieu 3:0 | Matthieu 5:28 | Matthieu 5:45;
57-0908M;SKN;Hébreux Chapitres Cinq et Six #1;4;3;1 Corinthiens 12:0 | Hebreux 10:0 | Romains 8:1;
57-0908M;VGR;Hébreux, chapitres cinq et six #1;2;2;Hebreux 10:0 | Romains 8:1;
57-0915E;SKN;Hébreux Chapitre Sept #1;8;7;1 Corinthiens 13:0 | Ephesiens 1:5 | Esther 2:0 | Hebreux 13:12 | Jeremie 1:4 | Matthieu 26:26 | Romains 5:1;
57-0915E;VGR;Hébreux, chapitre sept #1;5;5;Ephesiens 1:5 | Hebreux 13:12 | Jeremie 1:4 | Matthieu 26:26 | Romains 5:1;
57-0915M;SKN;Hébreux Chapitre Six #3 et Hébreux chapitre Sept #1;2;2;Galates 3:16 | Jean 5:24;
57-0915M;VGR;Hébreux, chapitre six #3;2;2;Galates 3:16 | Jean 5:24;
57-0922E;SKN;Hébreux Chapitre Sept #2;1;1;Hebreux 10:0;
57-0922E;VGR;Hébreux, chapitre sept #2;1;1;Hebreux 10:0;
57-0922M;SKN;Jésus-Christ Est Le Même Hier, Aujourd’hui Et Éternellement;1;1;Jean 5:0;
57-0925;SKN;Questions Et Réponses Sur Les Hébreux, 1ère Partie;32;16;Actes 10:49 | Actes 2:0 | Actes 2:38 | Apocalypse 11:0 | Ephesiens 4:30 | Ezechiel 9:0 | Galates 1:8 | Genese 3:8 | Hebreux 11:1 | Jean 6:0 | Joel 2:28 | Luc 16:16 | Matthieu 25:46 | Matthieu 28:0 | Matthieu 28:19 | actes 10:48;Apocalypse 11:0
57-0925;VGR;Questions et réponses sur Hébreux, 1re partie;32;16;Actes 10:49 | Actes 2:0 | Actes 2:38 | Apocalypse 11:0 | Ephesiens 4:30 | Ezechiel 9:0 | Galates 1:8 | Genese 3:1 | Genese 3:8 | Hebreux 11:1 | Joel 2:28 | Luc 16:16 | Matthieu 25:46 | Matthieu 28:0 | Matthieu 28:19 | actes 10:48;
57-1002;SKN;Questions Et Réponses Sur Les Hébreux, IIè Partie;27;21;1 Corinthiens 12:0 | 1 Jean 5:7 | Actes 19:0 | Actes 2:27 | Actes 7:55 | Apocalypse 11:0 | Apocalypse 21:0 | Apocalypse 21:19 | Apocalypse 5:0 | Ephesiens 1:20 | Esaie 9:6 | Esther 6:0 | Genese 38:0 | Jean 5:24 | Jean 5:7 | Marc 14:62 | Matthieu 24:0 | Matthieu 27:0 | Psaumes 16:0 | Psaumes 16:10 | Romains 8:1;
57-1002;VGR;Questions et réponses sur Hébreux, 2e partie;21;16;Actes 19:0 | Actes 2:27 | Actes 7:55 | Apocalypse 21:0 | Apocalypse 21:19 | Apocalypse 5:0 | Ephesiens 1:20 | Esaie 9:6 | Genese 38:0 | Jean 5:24 | Jean 5:7 | Marc 14:62 | Matthieu 24:0 | Matthieu 27:0 | Psaumes 16:10 | Romains 8:1;
57-1006;SKN;Questions Et Réponses Sur Les Hébreux, IIIè Partie;21;13;1 Pierre 3:19 | 2 Pierre 2:4 | Apocalypse 11:0 | Apocalypse 21:19 | Apocalypse 5:0 | Esther 2:0 | Galates 1:8 | Genese 1:0 | Genese 1:28 | Genese 2:0 | Genese 38:0 | Genese 5:16 | Psaumes 23:0;
57-1006;VGR;Questions et réponses sur Hébreux, 3e partie;13;10;Apocalypse 11:0 | Apocalypse 21:19 | Apocalypse 5:0 | Galates 1:8 | Genese 1:0 | Genese 1:28 | Genese 2:0 | Genese 38:0 | Genese 5:16 | Psaumes 23:0;
57-1208;SKN;Je Me Tiens A La Porte, Et Je Frappe;2;1;Jean 5:0;Apocalypse 3:14
57-1208;VGR;Je me tiens à la porte, et Je frappe;2;2;Apocalypse 3:14 | Jean 5:0;
57-1211;SKN;Messieurs, Nous Voudrions Voir Jésus;5;3;Jean 14:0 | Jean 5:0 | Matthieu 24:0;Hebreux 13:8
57-1212;SKN;La Porte De La Porte;4;3;Hebreux 13:8 | Jean 5:19 | Jean 5:24;
57-1213;SKN;ET PUIS JESUS VINT;8;4;Hebreux 13:8 | Jean 4:0 | Jean 5:19 | Psaumes 103:3;Jean 17:0 | Jean 5:19
57-1215;SKN;PARLE A CETTE MONTAGNE;1;0;;Jean 5:19
57-1222;SKN;LA GRANDE LUMIERE BRILLANTE;4;0;;Actes 10:35 | Daniel 12:3 | Marc 11:24 | Romains 8:1
57-1229;SKN;La Foi;1;1;Jean 5:19;
57-1229;VGR;La foi;1;1;Jean 5:19;
58-0105;SKN;Ayez Foi En Dieu;3;3;Hebreux 13:8 | Jean 14:8 | Jean 5:19;
58-0107;SKN;La Reine de Séba;1;1;Jean 5:19;
58-0109;SKN;Les Appelés À Sortir;1;1;2 Timothee 3:0;
58-0110;SKN;Le Puissant Conquérant;1;1;Jean 5:19;
58-0112A;SKN;Pour Accomplir Ses Prodiges;2;2;Exode 13:0 | Matthieu 10:10;
58-0125;SKN;La Reine Du Midi;2;2;Hebreux 11:0 | Jean 1:0;
58-0126;SKN;Ecoutez-Le;2;1;Psaumes 103:3;Actes 19:0
58-0127;SKN;Jéhovah-Jiré;3;3;Genese 12:0 | Genese 22:0 | Romains 8:0;
58-0128;SKN;L'Harmonie De L'Unité (La Tour De Babel);1;1;Ephesiens 4:30;
58-0130;SKN;Écriture Sur La Muraille;3;0;;Marc 16:0
58-0202;SKN;Hâte-toi de te sauver là;3;3;Apocalypse 17:17 | Marc 11:24 | Matthieu 16:0;
58-0202;VGR;Hâte-toi de te réfugier ici;4;4;Apocalypse 17:17 | Luc 17:26-29 | Marc 11:24 | Matthieu 16:0;
58-0207;SKN;Jésus-Christ Est Le Même Hier, Aujourd’hui Et Eternellement;10;8;1 Corinthiens 12:0 | Hebreux 13:8 | Jean 15:0 | Jean 1:0 | Jean 4:0 | Jean 5:0 | Jean 5:19 | Psaumes 103:3;
58-0208;SKN;La Reine de Séba;3;3;Hebreux 13:8 | Jean 5:19 | Marc 16:0;
58-0209A;SKN;Ecoutez-Le;1;1;Jean 14:0;
58-0209E;SKN;La Porte À L’Intérieur De La Porte;3;3;Actes 19:0 | Jean 3:0 | Jean 5:19;
58-0214;SKN;Jésus-Christ Est Le Même Hier, Aujourd’hui Et Eternellement;6;6;1 Corinthiens 12:0 | Hebreux 13:8 | Jean 12:20 | Jean 14:7 | Jean 15:0 | Jean 5:0;
58-0223;SKN;Jésus-Christ Est Le Même Hier, Aujourd’hui Et Éternellement;8;8;1 Corinthiens 12:0 | Hebreux 13:8 | Jean 1:0 | Jean 4:0 | Jean 5:0 | Jean 5:19 | Matthieu 10:0 | Psaumes 103:3;
58-0225;SKN;L'Oeil De Dieu;5;2;Hebreux 13:8 | Jean 5:0;Jean 4:0 | Jean 5:19 | Psaumes 32:0
58-0225;VGR;L’œil de Dieu;4;4;Hebreux 13:8 | Jean 4:0 | Jean 5:0 | Jean 5:19;
58-0228;SKN;Ta Bonté;3;3;Jean 15:0 | Psaumes 42:1 | Psaumes 63:0;
58-0301B;SKN;La Grande commission - La Révélation spirituelle (l'atmosphère spirituelle);5;4;Actes 10:35 | Jean 12:0 | Jean 5:24 | Psaumes 42:7;Matthieu 10:0
58-0301E;SKN;Ecoutez-Le;6;6;Ephesiens 1:5 | Exode 19:0 | Jean 14:0 | Jean 1:0 | Jean 4:0 | Jean 5:19;
58-0309E;SKN;L'église S'en Ira-T-Elle Avant La Tribulation? (Hâte-Toi Et Viens Ici, Car Je Ne Puis Rien;3;3;Jean 1:0 | Jean 4:0 | Jean 5:19;
58-0312;SKN;Jésus-Christ Est Le Même Hier, Aujourd’hui Et Eternellement;8;6;1 Corinthiens 12:0 | Jean 11:0 | Jean 15:0 | Jean 1:0 | Jean 5:19 | Psaumes 103:3;
58-0313;SKN;La Reine De Séba;3;3;Hebreux 11:0 | Jean 14:7 | Jean 5:19;
58-0314;SKN;L'Amour;2;1;Jean 3:16;Jean 3:16
58-0315;SKN;La Foi;3;3;Actes 1:8 | Jean 5:19 | Luc 24:49;
58-0316A;SKN;Pareil À L’aigle Qui Éveille Sa Couvée;3;2;Actes 2:0 | Jean 3:16;Deuteronome 32:1-12
58-0316E;SKN;La Porte Du Coeur;5;4;Actes 19:0 | Jean 1:0 | Jean 5:19 | Marc 16:0;
58-0323;SKN;Jésus-Christ Est Le Même Hier, Aujourd’hui Et Éternellement;8;7;Actes 10:49 | Hebreux 13:8 | Jean 12:0 | Jean 17:0 | Jean 1:0 | Psaumes 103:3 | actes 10:48;
58-0324;SKN;Ecoutez-Le;4;4;Ephesiens 1:5 | Galates 4:0 | Hebreux 13:8 | Jean 14:0;
58-0325;SKN;La Foi Par L’Expérience;2;2;Jean 4:0 | Matthieu 27:0;
58-0326;SKN;Unis sous une seule tête;2;2;Actes 2:38 | Jean 11:0;
58-0328;SKN;Dieu Tient Sa Parole;1;1;Psaumes 103:3;
58-0329;SKN;Le Puissant conquérant;1;1;Jean 4:0;
58-0330A;SKN;Entretien Sur L'Oeuvre Missionnaire;8;3;Actes 19:0 | Jacques 5:14 | Marc 16:0;
58-0330E;SKN;Christ Frappe À La Porte;2;1;Jean 14:0;Actes 19:0
58-0406E;SKN;Évidence De La Résurrection;2;1;Luc 24:0;Luc 24:0
58-0500;SKN;L’Aigle Qui Éveille Sa Couvée;3;2;Deuteronome 32:11 | Jacques 5:14;
58-0501;SKN;Nous Voudrions Voir Jésus;3;2;Jean 1:0 | Jean 4:0;Marc 16:0
58-0503;SKN;La Reine De Séba;7;5;Hebreux 13:8 | Hebreux 3:0 | Jean 5:19 | Jean 5:24 | Marc 11:24;Matthieu 3:0
58-0508;SKN;Expectative;1;1;Jean 4:0;
58-0510;SKN;Ayez foi en Dieu;6;6;Actes 19:0 | Actes 1:8 | Hebreux 13:8 | Jean 11:0 | Jean 4:0 | Jean 5:19;
58-0512;SKN;LA VIE (Avoir soif de la Vie);2;2;Hebreux 13:8 | Psaumes 63:0;
58-0515;SKN;Jésus-Christ Est Le Même Hier, Aujourd’hui Et Éternellement;13;8;Hebreux 3:1 | Jean 12:0 | Jean 1:0 | Jean 4:0 | Jean 5:0 | Jean 5:19 | Jean 6:0 | Matthieu 3:0;Hebreux 13:8 | Jean 12:0
58-0517E;SKN;Le Péché D'Incrédulité;3;2;Hebreux 11:1 | Jean 5:19;Matthieu 12:0
58-0518;SKN;UNE FOI EPROUVEE PRODUIT DES RESULTATS;3;2;Esaie 40:3 | Jeremie 1:4;
58-0519;SKN;LA VIE;3;3;Hebreux 4:0 | Jean 5:19 | Psaumes 63:0;
58-0520;SKN;LE SIGNE DU TEMPS;1;1;Daniel 5:25;
58-0521;SKN;Voici, Je Me Tiens À La Porte Et Je Frappe;2;2;Jean 4:0 | Jean 5:19;
58-0523;SKN;Nous Voudrions Voir Jésus;10;8;Actes 10:49 | Actes 2:0 | Actes 4:0 | Jean 4:0 | Jean 5:19 | Jean 6:0 | Psaumes 103:3 | actes 10:48;Hebreux 13:8 | Jean 12:20
58-0524;SKN;Jésus De Nazareth Passe;7;6;Hebreux 13:8 | Jean 11:0 | Jean 14:8 | Jean 4:0 | Jean 5:19 | Psaumes 103:3;
58-0528;SKN;Le Signe Du Messie;2;2;Jean 1:0 | Matthieu 12:0;
58-0529;SKN;Jésus À La Porte;1;1;Apocalypse 3:20;
58-0530;SKN;LA FOI EPROUVEE AU FIL DU TEMPS;1;1;Jean 5:19;
58-0611;SKN;AVOIR SOIF DE LA VIE;1;0;;Psaumes 63:0
58-0612;SKN;Nous Voudrions Voir Jésus;15;10;Actes 10:49 | Hebreux 13:8 | Jean 1:0 | Jean 3:0 | Jean 4:0 | Jean 5:0 | Jean 5:19 | Jean 6:0 | Romains 8:0 | actes 10:44;
58-0613;SKN;La Reine Du Midi;4;3;Jean 4:0 | Jean 5:19 | Matthieu 12:0;Marc 16:0
58-0618;SKN;Écriture Sur La Muraille;1;0;;Daniel 5:25
58-0619B;SKN;Vous devez naitre de nouveau;1;1;Jean 3:0;
58-0619E;SKN;Pouvons-Nous Voir Jésus?;9;5;Jean 12:0 | Jean 1:0 | Jean 4:0 | Jean 5:19 | Jean 6:0;Hebreux 13:8 | Jean 12:20
58-0620;SKN;La Reine Du Midi;3;2;Jean 4:0 | Jean 5:19;
58-0625;SKN;Il Y A Ici Plus Que Salomon;3;3;Hebreux 13:8 | Jean 4:0 | Matthieu 3:0;
58-0927;SKN;POURQUOI NOUS NE SOMMES PAS UNE DENOMINATION?;15;10;Actes 2:0 | Apocalypse 13:0 | Apocalypse 17:0 | Apocalypse 19:2 | Apocalypse 1:0 | Apocalypse 2:20 | Deuteronome 23:0 | Galates 1:8 | Genese 3:16 | Romains 8:0;
58-0927;VGR;Pourquoi ne sommes-nous pas une dénomination?;14;9;Actes 2:0 | Apocalypse 13:0 | Apocalypse 19:2 | Apocalypse 1:0 | Apocalypse 2:20 | Deuteronome 23:0 | Galates 1:8 | Genese 3:16 | Romains 8:0;
58-0928E;SKN;La Semence Du Serpent;7;6;Apocalypse 13:17 | Apocalypse 13:8 | Apocalypse 17:0 | Hebreux 7:0 | Job 27:0 | Romains 8:0;
58-0928E;VGR;La semence du serpent;7;6;Apocalypse 13:17 | Apocalypse 13:8 | Apocalypse 17:0 | Hebreux 7:0 | Job 27:0 | Romains 8:0;
58-0928M;SKN;Le Baptême Du Saint-Esprit - Le Saint-Esprit Expliqué Ou Le Nom De Jésus;16;12;Actes 19:5 | Actes 2:38 | Apocalypse 13:8 | Apocalypse 17:0 | Apocalypse 17:8 | Apocalypse 3:0 | Ephesiens 1:0 | Ephesiens 5:1 | Galates 1:8 | Jean 14:8 | Jean 5:24 | Matthieu 28:19;
58-1002;SKN;Mais Au Commencement, Il N’En Était Pas Ainsi;4;4;Actes 19:0 | Galates 1:8 | Jean 13:0 | Luc 24:49;
58-1003;SKN;Regarder À L’Invisible;1;1;Jean 14:0;
58-1003;VGR;Regarder à l’Invisible;1;1;Jean 14:0;
58-1004;SKN;La Foi, C'est Notre Victoire;2;2;Hebreux 11:0 | Marc 5:0;
58-1005E;SKN;Un Homme Appelé De Dieu;1;1;Jean 4:0;
58-1005E;VGR;Un homme appelé de Dieu;1;1;Jean 4:0;
58-1005M;SKN;Ecouter sa voix;3;3;Actes 19:0 | Galates 1:8 | Jean 5:19;
58-1005M;VGR;Écoutez Sa Voix;3;3;Actes 19:0 | Galates 1:8 | Jean 5:19;
58-1007;SKN;L'Ordre de l'Eglise;2;2;Hebreux 13:12 | Romains 5:1;
58-1007;VGR;L’ordre de l’Église;2;2;Hebreux 13:12 | Romains 5:1;
58-1130;SKN;Sentinelle, qu'en est-il de la nuit ?;2;2;Apocalypse 3:0 | Esaie 21:1-12;
58-1130;VGR;Sentinelle, que dis-tu de la nuit?;2;1;Apocalypse 3:0;Esaie 21:1-12
58-1221E;SKN;L'Unité d'un seul Dieu dans une seule Eglise;4;3;Actes 1:8 | Ephesiens 4:30 | Luc 24:49;
58-1221E;VGR;L’unité d’un seul Dieu dans la seule Église;2;2;Ephesiens 4:30 | Luc 24:49;
58-1221M;SKN;Où Est-Il, Le Roi Des Juifs?;1;1;Jean 4:0;
58-1228;SKN;Pourquoi La Petite Bethléhem?;3;3;Jean 3:16 | Josue 5:0 | Michee 5:1;
58-1228;VGR;Pourquoi la petite Bethléhem?;3;3;Jean 3:16 | Josue 5:0 | Michee 5:1;
59-0125;SKN;Soyez Certain De Dieu;2;2;Ezechiel 4:0 | Jean 4:0;
59-0125;VGR;Soyez certains de Dieu;1;1;Jean 4:0;
59-0301E;SKN;Que Fais-Tu Ici?;2;2;1 Corinthiens 11:23-32 | 1 Rois 19:0;
59-0301M;SKN;Étroite Est La Porte;2;2;1 Corinthiens 13:0 | Deuteronome 14:2;
59-0301M;VGR;Étroite est la porte;1;1;Deuteronome 14:2;
59-0329E;SKN;Le Signe Du Messie;1;1;Jean 4:0;
59-0329E;VGR;Le signe du Messie;1;1;Jean 4:0;
59-0329M;SKN;Le Baptême D'Eau (Service De Baptême À Pâques);9;8;Actes 10:44 | Actes 19:0 | Actes 19:58 | Apocalypse 21:0 | Marc 16:0 | Matthieu 1:18 | Matthieu 28:19 | actes 19:4;
59-0329M;VGR;Le baptême d’eau;7;6;Actes 10:44 | Actes 19:0 | Apocalypse 21:0 | Marc 16:0 | Matthieu 1:18 | Matthieu 28:19;
59-0329S;SKN;Vivant, Mourant, Enseveli, Ressuscitant, Revenant;2;1;Psaumes 22:0;Psaumes 22:0
59-0329S;VGR;Vivant, mourant, enseveli, ressuscitant, revenant;2;1;Psaumes 22:0;Psaumes 22:0
59-0403;SKN;Vivant, Mourant, Enseveli, Ressuscitant, Revenant;2;2;Jean 3:16 | Psaumes 22:0;
59-0404;SKN;Quelles sont les œuvres de Dieu ?;4;2;Jean 4:0 | Jean 5:19;Hebreux 13:8 | Jean 14:12
59-0404;VGR;Quelles sont les œuvres de Dieu?;4;4;Hebreux 13:8 | Jean 14:12 | Jean 4:0 | Jean 5:19;
59-0405E;SKN;La Reine De Séba;3;1;Jean 4:0;Matthieu 12:42
59-0407;SKN;Conduit Par L'Esprit;4;4;Jean 4:0 | Jean 5:19 | Jean 5:24 | Romains 8:14;
59-0408;SKN;L’Aveugle Bartimée;2;2;Jean 4:0 | Psaumes 133:0;
59-0409;SKN;La Foi De Marie;1;1;Esaie 9:6;
59-0410;SKN;Regarder À L’Invisible;1;1;Hebreux 3:0;
59-0411E;SKN;Observant Son Étoile;2;2;Daniel 2:0 | Marc 16:0;
59-0412E;SKN;Qu’Entends-Tu, Élie?;2;2;1 Rois 19:1-12 | Jean 4:0;
59-0414;SKN;Avoir Soif De La Vie;1;0;;Psaumes 63:0
59-0415A;SKN;La Voie À Laquelle Dieu A Pourvue;3;3;Actes 19:0 | Ephesiens 4:40 | ephesiens 4:30;
59-0415E;SKN;La Foi D’Abraham;1;1;Ephesiens 1:0;
59-0416;SKN;El-shaddaï;1;1;Genese 3:0;
59-0417;SKN;Jéhovah-Jiré;2;2;Esaie 9:6 | Jean 5:14;
59-0418;SKN;Un Temps De Décision;3;2;Actes 2:0 | Jean 4:0;
59-0418;VGR;Un temps de décision;3;2;Actes 2:0 | Jean 4:0;
59-0419A;SKN;Histoire De Ma Vie;1;1;Luc 16:0;
59-0419A;VGR;L’histoire de ma vie;1;1;Luc 16:0;
59-0422;SKN;Nous Voudrions Voir Jésus;10;8;1 Corinthiens 12:0 | Hebreux 13:8 | Jean 4:0 | Jean 5:0 | Jean 5:19 | Jean 6:0 | Marc 16:0 | Matthieu 10:0;
59-0423;SKN;La Postérité D'Abraham;1;1;Apocalypse 1:0;
59-0424A;SKN;Le Fidèle Abraham;3;3;Actes 19:0 | Ephesiens 4:30 | Jean 5:24;
59-0424E;SKN;Ecoutez-Le;3;3;Actes 19:0 | Jean 17:0 | Jean 4:0;
59-0510M;VGR;La fête des Mères;2;2;Apocalypse 1:0 | Jean 6:0;
59-0510M;SKN;La Fête Des Mères;1;1;Jean 6:30;
59-0525;SKN;Les Images de Christ;1;1;Jean 4:0;
59-0525;VGR;Des images de Christ;1;1;Jean 4:0;
59-0610;SKN;Quand j'ai réfléchi à mes voies;1;1;Psaumes 119:0;
59-0611;SKN;Le Temps De Décision;2;2;Genese 24:0 | Genese 24:58;
59-0612;SKN;Tous Les Jours De Notre Vie;2;2;Ephesiens 4:30 | Jean 4:0;
59-0613;SKN;Avoir Soif De La Vie;3;3;Jean 3:16 | Jean 5:19 | Psaumes 63:0;
59-0614;SKN;Du Baume En Galaad;5;4;Hebreux 13:8 | Jean 1:0 | Jean 5:0 | Jean 5:19;Jeremie 8:22
59-0628E;SKN;Questions Et Réponses;39;30;1 Jean 5:0 | 1 Jean 5:16 | 1 Jean 5:18 | Actes 19:0 | Apocalypse 12:0 | Apocalypse 13:8 | Ephesiens 1:4-5 | Ephesiens 4:30 | Esaie 14:12 | Ezechiel 28:12 | Galates 1:8 | Genese 3:8 | Genese 4:0 | Genese 4:1 | Hebreux 10:0 | Jean 17:17 | Jean 3:0 | Jean 5:0 | Luc 10:18 | Marc 16:0 | Matthieu 10:1 | Matthieu 19:9 | Matthieu 1:18 | Matthieu 25:1 | Matthieu 28:19 | Matthieu 7:21-23 | Matthieu 7:6 | Romains 4:0 | Romains 4:8 | Romains 8:0;
59-0628E;VGR;Questions et réponses;34;28;Actes 19:0 | Apocalypse 12:0 | Apocalypse 13:8 | Ephesiens 1:4 | Ephesiens 4:30 | Esaie 14:12 | Ezechiel 28:12 | Galates 1:8 | Genese 3:8 | Genese 4:1 | Hebreux 10:0 | Jean 14:12 | Jean 17:17 | Jean 3:0 | Jean 5:0 | Jean 5:16 | Jean 5:18 | Luc 10:18 | Marc 16:0 | Matthieu 19:9 | Matthieu 1:18 | Matthieu 25:1 | Matthieu 28:19 | Matthieu 7:21-23 | Matthieu 7:6 | Romains 4:0 | Romains 4:8 | Romains 8:0;
59-0628M;SKN;Une Église Séduite Par Le Monde;2;2;Actes 2:38 | Marc 16:0;
59-0628M;VGR;Une Église séduite par le monde;2;2;Actes 2:38 | Marc 16:0;
59-0706;SKN;Réfléchissons À Nos Voies;2;1;1 Jean 3:21;Psaumes 119:0
59-0707;SKN;Du baume en Galaad;6;6;Actes 19:0 | Ephesiens 4:30 | Jean 4:0 | Jean 5:19 | Jeremie 8:22 | Psaumes 103:0;
59-0708E;SKN;Soyez Certain De Dieu;3;2;Jean 3:16 | Jean 5:19;Actes 19:0
59-0708M;SKN;La Dédicace D'Une Eglise;1;1;Jean 5:7;
59-0712;SKN;Une Délivrance totale;3;3;Hebreux 1:0 | Hebreux 1:4 | Jean 1:0;
59-0712;VGR;Une délivrance totale;2;2;Hebreux 1:0 | Hebreux 1:4;
59-0810;SKN;La Réaction À Une Action;2;2;1 Jean 3:0 | Jean 14:0;
59-0811;SKN;C’est Moi, N’ayez Pas Peur;1;1;Jean 14:12;
59-0813;SKN;Pourquoi ?  (Du Baume en Galaad);1;1;Marc 11:24;
59-0814;SKN;Quand J’ai Réfléchi À Mes Voies;3;3;1 Corinthiens 12:0 | Psaumes 119:56 | Psaumes 46:1;
59-0815;SKN;Pareil À L’Aigle Qui Éveille Sa Couvée;5;4;Jean 14:12 | Jean 5:19 | Job 7:0 | Psaumes 103:3;Deuteronome 32:11
59-0823;SKN;Le Gazam, La Sauterelle, Le Jélek Et Le Hasil;9;9;1 Corinthiens 12:0 | 1 Corinthiens 13:0 | Apocalypse 12:0 | Galates 1:8 | Matthieu 11:0 | Matthieu 1:0 | Matthieu 28:19 | Romains 3:0 | Romains 3:4;
59-0920;SKN;Planter la vigne et où la planter;4;0;;Jean 14:8 | Psaumes 1:0 | Psaumes 80:0 | Psaumes 80:7
59-0920;VGR;Planter le cep et où le planter;4;4;Jean 14:8 | Psaumes 1:0 | Psaumes 80:0 | Psaumes 80:7;
59-1004E;SKN;Pourquoi Crier? Parle! (Attitude Envers L’Oint De Dieu);1;1;Jean 14:7;
59-1108;SKN;Posséder Les Portes De L’Ennemi;2;1;Jean 5:19;Genese 22:0
59-1108;VGR;Possédant les portes de l’ennemi;2;1;Jean 5:19;Genese 22:0
59-1115;SKN;Mon Nouveau Ministère;4;4;Actes 2:0 | Esther 9:0 | Marc 16:0 | Psaumes 22:0;
59-1120;SKN;Un Prophète Comme Moïse;1;0;;Marc 6:0
59-1121;SKN;Ta Postérité Possédera La Porte De Son Ennemi;3;0;;Genese 22:0 | Genese 22:15 | Genese 24:56
59-1122;SKN;Qui est celui-ci ?;1;0;;Matthieu 21:0
59-1123;SKN;Parle à cette montagne;3;2;Genese 22:0 | Marc 11:23;
59-1124;SKN;Du Baume En Galaad;1;1;Jean 5:24;
59-1125;SKN;Au Commencement, Il N’en Était Pas Ainsi;3;3;1 Corinthiens 12:0 | Jean 14:0 | Jean 19:5;
59-1126;SKN;Le Jéhovah des miracles;5;3;Esaie 9:5 | Esaie 9:6 | Jean 5:19;
59-1127;SKN;L'Aveugle Bartimée;2;2;Jean 5:19 | Matthieu 10:0;
59-1128;SKN;La Porte Du Coeur;2;0;;Apocalypse 3:0 | Apocalypse 3:17
59-1129;SKN;Voir Dieu;3;2;Jean 14:0 | Jean 4:0;
59-1216;SKN;Qu’Est-Ce Que Le Saint-Esprit?;22;20;1 Corinthiens 12:0 | 1 Jean 16:7 | 1 Jean 2:0 | 1 Jean 2:1 | 1 Jean 2:12 | Actes 1:8 | Actes 2:0 | Actes 8:14 | Apocalypse 11:0 | Ephesiens 4:30 | Esaie 28:0 | Galates 1:8 | Galates 3:29 | Hebreux 4:0 | Jean 14:0 | Jean 16:7 | Joel 2:28 | Luc 24:49 | Romains 4:0 | jean 16:7;
59-1216;VGR;Qu’est-ce que le Saint-Esprit?;18;16;Actes 1:8 | Actes 2:0 | Actes 8:14 | Apocalypse 11:0 | Ephesiens 4:30 | Esaie 28:0 | Galates 1:8 | Galates 3:29 | Hebreux 4:0 | Jean 14:0 | Jean 16:7 | Jean 2:1 | Jean 2:12 | Joel 2:28 | Luc 24:49 | Romains 4:0;
59-1217;SKN;Pourquoi Le Saint-Esprit A-T-Il Eté Donné?;17;12;1 Corinthiens 12:13 | 1 Timothee 3:16 | Actes 18:0 | Actes 19:0 | Actes 4:0 | Ephesiens 4:30 | Jean 12:24 | Jean 14:0 | Jean 14:12 | Jean 17:17 | Jean 1:0 | Matthieu 10:0;Jean 14:14
59-1217;VGR;Pourquoi le Saint-Esprit a-t-Il été donné?;15;10;Actes 18:0 | Actes 19:0 | Actes 4:0 | Ephesiens 4:30 | Jean 12:24 | Jean 14:0 | Jean 14:12 | Jean 17:17 | Jean 1:0 | Matthieu 10:0;Jean 14:14
59-1219;SKN;Questions et réponses sur le Saint-Esprit;13;13;1 Samuel 18:10 | Actes 19:5 | Actes 2:0 | Hebreux 10:0 | Hebreux 6:0 | Hebreux 6:4-6 | Jean 14:0 | Jean 17:17 | Jean 3:16 | Jean 3:3 | Jean 5:24 | Jean 6:0 | Luc 24:49;
59-1219;VGR;Questions et réponses sur le Saint-Esprit;13;12;Actes 19:5 | Actes 1:0 | Hebreux 10:0 | Hebreux 6:0 | Hebreux 6:4-6 | Jean 14:0 | Jean 17:17 | Jean 3:0 | Jean 3:16 | Jean 5:24 | Jean 6:0 | Luc 24:49;
59-1220E;SKN;Identifié À Christ;4;4;Actes 2:4 | Actes 2:6 | Actes 8:18 | Hebreux 6:0;
59-1220E;VGR;S’identifier à Christ;4;4;Actes 2:4 | Actes 2:6 | Actes 8:18 | Hebreux 6:0;
59-1220M;SKN;Conférence avec Dieu;7;6;Actes 19:0 | Esaie 1:0 | Esaie 9:6 | Hebreux 10:0 | Hebreux 6:4 | Psaumes 103:0;Esaie 1:0
59-1223;SKN;Questions Et Réponses;19;14;1 Jean 1:8-10 | Actes 2:0 | Apocalypse 22:0 | Deuteronome 1:0 | Ephesiens 1:0 | Ephesiens 4:30 | Hebreux 10:26 | Hebreux 4:0 | Hebreux 6:0 | Jean 5:24 | Jean 6:0 | Jeremie 1:4 | Romains 7:0 | Romains 7:22;Hebreux 10:26 | Hebreux 6:4 | Romains 7:25
59-1223;VGR;Questions et réponses;20;15;Actes 2:0 | Apocalypse 22:0 | Deuteronome 1:0 | Ephesiens 1:0 | Ephesiens 4:30 | Hebreux 10:26 | Hebreux 4:6 | Hebreux 6:4 | Jean 1:8 | Jean 5:24 | Jean 6:0 | Jeremie 1:4 | Romains 7:0 | Romains 7:22 | Romains 7:25;
59-1227E;SKN;Un Super sens;2;2;Hebreux 11:0 | Jean 5:24;
59-1227E;VGR;Un super-sens;2;2;Hebreux 11:0 | Jean 5:24;
59-1227M;SKN;Un Super signe;2;2;Actes 19:0 | Actes 19:5;
60-0108;SKN;Une Conférence avec Dieu;4;3;Exode 13:21 | Hebreux 11:1 | Jean 5:24;
60-0109;SKN;Messieurs, Nous Voudrions Voir Jésus;7;5;Deuteronome 18:15 | Jean 14:12 | Jean 1:0 | Jean 5:19 | Psaumes 103:0;Hebreux 13:0
60-0110;SKN;La Reine De Séba;4;4;Deuteronome 18:5 | Jean 15:0 | Jean 5:19 | Marc 11:24;
60-0210E;SKN;Et Dès Ce Moment-Là;1;1;Jean 5:19;
60-0221;SKN;Entendre, reconnaître et agir sur la Parole de Dieu;1;1;Hebreux 6:0;
60-0221;VGR;Entendre, reconnaître, agir selon la Parole de Dieu;4;3;Ephesiens 4:30 | Hebreux 10:0 | Hebreux 6:0;Romains 9:11
60-0228;SKN;Les Conférences;2;2;Actes 4:0 | Apocalypse 21:0;
60-0229;SKN;La Tempête approche;2;2;Ephesiens 4:30 | Jean 5:24;
60-0301;SKN;Il prend soin de vous;3;2;Genese 14:0 | Hebreux 10:0;
60-0302;SKN;Dès ce moment;1;1;Jean 5:19;
60-0303;SKN;La Pluie de la première et de l'arrière saison;3;0;;Esaie 21:0 | Esaie 21:11 | Zacharie 14:6
60-0304;SKN;Avoir soif de la vie;1;1;Psaumes 63:0;
60-0305;SKN;N’ayez Pas Peur, C’est Moi;2;1;Jean 5:19;
60-0308;SKN;Le Discernement De L'Esprit (L’Esprit Parle Par Le Prophète);6;5;Jean 13:35 | Jean 14:7 | Marc 16:0 | Psaumes 22:0 | Psaumes 23:0;Psaumes 105:0
60-0308;VGR;Le discernement de l’esprit;6;5;Jean 13:35 | Jean 14:7 | Marc 16:0 | Psaumes 22:0 | Psaumes 23:0;Psaumes 105:0
60-0309;SKN;Pourquoi?;1;1;Deuteronome 14:0;
60-0311;SKN;La Foi de marie;1;1;Esaie 9:6;
60-0313;SKN;Ecoutez-Le;3;3;Hebreux 13:8 | Jean 14:0 | Jean 5:19;
60-0326;SKN;Le Dieu immuable;2;2;Jean 5:19 | Job 23:3;
60-0329;SKN;C'est Moi, N'ayez Pas Peur;2;2;Jean 4:0 | Jean 5:24;
60-0331;SKN;Dès Ce Moment;1;1;Esaie 9:6;
60-0401E;SKN;La Reine De Séba;4;4;Hebreux 13:8 | Jean 14:0 | Jean 4:0 | Jean 5:19;
60-0402;SKN;Crois-tu cela ?;2;2;Jean 5:19 | Marc 11:23;
60-0402;VGR;Crois-tu cela?;2;2;Jean 5:19 | Marc 11:23;
60-0403;SKN;Pareil À L’Aigle Qui Éveille;5;3;Actes 19:0 | Deuteronome 32:11 | Jean 4:0;
60-0417M;SKN;Allez dire! Courir sans un message;4;4;1 Corinthiens 15:0 | Jean 14:12 | Marc 11:23 | Marc 16:0;
60-0417M;VGR;Allez dire;3;3;Jean 14:12 | Marc 11:23 | Marc 16:0;
60-0417S;VGR;Je sais;2;1;Job 19:0;Matthieu 28:0
60-0417S;SKN;Je sais;1;0;;Matthieu 28:0
60-0515E;SKN;L'Epitre Aux Ephésiens Est Comparable Au Livre De Josué;9;8;1 Pierre 1:19-20 | Apocalypse 13:0 | Apocalypse 13:8 | Apocalypse 17:8 | Ephesiens 4:30 | Genese 1:26 | Genese 2:0 | Joel 2:28;
60-0515E;VGR;L’adoption #1;8;7;Apocalypse 13:0 | Apocalypse 13:8 | Apocalypse 17:8 | Ephesiens 4:30 | Genese 1:26 | Genese 2:0 | Joel 2:28;
60-0515M;SKN;Le Roi rejeté;1;1;Marc 16:0;
60-0515M;VGR;Le Roi rejeté;1;1;Marc 16:0;
60-0518;SKN;Les Fils De Dieu Manifestés;12;10;Apocalypse 17:8 | Ephesiens 1:5 | Esaie 28:18 | Esaie 66:0 | Genese 1:0 | Genese 2:0 | Hebreux 4:0 | Hebreux 6:0 | Jean 1:17 | Romains 8:0;
60-0518;VGR;L’adoption #2;12;10;Apocalypse 17:8 | Ephesiens 1:5 | Esaie 28:18 | Esaie 66:0 | Genese 1:0 | Genese 2:0 | Hebreux 4:0 | Hebreux 6:0 | Jean 1:17 | Romains 8:0;
60-0522E;SKN;L'Adoption;10;10;Ephesiens 4:30 | Esaie 9:6 | Galates 1:8 | Genese 14:0 | Genese 14:18 | Genese 2:0 | Jean 17:17 | Job 7:27 | Matthieu 16:16 | job 7:17;
60-0522E;VGR;L’adoption #4;10;10;Ephesiens 4:30 | Esaie 9:6 | Galates 1:8 | Genese 14:0 | Genese 14:18 | Genese 2:0 | Jean 17:17 | Job 7:27 | Matthieu 16:16 | job 7:17;
60-0522M;SKN;L'Adoption (La Position En Christ);8;6;Actes 19:0 | Actes 9:5 | Galates 1:0 | Hebreux 9:11 | Jean 17:17 | Matthieu 28:19;
60-0522M;VGR;L’adoption #3;8;6;Actes 19:0 | Actes 9:5 | Galates 1:0 | Hebreux 9:11 | Jean 17:17 | Matthieu 28:19;
60-0604;SKN;À Qui Irons-Nous?;5;4;Jean 10:0 | Jean 14:7 | Jean 4:0 | Jean 5:19;Jean 6:66
60-0604;VGR;À qui irions-nous?;4;4;Jean 10:0 | Jean 4:0 | Jean 5:19 | Jean 6:66;
60-0606;SKN;À Qui Irions-Nous?;4;4;Jean 10:0 | Jean 17:17 | Jean 4:0 | Jean 5:24;
60-0607;SKN;Entendre, reconnaitre et agir;2;2;Ephesiens 4:30 | Jean 5:19;
60-0608;SKN;Tenir Des Conférences;1;1;1 Timothee 3:16;
60-0609;SKN;N’Ayez Pas Peur;4;2;Hebreux 4:15 | Jean 4:0;Matthieu 14:0
60-0611B;SKN;La Communion;3;3;1 Jean 5:7 | Romains 5:0 | Romains 8:0;
60-0611E;SKN;La Foi, C'est Le Sixième Sens;1;1;Hebreux 11:0;
60-0612;SKN;Parle À Ce Rocher;1;1;Jean 5:24;
60-0626;SKN;Les Réalités Infaillibles Du Dieu Vivant;5;5;Actes 19:0 | Actes 2:38 | Esaie 28:11 | Esaie 35:0 | Genese 1:26;
60-0626;VGR;Les réalités infaillibles du Dieu vivant;4;4;Actes 19:0 | Actes 2:38 | Esaie 35:0 | Genese 1:26;
60-0630;SKN;L'Approche À Laquelle Dieu A Pourvue Pour Communier;1;1;Romains 5:1;
60-0708;SKN;Messieurs, Nous Voudrions Voir Jésus;4;4;Hebreux 13:8 | Jean 1:0 | Jean 4:0 | Jean 5:19;
60-0709;SKN;Approche À Laquelle Dieu A Pourvue Pour La Communion;11;10;1 Jean 1:0 | 1 Jean 1:7 | Ephesiens 4:30 | Ephesiens 6:0 | Genese 1:0 | Hebreux 13:12 | Jean 4:0 | Jean 5:24 | Nombres 19:0 | Romains 5:1;
60-0710;SKN;La Reine De Séba;4;4;1 Timothee 3:0 | Matthieu 12:0 | Matthieu 12:42 | Matthieu 5:0;
60-0711;SKN;La Porte dans la porte;5;4;Actes 2:38 | Hebreux 13:8 | Jean 14:7 | Marc 16:0;
60-0712;SKN;Ecoutez-le (adoption);2;2;Apocalypse 1:0 | Jean 5:24;
60-0713;SKN;L'Aveugle Bartimée;3;3;Actes 19:0 | Jean 4:0 | Jean 5:19;
60-0716;SKN;Dès ce moment;4;4;Esaie 9:6 | Hebreux 13:8 | Jean 15:0 | Jean 5:19;
60-0720;SKN;C’Est Moi;3;2;Jean 5:19 | Marc 16:0;Hebreux 13:8
60-0722;SKN;Sentinelle, Que Dis-Tu De La Nuit?;1;1;Jean 5:19;
60-0723;SKN;Parle à ce rocher et il donnera ses eaux;1;1;Psaumes 22:0;
60-0724;SKN;La Parole immuable de Dieu (Dieu tient sa parole);8;8;Actes 19:0 | Actes 2:0 | Apocalypse 13:0 | Esaie 9:6 | Hebreux 4:0 | Jean 14:0 | Jean 5:19 | Matthieu 24:35;
60-0729;SKN;Ce qu’il faut pour triompher de toute incrédulité: notre Foi;4;4;Hebreux 13:8 | Jean 14:7 | Jean 5:24 | Psaumes 103:3;
60-0731;SKN;Montre-Nous Le Père Et Cela Nous Suffit;2;2;Actes 19:0 | Apocalypse 1:0;
60-0802;SKN;Jéhovah-Jiré 2  (El-Shaddaï);2;2;Ephesiens 4:30 | Hebreux 10:0;
60-0803;SKN;Jéhovah-Jiré 3  (Abraham);6;5;Apocalypse 13:0 | Esaie 10:0 | Esther 4:0 | Jean 5:24 | Psaumes 103:3;Genese 22:0
60-0804;SKN;Pareil À L’Aigle Qui Éveille Sa Couvée;2;2;Job 7:27 | job 7:4;
60-0805;SKN;L’Agneau Et La Colombe;2;2;Galates 5:0 | Jean 4:0;
60-0806;SKN;Ecoutez-Le;5;4;Actes 2:38 | Esaie 1:8 | Hebreux 11:0 | Jean 14:0;
60-0807;SKN;Débat sur le parler en langues;15;10;Actes 10:44 | Actes 10:49 | Actes 19:5 | Actes 19:6 | Actes 2:0 | Actes 2:38 | Actes 2:4 | Actes 8:0 | actes 10:44 | actes 10:46;
60-0911E;SKN;Les Cinq identifications précises de la vraie Eglise du Dieu vivant;42;35;1 Corinthiens 12:0 | Actes 19:0 | Actes 1:0 | Actes 1:8 | Actes 2:38 | Actes 5:32 | Actes 7:38 | Apocalypse 13:0 | Apocalypse 17:0 | Colossiens 1:0 | Colossiens 1:17 | Colossiens 3:26 | Ephesiens 1:0 | Ephesiens 1:22 | Ephesiens 4:30 | Ephesiens 5:25 | Galates 3:26 | Hebreux 11:0 | Hebreux 12:13 | Hebreux 13:12 | Hebreux 13:8 | Jean 14:0 | Jean 14:12 | Jean 3:5 | Luc 24:0 | Luc 24:26 | Luc 24:29 | Luc 24:49 | Marc 16:0 | Matthieu 10:0 | Matthieu 10:1 | Matthieu 16:0 | Matthieu 16:18 | Matthieu 28:20 | colossiens 3:11;
60-0911E;VGR;Cinq identifications précises de la véritable Église du Dieu vivant;37;31;Actes 19:0 | Actes 1:0 | Actes 1:8 | Actes 5:32 | Actes 7:38 | Apocalypse 13:0 | Apocalypse 17:0 | Colossiens 1:0 | Colossiens 1:17 | Colossiens 3:26 | Ephesiens 4:0 | Ephesiens 4:30 | Ephesiens 5:25 | Galates 3:26 | Galates 3:26-28 | Genese 1:0 | Hebreux 11:0 | Hebreux 13:12 | Hebreux 13:8 | Jean 14:0 | Jean 14:12 | Jean 3:5 | Luc 24:0 | Luc 24:46 | Luc 24:49 | Marc 16:0 | Matthieu 10:0 | Matthieu 10:1 | Matthieu 16:18 | Matthieu 28:20 | colossiens 3:11;Matthieu 16:18
60-0911M;SKN;Je Serai Avec Toi Comme J'ai Eté Avec Moïse;3;2;Josue 1:0 | Marc 16:0;Josue 1:0
60-0911M;VGR;Je serai avec toi, comme J’ai été avec Moïse;3;2;Josue 1:0 | Marc 16:0;Josue 1:0
60-0925;SKN;Ce Jour-Là Sur Le Calvaire;1;1;Matthieu 27:0;
60-0925;VGR;Ce jour-là sur le Calvaire;1;1;Matthieu 27:0;
60-1002;SKN;Le Parent Rédempteur;2;2;1 Timothee 3:16 | Jean 5:19;
60-1113;SKN;La Condamnation par représentation;6;6;Actes 19:0 | Deuteronome 30:0 | Galates 1:8 | Genese 1:11 | Hebreux 13:0 | Jacques 5:14;
60-1113;VGR;La condamnation par représentation;6;6;Actes 19:0 | Deuteronome 30:0 | Galates 1:8 | Genese 1:11 | Hebreux 13:0 | Jacques 5:14;
60-1124;SKN;C’est Moi;2;2;Apocalypse 17:15 | Jean 14:7;
60-1125;SKN;Une Conférence;6;6;Actes 2:0 | Actes 4:0 | Exode 19:0 | Job 7:27 | Joel 2:28 | job 7:4;
60-1126;SKN;Pourquoi?;3;3;Actes 2:38 | Hebreux 13:8 | Psaumes 103:3;
60-1127E;SKN;La Reine Du Midi;2;2;Jean 4:0 | Psaumes 63:0;
60-1127M;SKN;Il N’En Était Pas Ainsi Au Commencement;4;4;Actes 19:0 | Actes 2:0 | Genese 1:0 | Marc 11:22;
60-1204E;SKN;La Vision de Patmos (La Vision de Patmos de Jean);31;28;Apocalypse 17:15 | Apocalypse 19:0 | Apocalypse 19:15 | Apocalypse 21:23 | Apocalypse 7:0 | Daniel 7:0 | Daniel 7:9 | Ephesiens 4:30 | Esaie 28:0 | Esaie 28:8 | Esaie 35:0 | Esther 6:0 | Esther 8:0 | Hebreux 4:0 | Hebreux 4:2 | Jean 15:0 | Jean 17:17 | Jean 5:22 | Malachie 4:0 | Marc 11:22 | Marc 16:0 | Matthieu 10:0 | Matthieu 11:0 | Matthieu 17:0 | Matthieu 24:0 | Matthieu 25:0 | Matthieu 25:33 | Zacharie 4:1;
60-1204E;VGR;La vision de Patmos;38;28;Apocalypse 13:8 | Apocalypse 17:15 | Apocalypse 19:0 | Apocalypse 19:11 | Apocalypse 19:15 | Apocalypse 21:23 | Apocalypse 7:0 | Daniel 7:0 | Daniel 7:9 | Ephesiens 4:30 | Esaie 28:0 | Esaie 28:8 | Esaie 35:0 | Hebreux 4:0 | Hebreux 4:2 | Jean 15:0 | Jean 17:17 | Jean 5:22 | Malachie 4:0 | Marc 11:22 | Marc 16:0 | Matthieu 10:0 | Matthieu 11:0 | Matthieu 17:0 | Matthieu 24:0 | Matthieu 25:0 | Matthieu 25:33 | Zacharie 4:1;
60-1204M;SKN;La Révélation de Jésus-Christ;21;17;Actes 19:0 | Actes 2:36 | Apocalypse 11:0 | Apocalypse 15:3 | Apocalypse 17:0 | Apocalypse 22:0 | Esaie 9:6 | Genese 45:0 | Hebreux 11:0 | Hebreux 13:8 | Jean 14:7 | Jean 5:7 | Marc 16:0 | Matthieu 16:18 | Matthieu 1:18 | Matthieu 28:19 | Zacharie 12:0;
60-1204M;VGR;La Révélation de Jésus-Christ;23;20;Actes 19:0 | Actes 2:36 | Apocalypse 11:0 | Apocalypse 15:3 | Apocalypse 17:0 | Apocalypse 1:0 | Apocalypse 22:0 | Apocalypse 4:0 | Esaie 9:6 | Genese 45:0 | Hebreux 11:0 | Hebreux 13:8 | Jean 14:12 | Jean 14:7 | Jean 5:7-8 | Marc 16:0 | Matthieu 16:18 | Matthieu 1:18 | Matthieu 28:19 | Zacharie 12:0;
60-1205;SKN;L'Age de l'Eglise d'Ephese;8;8;Actes 19:0 | Actes 2:0 | Galates 1:8 | Hebreux 11:0 | Hebreux 13:8 | Hebreux 6:0 | Marc 16:0 | Matthieu 5:0;
60-1205;VGR;L’Âge de l’Église d’Éphèse;9;9;Actes 19:0 | Actes 2:0 | Galates 1:8 | Hebreux 11:0 | Hebreux 13:8 | Hebreux 6:0 | Jean 6:0 | Marc 16:0 | Matthieu 5:0;
60-1206;SKN;L'Age de l'Eglise de Smyrne;1;1;Exode 19:0;
60-1206;VGR;L’Âge de l’Église de Smyrne;1;1;Exode 19:0;
60-1207;SKN;L'Age de l'Eglise de Pergame;10;8;Actes 2:38 | Apocalypse 17:0 | Hebreux 4:0 | Hebreux 4:12 | Jean 1:0 | Matthieu 28:19 | Nombres 22:0 | Nombres 23:9;
60-1207;VGR;L’Âge de L’Église de Pergame;9;8;Actes 2:38 | Apocalypse 17:0 | Hebreux 4:0 | Hebreux 4:12 | Jean 1:0 | Matthieu 28:19 | Nombres 22:0 | Nombres 23:9;
60-1208;VGR;L’Âge de l’Église de Thyatire;7;6;Apocalypse 13:0 | Apocalypse 13:14 | Apocalypse 13:6 | Apocalypse 17:0 | Hebreux 4:0 | Marc 16:0;
60-1208;SKN;L'Age de l'Eglise de Thyatire;7;6;Apocalypse 13:14 | Apocalypse 13:6 | Apocalypse 13:8 | Apocalypse 17:0 | Hebreux 4:0 | Marc 16:0;
60-1209;SKN;L'Age de l'Eglise de Sardes;8;8;Actes 19:5 | Apocalypse 13:0 | Apocalypse 17:0 | Galates 1:8 | Hebreux 13:12 | Luc 24:49 | Marc 16:0 | Romains 5:1;
60-1209;VGR;L’Âge de l’Église de Sardes;8;8;Actes 19:5 | Apocalypse 13:0 | Apocalypse 17:0 | Galates 1:8 | Hebreux 13:12 | Luc 24:49 | Marc 16:0 | Romains 5:1;
60-1210;SKN;L'Age de l'Eglise de Philadelphie;29;25;Actes 15:0 | Actes 15:14 | Actes 5:19 | Actes 9:0 | Apocalypse 1:1 | Apocalypse 21:0 | Apocalypse 2:13 | Apocalypse 2:17 | Apocalypse 3:0 | Apocalypse 3:7 | Daniel 12:3 | Ephesiens 2:19 | Ephesiens 3:15 | Galates 1:8 | Jean 10:17 | Jean 10:7 | Jean 17:17 | Jean 17:7 | Jean 5:19 | Marc 16:0 | Matthieu 16:18 | Matthieu 1:18 | Matthieu 28:19 | Romains 2:29 | Romains 5:1;
60-1210;VGR;L’Âge de l’Église de Philadelphie;24;22;Actes 15:0 | Actes 15:14 | Actes 9:0 | Apocalypse 21:0 | Apocalypse 2:13 | Apocalypse 2:17 | Apocalypse 3:0 | Apocalypse 3:7 | Daniel 12:3 | Ephesiens 2:19 | Ephesiens 3:15 | Galates 1:8 | Jean 10:17 | Jean 10:7 | Jean 17:17 | Jean 17:7 | Jean 5:19 | Marc 16:0 | Matthieu 16:18 | Matthieu 28:19 | Romains 2:29 | Romains 5:1;
60-1211E;SKN;L'Age de l'Eglise de Laodicée;10;9;Jacques 5:1 | Luc 1:0 | Luc 1:17 | Luc 1:67 | Luc 2:0 | Malachie 4:0 | Matthieu 17:10 | Matthieu 17:9 | Matthieu 2:0;
60-1211E;VGR;L’Âge de l’Église de Laodicée;10;10;Jacques 5:1 | Luc 1:0 | Luc 1:17 | Luc 1:67 | Luc 2:0 | Malachie 4:0 | Matthieu 17:10 | Matthieu 17:9 | Matthieu 2:0 | Romains 11:15-27;
60-1211M;SKN;Les Dix Vierges;25;17;Apocalypse 11:0 | Apocalypse 12:0 | Apocalypse 13:0 | Apocalypse 13:15 | Apocalypse 19:11 | Apocalypse 22:16 | Apocalypse 7:0 | Apocalypse 9:0 | Apocalypse 9:1-4 | Daniel 7:0 | Ephesiens 4:30 | Ezechiel 4:0 | Ezechiel 9:0 | Matthieu 21:0 | Matthieu 24:0 | Matthieu 24:24 | Romains 2:22;
60-1211M;VGR;Les dix vierges et les cent quarante-quatre mille Juifs;20;14;Apocalypse 11:0 | Apocalypse 12:0 | Apocalypse 13:0 | Apocalypse 13:15 | Apocalypse 22:16 | Apocalypse 7:0 | Daniel 7:0 | Ephesiens 4:30 | Ezechiel 4:0 | Ezechiel 9:0 | Matthieu 21:0 | Matthieu 24:0 | Matthieu 24:24 | Romains 2:22;
60-1218;SKN;Le Son Confus;19;16;Actes 2:38 | Actes 2:39 | Apocalypse 21:0 | Genese 22:0 | Hebreux 11:17 | Hebreux 11:17-19 | Hebreux 11:7 | Hebreux 13:12 | Jean 14:12 | Jean 15:0 | Jean 5:19 | Marc 16:0 | Matthieu 10:0 | Matthieu 17:0 | Matthieu 17:2 | Matthieu 24:35;
60-1218;VGR;Le son confus;16;13;Actes 2:38 | Apocalypse 21:0 | Genese 22:0 | Hebreux 11:0 | Hebreux 11:17 | Hebreux 13:12 | Jean 14:12 | Jean 15:0 | Jean 5:19 | Marc 16:0 | Matthieu 10:0 | Matthieu 17:0 | Matthieu 24:35;
60-1225;SKN;Le Don Enveloppé De Dieu;6;5;Actes 10:35 | Actes 2:38 | Apocalypse 1:20 | Apocalypse 20:0 | Matthieu 1:5;Luc 2:7
60-1225;VGR;Le Cadeau enveloppé de Dieu;6;5;Actes 10:35 | Actes 2:38 | Apocalypse 1:20 | Apocalypse 20:0 | Matthieu 1:5;Luc 2:7
60-1231;SKN;Apocalypse chapitre Quatre #1;12;10;Apocalypse 19:0 | Apocalypse 1:1-10 | Apocalypse 1:10 | Apocalypse 21:0 | Apocalypse 3:8 | Apocalypse 4:2 | Jean 10:0 | Jean 20:21 | Jean 21:20 | Matthieu 16:13;
60-1231;VGR;Apocalypse, chapitre quatre, 1re partie;14;11;Apocalypse 11:10 | Apocalypse 19:0 | Apocalypse 1:10 | Apocalypse 1:20 | Apocalypse 21:0 | Apocalypse 3:8 | Apocalypse 4:2 | Jean 10:0 | Jean 20:21 | Jean 21:20 | Matthieu 16:13;
61-0101;SKN;Les Vingt-quatre Anciens (Apocalypse chapitre Quatre #2);20;18;Apocalypse 20:4 | Apocalypse 21:10 | Apocalypse 2:10 | Apocalypse 3:21 | Daniel 7:0 | Daniel 7:9 | Ezechiel 1:0 | Genese 48:0 | Genese 8:20-22 | Genese 9:0 | Genese 9:13 | Hebreux 13:0 | Hebreux 6:12 | Hebreux 9:23 | Jean 1:5 | Marc 16:0 | Matthieu 17:0 | Matthieu 19:28;
61-0101;VGR;Apocalypse, chapitre quatre, 2e partie;19;17;Apocalypse 20:4 | Apocalypse 21:10 | Apocalypse 2:10 | Apocalypse 3:21 | Daniel 7:0 | Daniel 7:9 | Ezechiel 1:0 | Genese 48:0 | Genese 8:20 | Genese 9:0 | Genese 9:13 | Hebreux 6:12 | Hebreux 9:23 | Jean 1:5 | Marc 16:0 | Matthieu 17:0 | Matthieu 19:28;
61-0108;SKN;Le Trône (Apocalypse chapitre Quatre #3);57;39;Actes 19:0 | Actes 2:38 | Apocalypse 15:0 | Apocalypse 1:0 | Apocalypse 22:0 | Apocalypse 2:5 | Apocalypse 3:0 | Apocalypse 4:0 | Apocalypse 4:1 | Apocalypse 5:0 | Ephesiens 4:30 | Ephesiens 5:0 | Esaie 6:0 | Esaie 9:6 | Exode 19:16 | Exode 25:10 | Genese 1:0 | Genese 3:24 | Genese 49:0 | Genese 4:16 | Jean 14:12 | Jean 15:7 | Levitique 16:0 | Levitique 16:14 | Luc 10:0 | Luc 10:1 | Luc 11:0 | Luc 11:29 | Luc 24:49 | Marc 11:21 | Marc 16:0 | Matthieu 10:0 | Matthieu 10:1 | Matthieu 11:0 | Matthieu 17:0 | Matthieu 1:0 | Matthieu 1:18 | Matthieu 21:0 | Matthieu 28:19;
61-0108;VGR;Apocalypse, chapitre quatre, 3e partie;62;40;Actes 19:0 | Actes 2:38 | Apocalypse 11:13 | Apocalypse 15:0 | Apocalypse 1:0 | Apocalypse 20:4 | Apocalypse 22:0 | Apocalypse 2:5 | Apocalypse 3:0 | Apocalypse 4:0 | Apocalypse 4:1 | Apocalypse 5:0 | Ephesiens 4:30 | Ephesiens 5:0 | Esaie 6:0 | Esaie 9:6 | Exode 19:16 | Exode 25:10 | Genese 1:0 | Genese 3:24 | Genese 49:0 | Genese 4:16 | Jean 14:12 | Jean 15:7 | Levitique 16:0 | Levitique 16:14 | Luc 10:1 | Luc 11:29 | Luc 24:49 | Marc 11:21 | Marc 11:23 | Marc 16:0 | Matthieu 10:0 | Matthieu 10:1 | Matthieu 11:0 | Matthieu 17:0 | Matthieu 1:0 | Matthieu 1:18 | Matthieu 21:0 | Matthieu 28:19;
61-0112;SKN;Questions Et Réponses;19;13;Actes 19:0 | Actes 2:38 | Actes 2:4 | Esaie 28:0 | Hebreux 6:0 | Hebreux 6:1 | Jean 13:0 | Luc 3:0 | Luc 3:14-16 | Malachie 4:0 | Matthieu 18:10 | Matthieu 28:19 | Matthieu 3:0;
61-0112;VGR;Questions et réponses;20;14;Actes 19:0 | Actes 2:38 | Actes 2:4 | Esaie 28:0 | Hebreux 6:0 | Hebreux 6:1 | Jean 13:0 | Luc 1:17 | Luc 3:0 | Luc 3:14-16 | Malachie 4:0 | Matthieu 18:10 | Matthieu 28:19 | Matthieu 3:0;
61-0117;SKN;Le Messie;23;18;2 Timothee 3:0 | Actes 19:0 | Actes 2:38 | Apocalypse 11:0 | Apocalypse 17:0 | Esaie 40:0 | Esaie 9:6 | Ezechiel 1:26 | Genese 1:26 | Hebreux 6:0 | Jean 14:12 | Jean 15:0 | Jean 5:19 | Malachie 4:0 | Malachie 4:5 | Marc 11:24 | Marc 16:0 | Matthieu 24:0;Esaie 9:6 | Genese 3:15
61-0118;SKN;Jésus-Christ Est Le Même Hier, Aujourd’hui Et Éternellement;12;12;1 Corinthiens 12:0 | Actes 10:49 | Apocalypse 11:0 | Esaie 9:0 | Hebreux 13:8 | Jean 14:12 | Jean 4:0 | Jean 5:0 | Jean 5:19 | Jean 6:0 | Marc 16:0 | actes 10:48;
61-0119E;SKN;La Reine de Séba;6;6;Hebreux 13:8 | Jean 5:19 | Malachie 3:0 | Malachie 4:0 | Marc 16:0 | Matthieu 12:42;
61-0119M;SKN;Les Choses N'étaient Pas Ainsi Au Commencement (Il N’en Etait Pas Ainsi Au Commencement);4;4;Actes 2:38 | Galates 1:8 | Jean 14:0 | Jean 15:0;
61-0119M;VGR;Des choses qui n’étaient pas ainsi au commencement;4;4;Actes 2:38 | Galates 1:8 | Jean 14:0 | Jean 15:0;
61-0121;SKN;La Foi de marie;6;3;Esaie 9:5 | Esaie 9:6 | Hebreux 4:0;
61-0122;SKN;Pareil À L'Aigle Qui Eveille Sa Couvée;4;4;Apocalypse 1:0 | Deuteronome 32:11 | Ephesiens 4:30 | Esther 7:7;
61-0123;SKN;N’Ayez Pas Peur, C’est Moi;3;3;Hebreux 13:8 | Jean 14:12 | Matthieu 14:27;
61-0124;SKN;Aveugle Bartimée;3;3;Hebreux 13:0 | Jean 5:19 | Psaumes 22:0;
61-0125;SKN;Pourquoi?;1;1;Psaumes 103:0;
61-0128;SKN;Pourquoi?;8;8;Actes 19:0 | Actes 2:4 | Galates 1:8 | Genese 1:26 | Hebreux 3:0 | Jean 5:24 | Jeremie 8:22 | Psaumes 103:3;
61-0129;SKN;Se tourner vers le nord;3;3;Esaie 40:0 | Exode 19:0 | Jean 5:0;
61-0205E;SKN;Jésus-Christ Est Le Même Hier, Aujourd’hui Et Éternellement;10;7;Genese 1:26 | Hebreux 13:8 | Jean 12:20 | Jean 19:0 | Jean 4:0 | Jean 5:19 | Luc 16:0;
61-0205M;SKN;Expectative;4;3;Actes 4:0 | Esaie 6:9 | Malachie 3:1;
61-0207;SKN;Expectative;4;4;Esaie 35:0 | Esaie 9:5 | Esaie 9:6 | Hebreux 4:0;
61-0208;SKN;Messieurs, Nous Voudrions Voir Jésus;11;10;Apocalypse 17:0 | Deuteronome 18:15 | Exode 19:0 | Hebreux 13:8 | Jean 12:0 | Jean 12:20 | Jean 14:12 | Jean 1:0 | Jean 4:0 | Jean 6:0;
61-0209;SKN;Jéhovah-Jiré;5;5;Actes 2:0 | Exode 19:0 | Galates 3:0 | Genese 12:0 | Jean 15:0;
61-0210;SKN;L’Alliance confirmée d’Abraham;14;13;Actes 19:0 | Actes 2:0 | Daniel 12:0 | Ephesiens 4:30 | Galates 1:8 | Genese 13:14 | Genese 13:16 | Genese 15:0 | Genese 15:5 | Genese 17:1 | Genese 1:11 | Genese 1:26 | Genese 22:14;
61-0211;SKN;Abraham;5;5;Apocalypse 17:0 | Hebreux 4:0 | Jean 5:24 | Matthieu 12:0 | Matthieu 8:0;
61-0212E;SKN;C’est Moi, N’ayez Pas Peur;8;4;Hebreux 13:8 | Jean 4:0 | Jean 5:19 | Matthieu 14:27;1 Timothee 3:16
61-0212M;SKN;Jéhovah-Jiré (Le Fidèle Abraham);4;3;Ezechiel 33:33 | Genese 22:0 | Jean 5:19;Jeremie 1:4
61-0213;SKN;Et Ta Postérité Possédera La Porte De Ses Ennemis;4;4;Galates 3:0 | Hebreux 11:0 | Jean 5:24 | Marc 11:22;
61-0214;SKN;La Base De La Communion;3;3;Hebreux 13:12 | Jean 17:17 | Romains 5:1;
61-0215;SKN;Fils De David, Aie Pitié De Moi (Aveugle Bartimée);1;1;Jean 5:24;
61-0216;SKN;Le Sceau de Dieu;6;6;Genese 1:0 | Genese 3:1 | Genese 4:15 | Hebreux 11:0 | Matthieu 16:0 | Matthieu 24:0;
61-0217;SKN;La Marque de la bête;22;20;1 Corinthiens 13:0 | 1 Jean 5:7 | Actes 19:0 | Apocalypse 14:6 | Apocalypse 17:0 | Apocalypse 7:0 | Daniel 7:9 | Ephesiens 1:13 | Ephesiens 4:30 | Esaie 28:8-12 | Exode 19:0 | Exode 21:6 | Ezechiel 9:0 | Galates 1:8 | Genese 14:0 | Genese 4:15 | Hebreux 4:0 | Jean 17:17 | Jean 5:24 | Matthieu 24:24;
61-0218;SKN;Du Baume En Galaad;2;2;Jean 5:24 | Jeremie 8:22;
61-0219;SKN;La Reine De Séba;7;7;Hebreux 13:8 | Jean 4:0 | Jean 5:0 | Jean 5:19 | Jean 5:24 | Marc 11:23 | Marc 16:0;
61-0224;SKN;N'Ayez Pas Peur;9;7;Actes 10:49 | Jean 4:0 | Jean 5:0 | Jean 5:19 | Jean 5:24 | Jean 6:0 | actes 10:44;
61-0226;SKN;Jéhovah-Jiré;12;7;Genese 12:0 | Genese 12:15 | Genese 15:0 | Genese 17:0 | Genese 1:26 | Genese 22:0 | Genese 22:14;
61-0305;SKN;Au-Delà Du Rideau Du Temps;1;1;Hebreux 4:0;
61-0305;VGR;Au-delà du rideau du temps;1;1;Hebreux 4:0;
61-0308;SKN;L'Expectative;4;4;Esaie 9:6 | Hebreux 3:0 | Hebreux 4:0 | Psaumes 103:3;
61-0311;SKN;N’Ayez Pas Peur;3;2;Exode 19:0 | Jean 5:19;
61-0312;SKN;Jéhovah-Jiré;14;10;1 Jean 5:7 | Actes 19:0 | Ephesiens 4:30 | Genese 12:0 | Genese 15:0 | Genese 17:0 | Genese 18:0 | Genese 1:26 | Genese 22:0 | Marc 16:0;
61-0315;SKN;Un Son confus;5;4;Actes 2:38 | Hebreux 13:8 | Jean 5:19 | Marc 16:0;
61-0316;SKN;L'Eglise Choisissant La Loi Au Lieu De La Grâce;8;3;Actes 2:4 | Exode 19:0 | Jean 5:24;
61-0317;SKN;L'Alliance De Grâce D'Abraham;12;10;Ephesiens 4:30 | Exode 19:0 | Genese 12:0 | Genese 15:0 | Genese 18:0 | Genese 22:14 | Hebreux 10:0 | Hebreux 13:12 | Hebreux 13:8 | Matthieu 1:18;
61-0318;SKN;L'Alliance Confirmée D'Abraham;4;4;Actes 2:0 | Apocalypse 11:0 | Apocalypse 1:3 | Matthieu 12:0;
61-0319;SKN;La Religion de Jézabel;8;8;Actes 2:0 | Actes 2:38 | Apocalypse 13:0 | Apocalypse 17:17 | Apocalypse 2:20 | Malachie 3:0 | Malachie 4:0 | Matthieu 17:0;
61-0319;VGR;La religion de Jézabel;10;8;Actes 2:0 | Actes 2:38 | Apocalypse 13:0 | Apocalypse 17:17 | Apocalypse 2:20 | Malachie 3:0 | Malachie 4:0 | Matthieu 17:0;
61-0402;SKN;Le Véritable sceau de pâques;4;3;Ephesiens 4:30 | Marc 16:0 | Romains 4:25;
61-0409;SKN;Messieurs, Nous Voudrions Voir Jésus;13;10;Actes 10:0 | Actes 3:0 | Hebreux 13:8 | Hebreux 4:12 | Jean 12:20 | Jean 14:0 | Jean 14:7 | Jean 1:0 | Jean 4:0 | Jean 5:19;
61-0410;SKN;Les Conférences;5;4;Actes 2:0 | Galates 1:8 | Joel 2:0 | Luc 24:49;Esaie 1:18
61-0411;SKN;Mais Il N’En Était Pas Ainsi Au Commencement;2;2;Jean 5:19 | Jean 6:0;
61-0412;SKN;Il Y A Ici Plus Que Salomon;7;6;Hebreux 4:0 | Jean 1:0 | Jean 5:19 | Jean 5:24 | Matthieu 12:42 | Matthieu 3:0;Marc 16:0
61-0413;SKN;Pourquoi?;1;1;Matthieu 10:0;
61-0414;SKN;N’Ayez Pas Peur, C’est Moi;8;6;1 Corinthiens 12:0 | 1 Timothee 3:16 | Actes 4:0 | Jean 14:7 | Jean 5:19 | Matthieu 12:0;
61-0415E;SKN;Le Son confus;7;6;Actes 19:5 | Actes 2:38 | Apocalypse 13:0 | Hebreux 13:8 | Jean 14:7 | Jean 5:24;
61-0416;SKN;Abraham Et Sa Postérité Après Lui;15;11;Genese 12:0 | Genese 14:22 | Genese 15:0 | Genese 18:0 | Genese 1:0 | Genese 22:14 | Malachie 3:0 | Malachie 4:0 | Romains 4:0 | Romains 5:1 | Romains 9:0;
61-0423;SKN;Abraham Et Sa Postérité Après Lui;9;8;Colossiens 3:0 | Galates 3:29 | Genese 12:0 | Jean 14:7 | Jean 1:0 | Matthieu 24:35 | Matthieu 3:0 | Romains 9:0;
61-0424;SKN;Le Plus Grand Flash D'information De L'histoire (Venez, Croyez Et Allez);8;7;Actes 2:4 | Hebreux 1:0 | Hebreux 1:1 | Jean 15:0 | Jean 20:13 | Jean 5:19 | Marc 16:0;
61-0425B;SKN;La Divinité Expliquée;24;16;Actes 10:49 | Actes 2:38 | Colossiens 3:0 | Esaie 35:0 | Esaie 9:6 | Jean 14:0 | Jean 3:0 | Jean 5:24 | Jean 6:0 | Marc 11:24 | Marc 16:0 | Matthieu 1:18 | Matthieu 28:0 | Matthieu 28:19 | Romains 4:0 | actes 10:44;
61-0425B;VGR;La Divinité expliquée;24;16;Actes 10:49 | Actes 2:38 | Colossiens 3:0 | Esaie 35:0 | Esaie 9:6 | Jean 14:0 | Jean 3:0 | Jean 5:24 | Jean 6:0 | Marc 11:24 | Marc 16:0 | Matthieu 1:18 | Matthieu 28:0 | Matthieu 28:19 | Romains 4:0 | actes 10:44;
61-0426;SKN;Le Prophète Michée;3;2;1 Timothee 3:16 | Actes 19:19;
61-0427;SKN;Crois Seulement;1;0;;Luc 8:50
61-0429E;SKN;Un Son confus;3;2;Genese 1:26 | Jean 5:19;Esther 10:0
61-0430;SKN;Un Super Signe;1;1;Genese 22:16;
61-0515;SKN;Il Y A Ici Plus Que Salomon;3;3;1 Corinthiens 12:0 | Apocalypse 1:0 | Marc 16:0;
61-0516A;SKN;Jésus-Christ Est Le Même Hier, Aujourd’hui Et Eternellement;9;9;Deuteronome 18:15-22 | Genese 1:0 | Hebreux 13:8 | Jean 12:0 | Jean 5:19 | Jean 5:24 | Jean 6:0 | Psaumes 103:23 | psaumes 103:22;
61-0517;SKN;C’est Moi;1;1;Jean 5:19;
61-0519;SKN;Messieurs, Nous Voudrions Voir Jésus;5;5;Deuteronome 18:35 | Hebreux 13:8 | Jean 12:20 | Malachie 4:0 | deuteronome 18:15;
61-0520;SKN;Dès Ce Moment;1;1;Jean 5:19;
61-0521;SKN;Montre-nous le Père;5;4;Actes 19:0 | Jean 14:8 | Jean 4:0 | Jean 5:19;
61-0611;SKN;Apocalypse chapitre Cinq #1 (Le Serpent écrasé);8;7;1 Pierre 1:18 | Actes 2:38 | Levitique 25:0 | Levitique 25:23 | Matthieu 28:0 | Matthieu 5:0 | Romains 8:22;
61-0611;VGR;Apocalypse, chapitre cinq, 1re partie;7;6;Actes 2:38 | Levitique 25:0 | Levitique 25:23 | Matthieu 28:0 | Matthieu 5:0 | Romains 8:22;
61-0618;SKN;Apocalypse chapitre Cinq #2;7;6;Apocalypse 10:0 | Ephesiens 1:13-14 | Ephesiens 4:30 | Jean 14:0 | Jeremie 32:0 | Matthieu 28:19;
61-0618;VGR;Apocalypse, chapitre cinq, 2e partie;8;8;Apocalypse 10:0 | Ephesiens 1:13 | Ephesiens 1:13-14 | Ephesiens 4:30 | Jean 14:0 | Jeremie 32:0 | Matthieu 1:0 | Matthieu 28:19;
61-0723E;SKN;Dieu Mal Compris;15;12;1 Corinthiens 13:14 | 1 Pierre 3:0 | 1 Pierre 3:18 | 1 corinthiens 13:13 | Actes 2:0 | Actes 2:38 | Ezechiel 38:0 | Hebreux 6:0 | Jean 5:24 | Matthieu 24:0 | Matthieu 28:19 | Psaumes 106:0;
61-0723E;VGR;Dieu mal compris;11;9;Actes 2:0 | Actes 2:38 | Apocalypse 1:0 | Ezechiel 38:0 | Hebreux 6:0 | Jean 5:24 | Matthieu 24:0 | Matthieu 28:19 | Psaumes 106:0;
61-0730E;SKN;Les Six buts de la visite de Gabriel à Daniel;17;15;Apocalypse 19:21 | Apocalypse 20:0 | Daniel 12:0 | Daniel 9:0 | Esaie 11:0 | Esaie 65:0 | Ezechiel 43:0 | Genese 45:0 | Jeremie 3:0 | Jeremie 3:12 | Levitique 8:10 | Matthieu 24:0 | Romains 11:0 | Romains 11:21 | Zacharie 12:0;
61-0730E;VGR;Les six buts de la visite de Gabriel à Daniel;27;24;Apocalypse 19:11 | Apocalypse 19:21 | Apocalypse 20:0 | Daniel 12:0 | Daniel 12:3 | Daniel 63:0 | Daniel 67:0 | Daniel 69:0 | Daniel 71:0 | Daniel 73:0 | Daniel 9:0 | Esaie 11:0 | Esaie 27:12 | Esaie 65:0 | Ezechiel 43:0 | Genese 3:8 | Genese 45:0 | Jeremie 3:0 | Jeremie 3:12 | Levitique 8:10 | Matthieu 24:0 | Romains 11:0 | Romains 11:21 | Zacharie 12:0;
61-0730M;VGR;Les instructions de Gabriel à Daniel;31;26;Apocalypse 10:0 | Apocalypse 19:21 | Apocalypse 3:0 | Apocalypse 7:0 | Daniel 11:0 | Daniel 15:0 | Daniel 19:0 | Daniel 21:0 | Daniel 37:0 | Daniel 39:0 | Daniel 5:0 | Daniel 7:0 | Daniel 9:0 | Esaie 27:12 | Esaie 9:6 | Genese 44:0 | Jeremie 32:6 | Malachie 4:0 | Matthieu 24:0 | Matthieu 24:15 | Matthieu 24:24 | Matthieu 6:9-13 | Psaumes 99:0 | Psaumes 99:1-9 | Psaumes 99:99 | psaumes 99:4;Daniel 3:0 | Psaumes 99:0
61-0730M;SKN;Les Instructions de Gabriel à Daniel;14;11;Apocalypse 10:0 | Apocalypse 19:21 | Apocalypse 6:1 | Apocalypse 7:0 | Genese 44:0 | Jeremie 32:6 | Malachie 4:0 | Matthieu 24:0 | Matthieu 24:15 | Psaumes 99:0 | Psaumes 99:1-9;Psaumes 99:0
61-0806;SKN;La Soixante-dixième semaine de Daniel;21;18;Actes 15:14 | Apocalypse 11:0 | Apocalypse 11:3 | Apocalypse 13:0 | Apocalypse 13:14 | Apocalypse 19:21 | Daniel 12:0 | Daniel 7:0 | Daniel 9:0 | Galates 3:16 | Genese 12:3 | Levitique 25:0 | Levitique 25:8 | Luc 21:24 | Malachie 3:0 | Malachie 4:0 | Matthieu 11:6 | Matthieu 24:0;
61-0806;VGR;La soixante-dixième semaine de Daniel;29;26;Actes 15:14 | Apocalypse 10:7 | Apocalypse 11:0 | Apocalypse 11:3 | Apocalypse 13:0 | Apocalypse 13:14 | Apocalypse 17:3 | Apocalypse 19:21 | Daniel 105:0 | Daniel 111:0 | Daniel 129:0 | Daniel 12:0 | Daniel 131:0 | Daniel 7:0 | Daniel 9:0 | Ezechiel 28:12 | Galates 3:16 | Genese 12:3 | Levitique 25:0 | Levitique 25:8 | Luc 21:24 | Malachie 3:0 | Malachie 4:0 | Matthieu 11:6 | Matthieu 24:0 | Matthieu 24:24;
61-0808;SKN;Ta famille (Crois au Seigneur, suivi des questions);3;3;Actes 2:0 | Apocalypse 7:0 | Jean 5:24;
61-0808;VGR;Ta famille;3;3;Actes 2:0 | Apocalypse 7:0 | Jean 5:24;
61-0813;SKN;La Foi;3;2;Actes 2:0 | Jacques 5:14;
61-0813;VGR;La foi;3;2;Actes 2:0 | Jacques 5:14;
61-0827;SKN;Le Message de grâce;4;4;Deuteronome 7:7 | Hebreux 13:8 | Jean 4:0 | Jean 5:24;
61-1001E;SKN;Le Consolateur;3;3;Esaie 28:0 | Esaie 28:18 | Jean 14:0;
61-1001M;SKN;Il est convenable que nous accomplissions toute justice;1;1;Marc 16:0;
61-1015E;SKN;Le Respect;1;1;Psaumes 105:0;
61-1015E;VGR;Le respect;1;1;Psaumes 105:0;
61-1015M;SKN;Questions et Réponses;19;13;Actes 19:5 | Actes 2:38 | Apocalypse 21:0 | Apocalypse 2:0 | Apocalypse 2:9 | Hebreux 10:0 | Hebreux 10:26 | Hebreux 6:4 | Jean 21:15 | Matthieu 16:10 | Matthieu 16:9 | Matthieu 28:19 | Matthieu 5:0;
61-1015M;VGR;Questions et réponses;19;14;Actes 19:5 | Actes 2:38 | Apocalypse 21:0 | Apocalypse 2:99 | Hebreux 10:0 | Hebreux 10:26 | Hebreux 10:26-39 | Hebreux 6:4 | Jean 21:15 | Matthieu 16:10 | Matthieu 16:9 | Matthieu 28:19 | Matthieu 5:0 | apocalypse 2:1;
61-1105;SKN;Le Témoignage D'un Vrai Témoin;11;11;Ephesiens 4:30 | Esaie 28:11 | Esaie 9:6 | Jean 3:0 | Jean 3:31 | Joel 2:28 | Luc 24:49 | Malachie 4:0 | Marc 16:0 | Matthieu 9:0 | Psaumes 22:0;
61-1112;SKN;Un Vrai Signe Passé Inaperçu;12;8;Actes 5:9 | Apocalypse 3:0 | Esaie 40:3 | Ezechiel 24:24 | Malachie 3:0 | Malachie 4:0 | Matthieu 11:0 | Matthieu 3:0;
61-1112;VGR;Un vrai signe dont on ne tient pas compte;12;8;Actes 5:9 | Apocalypse 3:0 | Esaie 40:3 | Ezechiel 24:24 | Malachie 3:0 | Malachie 4:0 | Matthieu 11:0 | Matthieu 3:0;
61-1119;SKN;La Force Parfaite Par La Faiblesse Parfaite;5;4;Actes 2:38 | Exode 4:14 | Hebreux 11:34 | Psaumes 22:0;
61-1119;VGR;La force parfaite par la faiblesse parfaite;4;4;Actes 2:38 | Exode 4:14 | Hebreux 11:34 | Psaumes 22:0;
61-1210;SKN;Un Paradoxe;4;3;Genese 22:14 | Marc 11:21 | Marc 11:22;
61-1217;SKN;Le Christianisme Contre L'Idolâtrie;4;4;Actes 7:49 | Apocalypse 17:0 | Jeremie 7:0 | Nombres 25:0;
61-1217;VGR;Le Christianisme contre l’idolâtrie;4;4;Actes 7:49 | Apocalypse 17:0 | Jeremie 7:0 | Nombres 25:0;
61-1224;SKN;Messieurs, Nous Voudrions Voir Jésus (Message De Noël);5;5;Esaie 42:0 | Genese 1:0 | Jean 14:12 | Marc 16:0 | Matthieu 4:0;
61-1231E;SKN;Si Dieu Est Avec Nous, Où Sont Alors Tous Les Prodiges? (Message De Nouvel An);5;4;Jean 14:0 | Jean 14:12 | Jean 15:0 | Jean 15:7;
61-1231M;SKN;Vous Devez Naitre De Nouveau;5;5;Ephesiens 4:0 | Esther 2:0 | Jean 3:0 | Jean 3:1-12 | Job 14:0;
61-1231M;VGR;Il faut que vous naissiez de nouveau;2;2;Jean 3:0 | Jean 3:1-12;
62-0117;SKN;Présumer;7;7;Deuteronome 18:0 | Deuteronome 18:15 | Deuteronome 18:22 | Esaie 28:11 | Jean 14:12 | Joel 2:28 | Nombres 14:41;
62-0118;SKN;Convaincu, puis concerné;5;5;Actes 20:24 | Esther 22:0 | Galates 1:8 | Hebreux 13:8 | Jean 14:12;
62-0119;SKN;Une Bannière;2;2;Jean 14:12 | Marc 16:0;
62-0120;SKN;Le Dieu immuable agissant de façon inattendue (Le Dieu immuable);9;8;Actes 1:8 | Esaie 9:6 | Hebreux 11:0 | Hebreux 13:8 | Jean 14:12 | Luc 24:49 | Marc 11:22 | Marc 16:0;
62-0121E;SKN;Les Noces de l'agneau;1;1;Jean 6:0;
62-0121E;VGR;Les noces de l’Agneau;1;1;Jean 6:0;
62-0121M;SKN;Et Ta Postérité Possédera La Porte De Son Ennemi;2;2;Ephesiens 4:30 | Genese 22:0;
62-0121M;VGR;Et ta postérité possédera la porte de son ennemi;2;2;Ephesiens 4:30 | Genese 22:0;
62-0122;SKN;La Confirmation De La Commission;9;5;Ephesiens 4:30 | Jean 14:12 | Jean 4:0 | Jean 5:0 | Marc 16:0;
62-0122;VGR;La confirmation de la commission;11;5;Ephesiens 4:30 | Jean 14:12 | Jean 4:0 | Jean 5:0 | Marc 16:0;
62-0123;SKN;Abandonnant tout;2;2;Jean 4:0 | Jean 5:19;
62-0124;SKN;N'Est-Ce Pas Moi Qui T'envoie?;9;8;Ephesiens 4:30 | Esaie 28:19 | Hebreux 13:8 | Hebreux 4:0 | Jean 14:12 | Jean 5:19 | Jean 5:24 | Joel 2:28;
62-0127;SKN;L'Homme Le Plus Méchant Que Je Connaisse;1;1;Luc 7:36;
62-0128A;SKN;Un Paradoxe;8;6;Hebreux 4:0 | Jean 14:12 | Josue 10:12 | Luc 24:49 | Marc 11:11 | Marc 16:0;Josue 10:12
62-0128M;SKN;L'Incrédulité N'Arrête Pas Dieu;5;4;Esaie 28:18 | Galates 1:8 | Hebreux 4:12 | Joel 2:28;
62-0129;SKN;Le Ministère expliqué;5;5;Galates 1:8 | Hebreux 13:8 | Jean 15:0 | Jean 5:19 | Marc 16:0;
62-0204;SKN;La Communion;2;2;Galates 1:8 | Jean 15:0;
62-0204;VGR;La communion;2;2;Galates 1:8 | Jean 15:0;
62-0211;SKN;L'Unité (L'unité avec Dieu);9;8;Actes 19:0 | Actes 4:32 | Apocalypse 22:0 | Genese 1:27 | Hebreux 4:0 | Hebreux 4:12 | Jean 14:12 | Jean 17:11;Genese 1:26
62-0218;SKN;La Persévérance;19;14;Hebreux 13:8 | Hebreux 3:0 | Hebreux 4:12 | Hebreux 4:4 | Jean 14:12 | Jean 15:0 | Jean 1:0 | Jean 4:0 | Jean 5:18 | Jean 5:19 | Marc 16:0 | Matthieu 10:0 | Matthieu 15:21 | Matthieu 3:0;
62-0311;SKN;La Plus Grande Bataille Jamais Livrée;13;11;1 Pierre 5:8-10 | Daniel 12:0 | Daniel 12:1 | Daniel 12:1-14 | Ephesiens 6:10 | Ephesiens 6:10-17 | Genese 3:1 | Genese 3:4 | Hebreux 4:0 | Jacques 4:7 | Matthieu 24:0;
62-0311;VGR;La plus grande bataille jamais livrée;10;9;Daniel 12:0 | Daniel 12:1-14 | Ephesiens 6:10 | Ephesiens 6:10-17 | Genese 3:1 | Genese 3:4 | Hebreux 4:0 | Jacques 4:7 | Matthieu 24:0;
62-0313;SKN;Les Expressions (funérailles de la soeur Bell);1;1;Jean 5:24;
62-0313;VGR;Expressions;1;1;Jean 5:24;
62-0318E;SKN;La Parole parlée est la semence originelle #2;40;0;;Actes 10:48 | Actes 20:0 | Actes 2:38 | Apocalypse 13:16 | Apocalypse 17:0 | Ephesiens 5:22 | Ephesiens 5:23 | Esaie 54:1 | Esaie 54:53 | Esaie 9:6
62-0318M;SKN;La Parole parlée est la semence originelle #1;16;16;Actes 19:0 | Actes 2:38 | Apocalypse 21:0 | Genese 17:0 | Genese 1:0 | Genese 1:1 | Genese 1:11 | Jean 14:12 | Jean 3:0 | Jean 3:14 | Jean 3:5 | Jean 5:19 | Joel 2:0 | Matthieu 24:0 | Matthieu 24:35 | Matthieu 28:19;
62-0318M;VGR;La Parole parlée est la Semence originelle (1ʳᵉ partie);57;45;Actes 10:48 | Actes 19:0 | Actes 20:0 | Actes 2:38 | Apocalypse 13:16 | Apocalypse 17:0 | Apocalypse 21:0 | Ephesiens 5:22 | Ephesiens 5:23 | Esaie 54:1 | Esaie 54:53 | Esaie 9:6 | Ezechiel 28:12 | Galates 1:8 | Genese 17:0 | Genese 1:0 | Genese 1:1 | Genese 1:11 | Hebreux 13:8 | Hebreux 6:0 | Jean 13:20 | Jean 14:12 | Jean 15:16 | Jean 20:0 | Jean 3:0 | Jean 3:14 | Jean 3:16 | Jean 3:5 | Jean 5:19 | Jean 6:0 | Joel 2:0 | Joel 2:28 | Jude 8:0 | Luc 10:16 | Malachie 3:0 | Malachie 4:0 | Marc 1:22 | Matthieu 16:0 | Matthieu 16:19 | Matthieu 24:0 | Matthieu 24:35 | Matthieu 28:18 | Matthieu 28:19 | Romains 11:29 | esaie 54:1;
62-0319;SKN;Le Signe de la semence du temps de la fin;5;5;Amos 3:7 | Genese 1:11 | Hebreux 1:0 | Job 14:0 | Matthieu 24:0;
62-0401;SKN;La Sagesse contre La Foi;20;18;2 Timothee 3:0 | Apocalypse 12:0 | Apocalypse 13:11 | Genese 1:11 | Genese 3:1 | Genese 3:1-17 | Hebreux 11:0 | Hebreux 13:8 | Hebreux 2:0 | Hebreux 4:0 | Hebreux 4:2 | Jean 10:0 | Jean 14:0 | Jean 14:11 | Malachie 4:0 | Matthieu 28:19 | Psaumes 1:0 | Zacharie 4:6;
62-0407;SKN;Les Signes de sa venue;24;18;Actes 2:0 | Apocalypse 13:0 | Apocalypse 17:0 | Apocalypse 21:0 | Apocalypse 3:1-3 | Deuteronome 18:22 | Genese 1:11 | Hebreux 2:4 | Jean 15:0 | Luc 17:0 | Malachie 3:0 | Malachie 4:0 | Marc 16:0 | Matthieu 11:6 | Matthieu 12:24 | Matthieu 13:24 | Matthieu 24:0 | Zacharie 14:7;
62-0408;SKN;Présumer;10;9;Deuteronome 22:18 | Hebreux 1:0 | Hebreux 6:0 | Jean 14:12 | Jean 3:16 | Malachie 3:0 | Malachie 4:0 | Marc 16:0 | Matthieu 12:42;
62-0422;SKN;La Restitution De L'Arbre-Épouse;15;12;Actes 19:0 | Apocalypse 13:0 | Apocalypse 17:0 | Ephesiens 5:0 | Genese 20:7 | Jean 13:0 | Jean 5:19 | Jean 5:7 | Luc 24:49 | Malachie 4:0 | Matthieu 27:0 | Psaumes 1:0;
62-0422;VGR;La restauration de l’Arbre-Épouse;14;13;Actes 19:0 | Apocalypse 13:0 | Apocalypse 17:0 | Ephesiens 5:1 | Genese 20:0 | Genese 20:7 | Jean 13:0 | Jean 5:19 | Jean 5:7 | Luc 24:49 | Malachie 4:0 | Matthieu 27:0 | Psaumes 1:0;
62-0506;SKN;Possédant Toutes Choses;2;2;2 Corinthiens 6:7-10 | Genese 14:18-19;
62-0506;VGR;Nous possédons toutes choses;1;1;Genese 14:18;
62-0513E;SKN;Laisser échapper la pression;2;2;Esaie 32:2 | Proverbes 18:10;
62-0513M;SKN;La Manière D'un Vrai Prophète;2;2;Amos 3:0 | Malachie 4:0;
62-0518;SKN;Laisser Échapper La Pression;2;1;Marc 16:0;Esaie 32:2
62-0519;SKN;La Communion;2;2;Hebreux 13:12 | Nombres 19:0;
62-0520;SKN;La Persévérance;4;3;Hebreux 4:0 | Hebreux 4:12 | Matthieu 11:6;Marc 7:24
62-0521;SKN;Convaincu, et puis concerné;4;4;Esaie 28:19 | Hebreux 13:8 | Hebreux 4:12 | Joel 2:28;
62-0527;SKN;Questions Et Réponses;11;6;Genese 1:21 | Genese 1:26 | Genese 2:7 | Malachie 3:0 | Malachie 4:0 | Matthieu 11:0;
62-0527;VGR;Questions et réponses;10;5;Genese 1:26 | Genese 2:7 | Malachie 3:0 | Malachie 4:0 | Matthieu 11:0;
62-0531;SKN;Conflit entre Dieu et Satan;8;7;Genese 6:4 | Hebreux 4:0 | Jean 5:24 | Josue 24:0 | Josue 24:14 | Luc 17:27 | Luc 7:27;
62-0531;VGR;Le conflit entre Dieu et Satan;8;7;Genese 6:4 | Hebreux 4:0 | Jean 5:24 | Josue 24:0 | Josue 24:14 | Luc 17:27 | Luc 7:27;
62-0601;SKN;Se Ranger Du Côté De Jésus;4;4;Actes 4:0 | Esaie 9:6 | Jean 10:0 | Joel 2:0;
62-0601;VGR;Se ranger du côté de Jésus;6;5;Actes 4:0 | Esaie 9:6 | Jean 9:26 | Joel 2:0 | Matthieu 1:18;
62-0603;SKN;L'Evangélisation au temps de la fin;13;12;1 Timothee 3:16 | 2 Timothee 3:1 | Apocalypse 17:0 | Exode 34:12 | Genese 6:0 | Jean 14:0 | Jean 5:24 | Malachie 3:0 | Malachie 4:0 | Marc 16:0 | Matthieu 11:6 | Matthieu 24:0;
62-0607;SKN;Se revêtir de toutes les armes de Dieu;9;8;Actes 1:8 | Genese 6:0 | Hebreux 13:8 | Jean 14:12 | Job 14:0 | Luc 24:49 | Marc 16:0 | Matthieu 28:0;
62-0608;SKN;La Persévérance;5;5;Hebreux 13:8 | Hebreux 4:12 | Jean 14:12 | Malachie 4:0 | Marc 11:24;
62-0609B;SKN;Montre nous le Père et cela nous suffit (Voir Dieu);1;0;;Matthieu 5:8
62-0609E;SKN;Laisser Échapper La Pression;10;9;1 Corinthiens 12:0 | Actes 2:38 | Esaie 32:2 | Hebreux 4:12 | Jean 14:0 | Jean 14:12 | Jean 5:24 | Marc 16:0 | Proverbes 18:10;
62-0610M;SKN;Présumer;13;12;Actes 2:38 | Deuteronome 18:22 | Ephesiens 1:0 | Ephesiens 1:5 | Galates 1:8 | Hebreux 6:0 | Jean 14:12 | Jean 15:0 | Joel 2:28 | Marc 16:0 | Nombres 14:0 | Nombres 14:41-45;
62-0611;SKN;C'est Moi, N'ayez Pas Peur;4;4;Hebreux 13:8 | Jean 14:12 | Jean 5:24 | Matthieu 6:0;
62-0612;SKN;Voici, Un Plus Grand Que Salomon Est Ici;2;2;Genese 22:0 | Jean 5:19;
62-0620;SKN;N’Ayez Pas Peur;3;3;Jean 14:12 | Jean 4:0 | Matthieu 14:0;
62-0621B;SKN;Le Sentier de la vie;1;1;Psaumes 16:0;
62-0621E;SKN;Confirmation et évidence;2;2;Hebreux 11:0 | Jean 5:19;
62-0622B;SKN;Laisser Échapper La Pression;1;1;Esaie 32:2;
62-0622E;SKN;Pourquoi?;1;1;Jean 14:12;
62-0623;SKN;Être Persévérant;1;1;Hebreux 6:0;
62-0624;SKN;Un Super signe;6;4;Genese 22:16 | Malachie 3:0 | Malachie 4:0 | Matthieu 11:6;Actes 2:0
62-0627;SKN;Nous Voudrions Voir Jésus;6;4;Hebreux 13:8 | Hebreux 1:0 | Hebreux 4:0 | Jean 5:19;
62-0628;SKN;Il Y A Ici Plus Que Salomon;3;3;Hebreux 4:0 | Jean 14:12 | Matthieu 2:0;
62-0629;SKN;N’Ayez Pas Peur, C’est Moi;2;2;Jean 14:12 | Jean 5:19;
62-0630B;SKN;Au Commencement, Il N'en Était Pas Ainsi;2;2;Jean 15:0 | Jean 5:19;
62-0701;SKN;Se Revêtir De Toutes Les Armes De Dieu;6;5;Hebreux 13:8 | Jean 14:12 | Josue 1:0 | Malachie 4:0 | Matthieu 28:0;
62-0704;SKN;Nous Voudrions Voir Jésus;14;14;Actes 10:49 | Actes 4:0 | Hebreux 13:8 | Hebreux 4:0 | Jean 12:20 | Jean 14:12 | Jean 15:0 | Jean 1:0 | Jean 4:0 | Jean 5:19 | Jean 6:0 | Josue 1:0 | Marc 16:0 | actes 10:44;
62-0705;SKN;Jéhovah-Jiré #1;13;9;Actes 19:0 | Exode 19:0 | Genese 12:0 | Genese 13:0 | Genese 15:0 | Jean 5:24 | Malachie 3:0 | Malachie 4:0 | Matthieu 11:0;
62-0706;SKN;Jéhovah-Jiré #2;5;5;Galates 1:8 | Hebreux 6:0 | Jean 14:12 | Jean 17:17 | Psaumes 1:0;
62-0707;SKN;Jéhovah-Jiré #3;2;2;Apocalypse 17:0 | Jean 5:19;
62-0708;SKN;Un Super Signe;2;2;Jean 5:24 | Malachie 4:0;
62-0711;SKN;Ecoutez-Le;4;4;Exode 19:0 | Galates 1:8 | Jean 14:12 | Jean 5:19;
62-0712;SKN;Nous Voudrions Voir Jésus;14;12;1 Timothee 3:16 | Deuteronome 18:0 | Esaie 9:6 | Hebreux 13:8 | Hebreux 4:0 | Jean 4:0 | Jean 5:19 | Jean 6:0 | Malachie 3:0 | Malachie 4:0 | Matthieu 11:6 | Matthieu 24:24;
62-0713;SKN;Dès ce moment;2;2;Jean 5:19 | Josue 1:0;
62-0714;SKN;Le Son Confus;5;5;Actes 2:38 | Hebreux 13:8 | Jean 14:12 | Malachie 4:0 | Marc 16:0;
62-0715;SKN;Voici, Il Y A Ici Le Plus Grand D’eux Tous;3;3;Esaie 9:6 | Jean 5:19 | Matthieu 3:0;
62-0718;SKN;Jésus-Christ Est Le Même Hier, Aujourd’hui Et Éternellement;13;13;Apocalypse 11:0 | Deuteronome 18:0 | Genese 18:0 | Genese 1:0 | Hebreux 11:0 | Hebreux 1:0 | Hebreux 4:12 | Jean 12:20 | Jean 14:12 | Jean 4:0 | Jean 5:19 | Jean 6:0 | Romains 4:0;
62-0719B;SKN;La Vie;1;1;Jean 5:24;
62-0719E;SKN;Persévérant;2;2;Apocalypse 21:0 | Hebreux 4:12;
62-0720;SKN;Un Témoignage En Mer;2;2;Hebreux 13:8 | Jean 5:24;
62-0721;SKN;Voici, Un Plus Grand Que Salomon Est Ici;1;1;Matthieu 12:0;
62-0722;SKN;Montre-nous le père, et cela suffit;4;4;Apocalypse 1:0 | Jean 11:0 | Jean 14:0 | Jean 5:24;
62-0724;SKN;Monsieur, nous voudrions voir Jésus;18;13;Actes 10:49 | Actes 7:0 | Esther 10:0 | Hebreux 13:8 | Jean 12:20 | Jean 14:12 | Jean 5:19 | Jean 5:39 | Jean 6:0 | Luc 17:28 | Matthieu 11:10 | Matthieu 3:0 | actes 10:48;
62-0725;SKN;Il Y A Ici Plus Que Salomon;1;0;;Jean 3:16
62-0726;SKN;Un Témoignage En Mer;2;2;Hebreux 13:8 | Jean 5:24;
62-0727;SKN;Nous Voudrions Voir Jésus;9;7;Hebreux 13:8 | Hebreux 4:12 | Jean 12:20 | Jean 14:12 | Jean 4:0 | Jean 5:19 | Jean 6:0;
62-0728;SKN;Dieu A Pourvu À Une Voie;8;6;Actes 2:4 | Hebreux 13:8 | Hebreux 4:12 | Jean 4:0 | Job 14:0 | Malachie 4:0;Jean 12:32
62-0729;SKN;Être Persévérant;2;2;Apocalypse 17:0 | Hebreux 4:12;
62-0908;SKN;L'État Présent De Mon Ministère;8;6;2 Timothee 2:4 | 2 Timothee 4:0 | 2 Timothee 4:2 | Daniel 12:0 | Daniel 9:0 | Esaie 61:1;
62-0908;VGR;L'étape actuelle de mon ministère;3;3;Daniel 12:0 | Daniel 9:0 | Esaie 61:1;
62-0909E;SKN;Dans Sa Présence;10;9;Apocalypse 1:7 | Esaie 6:5 | Exode 19:19 | Exode 3:0 | Ezechiel 33:0 | Hebreux 11:0 | Luc 5:8 | Psaumes 16:0 | Psaumes 16:8;
62-0909E;VGR;Dans Sa Présence;9;9;Apocalypse 1:7 | Esaie 6:5 | Exode 19:19 | Exode 3:0 | Ezechiel 33:0 | Hebreux 11:0 | Luc 5:8 | Psaumes 16:0 | Psaumes 16:8;
62-0909M;SKN;Le Compte À Rebours;4;4;Actes 1:8 | Hebreux 13:8 | Jean 5:24 | Jean 5:7;
62-0909M;VGR;Compte à rebours;4;4;Actes 1:8 | Hebreux 13:8 | Jean 5:24 | Jean 5:7;
62-1007;SKN;La Clé pour la porte;5;5;Actes 19:0 | Actes 1:8 | Apocalypse 13:0 | Jean 5:24 | Jean 5:7;
62-1007;VGR;La clé de la Porte;5;5;Actes 19:0 | Actes 1:8 | Apocalypse 13:0 | Jean 5:24 | Jean 5:7;
62-1013;SKN;L’Influence D’Un Autre;7;6;2 Chroniques 26:0 | Actes 1:8 | Hebreux 13:8 | Jean 14:7 | Jean 15:0 | Luc 24:49;
62-1013;VGR;L’influence d’un autre;5;5;Actes 1:8 | Hebreux 13:8 | Jean 14:7 | Jean 15:0 | Luc 24:49;
62-1014E;SKN;Un Guide;4;3;Actes 2:38 | Exode 13:21 | Marc 16:0;Ephesiens 4:30
62-1014E;VGR;Un Guide;4;4;Actes 2:38 | Ephesiens 4:30 | Exode 13:21 | Marc 16:0;
62-1014M;SKN;La Stature D’Un Homme Parfait;20;18;1 Corinthiens 12:0 | Actes 10:49 | Actes 19:11 | Actes 28:19 | Actes 2:38 | Actes 7:0 | Ephesiens 4:0 | Esaie 28:19 | Hebreux 10:0 | Hebreux 11:0 | Jacques 5:14 | Jean 14:7 | Jean 3:0 | Jean 3:16 | Jean 5:14 | Matthieu 5:48 | Psaumes 1:0 | actes 10:44;
62-1014M;VGR;La stature d’un homme parfait;17;16;Actes 10:49 | Actes 28:19 | Actes 2:38 | Actes 7:0 | Ephesiens 4:0 | Esaie 28:19 | Hebreux 10:0 | Hebreux 11:0 | Jacques 5:14 | Jean 14:7 | Jean 3:0 | Jean 3:16 | Jean 5:14 | Matthieu 5:48 | Psaumes 1:0 | actes 10:44;
62-1104E;VGR;Ordination;1;1;Psaumes 100:0;
62-1104M;SKN;Les Noms Blasphématoires;15;14;1 Corinthiens 12:0 | 1 Timothee 3:0 | 2 Pierre 1:0 | 2 Timothee 4:0 | Apocalypse 16:0 | Apocalypse 17:0 | Apocalypse 17:15 | Apocalypse 17:3 | Apocalypse 3:0 | Ephesiens 1:5 | Ephesiens 4:30 | Hebreux 11:0 | Jean 14:0 | Jean 3:16;
62-1104M;VGR;Des noms blasphématoires;12;10;Apocalypse 16:17 | Apocalypse 17:0 | Apocalypse 17:1 | Apocalypse 17:15 | Apocalypse 17:3 | Ephesiens 1:5 | Ephesiens 4:30 | Hebreux 11:0 | Jean 14:0 | Jean 3:16;
62-1111E;SKN;Pourquoi je suis contre la religion organisée;14;10;1 Pierre 1:0 | 1 Samuel 8:4 | 2 Timothee 3:0 | Actes 2:38 | Apocalypse 17:0 | Apocalypse 18:0 | Galates 1:8 | Jean 3:0 | Marc 16:0 | Nombres 16:1;
62-1111E;VGR;Pourquoi je suis contre la religion organisée;10;7;Actes 2:38 | Apocalypse 17:0 | Apocalypse 18:0 | Galates 1:8 | Jean 3:0 | Marc 16:0 | Nombres 16:1;
62-1111M;SKN;La Dédicace;7;3;Hebreux 10:5 | Joel 2:28 | Romains 5:1;Actes 7:44-49 | Hebreux 10:1-5 | Hebreux 10:5
62-1122;SKN;Le Retour et le jubile;7;7;Apocalypse 17:0 | Ephesiens 1:5 | Hebreux 11:0 | Jean 14:12 | Jean 8:0 | Jean 8:35 | Marc 16:0;
62-1123;SKN;Le Chemin Du Retour;6;5;Actes 2:38 | Hebreux 13:8 | Jean 12:4 | Jean 5:19 | Psaumes 22:0;Jeremie 8:22
62-1124B;SKN;Les Investissements;5;4;Apocalypse 3:0 | Esaie 9:6 | Luc 24:49 | Matthieu 5:0;
62-1124B;VGR;Des investissements;5;4;Apocalypse 3:0 | Esaie 9:6 | Luc 24:49 | Matthieu 5:0;
62-1124E;SKN;Toutes choses;7;6;2 Pierre 1:7 | Esaie 1:0 | Esaie 50:0 | Esaie 53:5 | Hebreux 9:11 | Romains 8:32;
62-1125E;SKN;Le Compte À Rebours;2;1;Hebreux 13:0;Hebreux 11:0
62-1125M;SKN;Convaincu Puis Concerné (Où Demeure-T-Il?);1;1;Actes 2:38;
62-1209;SKN;Se souvenir du seigneur;2;2;Hebreux 13:8 | Jean 3:16;
62-1209;VGR;Se souvenir du Seigneur;2;2;Hebreux 13:8 | Jean 3:16;
62-1216;SKN;La Dislocation du monde;8;8;Apocalypse 17:0 | Esaie 40:0 | Hebreux 11:0 | Hebreux 12:0 | Hebreux 12:25 | Hebreux 13:8 | Hebreux 9:12 | Michee 1:0;
62-1223;SKN;L'Opprobre À Cause De La Parole;3;3;Esaie 53:5 | Hebreux 13:8 | Psaumes 89:0;
62-1223;VGR;L’opprobre à cause de la Parole;2;2;Esaie 53:5 | Hebreux 13:8;
62-1230E;SKN;Monsieur, Est-Ce Le Signe De La Fin?;16;15;Apocalypse 17:0 | Apocalypse 3:14 | Apocalypse 5:1 | Apocalypse 6:0 | Colossiens 4:3 | Ephesiens 3:1-11 | Ephesiens 5:28-32 | Ephesiens 6:19 | Galates 2:20 | Hebreux 13:8 | Malachie 4:0 | Matthieu 13:0 | Matthieu 13:3-15 | Romains 11:25 | Romains 16:25;
62-1230E;VGR;Monsieur, est-ce le signe de la fin?;16;15;Apocalypse 17:0 | Apocalypse 3:14 | Apocalypse 5:1 | Apocalypse 6:0 | Colossiens 4:3 | Ephesiens 3:1-11 | Ephesiens 5:28-32 | Ephesiens 6:19 | Galates 2:20 | Hebreux 13:8 | Malachie 4:0 | Matthieu 13:0 | Matthieu 13:3-50 | Romains 11:25 | Romains 16:25;
62-1230M;SKN;L'Absolu;11;11;Actes 23:0 | Actes 23:11 | Actes 26:15 | Apocalypse 22:19 | Jean 15:0 | Jean 5:0 | Jean 5:19 | Jean 6:0 | Malachie 3:0 | Malachie 4:0 | Philippiens 1:20;
62-1230M;VGR;L’Absolu;12;11;Actes 23:0 | Actes 23:11 | Actes 26:15 | Apocalypse 22:19 | Jean 15:0 | Jean 5:0 | Jean 5:19 | Jean 6:0 | Malachie 3:0 | Malachie 4:0 | Philippiens 1:20;
62-1231;SKN;Le Combat;2;2;Jean 3:16 | Marc 16:0;
62-1231;VGR;Le combat;2;2;Jean 3:16 | Marc 16:0;
63-0112;SKN;L'Influence;5;3;Apocalypse 10:0 | Esaie 3:18 | Esaie 5:0;Apocalypse 10:0 | Esaie 6:0
63-0113E;SKN;Persévérance;4;4;Actes 10:0 | Hebreux 4:12 | Jean 12:0 | Jean 14:12;
63-0113E;VGR;La persévérance;4;4;Actes 10:0 | Hebreux 4:12 | Jean 12:0 | Jean 14:12;
63-0113M;SKN;Laisser échapper la pression;2;2;Esaie 32:2 | Job 14:0;
63-0113M;VGR;Relâcher la pression;2;1;Esaie 32:2;Job 14:0
63-0114;SKN;Une Trompette qui rend un son confus;9;7;Hebreux 13:8 | Jean 14:13 | Jean 5:24 | Joel 2:28 | Luc 24:49 | Marc 16:0 | Matthieu 24:35;
63-0114;VGR;Une trompette rend un son confus;9;7;Hebreux 13:8 | Jean 14:13 | Jean 5:24 | Joel 2:28 | Luc 24:49 | Marc 16:0 | Matthieu 24:35;
63-0115;SKN;Accepter La Voie À Laquelle Dieu A Pourvue Au Temps De La Fin;6;5;Genese 22:0 | Hebreux 13:8 | Jean 12:32 | Jean 14:12 | Malachie 4:0;
63-0115;VGR;Accepter la voie pourvue par Dieu au temps de la fin;6;5;Genese 22:0 | Hebreux 13:8 | Jean 12:32 | Jean 14:12 | Malachie 4:0;
63-0116;SKN;Le Messager du soir (Le Messager du temps de la fin);14;8;1 Jean 5:7 | Actes 4:0 | Apocalypse 10:0 | Apocalypse 11:0 | Hebreux 1:0 | Malachie 3:0 | Malachie 4:0 | Matthieu 24:0;
63-0116;VGR;Le messager du soir;13;8;Actes 4:0 | Apocalypse 10:0 | Hebreux 1:0 | Jean 5:7 | Malachie 3:0 | Malachie 4:0 | Matthieu 24:0 | Zacharie 14:0;
63-0117;SKN;Réveiller Jésus;4;2;Hebreux 13:8 | Jean 14:12;
63-0118;SKN;L'Esprit de vérité;2;2;Jean 12:0 | Jean 14:12;
63-0118;VGR;L’Esprit de Vérité;2;2;Jean 12:0 | Jean 14:12;
63-0119;SKN;La Manière D'un Vrai Prophète;7;6;Apocalypse 17:0 | Esaie 5:0 | Genese 1:0 | Genese 2:0 | Jean 4:0 | Malachie 4:0;
63-0120E;SKN;Encore une fois seulement, Seigneur;5;5;Apocalypse 17:0 | Hebreux 13:8 | Jacques 5:14 | Jean 14:12 | Jean 3:16;
63-0120M;SKN;La Voix de Dieu en ces derniers jours;2;1;Marc 11:22;Esaie 40:0
63-0120M;VGR;La Voix de Dieu en ces derniers jours;2;1;Marc 11:22;Esaie 40:0
63-0121;SKN;Zachée, l'homme d'affaires;2;2;Hebreux 13:8 | Luc 19:0;
63-0121;VGR;Zachée, l’homme d’affaires;2;2;Hebreux 13:8 | Luc 19:0;
63-0122;SKN;Se souvenir du Seigneur;5;4;Hebreux 13:8 | Hebreux 1:0 | Jean 14:12 | Jean 5:24;
63-0122;VGR;Se souvenir du Seigneur;5;4;Hebreux 13:8 | Hebreux 1:0 | Jean 14:12 | Jean 5:24;
63-0123;SKN;Identification;9;8;Actes 2:0 | Galates 1:8 | Hebreux 13:8 | Jean 14:12 | Jean 3:16 | Jean 5:19 | Malachie 4:0 | Philippiens 2:5;
63-0123;VGR;Identification;11;8;Actes 2:0 | Galates 1:8 | Hebreux 13:8 | Jean 14:12 | Jean 3:16 | Jean 5:19 | Malachie 4:0 | Philippiens 2:5;
63-0126;SKN;Les Investissements;4;4;Jean 4:17 | Joel 2:28 | Luc 24:49 | Matthieu 5:0;
63-0127;SKN;Un Absolu;9;9;Actes 20:24 | Apocalypse 22:19 | Hebreux 2:14-15 | Jean 14:12 | Jean 1:0 | Jean 3:16 | Jean 4:17 | Malachie 3:0 | Marc 16:0;
63-0223;SKN;Une Porte Dans Une Porte;2;2;Jean 14:0 | Jean 1:0;
63-0223;VGR;Une porte à l’intérieur d’une porte;2;2;Jean 14:0 | Jean 1:0;
63-0304;SKN;Un Absolu;1;1;Marc 11:22;
63-0304;VGR;Un Absolu;1;1;Marc 11:22;
63-0317E;SKN;La Brèche Entre Les Sept Âges De L’Église Et Les Sept Sceaux;14;13;Apocalypse 10:0 | Apocalypse 10:6 | Apocalypse 1:0 | Ephesiens 1:0 | Ephesiens 1:13 | Ephesiens 4:30 | Levitique 25:0 | Malachie 4:0 | Romains 8:22 | Zacharie 3:0 | Zacharie 3:8 | Zacharie 4:104 | zacharie 4:10;
63-0317E;VGR;La brèche entre les Sept Âges de l’Église et les Sept Sceaux;14;13;Apocalypse 10:0 | Apocalypse 10:1 | Apocalypse 10:6 | Apocalypse 1:0 | Ephesiens 1:0 | Ephesiens 1:13 | Ephesiens 4:30 | Levitique 25:0 | Malachie 4:0 | Romains 8:22 | Zacharie 3:0 | Zacharie 3:8 | Zacharie 4:10;
63-0317M;SKN;Dieu Se Cache, Puis Se Révèle Dans La Simplicité;12;10;1 Chroniques 17:0 | 1 Corinthiens 13:0 | Apocalypse 21:0 | Esaie 40:0 | Jean 14:0 | Jean 3:16 | Malachie 3:0 | Malachie 4:0 | Marc 11:22 | Matthieu 11:10;
63-0317M;VGR;Dieu Se cache et Se révèle dans la simplicité;10;8;Apocalypse 21:0 | Esaie 40:0 | Esther 8:0 | Jean 14:0 | Jean 3:16 | Malachie 3:0 | Marc 11:22 | Matthieu 11:10;
63-0318;SKN;Le Premier Sceau;25;20;2 Thessaloniciens 2:7 | 2 Thessaloniciens 2:9 | Actes 2:38 | Apocalypse 10:0 | Apocalypse 10:1 | Apocalypse 10:1-7 | Apocalypse 10:7 | Apocalypse 12:7-9 | Apocalypse 13:0 | Apocalypse 17:0 | Apocalypse 19:11 | Apocalypse 5:0 | Daniel 9:0 | Hebreux 4:0 | Jean 12:0 | Malachie 3:0 | Malachie 4:0 | Matthieu 10:0 | Matthieu 24:0 | Matthieu 28:19;
63-0318;VGR;Le Premier Sceau;20;17;Actes 2:38 | Apocalypse 10:0 | Apocalypse 10:1 | Apocalypse 10:7 | Apocalypse 12:7-9 | Apocalypse 13:0 | Apocalypse 17:0 | Apocalypse 19:11 | Apocalypse 5:0 | Daniel 9:0 | Hebreux 4:0 | Jean 12:0 | Malachie 3:0 | Malachie 4:0 | Matthieu 10:0 | Matthieu 24:0 | Matthieu 28:19;
63-0319;SKN;Le Deuxième Sceau;15;12;2 Thessaloniciens 2:3 | Amos 3:0 | Apocalypse 10:1-7 | Apocalypse 19:11 | Jean 14:12 | Joel 2:25 | Malachie 4:0 | Marc 16:0 | Matthieu 11:25-26 | Matthieu 24:0 | Matthieu 4:0 | Matthieu 4:8;
63-0319;VGR;Le Deuxième Sceau;16;13;Amos 3:0 | Apocalypse 10:1-7 | Apocalypse 10:7 | Apocalypse 19:11 | Apocalypse 2:6 | Jean 14:12 | Joel 2:25 | Malachie 4:0 | Marc 16:0 | Matthieu 11:25-26 | Matthieu 24:0 | Matthieu 4:0 | Matthieu 4:8;
63-0320;SKN;Le Troisième Sceau;30;23;1 Jean 5:7 | 1 Timothee 3:16 | 2 Timothee 3:0 | Actes 2:0 | Actes 2:38 | Apocalypse 10:0 | Apocalypse 10:17 | Apocalypse 10:7 | Apocalypse 17:0 | Hebreux 13:8 | Hebreux 4:0 | Jean 14:12 | Jean 17:17 | Jean 1:0 | Joel 2:38 | Levitique 8:12 | Malachie 4:0 | Matthieu 14:25 | Matthieu 25:4 | Matthieu 4:11 | Zacharie 4:12 | apocalypse 10:7 | joel 2:11;
63-0320;VGR;Le Troisième Sceau;25;18;Actes 2:0 | Actes 2:38 | Apocalypse 10:0 | Apocalypse 17:0 | Hebreux 13:8 | Hebreux 4:0 | Jean 14:12 | Jean 17:17 | Jean 1:0 | Jean 5:7 | Joel 2:38 | Levitique 8:12 | Malachie 4:0 | Matthieu 14:0 | Matthieu 25:4 | Matthieu 4:11 | Zacharie 4:12 | actes 2:38;
63-0321;SKN;Le Quatrième Sceau;30;22;2 Samuel 6:14 | Actes 2:38 | Amos 3:7 | Apocalypse 10:0 | Apocalypse 10:1-7 | Apocalypse 10:7 | Apocalypse 12:0 | Apocalypse 12:13 | Apocalypse 13:1-8 | Apocalypse 13:14 | Apocalypse 19:0 | Apocalypse 2:18 | Apocalypse 2:18-20 | Apocalypse 2:22 | Esaie 28:19 | Genese 1:1 | Jean 6:0 | Joel 2:28 | Luc 24:49 | Malachie 4:0 | Matthieu 4:0 | Psaumes 16:8-11;
63-0321;VGR;Le Quatrième Sceau;30;20;Actes 2:38 | Amos 3:7 | Apocalypse 10:0 | Apocalypse 10:1-7 | Apocalypse 10:7 | Apocalypse 12:0 | Apocalypse 12:13 | Apocalypse 13:1 | Apocalypse 13:14 | Apocalypse 19:0 | Apocalypse 2:18 | Apocalypse 2:22 | Esaie 28:19 | Genese 1:1 | Jean 6:0 | Joel 2:28 | Luc 24:49 | Malachie 4:0 | Matthieu 4:0 | Psaumes 16:8;
63-0322;SKN;Le Cinquième Sceau;21;16;Actes 15:0 | Actes 15:14 | Actes 19:0 | Apocalypse 10:1-7 | Apocalypse 10:7 | Apocalypse 11:0 | Apocalypse 13:0 | Apocalypse 19:0 | Apocalypse 22:0 | Apocalypse 22:19 | Apocalypse 22:8 | Apocalypse 3:2 | Apocalypse 3:3 | Esaie 35:0 | Malachie 4:0 | Matthieu 28:19;
63-0322;VGR;Le Cinquième Sceau;20;15;Actes 15:0 | Actes 15:14 | Actes 19:0 | Apocalypse 10:1 | Apocalypse 10:7 | Apocalypse 11:0 | Apocalypse 13:0 | Apocalypse 19:0 | Apocalypse 22:0 | Apocalypse 22:8 | Apocalypse 3:2 | Apocalypse 3:3 | Esaie 35:0 | Malachie 4:0 | Matthieu 28:19;
63-0323;SKN;Le Sixième Sceau;30;19;Apocalypse 11:0 | Apocalypse 13:0 | Apocalypse 19:0 | Apocalypse 22:0 | Apocalypse 6:0 | Apocalypse 6:1 | Apocalypse 6:12 | Apocalypse 6:3 | Apocalypse 6:5 | Apocalypse 6:9 | Daniel 12:0 | Exode 10:21-23 | Matthieu 24:0 | Matthieu 24:29 | Matthieu 24:6 | Matthieu 24:7 | Matthieu 24:9-13 | Matthieu 27:0 | Romains 11:0;
63-0323;VGR;Le Sixième Sceau;29;18;Apocalypse 11:0 | Apocalypse 13:0 | Apocalypse 19:0 | Apocalypse 6:0 | Apocalypse 6:1 | Apocalypse 6:12 | Apocalypse 6:3 | Apocalypse 6:5 | Apocalypse 6:9 | Daniel 12:0 | Exode 10:21-23 | Matthieu 24:0 | Matthieu 24:29 | Matthieu 24:6 | Matthieu 24:7 | Matthieu 24:9-13 | Matthieu 27:0 | Romains 11:0;
63-0324E;SKN;Le Septième Sceau;14;11;Apocalypse 10:1 | Apocalypse 10:1-7 | Apocalypse 11:0 | Apocalypse 14:0 | Apocalypse 7:0 | Apocalypse 8:1 | Ephesiens 4:30 | Esaie 9:6 | Ezechiel 48:1-7 | Matthieu 24:0 | Matthieu 24:31;
63-0324E;VGR;Le Septième Sceau;15;11;Apocalypse 10:1 | Apocalypse 10:1-7 | Apocalypse 10:7 | Apocalypse 11:0 | Apocalypse 14:0 | Apocalypse 7:0 | Ephesiens 4:30 | Esaie 9:6 | Ezechiel 48:1 | Matthieu 24:0 | Matthieu 24:31;
63-0324M;SKN;Questions Et Réponses Sur Les Sceaux;34;28;1 Corinthiens 11:24 | 1 Corinthiens 12:0 | 1 Rois 17:0 | 1 Rois 19:0 | Actes 2:0 | Actes 2:38 | Apocalypse 11:0 | Apocalypse 11:3 | Apocalypse 16:0 | Apocalypse 18:8 | Apocalypse 5:9 | Apocalypse 6:0 | Apocalypse 6:11 | Apocalypse 6:6 | Apocalypse 7:14 | Daniel 9:27 | Genese 4:1 | Jean 10:0 | Luc 24:49 | Malachie 3:0 | Malachie 4:0 | Malachie 4:5 | Matthieu 11:0 | Matthieu 22:11 | Matthieu 24:0 | Matthieu 25:0 | Matthieu 28:19 | Matthieu 5:0;
63-0324M;VGR;Questions et réponses sur les Sceaux;30;24;Actes 2:0 | Actes 2:38 | Apocalypse 11:0 | Apocalypse 11:3 | Apocalypse 16:0 | Apocalypse 18:8 | Apocalypse 5:0 | Apocalypse 5:9 | Apocalypse 6:0 | Apocalypse 6:11 | Apocalypse 6:6 | Apocalypse 7:14 | Daniel 9:27 | Genese 4:1 | Luc 24:49 | Malachie 3:0 | Malachie 4:0 | Malachie 4:5 | Matthieu 11:0 | Matthieu 22:11 | Matthieu 24:0 | Matthieu 25:0 | Matthieu 28:19 | Matthieu 5:0;
63-0412E;SKN;Dieu se cache dans la simplicité;5;5;Esaie 35:0 | Jean 11:0 | Malachie 4:0 | Marc 11:24 | Matthieu 11:25;
63-0412M;SKN;La Dislocation Du Monde;7;7;2 Timothee 3:0 | Apocalypse 10:1-7 | Apocalypse 13:0 | Apocalypse 17:0 | Deuteronome 4:0 | Deuteronome 4:10 | Hebreux 12:25;
63-0421;SKN;Jour V, jour de victoire;7;7;Actes 2:38 | Apocalypse 19:11 | Genese 22:0 | Hebreux 11:0 | Jacques 5:14 | Job 136:0 | Matthieu 24:0;
63-0421;VGR;Jour de Victoire;5;5;Actes 2:38 | Genese 22:0 | Hebreux 11:0 | Jacques 5:14 | Matthieu 24:0;
63-0428;SKN;Regarde;6;6;Hebreux 13:8 | Jean 14:12 | Jean 16:0 | Jean 3:14 | Jean 6:0 | Romains 4:0;
63-0604;SKN;Jésus-Christ Est Le Même Hier, Aujourd’hui Et Éternellement;7;6;Actes 10:49 | Jean 12:20 | Jean 20:0 | Jean 5:19 | Jean 6:0 | actes 10:48;
63-0605;SKN;Il Y A Ici Plus Que Salomon;2;2;Jean 14:12 | Jean 6:0;
63-0606;SKN;Montre-nous le Père (Dieu rendu manifeste);7;6;Esaie 35:0 | Genese 1:11 | Jean 14:12 | Jean 14:8 | Jean 3:16 | Marc 11:22;
63-0607;SKN;N'Ayez Pas Peur;1;1;Matthieu 10:0;
63-0608;SKN;Les Conférences;5;5;Actes 10:49 | Actes 19:0 | Actes 2:0 | Actes 4:0 | actes 10:44;
63-0608;VGR;Conférences;7;5;Actes 10:49 | Actes 19:0 | Actes 2:0 | Actes 4:0 | actes 10:44;
63-0623E;SKN;Le Signal rouge, signe de sa venue;13;12;Actes 19:0 | Actes 19:5 | Esaie 5:0 | Galates 1:8 | Genese 6:0 | Genese 6:12 | Jean 14:0 | Luc 17:0 | Luc 17:28 | Matthieu 22:20 | Matthieu 24:0 | Matthieu 5:28;
63-0623E;VGR;Le feu rouge clignotant, signe de Sa Venue;12;11;Actes 19:0 | Actes 19:5 | Esaie 5:0 | Galates 1:8 | Genese 6:0 | Genese 6:12 | Jean 14:0 | Luc 17:0 | Luc 17:28 | Matthieu 24:0 | Matthieu 5:28;
63-0623M;SKN;Se tenir à la brèche;3;3;Genese 1:1 | Nombres 16:0 | Nombres 16:3;
63-0623M;VGR;Se tenir dans la brèche;3;3;Genese 1:1 | Nombres 16:0 | Nombres 16:3;
63-0626;SKN;Pourquoi?;2;2;Actes 19:0 | Actes 4:0;
63-0627;SKN;Jésus-Christ Est Le Même Hier, Aujourd’hui Et Éternellement;8;8;Deuteronome 18:0 | Hebreux 4:12 | Jean 12:0 | Jean 12:20 | Jean 1:0 | Jean 4:0 | Jean 5:19 | Jean 6:0;
63-0628E;SKN;Il y a ici plus que Salomon;8;8;Actes 2:0 | Hebreux 13:8 | Jean 14:12 | Marc 11:23 | Marc 12:0 | Matthieu 11:22 | Matthieu 24:0 | Romains 8:0;
63-0628M;SKN;Ô Seigneur, Encore Une Fois  (L’État Présent De L’Église);3;3;Actes 19:0 | Actes 2:0 | Apocalypse 17:0;
63-0628M;VGR;Ô Seigneur, une seule fois encore;3;3;Actes 19:0 | Actes 2:0 | Apocalypse 17:0;
63-0630E;SKN;Votre vie est-elle digne de l'évangile?;4;3;Jean 14:12 | Marc 16:0 | Matthieu 22:0;
63-0630E;VGR;Votre vie est-elle digne de l’Évangile?;4;4;Jean 14:12 | Marc 16:0 | Matthieu 22:0 | Matthieu 22:1;
63-0630M;SKN;Le Troisième exode;5;4;Apocalypse 13:0 | Apocalypse 17:0 | Jean 6:0 | Malachie 4:0;
63-0630M;VGR;Le troisième exode;21;20;Apocalypse 13:0 | Apocalypse 17:0 | Exode 11:0 | Exode 13:0 | Exode 15:0 | Exode 19:0 | Exode 21:0 | Exode 23:0 | Exode 25:0 | Exode 29:0 | Exode 31:0 | Exode 33:0 | Exode 35:0 | Exode 37:0 | Exode 39:0 | Exode 3:0 | Exode 5:0 | Exode 9:0 | Jean 6:0 | Malachie 4:0;
63-0707;VGR;L’Accusation;20;14;Actes 2:0 | Actes 2:38 | Apocalypse 17:0 | Hebreux 10:0 | Hebreux 13:8 | Hebreux 6:0 | Hebreux 6:1 | Jean 14:12 | Jean 15:0 | Jean 1:0 | Joel 2:38 | Malachie 4:0 | Marc 16:0 | actes 2:38;
63-0707M;SKN;L’Accusation;20;14;2 Timothee 3:0 | Actes 2:0 | Actes 2:38 | Apocalypse 17:0 | Hebreux 10:0 | Hebreux 13:8 | Hebreux 6:0 | Hebreux 6:1 | Jean 14:12 | Jean 15:0 | Jean 1:0 | Joel 2:38 | Marc 16:0 | actes 2:38;
63-0707M;VGR;L’accusation;20;14;Actes 2:0 | Actes 2:38 | Apocalypse 17:0 | Hebreux 10:0 | Hebreux 13:8 | Hebreux 6:0 | Hebreux 6:1 | Jean 14:12 | Jean 15:0 | Jean 1:0 | Joel 2:38 | Malachie 4:0 | Marc 16:0 | actes 2:38;
63-0714E;SKN;Humilie-toi;4;3;Jacques 5:14 | Marc 16:0 | Marc 16:15-20;
63-0714E;VGR;Humilie-toi;4;3;Jacques 5:14 | Marc 16:0 | Marc 16:15-20;
63-0714M;SKN;Pourquoi Crier?  Parle!;4;4;Exode 13:21 | Exode 14:0 | Jean 14:12 | Marc 11:24;
63-0714M;VGR;Pourquoi crier? Parle!;4;4;Exode 13:21 | Exode 14:0 | Jean 14:12 | Marc 11:24;
63-0717;SKN;Paul, Prisonnier de Christ;1;1;Jean 14:12;
63-0717;VGR;Prisonnier;1;1;Jean 14:12;
63-0721;SKN;Il prend soin. Et vous ?;7;7;Apocalypse 17:0 | Genese 6:4 | Hebreux 2:0 | Hebreux 2:2-4 | Hebreux 4:0 | Jean 15:26 | Jean 5:24;
63-0724;SKN;Dieu Ne Fait Pas Venir Un Homme En Jugement Sans L'avoir Premièrement Averti (Avertissemen;3;3;Esaie 38:0 | Jean 5:24 | Matthieu 28:16;
63-0724;VGR;Dieu n’appelle pas l’homme en jugement sans l’avoir d’abord averti;3;3;Esaie 38:0 | Jean 5:24 | Matthieu 28:16;
63-0728;SKN;Christ Est Le Mystère De Dieu Révélé;22;17;1 Corinthiens 12:0 | Apocalypse 17:0 | Apocalypse 7:0 | Esther 2:0 | Hebreux 11:0 | Hebreux 13:8 | Jean 14:12 | Jean 5:0 | Jean 5:24 | Malachie 3:0 | Malachie 4:0 | Marc 16:0 | Matthieu 11:25 | Matthieu 16:15 | Matthieu 24:0 | Psaumes 1:0 | Psaumes 22:0;
63-0728;VGR;Christ est le mystère de Dieu révélé;21;15;Apocalypse 17:0 | Apocalypse 7:0 | Hebreux 11:0 | Hebreux 13:8 | Jean 14:12 | Jean 5:0 | Jean 5:24 | Malachie 3:0 | Malachie 4:0 | Marc 16:0 | Matthieu 11:25 | Matthieu 16:15 | Matthieu 24:0 | Psaumes 1:0 | Psaumes 22:0;
63-0731;SKN;Il Y A Une Seule Voie À Laquelle Dieu A Pourvue Pour Tout;2;2;Genese 6:0 | Marc 16:0;
63-0801;SKN;Un Paradoxe;7;7;Esther 10:0 | Exode 13:31 | Hebreux 4:15 | Jean 14:12 | Jean 8:58 | Marc 11:24 | exode 13:21;
63-0802;SKN;Persévérant;2;2;Hebreux 4:12 | Malachie 3:0;
63-0803B;SKN;Les Investissements;12;8;Actes 19:0 | Esaie 28:19 | Exode 13:22 | Jean 14:12 | Joel 2:28 | Luc 24:49 | Marc 16:0 | Matthieu 5:0;
63-0803B;VGR;Des investissements;12;8;Actes 19:0 | Esaie 28:19 | Exode 13:22 | Jean 14:12 | Joel 2:28 | Luc 24:49 | Marc 16:0 | Matthieu 5:0;
63-0803E;SKN;Influence;1;1;Esaie 65:0;
63-0804A;SKN;Encore une fois;2;2;Apocalypse 17:0 | Marc 16:0;
63-0804A;VGR;Une fois encore;2;2;Apocalypse 17:0 | Marc 16:0;
63-0804E;SKN;Appeler Jésus Sur La Scène;5;5;Colossiens 1:15 | Ephesiens 4:30 | Jean 3:0 | Marc 16:0 | Matthieu 1:0;
63-0818;SKN;Le Temps De L’Union Et Son Signe;4;3;Apocalypse 10:0 | Malachie 4:0 | Psaumes 86:0;
63-0818;VGR;Le temps de l’union et son signe;5;4;Apocalypse 10:0 | Hebreux 11:0 | Malachie 4:0 | Psaumes 86:0;
63-0825E;SKN;La Foi Parfaite;9;8;1 Jean 3:21 | Actes 2:0 | Jacques 5:14 | Jean 14:12 | Jean 15:0 | Jean 3:21 | Marc 11:23 | Marc 16:0;
63-0825E;VGR;La Foi parfaite;9;7;Actes 2:0 | Jacques 5:14 | Jean 14:12 | Jean 15:0 | Jean 3:21 | Marc 11:23 | Marc 16:0;
63-0825M;SKN;Comment puis-je vaincre?;2;2;Apocalypse 3:21 | Romains 8:1;
63-0825M;VGR;Comment puis-je vaincre?;2;2;Apocalypse 3:21 | Romains 8:1;
63-0901E;SKN;Poussé à bout;4;4;Galates 5:6 | Jacques 5:15 | Jean 14:23 | Luc 16:0;
63-0901M;SKN;Le Signe;20;16;1 Corinthiens 12:0 | Actes 16:31 | Actes 19:0 | Ephesiens 2:12 | Ephesiens 4:30 | Genese 4:10 | Genese 9:0 | Hebreux 10:12 | Hebreux 11:0 | Hebreux 12:24 | Hebreux 13:0 | Hebreux 13:10 | Hebreux 13:8 | Hebreux 9:11-14 | Jean 14:12 | Romains 8:1;
63-0901M;VGR;Le Signe;18;15;Actes 16:31 | Actes 19:0 | Ephesiens 2:12 | Ephesiens 4:30 | Genese 4:10 | Genese 9:0 | Hebreux 10:12 | Hebreux 11:0 | Hebreux 12:24 | Hebreux 13:0 | Hebreux 13:10 | Hebreux 13:8 | Hebreux 9:11-14 | Jean 14:12 | Romains 8:1;
63-1028;SKN;Etre pardonné;11;8;Esaie 1:0 | Esaie 53:5 | Hebreux 13:8 | Hebreux 9:0 | Hebreux 9:11 | Jean 12:14 | Jean 1:0 | Romains 5:1;Romains 8:28
63-1028;VGR;Le pardon;13;10;Esaie 1:0 | Esaie 53:5 | Hebreux 13:8 | Hebreux 9:0 | Hebreux 9:11 | Jean 12:14 | Jean 1:0 | Matthieu 24:24 | Romains 5:1 | Romains 8:28;
63-1103;SKN;Allez réveiller Jésus;15;12;Hebreux 13:8 | Hebreux 1:0 | Hebreux 3:0 | Hebreux 4:0 | Jean 14:12 | Jean 5:24 | Marc 4:35 | Matthieu 28:20 | Matthieu 28:28 | Matthieu 8:23 | Psaumes 103:1-9 | matthieu 28:20;
63-1103;VGR;Allez réveiller Jésus;15;12;Hebreux 13:8 | Hebreux 1:0 | Hebreux 3:0 | Hebreux 4:0 | Jean 14:12 | Jean 5:24 | Marc 4:35 | Matthieu 28:20 | Matthieu 28:28 | Matthieu 8:23 | Psaumes 103:1-9 | matthieu 28:7;
63-1110E;SKN;Celui Qui Est En Vous;8;7;Apocalypse 19:21 | Hebreux 13:8 | Jean 14:12 | Jean 4:4 | Marc 11:12 | Matthieu 24:0 | Matthieu 28:20;
63-1110E;VGR;Celui qui est en vous;15;7;Hebreux 13:8 | Jean 14:12 | Jean 4:4 | Marc 11:12 | Marc 11:23 | Matthieu 24:0 | Matthieu 28:20;
63-1110M;SKN;Les Âmes Qui Sont Maintenant En Prison;16;13;Apocalypse 10:7 | Apocalypse 17:0 | Apocalypse 1:0 | Genese 15:16 | Genese 1:0 | Hebreux 11:0 | Hebreux 13:8 | Jean 14:12 | Jean 4:0 | Jean 6:49 | Matthieu 23:0 | Matthieu 23:7 | Matthieu 6:9-13;
63-1110M;VGR;Des âmes qui sont maintenant en prison;16;13;Apocalypse 10:7 | Apocalypse 17:0 | Apocalypse 1:0 | Genese 15:16 | Genese 1:0 | Hebreux 11:0 | Hebreux 13:8 | Jean 14:12 | Jean 4:0 | Jean 6:49 | Matthieu 23:0 | Matthieu 23:7 | Matthieu 6:9-13;
63-1112;SKN;Monsieur, Nous Voudrions Voir Jésus;12;10;Hebreux 13:8 | Hebreux 1:0 | Hebreux 4:0 | Jean 12:20 | Jean 14:12 | Jean 1:0 | Jean 4:0 | Jean 5:19 | Jean 6:0 | Matthieu 6:11;
63-1113;SKN;Le Signe de ce temps;6;5;Hebreux 13:8 | Hebreux 4:0 | Jean 14:12 | Jean 1:0 | Jean 4:0;Genese 6:0
63-1114;SKN;Influence;2;2;Jean 6:0 | Malachie 3:0;
63-1114;VGR;L’influence;2;2;Jean 6:0 | Malachie 3:0;
63-1115;SKN;La Dislocation du monde;5;5;2 Timothee 3:0 | Apocalypse 6:12 | Hebreux 12:25 | Hebreux 13:8 | Matthieu 10:0;
63-1116B;SKN;Les Investissements;5;5;Actes 19:0 | Apocalypse 3:0 | Hebreux 4:0 | Luc 24:49 | Marc 16:0;
63-1116E;SKN;La Persévérance;4;4;Hebreux 13:18 | Hebreux 4:12 | Jean 14:12 | Jean 5:19;
63-1117;SKN;Encore une fois;3;3;Apocalypse 17:0 | Hebreux 3:0 | Hebreux 4:0;
63-1124E;SKN;Trois sortes de croyants;8;8;Actes 2:38 | Esaie 35:0 | Jean 15:0 | Jean 6:0 | Jean 6:60 | Matthieu 10:0 | Psaumes 22:0 | Romains 4:0;
63-1124E;VGR;Trois sortes de croyants;8;8;Actes 2:38 | Esaie 35:0 | Jean 15:0 | Jean 6:0 | Jean 6:60 | Matthieu 10:0 | Psaumes 22:0 | Romains 4:0;
63-1124M;SKN;Que ferai-je de Jésus appelé Christ?;15;12;Actes 19:5 | Apocalypse 13:0 | Apocalypse 13:8 | Apocalypse 17:0 | Ephesiens 4:30 | Esaie 9:6 | Galates 1:8 | Hebreux 10:0 | Hebreux 13:8 | Jean 5:24 | Malachie 4:0 | Matthieu 27:0;
63-1124M;VGR;Que ferai-je de Jésus, qu’on appelle Christ?;14;11;Actes 19:5 | Apocalypse 13:8 | Apocalypse 17:0 | Ephesiens 4:30 | Esaie 9:6 | Galates 1:8 | Hebreux 10:0 | Hebreux 13:8 | Jean 5:24 | Malachie 4:0 | Matthieu 27:0;
63-1127;SKN;Le Monde se disloque une fois de plus;13;9;Actes 2:38 | Deuteronome 4:0 | Ephesiens 4:30 | Esaie 9:6 | Hebreux 11:0 | Hebreux 13:8 | Hebreux 4:0 | Jean 12:14 | Malachie 3:0;
63-1128E;SKN;Le Signe;15;13;1 Corinthiens 12:0 | Actes 16:31 | Apocalypse 19:21 | Ephesiens 2:12 | Ephesiens 4:30 | Esaie 28:19 | Esaie 35:0 | Esaie 9:6 | Genese 4:1 | Hebreux 13:10 | Hebreux 13:8 | Hebreux 9:11 | Jean 5:24;
63-1128M;SKN;Le Témoignage;6;4;2 Chroniques 22:0 | Genese 22:14 | Marc 11:22 | Psaumes 23:0;2 Corinthiens 9:0
63-1129;SKN;Le Super Signe;7;6;Genese 22:16 | Hebreux 13:8 | Hebreux 4:0 | Malachie 3:0 | Malachie 3:1 | Malachie 4:0;
63-1129;VGR;Le super-signe;8;5;Genese 22:16 | Hebreux 13:8 | Malachie 3:0 | Malachie 3:1 | Malachie 4:0;
63-1130B;SKN;L'Influence;3;3;Genese 1:0 | Hebreux 13:8 | Jean 1:0;
63-1130B;VGR;L’influence;3;3;Genese 1:0 | Hebreux 13:8 | Jean 1:0;
63-1130E;SKN;Allez Réveiller Jésus;6;5;Apocalypse 17:0 | Hebreux 13:8 | Hebreux 4:0 | Jean 14:2 | Jean 1:0;
63-1201E;SKN;Encore Une Fois Seulement, Seigneur;4;4;2 Timothee 3:0 | Actes 2:38 | Apocalypse 17:0 | Apocalypse 3:0;
63-1201M;SKN;Un Absolu;11;10;Actes 20:24 | Actes 2:0 | Apocalypse 22:19 | Esaie 9:6 | Jacques 5:0 | Jean 1:0 | Job 14:0 | Philippiens 1:0 | Romains 5:0 | Romains 8:1;
63-1201M;VGR;Un Absolu;11;10;Actes 20:24 | Actes 2:0 | Apocalypse 22:19 | Esaie 9:6 | Jacques 5:0 | Jean 1:0 | Job 14:0 | Philippiens 1:0 | Romains 5:0 | Romains 8:1;
63-1214;SKN;Pourquoi la petite Bethlehem?;7;7;Apocalypse 17:0 | Galates 1:8 | Hebreux 13:8 | Jean 3:16 | Jean 6:35 | Malachie 4:0 | Psaumes 23:0;
63-1214;VGR;Pourquoi la petite Bethléhem;7;7;Apocalypse 17:0 | Galates 1:8 | Hebreux 13:8 | Jean 3:16 | Jean 6:35 | Malachie 4:0 | Psaumes 23:0;
63-1216;SKN;Nous avons vu son étoile en orient, et nous sommes venus pour l'adorer;8;8;Actes 10:35 | Daniel 2:43 | Deuteronome 22:0 | Deuteronome 22:23 | Esaie 9:0 | Galates 1:0 | Galates 4:19 | Malachie 4:0;
63-1222;SKN;Les Dons de Dieu trouvent toujours leurs places;9;7;Jean 12:0 | Jean 12:1 | Jean 14:12 | Jean 3:16 | Levitique 16:6 | Levitique 2:2 | Matthieu 12:15;
63-1229E;SKN;Tournez Les Regards Vers Jésus;6;6;Actes 20:27 | Apocalypse 13:0 | Esaie 45:22 | Hebreux 13:8 | Jean 14:12 | Malachie 4:0;
63-1229E;VGR;Tournez les regards vers Jésus;6;6;Actes 20:27 | Apocalypse 13:0 | Esaie 45:22 | Hebreux 13:8 | Jean 14:12 | Malachie 4:0;
63-1229M;SKN;Il y a ici un homme qui peut allumer la lumière;13;12;Apocalypse 3:0 | Genese 1:0 | Genese 1:3 | Genese 3:0 | Hebreux 13:8 | Jean 14:12 | Joel 2:28 | Malachie 4:0 | Marc 16:0 | Matthieu 24:0 | Nombres 24:17 | Psaumes 22:0;
63-1229M;VGR;Il y a ici un Homme qui peut allumer la lumière;13;12;Apocalypse 3:0 | Genese 1:0 | Genese 1:3 | Genese 3:0 | Hebreux 13:8 | Jean 14:12 | Joel 2:28 | Malachie 4:0 | Marc 16:0 | Matthieu 24:0 | Nombres 24:17 | Psaumes 22:0;
64-0112;VGR;Shalom;13;12;1 Timothee 3:16 | Apocalypse 10:0 | Apocalypse 17:0 | Esaie 60:0 | Esaie 60:1 | Esaie 62:0 | Hebreux 1:0 | Hebreux 4:0 | Jean 14:0 | Psaumes 60:0 | Psaumes 62:0 | Psaumes 62:1;
64-0112;SKN;Shalom;10;9;Apocalypse 10:0 | Apocalypse 17:0 | Esaie 60:0 | Esaie 60:1 | Esaie 62:0 | Hebreux 1:0 | Jean 14:0 | Psaumes 60:0 | Psaumes 62:0;
64-0119;SKN;Shalom;6;6;Apocalypse 3:0 | Esaie 60:1 | Esaie 6:0 | Hebreux 13:8 | Jean 14:12 | Psaumes 62:1-8;
64-0120;SKN;Ses paroles infaillibles de promesse;1;1;Hebreux 4:0;
64-0121;SKN;La Parole De Dieu Exige Une Séparation Totale D’avec L’Incrédulité;3;3;Genese 1:3 | Jean 14:0 | Jean 14:12;
64-0122;SKN;Tournez Le Regard Vers Jésus;5;3;Hebreux 13:8 | Jean 14:12 | Jean 5:19;Esaie 45:0
64-0125;SKN;Allumer La Lumière;11;8;Apocalypse 17:0 | Apocalypse 3:0 | Hebreux 13:8 | Jean 15:0 | Joel 2:28 | Malachie 4:0 | Matthieu 24:0 | Matthieu 4:0;Esaie 42:1-7 | Matthieu 4:15-16
64-0125;VGR;Allumer la Lumière;11;8;Apocalypse 17:0 | Apocalypse 3:0 | Hebreux 13:8 | Jean 15:0 | Joel 2:28 | Malachie 4:0 | Matthieu 24:0 | Matthieu 4:0;Esaie 42:1-7 | Matthieu 4:15-16
64-0126;SKN;Que Ferons-Nous De Ce Jésus Qu’on Appelle Christ?;10;8;Apocalypse 17:0 | Hebreux 10:0 | Hebreux 13:8 | Hebreux 4:0 | Jean 14:12 | Malachie 4:0 | Matthieu 24:24 | Matthieu 28:0;
64-0126;VGR;Que ferons-nous de ce Jésus qu’on appelle Christ?;10;8;Apocalypse 17:0 | Hebreux 10:0 | Hebreux 13:8 | Hebreux 4:0 | Jean 14:12 | Malachie 4:0 | Matthieu 24:24 | Matthieu 28:0;
64-0205;SKN;Dieu est son propre interprète;1;1;Matthieu 24:24;
64-0206B;SKN;Un Paradoxe;9;8;Ephesiens 1:0 | Genese 22:0 | Josue 10:12 | Malachie 3:0 | Malachie 4:0 | Marc 11:22 | Matthieu 10:0 | Matthieu 11:0;
64-0206E;SKN;La Voie À Laquelle Dieu A Pourvue Pour Aujourd’hui;4;4;Genese 1:0 | Hebreux 13:8 | Jean 14:12 | Malachie 4:0;
64-0206E;VGR;La Voie pourvue par Dieu pour aujourd’hui;4;4;Genese 1:0 | Hebreux 13:8 | Jean 14:12 | Malachie 4:0;
64-0207;SKN;Le Patriarche Abraham;5;5;Genese 22:0 | Hebreux 11:0 | Hebreux 13:8 | Jean 4:0 | Jean 5:0;
64-0207;VGR;Le patriarche Abraham;5;4;Hebreux 11:0 | Hebreux 13:8 | Jean 4:0 | Jean 5:0;Genese 22:0
64-0208;SKN;Le Signe;12;11;1 Corinthiens 12:0 | Actes 16:31 | Ephesiens 4:30 | Genese 4:10 | Hebreux 12:24 | Hebreux 13:0 | Hebreux 13:8 | Hebreux 1:0 | Hebreux 9:11-14 | Jean 14:12 | Malachie 4:0;Exode 12:12
64-0208;VGR;Le Signe;11;10;Actes 16:31 | Ephesiens 4:30 | Genese 4:10 | Hebreux 12:24 | Hebreux 13:0 | Hebreux 13:8 | Hebreux 1:0 | Hebreux 9:11 | Jean 14:12 | Malachie 4:0;Exode 12:12
64-0209;SKN;Le Compte À Rebours;4;2;Jean 14:12 | Malachie 4:0;
64-0212;SKN;Quand leurs yeux s’ouvrirent, ils Le reconnurent;13;8;Hebreux 13:8 | Jean 14:12 | Jean 4:0 | Joel 2:28 | Luc 17:0 | Luc 17:26 | Malachie 3:0 | Malachie 4:0;Luc 24:0
64-0212;VGR;Lorsque leurs yeux s’ouvrirent, ils Le reconnurent;12;7;Hebreux 13:8 | Jean 14:12 | Joel 2:28 | Luc 17:0 | Luc 17:26 | Malachie 3:0 | Malachie 4:0;Luc 24:0
64-0213;SKN;Puis Jésus Vint Et Appela;2;2;Jean 11:0 | Jean 5:19;
64-0213;VGR;Alors Jésus vint, et Il appela;2;2;Jean 11:0 | Jean 5:19;
64-0214;SKN;La Voix du signe;8;8;Hebreux 13:8 | Hebreux 1:0 | Luc 17:30 | Malachie 3:0 | Malachie 4:0 | Marc 16:0 | Matthieu 24:24 | Nombres 12:6;
64-0215;SKN;Les Influences;1;1;Marc 16:0;
64-0215;VGR;Les influences;1;1;Marc 16:0;
64-0216;SKN;L'Identification;6;6;Galates 1:8 | Hebreux 13:8 | Hebreux 4:0 | Jean 14:12 | Jean 1:0 | Jean 3:16;
64-0304;SKN;Messieurs, Nous Voudrions Voir Jésus;6;6;Genese 6:0 | Hebreux 13:8 | Hebreux 1:0 | Hebreux 3:0 | Jean 5:19 | Jean 5:39;
64-0304;VGR;Messieurs, nous voudrions voir Jésus;6;6;Genese 6:0 | Hebreux 13:8 | Hebreux 1:0 | Hebreux 3:0 | Jean 5:19 | Jean 5:39;
64-0305;SKN;Persévérant;6;6;Hebreux 3:0 | Hebreux 4:12 | Jean 14:12 | Jean 1:0 | Jean 5:19 | Luc 17:15;
64-0305;VGR;Persévérer;5;5;Hebreux 4:12 | Jean 14:12 | Jean 1:0 | Jean 5:19 | Luc 17:15;
64-0306;SKN;Il Y A Maintenant Ici Plus Que Salomon;4;3;Exode 19:0 | Hebreux 4:0 | Matthieu 3:0;Matthieu 12:0
64-0306;VGR;Il y a maintenant ici plus que Salomon;4;3;Exode 19:0 | Hebreux 4:0 | Matthieu 3:0;Matthieu 12:0
64-0308;SKN;Le Signe;13;13;Actes 16:31 | Apocalypse 17:0 | Ephesiens 2:12 | Ephesiens 4:30 | Esaie 35:0 | Genese 4:10 | Hebreux 10:26 | Hebreux 12:0 | Hebreux 13:10 | Hebreux 13:8 | Hebreux 9:11 | Jean 14:12 | Malachie 4:0;
64-0308;VGR;Le Signe;13;13;Actes 16:31 | Apocalypse 17:0 | Ephesiens 2:12 | Ephesiens 4:30 | Esaie 35:0 | Genese 4:10 | Hebreux 10:26 | Hebreux 12:0 | Hebreux 13:10 | Hebreux 13:8 | Hebreux 9:11 | Jean 14:12 | Malachie 4:0;
64-0311;SKN;Dieu Est Identifié Par Ses Caractéristiques;14;10;Deuteronome 18:15 | Hebreux 10:1 | Hebreux 13:8 | Hebreux 1:1 | Hebreux 4:12 | Hebreux 4:14 | Jean 10:37 | Jean 14:12 | Jean 4:0 | Jean 5:19;Hebreux 1:1-3
64-0311;VGR;Dieu est identifié par Ses caractéristiques;14;10;Deuteronome 18:15 | Hebreux 10:1 | Hebreux 13:8 | Hebreux 1:1 | Hebreux 4:12 | Hebreux 4:14 | Jean 10:37 | Jean 14:12 | Jean 4:0 | Jean 5:19;Hebreux 1:1-3
64-0312;SKN;Quand Leurs Yeux S'ouvrirent, Ils Le Reconnurent;11;8;Apocalypse 3:0 | Hebreux 13:8 | Hebreux 4:0 | Jean 14:8 | Jean 14:9 | Luc 17:28 | Malachie 4:0 | Psaumes 22:0;Luc 24:0
64-0313;SKN;La Voix Du Signe;15;10;Apocalypse 3:0 | Esaie 35:0 | Hebreux 1:1 | Hebreux 4:0 | Luc 17:0 | Luc 17:30 | Malachie 3:0 | Malachie 4:0 | Matthieu 24:0 | Nombres 12:6;
64-0313;VGR;La voix du signe;18;10;Apocalypse 3:0 | Esaie 35:0 | Hebreux 1:1 | Hebreux 4:0 | Luc 17:0 | Luc 17:30 | Malachie 3:0 | Malachie 4:0 | Matthieu 24:0 | Nombres 12:6;
64-0314;SKN;Les Investissements;3;3;Jean 14:12 | Luc 24:49 | Matthieu 5:0;
64-0315;SKN;Influence;4;3;2 Chroniques 26:0 | Jean 5:19 | Luc 24:49;
64-0315;VGR;L’influence;2;2;Jean 5:19 | Luc 24:49;
64-0318;SKN;Messieurs, Nous Voudrions Voir Jésus;6;5;Hebreux 13:8 | Jean 4:0 | Jean 6:0 | Malachie 3:0 | Matthieu 11:0;Hebreux 13:8
64-0318;VGR;Monsieur, nous voudrions voir Jésus;6;5;Hebreux 13:8 | Jean 4:0 | Jean 6:0 | Malachie 3:0 | Matthieu 11:0;Hebreux 13:8
64-0319;SKN;Appeler Jésus Sur La Scène;6;6;Hebreux 13:8 | Jean 14:12 | Jean 1:1 | Jean 5:0 | Jean 5:19 | Malachie 4:0;
64-0320;SKN;Dieu Identifié Par Ses Caractéristiques;12;9;Deuteronome 18:15 | Hebreux 13:8 | Hebreux 1:1 | Hebreux 4:12 | Hebreux 4:14 | Jean 10:37 | Jean 14:12 | Malachie 4:0 | Matthieu 24:0;
64-0320;VGR;Dieu S’identifie par Ses caractéristiques;12;9;Deuteronome 18:15 | Hebreux 13:8 | Hebreux 1:1 | Hebreux 4:0 | Hebreux 4:12 | Jean 10:37 | Jean 14:12 | Malachie 4:0 | Matthieu 24:0;
64-0321E;SKN;La Voix Du Signe;10;9;Genese 15:16 | Hebreux 1:1 | Hebreux 4:0 | Jean 14:12 | Jean 4:0 | Luc 17:0 | Malachie 3:0 | Malachie 4:0 | Nombres 12:6;
64-0321E;VGR;La Voix du signe;12;9;Genese 15:16 | Hebreux 1:1 | Hebreux 4:0 | Jean 14:12 | Jean 4:0 | Luc 17:0 | Malachie 3:0 | Malachie 4:0 | Nombres 12:6;
64-0322;SKN;Posséder La Porte De L’Ennemi Après Le Test;6;4;Ephesiens 4:30 | Genese 22:0 | Jean 14:12 | Jean 6:0;
64-0322;VGR;Posséder la porte de l’ennemi après l’épreuve;6;4;Ephesiens 4:30 | Genese 22:0 | Jean 14:12 | Jean 6:0;
64-0401;SKN;Christ Identifié Dans Tous Les Âges;9;8;1 Timothee 3:16 | Apocalypse 17:0 | Jean 14:12 | Jean 4:0 | Jean 6:0 | Luc 17:0 | Malachie 3:6 | Zacharie 14:6;
64-0402;SKN;Jéhovah-Jiré #1;4;4;Hebreux 7:0 | Jean 15:0 | Malachie 4:0 | Marc 11:22;
64-0402;VGR;Jéhovah-Jiré #1;4;4;Hebreux 7:0 | Jean 15:0 | Malachie 4:0 | Marc 11:22;
64-0403;SKN;Jéhovah-Jiré #2;9;8;Ephesiens 4:30 | Genese 1:26 | Jean 14:12 | Jean 15:0 | Luc 17:28 | Malachie 4:0 | Marc 16:0 | Matthieu 27:0;
64-0403;VGR;Jéhovah-Jiré #2;9;8;Ephesiens 4:30 | Genese 1:26 | Jean 14:12 | Jean 15:0 | Luc 17:28 | Malachie 4:0 | Marc 16:0 | Matthieu 27:0;
64-0404;SKN;Jéhovah-Jiré #3;7;7;Esaie 40:0 | Genese 15:0 | Jean 14:12 | Luc 17:0 | Malachie 3:0 | Malachie 4:0 | Romains 4:0;
64-0404;VGR;Jéhovah-Jiré #3;7;6;Genese 15:0 | Jean 14:12 | Luc 17:0 | Malachie 3:0 | Malachie 4:0 | Romains 4:0;
64-0405;SKN;Un Procès;11;7;Hebreux 13:8 | Jacques 5:14 | Malachie 4:0 | Marc 11:22 | Marc 11:23 | Marc 16:0 | Matthieu 15:26;
64-0405;VGR;Un procès;7;5;Hebreux 13:8 | Jacques 5:14 | Marc 11:22 | Marc 11:23 | Marc 16:0;
64-0409;SKN;Christ identifie dans tous les âges;9;8;Deuteronome 18:15 | Genese 22:0 | Hebreux 13:8 | Hebreux 4:4-12 | Jean 1:0 | Jean 4:0 | Jean 6:0 | Malachie 4:0;
64-0409;VGR;L’identification de Christ dans tous les âges;9;8;Deuteronome 18:15 | Genese 22:0 | Hebreux 13:8 | Hebreux 4:0 | Jean 1:0 | Jean 4:0 | Jean 6:0 | Malachie 4:0;
64-0410;SKN;Les Signes scripturaires du temps;6;4;Jean 5:24 | Luc 17:0 | Malachie 3:0 | Malachie 4:0;Matthieu 12:0
64-0411;SKN;L'Amnésie spirituelle;2;2;Apocalypse 3:0 | Marc 11:0;
64-0411;VGR;L’amnésie spirituelle;2;2;Apocalypse 3:0 | Marc 11:0;
64-0412;SKN;Un Procès;13;9;Hebreux 13:8 | Jacques 5:14 | Jean 14:12 | Jean 5:19 | Malachie 4:0 | Marc 11:22 | Marc 16:0 | Matthieu 10:0 | Matthieu 12:0;
64-0415;SKN;Christ Identifié Le Même Dans Toutes Les Générations;6;6;Deuteronome 18:15 | Hebreux 13:0 | Hebreux 13:5 | Hebreux 1:0 | Hebreux 3:0 | Jean 5:19;
64-0415;VGR;Christ identifié le même dans toutes les générations;6;6;Deuteronome 18:15 | Hebreux 13:0 | Hebreux 13:5 | Hebreux 1:0 | Hebreux 3:0 | Jean 5:19;
64-0416;SKN;Alors, quand leurs yeux s’ouvrirent, ils Le reconnurent;7;6;Hebreux 13:8 | Jean 14:12 | Jean 14:9 | Jean 3:16 | Luc 17:27-28 | Malachie 4:0;
64-0416;VGR;Et lorsque leurs yeux s’ouvrirent, ils le reconnurent;7;6;Hebreux 13:8 | Jean 14:12 | Jean 14:9 | Jean 3:16 | Luc 17:27-28 | Malachie 4:0;
64-0417;SKN;Puis Jésus Vint Et Appela;6;5;Hebreux 6:0 | Jean 11:0 | Jean 3:16 | Jean 4:0 | Jean 5:19;
64-0417;VGR;Alors Jésus vint, et Il appela;6;5;Hebreux 6:0 | Jean 11:0 | Jean 3:16 | Jean 4:0 | Jean 5:19;
64-0418B;SKN;Un Paradoxe;4;4;Actes 4:0 | Josue 10:0 | Marc 11:22 | Marc 16:0;
64-0418B;VGR;Un paradoxe;4;4;Actes 4:0 | Josue 10:12 | Marc 11:22 | Marc 16:0;
64-0418E;SKN;Jésus Ne Manque A Aucun De Ses Rendez-Vous;1;1;Exode 19:0;
64-0419;SKN;Le Procès;13;6;Apocalypse 10:0 | Deuteronome 18:15 | Jean 14:12 | Luc 17:30 | Malachie 4:0 | Marc 16:0;
64-0419;VGR;Le procès;16;8;Apocalypse 10:0 | Apocalypse 10:7 | Deuteronome 18:15 | Hebreux 13:8 | Jean 14:12 | Luc 17:30 | Malachie 4:0 | Marc 16:0;
64-0427;SKN;Un Procès;29;15;Actes 2:38 | Deuteronome 18:15 | Ezechiel 2:1 | Hebreux 13:8 | Jacques 5:14 | Jean 14:5 | Jean 3:16 | Luc 17:0 | Luc 17:23 | Malachie 3:0 | Malachie 4:0 | Marc 11:0 | Marc 11:22 | Marc 16:0 | Marc 4:0;Jean 14:12 | Marc 16:0 | Marc 6:0
64-0427;VGR;Un procès;31;16;Actes 2:38 | Deuteronome 18:15 | Ezechiel 2:1 | Hebreux 13:8 | Jacques 5:14 | Jean 14:12 | Jean 14:5 | Jean 3:16 | Luc 17:0 | Luc 17:23 | Malachie 3:0 | Malachie 4:0 | Marc 11:0 | Marc 11:22 | Marc 16:0 | Marc 4:0;
64-0500;SKN;Lettre Audio A Lee Vayle;12;9;Apocalypse 3:0 | Hebreux 4:0 | Hebreux 4:12 | Luc 17:0 | Malachie 3:0 | Malachie 4:0 | Marc 11:23 | Matthieu 11:0 | Matthieu 11:9;
64-0531;SKN;Un Drôle de personnage;1;1;Matthieu 24:24;
64-0614E;SKN;Un Drôle de personnage;1;1;Matthieu 24:24;
64-0614E;VGR;Le drôle d’oiseau;1;1;Matthieu 24:24;
64-0614M;SKN;Dieu Dévoilé;29;21;1 Corinthiens 12:0 | 1 Timothee 3:16 | 2 Corinthiens 3:0 | Apocalypse 10:0 | Apocalypse 19:0 | Apocalypse 22:0 | Exode 19:0 | Genese 1:0 | Hebreux 13:8 | Hebreux 1:0 | Jean 12:20 | Jean 14:12 | Jean 1:0 | Joel 2:28 | Luc 17:28 | Luc 17:28-29 | Malachie 4:0 | Marc 16:0 | Matthieu 24:24 | Matthieu 28:0 | Philippiens 2:0;
64-0614M;VGR;Dieu dévoilé;25;18;Apocalypse 10:0 | Apocalypse 19:0 | Apocalypse 22:0 | Exode 19:0 | Genese 1:0 | Hebreux 13:8 | Hebreux 1:0 | Jean 12:20 | Jean 14:12 | Jean 1:0 | Joel 2:28 | Luc 17:28 | Luc 17:28-29 | Malachie 4:0 | Marc 16:0 | Matthieu 24:24 | Matthieu 28:0 | Philippiens 2:0;
64-0617;SKN;Le Christ identifié dans tous les âges;26;16;Apocalypse 22:0 | Deuteronome 18:0 | Deuteronome 18:15 | Hebreux 13:8 | Hebreux 4:0 | Hebreux 4:12 | Jean 10:35 | Jean 1:0 | Jean 4:0 | Jean 6:0 | Luc 17:0 | Malachie 1:0 | Malachie 3:0 | Malachie 3:6 | Marc 16:0 | Zacharie 14:6;Hebreux 13:8
64-0617;VGR;Le Christ identifié de tous les âges;27;17;Apocalypse 22:0 | Deuteronome 18:0 | Deuteronome 18:15 | Hebreux 13:8 | Hebreux 4:0 | Hebreux 4:12 | Jean 10:35 | Jean 1:0 | Jean 4:0 | Jean 6:0 | Luc 17:0 | Malachie 1:0 | Malachie 3:0 | Malachie 3:6 | Malachie 4:0 | Marc 16:0 | Zacharie 14:6;Hebreux 13:8
64-0618;SKN;La Présence de Dieu non reconnue;5;5;Deuteronome 18:15 | Jean 5:24 | Luc 17:0 | Malachie 3:0 | Matthieu 11:0;
64-0618;VGR;La Présence de Dieu qui n’est pas reconnue;5;5;Deuteronome 18:15 | Jean 5:24 | Luc 17:0 | Malachie 3:0 | Matthieu 11:0;
64-0619;SKN;Être Persévérant;2;2;Hebreux 4:12 | Malachie 4:0;
64-0619;VGR;Persévérer;2;2;Hebreux 4:12 | Malachie 4:0;
64-0620E;SKN;Dieu A Pourvu À Un Agneau;1;1;Deuteronome 18:15;
64-0620E;VGR;Dieu a pourvu d’un Agneau;2;2;Deuteronome 18:15 | Jean 14:12;
64-0621;SKN;Le Procès;24;7;Apocalypse 10:0 | Hebreux 13:8 | Hebreux 4:12 | Jacques 5:14 | Luc 17:30 | Malachie 4:0 | Marc 16:0;Marc 16:0
64-0629;SKN;Le Dieu Puissant Dévoilé Devant Nous;16;13;Actes 2:0 | Actes 4:0 | Deuteronome 18:15 | Ezechiel 2:3 | Genese 18:0 | Genese 1:0 | Hebreux 13:8 | Hebreux 1:0 | Jean 12:20 | Jean 1:0 | Joel 2:28 | Malachie 3:0 | Philippiens 2:0;
64-0629;VGR;Le Dieu Puissant dévoilé devant nous;17;13;Actes 2:0 | Actes 4:0 | Deuteronome 18:15 | Ezechiel 2:3 | Genese 18:0 | Genese 1:0 | Hebreux 13:8 | Hebreux 1:0 | Jean 12:20 | Jean 1:0 | Joel 2:28 | Malachie 3:0 | Philippiens 2:0;
64-0705;SKN;Le Chef-D’œuvre;13;10;Apocalypse 10:0 | Apocalypse 3:0 | Jean 12:0 | Jean 12:24 | Jean 14:0 | Luc 17:0 | Malachie 3:0 | Malachie 4:0 | Marc 9:7 | Matthieu 24:24;
64-0705;VGR;Le Chef-d’œuvre;14;10;Apocalypse 10:0 | Apocalypse 3:0 | Jean 12:0 | Jean 12:24 | Jean 14:0 | Luc 17:0 | Malachie 3:0 | Malachie 4:0 | Marc 9:7 | Matthieu 24:24;
64-0705X;SKN;Entretien Privé (Entretien Avec La Soeur Bruce);1;1;Jean 5:24;
64-0705X;VGR;Entretien privé;1;1;Jean 5:24;
64-0719E;SKN;Sortir du camp;5;5;Actes 19:0 | Hebreux 13:0 | Hebreux 13:10 | Hebreux 13:8 | Matthieu 17:4;
64-0719E;VGR;Sortir du camp;4;4;Actes 19:0 | Hebreux 13:10 | Hebreux 13:12 | Matthieu 17:4;
64-0719M;SKN;La Fête Des Trompettes;59;34;Actes 19:0 | Apocalypse 10:0 | Apocalypse 10:1 | Apocalypse 10:7 | Apocalypse 11:0 | Apocalypse 17:8 | Apocalypse 19:0 | Apocalypse 8:0 | Apocalypse 8:7 | Apocalypse 9:0 | Apocalypse 9:1 | Apocalypse 9:13 | Esaie 18:0 | Esaie 18:1 | Esaie 27:0 | Esaie 27:12 | Ezechiel 9:0 | Genese 1:0 | Hebreux 13:8 | Hebreux 1:0 | Hebreux 1:1 | Hebreux 4:0 | Hebreux 4:12 | Jean 5:24 | Levitique 12:0 | Levitique 16:0 | Levitique 23:0 | Levitique 23:26 | Luc 17:0 | Luc 17:30 | Luc 17:33 | Luc 22:0 | Malachie 3:0 | Malachie 4:0;
64-0719M;VGR;La fête des Trompettes;52;30;Actes 19:0 | Apocalypse 10:0 | Apocalypse 10:1 | Apocalypse 10:7 | Apocalypse 11:0 | Apocalypse 17:8 | Apocalypse 19:0 | Apocalypse 8:0 | Apocalypse 8:7 | Apocalypse 9:0 | Apocalypse 9:1 | Apocalypse 9:13 | Esaie 18:0 | Esaie 18:1 | Esaie 27:12 | Genese 1:0 | Hebreux 13:8 | Hebreux 1:0 | Hebreux 4:12 | Jean 5:24 | Levitique 12:0 | Levitique 16:0 | Levitique 23:0 | Levitique 23:26 | Luc 17:0 | Luc 17:30 | Luc 17:33 | Luc 22:0 | Malachie 3:0 | Malachie 4:0;
64-0726E;SKN;Des Citernes Crevassées;6;6;Jean 14:0 | Jean 3:16 | Jean 7:37 | Jeremie 2:0 | Jeremie 2:14 | Psaumes 36:9;
64-0726E;VGR;Des citernes crevassées;6;6;Jean 14:0 | Jean 3:16 | Jean 7:37 | Jeremie 2:0 | Jeremie 2:14 | Psaumes 36:9;
64-0726M;SKN;Reconnaître Votre Jour Et Son Message;9;6;2 Timothee 3:0 | Apocalypse 11:0 | Apocalypse 3:0 | Ezechiel 37:0 | Malachie 3:0 | Malachie 4:0;
64-0726M;VGR;Reconnaître votre jour et son Message;7;5;Apocalypse 11:0 | Apocalypse 3:0 | Ezechiel 37:0 | Malachie 3:0 | Malachie 4:0;
64-0802;SKN;La Demeure Future De L’Époux Céleste Et De L’Épouse Terrestre;30;24;2 Pierre 3:0 | Apocalypse 11:0 | Apocalypse 21:0 | Apocalypse 21:18 | Apocalypse 21:2 | Apocalypse 21:23 | Apocalypse 21:3 | Apocalypse 2:0 | Apocalypse 2:7 | Apocalypse 6:14 | Ephesiens 1:10 | Esaie 4:5 | Esaie 65:0 | Esaie 65:17 | Esaie 65:25 | Esaie 9:6 | Genese 1:1 | Hebreux 11:0 | Hebreux 4:0 | Jean 14:0 | Malachie 3:0 | Matthieu 19:28 | Matthieu 5:5 | Tite 3:5;
64-0802;VGR;La Demeure future de l’Époux Céleste et de l’Épouse terrestre;29;23;Apocalypse 11:0 | Apocalypse 21:0 | Apocalypse 21:18 | Apocalypse 21:2 | Apocalypse 21:23 | Apocalypse 21:3 | Apocalypse 2:0 | Apocalypse 2:7 | Apocalypse 6:14 | Ephesiens 1:10 | Esaie 4:5 | Esaie 65:0 | Esaie 65:17 | Esaie 65:25 | Esaie 9:6 | Genese 1:1 | Hebreux 11:0 | Hebreux 4:0 | Jean 14:0 | Malachie 3:0 | Matthieu 19:28 | Matthieu 5:5 | Tite 3:5;
64-0816;SKN;Confirmant Sa Parole;26;20;1 Thessaloniciens 5:21 | Apocalypse 17:8 | Apocalypse 22:0 | Esaie 9:6 | Hebreux 13:8 | Hebreux 4:12 | Hebreux 4:15 | Hebreux 6:0 | Jean 14:12 | Jean 1:0 | Jean 5:19 | Joel 2:28 | Luc 17:30 | Luc 24:49 | Malachie 3:0 | Malachie 4:0 | Marc 16:0 | Marc 4:0 | Marc 5:0 | Matthieu 24:24;
64-0816;VGR;Prouvant Sa Parole;22;17;Apocalypse 22:0 | Esaie 9:6 | Hebreux 13:8 | Hebreux 4:12 | Hebreux 4:15 | Hebreux 6:0 | Jean 14:12 | Jean 1:0 | Joel 2:28 | Luc 17:30 | Luc 24:49 | Malachie 3:0 | Malachie 4:0 | Marc 16:0 | Marc 4:0 | Marc 5:0 | Matthieu 24:24;
64-0823E;SKN;Questions Et Réponses N°2;9;9;Genese 6:0 | Hebreux 11:0 | Hebreux 7:0 | Jean 14:0 | Jean 14:26 | Matthieu 10:41 | Matthieu 12:0 | Matthieu 12:40 | Matthieu 24:0;
64-0823E;VGR;Questions et réponses #2;10;10;Genese 6:0 | Hebreux 11:0 | Hebreux 7:0 | Jean 14:0 | Jean 14:26 | Matthieu 10:41 | Matthieu 12:0 | Matthieu 12:40 | Matthieu 24:0 | Tite 1:0;
64-0823M;SKN;Questions Et Réponses N°1;15;14;1 Timothee 2:9 | Actes 10:47 | Actes 19:0 | Actes 22:16 | Apocalypse 20:4 | Galates 1:8 | Genese 6:4 | Jean 5:19 | Luc 21:36 | Marc 16:0 | Matthieu 24:19 | Matthieu 24:24 | Matthieu 24:26 | Matthieu 24:28;
64-0823M;VGR;Questions et réponses #1;15;14;Actes 10:47 | Actes 19:0 | Actes 22:16 | Apocalypse 20:4 | Galates 1:8 | Genese 6:4 | Jean 5:19 | Luc 21:36 | Marc 16:0 | Matthieu 24:19 | Matthieu 24:24 | Matthieu 24:26 | Matthieu 24:28 | Psaumes 23:0;
64-0830E;SKN;Questions Et Reponses N°4;20;14;2 Timothee 4:0 | Apocalypse 10:0 | Apocalypse 12:0 | Apocalypse 22:8 | Apocalypse 7:0 | Genese 6:3 | Job 14:0 | Job 14:21 | Malachie 3:0 | Malachie 4:0 | Marc 16:0 | Marc 16:18 | Matthieu 24:28 | Romains 7:14-18;
64-0830E;VGR;Questions et réponses #4;18;12;Apocalypse 10:0 | Apocalypse 22:8 | Apocalypse 7:0 | Genese 6:3 | Job 14:0 | Job 14:21 | Malachie 3:0 | Malachie 4:0 | Marc 16:0 | Marc 16:18 | Matthieu 24:28 | Romains 7:14-18;
64-0830M;SKN;Questions Et Réponses N°3;29;25;Actes 20:0 | Actes 9:0 | Apocalypse 11:0 | Apocalypse 11:3-12 | Apocalypse 11:4 | Apocalypse 13:0 | Apocalypse 1:0 | Apocalypse 20:0 | Apocalypse 20:27 | Apocalypse 20:7 | Ezechiel 9:0 | Habakuk 2:1 | Habakuk 2:14 | Hebreux 13:12 | Jean 14:0 | Jean 14:12 | Jean 17:17 | Jean 5:24 | Marc 13:27 | Marc 16:0 | Matthieu 10:0 | Zacharie 4:0 | Zacharie 4:121 | apocalypse 20:12 | zacharie 4:12;
64-0830M;VGR;Questions et réponses #3;26;22;Actes 20:0 | Actes 9:0 | Apocalypse 11:0 | Apocalypse 11:3-12 | Apocalypse 11:4 | Apocalypse 13:0 | Apocalypse 1:0 | Apocalypse 20:0 | Apocalypse 20:27 | Apocalypse 20:7 | Ezechiel 9:0 | Hebreux 13:12 | Jean 14:0 | Jean 14:12 | Jean 17:17 | Jean 5:24 | Marc 13:27 | Marc 16:0 | Matthieu 10:0 | Zacharie 4:0 | Zacharie 4:12-14 | apocalypse 20:5;
64-1205;SKN;Le Chef-d'oeuvre identifie de Dieu;5;5;Actes 2:0 | Apocalypse 22:0 | Genese 22:0 | Marc 16:0 | Marc 9:7;
64-1205;VGR;Le chef-d’œuvre de Dieu identifié;4;4;Actes 2:0 | Genese 22:0 | Marc 16:0 | Marc 9:7;
64-1212;SKN;Le Temps de la moisson;17;13;Actes 10:49 | Apocalypse 17:0 | Apocalypse 1:0 | Apocalypse 22:18 | Hebreux 13:8 | Jean 14:12 | Jean 1:0 | Jean 6:48 | Luc 17:20 | Malachie 4:0 | Matthieu 24:24 | Romains 8:0 | actes 10:44;
64-1221;SKN;Pourquoi Il Fallait Que Ça Soit Les Bergers;9;9;Esaie 53:6 | Jean 10:0 | Jean 14:12 | Job 38:7 | Joel 2:28 | Luc 1:52 | Matthieu 24:24 | Matthieu 5:0 | Zacharie 14:7;
64-1221;VGR;Pourquoi un Berger;9;9;Esaie 53:6 | Jean 10:0 | Jean 14:12 | Job 38:7 | Joel 2:28 | Luc 1:52 | Matthieu 24:24 | Matthieu 5:0 | Zacharie 14:7;
64-1227;SKN;Qui Dites-Vous Que C’est?;2;2;Hebreux 13:8 | Jean 6:0;
64-1227;VGR;Qui dites-vous que C’est?;2;2;Hebreux 13:8 | Jean 6:0;
65-0117;SKN;Un Paradoxe;16;11;Apocalypse 10:0 | Apocalypse 22:18 | Apocalypse 6:0 | Exode 19:0 | Hebreux 11:3 | Hebreux 13:8 | Jean 14:12 | Jean 6:0 | Josue 10:12-14 | Luc 22:17 | Marc 11:22;
65-0118;SKN;La Semence De Discorde;8;6;Apocalypse 22:18 | Genese 1:0 | Jean 14:12 | Jean 1:0 | Luc 22:0 | Matthieu 24:24;Matthieu 13:0 | Matthieu 24:24
65-0118;VGR;La semence de discorde;8;6;Apocalypse 22:18 | Genese 1:0 | Jean 14:12 | Jean 1:0 | Luc 22:0 | Matthieu 24:24;Matthieu 13:0 | Matthieu 24:24
65-0119;SKN;Le Dieu Qui Est Riche En Miséricorde;6;4;Apocalypse 22:18 | Exode 19:4 | Luc 17:30 | Malachie 4:0;
65-0119;VGR;Le Dieu qui est riche en miséricorde;6;4;Apocalypse 22:18 | Exode 19:4 | Luc 17:30 | Malachie 4:0;
65-0120;SKN;Ne T'Appuie Pas Sur Ton Intelligence;6;6;Galates 1:8 | Jean 10:0 | Luc 17:30 | Proverbes 2:0 | Proverbes 3:0 | Proverbes 3:1;
65-0120;VGR;Ne t’appuie pas sur ton intelligence;6;6;Galates 1:8 | Jean 10:0 | Luc 17:30 | Proverbes 2:0 | Proverbes 3:0 | Proverbes 3:1;
65-0123;SKN;Des Citernes Crevassées;11;10;Actes 2:0 | Apocalypse 22:18 | Genese 17:0 | Hebreux 13:0 | Hebreux 13:8 | Jean 3:16 | Jean 7:37-38 | Job 7:20 | Psaumes 36:9 | Zacharie 13:0;
65-0123;VGR;Des citernes crevassées;10;9;Actes 2:0 | Apocalypse 22:18 | Genese 17:0 | Hebreux 13:0 | Hebreux 13:8 | Jean 3:16 | Jean 7:37-38 | Psaumes 36:9 | Zacharie 13:0;
65-0124;SKN;Les Douleurs De L'Enfantement;14;11;Actes 2:4 | Apocalypse 21:0 | Jean 16:0 | Jean 16:21 | Jean 3:16 | Jean 5:7 | Malachie 3:0 | Malachie 3:1 | Malachie 4:0 | Matthieu 24:0 | Matthieu 24:24;
65-0124;VGR;Les douleurs de l’enfantement;11;10;Apocalypse 21:0 | Jean 16:0 | Jean 16:21 | Jean 3:16 | Jean 5:7 | Malachie 3:0 | Malachie 3:1 | Malachie 4:0 | Matthieu 24:0 | Matthieu 24:24;
65-0125;SKN;Aujourd'hui Cette Écriture Est Accomplie;5;5;Esaie 61:0 | Esaie 61:1 | Jean 16:21 | Luc 17:30 | Matthieu 3:0;
65-0125;VGR;Aujourd’hui cette Écriture est accomplie;3;3;Esaie 61:0 | Luc 17:30 | Matthieu 3:0;
65-0206;SKN;Les Portes dans la porte;1;1;Apocalypse 22:18;
65-0206;VGR;Des portes à l’intérieur de la porte;1;1;Apocalypse 22:18;
65-0217;SKN;Un Homme Qui Fuit Loin De La Présence De Dieu;5;5;Apocalypse 22:0 | Jean 14:12 | Luc 17:30 | Malachie 4:0 | Psaumes 22:0;
65-0217;VGR;Un homme qui fuit la face de l’Éternel;5;5;Apocalypse 22:0 | Jean 14:12 | Luc 17:30 | Malachie 4:0 | Psaumes 22:0;
65-0218;SKN;La Semence N'hérite Pas Avec La Balle;14;12;Apocalypse 10:0 | Galates 4:27 | Hebreux 13:8 | Jean 14:12 | Jean 5:24 | Jean 5:7 | Luc 17:30 | Malachie 4:0 | Matthieu 24:24 | Romains 5:24 | Romains 8:0 | romains 5:11;
65-0218;VGR;La Semence n’hérite pas avec la balle;13;10;Apocalypse 10:0 | Galates 4:27 | Hebreux 13:8 | Jean 14:12 | Jean 5:24 | Jean 5:7 | Luc 17:30 | Malachie 4:0 | Matthieu 24:24 | Romains 8:1;
65-0219;SKN;Aujourd'hui Cette Ecriture Est Accomplie;19;17;Actes 2:38 | Apocalypse 10:0 | Apocalypse 3:0 | Daniel 12:4 | Esaie 40:0 | Esaie 61:0 | Esaie 61:1-2 | Genese 1:0 | Genese 23:0 | Hebreux 13:8 | Jean 16:0 | Jean 5:19 | Joel 2:38 | Luc 17:30 | Malachie 4:0 | Matthieu 24:0 | actes 2:38;
65-0219;VGR;Aujourd’hui cette Écriture est accomplie;17;16;Actes 2:38 | Apocalypse 10:0 | Apocalypse 3:0 | Daniel 12:4 | Esaie 40:0 | Esaie 61:0 | Esaie 61:1 | Genese 1:0 | Hebreux 13:8 | Jean 16:0 | Jean 5:19 | Joel 2:38 | Luc 17:30 | Malachie 4:0 | Matthieu 24:0 | actes 2:38;
65-0220;SKN;Le Lieu D'Adoration Que Dieu A Choisi;12;11;Apocalypse 4:7 | Deuteronome 16:0 | Deuteronome 16:1 | Exode 12:0 | Exode 12:3-6 | Hebreux 13:8 | Luc 17:30 | Malachie 3:0 | Malachie 4:0 | Marc 16:0 | Romains 8:1;
65-0220;VGR;Le lieu d’adoration que Dieu a choisi;12;11;Apocalypse 4:7 | Deuteronome 16:0 | Deuteronome 16:1 | Exode 12:0 | Exode 12:3 | Hebreux 13:8 | Luc 17:30 | Malachie 3:0 | Malachie 4:0 | Marc 16:0 | Romains 8:1;
65-0221E;SKN;Qui Est Ce Melchisédek?;16;12;Apocalypse 10:1-7 | Apocalypse 21:16 | Exode 33:2 | Genese 14:18 | Genese 18:0 | Genese 1:0 | Hebreux 13:8 | Hebreux 7:1-3 | Hebreux 7:2 | Jean 4:0 | Malachie 4:0 | Romains 8:1;
65-0221E;VGR;Qui est ce Melchisédek?;15;11;Apocalypse 10:1-7 | Apocalypse 21:16 | Exode 33:2 | Genese 18:0 | Genese 1:0 | Hebreux 13:8 | Hebreux 7:2 | Jean 4:0 | Malachie 3:1 | Malachie 4:0 | Romains 8:1;
65-0221M;SKN;Le Mariage Et Le Divorce;18;15;Actes 2:38 | Apocalypse 10:0 | Esaie 53:0 | Ezechiel 44:22 | Genese 3:0 | Genese 3:16 | Job 14:0 | Levitique 21:7 | Luc 17:0 | Matthieu 16:18 | Matthieu 28:19 | Matthieu 5:0 | Matthieu 5:32 | Romains 9:0 | Romains 9:14;
65-0221M;VGR;Le mariage et le divorce;18;15;Actes 2:38 | Apocalypse 10:0 | Esaie 53:0 | Ezechiel 44:22 | Genese 3:0 | Genese 3:16 | Job 14:0 | Levitique 21:7 | Luc 17:0 | Matthieu 16:18 | Matthieu 28:19 | Matthieu 5:0 | Matthieu 5:32 | Romains 9:0 | Romains 9:14;
65-0410;SKN;Le Sceau De Pâques;13;11;1 Thessaloniciens 4:16 | Apocalypse 1:17-18 | Galates 1:8 | Hebreux 13:8 | Jean 14:12 | Jean 1:0 | Jean 5:24 | Matthieu 27:0 | Matthieu 27:51 | Matthieu 28:1-10 | Romains 8:11;
65-0410;VGR;Le Sceau de Pâques;16;13;Apocalypse 1:17 | Apocalypse 1:17-18 | Galates 1:8 | Hebreux 13:8 | Jean 14:0 | Jean 14:12 | Jean 1:0 | Jean 5:24 | Matthieu 27:51 | Matthieu 28:1 | Matthieu 28:1-10 | Romains 8:0 | Romains 8:11;
65-0418E;SKN;Dieu Change-t-il De Pensée Au Sujet De Sa Parole?;4;4;Ephesiens 4:30 | Luc 17:30 | Matthieu 28:19 | Nombres 22:0;
65-0418E;VGR;Arrive-t-il à Dieu de changer d'avis à propos de Sa Parole?;4;4;Ephesiens 4:30 | Luc 17:30 | Matthieu 28:19 | Nombres 22:31;
65-0418M;SKN;C'est Le Lever Du Soleil (La Puissance Vivifiante);24;16;Actes 10:49 | Actes 19:0 | Apocalypse 1:0 | Apocalypse 1:18 | Hebreux 13:8 | Jean 14:12 | Jean 5:24 | Luc 17:30 | Malachie 4:0 | Marc 16:0 | Marc 16:1 | Matthieu 27:51 | Matthieu 28:18-19 | Romains 8:1 | Romains 8:11 | actes 10:44;
65-0418M;VGR;C’est le lever du soleil;22;13;Actes 10:49 | Actes 19:0 | Apocalypse 1:18 | Hebreux 13:8 | Jean 14:12 | Jean 5:24 | Luc 17:30 | Malachie 4:0 | Marc 16:1 | Matthieu 27:51 | Romains 8:1 | Romains 8:11 | actes 10:44;Apocalypse 1:0
65-0425;VGR;Le lieu d’adoration que Dieu a donné;16;15;Deuteronome 16:0 | Ephesiens 1:21 | Ephesiens 4:30 | Hebreux 13:8 | Jean 14:12 | Jean 1:0 | Jean 4:0 | Jean 5:43 | Malachie 4:0 | Marc 16:0 | Matthieu 1:23 | Matthieu 27:0 | Romains 11:0 | Romains 8:1 | Romains 8:11;
65-0425;SKN;Le Lieu D'adoration Auquel Dieu A Pourvu;14;13;Ephesiens 1:21 | Ephesiens 4:30 | Hebreux 13:8 | Jean 14:12 | Jean 5:43 | Luc 17:30 | Malachie 4:0 | Marc 16:0 | Matthieu 1:23 | Matthieu 27:0 | Romains 11:0 | Romains 8:1 | Romains 8:11;
65-0426;SKN;Dieu Confirmant Sa Parole;11;8;Hebreux 12:0 | Hebreux 13:8 | Hebreux 4:12 | Jean 3:16 | Malachie 3:0 | Malachie 4:0 | Marc 11:22 | Matthieu 11:0;
65-0426;VGR;Prouvant Sa Parole;13;10;Hebreux 13:8 | Hebreux 4:12 | Jean 14:12 | Jean 3:16 | Luc 17:30 | Malachie 3:0 | Malachie 4:0 | Marc 11:22 | Matthieu 11:0 | Matthieu 28:0;
65-0427;SKN;Dieu change-t-il sa pensée au sujet de sa parole ?;6;6;Apocalypse 17:0 | Apocalypse 22:0 | Jean 14:12 | Jean 4:0 | Malachie 4:0 | Marc 16:0;
65-0427;VGR;Dieu change-t-Il d’avis?;6;6;Apocalypse 17:0 | Apocalypse 22:0 | Jean 14:12 | Jean 4:0 | Malachie 4:0 | Marc 16:0;
65-0429B;SKN;La Semence n'hérite pas avec la balle;11;10;Apocalypse 17:0 | Esaie 9:6 | Galates 4:27 | Galates 4:27-31 | Genese 2:0 | Jean 1:0 | Jean 5:24 | Luc 17:30 | Malachie 4:0 | Matthieu 1:18;
65-0429B;VGR;La semence n’héritera pas avec la balle;11;10;Apocalypse 17:0 | Esaie 9:6 | Galates 4:27 | Galates 4:27-31 | Genese 2:0 | Jean 1:0 | Jean 5:24 | Luc 17:30 | Malachie 4:0 | Matthieu 1:18;
65-0429E;SKN;Le Choix D'Une Épouse;4;4;Apocalypse 17:0 | Apocalypse 3:0 | Esaie 53:2 | Hebreux 13:8;
65-0429E;VGR;Le choix d’une Épouse;2;2;Esaie 53:2 | Hebreux 13:8;
65-0711;SKN;Honteux de Lui;4;4;Actes 2:38 | Genese 24:7 | Luc 24:49 | Marc 16:0;
65-0711;VGR;Honteux;4;4;Actes 2:38 | Genese 24:7 | Luc 24:49 | Marc 16:0;
65-0718E;VGR;La Nourriture spirituelle au temps convenable;7;7;Amos 3:7 | Jean 14:12 | Jean 1:0 | Joel 2:38 | Luc 17:30 | Malachie 4:0 | actes 2:38;
65-0718E;SKN;La Nourriture Spirituelle Au Temps Convenable;7;6;Jean 14:12 | Jean 1:0 | Joel 2:38 | Luc 17:30 | Malachie 4:0 | actes 2:38;
65-0718M;SKN;Rendre Un Service À Dieu En Dehors De Sa Volonté;18;10;1 Chroniques 13:0 | Actes 20:24 | Amos 3:7 | Apocalypse 10:0 | Deuteronome 4:0 | Joel 2:28 | Luc 17:30 | Luc 7:7 | Malachie 4:0 | Marc 7:7;
65-0718M;VGR;Essayer de rendre un service à Dieu sans que cela soit la volonté de Dieu;14;8;Amos 3:7 | Apocalypse 10:0 | Deuteronome 4:0 | Joel 2:28 | Luc 17:30 | Luc 7:7 | Malachie 4:0 | Marc 7:7;
65-0725E;SKN;Quelle Est L’attraction Sur La Montagne?;20;16;Apocalypse 10:1 | Apocalypse 16:9 | Apocalypse 1:0 | Esaie 29:6 | Esaie 40:0 | Jean 14:0 | Jean 14:12 | Luc 17:22 | Luc 17:30 | Malachie 3:0 | Malachie 4:0 | Matthieu 21:1-11 | Matthieu 24:24 | Psaumes 22:0 | Zacharie 14:0 | Zacharie 9:0;
65-0725E;VGR;Quelle est l’attraction sur la montagne?;15;12;Apocalypse 1:0 | Esaie 40:0 | Jean 14:0 | Jean 14:12 | Luc 17:22 | Luc 17:30 | Malachie 3:0 | Malachie 4:0 | Matthieu 21:1 | Psaumes 22:0 | Zacharie 14:0 | Zacharie 9:0;
65-0725M;SKN;Les Oints Du Temps De La Fin;43;18;Actes 19:0 | Apocalypse 10:0 | Apocalypse 10:1 | Apocalypse 10:7 | Apocalypse 16:13 | Ephesiens 5:1 | Hebreux 6:0 | Hebreux 6:4 | Jean 14:12 | Jean 5:39 | Luc 17:30 | Luc 18:0 | Malachie 4:0 | Matthieu 24:0 | Matthieu 24:24 | Matthieu 24:28 | Matthieu 5:24 | Matthieu 7:21;
65-0725M;VGR;Les oints du temps de la fin;38;15;Apocalypse 10:0 | Apocalypse 10:1 | Apocalypse 10:7 | Apocalypse 16:13 | Ephesiens 5:1 | Hebreux 6:0 | Jean 14:12 | Luc 17:30 | Luc 18:0 | Malachie 4:0 | Matthieu 24:0 | Matthieu 24:24 | Matthieu 24:28 | Matthieu 5:24 | Matthieu 7:21;
65-0801E;SKN;Les Événements Rendus Clairs Par La Prophétie;30;24;Apocalypse 10:0 | Apocalypse 1:1 | Esaie 40:3 | Esaie 50:6 | Esaie 53:12 | Esaie 53:7 | Esaie 53:9 | Esaie 9:6 | Genese 22:0 | Hebreux 13:8 | Hebreux 1:1 | Jean 15:0 | Luc 17:0 | Malachie 3:0 | Malachie 4:0 | Psaumes 16:10 | Psaumes 22:0 | Psaumes 22:18 | Psaumes 22:7 | Psaumes 35:11 | Psaumes 41:9 | Romains 8:0 | Zacharie 11:12 | Zacharie 13:7;
65-0801E;VGR;Les événements rendus clairs par la prophétie;29;23;Apocalypse 1:1 | Esaie 40:3 | Esaie 50:6 | Esaie 53:12 | Esaie 53:7 | Esaie 53:9 | Esaie 9:6 | Genese 22:0 | Hebreux 13:8 | Hebreux 1:1 | Jean 15:0 | Luc 17:0 | Malachie 3:0 | Malachie 4:0 | Psaumes 16:10 | Psaumes 22:0 | Psaumes 22:18 | Psaumes 22:7 | Psaumes 35:11 | Psaumes 41:9 | Romains 8:0 | Zacharie 11:12 | Zacharie 13:7;
65-0801M;SKN;Le Dieu De Cet Âge Mauvais;28;24;Actes 10:49 | Apocalypse 13:4 | Apocalypse 13:6 | Apocalypse 18:0 | Apocalypse 18:1 | Apocalypse 3:14 | Ephesiens 2:0 | Ephesiens 2:1 | Ephesiens 4:30 | Esaie 14:0 | Esaie 14:12 | Galates 1:1-4 | Hebreux 13:8 | Hebreux 7:0 | Jean 14:12 | Jean 1:0 | Jean 3:10 | Luc 17:30 | Malachie 4:0 | Matthieu 24:0 | Matthieu 27:15-23 | Matthieu 5:28 | Proverbes 3:5 | actes 10:44;
65-0801M;VGR;Le dieu de cet âge mauvais;31;27;Actes 10:49 | Apocalypse 13:4 | Apocalypse 13:6 | Apocalypse 18:0 | Apocalypse 18:1 | Apocalypse 3:14 | Ephesiens 2:0 | Ephesiens 2:1 | Ephesiens 2:2 | Ephesiens 4:30 | Esaie 14:0 | Esaie 14:12 | Galates 1:1 | Hebreux 13:8 | Hebreux 7:0 | Jean 14:12 | Jean 1:0 | Jean 3:10 | Jean 4:5 | Luc 17:30 | Malachie 4:0 | Matthieu 24:0 | Matthieu 24:24 | Matthieu 27:15 | Matthieu 5:28 | Proverbes 3:5 | actes 10:44;
65-0815;SKN;Et Tu Ne Le Sais Pas;2;2;Apocalypse 3:0 | Colossiens 1:15;
65-0815;VGR;Et tu ne le sais pas;2;2;Apocalypse 3:0 | Colossiens 1:15;
65-0822E;SKN;Le Filtre D'un Homme Qui Réfléchit;6;6;Apocalypse 1:0 | Ephesiens 5:26 | Exode 19:0 | Malachie 4:0 | Matthieu 24:24 | Nombres 19:9;
65-0822E;VGR;Le Filtre d’un homme qui réfléchit;8;6;Apocalypse 1:0 | Ephesiens 5:26 | Exode 19:0 | Malachie 4:0 | Matthieu 24:24 | Nombres 19:9;
65-0822M;SKN;Christ Est Révélé Dans Sa Propre Parole;26;16;Apocalypse 10:1 | Apocalypse 1:1 | Apocalypse 22:18 | Esaie 53:1 | Esaie 53:5 | Galates 1:8 | Hebreux 13:8 | Hebreux 1:1 | Hebreux 4:12 | Jean 14:12 | Jean 15:24 | Jean 1:1 | Jean 1:14 | Jeremie 1:6 | Luc 17:30 | Malachie 4:0;
65-0822M;VGR;Christ est révélé dans Sa propre Parole;25;15;Apocalypse 10:1 | Apocalypse 1:1 | Apocalypse 22:18 | Esaie 53:1 | Esaie 53:5 | Galates 1:8 | Hebreux 1:1 | Hebreux 4:12 | Jean 14:12 | Jean 15:24 | Jean 1:1 | Jean 1:14 | Jeremie 1:6 | Luc 17:30 | Malachie 4:0;
65-0829;SKN;L'Eden De Satan;9;7;Apocalypse 21:0 | Apocalypse 3:0 | Esaie 14:0 | Malachie 4:0 | Marc 16:0 | Matthieu 24:0 | Matthieu 24:24;Apocalypse 14:0 | Apocalypse 3:14
65-0829;VGR;L’Éden de Satan;8;8;Apocalypse 21:0 | Apocalypse 3:0 | Apocalypse 3:14 | Esaie 14:0 | Malachie 4:0 | Marc 16:0 | Matthieu 24:0 | Matthieu 24:24;
65-0911;SKN;La Puissance de Dieu pour la transformation;20;16;Apocalypse 10:0 | Apocalypse 3:0 | Ephesiens 1:5 | Ephesiens 5:26 | Esaie 14:0 | Esaie 14:12 | Esaie 9:6 | Genese 1:0 | Genese 4:0 | Genese 4:6 | Hebreux 10:26 | Jean 1:0 | Jean 4:0 | Matthieu 24:24 | Psaumes 14:1 | Psaumes 16:10;
65-0911;VGR;La puissance de Dieu pour transformer;22;16;Apocalypse 10:0 | Apocalypse 3:0 | Ephesiens 1:5 | Ephesiens 5:26 | Esaie 14:0 | Esaie 14:12 | Esaie 9:6 | Genese 1:0 | Genese 4:0 | Genese 4:6 | Hebreux 10:26 | Jean 1:0 | Jean 4:0 | Matthieu 24:24 | Psaumes 14:1 | Psaumes 16:10;
65-0919;SKN;La Soif;13;10;Apocalypse 22:19 | Hebreux 13:8 | Jean 4:0 | Jean 6:33 | Marc 16:0 | Matthieu 24:24 | Matthieu 5:0 | Psaumes 42:0 | Psaumes 42:7 | Romains 7:21;
65-0919;VGR;Soif;13;10;Apocalypse 22:19 | Hebreux 13:8 | Jean 4:0 | Jean 6:33 | Marc 16:0 | Matthieu 24:24 | Matthieu 5:0 | Psaumes 42:0 | Psaumes 42:7 | Romains 7:21;
65-1031M;SKN;La Puissance De Transformation;17;11;Apocalypse 3:0 | Ephesiens 1:5 | Ephesiens 5:26 | Esaie 14:12 | Esaie 9:6 | Genese 1:0 | Genese 4:0 | Genese 4:6 | Hebreux 10:26 | Matthieu 24:24 | Psaumes 14:1;
65-1031M;VGR;La puissance de transformation;17;11;Apocalypse 3:0 | Ephesiens 1:5 | Ephesiens 5:26 | Esaie 14:12 | Esaie 9:6 | Genese 1:0 | Genese 4:0 | Genese 4:6 | Hebreux 10:26 | Matthieu 24:24 | Psaumes 14:1;
65-1125;SKN;L'Union Invisible De L'Epouse De Christ;22;16;1 Jean 2:15 | Actes 2:38 | Apocalypse 10:0 | Apocalypse 17:0 | Apocalypse 3:0 | Genese 4:16 | Jean 14:12 | Joel 2:38 | Luc 17:30 | Luc 23:27 | Malachie 4:0 | Marc 16:0 | Matthieu 24:24 | Romains 5:1 | Romains 7:0 | joel 2:26;
65-1125;VGR;L’union invisible de l’Épouse de Christ;23;16;Actes 2:38 | Apocalypse 10:0 | Apocalypse 17:0 | Daniel 5:12 | Genese 4:16 | Jean 14:12 | Jean 2:15 | Joel 2:38 | Luc 17:30 | Luc 23:27 | Malachie 4:0 | Marc 16:0 | Matthieu 24:24 | Romains 5:1 | Romains 7:0 | actes 2:38;
65-1126;SKN;Les Oeuvres Sont L'expression De La Foi;17;15;Actes 2:17 | Amos 3:7 | Apocalypse 10:0 | Apocalypse 10:7 | Ephesiens 1:1-5 | Genese 1:0 | Genese 22:1 | Genese 2:0 | Jean 1:26 | Jean 6:44-46 | Joel 2:28 | Luc 17:30 | Malachie 4:0 | Romains 4:0 | Romains 8:28-34;
65-1126;VGR;Les œuvres sont la foi exprimée;14;13;Actes 2:17 | Amos 3:7 | Apocalypse 10:0 | Ephesiens 1:1-5 | Genese 1:0 | Genese 22:1-9 | Genese 2:0 | Jean 1:26 | Jean 6:44 | Luc 17:30 | Malachie 4:0 | Romains 4:0 | Romains 8:28-34;
65-1127B;SKN;Essayer De Rendre Un Service À Dieu, Sans Que Ce Soit La Volonté De Dieu;18;15;1 Corinthiens 13:0 | Amos 3:7 | Apocalypse 10:0 | Apocalypse 1:0 | Deuteronome 4:0 | Deuteronome 4:4 | Jean 15:0 | Joel 2:28 | Luc 17:30 | Malachie 3:0 | Malachie 4:0 | Marc 7:7 | Matthieu 11:0 | Psaumes 22:0 | Romains 8:0;
65-1127B;VGR;Essayer de rendre un service à Dieu, sans que ce soit la volonté de Dieu;18;15;Amos 3:7 | Apocalypse 10:0 | Apocalypse 1:0 | Deuteronome 4:0 | Deuteronome 4:4 | Jean 15:0 | Joel 2:38 | Luc 17:30 | Malachie 3:0 | Malachie 4:0 | Marc 7:7 | Matthieu 11:0 | Psaumes 22:0 | Romains 8:0 | actes 2:38;
65-1127E;SKN;J'ai Entendu, Mais Maintenant Je Vois;14;11;Amos 3:7 | Apocalypse 10:0 | Apocalypse 1:0 | Esther 9:0 | Genese 17:0 | Job 14:0 | Luc 17:30 | Malachie 4:0 | Marc 11:0 | Marc 11:23 | Marc 14:0;
65-1127E;VGR;J’avais entendu, mais maintenant j’ai vu;15;11;Amos 3:7 | Apocalypse 10:0 | Apocalypse 1:0 | Esaie 53:5 | Genese 17:0 | Job 14:0 | Luc 17:30 | Malachie 4:0 | Marc 11:0 | Marc 11:23 | Marc 14:0;
65-1128E;SKN;Sur Les Ailes D'une Colombe Blanche Comme La Neige;10;8;Esaie 53:0 | Genese 15:9 | Genese 8:8 | Levitique 12:0 | Matthieu 3:0 | Matthieu 3:16 | Psaumes 53:0 | Psaumes 55:0;
65-1128E;VGR;Sur les ailes d’une colombe blanche comme la neige;10;8;Esaie 53:0 | Genese 15:9 | Genese 8:8 | Levitique 12:0 | Matthieu 3:0 | Matthieu 3:16 | Psaumes 53:0 | Psaumes 55:0;
65-1128M;SKN;Le Seul Lieu D'Adoration Auquel Dieu A Pourvu;9;8;Ecclesiaste 12:0 | Ephesiens 1:21 | Ephesiens 4:30 | Jean 10:0 | Jean 1:0 | Jean 5:43 | Matthieu 1:23 | Romains 8:1;
65-1128M;VGR;Le seul lieu d’adoration que Dieu a donné;9;8;Ecclesiaste 12:0 | Ephesiens 1:21 | Ephesiens 4:30 | Jean 10:0 | Jean 1:0 | Jean 5:43 | Matthieu 1:23 | Romains 8:1;
65-1204;SKN;L'Enlèvement;23;19;Amos 3:7 | Apocalypse 10:0 | Apocalypse 10:7 | Apocalypse 11:11 | Apocalypse 3:0 | Genese 1:0 | Genese 4:0 | Jean 11:38-44 | Jean 15:0 | Jean 5:7 | Luc 17:0 | Malachie 4:0 | Matthieu 16:17 | Matthieu 18:16 | Matthieu 24:22-24 | Matthieu 27:51 | Psaumes 22:0 | Psaumes 25:0 | Psaumes 27:0;
65-1204;VGR;L’Enlèvement;24;19;Amos 3:7 | Apocalypse 10:0 | Apocalypse 10:7 | Apocalypse 3:0 | Genese 1:0 | Genese 4:0 | Jean 11:38-44 | Jean 12:24 | Jean 15:0 | Jean 5:7 | Luc 17:0 | Malachie 4:0 | Matthieu 16:17 | Matthieu 18:16 | Matthieu 24:22 | Matthieu 27:51 | Psaumes 22:0 | Psaumes 25:0 | Psaumes 27:0;
65-1205;SKN;Les Choses Qui Doivent Arriver;7;6;Apocalypse 22:0 | Genese 4:0 | Hebreux 13:8 | Jean 14:1 | Jean 17:0 | Matthieu 20:0;
65-1205;VGR;Les choses qui sont à venir;7;6;Apocalypse 22:0 | Genese 4:0 | Hebreux 13:8 | Jean 14:0 | Jean 17:0 | Jean 1:0;
65-1206;SKN;Les Evénements modernes rendus clairs par la prophétie;45;33;Amos 3:7 | Apocalypse 10:7 | Apocalypse 2:0 | Apocalypse 3:0 | Deuteronome 18:15 | Esaie 35:7 | Esaie 40:3 | Esaie 50:6 | Esaie 53:12 | Esaie 53:9 | Esaie 7:14 | Esaie 9:6 | Genese 22:0 | Hebreux 13:8 | Hebreux 1:1 | Jean 1:0 | Jean 1:1 | Luc 17:0 | Luc 17:30 | Malachie 3:0 | Malachie 4:0 | Matthieu 11:0 | Matthieu 24:24 | Psaumes 16:10 | Psaumes 22:0 | Psaumes 22:18 | Psaumes 22:7 | Psaumes 35:11 | Psaumes 41:9 | Zacharie 11:12 | Zacharie 12:0 | Zacharie 13:7 | Zacharie 14:7;
65-1206;VGR;Les événements modernes sont rendus clairs par la prophétie;45;33;Amos 3:7 | Apocalypse 10:7 | Apocalypse 3:0 | Deuteronome 18:15 | Esaie 35:7 | Esaie 40:3 | Esaie 50:6 | Esaie 53:12 | Esaie 53:9 | Esaie 7:14 | Esaie 9:6 | Genese 22:0 | Hebreux 13:8 | Hebreux 1:1 | Jean 1:0 | Jean 1:1 | Luc 17:0 | Luc 17:30 | Malachie 3:0 | Malachie 4:0 | Matthieu 11:0 | Matthieu 24:24 | Psaumes 16:10 | Psaumes 22:0 | Psaumes 22:18 | Psaumes 22:7 | Psaumes 23:0 | Psaumes 35:11 | Psaumes 41:9 | Zacharie 11:12 | Zacharie 12:0 | Zacharie 13:7 | Zacharie 14:7;
65-1207;SKN;Être conduit;6;6;Apocalypse 22:0 | Ezechiel 9:0 | Hebreux 11:23 | Hebreux 13:8 | Malachie 4:0 | Matthieu 24:24;
65-1207;VGR;Être conduit;6;6;Apocalypse 22:0 | Ezechiel 9:0 | Hebreux 11:23 | Hebreux 13:8 | Malachie 4:0 | Matthieu 24:24;
65-1212;SKN;La Communion;6;4;Esaie 28:0 | Esaie 35:0 | Esaie 60:0 | Galates 1:8;
65-1212;VGR;La communion;6;4;Esaie 28:0 | Esaie 35:0 | Esaie 60:0 | Galates 1:8;
